timestamp,freq_mhz,span_khz,ref_level_dbm,dbm_0,dbm_1,dbm_2,dbm_3,dbm_4,dbm_5,dbm_6,dbm_7,dbm_8,dbm_9,dbm_10,dbm_11,dbm_12,dbm_13,dbm_14,dbm_15,dbm_16,dbm_17,dbm_18,dbm_19,dbm_20,dbm_21,dbm_22,dbm_23,dbm_24,dbm_25,dbm_26,dbm_27,dbm_28,dbm_29,dbm_30,dbm_31,dbm_32,dbm_33,dbm_34,dbm_35,dbm_36,dbm_37,dbm_38,dbm_39,dbm_40,dbm_41,dbm_42,dbm_43,dbm_44,dbm_45,dbm_46,dbm_47,dbm_48,dbm_49,dbm_50,dbm_51,dbm_52,dbm_53,dbm_54,dbm_55,dbm_56,dbm_57,dbm_58,dbm_59,dbm_60,dbm_61,dbm_62,dbm_63,dbm_64,dbm_65,dbm_66,dbm_67,dbm_68,dbm_69,dbm_70,dbm_71,dbm_72,dbm_73,dbm_74,dbm_75,dbm_76,dbm_77,dbm_78,dbm_79,dbm_80,dbm_81,dbm_82,dbm_83,dbm_84,dbm_85,dbm_86,dbm_87,dbm_88,dbm_89,dbm_90,dbm_91,dbm_92,dbm_93,dbm_94,dbm_95,dbm_96,dbm_97,dbm_98,dbm_99,dbm_100,dbm_101,dbm_102,dbm_103,dbm_104,dbm_105,dbm_106,dbm_107,dbm_108,dbm_109,dbm_110,dbm_111,dbm_112,dbm_113,dbm_114,dbm_115,dbm_116,dbm_117,dbm_118,dbm_119,dbm_120,dbm_121,dbm_122,dbm_123,dbm_124,dbm_125,dbm_126,dbm_127,dbm_128,dbm_129,dbm_130,dbm_131,dbm_132,dbm_133,dbm_134,dbm_135,dbm_136,dbm_137,dbm_138,dbm_139,dbm_140,dbm_141,dbm_142,dbm_143,dbm_144,dbm_145,dbm_146,dbm_147,dbm_148,dbm_149,dbm_150,dbm_151,dbm_152,dbm_153,dbm_154,dbm_155,dbm_156,dbm_157,dbm_158,dbm_159,dbm_160,dbm_161,dbm_162,dbm_163,dbm_164,dbm_165,dbm_166,dbm_167,dbm_168,dbm_169,dbm_170,dbm_171,dbm_172,dbm_173,dbm_174,dbm_175,dbm_176,dbm_177,dbm_178,dbm_179,dbm_180,dbm_181,dbm_182,dbm_183,dbm_184,dbm_185,dbm_186,dbm_187,dbm_188,dbm_189,dbm_190,dbm_191,dbm_192,dbm_193,dbm_194,dbm_195,dbm_196,dbm_197,dbm_198,dbm_199,dbm_200,dbm_201,dbm_202,dbm_203,dbm_204,dbm_205,dbm_206,dbm_207,dbm_208,dbm_209,dbm_210,dbm_211,dbm_212,dbm_213,dbm_214,dbm_215,dbm_216,dbm_217,dbm_218,dbm_219,dbm_220,dbm_221,dbm_222,dbm_223,dbm_224,dbm_225,dbm_226,dbm_227,dbm_228,dbm_229,dbm_230,dbm_231,dbm_232,dbm_233,dbm_234,dbm_235,dbm_236,dbm_237,dbm_238,dbm_239,dbm_240,dbm_241,dbm_242,dbm_243,dbm_244,dbm_245,dbm_246,dbm_247,dbm_248,dbm_249,dbm_250,dbm_251,dbm_252,dbm_253,dbm_254,dbm_255,dbm_256,dbm_257,dbm_258,dbm_259,dbm_260,dbm_261,dbm_262,dbm_263,dbm_264,dbm_265,dbm_266,dbm_267,dbm_268,dbm_269,dbm_270,dbm_271,dbm_272,dbm_273,dbm_274,dbm_275,dbm_276,dbm_277,dbm_278,dbm_279,dbm_280,dbm_281,dbm_282,dbm_283,dbm_284,dbm_285,dbm_286,dbm_287,dbm_288,dbm_289,dbm_290,dbm_291,dbm_292,dbm_293,dbm_294,dbm_295,dbm_296,dbm_297,dbm_298,dbm_299,dbm_300,dbm_301,dbm_302,dbm_303,dbm_304,dbm_305,dbm_306,dbm_307,dbm_308,dbm_309,dbm_310,dbm_311,dbm_312,dbm_313,dbm_314,dbm_315,dbm_316,dbm_317,dbm_318,dbm_319,dbm_320,dbm_321,dbm_322,dbm_323,dbm_324,dbm_325,dbm_326,dbm_327,dbm_328,dbm_329,dbm_330,dbm_331,dbm_332,dbm_333,dbm_334,dbm_335,dbm_336,dbm_337,dbm_338,dbm_339,dbm_340,dbm_341,dbm_342,dbm_343,dbm_344,dbm_345,dbm_346,dbm_347,dbm_348,dbm_349,dbm_350,dbm_351,dbm_352,dbm_353,dbm_354,dbm_355,dbm_356,dbm_357,dbm_358,dbm_359,dbm_360,dbm_361,dbm_362,dbm_363,dbm_364,dbm_365,dbm_366,dbm_367,dbm_368,dbm_369,dbm_370,dbm_371,dbm_372,dbm_373,dbm_374,dbm_375,dbm_376,dbm_377,dbm_378,dbm_379,dbm_380,dbm_381,dbm_382,dbm_383,dbm_384,dbm_385,dbm_386,dbm_387,dbm_388,dbm_389,dbm_390,dbm_391,dbm_392,dbm_393,dbm_394,dbm_395,dbm_396,dbm_397,dbm_398,dbm_399,dbm_400,dbm_401,dbm_402,dbm_403,dbm_404,dbm_405,dbm_406,dbm_407,dbm_408,dbm_409,dbm_410,dbm_411,dbm_412,dbm_413,dbm_414,dbm_415,dbm_416,dbm_417,dbm_418,dbm_419,dbm_420,dbm_421,dbm_422,dbm_423,dbm_424,dbm_425,dbm_426,dbm_427,dbm_428,dbm_429,dbm_430,dbm_431,dbm_432,dbm_433,dbm_434,dbm_435,dbm_436,dbm_437,dbm_438,dbm_439,dbm_440,dbm_441,dbm_442,dbm_443,dbm_444,dbm_445,dbm_446,dbm_447,dbm_448,dbm_449,dbm_450,dbm_451,dbm_452,dbm_453,dbm_454,dbm_455,dbm_456,dbm_457,dbm_458,dbm_459,dbm_460,dbm_461,dbm_462,dbm_463,dbm_464,dbm_465,dbm_466,dbm_467,dbm_468,dbm_469,dbm_470,dbm_471,dbm_472,dbm_473,dbm_474
2026-01-17 14:24:07.545,143.049967,5,-77,-157.0,-157.0,-157.0,-157.0,-154.0,-152.5,-153.0,-156.0,-157.0,-153.0,-151.0,-148.5,-149.0,-149.0,-157.0,-156.5,-157.0,-157.0,-154.5,-154.5,-153.0,-155.0,-156.5,-153.0,-154.5,-157.0,-156.5,-157.0,-156.5,-152.0,-154.0,-152.5,-155.0,-157.0,-157.0,-153.5,-157.0,-157.0,-157.0,-153.5,-155.0,-153.5,-155.0,-155.5,-155.0,-157.0,-157.0,-156.5,-153.5,-154.0,-157.0,-157.0,-156.0,-153.0,-152.5,-157.0,-156.0,-156.5,-154.0,-153.0,-156.0,-157.0,-152.0,-151.5,-157.0,-157.0,-157.0,-157.0,-157.0,-156.0,-157.0,-155.5,-157.0,-157.0,-157.0,-157.0,-156.0,-156.5,-153.5,-157.0,-153.0,-153.5,-157.0,-153.5,-155.5,-152.5,-151.0,-155.0,-152.0,-150.5,-157.0,-157.0,-157.0,-157.0,-156.5,-157.0,-155.0,-155.0,-152.5,-156.5,-157.0,-157.0,-150.0,-154.0,-157.0,-157.0,-156.5,-157.0,-149.0,-149.5,-155.5,-157.0,-157.0,-157.0,-157.0,-157.0,-156.5,-157.0,-157.0,-157.0,-157.0,-157.0,-157.0,-157.0,-157.0,-157.0,-153.0,-149.5,-154.5,-156.0,-157.0,-157.0,-157.0,-157.0,-156.0,-157.0,-153.0,-156.5,-157.0,-154.0,-156.0,-157.0,-155.5,-151.0,-153.5,-153.5,-157.0,-154.0,-157.0,-153.5,-154.0,-157.0,-157.0,-157.0,-157.0,-157.0,-152.5,-150.0,-155.0,-157.0,-150.5,-151.5,-157.0,-153.0,-154.0,-157.0,-156.5,-155.5,-152.0,-157.0,-155.0,-154.5,-157.0,-152.5,-154.0,-149.5,-157.0,-157.0,-157.0,-157.0,-155.5,-156.0,-157.0,-153.5,-151.5,-156.0,-157.0,-157.0,-157.0,-157.0,-157.0,-157.0,-157.0,-153.5,-157.0,-152.5,-149.5,-157.0,-157.0,-157.0,-157.0,-157.0,-157.0,-152.0,-157.0,-157.0,-157.0,-151.0,-156.0,-157.0,-155.5,-157.0,-157.0,-157.0,-157.0,-157.0,-154.0,-155.0,-153.5,-154.5,-155.0,-157.0,-157.0,-153.0,-152.5,-153.5,-153.0,-153.5,-157.0,-157.0,-157.0,-157.0,-157.0,-157.0,-152.5,-155.5,-157.0,-154.5,-157.0,-157.0,-149.5,-150.5,-152.5,-149.0,-148.5,-155.5,-157.0,-157.0,-157.0,-157.0,-152.5,-155.0,-157.0,-156.0,-157.0,-157.0,-156.0,-157.0,-156.5,-157.0,-157.0,-152.5,-153.0,-152.0,-150.5,-157.0,-157.0,-157.0,-157.0,-157.0,-156.5,-156.0,-157.0,-157.0,-152.0,-155.0,-157.0,-157.0,-157.0,-157.0,-154.5,-154.5,-157.0,-157.0,-156.5,-155.5,-157.0,-155.5,-152.0,-147.5,-157.0,-157.0,-156.5,-157.0,-155.0,-153.0,-153.5,-157.0,-155.5,-157.0,-157.0,-154.0,-157.0,-155.0,-157.0,-157.0,-157.0,-157.0,-157.0,-155.5,-157.0,-155.5,-157.0,-150.0,-151.0,-155.0,-157.0,-157.0,-157.0,-157.0,-157.0,-156.5,-156.0,-157.0,-151.5,-155.5,-151.0,-152.0,-157.0,-157.0,-157.0,-156.0,-155.5,-151.0,-155.0,-157.0,-157.0,-152.0,-151.5,-157.0,-156.0,-157.0,-157.0,-157.0,-157.0,-157.0,-157.0,-154.0,-155.0,-157.0,-157.0,-157.0,-156.5,-157.0,-157.0,-157.0,-157.0,-157.0,-157.0,-156.5,-157.0,-157.0,-157.0,-157.0,-157.0,-156.0,-151.5,-154.0,-155.5,-157.0,-157.0,-157.0,-151.5,-154.0,-157.0,-156.5,-155.0,-157.0,-157.0,-157.0,-157.0,-157.0,-157.0,-155.5,-154.5,-156.0,-151.5,-153.5,-153.5,-154.5,-152.0,-155.0,-148.0,-150.0,-157.0,-157.0,-155.0,-153.0,-157.0,-157.0,-157.0,-154.5,-157.0,-156.0,-155.5,-157.0,-155.0,-156.0,-155.0,-157.0,-157.0,-157.0,-157.0,-157.0,-156.5,-155.0,-156.5,-154.0,-155.0,-155.0,-157.0,-157.0,-156.5,-157.0,-157.0,-157.0,-157.0,-157.0,-157.0,-157.0,-157.0,-157.0,-157.0,-157.0,-153.5,-155.5,-152.5,-155.0,-152.5,-153.5,-157.0,-154.0,-152.5,-157.0,-157.0,-157.0,-157.0,-157.0,-156.5,-152.5,-152.5,-156.0,-157.0,-157.0,-157.0,-157.0,-157.0,-155.0,-153.0,-157.0,-154.5,-157.0,-156.5,-157.0,-157.0,-156.5,-152.5,-157.0,-154.5,-156.0,-157.0,-155.0,-157.0,-157.0,-157.0
2026-01-17 14:24:07.644,143.049967,5,-77,-157.0,-157.0,-157.0,-155.0,-151.5,-157.0,-157.0,-157.0,-157.0,-157.0,-157.0,-157.0,-157.0,-150.0,-157.0,-157.0,-157.0,-157.0,-157.0,-153.5,-157.0,-153.0,-157.0,-153.0,-154.0,-151.5,-149.5,-157.0,-157.0,-157.0,-157.0,-157.0,-154.0,-151.5,-157.0,-155.5,-154.0,-157.0,-152.0,-150.0,-157.0,-157.0,-154.0,-151.5,-150.5,-151.5,-154.0,-157.0,-157.0,-157.0,-157.0,-157.0,-157.0,-152.0,-151.5,-157.0,-157.0,-157.0,-152.0,-157.0,-157.0,-157.0,-157.0,-156.5,-155.0,-157.0,-157.0,-154.0,-157.0,-157.0,-153.0,-152.5,-157.0,-157.0,-157.0,-157.0,-157.0,-157.0,-157.0,-157.0,-157.0,-157.0,-157.0,-148.5,-148.0,-157.0,-157.0,-157.0,-153.0,-157.0,-154.0,-155.5,-153.5,-157.0,-157.0,-157.0,-157.0,-154.5,-157.0,-155.0,-154.5,-154.5,-156.5,-157.0,-153.0,-154.5,-155.0,-154.5,-154.0,-157.0,-156.5,-157.0,-150.5,-150.0,-157.0,-153.0,-154.5,-157.0,-154.5,-157.0,-157.0,-157.0,-152.0,-154.5,-154.0,-155.5,-153.5,-153.0,-157.0,-157.0,-155.5,-156.0,-157.0,-157.0,-157.0,-157.0,-157.0,-156.5,-157.0,-157.0,-157.0,-154.5,-153.0,-152.5,-157.0,-154.5,-157.0,-157.0,-157.0,-154.0,-157.0,-157.0,-157.0,-157.0,-154.5,-157.0,-157.0,-157.0,-154.5,-157.0,-157.0,-157.0,-157.0,-153.5,-157.0,-157.0,-155.0,-151.0,-152.0,-157.0,-153.5,-154.5,-154.5,-156.5,-157.0,-151.5,-156.0,-155.0,-157.0,-156.0,-151.5,-154.5,-152.5,-156.0,-157.0,-155.5,-157.0,-152.0,-151.5,-154.0,-154.0,-152.5,-151.0,-155.5,-155.5,-155.5,-153.5,-157.0,-157.0,-155.5,-156.5,-157.0,-157.0,-157.0,-157.0,-157.0,-155.5,-154.0,-154.5,-157.0,-157.0,-157.0,-157.0,-156.5,-157.0,-157.0,-157.0,-156.0,-156.0,-157.0,-155.0,-154.0,-157.0,-152.5,-157.0,-157.0,-157.0,-154.5,-154.0,-157.0,-153.5,-154.0,-157.0,-153.0,-152.0,-152.5,-157.0,-152.5,-157.0,-157.0,-151.5,-155.5,-149.5,-151.5,-153.5,-150.5,-152.5,-156.5,-157.0,-153.0,-151.5,-157.0,-157.0,-157.0,-156.0,-155.0,-156.5,-157.0,-156.5,-157.0,-157.0,-157.0,-154.0,-157.0,-157.0,-157.0,-157.0,-155.5,-155.0,-155.5,-154.5,-157.0,-157.0,-157.0,-157.0,-157.0,-155.0,-153.5,-157.0,-157.0,-157.0,-156.5,-157.0,-157.0,-157.0,-156.5,-154.5,-155.0,-149.5,-145.5,-152.0,-157.0,-157.0,-156.0,-155.5,-157.0,-157.0,-157.0,-157.0,-156.0,-150.5,-150.5,-151.0,-157.0,-157.0,-157.0,-157.0,-151.0,-150.5,-153.5,-153.0,-152.5,-157.0,-157.0,-157.0,-153.5,-156.5,-157.0,-157.0,-155.5,-157.0,-157.0,-155.0,-152.5,-153.0,-156.0,-157.0,-156.0,-153.0,-157.0,-157.0,-156.5,-156.5,-152.5,-157.0,-152.5,-152.0,-152.5,-157.0,-157.0,-157.0,-156.5,-157.0,-157.0,-155.5,-157.0,-157.0,-154.0,-157.0,-157.0,-157.0,-157.0,-157.0,-157.0,-157.0,-157.0,-157.0,-157.0,-157.0,-157.0,-157.0,-155.5,-157.0,-155.0,-157.0,-157.0,-153.5,-157.0,-157.0,-157.0,-157.0,-157.0,-157.0,-155.5,-154.5,-155.0,-157.0,-152.5,-152.5,-157.0,-156.0,-151.5,-153.0,-154.0,-151.5,-151.0,-153.5,-156.0,-157.0,-157.0,-157.0,-152.5,-152.5,-157.0,-156.5,-153.0,-157.0,-157.0,-156.5,-153.5,-157.0,-157.0,-157.0,-153.5,-157.0,-151.5,-153.0,-150.0,-151.5,-157.0,-157.0,-157.0,-157.0,-157.0,-157.0,-157.0,-154.5,-153.5,-157.0,-150.5,-149.5,-157.0,-150.5,-154.5,-154.0,-155.5,-157.0,-157.0,-157.0,-157.0,-157.0,-157.0,-155.0,-157.0,-157.0,-155.0,-157.0,-154.5,-157.0,-155.5,-154.0,-153.5,-151.5,-153.5,-157.0,-153.0,-155.5,-153.5,-154.0,-157.0,-155.0,-156.5,-153.0,-154.0,-153.0,-157.0,-151.5,-150.5,-156.5,-157.0,-157.0,-156.0,-154.5,-157.0,-152.5,-157.0,-157.0,-154.5,-153.5,-157.0,-153.5,-154.5,-152.5,-149.5,-157.0
2026-01-17 14:24:07.664,143.049967,5,-77,-157.0,-157.0,-157.0,-152.0,-151.5,-157.0,-157.0,-157.0,-157.0,-157.0,-157.0,-156.5,-157.0,-151.0,-155.0,-157.0,-157.0,-157.0,-157.0,-153.5,-157.0,-154.5,-157.0,-153.5,-156.0,-155.5,-151.5,-154.0,-154.0,-157.0,-157.0,-156.0,-155.5,-151.0,-157.0,-157.0,-156.5,-157.0,-154.5,-153.0,-157.0,-155.0,-155.5,-154.5,-151.0,-152.0,-153.5,-156.0,-157.0,-156.0,-157.0,-157.0,-156.0,-155.0,-155.5,-157.0,-157.0,-157.0,-152.0,-157.0,-157.0,-155.5,-156.5,-155.0,-154.5,-153.0,-152.5,-151.5,-154.5,-157.0,-152.0,-151.0,-156.5,-157.0,-157.0,-157.0,-153.0,-155.5,-157.0,-157.0,-157.0,-157.0,-157.0,-150.5,-151.5,-157.0,-157.0,-156.5,-153.0,-156.5,-156.0,-153.0,-151.0,-154.0,-155.5,-157.0,-157.0,-155.0,-157.0,-157.0,-157.0,-156.0,-157.0,-157.0,-150.5,-149.5,-153.5,-154.0,-157.0,-157.0,-157.0,-157.0,-151.0,-150.0,-151.5,-153.5,-155.5,-154.5,-154.0,-157.0,-153.5,-154.0,-154.5,-155.0,-156.0,-157.0,-154.0,-154.5,-157.0,-156.0,-154.5,-157.0,-157.0,-157.0,-157.0,-157.0,-156.5,-155.0,-157.0,-157.0,-157.0,-155.5,-154.0,-157.0,-157.0,-153.0,-152.5,-155.5,-154.5,-151.5,-157.0,-156.0,-153.0,-154.5,-153.0,-157.0,-157.0,-155.0,-152.5,-155.5,-157.0,-157.0,-154.0,-152.0,-157.0,-155.0,-154.0,-156.0,-156.0,-157.0,-156.0,-157.0,-157.0,-157.0,-157.0,-152.5,-157.0,-156.5,-156.5,-157.0,-153.0,-152.5,-150.5,-156.0,-157.0,-157.0,-157.0,-153.0,-154.5,-149.5,-152.0,-156.5,-153.0,-157.0,-157.0,-157.0,-157.0,-157.0,-157.0,-157.0,-157.0,-156.0,-157.0,-157.0,-157.0,-157.0,-157.0,-156.5,-157.0,-157.0,-157.0,-157.0,-157.0,-157.0,-157.0,-156.5,-157.0,-157.0,-157.0,-157.0,-157.0,-155.5,-156.0,-153.0,-156.5,-157.0,-157.0,-156.0,-152.5,-153.0,-150.5,-155.5,-155.0,-153.5,-151.5,-151.0,-157.0,-153.0,-157.0,-157.0,-152.5,-153.0,-148.5,-149.5,-150.0,-151.0,-155.5,-156.5,-157.0,-152.5,-154.5,-157.0,-157.0,-157.0,-157.0,-153.5,-152.0,-155.5,-157.0,-156.5,-157.0,-156.0,-154.0,-157.0,-157.0,-156.5,-153.0,-152.5,-155.0,-157.0,-157.0,-157.0,-157.0,-157.0,-157.0,-157.0,-153.0,-155.5,-156.5,-156.5,-157.0,-152.0,-157.0,-157.0,-157.0,-155.0,-156.0,-157.0,-149.0,-147.0,-154.5,-157.0,-157.0,-156.5,-157.0,-157.0,-156.5,-157.0,-157.0,-156.0,-153.0,-152.5,-150.5,-157.0,-157.0,-157.0,-157.0,-152.5,-150.5,-155.0,-153.0,-153.0,-156.0,-157.0,-157.0,-153.5,-157.0,-157.0,-157.0,-156.0,-157.0,-157.0,-157.0,-157.0,-155.0,-152.5,-154.0,-157.0,-154.5,-157.0,-157.0,-157.0,-157.0,-155.0,-157.0,-152.0,-155.0,-151.5,-151.5,-157.0,-157.0,-154.5,-157.0,-157.0,-156.0,-157.0,-157.0,-152.5,-153.5,-157.0,-157.0,-157.0,-157.0,-157.0,-157.0,-152.5,-152.5,-156.5,-157.0,-157.0,-157.0,-156.0,-157.0,-157.0,-157.0,-152.5,-154.0,-157.0,-157.0,-157.0,-157.0,-157.0,-157.0,-153.5,-154.5,-157.0,-157.0,-156.0,-152.5,-153.5,-154.5,-157.0,-157.0,-153.5,-153.0,-156.0,-155.0,-157.0,-156.5,-154.0,-157.0,-157.0,-157.0,-157.0,-157.0,-156.5,-157.0,-157.0,-157.0,-154.0,-157.0,-157.0,-157.0,-156.0,-156.0,-152.0,-150.0,-150.5,-157.0,-157.0,-157.0,-154.0,-156.5,-157.0,-155.5,-156.0,-154.5,-151.5,-156.5,-153.0,-152.5,-157.0,-151.5,-155.5,-153.0,-152.5,-155.5,-157.0,-157.0,-157.0,-157.0,-157.0,-157.0,-157.0,-157.0,-153.0,-157.0,-156.5,-155.5,-154.5,-157.0,-153.0,-153.0,-157.0,-157.0,-152.5,-152.5,-154.5,-156.5,-156.0,-153.0,-152.5,-152.0,-155.0,-151.5,-157.0,-154.0,-153.5,-157.0,-157.0,-154.5,-155.0,-156.5,-157.0,-153.5,-157.0,-157.0,-157.0,-154.0,-157.0,-157.0,-157.0,-151.0,-149.0,-157.0
2026-01-17 14:24:07.679,143.049967,5,-77,-157.0,-157.0,-157.0,-154.5,-154.5,-157.0,-157.0,-155.5,-157.0,-157.0,-157.0,-155.0,-157.0,-152.5,-156.0,-157.0,-157.0,-157.0,-157.0,-157.0,-157.0,-157.0,-157.0,-151.5,-157.0,-157.0,-153.5,-154.5,-153.5,-153.0,-155.5,-153.5,-152.0,-149.0,-157.0,-152.5,-157.0,-157.0,-157.0,-157.0,-155.0,-153.5,-157.0,-157.0,-157.0,-157.0,-153.5,-157.0,-155.0,-154.5,-157.0,-156.0,-157.0,-157.0,-157.0,-151.0,-151.5,-157.0,-153.5,-157.0,-154.0,-150.5,-151.5,-157.0,-153.0,-152.0,-152.0,-156.5,-156.0,-155.5,-153.0,-155.5,-152.0,-155.0,-156.5,-155.5,-153.0,-154.0,-156.0,-157.0,-157.0,-155.5,-155.5,-154.5,-157.0,-157.0,-157.0,-155.5,-155.0,-157.0,-157.0,-156.5,-152.5,-156.5,-153.5,-157.0,-157.0,-156.0,-157.0,-155.0,-155.0,-157.0,-157.0,-155.0,-156.5,-152.0,-157.0,-154.5,-157.0,-157.0,-157.0,-157.0,-157.0,-155.0,-152.5,-157.0,-157.0,-157.0,-154.5,-155.5,-153.5,-155.0,-153.5,-157.0,-157.0,-157.0,-157.0,-156.5,-157.0,-155.5,-156.5,-156.0,-157.0,-156.5,-157.0,-157.0,-155.5,-153.5,-152.5,-156.5,-153.5,-156.0,-156.5,-157.0,-156.5,-151.0,-151.0,-154.0,-151.5,-150.5,-157.0,-154.5,-149.0,-150.0,-153.5,-153.5,-157.0,-152.0,-152.0,-157.0,-157.0,-154.0,-152.0,-153.5,-154.5,-152.5,-156.0,-157.0,-157.0,-157.0,-157.0,-157.0,-155.5,-154.0,-157.0,-153.5,-157.0,-157.0,-156.0,-157.0,-155.5,-153.5,-152.5,-157.0,-157.0,-157.0,-150.0,-154.0,-153.0,-151.0,-153.5,-157.0,-155.5,-157.0,-155.0,-155.5,-157.0,-157.0,-157.0,-157.0,-157.0,-155.0,-157.0,-157.0,-157.0,-157.0,-157.0,-156.5,-157.0,-157.0,-152.5,-153.5,-157.0,-157.0,-157.0,-154.0,-155.0,-155.5,-157.0,-156.5,-157.0,-152.5,-153.0,-152.5,-155.5,-157.0,-157.0,-157.0,-155.5,-153.0,-151.5,-155.0,-157.0,-154.0,-152.5,-153.5,-157.0,-151.5,-157.0,-157.0,-157.0,-154.5,-150.5,-150.0,-150.0,-157.0,-153.0,-153.0,-157.0,-157.0,-157.0,-157.0,-157.0,-157.0,-157.0,-156.0,-151.5,-152.5,-157.0,-153.0,-154.5,-157.0,-154.5,-154.0,-157.0,-156.5,-153.5,-157.0,-157.0,-157.0,-157.0,-157.0,-157.0,-157.0,-156.5,-157.0,-155.5,-157.0,-155.0,-155.0,-152.5,-150.0,-155.0,-156.5,-157.0,-156.0,-154.0,-156.0,-148.0,-151.5,-153.5,-155.5,-157.0,-157.0,-156.5,-157.0,-155.5,-157.0,-157.0,-157.0,-157.0,-156.5,-157.0,-157.0,-155.5,-154.0,-155.0,-155.5,-154.5,-156.5,-157.0,-157.0,-154.0,-157.0,-155.5,-154.0,-157.0,-157.0,-157.0,-153.5,-155.0,-157.0,-157.0,-157.0,-157.0,-155.0,-154.5,-157.0,-157.0,-157.0,-157.0,-157.0,-157.0,-157.0,-157.0,-154.0,-156.0,-149.0,-150.0,-157.0,-157.0,-157.0,-157.0,-157.0,-157.0,-155.5,-157.0,-153.0,-152.5,-157.0,-157.0,-157.0,-156.0,-157.0,-155.0,-149.5,-149.0,-154.5,-157.0,-156.0,-157.0,-155.5,-157.0,-157.0,-154.0,-150.5,-157.0,-157.0,-157.0,-155.5,-157.0,-157.0,-157.0,-153.0,-150.5,-157.0,-155.5,-155.0,-153.5,-153.0,-154.5,-157.0,-154.5,-152.0,-152.0,-154.5,-155.5,-157.0,-156.5,-153.0,-157.0,-157.0,-157.0,-157.0,-157.0,-157.0,-157.0,-157.0,-157.0,-156.0,-156.5,-157.0,-157.0,-157.0,-157.0,-156.0,-151.5,-154.0,-157.0,-157.0,-155.0,-151.5,-156.5,-157.0,-157.0,-155.0,-157.0,-153.5,-156.5,-157.0,-157.0,-154.5,-152.0,-157.0,-156.5,-156.0,-155.0,-157.0,-157.0,-157.0,-157.0,-157.0,-155.5,-155.5,-154.0,-151.5,-157.0,-154.5,-157.0,-155.5,-157.0,-154.5,-154.5,-157.0,-157.0,-157.0,-155.0,-157.0,-157.0,-157.0,-151.5,-152.0,-155.0,-153.0,-152.0,-157.0,-157.0,-154.5,-155.5,-157.0,-153.5,-152.5,-157.0,-157.0,-154.5,-153.5,-154.5,-157.0,-155.0,-157.0,-157.0,-157.0,-151.0,-154.5,-157.0
2026-01-17 14:24:07.717,143.049967,5,-77,-157.0,-157.0,-153.5,-153.5,-155.0,-155.5,-155.5,-156.5,-157.0,-157.0,-157.0,-156.5,-157.0,-154.5,-157.0,-157.0,-157.0,-157.0,-157.0,-157.0,-157.0,-157.0,-152.5,-150.0,-154.5,-156.5,-154.0,-157.0,-157.0,-153.5,-154.5,-153.0,-153.0,-150.0,-151.5,-149.5,-150.5,-153.0,-157.0,-157.0,-153.0,-155.0,-157.0,-157.0,-157.0,-157.0,-156.0,-157.0,-156.5,-157.0,-157.0,-154.0,-157.0,-154.5,-155.5,-148.0,-150.5,-155.5,-154.5,-156.5,-157.0,-151.0,-152.0,-157.0,-157.0,-154.5,-157.0,-157.0,-157.0,-153.5,-153.5,-155.5,-152.0,-152.0,-157.0,-154.5,-157.0,-155.5,-153.5,-156.5,-156.5,-153.5,-154.0,-156.5,-157.0,-157.0,-156.5,-157.0,-157.0,-157.0,-157.0,-157.0,-152.0,-154.0,-155.0,-157.0,-157.0,-154.0,-157.0,-154.0,-153.5,-157.0,-157.0,-157.0,-157.0,-156.5,-154.0,-153.5,-157.0,-155.5,-157.0,-156.5,-155.0,-153.0,-151.5,-153.5,-157.0,-157.0,-153.0,-154.0,-155.5,-155.0,-152.5,-155.5,-157.0,-153.0,-152.0,-150.5,-151.0,-156.0,-154.5,-155.0,-154.5,-155.0,-157.0,-157.0,-153.0,-154.5,-153.0,-157.0,-154.0,-157.0,-155.0,-152.0,-153.5,-152.5,-151.0,-155.5,-157.0,-150.5,-155.0,-156.0,-152.5,-152.5,-152.5,-149.5,-157.0,-155.5,-156.5,-157.0,-157.0,-152.0,-152.5,-157.0,-155.5,-155.0,-157.0,-157.0,-157.0,-157.0,-157.0,-157.0,-154.5,-153.5,-157.0,-153.0,-151.0,-150.5,-150.5,-152.5,-153.5,-156.5,-155.5,-157.0,-157.0,-157.0,-147.0,-148.5,-152.5,-156.5,-157.0,-157.0,-155.0,-155.0,-152.5,-152.0,-157.0,-157.0,-156.5,-157.0,-157.0,-155.5,-154.5,-157.0,-156.0,-152.0,-153.5,-157.0,-156.0,-156.0,-156.0,-151.0,-152.5,-153.5,-153.0,-153.0,-154.5,-155.0,-157.0,-157.0,-156.5,-151.5,-153.5,-153.5,-154.0,-157.0,-157.0,-157.0,-157.0,-155.5,-152.0,-150.0,-157.0,-151.5,-151.0,-155.5,-157.0,-152.5,-153.5,-155.5,-157.0,-157.0,-149.5,-151.0,-148.5,-154.0,-152.0,-155.5,-155.5,-156.5,-157.0,-157.0,-155.5,-157.0,-157.0,-157.0,-152.0,-155.0,-157.0,-153.0,-153.0,-157.0,-152.0,-151.5,-157.0,-157.0,-157.0,-157.0,-157.0,-157.0,-154.5,-157.0,-157.0,-157.0,-157.0,-157.0,-157.0,-157.0,-155.5,-152.0,-150.0,-153.0,-153.0,-152.0,-157.0,-157.0,-153.5,-152.0,-148.5,-152.5,-150.5,-150.0,-157.0,-154.0,-150.5,-152.0,-149.5,-155.5,-156.0,-157.0,-157.0,-155.0,-155.0,-157.0,-154.5,-153.0,-157.0,-155.5,-154.0,-154.0,-153.0,-153.0,-152.0,-156.5,-154.0,-154.5,-156.0,-157.0,-157.0,-152.0,-155.5,-157.0,-157.0,-157.0,-157.0,-157.0,-157.0,-157.0,-154.5,-157.0,-157.0,-155.5,-157.0,-157.0,-156.5,-157.0,-156.0,-151.0,-155.0,-157.0,-157.0,-157.0,-157.0,-157.0,-157.0,-155.0,-157.0,-157.0,-157.0,-157.0,-152.0,-150.0,-150.0,-156.0,-153.5,-152.5,-152.0,-153.5,-152.5,-156.5,-154.0,-155.5,-157.0,-157.0,-156.5,-150.5,-152.5,-154.5,-157.0,-152.0,-152.0,-157.0,-157.0,-151.5,-148.5,-157.0,-155.5,-152.5,-156.0,-152.0,-157.0,-157.0,-156.0,-152.5,-150.0,-154.5,-153.5,-157.0,-157.0,-154.5,-157.0,-157.0,-153.0,-151.0,-157.0,-157.0,-156.0,-152.5,-150.5,-151.5,-157.0,-157.0,-157.0,-157.0,-157.0,-157.0,-157.0,-157.0,-157.0,-157.0,-154.5,-153.0,-156.0,-157.0,-157.0,-153.0,-157.0,-155.0,-157.0,-157.0,-157.0,-152.0,-151.5,-157.0,-157.0,-157.0,-157.0,-157.0,-157.0,-155.5,-154.5,-157.0,-153.5,-155.0,-156.0,-154.5,-157.0,-154.5,-157.0,-155.0,-156.0,-153.0,-153.0,-157.0,-157.0,-156.5,-157.0,-157.0,-157.0,-157.0,-157.0,-157.0,-157.0,-156.0,-155.0,-156.0,-152.0,-153.5,-155.0,-157.0,-153.5,-153.0,-157.0,-157.0,-157.0,-150.0,-151.5,-154.5,-156.5,-157.0,-157.0,-155.5,-152.0,-157.0,-157.0
2026-01-17 14:24:07.717,143.049967,5,-77,-157.0,-157.0,-157.0,-157.0,-151.0,-151.5,-154.5,-157.0,-157.0,-157.0,-157.0,-155.0,-156.0,-149.5,-156.5,-155.0,-157.0,-157.0,-156.0,-154.0,-154.0,-153.0,-157.0,-153.0,-157.0,-157.0,-153.5,-157.0,-157.0,-155.5,-157.0,-157.0,-151.0,-151.5,-157.0,-152.5,-156.0,-157.0,-156.5,-151.5,-155.5,-157.0,-151.5,-153.0,-157.0,-157.0,-156.0,-154.5,-156.5,-155.0,-157.0,-157.0,-157.0,-151.5,-150.5,-157.0,-157.0,-157.0,-153.5,-156.5,-157.0,-157.0,-156.5,-155.0,-154.0,-157.0,-157.0,-157.0,-157.0,-157.0,-154.0,-157.0,-157.0,-157.0,-157.0,-156.0,-157.0,-157.0,-155.0,-157.0,-157.0,-157.0,-157.0,-149.5,-151.0,-154.0,-157.0,-157.0,-153.0,-152.5,-155.0,-157.0,-157.0,-157.0,-157.0,-157.0,-157.0,-153.0,-155.5,-154.5,-156.5,-154.0,-151.5,-155.0,-157.0,-157.0,-157.0,-155.0,-150.5,-155.0,-157.0,-156.5,-157.0,-155.0,-157.0,-157.0,-155.0,-157.0,-157.0,-157.0,-157.0,-157.0,-152.5,-154.0,-154.0,-154.0,-157.0,-153.0,-157.0,-157.0,-157.0,-156.0,-157.0,-157.0,-157.0,-157.0,-154.5,-157.0,-157.0,-155.0,-154.5,-157.0,-153.5,-150.5,-154.5,-153.5,-157.0,-157.0,-157.0,-157.0,-157.0,-157.0,-157.0,-157.0,-154.5,-157.0,-157.0,-155.5,-155.0,-157.0,-153.0,-153.0,-157.0,-156.0,-157.0,-157.0,-157.0,-151.5,-150.5,-157.0,-154.5,-153.5,-156.0,-153.0,-157.0,-150.5,-155.5,-157.0,-157.0,-157.0,-153.0,-154.0,-157.0,-154.5,-153.0,-154.5,-157.0,-157.0,-153.5,-157.0,-157.0,-153.0,-152.5,-153.5,-156.0,-152.0,-150.0,-157.0,-156.0,-155.5,-155.5,-157.0,-155.5,-153.5,-157.0,-157.0,-155.5,-151.0,-156.0,-157.0,-155.5,-157.0,-157.0,-156.5,-157.0,-157.0,-156.5,-155.5,-154.5,-157.0,-153.0,-153.0,-154.0,-151.5,-152.5,-152.0,-153.5,-156.5,-157.0,-157.0,-157.0,-155.5,-156.5,-156.5,-154.5,-156.5,-157.0,-152.5,-155.0,-157.0,-151.5,-157.0,-153.5,-153.5,-154.0,-153.5,-154.5,-156.5,-157.0,-157.0,-150.5,-152.0,-157.0,-155.0,-157.0,-157.0,-157.0,-156.5,-155.5,-157.0,-154.5,-155.5,-153.5,-155.0,-155.0,-156.0,-157.0,-157.0,-157.0,-157.0,-154.0,-155.5,-157.0,-157.0,-155.0,-155.5,-157.0,-157.0,-157.0,-157.0,-157.0,-157.0,-157.0,-157.0,-157.0,-154.5,-153.5,-155.0,-147.5,-146.0,-154.5,-157.0,-157.0,-157.0,-155.5,-156.0,-157.0,-157.0,-157.0,-157.0,-153.5,-151.5,-154.0,-155.5,-157.0,-156.0,-156.0,-155.0,-153.5,-155.5,-157.0,-154.0,-156.5,-157.0,-155.0,-154.0,-157.0,-157.0,-157.0,-157.0,-155.5,-156.5,-154.0,-155.0,-152.0,-156.0,-154.5,-152.5,-157.0,-157.0,-157.0,-154.5,-155.0,-151.0,-154.0,-156.5,-156.0,-150.5,-153.0,-156.5,-157.0,-157.0,-157.0,-157.0,-156.5,-157.0,-156.0,-152.5,-154.5,-157.0,-156.0,-157.0,-156.0,-157.0,-157.0,-157.0,-157.0,-157.0,-156.5,-154.5,-157.0,-157.0,-156.0,-156.5,-157.0,-157.0,-151.5,-155.5,-155.0,-154.5,-156.0,-157.0,-154.5,-153.0,-157.0,-156.0,-157.0,-156.0,-155.0,-157.0,-153.5,-152.5,-152.5,-156.5,-153.5,-151.5,-151.5,-156.5,-157.0,-156.0,-154.5,-152.0,-149.5,-154.5,-157.0,-152.5,-153.5,-157.0,-154.5,-155.5,-157.0,-157.0,-156.0,-154.0,-154.5,-155.5,-156.5,-150.0,-150.0,-156.0,-157.0,-157.0,-157.0,-157.0,-156.0,-157.0,-157.0,-155.0,-155.5,-151.5,-153.0,-157.0,-152.5,-152.5,-154.0,-157.0,-157.0,-157.0,-157.0,-157.0,-157.0,-155.5,-154.0,-157.0,-157.0,-157.0,-151.5,-153.0,-156.0,-157.0,-155.0,-154.5,-153.0,-153.5,-157.0,-156.0,-157.0,-157.0,-157.0,-153.0,-153.0,-157.0,-156.0,-157.0,-157.0,-157.0,-154.0,-151.0,-152.0,-157.0,-157.0,-154.5,-154.0,-157.0,-154.5,-157.0,-155.5,-157.0,-154.5,-157.0,-157.0,-155.5,-157.0,-153.5,-156.0
2026-01-17 14:24:07.747,143.049967,5,-77,-157.0,-157.0,-151.0,-151.5,-153.0,-157.0,-152.5,-156.0,-157.0,-155.5,-156.0,-154.0,-155.5,-156.5,-155.0,-156.5,-157.0,-157.0,-157.0,-157.0,-157.0,-156.5,-152.0,-153.5,-156.0,-154.5,-154.0,-154.5,-157.0,-156.0,-150.0,-153.0,-154.0,-156.5,-154.5,-153.0,-152.0,-155.0,-153.5,-155.0,-157.0,-157.0,-157.0,-157.0,-157.0,-156.0,-157.0,-157.0,-157.0,-157.0,-157.0,-154.0,-157.0,-155.0,-152.0,-149.0,-154.5,-151.5,-151.5,-155.5,-157.0,-157.0,-156.5,-157.0,-157.0,-156.0,-157.0,-155.0,-157.0,-155.5,-157.0,-157.0,-157.0,-152.5,-157.0,-155.5,-157.0,-155.0,-154.0,-153.0,-153.5,-157.0,-157.0,-157.0,-157.0,-155.0,-154.5,-157.0,-157.0,-157.0,-157.0,-156.5,-153.0,-154.0,-156.5,-157.0,-157.0,-153.5,-157.0,-157.0,-157.0,-157.0,-157.0,-157.0,-157.0,-157.0,-155.0,-155.5,-157.0,-156.0,-157.0,-157.0,-157.0,-154.5,-154.5,-154.0,-154.0,-156.0,-151.0,-157.0,-155.5,-156.5,-157.0,-155.0,-156.0,-151.0,-150.0,-153.5,-151.5,-153.5,-153.5,-156.0,-156.5,-157.0,-157.0,-153.5,-152.5,-155.5,-155.0,-157.0,-157.0,-157.0,-156.0,-152.0,-153.0,-157.0,-155.5,-157.0,-157.0,-151.5,-152.0,-157.0,-157.0,-155.5,-149.5,-147.5,-157.0,-157.0,-157.0,-157.0,-157.0,-152.5,-154.0,-153.0,-154.0,-157.0,-157.0,-157.0,-156.0,-157.0,-157.0,-155.0,-156.0,-157.0,-157.0,-152.0,-150.5,-149.5,-150.5,-150.0,-151.5,-157.0,-157.0,-157.0,-157.0,-157.0,-147.5,-147.5,-154.0,-157.0,-157.0,-156.5,-152.0,-155.0,-154.5,-153.5,-157.0,-157.0,-157.0,-157.0,-157.0,-153.5,-153.5,-157.0,-157.0,-153.0,-152.5,-157.0,-155.5,-157.0,-157.0,-153.0,-149.5,-150.5,-155.5,-151.5,-153.5,-157.0,-157.0,-157.0,-156.5,-153.0,-154.5,-154.5,-151.0,-157.0,-157.0,-157.0,-157.0,-154.0,-149.5,-149.0,-155.5,-153.0,-151.5,-153.5,-157.0,-157.0,-155.0,-156.5,-156.5,-157.0,-148.0,-151.0,-148.5,-153.0,-151.0,-157.0,-152.5,-153.0,-155.5,-157.0,-157.0,-157.0,-155.5,-157.0,-152.5,-157.0,-157.0,-156.0,-154.0,-157.0,-153.0,-153.0,-157.0,-157.0,-157.0,-157.0,-157.0,-157.0,-154.0,-157.0,-157.0,-157.0,-157.0,-157.0,-156.5,-157.0,-155.0,-153.0,-153.0,-157.0,-155.5,-152.5,-157.0,-156.5,-157.0,-154.5,-148.5,-147.5,-151.5,-151.0,-157.0,-151.5,-150.5,-151.5,-148.5,-155.5,-154.0,-157.0,-157.0,-152.0,-150.0,-157.0,-157.0,-157.0,-157.0,-154.0,-150.0,-152.5,-152.0,-152.5,-155.5,-155.0,-155.0,-156.0,-157.0,-157.0,-154.5,-153.5,-154.0,-157.0,-157.0,-157.0,-156.0,-157.0,-157.0,-157.0,-154.0,-155.5,-157.0,-153.5,-157.0,-157.0,-157.0,-157.0,-154.5,-153.0,-156.0,-157.0,-157.0,-154.5,-155.0,-157.0,-157.0,-154.0,-157.0,-157.0,-157.0,-157.0,-152.0,-150.5,-152.0,-155.0,-156.0,-154.0,-153.0,-153.5,-152.0,-157.0,-154.5,-157.0,-157.0,-157.0,-157.0,-152.5,-150.0,-153.0,-157.0,-156.5,-152.0,-154.5,-157.0,-153.5,-151.0,-157.0,-157.0,-156.0,-157.0,-151.0,-154.5,-157.0,-157.0,-156.0,-153.0,-155.5,-153.5,-157.0,-157.0,-154.5,-157.0,-157.0,-154.0,-151.5,-153.0,-156.5,-152.5,-147.0,-147.5,-153.0,-157.0,-157.0,-157.0,-157.0,-157.0,-157.0,-157.0,-155.0,-152.0,-156.5,-155.0,-155.0,-153.5,-157.0,-152.5,-152.0,-157.0,-153.0,-154.0,-157.0,-157.0,-154.0,-152.5,-154.5,-157.0,-157.0,-157.0,-152.0,-152.5,-157.0,-154.0,-156.5,-155.0,-157.0,-157.0,-157.0,-157.0,-154.5,-157.0,-154.5,-153.0,-156.0,-155.0,-157.0,-157.0,-155.5,-157.0,-156.5,-157.0,-157.0,-157.0,-157.0,-154.0,-152.5,-157.0,-151.0,-149.5,-156.0,-157.0,-157.0,-157.0,-153.0,-154.0,-156.0,-151.0,-150.5,-157.0,-156.0,-155.5,-157.0,-157.0,-155.0,-156.5,-155.5,-157.0
2026-01-17 14:24:07.778,143.049967,5,-77,-157.0,-157.0,-155.0,-157.0,-154.0,-157.0,-151.5,-157.0,-157.0,-157.0,-157.0,-156.0,-156.0,-157.0,-155.0,-157.0,-157.0,-157.0,-157.0,-156.0,-157.0,-157.0,-155.0,-154.5,-157.0,-157.0,-156.0,-155.5,-157.0,-154.0,-149.5,-152.0,-152.5,-157.0,-157.0,-157.0,-152.0,-153.0,-153.5,-155.5,-157.0,-157.0,-157.0,-157.0,-156.0,-152.0,-149.5,-151.5,-157.0,-153.5,-155.5,-155.0,-155.5,-157.0,-157.0,-155.0,-154.0,-154.5,-150.0,-152.0,-157.0,-156.0,-154.5,-157.0,-157.0,-155.0,-157.0,-154.0,-157.0,-157.0,-157.0,-157.0,-157.0,-154.5,-157.0,-154.0,-157.0,-155.0,-156.5,-156.0,-155.5,-157.0,-157.0,-153.5,-155.5,-156.0,-154.0,-152.5,-157.0,-157.0,-157.0,-157.0,-157.0,-157.0,-157.0,-157.0,-157.0,-153.0,-157.0,-157.0,-157.0,-157.0,-155.5,-156.5,-157.0,-156.5,-156.0,-157.0,-157.0,-156.5,-156.5,-157.0,-157.0,-157.0,-157.0,-157.0,-153.0,-155.0,-151.5,-153.5,-155.5,-157.0,-157.0,-157.0,-156.5,-157.0,-154.5,-156.0,-155.5,-153.5,-157.0,-157.0,-157.0,-157.0,-157.0,-153.0,-152.0,-153.5,-156.0,-157.0,-157.0,-153.5,-152.5,-155.0,-155.0,-156.5,-157.0,-153.5,-155.5,-157.0,-154.0,-157.0,-157.0,-157.0,-155.0,-151.0,-157.0,-157.0,-157.0,-157.0,-157.0,-154.5,-152.0,-151.0,-152.0,-157.0,-157.0,-157.0,-153.5,-156.5,-157.0,-157.0,-157.0,-157.0,-157.0,-157.0,-157.0,-155.0,-157.0,-152.0,-149.5,-153.5,-157.0,-157.0,-157.0,-157.0,-150.0,-151.0,-157.0,-157.0,-157.0,-157.0,-154.0,-155.5,-156.0,-157.0,-157.0,-157.0,-157.0,-157.0,-157.0,-157.0,-157.0,-157.0,-157.0,-156.5,-155.5,-156.5,-157.0,-157.0,-157.0,-157.0,-155.0,-150.5,-150.5,-150.0,-150.5,-157.0,-157.0,-157.0,-157.0,-156.5,-156.5,-149.0,-148.0,-155.5,-155.5,-157.0,-157.0,-156.0,-156.0,-151.5,-157.0,-157.0,-153.5,-157.0,-157.0,-157.0,-157.0,-157.0,-156.0,-157.0,-148.0,-149.5,-151.5,-155.5,-151.5,-157.0,-156.0,-157.0,-156.5,-157.0,-156.0,-155.5,-154.5,-155.5,-154.0,-157.0,-157.0,-157.0,-155.0,-157.0,-157.0,-157.0,-157.0,-157.0,-157.0,-157.0,-157.0,-157.0,-153.5,-157.0,-157.0,-157.0,-157.0,-157.0,-157.0,-157.0,-157.0,-157.0,-157.0,-157.0,-155.0,-151.0,-153.0,-157.0,-156.5,-152.5,-148.5,-149.0,-157.0,-157.0,-157.0,-155.5,-157.0,-157.0,-151.0,-157.0,-155.0,-157.0,-157.0,-155.5,-151.0,-157.0,-156.0,-157.0,-157.0,-153.0,-148.5,-151.0,-157.0,-157.0,-157.0,-154.5,-157.0,-157.0,-157.0,-157.0,-156.5,-157.0,-156.0,-157.0,-157.0,-157.0,-155.5,-157.0,-157.0,-157.0,-155.5,-157.0,-157.0,-152.5,-154.0,-157.0,-157.0,-155.5,-153.0,-154.5,-153.0,-157.0,-157.0,-153.5,-157.0,-157.0,-157.0,-157.0,-156.0,-157.0,-157.0,-157.0,-155.5,-156.0,-157.0,-157.0,-157.0,-151.5,-156.0,-157.0,-157.0,-157.0,-153.0,-157.0,-154.5,-154.5,-157.0,-157.0,-153.0,-154.5,-154.5,-156.5,-153.0,-152.5,-157.0,-157.0,-155.5,-156.0,-157.0,-157.0,-155.0,-153.0,-155.5,-153.0,-153.0,-157.0,-156.5,-157.0,-156.5,-155.5,-153.0,-152.5,-157.0,-157.0,-157.0,-155.5,-157.0,-157.0,-151.5,-146.0,-150.5,-153.0,-155.0,-157.0,-157.0,-157.0,-157.0,-157.0,-154.0,-150.0,-149.5,-156.0,-156.0,-157.0,-152.5,-153.0,-157.0,-157.0,-157.0,-156.5,-157.0,-157.0,-157.0,-157.0,-157.0,-157.0,-157.0,-157.0,-154.5,-153.0,-154.5,-157.0,-157.0,-154.0,-157.0,-157.0,-155.5,-156.0,-157.0,-156.0,-157.0,-157.0,-154.0,-157.0,-157.0,-157.0,-157.0,-155.5,-155.0,-156.0,-155.0,-157.0,-157.0,-153.0,-152.5,-154.5,-155.5,-154.0,-152.0,-157.0,-157.0,-157.0,-157.0,-155.5,-156.5,-155.0,-149.0,-154.0,-153.5,-153.5,-150.5,-152.5,-155.0,-151.0,-157.0,-157.0,-157.0
2026-01-17 14:24:07.813,143.049967,5,-77,-157.0,-157.0,-157.0,-157.0,-157.0,-157.0,-155.0,-157.0,-157.0,-157.0,-157.0,-157.0,-157.0,-155.0,-155.0,-157.0,-155.5,-156.0,-157.0,-153.0,-157.0,-157.0,-155.5,-154.5,-157.0,-157.0,-157.0,-157.0,-157.0,-156.0,-151.0,-152.5,-151.0,-157.0,-156.5,-157.0,-151.5,-149.5,-150.5,-156.5,-157.0,-157.0,-157.0,-157.0,-151.5,-152.0,-145.5,-146.5,-157.0,-157.0,-154.0,-157.0,-156.0,-157.0,-157.0,-157.0,-152.5,-155.5,-149.5,-153.0,-157.0,-155.5,-153.5,-156.5,-157.0,-152.5,-153.0,-153.5,-157.0,-157.0,-157.0,-156.0,-157.0,-157.0,-157.0,-152.5,-157.0,-153.5,-155.0,-157.0,-157.0,-157.0,-157.0,-154.0,-152.5,-156.0,-155.0,-154.5,-156.5,-153.5,-153.5,-155.0,-157.0,-156.0,-157.0,-157.0,-157.0,-153.0,-152.5,-157.0,-156.0,-157.0,-153.5,-154.5,-155.0,-157.0,-157.0,-157.0,-157.0,-157.0,-155.0,-157.0,-157.0,-157.0,-157.0,-157.0,-153.0,-151.5,-152.0,-153.5,-157.0,-157.0,-157.0,-157.0,-157.0,-157.0,-157.0,-154.5,-157.0,-153.0,-157.0,-154.0,-156.0,-154.5,-156.5,-154.5,-153.5,-155.0,-157.0,-157.0,-157.0,-156.0,-154.0,-155.5,-157.0,-155.5,-155.0,-152.0,-157.0,-157.0,-154.5,-155.5,-153.5,-153.5,-157.0,-154.5,-157.0,-157.0,-157.0,-157.0,-156.0,-154.0,-154.0,-157.0,-156.0,-157.0,-157.0,-157.0,-156.0,-155.5,-155.5,-157.0,-156.5,-157.0,-157.0,-157.0,-155.0,-157.0,-157.0,-154.0,-151.0,-151.0,-157.0,-157.0,-157.0,-157.0,-151.5,-153.5,-157.0,-157.0,-156.0,-157.0,-157.0,-154.5,-155.0,-157.0,-157.0,-157.0,-157.0,-157.0,-157.0,-157.0,-157.0,-157.0,-155.5,-154.0,-155.0,-157.0,-157.0,-157.0,-154.5,-155.5,-157.0,-152.5,-151.0,-153.0,-152.0,-154.0,-154.5,-157.0,-157.0,-157.0,-156.0,-148.0,-148.0,-151.5,-151.0,-154.5,-157.0,-157.0,-157.0,-154.0,-157.0,-157.0,-153.5,-157.0,-153.5,-157.0,-154.0,-154.0,-156.5,-157.0,-149.0,-149.0,-155.0,-155.0,-153.0,-157.0,-157.0,-157.0,-157.0,-156.0,-151.5,-153.0,-156.5,-157.0,-157.0,-154.5,-157.0,-154.0,-154.5,-155.0,-157.0,-157.0,-157.0,-157.0,-157.0,-157.0,-157.0,-157.0,-151.0,-152.5,-157.0,-157.0,-157.0,-157.0,-157.0,-157.0,-157.0,-157.0,-157.0,-152.0,-151.5,-151.5,-157.0,-157.0,-154.5,-157.0,-152.5,-157.0,-157.0,-154.5,-152.5,-154.5,-157.0,-156.0,-154.5,-157.0,-155.5,-157.0,-157.0,-157.0,-155.0,-152.5,-154.0,-155.5,-157.0,-152.5,-150.0,-156.0,-157.0,-157.0,-157.0,-157.0,-157.0,-157.0,-157.0,-157.0,-157.0,-157.0,-155.0,-157.0,-155.0,-157.0,-155.0,-157.0,-156.5,-156.5,-152.0,-152.5,-157.0,-151.5,-154.0,-157.0,-157.0,-157.0,-154.0,-154.5,-157.0,-157.0,-157.0,-154.0,-157.0,-156.0,-154.5,-157.0,-153.5,-151.5,-155.5,-157.0,-156.0,-156.5,-157.0,-157.0,-154.5,-151.0,-157.0,-157.0,-157.0,-157.0,-152.5,-154.0,-157.0,-154.0,-153.5,-157.0,-157.0,-153.5,-152.5,-157.0,-157.0,-155.0,-155.5,-157.0,-157.0,-153.0,-153.0,-157.0,-157.0,-157.0,-153.5,-152.0,-156.0,-156.0,-156.0,-157.0,-157.0,-153.0,-153.5,-154.0,-153.5,-157.0,-157.0,-157.0,-157.0,-156.5,-157.0,-148.0,-152.5,-154.0,-155.0,-154.5,-156.0,-155.5,-157.0,-157.0,-153.5,-152.0,-152.0,-157.0,-157.0,-157.0,-153.5,-155.5,-157.0,-157.0,-157.0,-157.0,-157.0,-156.0,-154.0,-157.0,-157.0,-157.0,-154.5,-157.0,-156.5,-157.0,-157.0,-157.0,-157.0,-151.0,-152.5,-156.0,-155.0,-157.0,-157.0,-156.0,-157.0,-154.0,-153.5,-157.0,-157.0,-153.0,-154.5,-157.0,-157.0,-157.0,-156.5,-157.0,-157.0,-157.0,-157.0,-157.0,-156.5,-157.0,-157.0,-157.0,-157.0,-157.0,-157.0,-157.0,-157.0,-155.5,-152.0,-157.0,-157.0,-153.5,-152.0,-150.5,-157.0,-150.5,-157.0,-157.0,-157.0
2026-01-17 14:24:07.846,143.049967,5,-77,-157.0,-157.0,-152.5,-152.5,-157.0,-155.0,-154.5,-157.0,-157.0,-153.0,-150.0,-152.0,-157.0,-154.0,-157.0,-157.0,-156.0,-156.0,-157.0,-154.5,-157.0,-157.0,-157.0,-157.0,-157.0,-157.0,-157.0,-157.0,-157.0,-154.5,-152.0,-155.0,-153.5,-156.0,-155.0,-157.0,-155.0,-151.0,-150.0,-157.0,-157.0,-155.5,-152.5,-153.5,-151.5,-153.0,-149.5,-147.5,-157.0,-157.0,-154.5,-157.0,-156.0,-157.0,-156.5,-152.5,-151.0,-154.5,-151.0,-153.5,-151.0,-153.5,-157.0,-154.0,-153.5,-151.0,-149.0,-153.0,-157.0,-156.5,-157.0,-156.5,-154.0,-157.0,-157.0,-154.5,-156.0,-153.0,-156.0,-157.0,-157.0,-157.0,-157.0,-157.0,-154.0,-157.0,-157.0,-157.0,-157.0,-152.0,-149.5,-150.5,-156.5,-151.5,-157.0,-157.0,-157.0,-154.5,-150.5,-153.0,-157.0,-154.5,-151.5,-154.5,-157.0,-155.0,-154.5,-157.0,-157.0,-157.0,-157.0,-157.0,-157.0,-157.0,-157.0,-157.0,-155.0,-153.5,-152.5,-157.0,-153.5,-154.0,-157.0,-152.5,-155.0,-155.0,-153.5,-153.0,-154.5,-153.0,-154.0,-153.0,-154.5,-151.5,-151.0,-156.5,-157.0,-157.0,-157.0,-157.0,-155.5,-157.0,-155.0,-153.5,-156.0,-157.0,-157.0,-153.5,-157.0,-157.0,-155.0,-153.5,-151.5,-152.0,-154.5,-155.0,-152.5,-153.0,-157.0,-157.0,-157.0,-155.0,-154.0,-156.5,-157.0,-157.0,-157.0,-157.0,-157.0,-155.5,-153.0,-153.0,-152.5,-157.0,-157.0,-153.5,-151.0,-157.0,-157.0,-155.5,-157.0,-154.0,-157.0,-157.0,-157.0,-156.5,-153.0,-154.0,-156.5,-153.0,-152.5,-157.0,-157.0,-154.5,-157.0,-154.0,-153.0,-157.0,-157.0,-157.0,-157.0,-157.0,-157.0,-155.5,-154.5,-155.5,-156.0,-157.0,-154.5,-157.0,-156.5,-156.5,-157.0,-157.0,-155.5,-157.0,-157.0,-157.0,-153.5,-157.0,-157.0,-156.0,-153.5,-153.5,-150.0,-150.5,-153.0,-157.0,-157.0,-157.0,-154.0,-157.0,-157.0,-157.0,-153.0,-156.0,-154.0,-157.0,-153.0,-156.5,-157.0,-157.0,-150.0,-150.5,-156.5,-156.0,-157.0,-157.0,-157.0,-157.0,-157.0,-157.0,-153.5,-153.0,-152.0,-157.0,-157.0,-156.0,-157.0,-152.0,-156.0,-154.0,-157.0,-157.0,-157.0,-157.0,-157.0,-157.0,-157.0,-155.0,-153.0,-154.0,-155.0,-157.0,-157.0,-155.0,-155.5,-157.0,-157.0,-157.0,-153.5,-155.5,-153.0,-150.0,-153.5,-157.0,-156.0,-157.0,-153.0,-155.0,-154.0,-151.0,-151.5,-153.5,-157.0,-155.5,-157.0,-157.0,-157.0,-155.5,-155.0,-157.0,-157.0,-154.5,-156.5,-152.5,-153.0,-157.0,-154.0,-156.5,-157.0,-157.0,-157.0,-157.0,-157.0,-157.0,-156.0,-157.0,-157.0,-157.0,-153.0,-154.0,-155.5,-155.5,-153.5,-157.0,-157.0,-155.5,-152.0,-153.0,-157.0,-151.5,-157.0,-157.0,-157.0,-157.0,-156.5,-152.0,-157.0,-157.0,-156.5,-156.0,-157.0,-157.0,-152.0,-155.5,-153.5,-151.5,-155.5,-157.0,-157.0,-155.5,-157.0,-155.0,-157.0,-153.0,-157.0,-157.0,-157.0,-157.0,-153.0,-149.0,-154.0,-155.0,-153.0,-157.0,-157.0,-157.0,-157.0,-157.0,-157.0,-157.0,-157.0,-157.0,-157.0,-156.0,-153.5,-157.0,-156.5,-155.5,-155.5,-157.0,-157.0,-157.0,-155.5,-155.5,-156.5,-151.5,-157.0,-157.0,-153.5,-157.0,-157.0,-157.0,-157.0,-157.0,-154.0,-151.5,-155.0,-157.0,-157.0,-153.5,-156.0,-154.5,-151.5,-152.0,-157.0,-154.5,-156.5,-157.0,-155.5,-153.0,-152.5,-157.0,-152.5,-152.5,-154.5,-157.0,-155.5,-152.0,-151.5,-157.0,-153.5,-154.0,-157.0,-155.5,-157.0,-157.0,-157.0,-157.0,-157.0,-151.0,-152.0,-157.0,-156.5,-157.0,-157.0,-155.0,-155.0,-154.0,-153.5,-157.0,-155.0,-153.0,-155.5,-157.0,-157.0,-157.0,-154.5,-155.5,-152.5,-154.5,-157.0,-156.5,-157.0,-157.0,-157.0,-156.0,-157.0,-157.0,-153.0,-154.0,-157.0,-157.0,-157.0,-157.0,-157.0,-155.0,-157.0,-153.5,-155.5,-154.0,-157.0,-157.0,-151.5
2026-01-17 14:24:07.879,143.049967,5,-77,-157.0,-157.0,-149.0,-149.5,-157.0,-153.5,-154.0,-157.0,-153.5,-149.5,-148.5,-151.0,-155.5,-153.5,-157.0,-157.0,-157.0,-157.0,-157.0,-155.5,-156.5,-157.0,-157.0,-156.5,-156.0,-157.0,-154.5,-157.0,-155.0,-153.5,-157.0,-157.0,-154.5,-156.0,-157.0,-157.0,-155.5,-150.0,-151.0,-157.0,-154.0,-152.5,-154.0,-156.0,-157.0,-155.0,-155.0,-150.0,-154.5,-157.0,-154.0,-156.0,-157.0,-153.5,-155.0,-155.0,-153.0,-154.0,-153.5,-156.5,-150.0,-149.5,-157.0,-154.0,-154.0,-156.5,-151.5,-157.0,-157.0,-157.0,-157.0,-155.0,-157.0,-155.5,-154.5,-157.0,-157.0,-157.0,-153.0,-153.0,-157.0,-155.0,-156.0,-157.0,-155.0,-157.0,-157.0,-157.0,-157.0,-156.0,-153.5,-151.0,-150.5,-148.0,-154.5,-157.0,-154.0,-155.0,-152.5,-154.0,-156.0,-157.0,-155.0,-157.0,-157.0,-157.0,-154.0,-155.5,-157.0,-157.0,-157.0,-157.0,-157.0,-154.5,-156.5,-157.0,-156.0,-157.0,-157.0,-152.5,-150.5,-156.0,-157.0,-151.0,-156.5,-157.0,-152.5,-156.5,-155.0,-152.5,-152.5,-153.5,-157.0,-154.5,-151.5,-154.0,-154.0,-155.5,-153.5,-155.5,-157.0,-157.0,-153.5,-153.5,-152.0,-157.0,-154.0,-153.0,-154.5,-154.0,-157.0,-157.0,-157.0,-157.0,-156.5,-157.0,-153.0,-155.5,-155.0,-154.5,-157.0,-154.0,-152.5,-155.0,-157.0,-157.0,-156.5,-156.0,-156.0,-157.0,-156.5,-150.5,-153.0,-157.0,-157.0,-155.5,-152.0,-150.0,-151.0,-155.0,-156.5,-156.0,-155.5,-157.0,-157.0,-157.0,-155.0,-152.5,-154.5,-154.5,-153.5,-151.0,-152.0,-152.5,-157.0,-151.0,-151.0,-157.0,-157.0,-156.5,-157.0,-157.0,-157.0,-157.0,-157.0,-157.0,-157.0,-152.5,-150.5,-157.0,-157.0,-157.0,-157.0,-157.0,-157.0,-157.0,-157.0,-156.0,-156.5,-156.5,-157.0,-154.0,-152.5,-157.0,-152.5,-154.5,-153.5,-157.0,-157.0,-153.0,-152.0,-157.0,-157.0,-157.0,-154.0,-157.0,-157.0,-156.5,-157.0,-157.0,-157.0,-157.0,-151.0,-153.0,-153.0,-153.0,-157.0,-156.5,-156.0,-157.0,-154.0,-157.0,-157.0,-153.5,-149.5,-157.0,-157.0,-157.0,-157.0,-153.5,-155.0,-156.0,-157.0,-157.0,-157.0,-157.0,-157.0,-157.0,-157.0,-152.0,-155.5,-157.0,-155.5,-157.0,-153.5,-152.5,-157.0,-157.0,-157.0,-157.0,-154.0,-153.5,-154.5,-150.5,-154.5,-157.0,-156.0,-157.0,-153.5,-154.5,-154.0,-152.0,-155.0,-156.5,-155.0,-154.5,-156.5,-157.0,-157.0,-157.0,-155.5,-156.5,-157.0,-156.5,-157.0,-154.0,-155.0,-157.0,-156.5,-156.0,-157.0,-157.0,-157.0,-156.5,-156.5,-156.5,-153.0,-156.5,-157.0,-157.0,-155.0,-157.0,-156.5,-155.5,-157.0,-155.5,-157.0,-157.0,-155.5,-157.0,-151.0,-150.0,-155.5,-157.0,-157.0,-155.0,-156.0,-154.5,-157.0,-157.0,-154.5,-157.0,-156.5,-152.5,-150.5,-157.0,-157.0,-155.5,-157.0,-155.5,-156.5,-156.5,-156.0,-153.0,-157.0,-154.5,-157.0,-157.0,-157.0,-157.0,-157.0,-149.5,-151.0,-152.5,-155.0,-154.5,-157.0,-157.0,-157.0,-157.0,-157.0,-157.0,-157.0,-157.0,-157.0,-157.0,-156.0,-157.0,-155.5,-152.5,-155.0,-157.0,-157.0,-157.0,-157.0,-157.0,-154.0,-151.0,-157.0,-154.0,-154.0,-157.0,-157.0,-157.0,-157.0,-157.0,-155.0,-154.5,-157.0,-157.0,-153.5,-152.0,-157.0,-157.0,-151.0,-151.5,-157.0,-153.5,-156.0,-157.0,-156.0,-152.5,-151.5,-151.5,-152.5,-152.0,-157.0,-156.5,-155.5,-152.0,-151.5,-157.0,-155.5,-152.5,-155.0,-153.5,-157.0,-157.0,-157.0,-157.0,-157.0,-154.5,-157.0,-157.0,-155.5,-156.0,-157.0,-155.0,-157.0,-157.0,-156.5,-157.0,-157.0,-156.5,-157.0,-155.5,-152.0,-157.0,-152.5,-153.0,-150.5,-152.5,-157.0,-156.0,-157.0,-157.0,-155.0,-153.0,-155.5,-155.0,-153.0,-154.5,-157.0,-156.0,-157.0,-157.0,-155.0,-153.0,-157.0,-157.0,-157.0,-157.0,-157.0,-157.0,-150.5
2026-01-17 14:24:07.911,143.049967,5,-77,-157.0,-157.0,-151.5,-151.0,-157.0,-156.5,-157.0,-157.0,-153.5,-153.5,-152.5,-153.5,-157.0,-155.5,-157.0,-157.0,-157.0,-157.0,-156.0,-155.0,-153.0,-156.5,-155.5,-153.0,-157.0,-154.0,-153.5,-157.0,-157.0,-157.0,-157.0,-157.0,-154.0,-157.0,-157.0,-154.5,-152.0,-152.0,-152.0,-153.5,-156.5,-156.0,-157.0,-156.5,-157.0,-152.0,-153.5,-151.0,-154.5,-152.5,-153.5,-157.0,-157.0,-152.0,-155.0,-156.5,-157.0,-157.0,-155.0,-157.0,-156.5,-150.0,-153.0,-157.0,-155.5,-151.5,-154.0,-157.0,-156.5,-157.0,-157.0,-154.5,-157.0,-153.5,-154.0,-157.0,-155.5,-156.5,-152.0,-151.0,-157.0,-157.0,-155.0,-155.5,-156.0,-157.0,-157.0,-157.0,-157.0,-156.5,-157.0,-157.0,-152.0,-149.0,-151.0,-156.5,-154.0,-154.0,-154.5,-157.0,-157.0,-156.0,-153.5,-157.0,-157.0,-157.0,-157.0,-157.0,-157.0,-157.0,-157.0,-157.0,-154.0,-155.0,-156.5,-157.0,-157.0,-156.5,-157.0,-152.0,-151.0,-157.0,-157.0,-152.5,-155.0,-157.0,-156.0,-154.0,-154.0,-154.0,-157.0,-153.5,-157.0,-157.0,-154.5,-155.0,-154.5,-157.0,-154.0,-155.0,-157.0,-157.0,-156.5,-152.0,-155.0,-153.5,-153.0,-152.5,-153.5,-157.0,-157.0,-157.0,-157.0,-157.0,-157.0,-155.5,-156.5,-157.0,-153.0,-151.5,-151.5,-150.5,-154.0,-154.5,-157.0,-157.0,-157.0,-155.5,-152.0,-157.0,-156.5,-152.5,-157.0,-157.0,-157.0,-157.0,-157.0,-149.5,-149.0,-157.0,-157.0,-153.5,-154.0,-156.0,-157.0,-157.0,-152.5,-151.5,-157.0,-155.0,-157.0,-148.0,-148.0,-150.0,-157.0,-153.5,-152.5,-157.0,-157.0,-152.5,-153.5,-153.0,-156.5,-157.0,-157.0,-155.5,-157.0,-155.5,-152.0,-152.5,-156.0,-157.0,-157.0,-157.0,-157.0,-154.0,-156.0,-157.0,-157.0,-157.0,-157.0,-157.0,-155.0,-157.0,-155.5,-153.0,-150.0,-155.5,-152.0,-151.5,-153.0,-157.0,-157.0,-154.5,-150.5,-153.0,-157.0,-154.5,-157.0,-157.0,-157.0,-157.0,-152.0,-149.5,-155.5,-155.5,-156.5,-157.0,-157.0,-157.0,-154.0,-157.0,-157.0,-151.0,-150.0,-156.0,-155.5,-157.0,-157.0,-156.0,-157.0,-157.0,-156.5,-156.5,-153.5,-155.5,-156.5,-154.5,-154.0,-152.0,-157.0,-157.0,-157.0,-157.0,-153.5,-151.0,-157.0,-157.0,-157.0,-154.5,-153.0,-154.0,-154.0,-153.5,-157.0,-156.5,-153.5,-155.5,-156.5,-157.0,-153.5,-157.0,-155.5,-154.5,-157.0,-151.0,-150.0,-157.0,-155.5,-155.0,-157.0,-157.0,-154.0,-154.0,-157.0,-157.0,-157.0,-157.0,-157.0,-157.0,-157.0,-157.0,-153.0,-151.5,-154.5,-152.5,-154.5,-157.0,-154.5,-155.0,-154.5,-157.0,-157.0,-157.0,-157.0,-157.0,-157.0,-157.0,-157.0,-153.5,-151.5,-155.5,-154.5,-157.0,-157.0,-154.0,-157.0,-155.5,-153.5,-154.0,-151.5,-152.0,-157.0,-154.0,-152.5,-157.0,-157.0,-155.0,-157.0,-153.0,-154.5,-157.0,-157.0,-153.0,-156.5,-152.5,-157.0,-155.5,-155.5,-157.0,-157.0,-154.5,-155.5,-152.0,-153.0,-150.5,-157.0,-153.0,-157.0,-157.0,-157.0,-157.0,-157.0,-157.0,-157.0,-157.0,-157.0,-157.0,-157.0,-156.0,-154.0,-157.0,-157.0,-157.0,-157.0,-157.0,-156.0,-153.5,-157.0,-155.5,-153.0,-157.0,-157.0,-157.0,-157.0,-157.0,-156.5,-155.5,-157.0,-155.5,-151.5,-151.0,-157.0,-157.0,-156.5,-155.5,-157.0,-155.5,-157.0,-157.0,-155.5,-154.0,-152.5,-155.0,-157.0,-157.0,-157.0,-157.0,-157.0,-156.5,-153.0,-157.0,-157.0,-153.5,-153.0,-156.5,-157.0,-157.0,-157.0,-157.0,-157.0,-157.0,-155.0,-152.5,-155.5,-157.0,-152.5,-150.5,-155.5,-156.5,-157.0,-157.0,-157.0,-157.0,-157.0,-153.5,-150.0,-152.5,-155.0,-155.5,-153.0,-153.0,-157.0,-157.0,-157.0,-156.5,-157.0,-155.0,-154.5,-157.0,-157.0,-157.0,-156.5,-155.0,-157.0,-157.0,-157.0,-153.0,-154.5,-157.0,-157.0,-157.0,-157.0,-154.5,-152.0
2026-01-17 14:24:07.946,143.049967,5,-77,-157.0,-157.0,-155.0,-152.5,-156.0,-157.0,-157.0,-157.0,-157.0,-157.0,-156.0,-157.0,-152.5,-154.0,-157.0,-156.0,-157.0,-157.0,-156.0,-157.0,-154.5,-152.5,-150.5,-151.0,-157.0,-157.0,-156.5,-157.0,-157.0,-157.0,-157.0,-157.0,-151.5,-155.5,-157.0,-155.5,-155.5,-156.0,-153.5,-152.5,-157.0,-157.0,-157.0,-154.5,-155.5,-155.0,-155.5,-152.5,-153.0,-151.5,-152.5,-157.0,-156.0,-152.0,-157.0,-153.5,-157.0,-152.0,-153.5,-154.5,-154.5,-150.0,-152.0,-157.0,-155.0,-151.0,-153.0,-154.5,-157.0,-157.0,-157.0,-155.5,-153.0,-155.5,-156.5,-157.0,-154.5,-157.0,-152.5,-152.0,-157.0,-157.0,-157.0,-157.0,-156.5,-153.5,-151.0,-151.0,-153.0,-153.0,-155.0,-157.0,-157.0,-154.0,-150.0,-154.5,-153.5,-151.5,-155.0,-157.0,-157.0,-153.5,-152.0,-155.0,-157.0,-155.0,-157.0,-157.0,-157.0,-157.0,-157.0,-157.0,-154.0,-157.0,-156.0,-157.0,-157.0,-153.5,-157.0,-157.0,-154.0,-156.5,-157.0,-152.5,-153.5,-157.0,-157.0,-156.0,-153.5,-153.5,-155.0,-153.5,-157.0,-157.0,-157.0,-157.0,-157.0,-157.0,-155.0,-155.5,-157.0,-157.0,-157.0,-151.5,-156.5,-155.0,-155.0,-152.5,-153.0,-157.0,-157.0,-157.0,-157.0,-157.0,-157.0,-154.5,-157.0,-156.0,-155.5,-155.0,-154.0,-151.0,-154.0,-155.5,-154.5,-154.5,-156.0,-157.0,-152.5,-156.0,-155.5,-154.0,-157.0,-157.0,-157.0,-157.0,-157.0,-156.5,-154.0,-157.0,-157.0,-157.0,-157.0,-157.0,-157.0,-153.0,-152.0,-157.0,-157.0,-153.0,-156.0,-151.5,-152.5,-154.0,-157.0,-154.0,-154.0,-157.0,-157.0,-151.5,-153.0,-154.0,-157.0,-157.0,-155.5,-154.0,-157.0,-157.0,-156.5,-153.0,-156.5,-157.0,-157.0,-157.0,-157.0,-154.5,-153.5,-157.0,-157.0,-157.0,-157.0,-157.0,-154.5,-154.5,-157.0,-150.5,-149.0,-156.0,-149.0,-151.0,-157.0,-157.0,-157.0,-151.0,-151.5,-155.0,-157.0,-155.0,-156.5,-157.0,-157.0,-156.5,-150.0,-149.5,-157.0,-157.0,-157.0,-157.0,-157.0,-154.0,-155.5,-157.0,-154.5,-150.5,-152.5,-157.0,-154.0,-157.0,-154.0,-154.0,-157.0,-157.0,-156.5,-155.0,-150.5,-150.5,-154.0,-151.0,-151.0,-156.0,-157.0,-157.0,-157.0,-157.0,-154.0,-151.0,-156.0,-157.0,-157.0,-154.5,-157.0,-157.0,-154.5,-153.0,-155.0,-153.5,-152.5,-149.5,-154.0,-157.0,-152.0,-157.0,-157.0,-156.5,-157.0,-149.5,-149.5,-156.5,-155.5,-152.5,-156.0,-157.0,-154.5,-156.0,-157.0,-157.0,-157.0,-157.0,-157.0,-157.0,-157.0,-157.0,-152.0,-151.5,-155.0,-151.5,-156.0,-157.0,-155.0,-153.5,-154.0,-157.0,-154.5,-157.0,-157.0,-157.0,-154.5,-156.5,-157.0,-157.0,-154.5,-157.0,-157.0,-157.0,-154.5,-156.5,-157.0,-154.0,-154.0,-155.0,-152.5,-150.5,-157.0,-157.0,-154.5,-157.0,-151.5,-151.0,-157.0,-154.0,-156.5,-157.0,-157.0,-157.0,-153.0,-150.5,-157.0,-157.0,-153.5,-157.0,-157.0,-157.0,-157.0,-154.5,-157.0,-148.5,-150.0,-150.0,-157.0,-157.0,-157.0,-157.0,-157.0,-157.0,-157.0,-157.0,-157.0,-156.0,-157.0,-157.0,-153.0,-157.0,-155.5,-157.0,-157.0,-157.0,-155.5,-157.0,-157.0,-154.5,-153.5,-156.5,-157.0,-157.0,-157.0,-157.0,-156.0,-156.5,-156.5,-157.0,-156.5,-153.5,-157.0,-157.0,-157.0,-157.0,-157.0,-157.0,-157.0,-157.0,-154.0,-154.0,-153.0,-157.0,-154.0,-157.0,-157.0,-157.0,-157.0,-157.0,-154.0,-156.5,-157.0,-157.0,-156.5,-156.0,-157.0,-157.0,-157.0,-157.0,-155.5,-153.5,-154.5,-152.5,-156.0,-157.0,-152.0,-151.5,-152.0,-154.0,-156.5,-157.0,-157.0,-156.5,-157.0,-155.5,-150.0,-151.0,-157.0,-157.0,-157.0,-155.5,-157.0,-157.0,-155.5,-153.5,-157.0,-157.0,-156.0,-157.0,-157.0,-157.0,-157.0,-157.0,-154.5,-157.0,-157.0,-155.5,-155.5,-156.5,-157.0,-157.0,-157.0,-152.0,-156.5
2026-01-17 14:24:07.980,143.049967,5,-77,-157.0,-157.0,-154.0,-153.0,-157.0,-157.0,-157.0,-157.0,-157.0,-157.0,-157.0,-157.0,-150.0,-152.5,-154.5,-156.0,-157.0,-157.0,-157.0,-157.0,-157.0,-156.0,-154.5,-151.0,-157.0,-157.0,-157.0,-157.0,-157.0,-155.5,-155.5,-157.0,-153.5,-155.5,-157.0,-157.0,-157.0,-157.0,-154.5,-153.5,-157.0,-157.0,-156.5,-157.0,-157.0,-157.0,-157.0,-156.5,-157.0,-154.5,-152.0,-153.0,-153.5,-154.0,-154.0,-153.0,-155.5,-151.5,-154.0,-156.5,-156.0,-153.0,-157.0,-157.0,-156.0,-154.5,-155.5,-154.5,-157.0,-157.0,-157.0,-157.0,-155.5,-157.0,-155.5,-152.5,-157.0,-157.0,-149.5,-152.5,-157.0,-157.0,-157.0,-157.0,-157.0,-155.0,-151.0,-150.0,-149.0,-150.5,-157.0,-157.0,-157.0,-152.5,-149.5,-152.0,-153.0,-151.0,-156.5,-157.0,-157.0,-157.0,-154.5,-155.0,-154.0,-152.5,-157.0,-154.5,-156.0,-155.0,-156.0,-154.5,-154.5,-157.0,-152.5,-153.0,-157.0,-152.5,-157.0,-157.0,-153.5,-156.0,-157.0,-157.0,-157.0,-157.0,-156.5,-157.0,-156.5,-156.0,-153.0,-156.5,-157.0,-156.0,-157.0,-157.0,-157.0,-157.0,-156.5,-157.0,-157.0,-157.0,-157.0,-152.0,-154.0,-154.0,-156.5,-157.0,-157.0,-156.0,-157.0,-157.0,-157.0,-154.5,-157.0,-153.0,-157.0,-156.0,-155.5,-157.0,-157.0,-154.0,-157.0,-157.0,-153.5,-150.5,-151.0,-157.0,-153.5,-156.5,-157.0,-156.0,-157.0,-157.0,-157.0,-157.0,-157.0,-157.0,-157.0,-157.0,-157.0,-157.0,-157.0,-157.0,-157.0,-152.5,-150.5,-156.0,-157.0,-155.5,-153.0,-155.5,-156.0,-157.0,-154.5,-149.5,-151.0,-157.0,-157.0,-155.5,-156.0,-156.0,-157.0,-157.0,-154.5,-154.5,-154.5,-155.5,-155.5,-156.0,-157.0,-157.0,-157.0,-157.0,-157.0,-157.0,-157.0,-157.0,-157.0,-157.0,-157.0,-157.0,-152.5,-152.5,-157.0,-157.0,-152.5,-157.0,-151.5,-153.5,-157.0,-155.0,-154.0,-153.0,-157.0,-154.5,-157.0,-154.5,-155.5,-157.0,-156.5,-153.0,-153.5,-153.5,-157.0,-157.0,-157.0,-157.0,-157.0,-157.0,-156.5,-154.5,-152.5,-154.5,-155.0,-157.0,-156.0,-157.0,-156.0,-155.5,-157.0,-157.0,-154.0,-155.0,-154.5,-153.5,-156.0,-153.0,-153.0,-155.0,-157.0,-157.0,-157.0,-157.0,-157.0,-152.5,-153.0,-156.0,-157.0,-153.5,-156.0,-157.0,-157.0,-156.5,-157.0,-155.5,-157.0,-148.0,-149.0,-157.0,-151.5,-153.5,-157.0,-157.0,-157.0,-152.5,-153.5,-155.5,-157.0,-150.5,-151.5,-157.0,-157.0,-157.0,-156.5,-157.0,-157.0,-157.0,-156.0,-155.0,-157.0,-157.0,-155.5,-157.0,-157.0,-156.0,-153.5,-154.0,-157.0,-157.0,-156.5,-157.0,-153.0,-157.0,-157.0,-157.0,-154.0,-153.5,-157.0,-157.0,-157.0,-157.0,-157.0,-152.5,-152.5,-157.0,-157.0,-155.0,-157.0,-157.0,-157.0,-156.5,-157.0,-156.0,-152.0,-154.5,-151.0,-149.0,-155.0,-157.0,-157.0,-157.0,-157.0,-157.0,-157.0,-151.0,-151.0,-157.0,-154.5,-157.0,-156.0,-153.0,-152.0,-157.0,-157.0,-147.5,-148.5,-151.0,-154.5,-157.0,-157.0,-157.0,-155.5,-157.0,-157.0,-157.0,-157.0,-157.0,-157.0,-157.0,-156.0,-154.0,-153.5,-157.0,-157.0,-157.0,-155.5,-154.5,-157.0,-153.0,-151.5,-152.0,-157.0,-157.0,-156.5,-156.5,-153.0,-154.0,-157.0,-157.0,-156.5,-153.0,-157.0,-157.0,-157.0,-155.0,-156.0,-157.0,-157.0,-157.0,-150.5,-151.5,-153.5,-156.0,-151.5,-151.5,-157.0,-157.0,-157.0,-155.5,-155.5,-155.0,-157.0,-157.0,-157.0,-153.0,-157.0,-157.0,-155.0,-157.0,-152.5,-151.5,-157.0,-157.0,-157.0,-156.5,-153.0,-157.0,-156.0,-153.5,-157.0,-157.0,-157.0,-157.0,-157.0,-151.5,-152.0,-155.5,-157.0,-157.0,-157.0,-157.0,-157.0,-154.0,-152.5,-152.5,-157.0,-157.0,-157.0,-155.0,-156.5,-157.0,-157.0,-157.0,-155.0,-155.5,-157.0,-156.0,-156.0,-157.0,-156.5,-154.0,-157.0,-155.5,-157.0
2026-01-17 14:24:08.012,143.049967,5,-77,-157.0,-157.0,-154.5,-156.5,-155.0,-157.0,-157.0,-157.0,-156.0,-154.0,-154.0,-152.0,-150.0,-154.5,-152.5,-155.0,-157.0,-157.0,-157.0,-157.0,-157.0,-157.0,-156.5,-152.5,-157.0,-157.0,-157.0,-157.0,-157.0,-157.0,-155.0,-157.0,-157.0,-156.5,-157.0,-157.0,-157.0,-152.5,-154.0,-157.0,-157.0,-157.0,-157.0,-156.0,-157.0,-157.0,-157.0,-157.0,-157.0,-152.5,-152.5,-152.0,-151.0,-157.0,-157.0,-157.0,-157.0,-157.0,-157.0,-157.0,-157.0,-154.5,-156.5,-156.5,-157.0,-153.5,-156.0,-157.0,-157.0,-157.0,-157.0,-157.0,-157.0,-157.0,-154.5,-152.0,-157.0,-157.0,-151.5,-154.5,-152.0,-154.0,-157.0,-157.0,-155.0,-156.5,-151.0,-152.0,-153.5,-155.5,-157.0,-157.0,-157.0,-152.0,-155.0,-156.5,-154.0,-153.0,-157.0,-157.0,-157.0,-157.0,-156.0,-154.0,-157.0,-154.0,-152.0,-153.0,-157.0,-151.0,-151.0,-157.0,-154.5,-157.0,-153.0,-155.5,-157.0,-154.5,-157.0,-156.0,-152.5,-157.0,-154.0,-157.0,-157.0,-155.5,-154.5,-157.0,-157.0,-157.0,-155.5,-157.0,-157.0,-157.0,-157.0,-152.5,-155.0,-157.0,-157.0,-157.0,-157.0,-157.0,-157.0,-157.0,-156.5,-151.0,-156.0,-157.0,-157.0,-149.0,-149.5,-153.5,-157.0,-152.5,-157.0,-152.5,-157.0,-157.0,-154.0,-157.0,-157.0,-157.0,-157.0,-157.0,-157.0,-152.0,-152.0,-157.0,-151.0,-154.5,-157.0,-156.0,-157.0,-156.0,-157.0,-152.0,-155.5,-157.0,-157.0,-157.0,-157.0,-157.0,-157.0,-156.0,-156.0,-153.0,-152.0,-154.0,-157.0,-155.5,-152.5,-154.0,-156.5,-154.0,-154.0,-150.5,-152.0,-157.0,-157.0,-157.0,-157.0,-157.0,-157.0,-157.0,-157.0,-152.5,-150.5,-151.0,-156.5,-157.0,-157.0,-157.0,-157.0,-157.0,-156.5,-155.0,-157.0,-157.0,-157.0,-157.0,-157.0,-157.0,-157.0,-154.0,-156.0,-156.0,-157.0,-157.0,-156.5,-156.5,-157.0,-151.0,-151.0,-154.0,-157.0,-155.5,-153.5,-155.0,-154.0,-155.0,-154.0,-152.5,-157.0,-157.0,-157.0,-157.0,-157.0,-157.0,-157.0,-157.0,-153.5,-152.5,-153.0,-157.0,-153.5,-156.5,-153.5,-157.0,-157.0,-157.0,-157.0,-157.0,-155.5,-154.0,-155.5,-157.0,-157.0,-157.0,-154.5,-154.0,-154.0,-156.0,-157.0,-157.0,-157.0,-157.0,-157.0,-156.0,-154.0,-150.0,-151.0,-157.0,-157.0,-157.0,-157.0,-155.0,-156.0,-149.0,-148.0,-154.5,-155.5,-156.5,-152.5,-154.0,-157.0,-157.0,-157.0,-157.0,-157.0,-151.0,-150.5,-156.5,-157.0,-157.0,-155.5,-156.5,-157.0,-156.5,-157.0,-153.5,-157.0,-157.0,-157.0,-157.0,-157.0,-155.5,-153.5,-153.5,-155.5,-157.0,-154.0,-156.0,-152.0,-153.5,-156.5,-157.0,-157.0,-155.0,-156.0,-157.0,-157.0,-157.0,-153.5,-152.0,-155.0,-157.0,-157.0,-154.0,-154.0,-157.0,-157.0,-157.0,-157.0,-155.0,-153.0,-153.0,-156.5,-151.5,-152.0,-157.0,-157.0,-157.0,-155.0,-156.5,-157.0,-155.5,-152.5,-157.0,-157.0,-157.0,-153.0,-150.5,-152.5,-157.0,-154.5,-150.5,-156.5,-153.5,-157.0,-157.0,-157.0,-157.0,-156.0,-157.0,-157.0,-157.0,-157.0,-157.0,-157.0,-157.0,-157.0,-154.5,-155.5,-157.0,-157.0,-157.0,-152.0,-150.5,-157.0,-155.0,-149.5,-148.5,-153.0,-154.5,-155.5,-157.0,-156.0,-156.5,-157.0,-157.0,-151.0,-149.5,-157.0,-157.0,-157.0,-157.0,-157.0,-157.0,-157.0,-157.0,-148.0,-149.5,-152.0,-157.0,-154.0,-151.5,-155.0,-156.5,-153.0,-152.0,-154.5,-156.0,-157.0,-157.0,-157.0,-152.5,-155.0,-157.0,-155.5,-155.0,-154.0,-152.5,-157.0,-157.0,-157.0,-154.0,-152.0,-154.0,-153.0,-151.5,-153.5,-157.0,-157.0,-157.0,-157.0,-152.5,-154.5,-155.5,-157.0,-157.0,-157.0,-157.0,-157.0,-156.0,-157.0,-157.0,-157.0,-157.0,-157.0,-156.0,-157.0,-157.0,-157.0,-157.0,-157.0,-156.5,-157.0,-156.0,-156.5,-157.0,-152.0,-150.0,-157.0,-157.0,-157.0
2026-01-17 14:24:08.048,143.049967,5,-77,-157.0,-157.0,-153.0,-152.5,-153.0,-157.0,-157.0,-157.0,-153.5,-151.5,-156.5,-154.5,-154.5,-151.5,-150.0,-157.0,-157.0,-157.0,-157.0,-157.0,-157.0,-157.0,-157.0,-155.0,-157.0,-157.0,-157.0,-157.0,-157.0,-157.0,-157.0,-157.0,-156.0,-154.5,-156.5,-157.0,-157.0,-151.5,-154.5,-157.0,-156.0,-157.0,-157.0,-155.0,-157.0,-156.5,-157.0,-157.0,-157.0,-154.0,-156.0,-155.0,-155.5,-157.0,-157.0,-157.0,-157.0,-157.0,-154.5,-157.0,-157.0,-157.0,-156.5,-152.0,-155.0,-155.5,-156.5,-157.0,-157.0,-157.0,-157.0,-157.0,-157.0,-157.0,-157.0,-155.0,-156.0,-157.0,-156.5,-157.0,-149.5,-150.5,-156.0,-157.0,-153.0,-153.5,-150.0,-150.5,-157.0,-157.0,-155.0,-157.0,-155.0,-151.0,-157.0,-156.5,-152.0,-152.0,-157.0,-157.0,-156.0,-156.0,-157.0,-157.0,-157.0,-156.0,-151.5,-153.0,-157.0,-151.0,-151.0,-157.0,-155.5,-156.5,-157.0,-156.5,-157.0,-157.0,-157.0,-154.5,-155.5,-156.5,-155.5,-157.0,-157.0,-154.5,-154.5,-157.0,-157.0,-157.0,-157.0,-157.0,-157.0,-157.0,-155.5,-152.0,-155.5,-154.0,-157.0,-157.0,-157.0,-157.0,-155.5,-157.0,-151.5,-150.0,-152.0,-155.5,-156.5,-149.5,-150.5,-149.0,-155.0,-153.0,-156.0,-155.0,-157.0,-153.0,-152.0,-157.0,-157.0,-157.0,-156.0,-157.0,-157.0,-156.0,-157.0,-156.5,-152.0,-153.5,-154.5,-153.0,-153.5,-154.5,-156.0,-150.5,-152.5,-157.0,-157.0,-155.5,-157.0,-157.0,-155.0,-154.0,-157.0,-155.5,-157.0,-157.0,-156.5,-157.0,-154.5,-156.5,-154.5,-153.5,-155.0,-154.5,-157.0,-157.0,-157.0,-157.0,-157.0,-155.5,-157.0,-157.0,-157.0,-153.5,-154.0,-153.5,-156.5,-157.0,-157.0,-154.5,-155.0,-157.0,-157.0,-153.5,-156.0,-157.0,-157.0,-157.0,-152.5,-153.0,-154.0,-153.5,-157.0,-156.0,-157.0,-154.0,-157.0,-155.5,-155.0,-151.5,-151.0,-154.0,-157.0,-157.0,-156.0,-157.0,-153.0,-156.0,-151.5,-151.0,-157.0,-157.0,-157.0,-157.0,-157.0,-157.0,-157.0,-157.0,-156.0,-157.0,-156.5,-157.0,-150.5,-150.5,-151.0,-154.0,-155.5,-157.0,-157.0,-157.0,-157.0,-156.0,-155.5,-157.0,-156.0,-157.0,-157.0,-157.0,-151.0,-151.5,-156.0,-154.5,-156.0,-157.0,-157.0,-157.0,-152.5,-151.0,-155.0,-157.0,-157.0,-157.0,-157.0,-157.0,-156.0,-154.0,-151.0,-155.0,-157.0,-157.0,-151.0,-151.5,-157.0,-157.0,-157.0,-157.0,-157.0,-155.0,-153.0,-157.0,-157.0,-157.0,-154.5,-156.0,-157.0,-157.0,-157.0,-157.0,-157.0,-157.0,-157.0,-157.0,-157.0,-156.0,-153.5,-154.0,-153.5,-156.0,-155.5,-157.0,-154.0,-155.5,-152.5,-157.0,-157.0,-157.0,-154.0,-157.0,-157.0,-157.0,-156.0,-153.0,-156.0,-157.0,-157.0,-155.5,-156.0,-157.0,-153.0,-157.0,-157.0,-157.0,-157.0,-156.0,-157.0,-157.0,-151.5,-152.0,-157.0,-157.0,-151.5,-153.0,-157.0,-157.0,-157.0,-156.5,-156.5,-155.0,-156.5,-151.5,-157.0,-157.0,-157.0,-154.5,-157.0,-157.0,-155.5,-157.0,-156.0,-157.0,-157.0,-157.0,-157.0,-157.0,-157.0,-157.0,-155.5,-157.0,-157.0,-154.5,-153.5,-154.5,-157.0,-157.0,-151.0,-152.0,-157.0,-157.0,-154.5,-151.0,-153.0,-153.0,-157.0,-157.0,-157.0,-157.0,-157.0,-157.0,-150.0,-150.0,-153.5,-156.5,-157.0,-157.0,-157.0,-155.0,-156.5,-157.0,-149.0,-153.5,-151.0,-153.0,-157.0,-151.5,-150.0,-157.0,-150.0,-153.0,-154.0,-155.5,-157.0,-156.5,-156.0,-153.5,-157.0,-157.0,-157.0,-154.0,-157.0,-152.0,-155.5,-157.0,-157.0,-157.0,-156.5,-154.0,-154.5,-154.5,-156.5,-156.5,-156.5,-155.5,-153.0,-153.0,-157.0,-155.0,-157.0,-157.0,-157.0,-157.0,-157.0,-156.0,-157.0,-157.0,-157.0,-157.0,-156.0,-155.5,-155.0,-154.0,-157.0,-157.0,-157.0,-157.0,-157.0,-157.0,-156.0,-157.0,-151.5,-152.5,-157.0,-157.0,-152.0
2026-01-17 14:24:08.084,143.049967,5,-77,-157.0,-157.0,-150.5,-150.0,-156.0,-155.5,-156.0,-157.0,-156.0,-152.5,-157.0,-157.0,-155.0,-154.5,-150.5,-154.0,-157.0,-157.0,-157.0,-157.0,-157.0,-157.0,-157.0,-156.0,-157.0,-157.0,-157.0,-157.0,-157.0,-157.0,-157.0,-157.0,-155.5,-154.0,-156.5,-156.0,-152.5,-153.0,-157.0,-157.0,-155.5,-157.0,-157.0,-155.5,-157.0,-157.0,-157.0,-157.0,-157.0,-157.0,-157.0,-157.0,-154.5,-155.5,-156.5,-155.0,-157.0,-157.0,-154.5,-157.0,-157.0,-157.0,-155.5,-149.0,-151.0,-157.0,-157.0,-157.0,-157.0,-157.0,-156.5,-157.0,-157.0,-157.0,-157.0,-157.0,-157.0,-155.5,-154.0,-157.0,-151.0,-154.5,-157.0,-157.0,-153.0,-153.5,-154.0,-153.5,-157.0,-154.0,-152.5,-157.0,-155.5,-152.0,-156.0,-153.5,-154.5,-153.0,-157.0,-155.5,-151.0,-153.0,-157.0,-157.0,-157.0,-157.0,-157.0,-157.0,-157.0,-154.0,-150.5,-154.5,-157.0,-155.5,-154.5,-153.5,-157.0,-157.0,-156.0,-156.5,-157.0,-157.0,-157.0,-157.0,-151.5,-153.5,-153.0,-154.0,-157.0,-157.0,-157.0,-156.0,-157.0,-157.0,-157.0,-156.0,-156.5,-152.5,-154.5,-157.0,-157.0,-157.0,-157.0,-157.0,-150.0,-150.5,-155.0,-157.0,-157.0,-153.5,-156.5,-148.5,-151.5,-157.0,-157.0,-155.5,-156.0,-152.0,-151.0,-157.0,-157.0,-157.0,-156.0,-157.0,-156.0,-155.0,-157.0,-157.0,-154.5,-156.0,-154.0,-157.0,-157.0,-157.0,-157.0,-155.0,-153.5,-157.0,-157.0,-154.0,-157.0,-155.0,-153.5,-153.0,-157.0,-156.5,-157.0,-157.0,-155.5,-157.0,-157.0,-157.0,-155.5,-156.5,-155.5,-155.5,-157.0,-157.0,-157.0,-157.0,-155.5,-156.0,-156.5,-157.0,-157.0,-156.5,-157.0,-157.0,-157.0,-157.0,-157.0,-155.0,-154.5,-157.0,-154.5,-155.0,-156.0,-157.0,-157.0,-157.0,-151.5,-156.0,-152.5,-156.5,-157.0,-157.0,-155.0,-153.5,-152.5,-155.5,-157.0,-157.0,-155.5,-157.0,-157.0,-157.0,-157.0,-157.0,-155.0,-157.0,-156.5,-154.0,-154.0,-152.5,-155.0,-156.5,-157.0,-157.0,-157.0,-157.0,-157.0,-157.0,-157.0,-154.5,-153.0,-153.0,-154.5,-156.0,-153.0,-157.0,-157.0,-157.0,-155.0,-153.5,-157.0,-155.0,-154.0,-157.0,-154.5,-157.0,-151.0,-150.5,-156.5,-156.0,-153.5,-157.0,-155.5,-157.0,-155.5,-157.0,-157.0,-157.0,-157.0,-157.0,-157.0,-157.0,-157.0,-157.0,-152.5,-153.0,-157.0,-155.5,-156.0,-152.5,-157.0,-157.0,-157.0,-157.0,-157.0,-157.0,-156.5,-157.0,-157.0,-156.0,-154.5,-157.0,-157.0,-157.0,-154.0,-157.0,-157.0,-157.0,-157.0,-154.0,-157.0,-157.0,-156.0,-154.5,-157.0,-157.0,-157.0,-156.5,-157.0,-157.0,-151.5,-156.5,-157.0,-155.5,-155.0,-157.0,-156.5,-157.0,-157.0,-156.5,-155.5,-157.0,-157.0,-157.0,-157.0,-151.0,-150.0,-157.0,-154.0,-157.0,-157.0,-157.0,-157.0,-157.0,-154.0,-154.0,-157.0,-155.5,-153.5,-155.0,-155.0,-157.0,-157.0,-153.5,-151.5,-155.0,-157.0,-153.0,-154.5,-156.5,-157.0,-156.5,-157.0,-157.0,-152.0,-154.0,-153.5,-153.5,-157.0,-157.0,-157.0,-157.0,-157.0,-157.0,-156.5,-153.0,-157.0,-154.0,-156.0,-155.0,-157.0,-157.0,-156.0,-157.0,-157.0,-157.0,-157.0,-154.5,-156.0,-155.0,-157.0,-153.5,-157.0,-154.5,-156.5,-157.0,-154.5,-157.0,-153.5,-155.0,-157.0,-157.0,-157.0,-152.5,-154.5,-154.0,-150.5,-157.0,-153.5,-153.0,-157.0,-151.5,-150.5,-157.0,-151.0,-155.0,-151.5,-153.5,-157.0,-156.0,-157.0,-153.5,-157.0,-157.0,-157.0,-154.0,-157.0,-153.5,-153.5,-156.5,-157.0,-157.0,-157.0,-157.0,-155.5,-157.0,-157.0,-157.0,-157.0,-157.0,-151.0,-151.5,-157.0,-154.5,-157.0,-157.0,-157.0,-152.5,-157.0,-155.0,-157.0,-157.0,-157.0,-157.0,-155.0,-155.5,-153.5,-154.0,-157.0,-157.0,-157.0,-157.0,-157.0,-157.0,-157.0,-157.0,-153.0,-157.0,-157.0,-154.5,-154.5
2026-01-17 14:24:08.112,143.049967,5,-77,-157.0,-157.0,-153.5,-156.5,-153.5,-154.0,-153.5,-157.0,-157.0,-153.5,-154.0,-156.5,-153.5,-156.0,-151.5,-151.5,-157.0,-157.0,-157.0,-157.0,-157.0,-157.0,-155.5,-154.5,-157.0,-157.0,-157.0,-157.0,-157.0,-155.5,-155.5,-157.0,-157.0,-152.0,-155.0,-156.5,-156.0,-156.0,-157.0,-157.0,-154.5,-154.5,-157.0,-154.0,-156.0,-157.0,-157.0,-157.0,-157.0,-157.0,-157.0,-157.0,-154.0,-157.0,-157.0,-154.5,-155.0,-157.0,-157.0,-157.0,-155.5,-157.0,-157.0,-150.5,-152.5,-155.0,-157.0,-157.0,-157.0,-157.0,-153.5,-153.0,-157.0,-157.0,-157.0,-157.0,-157.0,-153.5,-150.5,-155.5,-152.5,-157.0,-157.0,-154.0,-156.5,-156.5,-156.0,-157.0,-157.0,-156.0,-157.0,-157.0,-157.0,-155.5,-157.0,-155.5,-156.5,-156.5,-157.0,-155.5,-151.0,-152.5,-157.0,-157.0,-157.0,-157.0,-157.0,-157.0,-155.5,-157.0,-151.0,-157.0,-157.0,-153.5,-153.0,-157.0,-154.5,-156.0,-155.0,-155.5,-156.5,-157.0,-157.0,-157.0,-152.0,-152.5,-157.0,-157.0,-157.0,-155.5,-155.0,-157.0,-157.0,-156.5,-157.0,-157.0,-157.0,-154.0,-154.5,-157.0,-156.0,-153.5,-157.0,-157.0,-154.0,-154.0,-154.5,-157.0,-157.0,-157.0,-156.5,-152.0,-152.0,-154.5,-157.0,-157.0,-157.0,-157.0,-155.0,-156.0,-157.0,-157.0,-157.0,-157.0,-154.0,-156.5,-155.5,-157.0,-153.5,-157.0,-154.5,-157.0,-157.0,-157.0,-157.0,-157.0,-152.5,-153.0,-156.0,-153.5,-156.0,-155.5,-154.0,-155.0,-155.5,-156.0,-156.5,-157.0,-157.0,-157.0,-157.0,-157.0,-157.0,-157.0,-157.0,-155.5,-157.0,-154.5,-156.5,-157.0,-156.5,-157.0,-154.0,-157.0,-157.0,-157.0,-157.0,-155.5,-157.0,-157.0,-157.0,-157.0,-156.5,-155.0,-153.0,-156.0,-157.0,-157.0,-157.0,-157.0,-154.0,-157.0,-155.5,-157.0,-157.0,-156.5,-154.5,-156.0,-155.0,-156.0,-157.0,-157.0,-157.0,-157.0,-157.0,-157.0,-157.0,-157.0,-157.0,-157.0,-157.0,-156.5,-152.5,-151.0,-157.0,-157.0,-157.0,-157.0,-157.0,-157.0,-157.0,-157.0,-154.5,-153.0,-157.0,-155.0,-154.5,-154.0,-153.5,-157.0,-157.0,-156.5,-154.5,-154.0,-157.0,-157.0,-155.0,-157.0,-152.0,-153.0,-157.0,-151.5,-151.0,-156.0,-153.0,-154.5,-156.5,-153.0,-152.5,-157.0,-157.0,-157.0,-157.0,-157.0,-157.0,-157.0,-157.0,-153.0,-153.5,-157.0,-155.5,-152.5,-156.5,-153.0,-156.5,-157.0,-157.0,-157.0,-157.0,-157.0,-153.0,-156.5,-155.5,-157.0,-155.0,-157.0,-157.0,-155.5,-153.5,-155.5,-157.0,-157.0,-156.5,-152.0,-156.0,-152.0,-154.0,-155.0,-157.0,-157.0,-157.0,-151.5,-152.5,-155.5,-152.5,-157.0,-153.5,-150.5,-152.5,-156.5,-154.5,-157.0,-157.0,-157.0,-155.0,-152.0,-157.0,-157.0,-157.0,-153.0,-154.0,-152.5,-153.5,-156.0,-157.0,-157.0,-157.0,-155.5,-155.0,-157.0,-157.0,-157.0,-157.0,-157.0,-157.0,-157.0,-154.5,-157.0,-154.5,-154.5,-157.0,-155.5,-157.0,-157.0,-157.0,-153.0,-153.0,-157.0,-152.0,-154.0,-157.0,-156.5,-157.0,-157.0,-157.0,-157.0,-157.0,-157.0,-157.0,-149.5,-151.0,-157.0,-157.0,-157.0,-157.0,-155.5,-157.0,-157.0,-156.0,-157.0,-157.0,-154.5,-157.0,-154.5,-155.0,-152.5,-153.5,-152.5,-157.0,-152.5,-154.0,-157.0,-157.0,-157.0,-156.5,-154.5,-157.0,-152.5,-151.5,-151.0,-155.0,-154.0,-157.0,-156.5,-155.0,-154.5,-156.5,-156.5,-152.5,-156.5,-154.0,-155.5,-157.0,-156.5,-157.0,-157.0,-157.0,-157.0,-157.0,-157.0,-155.5,-157.0,-154.0,-154.0,-157.0,-157.0,-157.0,-157.0,-155.0,-157.0,-157.0,-154.5,-157.0,-157.0,-153.5,-155.0,-157.0,-155.0,-157.0,-157.0,-154.5,-151.0,-157.0,-156.0,-157.0,-154.0,-155.0,-157.0,-152.5,-157.0,-156.0,-157.0,-157.0,-157.0,-157.0,-157.0,-157.0,-157.0,-156.5,-157.0,-156.0,-157.0,-157.0,-157.0,-156.0
2026-01-17 14:24:08.146,143.049967,5,-77,-157.0,-157.0,-156.0,-153.0,-152.5,-157.0,-152.5,-157.0,-157.0,-156.0,-153.5,-153.5,-154.0,-157.0,-157.0,-155.0,-157.0,-157.0,-157.0,-157.0,-157.0,-154.5,-157.0,-154.5,-157.0,-157.0,-157.0,-157.0,-157.0,-157.0,-157.0,-156.0,-157.0,-151.5,-152.0,-156.5,-157.0,-157.0,-157.0,-157.0,-155.5,-154.5,-157.0,-154.0,-152.5,-157.0,-156.0,-156.0,-157.0,-157.0,-157.0,-157.0,-156.5,-156.5,-157.0,-157.0,-157.0,-157.0,-157.0,-157.0,-152.0,-152.5,-155.0,-152.0,-150.5,-154.5,-156.5,-157.0,-154.5,-153.5,-151.5,-150.0,-157.0,-157.0,-157.0,-157.0,-157.0,-151.5,-152.0,-157.0,-152.5,-155.5,-156.0,-153.0,-157.0,-157.0,-154.0,-153.0,-157.0,-157.0,-157.0,-157.0,-157.0,-157.0,-157.0,-157.0,-154.5,-157.0,-157.0,-156.5,-152.0,-151.5,-157.0,-157.0,-157.0,-157.0,-157.0,-153.5,-153.0,-157.0,-153.5,-157.0,-157.0,-157.0,-157.0,-157.0,-156.0,-157.0,-157.0,-152.5,-153.5,-157.0,-154.5,-157.0,-156.5,-156.5,-157.0,-157.0,-157.0,-152.0,-152.0,-155.0,-153.5,-154.0,-157.0,-157.0,-157.0,-155.0,-157.0,-157.0,-154.0,-154.0,-157.0,-157.0,-157.0,-157.0,-151.5,-154.0,-157.0,-157.0,-157.0,-157.0,-153.0,-152.5,-157.0,-157.0,-157.0,-157.0,-157.0,-157.0,-157.0,-157.0,-154.5,-154.5,-153.5,-157.0,-155.5,-157.0,-152.5,-157.0,-153.5,-157.0,-157.0,-157.0,-157.0,-157.0,-151.5,-152.5,-157.0,-156.5,-155.5,-156.5,-157.0,-157.0,-154.0,-157.0,-157.0,-154.5,-157.0,-157.0,-157.0,-156.0,-154.5,-154.5,-157.0,-157.0,-157.0,-152.0,-151.5,-157.0,-154.5,-155.5,-152.5,-152.5,-157.0,-157.0,-157.0,-153.5,-157.0,-157.0,-157.0,-156.5,-157.0,-156.5,-154.5,-153.5,-157.0,-157.0,-157.0,-157.0,-157.0,-157.0,-157.0,-155.0,-153.5,-157.0,-157.0,-157.0,-157.0,-155.0,-157.0,-157.0,-157.0,-157.0,-157.0,-157.0,-157.0,-157.0,-157.0,-157.0,-155.0,-154.0,-154.5,-156.5,-157.0,-157.0,-156.5,-157.0,-157.0,-157.0,-157.0,-157.0,-157.0,-157.0,-154.5,-155.0,-156.5,-157.0,-155.0,-157.0,-157.0,-154.5,-157.0,-157.0,-157.0,-157.0,-156.0,-157.0,-153.5,-155.0,-155.5,-157.0,-153.0,-157.0,-154.0,-156.5,-157.0,-154.5,-151.0,-154.0,-154.0,-155.5,-157.0,-156.5,-157.0,-157.0,-152.0,-150.5,-155.0,-157.0,-157.0,-153.5,-157.0,-155.0,-155.0,-157.0,-157.0,-157.0,-157.0,-154.5,-152.0,-155.0,-153.0,-156.0,-152.5,-157.0,-157.0,-157.0,-157.0,-156.5,-157.0,-157.0,-157.0,-153.5,-157.0,-154.0,-151.5,-154.0,-157.0,-157.0,-157.0,-151.5,-153.0,-157.0,-154.5,-156.5,-157.0,-150.5,-149.0,-155.0,-154.0,-154.0,-156.5,-157.0,-157.0,-150.0,-154.5,-155.5,-154.0,-157.0,-154.0,-150.0,-157.0,-157.0,-157.0,-157.0,-157.0,-157.0,-153.5,-157.0,-157.0,-156.5,-157.0,-157.0,-157.0,-155.5,-154.0,-153.0,-155.5,-154.5,-155.0,-155.0,-157.0,-157.0,-155.0,-151.5,-149.5,-157.0,-157.0,-157.0,-157.0,-157.0,-157.0,-157.0,-157.0,-157.0,-157.0,-157.0,-157.0,-149.5,-152.0,-157.0,-157.0,-157.0,-157.0,-154.0,-157.0,-154.0,-152.5,-155.5,-155.5,-152.5,-157.0,-153.5,-155.5,-157.0,-157.0,-154.0,-157.0,-151.0,-151.5,-157.0,-157.0,-157.0,-156.5,-156.0,-156.0,-157.0,-153.0,-150.0,-152.5,-150.5,-156.5,-157.0,-157.0,-157.0,-157.0,-154.5,-155.5,-157.0,-157.0,-156.0,-154.0,-153.0,-154.0,-157.0,-157.0,-157.0,-157.0,-157.0,-154.5,-157.0,-157.0,-156.0,-156.5,-157.0,-157.0,-156.0,-157.0,-157.0,-157.0,-153.5,-155.5,-157.0,-152.0,-156.5,-157.0,-155.0,-153.0,-157.0,-156.0,-153.0,-157.0,-157.0,-157.0,-156.0,-157.0,-157.0,-152.0,-154.0,-155.5,-156.5,-157.0,-155.5,-157.0,-157.0,-156.5,-156.0,-154.0,-157.0,-157.0,-157.0,-155.0,-156.5,-157.0
2026-01-17 14:24:08.177,143.049967,5,-77,-157.0,-157.0,-156.0,-154.0,-153.0,-157.0,-151.5,-157.0,-157.0,-157.0,-155.5,-153.0,-153.5,-153.5,-157.0,-157.0,-157.0,-157.0,-155.5,-156.0,-157.0,-156.5,-155.0,-157.0,-156.5,-157.0,-154.0,-157.0,-157.0,-157.0,-157.0,-157.0,-154.5,-156.0,-156.0,-155.0,-157.0,-157.0,-157.0,-154.5,-154.5,-155.0,-156.0,-155.0,-156.5,-153.0,-156.0,-157.0,-157.0,-155.5,-157.0,-157.0,-157.0,-156.0,-157.0,-157.0,-157.0,-157.0,-157.0,-157.0,-155.5,-153.5,-156.0,-157.0,-153.0,-157.0,-157.0,-155.0,-157.0,-154.0,-152.5,-150.5,-157.0,-157.0,-157.0,-157.0,-157.0,-153.0,-154.5,-157.0,-154.5,-155.0,-156.0,-154.0,-157.0,-157.0,-153.0,-151.5,-157.0,-157.0,-157.0,-157.0,-157.0,-157.0,-157.0,-156.5,-156.5,-154.0,-156.5,-154.0,-152.5,-153.0,-157.0,-157.0,-157.0,-157.0,-157.0,-154.5,-153.5,-154.0,-156.0,-156.5,-157.0,-157.0,-157.0,-157.0,-154.0,-157.0,-157.0,-155.0,-157.0,-152.5,-152.5,-155.5,-154.0,-154.0,-156.5,-157.0,-157.0,-152.5,-155.5,-155.5,-156.0,-157.0,-157.0,-157.0,-157.0,-154.0,-155.0,-157.0,-154.5,-157.0,-157.0,-156.0,-157.0,-153.0,-151.0,-152.0,-154.5,-156.0,-157.0,-157.0,-157.0,-152.0,-156.5,-156.5,-157.0,-157.0,-157.0,-157.0,-157.0,-156.5,-152.5,-156.0,-155.5,-157.0,-157.0,-157.0,-151.0,-154.0,-155.5,-157.0,-157.0,-157.0,-157.0,-156.5,-155.0,-157.0,-157.0,-157.0,-157.0,-154.5,-157.0,-153.5,-154.0,-155.5,-155.0,-151.5,-153.0,-154.5,-156.0,-157.0,-155.5,-154.0,-157.0,-157.0,-157.0,-155.5,-154.0,-157.0,-156.0,-155.0,-155.0,-152.0,-154.5,-157.0,-153.5,-153.0,-157.0,-157.0,-155.5,-154.0,-157.0,-157.0,-152.5,-151.0,-153.0,-157.0,-157.0,-157.0,-157.0,-157.0,-157.0,-153.0,-153.5,-154.0,-157.0,-157.0,-152.0,-152.0,-157.0,-157.0,-157.0,-157.0,-157.0,-157.0,-157.0,-154.0,-153.5,-157.0,-155.5,-156.5,-154.0,-153.5,-153.0,-156.5,-154.0,-157.0,-153.0,-153.5,-157.0,-157.0,-157.0,-157.0,-153.0,-155.5,-157.0,-157.0,-157.0,-157.0,-157.0,-156.5,-157.0,-155.5,-154.0,-152.5,-155.0,-157.0,-154.5,-156.5,-155.0,-157.0,-157.0,-157.0,-155.0,-157.0,-157.0,-154.5,-154.5,-156.5,-153.5,-150.5,-152.0,-153.0,-157.0,-155.0,-148.0,-149.0,-157.0,-157.0,-157.0,-153.0,-157.0,-157.0,-152.0,-151.5,-155.0,-157.0,-157.0,-154.0,-153.0,-153.5,-151.5,-152.5,-152.5,-157.0,-157.0,-157.0,-157.0,-157.0,-157.0,-156.5,-157.0,-156.5,-157.0,-153.5,-154.5,-154.0,-153.5,-157.0,-157.0,-156.5,-157.0,-157.0,-157.0,-157.0,-157.0,-155.5,-150.5,-155.0,-157.0,-157.0,-156.5,-157.0,-157.0,-150.5,-155.0,-157.0,-150.5,-152.5,-152.5,-152.5,-157.0,-157.0,-157.0,-154.5,-155.0,-157.0,-157.0,-156.0,-157.0,-155.5,-157.0,-157.0,-155.5,-154.0,-157.0,-152.5,-150.5,-154.5,-157.0,-157.0,-157.0,-152.5,-154.0,-153.5,-151.0,-151.5,-157.0,-157.0,-154.0,-157.0,-157.0,-157.0,-157.0,-157.0,-157.0,-157.0,-153.0,-150.0,-152.5,-152.0,-157.0,-156.5,-157.0,-154.0,-153.0,-151.0,-154.0,-155.5,-155.5,-152.5,-155.0,-153.5,-157.0,-157.0,-157.0,-155.0,-152.0,-154.0,-154.0,-157.0,-157.0,-157.0,-154.5,-155.5,-155.5,-157.0,-157.0,-154.0,-154.0,-150.5,-151.5,-152.5,-157.0,-157.0,-157.0,-156.5,-157.0,-157.0,-157.0,-154.0,-150.0,-156.0,-151.0,-155.5,-157.0,-157.0,-157.0,-155.0,-152.5,-157.0,-157.0,-156.0,-154.0,-157.0,-157.0,-157.0,-157.0,-157.0,-157.0,-154.0,-151.5,-157.0,-148.5,-149.5,-157.0,-156.0,-153.0,-157.0,-157.0,-155.0,-157.0,-157.0,-157.0,-157.0,-157.0,-157.0,-155.5,-156.5,-156.5,-157.0,-154.5,-154.5,-153.5,-153.0,-157.0,-157.0,-154.0,-157.0,-157.0,-156.0,-153.5,-153.5,-157.0
2026-01-17 14:24:08.212,143.049967,5,-77,-157.0,-157.0,-157.0,-157.0,-155.0,-157.0,-149.0,-151.0,-157.0,-156.5,-155.0,-157.0,-155.5,-154.5,-157.0,-157.0,-157.0,-157.0,-157.0,-156.5,-157.0,-153.5,-150.0,-153.5,-156.0,-157.0,-152.5,-155.0,-157.0,-157.0,-157.0,-157.0,-154.0,-155.5,-157.0,-157.0,-157.0,-157.0,-157.0,-150.0,-151.0,-153.5,-156.5,-157.0,-157.0,-150.5,-155.5,-157.0,-157.0,-152.5,-156.5,-157.0,-156.5,-153.0,-157.0,-157.0,-157.0,-157.0,-157.0,-157.0,-157.0,-156.0,-154.0,-153.5,-152.5,-157.0,-157.0,-156.0,-157.0,-156.5,-156.5,-154.0,-157.0,-156.5,-157.0,-157.0,-157.0,-152.5,-154.5,-157.0,-157.0,-157.0,-157.0,-155.5,-153.5,-153.5,-155.0,-155.5,-154.5,-156.5,-155.5,-157.0,-157.0,-157.0,-157.0,-157.0,-157.0,-154.5,-154.0,-155.5,-154.0,-154.0,-157.0,-157.0,-157.0,-155.5,-154.5,-157.0,-152.0,-151.0,-154.5,-153.5,-157.0,-157.0,-157.0,-157.0,-154.0,-155.0,-154.0,-155.0,-154.0,-155.0,-155.5,-152.5,-153.5,-152.0,-154.5,-156.0,-157.0,-156.5,-157.0,-157.0,-157.0,-157.0,-157.0,-157.0,-157.0,-157.0,-157.0,-153.5,-155.5,-153.5,-152.5,-157.0,-157.0,-152.0,-152.0,-153.0,-149.0,-150.0,-157.0,-157.0,-155.5,-153.0,-154.5,-155.0,-153.0,-157.0,-154.0,-157.0,-157.0,-155.0,-153.0,-157.0,-157.0,-157.0,-155.0,-157.0,-153.0,-156.5,-157.0,-157.0,-157.0,-157.0,-157.0,-152.0,-156.0,-157.0,-157.0,-157.0,-157.0,-155.5,-157.0,-154.5,-155.5,-156.0,-155.5,-154.5,-156.0,-152.0,-154.5,-155.5,-153.0,-153.0,-157.0,-157.0,-157.0,-157.0,-157.0,-157.0,-155.5,-152.0,-157.0,-157.0,-151.0,-153.5,-149.5,-151.5,-157.0,-157.0,-152.5,-154.0,-157.0,-154.0,-152.5,-154.5,-155.5,-155.5,-157.0,-157.0,-157.0,-157.0,-157.0,-152.5,-153.5,-152.0,-154.0,-157.0,-151.5,-151.0,-157.0,-157.0,-157.0,-154.0,-153.5,-156.0,-157.0,-152.0,-154.5,-157.0,-155.5,-157.0,-153.0,-150.5,-154.0,-156.0,-156.0,-157.0,-150.0,-151.5,-157.0,-157.0,-157.0,-154.5,-152.5,-157.0,-157.0,-157.0,-157.0,-157.0,-157.0,-157.0,-157.0,-151.5,-152.0,-153.5,-154.0,-153.5,-151.5,-157.0,-157.0,-157.0,-157.0,-157.0,-154.5,-157.0,-157.0,-153.5,-156.0,-155.0,-157.0,-152.5,-154.5,-155.5,-157.0,-153.5,-149.5,-150.0,-157.0,-157.0,-153.0,-150.0,-153.0,-157.0,-152.0,-151.5,-157.0,-157.0,-157.0,-154.5,-156.5,-156.0,-153.5,-155.5,-155.5,-157.0,-157.0,-157.0,-157.0,-157.0,-157.0,-153.5,-157.0,-157.0,-153.5,-151.5,-157.0,-153.5,-152.0,-157.0,-156.0,-157.0,-157.0,-154.0,-154.5,-157.0,-157.0,-154.0,-152.5,-157.0,-157.0,-157.0,-155.0,-154.0,-157.0,-153.0,-157.0,-157.0,-150.0,-149.0,-155.5,-157.0,-157.0,-157.0,-157.0,-155.5,-154.5,-157.0,-157.0,-157.0,-157.0,-155.0,-157.0,-157.0,-155.0,-155.5,-157.0,-155.5,-152.5,-155.0,-157.0,-157.0,-154.5,-153.5,-157.0,-156.0,-154.5,-153.0,-154.5,-154.5,-153.0,-156.0,-156.5,-157.0,-154.5,-157.0,-157.0,-157.0,-156.0,-153.0,-154.0,-152.5,-157.0,-151.5,-154.5,-152.0,-151.0,-152.5,-157.0,-157.0,-156.0,-156.5,-155.5,-154.5,-157.0,-157.0,-157.0,-153.5,-151.0,-157.0,-157.0,-157.0,-157.0,-157.0,-152.5,-152.0,-157.0,-157.0,-157.0,-157.0,-157.0,-152.5,-149.0,-150.5,-155.5,-157.0,-155.5,-154.5,-157.0,-157.0,-157.0,-154.5,-150.5,-156.0,-150.0,-150.0,-154.0,-157.0,-157.0,-155.5,-153.5,-157.0,-155.0,-153.0,-155.5,-156.5,-157.0,-156.0,-157.0,-157.0,-155.0,-152.0,-150.0,-153.0,-148.5,-149.0,-157.0,-157.0,-155.5,-157.0,-155.5,-155.5,-157.0,-157.0,-157.0,-157.0,-157.0,-155.5,-157.0,-157.0,-157.0,-157.0,-151.0,-153.5,-151.5,-152.5,-157.0,-157.0,-155.5,-157.0,-157.0,-156.5,-152.0,-152.0,-157.0
2026-01-17 14:24:08.244,143.049967,5,-77,-157.0,-157.0,-157.0,-157.0,-156.0,-157.0,-150.5,-149.5,-152.5,-154.5,-152.5,-157.0,-155.0,-156.0,-157.0,-157.0,-157.0,-157.0,-157.0,-153.5,-155.0,-155.0,-149.0,-148.5,-157.0,-157.0,-154.5,-155.0,-157.0,-157.0,-157.0,-157.0,-153.0,-151.5,-152.0,-157.0,-157.0,-157.0,-157.0,-152.0,-152.0,-155.5,-157.0,-157.0,-157.0,-154.0,-153.5,-157.0,-157.0,-150.5,-151.5,-157.0,-153.5,-152.0,-155.5,-153.0,-154.5,-157.0,-157.0,-157.0,-157.0,-157.0,-149.5,-148.0,-149.5,-154.5,-153.0,-157.0,-157.0,-157.0,-156.0,-157.0,-157.0,-157.0,-152.5,-153.0,-153.5,-151.5,-157.0,-157.0,-157.0,-157.0,-157.0,-156.0,-152.0,-151.5,-152.5,-157.0,-156.0,-156.0,-157.0,-157.0,-157.0,-157.0,-157.0,-157.0,-155.5,-157.0,-156.0,-157.0,-151.5,-156.5,-157.0,-157.0,-154.0,-157.0,-154.0,-157.0,-149.5,-151.5,-152.0,-157.0,-157.0,-157.0,-155.5,-157.0,-154.5,-156.0,-154.5,-153.5,-153.0,-157.0,-157.0,-151.5,-154.0,-154.5,-157.0,-157.0,-157.0,-157.0,-157.0,-157.0,-157.0,-157.0,-157.0,-155.0,-157.0,-157.0,-157.0,-154.0,-155.0,-147.5,-149.0,-157.0,-157.0,-152.5,-153.0,-157.0,-150.0,-149.5,-157.0,-157.0,-157.0,-157.0,-157.0,-157.0,-152.0,-151.0,-148.5,-157.0,-157.0,-157.0,-157.0,-157.0,-157.0,-157.0,-151.5,-152.5,-153.5,-157.0,-157.0,-157.0,-157.0,-157.0,-157.0,-152.0,-153.5,-153.5,-154.5,-156.5,-157.0,-157.0,-157.0,-157.0,-156.5,-157.0,-157.0,-157.0,-157.0,-154.5,-155.0,-157.0,-157.0,-153.5,-157.0,-157.0,-157.0,-157.0,-157.0,-157.0,-152.5,-150.5,-157.0,-157.0,-150.0,-149.5,-151.0,-154.0,-156.0,-155.0,-154.5,-157.0,-157.0,-156.0,-156.5,-157.0,-157.0,-153.0,-155.0,-155.0,-154.0,-154.5,-154.5,-150.5,-153.5,-157.0,-155.0,-157.0,-155.5,-155.5,-157.0,-154.0,-153.0,-155.5,-154.5,-154.0,-157.0,-153.0,-155.5,-153.5,-152.0,-157.0,-151.0,-152.5,-157.0,-157.0,-157.0,-156.0,-151.5,-151.5,-157.0,-157.0,-157.0,-156.0,-156.0,-157.0,-157.0,-157.0,-156.5,-157.0,-157.0,-157.0,-157.0,-152.5,-155.0,-155.5,-157.0,-152.0,-151.5,-157.0,-157.0,-157.0,-154.0,-155.0,-155.0,-157.0,-155.5,-153.0,-152.0,-151.5,-151.5,-153.5,-157.0,-157.0,-157.0,-157.0,-153.0,-153.0,-157.0,-157.0,-153.0,-151.0,-155.5,-157.0,-156.0,-154.5,-157.0,-157.0,-151.5,-152.0,-157.0,-157.0,-156.0,-157.0,-152.5,-151.5,-157.0,-157.0,-157.0,-157.0,-152.5,-151.0,-157.0,-157.0,-152.5,-153.5,-156.5,-157.0,-157.0,-157.0,-156.0,-155.0,-157.0,-151.0,-151.5,-157.0,-157.0,-154.5,-155.5,-154.5,-153.0,-157.0,-154.5,-153.0,-157.0,-156.5,-156.5,-156.0,-153.5,-152.0,-153.0,-154.5,-157.0,-156.5,-157.0,-157.0,-157.0,-157.0,-157.0,-157.0,-153.5,-153.5,-157.0,-157.0,-157.0,-157.0,-157.0,-157.0,-157.0,-157.0,-157.0,-157.0,-157.0,-156.5,-155.5,-157.0,-156.5,-155.5,-151.0,-153.5,-150.5,-151.0,-155.5,-157.0,-156.5,-157.0,-157.0,-157.0,-157.0,-157.0,-157.0,-153.5,-152.0,-152.5,-157.0,-152.0,-150.5,-157.0,-157.0,-157.0,-157.0,-157.0,-157.0,-157.0,-157.0,-157.0,-155.0,-153.5,-153.5,-157.0,-157.0,-157.0,-157.0,-157.0,-155.0,-156.0,-155.0,-155.5,-157.0,-157.0,-157.0,-156.0,-151.0,-153.5,-157.0,-157.0,-155.0,-157.0,-157.0,-157.0,-157.0,-157.0,-153.0,-156.5,-154.5,-152.5,-150.5,-151.5,-157.0,-157.0,-156.5,-155.0,-155.5,-152.5,-154.5,-157.0,-156.5,-157.0,-157.0,-156.5,-154.5,-155.5,-152.0,-153.5,-152.0,-150.5,-157.0,-157.0,-156.5,-152.5,-152.0,-156.0,-157.0,-155.0,-155.5,-157.0,-155.0,-152.5,-152.0,-157.0,-157.0,-157.0,-151.5,-152.5,-152.5,-157.0,-157.0,-157.0,-154.5,-157.0,-157.0,-157.0,-150.0,-148.5,-157.0
2026-01-17 14:24:08.287,143.049967,5,-77,-157.0,-157.0,-157.0,-157.0,-154.5,-153.5,-157.0,-152.5,-151.5,-155.0,-153.5,-157.0,-152.5,-154.0,-155.5,-157.0,-157.0,-157.0,-157.0,-155.0,-153.0,-157.0,-152.5,-151.0,-156.0,-157.0,-157.0,-157.0,-157.0,-157.0,-155.5,-157.0,-150.0,-151.5,-154.5,-157.0,-157.0,-157.0,-157.0,-157.0,-155.0,-157.0,-157.0,-157.0,-157.0,-157.0,-153.5,-157.0,-157.0,-153.0,-151.5,-153.5,-156.5,-155.5,-157.0,-154.0,-156.5,-157.0,-156.5,-155.0,-157.0,-157.0,-152.0,-149.5,-150.0,-157.0,-152.5,-155.0,-153.0,-157.0,-156.0,-157.0,-154.0,-154.5,-151.5,-153.5,-152.0,-151.5,-157.0,-157.0,-155.5,-155.5,-157.0,-157.0,-156.0,-157.0,-154.0,-154.0,-156.5,-157.0,-157.0,-157.0,-157.0,-157.0,-157.0,-154.5,-153.0,-157.0,-157.0,-156.5,-148.5,-152.0,-157.0,-156.0,-153.5,-157.0,-156.5,-155.5,-151.0,-156.5,-152.5,-157.0,-157.0,-157.0,-154.5,-155.5,-152.0,-157.0,-155.5,-155.0,-154.5,-157.0,-157.0,-151.5,-152.5,-157.0,-157.0,-157.0,-157.0,-157.0,-157.0,-157.0,-157.0,-157.0,-154.5,-153.5,-157.0,-157.0,-156.0,-153.5,-154.0,-147.0,-150.0,-157.0,-157.0,-156.0,-157.0,-157.0,-153.0,-150.5,-155.5,-156.5,-157.0,-157.0,-155.5,-154.0,-154.0,-151.0,-147.0,-152.0,-157.0,-157.0,-153.0,-153.5,-157.0,-157.0,-153.0,-153.0,-156.0,-156.0,-157.0,-157.0,-157.0,-157.0,-157.0,-154.0,-154.5,-155.5,-151.0,-155.0,-155.0,-153.5,-155.0,-157.0,-154.5,-153.5,-154.0,-157.0,-157.0,-157.0,-152.5,-157.0,-157.0,-153.0,-155.0,-157.0,-156.0,-154.0,-154.0,-155.5,-157.0,-153.0,-157.0,-157.0,-151.5,-156.5,-157.0,-157.0,-157.0,-157.0,-157.0,-157.0,-157.0,-157.0,-157.0,-157.0,-155.0,-154.5,-157.0,-151.5,-153.0,-152.5,-154.5,-152.0,-157.0,-157.0,-157.0,-157.0,-157.0,-157.0,-156.0,-154.0,-154.0,-151.5,-155.5,-157.0,-156.0,-153.5,-151.0,-150.0,-149.5,-157.0,-150.5,-153.0,-156.5,-157.0,-155.5,-157.0,-156.5,-152.0,-155.5,-157.0,-157.0,-157.0,-157.0,-157.0,-157.0,-157.0,-155.0,-155.5,-155.0,-157.0,-157.0,-155.0,-157.0,-157.0,-157.0,-153.0,-152.0,-157.0,-157.0,-157.0,-153.0,-153.5,-154.5,-155.5,-156.5,-154.5,-149.0,-150.5,-152.0,-152.0,-155.0,-154.5,-153.0,-157.0,-152.0,-152.5,-157.0,-151.0,-151.5,-156.5,-157.0,-157.0,-157.0,-152.5,-155.0,-155.5,-153.0,-154.0,-154.5,-157.0,-157.0,-157.0,-153.0,-151.5,-154.0,-157.0,-157.0,-157.0,-152.0,-154.5,-155.5,-157.0,-156.0,-157.0,-154.5,-157.0,-157.0,-156.5,-154.0,-154.5,-157.0,-150.0,-152.0,-157.0,-157.0,-157.0,-156.5,-149.5,-149.0,-157.0,-156.5,-153.5,-157.0,-157.0,-152.5,-153.5,-154.5,-157.0,-157.0,-155.5,-157.0,-156.5,-156.0,-157.0,-157.0,-157.0,-157.0,-157.0,-156.0,-157.0,-157.0,-157.0,-156.0,-157.0,-157.0,-157.0,-155.0,-153.0,-157.0,-157.0,-157.0,-156.5,-155.5,-157.0,-157.0,-156.5,-151.5,-153.0,-151.0,-151.0,-157.0,-157.0,-157.0,-157.0,-157.0,-154.5,-157.0,-157.0,-153.5,-153.0,-156.0,-157.0,-157.0,-156.0,-154.0,-157.0,-155.5,-157.0,-157.0,-157.0,-157.0,-155.0,-155.5,-157.0,-157.0,-157.0,-157.0,-157.0,-157.0,-157.0,-157.0,-157.0,-156.5,-157.0,-153.5,-154.5,-157.0,-154.0,-157.0,-155.5,-151.5,-155.5,-157.0,-157.0,-156.0,-157.0,-157.0,-157.0,-157.0,-157.0,-154.0,-156.5,-157.0,-157.0,-151.0,-151.0,-157.0,-157.0,-157.0,-157.0,-157.0,-155.5,-153.0,-156.0,-157.0,-157.0,-157.0,-157.0,-157.0,-157.0,-155.0,-157.0,-157.0,-155.5,-157.0,-157.0,-157.0,-156.0,-151.5,-156.5,-157.0,-153.0,-150.0,-152.0,-157.0,-151.5,-148.5,-157.0,-157.0,-150.5,-149.5,-151.0,-152.5,-157.0,-157.0,-157.0,-152.5,-155.5,-157.0,-157.0,-156.5,-149.5,-154.0
2026-01-17 14:24:08.316,143.049967,5,-77,-157.0,-157.0,-156.0,-154.5,-156.0,-157.0,-157.0,-157.0,-156.5,-157.0,-157.0,-157.0,-155.0,-154.5,-151.5,-154.0,-157.0,-157.0,-157.0,-157.0,-151.0,-151.0,-154.0,-157.0,-156.0,-157.0,-157.0,-156.5,-157.0,-153.0,-152.5,-157.0,-151.0,-157.0,-157.0,-157.0,-157.0,-157.0,-157.0,-157.0,-157.0,-157.0,-157.0,-156.5,-157.0,-153.5,-152.5,-157.0,-157.0,-156.5,-155.0,-154.0,-157.0,-157.0,-157.0,-156.5,-154.5,-157.0,-153.5,-153.5,-157.0,-156.5,-155.0,-151.0,-149.5,-157.0,-152.0,-151.5,-150.0,-155.5,-155.5,-154.5,-153.0,-152.0,-151.0,-157.0,-157.0,-152.5,-154.0,-157.0,-157.0,-157.0,-157.0,-157.0,-157.0,-157.0,-157.0,-155.5,-157.0,-157.0,-157.0,-157.0,-157.0,-157.0,-157.0,-153.5,-152.0,-156.5,-157.0,-157.0,-148.5,-149.5,-157.0,-157.0,-156.0,-157.0,-157.0,-154.0,-154.5,-153.0,-156.0,-157.0,-157.0,-157.0,-157.0,-156.0,-153.5,-157.0,-156.5,-151.0,-153.0,-157.0,-157.0,-155.0,-155.0,-157.0,-157.0,-157.0,-157.0,-157.0,-157.0,-157.0,-157.0,-157.0,-153.5,-153.5,-157.0,-155.5,-152.5,-152.0,-157.0,-150.5,-152.0,-157.0,-157.0,-156.5,-157.0,-157.0,-152.0,-151.0,-153.5,-157.0,-157.0,-157.0,-153.5,-151.5,-157.0,-153.0,-148.5,-153.0,-157.0,-157.0,-151.0,-153.5,-157.0,-157.0,-157.0,-157.0,-154.5,-155.5,-157.0,-157.0,-157.0,-157.0,-152.5,-152.5,-157.0,-153.5,-150.5,-153.0,-152.5,-154.5,-155.5,-156.0,-156.0,-154.0,-155.5,-157.0,-157.0,-156.5,-151.0,-153.0,-157.0,-152.5,-149.5,-153.0,-151.0,-157.0,-156.5,-151.5,-155.0,-155.5,-157.0,-157.0,-152.5,-157.0,-157.0,-155.0,-157.0,-157.0,-157.0,-157.0,-157.0,-157.0,-157.0,-157.0,-157.0,-157.0,-156.0,-152.0,-157.0,-153.5,-157.0,-156.0,-157.0,-157.0,-157.0,-157.0,-157.0,-157.0,-157.0,-157.0,-155.5,-147.5,-150.0,-157.0,-157.0,-157.0,-150.0,-149.5,-150.0,-154.0,-148.0,-149.5,-156.5,-157.0,-153.5,-155.0,-153.0,-151.5,-156.0,-157.0,-156.0,-157.0,-157.0,-157.0,-156.0,-157.0,-156.5,-157.0,-157.0,-157.0,-157.0,-157.0,-157.0,-157.0,-157.0,-154.5,-154.5,-157.0,-156.5,-157.0,-154.0,-152.0,-153.0,-157.0,-155.0,-151.0,-147.5,-150.5,-157.0,-153.0,-157.0,-154.0,-153.5,-157.0,-152.5,-151.5,-157.0,-151.0,-153.0,-156.0,-154.0,-151.5,-150.5,-153.0,-157.0,-157.0,-156.0,-157.0,-157.0,-157.0,-157.0,-157.0,-157.0,-156.5,-154.5,-154.5,-154.0,-157.0,-156.0,-157.0,-154.0,-157.0,-155.0,-157.0,-155.0,-150.5,-151.0,-156.5,-155.0,-154.0,-157.0,-152.5,-157.0,-157.0,-157.0,-157.0,-157.0,-153.0,-150.0,-157.0,-157.0,-153.5,-157.0,-155.0,-152.0,-157.0,-157.0,-157.0,-157.0,-157.0,-157.0,-157.0,-152.5,-156.0,-157.0,-157.0,-157.0,-157.0,-157.0,-157.0,-157.0,-157.0,-150.5,-151.5,-157.0,-153.5,-156.0,-152.0,-154.0,-156.0,-157.0,-157.0,-157.0,-157.0,-157.0,-157.0,-153.5,-154.0,-152.5,-149.5,-153.5,-157.0,-157.0,-157.0,-156.5,-153.5,-154.5,-157.0,-150.5,-153.0,-157.0,-157.0,-157.0,-157.0,-155.5,-156.0,-156.5,-157.0,-157.0,-157.0,-157.0,-157.0,-155.5,-155.5,-156.5,-157.0,-157.0,-153.5,-153.5,-157.0,-157.0,-154.0,-152.5,-157.0,-157.0,-157.0,-157.0,-153.5,-156.0,-157.0,-150.5,-156.0,-152.5,-156.5,-157.0,-157.0,-157.0,-157.0,-157.0,-157.0,-155.5,-156.5,-157.0,-157.0,-153.5,-155.5,-156.5,-157.0,-157.0,-157.0,-155.5,-157.0,-157.0,-157.0,-157.0,-157.0,-156.5,-154.5,-157.0,-152.0,-151.0,-157.0,-157.0,-155.5,-153.0,-154.0,-157.0,-157.0,-154.0,-157.0,-157.0,-157.0,-151.5,-156.5,-155.5,-156.5,-148.5,-151.5,-157.0,-153.0,-149.0,-150.5,-156.5,-157.0,-157.0,-157.0,-153.0,-157.0,-154.0,-155.5,-157.0,-151.5,-154.0
2026-01-17 14:24:08.345,143.049967,5,-77,-157.0,-157.0,-154.5,-152.0,-153.5,-157.0,-157.0,-157.0,-157.0,-157.0,-157.0,-157.0,-156.5,-149.5,-149.5,-157.0,-157.0,-156.5,-156.0,-156.5,-152.0,-151.5,-157.0,-157.0,-154.5,-156.0,-155.0,-153.5,-157.0,-152.5,-152.0,-157.0,-155.0,-154.0,-156.0,-157.0,-157.0,-157.0,-157.0,-156.0,-157.0,-157.0,-154.5,-153.5,-157.0,-157.0,-153.5,-152.5,-153.0,-152.0,-157.0,-155.5,-157.0,-157.0,-157.0,-156.5,-150.0,-150.5,-151.5,-157.0,-157.0,-157.0,-157.0,-152.5,-150.0,-150.5,-155.0,-155.0,-152.0,-155.5,-156.5,-154.0,-153.5,-157.0,-152.5,-153.5,-157.0,-154.5,-156.5,-156.0,-157.0,-157.0,-157.0,-157.0,-157.0,-155.0,-155.5,-155.5,-157.0,-157.0,-156.0,-154.0,-157.0,-157.0,-157.0,-157.0,-155.0,-157.0,-157.0,-157.0,-152.0,-155.5,-157.0,-157.0,-156.0,-157.0,-157.0,-157.0,-157.0,-154.0,-157.0,-157.0,-157.0,-157.0,-157.0,-157.0,-154.0,-153.5,-157.0,-150.5,-150.5,-155.0,-157.0,-157.0,-157.0,-156.0,-155.5,-157.0,-157.0,-157.0,-157.0,-157.0,-157.0,-157.0,-157.0,-156.5,-157.0,-155.0,-157.0,-153.0,-157.0,-156.5,-157.0,-156.5,-155.5,-155.0,-157.0,-157.0,-154.0,-156.0,-156.5,-157.0,-156.5,-157.0,-157.0,-151.5,-157.0,-155.0,-154.5,-153.0,-157.0,-157.0,-150.5,-151.0,-152.0,-151.5,-156.5,-157.0,-157.0,-155.0,-153.0,-156.5,-155.5,-157.0,-151.0,-152.0,-157.0,-154.5,-153.0,-156.5,-154.5,-156.5,-155.5,-154.0,-157.0,-155.0,-157.0,-157.0,-157.0,-157.0,-153.0,-154.0,-157.0,-151.0,-150.5,-155.0,-149.5,-155.5,-157.0,-152.5,-153.0,-154.5,-156.5,-152.0,-153.0,-157.0,-157.0,-154.5,-154.0,-157.0,-157.0,-157.0,-157.0,-156.0,-154.5,-157.0,-156.0,-157.0,-153.0,-152.0,-157.0,-157.0,-157.0,-157.0,-157.0,-157.0,-157.0,-157.0,-157.0,-157.0,-157.0,-157.0,-157.0,-149.0,-150.5,-156.0,-154.5,-152.5,-148.5,-152.0,-155.5,-149.5,-147.5,-148.0,-153.5,-155.0,-155.5,-157.0,-152.5,-152.0,-156.5,-157.0,-157.0,-157.0,-157.0,-155.0,-152.0,-157.0,-157.0,-156.5,-157.0,-157.0,-154.5,-153.5,-156.5,-157.0,-157.0,-157.0,-155.5,-156.5,-157.0,-157.0,-151.0,-151.0,-156.5,-157.0,-154.5,-154.5,-149.5,-156.5,-152.5,-151.5,-157.0,-157.0,-157.0,-156.5,-152.5,-153.0,-157.0,-155.0,-157.0,-154.0,-152.0,-150.0,-148.0,-157.0,-157.0,-157.0,-157.0,-157.0,-155.5,-153.0,-155.0,-157.0,-157.0,-157.0,-156.0,-157.0,-156.0,-157.0,-157.0,-157.0,-153.5,-157.0,-156.0,-155.0,-157.0,-149.0,-150.5,-155.0,-157.0,-154.5,-154.0,-156.5,-157.0,-156.5,-154.0,-157.0,-153.5,-155.0,-150.5,-156.0,-156.0,-156.0,-156.5,-151.5,-152.0,-156.0,-157.0,-157.0,-157.0,-157.0,-157.0,-157.0,-150.5,-151.5,-157.0,-157.0,-157.0,-157.0,-154.5,-152.0,-157.0,-157.0,-151.5,-153.5,-155.0,-150.5,-151.5,-155.5,-157.0,-157.0,-157.0,-157.0,-155.0,-155.5,-157.0,-157.0,-153.5,-154.5,-156.0,-150.5,-152.0,-157.0,-156.5,-157.0,-154.5,-157.0,-156.0,-157.0,-150.5,-156.5,-157.0,-157.0,-156.0,-157.0,-153.0,-153.0,-157.0,-157.0,-157.0,-156.5,-157.0,-157.0,-157.0,-152.0,-154.5,-157.0,-155.5,-152.5,-151.5,-157.0,-157.0,-152.5,-151.5,-153.5,-154.0,-156.5,-157.0,-154.5,-157.0,-157.0,-150.0,-150.0,-152.5,-157.0,-157.0,-157.0,-157.0,-156.0,-157.0,-157.0,-157.0,-157.0,-157.0,-157.0,-155.0,-157.0,-154.5,-157.0,-157.0,-157.0,-152.0,-153.5,-157.0,-156.0,-154.0,-157.0,-157.0,-152.5,-157.0,-150.5,-152.0,-157.0,-157.0,-151.5,-150.5,-155.5,-155.0,-157.0,-155.0,-157.0,-156.0,-156.0,-153.0,-157.0,-153.0,-154.5,-150.5,-151.5,-155.5,-157.0,-151.5,-152.5,-155.0,-157.0,-157.0,-157.0,-152.5,-153.0,-151.0,-156.5,-156.0,-157.0,-156.0
2026-01-17 14:24:08.379,143.049967,5,-77,-157.0,-157.0,-157.0,-154.0,-153.5,-154.5,-157.0,-154.0,-153.0,-157.0,-157.0,-157.0,-157.0,-153.0,-155.0,-157.0,-157.0,-152.5,-153.5,-156.5,-157.0,-157.0,-157.0,-157.0,-156.5,-157.0,-152.5,-155.0,-157.0,-157.0,-154.5,-157.0,-157.0,-155.0,-157.0,-157.0,-157.0,-156.0,-153.0,-155.5,-157.0,-157.0,-153.5,-152.0,-153.5,-157.0,-157.0,-152.0,-154.5,-150.5,-155.5,-157.0,-157.0,-157.0,-157.0,-157.0,-150.5,-152.0,-154.5,-157.0,-155.0,-154.5,-157.0,-157.0,-152.5,-149.0,-157.0,-157.0,-153.5,-154.0,-157.0,-155.0,-157.0,-157.0,-157.0,-154.0,-154.0,-155.5,-157.0,-154.0,-154.5,-157.0,-157.0,-154.5,-155.5,-154.5,-156.0,-155.5,-157.0,-156.5,-153.5,-153.0,-157.0,-157.0,-157.0,-154.5,-155.0,-157.0,-157.0,-157.0,-156.5,-157.0,-157.0,-156.5,-157.0,-153.0,-157.0,-157.0,-157.0,-154.5,-157.0,-153.0,-156.0,-157.0,-157.0,-157.0,-154.5,-153.0,-157.0,-154.5,-154.0,-153.5,-157.0,-157.0,-157.0,-154.5,-153.5,-155.0,-156.0,-157.0,-157.0,-157.0,-154.5,-154.0,-157.0,-157.0,-157.0,-153.5,-156.5,-156.5,-157.0,-157.0,-157.0,-155.5,-156.5,-154.0,-157.0,-157.0,-157.0,-157.0,-157.0,-156.5,-155.0,-157.0,-157.0,-151.0,-157.0,-155.5,-157.0,-155.0,-157.0,-157.0,-153.0,-155.0,-152.5,-152.0,-152.0,-152.5,-157.0,-150.5,-151.0,-153.0,-152.5,-157.0,-153.5,-153.0,-156.5,-156.5,-157.0,-157.0,-157.0,-152.5,-151.5,-153.0,-157.0,-150.5,-152.0,-156.0,-157.0,-157.0,-155.5,-157.0,-157.0,-154.0,-157.0,-157.0,-148.5,-154.0,-154.0,-157.0,-156.5,-156.0,-156.0,-154.5,-157.0,-157.0,-157.0,-157.0,-154.5,-157.0,-156.5,-154.5,-157.0,-156.5,-155.5,-157.0,-153.0,-157.0,-154.5,-152.5,-157.0,-157.0,-157.0,-157.0,-157.0,-157.0,-157.0,-157.0,-154.5,-154.0,-157.0,-157.0,-157.0,-152.5,-156.5,-151.0,-151.5,-151.5,-149.5,-152.0,-157.0,-148.5,-154.0,-152.0,-153.5,-154.5,-157.0,-157.0,-157.0,-157.0,-157.0,-157.0,-157.0,-157.0,-157.0,-157.0,-151.5,-156.0,-157.0,-156.5,-157.0,-153.0,-152.5,-151.5,-154.0,-157.0,-157.0,-157.0,-156.5,-156.5,-157.0,-156.5,-150.5,-150.5,-155.0,-150.5,-153.0,-154.5,-151.5,-157.0,-150.5,-153.0,-155.0,-154.0,-157.0,-157.0,-155.5,-155.0,-157.0,-157.0,-157.0,-157.0,-152.5,-152.5,-151.0,-157.0,-157.0,-157.0,-157.0,-157.0,-153.5,-151.5,-156.5,-157.0,-157.0,-157.0,-157.0,-156.0,-156.5,-155.0,-153.5,-157.0,-152.5,-155.5,-157.0,-155.0,-157.0,-153.5,-157.0,-153.5,-157.0,-157.0,-156.0,-157.0,-157.0,-153.5,-152.0,-157.0,-152.5,-152.5,-150.5,-151.5,-157.0,-157.0,-157.0,-151.5,-152.5,-155.0,-156.5,-157.0,-157.0,-156.5,-157.0,-157.0,-153.5,-155.5,-157.0,-157.0,-157.0,-157.0,-152.0,-152.5,-155.5,-154.5,-154.0,-156.5,-157.0,-152.5,-152.0,-157.0,-157.0,-157.0,-157.0,-155.0,-155.0,-154.0,-154.0,-156.5,-152.0,-154.0,-157.0,-156.5,-157.0,-157.0,-155.5,-156.5,-154.5,-157.0,-157.0,-157.0,-150.0,-152.5,-157.0,-157.0,-156.5,-157.0,-155.0,-154.5,-157.0,-157.0,-157.0,-156.5,-153.5,-157.0,-157.0,-153.5,-154.5,-157.0,-151.0,-150.0,-154.0,-156.5,-157.0,-157.0,-152.5,-153.0,-151.5,-153.0,-155.5,-157.0,-152.5,-154.5,-153.5,-154.0,-156.5,-157.0,-157.0,-156.5,-157.0,-157.0,-157.0,-154.0,-153.0,-156.5,-157.0,-157.0,-157.0,-157.0,-155.0,-157.0,-157.0,-157.0,-152.0,-151.5,-157.0,-155.0,-154.0,-157.0,-157.0,-152.5,-157.0,-151.0,-153.5,-157.0,-157.0,-155.5,-156.0,-157.0,-156.0,-156.5,-156.5,-157.0,-155.5,-154.5,-156.0,-156.0,-154.0,-155.0,-156.0,-156.5,-153.0,-154.0,-156.0,-157.0,-156.0,-156.5,-157.0,-155.5,-153.5,-152.0,-152.0,-157.0,-156.0,-156.5,-153.5
2026-01-17 14:24:08.411,143.049967,5,-77,-157.0,-157.0,-157.0,-155.5,-154.0,-154.5,-157.0,-154.0,-151.5,-155.0,-157.0,-157.0,-157.0,-157.0,-157.0,-157.0,-155.5,-152.5,-157.0,-157.0,-157.0,-157.0,-157.0,-156.5,-157.0,-157.0,-154.5,-156.5,-157.0,-156.5,-154.5,-153.0,-155.5,-157.0,-157.0,-157.0,-157.0,-154.0,-151.5,-157.0,-150.5,-151.0,-157.0,-154.5,-155.5,-157.0,-155.5,-152.0,-153.5,-154.0,-155.5,-157.0,-155.5,-157.0,-154.5,-156.0,-153.5,-157.0,-156.5,-157.0,-152.0,-152.0,-157.0,-157.0,-157.0,-150.5,-157.0,-157.0,-157.0,-154.0,-157.0,-155.0,-157.0,-157.0,-157.0,-155.5,-156.0,-157.0,-157.0,-152.5,-152.5,-157.0,-155.5,-151.5,-155.5,-154.5,-157.0,-157.0,-157.0,-151.0,-150.0,-153.5,-154.0,-157.0,-157.0,-155.5,-157.0,-155.5,-153.5,-157.0,-157.0,-157.0,-157.0,-156.0,-154.0,-152.0,-157.0,-157.0,-157.0,-157.0,-157.0,-152.5,-152.5,-157.0,-157.0,-155.5,-154.0,-156.0,-155.5,-153.0,-157.0,-157.0,-157.0,-155.5,-157.0,-157.0,-155.0,-157.0,-157.0,-157.0,-157.0,-157.0,-153.0,-152.0,-157.0,-157.0,-156.0,-154.5,-157.0,-157.0,-157.0,-156.0,-157.0,-156.5,-157.0,-156.0,-157.0,-157.0,-157.0,-156.0,-154.5,-154.0,-157.0,-157.0,-156.5,-150.5,-152.0,-152.5,-157.0,-157.0,-157.0,-157.0,-154.0,-157.0,-157.0,-156.5,-152.0,-153.0,-157.0,-149.0,-150.5,-154.5,-156.0,-157.0,-157.0,-157.0,-155.0,-153.0,-154.5,-157.0,-157.0,-155.0,-153.5,-153.0,-153.0,-149.5,-152.5,-156.5,-157.0,-157.0,-157.0,-157.0,-157.0,-155.0,-153.5,-157.0,-148.5,-150.0,-150.5,-157.0,-157.0,-157.0,-157.0,-157.0,-157.0,-157.0,-157.0,-157.0,-154.5,-154.5,-153.0,-154.0,-157.0,-157.0,-157.0,-157.0,-150.5,-152.5,-157.0,-152.5,-155.0,-157.0,-156.5,-157.0,-157.0,-157.0,-157.0,-156.0,-151.0,-150.5,-152.5,-157.0,-153.5,-153.0,-157.0,-151.0,-151.0,-154.5,-155.5,-154.5,-156.5,-148.0,-150.0,-152.5,-157.0,-157.0,-157.0,-157.0,-156.5,-157.0,-157.0,-157.0,-157.0,-157.0,-157.0,-157.0,-151.5,-153.5,-157.0,-157.0,-157.0,-152.5,-154.0,-155.0,-154.5,-156.0,-154.5,-157.0,-157.0,-155.5,-157.0,-157.0,-157.0,-152.0,-153.5,-148.0,-150.5,-153.5,-150.5,-157.0,-151.5,-157.0,-157.0,-153.0,-157.0,-157.0,-157.0,-152.5,-154.0,-157.0,-157.0,-155.0,-153.0,-157.0,-157.0,-157.0,-157.0,-155.5,-157.0,-157.0,-155.0,-156.5,-156.0,-155.5,-155.0,-157.0,-157.0,-155.5,-157.0,-151.5,-151.0,-157.0,-155.0,-157.0,-157.0,-153.5,-157.0,-157.0,-154.5,-153.5,-155.5,-157.0,-155.5,-157.0,-157.0,-154.5,-150.5,-157.0,-155.5,-157.0,-153.5,-155.5,-157.0,-157.0,-157.0,-153.5,-152.0,-155.0,-157.0,-157.0,-157.0,-154.5,-157.0,-157.0,-157.0,-157.0,-157.0,-157.0,-157.0,-157.0,-154.0,-155.5,-157.0,-155.5,-152.5,-157.0,-157.0,-156.0,-153.5,-157.0,-157.0,-157.0,-157.0,-157.0,-157.0,-157.0,-155.0,-152.5,-154.5,-156.0,-157.0,-157.0,-157.0,-157.0,-156.5,-156.5,-154.5,-155.0,-157.0,-157.0,-151.0,-154.0,-157.0,-155.5,-157.0,-157.0,-156.0,-157.0,-154.5,-152.0,-154.0,-155.0,-150.5,-156.0,-157.0,-155.0,-156.5,-155.5,-153.0,-150.0,-157.0,-154.0,-155.5,-155.0,-152.0,-157.0,-154.5,-155.5,-156.5,-154.0,-150.5,-153.0,-153.0,-157.0,-157.0,-157.0,-156.0,-155.0,-157.0,-154.0,-154.5,-153.5,-149.5,-150.0,-152.5,-156.5,-157.0,-157.0,-156.5,-157.0,-157.0,-157.0,-152.5,-151.5,-157.0,-157.0,-157.0,-157.0,-155.0,-154.0,-157.0,-151.5,-151.5,-157.0,-151.5,-153.0,-157.0,-152.0,-155.0,-157.0,-157.0,-157.0,-157.0,-157.0,-157.0,-156.5,-157.0,-157.0,-157.0,-157.0,-152.0,-150.5,-154.0,-157.0,-155.0,-153.5,-157.0,-157.0,-155.5,-154.5,-154.5,-157.0,-157.0,-157.0,-155.0
2026-01-17 14:24:08.442,143.049967,5,-77,-157.0,-157.0,-155.5,-153.5,-153.5,-157.0,-157.0,-156.0,-156.0,-157.0,-157.0,-155.0,-151.5,-157.0,-157.0,-156.0,-155.0,-154.0,-157.0,-155.0,-154.5,-152.0,-157.0,-157.0,-156.5,-156.5,-157.0,-155.5,-157.0,-152.5,-154.5,-152.0,-155.0,-157.0,-157.0,-157.0,-157.0,-153.5,-154.5,-157.0,-148.5,-147.5,-155.5,-157.0,-157.0,-157.0,-156.0,-153.0,-153.0,-157.0,-157.0,-157.0,-156.0,-157.0,-152.5,-153.5,-154.5,-157.0,-157.0,-154.5,-154.0,-157.0,-157.0,-157.0,-157.0,-155.0,-157.0,-157.0,-157.0,-154.5,-157.0,-154.5,-156.0,-157.0,-157.0,-155.0,-157.0,-157.0,-154.0,-152.5,-153.5,-157.0,-157.0,-152.0,-157.0,-157.0,-156.5,-157.0,-157.0,-150.5,-151.0,-155.0,-155.0,-155.0,-157.0,-157.0,-157.0,-157.0,-153.5,-157.0,-157.0,-157.0,-157.0,-155.5,-154.5,-157.0,-157.0,-156.5,-155.0,-157.0,-157.0,-157.0,-157.0,-157.0,-157.0,-153.0,-154.0,-157.0,-154.0,-153.0,-157.0,-157.0,-157.0,-154.0,-157.0,-157.0,-157.0,-157.0,-157.0,-154.5,-157.0,-157.0,-157.0,-153.0,-157.0,-155.0,-155.5,-157.0,-157.0,-155.5,-153.0,-157.0,-155.5,-154.5,-157.0,-157.0,-157.0,-157.0,-157.0,-156.0,-154.5,-156.5,-157.0,-157.0,-154.0,-153.0,-154.5,-154.5,-157.0,-157.0,-157.0,-157.0,-157.0,-155.5,-157.0,-157.0,-155.0,-157.0,-154.5,-151.5,-157.0,-157.0,-157.0,-156.0,-157.0,-157.0,-157.0,-153.0,-156.5,-154.5,-156.0,-157.0,-157.0,-154.0,-155.5,-153.5,-155.5,-153.0,-157.0,-157.0,-157.0,-157.0,-157.0,-155.0,-153.5,-157.0,-151.5,-154.0,-151.5,-157.0,-157.0,-157.0,-157.0,-155.0,-157.0,-157.0,-157.0,-157.0,-155.5,-157.0,-155.5,-157.0,-154.0,-153.5,-157.0,-157.0,-150.5,-151.5,-157.0,-153.0,-154.0,-157.0,-157.0,-155.5,-157.0,-157.0,-157.0,-156.0,-153.0,-156.0,-151.0,-154.0,-154.0,-153.5,-153.5,-154.0,-156.0,-157.0,-157.0,-156.0,-157.0,-150.0,-152.5,-154.5,-157.0,-157.0,-157.0,-157.0,-156.5,-154.5,-155.5,-156.0,-157.0,-157.0,-157.0,-157.0,-152.5,-152.0,-156.0,-157.0,-157.0,-155.0,-157.0,-157.0,-156.5,-153.0,-155.5,-155.5,-157.0,-152.5,-152.0,-157.0,-157.0,-154.5,-157.0,-151.0,-151.0,-157.0,-151.5,-155.0,-153.0,-155.5,-157.0,-154.5,-157.0,-157.0,-154.0,-152.5,-151.5,-152.5,-157.0,-157.0,-157.0,-157.0,-157.0,-157.0,-154.0,-153.0,-157.0,-155.5,-154.5,-157.0,-157.0,-152.5,-154.5,-157.0,-156.0,-155.0,-157.0,-154.0,-156.0,-157.0,-157.0,-157.0,-157.0,-155.0,-157.0,-157.0,-153.0,-156.5,-153.5,-156.0,-156.0,-155.0,-152.5,-151.0,-149.0,-157.0,-157.0,-157.0,-152.5,-156.5,-157.0,-157.0,-157.0,-157.0,-153.5,-152.5,-157.0,-157.0,-157.0,-155.5,-154.5,-153.0,-156.0,-157.0,-156.0,-157.0,-157.0,-157.0,-155.0,-157.0,-157.0,-157.0,-150.5,-151.5,-154.0,-157.0,-156.0,-157.0,-157.0,-157.0,-155.5,-157.0,-157.0,-157.0,-155.5,-153.0,-157.0,-157.0,-155.0,-157.0,-157.0,-157.0,-154.0,-156.5,-157.0,-153.0,-154.5,-157.0,-155.0,-156.0,-155.0,-152.5,-157.0,-157.0,-156.5,-157.0,-153.0,-152.5,-154.5,-153.5,-150.5,-151.5,-154.5,-152.0,-154.0,-157.0,-157.0,-154.0,-157.0,-154.5,-155.0,-157.0,-154.0,-157.0,-157.0,-156.0,-155.5,-151.0,-151.5,-157.0,-150.5,-152.5,-157.0,-156.5,-157.0,-155.0,-156.5,-154.5,-157.0,-157.0,-151.5,-152.0,-154.5,-157.0,-154.5,-152.5,-155.5,-157.0,-156.0,-157.0,-153.5,-152.0,-155.0,-157.0,-157.0,-157.0,-157.0,-157.0,-157.0,-157.0,-153.5,-157.0,-151.5,-151.5,-157.0,-151.0,-152.0,-157.0,-157.0,-155.5,-157.0,-157.0,-157.0,-157.0,-157.0,-157.0,-157.0,-157.0,-153.5,-152.5,-154.5,-156.5,-152.5,-155.5,-157.0,-157.0,-153.0,-155.5,-157.0,-157.0,-157.0,-157.0,-156.0
2026-01-17 14:24:08.479,143.049967,5,-77,-157.0,-157.0,-153.5,-155.5,-156.0,-157.0,-157.0,-157.0,-157.0,-157.0,-154.5,-155.0,-150.5,-154.0,-155.0,-151.0,-151.0,-154.5,-157.0,-157.0,-152.0,-150.5,-156.5,-157.0,-156.0,-155.5,-157.0,-152.5,-153.5,-155.5,-155.0,-153.0,-157.0,-157.0,-157.0,-157.0,-157.0,-156.5,-157.0,-155.5,-154.0,-149.0,-151.0,-155.5,-157.0,-157.0,-157.0,-152.5,-153.0,-155.0,-154.0,-157.0,-157.0,-156.5,-153.0,-155.5,-156.0,-157.0,-157.0,-152.5,-152.5,-154.5,-156.5,-157.0,-157.0,-157.0,-157.0,-154.0,-157.0,-157.0,-157.0,-155.0,-157.0,-155.5,-153.5,-150.5,-156.5,-154.5,-153.0,-154.5,-156.5,-157.0,-157.0,-151.5,-154.0,-157.0,-154.0,-152.0,-155.5,-154.5,-157.0,-157.0,-157.0,-157.0,-156.5,-156.0,-157.0,-157.0,-151.5,-152.5,-157.0,-154.5,-157.0,-156.5,-155.5,-157.0,-157.0,-155.0,-153.5,-157.0,-157.0,-157.0,-157.0,-155.5,-155.0,-157.0,-154.5,-157.0,-155.0,-156.5,-157.0,-157.0,-153.5,-154.5,-155.5,-156.5,-156.5,-157.0,-157.0,-155.5,-155.0,-157.0,-157.0,-154.5,-157.0,-157.0,-157.0,-157.0,-157.0,-151.0,-152.0,-157.0,-153.5,-152.5,-157.0,-157.0,-157.0,-157.0,-157.0,-157.0,-155.0,-157.0,-157.0,-155.5,-152.5,-153.5,-157.0,-154.5,-157.0,-157.0,-157.0,-157.0,-157.0,-157.0,-157.0,-157.0,-157.0,-157.0,-154.5,-153.5,-156.0,-156.5,-157.0,-154.0,-153.0,-155.5,-157.0,-155.0,-155.0,-151.5,-155.5,-157.0,-157.0,-156.5,-157.0,-157.0,-152.5,-151.5,-157.0,-154.0,-157.0,-156.0,-154.0,-157.0,-157.0,-157.0,-154.0,-157.0,-153.0,-152.5,-155.0,-156.0,-157.0,-155.5,-157.0,-157.0,-157.0,-157.0,-157.0,-157.0,-154.0,-156.0,-153.0,-152.0,-157.0,-153.0,-155.0,-157.0,-157.0,-156.5,-157.0,-157.0,-157.0,-154.5,-157.0,-157.0,-157.0,-157.0,-156.0,-157.0,-153.0,-157.0,-157.0,-156.5,-149.5,-151.0,-157.0,-157.0,-157.0,-157.0,-155.5,-152.0,-153.5,-154.5,-156.0,-157.0,-157.0,-157.0,-155.5,-153.0,-153.0,-155.0,-157.0,-157.0,-157.0,-157.0,-157.0,-153.0,-156.5,-157.0,-155.5,-157.0,-157.0,-156.5,-156.5,-154.5,-155.5,-154.0,-155.5,-156.5,-153.5,-157.0,-157.0,-157.0,-157.0,-157.0,-153.0,-157.0,-154.0,-157.0,-157.0,-156.5,-157.0,-157.0,-156.0,-152.5,-152.5,-157.0,-156.5,-154.0,-157.0,-157.0,-157.0,-157.0,-157.0,-157.0,-157.0,-155.0,-156.0,-157.0,-157.0,-156.5,-157.0,-155.5,-157.0,-157.0,-156.5,-156.0,-157.0,-153.5,-157.0,-157.0,-157.0,-157.0,-157.0,-154.0,-152.0,-157.0,-152.5,-154.0,-155.0,-157.0,-154.5,-155.0,-150.0,-151.5,-151.0,-157.0,-157.0,-156.5,-153.0,-155.5,-157.0,-157.0,-157.0,-156.0,-154.5,-153.5,-154.0,-154.5,-157.0,-154.5,-157.0,-154.0,-156.5,-153.0,-153.5,-157.0,-157.0,-157.0,-153.5,-152.5,-153.0,-153.5,-150.5,-151.5,-154.0,-157.0,-157.0,-157.0,-156.0,-157.0,-155.5,-155.5,-157.0,-157.0,-151.5,-150.0,-157.0,-157.0,-156.0,-157.0,-157.0,-157.0,-154.0,-157.0,-157.0,-153.5,-154.0,-157.0,-157.0,-153.0,-151.5,-151.0,-155.5,-157.0,-157.0,-155.5,-155.5,-156.0,-151.0,-152.5,-155.0,-154.5,-153.0,-153.5,-153.5,-157.0,-157.0,-157.0,-155.5,-157.0,-156.5,-155.5,-157.0,-157.0,-157.0,-156.5,-154.0,-155.0,-154.5,-157.0,-152.0,-152.5,-157.0,-154.5,-155.0,-157.0,-156.5,-156.5,-157.0,-157.0,-157.0,-157.0,-156.5,-157.0,-155.5,-150.5,-152.5,-155.5,-152.0,-153.5,-157.0,-154.0,-157.0,-157.0,-156.5,-156.5,-157.0,-157.0,-156.5,-157.0,-156.5,-157.0,-157.0,-156.0,-157.0,-155.5,-156.5,-157.0,-153.5,-151.5,-157.0,-157.0,-154.5,-157.0,-157.0,-157.0,-154.5,-156.0,-157.0,-157.0,-155.5,-155.0,-155.5,-157.0,-157.0,-157.0,-153.5,-153.5,-157.0,-157.0,-157.0,-155.0,-157.0
2026-01-17 14:24:08.517,143.049967,5,-77,-157.0,-157.0,-155.5,-157.0,-157.0,-157.0,-155.5,-155.0,-156.0,-156.5,-155.0,-157.0,-153.5,-154.5,-151.0,-151.5,-151.5,-157.0,-157.0,-157.0,-155.0,-155.5,-157.0,-157.0,-155.0,-157.0,-157.0,-152.5,-152.5,-157.0,-157.0,-155.0,-157.0,-157.0,-156.0,-157.0,-157.0,-155.5,-155.5,-150.0,-153.0,-153.0,-153.5,-154.0,-157.0,-157.0,-157.0,-154.5,-153.5,-156.5,-152.0,-152.0,-157.0,-156.0,-157.0,-157.0,-157.0,-157.0,-157.0,-157.0,-153.0,-152.0,-157.0,-157.0,-157.0,-157.0,-157.0,-153.5,-154.5,-156.0,-154.0,-153.0,-157.0,-156.5,-150.5,-149.5,-153.0,-155.5,-154.5,-155.5,-157.0,-157.0,-157.0,-152.0,-152.0,-157.0,-157.0,-151.5,-154.0,-155.0,-154.0,-157.0,-157.0,-157.0,-157.0,-154.5,-157.0,-157.0,-152.0,-155.0,-157.0,-154.0,-157.0,-157.0,-153.5,-152.5,-157.0,-156.5,-157.0,-157.0,-154.0,-157.0,-156.5,-156.0,-157.0,-157.0,-155.0,-157.0,-157.0,-157.0,-157.0,-157.0,-156.5,-157.0,-157.0,-156.5,-155.5,-157.0,-157.0,-156.0,-156.5,-156.0,-157.0,-155.5,-156.0,-157.0,-157.0,-157.0,-156.0,-153.0,-154.5,-157.0,-155.0,-152.0,-157.0,-157.0,-157.0,-157.0,-157.0,-157.0,-153.0,-153.5,-157.0,-157.0,-157.0,-157.0,-157.0,-152.0,-153.5,-157.0,-157.0,-157.0,-156.0,-157.0,-157.0,-157.0,-157.0,-157.0,-152.0,-153.5,-154.0,-154.0,-155.5,-151.5,-149.5,-152.5,-157.0,-157.0,-157.0,-153.0,-157.0,-157.0,-157.0,-157.0,-157.0,-157.0,-157.0,-155.5,-151.5,-149.5,-157.0,-152.5,-151.5,-157.0,-157.0,-157.0,-157.0,-157.0,-157.0,-152.5,-155.0,-155.0,-157.0,-157.0,-157.0,-157.0,-157.0,-155.5,-157.0,-157.0,-154.5,-152.5,-153.5,-154.5,-157.0,-154.0,-157.0,-157.0,-157.0,-157.0,-153.5,-157.0,-156.5,-157.0,-153.5,-157.0,-157.0,-157.0,-155.5,-157.0,-155.0,-155.0,-156.5,-156.5,-148.0,-150.5,-155.0,-155.5,-157.0,-157.0,-156.5,-155.0,-150.5,-152.0,-157.0,-157.0,-157.0,-155.0,-151.5,-154.0,-157.0,-157.0,-157.0,-157.0,-157.0,-157.0,-156.5,-153.0,-157.0,-153.0,-153.0,-155.5,-153.5,-157.0,-155.5,-157.0,-156.5,-157.0,-157.0,-157.0,-157.0,-157.0,-157.0,-155.5,-157.0,-157.0,-153.0,-155.0,-154.0,-157.0,-157.0,-157.0,-157.0,-157.0,-157.0,-150.5,-153.0,-157.0,-157.0,-157.0,-155.5,-156.0,-157.0,-153.5,-155.5,-157.0,-157.0,-157.0,-157.0,-157.0,-157.0,-156.5,-153.0,-157.0,-157.0,-156.5,-155.5,-157.0,-154.0,-150.0,-154.0,-156.5,-157.0,-157.0,-154.0,-153.0,-151.0,-157.0,-156.0,-155.5,-157.0,-157.0,-151.5,-157.0,-151.5,-157.0,-156.0,-156.5,-153.5,-157.0,-156.5,-155.0,-157.0,-157.0,-156.0,-154.0,-152.5,-153.5,-152.5,-157.0,-157.0,-153.0,-157.0,-157.0,-156.5,-154.5,-153.5,-157.0,-156.0,-157.0,-156.5,-151.0,-152.5,-149.5,-150.0,-156.0,-151.5,-153.0,-157.0,-157.0,-154.0,-155.0,-154.0,-156.5,-157.0,-157.0,-151.0,-150.5,-157.0,-157.0,-156.5,-157.0,-157.0,-153.0,-153.5,-157.0,-157.0,-153.0,-153.5,-157.0,-154.0,-151.0,-154.5,-154.0,-156.0,-157.0,-157.0,-155.5,-157.0,-154.0,-150.5,-154.5,-157.0,-156.5,-157.0,-157.0,-154.0,-154.5,-155.0,-157.0,-154.0,-156.5,-154.5,-152.0,-156.5,-157.0,-154.0,-157.0,-157.0,-157.0,-155.0,-154.5,-157.0,-157.0,-157.0,-157.0,-156.0,-154.5,-154.0,-154.5,-157.0,-157.0,-157.0,-154.0,-156.5,-157.0,-157.0,-155.5,-156.5,-155.5,-154.5,-156.0,-157.0,-154.0,-157.0,-157.0,-155.0,-154.5,-157.0,-157.0,-157.0,-157.0,-156.5,-156.5,-157.0,-157.0,-157.0,-157.0,-157.0,-157.0,-154.5,-150.5,-155.0,-157.0,-154.5,-153.5,-157.0,-157.0,-154.0,-157.0,-157.0,-157.0,-157.0,-157.0,-157.0,-157.0,-157.0,-157.0,-157.0,-154.0,-152.0,-157.0,-157.0,-155.0,-157.0
2026-01-17 14:24:08.546,143.049967,5,-77,-157.0,-157.0,-157.0,-157.0,-155.5,-156.5,-157.0,-154.0,-155.5,-157.0,-157.0,-156.5,-157.0,-154.5,-151.0,-157.0,-157.0,-157.0,-157.0,-157.0,-157.0,-157.0,-154.5,-156.0,-153.0,-154.5,-155.5,-155.5,-157.0,-157.0,-157.0,-157.0,-157.0,-157.0,-157.0,-157.0,-154.5,-155.5,-150.0,-148.0,-156.5,-157.0,-154.5,-156.0,-157.0,-157.0,-157.0,-157.0,-157.0,-154.5,-153.5,-152.0,-155.0,-153.0,-157.0,-157.0,-157.0,-157.0,-156.0,-157.0,-157.0,-154.0,-157.0,-157.0,-157.0,-157.0,-157.0,-157.0,-157.0,-155.5,-157.0,-155.5,-157.0,-157.0,-156.5,-155.5,-156.5,-155.0,-157.0,-157.0,-157.0,-153.5,-152.5,-154.5,-154.5,-157.0,-157.0,-154.5,-157.0,-156.0,-154.0,-155.0,-157.0,-157.0,-156.5,-154.5,-157.0,-156.5,-154.5,-157.0,-157.0,-156.0,-157.0,-157.0,-157.0,-150.0,-151.5,-157.0,-156.5,-157.0,-152.5,-157.0,-157.0,-157.0,-157.0,-157.0,-155.5,-157.0,-157.0,-157.0,-155.0,-156.0,-157.0,-157.0,-155.0,-154.0,-157.0,-157.0,-157.0,-157.0,-157.0,-157.0,-156.0,-157.0,-157.0,-157.0,-157.0,-157.0,-157.0,-157.0,-157.0,-156.5,-157.0,-154.5,-157.0,-157.0,-155.5,-156.5,-157.0,-157.0,-153.5,-154.5,-157.0,-157.0,-157.0,-157.0,-157.0,-153.0,-155.0,-157.0,-157.0,-156.0,-156.0,-157.0,-157.0,-155.0,-154.5,-157.0,-152.0,-156.0,-157.0,-153.5,-153.5,-152.0,-154.0,-155.0,-157.0,-157.0,-157.0,-155.0,-157.0,-152.5,-153.0,-157.0,-157.0,-157.0,-157.0,-157.0,-153.5,-149.5,-157.0,-154.5,-153.5,-157.0,-157.0,-157.0,-157.0,-157.0,-157.0,-157.0,-157.0,-156.5,-156.5,-157.0,-157.0,-157.0,-155.5,-153.0,-157.0,-157.0,-157.0,-153.0,-155.0,-156.0,-157.0,-153.0,-157.0,-157.0,-157.0,-156.0,-151.5,-152.0,-153.0,-156.0,-152.0,-157.0,-157.0,-155.0,-153.5,-156.0,-157.0,-153.5,-156.5,-157.0,-150.5,-151.0,-156.5,-154.0,-157.0,-157.0,-156.0,-157.0,-151.5,-153.5,-157.0,-157.0,-157.0,-156.5,-151.5,-157.0,-156.5,-155.0,-157.0,-157.0,-157.0,-152.0,-149.0,-149.5,-154.0,-153.5,-155.0,-152.0,-153.5,-157.0,-156.0,-157.0,-157.0,-157.0,-157.0,-157.0,-157.0,-157.0,-157.0,-155.0,-155.5,-156.5,-157.0,-154.5,-152.0,-153.5,-156.5,-156.5,-157.0,-157.0,-156.5,-150.0,-150.0,-156.0,-157.0,-157.0,-152.0,-152.5,-155.5,-153.5,-157.0,-157.0,-157.0,-157.0,-156.0,-157.0,-154.0,-151.0,-150.0,-157.0,-157.0,-155.5,-157.0,-157.0,-154.0,-152.0,-154.0,-154.5,-152.0,-153.5,-154.0,-157.0,-154.5,-157.0,-157.0,-155.0,-155.0,-157.0,-153.0,-155.0,-152.5,-155.0,-157.0,-152.5,-152.5,-157.0,-157.0,-155.5,-157.0,-157.0,-157.0,-156.5,-155.0,-153.5,-153.5,-157.0,-154.5,-153.0,-157.0,-157.0,-156.5,-156.5,-157.0,-157.0,-157.0,-154.5,-154.5,-154.0,-153.5,-150.5,-151.5,-157.0,-152.5,-151.5,-157.0,-156.0,-153.5,-157.0,-153.5,-157.0,-157.0,-157.0,-157.0,-157.0,-157.0,-157.0,-154.0,-157.0,-157.0,-153.0,-156.0,-157.0,-154.5,-152.5,-155.5,-157.0,-153.5,-149.5,-155.0,-157.0,-155.5,-157.0,-156.5,-155.0,-157.0,-157.0,-153.0,-157.0,-157.0,-153.0,-157.0,-157.0,-155.5,-154.5,-154.0,-157.0,-157.0,-155.5,-155.0,-155.0,-153.0,-152.5,-152.0,-157.0,-157.0,-157.0,-157.0,-157.0,-153.5,-154.0,-157.0,-157.0,-155.5,-151.5,-153.5,-157.0,-156.5,-157.0,-154.0,-152.0,-157.0,-157.0,-156.5,-157.0,-157.0,-156.0,-157.0,-157.0,-156.5,-153.0,-156.0,-157.0,-157.0,-155.0,-157.0,-157.0,-157.0,-157.0,-155.0,-157.0,-157.0,-157.0,-156.0,-157.0,-157.0,-157.0,-157.0,-153.0,-153.5,-157.0,-154.5,-156.0,-157.0,-153.0,-155.0,-157.0,-154.0,-155.0,-157.0,-157.0,-157.0,-155.5,-157.0,-155.5,-157.0,-157.0,-151.5,-155.0,-154.0,-155.5,-157.0
2026-01-17 14:24:08.579,143.049967,5,-77,-157.0,-157.0,-157.0,-156.0,-154.0,-157.0,-157.0,-157.0,-157.0,-157.0,-157.0,-157.0,-157.0,-157.0,-152.0,-153.0,-157.0,-156.5,-157.0,-157.0,-154.5,-157.0,-152.0,-152.0,-155.0,-154.5,-155.0,-156.5,-157.0,-157.0,-156.0,-157.0,-157.0,-156.5,-157.0,-157.0,-154.0,-154.5,-151.5,-150.0,-157.0,-157.0,-156.5,-157.0,-157.0,-157.0,-157.0,-157.0,-155.5,-154.0,-153.5,-152.0,-155.0,-149.5,-150.5,-157.0,-157.0,-154.5,-153.5,-156.5,-155.0,-154.0,-157.0,-157.0,-155.0,-157.0,-157.0,-157.0,-157.0,-157.0,-157.0,-155.0,-157.0,-157.0,-157.0,-157.0,-155.0,-154.5,-156.0,-157.0,-157.0,-152.0,-154.0,-157.0,-155.5,-156.5,-157.0,-157.0,-157.0,-156.0,-157.0,-157.0,-155.5,-157.0,-157.0,-155.0,-157.0,-157.0,-157.0,-157.0,-157.0,-157.0,-153.5,-154.0,-157.0,-153.0,-152.0,-156.0,-154.0,-154.5,-153.5,-157.0,-157.0,-157.0,-157.0,-157.0,-157.0,-157.0,-157.0,-155.0,-156.0,-156.0,-154.5,-155.5,-152.0,-155.0,-157.0,-157.0,-157.0,-157.0,-157.0,-157.0,-153.0,-153.5,-157.0,-157.0,-157.0,-157.0,-157.0,-157.0,-157.0,-157.0,-157.0,-157.0,-157.0,-157.0,-153.5,-155.5,-157.0,-157.0,-157.0,-157.0,-157.0,-157.0,-157.0,-157.0,-155.0,-152.0,-154.0,-157.0,-156.0,-153.5,-151.5,-152.0,-157.0,-154.5,-155.0,-157.0,-154.5,-157.0,-157.0,-153.5,-157.0,-157.0,-157.0,-157.0,-157.0,-157.0,-157.0,-155.0,-157.0,-155.0,-151.5,-154.5,-153.5,-152.5,-156.5,-157.0,-157.0,-151.5,-157.0,-157.0,-156.0,-157.0,-157.0,-155.0,-154.0,-156.5,-157.0,-157.0,-156.0,-157.0,-157.0,-156.5,-157.0,-157.0,-154.0,-153.0,-154.0,-157.0,-157.0,-157.0,-154.0,-152.5,-157.0,-153.5,-152.5,-157.0,-152.5,-153.5,-156.0,-152.5,-152.0,-157.0,-152.5,-155.5,-157.0,-156.0,-156.0,-152.5,-157.0,-157.0,-156.0,-157.0,-156.0,-153.0,-157.0,-155.0,-157.0,-157.0,-152.5,-152.0,-155.0,-157.0,-157.0,-157.0,-157.0,-156.0,-154.5,-153.0,-151.5,-151.5,-155.0,-153.0,-153.5,-153.0,-151.5,-150.5,-154.0,-154.0,-157.0,-155.5,-157.0,-157.0,-156.0,-157.0,-157.0,-157.0,-156.0,-157.0,-157.0,-157.0,-157.0,-156.0,-157.0,-157.0,-157.0,-157.0,-151.0,-148.5,-155.0,-153.5,-153.0,-155.0,-156.0,-148.5,-150.0,-157.0,-154.5,-152.0,-152.5,-154.5,-157.0,-155.5,-157.0,-157.0,-157.0,-156.5,-157.0,-157.0,-157.0,-151.5,-154.0,-157.0,-157.0,-157.0,-157.0,-157.0,-157.0,-157.0,-157.0,-157.0,-151.5,-151.0,-155.5,-157.0,-157.0,-157.0,-156.5,-153.5,-153.5,-154.0,-152.0,-156.0,-155.0,-157.0,-154.0,-151.0,-152.5,-151.5,-157.0,-157.0,-157.0,-157.0,-157.0,-157.0,-156.5,-153.0,-152.5,-156.5,-156.0,-153.5,-155.0,-153.5,-152.0,-155.0,-157.0,-157.0,-157.0,-156.0,-155.0,-155.0,-155.0,-153.0,-157.0,-157.0,-153.0,-151.5,-155.0,-153.5,-154.0,-157.0,-154.5,-157.0,-157.0,-157.0,-157.0,-157.0,-157.0,-157.0,-155.0,-154.0,-156.0,-156.0,-157.0,-156.5,-155.0,-157.0,-157.0,-157.0,-151.5,-151.0,-157.0,-157.0,-157.0,-157.0,-157.0,-157.0,-157.0,-157.0,-152.5,-157.0,-157.0,-152.5,-156.0,-154.5,-154.5,-156.5,-157.0,-157.0,-157.0,-157.0,-157.0,-157.0,-155.0,-155.0,-153.0,-156.0,-157.0,-157.0,-157.0,-157.0,-153.5,-152.0,-153.0,-157.0,-157.0,-152.5,-156.0,-156.5,-153.0,-156.0,-155.0,-154.0,-157.0,-157.0,-155.5,-157.0,-157.0,-154.0,-154.0,-157.0,-157.0,-155.5,-157.0,-157.0,-156.0,-154.5,-155.5,-157.0,-157.0,-157.0,-155.0,-157.0,-157.0,-156.0,-153.0,-157.0,-157.0,-155.0,-157.0,-154.0,-155.0,-154.5,-151.5,-156.0,-156.0,-153.5,-155.5,-157.0,-153.0,-151.5,-157.0,-157.0,-155.5,-152.0,-153.5,-155.0,-157.0,-157.0,-152.5,-154.5,-156.5,-157.0,-154.5
2026-01-17 14:24:08.613,143.049967,5,-77,-157.0,-157.0,-157.0,-157.0,-155.0,-157.0,-157.0,-157.0,-157.0,-157.0,-156.5,-154.0,-155.5,-157.0,-153.5,-154.5,-157.0,-155.5,-157.0,-155.5,-152.5,-157.0,-153.0,-153.5,-157.0,-157.0,-156.5,-154.5,-157.0,-157.0,-155.0,-151.5,-152.0,-154.0,-157.0,-157.0,-155.5,-155.0,-157.0,-157.0,-157.0,-157.0,-157.0,-157.0,-157.0,-157.0,-157.0,-157.0,-153.5,-155.0,-152.0,-152.5,-157.0,-150.5,-149.0,-154.5,-156.5,-157.0,-154.5,-154.5,-154.0,-155.0,-153.5,-155.0,-157.0,-157.0,-157.0,-157.0,-157.0,-157.0,-157.0,-152.5,-157.0,-157.0,-157.0,-154.0,-154.5,-157.0,-157.0,-157.0,-157.0,-155.5,-157.0,-157.0,-154.5,-152.5,-157.0,-157.0,-154.5,-151.5,-154.5,-157.0,-155.5,-157.0,-157.0,-153.5,-155.5,-157.0,-157.0,-154.5,-155.5,-157.0,-154.5,-153.5,-156.5,-157.0,-157.0,-157.0,-157.0,-155.5,-153.5,-154.0,-157.0,-157.0,-157.0,-157.0,-157.0,-157.0,-157.0,-156.0,-157.0,-157.0,-154.0,-155.0,-151.5,-155.5,-157.0,-157.0,-156.5,-157.0,-154.5,-157.0,-155.0,-150.5,-155.5,-157.0,-157.0,-157.0,-157.0,-157.0,-157.0,-157.0,-157.0,-156.0,-157.0,-157.0,-155.5,-157.0,-157.0,-157.0,-157.0,-157.0,-157.0,-157.0,-156.5,-155.5,-156.5,-151.0,-151.0,-157.0,-155.0,-151.5,-149.0,-150.5,-157.0,-155.0,-153.0,-154.5,-153.5,-157.0,-157.0,-155.0,-157.0,-157.0,-157.0,-157.0,-157.0,-157.0,-157.0,-154.5,-156.5,-157.0,-154.5,-156.0,-151.5,-151.0,-151.0,-157.0,-156.5,-154.0,-155.5,-156.0,-156.5,-157.0,-157.0,-153.5,-150.5,-152.0,-157.0,-157.0,-153.0,-157.0,-157.0,-157.0,-155.5,-157.0,-155.5,-155.0,-153.0,-157.0,-152.5,-155.5,-152.5,-153.0,-157.0,-157.0,-153.5,-157.0,-152.0,-153.5,-157.0,-156.5,-156.0,-157.0,-157.0,-157.0,-157.0,-157.0,-157.0,-150.5,-150.5,-152.5,-152.5,-157.0,-157.0,-154.5,-157.0,-155.5,-157.0,-157.0,-156.5,-153.5,-155.5,-155.0,-157.0,-156.0,-157.0,-157.0,-155.0,-153.0,-152.5,-155.5,-153.5,-152.0,-152.5,-157.0,-157.0,-154.0,-157.0,-154.0,-157.0,-157.0,-157.0,-157.0,-157.0,-157.0,-157.0,-155.0,-156.5,-157.0,-155.0,-157.0,-157.0,-156.5,-157.0,-157.0,-155.5,-154.5,-154.5,-149.0,-150.5,-157.0,-150.0,-153.0,-152.0,-148.0,-154.5,-157.0,-155.5,-153.5,-155.5,-157.0,-157.0,-156.0,-157.0,-157.0,-157.0,-157.0,-157.0,-157.0,-157.0,-153.5,-157.0,-157.0,-152.5,-152.5,-157.0,-157.0,-157.0,-157.0,-157.0,-157.0,-153.0,-154.0,-157.0,-157.0,-156.5,-153.0,-152.0,-157.0,-157.0,-152.0,-152.5,-157.0,-155.5,-157.0,-151.5,-153.0,-150.5,-149.5,-156.5,-157.0,-157.0,-157.0,-157.0,-157.0,-154.5,-154.0,-152.5,-157.0,-155.0,-152.5,-155.5,-152.5,-155.0,-156.5,-157.0,-155.0,-157.0,-157.0,-157.0,-154.5,-157.0,-156.0,-157.0,-157.0,-153.5,-153.5,-155.0,-157.0,-157.0,-154.0,-153.5,-157.0,-157.0,-156.5,-157.0,-157.0,-157.0,-156.5,-157.0,-155.5,-157.0,-157.0,-157.0,-151.0,-152.5,-157.0,-157.0,-156.0,-153.5,-157.0,-157.0,-157.0,-157.0,-157.0,-157.0,-157.0,-155.5,-152.5,-152.5,-157.0,-157.0,-153.5,-157.0,-157.0,-156.0,-156.0,-156.5,-157.0,-157.0,-157.0,-157.0,-157.0,-157.0,-157.0,-157.0,-157.0,-157.0,-157.0,-157.0,-157.0,-157.0,-154.5,-155.0,-154.0,-157.0,-157.0,-157.0,-157.0,-154.5,-157.0,-157.0,-157.0,-157.0,-155.0,-157.0,-157.0,-157.0,-157.0,-157.0,-157.0,-155.5,-157.0,-155.5,-157.0,-157.0,-156.5,-157.0,-157.0,-157.0,-157.0,-154.5,-157.0,-157.0,-157.0,-152.0,-152.5,-152.5,-151.0,-157.0,-152.0,-153.0,-154.0,-152.5,-153.0,-155.5,-156.0,-157.0,-157.0,-153.0,-151.0,-154.0,-155.0,-155.5,-150.5,-150.5,-157.0,-157.0,-157.0,-157.0,-154.0,-157.0,-157.0,-154.0
2026-01-17 14:24:08.644,143.049967,5,-77,-157.0,-157.0,-157.0,-157.0,-151.5,-154.0,-157.0,-157.0,-157.0,-157.0,-155.5,-157.0,-157.0,-157.0,-157.0,-157.0,-157.0,-155.0,-155.0,-156.5,-154.0,-155.0,-155.0,-157.0,-157.0,-157.0,-155.0,-153.0,-155.5,-156.5,-155.0,-150.5,-153.5,-157.0,-157.0,-157.0,-157.0,-157.0,-157.0,-157.0,-154.5,-155.0,-157.0,-157.0,-157.0,-157.0,-157.0,-157.0,-154.5,-157.0,-154.5,-157.0,-157.0,-157.0,-152.0,-156.0,-152.5,-157.0,-155.5,-152.0,-154.5,-155.5,-151.5,-152.5,-155.0,-157.0,-157.0,-156.5,-157.0,-157.0,-157.0,-152.0,-157.0,-157.0,-156.0,-154.5,-154.0,-157.0,-156.0,-157.0,-157.0,-157.0,-157.0,-157.0,-156.0,-153.5,-155.5,-157.0,-155.5,-151.0,-157.0,-157.0,-157.0,-156.0,-157.0,-152.5,-152.5,-157.0,-157.0,-154.5,-153.5,-157.0,-157.0,-154.0,-157.0,-157.0,-157.0,-157.0,-157.0,-157.0,-154.5,-154.5,-157.0,-157.0,-157.0,-157.0,-157.0,-157.0,-156.5,-154.5,-157.0,-157.0,-156.0,-156.0,-151.5,-155.5,-157.0,-157.0,-154.5,-153.5,-153.0,-156.5,-157.0,-150.0,-154.0,-156.0,-152.0,-154.0,-157.0,-157.0,-157.0,-155.5,-156.0,-156.0,-154.5,-157.0,-157.0,-157.0,-157.0,-157.0,-157.0,-157.0,-157.0,-157.0,-157.0,-155.5,-155.5,-157.0,-153.5,-157.0,-157.0,-151.0,-152.5,-153.0,-156.5,-156.0,-152.5,-151.5,-151.5,-155.0,-157.0,-155.5,-157.0,-157.0,-157.0,-155.0,-153.0,-157.0,-157.0,-154.0,-155.0,-154.5,-157.0,-157.0,-152.0,-157.0,-149.5,-152.5,-155.5,-157.0,-153.0,-151.5,-153.5,-156.0,-153.5,-157.0,-155.5,-151.5,-154.0,-156.0,-153.0,-153.5,-157.0,-157.0,-154.5,-156.5,-157.0,-155.0,-154.0,-154.0,-152.0,-157.0,-153.5,-157.0,-157.0,-157.0,-155.0,-156.0,-154.5,-157.0,-157.0,-157.0,-157.0,-157.0,-157.0,-157.0,-155.0,-157.0,-157.0,-154.5,-150.5,-152.0,-151.0,-156.5,-157.0,-153.5,-157.0,-157.0,-157.0,-157.0,-157.0,-157.0,-148.5,-148.0,-153.0,-153.0,-157.0,-153.0,-152.0,-157.0,-156.0,-157.0,-155.5,-156.5,-155.5,-157.0,-157.0,-154.5,-157.0,-153.5,-155.5,-157.0,-154.5,-157.0,-157.0,-157.0,-153.5,-154.5,-157.0,-156.5,-153.5,-157.0,-157.0,-156.0,-157.0,-157.0,-156.5,-152.5,-154.0,-153.5,-153.0,-151.5,-149.5,-156.0,-152.5,-148.5,-154.0,-157.0,-157.0,-156.0,-154.5,-157.0,-157.0,-157.0,-157.0,-156.5,-155.5,-157.0,-156.0,-155.5,-157.0,-151.5,-150.5,-157.0,-152.0,-152.0,-157.0,-157.0,-157.0,-157.0,-157.0,-157.0,-155.5,-154.0,-156.0,-157.0,-157.0,-152.5,-152.0,-157.0,-157.0,-153.0,-157.0,-157.0,-157.0,-156.0,-153.5,-157.0,-154.5,-153.0,-157.0,-157.0,-157.0,-156.0,-157.0,-155.5,-154.5,-157.0,-153.0,-154.5,-151.5,-152.5,-157.0,-157.0,-157.0,-157.0,-157.0,-151.0,-152.0,-154.5,-157.0,-154.0,-157.0,-156.0,-154.5,-157.0,-157.0,-157.0,-154.5,-157.0,-154.5,-153.0,-156.0,-157.0,-157.0,-153.5,-153.0,-153.0,-152.0,-152.0,-157.0,-154.5,-157.0,-157.0,-157.0,-151.0,-153.5,-157.0,-154.0,-152.0,-155.5,-157.0,-155.0,-154.0,-157.0,-157.0,-157.0,-154.0,-152.5,-153.0,-157.0,-157.0,-157.0,-151.0,-156.5,-157.0,-157.0,-157.0,-156.5,-157.0,-155.0,-154.5,-157.0,-157.0,-157.0,-157.0,-157.0,-156.5,-157.0,-157.0,-157.0,-157.0,-157.0,-157.0,-154.5,-153.0,-157.0,-157.0,-157.0,-157.0,-157.0,-157.0,-157.0,-157.0,-153.5,-151.5,-155.5,-154.5,-153.0,-157.0,-157.0,-156.0,-155.0,-157.0,-156.5,-157.0,-157.0,-154.0,-157.0,-157.0,-157.0,-155.5,-153.0,-157.0,-157.0,-157.0,-153.5,-153.0,-151.5,-152.0,-154.5,-153.5,-154.0,-157.0,-157.0,-157.0,-154.5,-152.0,-157.0,-157.0,-152.5,-152.0,-150.0,-149.0,-157.0,-157.0,-154.0,-157.0,-157.0,-157.0,-157.0,-151.5,-154.5,-157.0,-153.5
2026-01-17 14:24:08.682,143.049967,5,-77,-157.0,-157.0,-157.0,-156.0,-151.5,-152.5,-157.0,-157.0,-157.0,-157.0,-155.0,-155.0,-154.5,-156.0,-157.0,-157.0,-155.5,-156.0,-153.0,-157.0,-157.0,-157.0,-157.0,-157.0,-157.0,-157.0,-157.0,-156.0,-157.0,-152.0,-152.5,-152.5,-155.0,-157.0,-157.0,-157.0,-157.0,-157.0,-157.0,-157.0,-151.5,-156.5,-157.0,-157.0,-157.0,-157.0,-157.0,-157.0,-153.5,-157.0,-156.0,-157.0,-157.0,-155.5,-153.5,-155.5,-154.0,-157.0,-157.0,-150.0,-155.5,-157.0,-155.5,-153.0,-153.0,-157.0,-157.0,-155.5,-157.0,-157.0,-157.0,-152.0,-154.5,-156.0,-156.0,-154.5,-152.0,-157.0,-156.5,-157.0,-157.0,-157.0,-157.0,-157.0,-157.0,-155.5,-155.0,-157.0,-155.5,-153.5,-157.0,-157.0,-157.0,-154.0,-157.0,-156.0,-156.0,-156.0,-157.0,-157.0,-154.0,-157.0,-157.0,-156.0,-157.0,-157.0,-157.0,-157.0,-157.0,-157.0,-155.5,-155.5,-157.0,-157.0,-157.0,-157.0,-156.5,-157.0,-156.0,-154.0,-157.0,-157.0,-157.0,-154.0,-151.0,-157.0,-157.0,-157.0,-154.5,-154.0,-153.5,-157.0,-157.0,-151.0,-155.0,-155.0,-155.0,-157.0,-155.0,-157.0,-157.0,-155.0,-155.5,-157.0,-157.0,-155.0,-157.0,-157.0,-157.0,-157.0,-156.0,-156.0,-154.0,-157.0,-157.0,-157.0,-155.5,-157.0,-157.0,-157.0,-153.5,-153.5,-157.0,-157.0,-157.0,-157.0,-156.0,-152.0,-152.5,-153.5,-157.0,-153.5,-152.5,-154.5,-154.0,-151.5,-153.0,-157.0,-157.0,-154.5,-155.5,-154.0,-157.0,-157.0,-152.5,-154.0,-151.5,-154.0,-157.0,-157.0,-156.0,-155.0,-153.5,-155.5,-150.5,-157.0,-157.0,-153.0,-155.0,-157.0,-157.0,-153.0,-157.0,-154.5,-155.0,-153.5,-157.0,-157.0,-156.5,-156.5,-157.0,-154.0,-153.5,-157.0,-157.0,-155.5,-155.0,-157.0,-157.0,-157.0,-154.5,-155.5,-156.0,-156.5,-155.5,-155.0,-155.0,-154.0,-157.0,-157.0,-153.5,-157.0,-153.5,-153.5,-154.5,-151.5,-153.5,-157.0,-151.5,-152.5,-157.0,-157.0,-147.0,-145.5,-150.5,-157.0,-153.0,-151.5,-154.0,-157.0,-156.0,-156.0,-156.0,-157.0,-152.5,-154.5,-155.0,-152.0,-157.0,-157.0,-156.5,-150.5,-150.5,-157.0,-157.0,-154.5,-151.0,-155.5,-157.0,-157.0,-152.5,-153.5,-157.0,-157.0,-157.0,-157.0,-152.5,-151.5,-154.0,-157.0,-153.5,-156.0,-154.0,-155.0,-155.0,-151.0,-155.0,-155.5,-157.0,-157.0,-155.0,-153.5,-157.0,-157.0,-157.0,-157.0,-156.5,-157.0,-157.0,-155.5,-157.0,-151.5,-152.0,-157.0,-156.5,-155.0,-155.5,-157.0,-157.0,-155.5,-156.5,-156.0,-157.0,-154.5,-155.0,-156.5,-157.0,-157.0,-153.0,-154.5,-154.0,-151.5,-153.5,-157.0,-157.0,-156.0,-155.0,-157.0,-157.0,-152.5,-156.0,-157.0,-157.0,-155.5,-157.0,-152.0,-152.0,-154.5,-154.0,-156.5,-153.5,-157.0,-157.0,-157.0,-157.0,-157.0,-156.5,-152.5,-152.5,-151.5,-155.0,-153.5,-153.5,-153.0,-156.0,-157.0,-157.0,-157.0,-155.0,-157.0,-156.0,-156.0,-157.0,-157.0,-153.5,-152.5,-152.0,-155.0,-151.0,-154.5,-154.5,-155.5,-155.5,-157.0,-157.0,-153.0,-153.5,-157.0,-157.0,-153.5,-153.5,-157.0,-156.0,-151.0,-152.0,-157.0,-157.0,-157.0,-156.5,-157.0,-157.0,-155.5,-152.0,-148.5,-156.0,-157.0,-157.0,-157.0,-157.0,-157.0,-154.5,-154.0,-157.0,-157.0,-157.0,-157.0,-157.0,-157.0,-156.5,-157.0,-157.0,-157.0,-157.0,-157.0,-153.5,-153.0,-157.0,-157.0,-155.0,-156.5,-157.0,-156.0,-152.5,-151.0,-152.5,-153.0,-156.5,-154.0,-151.5,-154.0,-157.0,-157.0,-157.0,-157.0,-157.0,-157.0,-152.0,-149.5,-153.5,-157.0,-157.0,-155.0,-153.0,-156.5,-157.0,-157.0,-157.0,-157.0,-154.5,-155.5,-151.0,-153.0,-152.5,-156.0,-157.0,-157.0,-154.5,-150.0,-156.5,-157.0,-157.0,-154.0,-151.0,-149.5,-157.0,-157.0,-157.0,-154.5,-155.0,-156.0,-156.5,-151.5,-156.5,-157.0,-152.0
2026-01-17 14:24:08.717,143.049967,5,-77,-157.0,-157.0,-157.0,-157.0,-156.5,-154.5,-155.5,-157.0,-157.0,-157.0,-152.0,-152.0,-153.5,-153.5,-157.0,-157.0,-154.5,-151.5,-152.0,-157.0,-157.0,-157.0,-156.0,-157.0,-154.5,-156.0,-157.0,-157.0,-157.0,-152.0,-154.5,-157.0,-157.0,-157.0,-157.0,-157.0,-157.0,-157.0,-157.0,-157.0,-153.0,-156.5,-156.5,-157.0,-157.0,-155.0,-157.0,-157.0,-151.5,-154.0,-157.0,-157.0,-157.0,-157.0,-156.0,-155.5,-157.0,-155.5,-156.5,-149.5,-153.0,-157.0,-157.0,-151.5,-150.5,-156.0,-157.0,-157.0,-157.0,-157.0,-157.0,-156.5,-154.0,-154.0,-157.0,-156.0,-152.5,-157.0,-156.5,-157.0,-157.0,-157.0,-157.0,-154.0,-157.0,-157.0,-155.5,-154.5,-154.5,-157.0,-157.0,-154.5,-156.5,-156.0,-156.5,-157.0,-157.0,-157.0,-157.0,-157.0,-157.0,-157.0,-157.0,-157.0,-155.0,-157.0,-157.0,-157.0,-157.0,-157.0,-154.0,-157.0,-157.0,-157.0,-156.5,-157.0,-153.5,-157.0,-157.0,-157.0,-157.0,-157.0,-157.0,-156.0,-152.5,-157.0,-157.0,-157.0,-154.0,-157.0,-153.0,-157.0,-157.0,-153.5,-157.0,-155.5,-157.0,-157.0,-156.0,-157.0,-157.0,-157.0,-157.0,-157.0,-157.0,-153.5,-156.0,-157.0,-157.0,-153.5,-152.0,-155.0,-151.0,-157.0,-157.0,-155.5,-154.5,-157.0,-157.0,-154.5,-152.0,-157.0,-157.0,-157.0,-157.0,-157.0,-157.0,-152.0,-151.5,-153.5,-157.0,-156.5,-153.0,-157.0,-151.0,-154.0,-154.5,-157.0,-157.0,-157.0,-156.0,-152.0,-153.5,-157.0,-156.5,-157.0,-157.0,-157.0,-157.0,-156.5,-157.0,-157.0,-156.0,-157.0,-152.0,-157.0,-157.0,-157.0,-157.0,-157.0,-156.5,-154.5,-153.0,-151.0,-154.0,-154.0,-157.0,-157.0,-157.0,-157.0,-157.0,-153.0,-154.0,-157.0,-156.5,-155.0,-151.5,-153.5,-157.0,-157.0,-155.5,-153.0,-155.0,-154.0,-156.0,-156.5,-157.0,-154.5,-157.0,-154.5,-152.0,-157.0,-156.5,-156.0,-154.5,-151.0,-151.0,-157.0,-151.0,-151.0,-157.0,-157.0,-148.5,-147.0,-156.0,-157.0,-153.5,-151.5,-155.5,-157.0,-157.0,-156.0,-154.5,-157.0,-152.5,-150.5,-149.5,-152.5,-157.0,-157.0,-157.0,-149.5,-149.5,-156.5,-157.0,-156.5,-152.0,-154.0,-157.0,-157.0,-153.0,-151.5,-157.0,-157.0,-157.0,-156.0,-149.5,-152.0,-157.0,-156.5,-150.0,-152.5,-157.0,-155.0,-151.0,-149.0,-154.0,-155.0,-154.5,-156.0,-152.5,-149.0,-157.0,-157.0,-157.0,-157.0,-157.0,-157.0,-157.0,-157.0,-155.0,-151.5,-157.0,-157.0,-156.5,-155.0,-152.5,-154.0,-157.0,-153.0,-155.5,-154.5,-157.0,-157.0,-157.0,-157.0,-154.5,-156.0,-154.5,-153.5,-157.0,-152.5,-152.0,-157.0,-157.0,-157.0,-156.0,-157.0,-157.0,-152.0,-157.0,-155.0,-156.0,-155.5,-157.0,-151.5,-152.5,-154.0,-157.0,-157.0,-156.0,-157.0,-157.0,-157.0,-157.0,-157.0,-157.0,-156.5,-155.0,-155.0,-154.5,-154.0,-154.0,-154.0,-156.0,-157.0,-157.0,-157.0,-155.5,-157.0,-157.0,-157.0,-153.5,-153.5,-155.5,-153.5,-155.5,-157.0,-156.5,-157.0,-155.0,-157.0,-157.0,-156.5,-157.0,-156.0,-153.5,-153.0,-157.0,-157.0,-154.0,-157.0,-157.0,-153.0,-152.5,-155.0,-157.0,-157.0,-157.0,-157.0,-155.0,-153.0,-152.0,-149.5,-155.0,-157.0,-155.5,-157.0,-156.0,-155.0,-157.0,-157.0,-157.0,-157.0,-156.5,-157.0,-157.0,-157.0,-156.0,-157.0,-157.0,-156.0,-157.0,-157.0,-157.0,-156.0,-157.0,-154.5,-151.0,-154.5,-154.0,-155.0,-153.0,-152.0,-156.5,-156.0,-157.0,-155.5,-154.5,-154.5,-157.0,-157.0,-157.0,-157.0,-154.0,-153.0,-152.5,-151.0,-155.0,-156.5,-154.5,-154.5,-157.0,-157.0,-157.0,-157.0,-156.5,-152.5,-153.0,-157.0,-155.0,-153.5,-152.0,-156.0,-157.0,-157.0,-154.0,-151.5,-150.0,-152.5,-157.0,-157.0,-157.0,-153.0,-155.5,-152.0,-151.0,-152.5,-152.0,-157.0,-157.0,-153.0,-157.0,-157.0,-152.0
2026-01-17 14:24:08.744,143.049967,5,-77,-157.0,-157.0,-157.0,-157.0,-157.0,-156.0,-157.0,-157.0,-157.0,-157.0,-153.0,-153.5,-157.0,-156.0,-157.0,-157.0,-155.5,-155.5,-156.5,-157.0,-157.0,-157.0,-156.5,-157.0,-156.5,-157.0,-157.0,-157.0,-156.0,-153.0,-157.0,-155.5,-155.0,-157.0,-157.0,-157.0,-157.0,-157.0,-157.0,-157.0,-157.0,-157.0,-157.0,-153.0,-157.0,-151.5,-154.5,-155.0,-153.5,-157.0,-157.0,-157.0,-157.0,-157.0,-155.0,-156.5,-156.0,-156.5,-157.0,-153.0,-153.0,-156.5,-157.0,-152.5,-153.0,-153.5,-157.0,-157.0,-157.0,-156.5,-156.5,-157.0,-157.0,-157.0,-157.0,-157.0,-156.0,-157.0,-155.0,-157.0,-152.5,-153.0,-154.0,-153.0,-154.5,-157.0,-157.0,-150.0,-152.5,-157.0,-157.0,-152.5,-157.0,-157.0,-157.0,-155.0,-155.0,-157.0,-157.0,-157.0,-157.0,-157.0,-157.0,-156.0,-154.0,-157.0,-157.0,-157.0,-157.0,-157.0,-153.5,-157.0,-157.0,-157.0,-153.5,-154.0,-155.0,-155.0,-157.0,-157.0,-157.0,-157.0,-157.0,-157.0,-154.0,-157.0,-157.0,-157.0,-156.5,-154.0,-151.5,-152.5,-154.0,-157.0,-157.0,-156.0,-155.5,-157.0,-155.5,-157.0,-157.0,-155.5,-153.5,-157.0,-157.0,-157.0,-157.0,-156.0,-156.5,-153.5,-152.0,-153.0,-151.5,-155.0,-155.0,-150.0,-150.5,-154.0,-155.5,-157.0,-153.5,-157.0,-157.0,-157.0,-157.0,-157.0,-157.0,-154.5,-151.5,-154.0,-157.0,-157.0,-157.0,-151.5,-148.0,-153.0,-156.5,-155.5,-157.0,-157.0,-153.0,-153.0,-153.0,-156.0,-155.5,-156.0,-156.0,-156.0,-155.0,-154.0,-157.0,-156.0,-154.5,-157.0,-155.0,-157.0,-157.0,-157.0,-157.0,-157.0,-157.0,-156.0,-153.0,-152.5,-156.5,-152.0,-150.5,-153.5,-157.0,-157.0,-157.0,-156.0,-152.5,-157.0,-157.0,-152.5,-148.5,-150.0,-157.0,-157.0,-157.0,-153.0,-157.0,-154.5,-157.0,-156.0,-154.0,-156.0,-153.5,-152.5,-154.0,-153.0,-154.5,-157.0,-156.5,-157.0,-153.0,-157.0,-157.0,-154.0,-154.5,-157.0,-152.5,-149.5,-154.0,-157.0,-155.0,-152.0,-157.0,-157.0,-157.0,-157.0,-154.0,-157.0,-157.0,-152.5,-151.0,-157.0,-157.0,-157.0,-153.5,-153.0,-155.0,-155.0,-157.0,-157.0,-157.0,-157.0,-156.5,-156.0,-157.0,-154.0,-157.0,-157.0,-155.5,-151.0,-149.5,-157.0,-157.0,-157.0,-149.0,-150.0,-157.0,-154.0,-154.0,-149.5,-153.5,-157.0,-156.0,-156.0,-149.0,-146.5,-154.5,-157.0,-157.0,-157.0,-157.0,-157.0,-157.0,-157.0,-151.0,-151.5,-153.0,-154.0,-157.0,-157.0,-150.5,-150.5,-155.5,-156.0,-157.0,-156.5,-157.0,-157.0,-157.0,-157.0,-153.0,-155.0,-157.0,-157.0,-157.0,-157.0,-152.5,-153.0,-157.0,-157.0,-157.0,-157.0,-157.0,-152.0,-157.0,-157.0,-157.0,-157.0,-156.5,-154.5,-157.0,-157.0,-157.0,-157.0,-157.0,-156.5,-157.0,-157.0,-154.5,-155.0,-157.0,-157.0,-157.0,-157.0,-157.0,-157.0,-156.0,-154.0,-154.5,-157.0,-157.0,-157.0,-155.0,-157.0,-157.0,-157.0,-150.0,-150.5,-157.0,-151.5,-151.5,-157.0,-157.0,-157.0,-155.5,-157.0,-157.0,-154.5,-156.0,-157.0,-156.5,-153.0,-157.0,-157.0,-157.0,-157.0,-157.0,-156.0,-156.0,-153.5,-157.0,-157.0,-155.5,-157.0,-157.0,-157.0,-157.0,-154.5,-157.0,-153.0,-151.0,-156.0,-153.5,-157.0,-157.0,-157.0,-157.0,-155.0,-157.0,-157.0,-157.0,-154.0,-152.5,-157.0,-157.0,-156.5,-157.0,-157.0,-157.0,-154.5,-157.0,-153.0,-152.0,-156.0,-154.5,-157.0,-157.0,-157.0,-154.0,-155.5,-153.5,-152.5,-156.0,-156.5,-157.0,-157.0,-157.0,-157.0,-152.5,-152.0,-156.5,-155.5,-156.5,-157.0,-156.0,-157.0,-157.0,-157.0,-157.0,-157.0,-157.0,-154.5,-153.5,-157.0,-157.0,-157.0,-157.0,-157.0,-157.0,-157.0,-155.0,-157.0,-150.5,-155.5,-157.0,-157.0,-157.0,-157.0,-154.5,-152.5,-151.0,-156.5,-153.5,-157.0,-157.0,-156.0,-157.0,-156.5,-155.0
2026-01-17 14:24:08.781,143.049967,5,-77,-157.0,-157.0,-157.0,-157.0,-153.5,-154.0,-156.5,-156.0,-157.0,-157.0,-157.0,-157.0,-157.0,-157.0,-155.5,-157.0,-157.0,-157.0,-157.0,-154.0,-152.5,-157.0,-157.0,-157.0,-157.0,-157.0,-156.0,-154.0,-157.0,-155.0,-155.0,-152.0,-150.5,-157.0,-155.0,-157.0,-157.0,-156.0,-157.0,-157.0,-157.0,-157.0,-157.0,-150.5,-153.5,-154.5,-153.5,-156.0,-157.0,-157.0,-157.0,-157.0,-156.0,-156.5,-153.0,-155.0,-155.5,-157.0,-157.0,-157.0,-157.0,-156.0,-156.0,-154.5,-157.0,-157.0,-157.0,-156.5,-154.5,-154.5,-156.5,-157.0,-157.0,-157.0,-157.0,-153.5,-155.0,-154.0,-156.0,-157.0,-153.5,-152.0,-155.5,-154.5,-155.0,-156.0,-154.0,-151.0,-155.5,-155.0,-154.5,-150.0,-157.0,-155.5,-156.0,-152.5,-157.0,-156.5,-155.0,-157.0,-157.0,-157.0,-157.0,-157.0,-157.0,-157.0,-157.0,-157.0,-157.0,-157.0,-154.0,-154.5,-157.0,-157.0,-156.0,-153.5,-152.5,-154.0,-152.0,-154.0,-157.0,-157.0,-157.0,-157.0,-154.5,-157.0,-157.0,-157.0,-157.0,-157.0,-157.0,-155.0,-156.5,-155.0,-153.0,-154.0,-157.0,-157.0,-153.5,-157.0,-157.0,-153.0,-153.0,-157.0,-157.0,-157.0,-157.0,-156.0,-155.5,-156.0,-157.0,-157.0,-155.5,-155.5,-153.5,-151.0,-150.5,-155.0,-154.0,-157.0,-154.0,-157.0,-157.0,-157.0,-157.0,-157.0,-157.0,-157.0,-153.0,-157.0,-157.0,-157.0,-157.0,-150.5,-148.5,-154.5,-157.0,-157.0,-156.5,-157.0,-155.5,-157.0,-152.5,-152.5,-154.5,-153.5,-155.0,-154.5,-152.5,-154.5,-157.0,-157.0,-157.0,-155.0,-157.0,-155.5,-156.0,-157.0,-157.0,-155.0,-155.5,-153.5,-157.0,-156.5,-156.0,-154.0,-151.0,-157.0,-156.0,-157.0,-157.0,-154.0,-153.0,-157.0,-156.5,-149.5,-150.5,-151.5,-156.0,-153.0,-151.0,-151.0,-153.5,-157.0,-156.5,-153.0,-155.5,-156.5,-152.5,-152.0,-157.0,-154.0,-157.0,-157.0,-156.0,-157.0,-154.0,-156.5,-156.5,-157.0,-157.0,-157.0,-155.0,-151.5,-149.5,-154.5,-152.5,-152.5,-155.0,-157.0,-157.0,-154.0,-153.0,-157.0,-157.0,-154.0,-154.5,-156.0,-157.0,-157.0,-152.0,-154.5,-157.0,-153.5,-157.0,-157.0,-157.0,-157.0,-157.0,-157.0,-157.0,-157.0,-157.0,-157.0,-154.0,-155.5,-153.0,-157.0,-157.0,-157.0,-152.0,-153.5,-157.0,-153.5,-153.0,-150.0,-156.0,-154.0,-157.0,-155.0,-149.0,-147.5,-157.0,-157.0,-157.0,-157.0,-157.0,-157.0,-157.0,-157.0,-154.5,-155.5,-153.0,-156.0,-157.0,-154.5,-152.5,-156.5,-157.0,-157.0,-157.0,-157.0,-157.0,-157.0,-157.0,-154.5,-152.0,-154.0,-153.0,-157.0,-157.0,-157.0,-155.5,-153.5,-157.0,-157.0,-155.0,-154.5,-157.0,-151.5,-156.5,-157.0,-157.0,-157.0,-156.5,-154.0,-156.0,-157.0,-157.0,-156.5,-156.5,-154.5,-157.0,-157.0,-156.0,-155.0,-157.0,-157.0,-157.0,-157.0,-157.0,-157.0,-157.0,-151.0,-150.5,-156.5,-157.0,-156.0,-153.0,-157.0,-153.5,-153.5,-151.5,-155.0,-154.0,-150.0,-151.0,-157.0,-157.0,-157.0,-157.0,-157.0,-155.5,-152.5,-151.0,-157.0,-157.0,-155.5,-157.0,-157.0,-157.0,-157.0,-157.0,-155.0,-156.5,-155.5,-155.5,-157.0,-154.5,-157.0,-157.0,-157.0,-157.0,-153.5,-154.5,-151.5,-150.5,-152.0,-154.0,-157.0,-157.0,-155.0,-155.5,-153.5,-157.0,-157.0,-157.0,-151.0,-152.0,-157.0,-157.0,-157.0,-157.0,-157.0,-155.0,-152.0,-157.0,-157.0,-155.5,-156.5,-157.0,-157.0,-157.0,-157.0,-153.0,-157.0,-156.5,-154.0,-157.0,-157.0,-157.0,-152.5,-154.5,-157.0,-157.0,-157.0,-157.0,-156.0,-156.0,-157.0,-157.0,-157.0,-155.0,-155.0,-157.0,-157.0,-157.0,-157.0,-154.5,-154.0,-152.5,-155.0,-157.0,-157.0,-154.5,-155.0,-157.0,-157.0,-154.5,-157.0,-157.0,-157.0,-157.0,-157.0,-154.5,-157.0,-157.0,-157.0,-157.0,-157.0,-156.5,-153.5,-152.5,-157.0,-157.0
2026-01-17 14:24:08.810,143.049967,5,-77,-157.0,-157.0,-157.0,-155.0,-155.0,-157.0,-157.0,-157.0,-157.0,-157.0,-157.0,-157.0,-157.0,-155.5,-153.5,-156.5,-157.0,-155.0,-152.0,-150.0,-151.0,-157.0,-157.0,-157.0,-157.0,-157.0,-154.5,-152.5,-157.0,-157.0,-156.0,-156.0,-151.0,-157.0,-156.0,-156.5,-156.0,-157.0,-157.0,-157.0,-157.0,-157.0,-155.0,-151.0,-156.5,-157.0,-153.0,-153.5,-157.0,-155.0,-154.0,-152.5,-157.0,-157.0,-153.0,-150.5,-150.5,-154.0,-157.0,-153.0,-153.0,-155.5,-157.0,-157.0,-157.0,-155.5,-153.5,-155.0,-152.0,-150.0,-157.0,-154.5,-157.0,-157.0,-157.0,-157.0,-153.0,-151.5,-153.5,-157.0,-157.0,-153.5,-155.0,-155.5,-157.0,-157.0,-153.5,-156.5,-153.5,-154.5,-157.0,-150.5,-156.0,-153.5,-151.5,-153.5,-154.0,-153.5,-153.0,-157.0,-157.0,-155.0,-157.0,-157.0,-157.0,-157.0,-157.0,-157.0,-155.5,-157.0,-157.0,-157.0,-157.0,-153.0,-152.5,-150.5,-151.5,-155.5,-152.5,-153.0,-157.0,-157.0,-156.5,-157.0,-157.0,-157.0,-157.0,-157.0,-157.0,-157.0,-157.0,-157.0,-157.0,-154.0,-153.0,-153.5,-157.0,-157.0,-151.0,-155.0,-157.0,-155.0,-157.0,-157.0,-156.5,-157.0,-157.0,-157.0,-157.0,-154.5,-155.0,-157.0,-157.0,-155.5,-151.0,-153.0,-154.5,-156.0,-157.0,-157.0,-152.5,-154.5,-157.0,-157.0,-154.0,-153.5,-157.0,-154.0,-152.0,-157.0,-157.0,-157.0,-156.5,-151.0,-154.0,-157.0,-157.0,-157.0,-153.5,-156.0,-156.5,-156.0,-157.0,-155.0,-157.0,-154.0,-157.0,-153.5,-152.0,-157.0,-157.0,-157.0,-157.0,-157.0,-157.0,-156.0,-153.5,-157.0,-157.0,-157.0,-157.0,-155.0,-157.0,-157.0,-157.0,-157.0,-155.5,-157.0,-155.5,-157.0,-157.0,-153.5,-157.0,-154.5,-153.0,-150.5,-156.0,-155.5,-155.5,-153.0,-152.0,-153.0,-157.0,-157.0,-157.0,-152.5,-154.0,-156.0,-157.0,-156.5,-157.0,-156.0,-156.5,-155.5,-152.5,-157.0,-153.0,-152.5,-153.0,-156.0,-157.0,-157.0,-152.5,-149.5,-148.5,-154.0,-157.0,-157.0,-154.5,-157.0,-157.0,-156.5,-154.5,-154.0,-157.0,-157.0,-157.0,-151.5,-157.0,-157.0,-154.5,-152.0,-157.0,-151.0,-154.5,-157.0,-157.0,-155.5,-157.0,-156.5,-157.0,-154.5,-154.0,-156.0,-157.0,-157.0,-155.0,-157.0,-157.0,-157.0,-156.5,-157.0,-157.0,-157.0,-151.0,-150.5,-157.0,-157.0,-157.0,-152.5,-151.5,-152.5,-157.0,-157.0,-157.0,-155.0,-155.5,-157.0,-157.0,-157.0,-157.0,-157.0,-157.0,-156.5,-157.0,-156.5,-154.0,-156.0,-155.5,-157.0,-157.0,-157.0,-157.0,-157.0,-157.0,-153.0,-152.0,-153.5,-150.0,-153.5,-155.5,-157.0,-153.5,-152.0,-157.0,-157.0,-153.0,-155.0,-156.0,-152.5,-157.0,-154.5,-155.0,-157.0,-154.5,-153.0,-155.0,-156.5,-157.0,-157.0,-153.0,-153.0,-156.5,-154.5,-157.0,-157.0,-157.0,-157.0,-157.0,-157.0,-155.0,-154.0,-157.0,-153.5,-152.5,-155.0,-157.0,-154.0,-153.5,-157.0,-153.0,-151.0,-153.0,-157.0,-152.5,-154.0,-154.5,-154.5,-157.0,-157.0,-157.0,-157.0,-154.5,-157.0,-152.0,-153.0,-152.0,-157.0,-157.0,-157.0,-157.0,-157.0,-157.0,-156.5,-157.0,-157.0,-157.0,-157.0,-156.5,-157.0,-157.0,-157.0,-157.0,-153.5,-150.0,-151.0,-156.5,-152.0,-152.5,-157.0,-157.0,-155.5,-153.0,-153.0,-157.0,-157.0,-157.0,-153.5,-154.0,-156.0,-154.5,-157.0,-157.0,-156.5,-153.0,-152.0,-157.0,-153.0,-152.5,-156.0,-157.0,-155.5,-157.0,-156.5,-156.0,-155.5,-157.0,-156.0,-157.0,-157.0,-153.0,-151.5,-157.0,-157.0,-157.0,-157.0,-157.0,-156.0,-151.5,-152.5,-157.0,-157.0,-153.0,-155.5,-157.0,-157.0,-152.5,-151.5,-153.0,-151.5,-150.0,-153.0,-154.5,-156.0,-156.0,-155.5,-157.0,-157.0,-157.0,-157.0,-157.0,-157.0,-157.0,-157.0,-156.0,-157.0,-157.0,-157.0,-157.0,-157.0,-155.5,-157.0,-153.0,-156.0,-153.5
2026-01-17 14:24:08.849,143.049967,5,-77,-157.0,-157.0,-157.0,-157.0,-157.0,-157.0,-157.0,-157.0,-156.0,-157.0,-154.5,-157.0,-153.0,-154.0,-154.0,-157.0,-156.5,-156.5,-156.0,-154.5,-155.0,-153.5,-154.0,-157.0,-157.0,-157.0,-157.0,-155.0,-155.5,-157.0,-157.0,-157.0,-153.5,-157.0,-157.0,-157.0,-155.5,-157.0,-156.0,-157.0,-157.0,-157.0,-155.0,-152.5,-157.0,-155.0,-157.0,-157.0,-153.5,-149.5,-150.5,-151.0,-151.5,-157.0,-157.0,-153.5,-150.5,-151.5,-156.0,-152.5,-155.0,-157.0,-156.0,-157.0,-157.0,-155.0,-156.5,-157.0,-152.0,-149.0,-157.0,-157.0,-157.0,-157.0,-156.5,-157.0,-157.0,-153.0,-152.0,-157.0,-156.0,-154.0,-157.0,-157.0,-157.0,-157.0,-155.5,-156.0,-153.0,-157.0,-157.0,-151.0,-152.5,-154.5,-152.5,-151.5,-151.5,-152.0,-154.5,-157.0,-156.5,-152.5,-156.0,-156.0,-157.0,-157.0,-157.0,-154.5,-153.0,-152.5,-157.0,-157.0,-157.0,-150.5,-151.5,-151.0,-155.0,-155.5,-156.0,-157.0,-157.0,-157.0,-154.5,-155.0,-157.0,-157.0,-157.0,-157.0,-157.0,-157.0,-157.0,-155.5,-157.0,-157.0,-157.0,-157.0,-157.0,-157.0,-151.0,-152.0,-157.0,-157.0,-157.0,-157.0,-156.0,-157.0,-157.0,-157.0,-157.0,-157.0,-150.0,-150.5,-157.0,-152.0,-149.5,-154.0,-157.0,-152.0,-155.5,-152.0,-156.0,-152.0,-157.0,-157.0,-157.0,-154.0,-155.5,-152.5,-151.5,-154.0,-157.0,-156.0,-157.0,-154.0,-157.0,-157.0,-157.0,-157.0,-151.5,-153.0,-156.0,-153.5,-155.0,-155.5,-157.0,-153.0,-154.0,-156.0,-153.5,-157.0,-157.0,-157.0,-157.0,-157.0,-157.0,-157.0,-153.0,-157.0,-157.0,-157.0,-157.0,-153.5,-156.0,-157.0,-157.0,-157.0,-157.0,-157.0,-157.0,-157.0,-155.0,-152.0,-157.0,-157.0,-157.0,-153.0,-155.0,-153.0,-152.0,-154.0,-157.0,-155.5,-157.0,-157.0,-155.0,-154.5,-154.5,-157.0,-157.0,-157.0,-157.0,-157.0,-153.5,-152.0,-151.5,-155.0,-157.0,-154.0,-157.0,-156.5,-154.5,-157.0,-149.0,-147.5,-152.5,-154.0,-157.0,-157.0,-157.0,-157.0,-157.0,-157.0,-157.0,-156.5,-155.5,-156.5,-155.5,-153.0,-153.0,-156.0,-157.0,-152.0,-157.0,-153.5,-157.0,-157.0,-154.0,-153.0,-157.0,-153.5,-153.5,-155.0,-152.5,-156.5,-157.0,-157.0,-156.5,-157.0,-157.0,-157.0,-156.0,-157.0,-157.0,-157.0,-155.5,-156.0,-157.0,-157.0,-157.0,-156.0,-154.5,-157.0,-157.0,-157.0,-157.0,-157.0,-154.0,-156.0,-156.5,-157.0,-157.0,-157.0,-157.0,-154.0,-156.0,-157.0,-156.0,-153.0,-150.5,-155.5,-157.0,-155.0,-152.5,-157.0,-156.5,-155.0,-157.0,-156.5,-152.5,-155.5,-154.0,-156.5,-155.0,-156.0,-157.0,-155.5,-152.5,-155.0,-157.0,-157.0,-157.0,-154.5,-157.0,-157.0,-157.0,-156.5,-156.0,-157.0,-157.0,-157.0,-157.0,-156.5,-157.0,-156.0,-154.5,-156.5,-157.0,-157.0,-157.0,-157.0,-157.0,-155.5,-157.0,-157.0,-154.0,-153.0,-153.5,-154.5,-157.0,-157.0,-154.5,-152.5,-157.0,-155.0,-153.0,-157.0,-157.0,-152.5,-151.5,-152.5,-156.0,-156.5,-156.0,-155.0,-157.0,-157.0,-151.5,-156.5,-157.0,-154.0,-153.5,-157.0,-155.0,-156.0,-157.0,-157.0,-155.0,-157.0,-157.0,-157.0,-157.0,-157.0,-157.0,-156.0,-151.0,-153.5,-157.0,-156.0,-154.0,-157.0,-157.0,-157.0,-155.5,-154.0,-157.0,-157.0,-156.5,-157.0,-152.0,-148.5,-150.5,-157.0,-157.0,-155.0,-154.0,-155.5,-157.0,-151.0,-151.5,-155.0,-157.0,-157.0,-157.0,-157.0,-157.0,-153.5,-157.0,-156.5,-157.0,-157.0,-152.5,-153.0,-157.0,-155.5,-157.0,-157.0,-157.0,-157.0,-153.0,-154.5,-156.0,-157.0,-153.5,-156.0,-157.0,-151.5,-153.0,-149.5,-153.0,-154.0,-152.0,-154.0,-157.0,-157.0,-157.0,-157.0,-157.0,-155.0,-157.0,-157.0,-157.0,-157.0,-157.0,-157.0,-154.0,-156.5,-157.0,-157.0,-157.0,-157.0,-155.0,-157.0,-152.5,-155.0,-153.5
2026-01-17 14:24:08.878,143.049967,5,-77,-157.0,-157.0,-153.5,-157.0,-157.0,-157.0,-157.0,-157.0,-155.0,-156.5,-154.0,-157.0,-156.0,-156.0,-157.0,-157.0,-157.0,-157.0,-157.0,-157.0,-157.0,-154.0,-155.0,-157.0,-157.0,-157.0,-154.5,-157.0,-157.0,-157.0,-155.0,-157.0,-152.0,-157.0,-157.0,-153.0,-151.5,-157.0,-154.0,-157.0,-157.0,-156.5,-153.5,-152.5,-157.0,-154.0,-157.0,-157.0,-154.5,-152.5,-152.0,-151.0,-151.0,-157.0,-157.0,-157.0,-157.0,-151.0,-154.0,-157.0,-157.0,-157.0,-152.5,-157.0,-155.5,-157.0,-157.0,-154.5,-152.5,-151.0,-157.0,-154.5,-154.0,-157.0,-157.0,-157.0,-157.0,-156.0,-156.5,-153.5,-157.0,-157.0,-157.0,-157.0,-157.0,-157.0,-157.0,-157.0,-157.0,-157.0,-157.0,-156.0,-154.5,-154.5,-157.0,-153.5,-154.5,-153.0,-157.0,-157.0,-157.0,-154.0,-154.0,-153.5,-157.0,-157.0,-157.0,-154.0,-154.5,-150.5,-152.0,-155.5,-154.0,-153.5,-155.0,-153.5,-154.0,-157.0,-156.5,-157.0,-157.0,-157.0,-157.0,-156.0,-156.5,-157.0,-157.0,-157.0,-157.0,-157.0,-151.0,-150.0,-153.0,-157.0,-157.0,-157.0,-154.5,-155.0,-154.5,-154.5,-157.0,-157.0,-157.0,-154.5,-157.0,-157.0,-157.0,-157.0,-157.0,-157.0,-149.5,-148.5,-153.0,-157.0,-150.5,-151.5,-156.0,-151.0,-149.0,-151.0,-156.5,-149.5,-153.0,-157.0,-157.0,-154.0,-153.0,-153.5,-153.5,-154.5,-157.0,-157.0,-154.5,-154.0,-157.0,-155.0,-156.0,-153.0,-152.5,-157.0,-156.0,-152.5,-155.0,-153.5,-154.5,-151.5,-157.0,-157.0,-156.5,-157.0,-157.0,-157.0,-157.0,-157.0,-157.0,-154.0,-153.0,-157.0,-157.0,-157.0,-157.0,-151.0,-151.5,-157.0,-157.0,-157.0,-157.0,-157.0,-157.0,-157.0,-151.5,-150.5,-157.0,-157.0,-156.5,-153.0,-156.0,-149.5,-149.5,-157.0,-156.5,-157.0,-155.5,-157.0,-152.0,-157.0,-157.0,-157.0,-153.5,-155.0,-157.0,-157.0,-157.0,-153.5,-156.0,-152.5,-153.5,-153.5,-154.5,-157.0,-154.5,-156.5,-147.0,-148.0,-157.0,-157.0,-157.0,-157.0,-157.0,-157.0,-155.5,-155.5,-151.5,-153.5,-157.0,-153.0,-155.5,-155.5,-155.5,-157.0,-154.5,-151.5,-157.0,-157.0,-157.0,-157.0,-157.0,-154.5,-157.0,-154.0,-153.0,-157.0,-154.5,-157.0,-157.0,-157.0,-156.5,-157.0,-155.0,-157.0,-155.5,-157.0,-157.0,-157.0,-155.0,-154.5,-153.5,-157.0,-157.0,-157.0,-157.0,-157.0,-157.0,-157.0,-157.0,-157.0,-154.5,-153.0,-157.0,-154.5,-153.0,-157.0,-157.0,-153.5,-157.0,-157.0,-155.5,-152.0,-150.0,-155.0,-154.5,-152.5,-150.5,-153.0,-153.0,-152.5,-155.0,-157.0,-156.0,-157.0,-157.0,-156.5,-157.0,-157.0,-157.0,-153.5,-157.0,-155.5,-153.5,-157.0,-156.5,-152.5,-156.0,-157.0,-157.0,-157.0,-157.0,-157.0,-157.0,-157.0,-157.0,-157.0,-157.0,-157.0,-157.0,-157.0,-155.5,-155.0,-157.0,-157.0,-157.0,-157.0,-157.0,-157.0,-154.0,-154.5,-155.0,-157.0,-157.0,-157.0,-153.5,-150.5,-157.0,-157.0,-157.0,-157.0,-157.0,-157.0,-152.5,-155.5,-157.0,-156.0,-156.5,-156.0,-157.0,-157.0,-153.5,-157.0,-157.0,-153.5,-154.5,-157.0,-157.0,-156.5,-154.5,-156.0,-152.0,-154.0,-157.0,-157.0,-154.5,-156.5,-155.0,-153.5,-156.5,-157.0,-157.0,-157.0,-157.0,-157.0,-155.5,-157.0,-153.5,-153.5,-157.0,-157.0,-154.0,-157.0,-149.0,-148.0,-150.0,-157.0,-157.0,-157.0,-157.0,-157.0,-157.0,-154.5,-153.5,-152.5,-157.0,-157.0,-157.0,-157.0,-156.5,-153.5,-155.5,-157.0,-157.0,-157.0,-157.0,-156.5,-157.0,-152.5,-156.5,-157.0,-157.0,-157.0,-154.5,-157.0,-157.0,-157.0,-157.0,-157.0,-157.0,-150.0,-154.5,-151.5,-154.5,-157.0,-157.0,-157.0,-157.0,-157.0,-154.5,-157.0,-157.0,-154.5,-157.0,-157.0,-157.0,-157.0,-157.0,-153.0,-151.0,-156.5,-157.0,-157.0,-157.0,-157.0,-157.0,-156.0,-152.0,-157.0,-157.0
2026-01-17 14:24:08.911,143.049967,5,-77,-157.0,-157.0,-153.5,-157.0,-157.0,-157.0,-154.5,-152.5,-151.0,-152.0,-155.0,-157.0,-157.0,-156.5,-157.0,-156.5,-154.5,-156.0,-157.0,-157.0,-155.0,-157.0,-157.0,-157.0,-157.0,-155.0,-156.5,-157.0,-157.0,-156.0,-153.5,-156.5,-153.0,-157.0,-157.0,-157.0,-153.0,-156.5,-153.0,-157.0,-153.5,-152.5,-156.0,-153.5,-156.5,-152.5,-157.0,-156.0,-154.5,-157.0,-157.0,-156.5,-157.0,-157.0,-157.0,-157.0,-154.5,-150.5,-152.0,-157.0,-157.0,-152.5,-149.0,-153.5,-157.0,-157.0,-157.0,-156.5,-157.0,-154.5,-157.0,-151.0,-149.5,-157.0,-157.0,-157.0,-157.0,-157.0,-154.0,-151.0,-156.0,-157.0,-157.0,-157.0,-153.5,-154.0,-156.0,-157.0,-157.0,-157.0,-157.0,-155.0,-153.5,-152.0,-155.0,-157.0,-157.0,-154.0,-154.0,-157.0,-157.0,-157.0,-156.0,-152.5,-157.0,-157.0,-157.0,-157.0,-153.0,-152.0,-152.5,-152.0,-155.0,-156.0,-157.0,-157.0,-157.0,-157.0,-154.5,-157.0,-156.5,-157.0,-157.0,-156.5,-154.5,-156.5,-156.0,-157.0,-157.0,-157.0,-152.0,-153.0,-155.5,-157.0,-157.0,-157.0,-151.5,-151.5,-157.0,-157.0,-157.0,-157.0,-157.0,-155.0,-157.0,-157.0,-155.0,-156.0,-156.5,-156.5,-153.0,-152.5,-153.0,-153.0,-153.5,-153.0,-151.5,-154.0,-150.5,-154.5,-157.0,-149.0,-148.5,-157.0,-155.5,-153.0,-157.0,-157.0,-153.0,-157.0,-155.5,-155.0,-157.0,-152.5,-156.0,-154.0,-156.0,-152.5,-155.5,-157.0,-155.5,-156.0,-157.0,-151.0,-153.0,-152.0,-155.0,-157.0,-157.0,-156.0,-156.5,-157.0,-157.0,-154.0,-155.0,-156.5,-156.5,-156.5,-157.0,-157.0,-157.0,-150.5,-151.0,-157.0,-157.0,-157.0,-157.0,-156.5,-157.0,-157.0,-155.0,-151.0,-157.0,-157.0,-156.5,-154.0,-157.0,-151.5,-151.0,-157.0,-155.5,-157.0,-153.5,-153.0,-150.5,-157.0,-157.0,-155.0,-149.5,-151.5,-156.5,-157.0,-157.0,-155.5,-157.0,-150.5,-149.5,-157.0,-155.5,-157.0,-155.0,-157.0,-147.5,-149.0,-157.0,-157.0,-155.0,-157.0,-157.0,-157.0,-155.0,-155.5,-150.0,-150.0,-152.5,-154.5,-157.0,-156.5,-155.5,-157.0,-153.0,-154.0,-157.0,-157.0,-155.5,-155.0,-153.0,-152.5,-157.0,-156.0,-157.0,-154.0,-156.5,-154.5,-155.0,-157.0,-157.0,-156.5,-153.5,-155.5,-155.5,-157.0,-153.5,-152.5,-151.5,-155.5,-151.0,-157.0,-154.0,-157.0,-157.0,-156.5,-155.5,-157.0,-157.0,-157.0,-157.0,-153.5,-154.5,-150.0,-151.0,-157.0,-157.0,-151.0,-153.0,-157.0,-153.0,-152.5,-153.0,-156.5,-155.5,-152.5,-153.0,-157.0,-153.0,-150.5,-152.5,-156.0,-157.0,-157.0,-157.0,-157.0,-157.0,-157.0,-155.0,-151.5,-157.0,-157.0,-153.5,-157.0,-157.0,-152.5,-153.0,-155.0,-157.0,-156.0,-157.0,-157.0,-155.5,-157.0,-157.0,-157.0,-154.0,-153.0,-157.0,-157.0,-155.5,-152.5,-157.0,-157.0,-157.0,-157.0,-155.5,-154.5,-157.0,-155.5,-155.0,-157.0,-155.5,-153.5,-157.0,-151.5,-157.0,-157.0,-157.0,-157.0,-157.0,-153.5,-153.5,-157.0,-157.0,-157.0,-157.0,-157.0,-157.0,-156.5,-157.0,-157.0,-156.0,-155.0,-157.0,-157.0,-157.0,-157.0,-152.5,-155.0,-156.5,-151.0,-151.0,-153.5,-152.0,-157.0,-156.0,-153.5,-154.0,-155.0,-157.0,-157.0,-157.0,-156.5,-154.0,-154.0,-155.5,-157.0,-157.0,-157.0,-153.5,-156.0,-151.0,-154.0,-151.5,-154.0,-157.0,-157.0,-157.0,-155.5,-156.5,-155.5,-154.0,-152.5,-154.0,-157.0,-156.5,-154.5,-155.0,-156.0,-157.0,-157.0,-157.0,-157.0,-157.0,-157.0,-156.0,-151.5,-157.0,-157.0,-157.0,-157.0,-152.0,-155.5,-157.0,-157.0,-157.0,-157.0,-155.5,-153.0,-157.0,-156.0,-157.0,-157.0,-157.0,-157.0,-157.0,-157.0,-153.0,-156.5,-155.5,-153.5,-154.0,-157.0,-157.0,-157.0,-157.0,-157.0,-153.5,-157.0,-157.0,-157.0,-156.5,-155.0,-157.0,-157.0,-151.0,-156.5,-157.0
2026-01-17 14:24:08.944,143.049967,5,-77,-157.0,-157.0,-157.0,-157.0,-157.0,-157.0,-154.0,-154.0,-151.5,-151.0,-152.0,-152.5,-156.0,-157.0,-157.0,-151.5,-149.5,-151.0,-155.5,-154.5,-154.5,-157.0,-157.0,-157.0,-157.0,-157.0,-157.0,-157.0,-156.0,-156.5,-156.0,-157.0,-156.5,-157.0,-157.0,-157.0,-157.0,-157.0,-157.0,-156.0,-155.0,-155.0,-157.0,-153.5,-152.5,-151.0,-157.0,-156.0,-157.0,-155.0,-156.5,-157.0,-157.0,-156.5,-157.0,-154.0,-153.0,-152.5,-153.0,-154.5,-157.0,-157.0,-149.0,-156.5,-157.0,-157.0,-155.5,-157.0,-156.5,-156.0,-157.0,-151.5,-150.5,-157.0,-157.0,-157.0,-157.0,-156.0,-155.0,-151.5,-156.5,-157.0,-157.0,-157.0,-155.0,-152.5,-156.5,-157.0,-157.0,-157.0,-155.0,-154.0,-157.0,-157.0,-153.0,-153.5,-156.0,-152.5,-152.0,-157.0,-157.0,-157.0,-153.5,-152.5,-157.0,-157.0,-157.0,-157.0,-152.5,-152.5,-153.0,-151.0,-155.0,-154.0,-157.0,-157.0,-157.0,-157.0,-154.5,-155.0,-157.0,-157.0,-156.5,-156.5,-156.0,-157.0,-156.5,-157.0,-156.5,-154.5,-157.0,-157.0,-157.0,-157.0,-156.5,-157.0,-155.0,-155.0,-157.0,-157.0,-157.0,-157.0,-157.0,-154.5,-157.0,-157.0,-157.0,-157.0,-157.0,-153.0,-157.0,-155.0,-153.0,-152.0,-157.0,-154.0,-152.5,-156.5,-155.0,-156.0,-157.0,-157.0,-151.0,-157.0,-155.5,-152.5,-157.0,-157.0,-151.0,-152.0,-154.0,-153.0,-155.5,-151.0,-155.5,-156.5,-157.0,-157.0,-157.0,-157.0,-157.0,-157.0,-152.5,-148.5,-152.0,-156.5,-154.5,-152.5,-156.5,-157.0,-157.0,-157.0,-153.0,-150.0,-151.5,-157.0,-157.0,-156.5,-155.5,-156.5,-156.5,-153.5,-154.0,-156.0,-156.0,-157.0,-157.0,-154.5,-157.0,-155.0,-153.0,-151.5,-157.0,-157.0,-157.0,-157.0,-157.0,-155.0,-153.5,-157.0,-155.0,-155.5,-155.5,-148.5,-150.5,-157.0,-157.0,-157.0,-152.0,-152.0,-156.5,-157.0,-156.5,-157.0,-157.0,-148.5,-149.5,-157.0,-157.0,-156.5,-157.0,-157.0,-150.5,-150.5,-157.0,-154.5,-154.5,-154.5,-157.0,-157.0,-153.0,-154.5,-156.5,-155.5,-155.0,-157.0,-157.0,-157.0,-157.0,-156.5,-155.0,-157.0,-157.0,-157.0,-156.0,-150.5,-149.5,-148.5,-154.0,-154.5,-155.5,-155.5,-154.0,-151.0,-150.0,-156.0,-155.5,-156.0,-155.0,-152.5,-152.5,-157.0,-153.0,-150.0,-150.0,-154.0,-150.5,-157.0,-153.0,-153.5,-156.0,-155.5,-155.5,-157.0,-155.5,-155.5,-157.0,-154.0,-154.0,-154.0,-155.5,-157.0,-157.0,-150.0,-149.5,-157.0,-154.5,-157.0,-157.0,-155.5,-157.0,-156.0,-153.5,-155.5,-155.0,-154.0,-157.0,-157.0,-157.0,-157.0,-157.0,-155.5,-155.0,-157.0,-155.0,-153.5,-157.0,-157.0,-154.0,-157.0,-157.0,-156.0,-157.0,-157.0,-157.0,-153.5,-157.0,-157.0,-154.0,-152.5,-155.5,-157.0,-153.0,-153.0,-156.5,-157.0,-157.0,-153.5,-157.0,-157.0,-157.0,-155.5,-150.5,-150.0,-157.0,-154.5,-156.5,-157.0,-154.0,-153.0,-154.0,-151.5,-157.0,-157.0,-157.0,-153.5,-154.0,-152.5,-152.0,-155.0,-155.0,-155.5,-157.0,-156.5,-154.5,-157.0,-157.0,-157.0,-152.5,-154.0,-157.0,-157.0,-157.0,-155.5,-151.5,-155.5,-157.0,-149.5,-149.5,-155.5,-153.5,-157.0,-157.0,-154.0,-149.5,-151.5,-155.0,-157.0,-157.0,-157.0,-156.5,-154.5,-157.0,-157.0,-157.0,-155.5,-155.5,-156.0,-156.5,-157.0,-153.5,-153.5,-156.5,-157.0,-157.0,-152.5,-150.0,-152.0,-157.0,-157.0,-155.5,-157.0,-157.0,-157.0,-157.0,-154.5,-157.0,-156.0,-155.0,-157.0,-157.0,-157.0,-149.5,-150.5,-157.0,-156.0,-157.0,-157.0,-152.0,-153.5,-155.0,-157.0,-157.0,-155.0,-157.0,-157.0,-157.0,-156.5,-157.0,-157.0,-157.0,-157.0,-157.0,-156.5,-154.0,-155.0,-153.5,-153.5,-154.5,-157.0,-157.0,-157.0,-157.0,-157.0,-156.0,-157.0,-157.0,-157.0,-157.0,-155.5,-155.0,-156.5,-151.0,-155.0,-157.0
2026-01-17 14:24:08.979,143.049967,5,-77,-157.0,-157.0,-155.0,-155.5,-156.5,-156.0,-156.0,-157.0,-157.0,-154.0,-153.0,-155.0,-156.0,-157.0,-157.0,-151.5,-150.0,-152.5,-154.5,-154.5,-154.5,-155.0,-157.0,-157.0,-157.0,-157.0,-157.0,-157.0,-156.0,-156.0,-157.0,-156.5,-157.0,-157.0,-156.5,-157.0,-157.0,-157.0,-157.0,-152.5,-156.0,-157.0,-157.0,-152.0,-150.5,-153.0,-157.0,-157.0,-157.0,-157.0,-154.5,-157.0,-157.0,-156.0,-155.0,-155.5,-157.0,-156.0,-155.5,-155.5,-157.0,-157.0,-150.0,-152.0,-157.0,-157.0,-155.5,-157.0,-156.0,-157.0,-154.0,-155.5,-155.0,-157.0,-154.0,-157.0,-157.0,-153.5,-154.5,-156.5,-156.0,-157.0,-157.0,-157.0,-157.0,-156.0,-157.0,-157.0,-153.0,-156.5,-156.5,-157.0,-157.0,-157.0,-150.5,-149.5,-152.0,-153.5,-153.5,-156.5,-156.0,-157.0,-153.5,-154.0,-152.5,-154.5,-157.0,-157.0,-157.0,-154.0,-152.5,-152.0,-157.0,-157.0,-157.0,-157.0,-157.0,-157.0,-157.0,-157.0,-157.0,-157.0,-157.0,-155.5,-157.0,-157.0,-157.0,-157.0,-155.0,-155.0,-157.0,-157.0,-154.0,-156.0,-156.0,-155.5,-155.5,-157.0,-157.0,-156.5,-157.0,-157.0,-157.0,-157.0,-157.0,-157.0,-157.0,-157.0,-157.0,-154.0,-157.0,-153.5,-157.0,-154.0,-157.0,-155.0,-157.0,-157.0,-152.0,-151.0,-156.5,-156.5,-153.5,-157.0,-157.0,-154.5,-155.0,-156.0,-149.0,-152.5,-157.0,-157.0,-154.5,-151.5,-157.0,-157.0,-157.0,-157.0,-157.0,-157.0,-157.0,-157.0,-153.0,-151.5,-153.5,-157.0,-156.0,-151.0,-157.0,-157.0,-157.0,-157.0,-154.5,-152.5,-155.0,-157.0,-157.0,-155.5,-155.0,-156.0,-154.0,-153.5,-157.0,-156.0,-154.5,-157.0,-157.0,-155.5,-155.0,-157.0,-153.5,-155.5,-154.5,-155.5,-157.0,-157.0,-157.0,-157.0,-157.0,-157.0,-155.5,-153.0,-156.5,-149.5,-151.5,-157.0,-157.0,-157.0,-157.0,-154.5,-154.0,-152.5,-154.5,-157.0,-157.0,-151.5,-152.5,-157.0,-156.0,-156.0,-157.0,-157.0,-152.0,-154.0,-157.0,-153.0,-157.0,-154.0,-157.0,-157.0,-152.5,-155.5,-157.0,-157.0,-157.0,-157.0,-157.0,-157.0,-157.0,-157.0,-154.5,-157.0,-157.0,-157.0,-157.0,-153.5,-154.0,-150.5,-152.0,-157.0,-153.0,-157.0,-153.5,-156.0,-150.5,-157.0,-153.5,-155.5,-157.0,-157.0,-153.5,-157.0,-155.0,-149.5,-148.0,-155.5,-153.0,-157.0,-157.0,-157.0,-156.0,-156.5,-157.0,-156.5,-157.0,-156.5,-157.0,-153.0,-157.0,-157.0,-157.0,-157.0,-156.0,-156.0,-153.0,-155.5,-156.0,-157.0,-157.0,-155.0,-157.0,-156.0,-156.5,-157.0,-157.0,-157.0,-157.0,-153.5,-154.0,-157.0,-157.0,-153.5,-152.5,-157.0,-157.0,-157.0,-157.0,-157.0,-153.0,-157.0,-157.0,-154.0,-154.0,-155.0,-156.0,-155.0,-157.0,-154.5,-153.0,-155.0,-154.5,-152.5,-154.5,-157.0,-157.0,-157.0,-155.5,-153.0,-156.5,-157.0,-157.0,-156.5,-156.0,-150.0,-151.5,-153.5,-156.0,-157.0,-152.5,-153.5,-153.0,-150.5,-157.0,-157.0,-157.0,-152.0,-150.0,-157.0,-157.0,-157.0,-154.5,-151.5,-155.5,-156.0,-154.5,-157.0,-157.0,-157.0,-154.5,-157.0,-157.0,-156.5,-153.0,-150.0,-150.0,-157.0,-157.0,-154.5,-157.0,-155.0,-152.0,-157.0,-157.0,-157.0,-151.0,-156.0,-156.0,-155.5,-157.0,-156.5,-156.5,-157.0,-157.0,-157.0,-157.0,-155.5,-156.5,-157.0,-157.0,-157.0,-156.0,-152.5,-151.5,-157.0,-157.0,-157.0,-150.5,-153.0,-157.0,-155.0,-157.0,-157.0,-157.0,-157.0,-157.0,-151.0,-157.0,-155.5,-154.0,-157.0,-157.0,-155.0,-149.5,-151.5,-157.0,-156.0,-155.5,-157.0,-154.0,-151.0,-150.5,-157.0,-155.0,-151.5,-157.0,-157.0,-155.0,-153.0,-154.5,-157.0,-157.0,-157.0,-157.0,-157.0,-156.0,-155.5,-157.0,-157.0,-157.0,-157.0,-157.0,-157.0,-154.5,-153.5,-155.0,-155.5,-157.0,-154.5,-154.5,-157.0,-157.0,-155.5,-152.0,-157.0,-156.5
2026-01-17 14:24:08.979,143.049967,5,-77,-157.0,-157.0,-155.0,-155.5,-156.5,-156.0,-156.0,-157.0,-157.0,-154.0,-153.0,-155.0,-156.0,-157.0,-157.0,-151.5,-150.0,-152.5,-154.5,-154.5,-154.5,-155.0,-157.0,-157.0,-157.0,-157.0,-157.0,-157.0,-156.0,-156.0,-157.0,-156.5,-157.0,-157.0,-156.5,-157.0,-157.0,-157.0,-157.0,-152.5,-156.0,-157.0,-157.0,-152.0,-150.5,-153.0,-157.0,-157.0,-157.0,-157.0,-154.5,-157.0,-157.0,-156.0,-155.0,-155.5,-157.0,-156.0,-155.5,-155.5,-157.0,-157.0,-150.0,-152.0,-157.0,-157.0,-155.5,-157.0,-156.0,-157.0,-154.0,-155.5,-155.0,-157.0,-154.0,-157.0,-157.0,-153.5,-154.5,-156.5,-156.0,-157.0,-157.0,-157.0,-157.0,-156.0,-157.0,-157.0,-153.0,-156.5,-156.5,-157.0,-157.0,-157.0,-150.5,-149.5,-152.0,-153.5,-153.5,-156.5,-156.0,-157.0,-153.5,-154.0,-152.5,-154.5,-157.0,-157.0,-157.0,-154.0,-152.5,-152.0,-157.0,-157.0,-157.0,-157.0,-157.0,-157.0,-157.0,-157.0,-157.0,-157.0,-157.0,-155.5,-157.0,-157.0,-157.0,-157.0,-155.0,-155.0,-157.0,-157.0,-154.0,-156.0,-156.0,-155.5,-155.5,-157.0,-157.0,-156.5,-157.0,-157.0,-157.0,-157.0,-157.0,-157.0,-157.0,-157.0,-157.0,-154.0,-157.0,-153.5,-157.0,-154.0,-157.0,-155.0,-157.0,-157.0,-152.0,-151.0,-156.5,-156.5,-153.5,-157.0,-157.0,-154.5,-155.0,-156.0,-149.0,-152.5,-157.0,-157.0,-154.5,-151.5,-157.0,-157.0,-157.0,-157.0,-157.0,-157.0,-157.0,-157.0,-153.0,-151.5,-153.5,-157.0,-156.0,-151.0,-157.0,-157.0,-157.0,-157.0,-154.5,-152.5,-155.0,-157.0,-157.0,-155.5,-155.0,-156.0,-154.0,-153.5,-157.0,-156.0,-154.5,-157.0,-157.0,-155.5,-155.0,-157.0,-153.5,-155.5,-154.5,-155.5,-157.0,-157.0,-157.0,-157.0,-157.0,-157.0,-155.5,-153.0,-156.5,-149.5,-151.5,-157.0,-157.0,-157.0,-157.0,-154.5,-154.0,-152.5,-154.5,-157.0,-157.0,-151.5,-152.5,-157.0,-156.0,-156.0,-157.0,-157.0,-152.0,-154.0,-157.0,-153.0,-157.0,-154.0,-157.0,-157.0,-152.5,-155.5,-157.0,-157.0,-157.0,-157.0,-157.0,-157.0,-157.0,-157.0,-154.5,-157.0,-157.0,-157.0,-157.0,-153.5,-154.0,-150.5,-152.0,-157.0,-153.0,-157.0,-153.5,-156.0,-150.5,-157.0,-153.5,-155.5,-157.0,-157.0,-153.5,-157.0,-155.0,-149.5,-148.0,-155.5,-153.0,-157.0,-157.0,-157.0,-156.0,-156.5,-157.0,-156.5,-157.0,-156.5,-157.0,-153.0,-157.0,-157.0,-157.0,-157.0,-156.0,-156.0,-153.0,-155.5,-156.0,-157.0,-157.0,-155.0,-157.0,-156.0,-156.5,-157.0,-157.0,-157.0,-157.0,-153.5,-154.0,-157.0,-157.0,-153.5,-152.5,-157.0,-157.0,-157.0,-157.0,-157.0,-153.0,-157.0,-157.0,-154.0,-154.0,-155.0,-156.0,-155.0,-157.0,-154.5,-153.0,-155.0,-154.5,-152.5,-154.5,-157.0,-157.0,-157.0,-155.5,-153.0,-156.5,-157.0,-157.0,-156.5,-156.0,-150.0,-151.5,-153.5,-156.0,-157.0,-152.5,-153.5,-153.0,-150.5,-157.0,-157.0,-157.0,-152.0,-150.0,-157.0,-157.0,-157.0,-154.5,-151.5,-155.5,-156.0,-154.5,-157.0,-157.0,-157.0,-154.5,-157.0,-157.0,-156.5,-153.0,-150.0,-150.0,-157.0,-157.0,-154.5,-157.0,-155.0,-152.0,-157.0,-157.0,-157.0,-151.0,-156.0,-156.0,-155.5,-157.0,-156.5,-156.5,-157.0,-157.0,-157.0,-157.0,-155.5,-156.5,-157.0,-157.0,-157.0,-156.0,-152.5,-151.5,-157.0,-157.0,-157.0,-150.5,-153.0,-157.0,-155.0,-157.0,-157.0,-157.0,-157.0,-157.0,-151.0,-157.0,-155.5,-154.0,-157.0,-157.0,-155.0,-149.5,-151.5,-157.0,-156.0,-155.5,-157.0,-154.0,-151.0,-150.5,-157.0,-155.0,-151.5,-157.0,-157.0,-155.0,-153.0,-154.5,-157.0,-157.0,-157.0,-157.0,-157.0,-156.0,-155.5,-157.0,-157.0,-157.0,-157.0,-157.0,-157.0,-154.5,-153.5,-155.0,-155.5,-157.0,-154.5,-154.5,-157.0,-157.0,-155.5,-152.0,-157.0,-156.5
2026-01-17 14:24:09.009,143.049967,5,-77,-157.0,-157.0,-153.5,-152.5,-156.0,-153.5,-156.0,-157.0,-157.0,-157.0,-156.5,-157.0,-157.0,-157.0,-157.0,-156.0,-157.0,-157.0,-156.5,-157.0,-156.0,-156.5,-157.0,-154.5,-154.5,-152.0,-152.0,-157.0,-157.0,-157.0,-156.5,-153.5,-153.5,-157.0,-155.0,-157.0,-151.5,-151.0,-155.5,-153.5,-157.0,-157.0,-151.0,-153.0,-152.5,-153.5,-154.5,-157.0,-157.0,-155.0,-154.5,-157.0,-157.0,-157.0,-156.0,-155.5,-156.5,-157.0,-153.5,-157.0,-156.0,-155.0,-153.0,-153.0,-156.0,-157.0,-157.0,-157.0,-157.0,-154.5,-152.5,-154.0,-157.0,-156.0,-152.5,-154.5,-155.5,-156.0,-156.5,-157.0,-157.0,-157.0,-157.0,-157.0,-157.0,-156.5,-157.0,-157.0,-152.0,-156.0,-157.0,-157.0,-156.0,-152.0,-152.5,-155.0,-155.0,-156.5,-157.0,-157.0,-156.5,-157.0,-154.5,-153.0,-151.0,-151.5,-157.0,-156.0,-154.5,-154.5,-156.0,-155.0,-157.0,-157.0,-157.0,-157.0,-157.0,-157.0,-157.0,-157.0,-157.0,-157.0,-157.0,-152.5,-156.5,-157.0,-157.0,-157.0,-157.0,-157.0,-157.0,-156.0,-156.0,-155.0,-157.0,-157.0,-153.0,-154.5,-157.0,-157.0,-156.5,-156.0,-157.0,-157.0,-157.0,-157.0,-155.0,-155.0,-157.0,-155.5,-157.0,-152.5,-154.0,-153.0,-157.0,-156.0,-157.0,-154.0,-150.5,-151.0,-157.0,-152.0,-154.0,-157.0,-156.5,-157.0,-150.0,-148.0,-147.5,-157.0,-157.0,-157.0,-157.0,-153.5,-157.0,-156.5,-157.0,-156.5,-157.0,-157.0,-157.0,-157.0,-155.0,-157.0,-154.5,-156.5,-154.0,-154.5,-157.0,-154.5,-154.5,-157.0,-157.0,-156.5,-155.0,-157.0,-157.0,-157.0,-155.0,-156.5,-157.0,-157.0,-157.0,-157.0,-157.0,-157.0,-157.0,-154.0,-154.5,-157.0,-154.0,-157.0,-155.5,-154.0,-157.0,-157.0,-157.0,-157.0,-157.0,-157.0,-157.0,-153.5,-152.5,-153.0,-156.5,-157.0,-157.0,-157.0,-157.0,-152.0,-150.5,-152.0,-155.0,-157.0,-157.0,-157.0,-157.0,-157.0,-157.0,-157.0,-157.0,-157.0,-152.0,-153.0,-156.5,-153.0,-151.5,-153.5,-157.0,-157.0,-156.0,-157.0,-157.0,-157.0,-157.0,-157.0,-157.0,-154.5,-157.0,-157.0,-152.5,-153.5,-157.0,-157.0,-157.0,-156.0,-154.0,-157.0,-157.0,-157.0,-153.0,-155.5,-154.5,-156.5,-152.5,-157.0,-157.0,-157.0,-157.0,-157.0,-155.5,-154.5,-154.0,-153.0,-149.0,-153.5,-156.5,-156.5,-157.0,-157.0,-157.0,-157.0,-157.0,-157.0,-157.0,-156.0,-155.0,-153.0,-157.0,-157.0,-156.5,-157.0,-152.0,-157.0,-157.0,-157.0,-157.0,-157.0,-157.0,-155.0,-157.0,-155.0,-157.0,-157.0,-157.0,-157.0,-157.0,-152.0,-152.5,-157.0,-157.0,-152.5,-155.5,-155.0,-152.5,-156.0,-157.0,-155.5,-151.0,-157.0,-157.0,-155.5,-151.5,-151.5,-155.5,-157.0,-157.0,-153.5,-154.5,-157.0,-155.5,-150.0,-156.5,-157.0,-157.0,-157.0,-153.0,-153.5,-156.0,-156.5,-157.0,-157.0,-157.0,-154.0,-154.0,-156.5,-154.0,-153.5,-151.5,-153.5,-157.0,-153.0,-156.0,-156.5,-157.0,-153.5,-151.5,-157.0,-157.0,-155.0,-157.0,-150.0,-151.5,-157.0,-156.5,-157.0,-157.0,-157.0,-157.0,-156.5,-155.5,-157.0,-152.5,-153.5,-152.0,-157.0,-157.0,-157.0,-157.0,-155.5,-153.5,-157.0,-157.0,-157.0,-153.0,-156.0,-157.0,-153.5,-156.5,-157.0,-157.0,-157.0,-157.0,-157.0,-157.0,-157.0,-152.5,-157.0,-157.0,-153.0,-152.0,-151.5,-152.0,-157.0,-157.0,-157.0,-155.0,-153.0,-153.0,-151.5,-157.0,-156.0,-157.0,-157.0,-152.5,-150.5,-157.0,-154.5,-155.5,-157.0,-157.0,-154.5,-153.5,-153.5,-157.0,-157.0,-155.5,-157.0,-155.0,-150.0,-150.5,-156.5,-150.5,-150.0,-157.0,-157.0,-154.0,-156.0,-157.0,-157.0,-157.0,-157.0,-157.0,-157.0,-157.0,-154.5,-157.0,-157.0,-157.0,-157.0,-157.0,-157.0,-155.0,-153.5,-157.0,-157.0,-157.0,-157.0,-155.0,-157.0,-156.5,-155.0,-157.0,-157.0,-156.0
2026-01-17 14:24:09.011,143.049967,5,-77,-157.0,-157.0,-153.5,-152.5,-156.0,-153.5,-156.0,-157.0,-157.0,-157.0,-156.5,-157.0,-157.0,-157.0,-157.0,-156.0,-157.0,-157.0,-156.5,-157.0,-156.0,-156.5,-157.0,-154.5,-154.5,-152.0,-152.0,-157.0,-157.0,-157.0,-156.5,-153.5,-153.5,-157.0,-155.0,-157.0,-151.5,-151.0,-155.5,-153.5,-157.0,-157.0,-151.0,-153.0,-152.5,-153.5,-154.5,-157.0,-157.0,-155.0,-154.5,-157.0,-157.0,-157.0,-156.0,-155.5,-156.5,-157.0,-153.5,-157.0,-156.0,-155.0,-153.0,-153.0,-156.0,-157.0,-157.0,-157.0,-157.0,-154.5,-152.5,-154.0,-157.0,-156.0,-152.5,-154.5,-155.5,-156.0,-156.5,-157.0,-157.0,-157.0,-157.0,-157.0,-157.0,-156.5,-157.0,-157.0,-152.0,-156.0,-157.0,-157.0,-156.0,-152.0,-152.5,-155.0,-155.0,-156.5,-157.0,-157.0,-156.5,-157.0,-154.5,-153.0,-151.0,-151.5,-157.0,-156.0,-154.5,-154.5,-156.0,-155.0,-157.0,-157.0,-157.0,-157.0,-157.0,-157.0,-157.0,-157.0,-157.0,-157.0,-157.0,-152.5,-156.5,-157.0,-157.0,-157.0,-157.0,-157.0,-157.0,-156.0,-156.0,-155.0,-157.0,-157.0,-153.0,-154.5,-157.0,-157.0,-156.5,-156.0,-157.0,-157.0,-157.0,-157.0,-155.0,-155.0,-157.0,-155.5,-157.0,-152.5,-154.0,-153.0,-157.0,-156.0,-157.0,-154.0,-150.5,-151.0,-157.0,-152.0,-154.0,-157.0,-156.5,-157.0,-150.0,-148.0,-147.5,-157.0,-157.0,-157.0,-157.0,-153.5,-157.0,-156.5,-157.0,-156.5,-157.0,-157.0,-157.0,-157.0,-155.0,-157.0,-154.5,-156.5,-154.0,-154.5,-157.0,-154.5,-154.5,-157.0,-157.0,-156.5,-155.0,-157.0,-157.0,-157.0,-155.0,-156.5,-157.0,-157.0,-157.0,-157.0,-157.0,-157.0,-157.0,-154.0,-154.5,-157.0,-154.0,-157.0,-155.5,-154.0,-157.0,-157.0,-157.0,-157.0,-157.0,-157.0,-157.0,-153.5,-152.5,-153.0,-156.5,-157.0,-157.0,-157.0,-157.0,-152.0,-150.5,-152.0,-155.0,-157.0,-157.0,-157.0,-157.0,-157.0,-157.0,-157.0,-157.0,-157.0,-152.0,-153.0,-156.5,-153.0,-151.5,-153.5,-157.0,-157.0,-156.0,-157.0,-157.0,-157.0,-157.0,-157.0,-157.0,-154.5,-157.0,-157.0,-152.5,-153.5,-157.0,-157.0,-157.0,-156.0,-154.0,-157.0,-157.0,-157.0,-153.0,-155.5,-154.5,-156.5,-152.5,-157.0,-157.0,-157.0,-157.0,-157.0,-155.5,-154.5,-154.0,-153.0,-149.0,-153.5,-156.5,-156.5,-157.0,-157.0,-157.0,-157.0,-157.0,-157.0,-157.0,-156.0,-155.0,-153.0,-157.0,-157.0,-156.5,-157.0,-152.0,-157.0,-157.0,-157.0,-157.0,-157.0,-157.0,-155.0,-157.0,-155.0,-157.0,-157.0,-157.0,-157.0,-157.0,-152.0,-152.5,-157.0,-157.0,-152.5,-155.5,-155.0,-152.5,-156.0,-157.0,-155.5,-151.0,-157.0,-157.0,-155.5,-151.5,-151.5,-155.5,-157.0,-157.0,-153.5,-154.5,-157.0,-155.5,-150.0,-156.5,-157.0,-157.0,-157.0,-153.0,-153.5,-156.0,-156.5,-157.0,-157.0,-157.0,-154.0,-154.0,-156.5,-154.0,-153.5,-151.5,-153.5,-157.0,-153.0,-156.0,-156.5,-157.0,-153.5,-151.5,-157.0,-157.0,-155.0,-157.0,-150.0,-151.5,-157.0,-156.5,-157.0,-157.0,-157.0,-157.0,-156.5,-155.5,-157.0,-152.5,-153.5,-152.0,-157.0,-157.0,-157.0,-157.0,-155.5,-153.5,-157.0,-157.0,-157.0,-153.0,-156.0,-157.0,-153.5,-156.5,-157.0,-157.0,-157.0,-157.0,-157.0,-157.0,-157.0,-152.5,-157.0,-157.0,-153.0,-152.0,-151.5,-152.0,-157.0,-157.0,-157.0,-155.0,-153.0,-153.0,-151.5,-157.0,-156.0,-157.0,-157.0,-152.5,-150.5,-157.0,-154.5,-155.5,-157.0,-157.0,-154.5,-153.5,-153.5,-157.0,-157.0,-155.5,-157.0,-155.0,-150.0,-150.5,-156.5,-150.5,-150.0,-157.0,-157.0,-154.0,-156.0,-157.0,-157.0,-157.0,-157.0,-157.0,-157.0,-157.0,-154.5,-157.0,-157.0,-157.0,-157.0,-157.0,-157.0,-155.0,-153.5,-157.0,-157.0,-157.0,-157.0,-155.0,-157.0,-156.5,-155.0,-157.0,-157.0,-156.0
2026-01-17 14:24:09.046,143.049967,5,-77,-157.0,-157.0,-157.0,-154.5,-154.5,-156.0,-157.0,-157.0,-157.0,-157.0,-157.0,-157.0,-157.0,-157.0,-157.0,-157.0,-157.0,-155.5,-155.0,-157.0,-155.5,-157.0,-155.5,-150.5,-149.0,-148.5,-153.0,-157.0,-157.0,-157.0,-157.0,-151.5,-151.5,-157.0,-154.0,-157.0,-152.0,-151.0,-152.0,-156.0,-157.0,-157.0,-149.5,-150.0,-154.0,-153.0,-157.0,-157.0,-157.0,-151.5,-156.5,-157.0,-157.0,-157.0,-154.5,-154.5,-157.0,-156.0,-150.5,-157.0,-154.5,-154.0,-156.5,-155.0,-154.5,-153.5,-157.0,-157.0,-157.0,-156.0,-157.0,-153.5,-153.0,-155.5,-156.5,-157.0,-157.0,-156.5,-157.0,-157.0,-157.0,-156.5,-157.0,-157.0,-157.0,-157.0,-157.0,-157.0,-156.0,-155.5,-157.0,-157.0,-155.0,-151.5,-157.0,-157.0,-157.0,-157.0,-157.0,-157.0,-157.0,-155.0,-153.0,-157.0,-157.0,-154.0,-157.0,-153.5,-151.5,-153.0,-157.0,-154.0,-157.0,-157.0,-157.0,-156.5,-157.0,-157.0,-157.0,-157.0,-157.0,-157.0,-156.5,-153.0,-155.5,-155.5,-157.0,-155.0,-157.0,-157.0,-157.0,-157.0,-157.0,-155.0,-157.0,-157.0,-155.0,-154.0,-157.0,-157.0,-156.0,-152.0,-156.0,-155.5,-157.0,-157.0,-153.5,-151.5,-156.0,-154.5,-157.0,-155.0,-157.0,-152.0,-156.5,-155.5,-157.0,-155.0,-153.0,-155.5,-156.0,-153.0,-152.5,-157.0,-155.0,-157.0,-149.5,-147.0,-151.0,-154.5,-157.0,-157.0,-157.0,-155.0,-156.5,-153.5,-153.5,-152.5,-157.0,-157.0,-157.0,-157.0,-155.5,-157.0,-155.5,-157.0,-156.5,-157.0,-156.5,-152.0,-153.0,-157.0,-157.0,-157.0,-155.5,-157.0,-157.0,-157.0,-154.5,-155.5,-157.0,-153.5,-156.0,-157.0,-157.0,-157.0,-152.5,-151.5,-157.0,-154.5,-153.5,-154.0,-157.0,-155.5,-155.5,-157.0,-157.0,-157.0,-156.0,-157.0,-155.5,-150.0,-151.0,-157.0,-156.5,-153.0,-154.5,-157.0,-157.0,-155.5,-154.5,-157.0,-157.0,-157.0,-157.0,-157.0,-157.0,-157.0,-157.0,-157.0,-155.0,-156.5,-150.5,-152.0,-154.5,-157.0,-151.5,-153.0,-157.0,-157.0,-157.0,-157.0,-157.0,-157.0,-156.0,-157.0,-157.0,-154.5,-157.0,-157.0,-155.0,-157.0,-157.0,-157.0,-157.0,-156.5,-153.5,-156.0,-157.0,-157.0,-154.5,-157.0,-155.0,-157.0,-154.5,-156.0,-157.0,-157.0,-157.0,-154.5,-155.5,-153.0,-157.0,-154.0,-151.0,-154.0,-157.0,-152.5,-154.0,-157.0,-156.0,-157.0,-155.5,-157.0,-157.0,-154.5,-157.0,-156.0,-155.0,-155.5,-157.0,-157.0,-152.5,-157.0,-157.0,-156.5,-156.0,-156.0,-157.0,-153.0,-157.0,-151.0,-151.5,-157.0,-156.0,-157.0,-157.0,-152.0,-154.5,-157.0,-156.5,-152.5,-157.0,-157.0,-150.5,-153.5,-157.0,-157.0,-152.5,-157.0,-157.0,-157.0,-156.0,-156.0,-157.0,-156.5,-157.0,-157.0,-157.0,-157.0,-157.0,-152.0,-157.0,-157.0,-157.0,-154.5,-152.0,-154.5,-157.0,-157.0,-155.0,-157.0,-156.0,-153.0,-156.0,-157.0,-156.0,-154.5,-154.5,-154.5,-157.0,-154.0,-153.5,-157.0,-157.0,-155.5,-157.0,-156.5,-154.5,-152.0,-157.0,-152.5,-150.5,-157.0,-155.0,-157.0,-157.0,-156.5,-156.5,-154.5,-157.0,-157.0,-155.0,-157.0,-155.0,-155.5,-154.0,-157.0,-157.0,-157.0,-157.0,-156.0,-157.0,-157.0,-153.0,-154.5,-157.0,-154.5,-154.5,-157.0,-157.0,-157.0,-156.0,-157.0,-157.0,-157.0,-150.5,-157.0,-157.0,-155.0,-152.0,-152.0,-155.5,-156.0,-156.5,-157.0,-157.0,-157.0,-150.5,-150.5,-157.0,-154.0,-155.5,-157.0,-156.5,-155.0,-157.0,-157.0,-157.0,-157.0,-157.0,-156.0,-155.0,-154.5,-155.0,-155.5,-155.0,-156.0,-155.0,-157.0,-155.5,-157.0,-151.0,-154.5,-157.0,-157.0,-156.0,-156.5,-157.0,-157.0,-157.0,-156.5,-155.5,-157.0,-157.0,-155.5,-157.0,-157.0,-157.0,-157.0,-157.0,-157.0,-157.0,-157.0,-157.0,-157.0,-157.0,-157.0,-155.0,-155.0,-153.5,-156.5,-157.0,-157.0,-157.0
2026-01-17 14:24:09.078,143.049967,5,-77,-157.0,-157.0,-157.0,-157.0,-157.0,-157.0,-154.5,-156.5,-156.0,-157.0,-157.0,-157.0,-156.5,-157.0,-157.0,-157.0,-157.0,-152.5,-151.5,-157.0,-153.5,-157.0,-157.0,-153.5,-153.0,-151.0,-157.0,-155.5,-157.0,-157.0,-157.0,-154.0,-156.0,-157.0,-152.0,-154.0,-157.0,-157.0,-153.0,-157.0,-157.0,-156.0,-154.5,-154.0,-156.5,-153.0,-157.0,-156.0,-154.0,-150.5,-156.0,-157.0,-157.0,-156.5,-157.0,-155.5,-157.0,-155.5,-151.5,-157.0,-156.5,-155.5,-157.0,-157.0,-154.5,-152.5,-157.0,-157.0,-157.0,-157.0,-157.0,-153.0,-153.5,-157.0,-157.0,-157.0,-154.5,-152.0,-152.5,-157.0,-157.0,-157.0,-157.0,-157.0,-157.0,-157.0,-157.0,-157.0,-157.0,-157.0,-156.0,-157.0,-157.0,-155.0,-157.0,-157.0,-157.0,-156.5,-156.5,-157.0,-157.0,-153.0,-151.5,-157.0,-156.5,-154.5,-156.0,-153.0,-154.5,-153.5,-156.0,-153.5,-157.0,-157.0,-157.0,-157.0,-157.0,-157.0,-157.0,-157.0,-157.0,-157.0,-154.5,-157.0,-157.0,-152.0,-155.0,-153.5,-155.0,-157.0,-157.0,-157.0,-157.0,-157.0,-157.0,-157.0,-157.0,-157.0,-155.5,-153.5,-156.0,-151.5,-154.0,-155.0,-156.0,-157.0,-152.0,-150.0,-157.0,-155.0,-157.0,-157.0,-157.0,-151.0,-152.5,-154.5,-157.0,-157.0,-157.0,-156.0,-157.0,-151.5,-152.5,-154.0,-156.5,-155.0,-154.0,-151.5,-155.0,-157.0,-157.0,-154.5,-153.0,-157.0,-156.5,-152.5,-153.0,-152.0,-154.5,-157.0,-154.0,-155.5,-157.0,-154.0,-154.0,-157.0,-157.0,-156.0,-154.0,-155.5,-155.5,-157.0,-157.0,-156.0,-155.5,-157.0,-156.5,-153.5,-157.0,-156.0,-157.0,-154.5,-156.5,-157.0,-156.5,-157.0,-152.0,-153.5,-157.0,-157.0,-157.0,-155.5,-157.0,-157.0,-155.0,-157.0,-157.0,-157.0,-157.0,-156.0,-155.0,-150.0,-153.5,-157.0,-157.0,-155.0,-154.5,-155.5,-157.0,-157.0,-157.0,-157.0,-154.5,-153.0,-157.0,-157.0,-157.0,-157.0,-157.0,-155.5,-152.5,-157.0,-150.0,-149.5,-154.5,-157.0,-155.5,-157.0,-155.5,-154.5,-157.0,-157.0,-157.0,-157.0,-155.5,-157.0,-155.0,-155.0,-157.0,-157.0,-156.5,-157.0,-156.5,-156.5,-156.5,-154.0,-156.0,-156.5,-157.0,-156.0,-156.5,-157.0,-154.5,-157.0,-155.5,-155.0,-157.0,-154.0,-155.0,-156.0,-157.0,-153.5,-157.0,-149.5,-152.0,-157.0,-157.0,-152.5,-155.5,-157.0,-154.5,-155.5,-156.5,-157.0,-157.0,-153.5,-157.0,-157.0,-154.0,-156.5,-157.0,-157.0,-156.0,-157.0,-156.5,-152.5,-152.5,-152.0,-157.0,-154.5,-157.0,-150.5,-149.5,-157.0,-153.0,-156.0,-157.0,-152.0,-157.0,-157.0,-157.0,-155.0,-157.0,-157.0,-152.0,-157.0,-157.0,-157.0,-157.0,-157.0,-156.5,-157.0,-157.0,-156.5,-157.0,-154.0,-157.0,-157.0,-157.0,-157.0,-157.0,-153.5,-157.0,-157.0,-153.5,-152.0,-156.5,-156.0,-157.0,-157.0,-157.0,-157.0,-156.5,-150.0,-153.5,-157.0,-154.5,-154.0,-156.5,-157.0,-157.0,-157.0,-156.0,-157.0,-157.0,-155.5,-156.5,-157.0,-157.0,-153.5,-157.0,-157.0,-153.0,-157.0,-153.5,-157.0,-157.0,-157.0,-152.5,-153.5,-157.0,-155.5,-157.0,-157.0,-157.0,-157.0,-155.5,-157.0,-157.0,-157.0,-157.0,-154.0,-157.0,-157.0,-156.0,-156.5,-157.0,-157.0,-157.0,-157.0,-155.0,-156.0,-156.0,-157.0,-157.0,-157.0,-150.5,-157.0,-157.0,-155.0,-153.0,-156.0,-153.5,-153.5,-154.0,-157.0,-157.0,-157.0,-155.5,-153.0,-153.0,-153.0,-151.0,-156.0,-157.0,-157.0,-157.0,-157.0,-157.0,-157.0,-157.0,-153.5,-153.5,-155.5,-151.5,-157.0,-155.0,-154.5,-155.5,-157.0,-157.0,-152.5,-149.0,-153.5,-157.0,-155.5,-154.5,-152.0,-155.5,-157.0,-157.0,-155.5,-154.0,-154.0,-157.0,-154.5,-156.0,-156.0,-157.0,-154.5,-154.5,-157.0,-157.0,-157.0,-157.0,-157.0,-157.0,-157.0,-157.0,-152.5,-156.0,-156.5,-157.0,-157.0,-157.0
2026-01-17 14:24:09.113,143.049967,5,-77,-157.0,-157.0,-157.0,-157.0,-157.0,-157.0,-155.0,-157.0,-154.5,-154.0,-157.0,-157.0,-156.5,-156.0,-157.0,-157.0,-157.0,-155.5,-152.5,-155.5,-153.0,-157.0,-157.0,-157.0,-156.0,-156.0,-155.0,-153.5,-156.5,-157.0,-157.0,-154.5,-157.0,-157.0,-154.0,-153.5,-157.0,-157.0,-154.0,-155.5,-157.0,-157.0,-157.0,-157.0,-157.0,-155.0,-157.0,-157.0,-155.5,-152.5,-157.0,-157.0,-157.0,-155.0,-157.0,-156.5,-157.0,-157.0,-152.0,-157.0,-157.0,-157.0,-157.0,-156.5,-156.5,-154.5,-153.0,-157.0,-157.0,-157.0,-157.0,-157.0,-157.0,-157.0,-157.0,-157.0,-151.0,-152.5,-153.5,-157.0,-157.0,-157.0,-156.5,-157.0,-157.0,-157.0,-157.0,-156.5,-157.0,-154.5,-152.5,-157.0,-157.0,-155.0,-157.0,-156.0,-154.5,-154.0,-157.0,-157.0,-157.0,-153.5,-153.5,-157.0,-157.0,-154.0,-153.0,-152.0,-157.0,-157.0,-157.0,-156.5,-157.0,-157.0,-157.0,-157.0,-157.0,-157.0,-157.0,-156.5,-157.0,-152.0,-152.0,-157.0,-153.0,-150.0,-155.5,-157.0,-153.5,-153.0,-157.0,-156.0,-157.0,-157.0,-157.0,-157.0,-157.0,-157.0,-156.0,-153.0,-153.5,-155.0,-155.0,-157.0,-157.0,-156.0,-154.5,-154.0,-152.5,-153.0,-157.0,-157.0,-157.0,-154.0,-154.0,-152.5,-157.0,-157.0,-157.0,-152.0,-152.5,-150.0,-152.5,-153.0,-157.0,-155.5,-157.0,-155.0,-152.0,-157.0,-157.0,-152.5,-150.0,-157.0,-156.5,-152.0,-152.5,-155.5,-152.5,-154.5,-153.0,-156.5,-156.5,-153.0,-154.5,-156.0,-157.0,-157.0,-153.5,-157.0,-157.0,-157.0,-157.0,-157.0,-154.0,-155.0,-153.0,-152.0,-157.0,-154.0,-154.5,-157.0,-157.0,-152.5,-151.5,-152.5,-153.5,-157.0,-155.5,-156.5,-157.0,-157.0,-157.0,-157.0,-155.0,-157.0,-157.0,-157.0,-157.0,-155.5,-152.5,-151.5,-157.0,-157.0,-157.0,-157.0,-157.0,-155.5,-157.0,-157.0,-157.0,-157.0,-153.5,-150.5,-155.0,-157.0,-157.0,-157.0,-157.0,-152.0,-151.0,-157.0,-154.0,-148.5,-152.5,-155.5,-157.0,-157.0,-157.0,-157.0,-157.0,-157.0,-157.0,-157.0,-157.0,-157.0,-153.5,-157.0,-157.0,-154.0,-157.0,-153.0,-152.0,-153.5,-152.5,-155.5,-157.0,-153.5,-157.0,-157.0,-157.0,-156.5,-153.5,-157.0,-157.0,-157.0,-156.5,-154.0,-154.5,-157.0,-157.0,-155.0,-156.0,-150.0,-155.5,-156.5,-157.0,-156.0,-153.5,-154.0,-157.0,-156.5,-157.0,-155.0,-152.0,-150.5,-157.0,-157.0,-157.0,-156.5,-157.0,-157.0,-157.0,-156.5,-156.5,-153.0,-156.0,-152.5,-157.0,-157.0,-156.5,-154.0,-151.0,-155.5,-151.0,-152.0,-152.0,-151.0,-153.0,-154.0,-157.0,-157.0,-156.0,-156.0,-152.5,-155.5,-155.0,-157.0,-157.0,-157.0,-155.0,-156.5,-156.0,-153.5,-153.5,-152.5,-157.0,-155.0,-157.0,-157.0,-151.0,-152.0,-157.0,-157.0,-156.0,-155.5,-157.0,-157.0,-154.5,-157.0,-157.0,-157.0,-157.0,-151.0,-150.0,-155.5,-153.0,-152.5,-155.0,-157.0,-157.0,-157.0,-157.0,-157.0,-156.5,-155.5,-153.0,-157.0,-157.0,-157.0,-157.0,-157.0,-154.5,-155.5,-153.0,-152.0,-157.0,-157.0,-155.5,-155.5,-157.0,-156.0,-156.0,-156.0,-157.0,-157.0,-157.0,-157.0,-157.0,-157.0,-157.0,-153.5,-152.5,-157.0,-156.5,-155.0,-155.0,-157.0,-157.0,-152.5,-152.5,-157.0,-157.0,-157.0,-156.5,-155.0,-152.5,-157.0,-157.0,-157.0,-155.0,-157.0,-155.5,-157.0,-157.0,-157.0,-157.0,-156.5,-154.5,-153.0,-152.5,-153.5,-154.5,-157.0,-155.5,-155.0,-157.0,-157.0,-154.0,-155.5,-157.0,-154.0,-149.5,-148.5,-149.0,-157.0,-157.0,-153.0,-157.0,-157.0,-156.0,-154.0,-149.0,-152.0,-157.0,-151.0,-155.0,-151.0,-156.0,-153.0,-153.0,-156.5,-157.0,-156.0,-156.0,-154.5,-157.0,-151.0,-152.0,-152.5,-154.0,-157.0,-157.0,-157.0,-157.0,-157.0,-157.0,-157.0,-157.0,-153.0,-153.5,-153.0,-157.0,-157.0,-157.0
2026-01-17 14:24:09.142,143.049967,5,-77,-157.0,-157.0,-153.5,-157.0,-157.0,-157.0,-155.5,-157.0,-157.0,-156.0,-157.0,-157.0,-157.0,-153.5,-157.0,-157.0,-157.0,-157.0,-152.5,-154.5,-154.0,-156.0,-154.5,-157.0,-156.5,-157.0,-152.5,-154.5,-156.5,-157.0,-157.0,-153.0,-154.5,-157.0,-154.5,-153.0,-157.0,-157.0,-157.0,-157.0,-157.0,-157.0,-157.0,-157.0,-157.0,-157.0,-157.0,-157.0,-157.0,-153.0,-155.0,-157.0,-152.5,-152.5,-157.0,-157.0,-153.5,-151.0,-150.0,-155.0,-157.0,-157.0,-157.0,-157.0,-157.0,-155.5,-152.0,-157.0,-157.0,-157.0,-157.0,-154.5,-156.0,-157.0,-156.0,-157.0,-150.0,-151.0,-154.0,-155.5,-155.0,-157.0,-157.0,-157.0,-157.0,-155.0,-157.0,-157.0,-156.0,-156.5,-153.5,-156.0,-153.0,-157.0,-151.5,-152.5,-153.0,-156.5,-155.5,-155.5,-157.0,-154.5,-157.0,-157.0,-156.0,-154.0,-157.0,-154.0,-157.0,-157.0,-157.0,-157.0,-157.0,-157.0,-157.0,-157.0,-157.0,-155.5,-154.5,-157.0,-157.0,-153.5,-153.0,-155.5,-149.5,-149.0,-156.5,-157.0,-154.5,-152.5,-154.5,-154.5,-155.5,-157.0,-157.0,-157.0,-154.0,-155.5,-156.5,-155.5,-155.5,-157.0,-157.0,-157.0,-157.0,-156.5,-157.0,-157.0,-149.5,-150.5,-155.5,-154.0,-157.0,-157.0,-155.0,-151.5,-155.0,-156.5,-155.0,-150.5,-150.0,-151.0,-157.0,-153.0,-157.0,-157.0,-157.0,-157.0,-153.5,-156.5,-157.0,-155.5,-151.0,-157.0,-157.0,-151.0,-151.5,-153.5,-152.0,-155.0,-153.0,-154.5,-156.0,-155.0,-157.0,-153.5,-156.5,-154.0,-152.5,-157.0,-157.0,-157.0,-156.5,-157.0,-157.0,-153.0,-156.0,-155.0,-157.0,-153.0,-156.5,-157.0,-157.0,-149.5,-154.0,-150.0,-155.0,-151.5,-151.0,-156.0,-155.5,-157.0,-156.5,-157.0,-157.0,-157.0,-156.0,-157.0,-157.0,-157.0,-154.5,-155.5,-156.0,-157.0,-157.0,-157.0,-157.0,-157.0,-157.0,-157.0,-157.0,-156.0,-157.0,-151.0,-155.5,-157.0,-155.0,-157.0,-157.0,-150.5,-151.5,-153.5,-152.0,-147.5,-150.5,-153.5,-153.5,-153.5,-157.0,-157.0,-157.0,-157.0,-157.0,-156.5,-157.0,-153.0,-152.0,-157.0,-156.5,-153.0,-157.0,-152.5,-156.0,-155.0,-153.0,-157.0,-155.5,-151.0,-157.0,-157.0,-157.0,-155.0,-152.0,-156.0,-156.0,-157.0,-155.5,-157.0,-157.0,-157.0,-157.0,-157.0,-156.5,-151.0,-155.0,-154.0,-156.0,-157.0,-154.0,-154.5,-157.0,-157.0,-157.0,-156.0,-150.5,-152.0,-157.0,-157.0,-157.0,-157.0,-157.0,-155.5,-157.0,-157.0,-157.0,-155.0,-152.0,-151.5,-156.5,-157.0,-157.0,-157.0,-152.0,-150.5,-152.0,-153.5,-149.5,-152.5,-157.0,-151.5,-154.0,-157.0,-154.5,-151.5,-153.0,-155.0,-150.5,-149.5,-153.0,-153.5,-157.0,-156.5,-156.0,-155.0,-155.5,-154.5,-157.0,-152.0,-157.0,-156.5,-152.5,-154.5,-157.0,-157.0,-157.0,-157.0,-157.0,-156.0,-153.5,-154.5,-156.5,-157.0,-157.0,-157.0,-150.0,-154.5,-153.0,-155.5,-153.5,-157.0,-157.0,-157.0,-157.0,-157.0,-157.0,-157.0,-154.0,-155.0,-157.0,-157.0,-157.0,-157.0,-157.0,-155.0,-152.5,-149.5,-156.0,-157.0,-157.0,-157.0,-157.0,-157.0,-152.5,-154.0,-156.0,-155.5,-156.0,-157.0,-155.0,-157.0,-157.0,-153.0,-152.0,-157.0,-155.5,-157.0,-157.0,-155.5,-154.5,-151.5,-152.5,-157.0,-157.0,-157.0,-157.0,-154.0,-155.5,-157.0,-157.0,-154.5,-155.0,-156.5,-156.5,-157.0,-157.0,-157.0,-157.0,-153.0,-151.0,-156.0,-155.0,-157.0,-157.0,-157.0,-155.0,-152.0,-157.0,-157.0,-151.5,-154.0,-157.0,-154.5,-150.5,-149.5,-151.5,-157.0,-157.0,-153.0,-154.0,-155.5,-154.5,-155.0,-153.0,-156.0,-157.0,-151.0,-150.5,-153.0,-153.5,-152.5,-150.5,-155.0,-157.0,-157.0,-155.0,-155.0,-157.0,-151.0,-150.5,-155.5,-157.0,-157.0,-157.0,-157.0,-157.0,-157.0,-157.0,-156.0,-154.0,-153.5,-156.0,-153.5,-157.0,-157.0,-155.0
2026-01-17 14:24:09.178,143.049967,5,-77,-157.0,-157.0,-153.5,-157.0,-157.0,-157.0,-157.0,-157.0,-156.5,-156.5,-157.0,-157.0,-157.0,-154.5,-157.0,-152.0,-153.0,-154.5,-153.5,-153.5,-152.5,-156.5,-153.0,-156.5,-157.0,-157.0,-153.5,-155.0,-156.0,-157.0,-153.5,-152.0,-157.0,-155.5,-151.0,-151.0,-155.0,-157.0,-157.0,-157.0,-156.0,-154.0,-153.5,-156.0,-157.0,-157.0,-153.0,-151.5,-156.5,-154.0,-151.5,-155.0,-150.5,-155.0,-157.0,-157.0,-152.5,-150.0,-152.5,-152.5,-155.0,-157.0,-157.0,-155.0,-157.0,-157.0,-155.0,-157.0,-154.0,-152.0,-157.0,-150.5,-151.5,-152.5,-157.0,-156.0,-152.5,-152.0,-157.0,-153.0,-153.5,-157.0,-157.0,-154.0,-155.0,-154.5,-157.0,-156.5,-153.0,-157.0,-157.0,-151.5,-150.0,-157.0,-152.5,-156.5,-152.0,-154.0,-154.0,-156.0,-155.0,-154.5,-157.0,-157.0,-153.0,-155.5,-157.0,-153.0,-156.0,-157.0,-157.0,-157.0,-157.0,-157.0,-157.0,-157.0,-157.0,-152.5,-151.5,-156.0,-157.0,-157.0,-157.0,-157.0,-152.5,-152.5,-154.5,-157.0,-157.0,-154.0,-156.0,-157.0,-157.0,-157.0,-157.0,-157.0,-154.5,-157.0,-155.5,-157.0,-157.0,-156.0,-156.0,-157.0,-157.0,-156.5,-153.0,-157.0,-151.0,-150.0,-157.0,-152.5,-155.0,-157.0,-157.0,-155.0,-154.0,-154.5,-157.0,-157.0,-157.0,-157.0,-157.0,-154.0,-157.0,-156.0,-156.0,-157.0,-153.5,-153.5,-157.0,-156.5,-153.0,-157.0,-157.0,-156.0,-152.5,-153.0,-154.0,-155.5,-154.5,-152.5,-157.0,-157.0,-157.0,-156.5,-153.0,-155.5,-154.0,-156.5,-157.0,-157.0,-156.0,-157.0,-157.0,-155.0,-157.0,-157.0,-155.5,-154.0,-157.0,-157.0,-157.0,-151.5,-152.0,-151.0,-157.0,-150.0,-150.5,-156.0,-157.0,-157.0,-155.5,-157.0,-157.0,-157.0,-152.5,-154.0,-157.0,-156.5,-157.0,-157.0,-157.0,-157.0,-157.0,-154.0,-155.0,-156.5,-156.0,-156.0,-157.0,-157.0,-157.0,-153.5,-156.0,-154.5,-152.0,-157.0,-156.5,-153.5,-155.5,-157.0,-146.0,-145.5,-148.5,-154.0,-152.5,-154.5,-157.0,-157.0,-156.0,-157.0,-155.5,-152.0,-154.0,-153.5,-153.5,-154.0,-157.0,-155.5,-157.0,-153.0,-157.0,-157.0,-154.0,-156.5,-153.5,-150.5,-157.0,-157.0,-157.0,-156.0,-154.5,-157.0,-157.0,-157.0,-154.5,-156.0,-157.0,-157.0,-157.0,-157.0,-157.0,-151.0,-152.5,-157.0,-156.5,-157.0,-156.0,-157.0,-156.0,-157.0,-156.5,-157.0,-156.5,-155.0,-157.0,-157.0,-156.5,-157.0,-157.0,-157.0,-157.0,-157.0,-157.0,-157.0,-153.5,-156.5,-157.0,-157.0,-157.0,-157.0,-156.0,-151.5,-153.5,-151.0,-152.5,-157.0,-157.0,-151.5,-151.5,-157.0,-154.5,-153.0,-152.5,-157.0,-153.5,-149.0,-153.5,-150.5,-151.0,-155.0,-157.0,-157.0,-157.0,-157.0,-152.5,-150.0,-157.0,-157.0,-157.0,-157.0,-157.0,-156.0,-157.0,-157.0,-156.0,-154.5,-155.5,-153.0,-154.0,-154.0,-152.5,-155.0,-155.0,-156.5,-151.5,-152.5,-153.5,-157.0,-157.0,-156.0,-153.5,-157.0,-157.0,-157.0,-154.5,-156.0,-154.0,-154.5,-157.0,-155.5,-157.0,-155.5,-154.0,-151.5,-152.0,-157.0,-156.0,-156.0,-157.0,-157.0,-155.5,-156.0,-156.5,-157.0,-155.0,-151.5,-151.5,-157.0,-157.0,-156.5,-155.0,-157.0,-157.0,-157.0,-157.0,-151.5,-153.0,-153.5,-156.0,-157.0,-157.0,-157.0,-156.0,-157.0,-157.0,-157.0,-156.5,-153.0,-153.5,-157.0,-156.5,-157.0,-157.0,-157.0,-157.0,-153.0,-150.0,-155.0,-152.5,-153.0,-157.0,-157.0,-156.0,-151.0,-154.5,-156.5,-152.5,-157.0,-157.0,-156.5,-154.5,-156.5,-157.0,-157.0,-157.0,-157.0,-156.5,-157.0,-157.0,-157.0,-155.5,-157.0,-157.0,-157.0,-155.0,-157.0,-157.0,-157.0,-152.0,-153.0,-157.0,-157.0,-156.5,-156.5,-157.0,-157.0,-152.0,-157.0,-157.0,-156.5,-157.0,-157.0,-157.0,-156.5,-155.5,-152.5,-154.0,-153.0,-157.0,-156.0,-157.0,-157.0,-155.0
2026-01-17 14:24:09.216,143.049967,5,-77,-157.0,-157.0,-157.0,-157.0,-155.0,-153.0,-157.0,-157.0,-156.0,-157.0,-157.0,-157.0,-157.0,-157.0,-157.0,-149.5,-150.0,-153.5,-152.5,-153.0,-153.0,-157.0,-154.5,-157.0,-157.0,-157.0,-152.5,-154.0,-157.0,-157.0,-153.5,-157.0,-157.0,-154.5,-153.0,-153.0,-157.0,-157.0,-157.0,-157.0,-156.5,-156.5,-153.0,-157.0,-157.0,-156.0,-155.0,-153.0,-157.0,-156.0,-155.0,-157.0,-153.5,-157.0,-157.0,-157.0,-156.0,-154.5,-154.0,-152.0,-157.0,-157.0,-157.0,-152.0,-152.0,-157.0,-157.0,-157.0,-148.0,-148.5,-157.0,-152.0,-157.0,-155.0,-154.5,-155.0,-157.0,-157.0,-157.0,-157.0,-153.5,-157.0,-153.5,-152.5,-157.0,-155.5,-155.0,-152.0,-150.5,-155.5,-157.0,-153.5,-151.5,-157.0,-156.0,-157.0,-150.5,-153.5,-154.0,-157.0,-156.0,-157.0,-157.0,-157.0,-155.0,-157.0,-152.5,-152.5,-156.5,-153.0,-154.5,-157.0,-154.5,-154.0,-156.0,-155.5,-156.0,-155.0,-155.0,-157.0,-157.0,-157.0,-157.0,-157.0,-157.0,-157.0,-157.0,-157.0,-155.5,-157.0,-157.0,-157.0,-157.0,-157.0,-157.0,-157.0,-154.0,-157.0,-157.0,-156.0,-157.0,-157.0,-157.0,-157.0,-157.0,-156.5,-150.5,-155.0,-157.0,-151.5,-157.0,-153.5,-154.0,-154.5,-157.0,-157.0,-157.0,-157.0,-157.0,-157.0,-157.0,-157.0,-157.0,-156.5,-157.0,-151.0,-154.0,-157.0,-151.5,-151.5,-156.5,-157.0,-153.5,-154.0,-157.0,-157.0,-155.5,-153.0,-151.0,-151.5,-157.0,-155.0,-155.0,-155.0,-157.0,-157.0,-155.5,-157.0,-150.5,-151.5,-157.0,-157.0,-157.0,-157.0,-156.0,-155.5,-157.0,-157.0,-155.0,-155.5,-157.0,-155.0,-155.0,-155.0,-155.5,-153.0,-157.0,-152.0,-157.0,-155.0,-157.0,-157.0,-157.0,-156.5,-157.0,-157.0,-154.0,-152.0,-157.0,-157.0,-157.0,-157.0,-155.5,-157.0,-157.0,-154.5,-154.5,-151.5,-156.5,-154.0,-157.0,-156.0,-156.0,-153.0,-155.0,-154.5,-152.5,-157.0,-157.0,-157.0,-154.0,-152.5,-145.0,-145.5,-148.5,-154.0,-157.0,-157.0,-157.0,-157.0,-154.0,-157.0,-155.5,-151.5,-149.5,-155.0,-152.5,-149.0,-157.0,-157.0,-157.0,-154.5,-157.0,-157.0,-156.5,-157.0,-156.0,-152.0,-156.5,-157.0,-157.0,-157.0,-157.0,-157.0,-157.0,-153.5,-154.5,-157.0,-153.0,-153.5,-157.0,-157.0,-157.0,-152.5,-156.5,-157.0,-153.5,-155.5,-156.0,-157.0,-152.0,-152.0,-157.0,-156.5,-157.0,-154.5,-152.5,-154.5,-151.5,-153.0,-157.0,-157.0,-156.5,-157.0,-157.0,-157.0,-156.5,-157.0,-157.0,-157.0,-157.0,-157.0,-157.0,-157.0,-154.5,-150.5,-153.5,-157.0,-157.0,-152.5,-152.5,-157.0,-157.0,-154.0,-154.0,-155.0,-155.5,-152.0,-154.5,-153.5,-150.0,-154.5,-157.0,-157.0,-157.0,-157.0,-157.0,-150.5,-154.5,-157.0,-157.0,-157.0,-157.0,-156.5,-157.0,-157.0,-156.5,-155.5,-157.0,-157.0,-157.0,-153.5,-153.0,-156.5,-157.0,-155.0,-152.0,-153.5,-156.5,-157.0,-153.5,-150.5,-150.0,-155.5,-157.0,-157.0,-153.0,-153.0,-154.0,-151.0,-152.5,-150.0,-152.5,-155.0,-155.5,-155.0,-153.5,-157.0,-157.0,-157.0,-157.0,-157.0,-156.0,-157.0,-157.0,-157.0,-157.0,-151.5,-154.5,-152.0,-150.0,-154.0,-157.0,-157.0,-157.0,-155.5,-156.0,-152.0,-153.5,-153.5,-156.5,-157.0,-157.0,-153.5,-153.5,-157.0,-157.0,-157.0,-157.0,-154.5,-157.0,-154.5,-154.0,-157.0,-154.5,-154.5,-153.5,-150.5,-154.0,-155.0,-152.5,-154.5,-157.0,-157.0,-157.0,-151.5,-152.5,-156.0,-153.0,-157.0,-157.0,-157.0,-154.5,-155.0,-157.0,-157.0,-157.0,-157.0,-157.0,-157.0,-157.0,-157.0,-155.5,-157.0,-157.0,-157.0,-157.0,-157.0,-157.0,-157.0,-157.0,-155.0,-157.0,-157.0,-157.0,-157.0,-157.0,-157.0,-153.0,-153.5,-156.5,-154.0,-157.0,-157.0,-157.0,-154.0,-152.0,-152.5,-152.5,-152.0,-154.0,-157.0,-157.0,-157.0,-157.0
2026-01-17 14:24:09.244,143.049967,5,-77,-157.0,-157.0,-157.0,-157.0,-155.5,-153.0,-157.0,-157.0,-157.0,-157.0,-157.0,-157.0,-157.0,-157.0,-157.0,-152.0,-151.5,-156.5,-152.5,-153.0,-154.0,-157.0,-154.5,-153.5,-157.0,-157.0,-154.0,-156.0,-157.0,-153.0,-151.0,-157.0,-157.0,-157.0,-157.0,-157.0,-157.0,-157.0,-157.0,-157.0,-155.5,-156.0,-156.0,-157.0,-153.0,-150.0,-156.5,-157.0,-157.0,-157.0,-157.0,-157.0,-157.0,-157.0,-157.0,-157.0,-157.0,-157.0,-156.5,-154.5,-157.0,-157.0,-157.0,-151.5,-149.5,-156.5,-157.0,-156.0,-148.5,-150.0,-157.0,-154.5,-157.0,-157.0,-152.5,-156.0,-157.0,-157.0,-157.0,-154.5,-153.0,-155.5,-152.0,-155.0,-157.0,-157.0,-157.0,-157.0,-154.5,-157.0,-157.0,-157.0,-153.5,-155.0,-157.0,-157.0,-153.0,-156.0,-154.5,-157.0,-156.5,-157.0,-157.0,-156.5,-154.5,-157.0,-151.5,-154.5,-157.0,-155.5,-155.0,-157.0,-155.5,-153.5,-157.0,-157.0,-156.5,-157.0,-157.0,-157.0,-157.0,-157.0,-157.0,-157.0,-157.0,-157.0,-157.0,-155.5,-155.5,-157.0,-157.0,-157.0,-157.0,-153.5,-156.5,-155.5,-151.0,-157.0,-157.0,-153.5,-155.0,-157.0,-156.0,-154.0,-155.5,-152.0,-151.0,-155.5,-156.0,-154.5,-155.0,-157.0,-156.5,-153.5,-155.5,-157.0,-157.0,-157.0,-157.0,-157.0,-157.0,-157.0,-157.0,-157.0,-151.0,-149.5,-157.0,-155.0,-154.0,-153.0,-154.0,-155.5,-157.0,-153.0,-155.0,-157.0,-157.0,-151.5,-149.0,-150.0,-157.0,-157.0,-154.5,-153.0,-157.0,-157.0,-157.0,-157.0,-152.5,-151.5,-156.5,-157.0,-157.0,-157.0,-154.5,-156.0,-157.0,-157.0,-157.0,-155.5,-157.0,-150.5,-150.5,-157.0,-157.0,-154.5,-152.0,-152.0,-157.0,-155.5,-153.5,-157.0,-157.0,-153.0,-156.0,-154.5,-157.0,-152.5,-154.0,-157.0,-157.0,-156.5,-154.5,-157.0,-157.0,-156.0,-154.5,-151.5,-152.5,-151.5,-157.0,-156.0,-153.0,-155.0,-153.0,-157.0,-152.5,-157.0,-156.5,-155.0,-151.0,-150.5,-146.0,-148.0,-149.0,-157.0,-157.0,-157.0,-157.0,-155.0,-153.5,-156.0,-154.0,-148.5,-149.0,-157.0,-152.0,-149.0,-157.0,-157.0,-155.5,-157.0,-157.0,-157.0,-157.0,-157.0,-157.0,-156.0,-157.0,-157.0,-157.0,-157.0,-157.0,-157.0,-157.0,-155.0,-157.0,-157.0,-151.0,-153.0,-153.5,-157.0,-157.0,-153.5,-154.5,-157.0,-154.0,-156.5,-154.0,-155.0,-153.0,-151.0,-157.0,-157.0,-157.0,-155.0,-151.5,-157.0,-154.0,-154.0,-155.5,-157.0,-157.0,-157.0,-156.5,-157.0,-154.0,-154.5,-156.0,-154.0,-157.0,-157.0,-157.0,-157.0,-157.0,-155.5,-154.5,-157.0,-154.5,-157.0,-154.5,-157.0,-157.0,-157.0,-154.5,-151.0,-155.0,-157.0,-155.0,-153.5,-151.0,-155.0,-157.0,-157.0,-157.0,-157.0,-157.0,-154.5,-154.5,-157.0,-157.0,-155.5,-157.0,-154.5,-155.5,-157.0,-157.0,-157.0,-155.5,-157.0,-157.0,-157.0,-157.0,-156.5,-157.0,-156.5,-157.0,-155.0,-157.0,-157.0,-157.0,-150.0,-153.5,-153.5,-157.0,-153.5,-154.5,-152.0,-155.5,-152.5,-156.0,-148.5,-149.0,-154.0,-152.5,-154.0,-157.0,-157.0,-157.0,-157.0,-157.0,-152.0,-151.5,-155.5,-156.0,-157.0,-156.0,-154.5,-157.0,-147.5,-147.0,-150.5,-155.5,-155.0,-156.0,-154.0,-155.0,-156.0,-154.5,-152.5,-157.0,-157.0,-156.5,-156.5,-157.0,-157.0,-157.0,-157.0,-154.0,-153.0,-156.5,-153.0,-157.0,-157.0,-154.0,-152.5,-155.5,-150.5,-155.5,-152.5,-153.5,-157.0,-157.0,-157.0,-157.0,-157.0,-154.0,-157.0,-155.5,-157.0,-157.0,-157.0,-154.5,-154.5,-157.0,-157.0,-157.0,-154.5,-156.5,-156.5,-157.0,-153.5,-156.0,-157.0,-157.0,-157.0,-157.0,-155.5,-154.5,-156.0,-157.0,-157.0,-157.0,-157.0,-155.0,-152.5,-153.0,-154.5,-154.5,-154.5,-154.5,-153.5,-157.0,-157.0,-155.0,-155.0,-152.5,-151.0,-150.5,-154.5,-157.0,-157.0,-157.0,-157.0,-157.0
2026-01-17 14:24:09.280,143.049967,5,-77,-157.0,-157.0,-157.0,-157.0,-157.0,-154.5,-152.5,-157.0,-157.0,-157.0,-157.0,-157.0,-155.0,-157.0,-157.0,-153.5,-155.0,-157.0,-153.5,-152.5,-155.0,-157.0,-157.0,-155.5,-157.0,-157.0,-157.0,-157.0,-157.0,-150.5,-150.0,-157.0,-157.0,-157.0,-157.0,-154.0,-157.0,-157.0,-157.0,-157.0,-156.0,-157.0,-157.0,-157.0,-153.5,-150.5,-156.0,-157.0,-157.0,-156.0,-155.5,-157.0,-155.0,-157.0,-157.0,-157.0,-157.0,-155.5,-157.0,-157.0,-157.0,-157.0,-157.0,-152.5,-151.0,-157.0,-157.0,-157.0,-154.5,-157.0,-157.0,-157.0,-157.0,-152.5,-152.0,-157.0,-157.0,-157.0,-157.0,-151.5,-153.0,-156.5,-153.0,-157.0,-157.0,-157.0,-157.0,-157.0,-157.0,-157.0,-157.0,-157.0,-157.0,-157.0,-155.0,-152.5,-157.0,-157.0,-157.0,-157.0,-156.5,-157.0,-152.0,-149.5,-152.5,-154.5,-155.0,-154.5,-157.0,-157.0,-157.0,-157.0,-157.0,-156.5,-157.0,-156.5,-157.0,-156.0,-157.0,-157.0,-156.5,-156.0,-154.5,-157.0,-157.0,-155.5,-157.0,-154.5,-157.0,-157.0,-157.0,-155.0,-153.5,-153.0,-152.5,-154.5,-151.0,-155.0,-157.0,-155.5,-156.5,-155.0,-154.0,-155.0,-155.0,-152.0,-154.0,-157.0,-157.0,-157.0,-157.0,-157.0,-156.0,-157.0,-157.0,-157.0,-157.0,-157.0,-157.0,-157.0,-157.0,-157.0,-157.0,-157.0,-152.0,-152.5,-157.0,-153.0,-153.0,-157.0,-154.0,-154.5,-157.0,-156.0,-157.0,-157.0,-157.0,-156.5,-152.5,-153.5,-157.0,-157.0,-157.0,-155.5,-157.0,-157.0,-157.0,-157.0,-157.0,-155.5,-157.0,-157.0,-156.5,-157.0,-153.5,-153.0,-155.0,-157.0,-157.0,-156.0,-152.0,-151.5,-151.0,-157.0,-157.0,-155.0,-151.0,-150.0,-153.0,-157.0,-155.5,-157.0,-156.0,-153.0,-154.0,-151.5,-153.5,-154.5,-154.0,-157.0,-157.0,-155.5,-156.0,-157.0,-157.0,-157.0,-155.5,-157.0,-153.5,-153.5,-157.0,-157.0,-152.0,-156.5,-152.0,-157.0,-152.0,-155.5,-153.5,-156.5,-152.0,-155.0,-145.5,-145.0,-149.0,-156.0,-157.0,-157.0,-157.0,-153.0,-153.0,-156.5,-153.0,-149.0,-151.5,-155.0,-150.0,-150.0,-154.5,-153.0,-152.5,-157.0,-157.0,-156.5,-155.5,-157.0,-157.0,-156.0,-157.0,-157.0,-157.0,-157.0,-157.0,-155.5,-157.0,-156.0,-157.0,-155.0,-151.0,-157.0,-154.0,-156.0,-152.0,-152.0,-156.5,-157.0,-157.0,-156.5,-153.5,-155.5,-157.0,-155.0,-157.0,-157.0,-157.0,-154.5,-154.5,-157.0,-157.0,-157.0,-156.5,-154.0,-154.0,-157.0,-153.0,-152.5,-153.0,-155.5,-157.0,-153.0,-157.0,-157.0,-157.0,-157.0,-157.0,-157.0,-157.0,-157.0,-155.5,-157.0,-156.0,-157.0,-157.0,-157.0,-154.0,-152.5,-157.0,-157.0,-153.5,-152.5,-152.0,-154.0,-157.0,-157.0,-157.0,-157.0,-153.5,-156.5,-154.0,-153.0,-157.0,-155.0,-157.0,-156.0,-154.5,-157.0,-157.0,-156.0,-155.0,-157.0,-157.0,-157.0,-157.0,-154.0,-156.5,-157.0,-157.0,-156.5,-156.0,-157.0,-157.0,-150.5,-152.5,-151.0,-154.0,-153.0,-153.0,-154.0,-157.0,-157.0,-157.0,-153.5,-152.5,-156.0,-155.0,-155.5,-157.0,-157.0,-154.0,-152.5,-155.0,-152.5,-153.5,-153.0,-156.5,-157.0,-156.0,-156.5,-157.0,-149.5,-151.5,-151.5,-155.0,-157.0,-157.0,-155.0,-157.0,-157.0,-157.0,-153.0,-157.0,-157.0,-157.0,-157.0,-157.0,-155.5,-157.0,-156.0,-153.5,-155.0,-149.5,-150.0,-157.0,-157.0,-152.5,-152.0,-157.0,-151.5,-150.5,-155.0,-155.5,-157.0,-156.0,-157.0,-157.0,-157.0,-153.0,-157.0,-157.0,-157.0,-157.0,-157.0,-155.5,-153.0,-155.0,-153.5,-154.0,-153.0,-154.0,-155.5,-155.5,-152.5,-157.0,-156.0,-157.0,-157.0,-155.5,-157.0,-153.0,-153.5,-157.0,-157.0,-157.0,-155.0,-155.0,-150.5,-151.0,-157.0,-157.0,-157.0,-157.0,-153.0,-157.0,-157.0,-157.0,-157.0,-154.5,-155.0,-156.5,-157.0,-157.0,-155.0,-156.0,-157.0,-154.5
2026-01-17 14:24:09.313,143.049967,5,-77,-157.0,-157.0,-154.5,-154.5,-157.0,-151.5,-150.0,-157.0,-156.5,-152.5,-153.5,-153.5,-150.5,-156.5,-154.0,-153.0,-155.5,-157.0,-157.0,-155.0,-152.5,-157.0,-157.0,-157.0,-157.0,-156.0,-157.0,-157.0,-155.5,-153.0,-156.5,-157.0,-157.0,-157.0,-157.0,-151.5,-152.5,-156.5,-157.0,-156.0,-156.5,-157.0,-157.0,-157.0,-157.0,-157.0,-157.0,-156.0,-156.0,-157.0,-157.0,-154.5,-151.0,-157.0,-157.0,-157.0,-157.0,-155.0,-157.0,-157.0,-157.0,-157.0,-157.0,-157.0,-154.0,-157.0,-157.0,-157.0,-157.0,-157.0,-157.0,-157.0,-157.0,-152.0,-153.5,-157.0,-157.0,-157.0,-155.5,-154.5,-156.5,-157.0,-154.5,-157.0,-156.0,-155.5,-155.0,-154.5,-155.0,-157.0,-157.0,-157.0,-157.0,-157.0,-151.0,-151.0,-157.0,-157.0,-157.0,-157.0,-155.0,-157.0,-155.0,-149.0,-153.5,-155.5,-157.0,-155.5,-157.0,-157.0,-157.0,-156.5,-157.0,-156.5,-157.0,-154.5,-153.5,-157.0,-157.0,-157.0,-155.5,-151.0,-152.0,-157.0,-153.5,-152.0,-153.5,-151.5,-155.0,-157.0,-157.0,-154.0,-153.5,-157.0,-156.0,-156.5,-153.5,-155.5,-157.0,-157.0,-156.5,-154.5,-156.0,-157.0,-157.0,-155.0,-153.5,-154.5,-157.0,-157.0,-157.0,-157.0,-155.5,-157.0,-156.0,-154.0,-155.0,-157.0,-155.0,-154.0,-155.0,-157.0,-157.0,-157.0,-153.5,-154.5,-153.5,-153.0,-154.0,-157.0,-155.5,-157.0,-157.0,-157.0,-157.0,-157.0,-157.0,-157.0,-155.5,-157.0,-157.0,-157.0,-157.0,-156.0,-155.5,-157.0,-157.0,-157.0,-157.0,-157.0,-157.0,-157.0,-155.5,-156.5,-157.0,-152.5,-153.5,-155.5,-157.0,-157.0,-150.5,-151.0,-155.0,-157.0,-157.0,-156.5,-155.0,-153.0,-153.0,-157.0,-157.0,-156.5,-154.5,-155.0,-155.0,-152.0,-151.0,-156.5,-154.0,-157.0,-155.0,-154.5,-157.0,-152.0,-151.5,-157.0,-156.0,-157.0,-157.0,-157.0,-150.5,-150.5,-151.0,-152.0,-152.0,-152.5,-153.0,-157.0,-155.0,-153.0,-150.0,-152.5,-146.5,-145.5,-156.0,-157.0,-157.0,-155.0,-155.0,-155.0,-157.0,-154.0,-155.5,-153.0,-157.0,-157.0,-152.0,-151.0,-153.0,-155.5,-153.0,-157.0,-157.0,-153.5,-153.5,-157.0,-157.0,-155.5,-153.0,-157.0,-157.0,-157.0,-157.0,-156.5,-157.0,-156.5,-155.5,-154.5,-150.5,-150.0,-157.0,-151.5,-153.5,-151.0,-157.0,-157.0,-157.0,-153.5,-153.0,-154.5,-157.0,-157.0,-157.0,-156.5,-157.0,-157.0,-156.0,-157.0,-157.0,-154.5,-154.0,-151.5,-151.0,-157.0,-157.0,-156.0,-156.0,-157.0,-157.0,-154.0,-157.0,-157.0,-157.0,-157.0,-157.0,-157.0,-157.0,-157.0,-156.5,-157.0,-156.0,-157.0,-157.0,-157.0,-157.0,-155.0,-157.0,-157.0,-157.0,-153.5,-152.0,-153.0,-157.0,-157.0,-157.0,-157.0,-153.0,-152.0,-155.5,-151.5,-154.5,-154.0,-157.0,-157.0,-155.0,-156.5,-155.0,-152.0,-154.5,-156.0,-157.0,-157.0,-157.0,-155.5,-157.0,-157.0,-155.0,-157.0,-155.5,-157.0,-157.0,-152.0,-155.0,-152.0,-154.0,-155.0,-153.5,-156.0,-157.0,-157.0,-157.0,-157.0,-157.0,-157.0,-157.0,-157.0,-157.0,-157.0,-156.0,-153.5,-157.0,-157.0,-157.0,-153.5,-157.0,-157.0,-157.0,-157.0,-157.0,-154.5,-157.0,-152.5,-155.5,-157.0,-157.0,-157.0,-157.0,-157.0,-154.5,-149.5,-157.0,-157.0,-157.0,-156.0,-155.0,-157.0,-157.0,-156.0,-157.0,-157.0,-149.0,-152.5,-157.0,-157.0,-155.0,-152.5,-157.0,-156.0,-155.0,-156.5,-157.0,-157.0,-152.0,-152.0,-157.0,-152.0,-153.0,-157.0,-157.0,-157.0,-157.0,-157.0,-157.0,-152.0,-154.0,-152.0,-152.5,-152.5,-154.0,-154.5,-157.0,-154.5,-157.0,-155.5,-157.0,-157.0,-155.5,-157.0,-156.5,-154.5,-156.0,-157.0,-154.5,-155.0,-155.0,-151.5,-151.0,-157.0,-157.0,-157.0,-157.0,-154.5,-155.5,-157.0,-157.0,-157.0,-155.5,-157.0,-157.0,-155.5,-155.5,-153.5,-156.5,-157.0,-156.0
2026-01-17 14:24:09.344,143.049967,5,-77,-157.0,-157.0,-156.0,-154.0,-153.5,-153.5,-151.5,-155.0,-157.0,-155.0,-153.5,-151.0,-150.0,-155.0,-154.0,-157.0,-154.5,-154.5,-155.0,-153.0,-150.0,-154.0,-157.0,-157.0,-156.5,-155.0,-157.0,-157.0,-157.0,-157.0,-157.0,-157.0,-156.5,-157.0,-157.0,-150.5,-151.0,-153.5,-157.0,-157.0,-155.0,-157.0,-153.5,-155.5,-157.0,-157.0,-157.0,-155.0,-155.5,-157.0,-157.0,-151.5,-152.5,-157.0,-157.0,-157.0,-155.5,-157.0,-157.0,-157.0,-157.0,-157.0,-157.0,-157.0,-153.0,-153.5,-157.0,-157.0,-157.0,-157.0,-157.0,-157.0,-157.0,-155.0,-153.0,-157.0,-153.5,-154.5,-157.0,-157.0,-157.0,-157.0,-155.5,-156.0,-155.5,-153.5,-154.0,-154.0,-152.5,-154.0,-157.0,-157.0,-157.0,-155.5,-151.0,-152.5,-157.0,-157.0,-157.0,-154.5,-151.0,-154.0,-154.0,-152.0,-154.0,-156.0,-155.5,-157.0,-157.0,-154.0,-155.0,-155.0,-157.0,-157.0,-156.0,-157.0,-152.5,-157.0,-157.0,-157.0,-154.0,-151.5,-153.5,-157.0,-154.0,-155.5,-156.0,-152.5,-155.5,-153.5,-157.0,-157.0,-155.0,-157.0,-157.0,-157.0,-156.0,-157.0,-157.0,-157.0,-155.5,-155.0,-157.0,-157.0,-156.5,-157.0,-157.0,-156.5,-157.0,-155.0,-156.0,-157.0,-157.0,-157.0,-152.5,-151.0,-156.5,-157.0,-156.0,-154.0,-157.0,-157.0,-153.5,-155.0,-155.0,-152.5,-152.5,-152.5,-157.0,-157.0,-156.5,-157.0,-157.0,-157.0,-154.0,-155.5,-157.0,-154.0,-153.5,-156.0,-157.0,-152.5,-152.5,-157.0,-156.5,-157.0,-157.0,-157.0,-157.0,-157.0,-155.5,-157.0,-156.5,-157.0,-157.0,-155.0,-151.0,-150.5,-152.5,-157.0,-154.5,-154.0,-157.0,-157.0,-157.0,-155.0,-154.5,-155.0,-157.0,-157.0,-157.0,-154.5,-156.0,-157.0,-157.0,-155.5,-154.0,-153.5,-151.5,-155.0,-156.0,-152.5,-155.0,-151.0,-150.0,-156.5,-157.0,-156.0,-153.5,-155.0,-148.5,-152.0,-152.5,-150.5,-156.5,-154.0,-153.5,-156.5,-155.0,-150.5,-148.5,-148.0,-149.0,-149.0,-157.0,-157.0,-154.0,-153.5,-152.0,-157.0,-157.0,-155.5,-156.0,-153.5,-157.0,-156.5,-157.0,-155.5,-153.0,-154.0,-156.5,-157.0,-157.0,-154.5,-157.0,-157.0,-155.0,-157.0,-151.5,-157.0,-157.0,-157.0,-157.0,-156.5,-155.5,-157.0,-157.0,-155.5,-150.0,-150.0,-154.0,-150.5,-152.5,-151.5,-156.5,-157.0,-153.0,-152.0,-150.5,-151.0,-155.0,-155.5,-154.0,-154.0,-157.0,-157.0,-155.0,-157.0,-157.0,-153.0,-156.5,-156.5,-154.0,-157.0,-157.0,-157.0,-155.5,-154.5,-157.0,-153.5,-157.0,-153.0,-154.0,-155.0,-157.0,-153.0,-154.0,-157.0,-156.0,-157.0,-157.0,-157.0,-157.0,-157.0,-157.0,-153.5,-154.5,-157.0,-157.0,-154.0,-154.5,-155.0,-157.0,-157.0,-157.0,-157.0,-157.0,-154.5,-154.5,-152.5,-157.0,-155.0,-154.5,-155.5,-154.0,-155.0,-155.5,-151.0,-152.5,-156.0,-157.0,-157.0,-157.0,-157.0,-157.0,-155.0,-153.0,-157.0,-157.0,-157.0,-153.0,-151.0,-157.0,-157.0,-157.0,-157.0,-157.0,-152.5,-157.0,-157.0,-157.0,-157.0,-157.0,-157.0,-156.5,-157.0,-157.0,-157.0,-157.0,-157.0,-157.0,-156.5,-155.0,-152.5,-157.0,-157.0,-157.0,-157.0,-156.5,-157.0,-157.0,-155.5,-157.0,-157.0,-157.0,-157.0,-156.5,-157.0,-150.0,-147.5,-157.0,-157.0,-157.0,-154.0,-152.5,-157.0,-157.0,-156.0,-157.0,-154.0,-152.5,-156.5,-157.0,-157.0,-154.5,-155.0,-157.0,-157.0,-157.0,-157.0,-157.0,-157.0,-154.0,-152.5,-157.0,-151.0,-157.0,-157.0,-157.0,-157.0,-157.0,-157.0,-157.0,-155.0,-157.0,-152.5,-156.0,-154.0,-156.5,-154.5,-157.0,-157.0,-157.0,-157.0,-156.5,-157.0,-156.5,-157.0,-155.0,-157.0,-157.0,-155.0,-154.0,-157.0,-157.0,-155.0,-152.5,-157.0,-154.5,-157.0,-157.0,-157.0,-157.0,-156.0,-155.5,-157.0,-157.0,-157.0,-156.5,-155.5,-155.0,-157.0,-157.0,-157.0,-157.0
2026-01-17 14:24:09.379,143.049967,5,-77,-157.0,-157.0,-157.0,-156.0,-152.0,-157.0,-154.0,-154.0,-157.0,-157.0,-154.0,-156.0,-156.0,-157.0,-157.0,-157.0,-154.5,-152.0,-152.0,-154.0,-149.5,-151.5,-157.0,-155.5,-157.0,-156.5,-157.0,-153.5,-153.5,-153.5,-157.0,-157.0,-156.0,-156.5,-155.0,-153.0,-156.5,-157.0,-157.0,-157.0,-155.5,-156.5,-153.0,-157.0,-157.0,-157.0,-155.0,-157.0,-157.0,-157.0,-157.0,-155.0,-155.5,-153.5,-152.5,-157.0,-155.0,-157.0,-157.0,-157.0,-157.0,-157.0,-157.0,-157.0,-153.0,-152.5,-157.0,-156.0,-157.0,-157.0,-155.0,-153.5,-157.0,-157.0,-152.0,-157.0,-154.5,-156.5,-157.0,-157.0,-157.0,-157.0,-157.0,-155.5,-156.0,-155.0,-157.0,-157.0,-153.5,-154.0,-157.0,-157.0,-157.0,-153.5,-155.5,-157.0,-154.5,-152.5,-157.0,-152.5,-151.5,-154.5,-155.0,-154.0,-155.0,-152.5,-153.0,-157.0,-155.5,-154.5,-154.5,-155.5,-154.5,-156.5,-155.5,-157.0,-156.5,-157.0,-157.0,-157.0,-157.0,-157.0,-157.0,-157.0,-156.0,-156.0,-156.0,-153.0,-157.0,-152.5,-155.0,-157.0,-156.5,-156.5,-157.0,-157.0,-157.0,-157.0,-157.0,-157.0,-154.5,-157.0,-156.0,-156.0,-157.0,-157.0,-157.0,-157.0,-154.5,-151.0,-152.5,-157.0,-157.0,-157.0,-157.0,-155.0,-157.0,-156.5,-157.0,-155.5,-155.5,-157.0,-152.5,-157.0,-157.0,-152.5,-154.0,-152.0,-157.0,-157.0,-156.5,-157.0,-157.0,-154.5,-153.5,-156.5,-152.5,-152.0,-156.0,-156.0,-157.0,-154.0,-156.5,-157.0,-157.0,-157.0,-156.0,-157.0,-157.0,-156.0,-154.0,-157.0,-157.0,-157.0,-157.0,-157.0,-153.5,-151.0,-154.5,-152.0,-154.5,-157.0,-157.0,-157.0,-154.0,-154.5,-154.5,-157.0,-157.0,-157.0,-157.0,-156.5,-157.0,-157.0,-157.0,-157.0,-157.0,-157.0,-152.0,-156.0,-157.0,-151.5,-157.0,-155.0,-153.0,-157.0,-156.0,-153.5,-150.5,-150.5,-147.0,-157.0,-151.5,-151.5,-157.0,-157.0,-154.0,-155.5,-153.5,-151.5,-154.0,-151.0,-146.0,-147.5,-156.0,-155.0,-155.0,-155.5,-151.0,-157.0,-157.0,-157.0,-157.0,-152.5,-152.0,-154.5,-157.0,-157.0,-154.0,-152.0,-157.0,-157.0,-157.0,-157.0,-157.0,-156.5,-155.0,-152.5,-150.5,-157.0,-154.5,-157.0,-157.0,-153.0,-151.0,-157.0,-157.0,-157.0,-153.5,-156.0,-157.0,-152.5,-152.5,-150.5,-156.0,-157.0,-157.0,-157.0,-155.5,-153.5,-153.5,-154.0,-153.0,-153.5,-154.5,-157.0,-156.0,-157.0,-153.5,-154.5,-157.0,-157.0,-157.0,-157.0,-157.0,-157.0,-151.5,-152.0,-157.0,-153.0,-155.5,-151.0,-153.0,-153.5,-157.0,-152.0,-152.0,-157.0,-157.0,-157.0,-157.0,-157.0,-156.5,-157.0,-157.0,-152.5,-151.5,-157.0,-157.0,-152.0,-157.0,-157.0,-157.0,-157.0,-155.5,-155.5,-157.0,-157.0,-157.0,-154.0,-154.0,-157.0,-153.0,-156.5,-157.0,-157.0,-154.0,-152.5,-155.0,-155.5,-157.0,-154.0,-156.0,-157.0,-156.0,-154.5,-156.0,-157.0,-155.0,-154.0,-156.5,-155.0,-153.5,-157.0,-157.0,-157.0,-157.0,-152.0,-153.0,-157.0,-157.0,-157.0,-155.0,-157.0,-157.0,-157.0,-157.0,-154.0,-153.0,-157.0,-157.0,-152.5,-151.0,-152.0,-157.0,-157.0,-157.0,-157.0,-155.5,-157.0,-157.0,-157.0,-157.0,-157.0,-157.0,-156.0,-157.0,-157.0,-149.5,-149.0,-154.5,-153.0,-157.0,-157.0,-157.0,-157.0,-157.0,-154.5,-155.0,-154.5,-157.0,-157.0,-155.0,-156.0,-153.5,-157.0,-155.5,-157.0,-157.0,-157.0,-157.0,-157.0,-157.0,-155.0,-156.0,-150.5,-157.0,-156.5,-157.0,-157.0,-155.0,-157.0,-156.0,-154.0,-157.0,-156.5,-156.0,-157.0,-155.0,-153.5,-157.0,-157.0,-156.5,-157.0,-153.5,-154.0,-157.0,-157.0,-153.0,-155.0,-157.0,-157.0,-156.5,-154.0,-157.0,-153.5,-151.5,-154.5,-153.5,-157.0,-157.0,-157.0,-157.0,-157.0,-153.0,-157.0,-157.0,-157.0,-157.0,-156.5,-155.5,-157.0,-157.0,-157.0,-157.0
2026-01-17 14:24:09.410,143.049967,5,-77,-157.0,-157.0,-157.0,-157.0,-154.0,-157.0,-156.5,-157.0,-154.5,-153.5,-154.5,-157.0,-157.0,-157.0,-157.0,-157.0,-157.0,-157.0,-157.0,-155.0,-153.5,-154.0,-157.0,-153.0,-157.0,-157.0,-153.5,-152.0,-152.0,-152.0,-157.0,-157.0,-155.5,-156.0,-153.5,-157.0,-155.0,-157.0,-156.0,-157.0,-157.0,-155.0,-157.0,-157.0,-157.0,-154.5,-152.5,-157.0,-157.0,-157.0,-157.0,-157.0,-157.0,-153.5,-152.5,-157.0,-156.0,-157.0,-157.0,-157.0,-157.0,-157.0,-156.0,-154.0,-154.0,-157.0,-157.0,-155.5,-157.0,-157.0,-155.5,-153.5,-156.0,-156.0,-151.0,-153.5,-157.0,-157.0,-157.0,-157.0,-157.0,-155.5,-157.0,-157.0,-153.0,-157.0,-156.5,-157.0,-153.5,-157.0,-157.0,-157.0,-155.5,-156.0,-157.0,-156.5,-150.5,-148.5,-157.0,-154.0,-154.0,-157.0,-157.0,-157.0,-154.5,-153.5,-154.0,-152.5,-152.5,-155.5,-155.5,-157.0,-152.0,-154.5,-155.5,-155.5,-156.5,-157.0,-157.0,-157.0,-157.0,-157.0,-157.0,-157.0,-157.0,-156.0,-151.0,-149.5,-155.5,-156.0,-155.0,-157.0,-156.5,-156.0,-157.0,-157.0,-152.5,-152.0,-157.0,-157.0,-153.5,-155.0,-154.5,-157.0,-157.0,-157.0,-157.0,-155.5,-153.5,-152.0,-156.0,-157.0,-157.0,-157.0,-157.0,-157.0,-157.0,-153.5,-157.0,-153.0,-152.0,-156.5,-156.0,-156.0,-153.0,-153.5,-152.5,-150.0,-153.5,-155.5,-153.5,-157.0,-157.0,-155.5,-157.0,-155.5,-151.0,-155.0,-157.0,-157.0,-157.0,-156.5,-157.0,-157.0,-157.0,-157.0,-155.5,-157.0,-156.5,-154.5,-156.0,-157.0,-157.0,-157.0,-154.0,-157.0,-157.0,-155.5,-157.0,-153.0,-155.0,-157.0,-157.0,-156.5,-157.0,-156.0,-156.0,-157.0,-157.0,-157.0,-157.0,-157.0,-157.0,-157.0,-156.0,-157.0,-157.0,-157.0,-152.5,-157.0,-151.0,-150.0,-156.0,-156.5,-157.0,-157.0,-153.0,-150.5,-150.5,-155.0,-147.5,-152.0,-156.0,-155.5,-157.0,-157.0,-157.0,-154.5,-156.0,-154.0,-157.0,-157.0,-146.0,-146.5,-151.0,-157.0,-152.0,-150.5,-149.5,-155.5,-157.0,-157.0,-157.0,-157.0,-153.5,-157.0,-157.0,-157.0,-155.5,-156.0,-155.0,-157.0,-157.0,-153.0,-153.0,-152.5,-156.0,-154.5,-154.5,-155.0,-156.0,-153.5,-154.5,-151.0,-151.5,-157.0,-154.0,-157.0,-157.0,-157.0,-157.0,-157.0,-155.5,-149.5,-157.0,-157.0,-157.0,-157.0,-157.0,-155.0,-155.5,-157.0,-156.0,-157.0,-157.0,-156.5,-157.0,-157.0,-155.0,-157.0,-157.0,-157.0,-157.0,-157.0,-156.0,-155.5,-153.5,-154.0,-157.0,-156.0,-157.0,-155.0,-153.0,-151.5,-156.0,-154.5,-152.5,-157.0,-157.0,-156.5,-157.0,-157.0,-155.5,-157.0,-157.0,-157.0,-152.0,-156.0,-150.0,-150.5,-157.0,-157.0,-157.0,-157.0,-157.0,-157.0,-157.0,-157.0,-157.0,-156.5,-155.5,-157.0,-156.0,-157.0,-157.0,-157.0,-152.5,-155.5,-155.5,-157.0,-157.0,-152.5,-154.0,-157.0,-154.5,-154.0,-157.0,-153.5,-150.5,-152.0,-157.0,-157.0,-153.0,-153.5,-156.5,-156.0,-156.5,-155.5,-154.0,-157.0,-156.5,-155.0,-152.0,-153.0,-157.0,-155.5,-157.0,-152.5,-154.0,-157.0,-157.0,-154.5,-155.5,-157.0,-157.0,-156.5,-157.0,-157.0,-157.0,-157.0,-157.0,-157.0,-157.0,-157.0,-154.5,-155.0,-157.0,-156.0,-152.0,-152.5,-155.0,-152.0,-157.0,-157.0,-157.0,-157.0,-157.0,-153.5,-157.0,-156.0,-154.5,-155.5,-157.0,-157.0,-155.5,-157.0,-154.0,-157.0,-157.0,-155.5,-157.0,-157.0,-157.0,-155.5,-150.0,-149.5,-157.0,-155.5,-157.0,-150.5,-150.5,-156.0,-148.0,-149.5,-157.0,-157.0,-154.0,-157.0,-154.0,-152.5,-151.5,-156.5,-157.0,-157.0,-152.0,-153.0,-157.0,-157.0,-154.5,-157.0,-157.0,-157.0,-157.0,-153.5,-157.0,-152.5,-152.5,-157.0,-154.0,-157.0,-157.0,-155.5,-155.5,-157.0,-154.0,-157.0,-157.0,-157.0,-157.0,-157.0,-157.0,-156.5,-156.0,-157.0,-155.5
2026-01-17 14:24:09.444,143.049967,5,-77,-157.0,-157.0,-157.0,-157.0,-157.0,-157.0,-157.0,-157.0,-152.5,-154.0,-157.0,-155.5,-154.0,-153.0,-157.0,-157.0,-157.0,-157.0,-157.0,-157.0,-157.0,-157.0,-154.5,-152.0,-157.0,-156.5,-153.0,-156.0,-157.0,-155.5,-157.0,-157.0,-153.5,-157.0,-156.0,-154.5,-151.0,-153.5,-155.5,-155.5,-156.0,-157.0,-157.0,-157.0,-157.0,-153.0,-152.5,-157.0,-157.0,-157.0,-157.0,-157.0,-157.0,-157.0,-156.0,-157.0,-157.0,-157.0,-157.0,-153.0,-153.0,-157.0,-153.0,-153.0,-154.0,-151.5,-155.5,-155.0,-157.0,-157.0,-157.0,-154.5,-156.5,-156.5,-155.0,-156.5,-157.0,-157.0,-157.0,-157.0,-157.0,-157.0,-157.0,-157.0,-152.5,-157.0,-154.5,-157.0,-151.5,-152.5,-152.5,-156.0,-155.0,-157.0,-157.0,-154.5,-157.0,-150.0,-156.0,-156.5,-154.5,-157.0,-154.0,-155.5,-154.5,-155.5,-155.0,-152.5,-155.5,-157.0,-157.0,-157.0,-153.5,-154.5,-157.0,-153.5,-157.0,-157.0,-155.5,-155.5,-157.0,-157.0,-157.0,-157.0,-157.0,-156.0,-151.5,-152.5,-154.5,-154.0,-153.5,-155.0,-157.0,-156.5,-154.5,-151.5,-150.0,-150.5,-155.5,-154.0,-155.5,-155.0,-154.5,-156.5,-157.0,-157.0,-157.0,-157.0,-157.0,-156.5,-157.0,-157.0,-151.5,-155.5,-157.0,-156.0,-156.5,-152.0,-153.5,-153.5,-157.0,-157.0,-157.0,-153.5,-155.0,-157.0,-155.0,-150.5,-150.5,-153.0,-153.0,-157.0,-157.0,-157.0,-157.0,-157.0,-153.0,-157.0,-157.0,-157.0,-157.0,-157.0,-157.0,-157.0,-157.0,-156.5,-157.0,-154.0,-157.0,-157.0,-157.0,-157.0,-157.0,-153.5,-150.5,-157.0,-157.0,-157.0,-157.0,-157.0,-156.5,-157.0,-157.0,-155.5,-157.0,-154.5,-154.0,-157.0,-156.0,-156.5,-157.0,-157.0,-157.0,-157.0,-152.5,-154.5,-157.0,-157.0,-151.0,-151.5,-150.0,-154.0,-157.0,-156.5,-157.0,-155.0,-156.0,-152.5,-152.0,-155.0,-149.0,-154.5,-157.0,-157.0,-157.0,-157.0,-157.0,-157.0,-155.5,-154.0,-157.0,-157.0,-146.0,-146.5,-149.0,-152.0,-151.5,-154.5,-151.0,-154.0,-151.5,-157.0,-154.5,-155.5,-153.5,-156.0,-157.0,-155.5,-153.0,-153.5,-155.0,-157.0,-157.0,-151.0,-152.5,-149.5,-150.5,-157.0,-157.0,-157.0,-157.0,-154.0,-152.0,-152.0,-157.0,-157.0,-153.0,-156.0,-157.0,-157.0,-157.0,-157.0,-152.5,-152.0,-156.5,-157.0,-157.0,-157.0,-157.0,-157.0,-157.0,-156.5,-153.0,-155.5,-157.0,-157.0,-157.0,-157.0,-156.5,-155.5,-157.0,-157.0,-157.0,-156.0,-156.0,-157.0,-157.0,-155.0,-157.0,-157.0,-157.0,-157.0,-156.0,-153.5,-156.0,-155.0,-154.5,-157.0,-155.0,-153.5,-155.5,-154.0,-154.5,-156.0,-153.5,-157.0,-152.0,-156.0,-151.5,-151.5,-157.0,-153.5,-151.5,-157.0,-157.0,-157.0,-157.0,-157.0,-157.0,-157.0,-157.0,-157.0,-157.0,-157.0,-157.0,-157.0,-155.5,-157.0,-156.0,-157.0,-153.5,-153.0,-157.0,-157.0,-152.5,-152.0,-153.5,-155.5,-152.0,-156.0,-157.0,-157.0,-157.0,-157.0,-157.0,-156.5,-157.0,-154.0,-153.5,-154.5,-156.0,-153.5,-154.5,-152.5,-156.0,-153.0,-156.0,-154.5,-156.5,-157.0,-157.0,-156.0,-157.0,-157.0,-153.5,-157.0,-157.0,-157.0,-157.0,-157.0,-157.0,-156.5,-157.0,-157.0,-154.5,-157.0,-152.5,-156.5,-154.5,-157.0,-157.0,-153.5,-156.5,-157.0,-157.0,-157.0,-153.5,-152.5,-153.5,-155.5,-155.5,-152.0,-157.0,-157.0,-157.0,-157.0,-154.5,-157.0,-157.0,-156.0,-157.0,-157.0,-157.0,-155.0,-152.5,-153.5,-157.0,-154.0,-154.0,-153.0,-152.0,-157.0,-146.5,-147.0,-156.5,-157.0,-152.5,-154.0,-153.5,-154.5,-149.5,-155.5,-157.0,-157.0,-154.0,-154.0,-157.0,-157.0,-157.0,-157.0,-157.0,-156.0,-157.0,-157.0,-157.0,-157.0,-157.0,-157.0,-154.5,-157.0,-155.5,-157.0,-156.5,-157.0,-156.0,-155.5,-155.5,-157.0,-157.0,-157.0,-155.0,-155.5,-155.5,-157.0,-157.0
2026-01-17 14:24:09.479,143.049967,5,-77,-157.0,-157.0,-157.0,-157.0,-157.0,-157.0,-157.0,-156.5,-155.0,-157.0,-154.0,-152.5,-154.0,-151.0,-157.0,-155.0,-153.5,-151.5,-153.5,-154.0,-156.0,-157.0,-157.0,-152.5,-156.5,-155.0,-154.0,-155.5,-157.0,-157.0,-155.0,-154.0,-154.0,-157.0,-157.0,-152.0,-150.5,-157.0,-157.0,-157.0,-155.5,-157.0,-156.0,-154.0,-155.0,-157.0,-157.0,-157.0,-157.0,-157.0,-157.0,-157.0,-157.0,-157.0,-157.0,-157.0,-157.0,-157.0,-157.0,-153.0,-153.5,-154.5,-151.0,-153.5,-155.0,-149.5,-150.5,-156.5,-157.0,-157.0,-157.0,-154.5,-157.0,-157.0,-157.0,-157.0,-157.0,-157.0,-157.0,-157.0,-157.0,-157.0,-157.0,-157.0,-154.0,-157.0,-153.5,-156.0,-152.0,-149.5,-155.5,-155.0,-156.0,-157.0,-157.0,-156.5,-157.0,-155.5,-157.0,-157.0,-154.0,-155.0,-152.5,-154.5,-155.5,-157.0,-155.5,-157.0,-157.0,-157.0,-157.0,-156.0,-154.5,-157.0,-156.5,-153.5,-155.5,-157.0,-157.0,-157.0,-157.0,-157.0,-157.0,-157.0,-157.0,-155.0,-155.0,-157.0,-155.5,-155.5,-155.5,-155.0,-157.0,-157.0,-153.5,-151.0,-148.5,-150.5,-150.5,-151.5,-157.0,-157.0,-155.5,-157.0,-157.0,-157.0,-157.0,-157.0,-157.0,-157.0,-152.5,-153.0,-150.0,-151.5,-157.0,-155.5,-153.0,-153.0,-153.0,-153.5,-157.0,-157.0,-157.0,-155.5,-157.0,-156.5,-155.5,-156.5,-154.0,-153.0,-154.0,-157.0,-157.0,-157.0,-157.0,-155.5,-153.0,-157.0,-157.0,-157.0,-157.0,-157.0,-157.0,-157.0,-157.0,-157.0,-153.5,-153.5,-157.0,-154.5,-155.0,-155.5,-154.0,-155.0,-150.5,-157.0,-156.0,-157.0,-157.0,-157.0,-156.5,-157.0,-157.0,-153.0,-157.0,-157.0,-156.5,-157.0,-157.0,-157.0,-157.0,-157.0,-157.0,-157.0,-153.5,-152.5,-157.0,-157.0,-153.0,-152.5,-149.5,-156.5,-157.0,-155.0,-154.5,-154.0,-156.5,-153.5,-157.0,-155.0,-150.5,-155.5,-155.5,-156.0,-157.0,-157.0,-157.0,-157.0,-156.5,-156.5,-156.5,-157.0,-146.0,-146.5,-152.0,-152.5,-151.5,-157.0,-153.5,-152.0,-151.5,-151.5,-153.5,-157.0,-156.5,-157.0,-157.0,-155.5,-155.0,-153.5,-157.0,-157.0,-157.0,-151.5,-151.5,-151.5,-154.0,-157.0,-156.0,-157.0,-157.0,-157.0,-156.0,-157.0,-157.0,-157.0,-152.5,-152.5,-155.5,-157.0,-156.0,-151.5,-151.0,-155.5,-157.0,-157.0,-157.0,-157.0,-157.0,-157.0,-157.0,-156.0,-153.0,-156.0,-157.0,-155.5,-157.0,-157.0,-157.0,-153.5,-157.0,-157.0,-157.0,-157.0,-157.0,-157.0,-157.0,-152.5,-154.5,-157.0,-157.0,-157.0,-157.0,-157.0,-157.0,-157.0,-157.0,-157.0,-157.0,-153.0,-153.5,-157.0,-157.0,-152.5,-151.5,-157.0,-153.0,-157.0,-155.0,-155.0,-157.0,-150.0,-148.5,-155.0,-157.0,-157.0,-156.5,-157.0,-157.0,-157.0,-157.0,-157.0,-157.0,-157.0,-157.0,-157.0,-157.0,-157.0,-156.0,-157.0,-155.5,-155.5,-157.0,-157.0,-152.0,-149.0,-153.0,-155.5,-153.5,-157.0,-157.0,-157.0,-157.0,-157.0,-155.5,-156.0,-157.0,-154.0,-152.0,-155.0,-157.0,-157.0,-157.0,-153.5,-154.5,-153.0,-157.0,-156.5,-157.0,-157.0,-157.0,-155.5,-153.5,-152.5,-151.5,-157.0,-153.0,-153.5,-157.0,-157.0,-157.0,-155.5,-155.5,-157.0,-152.5,-155.0,-151.0,-157.0,-154.0,-156.0,-156.5,-157.0,-157.0,-156.5,-155.0,-156.5,-154.0,-156.0,-152.5,-152.0,-155.0,-151.5,-157.0,-157.0,-157.0,-157.0,-152.5,-153.5,-157.0,-154.0,-157.0,-157.0,-157.0,-152.5,-153.5,-157.0,-157.0,-155.0,-157.0,-157.0,-154.0,-156.0,-148.5,-150.0,-157.0,-153.5,-151.5,-157.0,-157.0,-157.0,-150.0,-149.0,-152.0,-157.0,-157.0,-154.0,-156.0,-157.0,-157.0,-155.5,-155.5,-155.5,-157.0,-157.0,-157.0,-157.0,-157.0,-156.0,-153.5,-157.0,-153.5,-152.5,-156.0,-156.0,-157.0,-156.5,-157.0,-157.0,-157.0,-157.0,-153.0,-155.0,-156.0,-157.0,-157.0
2026-01-17 14:24:09.516,143.049967,5,-77,-157.0,-157.0,-157.0,-157.0,-157.0,-157.0,-157.0,-157.0,-157.0,-155.0,-154.5,-154.0,-157.0,-150.5,-156.0,-156.0,-156.0,-151.5,-152.0,-153.0,-154.0,-157.0,-157.0,-154.5,-153.5,-156.5,-157.0,-153.5,-155.0,-157.0,-157.0,-154.0,-156.5,-156.0,-156.5,-152.5,-155.5,-156.0,-156.0,-157.0,-156.5,-157.0,-155.0,-153.0,-157.0,-157.0,-157.0,-157.0,-157.0,-157.0,-157.0,-155.5,-157.0,-154.5,-153.5,-157.0,-155.0,-153.0,-153.5,-157.0,-157.0,-152.0,-151.0,-157.0,-156.0,-151.5,-150.0,-157.0,-157.0,-157.0,-157.0,-153.0,-157.0,-157.0,-157.0,-157.0,-157.0,-157.0,-157.0,-157.0,-157.0,-157.0,-156.5,-153.5,-157.0,-157.0,-154.0,-156.5,-153.5,-153.5,-157.0,-156.0,-155.5,-156.0,-157.0,-157.0,-157.0,-157.0,-157.0,-156.5,-152.5,-156.5,-155.0,-153.5,-155.5,-155.0,-155.5,-156.5,-156.0,-155.5,-155.5,-157.0,-155.5,-157.0,-157.0,-153.5,-150.0,-157.0,-157.0,-157.0,-156.5,-157.0,-157.0,-157.0,-157.0,-157.0,-157.0,-157.0,-155.0,-157.0,-157.0,-154.0,-157.0,-157.0,-154.0,-150.5,-151.0,-156.0,-154.0,-156.0,-156.5,-157.0,-153.5,-153.5,-154.5,-157.0,-157.0,-157.0,-156.5,-157.0,-152.0,-150.5,-150.0,-152.0,-156.5,-157.0,-153.5,-157.0,-150.5,-154.0,-157.0,-157.0,-157.0,-157.0,-157.0,-157.0,-155.5,-157.0,-157.0,-154.5,-155.5,-157.0,-157.0,-154.5,-153.5,-157.0,-154.5,-154.5,-157.0,-156.5,-154.5,-157.0,-157.0,-157.0,-157.0,-151.5,-150.5,-156.0,-156.0,-152.0,-151.5,-152.0,-151.0,-153.5,-155.0,-157.0,-156.0,-157.0,-157.0,-157.0,-157.0,-157.0,-154.0,-152.5,-153.5,-157.0,-157.0,-157.0,-156.5,-157.0,-157.0,-157.0,-157.0,-157.0,-157.0,-155.0,-157.0,-157.0,-155.0,-151.5,-152.5,-156.0,-156.0,-157.0,-154.0,-156.0,-151.5,-152.5,-155.0,-154.5,-154.0,-153.5,-157.0,-154.5,-157.0,-157.0,-153.0,-157.0,-157.0,-157.0,-153.5,-153.0,-145.5,-147.5,-156.5,-157.0,-154.0,-157.0,-157.0,-157.0,-157.0,-154.5,-157.0,-157.0,-157.0,-157.0,-154.0,-153.5,-157.0,-157.0,-157.0,-157.0,-153.0,-155.5,-156.0,-154.5,-157.0,-154.5,-154.0,-157.0,-154.5,-156.5,-157.0,-157.0,-157.0,-155.5,-157.0,-156.5,-154.5,-157.0,-154.5,-152.0,-157.0,-154.0,-157.0,-155.5,-155.5,-156.5,-157.0,-157.0,-157.0,-157.0,-157.0,-157.0,-157.0,-157.0,-154.5,-157.0,-155.5,-152.0,-154.0,-156.5,-157.0,-157.0,-157.0,-156.5,-154.5,-153.5,-154.5,-157.0,-157.0,-157.0,-157.0,-157.0,-155.5,-156.0,-157.0,-157.0,-157.0,-154.0,-155.0,-157.0,-157.0,-154.5,-151.0,-157.0,-157.0,-152.5,-157.0,-156.5,-157.0,-150.0,-151.0,-157.0,-157.0,-157.0,-157.0,-157.0,-157.0,-157.0,-157.0,-157.0,-157.0,-156.0,-155.0,-157.0,-157.0,-157.0,-154.5,-156.0,-157.0,-157.0,-156.0,-152.5,-151.5,-147.0,-150.0,-157.0,-156.5,-157.0,-157.0,-157.0,-157.0,-157.0,-154.0,-157.0,-157.0,-154.5,-153.0,-156.5,-157.0,-157.0,-156.5,-157.0,-157.0,-155.0,-157.0,-156.5,-157.0,-157.0,-157.0,-157.0,-150.0,-150.0,-156.0,-157.0,-152.5,-150.5,-157.0,-153.5,-154.0,-157.0,-154.5,-157.0,-151.5,-156.0,-150.0,-152.0,-154.5,-152.5,-155.0,-157.0,-157.0,-157.0,-154.0,-157.0,-157.0,-157.0,-153.0,-152.5,-152.5,-155.0,-157.0,-156.5,-157.0,-157.0,-153.0,-153.0,-157.0,-155.0,-157.0,-157.0,-157.0,-154.5,-155.0,-157.0,-157.0,-153.0,-154.5,-157.0,-157.0,-157.0,-154.5,-155.5,-154.0,-149.0,-149.0,-156.0,-155.5,-157.0,-157.0,-149.0,-153.0,-157.0,-157.0,-156.0,-156.5,-157.0,-157.0,-154.5,-153.5,-157.0,-156.5,-154.5,-155.5,-157.0,-154.5,-152.0,-153.0,-157.0,-154.5,-151.5,-152.0,-152.5,-157.0,-157.0,-157.0,-155.0,-153.5,-157.0,-155.0,-153.5,-156.5,-156.5,-157.0
2026-01-17 14:24:09.544,143.049967,5,-77,-157.0,-157.0,-157.0,-157.0,-157.0,-157.0,-157.0,-157.0,-157.0,-157.0,-157.0,-155.5,-157.0,-152.0,-157.0,-157.0,-157.0,-156.5,-153.5,-153.5,-152.5,-154.5,-157.0,-157.0,-153.5,-157.0,-157.0,-157.0,-157.0,-157.0,-157.0,-155.0,-154.5,-157.0,-157.0,-153.5,-157.0,-152.0,-151.0,-156.0,-157.0,-157.0,-156.5,-157.0,-157.0,-157.0,-157.0,-157.0,-157.0,-157.0,-157.0,-153.0,-155.0,-150.0,-149.0,-154.5,-157.0,-150.0,-150.0,-157.0,-157.0,-150.5,-150.5,-157.0,-157.0,-152.5,-150.0,-157.0,-157.0,-157.0,-157.0,-152.5,-157.0,-157.0,-157.0,-155.5,-157.0,-155.0,-155.5,-157.0,-157.0,-157.0,-153.5,-150.5,-157.0,-157.0,-157.0,-157.0,-154.5,-157.0,-157.0,-157.0,-157.0,-155.0,-155.5,-157.0,-157.0,-154.0,-153.5,-153.5,-153.5,-157.0,-156.0,-149.5,-157.0,-156.5,-157.0,-155.0,-157.0,-155.5,-157.0,-156.5,-157.0,-157.0,-157.0,-150.0,-150.5,-156.5,-153.5,-153.5,-154.5,-157.0,-157.0,-157.0,-157.0,-157.0,-157.0,-157.0,-150.5,-153.5,-154.0,-153.5,-157.0,-157.0,-156.5,-152.0,-157.0,-157.0,-157.0,-157.0,-157.0,-157.0,-154.0,-150.5,-152.0,-157.0,-157.0,-157.0,-154.5,-157.0,-156.0,-150.5,-152.5,-157.0,-157.0,-157.0,-157.0,-151.0,-148.5,-157.0,-157.0,-152.0,-153.5,-156.5,-157.0,-157.0,-152.5,-153.5,-157.0,-157.0,-157.0,-157.0,-156.0,-155.0,-153.5,-157.0,-156.0,-156.5,-157.0,-155.0,-152.0,-154.0,-157.0,-157.0,-156.5,-150.5,-152.0,-157.0,-157.0,-155.0,-151.0,-152.5,-153.0,-150.0,-155.0,-157.0,-154.5,-153.0,-157.0,-157.0,-157.0,-156.0,-153.5,-157.0,-154.5,-154.0,-155.5,-156.5,-153.0,-155.0,-157.0,-157.0,-157.0,-157.0,-157.0,-157.0,-157.0,-154.0,-157.0,-152.5,-157.0,-157.0,-157.0,-157.0,-152.0,-157.0,-153.0,-154.5,-154.0,-154.5,-157.0,-157.0,-157.0,-151.0,-153.0,-156.0,-155.0,-154.5,-153.5,-157.0,-151.5,-152.5,-144.5,-146.0,-156.5,-157.0,-157.0,-157.0,-157.0,-157.0,-157.0,-157.0,-157.0,-157.0,-157.0,-153.5,-152.5,-155.0,-157.0,-156.5,-157.0,-157.0,-150.5,-153.5,-157.0,-157.0,-157.0,-157.0,-155.0,-154.5,-156.0,-154.5,-157.0,-157.0,-157.0,-157.0,-157.0,-155.0,-154.0,-157.0,-157.0,-157.0,-155.5,-155.0,-157.0,-157.0,-156.0,-157.0,-157.0,-156.5,-157.0,-157.0,-157.0,-157.0,-157.0,-157.0,-154.0,-157.0,-157.0,-157.0,-155.0,-157.0,-157.0,-155.0,-155.5,-154.5,-152.5,-157.0,-157.0,-154.5,-153.5,-157.0,-157.0,-157.0,-157.0,-155.5,-156.5,-157.0,-157.0,-152.0,-153.5,-157.0,-156.5,-156.5,-153.5,-153.5,-153.5,-151.0,-157.0,-157.0,-157.0,-153.0,-153.0,-157.0,-157.0,-157.0,-157.0,-157.0,-157.0,-157.0,-157.0,-157.0,-157.0,-157.0,-153.5,-155.5,-155.5,-157.0,-155.0,-156.5,-157.0,-157.0,-157.0,-152.0,-154.0,-148.0,-154.5,-157.0,-157.0,-157.0,-157.0,-157.0,-157.0,-157.0,-154.5,-157.0,-156.0,-154.0,-152.0,-154.5,-156.5,-153.0,-154.0,-157.0,-157.0,-157.0,-157.0,-157.0,-155.5,-156.0,-154.5,-156.0,-153.5,-154.0,-157.0,-157.0,-156.0,-153.0,-157.0,-154.0,-151.5,-155.0,-157.0,-157.0,-152.0,-154.5,-153.0,-152.5,-155.0,-152.5,-156.5,-157.0,-157.0,-157.0,-155.5,-156.0,-157.0,-157.0,-157.0,-157.0,-151.5,-155.5,-157.0,-153.0,-156.5,-157.0,-157.0,-154.5,-157.0,-157.0,-157.0,-157.0,-157.0,-157.0,-157.0,-157.0,-157.0,-154.5,-154.5,-157.0,-157.0,-157.0,-157.0,-157.0,-155.5,-152.5,-150.5,-152.5,-157.0,-157.0,-157.0,-152.5,-157.0,-157.0,-157.0,-157.0,-157.0,-157.0,-157.0,-157.0,-153.0,-157.0,-157.0,-157.0,-155.5,-151.5,-152.0,-155.0,-155.5,-154.5,-155.0,-157.0,-155.0,-155.5,-154.5,-157.0,-157.0,-157.0,-153.5,-157.0,-157.0,-150.5,-156.5,-157.0,-156.5
2026-01-17 14:24:09.578,143.049967,5,-77,-157.0,-157.0,-157.0,-157.0,-156.0,-157.0,-157.0,-156.0,-154.5,-157.0,-157.0,-157.0,-157.0,-157.0,-157.0,-157.0,-157.0,-157.0,-153.0,-155.5,-150.5,-149.0,-153.5,-155.0,-155.0,-156.0,-154.5,-157.0,-157.0,-157.0,-157.0,-157.0,-154.5,-157.0,-157.0,-157.0,-155.5,-155.0,-152.0,-157.0,-157.0,-155.0,-152.5,-157.0,-156.5,-157.0,-157.0,-157.0,-157.0,-157.0,-157.0,-157.0,-154.0,-151.0,-149.0,-151.0,-157.0,-151.0,-151.5,-154.5,-157.0,-151.5,-150.0,-156.5,-157.0,-153.0,-152.5,-157.0,-157.0,-157.0,-152.5,-151.5,-157.0,-156.5,-156.5,-154.0,-148.5,-148.5,-152.5,-157.0,-157.0,-156.0,-151.0,-150.0,-157.0,-157.0,-157.0,-157.0,-153.5,-154.5,-157.0,-157.0,-157.0,-157.0,-156.5,-156.0,-157.0,-152.0,-153.0,-152.0,-157.0,-157.0,-157.0,-149.0,-152.0,-156.0,-157.0,-157.0,-157.0,-155.5,-157.0,-157.0,-157.0,-157.0,-157.0,-151.0,-153.5,-157.0,-154.5,-157.0,-154.0,-157.0,-155.5,-156.5,-157.0,-157.0,-155.5,-156.5,-148.0,-149.5,-156.5,-157.0,-157.0,-157.0,-157.0,-155.5,-155.5,-155.5,-157.0,-157.0,-156.5,-157.0,-157.0,-153.0,-154.0,-157.0,-157.0,-157.0,-157.0,-157.0,-156.0,-152.5,-157.0,-157.0,-157.0,-154.0,-157.0,-151.0,-148.0,-157.0,-153.0,-150.5,-151.5,-157.0,-154.0,-152.5,-150.5,-153.5,-157.0,-157.0,-157.0,-157.0,-156.0,-157.0,-154.5,-157.0,-157.0,-157.0,-157.0,-156.5,-153.0,-152.0,-157.0,-154.5,-152.0,-150.5,-157.0,-157.0,-157.0,-155.5,-154.5,-156.5,-153.5,-151.5,-152.0,-154.0,-157.0,-151.5,-156.0,-157.0,-157.0,-155.0,-155.0,-157.0,-157.0,-155.5,-157.0,-156.5,-154.0,-157.0,-156.0,-156.5,-157.0,-157.0,-156.0,-157.0,-156.5,-152.0,-156.5,-154.5,-157.0,-157.0,-157.0,-154.5,-151.0,-153.5,-156.5,-157.0,-157.0,-157.0,-157.0,-157.0,-157.0,-151.5,-152.0,-154.0,-156.5,-154.0,-152.5,-157.0,-153.5,-155.5,-144.5,-145.0,-153.5,-157.0,-157.0,-157.0,-157.0,-157.0,-157.0,-157.0,-157.0,-157.0,-157.0,-156.5,-157.0,-157.0,-157.0,-157.0,-157.0,-157.0,-150.0,-149.5,-157.0,-154.5,-154.0,-156.5,-157.0,-153.0,-156.0,-154.5,-157.0,-157.0,-157.0,-157.0,-157.0,-157.0,-157.0,-155.5,-153.5,-157.0,-152.0,-153.5,-156.5,-157.0,-157.0,-157.0,-157.0,-157.0,-157.0,-157.0,-157.0,-155.5,-155.5,-157.0,-156.0,-157.0,-157.0,-157.0,-154.0,-156.0,-157.0,-153.5,-153.0,-154.5,-152.0,-157.0,-157.0,-156.0,-153.5,-156.5,-157.0,-157.0,-157.0,-157.0,-157.0,-157.0,-157.0,-150.5,-150.0,-155.5,-156.0,-157.0,-157.0,-150.5,-151.5,-152.0,-157.0,-157.0,-157.0,-157.0,-154.0,-154.0,-156.5,-157.0,-157.0,-157.0,-157.0,-157.0,-157.0,-157.0,-157.0,-157.0,-153.5,-154.0,-152.0,-151.5,-151.0,-157.0,-156.0,-157.0,-157.0,-154.5,-156.5,-151.5,-154.0,-157.0,-157.0,-153.5,-157.0,-157.0,-157.0,-157.0,-157.0,-157.0,-151.5,-151.0,-150.5,-152.5,-155.5,-154.0,-157.0,-157.0,-157.0,-157.0,-157.0,-152.0,-151.5,-155.5,-153.5,-157.0,-157.0,-157.0,-157.0,-155.5,-154.0,-157.0,-156.5,-157.0,-151.5,-151.5,-157.0,-157.0,-153.5,-157.0,-157.0,-154.5,-154.5,-153.5,-156.5,-157.0,-157.0,-157.0,-155.0,-154.5,-157.0,-155.0,-157.0,-157.0,-151.0,-152.0,-155.0,-154.5,-157.0,-155.5,-156.5,-154.0,-155.5,-157.0,-156.5,-156.0,-157.0,-155.5,-156.0,-157.0,-157.0,-157.0,-157.0,-157.0,-156.0,-157.0,-157.0,-157.0,-157.0,-157.0,-156.0,-157.0,-157.0,-156.5,-156.0,-153.0,-156.0,-156.0,-155.5,-157.0,-157.0,-157.0,-154.0,-153.0,-152.0,-157.0,-157.0,-157.0,-157.0,-153.5,-154.0,-157.0,-157.0,-154.0,-153.0,-154.5,-157.0,-157.0,-157.0,-155.5,-156.0,-156.5,-156.0,-155.5,-157.0,-152.5,-157.0,-157.0,-155.0
2026-01-17 14:24:09.612,143.049967,5,-77,-157.0,-157.0,-157.0,-152.5,-155.5,-157.0,-157.0,-157.0,-154.0,-156.5,-157.0,-157.0,-157.0,-157.0,-156.0,-157.0,-153.0,-152.5,-151.5,-150.5,-153.0,-150.0,-151.5,-151.5,-157.0,-156.0,-153.5,-157.0,-157.0,-156.5,-154.0,-157.0,-157.0,-157.0,-157.0,-157.0,-152.5,-154.5,-154.0,-155.0,-157.0,-153.5,-152.0,-155.5,-157.0,-157.0,-157.0,-157.0,-157.0,-157.0,-157.0,-157.0,-152.5,-157.0,-156.0,-156.0,-157.0,-153.0,-155.0,-157.0,-157.0,-157.0,-151.0,-152.0,-157.0,-157.0,-156.0,-157.0,-157.0,-157.0,-151.5,-150.5,-157.0,-155.0,-157.0,-157.0,-148.5,-149.5,-157.0,-157.0,-157.0,-157.0,-154.5,-152.0,-155.5,-154.5,-156.0,-157.0,-154.0,-154.0,-157.0,-155.0,-157.0,-157.0,-157.0,-156.5,-152.5,-151.0,-157.0,-153.0,-157.0,-157.0,-157.0,-153.0,-156.0,-157.0,-157.0,-157.0,-156.0,-154.0,-157.0,-157.0,-157.0,-157.0,-156.0,-155.5,-154.5,-157.0,-157.0,-157.0,-154.0,-152.5,-150.5,-151.5,-157.0,-157.0,-154.0,-152.5,-151.0,-151.0,-157.0,-157.0,-155.5,-153.0,-157.0,-157.0,-154.0,-155.5,-157.0,-156.0,-154.0,-157.0,-157.0,-155.5,-157.0,-157.0,-157.0,-157.0,-157.0,-155.5,-157.0,-156.5,-156.5,-157.0,-157.0,-152.0,-154.0,-156.5,-150.0,-154.5,-155.0,-156.0,-152.5,-157.0,-157.0,-156.5,-151.0,-155.5,-156.5,-157.0,-157.0,-157.0,-157.0,-155.0,-153.5,-157.0,-156.5,-157.0,-157.0,-156.5,-157.0,-154.0,-157.0,-152.0,-151.0,-149.0,-153.5,-157.0,-157.0,-157.0,-157.0,-157.0,-156.0,-153.0,-152.0,-153.5,-153.5,-151.0,-157.0,-157.0,-157.0,-157.0,-157.0,-157.0,-157.0,-157.0,-157.0,-155.5,-157.0,-155.0,-154.0,-157.0,-156.5,-156.0,-155.5,-157.0,-157.0,-151.5,-157.0,-157.0,-157.0,-157.0,-155.0,-156.0,-155.0,-157.0,-157.0,-157.0,-157.0,-157.0,-157.0,-157.0,-157.0,-155.5,-154.0,-154.0,-154.0,-157.0,-153.5,-157.0,-154.5,-157.0,-145.0,-146.5,-157.0,-157.0,-157.0,-157.0,-157.0,-154.0,-154.0,-157.0,-157.0,-157.0,-157.0,-157.0,-157.0,-157.0,-157.0,-157.0,-157.0,-157.0,-152.0,-150.5,-157.0,-155.0,-155.0,-157.0,-152.5,-151.5,-154.0,-153.5,-157.0,-157.0,-153.0,-154.0,-156.5,-157.0,-157.0,-152.5,-152.0,-157.0,-154.5,-153.0,-155.5,-157.0,-156.0,-156.0,-156.5,-157.0,-157.0,-157.0,-157.0,-152.5,-152.5,-157.0,-157.0,-157.0,-157.0,-157.0,-150.5,-151.0,-157.0,-156.5,-153.0,-155.0,-154.0,-157.0,-157.0,-157.0,-157.0,-157.0,-157.0,-157.0,-157.0,-157.0,-157.0,-157.0,-157.0,-152.5,-151.0,-157.0,-157.0,-157.0,-152.5,-152.0,-157.0,-156.5,-156.0,-157.0,-157.0,-157.0,-157.0,-153.0,-157.0,-154.5,-152.5,-156.0,-157.0,-156.0,-153.0,-155.0,-157.0,-156.0,-153.5,-156.5,-152.5,-154.0,-151.5,-157.0,-157.0,-157.0,-157.0,-157.0,-157.0,-157.0,-155.0,-155.5,-155.5,-151.0,-156.0,-157.0,-157.0,-157.0,-157.0,-157.0,-151.0,-151.5,-154.0,-154.0,-156.0,-156.5,-157.0,-157.0,-156.5,-157.0,-157.0,-149.5,-150.0,-155.0,-157.0,-157.0,-157.0,-157.0,-157.0,-154.0,-153.0,-157.0,-153.5,-154.5,-153.5,-151.0,-154.0,-157.0,-155.0,-157.0,-157.0,-152.0,-151.5,-155.0,-154.5,-156.5,-157.0,-157.0,-155.5,-153.0,-156.0,-155.5,-157.0,-156.0,-154.5,-155.0,-157.0,-156.5,-157.0,-154.0,-157.0,-151.5,-150.0,-150.0,-157.0,-157.0,-157.0,-156.5,-155.0,-156.5,-157.0,-155.5,-154.5,-157.0,-155.0,-157.0,-157.0,-157.0,-157.0,-157.0,-157.0,-157.0,-157.0,-156.0,-157.0,-151.0,-151.5,-157.0,-156.0,-157.0,-157.0,-150.5,-150.0,-151.0,-156.5,-157.0,-157.0,-157.0,-157.0,-157.0,-157.0,-157.0,-157.0,-157.0,-157.0,-152.5,-151.5,-157.0,-157.0,-153.0,-154.0,-156.0,-155.0,-152.0,-155.0,-157.0,-157.0,-157.0,-153.0
2026-01-17 14:24:09.642,143.049967,5,-77,-157.0,-157.0,-153.0,-151.0,-155.0,-154.5,-156.5,-157.0,-157.0,-157.0,-157.0,-157.0,-157.0,-157.0,-157.0,-155.0,-152.0,-152.0,-156.0,-152.5,-157.0,-154.5,-156.0,-153.5,-156.0,-155.5,-151.0,-152.5,-154.5,-151.5,-152.5,-157.0,-155.0,-157.0,-157.0,-157.0,-153.5,-151.0,-156.0,-154.5,-157.0,-156.5,-157.0,-157.0,-157.0,-155.0,-156.0,-154.0,-152.5,-157.0,-157.0,-155.5,-151.5,-157.0,-157.0,-157.0,-155.0,-154.0,-152.5,-157.0,-157.0,-156.0,-156.0,-152.5,-157.0,-154.0,-157.0,-156.5,-155.0,-154.0,-156.5,-152.0,-157.0,-157.0,-157.0,-157.0,-154.0,-157.0,-157.0,-151.5,-150.5,-155.5,-155.5,-152.5,-157.0,-155.0,-157.0,-157.0,-153.0,-153.0,-153.0,-151.5,-152.0,-154.0,-157.0,-157.0,-156.0,-155.0,-155.5,-156.0,-153.0,-155.0,-155.5,-153.0,-157.0,-157.0,-157.0,-157.0,-155.0,-156.5,-157.0,-157.0,-157.0,-157.0,-157.0,-157.0,-154.5,-157.0,-157.0,-154.5,-156.0,-154.0,-150.0,-149.5,-157.0,-157.0,-154.0,-156.5,-157.0,-153.5,-153.5,-156.5,-152.5,-151.0,-157.0,-157.0,-157.0,-157.0,-157.0,-157.0,-155.5,-157.0,-154.5,-157.0,-157.0,-157.0,-157.0,-157.0,-151.5,-149.5,-157.0,-157.0,-157.0,-157.0,-157.0,-155.5,-157.0,-154.0,-151.0,-157.0,-156.0,-154.0,-154.0,-154.5,-157.0,-157.0,-155.5,-155.0,-157.0,-157.0,-157.0,-157.0,-157.0,-157.0,-154.0,-157.0,-154.0,-155.5,-156.5,-156.5,-156.0,-156.0,-157.0,-152.5,-155.0,-153.0,-150.5,-151.5,-157.0,-155.5,-156.0,-157.0,-157.0,-154.5,-152.5,-156.0,-154.0,-153.0,-157.0,-155.5,-153.0,-153.5,-157.0,-157.0,-157.0,-157.0,-157.0,-153.0,-153.0,-149.0,-150.0,-157.0,-157.0,-157.0,-157.0,-157.0,-153.0,-151.0,-154.5,-156.5,-157.0,-153.0,-153.0,-157.0,-157.0,-157.0,-157.0,-157.0,-156.5,-157.0,-157.0,-157.0,-157.0,-157.0,-157.0,-157.0,-156.0,-157.0,-154.5,-152.0,-154.5,-157.0,-145.0,-146.0,-157.0,-157.0,-157.0,-157.0,-155.0,-153.5,-156.0,-157.0,-157.0,-157.0,-157.0,-157.0,-157.0,-154.5,-155.5,-157.0,-157.0,-157.0,-157.0,-153.5,-156.5,-157.0,-157.0,-157.0,-151.5,-155.0,-154.0,-157.0,-157.0,-153.0,-153.0,-155.5,-156.5,-157.0,-157.0,-157.0,-155.0,-157.0,-157.0,-155.5,-154.0,-157.0,-157.0,-151.5,-153.5,-157.0,-157.0,-154.5,-155.0,-155.0,-152.5,-157.0,-157.0,-156.0,-157.0,-157.0,-151.5,-152.0,-157.0,-157.0,-154.0,-157.0,-157.0,-157.0,-157.0,-157.0,-157.0,-157.0,-157.0,-153.5,-153.5,-157.0,-156.0,-157.0,-157.0,-155.0,-155.0,-157.0,-157.0,-157.0,-154.5,-157.0,-157.0,-157.0,-157.0,-157.0,-156.0,-155.0,-155.0,-154.0,-157.0,-153.0,-153.0,-154.5,-155.0,-156.5,-150.5,-149.5,-157.0,-153.0,-155.0,-157.0,-155.0,-157.0,-153.5,-156.0,-157.0,-157.0,-157.0,-157.0,-157.0,-157.0,-157.0,-156.0,-157.0,-150.5,-153.0,-157.0,-157.0,-157.0,-157.0,-157.0,-154.0,-154.5,-157.0,-156.0,-154.5,-154.0,-157.0,-157.0,-154.0,-153.0,-157.0,-153.5,-155.0,-154.5,-156.0,-157.0,-157.0,-155.0,-157.0,-152.0,-155.5,-157.0,-156.0,-156.0,-155.5,-156.0,-153.0,-154.5,-157.0,-157.0,-157.0,-153.0,-156.5,-157.0,-155.0,-155.5,-157.0,-157.0,-157.0,-153.0,-157.0,-157.0,-157.0,-157.0,-157.0,-157.0,-157.0,-157.0,-157.0,-155.0,-157.0,-155.5,-154.0,-151.5,-155.0,-157.0,-157.0,-157.0,-153.0,-152.5,-157.0,-155.0,-154.5,-157.0,-156.0,-153.5,-153.5,-157.0,-155.5,-155.5,-157.0,-155.5,-157.0,-157.0,-157.0,-152.5,-152.0,-154.0,-157.0,-156.0,-155.5,-150.0,-152.0,-156.5,-157.0,-157.0,-157.0,-157.0,-156.0,-157.0,-156.0,-155.5,-154.0,-156.5,-157.0,-154.5,-152.0,-157.0,-157.0,-155.5,-155.0,-154.5,-156.0,-154.0,-157.0,-157.0,-153.0,-157.0,-154.5
2026-01-17 14:24:09.679,143.049967,5,-77,-157.0,-157.0,-154.5,-154.0,-157.0,-156.5,-153.5,-157.0,-157.0,-157.0,-157.0,-157.0,-157.0,-157.0,-155.5,-153.5,-157.0,-157.0,-157.0,-155.5,-157.0,-153.5,-156.5,-157.0,-154.0,-155.5,-150.5,-157.0,-153.5,-150.5,-155.5,-157.0,-153.5,-155.0,-155.0,-157.0,-157.0,-152.0,-157.0,-157.0,-157.0,-157.0,-157.0,-157.0,-157.0,-155.5,-156.5,-152.0,-151.0,-157.0,-156.0,-149.0,-148.5,-156.5,-156.5,-153.0,-153.0,-151.5,-153.0,-153.5,-155.0,-155.5,-156.0,-153.0,-157.0,-152.5,-157.0,-152.5,-153.0,-154.5,-157.0,-155.5,-157.0,-157.0,-157.0,-157.0,-157.0,-157.0,-157.0,-151.5,-149.5,-154.0,-155.5,-153.5,-157.0,-157.0,-157.0,-157.0,-156.0,-151.0,-150.0,-153.0,-151.0,-151.0,-157.0,-157.0,-157.0,-154.0,-153.5,-157.0,-154.5,-157.0,-157.0,-153.0,-157.0,-155.5,-157.0,-157.0,-154.5,-157.0,-157.0,-157.0,-157.0,-157.0,-157.0,-157.0,-153.5,-157.0,-157.0,-155.5,-157.0,-157.0,-157.0,-153.5,-157.0,-157.0,-154.0,-156.0,-157.0,-150.5,-152.0,-157.0,-152.5,-154.0,-151.0,-151.0,-155.0,-154.5,-154.0,-155.0,-157.0,-157.0,-151.5,-154.0,-152.5,-157.0,-157.0,-157.0,-152.5,-149.0,-157.0,-157.0,-157.0,-157.0,-157.0,-157.0,-157.0,-152.0,-151.0,-157.0,-155.5,-151.5,-154.0,-153.5,-157.0,-157.0,-157.0,-153.5,-155.0,-157.0,-157.0,-157.0,-157.0,-157.0,-156.5,-157.0,-154.0,-156.0,-154.5,-154.5,-153.0,-155.0,-157.0,-152.0,-153.5,-156.5,-152.0,-150.0,-155.0,-157.0,-152.0,-156.5,-157.0,-157.0,-153.5,-157.0,-157.0,-153.5,-155.0,-152.0,-149.5,-150.5,-157.0,-157.0,-157.0,-157.0,-154.5,-153.0,-151.5,-149.0,-152.0,-153.5,-157.0,-157.0,-157.0,-154.0,-153.5,-152.0,-156.5,-152.5,-156.0,-152.0,-151.5,-157.0,-157.0,-157.0,-157.0,-155.0,-156.5,-154.0,-154.0,-157.0,-157.0,-155.0,-157.0,-157.0,-157.0,-157.0,-157.0,-149.0,-154.0,-157.0,-146.0,-145.0,-155.0,-156.5,-155.5,-157.0,-155.0,-154.5,-157.0,-157.0,-157.0,-156.0,-157.0,-157.0,-157.0,-154.0,-155.5,-155.5,-156.5,-157.0,-157.0,-152.0,-152.0,-157.0,-157.0,-154.5,-153.5,-157.0,-153.5,-157.0,-156.5,-152.5,-157.0,-157.0,-155.0,-157.0,-157.0,-157.0,-155.0,-154.5,-157.0,-157.0,-156.0,-157.0,-156.5,-155.0,-153.5,-154.0,-157.0,-155.5,-154.5,-157.0,-156.5,-157.0,-157.0,-153.0,-156.5,-157.0,-154.5,-157.0,-157.0,-157.0,-154.5,-157.0,-157.0,-157.0,-155.5,-157.0,-157.0,-157.0,-157.0,-150.0,-151.0,-157.0,-154.5,-157.0,-157.0,-155.5,-157.0,-157.0,-157.0,-157.0,-157.0,-157.0,-157.0,-156.5,-156.0,-156.5,-157.0,-153.0,-155.5,-155.5,-157.0,-155.5,-157.0,-157.0,-156.5,-154.5,-155.0,-150.5,-157.0,-154.5,-153.5,-153.5,-154.5,-156.0,-155.5,-157.0,-157.0,-157.0,-157.0,-157.0,-156.0,-155.5,-157.0,-155.0,-157.0,-152.0,-151.0,-157.0,-155.5,-156.5,-157.0,-157.0,-157.0,-157.0,-155.5,-157.0,-157.0,-154.5,-155.5,-157.0,-156.0,-151.5,-153.0,-157.0,-157.0,-151.0,-152.0,-157.0,-157.0,-153.0,-156.0,-151.0,-157.0,-157.0,-157.0,-155.0,-156.0,-157.0,-155.5,-153.0,-157.0,-157.0,-157.0,-153.0,-157.0,-157.0,-157.0,-157.0,-157.0,-156.5,-157.0,-152.5,-156.5,-157.0,-157.0,-157.0,-157.0,-157.0,-157.0,-157.0,-157.0,-152.0,-154.0,-157.0,-157.0,-157.0,-156.5,-157.0,-157.0,-157.0,-151.0,-151.5,-157.0,-157.0,-157.0,-157.0,-157.0,-155.0,-153.0,-157.0,-157.0,-154.5,-157.0,-156.5,-157.0,-157.0,-157.0,-155.5,-156.0,-157.0,-155.0,-157.0,-157.0,-153.0,-157.0,-157.0,-157.0,-157.0,-157.0,-157.0,-155.5,-157.0,-153.0,-154.0,-157.0,-156.0,-157.0,-155.5,-153.5,-157.0,-157.0,-156.5,-157.0,-154.5,-157.0,-157.0,-157.0,-154.0,-153.5,-157.0,-157.0
2026-01-17 14:24:09.709,143.049967,5,-77,-157.0,-157.0,-157.0,-157.0,-157.0,-157.0,-152.0,-154.0,-157.0,-157.0,-157.0,-157.0,-157.0,-157.0,-151.0,-152.5,-157.0,-157.0,-157.0,-154.5,-157.0,-151.0,-151.5,-155.5,-157.0,-157.0,-150.5,-153.5,-157.0,-152.5,-153.5,-156.0,-153.0,-157.0,-157.0,-157.0,-157.0,-151.5,-155.5,-157.0,-157.0,-157.0,-157.0,-157.0,-157.0,-154.5,-157.0,-156.0,-153.0,-157.0,-157.0,-151.5,-151.0,-151.0,-153.5,-154.0,-157.0,-152.5,-157.0,-150.0,-152.5,-157.0,-157.0,-156.5,-155.5,-156.0,-157.0,-155.0,-157.0,-155.0,-153.5,-157.0,-155.5,-153.0,-157.0,-157.0,-157.0,-157.0,-157.0,-157.0,-152.5,-157.0,-157.0,-154.5,-157.0,-157.0,-157.0,-157.0,-157.0,-149.5,-150.0,-157.0,-155.0,-154.5,-157.0,-152.0,-153.5,-152.0,-152.0,-157.0,-155.0,-157.0,-157.0,-153.0,-157.0,-156.0,-154.5,-154.0,-151.0,-154.0,-157.0,-157.0,-157.0,-155.5,-157.0,-157.0,-155.5,-157.0,-157.0,-153.5,-153.5,-155.5,-157.0,-157.0,-157.0,-157.0,-156.5,-156.5,-157.0,-153.0,-154.5,-157.0,-153.5,-157.0,-153.0,-154.5,-156.5,-152.5,-150.0,-152.0,-156.5,-155.5,-154.5,-154.0,-154.0,-155.5,-157.0,-157.0,-157.0,-154.5,-154.0,-155.5,-156.0,-157.0,-155.0,-156.0,-157.0,-157.0,-154.5,-157.0,-157.0,-153.0,-157.0,-156.0,-157.0,-157.0,-157.0,-154.0,-156.0,-157.0,-157.0,-156.0,-155.0,-156.5,-157.0,-155.5,-150.5,-153.5,-157.0,-157.0,-156.5,-157.0,-157.0,-152.0,-154.0,-154.0,-154.0,-153.5,-152.0,-154.5,-153.0,-156.0,-157.0,-157.0,-154.0,-157.0,-157.0,-153.5,-156.0,-151.0,-150.5,-154.0,-157.0,-155.0,-156.5,-155.5,-154.5,-155.5,-153.0,-153.0,-152.5,-151.5,-155.0,-154.0,-157.0,-157.0,-154.0,-154.5,-154.0,-151.0,-153.5,-156.5,-151.0,-152.0,-157.0,-157.0,-157.0,-155.5,-157.0,-156.0,-155.5,-157.0,-151.5,-151.5,-157.0,-157.0,-157.0,-156.0,-155.0,-148.5,-150.5,-156.0,-147.5,-146.5,-156.0,-152.5,-155.0,-157.0,-157.0,-157.0,-154.0,-155.0,-157.0,-153.0,-154.5,-157.0,-153.5,-151.5,-157.0,-157.0,-155.0,-157.0,-157.0,-156.0,-155.0,-156.5,-157.0,-157.0,-157.0,-157.0,-155.0,-157.0,-155.0,-152.5,-157.0,-155.0,-152.5,-157.0,-157.0,-156.0,-153.5,-152.5,-152.0,-157.0,-156.0,-157.0,-157.0,-157.0,-153.5,-153.0,-157.0,-157.0,-157.0,-157.0,-157.0,-155.5,-157.0,-152.0,-155.5,-154.5,-157.0,-157.0,-157.0,-157.0,-152.5,-154.5,-156.5,-157.0,-155.0,-157.0,-157.0,-157.0,-156.5,-149.0,-149.0,-153.5,-154.0,-157.0,-156.5,-155.0,-156.0,-157.0,-157.0,-157.0,-157.0,-157.0,-157.0,-157.0,-154.5,-157.0,-157.0,-151.5,-155.0,-156.0,-157.0,-157.0,-157.0,-157.0,-157.0,-157.0,-154.5,-153.0,-157.0,-155.5,-153.5,-151.5,-156.0,-157.0,-157.0,-157.0,-157.0,-157.0,-157.0,-157.0,-156.5,-154.0,-156.5,-153.5,-157.0,-153.0,-151.5,-156.0,-154.5,-154.0,-157.0,-157.0,-157.0,-153.5,-157.0,-157.0,-157.0,-157.0,-155.0,-157.0,-157.0,-151.5,-151.5,-157.0,-156.0,-149.5,-153.5,-154.5,-157.0,-153.5,-155.5,-151.5,-153.0,-157.0,-156.5,-154.5,-154.0,-155.5,-155.0,-155.5,-157.0,-157.0,-157.0,-155.0,-157.0,-154.0,-155.0,-157.0,-157.0,-155.5,-156.5,-153.0,-152.5,-153.5,-157.0,-154.0,-155.5,-157.0,-157.0,-157.0,-154.0,-150.0,-149.5,-153.5,-157.0,-157.0,-157.0,-157.0,-157.0,-156.5,-155.0,-156.5,-157.0,-157.0,-156.5,-153.5,-156.0,-152.5,-155.5,-153.0,-155.0,-157.0,-157.0,-157.0,-155.5,-157.0,-153.0,-152.5,-152.5,-157.0,-154.5,-157.0,-154.0,-152.5,-157.0,-157.0,-157.0,-157.0,-157.0,-156.5,-156.5,-157.0,-151.0,-151.5,-156.5,-154.5,-154.5,-153.5,-154.5,-157.0,-157.0,-156.5,-154.5,-156.0,-157.0,-157.0,-153.5,-152.5,-156.0,-153.0,-157.0
2026-01-17 14:24:09.745,143.049967,5,-77,-157.0,-157.0,-157.0,-157.0,-157.0,-157.0,-155.5,-157.0,-154.5,-156.0,-157.0,-157.0,-157.0,-157.0,-152.0,-154.5,-155.5,-157.0,-155.5,-152.5,-157.0,-154.0,-153.0,-154.0,-157.0,-155.0,-153.0,-154.0,-154.0,-157.0,-154.0,-156.5,-151.5,-157.0,-157.0,-155.0,-154.0,-153.0,-155.5,-157.0,-157.0,-157.0,-157.0,-153.5,-152.0,-155.0,-157.0,-157.0,-156.5,-153.0,-153.5,-154.5,-155.0,-149.5,-152.5,-156.0,-154.5,-152.0,-157.0,-150.0,-150.0,-157.0,-157.0,-156.0,-157.0,-157.0,-157.0,-154.0,-155.5,-152.0,-151.5,-155.0,-154.5,-152.5,-156.0,-157.0,-157.0,-157.0,-157.0,-157.0,-153.0,-153.5,-152.0,-155.5,-155.5,-157.0,-157.0,-157.0,-156.5,-151.0,-157.0,-157.0,-157.0,-157.0,-157.0,-153.0,-154.0,-153.0,-157.0,-157.0,-154.5,-157.0,-156.0,-156.0,-157.0,-157.0,-155.0,-155.0,-152.0,-155.0,-157.0,-157.0,-156.5,-155.0,-157.0,-157.0,-157.0,-157.0,-157.0,-154.0,-153.5,-157.0,-153.5,-155.0,-157.0,-157.0,-157.0,-157.0,-156.5,-156.0,-155.0,-156.5,-153.0,-156.0,-157.0,-155.5,-153.5,-157.0,-153.0,-157.0,-154.5,-154.5,-157.0,-157.0,-157.0,-155.0,-157.0,-152.5,-153.0,-157.0,-153.5,-152.5,-154.0,-157.0,-156.5,-157.0,-157.0,-157.0,-151.0,-151.5,-157.0,-157.0,-154.0,-157.0,-157.0,-157.0,-157.0,-155.5,-157.0,-157.0,-157.0,-152.0,-151.0,-157.0,-156.5,-153.5,-149.5,-151.5,-157.0,-157.0,-155.5,-155.0,-157.0,-152.0,-153.0,-153.5,-154.5,-157.0,-152.5,-156.5,-156.5,-152.5,-155.5,-155.5,-155.5,-157.0,-157.0,-155.0,-156.5,-157.0,-157.0,-157.0,-154.5,-151.0,-152.5,-156.5,-157.0,-153.5,-155.5,-157.0,-153.0,-156.0,-157.0,-153.5,-157.0,-157.0,-154.0,-157.0,-155.5,-155.0,-154.0,-157.0,-154.0,-153.5,-156.0,-157.0,-157.0,-155.5,-156.5,-157.0,-157.0,-157.0,-151.0,-152.0,-157.0,-157.0,-155.5,-157.0,-153.0,-153.0,-155.5,-157.0,-147.0,-148.5,-156.5,-151.5,-154.0,-155.5,-157.0,-157.0,-154.5,-154.0,-155.0,-156.0,-157.0,-157.0,-155.0,-151.5,-154.5,-157.0,-154.0,-157.0,-157.0,-157.0,-157.0,-157.0,-157.0,-157.0,-157.0,-157.0,-157.0,-157.0,-157.0,-155.5,-156.0,-153.0,-153.5,-157.0,-157.0,-151.0,-153.0,-157.0,-149.5,-152.5,-156.5,-157.0,-156.5,-157.0,-156.5,-156.0,-157.0,-157.0,-156.5,-156.5,-156.0,-153.5,-154.0,-154.0,-157.0,-153.0,-155.0,-156.5,-157.0,-156.5,-153.5,-157.0,-156.5,-156.0,-153.0,-157.0,-157.0,-153.5,-157.0,-153.5,-152.0,-156.0,-157.0,-153.0,-151.5,-157.0,-154.5,-153.5,-157.0,-156.5,-157.0,-157.0,-157.0,-157.0,-155.5,-155.5,-151.0,-149.0,-154.5,-157.0,-157.0,-155.5,-157.0,-154.0,-157.0,-157.0,-156.0,-157.0,-157.0,-157.0,-157.0,-152.5,-157.0,-157.0,-157.0,-157.0,-157.0,-157.0,-157.0,-157.0,-155.0,-156.0,-150.5,-151.5,-157.0,-157.0,-154.0,-154.5,-155.5,-155.5,-155.5,-157.0,-152.0,-151.0,-157.0,-156.5,-155.5,-154.0,-151.5,-157.0,-156.5,-152.0,-152.5,-156.5,-155.0,-151.0,-154.5,-155.5,-155.5,-154.5,-157.0,-155.5,-155.5,-157.0,-155.5,-156.0,-156.0,-156.5,-157.0,-157.0,-156.0,-157.0,-157.0,-157.0,-155.5,-154.5,-155.5,-157.0,-157.0,-153.5,-152.5,-151.0,-152.0,-152.5,-155.0,-153.0,-151.0,-152.0,-156.0,-157.0,-157.0,-155.5,-152.0,-157.0,-156.0,-157.0,-155.5,-155.0,-157.0,-153.5,-157.0,-157.0,-157.0,-157.0,-153.5,-151.0,-157.0,-154.0,-157.0,-154.0,-155.5,-157.0,-157.0,-157.0,-152.0,-154.5,-152.0,-153.5,-151.0,-157.0,-156.5,-155.5,-152.5,-157.0,-157.0,-157.0,-157.0,-157.0,-157.0,-157.0,-157.0,-153.0,-151.0,-154.0,-156.5,-156.5,-152.5,-154.5,-157.0,-156.5,-156.0,-157.0,-154.0,-154.5,-157.0,-157.0,-156.0,-155.0,-156.0,-152.0,-157.0
2026-01-17 14:24:09.777,143.049967,5,-77,-157.0,-157.0,-152.5,-153.5,-157.0,-156.0,-157.0,-157.0,-154.0,-157.0,-157.0,-157.0,-157.0,-157.0,-152.5,-155.5,-153.0,-153.0,-156.0,-155.0,-153.0,-153.0,-157.0,-157.0,-157.0,-153.5,-156.5,-157.0,-157.0,-157.0,-155.0,-153.5,-152.0,-157.0,-157.0,-154.0,-156.0,-156.0,-152.5,-157.0,-157.0,-157.0,-157.0,-151.5,-151.0,-157.0,-157.0,-157.0,-157.0,-154.5,-154.0,-157.0,-157.0,-151.0,-150.5,-154.5,-154.0,-153.5,-157.0,-154.5,-152.5,-155.0,-153.5,-152.0,-154.0,-155.5,-157.0,-154.0,-155.0,-154.5,-151.5,-150.5,-152.5,-155.5,-153.0,-156.0,-157.0,-157.0,-156.0,-156.0,-151.5,-151.0,-150.0,-154.0,-155.5,-154.5,-157.0,-157.0,-155.5,-152.5,-156.0,-157.0,-157.0,-157.0,-157.0,-157.0,-157.0,-155.0,-157.0,-157.0,-156.5,-157.0,-155.5,-157.0,-157.0,-154.5,-155.0,-157.0,-154.5,-152.5,-157.0,-157.0,-157.0,-156.5,-157.0,-157.0,-157.0,-157.0,-157.0,-156.5,-157.0,-155.5,-153.5,-151.5,-156.5,-155.0,-157.0,-154.0,-151.5,-154.0,-154.0,-153.5,-156.5,-157.0,-157.0,-152.0,-149.0,-157.0,-157.0,-157.0,-155.0,-157.0,-157.0,-157.0,-157.0,-157.0,-157.0,-150.0,-151.5,-153.0,-157.0,-154.5,-157.0,-157.0,-157.0,-157.0,-154.5,-153.5,-150.5,-149.5,-151.5,-154.0,-150.5,-151.5,-155.5,-155.0,-157.0,-153.0,-153.5,-156.0,-156.0,-150.5,-151.0,-157.0,-157.0,-157.0,-152.0,-156.5,-157.0,-155.0,-155.0,-152.5,-157.0,-152.0,-153.5,-151.0,-153.0,-155.0,-154.5,-157.0,-152.5,-151.5,-151.0,-151.5,-156.0,-157.0,-157.0,-153.5,-155.5,-157.0,-157.0,-157.0,-152.0,-152.0,-155.0,-157.0,-157.0,-154.5,-157.0,-157.0,-154.5,-156.5,-156.5,-155.5,-156.0,-157.0,-153.5,-157.0,-157.0,-157.0,-152.5,-152.5,-157.0,-155.5,-154.0,-152.0,-151.5,-157.0,-157.0,-156.0,-157.0,-156.0,-154.5,-156.5,-157.0,-157.0,-153.5,-157.0,-157.0,-157.0,-157.0,-157.0,-147.0,-152.0,-156.0,-151.5,-153.0,-157.0,-157.0,-157.0,-157.0,-155.5,-154.0,-157.0,-157.0,-157.0,-157.0,-154.5,-152.0,-153.5,-154.0,-155.0,-156.0,-153.0,-155.0,-155.5,-153.0,-155.5,-157.0,-157.0,-157.0,-157.0,-157.0,-157.0,-157.0,-157.0,-154.0,-156.0,-155.0,-151.0,-157.0,-153.0,-150.5,-157.0,-157.0,-157.0,-153.0,-157.0,-157.0,-157.0,-157.0,-157.0,-156.0,-157.0,-156.5,-152.5,-157.0,-154.5,-154.5,-152.5,-151.0,-157.0,-157.0,-156.0,-157.0,-155.5,-154.0,-151.5,-152.5,-157.0,-157.0,-153.0,-157.0,-154.5,-156.0,-157.0,-156.5,-149.5,-150.0,-154.5,-149.5,-148.5,-157.0,-154.5,-157.0,-157.0,-157.0,-157.0,-156.0,-150.5,-149.0,-151.5,-154.0,-157.0,-157.0,-152.0,-152.5,-152.5,-157.0,-156.0,-157.0,-157.0,-157.0,-157.0,-154.5,-154.0,-155.5,-157.0,-157.0,-157.0,-154.5,-157.0,-157.0,-157.0,-157.0,-155.0,-151.0,-157.0,-156.0,-157.0,-157.0,-150.5,-150.5,-153.5,-153.5,-156.0,-156.5,-153.0,-157.0,-157.0,-152.5,-154.5,-149.0,-155.0,-157.0,-157.0,-157.0,-157.0,-155.5,-156.0,-154.5,-157.0,-154.5,-157.0,-157.0,-156.0,-155.5,-156.0,-156.5,-155.5,-155.0,-157.0,-157.0,-154.0,-153.0,-157.0,-155.5,-157.0,-156.5,-157.0,-155.0,-157.0,-157.0,-153.5,-152.5,-150.0,-150.0,-156.5,-156.5,-157.0,-150.5,-151.0,-157.0,-157.0,-157.0,-157.0,-157.0,-157.0,-156.0,-157.0,-157.0,-154.0,-151.5,-151.5,-152.0,-153.0,-157.0,-157.0,-152.0,-152.5,-157.0,-157.0,-156.5,-156.0,-157.0,-157.0,-157.0,-157.0,-152.0,-157.0,-152.5,-155.5,-154.5,-157.0,-156.0,-157.0,-153.5,-155.5,-157.0,-157.0,-157.0,-157.0,-156.5,-157.0,-156.5,-151.5,-151.5,-155.0,-157.0,-157.0,-154.5,-156.0,-154.5,-155.5,-157.0,-157.0,-157.0,-155.0,-157.0,-157.0,-156.0,-153.5,-157.0,-157.0,-157.0
2026-01-17 14:24:09.814,143.049967,5,-77,-157.0,-157.0,-154.5,-152.0,-157.0,-157.0,-154.5,-157.0,-154.0,-157.0,-157.0,-157.0,-157.0,-157.0,-152.5,-151.0,-155.5,-154.5,-156.0,-151.0,-149.0,-153.5,-157.0,-157.0,-157.0,-157.0,-156.0,-157.0,-157.0,-157.0,-157.0,-157.0,-157.0,-157.0,-154.5,-154.0,-157.0,-152.0,-150.0,-155.5,-156.5,-157.0,-157.0,-153.0,-153.0,-157.0,-157.0,-157.0,-157.0,-157.0,-156.0,-157.0,-157.0,-157.0,-155.0,-157.0,-157.0,-157.0,-157.0,-155.5,-154.0,-157.0,-157.0,-152.5,-152.0,-154.0,-157.0,-155.5,-157.0,-157.0,-154.0,-153.0,-153.0,-157.0,-153.0,-155.0,-157.0,-156.5,-157.0,-157.0,-152.5,-156.5,-153.5,-157.0,-154.5,-151.5,-151.5,-157.0,-154.5,-157.0,-157.0,-155.5,-155.0,-155.0,-157.0,-157.0,-154.0,-157.0,-155.5,-155.5,-157.0,-157.0,-157.0,-156.0,-157.0,-156.5,-155.5,-155.0,-153.0,-153.0,-157.0,-157.0,-155.5,-156.0,-157.0,-157.0,-157.0,-154.5,-153.0,-157.0,-157.0,-153.5,-155.0,-151.5,-155.5,-157.0,-155.5,-155.5,-151.5,-157.0,-153.5,-157.0,-157.0,-157.0,-157.0,-151.5,-150.5,-155.0,-156.5,-157.0,-156.5,-157.0,-157.0,-157.0,-157.0,-157.0,-155.5,-152.0,-154.0,-153.0,-154.5,-157.0,-157.0,-157.0,-157.0,-157.0,-150.0,-149.5,-153.0,-152.5,-152.0,-152.0,-150.5,-148.0,-157.0,-157.0,-155.0,-151.5,-155.5,-154.0,-157.0,-153.0,-153.0,-157.0,-157.0,-153.5,-152.5,-156.0,-155.0,-153.0,-157.0,-153.0,-157.0,-150.5,-151.5,-151.0,-156.0,-153.0,-154.5,-157.0,-154.0,-157.0,-154.0,-153.0,-156.0,-156.5,-156.0,-150.5,-152.5,-157.0,-156.5,-155.0,-153.5,-157.0,-157.0,-156.5,-157.0,-156.5,-157.0,-157.0,-157.0,-157.0,-155.5,-157.0,-153.0,-153.5,-151.0,-152.0,-157.0,-157.0,-155.5,-153.5,-157.0,-156.5,-155.5,-150.5,-150.0,-157.0,-157.0,-156.0,-153.0,-153.0,-157.0,-157.0,-157.0,-157.0,-154.0,-154.5,-154.5,-157.0,-153.5,-152.0,-148.5,-149.5,-152.5,-152.5,-156.5,-156.5,-157.0,-157.0,-157.0,-157.0,-152.0,-152.5,-157.0,-157.0,-157.0,-155.0,-152.0,-154.5,-153.0,-153.0,-157.0,-151.0,-152.5,-157.0,-153.0,-157.0,-157.0,-157.0,-157.0,-157.0,-157.0,-157.0,-157.0,-157.0,-154.0,-153.5,-154.0,-152.5,-157.0,-150.0,-153.0,-157.0,-157.0,-154.5,-152.0,-153.0,-155.5,-157.0,-157.0,-157.0,-157.0,-157.0,-154.5,-156.0,-154.5,-154.5,-154.5,-151.5,-151.5,-157.0,-154.5,-151.5,-153.5,-154.5,-150.0,-151.5,-157.0,-157.0,-157.0,-152.5,-150.0,-151.0,-154.5,-155.0,-155.5,-150.5,-156.0,-151.5,-149.0,-149.5,-156.0,-151.0,-153.0,-157.0,-157.0,-157.0,-157.0,-152.5,-152.5,-157.0,-153.5,-156.5,-153.0,-153.5,-155.5,-156.5,-152.5,-157.0,-153.5,-152.5,-157.0,-157.0,-154.0,-156.0,-152.5,-155.0,-155.0,-156.5,-154.5,-157.0,-157.0,-154.0,-157.0,-157.0,-155.5,-157.0,-157.0,-157.0,-157.0,-151.0,-151.5,-155.5,-153.5,-153.5,-157.0,-156.0,-157.0,-157.0,-152.0,-151.5,-148.5,-153.0,-157.0,-157.0,-157.0,-157.0,-156.5,-157.0,-154.5,-157.0,-157.0,-157.0,-156.0,-152.5,-152.5,-153.0,-157.0,-157.0,-152.0,-157.0,-157.0,-156.5,-157.0,-155.5,-154.5,-154.5,-153.0,-153.5,-157.0,-155.5,-157.0,-157.0,-154.5,-155.5,-155.5,-157.0,-157.0,-157.0,-154.5,-157.0,-157.0,-155.5,-155.5,-157.0,-157.0,-156.0,-154.0,-155.0,-155.5,-156.0,-153.0,-157.0,-153.5,-150.5,-157.0,-153.5,-154.5,-155.5,-157.0,-157.0,-157.0,-154.0,-153.5,-157.0,-157.0,-157.0,-151.5,-155.0,-156.5,-155.5,-156.0,-156.5,-157.0,-157.0,-150.5,-150.0,-155.0,-157.0,-157.0,-157.0,-154.5,-152.5,-154.0,-156.0,-155.0,-153.5,-153.0,-155.0,-157.0,-157.0,-155.0,-155.0,-157.0,-157.0,-157.0,-155.5,-154.5,-155.5,-157.0,-153.5,-157.0,-157.0,-156.0
2026-01-17 14:24:09.846,143.049967,5,-77,-157.0,-157.0,-157.0,-151.0,-152.5,-157.0,-155.5,-157.0,-155.0,-156.5,-157.0,-157.0,-157.0,-156.5,-156.0,-153.5,-155.5,-157.0,-152.5,-149.5,-150.0,-157.0,-157.0,-157.0,-157.0,-157.0,-157.0,-157.0,-157.0,-153.5,-152.0,-156.0,-157.0,-157.0,-157.0,-157.0,-157.0,-152.5,-150.5,-153.0,-157.0,-154.0,-157.0,-157.0,-157.0,-153.5,-153.0,-157.0,-157.0,-155.5,-155.0,-157.0,-157.0,-157.0,-157.0,-157.0,-157.0,-157.0,-157.0,-154.5,-156.0,-155.0,-157.0,-157.0,-153.0,-153.5,-156.0,-157.0,-157.0,-157.0,-155.5,-157.0,-157.0,-157.0,-157.0,-157.0,-156.5,-156.0,-157.0,-157.0,-154.5,-156.5,-157.0,-157.0,-154.5,-156.5,-152.5,-157.0,-155.5,-155.5,-157.0,-157.0,-152.0,-154.0,-157.0,-157.0,-155.5,-157.0,-157.0,-157.0,-157.0,-153.0,-154.5,-154.5,-157.0,-157.0,-155.0,-153.5,-154.5,-155.5,-156.5,-157.0,-157.0,-157.0,-157.0,-157.0,-157.0,-154.0,-152.0,-155.5,-157.0,-157.0,-154.0,-154.5,-157.0,-157.0,-153.0,-157.0,-155.0,-154.0,-152.0,-154.0,-156.5,-157.0,-157.0,-153.5,-157.0,-157.0,-155.0,-157.0,-157.0,-157.0,-157.0,-157.0,-157.0,-152.0,-154.0,-157.0,-155.5,-157.0,-155.5,-157.0,-157.0,-157.0,-157.0,-157.0,-150.5,-149.0,-150.5,-156.0,-156.0,-152.0,-150.5,-149.0,-154.5,-157.0,-152.5,-151.0,-156.5,-154.0,-157.0,-154.5,-156.5,-157.0,-157.0,-149.5,-150.0,-152.5,-151.0,-150.0,-151.0,-152.5,-157.0,-152.5,-153.5,-152.5,-153.5,-154.0,-152.0,-155.0,-157.0,-156.0,-153.0,-154.5,-155.5,-157.0,-155.5,-151.0,-155.0,-156.5,-152.5,-152.0,-152.5,-153.5,-156.5,-157.0,-156.0,-157.0,-153.5,-154.0,-157.0,-157.0,-155.5,-157.0,-152.0,-156.0,-151.5,-150.5,-157.0,-157.0,-154.0,-156.0,-155.5,-157.0,-157.0,-151.5,-155.0,-157.0,-157.0,-156.0,-154.0,-153.5,-157.0,-157.0,-157.0,-157.0,-153.5,-156.5,-156.5,-157.0,-151.0,-151.0,-150.5,-147.0,-154.5,-156.5,-156.5,-157.0,-157.0,-157.0,-157.0,-156.0,-153.0,-152.0,-157.0,-153.5,-152.0,-157.0,-155.5,-157.0,-153.0,-153.5,-154.0,-154.5,-156.0,-156.5,-153.5,-157.0,-155.5,-157.0,-157.0,-157.0,-157.0,-157.0,-157.0,-157.0,-156.5,-155.5,-157.0,-157.0,-156.0,-151.0,-154.5,-157.0,-157.0,-156.0,-156.5,-157.0,-152.5,-157.0,-153.0,-153.5,-157.0,-155.0,-153.5,-157.0,-154.0,-155.0,-154.5,-152.0,-152.5,-153.0,-155.0,-151.0,-149.0,-157.0,-152.5,-153.5,-157.0,-157.0,-157.0,-157.0,-151.0,-152.5,-155.0,-157.0,-157.0,-153.5,-154.0,-156.5,-156.5,-157.0,-153.0,-152.0,-150.5,-152.0,-157.0,-157.0,-157.0,-153.5,-156.5,-157.0,-152.5,-153.0,-154.0,-157.0,-156.0,-157.0,-153.0,-155.5,-152.5,-152.5,-157.0,-157.0,-154.5,-152.0,-153.0,-157.0,-154.5,-153.0,-157.0,-157.0,-151.5,-149.5,-151.0,-157.0,-157.0,-157.0,-157.0,-157.0,-156.0,-152.5,-152.5,-155.5,-152.0,-154.0,-157.0,-155.0,-154.5,-157.0,-151.5,-151.0,-153.0,-157.0,-157.0,-157.0,-157.0,-157.0,-157.0,-157.0,-155.0,-157.0,-157.0,-157.0,-157.0,-152.5,-153.5,-157.0,-157.0,-156.0,-151.0,-153.5,-157.0,-157.0,-157.0,-155.0,-157.0,-155.0,-151.0,-150.5,-157.0,-155.5,-157.0,-155.0,-152.0,-157.0,-154.0,-153.5,-157.0,-157.0,-157.0,-157.0,-157.0,-152.0,-152.0,-157.0,-157.0,-156.5,-152.0,-154.0,-157.0,-153.5,-152.5,-157.0,-156.5,-154.5,-157.0,-156.5,-157.0,-155.5,-157.0,-157.0,-156.5,-153.5,-154.0,-157.0,-157.0,-155.5,-151.0,-152.0,-156.0,-153.5,-157.0,-157.0,-157.0,-157.0,-151.0,-151.0,-157.0,-157.0,-157.0,-157.0,-157.0,-156.0,-157.0,-157.0,-157.0,-155.0,-152.5,-154.0,-157.0,-157.0,-157.0,-156.0,-157.0,-157.0,-155.5,-152.5,-151.5,-157.0,-154.0,-154.5,-157.0,-157.0,-155.0
2026-01-17 14:24:09.883,143.049967,5,-77,-157.0,-157.0,-157.0,-152.5,-153.0,-156.5,-153.0,-156.5,-157.0,-157.0,-157.0,-155.5,-156.0,-154.5,-157.0,-156.5,-154.5,-156.0,-154.0,-154.5,-151.0,-150.5,-151.0,-157.0,-155.5,-156.5,-157.0,-157.0,-157.0,-151.0,-152.0,-153.0,-157.0,-156.5,-157.0,-157.0,-157.0,-157.0,-153.5,-152.5,-157.0,-152.5,-157.0,-157.0,-157.0,-153.0,-153.0,-157.0,-157.0,-157.0,-156.0,-152.5,-152.5,-157.0,-156.0,-155.5,-157.0,-157.0,-157.0,-157.0,-157.0,-154.5,-155.5,-157.0,-157.0,-157.0,-157.0,-157.0,-157.0,-157.0,-157.0,-154.0,-154.0,-156.0,-157.0,-157.0,-155.5,-157.0,-154.5,-154.5,-157.0,-157.0,-157.0,-157.0,-153.5,-157.0,-154.0,-157.0,-157.0,-157.0,-155.0,-156.0,-157.0,-155.0,-153.0,-154.5,-157.0,-156.5,-157.0,-157.0,-157.0,-153.5,-153.5,-153.0,-155.5,-155.0,-156.5,-153.0,-153.0,-154.5,-157.0,-157.0,-157.0,-157.0,-157.0,-157.0,-157.0,-153.0,-155.5,-157.0,-157.0,-157.0,-157.0,-157.0,-157.0,-157.0,-155.0,-154.0,-157.0,-155.5,-156.0,-156.0,-156.5,-157.0,-157.0,-154.0,-153.0,-157.0,-157.0,-157.0,-157.0,-156.5,-157.0,-157.0,-150.5,-149.0,-151.0,-157.0,-157.0,-157.0,-153.5,-153.0,-157.0,-157.0,-157.0,-157.0,-157.0,-155.0,-156.0,-156.0,-157.0,-155.0,-154.0,-152.5,-156.5,-157.0,-155.0,-157.0,-152.5,-150.0,-153.5,-154.0,-157.0,-156.0,-151.0,-152.0,-153.0,-150.5,-150.0,-149.0,-149.5,-153.5,-154.0,-155.0,-157.0,-157.0,-151.0,-155.0,-153.5,-155.0,-156.0,-150.0,-149.5,-155.0,-156.5,-157.0,-154.5,-152.0,-153.5,-157.0,-157.0,-154.0,-151.5,-150.5,-152.5,-152.5,-152.5,-156.5,-154.5,-155.0,-157.0,-157.0,-152.5,-155.0,-157.0,-157.0,-156.5,-151.5,-155.0,-157.0,-152.5,-157.0,-157.0,-157.0,-157.0,-156.5,-156.5,-157.0,-157.0,-154.5,-157.0,-157.0,-157.0,-157.0,-156.5,-157.0,-153.5,-157.0,-157.0,-156.0,-152.5,-153.5,-148.0,-146.5,-157.0,-157.0,-154.5,-157.0,-156.0,-156.5,-157.0,-156.5,-154.5,-151.0,-153.0,-157.0,-151.0,-153.5,-156.0,-157.0,-156.5,-153.0,-153.0,-157.0,-157.0,-157.0,-154.0,-157.0,-154.5,-157.0,-156.0,-154.5,-157.0,-157.0,-157.0,-154.0,-154.0,-155.5,-155.5,-157.0,-157.0,-155.0,-157.0,-157.0,-153.5,-157.0,-157.0,-156.5,-152.0,-156.5,-152.0,-153.5,-157.0,-153.5,-155.0,-157.0,-152.5,-153.0,-151.0,-150.0,-152.5,-152.0,-157.0,-155.0,-149.5,-152.0,-155.0,-157.0,-152.0,-153.0,-157.0,-157.0,-157.0,-157.0,-155.0,-156.5,-157.0,-157.0,-156.5,-157.0,-157.0,-153.5,-153.5,-156.5,-152.0,-151.0,-157.0,-156.0,-157.0,-152.5,-154.0,-157.0,-152.5,-154.0,-153.5,-154.0,-156.5,-157.0,-155.0,-156.5,-157.0,-156.5,-155.0,-155.5,-157.0,-155.0,-157.0,-157.0,-155.5,-153.5,-156.5,-156.0,-153.5,-153.5,-152.5,-157.0,-157.0,-156.5,-157.0,-157.0,-154.5,-152.0,-151.5,-151.0,-148.5,-150.0,-157.0,-157.0,-156.5,-157.0,-153.5,-157.0,-152.5,-154.0,-157.0,-157.0,-155.5,-157.0,-157.0,-157.0,-152.0,-153.5,-154.5,-156.0,-151.5,-154.0,-153.5,-157.0,-156.5,-157.0,-155.0,-153.0,-157.0,-156.5,-153.5,-152.5,-157.0,-157.0,-157.0,-153.0,-156.0,-157.0,-157.0,-152.0,-151.0,-157.0,-151.0,-151.0,-157.0,-157.0,-157.0,-154.5,-157.0,-150.0,-150.5,-156.5,-157.0,-157.0,-153.0,-157.0,-154.5,-154.0,-156.5,-157.0,-155.5,-157.0,-157.0,-157.0,-154.5,-153.5,-157.0,-157.0,-156.5,-157.0,-157.0,-157.0,-157.0,-157.0,-153.5,-153.0,-154.5,-153.0,-157.0,-157.0,-157.0,-157.0,-154.0,-156.0,-157.0,-156.0,-154.0,-157.0,-157.0,-157.0,-157.0,-157.0,-155.5,-153.0,-156.5,-157.0,-155.5,-155.0,-154.5,-153.0,-157.0,-157.0,-156.5,-154.0,-153.0,-157.0,-151.5,-150.0,-157.0,-157.0,-155.0
2026-01-17 14:24:09.911,143.049967,5,-77,-157.0,-157.0,-157.0,-155.0,-157.0,-154.5,-151.5,-155.0,-157.0,-157.0,-157.0,-155.0,-155.5,-154.0,-157.0,-157.0,-157.0,-157.0,-157.0,-157.0,-153.5,-150.0,-151.5,-157.0,-153.5,-153.5,-157.0,-157.0,-157.0,-154.0,-157.0,-155.0,-152.5,-152.0,-155.5,-156.5,-156.0,-157.0,-157.0,-156.5,-156.5,-153.0,-157.0,-157.0,-157.0,-157.0,-157.0,-157.0,-157.0,-157.0,-157.0,-153.5,-151.5,-154.5,-152.0,-154.0,-157.0,-156.5,-157.0,-157.0,-156.0,-157.0,-154.0,-157.0,-156.5,-157.0,-157.0,-157.0,-157.0,-154.0,-155.5,-152.5,-151.5,-151.0,-152.5,-157.0,-157.0,-157.0,-155.5,-155.5,-157.0,-157.0,-157.0,-151.5,-152.5,-153.0,-152.0,-154.5,-157.0,-156.0,-152.0,-152.5,-157.0,-155.5,-152.0,-156.5,-156.0,-152.5,-154.0,-157.0,-154.5,-154.5,-157.0,-156.0,-154.5,-153.5,-157.0,-152.5,-155.5,-153.5,-157.0,-157.0,-157.0,-154.0,-152.5,-157.0,-156.0,-156.0,-155.0,-156.5,-156.5,-157.0,-157.0,-157.0,-157.0,-157.0,-157.0,-156.0,-157.0,-157.0,-157.0,-157.0,-157.0,-157.0,-153.0,-153.0,-152.5,-155.0,-156.0,-157.0,-157.0,-152.5,-152.0,-157.0,-151.0,-154.0,-150.5,-153.0,-157.0,-157.0,-149.5,-149.0,-157.0,-157.0,-157.0,-157.0,-157.0,-157.0,-157.0,-154.0,-156.5,-157.0,-157.0,-154.0,-157.0,-157.0,-157.0,-155.0,-151.0,-148.0,-150.5,-155.5,-157.0,-157.0,-153.5,-149.5,-151.5,-151.0,-152.5,-150.5,-151.5,-152.0,-152.5,-155.5,-157.0,-156.5,-152.0,-157.0,-157.0,-155.0,-154.0,-150.0,-152.0,-157.0,-153.5,-156.0,-157.0,-155.0,-151.5,-157.0,-157.0,-155.5,-152.5,-151.5,-152.0,-150.5,-153.0,-152.0,-157.0,-157.0,-155.5,-157.0,-152.5,-154.0,-156.5,-155.0,-154.5,-151.5,-156.5,-157.0,-155.0,-157.0,-157.0,-155.0,-157.0,-157.0,-153.0,-156.0,-157.0,-153.5,-154.5,-157.0,-157.0,-157.0,-155.0,-157.0,-156.0,-157.0,-157.0,-157.0,-157.0,-154.0,-146.0,-147.0,-157.0,-154.5,-156.5,-157.0,-157.0,-156.0,-157.0,-157.0,-153.5,-153.5,-153.0,-157.0,-153.0,-153.5,-152.0,-157.0,-157.0,-151.0,-152.5,-157.0,-157.0,-157.0,-155.5,-156.0,-157.0,-157.0,-154.5,-154.0,-157.0,-157.0,-156.0,-155.5,-156.5,-157.0,-155.5,-157.0,-157.0,-156.0,-157.0,-156.5,-153.5,-157.0,-157.0,-157.0,-153.0,-157.0,-157.0,-157.0,-157.0,-156.5,-157.0,-153.5,-155.0,-157.0,-157.0,-151.5,-154.0,-151.5,-152.5,-153.0,-152.0,-157.0,-156.0,-157.0,-151.0,-153.0,-157.0,-157.0,-157.0,-157.0,-152.5,-152.0,-157.0,-157.0,-157.0,-157.0,-154.0,-153.0,-155.5,-156.5,-156.5,-153.0,-157.0,-157.0,-153.0,-154.0,-155.5,-157.0,-152.5,-156.5,-154.0,-155.0,-156.0,-157.0,-155.0,-154.5,-157.0,-157.0,-153.0,-153.5,-157.0,-157.0,-157.0,-157.0,-154.0,-157.0,-157.0,-154.0,-156.0,-157.0,-157.0,-152.0,-151.5,-152.5,-153.5,-157.0,-157.0,-155.0,-151.5,-151.0,-152.5,-151.0,-155.5,-155.5,-157.0,-157.0,-154.5,-157.0,-151.0,-150.5,-157.0,-157.0,-155.5,-157.0,-157.0,-157.0,-151.5,-152.5,-153.5,-156.0,-153.0,-154.0,-155.5,-157.0,-156.5,-157.0,-157.0,-155.5,-157.0,-155.0,-150.5,-151.5,-157.0,-157.0,-157.0,-152.0,-153.0,-156.5,-157.0,-154.5,-152.5,-156.5,-154.0,-153.5,-157.0,-157.0,-157.0,-155.0,-156.0,-152.5,-153.5,-155.5,-155.5,-157.0,-157.0,-154.5,-152.5,-153.0,-157.0,-157.0,-157.0,-157.0,-153.5,-157.0,-156.5,-156.5,-157.0,-157.0,-157.0,-157.0,-157.0,-157.0,-157.0,-157.0,-157.0,-155.0,-157.0,-155.0,-155.5,-157.0,-157.0,-157.0,-157.0,-157.0,-157.0,-157.0,-154.5,-157.0,-157.0,-157.0,-157.0,-157.0,-150.5,-149.0,-157.0,-157.0,-153.5,-153.5,-154.0,-153.0,-157.0,-157.0,-157.0,-157.0,-156.0,-155.0,-151.5,-150.5,-156.5,-153.0,-156.5
2026-01-17 14:24:09.944,143.049967,5,-77,-157.0,-157.0,-157.0,-157.0,-157.0,-157.0,-154.0,-157.0,-157.0,-157.0,-157.0,-157.0,-157.0,-155.5,-157.0,-157.0,-157.0,-157.0,-156.5,-156.5,-157.0,-155.5,-156.5,-152.5,-156.0,-152.0,-157.0,-157.0,-157.0,-157.0,-157.0,-157.0,-153.0,-152.0,-156.0,-157.0,-156.0,-157.0,-157.0,-152.5,-154.5,-157.0,-157.0,-157.0,-157.0,-157.0,-157.0,-157.0,-157.0,-157.0,-157.0,-156.0,-154.0,-156.0,-153.5,-157.0,-157.0,-157.0,-153.0,-153.5,-155.0,-156.5,-152.0,-156.0,-157.0,-157.0,-157.0,-155.5,-157.0,-153.5,-154.5,-156.0,-157.0,-150.5,-153.0,-157.0,-157.0,-157.0,-157.0,-156.5,-157.0,-151.0,-151.5,-150.5,-152.5,-152.5,-156.0,-153.5,-156.5,-154.5,-155.5,-156.5,-155.0,-155.5,-152.5,-157.0,-157.0,-152.5,-156.5,-157.0,-157.0,-154.0,-157.0,-157.0,-157.0,-157.0,-157.0,-155.0,-154.5,-154.0,-156.0,-157.0,-153.5,-153.0,-153.0,-154.0,-154.5,-157.0,-154.0,-155.0,-157.0,-156.0,-156.5,-157.0,-157.0,-157.0,-157.0,-157.0,-157.0,-157.0,-157.0,-157.0,-157.0,-155.5,-150.5,-154.0,-156.0,-157.0,-157.0,-154.5,-151.5,-149.5,-150.0,-157.0,-153.5,-155.5,-153.5,-157.0,-157.0,-157.0,-151.5,-149.0,-152.5,-156.0,-157.0,-155.5,-157.0,-156.5,-153.0,-150.5,-154.5,-154.0,-150.5,-155.5,-157.0,-157.0,-157.0,-152.5,-157.0,-149.5,-157.0,-157.0,-157.0,-157.0,-157.0,-148.5,-149.5,-150.0,-153.5,-157.0,-156.0,-150.0,-156.0,-157.0,-157.0,-156.0,-153.0,-155.5,-157.0,-153.5,-153.5,-151.0,-152.5,-157.0,-151.5,-152.0,-157.0,-157.0,-154.5,-157.0,-157.0,-157.0,-154.0,-152.5,-156.5,-155.0,-153.5,-151.5,-157.0,-157.0,-157.0,-157.0,-157.0,-157.0,-152.5,-154.0,-157.0,-153.5,-156.0,-155.0,-157.0,-157.0,-157.0,-157.0,-157.0,-156.0,-153.0,-156.5,-157.0,-157.0,-157.0,-157.0,-157.0,-157.0,-155.5,-154.0,-154.0,-156.0,-156.5,-156.5,-157.0,-155.5,-145.5,-145.5,-157.0,-155.5,-157.0,-157.0,-157.0,-153.5,-156.5,-157.0,-154.5,-157.0,-154.0,-155.5,-157.0,-154.0,-152.0,-154.0,-154.0,-151.5,-156.5,-157.0,-157.0,-157.0,-157.0,-157.0,-157.0,-157.0,-157.0,-157.0,-157.0,-157.0,-157.0,-157.0,-157.0,-157.0,-157.0,-157.0,-156.0,-155.5,-154.0,-157.0,-155.0,-157.0,-157.0,-157.0,-156.0,-157.0,-157.0,-157.0,-157.0,-157.0,-155.0,-151.5,-156.5,-157.0,-157.0,-157.0,-157.0,-154.0,-149.5,-152.0,-156.5,-157.0,-157.0,-157.0,-153.5,-156.5,-157.0,-155.5,-157.0,-153.5,-154.5,-154.0,-154.0,-154.0,-157.0,-157.0,-153.5,-156.5,-155.0,-157.0,-155.5,-156.5,-157.0,-157.0,-152.5,-157.0,-157.0,-157.0,-154.0,-154.0,-157.0,-153.5,-153.5,-156.0,-157.0,-156.5,-157.0,-157.0,-157.0,-154.5,-157.0,-156.5,-157.0,-154.0,-152.0,-157.0,-156.0,-156.5,-157.0,-157.0,-156.5,-150.0,-149.5,-154.0,-152.0,-157.0,-155.5,-157.0,-156.5,-157.0,-157.0,-157.0,-156.5,-155.0,-157.0,-156.0,-153.5,-156.0,-154.0,-153.5,-156.5,-154.0,-154.5,-157.0,-157.0,-155.5,-156.0,-157.0,-155.0,-157.0,-157.0,-157.0,-157.0,-157.0,-157.0,-157.0,-155.5,-154.5,-157.0,-153.0,-152.5,-151.5,-157.0,-157.0,-156.0,-156.5,-155.0,-157.0,-157.0,-157.0,-155.0,-157.0,-157.0,-157.0,-157.0,-157.0,-155.5,-157.0,-154.0,-157.0,-157.0,-157.0,-157.0,-157.0,-157.0,-154.5,-153.5,-152.5,-157.0,-157.0,-157.0,-156.5,-153.0,-157.0,-157.0,-157.0,-157.0,-157.0,-157.0,-157.0,-155.0,-157.0,-157.0,-157.0,-157.0,-154.0,-157.0,-157.0,-157.0,-157.0,-157.0,-156.5,-157.0,-157.0,-157.0,-156.0,-157.0,-157.0,-157.0,-156.5,-156.5,-157.0,-150.5,-149.5,-155.5,-157.0,-156.5,-157.0,-157.0,-155.5,-157.0,-157.0,-157.0,-157.0,-157.0,-153.5,-154.5,-155.5,-154.0,-155.5,-154.5
2026-01-17 14:24:09.977,143.049967,5,-77,-157.0,-157.0,-157.0,-157.0,-156.0,-156.0,-154.5,-157.0,-157.0,-156.0,-157.0,-157.0,-156.5,-156.5,-157.0,-157.0,-157.0,-156.5,-156.5,-157.0,-157.0,-157.0,-154.0,-153.0,-152.5,-152.0,-156.5,-156.5,-157.0,-157.0,-157.0,-157.0,-154.0,-153.5,-157.0,-157.0,-157.0,-156.5,-153.5,-149.0,-150.5,-154.0,-156.5,-157.0,-157.0,-157.0,-157.0,-157.0,-154.5,-157.0,-157.0,-155.0,-157.0,-157.0,-156.5,-157.0,-157.0,-152.0,-151.0,-156.0,-157.0,-157.0,-152.0,-152.5,-155.0,-156.0,-157.0,-152.5,-157.0,-154.5,-157.0,-156.0,-157.0,-153.5,-157.0,-157.0,-157.0,-157.0,-157.0,-155.0,-154.5,-151.0,-152.5,-151.0,-151.0,-154.0,-157.0,-153.5,-153.5,-156.0,-157.0,-157.0,-153.5,-155.5,-155.0,-157.0,-157.0,-155.0,-157.0,-157.0,-157.0,-153.0,-157.0,-156.0,-157.0,-157.0,-157.0,-157.0,-152.5,-155.5,-157.0,-157.0,-151.5,-155.0,-157.0,-156.5,-157.0,-157.0,-157.0,-157.0,-157.0,-156.5,-154.0,-157.0,-157.0,-157.0,-157.0,-157.0,-157.0,-155.5,-157.0,-157.0,-155.5,-152.5,-151.5,-157.0,-157.0,-157.0,-157.0,-151.5,-150.0,-150.0,-155.0,-157.0,-157.0,-155.5,-157.0,-156.5,-154.5,-157.0,-157.0,-151.0,-150.0,-157.0,-155.5,-154.0,-157.0,-154.0,-150.5,-151.0,-156.0,-154.0,-147.0,-151.0,-157.0,-157.0,-155.0,-153.0,-155.0,-149.5,-152.5,-157.0,-157.0,-156.0,-155.5,-151.0,-157.0,-150.5,-152.5,-157.0,-151.0,-150.0,-157.0,-157.0,-157.0,-156.0,-153.5,-152.5,-154.0,-157.0,-157.0,-156.0,-155.5,-157.0,-156.5,-156.5,-155.0,-157.0,-157.0,-157.0,-157.0,-152.0,-154.5,-155.5,-157.0,-157.0,-155.0,-153.5,-157.0,-157.0,-157.0,-157.0,-157.0,-157.0,-151.5,-157.0,-156.5,-156.5,-157.0,-156.5,-157.0,-157.0,-156.5,-157.0,-157.0,-156.0,-152.5,-157.0,-157.0,-157.0,-157.0,-154.0,-156.0,-156.5,-157.0,-153.5,-152.5,-155.5,-151.0,-156.0,-155.5,-151.5,-143.5,-144.5,-156.5,-157.0,-157.0,-157.0,-152.0,-151.0,-157.0,-157.0,-157.0,-155.0,-156.0,-154.5,-157.0,-157.0,-154.0,-151.0,-152.5,-152.5,-155.0,-154.0,-155.5,-157.0,-157.0,-155.0,-156.5,-157.0,-157.0,-157.0,-157.0,-157.0,-157.0,-157.0,-155.0,-154.0,-157.0,-157.0,-157.0,-157.0,-154.0,-155.0,-153.0,-157.0,-157.0,-156.5,-155.0,-157.0,-156.5,-156.0,-155.5,-157.0,-157.0,-151.5,-156.5,-157.0,-157.0,-157.0,-157.0,-157.0,-149.5,-154.0,-156.5,-157.0,-157.0,-157.0,-155.0,-156.0,-152.5,-155.0,-157.0,-154.5,-157.0,-154.0,-152.5,-157.0,-155.5,-156.0,-157.0,-153.5,-151.5,-157.0,-153.0,-154.0,-155.0,-157.0,-157.0,-154.0,-154.0,-150.5,-152.5,-153.5,-157.0,-155.0,-157.0,-154.5,-157.0,-157.0,-157.0,-156.0,-154.0,-154.5,-152.0,-151.0,-157.0,-157.0,-153.5,-157.0,-156.5,-157.0,-157.0,-157.0,-154.0,-157.0,-151.5,-154.0,-149.5,-156.0,-155.5,-157.0,-156.0,-157.0,-157.0,-157.0,-157.0,-157.0,-157.0,-157.0,-157.0,-157.0,-157.0,-157.0,-153.0,-150.0,-152.5,-157.0,-157.0,-157.0,-157.0,-157.0,-155.5,-157.0,-157.0,-157.0,-157.0,-157.0,-157.0,-154.0,-154.5,-157.0,-157.0,-153.0,-157.0,-153.0,-157.0,-157.0,-157.0,-157.0,-157.0,-157.0,-157.0,-157.0,-154.0,-155.5,-157.0,-157.0,-157.0,-155.0,-153.5,-153.5,-153.0,-157.0,-157.0,-157.0,-157.0,-157.0,-156.5,-155.5,-157.0,-153.0,-154.5,-157.0,-157.0,-155.0,-157.0,-157.0,-157.0,-157.0,-157.0,-157.0,-157.0,-152.5,-152.0,-157.0,-154.5,-154.5,-154.5,-153.0,-157.0,-157.0,-155.5,-155.5,-157.0,-157.0,-157.0,-157.0,-156.5,-153.0,-157.0,-154.0,-157.0,-157.0,-156.0,-157.0,-156.0,-156.0,-156.0,-157.0,-157.0,-157.0,-154.5,-153.5,-155.5,-157.0,-157.0,-157.0,-156.5,-157.0,-157.0,-157.0,-155.5,-157.0,-150.5
2026-01-17 14:24:10.016,143.049967,5,-77,-157.0,-157.0,-157.0,-157.0,-153.0,-153.5,-156.5,-154.5,-157.0,-154.5,-156.5,-157.0,-157.0,-154.5,-157.0,-157.0,-157.0,-157.0,-157.0,-157.0,-157.0,-157.0,-157.0,-157.0,-152.5,-154.5,-152.5,-151.0,-152.5,-157.0,-157.0,-157.0,-156.5,-157.0,-157.0,-157.0,-157.0,-157.0,-154.0,-150.0,-150.5,-151.5,-157.0,-157.0,-157.0,-153.5,-155.0,-157.0,-151.5,-155.0,-155.5,-152.5,-155.0,-157.0,-157.0,-157.0,-153.0,-151.5,-155.0,-157.0,-157.0,-157.0,-157.0,-157.0,-152.0,-153.5,-152.0,-150.5,-154.5,-151.5,-154.0,-155.0,-155.5,-151.5,-154.0,-157.0,-157.0,-157.0,-157.0,-157.0,-157.0,-157.0,-155.0,-154.0,-154.0,-157.0,-157.0,-156.5,-156.5,-154.0,-156.5,-157.0,-154.0,-157.0,-157.0,-154.5,-154.5,-155.0,-157.0,-157.0,-157.0,-153.5,-157.0,-156.0,-157.0,-157.0,-156.0,-157.0,-154.5,-153.0,-157.0,-157.0,-154.0,-157.0,-157.0,-157.0,-157.0,-157.0,-157.0,-157.0,-157.0,-157.0,-155.0,-154.5,-157.0,-157.0,-156.0,-156.5,-157.0,-153.5,-157.0,-157.0,-154.5,-154.0,-155.5,-154.5,-156.0,-157.0,-157.0,-157.0,-156.5,-152.5,-156.5,-155.5,-157.0,-154.0,-154.5,-153.5,-154.5,-157.0,-157.0,-157.0,-154.5,-157.0,-151.5,-153.0,-155.5,-154.0,-151.5,-155.0,-153.0,-155.0,-149.0,-152.5,-157.0,-157.0,-152.5,-153.5,-149.5,-150.0,-154.0,-157.0,-157.0,-155.5,-155.0,-152.5,-156.0,-152.5,-157.0,-156.5,-150.0,-153.5,-156.5,-157.0,-156.5,-157.0,-155.5,-153.5,-154.0,-157.0,-157.0,-157.0,-157.0,-157.0,-157.0,-157.0,-154.5,-157.0,-157.0,-157.0,-157.0,-151.0,-151.5,-153.0,-157.0,-156.5,-152.5,-155.0,-157.0,-157.0,-157.0,-157.0,-157.0,-157.0,-151.0,-153.0,-157.0,-157.0,-157.0,-157.0,-157.0,-157.0,-157.0,-154.5,-156.0,-157.0,-153.0,-154.0,-154.0,-154.5,-151.5,-149.5,-154.5,-156.5,-157.0,-156.5,-154.5,-157.0,-148.0,-152.5,-157.0,-155.0,-142.0,-143.5,-155.5,-155.0,-157.0,-157.0,-151.5,-149.5,-151.5,-157.0,-157.0,-152.0,-156.5,-157.0,-157.0,-156.5,-153.0,-154.0,-157.0,-157.0,-157.0,-157.0,-156.0,-157.0,-157.0,-157.0,-157.0,-157.0,-157.0,-157.0,-157.0,-157.0,-157.0,-156.0,-157.0,-155.5,-157.0,-157.0,-157.0,-157.0,-157.0,-153.0,-152.5,-157.0,-157.0,-151.5,-150.5,-153.0,-157.0,-155.0,-153.5,-156.0,-156.0,-153.0,-156.5,-157.0,-157.0,-157.0,-157.0,-157.0,-152.5,-155.5,-157.0,-157.0,-157.0,-157.0,-153.5,-153.0,-153.0,-157.0,-157.0,-156.5,-157.0,-153.0,-152.0,-154.5,-155.0,-157.0,-157.0,-153.0,-153.0,-157.0,-151.0,-151.0,-154.5,-157.0,-156.5,-155.5,-151.0,-149.5,-148.5,-153.0,-157.0,-157.0,-154.5,-152.5,-157.0,-157.0,-157.0,-155.5,-153.5,-155.0,-156.5,-150.5,-152.5,-157.0,-151.5,-154.5,-157.0,-157.0,-157.0,-157.0,-157.0,-154.0,-151.5,-153.5,-149.0,-156.5,-157.0,-152.5,-151.5,-153.0,-157.0,-157.0,-155.0,-154.5,-154.0,-157.0,-157.0,-157.0,-157.0,-157.0,-150.0,-149.5,-154.5,-157.0,-157.0,-157.0,-155.5,-155.5,-153.0,-157.0,-157.0,-155.0,-153.5,-157.0,-156.0,-152.0,-157.0,-157.0,-155.0,-152.0,-154.0,-150.5,-157.0,-157.0,-157.0,-157.0,-157.0,-157.0,-157.0,-157.0,-152.0,-153.5,-157.0,-157.0,-157.0,-156.5,-155.5,-156.0,-154.5,-154.0,-153.5,-156.5,-157.0,-157.0,-157.0,-157.0,-157.0,-153.0,-155.5,-157.0,-156.5,-157.0,-157.0,-154.0,-153.5,-157.0,-155.5,-157.0,-154.0,-151.5,-154.0,-152.5,-153.0,-151.0,-157.0,-157.0,-157.0,-157.0,-157.0,-156.0,-157.0,-157.0,-157.0,-157.0,-152.5,-153.0,-156.5,-152.0,-157.0,-157.0,-157.0,-157.0,-157.0,-157.0,-157.0,-157.0,-154.5,-153.5,-155.0,-155.0,-156.0,-157.0,-157.0,-157.0,-156.0,-157.0,-157.0,-157.0,-154.5,-157.0,-151.0
2026-01-17 14:24:10.043,143.049967,5,-77,-157.0,-157.0,-157.0,-157.0,-154.5,-157.0,-156.0,-154.0,-157.0,-156.5,-156.0,-157.0,-157.0,-154.0,-157.0,-157.0,-157.0,-157.0,-157.0,-157.0,-157.0,-157.0,-157.0,-157.0,-157.0,-156.5,-156.0,-152.0,-152.5,-154.5,-157.0,-157.0,-157.0,-157.0,-157.0,-157.0,-156.0,-156.0,-155.0,-153.5,-156.0,-157.0,-157.0,-157.0,-157.0,-154.5,-154.5,-153.5,-151.5,-150.5,-156.0,-153.0,-157.0,-157.0,-157.0,-157.0,-154.0,-154.5,-155.0,-155.0,-157.0,-157.0,-157.0,-157.0,-152.5,-150.5,-157.0,-154.0,-157.0,-150.5,-151.0,-157.0,-157.0,-152.5,-152.0,-157.0,-157.0,-157.0,-156.5,-156.5,-157.0,-157.0,-157.0,-157.0,-155.0,-156.5,-156.5,-157.0,-157.0,-156.0,-155.0,-154.5,-155.0,-154.5,-157.0,-155.5,-151.5,-153.0,-157.0,-157.0,-157.0,-155.0,-157.0,-157.0,-157.0,-157.0,-156.0,-157.0,-156.0,-155.5,-152.5,-151.0,-156.5,-157.0,-156.5,-157.0,-153.0,-157.0,-157.0,-157.0,-157.0,-157.0,-157.0,-151.0,-153.5,-157.0,-154.5,-155.5,-157.0,-157.0,-156.0,-157.0,-150.0,-149.5,-154.5,-155.0,-155.5,-157.0,-157.0,-157.0,-152.5,-151.5,-154.5,-154.5,-157.0,-151.5,-150.5,-153.5,-157.0,-154.5,-156.0,-157.0,-157.0,-157.0,-153.0,-154.5,-157.0,-157.0,-156.0,-155.5,-150.5,-153.0,-153.0,-157.0,-157.0,-157.0,-153.5,-157.0,-152.5,-153.0,-155.0,-157.0,-157.0,-156.5,-153.0,-155.0,-154.0,-155.0,-157.0,-153.5,-151.5,-155.5,-157.0,-157.0,-157.0,-157.0,-153.0,-153.5,-157.0,-157.0,-157.0,-157.0,-157.0,-157.0,-157.0,-155.0,-153.0,-155.5,-157.0,-157.0,-157.0,-156.0,-153.0,-153.5,-152.5,-157.0,-153.0,-157.0,-157.0,-157.0,-156.5,-157.0,-157.0,-156.5,-152.0,-151.0,-157.0,-157.0,-157.0,-157.0,-157.0,-157.0,-157.0,-153.0,-152.0,-157.0,-154.5,-154.0,-156.5,-153.0,-155.0,-149.0,-152.5,-157.0,-156.0,-157.0,-157.0,-154.0,-148.5,-149.5,-157.0,-157.0,-142.5,-143.5,-155.0,-152.5,-157.0,-157.0,-157.0,-150.5,-149.5,-156.5,-152.5,-149.0,-154.0,-157.0,-157.0,-155.5,-153.5,-157.0,-157.0,-157.0,-157.0,-157.0,-155.0,-156.0,-157.0,-157.0,-157.0,-157.0,-157.0,-156.5,-157.0,-157.0,-157.0,-156.0,-155.0,-155.0,-152.5,-154.5,-154.5,-154.0,-157.0,-154.0,-157.0,-153.5,-157.0,-152.0,-150.0,-151.5,-155.0,-154.5,-157.0,-157.0,-157.0,-155.0,-154.5,-157.0,-157.0,-157.0,-157.0,-157.0,-154.5,-153.5,-157.0,-157.0,-157.0,-157.0,-154.5,-152.0,-153.0,-156.0,-157.0,-157.0,-153.0,-152.0,-152.5,-155.5,-155.5,-157.0,-156.5,-155.0,-157.0,-156.0,-156.5,-152.5,-155.5,-157.0,-156.0,-157.0,-152.5,-153.0,-149.5,-157.0,-157.0,-157.0,-152.5,-152.0,-155.5,-157.0,-157.0,-157.0,-157.0,-157.0,-157.0,-152.0,-153.0,-157.0,-152.5,-153.5,-156.5,-157.0,-157.0,-157.0,-157.0,-151.5,-151.0,-156.0,-149.0,-157.0,-157.0,-150.5,-153.0,-157.0,-157.0,-157.0,-151.0,-149.5,-149.5,-157.0,-157.0,-157.0,-156.5,-155.5,-151.5,-156.0,-157.0,-157.0,-157.0,-154.0,-154.5,-156.5,-152.0,-156.5,-156.0,-151.5,-152.0,-157.0,-154.5,-152.0,-157.0,-157.0,-157.0,-155.0,-151.5,-149.5,-155.0,-157.0,-157.0,-154.5,-157.0,-157.0,-157.0,-156.0,-153.5,-157.0,-157.0,-157.0,-157.0,-157.0,-157.0,-157.0,-157.0,-152.0,-153.5,-154.5,-154.0,-157.0,-157.0,-157.0,-157.0,-157.0,-157.0,-157.0,-157.0,-157.0,-157.0,-152.0,-151.5,-157.0,-152.5,-155.0,-152.0,-151.5,-157.0,-155.0,-157.0,-150.0,-151.5,-157.0,-157.0,-157.0,-157.0,-155.5,-154.0,-153.5,-156.0,-157.0,-151.0,-156.0,-155.5,-153.5,-157.0,-157.0,-157.0,-157.0,-157.0,-155.5,-157.0,-156.5,-155.5,-156.0,-157.0,-157.0,-157.0,-157.0,-157.0,-155.0,-157.0,-157.0,-156.0,-157.0,-156.5,-157.0,-156.0
2026-01-17 14:24:10.079,143.049967,5,-77,-157.0,-157.0,-156.0,-155.5,-152.0,-157.0,-156.5,-153.5,-156.5,-157.0,-154.5,-156.5,-156.5,-153.0,-157.0,-157.0,-157.0,-155.5,-156.5,-157.0,-156.5,-157.0,-157.0,-157.0,-157.0,-155.5,-155.5,-157.0,-153.5,-155.0,-157.0,-157.0,-154.0,-157.0,-156.5,-156.0,-154.0,-154.5,-154.5,-154.5,-157.0,-157.0,-156.5,-156.5,-157.0,-157.0,-157.0,-157.0,-157.0,-153.5,-157.0,-153.5,-155.0,-154.5,-156.5,-157.0,-157.0,-155.0,-154.5,-155.0,-157.0,-157.0,-157.0,-157.0,-153.0,-149.5,-157.0,-157.0,-157.0,-156.0,-155.5,-157.0,-157.0,-155.0,-156.0,-157.0,-157.0,-157.0,-153.5,-151.5,-155.5,-157.0,-155.5,-157.0,-157.0,-153.5,-151.0,-155.5,-155.5,-156.0,-156.0,-155.5,-157.0,-155.5,-155.5,-157.0,-153.0,-157.0,-157.0,-157.0,-157.0,-157.0,-157.0,-157.0,-157.0,-157.0,-155.5,-157.0,-157.0,-157.0,-149.0,-149.5,-157.0,-157.0,-156.0,-155.0,-153.5,-155.0,-157.0,-157.0,-156.0,-157.0,-157.0,-152.0,-156.5,-154.0,-154.5,-157.0,-157.0,-157.0,-155.5,-154.5,-151.5,-153.0,-156.0,-157.0,-156.0,-157.0,-157.0,-155.5,-154.0,-154.0,-156.0,-157.0,-157.0,-157.0,-156.0,-156.0,-157.0,-156.0,-155.0,-154.0,-155.0,-157.0,-156.0,-156.0,-157.0,-157.0,-157.0,-157.0,-151.0,-156.5,-152.5,-157.0,-157.0,-155.0,-151.5,-157.0,-157.0,-153.5,-151.5,-157.0,-153.5,-156.0,-152.0,-157.0,-157.0,-157.0,-157.0,-155.0,-154.0,-156.0,-155.5,-155.0,-157.0,-157.0,-153.5,-154.0,-157.0,-157.0,-157.0,-156.5,-157.0,-155.5,-157.0,-156.0,-156.0,-157.0,-157.0,-157.0,-157.0,-157.0,-157.0,-157.0,-153.5,-157.0,-157.0,-157.0,-157.0,-157.0,-154.5,-156.5,-156.0,-153.0,-157.0,-154.0,-157.0,-157.0,-157.0,-157.0,-154.0,-157.0,-156.5,-153.5,-152.0,-156.5,-157.0,-157.0,-156.5,-152.5,-155.5,-151.5,-152.5,-157.0,-153.0,-154.0,-157.0,-154.0,-153.0,-152.0,-157.0,-157.0,-142.5,-143.5,-155.5,-153.5,-155.0,-157.0,-157.0,-154.5,-153.0,-157.0,-157.0,-148.5,-153.0,-157.0,-157.0,-153.5,-153.0,-157.0,-157.0,-157.0,-157.0,-157.0,-153.5,-153.5,-157.0,-157.0,-154.5,-152.5,-157.0,-157.0,-157.0,-157.0,-154.0,-153.5,-155.0,-155.5,-150.5,-154.0,-154.0,-151.5,-157.0,-154.5,-155.0,-152.5,-157.0,-157.0,-156.0,-157.0,-156.0,-157.0,-155.5,-154.0,-157.0,-153.0,-150.0,-156.5,-155.0,-157.0,-157.0,-157.0,-157.0,-157.0,-157.0,-154.5,-154.5,-153.0,-155.5,-152.0,-154.5,-157.0,-157.0,-157.0,-157.0,-156.5,-156.0,-152.5,-153.5,-157.0,-156.5,-157.0,-157.0,-156.0,-157.0,-153.0,-153.0,-157.0,-157.0,-156.0,-151.5,-152.5,-152.5,-156.0,-157.0,-154.0,-154.5,-154.0,-151.0,-153.0,-156.5,-157.0,-157.0,-157.0,-157.0,-155.5,-157.0,-156.5,-155.0,-157.0,-157.0,-157.0,-157.0,-157.0,-157.0,-154.5,-155.5,-153.5,-151.0,-153.5,-155.0,-151.0,-157.0,-156.0,-154.0,-157.0,-154.5,-153.5,-151.5,-153.0,-157.0,-157.0,-157.0,-156.0,-154.5,-156.0,-157.0,-157.0,-153.5,-153.5,-156.0,-153.0,-151.0,-156.0,-157.0,-156.0,-153.0,-157.0,-156.0,-153.0,-157.0,-157.0,-157.0,-157.0,-153.5,-152.0,-157.0,-157.0,-157.0,-152.5,-153.0,-157.0,-157.0,-157.0,-157.0,-157.0,-156.5,-157.0,-157.0,-157.0,-157.0,-157.0,-157.0,-156.0,-156.5,-153.5,-154.0,-157.0,-155.5,-153.5,-157.0,-157.0,-156.5,-155.5,-153.5,-157.0,-157.0,-154.0,-155.0,-154.0,-152.5,-152.5,-155.0,-155.0,-157.0,-157.0,-157.0,-153.0,-152.0,-157.0,-157.0,-154.5,-153.0,-151.5,-151.0,-151.0,-154.0,-157.0,-150.0,-150.5,-153.5,-152.5,-157.0,-157.0,-157.0,-157.0,-152.5,-150.5,-157.0,-157.0,-157.0,-157.0,-157.0,-157.0,-155.5,-154.0,-157.0,-154.5,-157.0,-152.0,-152.0,-157.0,-157.0,-157.0,-157.0
2026-01-17 14:24:10.111,143.049967,5,-77,-157.0,-157.0,-153.0,-152.5,-150.0,-154.5,-157.0,-153.0,-155.5,-156.0,-153.5,-157.0,-155.0,-152.0,-156.0,-155.5,-157.0,-157.0,-156.5,-156.0,-155.0,-157.0,-157.0,-157.0,-157.0,-156.0,-152.5,-152.5,-154.0,-157.0,-157.0,-157.0,-154.0,-157.0,-157.0,-156.0,-155.0,-157.0,-157.0,-153.0,-153.5,-157.0,-157.0,-154.5,-157.0,-156.5,-154.5,-157.0,-157.0,-156.5,-157.0,-155.0,-152.5,-153.5,-153.5,-157.0,-157.0,-154.0,-157.0,-157.0,-157.0,-157.0,-157.0,-154.5,-154.5,-154.0,-157.0,-157.0,-157.0,-157.0,-157.0,-154.5,-155.5,-155.5,-157.0,-157.0,-157.0,-157.0,-153.0,-151.0,-156.5,-157.0,-153.5,-156.0,-157.0,-150.5,-148.0,-150.5,-156.5,-157.0,-157.0,-157.0,-157.0,-157.0,-157.0,-154.5,-155.0,-157.0,-157.0,-157.0,-156.0,-157.0,-157.0,-157.0,-157.0,-155.5,-156.5,-157.0,-157.0,-157.0,-150.5,-150.5,-157.0,-157.0,-157.0,-155.0,-157.0,-157.0,-157.0,-154.5,-154.5,-157.0,-157.0,-154.5,-157.0,-157.0,-156.5,-157.0,-157.0,-157.0,-157.0,-157.0,-157.0,-157.0,-156.5,-154.5,-157.0,-157.0,-156.5,-157.0,-157.0,-157.0,-157.0,-157.0,-157.0,-157.0,-157.0,-155.0,-156.5,-157.0,-157.0,-153.5,-153.5,-157.0,-157.0,-155.0,-155.0,-157.0,-157.0,-157.0,-153.5,-156.0,-151.0,-156.0,-157.0,-155.5,-150.5,-152.5,-157.0,-153.0,-152.0,-156.0,-154.5,-153.0,-150.0,-155.5,-157.0,-157.0,-157.0,-157.0,-157.0,-155.5,-156.0,-157.0,-157.0,-157.0,-156.0,-157.0,-154.5,-154.5,-154.5,-157.0,-157.0,-156.5,-157.0,-156.5,-156.5,-157.0,-157.0,-157.0,-157.0,-157.0,-157.0,-157.0,-155.0,-155.5,-157.0,-157.0,-157.0,-157.0,-152.5,-151.5,-156.5,-153.0,-157.0,-156.5,-157.0,-155.5,-153.0,-157.0,-154.0,-152.0,-153.5,-156.5,-157.0,-157.0,-157.0,-157.0,-157.0,-156.0,-155.5,-157.0,-157.0,-157.0,-152.5,-152.0,-157.0,-156.5,-154.5,-154.5,-157.0,-157.0,-143.0,-143.5,-157.0,-154.5,-153.0,-157.0,-156.0,-154.5,-155.5,-157.0,-157.0,-149.0,-153.0,-153.0,-157.0,-157.0,-157.0,-157.0,-155.0,-155.0,-157.0,-157.0,-151.5,-153.5,-157.0,-156.0,-150.0,-149.5,-156.0,-156.5,-153.5,-151.5,-154.0,-153.0,-155.0,-156.0,-151.5,-157.0,-152.5,-152.0,-157.0,-154.5,-157.0,-153.0,-157.0,-157.0,-157.0,-157.0,-157.0,-155.5,-152.5,-151.5,-153.0,-151.5,-153.0,-157.0,-154.5,-157.0,-157.0,-157.0,-157.0,-157.0,-157.0,-155.0,-152.0,-152.5,-152.0,-151.5,-154.5,-157.0,-157.0,-157.0,-156.5,-157.0,-155.0,-152.5,-156.5,-157.0,-157.0,-157.0,-157.0,-157.0,-155.0,-157.0,-156.5,-157.0,-157.0,-157.0,-152.0,-151.0,-153.0,-157.0,-157.0,-152.5,-156.0,-156.5,-152.5,-151.5,-157.0,-157.0,-157.0,-157.0,-157.0,-154.0,-156.0,-157.0,-156.5,-157.0,-157.0,-157.0,-157.0,-157.0,-157.0,-157.0,-156.5,-157.0,-157.0,-153.5,-152.5,-154.5,-157.0,-151.0,-152.0,-155.5,-156.5,-156.5,-156.0,-157.0,-155.5,-157.0,-157.0,-157.0,-157.0,-157.0,-155.0,-155.5,-153.5,-157.0,-157.0,-157.0,-154.0,-157.0,-157.0,-157.0,-156.0,-157.0,-157.0,-157.0,-157.0,-157.0,-154.0,-157.0,-156.5,-157.0,-155.5,-157.0,-153.5,-154.0,-152.0,-157.0,-157.0,-157.0,-157.0,-155.5,-157.0,-157.0,-157.0,-154.0,-154.5,-157.0,-157.0,-157.0,-157.0,-155.0,-156.5,-157.0,-153.0,-151.5,-157.0,-157.0,-156.0,-152.5,-152.0,-157.0,-156.0,-156.0,-157.0,-156.0,-156.5,-154.5,-155.5,-155.0,-155.0,-155.5,-157.0,-157.0,-156.5,-157.0,-157.0,-153.0,-151.5,-153.5,-152.5,-153.5,-156.0,-154.0,-154.0,-150.5,-154.0,-148.5,-157.0,-157.0,-157.0,-155.0,-152.0,-150.0,-155.0,-157.0,-154.5,-157.0,-157.0,-157.0,-155.0,-152.5,-153.0,-153.5,-157.0,-153.5,-156.0,-155.5,-157.0,-157.0,-152.5
2026-01-17 14:24:10.112,143.049967,5,-77,-157.0,-157.0,-153.0,-152.5,-150.0,-154.5,-157.0,-153.0,-155.5,-156.0,-153.5,-157.0,-155.0,-152.0,-156.0,-155.5,-157.0,-157.0,-156.5,-156.0,-155.0,-157.0,-157.0,-157.0,-157.0,-156.0,-152.5,-152.5,-154.0,-157.0,-157.0,-157.0,-154.0,-157.0,-157.0,-156.0,-155.0,-157.0,-157.0,-153.0,-153.5,-157.0,-157.0,-154.5,-157.0,-156.5,-154.5,-157.0,-157.0,-156.5,-157.0,-155.0,-152.5,-153.5,-153.5,-157.0,-157.0,-154.0,-157.0,-157.0,-157.0,-157.0,-157.0,-154.5,-154.5,-154.0,-157.0,-157.0,-157.0,-157.0,-157.0,-154.5,-155.5,-155.5,-157.0,-157.0,-157.0,-157.0,-153.0,-151.0,-156.5,-157.0,-153.5,-156.0,-157.0,-150.5,-148.0,-150.5,-156.5,-157.0,-157.0,-157.0,-157.0,-157.0,-157.0,-154.5,-155.0,-157.0,-157.0,-157.0,-156.0,-157.0,-157.0,-157.0,-157.0,-155.5,-156.5,-157.0,-157.0,-157.0,-150.5,-150.5,-157.0,-157.0,-157.0,-155.0,-157.0,-157.0,-157.0,-154.5,-154.5,-157.0,-157.0,-154.5,-157.0,-157.0,-156.5,-157.0,-157.0,-157.0,-157.0,-157.0,-157.0,-157.0,-156.5,-154.5,-157.0,-157.0,-156.5,-157.0,-157.0,-157.0,-157.0,-157.0,-157.0,-157.0,-157.0,-155.0,-156.5,-157.0,-157.0,-153.5,-153.5,-157.0,-157.0,-155.0,-155.0,-157.0,-157.0,-157.0,-153.5,-156.0,-151.0,-156.0,-157.0,-155.5,-150.5,-152.5,-157.0,-153.0,-152.0,-156.0,-154.5,-153.0,-150.0,-155.5,-157.0,-157.0,-157.0,-157.0,-157.0,-155.5,-156.0,-157.0,-157.0,-157.0,-156.0,-157.0,-154.5,-154.5,-154.5,-157.0,-157.0,-156.5,-157.0,-156.5,-156.5,-157.0,-157.0,-157.0,-157.0,-157.0,-157.0,-157.0,-155.0,-155.5,-157.0,-157.0,-157.0,-157.0,-152.5,-151.5,-156.5,-153.0,-157.0,-156.5,-157.0,-155.5,-153.0,-157.0,-154.0,-152.0,-153.5,-156.5,-157.0,-157.0,-157.0,-157.0,-157.0,-156.0,-155.5,-157.0,-157.0,-157.0,-152.5,-152.0,-157.0,-156.5,-154.5,-154.5,-157.0,-157.0,-143.0,-143.5,-157.0,-154.5,-153.0,-157.0,-156.0,-154.5,-155.5,-157.0,-157.0,-149.0,-153.0,-153.0,-157.0,-157.0,-157.0,-157.0,-155.0,-155.0,-157.0,-157.0,-151.5,-153.5,-157.0,-156.0,-150.0,-149.5,-156.0,-156.5,-153.5,-151.5,-154.0,-153.0,-155.0,-156.0,-151.5,-157.0,-152.5,-152.0,-157.0,-154.5,-157.0,-153.0,-157.0,-157.0,-157.0,-157.0,-157.0,-155.5,-152.5,-151.5,-153.0,-151.5,-153.0,-157.0,-154.5,-157.0,-157.0,-157.0,-157.0,-157.0,-157.0,-155.0,-152.0,-152.5,-152.0,-151.5,-154.5,-157.0,-157.0,-157.0,-156.5,-157.0,-155.0,-152.5,-156.5,-157.0,-157.0,-157.0,-157.0,-157.0,-155.0,-157.0,-156.5,-157.0,-157.0,-157.0,-152.0,-151.0,-153.0,-157.0,-157.0,-152.5,-156.0,-156.5,-152.5,-151.5,-157.0,-157.0,-157.0,-157.0,-157.0,-154.0,-156.0,-157.0,-156.5,-157.0,-157.0,-157.0,-157.0,-157.0,-157.0,-157.0,-156.5,-157.0,-157.0,-153.5,-152.5,-154.5,-157.0,-151.0,-152.0,-155.5,-156.5,-156.5,-156.0,-157.0,-155.5,-157.0,-157.0,-157.0,-157.0,-157.0,-155.0,-155.5,-153.5,-157.0,-157.0,-157.0,-154.0,-157.0,-157.0,-157.0,-156.0,-157.0,-157.0,-157.0,-157.0,-157.0,-154.0,-157.0,-156.5,-157.0,-155.5,-157.0,-153.5,-154.0,-152.0,-157.0,-157.0,-157.0,-157.0,-155.5,-157.0,-157.0,-157.0,-154.0,-154.5,-157.0,-157.0,-157.0,-157.0,-155.0,-156.5,-157.0,-153.0,-151.5,-157.0,-157.0,-156.0,-152.5,-152.0,-157.0,-156.0,-156.0,-157.0,-156.0,-156.5,-154.5,-155.5,-155.0,-155.0,-155.5,-157.0,-157.0,-156.5,-157.0,-157.0,-153.0,-151.5,-153.5,-152.5,-153.5,-156.0,-154.0,-154.0,-150.5,-154.0,-148.5,-157.0,-157.0,-157.0,-155.0,-152.0,-150.0,-155.0,-157.0,-154.5,-157.0,-157.0,-157.0,-155.0,-152.5,-153.0,-153.5,-157.0,-153.5,-156.0,-155.5,-157.0,-157.0,-152.5
2026-01-17 14:24:10.144,143.049967,5,-77,-157.0,-157.0,-151.0,-149.5,-151.0,-153.0,-152.0,-154.5,-157.0,-155.0,-152.5,-157.0,-157.0,-151.5,-155.0,-156.0,-157.0,-157.0,-153.5,-153.5,-152.5,-156.5,-157.0,-155.0,-157.0,-157.0,-154.0,-155.5,-155.0,-157.0,-156.5,-157.0,-156.5,-157.0,-157.0,-157.0,-157.0,-157.0,-156.5,-153.5,-151.0,-156.0,-155.0,-155.0,-156.0,-156.0,-153.0,-157.0,-157.0,-157.0,-157.0,-157.0,-153.0,-157.0,-157.0,-157.0,-157.0,-154.0,-157.0,-157.0,-157.0,-157.0,-157.0,-154.5,-156.0,-157.0,-156.0,-155.0,-155.5,-156.0,-157.0,-157.0,-157.0,-157.0,-155.0,-157.0,-157.0,-157.0,-156.5,-154.5,-157.0,-157.0,-154.5,-156.0,-157.0,-156.0,-152.0,-151.5,-155.0,-157.0,-157.0,-154.0,-157.0,-157.0,-157.0,-157.0,-157.0,-155.5,-154.5,-157.0,-155.5,-157.0,-157.0,-156.0,-157.0,-155.0,-156.5,-153.0,-154.0,-157.0,-157.0,-153.0,-154.5,-155.0,-157.0,-157.0,-157.0,-157.0,-157.0,-156.0,-157.0,-151.5,-151.5,-154.5,-157.0,-156.0,-156.0,-155.0,-157.0,-157.0,-157.0,-157.0,-157.0,-157.0,-157.0,-155.0,-155.5,-157.0,-153.0,-153.5,-157.0,-157.0,-156.0,-157.0,-157.0,-157.0,-155.5,-155.0,-157.0,-157.0,-157.0,-157.0,-157.0,-157.0,-157.0,-156.5,-157.0,-157.0,-154.5,-152.0,-153.0,-157.0,-152.0,-155.0,-157.0,-157.0,-153.0,-154.0,-155.0,-156.5,-157.0,-157.0,-157.0,-154.5,-150.0,-152.5,-157.0,-157.0,-157.0,-157.0,-157.0,-155.5,-155.0,-157.0,-157.0,-157.0,-157.0,-157.0,-154.5,-155.0,-155.0,-157.0,-157.0,-157.0,-157.0,-151.5,-152.0,-157.0,-157.0,-157.0,-157.0,-157.0,-156.5,-157.0,-157.0,-152.5,-157.0,-157.0,-155.5,-157.0,-155.0,-153.0,-156.5,-151.5,-153.5,-157.0,-157.0,-150.0,-150.0,-157.0,-156.0,-152.0,-153.0,-152.5,-157.0,-157.0,-157.0,-155.0,-157.0,-157.0,-156.5,-157.0,-155.0,-154.5,-153.5,-152.5,-157.0,-157.0,-152.5,-151.0,-155.0,-155.5,-143.5,-144.0,-157.0,-155.0,-155.5,-157.0,-157.0,-155.0,-154.5,-155.5,-157.0,-151.5,-151.0,-151.0,-156.0,-157.0,-152.0,-152.0,-153.0,-154.0,-157.0,-157.0,-151.5,-155.5,-157.0,-153.5,-153.0,-153.5,-154.0,-155.5,-150.0,-149.0,-157.0,-157.0,-153.0,-153.0,-151.0,-153.0,-153.0,-153.5,-154.5,-153.5,-152.5,-152.5,-156.0,-157.0,-157.0,-157.0,-157.0,-155.0,-156.0,-156.5,-152.0,-151.0,-157.0,-157.0,-154.5,-157.0,-157.0,-157.0,-157.0,-157.0,-157.0,-157.0,-157.0,-157.0,-152.0,-150.5,-156.0,-154.5,-156.0,-154.5,-151.0,-154.0,-157.0,-156.0,-157.0,-157.0,-157.0,-157.0,-157.0,-157.0,-155.0,-157.0,-157.0,-157.0,-157.0,-154.5,-153.0,-155.5,-152.5,-157.0,-157.0,-152.0,-157.0,-157.0,-157.0,-151.5,-154.5,-157.0,-157.0,-154.5,-152.5,-153.0,-157.0,-157.0,-155.0,-157.0,-155.5,-154.0,-157.0,-157.0,-154.5,-157.0,-156.5,-157.0,-157.0,-155.5,-155.0,-157.0,-157.0,-153.0,-152.5,-157.0,-157.0,-153.0,-157.0,-157.0,-155.5,-157.0,-157.0,-157.0,-157.0,-157.0,-154.5,-152.5,-156.0,-157.0,-157.0,-157.0,-157.0,-153.5,-155.0,-157.0,-157.0,-157.0,-157.0,-157.0,-157.0,-155.5,-152.0,-156.0,-155.0,-157.0,-153.5,-153.0,-153.0,-154.5,-154.0,-157.0,-157.0,-157.0,-157.0,-154.5,-154.0,-157.0,-157.0,-157.0,-156.5,-155.0,-157.0,-157.0,-157.0,-154.0,-157.0,-157.0,-153.5,-156.5,-157.0,-157.0,-157.0,-152.5,-154.0,-157.0,-154.5,-154.5,-157.0,-153.0,-154.5,-152.0,-152.5,-154.0,-149.0,-148.5,-151.5,-152.5,-154.0,-157.0,-157.0,-157.0,-155.0,-155.5,-156.5,-157.0,-157.0,-156.0,-153.5,-153.0,-155.5,-149.5,-154.5,-157.0,-151.5,-150.0,-157.0,-154.5,-157.0,-157.0,-154.5,-156.0,-157.0,-157.0,-154.5,-154.5,-152.5,-157.0,-157.0,-156.5,-156.0,-154.0,-157.0,-157.0,-151.0
2026-01-17 14:24:10.177,143.049967,5,-77,-157.0,-157.0,-154.5,-152.5,-156.0,-157.0,-149.5,-149.0,-154.5,-157.0,-154.0,-157.0,-157.0,-154.0,-157.0,-156.0,-155.5,-157.0,-155.0,-155.5,-151.5,-153.5,-156.0,-155.0,-157.0,-156.0,-157.0,-155.0,-152.5,-157.0,-154.5,-156.0,-157.0,-157.0,-156.5,-157.0,-157.0,-157.0,-157.0,-155.5,-153.5,-155.5,-153.0,-154.0,-155.5,-155.5,-157.0,-157.0,-157.0,-157.0,-156.0,-155.5,-153.0,-157.0,-157.0,-157.0,-155.0,-154.5,-157.0,-157.0,-157.0,-157.0,-157.0,-156.0,-154.5,-154.5,-154.5,-155.5,-154.0,-153.0,-153.5,-157.0,-157.0,-156.5,-152.5,-157.0,-157.0,-157.0,-157.0,-156.5,-157.0,-157.0,-157.0,-157.0,-157.0,-157.0,-157.0,-157.0,-155.0,-156.5,-157.0,-154.0,-157.0,-157.0,-157.0,-157.0,-157.0,-153.5,-153.5,-157.0,-157.0,-157.0,-157.0,-156.5,-155.5,-154.5,-157.0,-151.5,-152.0,-157.0,-157.0,-154.5,-156.0,-151.5,-153.5,-157.0,-157.0,-156.5,-156.5,-157.0,-157.0,-152.0,-150.5,-153.5,-156.5,-153.5,-156.0,-154.0,-157.0,-155.0,-156.0,-157.0,-157.0,-155.0,-157.0,-157.0,-153.0,-157.0,-152.0,-151.5,-154.5,-157.0,-154.0,-156.0,-154.5,-157.0,-157.0,-156.5,-157.0,-157.0,-157.0,-157.0,-156.0,-157.0,-157.0,-157.0,-157.0,-157.0,-157.0,-153.0,-156.5,-157.0,-155.0,-157.0,-155.0,-157.0,-157.0,-157.0,-154.0,-157.0,-157.0,-157.0,-157.0,-154.0,-156.5,-153.5,-157.0,-157.0,-157.0,-157.0,-157.0,-157.0,-157.0,-157.0,-155.5,-157.0,-157.0,-157.0,-157.0,-155.5,-157.0,-157.0,-157.0,-157.0,-157.0,-152.0,-153.0,-157.0,-157.0,-156.5,-157.0,-157.0,-154.0,-154.0,-154.5,-150.0,-151.5,-157.0,-157.0,-156.5,-157.0,-155.5,-157.0,-153.0,-157.0,-157.0,-153.5,-149.0,-153.5,-155.0,-156.5,-153.0,-153.0,-152.5,-157.0,-157.0,-152.5,-152.0,-156.0,-156.5,-157.0,-157.0,-149.5,-150.5,-157.0,-157.0,-152.0,-157.0,-154.0,-152.0,-155.5,-155.0,-144.5,-145.5,-157.0,-155.5,-156.5,-157.0,-156.5,-154.0,-156.0,-154.5,-157.0,-157.0,-154.0,-156.5,-157.0,-154.5,-150.0,-149.0,-157.0,-155.5,-157.0,-153.0,-151.0,-154.5,-152.5,-151.0,-157.0,-157.0,-154.5,-157.0,-151.0,-151.5,-156.0,-157.0,-157.0,-155.0,-152.0,-157.0,-155.5,-152.0,-151.0,-154.0,-154.0,-153.5,-153.0,-155.0,-151.0,-152.0,-157.0,-157.0,-157.0,-157.0,-157.0,-153.0,-157.0,-157.0,-154.0,-156.0,-156.0,-153.5,-156.0,-157.0,-157.0,-157.0,-157.0,-157.0,-151.5,-150.0,-156.0,-154.5,-157.0,-156.0,-149.0,-153.5,-156.5,-155.5,-157.0,-155.0,-157.0,-157.0,-152.5,-156.0,-154.5,-157.0,-155.0,-155.0,-156.0,-157.0,-155.5,-157.0,-152.0,-153.5,-157.0,-152.5,-156.0,-157.0,-157.0,-153.5,-153.5,-156.5,-153.0,-151.0,-150.5,-157.0,-157.0,-157.0,-152.0,-155.5,-153.5,-154.5,-156.5,-157.0,-152.0,-154.0,-157.0,-156.5,-157.0,-157.0,-157.0,-157.0,-157.0,-157.0,-152.5,-153.5,-157.0,-150.5,-157.0,-157.0,-157.0,-157.0,-157.0,-157.0,-155.0,-157.0,-157.0,-153.5,-157.0,-157.0,-153.5,-155.0,-157.0,-153.0,-156.5,-157.0,-157.0,-157.0,-157.0,-155.5,-157.0,-154.5,-153.5,-157.0,-155.0,-155.5,-157.0,-157.0,-157.0,-157.0,-157.0,-157.0,-157.0,-157.0,-157.0,-157.0,-153.0,-157.0,-157.0,-157.0,-157.0,-155.5,-157.0,-155.5,-152.0,-151.5,-156.0,-157.0,-155.5,-157.0,-157.0,-157.0,-157.0,-156.5,-157.0,-157.0,-157.0,-153.0,-157.0,-150.5,-152.0,-151.0,-153.0,-153.5,-151.5,-150.0,-157.0,-153.0,-152.5,-155.5,-156.0,-156.0,-156.0,-157.0,-157.0,-157.0,-157.0,-157.0,-152.5,-157.0,-153.5,-156.5,-154.0,-153.5,-153.0,-151.0,-154.5,-157.0,-157.0,-157.0,-157.0,-157.0,-156.5,-154.0,-152.0,-157.0,-156.5,-156.5,-157.0,-157.0,-154.0,-155.0,-157.0,-155.0,-156.0
2026-01-17 14:24:10.212,143.049967,5,-77,-157.0,-157.0,-154.5,-156.0,-155.0,-157.0,-149.0,-149.5,-152.5,-157.0,-155.0,-157.0,-157.0,-154.0,-157.0,-156.5,-155.5,-157.0,-157.0,-155.0,-152.5,-155.0,-153.0,-156.0,-156.0,-155.0,-156.0,-154.5,-152.0,-152.5,-157.0,-157.0,-155.5,-157.0,-157.0,-157.0,-153.5,-155.0,-157.0,-153.0,-152.0,-157.0,-156.5,-153.0,-156.0,-157.0,-157.0,-157.0,-157.0,-157.0,-151.5,-154.0,-156.5,-157.0,-157.0,-157.0,-155.5,-157.0,-157.0,-157.0,-157.0,-157.0,-153.0,-154.5,-155.5,-157.0,-157.0,-155.5,-156.5,-153.5,-157.0,-153.0,-153.0,-157.0,-152.0,-154.0,-157.0,-156.5,-157.0,-156.5,-157.0,-157.0,-157.0,-154.0,-156.0,-157.0,-157.0,-157.0,-154.5,-153.5,-156.5,-156.0,-157.0,-157.0,-157.0,-157.0,-157.0,-157.0,-157.0,-157.0,-157.0,-157.0,-157.0,-156.0,-155.0,-152.0,-157.0,-155.5,-157.0,-157.0,-157.0,-157.0,-156.0,-154.0,-154.5,-157.0,-155.0,-154.0,-155.0,-157.0,-157.0,-157.0,-154.5,-151.0,-154.5,-149.0,-150.0,-153.0,-157.0,-153.0,-153.5,-157.0,-157.0,-151.5,-154.0,-157.0,-154.0,-154.0,-152.5,-154.5,-154.5,-157.0,-156.0,-153.0,-157.0,-157.0,-157.0,-155.5,-155.5,-157.0,-156.5,-157.0,-152.0,-155.0,-157.0,-155.5,-155.0,-157.0,-157.0,-157.0,-157.0,-157.0,-157.0,-157.0,-153.5,-153.5,-157.0,-154.5,-152.5,-156.5,-157.0,-157.0,-157.0,-153.0,-154.5,-156.5,-156.5,-157.0,-157.0,-157.0,-157.0,-156.0,-155.5,-155.0,-154.5,-157.0,-157.0,-157.0,-157.0,-157.0,-154.5,-157.0,-157.0,-155.0,-157.0,-157.0,-155.0,-157.0,-157.0,-157.0,-157.0,-157.0,-156.0,-157.0,-157.0,-151.5,-148.5,-155.5,-157.0,-154.5,-152.0,-152.5,-157.0,-154.5,-157.0,-157.0,-157.0,-150.5,-152.5,-151.0,-152.0,-155.5,-157.0,-157.0,-157.0,-155.0,-155.0,-155.5,-157.0,-157.0,-157.0,-157.0,-149.0,-153.0,-155.0,-157.0,-153.5,-156.0,-157.0,-154.5,-155.0,-156.0,-144.0,-144.0,-155.0,-155.0,-157.0,-153.5,-154.5,-156.0,-157.0,-153.5,-155.5,-157.0,-157.0,-157.0,-157.0,-157.0,-157.0,-150.5,-155.0,-157.0,-157.0,-152.5,-153.5,-157.0,-153.0,-150.0,-157.0,-157.0,-157.0,-157.0,-154.5,-156.5,-157.0,-157.0,-157.0,-153.0,-150.0,-155.0,-154.0,-155.0,-155.0,-154.5,-155.5,-151.0,-151.5,-157.0,-152.0,-152.0,-157.0,-157.0,-157.0,-156.0,-157.0,-157.0,-156.0,-157.0,-154.5,-154.0,-157.0,-152.0,-157.0,-157.0,-155.0,-155.0,-157.0,-157.0,-156.5,-151.0,-152.5,-154.0,-157.0,-154.5,-150.0,-154.0,-156.0,-157.0,-153.5,-151.5,-157.0,-157.0,-151.0,-156.0,-154.5,-154.5,-154.5,-155.0,-152.5,-156.0,-157.0,-157.0,-150.5,-151.0,-152.5,-154.0,-157.0,-157.0,-157.0,-157.0,-155.0,-152.5,-151.5,-156.0,-152.5,-154.5,-156.0,-157.0,-154.5,-154.0,-153.5,-157.0,-154.0,-155.0,-154.0,-156.5,-154.5,-152.5,-155.5,-156.5,-156.5,-156.0,-157.0,-157.0,-157.0,-153.0,-153.5,-151.5,-157.0,-157.0,-157.0,-157.0,-156.5,-157.0,-150.5,-154.0,-156.5,-154.5,-157.0,-157.0,-151.0,-151.0,-157.0,-154.5,-157.0,-155.0,-157.0,-157.0,-157.0,-154.5,-156.5,-157.0,-157.0,-157.0,-157.0,-155.0,-157.0,-157.0,-157.0,-157.0,-157.0,-157.0,-153.0,-153.0,-157.0,-157.0,-153.5,-157.0,-157.0,-157.0,-156.5,-155.5,-156.5,-153.5,-155.5,-154.0,-157.0,-157.0,-156.5,-157.0,-157.0,-157.0,-156.0,-157.0,-157.0,-157.0,-157.0,-152.0,-154.0,-153.0,-152.0,-152.5,-155.5,-157.0,-157.0,-157.0,-156.5,-154.5,-153.5,-155.5,-157.0,-152.0,-152.0,-157.0,-157.0,-153.5,-157.0,-157.0,-155.5,-156.5,-155.0,-155.5,-153.5,-153.0,-157.0,-157.0,-157.0,-157.0,-157.0,-157.0,-156.5,-157.0,-157.0,-157.0,-154.0,-157.0,-157.0,-156.5,-153.0,-153.0,-157.0,-157.0,-156.0,-154.0,-154.5
2026-01-17 14:24:10.243,143.049967,5,-77,-157.0,-157.0,-153.5,-155.5,-152.0,-152.5,-152.0,-157.0,-157.0,-157.0,-157.0,-157.0,-156.0,-151.0,-152.0,-156.0,-157.0,-157.0,-157.0,-155.0,-156.5,-151.0,-150.5,-157.0,-157.0,-157.0,-156.0,-157.0,-157.0,-153.0,-157.0,-157.0,-151.5,-154.5,-157.0,-157.0,-153.0,-152.5,-157.0,-156.0,-150.0,-157.0,-156.5,-154.0,-157.0,-157.0,-157.0,-157.0,-157.0,-157.0,-151.5,-152.0,-157.0,-157.0,-155.5,-153.5,-157.0,-157.0,-156.0,-155.0,-157.0,-157.0,-154.5,-157.0,-157.0,-157.0,-155.0,-150.0,-153.0,-154.5,-157.0,-150.5,-152.5,-157.0,-155.5,-157.0,-157.0,-157.0,-157.0,-157.0,-156.0,-157.0,-157.0,-152.0,-152.0,-157.0,-157.0,-157.0,-155.0,-157.0,-152.0,-156.5,-157.0,-157.0,-157.0,-157.0,-157.0,-157.0,-157.0,-157.0,-155.5,-157.0,-157.0,-153.0,-157.0,-150.5,-153.0,-157.0,-157.0,-155.0,-157.0,-157.0,-152.5,-155.0,-153.0,-155.5,-154.0,-157.0,-155.5,-157.0,-156.0,-157.0,-157.0,-153.0,-156.5,-150.0,-151.0,-157.0,-157.0,-154.0,-154.0,-157.0,-157.0,-154.0,-153.0,-157.0,-154.0,-152.5,-152.0,-157.0,-157.0,-157.0,-156.0,-152.5,-157.0,-157.0,-157.0,-155.5,-157.0,-157.0,-157.0,-157.0,-152.5,-155.5,-157.0,-153.0,-157.0,-157.0,-157.0,-157.0,-157.0,-157.0,-157.0,-157.0,-156.5,-155.0,-155.5,-150.5,-151.5,-157.0,-157.0,-155.5,-155.0,-155.0,-155.5,-157.0,-157.0,-157.0,-155.0,-154.5,-157.0,-151.5,-151.0,-154.5,-155.5,-157.0,-157.0,-157.0,-157.0,-157.0,-153.0,-153.0,-154.5,-155.5,-157.0,-157.0,-156.5,-157.0,-155.0,-157.0,-157.0,-157.0,-157.0,-157.0,-157.0,-154.5,-149.0,-152.0,-157.0,-153.5,-152.5,-150.5,-155.0,-154.5,-153.5,-156.5,-157.0,-151.5,-150.0,-153.0,-150.0,-157.0,-157.0,-157.0,-154.0,-153.0,-157.0,-157.0,-157.0,-157.0,-157.0,-155.5,-148.0,-152.5,-152.5,-155.0,-157.0,-157.0,-157.0,-156.5,-154.5,-151.5,-142.5,-142.5,-152.5,-152.0,-157.0,-157.0,-155.5,-157.0,-157.0,-154.5,-157.0,-157.0,-156.5,-157.0,-157.0,-157.0,-157.0,-152.0,-152.5,-157.0,-156.0,-154.0,-155.5,-157.0,-152.0,-151.0,-153.5,-157.0,-155.5,-157.0,-157.0,-157.0,-157.0,-156.5,-157.0,-157.0,-150.0,-151.0,-154.0,-157.0,-157.0,-156.0,-154.0,-153.5,-157.0,-157.0,-157.0,-154.5,-154.0,-157.0,-156.0,-155.0,-155.5,-157.0,-157.0,-157.0,-157.0,-155.0,-156.5,-151.5,-155.5,-157.0,-157.0,-156.0,-157.0,-157.0,-157.0,-153.0,-153.5,-156.0,-157.0,-153.5,-152.5,-154.5,-157.0,-157.0,-153.5,-153.5,-157.0,-156.5,-153.0,-153.0,-155.5,-157.0,-157.0,-157.0,-150.0,-152.5,-157.0,-156.0,-152.5,-157.0,-155.0,-154.0,-157.0,-157.0,-156.5,-156.5,-153.5,-152.0,-155.5,-157.0,-151.5,-150.0,-157.0,-157.0,-154.5,-153.0,-154.0,-157.0,-152.0,-150.5,-155.0,-157.0,-155.0,-154.5,-157.0,-157.0,-157.0,-157.0,-157.0,-157.0,-157.0,-155.5,-157.0,-154.5,-154.0,-153.5,-157.0,-157.0,-153.5,-152.5,-152.0,-154.5,-157.0,-157.0,-157.0,-157.0,-156.5,-152.5,-157.0,-157.0,-153.0,-151.5,-157.0,-155.0,-155.5,-157.0,-154.5,-157.0,-156.5,-157.0,-155.0,-155.5,-157.0,-157.0,-157.0,-157.0,-157.0,-155.5,-152.0,-152.0,-157.0,-153.0,-153.5,-157.0,-157.0,-151.5,-155.0,-156.5,-156.5,-157.0,-157.0,-155.5,-157.0,-157.0,-155.5,-154.0,-155.0,-156.5,-153.0,-155.5,-157.0,-154.5,-157.0,-156.0,-156.0,-157.0,-157.0,-157.0,-157.0,-157.0,-157.0,-157.0,-156.0,-154.0,-156.0,-155.0,-157.0,-153.5,-150.5,-157.0,-152.5,-150.0,-157.0,-157.0,-157.0,-157.0,-157.0,-155.0,-156.0,-157.0,-157.0,-157.0,-157.0,-157.0,-157.0,-157.0,-157.0,-152.0,-153.5,-157.0,-155.5,-157.0,-157.0,-157.0,-153.5,-153.0,-157.0,-157.0,-157.0,-157.0,-155.0
2026-01-17 14:24:10.280,143.049967,5,-77,-157.0,-157.0,-155.0,-155.0,-152.0,-155.0,-151.0,-157.0,-157.0,-157.0,-157.0,-156.0,-155.0,-153.0,-150.5,-150.5,-153.5,-157.0,-153.5,-152.0,-157.0,-151.0,-151.5,-157.0,-157.0,-157.0,-155.5,-157.0,-157.0,-154.5,-157.0,-157.0,-153.0,-155.0,-157.0,-157.0,-157.0,-155.0,-153.5,-152.5,-150.0,-156.0,-155.5,-153.0,-155.0,-157.0,-157.0,-153.0,-155.5,-157.0,-154.5,-150.5,-155.0,-157.0,-152.5,-150.5,-157.0,-157.0,-151.5,-155.5,-157.0,-150.5,-150.5,-157.0,-157.0,-156.5,-151.0,-150.0,-151.0,-157.0,-153.5,-153.0,-154.0,-157.0,-157.0,-156.5,-157.0,-157.0,-157.0,-157.0,-155.0,-157.0,-157.0,-155.0,-154.0,-157.0,-157.0,-156.5,-154.5,-152.5,-150.0,-157.0,-157.0,-157.0,-157.0,-156.5,-156.0,-157.0,-157.0,-157.0,-154.5,-154.5,-157.0,-154.0,-154.0,-152.0,-151.0,-157.0,-156.0,-155.0,-155.5,-157.0,-156.5,-157.0,-154.0,-157.0,-154.0,-157.0,-157.0,-157.0,-151.0,-153.0,-157.0,-155.5,-157.0,-156.5,-154.0,-157.0,-157.0,-156.0,-156.0,-157.0,-157.0,-157.0,-152.0,-153.0,-155.0,-155.5,-154.0,-157.0,-157.0,-157.0,-155.0,-154.0,-154.0,-157.0,-154.5,-154.5,-157.0,-157.0,-157.0,-155.5,-157.0,-157.0,-154.5,-152.0,-152.0,-157.0,-157.0,-157.0,-157.0,-157.0,-157.0,-157.0,-156.0,-157.0,-156.5,-150.5,-150.0,-157.0,-157.0,-154.5,-153.0,-157.0,-157.0,-157.0,-157.0,-154.0,-150.0,-151.5,-157.0,-154.0,-153.0,-157.0,-156.5,-157.0,-157.0,-157.0,-154.0,-157.0,-157.0,-152.5,-155.0,-157.0,-156.5,-156.0,-155.0,-157.0,-157.0,-157.0,-157.0,-157.0,-157.0,-157.0,-157.0,-157.0,-153.5,-154.5,-156.5,-155.0,-157.0,-150.5,-151.5,-157.0,-149.5,-151.5,-150.5,-150.5,-151.0,-153.5,-154.0,-156.0,-155.5,-157.0,-157.0,-154.0,-156.5,-157.0,-157.0,-157.0,-157.0,-150.5,-149.0,-152.5,-155.0,-156.5,-157.0,-150.5,-157.0,-157.0,-152.0,-150.0,-143.0,-142.5,-152.0,-156.0,-156.0,-156.5,-154.0,-157.0,-157.0,-157.0,-157.0,-157.0,-156.0,-156.0,-157.0,-157.0,-157.0,-157.0,-153.5,-152.0,-154.0,-155.5,-155.5,-157.0,-154.0,-157.0,-152.5,-153.5,-154.0,-157.0,-157.0,-156.0,-157.0,-153.5,-153.5,-157.0,-154.0,-154.5,-155.0,-157.0,-157.0,-157.0,-156.0,-157.0,-157.0,-157.0,-157.0,-157.0,-157.0,-153.0,-152.0,-157.0,-156.0,-157.0,-156.0,-157.0,-157.0,-156.0,-157.0,-152.5,-154.5,-152.5,-156.0,-157.0,-157.0,-157.0,-156.5,-155.0,-153.5,-153.0,-153.0,-152.0,-152.5,-157.0,-157.0,-155.5,-157.0,-157.0,-157.0,-155.0,-157.0,-152.0,-155.5,-157.0,-157.0,-157.0,-152.5,-157.0,-157.0,-157.0,-156.0,-157.0,-157.0,-152.5,-152.5,-152.0,-156.0,-155.5,-153.0,-154.0,-157.0,-157.0,-153.5,-151.0,-155.0,-157.0,-155.0,-155.0,-154.0,-157.0,-153.0,-150.0,-150.5,-155.5,-157.0,-156.0,-157.0,-157.0,-157.0,-157.0,-157.0,-157.0,-157.0,-157.0,-154.5,-155.0,-152.5,-151.0,-154.0,-157.0,-157.0,-157.0,-157.0,-157.0,-157.0,-157.0,-157.0,-157.0,-157.0,-156.0,-155.0,-157.0,-155.0,-151.5,-157.0,-157.0,-155.0,-157.0,-153.0,-153.5,-157.0,-157.0,-155.0,-157.0,-157.0,-157.0,-153.0,-152.5,-157.0,-157.0,-157.0,-155.0,-156.5,-153.0,-152.0,-157.0,-150.0,-149.5,-153.5,-155.5,-156.5,-157.0,-154.5,-153.0,-157.0,-157.0,-154.5,-152.0,-152.0,-154.0,-153.5,-154.0,-157.0,-155.0,-153.5,-157.0,-157.0,-157.0,-157.0,-157.0,-157.0,-157.0,-157.0,-157.0,-157.0,-152.5,-152.5,-154.0,-156.0,-154.0,-154.5,-153.5,-151.5,-151.5,-157.0,-157.0,-157.0,-157.0,-157.0,-157.0,-157.0,-157.0,-157.0,-157.0,-157.0,-157.0,-157.0,-157.0,-157.0,-150.5,-149.5,-155.5,-154.0,-157.0,-157.0,-154.0,-155.0,-157.0,-157.0,-155.0,-152.5,-154.5,-154.0
2026-01-17 14:24:10.312,143.049967,5,-77,-157.0,-157.0,-157.0,-156.5,-152.5,-154.0,-153.0,-154.0,-155.0,-157.0,-157.0,-152.0,-157.0,-156.5,-155.0,-153.5,-155.5,-157.0,-157.0,-152.5,-157.0,-155.0,-157.0,-157.0,-156.0,-157.0,-156.5,-155.0,-157.0,-153.0,-152.0,-152.0,-157.0,-157.0,-157.0,-157.0,-157.0,-157.0,-152.5,-155.0,-155.0,-157.0,-156.5,-154.5,-153.0,-155.0,-157.0,-155.5,-156.5,-157.0,-157.0,-151.0,-156.5,-157.0,-154.0,-153.5,-153.5,-157.0,-150.0,-150.5,-157.0,-150.0,-148.0,-153.0,-157.0,-154.0,-153.5,-155.0,-154.5,-157.0,-155.0,-154.5,-151.0,-152.0,-157.0,-153.5,-156.5,-157.0,-157.0,-157.0,-157.0,-157.0,-157.0,-157.0,-157.0,-157.0,-157.0,-155.5,-156.5,-154.5,-151.0,-157.0,-157.0,-156.0,-157.0,-157.0,-156.0,-154.0,-153.5,-154.0,-155.5,-157.0,-157.0,-157.0,-155.0,-156.0,-153.0,-157.0,-155.5,-157.0,-152.5,-157.0,-157.0,-157.0,-157.0,-157.0,-155.5,-156.0,-157.0,-155.5,-151.0,-153.5,-157.0,-157.0,-157.0,-157.0,-152.5,-153.0,-157.0,-157.0,-155.5,-157.0,-157.0,-157.0,-150.0,-153.5,-156.0,-155.0,-157.0,-154.0,-155.0,-157.0,-157.0,-157.0,-154.5,-156.5,-153.5,-156.0,-157.0,-156.0,-157.0,-155.0,-157.0,-157.0,-156.5,-153.5,-150.5,-153.5,-157.0,-157.0,-155.0,-157.0,-157.0,-153.5,-152.0,-153.5,-157.0,-152.5,-151.0,-157.0,-157.0,-156.5,-157.0,-157.0,-157.0,-156.0,-157.0,-157.0,-151.5,-156.5,-157.0,-156.0,-157.0,-157.0,-157.0,-154.0,-157.0,-157.0,-153.0,-157.0,-155.5,-154.0,-157.0,-157.0,-157.0,-156.5,-154.5,-157.0,-157.0,-157.0,-157.0,-157.0,-157.0,-157.0,-156.0,-157.0,-157.0,-157.0,-157.0,-157.0,-157.0,-152.0,-154.0,-157.0,-150.0,-157.0,-149.0,-149.0,-151.0,-155.5,-157.0,-154.5,-152.5,-157.0,-157.0,-157.0,-156.0,-156.5,-157.0,-157.0,-153.5,-153.0,-157.0,-154.5,-157.0,-157.0,-156.0,-148.5,-152.0,-156.5,-154.5,-152.5,-144.0,-145.0,-152.0,-157.0,-157.0,-156.5,-152.5,-155.0,-152.5,-157.0,-156.5,-156.0,-157.0,-157.0,-157.0,-157.0,-153.5,-155.5,-157.0,-151.5,-156.5,-157.0,-153.0,-155.0,-157.0,-156.0,-154.0,-154.5,-155.0,-156.0,-157.0,-156.0,-154.0,-152.0,-156.0,-157.0,-155.0,-157.0,-156.5,-157.0,-154.5,-152.5,-157.0,-157.0,-157.0,-156.5,-156.5,-157.0,-157.0,-152.5,-152.0,-157.0,-157.0,-157.0,-153.5,-153.5,-153.5,-153.0,-157.0,-157.0,-155.0,-151.5,-152.0,-155.5,-155.5,-157.0,-157.0,-154.5,-157.0,-154.0,-155.0,-157.0,-154.5,-155.5,-154.0,-155.0,-157.0,-157.0,-157.0,-155.5,-155.5,-151.5,-153.5,-151.5,-156.0,-154.0,-155.0,-157.0,-157.0,-157.0,-157.0,-157.0,-157.0,-156.0,-150.5,-150.5,-154.0,-157.0,-153.5,-153.5,-157.0,-156.0,-157.0,-153.5,-153.5,-153.0,-157.0,-157.0,-151.5,-153.0,-156.5,-154.0,-150.5,-157.0,-157.0,-152.5,-154.5,-157.0,-157.0,-157.0,-157.0,-157.0,-157.0,-157.0,-156.0,-157.0,-154.5,-155.5,-157.0,-157.0,-157.0,-157.0,-157.0,-157.0,-157.0,-157.0,-157.0,-157.0,-157.0,-157.0,-157.0,-154.5,-154.0,-154.5,-157.0,-155.0,-153.0,-154.0,-156.5,-155.0,-156.5,-155.5,-157.0,-157.0,-157.0,-155.5,-157.0,-155.5,-157.0,-157.0,-157.0,-157.0,-157.0,-156.5,-153.5,-157.0,-149.0,-152.0,-154.5,-157.0,-156.5,-154.0,-152.5,-156.0,-154.5,-157.0,-156.5,-157.0,-155.0,-157.0,-156.5,-153.5,-152.5,-153.0,-154.5,-156.0,-157.0,-157.0,-153.0,-152.5,-157.0,-157.0,-157.0,-157.0,-157.0,-155.0,-152.5,-152.5,-157.0,-155.0,-154.5,-156.0,-155.0,-156.0,-157.0,-157.0,-157.0,-157.0,-157.0,-157.0,-157.0,-156.0,-157.0,-157.0,-157.0,-157.0,-157.0,-157.0,-157.0,-155.5,-150.5,-151.0,-153.0,-157.0,-157.0,-152.0,-155.5,-157.0,-155.5,-156.5,-150.5,-151.5,-156.5
2026-01-17 14:24:10.344,143.049967,5,-77,-157.0,-157.0,-155.5,-156.5,-155.5,-155.5,-155.0,-152.0,-157.0,-157.0,-151.0,-149.0,-155.0,-153.0,-154.0,-157.0,-157.0,-157.0,-157.0,-153.0,-157.0,-154.5,-156.0,-157.0,-156.0,-157.0,-157.0,-153.5,-157.0,-151.5,-150.5,-152.5,-157.0,-156.5,-156.0,-155.5,-157.0,-156.0,-151.0,-152.5,-157.0,-157.0,-157.0,-157.0,-156.0,-157.0,-157.0,-157.0,-157.0,-157.0,-157.0,-153.5,-157.0,-157.0,-153.5,-156.5,-157.0,-155.0,-149.0,-149.0,-155.5,-156.0,-150.0,-150.5,-154.0,-151.5,-156.0,-157.0,-155.5,-157.0,-157.0,-154.5,-152.0,-152.5,-157.0,-153.0,-157.0,-157.0,-156.5,-157.0,-157.0,-157.0,-157.0,-157.0,-157.0,-157.0,-157.0,-157.0,-157.0,-157.0,-152.0,-155.5,-157.0,-153.5,-157.0,-157.0,-153.5,-150.5,-152.0,-150.5,-153.5,-157.0,-157.0,-156.5,-153.5,-157.0,-157.0,-155.5,-154.0,-157.0,-150.5,-157.0,-157.0,-156.5,-157.0,-157.0,-157.0,-157.0,-157.0,-157.0,-155.5,-157.0,-157.0,-157.0,-157.0,-156.5,-156.5,-154.0,-153.5,-154.0,-154.0,-157.0,-157.0,-154.5,-150.0,-154.5,-157.0,-157.0,-157.0,-153.0,-151.5,-153.0,-156.5,-157.0,-157.0,-157.0,-156.5,-157.0,-157.0,-157.0,-154.0,-153.5,-157.0,-156.5,-157.0,-156.5,-155.0,-157.0,-157.0,-157.0,-153.5,-157.0,-156.5,-156.5,-156.5,-155.5,-157.0,-156.0,-154.5,-157.0,-157.0,-157.0,-157.0,-157.0,-157.0,-157.0,-157.0,-157.0,-154.5,-157.0,-155.0,-154.0,-155.5,-157.0,-157.0,-150.0,-152.5,-154.0,-156.0,-157.0,-154.0,-153.5,-156.5,-156.0,-157.0,-157.0,-155.0,-157.0,-157.0,-157.0,-157.0,-157.0,-157.0,-157.0,-155.5,-156.5,-157.0,-157.0,-156.0,-157.0,-157.0,-154.0,-157.0,-157.0,-153.0,-154.0,-153.5,-150.5,-149.5,-157.0,-154.5,-157.0,-152.0,-153.0,-157.0,-157.0,-157.0,-157.0,-157.0,-157.0,-155.0,-157.0,-157.0,-157.0,-157.0,-156.5,-155.0,-154.0,-154.0,-156.5,-156.5,-150.5,-145.0,-147.5,-156.5,-156.5,-157.0,-154.0,-151.5,-154.5,-153.5,-157.0,-157.0,-157.0,-157.0,-157.0,-157.0,-157.0,-151.5,-154.0,-157.0,-153.5,-157.0,-157.0,-154.5,-156.0,-157.0,-157.0,-156.0,-155.5,-156.5,-153.0,-154.5,-157.0,-153.5,-154.0,-155.0,-157.0,-152.0,-155.0,-157.0,-154.0,-151.0,-150.0,-157.0,-157.0,-157.0,-157.0,-156.5,-157.0,-157.0,-156.0,-157.0,-157.0,-157.0,-157.0,-154.0,-157.0,-150.5,-151.5,-157.0,-157.0,-156.0,-156.5,-151.5,-151.5,-152.5,-153.5,-157.0,-152.5,-157.0,-157.0,-157.0,-157.0,-157.0,-153.0,-152.5,-157.0,-156.0,-155.0,-157.0,-157.0,-151.5,-150.0,-151.0,-150.0,-155.5,-157.0,-157.0,-157.0,-157.0,-157.0,-157.0,-157.0,-155.0,-155.5,-156.0,-155.5,-154.0,-157.0,-152.5,-153.5,-157.0,-157.0,-155.0,-157.0,-156.5,-153.0,-156.0,-157.0,-152.5,-153.5,-155.5,-157.0,-155.0,-157.0,-157.0,-154.0,-155.5,-155.5,-157.0,-157.0,-157.0,-157.0,-157.0,-157.0,-157.0,-157.0,-156.5,-157.0,-157.0,-157.0,-157.0,-157.0,-157.0,-157.0,-157.0,-157.0,-157.0,-157.0,-157.0,-156.0,-157.0,-152.0,-154.0,-157.0,-153.5,-152.0,-156.5,-155.5,-157.0,-157.0,-152.0,-149.5,-155.0,-157.0,-157.0,-157.0,-157.0,-157.0,-157.0,-155.0,-154.5,-157.0,-157.0,-154.5,-157.0,-157.0,-150.5,-152.0,-156.0,-155.0,-153.5,-153.0,-153.0,-156.5,-151.0,-157.0,-157.0,-157.0,-157.0,-157.0,-157.0,-155.0,-153.5,-152.0,-155.0,-154.0,-154.0,-155.5,-156.5,-153.5,-156.5,-157.0,-153.0,-155.5,-157.0,-157.0,-154.0,-151.5,-157.0,-156.5,-150.5,-153.0,-153.5,-155.0,-157.0,-157.0,-157.0,-157.0,-157.0,-157.0,-157.0,-155.5,-157.0,-157.0,-157.0,-157.0,-157.0,-157.0,-157.0,-156.0,-155.0,-153.5,-152.5,-153.5,-157.0,-152.5,-156.5,-157.0,-157.0,-157.0,-154.0,-155.0,-157.0
2026-01-17 14:24:10.380,143.049967,5,-77,-157.0,-157.0,-155.0,-157.0,-157.0,-157.0,-152.0,-152.0,-155.5,-157.0,-152.0,-151.0,-152.5,-152.5,-152.5,-157.0,-157.0,-157.0,-157.0,-153.0,-157.0,-156.0,-157.0,-157.0,-155.0,-157.0,-155.5,-152.0,-157.0,-153.0,-156.0,-157.0,-157.0,-153.5,-152.0,-153.5,-156.0,-156.0,-152.5,-152.5,-157.0,-157.0,-155.5,-157.0,-157.0,-157.0,-157.0,-154.0,-153.5,-153.5,-154.0,-157.0,-154.0,-157.0,-150.0,-151.0,-157.0,-157.0,-151.5,-154.5,-157.0,-157.0,-156.5,-153.0,-157.0,-152.5,-157.0,-157.0,-156.0,-157.0,-157.0,-155.0,-155.5,-154.0,-156.0,-153.5,-157.0,-157.0,-156.0,-155.0,-157.0,-157.0,-152.5,-153.0,-156.0,-153.0,-157.0,-157.0,-157.0,-154.5,-154.0,-155.0,-157.0,-153.0,-153.0,-153.0,-152.5,-151.5,-154.5,-153.0,-154.5,-157.0,-157.0,-157.0,-154.5,-157.0,-157.0,-157.0,-156.0,-157.0,-151.0,-154.0,-157.0,-157.0,-157.0,-156.0,-157.0,-157.0,-153.0,-155.0,-157.0,-157.0,-154.5,-153.0,-156.0,-157.0,-157.0,-157.0,-155.5,-154.5,-154.0,-155.0,-155.5,-157.0,-154.0,-152.5,-153.0,-157.0,-157.0,-157.0,-157.0,-156.0,-157.0,-157.0,-157.0,-156.5,-157.0,-157.0,-157.0,-153.0,-152.5,-155.0,-155.0,-151.0,-154.0,-155.0,-156.0,-157.0,-157.0,-157.0,-150.0,-151.5,-157.0,-157.0,-157.0,-157.0,-157.0,-157.0,-152.0,-155.0,-157.0,-157.0,-157.0,-155.0,-157.0,-157.0,-157.0,-157.0,-157.0,-157.0,-153.0,-154.5,-153.5,-157.0,-155.0,-151.0,-154.0,-153.0,-156.0,-157.0,-154.0,-154.0,-154.5,-156.5,-155.0,-154.0,-154.0,-157.0,-157.0,-156.5,-156.5,-157.0,-157.0,-156.5,-157.0,-157.0,-156.0,-155.5,-154.5,-154.5,-157.0,-155.0,-157.0,-155.5,-154.0,-154.5,-154.5,-157.0,-153.5,-153.0,-155.0,-157.0,-156.0,-155.5,-157.0,-157.0,-157.0,-156.5,-156.0,-157.0,-157.0,-157.0,-157.0,-157.0,-157.0,-157.0,-157.0,-157.0,-157.0,-157.0,-157.0,-154.0,-147.5,-148.0,-157.0,-156.0,-157.0,-153.0,-152.0,-156.0,-156.0,-157.0,-157.0,-157.0,-157.0,-157.0,-157.0,-157.0,-153.0,-157.0,-156.5,-154.0,-157.0,-157.0,-157.0,-157.0,-157.0,-157.0,-155.5,-156.5,-157.0,-152.5,-153.0,-155.0,-154.5,-157.0,-153.5,-157.0,-152.5,-156.5,-157.0,-155.0,-156.0,-153.5,-157.0,-157.0,-157.0,-157.0,-157.0,-157.0,-157.0,-157.0,-157.0,-157.0,-156.5,-157.0,-157.0,-157.0,-153.0,-153.0,-156.5,-155.5,-155.0,-157.0,-151.0,-151.5,-154.5,-154.5,-157.0,-154.0,-157.0,-157.0,-157.0,-157.0,-157.0,-148.5,-153.0,-157.0,-157.0,-157.0,-157.0,-156.5,-151.0,-149.5,-152.5,-153.0,-156.0,-154.0,-157.0,-157.0,-156.0,-157.0,-154.5,-157.0,-157.0,-156.0,-157.0,-157.0,-157.0,-157.0,-154.5,-154.5,-157.0,-157.0,-157.0,-154.5,-153.5,-156.0,-155.5,-157.0,-156.5,-156.5,-155.5,-155.0,-154.0,-157.0,-157.0,-157.0,-157.0,-156.5,-157.0,-156.5,-157.0,-154.5,-155.5,-154.5,-157.0,-157.0,-153.5,-157.0,-157.0,-157.0,-157.0,-157.0,-157.0,-157.0,-157.0,-153.0,-155.5,-157.0,-157.0,-154.0,-157.0,-154.0,-153.0,-157.0,-152.5,-153.0,-157.0,-157.0,-154.5,-156.0,-157.0,-150.5,-156.5,-157.0,-157.0,-157.0,-157.0,-157.0,-157.0,-152.5,-154.5,-157.0,-157.0,-153.5,-157.0,-155.5,-152.5,-157.0,-154.5,-152.0,-154.0,-157.0,-157.0,-153.0,-150.5,-153.0,-157.0,-156.0,-157.0,-157.0,-157.0,-157.0,-156.5,-153.5,-154.0,-155.5,-151.5,-157.0,-157.0,-155.5,-154.0,-157.0,-152.5,-152.5,-157.0,-157.0,-155.0,-152.5,-157.0,-157.0,-150.5,-150.5,-149.5,-151.0,-155.5,-157.0,-157.0,-157.0,-156.5,-157.0,-157.0,-156.0,-157.0,-157.0,-154.5,-153.5,-154.5,-153.5,-157.0,-156.0,-156.0,-152.0,-151.5,-152.0,-157.0,-153.0,-155.5,-157.0,-157.0,-157.0,-157.0,-157.0,-156.5
2026-01-17 14:24:10.413,143.049967,5,-77,-157.0,-157.0,-156.0,-157.0,-157.0,-157.0,-155.0,-157.0,-155.0,-155.5,-157.0,-157.0,-154.0,-154.5,-153.5,-155.5,-157.0,-157.0,-154.5,-152.0,-157.0,-156.0,-157.0,-157.0,-156.0,-157.0,-154.0,-152.5,-156.0,-152.5,-157.0,-157.0,-157.0,-155.0,-157.0,-157.0,-155.5,-155.5,-153.0,-153.5,-157.0,-155.0,-152.0,-155.5,-157.0,-157.0,-155.0,-151.5,-150.5,-154.0,-153.0,-152.5,-152.0,-157.0,-153.0,-152.5,-153.5,-157.0,-154.0,-157.0,-157.0,-157.0,-157.0,-151.5,-153.0,-152.5,-155.0,-157.0,-157.0,-157.0,-157.0,-156.5,-156.5,-153.0,-153.0,-156.0,-157.0,-157.0,-157.0,-157.0,-157.0,-156.5,-151.0,-150.0,-150.0,-150.0,-157.0,-155.0,-157.0,-157.0,-157.0,-155.5,-157.0,-155.5,-157.0,-153.5,-157.0,-156.5,-157.0,-156.5,-157.0,-157.0,-156.5,-157.0,-157.0,-157.0,-154.0,-157.0,-157.0,-157.0,-154.5,-155.0,-155.0,-157.0,-157.0,-156.5,-156.0,-157.0,-150.0,-151.0,-157.0,-156.5,-155.5,-151.5,-153.0,-157.0,-157.0,-157.0,-157.0,-157.0,-156.5,-154.5,-156.5,-157.0,-157.0,-154.5,-152.5,-157.0,-157.0,-157.0,-157.0,-157.0,-157.0,-157.0,-157.0,-156.5,-157.0,-156.5,-157.0,-152.5,-154.0,-156.0,-157.0,-149.5,-151.5,-148.5,-149.5,-157.0,-157.0,-157.0,-148.0,-148.5,-155.5,-157.0,-157.0,-157.0,-157.0,-157.0,-151.5,-156.5,-157.0,-157.0,-157.0,-155.5,-157.0,-157.0,-156.5,-157.0,-157.0,-157.0,-150.5,-150.5,-153.5,-157.0,-157.0,-156.5,-155.5,-152.5,-154.5,-157.0,-155.0,-155.0,-154.5,-157.0,-157.0,-157.0,-157.0,-157.0,-157.0,-157.0,-151.5,-157.0,-157.0,-154.5,-157.0,-157.0,-153.5,-156.0,-154.5,-157.0,-156.5,-156.0,-157.0,-154.5,-154.0,-157.0,-155.5,-157.0,-157.0,-154.0,-157.0,-157.0,-157.0,-157.0,-157.0,-156.5,-157.0,-152.0,-152.0,-157.0,-157.0,-157.0,-157.0,-157.0,-157.0,-157.0,-156.5,-157.0,-157.0,-157.0,-156.5,-153.0,-147.0,-147.5,-157.0,-157.0,-157.0,-157.0,-154.5,-157.0,-155.0,-157.0,-157.0,-154.5,-154.0,-155.0,-155.0,-157.0,-153.0,-156.0,-155.5,-154.0,-157.0,-152.5,-157.0,-156.5,-155.0,-157.0,-151.5,-152.5,-157.0,-156.0,-155.0,-155.0,-157.0,-157.0,-153.5,-152.5,-151.0,-157.0,-157.0,-155.5,-156.5,-155.5,-156.0,-157.0,-157.0,-157.0,-154.0,-154.5,-157.0,-157.0,-155.0,-154.5,-156.5,-157.0,-155.5,-154.5,-157.0,-155.0,-156.5,-153.5,-154.0,-156.0,-154.0,-156.5,-157.0,-157.0,-157.0,-157.0,-157.0,-155.5,-157.0,-157.0,-157.0,-149.5,-157.0,-157.0,-157.0,-157.0,-157.0,-154.0,-154.5,-151.0,-153.0,-157.0,-156.0,-151.0,-153.5,-157.0,-153.0,-155.5,-155.0,-157.0,-157.0,-156.0,-153.5,-151.5,-156.0,-155.5,-157.0,-156.5,-157.0,-157.0,-157.0,-154.5,-154.0,-157.0,-153.5,-157.0,-156.0,-156.0,-154.5,-152.0,-152.5,-157.0,-157.0,-157.0,-157.0,-157.0,-157.0,-153.5,-157.0,-156.5,-157.0,-152.5,-157.0,-156.5,-151.0,-154.0,-154.5,-156.5,-157.0,-157.0,-157.0,-157.0,-154.5,-152.0,-157.0,-157.0,-157.0,-155.5,-157.0,-156.5,-151.5,-154.0,-157.0,-157.0,-157.0,-157.0,-153.5,-156.5,-157.0,-157.0,-157.0,-156.5,-157.0,-157.0,-157.0,-157.0,-153.5,-151.5,-157.0,-156.5,-153.5,-153.5,-157.0,-154.0,-152.5,-154.5,-154.5,-153.5,-155.5,-157.0,-157.0,-154.5,-154.0,-154.0,-157.0,-157.0,-155.5,-155.0,-157.0,-155.0,-155.0,-157.0,-157.0,-154.0,-153.0,-157.0,-157.0,-156.0,-154.5,-156.5,-155.0,-153.5,-157.0,-157.0,-153.5,-154.0,-155.5,-157.0,-154.0,-153.5,-151.5,-154.0,-155.5,-157.0,-155.0,-156.0,-157.0,-155.0,-157.0,-157.0,-157.0,-157.0,-153.5,-153.0,-157.0,-154.5,-157.0,-157.0,-157.0,-151.0,-153.5,-154.5,-154.5,-153.0,-157.0,-157.0,-153.5,-154.5,-157.0,-157.0,-154.0
2026-01-17 14:24:10.444,143.049967,5,-77,-157.0,-157.0,-153.5,-153.0,-156.0,-157.0,-155.5,-157.0,-157.0,-157.0,-157.0,-157.0,-157.0,-155.5,-156.5,-152.5,-155.0,-157.0,-155.5,-155.5,-157.0,-152.5,-154.5,-157.0,-157.0,-157.0,-157.0,-154.5,-150.5,-151.5,-155.0,-154.5,-157.0,-157.0,-157.0,-157.0,-153.5,-153.5,-153.0,-155.0,-157.0,-157.0,-152.0,-155.0,-157.0,-157.0,-157.0,-156.0,-151.5,-157.0,-157.0,-154.0,-153.5,-157.0,-157.0,-157.0,-152.0,-155.5,-155.5,-157.0,-156.0,-157.0,-157.0,-151.0,-152.0,-153.5,-153.5,-157.0,-156.5,-155.5,-154.0,-152.5,-157.0,-151.5,-152.0,-157.0,-157.0,-157.0,-155.0,-156.5,-157.0,-157.0,-157.0,-152.0,-149.5,-151.0,-155.5,-154.0,-157.0,-157.0,-157.0,-157.0,-157.0,-157.0,-157.0,-154.5,-157.0,-157.0,-155.5,-155.0,-155.0,-157.0,-157.0,-157.0,-156.0,-154.5,-156.0,-153.0,-156.0,-157.0,-157.0,-157.0,-153.5,-156.0,-157.0,-156.5,-156.0,-157.0,-154.0,-156.0,-151.5,-152.0,-151.5,-151.0,-153.0,-157.0,-157.0,-157.0,-157.0,-156.5,-157.0,-156.5,-154.5,-153.0,-154.5,-157.0,-156.0,-157.0,-157.0,-157.0,-157.0,-157.0,-157.0,-155.5,-157.0,-157.0,-157.0,-157.0,-157.0,-152.5,-156.0,-155.0,-157.0,-150.0,-154.5,-149.0,-148.5,-154.5,-156.5,-157.0,-148.5,-150.5,-156.5,-157.0,-156.5,-154.5,-157.0,-157.0,-154.5,-153.5,-157.0,-157.0,-155.0,-155.0,-157.0,-157.0,-157.0,-157.0,-157.0,-157.0,-153.0,-150.5,-154.0,-155.5,-157.0,-157.0,-157.0,-156.0,-156.5,-157.0,-157.0,-157.0,-157.0,-157.0,-157.0,-157.0,-157.0,-157.0,-157.0,-156.0,-149.5,-153.0,-157.0,-154.0,-153.5,-157.0,-155.0,-155.0,-153.5,-154.5,-157.0,-157.0,-157.0,-157.0,-157.0,-157.0,-156.5,-157.0,-157.0,-156.0,-157.0,-155.0,-157.0,-157.0,-151.5,-151.5,-157.0,-153.0,-151.5,-155.5,-155.5,-155.0,-157.0,-157.0,-157.0,-153.5,-156.5,-157.0,-156.5,-157.0,-156.0,-157.0,-147.0,-146.5,-157.0,-157.0,-157.0,-156.0,-155.0,-157.0,-155.0,-157.0,-156.0,-154.0,-157.0,-157.0,-157.0,-157.0,-153.0,-155.0,-157.0,-154.0,-155.0,-150.5,-151.5,-153.5,-156.0,-157.0,-152.5,-156.0,-156.0,-157.0,-152.5,-155.0,-157.0,-157.0,-154.0,-151.5,-150.0,-154.5,-157.0,-155.0,-150.5,-151.5,-156.5,-155.5,-155.0,-157.0,-149.5,-148.5,-157.0,-157.0,-157.0,-153.0,-155.5,-156.0,-156.0,-154.0,-157.0,-156.0,-156.0,-154.0,-155.0,-152.0,-155.5,-157.0,-157.0,-157.0,-156.5,-157.0,-155.5,-154.0,-157.0,-157.0,-157.0,-154.5,-157.0,-157.0,-157.0,-157.0,-157.0,-156.5,-156.0,-157.0,-156.0,-157.0,-156.5,-150.5,-151.0,-157.0,-154.5,-156.5,-157.0,-157.0,-157.0,-156.0,-153.0,-149.5,-156.5,-154.0,-157.0,-157.0,-157.0,-157.0,-157.0,-157.0,-156.0,-153.5,-153.0,-157.0,-157.0,-157.0,-152.5,-153.5,-157.0,-157.0,-156.5,-154.5,-155.0,-157.0,-157.0,-155.0,-154.5,-157.0,-151.5,-150.0,-153.5,-153.5,-151.0,-156.5,-154.0,-157.0,-157.0,-157.0,-157.0,-157.0,-157.0,-154.5,-157.0,-157.0,-154.5,-157.0,-157.0,-155.0,-154.0,-155.5,-157.0,-157.0,-153.5,-153.0,-156.5,-157.0,-157.0,-157.0,-157.0,-154.5,-157.0,-157.0,-157.0,-157.0,-152.5,-151.5,-157.0,-155.5,-153.5,-157.0,-157.0,-156.0,-156.5,-157.0,-157.0,-154.0,-154.5,-157.0,-157.0,-157.0,-153.5,-153.5,-157.0,-156.0,-154.5,-155.5,-157.0,-157.0,-156.0,-157.0,-157.0,-153.5,-157.0,-156.0,-155.0,-157.0,-154.5,-156.0,-154.5,-157.0,-157.0,-157.0,-156.5,-154.5,-153.5,-156.5,-153.0,-151.0,-153.5,-157.0,-157.0,-154.0,-156.0,-157.0,-157.0,-156.0,-157.0,-157.0,-157.0,-157.0,-154.0,-157.0,-157.0,-156.0,-157.0,-157.0,-157.0,-153.0,-155.5,-157.0,-155.0,-155.5,-157.0,-157.0,-151.0,-153.0,-157.0,-157.0,-156.5
2026-01-17 14:24:10.482,143.049967,5,-77,-157.0,-157.0,-153.0,-150.5,-151.5,-157.0,-154.5,-157.0,-157.0,-157.0,-157.0,-157.0,-157.0,-153.0,-157.0,-153.5,-154.5,-157.0,-157.0,-157.0,-157.0,-151.5,-155.5,-157.0,-157.0,-157.0,-157.0,-157.0,-151.5,-154.5,-153.0,-153.0,-156.0,-157.0,-153.0,-153.5,-156.0,-150.5,-151.5,-156.0,-156.5,-157.0,-154.5,-157.0,-157.0,-154.0,-156.0,-157.0,-152.5,-157.0,-157.0,-157.0,-157.0,-157.0,-157.0,-157.0,-154.0,-157.0,-156.5,-157.0,-151.5,-151.5,-157.0,-152.0,-157.0,-156.5,-156.5,-157.0,-155.0,-155.5,-157.0,-152.5,-154.5,-157.0,-157.0,-157.0,-157.0,-157.0,-151.5,-153.5,-157.0,-157.0,-157.0,-152.0,-154.0,-155.0,-157.0,-157.0,-157.0,-157.0,-157.0,-157.0,-157.0,-156.5,-155.5,-153.0,-157.0,-154.5,-152.5,-157.0,-156.0,-157.0,-157.0,-157.0,-154.0,-152.0,-155.0,-156.0,-156.0,-157.0,-157.0,-157.0,-152.5,-150.5,-155.0,-154.0,-157.0,-157.0,-157.0,-157.0,-150.5,-154.0,-156.0,-151.5,-155.5,-157.0,-157.0,-157.0,-157.0,-157.0,-157.0,-156.5,-157.0,-154.5,-154.0,-155.0,-157.0,-157.0,-157.0,-156.5,-157.0,-157.0,-157.0,-157.0,-157.0,-157.0,-157.0,-155.0,-155.5,-153.5,-155.5,-155.5,-154.0,-149.5,-151.0,-157.0,-152.0,-156.0,-152.5,-153.0,-152.0,-156.5,-156.5,-157.0,-157.0,-156.0,-157.0,-154.0,-154.0,-153.5,-154.5,-157.0,-154.5,-153.5,-157.0,-155.5,-157.0,-157.0,-157.0,-157.0,-157.0,-153.5,-154.0,-157.0,-157.0,-157.0,-157.0,-157.0,-156.0,-157.0,-157.0,-157.0,-157.0,-157.0,-157.0,-153.5,-154.0,-156.5,-157.0,-157.0,-150.0,-148.5,-154.5,-157.0,-155.0,-157.0,-155.0,-151.5,-154.0,-156.5,-157.0,-157.0,-157.0,-157.0,-157.0,-157.0,-155.0,-157.0,-157.0,-155.0,-157.0,-153.0,-152.5,-156.5,-149.5,-151.0,-157.0,-157.0,-155.5,-157.0,-157.0,-154.5,-157.0,-157.0,-157.0,-152.5,-156.0,-153.5,-152.0,-157.0,-157.0,-157.0,-147.5,-147.0,-157.0,-157.0,-157.0,-156.5,-155.5,-157.0,-157.0,-157.0,-157.0,-155.5,-157.0,-157.0,-157.0,-156.5,-153.5,-154.5,-156.5,-155.0,-154.5,-153.0,-155.0,-155.5,-157.0,-156.0,-157.0,-157.0,-156.0,-156.0,-150.0,-153.0,-157.0,-155.5,-153.0,-152.5,-153.0,-152.5,-157.0,-157.0,-151.5,-153.0,-157.0,-152.0,-153.5,-157.0,-148.5,-149.5,-157.0,-157.0,-157.0,-155.0,-157.0,-156.5,-157.0,-153.5,-152.0,-152.0,-155.5,-157.0,-154.5,-152.5,-152.0,-152.5,-157.0,-157.0,-155.5,-156.5,-156.0,-157.0,-156.5,-152.5,-155.0,-154.0,-157.0,-157.0,-157.0,-155.5,-157.0,-157.0,-156.5,-156.5,-154.5,-157.0,-153.0,-152.0,-155.5,-156.5,-157.0,-157.0,-156.5,-153.5,-156.5,-156.5,-152.5,-151.5,-153.5,-156.5,-157.0,-156.5,-157.0,-157.0,-157.0,-157.0,-153.0,-153.5,-157.0,-157.0,-157.0,-157.0,-156.5,-157.0,-157.0,-157.0,-153.5,-153.5,-153.5,-157.0,-156.5,-155.0,-153.5,-154.0,-152.5,-150.5,-153.5,-152.5,-151.5,-153.5,-155.5,-157.0,-155.5,-155.0,-157.0,-157.0,-157.0,-157.0,-155.0,-157.0,-152.0,-157.0,-157.0,-154.0,-154.0,-157.0,-152.5,-157.0,-153.5,-153.0,-155.5,-156.0,-155.5,-155.5,-157.0,-156.0,-157.0,-157.0,-157.0,-157.0,-155.5,-157.0,-157.0,-157.0,-157.0,-157.0,-157.0,-156.0,-157.0,-157.0,-156.0,-155.5,-157.0,-157.0,-157.0,-157.0,-152.5,-154.5,-157.0,-155.0,-157.0,-157.0,-157.0,-157.0,-157.0,-157.0,-154.0,-151.0,-157.0,-157.0,-156.0,-157.0,-156.5,-152.5,-152.5,-156.5,-157.0,-157.0,-153.0,-155.0,-154.5,-153.0,-151.5,-152.5,-155.0,-157.0,-157.0,-157.0,-157.0,-157.0,-157.0,-157.0,-153.5,-157.0,-155.0,-156.5,-156.0,-157.0,-155.5,-153.5,-155.0,-157.0,-157.0,-156.0,-157.0,-157.0,-157.0,-157.0,-157.0,-157.0,-155.0,-154.5,-157.0,-157.0,-156.5
2026-01-17 14:24:10.512,143.049967,5,-77,-157.0,-157.0,-157.0,-153.0,-153.0,-157.0,-154.0,-154.0,-157.0,-157.0,-157.0,-157.0,-157.0,-152.0,-157.0,-157.0,-157.0,-157.0,-157.0,-155.0,-157.0,-153.0,-157.0,-157.0,-157.0,-157.0,-157.0,-157.0,-154.5,-155.5,-156.0,-157.0,-157.0,-157.0,-154.0,-154.5,-157.0,-153.0,-151.0,-154.5,-157.0,-157.0,-157.0,-157.0,-157.0,-153.5,-157.0,-157.0,-153.0,-157.0,-157.0,-157.0,-157.0,-157.0,-156.5,-156.5,-157.0,-157.0,-155.5,-157.0,-152.5,-149.5,-153.0,-153.0,-157.0,-157.0,-157.0,-157.0,-157.0,-156.5,-157.0,-157.0,-155.5,-157.0,-157.0,-156.0,-157.0,-157.0,-151.0,-152.5,-157.0,-157.0,-157.0,-153.0,-155.0,-155.0,-153.5,-156.5,-157.0,-155.5,-156.0,-157.0,-157.0,-157.0,-155.5,-155.0,-156.5,-154.0,-153.5,-157.0,-155.5,-156.0,-157.0,-155.5,-152.5,-156.0,-152.5,-157.0,-156.0,-154.5,-155.0,-157.0,-152.5,-150.0,-154.0,-153.5,-157.0,-157.0,-157.0,-154.5,-153.0,-157.0,-157.0,-155.0,-157.0,-154.0,-153.5,-157.0,-157.0,-157.0,-157.0,-155.5,-157.0,-157.0,-155.0,-155.0,-154.5,-157.0,-157.0,-156.5,-156.5,-156.0,-152.5,-153.5,-157.0,-157.0,-155.0,-156.5,-152.5,-153.0,-157.0,-157.0,-154.0,-152.5,-154.5,-155.5,-154.5,-157.0,-152.5,-154.0,-154.5,-157.0,-157.0,-157.0,-157.0,-154.5,-153.5,-154.0,-153.0,-157.0,-157.0,-157.0,-157.0,-156.5,-156.0,-156.5,-157.0,-157.0,-157.0,-157.0,-157.0,-157.0,-152.5,-157.0,-157.0,-157.0,-157.0,-155.0,-157.0,-157.0,-157.0,-152.5,-157.0,-156.5,-155.0,-152.0,-154.0,-155.0,-157.0,-157.0,-154.0,-151.5,-154.5,-157.0,-154.5,-150.5,-152.5,-150.0,-152.0,-157.0,-157.0,-157.0,-157.0,-154.5,-157.0,-157.0,-153.0,-155.5,-157.0,-156.0,-155.0,-156.5,-149.5,-148.5,-149.5,-157.0,-157.0,-157.0,-157.0,-157.0,-156.5,-157.0,-156.0,-157.0,-155.0,-151.5,-153.5,-154.5,-151.5,-157.0,-157.0,-155.5,-145.5,-146.5,-157.0,-157.0,-157.0,-157.0,-157.0,-157.0,-157.0,-157.0,-157.0,-157.0,-156.5,-151.5,-152.5,-153.0,-153.0,-152.0,-154.0,-155.5,-157.0,-157.0,-157.0,-157.0,-157.0,-157.0,-157.0,-156.5,-153.5,-153.0,-151.5,-157.0,-155.0,-154.0,-152.5,-155.0,-157.0,-152.5,-157.0,-157.0,-157.0,-157.0,-157.0,-154.0,-152.5,-155.0,-150.5,-151.0,-150.0,-152.5,-155.5,-156.0,-155.5,-156.0,-153.0,-154.5,-151.5,-153.0,-157.0,-157.0,-155.5,-155.5,-149.5,-149.5,-157.0,-157.0,-157.0,-157.0,-157.0,-157.0,-155.5,-151.5,-154.5,-152.0,-157.0,-156.0,-155.5,-157.0,-155.5,-157.0,-155.0,-152.0,-151.5,-157.0,-151.5,-155.0,-157.0,-156.5,-157.0,-157.0,-152.5,-153.5,-157.0,-157.0,-157.0,-157.0,-154.0,-155.5,-157.0,-157.0,-157.0,-157.0,-157.0,-157.0,-151.5,-153.0,-157.0,-157.0,-157.0,-157.0,-157.0,-157.0,-156.5,-157.0,-155.5,-157.0,-154.5,-157.0,-150.5,-149.0,-154.0,-155.5,-157.0,-152.5,-156.0,-155.0,-155.5,-155.0,-156.5,-155.5,-152.5,-151.5,-154.5,-155.5,-157.0,-156.0,-154.5,-157.0,-151.0,-154.5,-156.0,-150.0,-150.0,-155.0,-151.5,-155.5,-155.0,-153.5,-153.0,-157.0,-156.0,-157.0,-157.0,-156.0,-156.5,-157.0,-157.0,-153.5,-154.5,-157.0,-157.0,-157.0,-157.0,-157.0,-154.5,-154.0,-157.0,-157.0,-157.0,-155.5,-157.0,-157.0,-157.0,-154.5,-155.0,-157.0,-157.0,-157.0,-157.0,-155.5,-156.0,-157.0,-157.0,-157.0,-150.5,-148.5,-156.5,-157.0,-154.5,-157.0,-157.0,-154.5,-155.0,-156.5,-155.0,-157.0,-151.0,-157.0,-157.0,-157.0,-155.5,-156.5,-156.0,-157.0,-157.0,-157.0,-157.0,-155.5,-157.0,-157.0,-152.0,-153.5,-154.5,-155.5,-157.0,-157.0,-156.5,-155.0,-157.0,-157.0,-157.0,-157.0,-156.5,-157.0,-157.0,-157.0,-157.0,-157.0,-157.0,-154.5,-157.0,-156.0,-151.5
2026-01-17 14:24:10.546,143.049967,5,-77,-157.0,-157.0,-157.0,-157.0,-157.0,-154.0,-156.5,-154.5,-155.0,-156.5,-154.5,-157.0,-157.0,-153.0,-157.0,-157.0,-157.0,-157.0,-155.0,-154.0,-153.5,-152.5,-157.0,-156.0,-155.5,-155.0,-157.0,-157.0,-154.5,-155.5,-154.5,-157.0,-157.0,-157.0,-157.0,-155.5,-156.5,-156.5,-154.5,-155.5,-157.0,-157.0,-157.0,-157.0,-157.0,-154.0,-157.0,-157.0,-153.5,-154.5,-157.0,-157.0,-157.0,-156.0,-156.0,-156.0,-155.5,-157.0,-156.5,-157.0,-157.0,-151.0,-157.0,-157.0,-157.0,-156.5,-155.5,-157.0,-157.0,-155.0,-157.0,-156.0,-154.5,-157.0,-157.0,-154.5,-157.0,-154.5,-154.0,-152.5,-153.0,-157.0,-157.0,-153.5,-154.0,-154.0,-152.5,-154.5,-157.0,-157.0,-157.0,-157.0,-157.0,-157.0,-157.0,-157.0,-157.0,-157.0,-157.0,-157.0,-157.0,-152.5,-155.5,-151.0,-151.0,-154.5,-152.5,-157.0,-154.5,-156.5,-153.0,-157.0,-157.0,-149.5,-150.0,-157.0,-156.5,-157.0,-155.5,-154.5,-157.0,-157.0,-157.0,-155.0,-157.0,-156.0,-156.0,-155.0,-157.0,-157.0,-156.0,-157.0,-157.0,-157.0,-157.0,-157.0,-154.0,-156.5,-157.0,-157.0,-155.5,-157.0,-151.5,-153.5,-157.0,-155.5,-153.0,-157.0,-155.5,-155.0,-155.5,-156.0,-157.0,-157.0,-157.0,-157.0,-154.0,-156.0,-154.5,-157.0,-151.5,-152.5,-157.0,-155.0,-157.0,-155.5,-153.0,-157.0,-155.5,-157.0,-157.0,-157.0,-157.0,-157.0,-157.0,-157.0,-157.0,-157.0,-157.0,-157.0,-157.0,-157.0,-152.5,-157.0,-156.0,-157.0,-155.0,-155.0,-157.0,-157.0,-151.5,-150.0,-157.0,-157.0,-154.0,-157.0,-157.0,-154.5,-157.0,-156.0,-156.5,-156.5,-157.0,-157.0,-153.0,-149.5,-153.5,-153.0,-154.0,-152.0,-155.0,-156.5,-149.0,-149.5,-157.0,-157.0,-155.5,-157.0,-157.0,-156.0,-153.5,-157.0,-150.5,-149.0,-154.5,-157.0,-157.0,-157.0,-154.5,-155.5,-157.0,-155.0,-153.0,-157.0,-152.5,-151.5,-157.0,-157.0,-151.5,-157.0,-157.0,-157.0,-146.0,-146.5,-157.0,-157.0,-157.0,-156.5,-155.5,-153.0,-154.0,-157.0,-156.0,-157.0,-157.0,-152.0,-153.0,-155.0,-157.0,-154.5,-153.0,-151.5,-152.0,-154.0,-157.0,-157.0,-155.0,-157.0,-157.0,-157.0,-151.0,-156.0,-155.5,-157.0,-155.0,-152.0,-151.0,-153.0,-155.0,-152.5,-156.0,-157.0,-157.0,-155.5,-157.0,-157.0,-154.0,-155.5,-153.5,-151.0,-151.5,-153.0,-155.0,-157.0,-156.5,-157.0,-152.0,-157.0,-152.5,-157.0,-157.0,-157.0,-157.0,-157.0,-149.5,-148.0,-154.0,-153.5,-157.0,-155.0,-157.0,-157.0,-155.5,-154.5,-157.0,-151.0,-157.0,-155.5,-155.0,-157.0,-152.5,-152.5,-154.5,-151.5,-152.0,-157.0,-150.5,-155.0,-157.0,-153.5,-152.5,-157.0,-156.0,-157.0,-157.0,-157.0,-157.0,-157.0,-157.0,-157.0,-157.0,-157.0,-157.0,-157.0,-156.5,-152.5,-153.0,-154.5,-156.0,-157.0,-157.0,-157.0,-157.0,-154.5,-153.5,-152.0,-157.0,-154.5,-155.0,-157.0,-151.0,-148.5,-154.0,-154.5,-154.0,-155.5,-156.0,-157.0,-157.0,-155.0,-157.0,-156.0,-155.5,-152.0,-152.0,-157.0,-157.0,-157.0,-155.5,-157.0,-153.0,-157.0,-157.0,-152.0,-152.5,-155.0,-156.0,-152.5,-155.0,-156.5,-156.0,-157.0,-157.0,-157.0,-157.0,-153.0,-153.5,-157.0,-157.0,-151.0,-152.0,-157.0,-157.0,-157.0,-157.0,-157.0,-157.0,-157.0,-157.0,-157.0,-157.0,-154.5,-156.5,-155.5,-155.5,-156.5,-157.0,-157.0,-154.5,-157.0,-157.0,-154.5,-157.0,-156.5,-157.0,-157.0,-150.0,-148.5,-157.0,-152.0,-152.0,-157.0,-157.0,-157.0,-157.0,-153.0,-152.0,-157.0,-153.5,-157.0,-157.0,-157.0,-157.0,-153.5,-154.5,-156.0,-156.0,-156.0,-157.0,-155.5,-157.0,-157.0,-155.0,-157.0,-157.0,-155.5,-157.0,-155.0,-155.5,-156.0,-157.0,-157.0,-157.0,-157.0,-156.0,-157.0,-157.0,-157.0,-156.5,-157.0,-155.5,-156.0,-157.0,-156.0,-150.5
2026-01-17 14:24:10.594,143.049967,5,-77,-157.0,-157.0,-157.0,-157.0,-157.0,-152.5,-157.0,-156.5,-156.0,-157.0,-154.0,-153.5,-157.0,-152.5,-153.5,-157.0,-157.0,-156.0,-153.0,-154.0,-152.0,-153.5,-157.0,-154.0,-156.5,-157.0,-157.0,-157.0,-154.5,-155.0,-152.5,-157.0,-157.0,-157.0,-157.0,-154.5,-157.0,-156.5,-157.0,-156.5,-156.0,-157.0,-154.5,-155.0,-157.0,-157.0,-157.0,-156.0,-155.5,-157.0,-157.0,-157.0,-157.0,-157.0,-157.0,-157.0,-156.0,-152.0,-154.5,-157.0,-157.0,-152.5,-157.0,-157.0,-157.0,-155.0,-151.5,-154.0,-156.5,-153.0,-157.0,-154.0,-154.0,-157.0,-154.5,-152.5,-156.0,-155.0,-157.0,-149.5,-149.0,-157.0,-157.0,-154.5,-155.5,-157.0,-157.0,-157.0,-157.0,-157.0,-157.0,-153.5,-153.5,-157.0,-156.5,-156.5,-157.0,-157.0,-157.0,-157.0,-156.5,-153.0,-156.5,-154.5,-156.0,-157.0,-156.0,-157.0,-152.0,-153.5,-154.0,-157.0,-157.0,-155.0,-151.0,-155.5,-150.5,-151.0,-156.5,-152.5,-157.0,-157.0,-157.0,-154.0,-156.0,-157.0,-157.0,-152.5,-152.5,-155.5,-154.5,-157.0,-157.0,-157.0,-157.0,-157.0,-157.0,-153.5,-156.5,-151.5,-153.0,-157.0,-157.0,-157.0,-156.0,-151.0,-154.5,-157.0,-157.0,-155.0,-156.5,-157.0,-157.0,-157.0,-157.0,-157.0,-153.5,-150.5,-152.0,-157.0,-149.0,-150.5,-157.0,-152.5,-157.0,-157.0,-154.5,-157.0,-157.0,-157.0,-157.0,-153.5,-152.0,-151.5,-157.0,-157.0,-157.0,-157.0,-157.0,-154.0,-153.0,-156.0,-152.0,-152.5,-154.5,-157.0,-156.0,-152.5,-154.0,-157.0,-151.5,-152.5,-157.0,-154.0,-152.5,-157.0,-155.5,-151.0,-155.5,-152.0,-152.5,-154.5,-157.0,-157.0,-157.0,-152.0,-157.0,-157.0,-153.5,-152.5,-157.0,-152.0,-146.5,-148.5,-154.0,-155.0,-157.0,-157.0,-156.5,-157.0,-154.5,-157.0,-154.5,-153.0,-157.0,-157.0,-157.0,-157.0,-153.0,-155.0,-156.0,-154.0,-152.0,-154.5,-157.0,-156.5,-157.0,-156.5,-150.5,-154.0,-154.5,-157.0,-146.0,-146.5,-157.0,-157.0,-154.0,-153.0,-156.5,-150.0,-152.5,-157.0,-157.0,-157.0,-157.0,-156.0,-157.0,-156.0,-156.0,-156.0,-156.5,-153.5,-151.0,-154.0,-157.0,-153.5,-151.5,-152.0,-156.5,-157.0,-155.5,-157.0,-157.0,-157.0,-156.0,-152.0,-153.0,-152.0,-157.0,-156.0,-157.0,-157.0,-157.0,-155.5,-157.0,-156.0,-157.0,-157.0,-157.0,-157.0,-156.5,-157.0,-157.0,-157.0,-156.0,-157.0,-154.5,-157.0,-153.5,-155.5,-156.5,-157.0,-157.0,-157.0,-153.5,-148.5,-153.0,-154.0,-157.0,-154.0,-157.0,-156.5,-157.0,-157.0,-157.0,-151.5,-157.0,-157.0,-157.0,-156.0,-155.5,-152.0,-157.0,-155.5,-155.0,-157.0,-152.0,-155.5,-157.0,-155.0,-152.0,-157.0,-157.0,-157.0,-157.0,-157.0,-157.0,-157.0,-157.0,-157.0,-157.0,-157.0,-157.0,-157.0,-151.0,-150.0,-157.0,-157.0,-156.5,-156.5,-157.0,-157.0,-157.0,-154.5,-157.0,-154.0,-157.0,-154.5,-157.0,-157.0,-153.5,-151.0,-151.5,-152.0,-157.0,-157.0,-157.0,-157.0,-157.0,-155.5,-156.5,-157.0,-157.0,-157.0,-153.0,-157.0,-157.0,-157.0,-157.0,-157.0,-157.0,-157.0,-157.0,-157.0,-157.0,-157.0,-157.0,-153.0,-156.0,-157.0,-157.0,-157.0,-157.0,-157.0,-157.0,-154.5,-156.5,-157.0,-157.0,-155.5,-155.5,-157.0,-157.0,-157.0,-157.0,-157.0,-157.0,-157.0,-157.0,-156.5,-157.0,-157.0,-157.0,-154.5,-156.5,-157.0,-157.0,-155.0,-151.5,-155.0,-157.0,-154.5,-156.0,-157.0,-157.0,-155.0,-152.5,-153.5,-157.0,-155.5,-153.0,-157.0,-157.0,-157.0,-157.0,-155.0,-151.0,-157.0,-157.0,-157.0,-157.0,-156.0,-156.5,-156.0,-157.0,-153.5,-155.5,-155.5,-154.5,-156.0,-157.0,-157.0,-157.0,-157.0,-157.0,-156.0,-157.0,-157.0,-157.0,-157.0,-153.0,-155.5,-157.0,-157.0,-156.0,-157.0,-157.0,-155.0,-153.0,-156.5,-155.0,-157.0,-157.0,-154.5,-154.5
2026-01-17 14:24:10.612,143.049967,5,-77,-157.0,-157.0,-157.0,-157.0,-157.0,-152.0,-154.5,-157.0,-157.0,-157.0,-154.5,-153.0,-155.0,-155.5,-157.0,-157.0,-157.0,-157.0,-153.0,-153.0,-153.5,-157.0,-157.0,-155.5,-157.0,-157.0,-157.0,-157.0,-156.0,-157.0,-154.5,-156.5,-156.0,-157.0,-157.0,-156.5,-157.0,-155.0,-157.0,-153.5,-155.5,-155.5,-154.0,-155.0,-157.0,-157.0,-157.0,-157.0,-156.0,-156.5,-157.0,-156.0,-155.0,-157.0,-155.0,-157.0,-155.5,-152.0,-151.5,-151.5,-157.0,-152.5,-153.0,-153.5,-155.5,-157.0,-153.0,-157.0,-157.0,-154.0,-157.0,-157.0,-155.5,-155.0,-157.0,-151.5,-154.5,-156.5,-157.0,-153.0,-151.5,-157.0,-155.0,-155.0,-155.5,-157.0,-157.0,-157.0,-157.0,-157.0,-154.5,-155.0,-157.0,-157.0,-155.0,-153.0,-157.0,-157.0,-157.0,-157.0,-156.0,-156.5,-157.0,-157.0,-157.0,-157.0,-157.0,-157.0,-154.5,-157.0,-157.0,-157.0,-156.5,-157.0,-153.0,-150.5,-149.5,-152.5,-155.5,-152.5,-157.0,-157.0,-157.0,-156.5,-157.0,-157.0,-157.0,-157.0,-154.0,-156.0,-157.0,-157.0,-157.0,-157.0,-157.0,-157.0,-157.0,-153.0,-156.5,-150.5,-151.5,-157.0,-157.0,-157.0,-157.0,-151.0,-152.5,-157.0,-157.0,-155.5,-157.0,-157.0,-157.0,-157.0,-157.0,-157.0,-154.5,-153.0,-153.5,-154.5,-151.5,-154.0,-154.5,-150.0,-155.0,-157.0,-157.0,-157.0,-157.0,-155.0,-152.0,-152.0,-152.5,-150.5,-157.0,-157.0,-157.0,-157.0,-157.0,-154.5,-153.5,-157.0,-153.5,-153.0,-157.0,-157.0,-157.0,-149.0,-149.0,-157.0,-157.0,-157.0,-155.0,-149.0,-149.5,-155.5,-152.5,-150.5,-157.0,-152.0,-151.5,-157.0,-155.0,-154.0,-157.0,-152.0,-157.0,-157.0,-157.0,-157.0,-157.0,-156.5,-150.0,-152.0,-154.0,-152.0,-156.5,-157.0,-154.0,-157.0,-156.5,-157.0,-156.0,-152.5,-155.5,-156.0,-157.0,-157.0,-153.5,-154.5,-156.0,-157.0,-152.5,-153.5,-157.0,-157.0,-157.0,-157.0,-149.0,-149.5,-154.5,-157.0,-145.0,-145.5,-157.0,-157.0,-156.5,-155.0,-157.0,-152.5,-153.5,-157.0,-157.0,-157.0,-155.5,-152.0,-152.5,-155.5,-154.0,-157.0,-157.0,-156.0,-157.0,-157.0,-157.0,-157.0,-155.0,-153.5,-153.0,-154.5,-157.0,-157.0,-157.0,-156.0,-156.5,-155.0,-157.0,-154.5,-155.5,-156.0,-152.5,-152.5,-157.0,-157.0,-156.0,-154.0,-157.0,-157.0,-157.0,-157.0,-155.0,-157.0,-154.0,-152.0,-154.0,-157.0,-157.0,-157.0,-156.5,-152.5,-153.0,-156.0,-155.0,-157.0,-153.5,-150.5,-157.0,-157.0,-156.0,-156.5,-156.5,-155.0,-157.0,-157.0,-157.0,-153.5,-157.0,-157.0,-157.0,-157.0,-157.0,-153.5,-154.0,-157.0,-157.0,-155.0,-152.0,-157.0,-157.0,-157.0,-151.5,-154.5,-157.0,-157.0,-157.0,-156.0,-152.5,-153.5,-157.0,-157.0,-154.0,-153.0,-157.0,-157.0,-153.0,-153.0,-157.0,-154.5,-156.5,-152.5,-152.0,-153.5,-157.0,-154.0,-157.0,-154.5,-157.0,-156.5,-157.0,-157.0,-157.0,-157.0,-153.0,-154.0,-157.0,-157.0,-157.0,-153.0,-152.0,-157.0,-152.0,-152.5,-157.0,-157.0,-157.0,-157.0,-157.0,-157.0,-157.0,-157.0,-157.0,-157.0,-157.0,-157.0,-155.0,-157.0,-157.0,-154.5,-153.5,-157.0,-153.0,-154.5,-157.0,-157.0,-157.0,-157.0,-157.0,-157.0,-157.0,-157.0,-157.0,-157.0,-157.0,-152.0,-153.5,-157.0,-157.0,-157.0,-157.0,-153.5,-155.5,-157.0,-157.0,-157.0,-157.0,-157.0,-157.0,-155.0,-152.5,-157.0,-157.0,-157.0,-156.5,-157.0,-157.0,-151.5,-154.0,-157.0,-157.0,-156.5,-153.0,-157.0,-155.5,-157.0,-157.0,-156.5,-151.0,-157.0,-155.5,-157.0,-157.0,-157.0,-157.0,-157.0,-157.0,-155.5,-156.5,-154.5,-155.0,-157.0,-157.0,-157.0,-157.0,-156.0,-157.0,-157.0,-157.0,-157.0,-155.5,-157.0,-154.0,-156.0,-157.0,-153.5,-153.5,-157.0,-157.0,-157.0,-153.5,-157.0,-156.5,-156.5,-156.0,-152.5,-157.0
2026-01-17 14:24:10.644,143.049967,5,-77,-157.0,-157.0,-157.0,-157.0,-157.0,-156.0,-153.5,-157.0,-153.5,-157.0,-156.5,-156.0,-156.0,-157.0,-157.0,-153.0,-153.5,-157.0,-152.0,-152.0,-153.0,-157.0,-156.5,-154.5,-152.5,-152.0,-157.0,-157.0,-153.5,-153.0,-157.0,-157.0,-156.5,-157.0,-157.0,-157.0,-157.0,-153.0,-154.5,-153.0,-155.0,-157.0,-155.5,-156.5,-156.0,-157.0,-154.0,-154.5,-155.5,-155.0,-157.0,-157.0,-156.0,-152.0,-150.5,-154.0,-153.0,-155.0,-150.0,-150.5,-152.0,-156.0,-155.0,-153.5,-156.0,-157.0,-157.0,-157.0,-156.5,-156.0,-154.0,-157.0,-157.0,-155.5,-152.5,-151.5,-157.0,-157.0,-157.0,-157.0,-155.5,-157.0,-150.0,-151.5,-157.0,-156.5,-157.0,-157.0,-157.0,-156.0,-153.5,-157.0,-157.0,-157.0,-154.5,-153.0,-157.0,-154.5,-157.0,-157.0,-157.0,-157.0,-157.0,-157.0,-157.0,-157.0,-155.5,-155.0,-157.0,-157.0,-156.5,-155.5,-157.0,-157.0,-157.0,-154.0,-151.0,-156.0,-157.0,-157.0,-157.0,-157.0,-157.0,-157.0,-157.0,-157.0,-157.0,-157.0,-157.0,-157.0,-157.0,-157.0,-157.0,-157.0,-157.0,-157.0,-157.0,-155.0,-156.0,-156.5,-154.5,-157.0,-157.0,-157.0,-157.0,-152.5,-157.0,-155.5,-157.0,-155.0,-157.0,-157.0,-157.0,-157.0,-157.0,-155.0,-157.0,-157.0,-157.0,-157.0,-157.0,-157.0,-157.0,-150.0,-151.0,-155.0,-157.0,-157.0,-154.5,-154.5,-154.5,-154.5,-157.0,-153.5,-157.0,-157.0,-157.0,-157.0,-157.0,-157.0,-157.0,-157.0,-156.5,-157.0,-157.0,-157.0,-157.0,-152.0,-149.5,-153.5,-157.0,-154.0,-148.5,-149.0,-153.0,-152.5,-155.0,-153.5,-156.5,-153.0,-157.0,-157.0,-155.5,-153.0,-151.5,-151.0,-157.0,-157.0,-157.0,-157.0,-157.0,-157.0,-155.0,-157.0,-157.0,-150.0,-151.5,-153.5,-153.0,-153.5,-155.5,-156.5,-152.0,-153.0,-157.0,-156.5,-157.0,-156.0,-155.5,-156.5,-157.0,-157.0,-157.0,-157.0,-154.5,-153.0,-156.0,-157.0,-154.5,-155.0,-156.5,-157.0,-145.0,-146.0,-157.0,-157.0,-157.0,-157.0,-157.0,-157.0,-156.5,-157.0,-157.0,-157.0,-155.5,-149.0,-149.5,-157.0,-157.0,-157.0,-157.0,-155.5,-157.0,-157.0,-157.0,-157.0,-157.0,-153.0,-150.0,-152.5,-157.0,-154.5,-154.0,-153.5,-155.0,-157.0,-157.0,-157.0,-151.0,-155.5,-153.5,-154.5,-157.0,-157.0,-156.0,-157.0,-157.0,-157.0,-156.0,-154.5,-157.0,-156.0,-152.0,-150.5,-152.0,-155.5,-157.0,-155.5,-153.0,-154.0,-155.0,-157.0,-157.0,-157.0,-157.0,-154.0,-157.0,-157.0,-157.0,-156.5,-155.5,-153.0,-157.0,-156.5,-154.0,-155.0,-155.5,-156.0,-157.0,-157.0,-156.0,-157.0,-153.5,-157.0,-157.0,-157.0,-154.0,-155.0,-154.5,-157.0,-151.5,-152.5,-157.0,-157.0,-157.0,-153.0,-150.5,-155.5,-157.0,-157.0,-154.0,-151.5,-157.0,-157.0,-157.0,-157.0,-157.0,-154.5,-156.0,-157.0,-152.0,-157.0,-151.5,-150.5,-157.0,-154.0,-154.5,-157.0,-157.0,-157.0,-157.0,-157.0,-157.0,-155.5,-155.0,-155.5,-157.0,-156.0,-153.5,-153.5,-156.5,-153.0,-157.0,-157.0,-157.0,-157.0,-157.0,-157.0,-157.0,-157.0,-153.5,-157.0,-157.0,-156.5,-153.0,-157.0,-156.0,-154.0,-157.0,-157.0,-154.5,-157.0,-157.0,-157.0,-157.0,-157.0,-157.0,-157.0,-157.0,-157.0,-156.5,-157.0,-157.0,-149.5,-150.0,-157.0,-157.0,-155.0,-153.5,-152.0,-157.0,-157.0,-155.5,-157.0,-157.0,-157.0,-156.5,-154.5,-153.5,-156.0,-157.0,-157.0,-157.0,-157.0,-156.0,-151.0,-151.5,-156.0,-157.0,-156.0,-153.0,-154.5,-151.5,-155.0,-156.5,-154.5,-153.0,-156.0,-154.0,-156.5,-154.5,-157.0,-155.0,-154.0,-157.0,-157.0,-153.0,-153.5,-157.0,-157.0,-157.0,-157.0,-156.0,-157.0,-157.0,-157.0,-157.0,-156.5,-154.0,-157.0,-157.0,-157.0,-157.0,-153.0,-153.0,-157.0,-157.0,-157.0,-157.0,-157.0,-154.5,-156.0,-153.5,-153.0,-156.5
2026-01-17 14:24:10.680,143.049967,5,-77,-157.0,-157.0,-157.0,-157.0,-155.5,-157.0,-154.5,-154.0,-151.5,-155.5,-157.0,-153.0,-151.5,-157.0,-157.0,-151.5,-151.0,-157.0,-155.5,-153.0,-155.0,-157.0,-157.0,-157.0,-152.5,-155.0,-153.5,-157.0,-157.0,-153.5,-157.0,-157.0,-157.0,-157.0,-157.0,-157.0,-157.0,-156.0,-153.5,-154.5,-152.5,-151.5,-153.5,-157.0,-157.0,-157.0,-154.0,-151.5,-156.5,-157.0,-157.0,-157.0,-156.5,-151.0,-152.5,-157.0,-154.5,-157.0,-152.5,-152.5,-150.0,-157.0,-153.0,-153.0,-154.5,-155.5,-157.0,-157.0,-154.0,-154.5,-152.0,-157.0,-157.0,-157.0,-151.5,-151.5,-157.0,-157.0,-155.0,-157.0,-154.5,-157.0,-152.5,-153.5,-157.0,-157.0,-157.0,-157.0,-152.0,-152.5,-155.5,-156.0,-157.0,-157.0,-155.5,-156.0,-157.0,-152.5,-157.0,-157.0,-157.0,-157.0,-157.0,-155.0,-154.0,-153.0,-152.5,-153.5,-157.0,-157.0,-157.0,-156.0,-157.0,-156.5,-157.0,-157.0,-153.5,-157.0,-157.0,-157.0,-157.0,-157.0,-155.0,-157.0,-157.0,-157.0,-157.0,-157.0,-157.0,-157.0,-157.0,-155.0,-157.0,-156.5,-153.5,-154.5,-157.0,-157.0,-157.0,-157.0,-157.0,-157.0,-157.0,-157.0,-155.0,-153.0,-157.0,-156.0,-157.0,-157.0,-157.0,-157.0,-157.0,-155.0,-157.0,-155.0,-157.0,-157.0,-155.5,-157.0,-157.0,-157.0,-157.0,-154.0,-152.0,-152.5,-156.5,-157.0,-157.0,-155.5,-156.5,-157.0,-157.0,-154.5,-157.0,-155.5,-157.0,-157.0,-157.0,-157.0,-155.5,-156.0,-156.0,-157.0,-157.0,-156.5,-157.0,-157.0,-155.0,-152.0,-157.0,-154.5,-151.0,-151.5,-153.5,-152.0,-156.0,-157.0,-153.5,-154.0,-157.0,-157.0,-155.5,-155.5,-149.0,-152.0,-157.0,-157.0,-157.0,-154.0,-156.5,-157.0,-156.5,-156.5,-155.0,-151.5,-153.5,-153.0,-154.0,-152.0,-156.0,-155.5,-152.5,-156.5,-154.5,-157.0,-157.0,-157.0,-157.0,-157.0,-157.0,-157.0,-157.0,-157.0,-155.0,-152.5,-154.0,-157.0,-157.0,-155.5,-151.5,-157.0,-145.5,-149.0,-155.0,-153.5,-153.5,-153.5,-154.5,-157.0,-155.5,-157.0,-157.0,-157.0,-157.0,-150.5,-150.0,-154.0,-157.0,-157.0,-157.0,-154.5,-157.0,-154.0,-157.0,-157.0,-157.0,-156.0,-153.0,-152.5,-156.5,-154.0,-154.0,-155.5,-157.0,-157.0,-157.0,-151.5,-148.0,-149.5,-154.5,-157.0,-157.0,-157.0,-155.0,-157.0,-153.5,-153.0,-157.0,-157.0,-156.5,-151.5,-153.0,-153.5,-153.5,-157.0,-157.0,-155.0,-152.0,-157.0,-155.0,-156.5,-157.0,-157.0,-155.5,-155.0,-157.0,-157.0,-157.0,-153.5,-151.5,-150.5,-157.0,-153.0,-154.5,-156.5,-154.0,-157.0,-157.0,-157.0,-156.5,-157.0,-154.0,-157.0,-157.0,-157.0,-157.0,-157.0,-155.0,-157.0,-155.5,-155.5,-156.5,-157.0,-157.0,-156.0,-153.0,-157.0,-157.0,-154.0,-157.0,-154.5,-156.0,-155.0,-157.0,-157.0,-157.0,-155.5,-156.5,-157.0,-154.5,-153.0,-150.0,-152.5,-154.5,-156.5,-157.0,-157.0,-156.5,-154.5,-157.0,-154.5,-157.0,-156.0,-154.5,-154.5,-157.0,-157.0,-156.5,-152.5,-156.5,-157.0,-153.0,-155.0,-157.0,-157.0,-157.0,-157.0,-157.0,-157.0,-152.0,-157.0,-157.0,-157.0,-153.5,-157.0,-152.0,-153.0,-155.5,-156.0,-156.0,-157.0,-157.0,-156.5,-157.0,-153.0,-154.5,-155.5,-157.0,-157.0,-157.0,-156.0,-157.0,-152.5,-154.0,-157.0,-156.5,-154.5,-157.0,-153.5,-157.0,-157.0,-154.0,-152.0,-155.5,-157.0,-154.0,-156.5,-154.0,-154.5,-154.5,-157.0,-157.0,-157.0,-157.0,-154.5,-153.0,-157.0,-157.0,-157.0,-157.0,-156.5,-150.0,-149.5,-157.0,-157.0,-155.5,-156.0,-155.0,-153.0,-152.5,-153.0,-154.0,-152.0,-157.0,-157.0,-154.0,-157.0,-154.5,-155.0,-157.0,-157.0,-157.0,-157.0,-157.0,-157.0,-157.0,-157.0,-157.0,-157.0,-157.0,-157.0,-157.0,-156.5,-157.0,-157.0,-157.0,-157.0,-157.0,-156.0,-154.5,-157.0,-156.5,-157.0,-156.0
2026-01-17 14:24:10.713,143.049967,5,-77,-157.0,-157.0,-157.0,-155.5,-153.5,-154.5,-153.5,-152.0,-155.0,-157.0,-155.5,-152.0,-152.0,-157.0,-157.0,-154.0,-156.5,-157.0,-157.0,-157.0,-157.0,-157.0,-157.0,-157.0,-155.5,-156.5,-152.0,-157.0,-157.0,-155.0,-157.0,-157.0,-157.0,-157.0,-157.0,-155.5,-157.0,-157.0,-155.0,-153.0,-152.5,-152.0,-155.0,-157.0,-157.0,-155.5,-154.5,-151.0,-154.5,-157.0,-157.0,-157.0,-157.0,-154.5,-156.0,-157.0,-156.5,-157.0,-152.5,-152.0,-150.0,-152.5,-151.5,-154.5,-151.5,-153.5,-157.0,-157.0,-152.5,-153.0,-154.5,-157.0,-157.0,-157.0,-153.0,-152.5,-157.0,-157.0,-154.0,-155.5,-155.5,-157.0,-157.0,-157.0,-157.0,-157.0,-157.0,-157.0,-153.0,-154.5,-157.0,-157.0,-157.0,-155.5,-157.0,-157.0,-157.0,-153.5,-156.0,-155.5,-157.0,-157.0,-157.0,-157.0,-154.0,-153.5,-155.0,-155.5,-157.0,-157.0,-157.0,-157.0,-153.0,-152.0,-154.0,-152.5,-153.0,-157.0,-157.0,-157.0,-157.0,-153.0,-155.5,-155.5,-157.0,-156.5,-154.5,-157.0,-157.0,-157.0,-155.5,-154.5,-157.0,-157.0,-154.0,-155.0,-152.0,-152.5,-155.5,-157.0,-157.0,-157.0,-157.0,-157.0,-157.0,-156.0,-157.0,-157.0,-157.0,-157.0,-155.0,-157.0,-154.0,-153.0,-156.5,-156.0,-155.5,-156.0,-154.0,-156.0,-157.0,-157.0,-155.5,-157.0,-154.5,-155.0,-156.0,-157.0,-157.0,-157.0,-155.0,-154.0,-155.0,-154.5,-157.0,-156.0,-157.0,-155.0,-155.5,-156.5,-155.0,-157.0,-155.5,-155.5,-152.5,-151.0,-156.0,-157.0,-157.0,-151.0,-155.0,-155.5,-157.0,-154.5,-151.5,-152.0,-155.0,-157.0,-156.0,-157.0,-156.0,-157.0,-155.5,-154.0,-149.5,-152.0,-157.0,-157.0,-157.0,-152.5,-155.5,-157.0,-152.0,-155.0,-156.0,-157.0,-157.0,-157.0,-157.0,-151.0,-154.0,-155.5,-153.0,-153.0,-151.5,-154.0,-152.5,-157.0,-157.0,-157.0,-157.0,-157.0,-157.0,-154.0,-157.0,-157.0,-155.5,-154.5,-153.0,-155.0,-150.0,-154.0,-145.0,-151.5,-151.5,-150.5,-153.5,-153.5,-155.5,-157.0,-155.5,-157.0,-157.0,-157.0,-157.0,-153.0,-153.0,-150.5,-157.0,-157.0,-155.5,-152.0,-157.0,-153.5,-157.0,-157.0,-157.0,-157.0,-157.0,-157.0,-156.5,-157.0,-151.5,-150.0,-156.5,-155.5,-157.0,-151.5,-150.5,-153.0,-155.0,-157.0,-155.5,-154.5,-153.0,-155.5,-151.5,-149.5,-152.5,-157.0,-154.5,-151.5,-157.0,-156.5,-157.0,-157.0,-155.0,-156.5,-156.0,-157.0,-154.0,-155.0,-155.0,-155.0,-156.5,-157.0,-157.0,-157.0,-157.0,-155.0,-149.0,-150.0,-156.5,-155.5,-157.0,-151.0,-152.0,-157.0,-157.0,-157.0,-156.0,-154.0,-154.0,-157.0,-157.0,-157.0,-157.0,-157.0,-155.5,-157.0,-157.0,-157.0,-154.5,-157.0,-157.0,-157.0,-155.0,-154.5,-152.5,-151.0,-153.5,-157.0,-153.5,-154.0,-157.0,-157.0,-157.0,-157.0,-156.5,-154.0,-156.5,-150.5,-150.5,-154.5,-152.5,-157.0,-157.0,-157.0,-155.5,-152.5,-156.0,-152.0,-157.0,-157.0,-157.0,-157.0,-157.0,-157.0,-153.0,-151.5,-157.0,-157.0,-153.0,-155.0,-157.0,-157.0,-157.0,-157.0,-157.0,-157.0,-154.0,-157.0,-157.0,-157.0,-153.0,-155.0,-154.5,-154.5,-152.5,-157.0,-155.5,-155.0,-157.0,-157.0,-157.0,-152.5,-153.5,-157.0,-157.0,-156.0,-157.0,-157.0,-157.0,-157.0,-157.0,-157.0,-157.0,-157.0,-157.0,-157.0,-157.0,-157.0,-155.0,-150.0,-151.5,-154.5,-156.5,-157.0,-157.0,-154.0,-153.5,-157.0,-157.0,-155.5,-157.0,-157.0,-154.5,-157.0,-157.0,-157.0,-157.0,-157.0,-156.0,-151.0,-157.0,-154.5,-154.5,-157.0,-157.0,-154.5,-157.0,-155.0,-157.0,-153.0,-155.5,-156.0,-155.0,-157.0,-153.5,-152.5,-157.0,-157.0,-157.0,-157.0,-157.0,-157.0,-157.0,-157.0,-157.0,-153.0,-154.5,-156.5,-155.5,-157.0,-153.5,-157.0,-155.0,-155.0,-157.0,-155.5,-157.0,-157.0,-156.5,-157.0,-157.0
2026-01-17 14:24:10.744,143.049967,5,-77,-157.0,-157.0,-157.0,-157.0,-157.0,-155.0,-151.0,-152.0,-157.0,-157.0,-157.0,-154.0,-157.0,-157.0,-157.0,-157.0,-157.0,-157.0,-157.0,-157.0,-157.0,-156.5,-157.0,-157.0,-157.0,-153.5,-152.0,-157.0,-156.5,-152.5,-157.0,-157.0,-157.0,-155.0,-157.0,-154.5,-157.0,-157.0,-157.0,-155.5,-154.5,-156.0,-157.0,-157.0,-157.0,-157.0,-155.0,-153.5,-154.0,-154.0,-156.5,-157.0,-157.0,-157.0,-157.0,-156.5,-157.0,-157.0,-153.0,-155.5,-151.5,-153.0,-154.5,-155.5,-155.0,-157.0,-157.0,-157.0,-154.5,-157.0,-157.0,-157.0,-157.0,-155.5,-156.0,-155.5,-156.0,-157.0,-153.5,-155.0,-157.0,-156.5,-157.0,-157.0,-157.0,-157.0,-157.0,-157.0,-157.0,-157.0,-157.0,-157.0,-157.0,-154.0,-157.0,-155.0,-154.5,-157.0,-154.5,-156.0,-157.0,-157.0,-157.0,-157.0,-156.0,-154.5,-157.0,-157.0,-156.0,-157.0,-155.5,-157.0,-154.0,-151.0,-151.0,-148.5,-151.5,-157.0,-157.0,-157.0,-157.0,-151.5,-154.0,-155.0,-156.0,-156.5,-152.5,-152.0,-157.0,-154.5,-157.0,-156.5,-157.0,-156.0,-156.0,-157.0,-151.5,-152.5,-157.0,-157.0,-157.0,-157.0,-156.0,-157.0,-157.0,-157.0,-157.0,-155.0,-156.0,-155.0,-154.0,-155.5,-156.0,-154.5,-157.0,-157.0,-157.0,-153.0,-152.5,-157.0,-157.0,-157.0,-157.0,-157.0,-157.0,-155.5,-157.0,-157.0,-157.0,-156.0,-153.5,-151.0,-157.0,-157.0,-157.0,-157.0,-157.0,-152.0,-152.5,-151.5,-152.5,-157.0,-157.0,-157.0,-152.0,-151.5,-155.5,-157.0,-152.5,-149.5,-153.0,-153.5,-157.0,-157.0,-152.5,-153.0,-156.0,-157.0,-155.0,-156.5,-157.0,-157.0,-157.0,-154.0,-154.5,-152.5,-154.0,-157.0,-154.0,-152.0,-157.0,-157.0,-150.0,-154.0,-157.0,-157.0,-157.0,-157.0,-153.0,-151.0,-154.0,-153.5,-154.5,-157.0,-152.5,-152.5,-152.0,-157.0,-157.0,-157.0,-157.0,-156.5,-155.5,-152.0,-157.0,-157.0,-157.0,-157.0,-151.0,-157.0,-151.5,-150.5,-143.0,-147.0,-149.0,-148.5,-157.0,-155.0,-157.0,-152.5,-155.0,-156.5,-157.0,-157.0,-157.0,-156.5,-157.0,-150.0,-154.5,-157.0,-152.0,-151.5,-154.5,-155.0,-157.0,-157.0,-157.0,-157.0,-157.0,-157.0,-153.5,-156.5,-150.5,-148.0,-149.5,-151.0,-153.5,-157.0,-157.0,-157.0,-157.0,-157.0,-154.0,-153.5,-156.5,-157.0,-156.5,-152.0,-152.0,-155.5,-157.0,-153.0,-155.0,-157.0,-157.0,-157.0,-155.5,-157.0,-157.0,-157.0,-157.0,-152.0,-153.5,-157.0,-157.0,-157.0,-154.0,-157.0,-157.0,-157.0,-152.0,-151.5,-157.0,-157.0,-157.0,-152.0,-151.0,-157.0,-157.0,-157.0,-157.0,-156.0,-157.0,-157.0,-157.0,-157.0,-157.0,-157.0,-157.0,-157.0,-157.0,-154.0,-152.0,-157.0,-157.0,-157.0,-157.0,-153.0,-152.0,-153.0,-154.5,-157.0,-156.0,-157.0,-157.0,-157.0,-157.0,-157.0,-157.0,-156.0,-157.0,-152.0,-155.0,-157.0,-154.0,-155.0,-157.0,-156.0,-154.0,-157.0,-156.0,-150.5,-157.0,-157.0,-157.0,-157.0,-157.0,-154.5,-156.5,-151.5,-157.0,-157.0,-155.5,-153.5,-153.0,-154.0,-152.0,-153.0,-152.5,-153.0,-157.0,-157.0,-157.0,-157.0,-153.5,-157.0,-157.0,-156.0,-157.0,-157.0,-154.5,-151.5,-156.5,-155.0,-156.0,-152.5,-154.5,-157.0,-157.0,-154.0,-157.0,-157.0,-157.0,-157.0,-157.0,-157.0,-157.0,-157.0,-157.0,-157.0,-157.0,-157.0,-157.0,-152.5,-150.0,-151.5,-157.0,-157.0,-157.0,-156.0,-153.0,-157.0,-157.0,-153.0,-154.0,-157.0,-155.0,-157.0,-156.5,-157.0,-157.0,-157.0,-157.0,-151.5,-153.0,-151.0,-152.5,-157.0,-154.5,-153.5,-157.0,-157.0,-157.0,-156.0,-154.5,-156.0,-153.5,-157.0,-157.0,-154.0,-154.0,-156.5,-157.0,-155.5,-155.0,-157.0,-157.0,-157.0,-157.0,-154.5,-154.5,-154.0,-156.5,-157.0,-152.5,-156.0,-154.5,-157.0,-157.0,-157.0,-156.5,-157.0,-156.0,-157.0,-157.0
2026-01-17 14:24:10.779,143.049967,5,-77,-157.0,-157.0,-157.0,-157.0,-157.0,-153.5,-151.0,-157.0,-157.0,-155.0,-157.0,-157.0,-156.0,-157.0,-157.0,-157.0,-157.0,-157.0,-155.5,-157.0,-157.0,-152.5,-153.5,-153.0,-154.0,-155.0,-154.5,-152.5,-151.5,-152.0,-157.0,-157.0,-157.0,-152.0,-152.5,-154.0,-157.0,-157.0,-157.0,-157.0,-157.0,-155.5,-157.0,-157.0,-156.5,-156.5,-157.0,-156.0,-154.0,-153.5,-157.0,-157.0,-157.0,-157.0,-157.0,-156.5,-157.0,-157.0,-155.0,-157.0,-153.5,-155.0,-157.0,-157.0,-157.0,-157.0,-157.0,-156.5,-156.5,-157.0,-157.0,-157.0,-157.0,-151.0,-152.5,-157.0,-157.0,-157.0,-157.0,-157.0,-153.5,-152.0,-157.0,-157.0,-156.5,-157.0,-156.5,-157.0,-157.0,-157.0,-156.0,-156.0,-154.5,-151.0,-157.0,-154.5,-157.0,-157.0,-157.0,-157.0,-157.0,-157.0,-157.0,-157.0,-157.0,-156.5,-157.0,-157.0,-154.0,-155.5,-157.0,-157.0,-157.0,-153.0,-150.0,-152.0,-155.0,-152.5,-154.5,-157.0,-157.0,-154.0,-153.5,-156.0,-157.0,-156.0,-155.5,-153.0,-152.0,-152.5,-157.0,-157.0,-156.5,-157.0,-157.0,-157.0,-156.5,-157.0,-157.0,-157.0,-157.0,-157.0,-156.0,-157.0,-154.5,-155.0,-157.0,-153.0,-150.5,-154.0,-153.5,-157.0,-157.0,-154.0,-156.5,-155.5,-155.5,-152.0,-152.5,-157.0,-157.0,-155.5,-156.5,-157.0,-154.0,-154.5,-157.0,-157.0,-157.0,-154.5,-155.5,-150.5,-157.0,-157.0,-157.0,-157.0,-157.0,-154.5,-157.0,-153.0,-150.0,-157.0,-157.0,-157.0,-157.0,-155.0,-157.0,-157.0,-154.0,-151.5,-153.0,-152.5,-157.0,-156.5,-157.0,-157.0,-157.0,-157.0,-157.0,-157.0,-157.0,-157.0,-157.0,-157.0,-157.0,-156.5,-155.5,-157.0,-151.5,-151.5,-157.0,-157.0,-150.0,-152.5,-157.0,-157.0,-157.0,-153.5,-152.0,-154.5,-156.0,-155.5,-155.5,-155.0,-151.5,-149.5,-157.0,-156.0,-155.5,-157.0,-157.0,-157.0,-156.0,-152.5,-157.0,-157.0,-157.0,-157.0,-153.5,-157.0,-154.5,-154.5,-140.5,-142.0,-151.5,-151.0,-157.0,-154.0,-154.5,-150.0,-150.0,-157.0,-156.5,-156.5,-157.0,-157.0,-157.0,-153.5,-152.5,-157.0,-154.0,-152.5,-154.0,-153.5,-155.0,-157.0,-153.0,-155.5,-157.0,-156.0,-152.5,-151.5,-150.0,-151.5,-153.0,-152.5,-153.5,-157.0,-157.0,-157.0,-155.0,-153.0,-155.5,-157.0,-157.0,-157.0,-157.0,-157.0,-157.0,-156.0,-157.0,-152.5,-156.0,-157.0,-157.0,-157.0,-156.0,-157.0,-157.0,-157.0,-157.0,-154.0,-155.5,-157.0,-155.0,-153.0,-152.5,-154.0,-157.0,-157.0,-157.0,-155.0,-157.0,-157.0,-157.0,-157.0,-152.0,-152.5,-157.0,-157.0,-157.0,-157.0,-157.0,-157.0,-157.0,-157.0,-157.0,-157.0,-157.0,-157.0,-157.0,-156.0,-152.0,-157.0,-156.5,-153.0,-157.0,-156.5,-155.0,-157.0,-157.0,-156.5,-157.0,-157.0,-157.0,-157.0,-157.0,-157.0,-157.0,-157.0,-157.0,-154.0,-156.5,-157.0,-157.0,-157.0,-157.0,-155.5,-156.0,-157.0,-150.0,-151.0,-154.5,-157.0,-157.0,-157.0,-155.5,-151.0,-153.5,-153.0,-156.0,-157.0,-157.0,-152.5,-154.5,-153.5,-152.5,-155.5,-152.0,-152.0,-157.0,-157.0,-157.0,-155.5,-156.0,-157.0,-157.0,-155.5,-157.0,-157.0,-152.5,-152.0,-152.0,-155.5,-156.5,-154.5,-157.0,-157.0,-157.0,-155.5,-157.0,-157.0,-157.0,-157.0,-157.0,-157.0,-157.0,-157.0,-157.0,-157.0,-157.0,-155.0,-156.5,-155.0,-154.5,-154.5,-157.0,-157.0,-157.0,-152.0,-150.5,-157.0,-157.0,-156.0,-157.0,-154.0,-154.5,-154.5,-153.0,-157.0,-157.0,-157.0,-157.0,-156.0,-151.5,-151.5,-152.0,-157.0,-153.5,-156.0,-157.0,-157.0,-157.0,-157.0,-157.0,-153.0,-154.0,-157.0,-157.0,-155.0,-157.0,-157.0,-157.0,-153.5,-155.0,-157.0,-157.0,-157.0,-157.0,-157.0,-157.0,-156.0,-156.5,-157.0,-156.5,-157.0,-156.0,-157.0,-157.0,-157.0,-157.0,-157.0,-156.5,-157.0,-157.0
2026-01-17 14:24:10.812,143.049967,5,-77,-157.0,-157.0,-157.0,-157.0,-157.0,-157.0,-157.0,-157.0,-157.0,-154.0,-155.0,-157.0,-154.5,-157.0,-157.0,-157.0,-157.0,-157.0,-153.5,-155.5,-157.0,-153.0,-154.0,-153.0,-156.0,-157.0,-157.0,-151.5,-151.0,-157.0,-157.0,-157.0,-157.0,-154.0,-157.0,-157.0,-157.0,-157.0,-157.0,-157.0,-157.0,-156.5,-157.0,-157.0,-152.0,-153.0,-154.5,-154.0,-157.0,-155.5,-157.0,-154.5,-156.0,-157.0,-157.0,-157.0,-156.0,-157.0,-155.0,-155.5,-157.0,-157.0,-157.0,-157.0,-157.0,-157.0,-157.0,-157.0,-157.0,-157.0,-157.0,-157.0,-157.0,-150.0,-151.0,-157.0,-157.0,-157.0,-157.0,-153.5,-150.0,-152.0,-157.0,-157.0,-157.0,-155.0,-152.0,-157.0,-157.0,-157.0,-156.0,-155.5,-152.0,-149.0,-157.0,-154.5,-157.0,-157.0,-157.0,-157.0,-157.0,-156.0,-157.0,-157.0,-157.0,-157.0,-157.0,-157.0,-153.0,-154.5,-157.0,-157.0,-157.0,-157.0,-153.0,-157.0,-154.0,-151.0,-155.5,-157.0,-157.0,-157.0,-155.0,-157.0,-157.0,-155.0,-157.0,-157.0,-151.0,-151.5,-151.0,-152.5,-155.5,-156.5,-157.0,-156.5,-156.5,-157.0,-153.5,-156.0,-157.0,-157.0,-157.0,-157.0,-151.0,-152.5,-157.0,-154.5,-151.5,-152.0,-157.0,-157.0,-157.0,-156.5,-157.0,-157.0,-156.0,-151.5,-152.5,-157.0,-157.0,-152.0,-151.0,-157.0,-152.0,-152.5,-154.5,-155.0,-155.0,-155.5,-153.5,-150.5,-153.0,-157.0,-157.0,-157.0,-153.0,-154.0,-157.0,-157.0,-149.0,-153.0,-157.0,-157.0,-157.0,-153.0,-153.5,-157.0,-153.0,-151.0,-152.5,-157.0,-154.5,-156.5,-157.0,-157.0,-157.0,-157.0,-157.0,-157.0,-157.0,-157.0,-157.0,-157.0,-157.0,-155.0,-155.0,-154.5,-151.0,-152.0,-157.0,-156.5,-153.5,-155.5,-157.0,-157.0,-154.0,-155.5,-156.0,-157.0,-157.0,-155.5,-151.0,-151.5,-152.5,-149.0,-155.0,-156.5,-154.5,-157.0,-153.5,-153.5,-156.5,-156.0,-157.0,-157.0,-157.0,-157.0,-155.0,-157.0,-156.0,-153.0,-139.5,-141.0,-154.0,-156.0,-157.0,-155.0,-157.0,-155.0,-151.0,-154.0,-152.0,-157.0,-156.5,-157.0,-157.0,-157.0,-157.0,-157.0,-157.0,-155.0,-157.0,-154.5,-154.5,-154.5,-152.0,-157.0,-157.0,-154.5,-152.0,-152.5,-156.0,-157.0,-154.5,-154.5,-155.5,-157.0,-157.0,-157.0,-151.5,-152.5,-157.0,-157.0,-156.0,-154.0,-154.5,-157.0,-157.0,-155.5,-157.0,-155.5,-156.5,-157.0,-157.0,-157.0,-157.0,-154.5,-154.0,-157.0,-157.0,-157.0,-157.0,-157.0,-156.5,-153.5,-157.0,-153.0,-157.0,-157.0,-157.0,-157.0,-157.0,-157.0,-154.0,-156.0,-155.5,-154.5,-156.0,-157.0,-157.0,-157.0,-157.0,-157.0,-157.0,-157.0,-157.0,-157.0,-157.0,-157.0,-157.0,-157.0,-153.5,-157.0,-152.5,-150.0,-157.0,-155.5,-157.0,-157.0,-157.0,-156.5,-157.0,-157.0,-157.0,-157.0,-157.0,-157.0,-156.5,-156.5,-157.0,-154.0,-153.5,-157.0,-157.0,-157.0,-157.0,-157.0,-157.0,-157.0,-150.5,-154.5,-155.0,-157.0,-157.0,-157.0,-154.5,-151.5,-155.0,-157.0,-157.0,-157.0,-157.0,-156.5,-154.5,-154.5,-155.0,-157.0,-156.0,-153.0,-157.0,-157.0,-157.0,-156.0,-157.0,-157.0,-155.5,-154.5,-156.5,-154.0,-152.5,-157.0,-154.5,-157.0,-157.0,-157.0,-157.0,-157.0,-156.0,-155.5,-157.0,-157.0,-157.0,-157.0,-157.0,-157.0,-157.0,-157.0,-155.5,-157.0,-157.0,-153.5,-153.0,-157.0,-157.0,-157.0,-155.5,-157.0,-157.0,-151.0,-149.5,-157.0,-157.0,-156.5,-157.0,-154.5,-156.5,-157.0,-152.0,-157.0,-157.0,-157.0,-157.0,-156.5,-155.5,-152.5,-150.5,-151.0,-154.0,-157.0,-157.0,-157.0,-155.0,-157.0,-157.0,-151.5,-155.5,-157.0,-157.0,-152.5,-155.0,-157.0,-157.0,-153.5,-153.0,-155.5,-157.0,-157.0,-157.0,-157.0,-157.0,-155.5,-154.5,-157.0,-157.0,-157.0,-157.0,-156.0,-157.0,-157.0,-157.0,-151.5,-150.5,-154.0,-156.5
2026-01-17 14:24:10.847,143.049967,5,-77,-157.0,-157.0,-155.0,-157.0,-157.0,-157.0,-156.0,-154.5,-156.0,-157.0,-157.0,-157.0,-157.0,-157.0,-157.0,-154.5,-153.0,-154.0,-154.5,-153.5,-157.0,-157.0,-154.5,-157.0,-156.0,-157.0,-157.0,-156.5,-155.0,-157.0,-157.0,-157.0,-157.0,-156.5,-157.0,-157.0,-157.0,-157.0,-157.0,-157.0,-157.0,-157.0,-157.0,-157.0,-154.5,-154.5,-156.5,-153.5,-157.0,-155.5,-157.0,-154.0,-157.0,-157.0,-157.0,-157.0,-157.0,-157.0,-153.0,-157.0,-157.0,-157.0,-157.0,-157.0,-155.0,-157.0,-156.5,-157.0,-157.0,-157.0,-155.0,-155.5,-154.5,-152.0,-154.5,-157.0,-157.0,-157.0,-152.0,-153.5,-151.0,-156.0,-157.0,-157.0,-157.0,-157.0,-150.0,-152.5,-155.5,-156.5,-155.0,-156.5,-155.0,-150.5,-155.5,-155.5,-154.0,-155.0,-155.5,-157.0,-157.0,-154.5,-157.0,-157.0,-157.0,-157.0,-156.5,-157.0,-156.0,-157.0,-157.0,-154.0,-155.0,-157.0,-156.0,-154.5,-155.0,-153.0,-156.5,-157.0,-157.0,-157.0,-154.5,-157.0,-153.0,-153.5,-157.0,-157.0,-157.0,-152.5,-151.0,-153.5,-157.0,-152.0,-157.0,-152.0,-153.0,-157.0,-153.5,-157.0,-157.0,-157.0,-157.0,-157.0,-150.5,-154.0,-153.0,-153.0,-154.5,-151.0,-157.0,-157.0,-157.0,-157.0,-157.0,-157.0,-157.0,-151.0,-149.0,-151.0,-152.0,-155.5,-150.0,-156.5,-157.0,-155.0,-156.0,-155.5,-157.0,-157.0,-157.0,-154.0,-153.5,-157.0,-157.0,-157.0,-152.0,-151.5,-156.5,-157.0,-148.5,-150.5,-156.0,-157.0,-157.0,-154.0,-154.5,-153.0,-151.0,-154.5,-157.0,-157.0,-157.0,-157.0,-156.0,-157.0,-157.0,-156.0,-155.5,-157.0,-157.0,-157.0,-157.0,-154.5,-151.5,-151.0,-157.0,-149.5,-152.0,-155.0,-157.0,-157.0,-157.0,-157.0,-157.0,-157.0,-154.0,-157.0,-157.0,-153.5,-154.0,-157.0,-151.5,-151.5,-155.0,-151.5,-153.5,-157.0,-153.0,-154.0,-154.5,-151.5,-156.0,-157.0,-157.0,-157.0,-157.0,-157.0,-156.0,-157.0,-157.0,-157.0,-140.5,-141.0,-157.0,-157.0,-157.0,-155.5,-154.0,-155.0,-154.5,-152.5,-149.0,-157.0,-157.0,-157.0,-157.0,-157.0,-157.0,-157.0,-157.0,-156.5,-157.0,-157.0,-154.5,-155.0,-153.5,-157.0,-157.0,-157.0,-154.5,-152.5,-157.0,-157.0,-152.5,-155.0,-157.0,-156.5,-157.0,-157.0,-152.5,-155.5,-157.0,-155.5,-152.5,-152.5,-153.0,-153.0,-155.0,-157.0,-157.0,-157.0,-154.0,-152.5,-157.0,-157.0,-155.5,-157.0,-157.0,-157.0,-157.0,-157.0,-156.5,-157.0,-157.0,-153.5,-155.0,-154.5,-157.0,-157.0,-156.0,-153.0,-157.0,-157.0,-152.0,-154.5,-157.0,-157.0,-154.5,-153.5,-156.0,-157.0,-156.5,-153.5,-157.0,-157.0,-156.0,-156.0,-157.0,-157.0,-157.0,-157.0,-155.5,-157.0,-155.5,-151.0,-157.0,-155.0,-157.0,-157.0,-156.5,-154.5,-157.0,-157.0,-157.0,-154.0,-155.5,-157.0,-157.0,-157.0,-157.0,-152.0,-151.0,-157.0,-157.0,-157.0,-157.0,-157.0,-157.0,-157.0,-153.5,-156.5,-156.0,-157.0,-154.5,-157.0,-157.0,-154.5,-156.5,-157.0,-155.5,-154.0,-155.5,-157.0,-154.5,-155.5,-156.0,-157.0,-156.0,-156.0,-155.5,-157.0,-157.0,-154.0,-155.5,-151.5,-153.0,-156.0,-157.0,-153.5,-155.0,-157.0,-157.0,-157.0,-157.0,-157.0,-155.5,-157.0,-153.0,-154.5,-157.0,-157.0,-157.0,-157.0,-157.0,-157.0,-157.0,-154.0,-152.0,-157.0,-157.0,-157.0,-155.0,-157.0,-157.0,-155.0,-153.5,-157.0,-157.0,-154.0,-152.5,-157.0,-157.0,-153.0,-156.0,-157.0,-157.0,-157.0,-151.0,-157.0,-157.0,-157.0,-157.0,-155.0,-153.5,-151.0,-155.0,-152.0,-154.0,-153.0,-157.0,-157.0,-152.0,-153.0,-154.0,-149.5,-152.0,-157.0,-156.0,-152.0,-153.0,-157.0,-157.0,-157.0,-154.0,-156.5,-157.0,-157.0,-157.0,-157.0,-157.0,-154.5,-153.5,-155.5,-156.5,-156.0,-157.0,-156.0,-157.0,-157.0,-156.5,-151.5,-151.0,-156.5,-156.5
2026-01-17 14:24:10.883,143.049967,5,-77,-157.0,-157.0,-153.0,-156.5,-157.0,-157.0,-152.0,-150.5,-154.0,-157.0,-157.0,-157.0,-157.0,-157.0,-154.0,-156.0,-156.5,-157.0,-156.0,-157.0,-157.0,-157.0,-154.5,-157.0,-153.0,-156.5,-157.0,-157.0,-154.5,-156.0,-157.0,-157.0,-157.0,-157.0,-155.0,-156.5,-157.0,-154.5,-155.0,-157.0,-157.0,-157.0,-157.0,-155.5,-157.0,-156.0,-157.0,-155.0,-157.0,-157.0,-154.0,-152.0,-156.5,-155.5,-157.0,-157.0,-155.5,-154.0,-153.0,-157.0,-156.5,-157.0,-157.0,-153.5,-150.5,-157.0,-157.0,-156.5,-154.5,-157.0,-156.0,-157.0,-157.0,-157.0,-157.0,-157.0,-157.0,-157.0,-150.0,-153.5,-154.0,-157.0,-157.0,-157.0,-154.5,-157.0,-152.5,-152.0,-155.0,-152.5,-152.5,-157.0,-151.5,-154.0,-157.0,-157.0,-157.0,-157.0,-155.5,-157.0,-157.0,-155.5,-157.0,-155.0,-157.0,-155.0,-155.5,-157.0,-156.0,-157.0,-157.0,-152.5,-152.5,-156.5,-157.0,-156.0,-157.0,-156.5,-157.0,-157.0,-154.5,-157.0,-154.0,-155.0,-154.0,-154.0,-157.0,-157.0,-156.0,-154.0,-154.5,-157.0,-150.0,-148.5,-156.0,-152.0,-155.0,-157.0,-155.5,-154.5,-154.5,-157.0,-157.0,-157.0,-152.0,-155.5,-153.5,-153.0,-155.0,-154.0,-157.0,-156.5,-155.5,-156.5,-154.5,-155.0,-157.0,-155.5,-150.0,-150.5,-151.5,-157.0,-153.5,-157.0,-157.0,-157.0,-157.0,-155.5,-155.5,-157.0,-155.5,-157.0,-156.5,-157.0,-156.0,-157.0,-154.0,-154.0,-156.5,-154.0,-152.0,-155.5,-154.5,-157.0,-157.0,-156.5,-154.5,-154.0,-154.0,-157.0,-157.0,-157.0,-156.5,-155.0,-156.5,-157.0,-157.0,-157.0,-155.5,-157.0,-156.0,-157.0,-155.0,-155.0,-150.0,-150.5,-157.0,-150.0,-154.0,-157.0,-157.0,-154.0,-154.5,-157.0,-157.0,-154.5,-155.0,-155.5,-154.5,-153.5,-156.5,-157.0,-153.0,-156.0,-157.0,-156.5,-157.0,-157.0,-154.0,-154.0,-150.5,-151.5,-156.0,-156.5,-157.0,-157.0,-157.0,-157.0,-156.0,-157.0,-157.0,-157.0,-141.0,-141.0,-157.0,-157.0,-157.0,-155.5,-153.0,-154.5,-156.0,-148.0,-147.0,-157.0,-157.0,-154.0,-155.5,-157.0,-157.0,-157.0,-157.0,-157.0,-157.0,-152.0,-152.5,-157.0,-153.5,-154.5,-157.0,-157.0,-157.0,-153.0,-157.0,-155.0,-152.0,-157.0,-157.0,-155.0,-157.0,-154.0,-156.5,-154.0,-157.0,-156.5,-157.0,-154.5,-151.0,-146.5,-147.5,-156.5,-157.0,-157.0,-157.0,-152.0,-154.5,-157.0,-154.0,-157.0,-157.0,-157.0,-157.0,-157.0,-157.0,-157.0,-157.0,-153.0,-156.0,-157.0,-157.0,-157.0,-156.0,-152.5,-157.0,-156.5,-152.5,-155.0,-157.0,-157.0,-154.5,-152.5,-157.0,-157.0,-155.5,-153.5,-156.5,-157.0,-157.0,-157.0,-157.0,-157.0,-157.0,-157.0,-157.0,-157.0,-157.0,-151.0,-154.0,-155.5,-157.0,-157.0,-155.5,-155.5,-157.0,-157.0,-157.0,-155.0,-157.0,-157.0,-154.0,-156.0,-157.0,-152.5,-149.5,-157.0,-155.0,-157.0,-157.0,-156.0,-155.0,-157.0,-157.0,-154.5,-156.0,-157.0,-150.0,-153.0,-157.0,-151.0,-153.5,-157.0,-156.0,-153.5,-157.0,-157.0,-157.0,-157.0,-156.0,-154.0,-153.5,-157.0,-154.5,-156.0,-157.0,-155.0,-157.0,-151.5,-153.5,-156.0,-157.0,-157.0,-157.0,-155.5,-157.0,-157.0,-157.0,-153.5,-152.0,-153.5,-154.0,-157.0,-157.0,-156.0,-156.0,-156.0,-154.5,-157.0,-157.0,-154.0,-153.0,-157.0,-157.0,-157.0,-157.0,-157.0,-157.0,-156.5,-156.5,-157.0,-157.0,-155.0,-156.5,-157.0,-157.0,-150.0,-150.5,-155.0,-156.5,-155.5,-151.0,-156.5,-157.0,-155.0,-157.0,-157.0,-151.5,-152.5,-156.5,-157.0,-155.5,-154.0,-157.0,-152.5,-152.0,-154.0,-153.0,-149.5,-152.0,-156.5,-157.0,-157.0,-152.5,-155.0,-156.0,-157.0,-156.5,-157.0,-157.0,-157.0,-152.0,-155.0,-156.0,-157.0,-153.5,-151.0,-157.0,-156.0,-157.0,-156.0,-157.0,-157.0,-156.5,-155.0,-157.0,-157.0,-156.5
2026-01-17 14:24:10.916,143.049967,5,-77,-157.0,-157.0,-152.5,-154.5,-157.0,-157.0,-154.0,-152.0,-157.0,-156.0,-156.0,-157.0,-157.0,-157.0,-155.0,-156.5,-157.0,-157.0,-157.0,-157.0,-156.0,-154.5,-155.0,-156.5,-153.5,-155.0,-157.0,-157.0,-153.5,-156.5,-157.0,-157.0,-157.0,-157.0,-152.5,-152.5,-157.0,-157.0,-155.0,-155.0,-157.0,-155.0,-153.5,-154.5,-157.0,-157.0,-157.0,-157.0,-157.0,-155.5,-155.5,-151.5,-157.0,-157.0,-153.5,-156.0,-152.5,-157.0,-156.5,-155.0,-152.5,-157.0,-157.0,-152.5,-149.0,-155.5,-157.0,-157.0,-153.0,-155.5,-153.0,-157.0,-157.0,-157.0,-157.0,-157.0,-155.5,-153.5,-151.0,-152.0,-157.0,-157.0,-156.5,-157.0,-153.5,-157.0,-157.0,-157.0,-157.0,-150.5,-151.0,-154.0,-152.0,-152.5,-157.0,-157.0,-157.0,-157.0,-157.0,-157.0,-157.0,-156.0,-157.0,-152.0,-153.0,-156.0,-157.0,-155.0,-157.0,-154.5,-155.5,-154.0,-153.5,-157.0,-157.0,-157.0,-157.0,-157.0,-157.0,-157.0,-154.0,-157.0,-152.5,-150.5,-157.0,-156.5,-157.0,-157.0,-153.0,-153.5,-157.0,-152.5,-150.0,-149.0,-154.0,-152.5,-154.5,-157.0,-157.0,-151.5,-152.5,-157.0,-157.0,-157.0,-154.0,-157.0,-157.0,-153.5,-154.5,-157.0,-157.0,-157.0,-157.0,-155.0,-153.5,-154.0,-157.0,-157.0,-155.5,-157.0,-155.0,-156.5,-157.0,-157.0,-154.5,-155.0,-156.0,-157.0,-156.0,-155.5,-154.0,-152.5,-151.5,-157.0,-154.0,-157.0,-157.0,-157.0,-157.0,-155.5,-157.0,-153.0,-157.0,-157.0,-157.0,-155.5,-154.5,-157.0,-157.0,-157.0,-157.0,-154.5,-153.5,-155.5,-157.0,-157.0,-157.0,-157.0,-155.0,-154.0,-153.0,-152.5,-157.0,-155.5,-152.0,-156.0,-157.0,-152.5,-156.0,-155.5,-153.0,-151.5,-153.5,-157.0,-153.0,-152.0,-157.0,-157.0,-154.0,-157.0,-157.0,-157.0,-152.5,-157.0,-154.0,-155.5,-157.0,-157.0,-154.5,-151.0,-148.0,-152.0,-154.5,-154.5,-157.0,-157.0,-154.5,-157.0,-157.0,-157.0,-156.5,-152.0,-140.0,-141.0,-157.0,-157.0,-157.0,-156.5,-157.0,-157.0,-156.0,-148.5,-147.5,-152.5,-157.0,-155.5,-157.0,-157.0,-157.0,-157.0,-157.0,-157.0,-157.0,-150.0,-151.5,-157.0,-153.5,-152.0,-157.0,-157.0,-156.0,-157.0,-157.0,-156.0,-153.5,-155.5,-156.5,-157.0,-155.0,-152.0,-157.0,-153.5,-155.0,-156.0,-157.0,-157.0,-154.5,-147.5,-148.5,-157.0,-157.0,-157.0,-157.0,-155.5,-154.0,-154.0,-154.5,-155.0,-157.0,-157.0,-157.0,-157.0,-156.5,-155.5,-157.0,-155.0,-157.0,-157.0,-154.0,-156.0,-154.5,-154.5,-157.0,-155.5,-153.0,-152.5,-157.0,-156.5,-156.5,-155.0,-157.0,-157.0,-155.0,-156.0,-157.0,-157.0,-157.0,-157.0,-157.0,-157.0,-157.0,-157.0,-157.0,-154.0,-152.5,-151.5,-156.5,-157.0,-157.0,-157.0,-156.5,-157.0,-157.0,-157.0,-157.0,-155.5,-157.0,-151.5,-149.5,-152.5,-157.0,-156.0,-150.0,-154.5,-156.0,-157.0,-157.0,-157.0,-155.0,-157.0,-155.5,-154.5,-155.0,-154.0,-149.0,-149.5,-157.0,-149.0,-153.0,-157.0,-154.5,-155.0,-157.0,-157.0,-157.0,-157.0,-157.0,-157.0,-154.0,-157.0,-155.0,-157.0,-157.0,-157.0,-154.5,-151.5,-154.5,-157.0,-157.0,-157.0,-157.0,-154.0,-156.5,-157.0,-157.0,-151.5,-149.0,-152.5,-156.0,-156.5,-157.0,-152.5,-152.5,-156.0,-154.0,-155.0,-155.5,-157.0,-157.0,-153.5,-154.5,-157.0,-157.0,-157.0,-155.5,-157.0,-156.5,-157.0,-154.5,-153.5,-157.0,-157.0,-157.0,-151.5,-151.0,-152.0,-153.0,-153.5,-154.0,-157.0,-157.0,-154.0,-157.0,-157.0,-155.0,-157.0,-154.5,-157.0,-154.0,-157.0,-156.0,-150.0,-153.0,-154.0,-150.5,-149.5,-153.0,-155.0,-157.0,-156.0,-152.0,-155.5,-157.0,-156.5,-157.0,-157.0,-157.0,-157.0,-151.5,-156.0,-157.0,-157.0,-152.0,-148.0,-150.0,-152.0,-155.0,-157.0,-157.0,-157.0,-157.0,-155.5,-157.0,-157.0,-152.0
2026-01-17 14:24:10.946,143.049967,5,-77,-157.0,-157.0,-154.0,-155.0,-157.0,-157.0,-157.0,-153.5,-157.0,-153.5,-151.5,-155.5,-157.0,-154.5,-155.5,-156.5,-157.0,-157.0,-156.0,-156.5,-157.0,-157.0,-157.0,-157.0,-157.0,-157.0,-157.0,-157.0,-154.5,-157.0,-156.0,-157.0,-157.0,-157.0,-157.0,-155.0,-157.0,-157.0,-156.0,-153.0,-154.0,-156.5,-153.0,-157.0,-157.0,-157.0,-157.0,-157.0,-154.5,-153.5,-157.0,-152.5,-156.5,-153.0,-149.5,-151.0,-153.0,-157.0,-155.5,-157.0,-151.5,-157.0,-157.0,-156.0,-150.5,-154.0,-157.0,-157.0,-154.0,-151.5,-150.0,-157.0,-157.0,-157.0,-155.0,-154.0,-155.5,-155.0,-155.5,-157.0,-156.5,-156.0,-152.5,-152.5,-151.0,-157.0,-157.0,-157.0,-157.0,-151.5,-148.5,-148.5,-156.0,-152.5,-156.5,-157.0,-157.0,-157.0,-155.5,-156.0,-157.0,-153.5,-155.5,-152.0,-153.0,-157.0,-155.5,-157.0,-157.0,-155.5,-157.0,-157.0,-155.5,-155.0,-157.0,-156.5,-157.0,-157.0,-157.0,-157.0,-156.0,-155.5,-156.5,-149.0,-157.0,-156.0,-155.0,-157.0,-155.5,-152.5,-157.0,-155.0,-156.0,-151.5,-155.5,-150.5,-150.5,-157.0,-157.0,-152.5,-153.0,-157.0,-157.0,-157.0,-155.5,-157.0,-156.5,-153.0,-156.0,-157.0,-157.0,-157.0,-156.0,-154.0,-154.5,-150.5,-150.5,-157.0,-157.0,-157.0,-157.0,-154.0,-157.0,-157.0,-156.0,-156.0,-155.0,-157.0,-157.0,-154.5,-156.5,-152.0,-150.5,-154.0,-153.0,-156.0,-157.0,-157.0,-157.0,-157.0,-157.0,-151.5,-157.0,-157.0,-157.0,-151.5,-150.0,-157.0,-157.0,-157.0,-156.0,-156.0,-157.0,-157.0,-157.0,-157.0,-157.0,-157.0,-152.5,-150.5,-154.0,-152.0,-157.0,-153.5,-152.0,-157.0,-156.5,-155.0,-157.0,-157.0,-157.0,-155.5,-152.0,-151.0,-149.5,-150.5,-157.0,-157.0,-155.0,-155.5,-154.5,-157.0,-151.0,-153.0,-153.5,-154.0,-155.0,-155.5,-156.0,-154.5,-151.0,-153.0,-153.5,-156.5,-155.0,-157.0,-156.0,-157.0,-157.0,-157.0,-154.5,-153.0,-141.0,-143.0,-156.0,-157.0,-157.0,-154.5,-157.0,-157.0,-156.0,-154.5,-149.5,-151.5,-157.0,-157.0,-157.0,-157.0,-156.0,-157.0,-157.0,-157.0,-157.0,-151.5,-156.5,-157.0,-157.0,-155.0,-157.0,-157.0,-156.5,-156.5,-157.0,-157.0,-154.5,-151.0,-152.5,-156.0,-157.0,-151.0,-155.5,-155.5,-157.0,-157.0,-155.5,-157.0,-157.0,-155.5,-153.0,-157.0,-157.0,-157.0,-157.0,-157.0,-157.0,-157.0,-157.0,-157.0,-155.0,-154.5,-153.0,-154.5,-155.5,-152.5,-153.5,-157.0,-157.0,-157.0,-154.0,-157.0,-156.0,-157.0,-157.0,-154.5,-153.0,-150.0,-155.5,-157.0,-157.0,-157.0,-157.0,-157.0,-153.0,-157.0,-157.0,-155.0,-152.5,-153.0,-157.0,-157.0,-157.0,-157.0,-157.0,-157.0,-150.5,-151.0,-156.0,-157.0,-157.0,-157.0,-155.0,-156.5,-155.0,-154.5,-152.5,-152.0,-157.0,-149.5,-149.5,-153.5,-157.0,-154.0,-151.0,-153.0,-157.0,-157.0,-157.0,-157.0,-155.5,-157.0,-153.5,-154.0,-154.5,-157.0,-156.0,-152.0,-157.0,-150.0,-151.0,-155.5,-153.0,-156.0,-157.0,-157.0,-155.0,-155.0,-155.5,-157.0,-154.5,-157.0,-156.5,-157.0,-157.0,-157.0,-152.0,-150.5,-157.0,-157.0,-157.0,-152.5,-154.5,-155.0,-157.0,-157.0,-156.5,-157.0,-150.0,-151.5,-157.0,-157.0,-157.0,-153.5,-154.5,-154.0,-154.0,-155.0,-152.0,-153.5,-154.5,-157.0,-154.5,-157.0,-153.0,-155.0,-156.5,-151.5,-151.0,-157.0,-155.0,-157.0,-157.0,-157.0,-154.0,-155.0,-157.0,-154.5,-154.5,-156.0,-157.0,-157.0,-157.0,-156.5,-154.5,-157.0,-157.0,-155.5,-157.0,-157.0,-153.5,-157.0,-157.0,-151.5,-155.0,-155.0,-155.0,-151.5,-155.0,-155.5,-157.0,-156.0,-154.0,-154.0,-156.5,-156.5,-157.0,-157.0,-157.0,-157.0,-152.5,-157.0,-157.0,-155.5,-152.5,-148.5,-150.0,-149.5,-152.0,-157.0,-156.5,-157.0,-157.0,-157.0,-157.0,-157.0,-153.0
2026-01-17 14:24:10.978,143.049967,5,-77,-157.0,-157.0,-157.0,-155.0,-155.5,-157.0,-157.0,-150.0,-152.0,-157.0,-149.5,-151.5,-157.0,-156.5,-157.0,-157.0,-157.0,-157.0,-152.5,-154.5,-157.0,-157.0,-157.0,-157.0,-155.5,-156.5,-156.5,-157.0,-157.0,-157.0,-157.0,-157.0,-156.5,-157.0,-157.0,-156.0,-157.0,-157.0,-156.5,-156.0,-152.5,-157.0,-155.5,-157.0,-155.0,-157.0,-155.5,-155.0,-155.5,-155.0,-157.0,-154.5,-152.0,-151.0,-151.5,-155.5,-153.5,-153.5,-155.5,-154.5,-151.0,-155.5,-156.5,-155.5,-157.0,-151.5,-157.0,-156.5,-154.5,-153.0,-153.0,-156.0,-157.0,-157.0,-157.0,-153.0,-154.0,-157.0,-156.0,-157.0,-157.0,-157.0,-156.0,-157.0,-152.0,-157.0,-157.0,-157.0,-157.0,-157.0,-151.5,-150.0,-155.0,-157.0,-153.0,-153.0,-157.0,-157.0,-156.5,-157.0,-157.0,-152.0,-154.5,-157.0,-157.0,-157.0,-155.5,-157.0,-154.0,-154.0,-157.0,-157.0,-157.0,-155.5,-157.0,-157.0,-157.0,-157.0,-157.0,-157.0,-157.0,-157.0,-154.5,-151.0,-157.0,-156.5,-154.0,-155.5,-153.5,-154.5,-157.0,-157.0,-153.0,-150.5,-151.0,-150.5,-151.5,-152.0,-157.0,-155.0,-154.0,-156.0,-156.5,-157.0,-154.5,-157.0,-153.5,-152.5,-157.0,-157.0,-157.0,-154.5,-153.5,-155.5,-155.5,-153.0,-152.5,-153.0,-157.0,-157.0,-157.0,-153.5,-155.0,-157.0,-157.0,-157.0,-152.5,-152.0,-157.0,-155.0,-155.5,-156.0,-156.5,-157.0,-155.0,-157.0,-157.0,-157.0,-157.0,-157.0,-153.5,-154.5,-154.5,-156.0,-157.0,-149.0,-147.5,-155.5,-157.0,-152.0,-154.5,-157.0,-157.0,-157.0,-156.5,-157.0,-156.5,-157.0,-153.0,-153.5,-152.5,-156.5,-157.0,-157.0,-152.0,-155.0,-156.0,-155.5,-157.0,-157.0,-157.0,-154.5,-150.5,-149.0,-152.0,-155.0,-157.0,-156.5,-154.5,-155.5,-154.0,-157.0,-151.5,-153.5,-154.5,-155.5,-152.0,-155.0,-157.0,-157.0,-157.0,-156.0,-153.0,-157.0,-157.0,-156.5,-157.0,-156.5,-157.0,-157.0,-157.0,-157.0,-141.5,-142.0,-153.5,-157.0,-157.0,-153.0,-152.0,-157.0,-154.5,-157.0,-153.0,-157.0,-157.0,-157.0,-157.0,-157.0,-156.5,-157.0,-157.0,-157.0,-157.0,-153.5,-157.0,-157.0,-157.0,-157.0,-157.0,-157.0,-157.0,-153.5,-152.0,-157.0,-151.5,-150.0,-148.5,-150.5,-157.0,-150.5,-153.5,-157.0,-157.0,-157.0,-152.0,-155.5,-157.0,-155.5,-154.0,-157.0,-157.0,-157.0,-157.0,-157.0,-157.0,-157.0,-157.0,-157.0,-155.0,-152.5,-151.0,-157.0,-157.0,-154.0,-153.0,-157.0,-157.0,-155.0,-153.5,-157.0,-156.5,-157.0,-157.0,-151.5,-151.0,-150.5,-151.5,-157.0,-155.5,-157.0,-157.0,-157.0,-153.5,-157.0,-157.0,-157.0,-154.0,-153.0,-157.0,-157.0,-157.0,-157.0,-157.0,-157.0,-156.0,-157.0,-157.0,-157.0,-157.0,-155.0,-153.5,-157.0,-153.5,-151.0,-151.0,-153.0,-157.0,-153.0,-153.0,-157.0,-157.0,-157.0,-156.0,-157.0,-157.0,-157.0,-157.0,-157.0,-154.5,-157.0,-157.0,-157.0,-157.0,-157.0,-157.0,-152.0,-151.5,-154.0,-153.5,-151.5,-153.5,-155.5,-157.0,-157.0,-155.5,-157.0,-155.0,-157.0,-155.0,-157.0,-156.5,-157.0,-157.0,-157.0,-155.5,-152.5,-157.0,-157.0,-152.5,-151.5,-157.0,-156.5,-157.0,-157.0,-157.0,-157.0,-154.0,-156.5,-157.0,-157.0,-157.0,-156.0,-157.0,-153.5,-156.0,-157.0,-154.0,-154.0,-151.5,-157.0,-157.0,-157.0,-152.0,-154.0,-157.0,-151.0,-150.5,-156.5,-157.0,-154.5,-152.0,-157.0,-154.0,-157.0,-157.0,-154.5,-157.0,-157.0,-157.0,-157.0,-156.5,-157.0,-155.5,-157.0,-157.0,-157.0,-157.0,-157.0,-156.5,-157.0,-157.0,-152.0,-151.5,-155.0,-155.5,-155.5,-157.0,-156.0,-157.0,-157.0,-157.0,-151.5,-152.0,-157.0,-157.0,-157.0,-157.0,-157.0,-155.0,-157.0,-157.0,-156.5,-154.5,-151.5,-154.0,-153.5,-151.0,-156.0,-155.0,-156.5,-157.0,-157.0,-152.5,-153.5,-155.5
2026-01-17 14:24:11.010,143.049967,5,-77,-157.0,-157.0,-157.0,-157.0,-157.0,-157.0,-155.5,-151.0,-151.5,-157.0,-152.5,-152.5,-157.0,-156.0,-155.5,-157.0,-157.0,-155.5,-154.0,-156.5,-157.0,-157.0,-157.0,-156.5,-151.0,-152.0,-153.0,-155.5,-157.0,-157.0,-157.0,-157.0,-155.5,-155.5,-157.0,-157.0,-157.0,-157.0,-157.0,-156.5,-155.5,-155.5,-157.0,-157.0,-154.0,-157.0,-156.0,-153.0,-157.0,-157.0,-157.0,-155.5,-150.5,-151.0,-153.5,-157.0,-153.0,-151.5,-153.5,-154.0,-152.0,-151.5,-153.5,-154.5,-157.0,-152.0,-156.5,-156.0,-157.0,-157.0,-157.0,-157.0,-157.0,-157.0,-156.5,-150.0,-151.0,-156.5,-154.5,-157.0,-157.0,-157.0,-157.0,-157.0,-154.0,-157.0,-157.0,-157.0,-157.0,-157.0,-156.5,-154.5,-157.0,-157.0,-154.0,-156.5,-157.0,-157.0,-157.0,-157.0,-154.0,-153.0,-154.0,-157.0,-157.0,-156.0,-157.0,-157.0,-156.5,-156.0,-157.0,-157.0,-157.0,-157.0,-157.0,-157.0,-157.0,-157.0,-157.0,-156.5,-154.5,-156.5,-157.0,-157.0,-157.0,-157.0,-153.0,-151.5,-152.0,-157.0,-157.0,-157.0,-157.0,-152.5,-150.5,-151.5,-153.5,-152.0,-155.5,-157.0,-157.0,-157.0,-153.0,-157.0,-151.0,-152.0,-157.0,-157.0,-157.0,-157.0,-157.0,-157.0,-155.5,-157.0,-157.0,-157.0,-157.0,-153.5,-157.0,-157.0,-157.0,-155.5,-157.0,-157.0,-157.0,-157.0,-153.5,-151.5,-155.5,-157.0,-155.0,-157.0,-157.0,-157.0,-154.5,-156.0,-156.0,-154.5,-157.0,-157.0,-156.0,-157.0,-157.0,-156.0,-157.0,-153.5,-148.5,-152.0,-157.0,-152.5,-154.5,-157.0,-157.0,-157.0,-154.5,-155.0,-153.5,-157.0,-154.5,-157.0,-155.5,-157.0,-157.0,-157.0,-151.5,-152.0,-157.0,-156.5,-157.0,-157.0,-157.0,-155.0,-154.0,-151.5,-155.5,-157.0,-157.0,-157.0,-157.0,-157.0,-152.0,-157.0,-154.5,-157.0,-155.0,-157.0,-153.0,-154.5,-157.0,-157.0,-157.0,-156.5,-157.0,-157.0,-157.0,-157.0,-156.5,-157.0,-157.0,-157.0,-157.0,-155.5,-141.0,-141.5,-157.0,-157.0,-157.0,-156.0,-153.5,-153.0,-154.5,-157.0,-154.5,-154.5,-156.0,-156.0,-157.0,-157.0,-157.0,-157.0,-157.0,-155.5,-157.0,-157.0,-157.0,-157.0,-157.0,-156.5,-157.0,-157.0,-156.0,-152.0,-153.5,-157.0,-152.0,-155.5,-151.5,-153.0,-152.5,-150.5,-157.0,-157.0,-157.0,-153.5,-152.0,-155.0,-157.0,-154.5,-155.0,-155.5,-156.0,-157.0,-154.5,-153.0,-157.0,-157.0,-157.0,-157.0,-156.5,-156.0,-155.5,-157.0,-157.0,-153.5,-155.0,-154.5,-154.0,-157.0,-153.5,-157.0,-157.0,-157.0,-155.5,-153.0,-151.5,-155.0,-152.5,-155.0,-154.5,-157.0,-157.0,-157.0,-157.0,-157.0,-157.0,-157.0,-157.0,-157.0,-157.0,-157.0,-157.0,-155.0,-153.0,-154.0,-157.0,-157.0,-157.0,-157.0,-157.0,-154.0,-153.5,-154.5,-154.5,-154.5,-156.0,-156.0,-153.5,-153.5,-155.5,-157.0,-156.0,-157.0,-157.0,-157.0,-155.0,-154.0,-157.0,-157.0,-152.0,-154.5,-157.0,-157.0,-157.0,-157.0,-157.0,-150.5,-147.5,-150.5,-155.5,-155.0,-157.0,-155.0,-156.5,-157.0,-154.0,-157.0,-155.5,-157.0,-157.0,-157.0,-157.0,-157.0,-154.0,-152.5,-157.0,-156.5,-154.0,-157.0,-157.0,-155.5,-153.5,-157.0,-152.5,-154.5,-156.0,-155.5,-157.0,-157.0,-157.0,-157.0,-157.0,-157.0,-155.5,-154.0,-157.0,-153.0,-155.5,-155.5,-154.5,-156.5,-157.0,-155.5,-155.5,-157.0,-155.0,-154.0,-157.0,-157.0,-157.0,-154.0,-151.0,-157.0,-155.0,-157.0,-157.0,-153.5,-157.0,-155.5,-156.5,-155.5,-157.0,-157.0,-157.0,-157.0,-157.0,-154.5,-157.0,-157.0,-157.0,-157.0,-157.0,-155.0,-151.5,-153.5,-153.5,-156.0,-157.0,-153.5,-157.0,-157.0,-157.0,-155.0,-151.0,-154.5,-156.0,-157.0,-157.0,-153.5,-156.0,-157.0,-157.0,-157.0,-156.5,-152.0,-151.5,-154.5,-148.5,-149.0,-154.5,-154.0,-157.0,-157.0,-152.0,-152.5,-157.0
2026-01-17 14:24:11.044,143.049967,5,-77,-157.0,-157.0,-157.0,-157.0,-157.0,-157.0,-157.0,-156.5,-156.5,-157.0,-157.0,-157.0,-157.0,-156.5,-157.0,-157.0,-157.0,-156.0,-157.0,-155.5,-153.5,-157.0,-157.0,-155.5,-152.5,-157.0,-153.5,-156.0,-154.0,-155.5,-157.0,-157.0,-157.0,-157.0,-157.0,-157.0,-155.0,-154.5,-157.0,-157.0,-157.0,-155.5,-153.5,-157.0,-151.5,-155.5,-157.0,-157.0,-155.5,-157.0,-157.0,-157.0,-154.0,-155.0,-155.0,-157.0,-156.5,-154.5,-154.0,-157.0,-155.0,-154.5,-157.0,-157.0,-157.0,-154.0,-153.0,-155.0,-157.0,-157.0,-157.0,-156.5,-156.0,-157.0,-156.5,-153.5,-154.5,-157.0,-157.0,-157.0,-157.0,-156.0,-156.0,-157.0,-156.5,-157.0,-157.0,-157.0,-157.0,-157.0,-155.0,-152.0,-156.5,-154.0,-154.5,-157.0,-156.5,-154.0,-157.0,-157.0,-153.0,-154.5,-152.0,-154.0,-155.5,-157.0,-157.0,-157.0,-157.0,-157.0,-157.0,-157.0,-157.0,-157.0,-157.0,-157.0,-157.0,-157.0,-157.0,-156.0,-156.0,-153.0,-155.5,-157.0,-155.5,-156.0,-151.5,-153.0,-155.5,-157.0,-157.0,-155.5,-157.0,-157.0,-155.5,-157.0,-157.0,-157.0,-156.0,-155.0,-157.0,-157.0,-153.0,-152.5,-149.5,-147.0,-152.5,-157.0,-157.0,-157.0,-157.0,-157.0,-157.0,-157.0,-157.0,-157.0,-157.0,-153.5,-152.5,-157.0,-157.0,-157.0,-157.0,-157.0,-157.0,-157.0,-157.0,-156.0,-156.0,-157.0,-156.5,-157.0,-156.5,-157.0,-155.5,-156.0,-157.0,-155.0,-157.0,-157.0,-157.0,-154.0,-152.5,-153.5,-157.0,-157.0,-151.5,-153.5,-153.5,-156.0,-157.0,-155.0,-157.0,-157.0,-157.0,-156.0,-157.0,-156.5,-152.0,-156.5,-157.0,-157.0,-152.0,-153.0,-154.0,-155.0,-157.0,-157.0,-157.0,-155.5,-154.0,-157.0,-153.5,-155.5,-156.5,-155.0,-157.0,-157.0,-157.0,-157.0,-152.0,-153.5,-157.0,-157.0,-153.5,-155.0,-157.0,-157.0,-155.5,-156.5,-157.0,-156.5,-157.0,-156.0,-156.0,-154.5,-153.5,-157.0,-157.0,-156.5,-157.0,-157.0,-142.0,-143.0,-157.0,-157.0,-155.5,-157.0,-157.0,-155.0,-157.0,-157.0,-157.0,-157.0,-157.0,-157.0,-157.0,-156.5,-157.0,-157.0,-157.0,-157.0,-157.0,-157.0,-154.5,-157.0,-157.0,-157.0,-157.0,-157.0,-153.0,-150.5,-157.0,-157.0,-153.0,-157.0,-157.0,-157.0,-153.5,-153.0,-157.0,-157.0,-156.0,-156.0,-157.0,-157.0,-156.5,-153.5,-154.0,-154.0,-154.0,-155.5,-157.0,-150.0,-152.5,-157.0,-154.5,-157.0,-157.0,-156.0,-156.5,-152.0,-155.0,-153.0,-151.0,-156.5,-154.5,-155.0,-154.0,-157.0,-157.0,-157.0,-155.5,-157.0,-155.0,-154.5,-154.0,-157.0,-155.0,-155.0,-157.0,-156.0,-157.0,-157.0,-157.0,-157.0,-157.0,-157.0,-157.0,-157.0,-157.0,-157.0,-151.0,-155.0,-157.0,-157.0,-157.0,-157.0,-157.0,-157.0,-157.0,-150.0,-151.0,-157.0,-157.0,-157.0,-150.5,-150.5,-153.5,-154.0,-155.0,-157.0,-157.0,-157.0,-155.5,-154.5,-157.0,-157.0,-152.5,-157.0,-157.0,-156.5,-155.5,-157.0,-157.0,-151.0,-149.0,-154.0,-157.0,-157.0,-155.5,-156.5,-157.0,-157.0,-151.0,-156.0,-157.0,-157.0,-157.0,-157.0,-157.0,-157.0,-154.5,-153.0,-157.0,-154.0,-152.5,-156.5,-154.5,-153.5,-152.0,-155.0,-150.5,-151.0,-157.0,-151.0,-153.5,-154.5,-157.0,-157.0,-157.0,-157.0,-157.0,-155.0,-157.0,-153.5,-157.0,-157.0,-157.0,-157.0,-151.0,-151.0,-156.0,-155.5,-154.5,-153.0,-157.0,-157.0,-157.0,-154.0,-152.5,-157.0,-157.0,-157.0,-157.0,-154.0,-157.0,-157.0,-157.0,-157.0,-157.0,-157.0,-157.0,-157.0,-153.0,-152.5,-154.0,-155.0,-157.0,-156.5,-157.0,-157.0,-157.0,-154.0,-156.0,-157.0,-157.0,-152.0,-155.5,-157.0,-157.0,-156.5,-150.5,-149.5,-155.0,-155.0,-157.0,-151.5,-151.5,-156.5,-156.0,-157.0,-157.0,-154.5,-154.5,-156.5,-151.5,-150.0,-152.5,-149.5,-151.5,-154.0,-152.0,-152.5,-157.0
2026-01-17 14:24:11.080,143.049967,5,-77,-157.0,-157.0,-157.0,-157.0,-157.0,-157.0,-157.0,-156.5,-157.0,-157.0,-157.0,-157.0,-157.0,-157.0,-157.0,-157.0,-157.0,-154.5,-156.5,-157.0,-154.5,-157.0,-157.0,-157.0,-156.0,-157.0,-154.5,-157.0,-157.0,-157.0,-155.5,-152.5,-153.5,-157.0,-157.0,-156.5,-155.0,-154.0,-153.5,-157.0,-157.0,-154.0,-152.5,-157.0,-150.5,-149.0,-153.0,-157.0,-157.0,-157.0,-156.0,-157.0,-156.5,-157.0,-157.0,-157.0,-157.0,-156.5,-154.5,-157.0,-157.0,-157.0,-157.0,-157.0,-154.0,-153.0,-155.0,-157.0,-156.5,-157.0,-155.5,-155.5,-157.0,-155.5,-157.0,-156.0,-157.0,-157.0,-157.0,-157.0,-153.0,-155.0,-155.0,-157.0,-157.0,-156.0,-157.0,-157.0,-157.0,-157.0,-157.0,-152.5,-157.0,-157.0,-157.0,-153.5,-151.0,-152.0,-157.0,-157.0,-157.0,-155.5,-152.0,-157.0,-156.5,-157.0,-157.0,-157.0,-157.0,-157.0,-157.0,-157.0,-155.5,-157.0,-157.0,-157.0,-157.0,-157.0,-157.0,-157.0,-157.0,-153.5,-157.0,-157.0,-156.5,-157.0,-150.0,-152.5,-157.0,-157.0,-157.0,-154.0,-156.5,-157.0,-157.0,-157.0,-157.0,-157.0,-157.0,-157.0,-157.0,-155.0,-154.5,-156.5,-156.0,-147.0,-150.5,-157.0,-157.0,-157.0,-157.0,-155.5,-156.0,-157.0,-157.0,-156.0,-157.0,-153.5,-152.5,-157.0,-157.0,-157.0,-156.0,-154.0,-155.5,-157.0,-157.0,-155.5,-155.0,-156.0,-156.5,-155.5,-152.0,-157.0,-157.0,-157.0,-157.0,-153.0,-156.5,-157.0,-156.5,-148.5,-149.0,-151.5,-152.5,-156.5,-154.5,-157.0,-154.0,-157.0,-156.5,-154.5,-153.5,-153.0,-157.0,-157.0,-157.0,-154.0,-152.5,-157.0,-157.0,-153.0,-150.5,-153.5,-157.0,-157.0,-157.0,-155.5,-152.0,-151.0,-155.5,-157.0,-151.5,-157.0,-157.0,-155.5,-157.0,-157.0,-157.0,-156.5,-153.5,-151.5,-152.5,-157.0,-155.0,-157.0,-157.0,-155.0,-157.0,-157.0,-157.0,-157.0,-157.0,-157.0,-156.0,-153.0,-153.5,-157.0,-157.0,-156.0,-157.0,-157.0,-143.5,-143.5,-157.0,-157.0,-155.5,-157.0,-156.5,-157.0,-157.0,-157.0,-157.0,-157.0,-154.0,-153.5,-154.5,-156.0,-157.0,-157.0,-157.0,-157.0,-157.0,-157.0,-157.0,-157.0,-156.0,-157.0,-157.0,-157.0,-151.0,-151.0,-157.0,-154.0,-152.0,-157.0,-156.0,-157.0,-157.0,-156.5,-157.0,-157.0,-157.0,-156.5,-157.0,-157.0,-153.0,-149.5,-157.0,-157.0,-155.0,-157.0,-157.0,-150.5,-151.0,-157.0,-153.5,-157.0,-157.0,-157.0,-153.5,-152.0,-157.0,-154.0,-150.5,-155.0,-154.5,-152.5,-153.5,-157.0,-157.0,-157.0,-155.5,-157.0,-157.0,-154.5,-155.0,-155.0,-157.0,-157.0,-155.5,-155.5,-157.0,-154.5,-152.5,-151.5,-157.0,-157.0,-157.0,-157.0,-155.0,-155.0,-152.5,-154.5,-155.5,-157.0,-157.0,-154.0,-155.0,-157.0,-157.0,-151.0,-151.0,-156.5,-157.0,-157.0,-155.0,-155.5,-154.5,-154.5,-157.0,-157.0,-157.0,-157.0,-157.0,-153.0,-155.0,-156.0,-153.5,-156.0,-157.0,-157.0,-155.0,-157.0,-157.0,-155.5,-155.0,-156.5,-157.0,-153.5,-153.0,-157.0,-157.0,-157.0,-150.0,-156.5,-157.0,-157.0,-156.5,-155.0,-154.5,-157.0,-157.0,-157.0,-157.0,-153.5,-153.5,-157.0,-153.0,-153.0,-156.5,-157.0,-154.0,-155.5,-157.0,-150.0,-150.0,-152.5,-157.0,-157.0,-157.0,-157.0,-157.0,-154.5,-157.0,-155.5,-157.0,-157.0,-157.0,-157.0,-151.5,-150.5,-156.0,-154.0,-153.0,-152.0,-157.0,-154.5,-156.5,-152.0,-154.0,-157.0,-157.0,-157.0,-157.0,-156.0,-157.0,-157.0,-157.0,-156.5,-157.0,-157.0,-157.0,-156.0,-154.5,-157.0,-152.0,-152.5,-157.0,-157.0,-155.5,-157.0,-157.0,-155.5,-157.0,-157.0,-153.0,-153.0,-157.0,-156.0,-153.5,-155.0,-157.0,-149.5,-154.5,-156.5,-157.0,-153.5,-155.0,-155.0,-152.5,-155.0,-157.0,-157.0,-155.0,-157.0,-155.0,-153.0,-155.5,-148.0,-150.0,-157.0,-153.0,-153.0,-156.0
2026-01-17 14:24:11.112,143.049967,5,-77,-157.0,-157.0,-157.0,-157.0,-157.0,-157.0,-157.0,-154.5,-157.0,-157.0,-157.0,-157.0,-156.0,-156.5,-156.0,-156.5,-157.0,-156.5,-155.5,-157.0,-157.0,-154.5,-157.0,-157.0,-157.0,-157.0,-156.0,-157.0,-157.0,-157.0,-152.0,-150.5,-156.5,-157.0,-157.0,-157.0,-155.0,-156.0,-152.0,-157.0,-157.0,-155.0,-153.0,-155.0,-154.5,-149.5,-156.5,-157.0,-157.0,-157.0,-156.5,-157.0,-154.5,-154.5,-157.0,-156.0,-156.0,-157.0,-153.5,-152.5,-157.0,-157.0,-157.0,-157.0,-155.5,-152.0,-155.5,-157.0,-157.0,-157.0,-157.0,-154.0,-156.5,-154.0,-156.5,-154.0,-157.0,-157.0,-156.5,-157.0,-153.5,-157.0,-157.0,-155.5,-156.5,-156.5,-155.0,-157.0,-157.0,-157.0,-157.0,-154.5,-155.5,-157.0,-156.0,-155.5,-150.0,-155.5,-155.5,-154.5,-155.0,-154.5,-153.5,-152.5,-157.0,-157.0,-157.0,-154.0,-155.0,-157.0,-153.0,-157.0,-157.0,-157.0,-157.0,-157.0,-157.0,-156.5,-156.0,-157.0,-157.0,-155.5,-157.0,-157.0,-157.0,-157.0,-152.0,-153.5,-157.0,-157.0,-156.0,-153.5,-155.5,-157.0,-157.0,-157.0,-157.0,-157.0,-157.0,-157.0,-156.5,-151.5,-153.0,-157.0,-157.0,-151.5,-154.5,-157.0,-154.5,-153.5,-157.0,-157.0,-157.0,-155.0,-157.0,-155.5,-157.0,-153.5,-153.0,-157.0,-157.0,-157.0,-152.0,-150.5,-152.5,-157.0,-156.0,-151.5,-155.5,-153.5,-154.0,-153.5,-151.5,-155.5,-157.0,-155.0,-154.0,-151.0,-150.5,-156.0,-153.0,-148.0,-150.5,-151.5,-153.5,-157.0,-155.5,-157.0,-153.5,-155.5,-153.5,-155.5,-152.5,-152.0,-157.0,-157.0,-155.0,-155.0,-154.5,-157.0,-156.5,-153.5,-151.0,-157.0,-157.0,-157.0,-157.0,-157.0,-155.5,-154.0,-157.0,-154.5,-149.0,-152.5,-157.0,-156.0,-156.0,-157.0,-157.0,-155.0,-154.5,-152.0,-151.5,-156.5,-155.0,-156.0,-155.0,-153.5,-157.0,-157.0,-157.0,-157.0,-157.0,-157.0,-152.0,-154.5,-157.0,-157.0,-154.0,-157.0,-157.0,-156.0,-142.5,-142.5,-157.0,-156.0,-157.0,-154.0,-156.0,-157.0,-154.0,-157.0,-157.0,-156.0,-150.0,-149.0,-151.5,-156.5,-157.0,-157.0,-157.0,-157.0,-157.0,-157.0,-157.0,-157.0,-157.0,-154.0,-157.0,-157.0,-153.0,-155.0,-156.5,-153.5,-152.0,-157.0,-155.5,-152.0,-156.5,-157.0,-157.0,-157.0,-157.0,-155.0,-156.5,-157.0,-150.0,-147.0,-157.0,-157.0,-155.0,-157.0,-157.0,-155.0,-151.0,-157.0,-153.5,-156.0,-157.0,-157.0,-157.0,-155.0,-157.0,-157.0,-154.5,-155.0,-153.5,-153.0,-156.5,-157.0,-157.0,-156.5,-155.5,-155.0,-157.0,-157.0,-155.5,-152.0,-157.0,-157.0,-154.0,-157.0,-157.0,-152.0,-151.5,-152.5,-157.0,-157.0,-157.0,-156.5,-153.5,-153.0,-156.0,-154.0,-155.0,-156.0,-157.0,-152.5,-155.0,-157.0,-157.0,-155.5,-154.5,-154.5,-154.5,-157.0,-157.0,-157.0,-157.0,-153.0,-152.5,-156.5,-155.0,-157.0,-153.0,-151.5,-155.0,-157.0,-157.0,-155.0,-157.0,-157.0,-154.0,-156.0,-157.0,-157.0,-157.0,-157.0,-157.0,-155.5,-155.0,-157.0,-157.0,-157.0,-152.0,-157.0,-156.0,-155.5,-154.0,-153.5,-153.5,-157.0,-157.0,-157.0,-157.0,-157.0,-155.5,-157.0,-157.0,-157.0,-157.0,-157.0,-157.0,-157.0,-157.0,-153.5,-155.5,-156.0,-157.0,-157.0,-157.0,-156.5,-157.0,-157.0,-157.0,-157.0,-157.0,-157.0,-152.0,-153.0,-155.5,-157.0,-152.0,-150.5,-150.5,-154.0,-157.0,-157.0,-157.0,-151.0,-151.5,-157.0,-155.0,-153.5,-156.0,-157.0,-157.0,-157.0,-154.0,-156.0,-157.0,-156.5,-155.5,-157.0,-157.0,-157.0,-153.5,-154.0,-155.0,-154.5,-157.0,-157.0,-157.0,-153.0,-155.5,-157.0,-154.0,-156.0,-157.0,-153.5,-154.0,-154.0,-155.0,-152.5,-154.0,-157.0,-157.0,-157.0,-157.0,-153.0,-154.0,-156.5,-157.0,-157.0,-154.5,-155.5,-152.0,-153.5,-157.0,-151.0,-156.0,-156.0,-156.5,-156.5,-152.5
2026-01-17 14:24:11.144,143.049967,5,-77,-157.0,-157.0,-154.0,-153.5,-154.5,-157.0,-156.5,-155.0,-157.0,-157.0,-157.0,-157.0,-153.5,-152.5,-156.5,-152.5,-157.0,-157.0,-156.5,-157.0,-157.0,-154.5,-157.0,-157.0,-157.0,-156.5,-153.5,-157.0,-157.0,-157.0,-155.0,-155.5,-157.0,-154.0,-156.0,-157.0,-157.0,-154.0,-151.0,-154.5,-153.5,-152.5,-155.0,-157.0,-157.0,-154.0,-157.0,-157.0,-157.0,-157.0,-157.0,-157.0,-152.0,-154.5,-155.0,-154.5,-155.0,-157.0,-153.5,-152.5,-157.0,-157.0,-157.0,-157.0,-154.5,-151.5,-154.5,-154.0,-157.0,-157.0,-156.0,-154.0,-155.5,-157.0,-152.0,-151.5,-157.0,-157.0,-157.0,-156.0,-154.0,-157.0,-157.0,-154.5,-155.0,-157.0,-155.0,-157.0,-157.0,-157.0,-157.0,-157.0,-157.0,-157.0,-156.0,-157.0,-152.5,-153.5,-156.5,-157.0,-152.0,-154.0,-155.0,-152.0,-152.0,-152.0,-157.0,-153.0,-151.0,-156.0,-151.0,-157.0,-157.0,-157.0,-157.0,-157.0,-157.0,-157.0,-157.0,-157.0,-157.0,-157.0,-157.0,-157.0,-153.5,-152.5,-154.5,-157.0,-157.0,-157.0,-155.0,-151.0,-155.5,-157.0,-156.0,-157.0,-157.0,-156.0,-157.0,-157.0,-156.0,-154.0,-155.5,-156.5,-157.0,-157.0,-157.0,-157.0,-152.5,-152.5,-157.0,-157.0,-157.0,-157.0,-155.0,-154.5,-157.0,-155.0,-156.0,-154.5,-156.0,-156.5,-153.5,-155.0,-155.5,-157.0,-157.0,-152.0,-151.5,-154.5,-156.5,-154.5,-155.0,-156.5,-157.0,-153.0,-152.0,-154.0,-153.5,-157.0,-152.5,-148.0,-155.5,-156.5,-157.0,-157.0,-155.5,-156.0,-153.0,-156.5,-157.0,-153.5,-155.0,-152.0,-153.5,-155.5,-157.0,-154.5,-154.0,-157.0,-155.5,-157.0,-155.5,-155.0,-152.0,-152.0,-153.5,-157.0,-157.0,-157.0,-157.0,-155.5,-149.5,-154.0,-157.0,-157.0,-153.5,-153.5,-156.5,-157.0,-157.0,-157.0,-155.0,-155.0,-151.0,-152.0,-157.0,-155.0,-157.0,-157.0,-157.0,-157.0,-157.0,-157.0,-152.0,-157.0,-157.0,-157.0,-154.5,-157.0,-157.0,-154.5,-141.5,-141.5,-157.0,-154.5,-157.0,-157.0,-156.5,-157.0,-154.0,-155.0,-156.0,-157.0,-153.5,-151.0,-154.5,-157.0,-156.5,-156.0,-157.0,-157.0,-154.5,-157.0,-156.5,-156.5,-156.5,-154.5,-157.0,-157.0,-157.0,-157.0,-154.5,-153.5,-151.5,-156.0,-153.0,-152.0,-153.5,-155.5,-155.5,-157.0,-153.5,-156.0,-156.0,-155.0,-150.5,-147.0,-149.0,-154.0,-155.0,-156.5,-157.0,-157.0,-153.5,-154.5,-154.0,-154.0,-157.0,-157.0,-157.0,-156.0,-157.0,-157.0,-157.0,-157.0,-156.5,-156.0,-157.0,-157.0,-152.5,-153.5,-157.0,-156.5,-156.5,-157.0,-154.5,-151.0,-153.5,-157.0,-157.0,-157.0,-157.0,-153.5,-154.5,-157.0,-154.5,-157.0,-157.0,-154.0,-155.5,-157.0,-156.5,-156.5,-157.0,-157.0,-156.0,-152.5,-157.0,-157.0,-157.0,-156.0,-157.0,-157.0,-152.0,-153.5,-157.0,-157.0,-157.0,-152.0,-155.5,-157.0,-156.0,-157.0,-154.0,-155.5,-157.0,-157.0,-157.0,-156.0,-157.0,-157.0,-154.0,-154.5,-157.0,-157.0,-157.0,-157.0,-157.0,-157.0,-157.0,-156.0,-157.0,-155.0,-155.0,-157.0,-153.5,-153.0,-155.5,-153.0,-157.0,-157.0,-157.0,-157.0,-157.0,-157.0,-156.5,-157.0,-157.0,-157.0,-157.0,-157.0,-157.0,-155.0,-152.5,-152.0,-157.0,-157.0,-157.0,-157.0,-156.0,-154.0,-154.0,-157.0,-154.5,-157.0,-155.5,-156.0,-152.0,-154.0,-154.0,-156.5,-153.0,-151.5,-152.5,-155.5,-155.0,-157.0,-157.0,-155.5,-153.5,-152.5,-156.5,-155.5,-156.5,-157.0,-157.0,-157.0,-156.0,-157.0,-157.0,-153.5,-152.0,-157.0,-157.0,-157.0,-154.5,-157.0,-155.5,-153.0,-157.0,-157.0,-155.5,-153.5,-155.0,-157.0,-156.0,-155.5,-152.0,-150.5,-157.0,-157.0,-156.0,-157.0,-157.0,-157.0,-157.0,-157.0,-157.0,-157.0,-157.0,-157.0,-157.0,-157.0,-155.5,-151.0,-153.0,-157.0,-156.5,-153.5,-157.0,-157.0,-156.5,-157.0,-153.0
2026-01-17 14:24:11.177,143.049967,5,-77,-157.0,-157.0,-156.5,-153.0,-154.5,-157.0,-157.0,-157.0,-157.0,-157.0,-157.0,-155.0,-153.5,-153.0,-157.0,-152.5,-156.0,-157.0,-155.5,-157.0,-157.0,-157.0,-157.0,-156.0,-156.5,-154.5,-153.0,-157.0,-157.0,-157.0,-157.0,-155.5,-154.5,-151.5,-153.0,-157.0,-157.0,-152.0,-153.5,-155.5,-157.0,-153.0,-157.0,-157.0,-157.0,-155.5,-157.0,-157.0,-157.0,-157.0,-154.0,-154.5,-153.0,-157.0,-157.0,-157.0,-157.0,-157.0,-157.0,-155.5,-157.0,-157.0,-157.0,-157.0,-156.0,-152.5,-155.0,-156.5,-157.0,-157.0,-157.0,-156.0,-157.0,-157.0,-154.5,-153.0,-157.0,-157.0,-157.0,-157.0,-157.0,-157.0,-154.5,-157.0,-156.5,-157.0,-157.0,-153.0,-153.0,-154.5,-157.0,-157.0,-157.0,-157.0,-157.0,-157.0,-157.0,-154.5,-157.0,-157.0,-153.5,-154.5,-156.5,-157.0,-150.5,-150.5,-157.0,-157.0,-152.5,-157.0,-153.0,-157.0,-157.0,-157.0,-153.0,-153.5,-156.0,-157.0,-157.0,-154.0,-155.5,-156.0,-154.0,-154.5,-153.0,-152.5,-157.0,-157.0,-157.0,-157.0,-157.0,-151.0,-153.0,-156.0,-153.0,-157.0,-155.0,-156.0,-157.0,-156.5,-157.0,-157.0,-155.0,-157.0,-157.0,-157.0,-157.0,-156.5,-155.0,-152.0,-157.0,-157.0,-157.0,-157.0,-153.5,-155.5,-155.0,-157.0,-157.0,-156.0,-156.5,-157.0,-155.0,-157.0,-157.0,-157.0,-156.5,-157.0,-150.5,-153.0,-157.0,-157.0,-157.0,-156.5,-157.0,-157.0,-152.0,-155.0,-157.0,-155.0,-152.0,-150.0,-157.0,-157.0,-155.0,-155.5,-152.5,-154.0,-155.5,-157.0,-156.0,-153.5,-155.0,-152.0,-151.5,-150.5,-157.0,-156.5,-156.0,-157.0,-155.0,-157.0,-157.0,-157.0,-151.5,-151.5,-153.5,-156.5,-154.0,-157.0,-157.0,-155.5,-154.5,-154.0,-157.0,-157.0,-152.5,-152.5,-157.0,-157.0,-157.0,-155.0,-156.0,-157.0,-153.5,-154.5,-154.5,-157.0,-157.0,-155.0,-157.0,-157.0,-157.0,-157.0,-152.5,-155.5,-157.0,-155.5,-152.0,-157.0,-154.0,-156.0,-142.0,-141.0,-156.0,-157.0,-157.0,-157.0,-156.0,-156.5,-154.5,-151.5,-153.0,-157.0,-157.0,-157.0,-157.0,-157.0,-155.0,-153.0,-156.0,-152.5,-150.5,-156.5,-157.0,-157.0,-157.0,-155.0,-157.0,-156.5,-157.0,-157.0,-151.0,-150.0,-151.0,-157.0,-153.0,-156.5,-157.0,-157.0,-156.5,-154.0,-150.5,-157.0,-155.5,-155.5,-155.5,-149.0,-147.5,-152.0,-153.0,-153.5,-157.0,-157.0,-155.0,-153.0,-154.0,-152.5,-157.0,-156.5,-157.0,-152.5,-154.5,-157.0,-156.5,-155.0,-157.0,-157.0,-157.0,-157.0,-154.0,-154.0,-157.0,-157.0,-157.0,-157.0,-156.5,-153.0,-152.0,-157.0,-157.0,-157.0,-157.0,-157.0,-157.0,-151.0,-150.5,-156.0,-157.0,-156.5,-156.0,-157.0,-156.0,-157.0,-157.0,-155.5,-154.5,-152.5,-157.0,-157.0,-157.0,-157.0,-157.0,-157.0,-153.0,-156.0,-157.0,-157.0,-157.0,-153.5,-157.0,-156.0,-155.0,-157.0,-157.0,-157.0,-157.0,-153.5,-155.0,-156.5,-157.0,-157.0,-157.0,-157.0,-157.0,-157.0,-157.0,-157.0,-157.0,-156.5,-156.0,-155.5,-157.0,-153.5,-152.5,-157.0,-156.0,-157.0,-155.5,-155.0,-157.0,-157.0,-157.0,-157.0,-155.0,-157.0,-154.5,-153.0,-153.0,-157.0,-157.0,-155.0,-156.0,-151.5,-152.0,-155.0,-157.0,-156.5,-157.0,-157.0,-157.0,-157.0,-156.5,-157.0,-154.5,-157.0,-154.5,-156.0,-154.0,-157.0,-153.5,-155.5,-157.0,-155.0,-157.0,-157.0,-157.0,-157.0,-157.0,-157.0,-157.0,-154.0,-157.0,-157.0,-157.0,-153.5,-156.5,-157.0,-157.0,-157.0,-157.0,-156.0,-153.5,-157.0,-157.0,-156.0,-157.0,-157.0,-157.0,-156.5,-157.0,-157.0,-156.5,-157.0,-157.0,-157.0,-154.0,-154.5,-152.5,-149.5,-154.5,-156.0,-155.0,-157.0,-156.0,-157.0,-157.0,-157.0,-157.0,-157.0,-156.5,-157.0,-156.5,-157.0,-157.0,-152.5,-154.5,-157.0,-156.0,-157.0,-157.0,-157.0,-156.5,-157.0,-157.0
2026-01-17 14:24:11.212,143.049967,5,-77,-157.0,-157.0,-157.0,-155.5,-155.5,-157.0,-157.0,-157.0,-157.0,-157.0,-157.0,-155.5,-156.5,-151.0,-151.0,-157.0,-156.0,-157.0,-157.0,-157.0,-157.0,-157.0,-157.0,-155.0,-157.0,-153.5,-155.5,-157.0,-157.0,-157.0,-154.0,-152.5,-153.0,-155.0,-155.5,-157.0,-157.0,-155.0,-157.0,-156.5,-157.0,-153.5,-157.0,-157.0,-157.0,-154.5,-157.0,-157.0,-157.0,-155.0,-153.5,-155.0,-157.0,-157.0,-156.0,-157.0,-157.0,-157.0,-157.0,-156.5,-157.0,-157.0,-156.5,-157.0,-157.0,-154.0,-157.0,-157.0,-157.0,-157.0,-157.0,-157.0,-157.0,-157.0,-157.0,-154.0,-157.0,-157.0,-156.0,-157.0,-157.0,-156.0,-155.5,-157.0,-157.0,-157.0,-156.0,-154.0,-152.0,-153.5,-157.0,-157.0,-157.0,-154.0,-157.0,-157.0,-157.0,-154.5,-157.0,-157.0,-154.5,-157.0,-155.5,-157.0,-152.5,-156.0,-157.0,-157.0,-152.0,-152.5,-157.0,-152.5,-153.0,-157.0,-153.0,-157.0,-153.5,-153.0,-154.5,-154.0,-157.0,-154.5,-155.5,-153.5,-155.0,-156.5,-157.0,-157.0,-157.0,-157.0,-157.0,-155.0,-154.0,-154.5,-151.5,-157.0,-156.5,-157.0,-157.0,-155.0,-157.0,-157.0,-155.0,-157.0,-154.5,-155.0,-152.0,-151.5,-155.5,-153.5,-157.0,-154.0,-157.0,-156.0,-154.5,-156.0,-156.5,-157.0,-157.0,-157.0,-157.0,-157.0,-155.0,-157.0,-157.0,-157.0,-157.0,-157.0,-153.5,-155.5,-157.0,-157.0,-157.0,-156.0,-155.0,-157.0,-154.5,-155.0,-157.0,-152.5,-154.5,-153.0,-157.0,-157.0,-150.5,-151.5,-152.0,-154.0,-155.0,-155.0,-153.5,-156.5,-157.0,-152.5,-152.0,-151.0,-154.5,-156.0,-154.5,-157.0,-155.0,-157.0,-157.0,-157.0,-157.0,-157.0,-155.5,-154.0,-150.0,-152.5,-157.0,-154.5,-157.0,-152.0,-154.5,-156.5,-152.0,-152.0,-157.0,-157.0,-154.5,-152.0,-154.0,-157.0,-157.0,-157.0,-152.5,-157.0,-157.0,-155.5,-151.5,-157.0,-157.0,-157.0,-157.0,-157.0,-157.0,-154.5,-151.0,-155.0,-154.5,-156.0,-142.0,-141.5,-157.0,-157.0,-156.5,-154.5,-152.0,-151.5,-156.5,-153.0,-155.0,-156.0,-157.0,-156.5,-157.0,-154.0,-157.0,-151.5,-154.0,-151.5,-151.5,-157.0,-157.0,-157.0,-157.0,-152.5,-157.0,-157.0,-156.5,-155.0,-151.0,-155.5,-154.0,-157.0,-157.0,-157.0,-157.0,-157.0,-157.0,-151.5,-149.5,-155.5,-154.0,-157.0,-157.0,-151.5,-150.5,-154.0,-153.0,-153.5,-157.0,-157.0,-152.5,-151.5,-156.0,-153.5,-157.0,-156.5,-155.0,-153.0,-152.0,-156.5,-154.0,-155.0,-157.0,-157.0,-157.0,-157.0,-156.0,-155.5,-157.0,-157.0,-157.0,-157.0,-157.0,-157.0,-153.5,-157.0,-157.0,-157.0,-157.0,-157.0,-157.0,-150.5,-151.5,-157.0,-157.0,-157.0,-157.0,-157.0,-157.0,-157.0,-157.0,-153.0,-154.5,-156.0,-157.0,-157.0,-157.0,-157.0,-157.0,-157.0,-157.0,-157.0,-157.0,-157.0,-154.0,-156.0,-154.0,-156.5,-153.0,-157.0,-157.0,-157.0,-157.0,-153.5,-154.5,-157.0,-157.0,-157.0,-157.0,-156.5,-157.0,-157.0,-155.5,-156.5,-157.0,-157.0,-156.5,-155.5,-157.0,-157.0,-150.5,-157.0,-157.0,-157.0,-154.5,-155.0,-157.0,-157.0,-157.0,-157.0,-155.5,-157.0,-157.0,-154.0,-151.5,-157.0,-156.0,-152.5,-155.0,-151.5,-156.5,-157.0,-157.0,-154.5,-157.0,-157.0,-157.0,-155.5,-157.0,-153.5,-154.0,-154.5,-155.0,-156.0,-154.0,-153.5,-154.5,-157.0,-157.0,-153.5,-157.0,-157.0,-157.0,-157.0,-157.0,-155.5,-157.0,-155.5,-157.0,-157.0,-157.0,-151.5,-157.0,-157.0,-157.0,-157.0,-157.0,-156.0,-152.5,-153.0,-155.5,-153.0,-157.0,-157.0,-157.0,-157.0,-157.0,-157.0,-155.5,-155.5,-154.5,-154.5,-154.0,-155.0,-153.0,-153.0,-157.0,-157.0,-156.0,-153.0,-151.5,-155.5,-153.5,-157.0,-157.0,-156.0,-155.5,-154.0,-157.0,-156.0,-157.0,-157.0,-157.0,-156.5,-156.5,-157.0,-157.0,-156.0,-154.5,-157.0,-156.0
2026-01-17 14:24:11.242,143.049967,5,-77,-157.0,-157.0,-157.0,-154.5,-153.5,-155.0,-157.0,-157.0,-156.5,-155.0,-156.5,-157.0,-157.0,-153.5,-151.5,-157.0,-157.0,-157.0,-156.0,-157.0,-155.0,-157.0,-157.0,-154.0,-156.5,-151.0,-153.5,-154.5,-156.0,-157.0,-153.5,-157.0,-155.5,-157.0,-157.0,-155.0,-157.0,-157.0,-157.0,-154.5,-157.0,-153.5,-157.0,-153.5,-153.0,-153.0,-157.0,-157.0,-157.0,-157.0,-157.0,-156.5,-157.0,-157.0,-152.5,-153.5,-157.0,-157.0,-157.0,-156.5,-157.0,-157.0,-152.0,-155.0,-157.0,-153.5,-154.0,-155.5,-157.0,-157.0,-157.0,-157.0,-156.5,-157.0,-157.0,-153.5,-157.0,-156.5,-152.5,-155.0,-157.0,-157.0,-155.5,-157.0,-157.0,-157.0,-157.0,-157.0,-156.5,-157.0,-157.0,-157.0,-155.5,-153.5,-155.0,-157.0,-156.0,-155.0,-155.0,-154.5,-154.0,-155.5,-155.5,-157.0,-155.0,-157.0,-157.0,-157.0,-151.5,-150.5,-152.5,-151.5,-157.0,-157.0,-150.0,-152.5,-154.0,-155.5,-155.0,-157.0,-157.0,-156.5,-157.0,-157.0,-157.0,-157.0,-157.0,-157.0,-157.0,-157.0,-157.0,-157.0,-157.0,-154.5,-153.5,-157.0,-157.0,-157.0,-151.5,-150.5,-157.0,-157.0,-156.5,-156.0,-151.5,-153.0,-151.0,-152.5,-157.0,-157.0,-154.5,-154.0,-157.0,-157.0,-155.0,-153.5,-157.0,-157.0,-157.0,-156.0,-155.0,-156.0,-155.0,-157.0,-157.0,-157.0,-157.0,-157.0,-157.0,-155.0,-157.0,-157.0,-152.5,-151.5,-153.0,-154.5,-156.5,-157.0,-157.0,-155.0,-157.0,-154.5,-157.0,-155.5,-152.0,-153.0,-154.5,-157.0,-156.5,-156.0,-155.0,-157.0,-157.0,-153.5,-150.0,-152.0,-152.5,-153.5,-151.5,-157.0,-157.0,-157.0,-157.0,-157.0,-157.0,-157.0,-156.5,-153.0,-151.0,-153.0,-157.0,-155.0,-157.0,-151.5,-152.0,-153.0,-152.5,-155.5,-155.0,-155.0,-154.0,-154.0,-156.0,-157.0,-156.0,-156.0,-151.5,-151.5,-156.5,-157.0,-151.5,-156.0,-157.0,-157.0,-157.0,-157.0,-157.0,-157.0,-153.0,-157.0,-157.0,-157.0,-142.5,-142.5,-156.5,-156.0,-156.0,-153.5,-150.5,-156.0,-154.0,-154.0,-155.5,-156.0,-155.5,-155.5,-157.0,-150.0,-153.0,-154.0,-153.5,-157.0,-156.0,-157.0,-157.0,-157.0,-157.0,-152.5,-153.0,-154.0,-153.5,-148.5,-150.0,-157.0,-157.0,-157.0,-157.0,-155.5,-157.0,-156.5,-154.0,-153.0,-154.0,-157.0,-155.0,-157.0,-157.0,-157.0,-155.5,-156.0,-157.0,-152.5,-154.5,-157.0,-152.5,-150.5,-154.5,-156.5,-155.0,-157.0,-157.0,-157.0,-153.5,-151.0,-150.0,-155.0,-157.0,-157.0,-157.0,-157.0,-152.0,-152.0,-156.5,-157.0,-157.0,-157.0,-154.5,-152.0,-153.0,-157.0,-156.0,-157.0,-157.0,-157.0,-157.0,-155.0,-157.0,-155.5,-154.5,-157.0,-157.0,-157.0,-157.0,-155.5,-150.5,-151.0,-152.5,-153.0,-152.5,-157.0,-155.5,-157.0,-157.0,-157.0,-157.0,-157.0,-157.0,-157.0,-154.0,-156.0,-157.0,-155.0,-152.5,-157.0,-157.0,-157.0,-157.0,-157.0,-157.0,-157.0,-157.0,-155.5,-155.5,-155.0,-152.5,-156.0,-155.5,-155.5,-157.0,-157.0,-157.0,-155.5,-157.0,-157.0,-153.0,-157.0,-157.0,-157.0,-157.0,-153.0,-155.0,-157.0,-157.0,-157.0,-155.5,-157.0,-157.0,-153.5,-153.0,-157.0,-157.0,-152.0,-156.0,-151.5,-151.5,-155.0,-157.0,-156.0,-157.0,-157.0,-157.0,-154.0,-153.5,-155.5,-155.0,-155.5,-155.5,-157.0,-153.0,-152.5,-157.0,-157.0,-157.0,-152.0,-154.0,-157.0,-157.0,-157.0,-157.0,-155.0,-157.0,-156.5,-157.0,-157.0,-157.0,-151.0,-151.5,-156.0,-157.0,-157.0,-157.0,-157.0,-152.5,-148.5,-150.0,-154.5,-157.0,-157.0,-157.0,-157.0,-157.0,-155.0,-157.0,-157.0,-151.5,-151.5,-157.0,-157.0,-154.0,-156.5,-157.0,-157.0,-155.5,-154.5,-150.5,-157.0,-154.0,-156.5,-152.0,-150.5,-156.0,-156.0,-157.0,-156.5,-157.0,-157.0,-157.0,-155.0,-156.0,-157.0,-156.5,-154.0,-155.0,-157.0,-156.0
2026-01-17 14:24:11.278,143.049967,5,-77,-157.0,-157.0,-156.0,-154.0,-155.5,-157.0,-156.5,-157.0,-157.0,-156.0,-157.0,-155.0,-157.0,-157.0,-154.0,-157.0,-157.0,-154.0,-150.0,-152.0,-153.0,-157.0,-157.0,-156.0,-152.0,-151.0,-154.5,-152.5,-154.0,-157.0,-155.0,-157.0,-157.0,-156.5,-157.0,-153.5,-157.0,-157.0,-157.0,-156.5,-154.0,-153.5,-157.0,-151.5,-151.5,-154.5,-157.0,-157.0,-157.0,-157.0,-157.0,-155.0,-157.0,-157.0,-155.5,-154.5,-154.5,-156.5,-157.0,-155.5,-151.0,-152.5,-151.5,-155.5,-157.0,-157.0,-154.5,-153.0,-156.5,-154.5,-157.0,-153.0,-155.0,-157.0,-157.0,-153.5,-157.0,-154.5,-151.0,-151.5,-157.0,-155.0,-152.5,-157.0,-157.0,-157.0,-157.0,-156.0,-157.0,-157.0,-157.0,-157.0,-154.5,-156.0,-154.5,-157.0,-157.0,-153.5,-153.5,-154.5,-156.5,-157.0,-157.0,-153.0,-156.0,-157.0,-156.0,-155.0,-155.5,-157.0,-154.5,-154.5,-157.0,-157.0,-150.0,-149.5,-153.0,-157.0,-155.5,-157.0,-157.0,-156.0,-157.0,-157.0,-157.0,-157.0,-157.0,-154.5,-155.5,-157.0,-157.0,-157.0,-157.0,-157.0,-157.0,-157.0,-157.0,-157.0,-150.0,-150.0,-157.0,-157.0,-156.5,-151.5,-149.5,-156.0,-156.5,-157.0,-157.0,-155.5,-153.0,-157.0,-157.0,-157.0,-157.0,-155.5,-157.0,-157.0,-155.5,-154.0,-154.0,-155.5,-157.0,-157.0,-154.0,-157.0,-157.0,-157.0,-155.0,-152.0,-153.5,-157.0,-149.5,-148.0,-157.0,-153.5,-155.5,-157.0,-157.0,-157.0,-156.0,-154.5,-157.0,-157.0,-157.0,-157.0,-155.5,-156.5,-152.0,-156.0,-157.0,-157.0,-157.0,-156.0,-152.0,-153.0,-156.0,-153.5,-151.5,-157.0,-157.0,-157.0,-157.0,-154.0,-153.5,-157.0,-156.0,-155.5,-154.5,-154.0,-155.0,-151.5,-151.5,-152.5,-150.5,-152.0,-154.5,-157.0,-156.0,-155.0,-155.5,-152.0,-155.5,-157.0,-157.0,-157.0,-151.5,-150.5,-157.0,-154.0,-152.0,-157.0,-157.0,-157.0,-157.0,-157.0,-155.5,-156.0,-155.5,-157.0,-157.0,-157.0,-142.0,-144.0,-155.0,-154.5,-157.0,-157.0,-151.0,-156.0,-157.0,-152.0,-151.0,-157.0,-155.0,-157.0,-157.0,-151.5,-151.5,-157.0,-156.0,-157.0,-157.0,-157.0,-157.0,-157.0,-156.0,-157.0,-153.5,-151.5,-156.5,-149.0,-150.0,-157.0,-157.0,-157.0,-153.5,-157.0,-155.5,-157.0,-150.5,-150.0,-157.0,-157.0,-157.0,-157.0,-157.0,-157.0,-157.0,-157.0,-157.0,-150.5,-155.0,-157.0,-152.0,-151.0,-154.0,-150.5,-150.0,-157.0,-157.0,-157.0,-154.5,-155.0,-151.5,-157.0,-157.0,-157.0,-156.5,-154.5,-150.5,-152.5,-157.0,-157.0,-156.5,-157.0,-152.5,-150.5,-152.5,-157.0,-155.5,-156.5,-154.5,-154.0,-157.0,-156.5,-157.0,-157.0,-153.5,-157.0,-157.0,-157.0,-157.0,-156.5,-152.0,-154.0,-150.0,-149.5,-153.0,-155.0,-151.5,-157.0,-157.0,-157.0,-157.0,-157.0,-157.0,-157.0,-157.0,-157.0,-157.0,-152.0,-152.5,-157.0,-157.0,-154.5,-154.5,-157.0,-156.5,-155.0,-157.0,-153.0,-157.0,-157.0,-152.5,-157.0,-156.0,-157.0,-157.0,-157.0,-157.0,-155.0,-157.0,-156.0,-155.5,-157.0,-155.5,-157.0,-157.0,-151.5,-152.5,-157.0,-157.0,-157.0,-157.0,-152.0,-156.0,-151.5,-157.0,-153.5,-154.0,-154.0,-156.0,-156.5,-152.0,-153.0,-157.0,-157.0,-157.0,-155.0,-156.0,-157.0,-157.0,-157.0,-156.5,-157.0,-157.0,-157.0,-157.0,-157.0,-157.0,-155.5,-155.0,-155.5,-154.0,-157.0,-157.0,-157.0,-157.0,-157.0,-157.0,-154.5,-153.0,-154.5,-157.0,-151.0,-150.5,-151.5,-157.0,-157.0,-157.0,-157.0,-156.5,-145.5,-146.0,-156.5,-157.0,-157.0,-155.5,-157.0,-156.0,-151.0,-154.5,-157.0,-154.0,-152.0,-157.0,-157.0,-155.5,-157.0,-157.0,-154.5,-152.0,-156.5,-150.5,-157.0,-157.0,-156.5,-149.5,-150.5,-152.5,-157.0,-157.0,-157.0,-157.0,-157.0,-157.0,-157.0,-157.0,-157.0,-157.0,-157.0,-157.0,-157.0,-157.0
2026-01-17 14:24:11.311,143.049967,5,-77,-157.0,-157.0,-151.5,-151.0,-154.0,-155.5,-157.0,-156.5,-157.0,-157.0,-157.0,-152.5,-155.0,-155.5,-153.5,-155.5,-157.0,-152.0,-149.0,-153.5,-154.5,-155.0,-154.5,-157.0,-154.0,-154.5,-157.0,-157.0,-156.0,-157.0,-156.5,-156.5,-157.0,-156.0,-157.0,-152.5,-153.0,-156.0,-157.0,-157.0,-157.0,-152.0,-155.0,-156.0,-155.5,-153.0,-155.0,-154.5,-156.0,-157.0,-157.0,-154.5,-157.0,-157.0,-157.0,-151.5,-150.0,-157.0,-157.0,-157.0,-150.5,-153.5,-156.0,-157.0,-157.0,-157.0,-157.0,-157.0,-157.0,-155.5,-157.0,-152.0,-157.0,-157.0,-157.0,-155.0,-156.5,-154.5,-151.5,-153.0,-152.5,-152.5,-153.0,-157.0,-157.0,-156.0,-154.5,-157.0,-157.0,-157.0,-157.0,-156.5,-155.0,-157.0,-157.0,-157.0,-157.0,-153.5,-156.0,-157.0,-157.0,-157.0,-153.5,-151.5,-156.0,-157.0,-155.0,-157.0,-157.0,-157.0,-157.0,-157.0,-157.0,-157.0,-157.0,-154.0,-154.5,-157.0,-157.0,-156.5,-157.0,-157.0,-156.5,-154.0,-157.0,-155.5,-157.0,-155.5,-152.5,-156.5,-157.0,-152.5,-152.0,-153.0,-157.0,-156.0,-157.0,-157.0,-153.5,-156.5,-157.0,-156.5,-157.0,-154.0,-150.5,-152.0,-155.5,-155.5,-157.0,-157.0,-152.0,-154.0,-157.0,-157.0,-157.0,-157.0,-157.0,-157.0,-157.0,-157.0,-157.0,-156.0,-156.5,-153.5,-152.0,-155.5,-154.0,-155.0,-157.0,-155.0,-154.5,-157.0,-149.5,-148.5,-157.0,-155.0,-154.5,-156.0,-157.0,-157.0,-153.5,-155.5,-157.0,-157.0,-157.0,-157.0,-156.5,-157.0,-152.0,-153.5,-157.0,-154.5,-153.0,-153.0,-155.0,-152.5,-154.5,-154.5,-156.5,-157.0,-157.0,-157.0,-157.0,-151.5,-153.5,-157.0,-156.5,-152.0,-156.5,-157.0,-156.5,-152.0,-149.5,-152.5,-152.5,-151.5,-156.5,-157.0,-157.0,-156.5,-148.5,-149.0,-156.5,-157.0,-157.0,-155.0,-156.5,-153.5,-157.0,-155.0,-153.0,-157.0,-155.5,-157.0,-157.0,-157.0,-152.5,-155.5,-157.0,-157.0,-157.0,-154.5,-140.5,-142.5,-153.5,-151.0,-152.5,-154.5,-152.5,-154.0,-157.0,-155.5,-153.0,-155.0,-156.0,-157.0,-154.5,-155.0,-152.5,-157.0,-157.0,-154.5,-155.0,-157.0,-157.0,-154.5,-153.0,-157.0,-157.0,-152.0,-157.0,-152.0,-152.0,-157.0,-157.0,-157.0,-153.0,-157.0,-155.5,-157.0,-150.5,-148.5,-156.0,-157.0,-157.0,-157.0,-157.0,-157.0,-155.0,-157.0,-155.5,-151.0,-153.0,-153.0,-148.5,-149.5,-154.5,-148.5,-149.0,-157.0,-157.0,-156.0,-155.0,-156.5,-154.5,-157.0,-157.0,-157.0,-154.0,-155.0,-154.0,-157.0,-157.0,-157.0,-155.5,-157.0,-157.0,-155.5,-157.0,-156.5,-157.0,-156.0,-155.0,-152.5,-153.5,-157.0,-157.0,-157.0,-153.5,-157.0,-157.0,-157.0,-157.0,-157.0,-157.0,-157.0,-152.0,-153.5,-156.5,-152.5,-151.5,-157.0,-157.0,-157.0,-157.0,-157.0,-157.0,-157.0,-157.0,-157.0,-157.0,-157.0,-156.0,-154.0,-154.5,-157.0,-156.0,-157.0,-157.0,-154.5,-157.0,-151.5,-157.0,-157.0,-155.0,-157.0,-152.5,-154.0,-157.0,-157.0,-157.0,-155.0,-157.0,-157.0,-157.0,-153.5,-151.0,-155.5,-157.0,-153.0,-154.0,-157.0,-157.0,-157.0,-154.5,-150.0,-152.5,-150.0,-157.0,-154.5,-156.0,-156.0,-157.0,-157.0,-154.5,-157.0,-157.0,-156.5,-157.0,-154.0,-156.0,-157.0,-157.0,-157.0,-154.5,-156.5,-157.0,-157.0,-157.0,-157.0,-157.0,-157.0,-154.5,-155.5,-153.0,-157.0,-157.0,-155.0,-154.5,-154.0,-157.0,-156.5,-154.0,-152.5,-157.0,-152.0,-154.5,-152.0,-157.0,-155.5,-154.5,-155.0,-154.0,-147.5,-149.0,-157.0,-157.0,-157.0,-153.0,-157.0,-156.5,-150.0,-153.0,-157.0,-157.0,-153.5,-154.5,-157.0,-157.0,-156.0,-157.0,-157.0,-149.5,-150.0,-151.0,-157.0,-156.0,-153.5,-152.0,-154.5,-153.0,-157.0,-157.0,-157.0,-157.0,-157.0,-157.0,-157.0,-157.0,-157.0,-157.0,-157.0,-157.0,-157.0,-155.5
2026-01-17 14:24:11.344,143.049967,5,-77,-157.0,-157.0,-152.0,-153.0,-153.5,-153.0,-157.0,-153.0,-153.5,-157.0,-157.0,-153.5,-157.0,-157.0,-154.5,-151.5,-155.5,-154.5,-152.5,-157.0,-156.5,-157.0,-156.0,-157.0,-153.0,-151.0,-153.0,-157.0,-157.0,-154.5,-157.0,-157.0,-157.0,-157.0,-157.0,-157.0,-151.5,-153.5,-157.0,-157.0,-157.0,-149.5,-151.5,-157.0,-152.5,-151.5,-156.0,-153.0,-154.0,-157.0,-153.5,-154.5,-157.0,-156.0,-154.0,-154.5,-150.0,-151.0,-156.0,-157.0,-155.5,-153.5,-157.0,-157.0,-157.0,-157.0,-157.0,-157.0,-157.0,-157.0,-157.0,-151.5,-153.0,-155.5,-153.0,-157.0,-157.0,-156.5,-154.0,-157.0,-153.5,-157.0,-157.0,-157.0,-155.0,-155.0,-157.0,-157.0,-157.0,-157.0,-157.0,-155.5,-157.0,-157.0,-157.0,-157.0,-155.0,-154.0,-157.0,-153.5,-157.0,-156.0,-156.0,-155.5,-157.0,-156.5,-155.5,-157.0,-155.0,-156.5,-157.0,-157.0,-157.0,-157.0,-157.0,-156.5,-150.0,-152.0,-157.0,-156.0,-157.0,-157.0,-156.0,-151.5,-157.0,-155.0,-157.0,-157.0,-154.5,-155.0,-157.0,-154.0,-154.5,-152.5,-157.0,-156.0,-157.0,-157.0,-155.5,-157.0,-157.0,-152.0,-153.5,-157.0,-153.5,-152.0,-154.0,-152.5,-154.5,-153.0,-153.0,-152.5,-157.0,-157.0,-157.0,-156.5,-157.0,-155.0,-156.0,-157.0,-157.0,-150.0,-149.5,-157.0,-155.5,-156.5,-151.5,-153.0,-157.0,-157.0,-156.5,-157.0,-155.5,-153.0,-157.0,-157.0,-156.5,-157.0,-157.0,-157.0,-157.0,-156.5,-157.0,-155.0,-153.5,-156.5,-153.5,-157.0,-156.0,-156.0,-157.0,-151.5,-150.0,-150.0,-154.0,-152.5,-157.0,-157.0,-157.0,-157.0,-157.0,-157.0,-157.0,-154.0,-157.0,-157.0,-157.0,-151.0,-157.0,-157.0,-157.0,-157.0,-152.5,-154.0,-156.0,-152.0,-157.0,-157.0,-156.0,-157.0,-146.0,-154.5,-155.0,-157.0,-153.5,-151.0,-157.0,-152.5,-152.5,-155.5,-154.5,-154.5,-156.0,-157.0,-157.0,-157.0,-152.0,-157.0,-157.0,-157.0,-155.5,-157.0,-140.5,-141.0,-152.5,-151.5,-151.0,-150.0,-157.0,-156.0,-157.0,-157.0,-157.0,-157.0,-157.0,-157.0,-153.5,-151.5,-154.0,-157.0,-155.5,-151.5,-154.0,-157.0,-157.0,-157.0,-157.0,-155.0,-157.0,-152.0,-154.5,-151.5,-154.5,-157.0,-156.0,-157.0,-154.5,-153.0,-155.0,-157.0,-151.5,-152.0,-157.0,-156.0,-157.0,-157.0,-154.5,-157.0,-152.5,-157.0,-155.0,-155.0,-157.0,-153.0,-148.5,-152.5,-153.5,-152.0,-153.5,-157.0,-157.0,-157.0,-157.0,-156.0,-156.5,-151.5,-151.5,-151.5,-150.5,-155.0,-157.0,-157.0,-155.0,-156.5,-153.5,-155.0,-157.0,-157.0,-157.0,-157.0,-157.0,-156.5,-154.5,-157.0,-153.5,-157.0,-157.0,-157.0,-154.0,-156.5,-157.0,-157.0,-157.0,-157.0,-154.5,-157.0,-154.5,-157.0,-156.5,-157.0,-155.5,-156.5,-154.0,-153.0,-157.0,-157.0,-157.0,-156.5,-157.0,-157.0,-157.0,-157.0,-155.0,-152.5,-157.0,-157.0,-157.0,-157.0,-157.0,-155.5,-151.5,-151.0,-157.0,-157.0,-157.0,-155.5,-151.5,-149.5,-157.0,-157.0,-157.0,-157.0,-157.0,-157.0,-157.0,-153.0,-150.0,-154.0,-157.0,-157.0,-157.0,-157.0,-157.0,-157.0,-153.0,-151.5,-154.0,-151.0,-157.0,-156.0,-157.0,-155.0,-157.0,-153.0,-152.0,-157.0,-157.0,-157.0,-157.0,-156.5,-156.0,-157.0,-156.0,-157.0,-152.5,-155.5,-157.0,-157.0,-157.0,-157.0,-157.0,-157.0,-157.0,-153.0,-152.0,-154.5,-156.0,-152.0,-154.0,-154.0,-157.0,-157.0,-157.0,-155.5,-157.0,-154.5,-156.5,-153.5,-157.0,-156.0,-153.5,-157.0,-155.5,-153.0,-154.5,-154.5,-157.0,-157.0,-152.0,-153.0,-157.0,-154.0,-156.0,-153.5,-155.5,-153.0,-153.0,-157.0,-156.0,-154.0,-157.0,-157.0,-149.5,-150.0,-154.5,-155.5,-154.5,-151.5,-153.0,-152.0,-155.0,-157.0,-157.0,-157.0,-157.0,-157.0,-157.0,-157.0,-157.0,-157.0,-156.0,-157.0,-156.0,-153.5,-150.5
2026-01-17 14:24:11.382,143.049967,5,-77,-157.0,-157.0,-151.0,-155.0,-157.0,-157.0,-157.0,-151.5,-153.5,-157.0,-157.0,-154.5,-157.0,-155.0,-154.5,-154.5,-156.5,-157.0,-157.0,-157.0,-157.0,-157.0,-157.0,-153.0,-151.5,-152.5,-154.0,-155.0,-157.0,-152.5,-153.5,-157.0,-157.0,-157.0,-157.0,-157.0,-153.0,-157.0,-157.0,-157.0,-157.0,-151.0,-152.5,-157.0,-153.5,-153.5,-157.0,-157.0,-153.5,-153.5,-154.0,-152.5,-151.5,-151.0,-153.5,-157.0,-154.0,-152.5,-153.0,-157.0,-154.0,-154.5,-157.0,-157.0,-157.0,-157.0,-157.0,-157.0,-157.0,-157.0,-155.0,-151.0,-153.5,-156.5,-152.5,-155.0,-157.0,-155.0,-153.0,-153.0,-151.0,-157.0,-156.0,-154.5,-156.0,-154.5,-155.5,-157.0,-156.0,-157.0,-157.0,-154.5,-156.5,-157.0,-157.0,-154.0,-152.0,-153.5,-151.5,-151.0,-152.5,-153.5,-157.0,-157.0,-153.5,-153.5,-157.0,-157.0,-157.0,-157.0,-154.0,-155.5,-157.0,-157.0,-157.0,-157.0,-149.5,-151.0,-157.0,-157.0,-157.0,-157.0,-151.0,-151.0,-157.0,-155.0,-157.0,-157.0,-157.0,-155.0,-157.0,-157.0,-157.0,-154.5,-156.0,-157.0,-156.5,-157.0,-156.0,-157.0,-157.0,-154.0,-155.0,-157.0,-154.0,-154.5,-156.0,-153.0,-153.5,-150.5,-157.0,-154.0,-155.5,-156.0,-157.0,-152.5,-150.5,-150.0,-153.0,-154.0,-155.5,-149.5,-149.5,-156.5,-155.0,-157.0,-151.0,-152.5,-154.5,-157.0,-156.5,-157.0,-157.0,-157.0,-157.0,-157.0,-157.0,-157.0,-157.0,-157.0,-157.0,-157.0,-157.0,-154.0,-154.0,-156.5,-153.0,-152.5,-153.0,-153.0,-154.0,-155.5,-157.0,-153.0,-157.0,-154.0,-155.0,-157.0,-157.0,-157.0,-157.0,-157.0,-154.5,-154.5,-157.0,-157.0,-157.0,-153.0,-157.0,-157.0,-155.5,-157.0,-157.0,-157.0,-156.0,-151.0,-154.0,-157.0,-155.0,-156.0,-146.5,-152.5,-154.5,-157.0,-150.5,-150.0,-156.0,-152.0,-151.0,-157.0,-157.0,-157.0,-157.0,-157.0,-156.0,-157.0,-153.0,-157.0,-157.0,-157.0,-157.0,-157.0,-140.5,-141.5,-154.5,-154.5,-157.0,-150.5,-150.0,-155.5,-156.5,-156.0,-157.0,-156.0,-157.0,-157.0,-153.0,-155.0,-157.0,-157.0,-157.0,-151.0,-153.5,-157.0,-155.5,-157.0,-157.0,-154.5,-157.0,-153.0,-153.0,-151.0,-157.0,-157.0,-157.0,-157.0,-157.0,-157.0,-157.0,-157.0,-157.0,-157.0,-154.5,-151.5,-157.0,-155.0,-157.0,-154.0,-152.0,-154.0,-155.5,-157.0,-155.0,-156.5,-152.0,-155.0,-155.5,-155.5,-157.0,-157.0,-156.5,-154.5,-157.0,-157.0,-157.0,-148.5,-150.5,-153.5,-151.5,-151.5,-154.5,-156.0,-152.5,-151.0,-157.0,-155.5,-154.5,-157.0,-157.0,-155.0,-157.0,-157.0,-153.5,-155.0,-153.5,-157.0,-156.5,-157.0,-153.0,-156.0,-157.0,-156.0,-157.0,-157.0,-152.0,-152.0,-157.0,-156.0,-154.0,-157.0,-156.5,-154.0,-153.0,-151.0,-156.0,-157.0,-157.0,-155.5,-157.0,-156.5,-152.5,-157.0,-157.0,-155.0,-157.0,-154.0,-153.5,-154.0,-155.5,-157.0,-155.0,-156.5,-157.0,-157.0,-157.0,-157.0,-151.0,-150.0,-157.0,-157.0,-157.0,-157.0,-157.0,-157.0,-156.5,-156.0,-154.5,-157.0,-157.0,-157.0,-157.0,-157.0,-157.0,-157.0,-154.5,-155.5,-150.5,-151.0,-157.0,-156.5,-156.5,-157.0,-157.0,-151.5,-151.0,-157.0,-157.0,-155.0,-153.0,-157.0,-155.0,-155.0,-152.5,-154.0,-154.0,-153.5,-155.0,-157.0,-157.0,-157.0,-157.0,-157.0,-157.0,-157.0,-154.0,-153.5,-149.5,-151.0,-157.0,-157.0,-157.0,-157.0,-157.0,-157.0,-156.5,-157.0,-157.0,-157.0,-157.0,-156.0,-154.5,-157.0,-153.0,-156.5,-155.0,-155.0,-155.5,-156.5,-156.0,-152.5,-156.0,-156.5,-154.5,-153.0,-157.0,-155.0,-156.5,-157.0,-157.0,-157.0,-155.0,-157.0,-153.5,-157.0,-157.0,-155.5,-157.0,-155.5,-154.0,-154.5,-157.0,-154.5,-154.5,-155.0,-156.0,-157.0,-157.0,-154.0,-153.0,-152.0,-151.0,-152.0,-152.5,-153.5,-152.0
2026-01-17 14:24:11.412,143.049967,5,-77,-157.0,-157.0,-148.5,-150.0,-157.0,-157.0,-157.0,-154.0,-157.0,-157.0,-157.0,-157.0,-157.0,-153.5,-156.0,-157.0,-157.0,-157.0,-157.0,-157.0,-156.5,-156.0,-157.0,-152.5,-151.5,-157.0,-157.0,-157.0,-157.0,-153.0,-155.0,-157.0,-157.0,-157.0,-157.0,-152.5,-153.0,-155.5,-156.5,-157.0,-157.0,-155.5,-155.0,-157.0,-154.5,-156.5,-157.0,-157.0,-157.0,-154.0,-154.5,-152.0,-153.5,-152.0,-154.5,-157.0,-156.0,-157.0,-154.5,-155.0,-152.5,-156.0,-153.5,-155.0,-157.0,-157.0,-157.0,-157.0,-157.0,-156.0,-154.5,-152.5,-155.0,-157.0,-156.5,-156.0,-157.0,-157.0,-153.0,-154.0,-153.0,-154.0,-153.5,-152.0,-157.0,-155.0,-151.0,-152.5,-155.5,-157.0,-157.0,-153.0,-155.0,-157.0,-157.0,-155.0,-153.5,-157.0,-150.0,-156.0,-153.0,-153.0,-157.0,-155.5,-152.0,-155.0,-157.0,-157.0,-157.0,-157.0,-156.5,-155.5,-157.0,-157.0,-157.0,-157.0,-155.5,-152.0,-156.0,-157.0,-157.0,-157.0,-153.0,-155.0,-153.0,-152.0,-157.0,-157.0,-157.0,-157.0,-157.0,-157.0,-157.0,-155.5,-153.0,-156.5,-155.0,-157.0,-156.5,-154.0,-157.0,-157.0,-157.0,-157.0,-156.0,-157.0,-154.0,-154.0,-155.0,-151.5,-157.0,-157.0,-155.0,-157.0,-157.0,-154.0,-151.5,-154.0,-155.5,-155.0,-156.0,-151.5,-151.0,-157.0,-151.5,-155.0,-156.0,-154.5,-153.5,-157.0,-156.5,-157.0,-157.0,-157.0,-157.0,-156.0,-157.0,-157.0,-157.0,-157.0,-157.0,-157.0,-157.0,-156.5,-157.0,-151.5,-153.5,-154.0,-153.0,-152.0,-156.5,-157.0,-157.0,-156.0,-157.0,-154.0,-157.0,-156.0,-152.0,-151.5,-157.0,-157.0,-156.5,-157.0,-157.0,-157.0,-157.0,-150.5,-151.5,-155.5,-150.0,-153.0,-157.0,-157.0,-156.0,-152.5,-157.0,-154.0,-155.0,-157.0,-151.0,-153.5,-157.0,-157.0,-154.0,-154.5,-157.0,-156.0,-157.0,-157.0,-155.5,-157.0,-157.0,-157.0,-157.0,-157.0,-155.0,-157.0,-157.0,-157.0,-157.0,-154.0,-139.5,-141.0,-157.0,-157.0,-157.0,-151.0,-149.0,-155.5,-153.5,-152.5,-156.5,-156.0,-157.0,-157.0,-154.0,-157.0,-156.5,-156.0,-157.0,-154.0,-155.5,-157.0,-155.5,-157.0,-156.5,-153.0,-156.0,-153.5,-153.5,-155.5,-157.0,-157.0,-157.0,-156.5,-157.0,-157.0,-157.0,-157.0,-157.0,-157.0,-152.0,-151.0,-155.5,-153.0,-157.0,-157.0,-156.5,-157.0,-157.0,-157.0,-152.0,-155.5,-157.0,-157.0,-156.0,-157.0,-156.5,-157.0,-156.5,-153.5,-156.0,-157.0,-152.5,-150.5,-152.0,-155.0,-154.5,-156.5,-157.0,-157.0,-155.0,-150.5,-156.0,-157.0,-155.0,-157.0,-157.0,-152.0,-155.5,-157.0,-156.5,-157.0,-154.0,-156.5,-154.0,-156.5,-153.5,-156.0,-156.0,-156.5,-157.0,-157.0,-152.0,-150.5,-157.0,-155.5,-153.0,-155.5,-157.0,-152.5,-154.0,-154.0,-155.5,-157.0,-157.0,-157.0,-157.0,-151.5,-149.5,-157.0,-157.0,-157.0,-157.0,-152.5,-154.0,-155.0,-156.0,-157.0,-157.0,-157.0,-157.0,-157.0,-157.0,-157.0,-153.0,-155.0,-157.0,-157.0,-157.0,-157.0,-157.0,-157.0,-154.0,-156.5,-157.0,-157.0,-157.0,-156.0,-156.5,-157.0,-157.0,-156.5,-152.5,-154.0,-149.5,-150.5,-157.0,-157.0,-157.0,-157.0,-157.0,-155.5,-156.0,-153.0,-152.5,-152.5,-151.5,-157.0,-153.5,-157.0,-152.5,-154.0,-155.5,-151.5,-154.5,-157.0,-157.0,-157.0,-157.0,-157.0,-156.0,-157.0,-156.0,-154.0,-152.0,-154.0,-154.5,-152.5,-154.5,-155.0,-157.0,-157.0,-157.0,-157.0,-157.0,-157.0,-157.0,-155.5,-157.0,-151.5,-150.5,-157.0,-155.0,-156.0,-157.0,-157.0,-157.0,-151.0,-151.0,-157.0,-157.0,-155.0,-156.5,-157.0,-157.0,-157.0,-157.0,-157.0,-153.0,-156.5,-155.5,-157.0,-157.0,-157.0,-157.0,-157.0,-157.0,-157.0,-156.5,-153.5,-157.0,-157.0,-157.0,-157.0,-157.0,-154.0,-151.0,-156.5,-155.0,-157.0,-157.0,-156.0,-157.0
2026-01-17 14:24:11.445,143.049967,5,-77,-157.0,-157.0,-152.5,-150.5,-157.0,-156.0,-155.0,-155.0,-157.0,-157.0,-157.0,-157.0,-157.0,-155.5,-157.0,-154.0,-155.5,-156.0,-157.0,-153.0,-154.0,-156.0,-157.0,-157.0,-154.0,-156.5,-157.0,-157.0,-157.0,-155.0,-156.5,-157.0,-155.5,-157.0,-156.5,-153.0,-157.0,-152.5,-157.0,-157.0,-157.0,-157.0,-157.0,-157.0,-155.5,-157.0,-157.0,-157.0,-157.0,-154.0,-155.0,-153.5,-156.0,-157.0,-153.5,-156.5,-157.0,-157.0,-156.0,-150.5,-151.5,-156.5,-152.0,-155.0,-157.0,-157.0,-157.0,-157.0,-156.0,-154.5,-156.5,-155.0,-155.0,-157.0,-157.0,-157.0,-156.0,-157.0,-155.5,-157.0,-156.5,-152.5,-152.5,-153.5,-156.0,-155.5,-150.0,-151.0,-156.0,-157.0,-157.0,-153.0,-156.5,-157.0,-157.0,-157.0,-156.0,-150.0,-148.5,-157.0,-157.0,-157.0,-157.0,-157.0,-154.5,-155.5,-157.0,-154.5,-154.5,-157.0,-157.0,-155.0,-157.0,-157.0,-157.0,-157.0,-157.0,-157.0,-156.0,-157.0,-157.0,-156.5,-155.5,-153.5,-153.0,-153.0,-153.5,-157.0,-157.0,-157.0,-154.0,-152.5,-156.5,-157.0,-154.0,-152.5,-157.0,-157.0,-157.0,-155.5,-155.5,-157.0,-157.0,-157.0,-157.0,-156.5,-154.0,-157.0,-157.0,-156.0,-157.0,-157.0,-155.5,-156.0,-155.0,-153.0,-156.0,-157.0,-157.0,-157.0,-157.0,-155.0,-152.5,-153.5,-152.5,-152.0,-157.0,-157.0,-157.0,-155.5,-157.0,-157.0,-154.0,-154.0,-157.0,-157.0,-157.0,-157.0,-157.0,-157.0,-157.0,-155.5,-157.0,-156.0,-157.0,-151.5,-152.0,-155.5,-154.0,-152.0,-155.5,-157.0,-157.0,-156.0,-157.0,-151.5,-154.0,-152.5,-152.0,-150.0,-157.0,-157.0,-157.0,-157.0,-157.0,-156.0,-153.5,-148.0,-150.5,-157.0,-149.5,-151.0,-157.0,-157.0,-157.0,-155.5,-156.0,-152.5,-156.0,-157.0,-157.0,-156.0,-153.5,-157.0,-157.0,-157.0,-157.0,-157.0,-157.0,-155.0,-154.0,-154.5,-157.0,-157.0,-157.0,-157.0,-157.0,-157.0,-154.0,-154.5,-157.0,-157.0,-139.0,-139.5,-157.0,-157.0,-157.0,-151.5,-151.0,-157.0,-154.0,-153.5,-157.0,-157.0,-157.0,-157.0,-154.5,-157.0,-155.0,-154.0,-157.0,-157.0,-157.0,-157.0,-157.0,-157.0,-156.0,-155.5,-154.0,-153.5,-153.0,-155.0,-157.0,-154.5,-155.0,-154.0,-156.0,-157.0,-157.0,-157.0,-157.0,-153.0,-150.5,-154.5,-156.5,-155.5,-157.0,-157.0,-157.0,-157.0,-157.0,-157.0,-153.5,-157.0,-156.5,-155.5,-153.5,-157.0,-157.0,-157.0,-157.0,-153.5,-156.5,-157.0,-154.0,-157.0,-154.5,-153.0,-157.0,-156.5,-157.0,-157.0,-157.0,-154.0,-156.0,-157.0,-152.0,-151.5,-155.5,-151.0,-154.0,-157.0,-154.5,-157.0,-157.0,-154.5,-153.5,-157.0,-157.0,-157.0,-157.0,-157.0,-157.0,-157.0,-155.0,-153.5,-157.0,-155.0,-157.0,-155.0,-157.0,-152.5,-153.0,-156.5,-156.0,-157.0,-157.0,-157.0,-157.0,-149.5,-150.0,-157.0,-155.5,-157.0,-153.5,-155.0,-154.5,-152.0,-154.5,-157.0,-157.0,-157.0,-157.0,-157.0,-157.0,-157.0,-157.0,-157.0,-156.0,-156.5,-157.0,-156.0,-157.0,-157.0,-154.5,-157.0,-157.0,-156.5,-156.5,-157.0,-157.0,-157.0,-157.0,-155.5,-151.5,-153.0,-151.0,-153.0,-157.0,-157.0,-157.0,-157.0,-157.0,-157.0,-157.0,-153.0,-155.5,-157.0,-153.0,-157.0,-152.5,-157.0,-157.0,-157.0,-154.5,-154.5,-157.0,-157.0,-157.0,-157.0,-157.0,-157.0,-152.0,-152.5,-157.0,-153.0,-157.0,-157.0,-152.5,-151.5,-154.0,-154.5,-156.5,-157.0,-157.0,-157.0,-157.0,-157.0,-157.0,-157.0,-157.0,-152.5,-153.0,-156.0,-152.0,-151.0,-157.0,-157.0,-157.0,-156.5,-153.5,-157.0,-157.0,-156.0,-154.0,-157.0,-155.5,-157.0,-157.0,-157.0,-153.0,-157.0,-156.5,-157.0,-155.5,-157.0,-157.0,-157.0,-156.0,-157.0,-157.0,-156.0,-157.0,-157.0,-157.0,-157.0,-157.0,-153.5,-153.5,-157.0,-157.0,-157.0,-157.0,-157.0,-156.5
2026-01-17 14:24:11.481,143.049967,5,-77,-157.0,-157.0,-157.0,-153.5,-155.0,-153.0,-153.5,-157.0,-157.0,-157.0,-157.0,-157.0,-156.5,-157.0,-153.5,-150.5,-155.5,-155.0,-157.0,-151.5,-155.0,-157.0,-154.5,-154.5,-155.5,-155.5,-155.5,-155.0,-157.0,-157.0,-157.0,-157.0,-154.5,-153.0,-155.0,-153.5,-157.0,-154.5,-155.5,-153.0,-156.5,-157.0,-157.0,-157.0,-157.0,-157.0,-157.0,-157.0,-157.0,-156.5,-157.0,-154.0,-156.0,-157.0,-153.5,-155.5,-156.5,-157.0,-157.0,-153.0,-154.5,-156.5,-154.5,-155.0,-157.0,-157.0,-157.0,-157.0,-157.0,-157.0,-157.0,-153.0,-154.0,-157.0,-157.0,-157.0,-155.5,-157.0,-157.0,-157.0,-153.5,-151.5,-153.0,-157.0,-157.0,-155.0,-151.5,-152.5,-156.0,-157.0,-154.5,-154.5,-156.5,-157.0,-157.0,-157.0,-157.0,-149.0,-150.0,-153.5,-157.0,-157.0,-157.0,-157.0,-157.0,-156.0,-157.0,-155.5,-155.5,-157.0,-154.0,-155.5,-157.0,-157.0,-157.0,-157.0,-156.5,-157.0,-157.0,-157.0,-157.0,-157.0,-157.0,-153.0,-156.5,-156.0,-155.5,-157.0,-157.0,-156.5,-149.0,-149.0,-157.0,-157.0,-157.0,-154.5,-154.0,-157.0,-157.0,-154.5,-154.0,-151.0,-151.5,-157.0,-155.5,-151.0,-152.0,-157.0,-157.0,-157.0,-153.5,-154.5,-157.0,-157.0,-150.5,-153.0,-152.5,-155.5,-154.0,-155.5,-157.0,-155.0,-157.0,-152.0,-154.0,-152.5,-156.0,-157.0,-157.0,-155.5,-155.5,-157.0,-151.5,-151.0,-157.0,-157.0,-157.0,-157.0,-157.0,-157.0,-155.0,-152.0,-153.0,-154.5,-155.5,-151.0,-152.5,-152.5,-152.0,-156.0,-154.0,-157.0,-157.0,-157.0,-156.5,-151.5,-154.5,-151.0,-149.5,-152.0,-156.0,-156.0,-156.0,-157.0,-157.0,-152.5,-155.5,-147.5,-152.0,-156.0,-152.0,-155.0,-157.0,-157.0,-157.0,-157.0,-157.0,-154.0,-157.0,-157.0,-157.0,-157.0,-151.5,-154.5,-157.0,-157.0,-157.0,-157.0,-155.5,-157.0,-157.0,-155.5,-157.0,-157.0,-157.0,-157.0,-157.0,-157.0,-151.0,-152.5,-157.0,-157.0,-138.5,-139.0,-157.0,-156.0,-157.0,-154.0,-152.5,-157.0,-153.5,-155.0,-157.0,-157.0,-155.0,-154.5,-156.0,-156.5,-157.0,-154.5,-157.0,-157.0,-157.0,-154.0,-155.0,-157.0,-156.0,-156.5,-155.0,-155.0,-154.0,-152.5,-153.0,-156.0,-154.0,-152.0,-157.0,-157.0,-157.0,-157.0,-157.0,-149.5,-148.0,-150.0,-151.0,-157.0,-157.0,-156.5,-156.0,-157.0,-157.0,-157.0,-157.0,-157.0,-156.0,-157.0,-155.5,-157.0,-157.0,-157.0,-154.0,-152.0,-156.0,-155.0,-155.0,-157.0,-157.0,-154.5,-157.0,-156.5,-157.0,-153.5,-157.0,-157.0,-157.0,-156.0,-150.5,-150.5,-157.0,-153.5,-157.0,-157.0,-151.5,-155.0,-157.0,-157.0,-156.5,-157.0,-157.0,-157.0,-157.0,-157.0,-157.0,-156.5,-157.0,-156.5,-157.0,-155.0,-157.0,-154.5,-157.0,-153.5,-154.5,-156.0,-155.0,-157.0,-157.0,-157.0,-153.0,-150.5,-152.5,-157.0,-157.0,-153.0,-153.0,-156.5,-151.5,-151.0,-153.0,-157.0,-157.0,-155.5,-156.0,-157.0,-157.0,-157.0,-157.0,-157.0,-157.0,-157.0,-157.0,-157.0,-157.0,-156.0,-153.5,-156.5,-157.0,-157.0,-154.0,-157.0,-156.0,-157.0,-157.0,-153.0,-153.0,-152.0,-154.0,-154.5,-157.0,-155.5,-154.5,-157.0,-157.0,-157.0,-157.0,-156.0,-157.0,-157.0,-153.5,-153.5,-153.0,-157.0,-157.0,-156.0,-155.5,-157.0,-157.0,-157.0,-155.0,-155.0,-153.0,-154.0,-157.0,-154.5,-157.0,-152.0,-156.0,-157.0,-154.0,-157.0,-157.0,-157.0,-153.5,-154.0,-156.0,-157.0,-157.0,-157.0,-157.0,-157.0,-154.0,-155.5,-157.0,-155.5,-153.5,-151.0,-155.0,-157.0,-156.5,-157.0,-154.0,-156.0,-154.0,-157.0,-156.0,-157.0,-157.0,-157.0,-157.0,-157.0,-157.0,-155.5,-155.0,-157.0,-154.5,-157.0,-157.0,-155.0,-152.5,-157.0,-157.0,-157.0,-155.0,-157.0,-157.0,-157.0,-157.0,-157.0,-156.5,-156.0,-156.5,-157.0,-157.0,-157.0,-155.0
2026-01-17 14:24:11.512,143.049967,5,-77,-157.0,-157.0,-157.0,-157.0,-153.5,-156.0,-153.5,-157.0,-157.0,-157.0,-155.5,-157.0,-156.5,-155.0,-157.0,-152.5,-153.0,-153.5,-157.0,-154.0,-153.0,-157.0,-156.0,-151.5,-157.0,-156.5,-157.0,-157.0,-154.0,-152.0,-152.5,-157.0,-153.5,-157.0,-151.5,-151.0,-155.0,-156.0,-150.0,-149.5,-157.0,-157.0,-157.0,-157.0,-157.0,-157.0,-156.5,-152.5,-154.0,-157.0,-157.0,-156.0,-157.0,-156.0,-156.5,-157.0,-155.0,-157.0,-157.0,-157.0,-157.0,-156.5,-157.0,-154.0,-157.0,-157.0,-157.0,-155.5,-157.0,-157.0,-157.0,-156.0,-154.5,-157.0,-157.0,-156.5,-154.0,-157.0,-156.5,-157.0,-155.0,-151.5,-151.0,-157.0,-157.0,-157.0,-157.0,-157.0,-152.5,-154.0,-154.5,-157.0,-157.0,-156.5,-155.0,-157.0,-157.0,-151.5,-157.0,-151.5,-154.0,-154.5,-157.0,-157.0,-157.0,-157.0,-157.0,-155.5,-155.0,-154.5,-157.0,-156.0,-153.5,-155.0,-157.0,-157.0,-157.0,-153.5,-153.5,-155.0,-157.0,-157.0,-157.0,-152.5,-156.0,-157.0,-157.0,-157.0,-157.0,-157.0,-151.0,-153.0,-156.0,-157.0,-154.0,-155.0,-151.5,-157.0,-153.5,-153.5,-157.0,-151.0,-151.0,-157.0,-157.0,-151.0,-152.5,-157.0,-157.0,-157.0,-151.0,-152.5,-157.0,-156.5,-151.5,-151.0,-148.5,-152.5,-152.0,-155.0,-157.0,-154.0,-157.0,-153.5,-151.0,-152.0,-157.0,-157.0,-157.0,-153.5,-152.0,-156.5,-156.5,-153.5,-157.0,-152.5,-155.0,-157.0,-157.0,-155.5,-157.0,-153.0,-153.0,-153.0,-153.5,-151.5,-151.0,-154.5,-153.0,-157.0,-156.0,-157.0,-157.0,-157.0,-157.0,-156.0,-157.0,-157.0,-151.5,-151.5,-154.0,-154.0,-154.5,-157.0,-153.0,-151.5,-153.5,-149.5,-151.5,-149.0,-149.0,-152.5,-154.5,-155.5,-155.5,-157.0,-157.0,-157.0,-157.0,-157.0,-157.0,-157.0,-153.0,-155.0,-154.5,-156.5,-157.0,-156.5,-155.0,-157.0,-157.0,-157.0,-157.0,-157.0,-153.5,-153.5,-154.5,-154.5,-151.0,-150.0,-153.0,-151.0,-139.0,-139.5,-153.0,-154.5,-157.0,-157.0,-153.5,-153.5,-155.0,-157.0,-157.0,-157.0,-153.5,-155.0,-157.0,-157.0,-154.5,-153.0,-156.5,-157.0,-157.0,-152.5,-151.5,-157.0,-155.0,-151.5,-152.0,-156.0,-157.0,-157.0,-157.0,-157.0,-156.0,-152.5,-154.5,-157.0,-157.0,-157.0,-157.0,-152.5,-150.0,-149.5,-148.0,-153.0,-157.0,-157.0,-157.0,-155.5,-156.0,-155.5,-157.0,-155.5,-156.0,-157.0,-157.0,-157.0,-156.0,-157.0,-155.0,-154.0,-154.5,-157.0,-157.0,-157.0,-157.0,-155.5,-157.0,-154.0,-152.0,-150.0,-152.5,-156.0,-157.0,-153.5,-155.5,-155.0,-157.0,-157.0,-157.0,-157.0,-152.0,-154.0,-157.0,-157.0,-157.0,-157.0,-157.0,-157.0,-157.0,-157.0,-157.0,-156.5,-157.0,-156.0,-157.0,-155.5,-157.0,-152.5,-157.0,-157.0,-153.5,-157.0,-156.0,-157.0,-155.0,-154.0,-152.5,-154.5,-157.0,-157.0,-157.0,-153.0,-157.0,-157.0,-154.5,-156.0,-155.5,-157.0,-157.0,-153.0,-153.0,-157.0,-156.0,-157.0,-156.5,-156.5,-157.0,-157.0,-157.0,-157.0,-157.0,-156.0,-157.0,-157.0,-157.0,-157.0,-151.5,-155.0,-152.5,-157.0,-157.0,-154.5,-157.0,-153.5,-154.5,-153.0,-156.5,-156.0,-156.0,-157.0,-157.0,-152.5,-153.5,-154.5,-157.0,-157.0,-154.0,-152.0,-156.5,-157.0,-157.0,-154.0,-154.5,-157.0,-157.0,-157.0,-155.5,-157.0,-156.5,-153.5,-157.0,-157.0,-157.0,-152.0,-156.5,-152.0,-152.5,-157.0,-157.0,-157.0,-152.5,-152.5,-157.0,-157.0,-157.0,-157.0,-156.0,-156.5,-156.0,-157.0,-156.5,-157.0,-157.0,-157.0,-157.0,-157.0,-155.0,-155.5,-152.0,-153.5,-153.0,-155.5,-157.0,-157.0,-157.0,-157.0,-157.0,-155.0,-157.0,-154.5,-154.0,-157.0,-154.0,-157.0,-157.0,-157.0,-155.5,-157.0,-156.0,-157.0,-157.0,-157.0,-156.5,-157.0,-157.0,-157.0,-157.0,-157.0,-155.5,-157.0,-157.0,-157.0,-157.0
2026-01-17 14:24:11.548,143.049967,5,-77,-157.0,-157.0,-157.0,-157.0,-154.0,-155.0,-155.0,-157.0,-157.0,-157.0,-153.5,-154.5,-157.0,-151.5,-156.5,-157.0,-156.0,-157.0,-157.0,-154.5,-150.0,-152.5,-157.0,-153.0,-157.0,-157.0,-157.0,-157.0,-153.0,-149.0,-150.0,-157.0,-154.5,-157.0,-153.5,-153.5,-152.5,-157.0,-151.5,-151.5,-157.0,-157.0,-157.0,-157.0,-157.0,-157.0,-156.5,-153.0,-157.0,-157.0,-157.0,-156.0,-156.5,-157.0,-157.0,-157.0,-156.0,-152.5,-154.0,-157.0,-157.0,-157.0,-157.0,-152.5,-154.0,-154.5,-155.5,-155.0,-157.0,-157.0,-156.0,-156.0,-157.0,-157.0,-155.5,-154.5,-153.5,-157.0,-151.5,-151.0,-153.5,-155.0,-153.0,-157.0,-153.5,-155.0,-157.0,-157.0,-152.0,-152.0,-157.0,-157.0,-157.0,-157.0,-157.0,-154.0,-154.5,-152.0,-157.0,-154.0,-151.0,-156.5,-155.0,-155.5,-156.5,-156.5,-157.0,-152.5,-154.0,-157.0,-157.0,-156.0,-154.0,-157.0,-156.0,-157.0,-157.0,-152.5,-151.0,-156.0,-157.0,-156.5,-153.0,-152.5,-155.0,-157.0,-157.0,-154.0,-155.5,-157.0,-156.5,-157.0,-156.5,-157.0,-150.5,-150.5,-152.0,-157.0,-154.5,-155.0,-157.0,-156.0,-157.0,-157.0,-157.0,-157.0,-152.0,-154.0,-157.0,-157.0,-152.5,-155.0,-157.0,-157.0,-155.5,-152.0,-150.0,-157.0,-152.5,-157.0,-157.0,-153.5,-153.5,-157.0,-155.0,-156.0,-157.0,-157.0,-157.0,-151.5,-153.5,-157.0,-157.0,-154.0,-157.0,-153.0,-152.5,-157.0,-154.0,-154.5,-155.0,-157.0,-155.5,-156.5,-152.5,-152.5,-151.0,-157.0,-157.0,-155.5,-157.0,-157.0,-157.0,-157.0,-157.0,-157.0,-157.0,-157.0,-157.0,-154.0,-157.0,-157.0,-153.5,-157.0,-157.0,-155.5,-157.0,-152.5,-155.0,-152.0,-150.5,-153.0,-153.0,-157.0,-157.0,-157.0,-157.0,-157.0,-157.0,-157.0,-157.0,-157.0,-155.5,-157.0,-154.5,-157.0,-157.0,-157.0,-154.5,-157.0,-157.0,-157.0,-157.0,-157.0,-153.0,-152.5,-152.5,-151.5,-152.0,-149.5,-151.5,-151.0,-141.0,-142.5,-154.0,-157.0,-154.5,-153.5,-155.0,-154.0,-156.5,-157.0,-157.0,-157.0,-156.0,-157.0,-157.0,-153.5,-152.0,-155.0,-155.0,-155.5,-157.0,-153.5,-152.5,-157.0,-157.0,-153.5,-155.0,-157.0,-157.0,-157.0,-157.0,-157.0,-157.0,-155.5,-152.5,-156.0,-155.5,-156.5,-157.0,-157.0,-157.0,-151.0,-150.5,-157.0,-157.0,-157.0,-157.0,-156.0,-153.5,-156.0,-157.0,-157.0,-156.5,-157.0,-155.0,-155.0,-157.0,-157.0,-157.0,-155.0,-152.5,-157.0,-157.0,-157.0,-157.0,-155.5,-157.0,-151.5,-153.0,-153.5,-156.5,-156.0,-155.5,-153.0,-157.0,-157.0,-157.0,-157.0,-157.0,-157.0,-154.5,-157.0,-157.0,-157.0,-157.0,-157.0,-157.0,-157.0,-157.0,-157.0,-157.0,-157.0,-156.5,-154.5,-157.0,-155.0,-157.0,-153.0,-155.5,-157.0,-152.5,-154.0,-157.0,-155.5,-154.0,-155.0,-154.0,-154.5,-157.0,-157.0,-157.0,-153.5,-155.0,-155.5,-157.0,-157.0,-156.5,-156.5,-157.0,-155.0,-152.5,-154.0,-152.5,-154.5,-157.0,-157.0,-157.0,-157.0,-157.0,-156.5,-157.0,-156.5,-157.0,-157.0,-157.0,-157.0,-150.0,-148.5,-152.0,-155.5,-156.0,-155.5,-157.0,-153.0,-154.5,-157.0,-156.5,-155.0,-155.5,-153.5,-157.0,-153.5,-157.0,-157.0,-153.5,-152.5,-157.0,-152.5,-156.0,-156.0,-157.0,-155.0,-155.5,-157.0,-157.0,-157.0,-157.0,-157.0,-157.0,-156.5,-157.0,-157.0,-157.0,-154.0,-157.0,-155.5,-154.0,-156.0,-157.0,-157.0,-157.0,-156.5,-157.0,-157.0,-157.0,-157.0,-157.0,-155.5,-157.0,-153.0,-153.0,-157.0,-157.0,-157.0,-157.0,-157.0,-157.0,-153.0,-152.5,-157.0,-154.5,-155.5,-157.0,-155.5,-157.0,-156.0,-155.5,-153.5,-157.0,-157.0,-157.0,-157.0,-151.5,-153.0,-157.0,-157.0,-157.0,-156.0,-156.0,-157.0,-157.0,-157.0,-155.5,-157.0,-157.0,-156.5,-157.0,-156.0,-156.5,-157.0,-156.5,-157.0,-157.0
2026-01-17 14:24:11.581,143.049967,5,-77,-157.0,-157.0,-157.0,-156.5,-155.5,-156.5,-157.0,-157.0,-155.5,-157.0,-153.5,-153.0,-155.0,-154.0,-155.5,-157.0,-157.0,-157.0,-157.0,-157.0,-150.0,-152.5,-157.0,-157.0,-156.5,-157.0,-157.0,-157.0,-157.0,-153.5,-152.0,-157.0,-157.0,-155.0,-155.0,-155.5,-157.0,-156.0,-157.0,-156.5,-157.0,-154.5,-157.0,-157.0,-156.5,-155.0,-155.5,-157.0,-157.0,-157.0,-157.0,-155.5,-155.0,-157.0,-157.0,-157.0,-157.0,-152.0,-152.5,-155.0,-157.0,-157.0,-156.5,-155.0,-157.0,-155.5,-157.0,-157.0,-157.0,-156.0,-156.0,-155.5,-157.0,-157.0,-153.0,-157.0,-157.0,-157.0,-151.5,-148.0,-149.5,-157.0,-156.0,-157.0,-154.5,-156.0,-155.5,-156.0,-155.5,-156.0,-157.0,-157.0,-157.0,-157.0,-157.0,-148.5,-150.0,-151.0,-154.0,-157.0,-150.5,-151.0,-153.5,-157.0,-157.0,-157.0,-157.0,-153.0,-157.0,-157.0,-157.0,-157.0,-157.0,-155.5,-154.0,-157.0,-157.0,-156.0,-153.5,-157.0,-157.0,-155.0,-153.5,-154.5,-157.0,-157.0,-156.5,-151.0,-153.5,-154.0,-157.0,-157.0,-157.0,-157.0,-153.0,-154.0,-153.0,-157.0,-156.0,-157.0,-156.0,-157.0,-157.0,-157.0,-157.0,-157.0,-153.5,-155.0,-157.0,-157.0,-157.0,-157.0,-157.0,-157.0,-154.0,-155.5,-157.0,-154.5,-150.5,-154.5,-157.0,-152.0,-155.0,-157.0,-157.0,-157.0,-157.0,-157.0,-157.0,-151.0,-154.5,-157.0,-155.0,-154.5,-152.5,-152.5,-155.0,-154.5,-153.5,-155.5,-153.0,-157.0,-155.5,-157.0,-153.5,-156.5,-156.5,-155.5,-157.0,-156.0,-157.0,-156.0,-157.0,-157.0,-153.5,-157.0,-157.0,-157.0,-157.0,-154.0,-156.5,-155.5,-153.0,-157.0,-157.0,-157.0,-157.0,-155.0,-155.5,-155.5,-156.0,-157.0,-156.5,-157.0,-155.0,-157.0,-155.5,-157.0,-157.0,-157.0,-157.0,-157.0,-155.0,-156.5,-156.5,-157.0,-156.0,-157.0,-156.0,-157.0,-157.0,-153.5,-156.0,-154.5,-153.5,-151.5,-155.0,-153.0,-154.5,-152.0,-150.0,-150.0,-142.5,-143.5,-156.0,-157.0,-155.5,-154.0,-157.0,-156.0,-157.0,-157.0,-157.0,-156.5,-156.5,-155.0,-154.5,-150.5,-152.0,-157.0,-157.0,-157.0,-157.0,-157.0,-157.0,-157.0,-157.0,-157.0,-157.0,-155.0,-155.5,-157.0,-155.0,-153.0,-156.0,-157.0,-153.5,-157.0,-157.0,-157.0,-157.0,-156.5,-157.0,-153.5,-157.0,-157.0,-157.0,-157.0,-157.0,-157.0,-156.5,-157.0,-157.0,-157.0,-157.0,-157.0,-150.0,-150.5,-152.5,-157.0,-157.0,-152.5,-153.0,-157.0,-157.0,-157.0,-156.5,-156.0,-155.5,-149.5,-157.0,-157.0,-157.0,-157.0,-153.5,-154.0,-157.0,-157.0,-157.0,-157.0,-157.0,-154.5,-153.5,-157.0,-157.0,-157.0,-157.0,-155.5,-154.5,-154.0,-154.0,-157.0,-157.0,-157.0,-156.0,-157.0,-157.0,-153.0,-152.5,-157.0,-155.0,-155.0,-154.0,-153.0,-157.0,-157.0,-157.0,-157.0,-153.5,-153.0,-154.0,-156.0,-157.0,-157.0,-152.0,-151.0,-153.0,-157.0,-156.0,-154.0,-157.0,-157.0,-157.0,-154.0,-153.0,-157.0,-157.0,-157.0,-157.0,-157.0,-157.0,-156.5,-155.5,-157.0,-155.5,-157.0,-157.0,-157.0,-152.0,-149.5,-155.5,-157.0,-157.0,-154.5,-157.0,-152.5,-155.5,-157.0,-157.0,-155.5,-156.5,-154.5,-157.0,-156.5,-157.0,-157.0,-151.5,-152.0,-157.0,-154.5,-156.5,-155.0,-156.5,-155.0,-157.0,-157.0,-157.0,-157.0,-157.0,-157.0,-157.0,-157.0,-157.0,-157.0,-157.0,-154.5,-157.0,-157.0,-153.0,-149.5,-151.0,-155.5,-156.5,-157.0,-157.0,-157.0,-157.0,-156.5,-157.0,-153.0,-156.0,-153.5,-155.0,-157.0,-157.0,-157.0,-157.0,-157.0,-157.0,-156.0,-156.0,-157.0,-157.0,-155.5,-156.5,-151.0,-153.0,-154.0,-154.5,-154.0,-155.0,-157.0,-157.0,-157.0,-152.0,-151.5,-152.5,-155.0,-157.0,-157.0,-155.5,-153.5,-156.5,-157.0,-154.0,-157.0,-156.5,-155.5,-156.0,-156.5,-157.0,-154.0,-153.5,-156.0,-153.0
2026-01-17 14:24:11.612,143.049967,5,-77,-157.0,-157.0,-152.5,-156.0,-155.5,-155.0,-157.0,-154.0,-156.5,-157.0,-156.0,-157.0,-155.5,-157.0,-157.0,-156.5,-155.0,-157.0,-154.5,-154.5,-151.5,-154.0,-155.0,-157.0,-155.0,-154.0,-154.0,-157.0,-157.0,-157.0,-157.0,-157.0,-153.5,-154.0,-157.0,-154.5,-157.0,-153.0,-154.5,-157.0,-156.0,-156.5,-156.0,-157.0,-157.0,-155.5,-153.5,-156.0,-155.0,-157.0,-154.0,-155.5,-157.0,-157.0,-157.0,-157.0,-157.0,-156.0,-154.0,-155.0,-157.0,-157.0,-157.0,-157.0,-157.0,-156.0,-157.0,-157.0,-157.0,-157.0,-157.0,-157.0,-154.5,-153.0,-151.5,-156.5,-155.5,-152.5,-150.0,-149.0,-150.0,-157.0,-157.0,-157.0,-156.0,-157.0,-157.0,-156.0,-155.0,-157.0,-157.0,-157.0,-157.0,-155.5,-157.0,-148.0,-151.5,-151.0,-151.0,-157.0,-151.0,-149.0,-157.0,-157.0,-157.0,-157.0,-157.0,-154.5,-157.0,-157.0,-157.0,-157.0,-157.0,-151.5,-151.0,-156.5,-157.0,-155.5,-154.0,-157.0,-157.0,-157.0,-157.0,-156.0,-157.0,-157.0,-156.5,-151.5,-157.0,-151.5,-157.0,-157.0,-157.0,-153.5,-154.5,-157.0,-156.0,-157.0,-155.0,-157.0,-157.0,-157.0,-157.0,-157.0,-157.0,-157.0,-157.0,-157.0,-157.0,-155.5,-157.0,-157.0,-154.0,-157.0,-153.5,-153.0,-157.0,-152.5,-151.5,-155.0,-154.5,-150.5,-152.5,-157.0,-157.0,-157.0,-154.5,-155.0,-157.0,-150.5,-150.5,-157.0,-157.0,-157.0,-152.0,-151.5,-157.0,-157.0,-153.0,-152.5,-157.0,-156.5,-153.0,-157.0,-156.5,-157.0,-157.0,-152.0,-152.5,-155.0,-157.0,-155.0,-157.0,-156.5,-153.0,-156.5,-155.5,-157.0,-155.0,-152.0,-156.0,-153.0,-152.5,-157.0,-154.5,-152.0,-157.0,-155.0,-153.0,-151.5,-156.5,-155.5,-156.0,-156.5,-153.5,-157.0,-155.0,-153.0,-154.5,-157.0,-157.0,-157.0,-153.0,-157.0,-156.5,-153.0,-155.0,-157.0,-157.0,-155.0,-153.5,-152.5,-153.5,-151.5,-156.0,-152.0,-157.0,-157.0,-155.5,-157.0,-155.0,-154.0,-143.0,-143.5,-152.0,-153.0,-154.5,-157.0,-157.0,-155.0,-155.5,-157.0,-157.0,-155.5,-157.0,-154.5,-152.5,-154.5,-157.0,-157.0,-157.0,-154.5,-154.0,-156.0,-157.0,-157.0,-157.0,-157.0,-155.5,-155.0,-155.0,-157.0,-157.0,-153.5,-151.0,-154.5,-153.0,-157.0,-157.0,-157.0,-157.0,-156.0,-157.0,-156.0,-157.0,-157.0,-157.0,-157.0,-157.0,-157.0,-157.0,-157.0,-156.5,-157.0,-157.0,-157.0,-151.0,-156.5,-152.5,-155.0,-157.0,-155.5,-157.0,-157.0,-156.0,-157.0,-156.5,-157.0,-157.0,-148.0,-150.5,-157.0,-157.0,-157.0,-157.0,-155.5,-156.0,-156.5,-155.0,-157.0,-157.0,-154.0,-154.0,-157.0,-157.0,-157.0,-157.0,-157.0,-153.0,-153.0,-156.5,-157.0,-156.5,-157.0,-157.0,-157.0,-157.0,-154.5,-152.0,-157.0,-157.0,-155.0,-157.0,-155.0,-157.0,-157.0,-157.0,-157.0,-155.0,-156.0,-156.0,-157.0,-156.0,-157.0,-155.0,-155.0,-154.0,-157.0,-154.5,-152.0,-157.0,-157.0,-156.5,-155.0,-153.0,-157.0,-155.0,-155.0,-157.0,-157.0,-157.0,-157.0,-155.0,-157.0,-155.0,-157.0,-152.5,-153.5,-157.0,-153.0,-156.5,-157.0,-157.0,-152.0,-153.5,-152.0,-153.5,-157.0,-157.0,-153.0,-154.5,-157.0,-157.0,-157.0,-157.0,-157.0,-153.5,-156.5,-153.5,-153.0,-155.0,-155.0,-155.0,-153.5,-157.0,-157.0,-154.5,-156.0,-157.0,-157.0,-157.0,-157.0,-157.0,-157.0,-155.5,-151.0,-152.5,-157.0,-155.5,-152.0,-150.0,-152.0,-152.5,-153.5,-156.5,-155.5,-155.0,-152.0,-157.0,-156.5,-154.0,-157.0,-155.5,-157.0,-157.0,-157.0,-157.0,-156.0,-153.0,-157.0,-157.0,-157.0,-157.0,-155.5,-157.0,-152.0,-151.5,-156.5,-152.0,-157.0,-155.0,-157.0,-157.0,-157.0,-157.0,-156.0,-155.0,-155.5,-157.0,-153.5,-153.0,-154.0,-155.5,-157.0,-154.0,-157.0,-155.0,-157.0,-156.5,-157.0,-156.0,-154.0,-157.0,-155.5,-150.5
2026-01-17 14:24:11.646,143.049967,5,-77,-157.0,-157.0,-153.5,-157.0,-156.0,-153.0,-157.0,-154.5,-157.0,-157.0,-157.0,-157.0,-157.0,-157.0,-157.0,-157.0,-157.0,-154.0,-155.0,-156.0,-154.0,-152.5,-153.0,-153.5,-154.5,-153.5,-156.5,-157.0,-157.0,-157.0,-157.0,-157.0,-151.5,-156.0,-157.0,-156.5,-157.0,-156.5,-152.0,-153.5,-157.0,-157.0,-157.0,-157.0,-157.0,-156.0,-153.0,-154.0,-157.0,-154.5,-153.5,-157.0,-157.0,-153.5,-153.5,-157.0,-155.5,-157.0,-155.0,-154.5,-154.0,-155.0,-157.0,-157.0,-157.0,-157.0,-157.0,-157.0,-157.0,-157.0,-157.0,-157.0,-156.5,-153.0,-152.0,-153.5,-152.5,-157.0,-150.5,-151.5,-153.0,-157.0,-157.0,-156.5,-155.5,-157.0,-157.0,-156.5,-153.0,-157.0,-157.0,-157.0,-157.0,-156.0,-157.0,-151.0,-155.0,-151.5,-152.0,-157.0,-151.0,-151.0,-157.0,-153.5,-157.0,-157.0,-157.0,-157.0,-157.0,-156.0,-157.0,-157.0,-157.0,-156.5,-152.5,-156.0,-155.5,-152.5,-156.5,-157.0,-157.0,-157.0,-157.0,-155.5,-157.0,-155.5,-156.0,-152.5,-157.0,-152.5,-157.0,-157.0,-157.0,-150.0,-151.5,-157.0,-157.0,-157.0,-153.0,-157.0,-157.0,-157.0,-153.5,-157.0,-154.5,-157.0,-157.0,-157.0,-153.5,-153.5,-155.0,-157.0,-154.0,-157.0,-157.0,-152.5,-157.0,-157.0,-157.0,-152.5,-152.0,-154.5,-152.5,-157.0,-157.0,-157.0,-154.5,-154.0,-157.0,-153.5,-152.0,-157.0,-157.0,-157.0,-153.0,-153.0,-157.0,-157.0,-157.0,-153.0,-157.0,-152.5,-152.0,-157.0,-157.0,-154.5,-155.5,-154.5,-155.5,-157.0,-155.0,-155.0,-157.0,-153.0,-153.5,-157.0,-154.5,-153.5,-157.0,-152.0,-157.0,-156.5,-156.0,-157.0,-152.5,-149.5,-153.0,-153.0,-154.5,-151.5,-156.0,-154.5,-156.5,-150.5,-150.0,-157.0,-157.0,-154.0,-152.0,-157.0,-157.0,-156.0,-152.5,-153.5,-156.0,-154.0,-156.5,-157.0,-157.0,-153.0,-154.0,-157.0,-152.5,-151.0,-156.0,-153.0,-153.0,-156.5,-153.0,-155.0,-157.0,-157.0,-142.0,-144.5,-153.0,-153.5,-152.0,-154.0,-153.5,-156.0,-155.0,-156.5,-150.5,-152.5,-157.0,-157.0,-156.5,-157.0,-157.0,-157.0,-157.0,-149.5,-150.0,-154.0,-156.5,-157.0,-157.0,-157.0,-157.0,-154.5,-154.5,-157.0,-157.0,-157.0,-151.5,-150.0,-152.0,-153.5,-155.0,-156.0,-157.0,-155.5,-157.0,-157.0,-157.0,-157.0,-157.0,-157.0,-157.0,-157.0,-157.0,-157.0,-157.0,-157.0,-154.5,-157.0,-152.5,-157.0,-155.5,-157.0,-157.0,-157.0,-157.0,-156.5,-154.5,-153.5,-157.0,-156.0,-156.5,-149.0,-151.5,-157.0,-157.0,-157.0,-157.0,-154.5,-157.0,-152.5,-155.0,-154.5,-157.0,-154.5,-153.5,-154.5,-157.0,-154.5,-155.0,-157.0,-153.5,-157.0,-157.0,-157.0,-156.5,-157.0,-157.0,-157.0,-157.0,-157.0,-156.0,-157.0,-157.0,-154.5,-155.5,-157.0,-157.0,-155.0,-152.0,-153.5,-157.0,-157.0,-157.0,-157.0,-153.0,-152.5,-156.5,-157.0,-156.5,-153.5,-155.5,-155.5,-155.5,-155.0,-153.5,-155.0,-152.0,-157.0,-157.0,-154.0,-157.0,-157.0,-157.0,-157.0,-153.5,-156.5,-155.5,-157.0,-152.0,-151.5,-157.0,-154.0,-153.5,-157.0,-157.0,-154.0,-156.5,-154.5,-155.5,-157.0,-157.0,-153.0,-154.0,-157.0,-157.0,-157.0,-157.0,-157.0,-156.5,-157.0,-154.0,-154.0,-153.5,-152.5,-152.5,-151.5,-157.0,-157.0,-154.5,-157.0,-157.0,-157.0,-154.5,-154.5,-157.0,-157.0,-157.0,-152.0,-155.5,-157.0,-157.0,-157.0,-155.5,-156.5,-154.0,-157.0,-154.5,-154.0,-152.5,-151.5,-157.0,-157.0,-153.5,-157.0,-157.0,-157.0,-156.5,-157.0,-157.0,-155.0,-151.5,-157.0,-156.5,-155.0,-156.5,-157.0,-157.0,-157.0,-155.5,-157.0,-150.5,-154.0,-155.0,-155.0,-157.0,-157.0,-157.0,-157.0,-157.0,-154.0,-155.5,-149.5,-150.5,-157.0,-157.0,-157.0,-153.5,-157.0,-155.0,-157.0,-157.0,-155.5,-153.5,-156.5,-157.0,-157.0,-151.5
2026-01-17 14:24:11.679,143.049967,5,-77,-157.0,-157.0,-153.5,-155.5,-154.5,-154.0,-157.0,-155.0,-157.0,-157.0,-157.0,-155.0,-157.0,-157.0,-157.0,-157.0,-157.0,-153.5,-157.0,-157.0,-157.0,-157.0,-157.0,-157.0,-157.0,-155.5,-157.0,-157.0,-157.0,-157.0,-156.5,-157.0,-154.5,-157.0,-157.0,-157.0,-157.0,-157.0,-151.0,-151.0,-157.0,-155.5,-157.0,-157.0,-157.0,-157.0,-157.0,-157.0,-157.0,-154.5,-157.0,-157.0,-154.0,-152.0,-150.5,-156.0,-154.5,-155.5,-156.0,-152.5,-152.5,-154.0,-157.0,-157.0,-157.0,-155.5,-155.5,-157.0,-157.0,-157.0,-157.0,-157.0,-157.0,-157.0,-157.0,-152.5,-155.5,-154.0,-150.5,-157.0,-155.0,-157.0,-157.0,-155.5,-153.0,-156.0,-157.0,-157.0,-155.0,-157.0,-157.0,-157.0,-157.0,-155.5,-157.0,-157.0,-154.0,-153.5,-153.0,-157.0,-155.0,-157.0,-157.0,-150.5,-155.5,-155.5,-155.0,-154.5,-151.0,-150.5,-151.5,-157.0,-157.0,-157.0,-155.0,-155.5,-151.5,-149.5,-156.0,-155.0,-157.0,-157.0,-157.0,-155.5,-155.5,-156.5,-157.0,-154.0,-154.0,-154.5,-154.5,-157.0,-157.0,-149.0,-149.5,-157.0,-157.0,-154.5,-152.5,-157.0,-157.0,-157.0,-154.0,-154.5,-153.0,-157.0,-157.0,-157.0,-153.5,-153.0,-152.0,-156.5,-157.0,-157.0,-155.0,-149.0,-157.0,-157.0,-155.0,-152.5,-155.5,-157.0,-157.0,-157.0,-157.0,-157.0,-157.0,-155.0,-157.0,-157.0,-156.5,-157.0,-157.0,-157.0,-151.0,-151.5,-157.0,-157.0,-157.0,-152.5,-155.0,-154.5,-155.5,-157.0,-157.0,-152.5,-154.5,-157.0,-157.0,-157.0,-155.5,-157.0,-157.0,-151.5,-151.0,-157.0,-157.0,-156.0,-157.0,-151.5,-157.0,-155.5,-154.5,-157.0,-156.0,-151.0,-155.5,-155.5,-157.0,-154.0,-157.0,-156.0,-157.0,-153.0,-150.5,-157.0,-157.0,-155.5,-150.5,-156.5,-154.5,-155.5,-154.0,-156.5,-157.0,-157.0,-157.0,-157.0,-157.0,-156.5,-157.0,-157.0,-152.0,-151.0,-154.0,-157.0,-153.5,-155.0,-150.0,-151.0,-156.0,-153.0,-141.5,-143.0,-157.0,-157.0,-154.0,-156.5,-156.0,-157.0,-157.0,-156.0,-149.5,-152.0,-157.0,-157.0,-157.0,-156.0,-157.0,-157.0,-154.5,-152.0,-153.5,-155.5,-156.0,-157.0,-156.5,-154.0,-157.0,-153.5,-154.5,-157.0,-157.0,-157.0,-157.0,-150.0,-153.0,-150.0,-157.0,-157.0,-156.0,-151.0,-151.0,-154.0,-157.0,-156.5,-157.0,-157.0,-157.0,-157.0,-157.0,-156.5,-157.0,-152.5,-151.0,-153.5,-152.5,-157.0,-157.0,-157.0,-157.0,-154.0,-156.5,-156.5,-157.0,-155.0,-157.0,-157.0,-157.0,-154.0,-155.5,-157.0,-157.0,-157.0,-157.0,-157.0,-154.5,-153.0,-156.5,-152.5,-152.5,-151.5,-155.0,-156.5,-157.0,-157.0,-153.5,-154.5,-157.0,-157.0,-157.0,-157.0,-155.0,-157.0,-157.0,-157.0,-156.0,-157.0,-157.0,-157.0,-157.0,-156.5,-152.0,-157.0,-157.0,-150.0,-148.5,-154.5,-155.0,-157.0,-157.0,-157.0,-156.0,-154.5,-155.0,-157.0,-157.0,-156.0,-157.0,-157.0,-157.0,-152.5,-153.5,-157.0,-152.0,-155.0,-153.5,-151.5,-155.0,-157.0,-157.0,-157.0,-156.5,-155.5,-153.0,-156.0,-157.0,-155.0,-155.5,-157.0,-154.0,-157.0,-157.0,-156.0,-157.0,-157.0,-154.0,-157.0,-157.0,-157.0,-157.0,-157.0,-157.0,-157.0,-157.0,-157.0,-156.5,-157.0,-154.5,-154.5,-157.0,-154.0,-156.5,-156.0,-157.0,-154.5,-154.0,-157.0,-155.0,-155.0,-150.0,-152.0,-157.0,-157.0,-157.0,-156.5,-157.0,-154.5,-154.5,-157.0,-157.0,-157.0,-153.0,-154.5,-152.5,-156.0,-157.0,-155.5,-157.0,-151.5,-150.5,-155.5,-157.0,-155.5,-154.5,-157.0,-157.0,-156.0,-153.0,-154.5,-154.5,-155.0,-157.0,-157.0,-157.0,-157.0,-156.5,-157.0,-152.5,-155.5,-157.0,-155.0,-157.0,-157.0,-157.0,-157.0,-157.0,-155.5,-156.5,-150.0,-151.0,-154.5,-157.0,-157.0,-153.5,-157.0,-156.5,-157.0,-157.0,-157.0,-153.0,-157.0,-156.5,-157.0,-154.5
2026-01-17 14:24:11.712,143.049967,5,-77,-157.0,-157.0,-155.0,-157.0,-154.0,-157.0,-157.0,-157.0,-157.0,-155.0,-152.0,-152.0,-157.0,-157.0,-157.0,-157.0,-157.0,-153.0,-154.5,-154.5,-157.0,-157.0,-157.0,-157.0,-157.0,-154.0,-157.0,-157.0,-157.0,-157.0,-154.0,-157.0,-157.0,-157.0,-157.0,-156.0,-155.0,-156.0,-153.5,-153.5,-157.0,-153.5,-156.5,-157.0,-157.0,-157.0,-157.0,-157.0,-156.0,-154.5,-157.0,-157.0,-157.0,-157.0,-153.0,-156.0,-157.0,-157.0,-157.0,-156.5,-157.0,-157.0,-157.0,-157.0,-156.0,-156.0,-157.0,-155.5,-157.0,-157.0,-157.0,-157.0,-157.0,-157.0,-157.0,-152.0,-154.5,-154.5,-151.5,-157.0,-154.5,-157.0,-157.0,-156.5,-155.0,-157.0,-157.0,-157.0,-156.0,-157.0,-157.0,-157.0,-156.5,-151.5,-152.5,-153.0,-151.5,-154.0,-156.0,-157.0,-157.0,-157.0,-157.0,-151.5,-154.0,-155.5,-151.5,-151.0,-152.0,-153.5,-154.0,-157.0,-157.0,-156.5,-157.0,-153.5,-154.5,-151.0,-150.5,-157.0,-157.0,-155.5,-154.0,-154.0,-157.0,-157.0,-154.5,-153.5,-154.0,-153.5,-156.5,-157.0,-157.0,-153.5,-155.5,-157.0,-157.0,-157.0,-156.0,-157.0,-157.0,-157.0,-155.0,-156.5,-155.5,-157.0,-156.0,-156.0,-154.5,-152.5,-153.5,-157.0,-157.0,-157.0,-152.0,-150.0,-157.0,-157.0,-155.5,-156.5,-157.0,-157.0,-156.5,-157.0,-157.0,-157.0,-157.0,-156.5,-155.0,-157.0,-157.0,-157.0,-157.0,-156.0,-151.5,-152.0,-157.0,-157.0,-157.0,-152.5,-157.0,-156.0,-157.0,-156.0,-157.0,-150.5,-150.5,-156.0,-157.0,-157.0,-156.5,-157.0,-157.0,-156.0,-156.5,-157.0,-156.0,-157.0,-153.5,-151.5,-156.0,-154.5,-153.5,-157.0,-157.0,-155.5,-156.0,-155.5,-155.5,-155.0,-157.0,-157.0,-157.0,-157.0,-154.0,-157.0,-157.0,-152.5,-150.0,-155.5,-156.0,-157.0,-153.5,-157.0,-157.0,-157.0,-157.0,-157.0,-154.0,-155.0,-157.0,-157.0,-153.5,-150.0,-157.0,-157.0,-152.5,-157.0,-153.0,-153.0,-153.5,-154.5,-142.0,-142.0,-154.5,-156.5,-157.0,-155.5,-157.0,-157.0,-157.0,-157.0,-153.5,-153.0,-157.0,-157.0,-157.0,-157.0,-157.0,-157.0,-157.0,-157.0,-157.0,-153.0,-157.0,-157.0,-157.0,-153.5,-155.0,-156.0,-153.0,-157.0,-155.5,-157.0,-157.0,-155.0,-153.5,-151.0,-153.5,-157.0,-156.0,-151.5,-153.0,-157.0,-157.0,-157.0,-156.0,-157.0,-155.5,-157.0,-152.5,-154.5,-157.0,-157.0,-150.5,-152.5,-150.5,-156.0,-157.0,-154.5,-156.5,-153.5,-152.5,-156.0,-157.0,-157.0,-157.0,-155.5,-157.0,-157.0,-156.0,-156.0,-157.0,-157.0,-157.0,-156.0,-151.5,-155.0,-157.0,-157.0,-150.0,-150.0,-156.0,-157.0,-157.0,-157.0,-157.0,-156.5,-157.0,-157.0,-157.0,-157.0,-154.5,-152.5,-155.0,-157.0,-152.5,-155.0,-157.0,-157.0,-157.0,-153.0,-152.0,-154.0,-157.0,-150.0,-152.0,-153.0,-151.0,-157.0,-157.0,-157.0,-157.0,-157.0,-155.0,-157.0,-157.0,-157.0,-157.0,-157.0,-157.0,-153.0,-157.0,-157.0,-153.0,-152.0,-149.5,-153.0,-153.0,-157.0,-157.0,-157.0,-157.0,-157.0,-153.5,-154.0,-157.0,-157.0,-157.0,-157.0,-156.5,-157.0,-157.0,-155.5,-155.0,-155.5,-152.0,-157.0,-157.0,-157.0,-157.0,-157.0,-157.0,-157.0,-157.0,-157.0,-155.0,-155.0,-152.5,-154.0,-156.0,-155.5,-157.0,-157.0,-157.0,-152.5,-157.0,-154.5,-153.5,-153.5,-152.0,-157.0,-157.0,-157.0,-156.5,-154.0,-154.0,-149.5,-150.5,-152.5,-157.0,-157.0,-152.0,-153.5,-153.0,-157.0,-157.0,-157.0,-156.5,-152.0,-153.0,-157.0,-157.0,-157.0,-157.0,-157.0,-157.0,-157.0,-153.5,-151.5,-156.5,-157.0,-156.5,-157.0,-157.0,-157.0,-157.0,-157.0,-154.5,-156.5,-155.5,-156.5,-157.0,-156.0,-157.0,-157.0,-157.0,-157.0,-157.0,-154.5,-157.0,-153.0,-152.5,-157.0,-153.0,-154.5,-157.0,-157.0,-155.5,-157.0,-153.5,-155.0,-149.5,-149.5,-157.0
2026-01-17 14:24:11.743,143.049967,5,-77,-157.0,-157.0,-156.5,-157.0,-157.0,-156.5,-157.0,-156.0,-150.5,-151.0,-150.5,-151.5,-156.5,-157.0,-157.0,-157.0,-156.5,-154.0,-154.5,-155.0,-155.0,-156.0,-157.0,-157.0,-156.0,-155.0,-157.0,-157.0,-157.0,-151.5,-150.5,-154.0,-157.0,-157.0,-157.0,-157.0,-151.5,-152.0,-155.0,-151.5,-153.0,-153.5,-154.5,-154.5,-155.5,-154.5,-157.0,-157.0,-157.0,-155.5,-157.0,-157.0,-157.0,-157.0,-157.0,-157.0,-157.0,-157.0,-155.5,-157.0,-157.0,-157.0,-154.5,-151.0,-152.5,-157.0,-157.0,-157.0,-157.0,-157.0,-157.0,-157.0,-155.0,-157.0,-157.0,-153.5,-152.5,-157.0,-156.5,-157.0,-157.0,-157.0,-155.0,-155.5,-157.0,-155.0,-155.5,-157.0,-155.0,-157.0,-157.0,-157.0,-157.0,-153.0,-153.0,-152.5,-156.0,-156.5,-154.5,-157.0,-157.0,-157.0,-157.0,-156.5,-157.0,-157.0,-157.0,-154.5,-155.5,-157.0,-156.0,-157.0,-157.0,-156.0,-157.0,-155.0,-152.5,-157.0,-152.5,-157.0,-156.5,-152.5,-151.0,-154.5,-157.0,-154.0,-151.5,-153.0,-157.0,-154.0,-157.0,-157.0,-157.0,-156.5,-157.0,-157.0,-157.0,-157.0,-157.0,-157.0,-153.0,-152.0,-152.5,-157.0,-157.0,-157.0,-157.0,-155.5,-154.5,-151.5,-154.5,-157.0,-157.0,-157.0,-155.5,-155.0,-157.0,-157.0,-157.0,-157.0,-157.0,-152.5,-152.0,-157.0,-156.0,-157.0,-157.0,-157.0,-154.5,-156.0,-152.0,-152.0,-154.5,-153.5,-156.0,-156.5,-157.0,-157.0,-157.0,-154.5,-154.5,-153.5,-157.0,-153.5,-156.5,-155.5,-154.5,-152.5,-156.0,-156.0,-157.0,-157.0,-157.0,-157.0,-157.0,-157.0,-157.0,-157.0,-155.0,-157.0,-154.5,-156.0,-154.5,-157.0,-157.0,-157.0,-157.0,-157.0,-157.0,-154.5,-157.0,-157.0,-157.0,-157.0,-157.0,-157.0,-157.0,-157.0,-151.0,-151.0,-157.0,-157.0,-155.0,-155.0,-157.0,-154.5,-154.5,-157.0,-155.0,-153.0,-157.0,-157.0,-154.0,-154.0,-157.0,-157.0,-151.0,-157.0,-157.0,-156.0,-154.5,-157.0,-143.5,-143.0,-152.5,-154.0,-155.5,-155.0,-157.0,-157.0,-155.0,-157.0,-157.0,-152.5,-155.5,-157.0,-157.0,-155.5,-157.0,-157.0,-157.0,-157.0,-157.0,-154.0,-157.0,-157.0,-157.0,-157.0,-157.0,-157.0,-154.0,-156.0,-157.0,-157.0,-155.5,-155.5,-157.0,-156.0,-151.0,-156.5,-153.0,-153.5,-157.0,-157.0,-157.0,-157.0,-157.0,-155.5,-156.5,-153.5,-152.0,-153.5,-157.0,-157.0,-153.5,-157.0,-149.0,-151.0,-155.5,-152.0,-157.0,-156.0,-153.0,-157.0,-157.0,-157.0,-157.0,-153.5,-157.0,-154.5,-155.5,-157.0,-157.0,-157.0,-157.0,-156.5,-154.0,-157.0,-157.0,-157.0,-155.0,-155.0,-157.0,-157.0,-156.5,-155.0,-157.0,-157.0,-157.0,-157.0,-157.0,-157.0,-155.5,-155.0,-157.0,-157.0,-154.0,-156.0,-157.0,-157.0,-156.5,-152.0,-157.0,-154.0,-157.0,-153.5,-157.0,-151.5,-153.5,-154.0,-156.5,-156.0,-157.0,-157.0,-157.0,-157.0,-157.0,-157.0,-153.0,-153.5,-156.0,-155.5,-157.0,-157.0,-156.0,-156.5,-150.5,-156.5,-151.5,-154.5,-156.5,-157.0,-157.0,-157.0,-154.0,-154.0,-157.0,-157.0,-157.0,-157.0,-157.0,-157.0,-156.0,-157.0,-155.5,-155.0,-154.0,-157.0,-157.0,-157.0,-157.0,-157.0,-157.0,-156.0,-155.5,-157.0,-153.5,-157.0,-154.0,-157.0,-152.5,-154.0,-156.0,-157.0,-153.5,-154.5,-156.0,-156.0,-157.0,-157.0,-157.0,-157.0,-157.0,-154.5,-151.5,-152.5,-154.0,-152.0,-155.5,-153.5,-157.0,-157.0,-156.0,-157.0,-155.0,-157.0,-157.0,-157.0,-157.0,-154.5,-151.5,-154.0,-154.5,-154.5,-157.0,-157.0,-155.5,-154.0,-153.0,-154.0,-156.0,-157.0,-155.0,-157.0,-157.0,-157.0,-157.0,-157.0,-155.5,-157.0,-157.0,-157.0,-153.5,-153.0,-157.0,-157.0,-157.0,-154.0,-154.5,-153.5,-157.0,-150.5,-149.5,-157.0,-151.0,-150.5,-153.0,-153.0,-154.0,-157.0,-155.0,-151.0,-147.5,-148.5,-157.0
2026-01-17 14:24:11.779,143.049967,5,-77,-157.0,-157.0,-157.0,-157.0,-157.0,-155.5,-155.5,-152.0,-149.0,-151.5,-155.0,-154.5,-157.0,-157.0,-157.0,-157.0,-157.0,-157.0,-157.0,-156.0,-156.5,-157.0,-157.0,-157.0,-157.0,-157.0,-157.0,-157.0,-157.0,-151.5,-152.0,-152.5,-153.5,-157.0,-154.5,-157.0,-152.0,-155.0,-152.0,-152.5,-151.5,-152.5,-154.5,-155.0,-153.0,-153.0,-155.0,-157.0,-157.0,-156.0,-155.5,-157.0,-157.0,-157.0,-157.0,-157.0,-157.0,-157.0,-154.5,-155.5,-155.0,-154.5,-151.0,-151.0,-152.0,-157.0,-157.0,-157.0,-157.0,-157.0,-157.0,-157.0,-155.5,-154.0,-154.5,-157.0,-154.5,-157.0,-156.5,-156.0,-157.0,-157.0,-155.0,-156.0,-157.0,-157.0,-156.0,-157.0,-156.0,-154.5,-156.5,-157.0,-155.5,-157.0,-157.0,-155.5,-157.0,-157.0,-154.5,-157.0,-157.0,-157.0,-157.0,-156.5,-157.0,-157.0,-157.0,-156.0,-154.5,-157.0,-157.0,-157.0,-153.0,-156.0,-157.0,-155.0,-151.5,-153.0,-156.5,-157.0,-157.0,-157.0,-151.0,-155.0,-154.0,-150.0,-151.0,-154.5,-155.0,-154.5,-153.5,-155.5,-155.5,-157.0,-157.0,-157.0,-154.5,-157.0,-157.0,-157.0,-152.0,-152.5,-150.5,-157.0,-155.5,-155.5,-157.0,-156.0,-156.5,-152.5,-156.0,-157.0,-157.0,-157.0,-156.5,-153.0,-152.0,-157.0,-157.0,-157.0,-157.0,-155.0,-152.0,-157.0,-157.0,-157.0,-156.5,-157.0,-155.5,-155.0,-151.5,-152.0,-152.0,-154.0,-157.0,-157.0,-157.0,-157.0,-157.0,-156.5,-155.5,-153.5,-157.0,-153.5,-157.0,-157.0,-157.0,-149.5,-150.5,-152.0,-155.5,-157.0,-157.0,-157.0,-155.5,-157.0,-157.0,-156.5,-156.0,-156.5,-153.0,-155.0,-153.5,-157.0,-157.0,-157.0,-156.0,-157.0,-157.0,-155.0,-157.0,-157.0,-156.5,-156.5,-157.0,-157.0,-157.0,-157.0,-157.0,-152.5,-153.5,-157.0,-157.0,-156.0,-157.0,-153.5,-153.0,-157.0,-157.0,-153.0,-156.0,-157.0,-156.5,-157.0,-157.0,-157.0,-152.0,-154.5,-157.0,-155.0,-153.0,-157.0,-145.0,-144.5,-154.0,-157.0,-156.0,-157.0,-157.0,-157.0,-155.5,-156.0,-151.5,-150.0,-157.0,-157.0,-153.0,-152.5,-157.0,-156.5,-157.0,-157.0,-155.5,-156.5,-154.0,-157.0,-154.5,-157.0,-156.0,-156.0,-153.5,-154.5,-155.5,-154.5,-153.5,-157.0,-153.5,-153.0,-148.5,-153.0,-155.0,-156.0,-156.0,-157.0,-157.0,-157.0,-157.0,-157.0,-155.5,-153.5,-154.0,-154.5,-157.0,-157.0,-157.0,-157.0,-148.5,-149.5,-153.5,-152.0,-156.5,-157.0,-155.5,-156.5,-157.0,-157.0,-156.0,-155.0,-157.0,-150.5,-153.5,-157.0,-157.0,-157.0,-153.5,-154.5,-155.0,-153.0,-153.5,-157.0,-156.5,-157.0,-157.0,-157.0,-157.0,-156.5,-157.0,-157.0,-157.0,-157.0,-157.0,-157.0,-156.0,-157.0,-157.0,-156.5,-157.0,-156.5,-157.0,-153.0,-153.0,-154.0,-153.0,-155.0,-155.5,-157.0,-157.0,-155.0,-153.5,-154.0,-157.0,-157.0,-157.0,-157.0,-157.0,-157.0,-157.0,-156.5,-154.5,-156.0,-154.5,-157.0,-157.0,-157.0,-157.0,-156.0,-154.0,-153.5,-152.0,-156.0,-154.0,-157.0,-157.0,-155.0,-157.0,-157.0,-157.0,-157.0,-155.5,-157.0,-156.5,-157.0,-155.5,-157.0,-157.0,-154.5,-157.0,-157.0,-157.0,-155.0,-154.5,-157.0,-157.0,-154.5,-154.0,-156.5,-156.0,-156.5,-156.5,-157.0,-156.5,-155.0,-155.0,-154.0,-154.5,-157.0,-156.5,-156.0,-157.0,-157.0,-156.5,-155.0,-157.0,-154.5,-155.5,-157.0,-157.0,-157.0,-157.0,-156.0,-157.0,-157.0,-157.0,-157.0,-155.5,-157.0,-157.0,-157.0,-157.0,-154.0,-149.0,-151.0,-152.0,-150.0,-156.5,-157.0,-156.5,-154.0,-153.5,-157.0,-154.5,-157.0,-153.5,-155.5,-157.0,-157.0,-157.0,-157.0,-154.0,-157.0,-157.0,-151.0,-150.5,-155.5,-157.0,-157.0,-157.0,-151.5,-154.5,-156.5,-157.0,-150.5,-150.5,-157.0,-154.5,-153.0,-153.0,-155.0,-155.5,-155.0,-157.0,-154.5,-150.5,-152.5,-157.0
2026-01-17 14:24:11.810,143.049967,5,-77,-157.0,-157.0,-157.0,-152.5,-154.5,-154.5,-157.0,-155.5,-153.5,-154.0,-157.0,-157.0,-157.0,-157.0,-157.0,-157.0,-156.5,-157.0,-157.0,-157.0,-157.0,-157.0,-157.0,-157.0,-157.0,-157.0,-157.0,-157.0,-157.0,-152.5,-152.0,-154.5,-156.5,-154.0,-157.0,-152.5,-151.0,-156.5,-154.0,-157.0,-157.0,-157.0,-156.5,-157.0,-157.0,-156.0,-156.0,-153.0,-155.0,-154.5,-155.5,-156.5,-156.0,-155.0,-152.5,-156.5,-157.0,-157.0,-157.0,-156.0,-155.0,-151.5,-150.5,-153.0,-156.0,-157.0,-157.0,-157.0,-157.0,-157.0,-155.5,-157.0,-157.0,-157.0,-152.5,-156.5,-157.0,-150.5,-151.0,-154.0,-156.0,-157.0,-155.5,-157.0,-157.0,-157.0,-157.0,-157.0,-157.0,-152.0,-153.5,-157.0,-157.0,-157.0,-157.0,-157.0,-153.5,-156.5,-155.0,-157.0,-157.0,-157.0,-157.0,-154.5,-154.5,-152.0,-152.5,-156.0,-153.0,-154.0,-155.5,-157.0,-150.5,-155.0,-157.0,-155.5,-154.5,-153.0,-154.5,-154.0,-157.0,-154.0,-149.0,-152.0,-150.0,-150.5,-154.0,-157.0,-154.5,-154.0,-151.0,-156.0,-153.5,-155.0,-154.0,-154.5,-154.5,-157.0,-157.0,-157.0,-154.0,-157.0,-153.0,-157.0,-157.0,-157.0,-157.0,-157.0,-155.0,-156.0,-157.0,-157.0,-157.0,-157.0,-153.5,-155.0,-152.5,-155.0,-157.0,-157.0,-157.0,-157.0,-151.5,-156.5,-157.0,-157.0,-154.0,-157.0,-155.5,-157.0,-154.0,-153.5,-153.0,-156.5,-157.0,-157.0,-157.0,-157.0,-157.0,-153.0,-154.0,-153.0,-155.0,-156.0,-157.0,-157.0,-157.0,-150.0,-151.5,-152.0,-154.0,-157.0,-157.0,-157.0,-157.0,-157.0,-156.0,-157.0,-155.0,-151.5,-151.5,-157.0,-152.0,-154.5,-157.0,-157.0,-157.0,-157.0,-155.5,-153.0,-157.0,-157.0,-157.0,-156.0,-157.0,-157.0,-157.0,-157.0,-157.0,-152.5,-152.5,-157.0,-157.0,-155.5,-157.0,-153.0,-151.5,-157.0,-157.0,-153.0,-156.0,-157.0,-157.0,-156.0,-156.5,-157.0,-152.5,-153.0,-154.0,-157.0,-156.5,-153.0,-143.0,-143.5,-155.5,-157.0,-157.0,-157.0,-157.0,-157.0,-157.0,-155.5,-151.0,-150.5,-155.0,-156.5,-153.5,-153.5,-157.0,-154.0,-154.5,-155.5,-157.0,-157.0,-152.5,-151.0,-151.5,-157.0,-157.0,-155.5,-150.0,-156.5,-151.5,-153.0,-157.0,-157.0,-154.5,-156.5,-149.0,-151.5,-155.0,-153.5,-154.0,-157.0,-157.0,-157.0,-157.0,-157.0,-153.5,-155.0,-153.0,-157.0,-157.0,-157.0,-157.0,-157.0,-154.5,-154.0,-157.0,-157.0,-157.0,-157.0,-154.5,-153.0,-157.0,-157.0,-157.0,-157.0,-157.0,-151.0,-157.0,-157.0,-157.0,-157.0,-152.0,-154.0,-154.0,-149.5,-151.0,-157.0,-155.5,-153.5,-155.5,-157.0,-157.0,-157.0,-157.0,-155.0,-156.0,-157.0,-157.0,-157.0,-157.0,-157.0,-157.0,-157.0,-157.0,-155.5,-153.0,-154.0,-152.5,-154.5,-153.5,-156.5,-155.0,-157.0,-157.0,-157.0,-156.5,-157.0,-157.0,-157.0,-157.0,-157.0,-157.0,-156.0,-157.0,-154.0,-157.0,-157.0,-154.5,-157.0,-154.0,-157.0,-157.0,-157.0,-157.0,-157.0,-157.0,-154.0,-152.0,-157.0,-157.0,-156.0,-157.0,-157.0,-156.5,-155.5,-155.5,-154.0,-157.0,-157.0,-157.0,-157.0,-157.0,-155.0,-156.0,-157.0,-157.0,-157.0,-153.5,-157.0,-157.0,-157.0,-154.5,-156.0,-157.0,-156.0,-157.0,-157.0,-157.0,-154.0,-153.0,-152.0,-157.0,-156.5,-154.0,-155.0,-154.0,-154.0,-154.5,-152.5,-156.0,-157.0,-157.0,-156.0,-157.0,-157.0,-154.5,-154.0,-154.5,-154.5,-157.0,-157.0,-157.0,-157.0,-157.0,-157.0,-157.0,-157.0,-152.5,-152.0,-154.5,-150.5,-157.0,-157.0,-154.0,-154.5,-156.0,-153.5,-152.0,-157.0,-154.5,-155.0,-155.0,-156.0,-157.0,-155.0,-152.5,-157.0,-157.0,-151.5,-152.5,-157.0,-157.0,-157.0,-157.0,-152.5,-154.0,-156.0,-157.0,-154.5,-155.5,-153.0,-152.0,-157.0,-157.0,-157.0,-157.0,-154.0,-157.0,-157.0,-153.5,-152.0,-156.5
2026-01-17 14:24:11.846,143.049967,5,-77,-157.0,-157.0,-157.0,-151.0,-153.0,-153.0,-154.0,-156.0,-157.0,-157.0,-157.0,-157.0,-154.5,-154.5,-157.0,-156.0,-157.0,-157.0,-156.5,-157.0,-157.0,-157.0,-156.0,-157.0,-157.0,-157.0,-157.0,-157.0,-155.0,-153.5,-155.0,-157.0,-157.0,-151.5,-153.5,-152.0,-154.0,-154.0,-157.0,-155.5,-157.0,-157.0,-156.5,-157.0,-157.0,-155.0,-157.0,-150.0,-153.5,-154.0,-157.0,-157.0,-154.0,-152.5,-149.5,-156.5,-157.0,-156.5,-157.0,-157.0,-157.0,-155.5,-153.5,-152.5,-157.0,-157.0,-157.0,-157.0,-157.0,-157.0,-156.0,-157.0,-157.0,-157.0,-152.0,-153.5,-154.0,-148.5,-149.0,-157.0,-157.0,-154.0,-152.5,-156.0,-157.0,-157.0,-157.0,-157.0,-157.0,-155.0,-154.0,-157.0,-157.0,-157.0,-157.0,-157.0,-153.0,-157.0,-156.0,-156.0,-157.0,-157.0,-156.0,-157.0,-154.5,-151.5,-152.0,-156.5,-153.0,-155.0,-154.5,-153.0,-151.5,-155.0,-157.0,-157.0,-156.5,-157.0,-156.0,-156.0,-157.0,-149.0,-149.0,-155.0,-155.0,-154.0,-157.0,-157.0,-154.5,-157.0,-151.0,-149.5,-153.0,-157.0,-153.5,-157.0,-157.0,-156.5,-157.0,-157.0,-156.0,-157.0,-153.5,-157.0,-157.0,-157.0,-157.0,-157.0,-155.5,-156.0,-157.0,-157.0,-157.0,-157.0,-152.5,-153.5,-156.5,-157.0,-157.0,-157.0,-157.0,-155.5,-150.0,-157.0,-157.0,-157.0,-155.5,-157.0,-157.0,-157.0,-153.0,-157.0,-156.5,-157.0,-157.0,-157.0,-157.0,-157.0,-157.0,-153.0,-153.0,-155.5,-155.0,-155.5,-157.0,-157.0,-155.5,-153.5,-154.5,-154.5,-151.0,-157.0,-157.0,-157.0,-157.0,-156.5,-157.0,-155.5,-152.0,-150.5,-152.0,-153.0,-150.0,-150.0,-156.0,-157.0,-157.0,-156.0,-155.0,-150.5,-153.5,-157.0,-157.0,-157.0,-157.0,-157.0,-153.0,-154.0,-154.0,-152.5,-157.0,-156.5,-155.0,-157.0,-157.0,-155.0,-153.5,-157.0,-157.0,-153.5,-157.0,-157.0,-153.5,-154.5,-157.0,-157.0,-155.5,-156.0,-154.0,-157.0,-155.5,-152.0,-142.0,-142.5,-155.5,-157.0,-157.0,-157.0,-157.0,-157.0,-156.0,-154.5,-156.5,-157.0,-155.5,-156.0,-156.5,-156.5,-157.0,-153.0,-151.5,-157.0,-154.5,-157.0,-153.0,-153.5,-153.0,-157.0,-157.0,-154.5,-147.0,-150.0,-151.5,-157.0,-157.0,-157.0,-157.0,-157.0,-153.5,-153.0,-156.5,-151.5,-157.0,-156.0,-157.0,-157.0,-157.0,-157.0,-157.0,-156.5,-151.5,-154.0,-154.5,-157.0,-156.5,-157.0,-157.0,-157.0,-155.0,-157.0,-157.0,-157.0,-153.0,-153.5,-157.0,-156.0,-155.0,-157.0,-157.0,-152.5,-155.5,-157.0,-153.0,-152.0,-155.0,-151.5,-153.0,-151.0,-151.5,-157.0,-152.0,-151.5,-155.0,-157.0,-156.0,-157.0,-157.0,-153.5,-153.0,-155.5,-156.5,-157.0,-157.0,-157.0,-157.0,-157.0,-156.0,-157.0,-154.0,-157.0,-153.0,-154.5,-157.0,-157.0,-157.0,-157.0,-157.0,-157.0,-157.0,-156.5,-156.5,-157.0,-157.0,-157.0,-153.0,-154.5,-157.0,-152.0,-156.0,-156.5,-156.5,-154.5,-151.5,-157.0,-157.0,-157.0,-157.0,-157.0,-157.0,-155.0,-155.0,-157.0,-156.5,-157.0,-157.0,-157.0,-152.5,-151.5,-157.0,-157.0,-157.0,-157.0,-157.0,-157.0,-157.0,-157.0,-155.0,-157.0,-157.0,-157.0,-155.5,-157.0,-157.0,-157.0,-156.0,-155.0,-157.0,-157.0,-157.0,-157.0,-157.0,-153.0,-153.5,-151.5,-154.5,-156.5,-154.0,-153.5,-153.5,-153.5,-153.5,-153.5,-156.5,-157.0,-154.5,-157.0,-157.0,-157.0,-157.0,-155.0,-154.5,-157.0,-157.0,-157.0,-157.0,-157.0,-157.0,-155.5,-157.0,-157.0,-157.0,-155.0,-157.0,-153.0,-156.5,-157.0,-150.0,-150.0,-155.5,-153.5,-151.0,-157.0,-153.0,-153.0,-155.5,-155.5,-157.0,-153.0,-155.5,-154.5,-156.0,-156.0,-157.0,-157.0,-157.0,-157.0,-157.0,-156.0,-153.5,-155.5,-157.0,-157.0,-157.0,-151.0,-151.0,-157.0,-157.0,-157.0,-157.0,-154.0,-155.5,-153.5,-156.0,-155.0,-156.0
2026-01-17 14:24:11.877,143.049967,5,-77,-157.0,-157.0,-157.0,-154.5,-155.5,-152.0,-154.0,-157.0,-156.0,-157.0,-155.5,-155.0,-156.0,-152.0,-157.0,-155.0,-157.0,-157.0,-156.0,-155.5,-157.0,-154.5,-153.0,-154.0,-154.0,-157.0,-157.0,-157.0,-156.0,-157.0,-157.0,-157.0,-157.0,-152.5,-152.5,-153.5,-157.0,-156.0,-156.0,-153.0,-155.0,-157.0,-155.5,-155.5,-157.0,-156.5,-156.0,-149.0,-153.5,-154.0,-157.0,-157.0,-156.0,-151.0,-151.0,-157.0,-157.0,-157.0,-157.0,-157.0,-157.0,-155.5,-157.0,-157.0,-156.5,-157.0,-155.5,-152.5,-153.0,-157.0,-156.0,-157.0,-157.0,-157.0,-156.5,-157.0,-157.0,-154.5,-152.0,-157.0,-157.0,-155.5,-154.5,-156.0,-157.0,-157.0,-157.0,-157.0,-155.5,-157.0,-156.0,-157.0,-155.5,-154.0,-157.0,-157.0,-153.5,-157.0,-157.0,-155.5,-155.5,-157.0,-157.0,-157.0,-154.5,-156.5,-155.0,-155.0,-154.0,-157.0,-153.5,-153.5,-157.0,-157.0,-157.0,-157.0,-157.0,-157.0,-157.0,-157.0,-155.5,-150.5,-151.5,-157.0,-157.0,-152.5,-154.5,-155.0,-153.0,-157.0,-152.5,-150.0,-157.0,-157.0,-154.5,-157.0,-157.0,-157.0,-156.5,-156.5,-157.0,-157.0,-152.5,-156.5,-156.5,-157.0,-157.0,-157.0,-156.0,-154.5,-157.0,-157.0,-157.0,-155.5,-152.5,-156.0,-157.0,-157.0,-157.0,-157.0,-157.0,-156.5,-150.5,-157.0,-157.0,-157.0,-157.0,-157.0,-157.0,-153.5,-150.0,-156.5,-157.0,-157.0,-157.0,-157.0,-157.0,-157.0,-157.0,-157.0,-154.0,-157.0,-156.0,-155.5,-157.0,-156.0,-152.0,-157.0,-152.0,-150.5,-149.5,-157.0,-157.0,-157.0,-155.0,-156.5,-157.0,-156.5,-157.0,-155.5,-157.0,-155.5,-157.0,-154.5,-155.5,-157.0,-157.0,-153.0,-153.5,-150.0,-150.5,-150.5,-154.0,-157.0,-157.0,-157.0,-153.5,-157.0,-156.0,-157.0,-157.0,-154.5,-157.0,-157.0,-157.0,-157.0,-153.5,-152.5,-156.5,-157.0,-157.0,-153.5,-150.0,-154.5,-154.0,-157.0,-157.0,-157.0,-154.0,-152.5,-151.5,-152.0,-142.5,-144.0,-153.5,-154.5,-155.0,-156.0,-157.0,-157.0,-157.0,-157.0,-157.0,-157.0,-157.0,-157.0,-155.5,-154.5,-157.0,-155.0,-151.5,-153.0,-151.0,-153.0,-152.0,-157.0,-156.5,-157.0,-157.0,-157.0,-148.0,-151.0,-157.0,-157.0,-154.5,-154.0,-155.0,-157.0,-157.0,-153.5,-155.5,-151.5,-157.0,-154.5,-157.0,-157.0,-157.0,-157.0,-157.0,-155.0,-152.0,-157.0,-154.5,-157.0,-157.0,-157.0,-157.0,-153.5,-151.5,-157.0,-157.0,-157.0,-157.0,-156.5,-156.0,-156.0,-152.0,-157.0,-157.0,-151.0,-149.5,-156.0,-154.5,-150.5,-149.5,-149.5,-153.0,-153.0,-156.5,-157.0,-150.5,-151.5,-153.0,-153.0,-155.5,-157.0,-157.0,-153.5,-152.0,-151.5,-153.0,-157.0,-157.0,-155.0,-157.0,-157.0,-157.0,-157.0,-155.0,-155.5,-155.5,-155.0,-153.5,-152.5,-157.0,-157.0,-155.0,-157.0,-153.0,-151.0,-151.5,-156.0,-155.5,-157.0,-153.0,-157.0,-157.0,-152.5,-156.0,-157.0,-157.0,-154.0,-154.0,-155.0,-156.0,-154.0,-157.0,-156.5,-157.0,-157.0,-156.0,-156.5,-153.5,-155.0,-153.0,-157.0,-157.0,-151.5,-155.5,-157.0,-157.0,-157.0,-157.0,-157.0,-157.0,-157.0,-155.5,-157.0,-157.0,-157.0,-157.0,-157.0,-157.0,-157.0,-154.0,-154.0,-157.0,-157.0,-157.0,-157.0,-157.0,-157.0,-157.0,-154.5,-157.0,-156.5,-157.0,-157.0,-157.0,-157.0,-153.5,-157.0,-157.0,-156.0,-154.5,-157.0,-157.0,-157.0,-157.0,-156.0,-154.0,-157.0,-157.0,-157.0,-156.0,-157.0,-157.0,-154.0,-157.0,-157.0,-157.0,-157.0,-155.5,-157.0,-152.5,-152.0,-151.0,-153.0,-151.5,-157.0,-152.5,-154.0,-154.0,-153.0,-157.0,-155.5,-157.0,-152.5,-153.0,-149.0,-149.5,-156.5,-157.0,-157.0,-157.0,-157.0,-156.5,-156.0,-155.5,-157.0,-157.0,-157.0,-156.0,-157.0,-155.5,-154.5,-157.0,-157.0,-157.0,-155.5,-156.0,-154.5,-157.0,-157.0,-157.0
2026-01-17 14:24:11.911,143.049967,5,-77,-157.0,-157.0,-157.0,-157.0,-157.0,-155.5,-156.0,-157.0,-157.0,-157.0,-157.0,-154.0,-154.0,-153.0,-157.0,-154.5,-157.0,-157.0,-157.0,-157.0,-157.0,-155.0,-153.5,-157.0,-153.0,-157.0,-157.0,-157.0,-157.0,-157.0,-157.0,-151.0,-152.0,-157.0,-155.0,-150.0,-152.0,-153.5,-154.0,-152.5,-153.5,-156.0,-156.0,-155.0,-157.0,-157.0,-155.5,-150.5,-153.0,-152.5,-155.5,-157.0,-157.0,-157.0,-156.0,-156.0,-153.5,-157.0,-157.0,-155.0,-155.5,-153.5,-157.0,-157.0,-157.0,-157.0,-156.0,-156.0,-155.0,-157.0,-157.0,-155.0,-157.0,-157.0,-157.0,-157.0,-157.0,-157.0,-157.0,-157.0,-157.0,-157.0,-157.0,-157.0,-157.0,-157.0,-157.0,-155.5,-154.5,-157.0,-157.0,-157.0,-157.0,-152.0,-154.0,-156.0,-156.5,-155.5,-157.0,-157.0,-156.0,-157.0,-155.0,-153.5,-157.0,-157.0,-157.0,-157.0,-157.0,-155.5,-153.0,-153.5,-154.0,-157.0,-157.0,-157.0,-157.0,-157.0,-157.0,-156.0,-154.5,-157.0,-153.5,-155.5,-154.0,-154.0,-155.5,-157.0,-155.5,-153.0,-152.0,-153.5,-157.0,-155.5,-151.5,-154.5,-157.0,-157.0,-157.0,-156.5,-157.0,-153.0,-150.5,-157.0,-153.5,-157.0,-156.5,-155.0,-155.5,-153.0,-156.5,-157.0,-157.0,-151.5,-152.0,-154.5,-155.0,-157.0,-157.0,-157.0,-156.5,-156.0,-154.0,-154.5,-157.0,-157.0,-157.0,-157.0,-157.0,-157.0,-150.0,-152.0,-157.0,-157.0,-155.5,-156.5,-156.5,-156.5,-157.0,-155.5,-154.5,-157.0,-157.0,-157.0,-157.0,-155.0,-151.5,-153.5,-154.0,-152.5,-153.0,-157.0,-157.0,-157.0,-156.5,-157.0,-157.0,-157.0,-156.5,-157.0,-157.0,-157.0,-157.0,-157.0,-155.0,-157.0,-157.0,-152.0,-153.5,-155.5,-155.5,-151.5,-157.0,-157.0,-157.0,-156.5,-152.5,-157.0,-157.0,-157.0,-157.0,-154.0,-157.0,-157.0,-156.0,-153.5,-155.0,-151.5,-154.5,-157.0,-157.0,-151.0,-150.0,-154.5,-154.0,-153.0,-153.0,-157.0,-156.0,-155.0,-157.0,-153.0,-143.0,-143.0,-153.0,-157.0,-152.5,-154.5,-157.0,-157.0,-157.0,-157.0,-157.0,-157.0,-157.0,-157.0,-157.0,-154.5,-157.0,-157.0,-152.5,-156.0,-152.5,-152.5,-155.5,-157.0,-157.0,-155.5,-157.0,-157.0,-151.5,-156.5,-157.0,-157.0,-157.0,-150.5,-152.5,-157.0,-157.0,-153.0,-153.0,-153.0,-156.5,-153.0,-155.0,-157.0,-156.0,-157.0,-157.0,-155.5,-154.5,-157.0,-154.5,-157.0,-157.0,-157.0,-154.5,-154.0,-153.5,-156.0,-156.5,-152.5,-154.5,-157.0,-157.0,-156.0,-153.0,-154.5,-155.5,-152.0,-150.0,-156.5,-157.0,-156.5,-148.5,-150.5,-154.5,-155.5,-155.0,-157.0,-153.5,-157.0,-157.0,-154.5,-157.0,-157.0,-155.0,-157.0,-154.0,-153.0,-157.0,-155.5,-157.0,-155.0,-157.0,-157.0,-157.0,-154.5,-151.5,-153.5,-157.0,-156.5,-149.5,-148.5,-157.0,-157.0,-153.5,-153.5,-154.0,-149.0,-151.0,-157.0,-155.5,-157.0,-155.0,-157.0,-157.0,-157.0,-155.5,-155.0,-157.0,-153.0,-157.0,-153.0,-157.0,-151.5,-153.0,-157.0,-157.0,-157.0,-154.5,-153.0,-154.0,-153.0,-152.5,-155.5,-157.0,-152.0,-154.5,-157.0,-157.0,-157.0,-157.0,-157.0,-157.0,-157.0,-157.0,-157.0,-157.0,-156.0,-157.0,-157.0,-157.0,-157.0,-155.0,-156.0,-157.0,-157.0,-155.0,-155.0,-157.0,-157.0,-155.0,-154.0,-156.5,-153.0,-155.0,-157.0,-157.0,-155.5,-151.0,-153.0,-155.5,-157.0,-156.5,-157.0,-155.0,-155.5,-156.5,-156.5,-154.5,-157.0,-157.0,-157.0,-157.0,-157.0,-154.5,-156.5,-157.0,-157.0,-157.0,-155.5,-152.5,-157.0,-152.5,-153.0,-156.0,-157.0,-153.0,-157.0,-155.5,-156.0,-156.0,-156.0,-157.0,-152.5,-157.0,-157.0,-153.0,-151.0,-151.0,-156.0,-154.5,-157.0,-157.0,-153.5,-155.0,-156.5,-157.0,-157.0,-157.0,-157.0,-154.0,-156.0,-157.0,-155.0,-157.0,-157.0,-154.5,-152.5,-157.0,-156.5,-157.0,-156.0,-155.0
2026-01-17 14:24:11.946,143.049967,5,-77,-157.0,-157.0,-157.0,-157.0,-157.0,-157.0,-156.0,-157.0,-157.0,-157.0,-157.0,-154.5,-153.5,-154.0,-154.5,-153.0,-157.0,-156.0,-157.0,-157.0,-157.0,-157.0,-157.0,-157.0,-151.0,-152.0,-157.0,-157.0,-157.0,-156.5,-157.0,-151.0,-151.0,-157.0,-157.0,-148.5,-151.0,-153.5,-154.5,-150.5,-152.5,-157.0,-157.0,-155.5,-153.0,-155.5,-157.0,-157.0,-157.0,-151.5,-153.0,-157.0,-157.0,-157.0,-157.0,-152.0,-151.5,-157.0,-156.0,-157.0,-153.0,-155.0,-155.0,-156.5,-157.0,-157.0,-157.0,-157.0,-157.0,-153.5,-153.0,-151.5,-157.0,-157.0,-157.0,-155.5,-157.0,-157.0,-156.5,-157.0,-157.0,-157.0,-157.0,-157.0,-157.0,-157.0,-157.0,-155.5,-156.5,-157.0,-157.0,-153.5,-155.0,-151.5,-151.0,-155.5,-157.0,-157.0,-157.0,-157.0,-157.0,-156.5,-154.5,-153.0,-157.0,-157.0,-157.0,-157.0,-157.0,-157.0,-154.5,-152.0,-150.5,-151.5,-157.0,-157.0,-157.0,-157.0,-157.0,-154.0,-153.5,-157.0,-155.5,-157.0,-156.0,-157.0,-157.0,-157.0,-153.0,-152.0,-156.0,-157.0,-157.0,-153.5,-152.5,-157.0,-156.5,-157.0,-157.0,-156.0,-157.0,-153.0,-151.0,-157.0,-152.5,-157.0,-157.0,-157.0,-157.0,-154.0,-157.0,-157.0,-155.5,-153.5,-154.0,-157.0,-157.0,-157.0,-157.0,-157.0,-157.0,-154.0,-152.5,-157.0,-157.0,-155.0,-155.0,-157.0,-156.5,-157.0,-155.5,-154.0,-157.0,-154.0,-154.5,-152.0,-157.0,-154.5,-157.0,-152.0,-154.0,-157.0,-156.0,-157.0,-157.0,-157.0,-155.5,-155.5,-157.0,-157.0,-157.0,-157.0,-157.0,-157.0,-157.0,-157.0,-157.0,-156.0,-153.0,-152.5,-154.5,-156.5,-154.0,-154.0,-154.0,-157.0,-155.5,-150.0,-152.0,-157.0,-157.0,-156.0,-157.0,-157.0,-157.0,-157.0,-152.5,-156.0,-157.0,-157.0,-157.0,-152.5,-153.5,-157.0,-153.5,-151.5,-157.0,-152.0,-151.5,-155.5,-157.0,-153.0,-154.0,-157.0,-157.0,-150.0,-149.0,-157.0,-152.5,-156.0,-157.0,-157.0,-143.0,-143.0,-157.0,-157.0,-154.5,-157.0,-156.0,-156.5,-157.0,-157.0,-157.0,-157.0,-156.5,-157.0,-157.0,-153.5,-154.5,-156.0,-154.0,-157.0,-153.0,-157.0,-157.0,-157.0,-157.0,-155.0,-157.0,-157.0,-153.0,-157.0,-157.0,-157.0,-156.5,-151.5,-154.5,-152.5,-157.0,-154.5,-157.0,-155.5,-157.0,-154.0,-153.5,-157.0,-157.0,-157.0,-157.0,-157.0,-157.0,-155.5,-152.0,-154.5,-157.0,-157.0,-156.0,-155.0,-157.0,-157.0,-153.5,-152.0,-152.0,-157.0,-157.0,-156.0,-156.5,-157.0,-153.0,-154.0,-152.5,-152.5,-157.0,-157.0,-151.0,-157.0,-157.0,-156.5,-152.5,-155.5,-155.5,-157.0,-156.5,-152.5,-157.0,-156.0,-153.0,-156.0,-157.0,-157.0,-155.5,-155.5,-157.0,-156.5,-157.0,-157.0,-157.0,-152.5,-152.0,-154.0,-156.0,-157.0,-149.5,-147.5,-156.5,-157.0,-152.0,-152.5,-157.0,-153.0,-155.5,-157.0,-157.0,-157.0,-156.0,-157.0,-157.0,-157.0,-154.5,-156.5,-157.0,-156.5,-156.5,-153.5,-155.0,-155.5,-155.0,-157.0,-157.0,-157.0,-157.0,-154.5,-153.5,-154.0,-153.5,-156.0,-157.0,-154.0,-155.5,-155.0,-157.0,-156.5,-157.0,-157.0,-156.0,-157.0,-156.0,-157.0,-157.0,-157.0,-157.0,-157.0,-157.0,-157.0,-157.0,-157.0,-157.0,-157.0,-156.0,-155.0,-157.0,-157.0,-157.0,-154.0,-156.5,-152.0,-157.0,-157.0,-157.0,-157.0,-151.0,-152.5,-150.5,-154.5,-152.0,-155.0,-153.0,-154.5,-153.5,-157.0,-157.0,-157.0,-157.0,-157.0,-157.0,-157.0,-154.5,-155.5,-157.0,-157.0,-156.0,-151.0,-152.5,-153.5,-153.5,-157.0,-157.0,-157.0,-154.5,-157.0,-157.0,-157.0,-153.5,-154.0,-152.0,-150.5,-157.0,-157.0,-157.0,-157.0,-157.0,-153.5,-152.5,-157.0,-150.5,-150.5,-157.0,-157.0,-157.0,-157.0,-154.5,-157.0,-152.0,-153.0,-156.0,-156.0,-157.0,-157.0,-152.5,-149.0,-156.0,-154.5,-154.5,-151.5,-157.0
2026-01-17 14:24:11.979,143.049967,5,-77,-157.0,-157.0,-154.0,-153.5,-153.5,-157.0,-157.0,-157.0,-157.0,-157.0,-157.0,-156.0,-157.0,-155.0,-153.0,-152.0,-157.0,-157.0,-157.0,-157.0,-155.0,-157.0,-157.0,-157.0,-151.5,-152.0,-157.0,-154.5,-157.0,-156.0,-157.0,-157.0,-153.5,-157.0,-156.0,-152.0,-154.5,-157.0,-157.0,-151.5,-157.0,-157.0,-157.0,-153.0,-152.5,-155.5,-157.0,-157.0,-157.0,-155.0,-157.0,-157.0,-156.5,-157.0,-157.0,-151.0,-153.5,-157.0,-156.5,-157.0,-156.0,-157.0,-153.0,-155.5,-157.0,-156.5,-157.0,-157.0,-157.0,-153.0,-152.5,-154.0,-157.0,-157.0,-156.0,-152.5,-156.0,-157.0,-152.0,-154.0,-157.0,-156.5,-157.0,-157.0,-157.0,-157.0,-157.0,-157.0,-157.0,-157.0,-154.5,-152.5,-155.5,-153.5,-155.0,-157.0,-157.0,-157.0,-157.0,-157.0,-157.0,-155.0,-157.0,-154.0,-156.5,-157.0,-157.0,-157.0,-157.0,-157.0,-157.0,-152.0,-155.0,-152.5,-157.0,-157.0,-157.0,-157.0,-157.0,-157.0,-157.0,-157.0,-156.5,-157.0,-152.5,-153.5,-157.0,-154.5,-151.0,-154.5,-157.0,-157.0,-157.0,-154.5,-157.0,-156.5,-152.0,-153.0,-157.0,-154.5,-155.5,-157.0,-153.5,-157.0,-153.0,-157.0,-157.0,-157.0,-157.0,-156.0,-157.0,-157.0,-156.0,-157.0,-156.0,-155.5,-157.0,-155.0,-157.0,-157.0,-157.0,-155.0,-154.0,-157.0,-157.0,-157.0,-157.0,-156.5,-153.0,-154.5,-155.5,-155.5,-157.0,-157.0,-157.0,-150.5,-156.0,-157.0,-157.0,-154.5,-156.5,-156.0,-153.5,-155.5,-155.0,-154.0,-155.0,-157.0,-157.0,-157.0,-157.0,-155.0,-157.0,-157.0,-157.0,-157.0,-157.0,-155.5,-157.0,-152.0,-157.0,-157.0,-154.5,-155.5,-157.0,-157.0,-155.5,-150.0,-153.5,-157.0,-157.0,-157.0,-157.0,-157.0,-156.0,-157.0,-153.0,-157.0,-157.0,-157.0,-157.0,-150.5,-154.0,-155.0,-157.0,-155.5,-154.5,-155.5,-156.0,-157.0,-157.0,-157.0,-157.0,-157.0,-157.0,-150.0,-149.5,-152.0,-152.5,-157.0,-157.0,-155.0,-141.5,-142.0,-157.0,-157.0,-157.0,-157.0,-157.0,-156.0,-157.0,-157.0,-157.0,-157.0,-156.5,-157.0,-156.0,-153.5,-157.0,-157.0,-153.5,-152.5,-151.5,-153.0,-157.0,-156.0,-157.0,-155.0,-157.0,-157.0,-156.0,-157.0,-157.0,-157.0,-155.0,-153.5,-152.0,-152.0,-156.0,-155.0,-157.0,-155.5,-157.0,-157.0,-156.5,-157.0,-157.0,-157.0,-157.0,-157.0,-157.0,-157.0,-154.0,-155.5,-154.5,-155.5,-157.0,-157.0,-157.0,-157.0,-155.5,-157.0,-154.5,-154.0,-155.5,-157.0,-157.0,-156.5,-152.5,-154.0,-152.5,-150.5,-156.0,-155.5,-150.5,-155.5,-157.0,-157.0,-154.0,-155.0,-157.0,-150.5,-150.0,-150.0,-157.0,-155.5,-155.5,-154.5,-157.0,-157.0,-153.0,-157.0,-155.5,-154.0,-157.0,-156.5,-157.0,-157.0,-156.5,-157.0,-156.5,-152.5,-155.0,-150.5,-154.0,-157.0,-154.5,-153.0,-154.0,-154.5,-154.0,-157.0,-157.0,-156.5,-155.5,-157.0,-152.5,-152.0,-151.5,-157.0,-157.0,-157.0,-157.0,-155.5,-155.0,-157.0,-156.5,-157.0,-157.0,-155.5,-156.0,-157.0,-155.0,-154.5,-154.5,-154.0,-157.0,-149.5,-150.5,-152.0,-154.5,-155.5,-154.5,-153.5,-156.0,-154.5,-152.0,-155.0,-157.0,-157.0,-155.5,-157.0,-157.0,-156.0,-154.0,-154.0,-152.5,-150.5,-153.5,-156.0,-157.0,-157.0,-153.5,-151.5,-154.0,-153.5,-157.0,-156.0,-154.5,-157.0,-152.5,-156.5,-150.5,-150.0,-150.0,-156.0,-153.5,-151.0,-150.0,-155.5,-157.0,-157.0,-157.0,-157.0,-157.0,-157.0,-157.0,-157.0,-157.0,-157.0,-157.0,-150.5,-150.5,-151.5,-154.0,-157.0,-156.5,-155.0,-153.5,-157.0,-157.0,-153.0,-152.5,-157.0,-155.5,-153.0,-157.0,-157.0,-157.0,-157.0,-157.0,-155.5,-156.5,-156.5,-151.5,-154.5,-154.0,-157.0,-155.5,-157.0,-157.0,-152.5,-152.0,-155.0,-156.5,-157.0,-157.0,-156.5,-156.0,-147.5,-147.5,-153.5,-153.5,-150.0,-156.0
2026-01-17 14:24:12.011,143.049967,5,-77,-157.0,-157.0,-150.0,-151.0,-155.0,-157.0,-157.0,-155.0,-157.0,-157.0,-157.0,-157.0,-157.0,-153.5,-154.5,-154.0,-157.0,-157.0,-157.0,-157.0,-155.0,-157.0,-157.0,-156.0,-154.0,-157.0,-155.0,-151.0,-153.5,-157.0,-157.0,-157.0,-153.5,-154.5,-155.0,-156.0,-155.5,-156.5,-157.0,-153.5,-157.0,-157.0,-153.5,-155.0,-157.0,-157.0,-157.0,-157.0,-157.0,-157.0,-157.0,-157.0,-150.5,-152.5,-156.0,-152.5,-157.0,-157.0,-156.5,-157.0,-156.0,-157.0,-151.0,-151.0,-156.0,-157.0,-157.0,-154.0,-152.5,-151.5,-154.0,-157.0,-157.0,-157.0,-156.5,-155.5,-157.0,-157.0,-151.5,-152.5,-157.0,-152.5,-152.5,-157.0,-157.0,-156.5,-157.0,-157.0,-157.0,-157.0,-155.5,-157.0,-156.0,-153.0,-157.0,-157.0,-157.0,-156.0,-153.0,-157.0,-152.5,-151.0,-156.5,-157.0,-157.0,-154.0,-157.0,-157.0,-157.0,-157.0,-157.0,-153.5,-153.0,-153.5,-157.0,-157.0,-157.0,-157.0,-155.5,-155.0,-157.0,-157.0,-157.0,-157.0,-150.0,-150.0,-157.0,-157.0,-152.5,-154.0,-157.0,-157.0,-157.0,-153.5,-152.5,-157.0,-154.0,-151.0,-154.5,-153.0,-152.5,-157.0,-154.5,-157.0,-157.0,-157.0,-157.0,-157.0,-157.0,-157.0,-157.0,-157.0,-154.5,-157.0,-156.0,-154.0,-152.5,-153.0,-157.0,-156.0,-157.0,-157.0,-156.0,-157.0,-157.0,-157.0,-157.0,-155.0,-154.0,-157.0,-152.5,-157.0,-157.0,-157.0,-157.0,-150.5,-155.5,-157.0,-157.0,-157.0,-157.0,-157.0,-155.0,-157.0,-153.0,-153.0,-151.5,-157.0,-157.0,-155.0,-152.5,-153.5,-157.0,-157.0,-157.0,-157.0,-157.0,-155.5,-155.0,-153.0,-156.5,-157.0,-157.0,-157.0,-157.0,-157.0,-156.5,-152.0,-157.0,-157.0,-157.0,-157.0,-157.0,-157.0,-154.5,-151.5,-152.0,-157.0,-157.0,-157.0,-153.5,-150.0,-150.0,-151.0,-157.0,-157.0,-156.5,-154.5,-157.0,-157.0,-157.0,-157.0,-157.0,-154.0,-157.0,-153.0,-156.5,-155.0,-156.5,-157.0,-157.0,-157.0,-141.0,-141.5,-157.0,-157.0,-157.0,-157.0,-157.0,-154.0,-152.5,-157.0,-157.0,-156.5,-155.0,-154.0,-150.5,-152.5,-157.0,-156.5,-151.0,-151.5,-152.5,-155.0,-155.5,-153.0,-155.0,-152.0,-154.0,-157.0,-157.0,-157.0,-157.0,-157.0,-155.0,-152.5,-151.5,-157.0,-157.0,-157.0,-156.0,-157.0,-156.0,-157.0,-156.5,-157.0,-155.5,-154.5,-157.0,-157.0,-156.5,-157.0,-157.0,-156.5,-150.5,-151.0,-157.0,-157.0,-157.0,-157.0,-157.0,-157.0,-157.0,-153.5,-153.5,-157.0,-157.0,-152.0,-151.5,-157.0,-157.0,-154.0,-157.0,-156.0,-151.5,-156.5,-157.0,-157.0,-157.0,-157.0,-157.0,-152.5,-152.0,-151.5,-157.0,-152.5,-152.5,-153.5,-157.0,-154.5,-156.0,-157.0,-151.5,-151.0,-157.0,-152.0,-152.5,-152.5,-153.0,-156.5,-152.0,-151.0,-153.0,-152.5,-157.0,-157.0,-157.0,-154.5,-153.0,-152.0,-153.0,-157.0,-157.0,-153.5,-153.5,-157.0,-151.0,-153.0,-154.0,-157.0,-157.0,-157.0,-157.0,-157.0,-157.0,-156.5,-153.0,-157.0,-157.0,-153.5,-154.0,-157.0,-157.0,-157.0,-154.0,-152.5,-155.0,-148.0,-147.5,-155.0,-152.0,-152.0,-152.5,-150.0,-157.0,-153.0,-150.0,-153.0,-157.0,-157.0,-154.5,-157.0,-157.0,-151.0,-148.5,-152.0,-152.5,-150.0,-155.0,-157.0,-154.0,-156.5,-153.0,-152.0,-157.0,-156.0,-157.0,-156.0,-152.0,-155.0,-151.5,-157.0,-154.0,-155.0,-156.5,-156.5,-156.0,-152.5,-151.5,-150.5,-157.0,-157.0,-157.0,-156.5,-157.0,-157.0,-157.0,-157.0,-157.0,-156.0,-155.0,-151.5,-151.0,-153.5,-154.5,-156.0,-157.0,-153.5,-153.0,-157.0,-157.0,-152.5,-153.5,-157.0,-153.5,-151.5,-157.0,-157.0,-156.5,-156.5,-155.5,-157.0,-157.0,-153.5,-153.0,-157.0,-154.5,-157.0,-151.0,-153.5,-157.0,-155.0,-154.5,-154.0,-152.0,-157.0,-155.0,-155.5,-157.0,-151.5,-147.0,-152.0,-155.5,-151.0,-154.0
2026-01-17 14:24:12.043,143.049967,5,-77,-157.0,-157.0,-152.5,-153.0,-155.0,-157.0,-156.5,-154.5,-156.5,-155.5,-157.0,-157.0,-157.0,-152.5,-157.0,-156.0,-157.0,-156.5,-157.0,-157.0,-155.5,-157.0,-157.0,-154.5,-153.5,-157.0,-154.5,-151.0,-156.0,-157.0,-157.0,-156.0,-153.0,-151.5,-154.0,-156.5,-155.5,-154.0,-152.5,-154.0,-157.0,-157.0,-152.0,-155.5,-157.0,-157.0,-157.0,-157.0,-157.0,-155.0,-156.0,-157.0,-150.0,-151.5,-157.0,-155.5,-156.5,-156.0,-157.0,-154.5,-157.0,-157.0,-150.5,-151.5,-157.0,-157.0,-157.0,-156.0,-151.5,-151.0,-153.5,-157.0,-157.0,-157.0,-157.0,-157.0,-157.0,-154.5,-153.5,-156.0,-157.0,-153.0,-151.0,-157.0,-157.0,-157.0,-157.0,-157.0,-157.0,-157.0,-155.5,-154.0,-154.0,-152.0,-157.0,-157.0,-157.0,-157.0,-152.0,-152.5,-150.5,-151.5,-157.0,-157.0,-155.0,-152.5,-157.0,-157.0,-156.5,-156.5,-157.0,-157.0,-152.0,-157.0,-157.0,-154.0,-154.5,-157.0,-154.0,-153.5,-157.0,-157.0,-157.0,-155.0,-151.0,-153.5,-157.0,-157.0,-156.0,-154.5,-156.5,-157.0,-157.0,-156.5,-152.0,-156.0,-157.0,-151.0,-157.0,-152.5,-152.0,-157.0,-155.0,-157.0,-157.0,-155.5,-151.5,-152.0,-157.0,-157.0,-157.0,-157.0,-155.0,-154.0,-157.0,-155.0,-152.5,-155.0,-155.5,-155.0,-157.0,-157.0,-157.0,-157.0,-157.0,-157.0,-156.0,-152.5,-153.5,-157.0,-152.5,-153.5,-153.5,-157.0,-157.0,-153.0,-156.5,-157.0,-157.0,-156.0,-157.0,-157.0,-156.5,-156.0,-156.5,-154.5,-152.5,-157.0,-157.0,-153.5,-153.5,-156.5,-157.0,-157.0,-156.5,-157.0,-157.0,-157.0,-155.0,-154.5,-152.0,-157.0,-157.0,-157.0,-157.0,-157.0,-157.0,-154.0,-157.0,-156.5,-154.0,-157.0,-157.0,-157.0,-157.0,-150.5,-155.5,-157.0,-157.0,-157.0,-153.0,-157.0,-151.0,-150.5,-157.0,-157.0,-154.0,-153.5,-157.0,-157.0,-157.0,-157.0,-155.5,-154.0,-154.0,-151.0,-157.0,-157.0,-157.0,-155.5,-155.5,-157.0,-140.5,-141.0,-157.0,-157.0,-156.0,-156.0,-157.0,-154.5,-154.0,-154.5,-153.0,-155.5,-157.0,-153.5,-149.5,-153.5,-155.0,-155.0,-152.0,-155.0,-152.5,-157.0,-153.0,-154.5,-155.5,-155.5,-157.0,-157.0,-157.0,-157.0,-157.0,-156.0,-157.0,-152.5,-150.0,-157.0,-157.0,-157.0,-157.0,-157.0,-157.0,-157.0,-157.0,-157.0,-151.0,-152.5,-155.5,-153.0,-154.5,-157.0,-157.0,-157.0,-152.5,-152.5,-157.0,-157.0,-154.5,-154.0,-157.0,-155.5,-157.0,-155.0,-152.0,-156.5,-157.0,-153.0,-151.0,-156.0,-157.0,-155.0,-151.5,-157.0,-155.0,-154.5,-157.0,-157.0,-157.0,-157.0,-157.0,-156.5,-151.5,-150.0,-156.5,-152.0,-152.5,-154.5,-157.0,-154.5,-157.0,-153.0,-156.5,-153.0,-154.0,-151.0,-153.0,-149.0,-151.5,-157.0,-154.5,-157.0,-152.5,-154.0,-157.0,-155.5,-154.0,-156.0,-157.0,-157.0,-155.5,-157.0,-157.0,-157.0,-155.5,-157.0,-151.5,-157.0,-157.0,-157.0,-157.0,-157.0,-157.0,-157.0,-157.0,-156.0,-152.0,-157.0,-157.0,-153.0,-156.0,-157.0,-157.0,-157.0,-155.5,-157.0,-155.0,-154.0,-150.5,-152.5,-151.5,-150.5,-154.5,-150.5,-157.0,-155.5,-152.5,-155.0,-157.0,-156.5,-155.5,-157.0,-155.0,-152.0,-150.0,-156.5,-153.5,-152.5,-157.0,-156.5,-154.5,-157.0,-157.0,-157.0,-157.0,-157.0,-156.0,-157.0,-152.0,-151.0,-152.5,-156.0,-157.0,-157.0,-157.0,-154.0,-154.5,-156.5,-156.5,-152.5,-157.0,-156.5,-154.0,-154.0,-157.0,-157.0,-157.0,-157.0,-156.5,-154.5,-157.0,-151.0,-153.0,-156.5,-157.0,-157.0,-157.0,-157.0,-157.0,-157.0,-157.0,-154.0,-157.0,-151.0,-150.5,-150.5,-157.0,-157.0,-156.5,-157.0,-155.5,-157.0,-157.0,-157.0,-157.0,-157.0,-155.5,-157.0,-152.0,-154.0,-157.0,-157.0,-157.0,-157.0,-153.0,-157.0,-157.0,-157.0,-157.0,-156.0,-149.5,-154.5,-155.0,-157.0,-153.5
2026-01-17 14:24:12.086,143.049967,5,-77,-157.0,-157.0,-155.5,-157.0,-157.0,-157.0,-152.5,-153.5,-156.0,-154.0,-157.0,-155.5,-157.0,-150.5,-152.5,-157.0,-154.5,-152.5,-157.0,-157.0,-157.0,-157.0,-155.0,-155.0,-152.0,-154.0,-154.5,-157.0,-157.0,-157.0,-157.0,-157.0,-157.0,-152.5,-154.5,-154.5,-154.0,-151.5,-150.0,-153.5,-157.0,-152.5,-152.0,-157.0,-157.0,-155.0,-157.0,-154.5,-154.5,-157.0,-156.5,-157.0,-151.0,-153.5,-157.0,-153.5,-156.0,-157.0,-154.0,-157.0,-157.0,-157.0,-150.0,-153.5,-157.0,-156.0,-155.5,-154.5,-154.5,-157.0,-157.0,-157.0,-157.0,-157.0,-157.0,-157.0,-157.0,-157.0,-156.5,-157.0,-157.0,-154.0,-154.5,-157.0,-157.0,-157.0,-157.0,-157.0,-157.0,-157.0,-155.0,-154.5,-155.0,-152.0,-155.5,-157.0,-157.0,-157.0,-156.0,-157.0,-154.0,-157.0,-157.0,-156.0,-153.5,-153.0,-157.0,-157.0,-157.0,-157.0,-155.0,-155.0,-153.5,-157.0,-157.0,-154.0,-154.0,-157.0,-157.0,-154.0,-157.0,-154.5,-152.5,-151.0,-153.0,-157.0,-156.0,-156.0,-157.0,-157.0,-155.5,-155.0,-157.0,-157.0,-154.0,-156.5,-155.5,-151.5,-154.0,-157.0,-154.0,-155.5,-153.0,-153.5,-154.0,-157.0,-152.5,-154.0,-157.0,-157.0,-157.0,-157.0,-157.0,-157.0,-156.0,-154.5,-151.5,-154.0,-157.0,-156.5,-157.0,-157.0,-157.0,-157.0,-156.5,-157.0,-155.0,-154.0,-154.5,-157.0,-156.0,-153.0,-151.0,-152.5,-157.0,-155.5,-157.0,-157.0,-157.0,-153.5,-155.5,-157.0,-157.0,-153.5,-156.0,-152.0,-157.0,-157.0,-157.0,-155.0,-157.0,-157.0,-157.0,-157.0,-155.0,-157.0,-157.0,-157.0,-153.5,-155.5,-151.5,-153.5,-156.0,-153.5,-155.0,-157.0,-157.0,-157.0,-157.0,-157.0,-156.5,-157.0,-157.0,-157.0,-157.0,-150.0,-155.0,-157.0,-157.0,-157.0,-154.5,-157.0,-157.0,-155.0,-155.0,-153.0,-152.5,-157.0,-154.5,-157.0,-157.0,-157.0,-157.0,-157.0,-154.0,-150.0,-154.5,-153.0,-152.5,-157.0,-157.0,-156.0,-139.5,-140.5,-155.0,-153.0,-153.5,-157.0,-157.0,-157.0,-157.0,-157.0,-155.0,-157.0,-157.0,-157.0,-150.0,-157.0,-152.5,-157.0,-156.0,-157.0,-153.0,-157.0,-154.5,-157.0,-157.0,-157.0,-157.0,-155.0,-154.5,-157.0,-157.0,-157.0,-157.0,-156.0,-152.0,-157.0,-157.0,-157.0,-157.0,-157.0,-157.0,-157.0,-157.0,-153.0,-151.0,-157.0,-157.0,-152.5,-157.0,-157.0,-157.0,-156.5,-157.0,-156.0,-157.0,-157.0,-156.0,-155.5,-157.0,-155.5,-157.0,-157.0,-156.0,-157.0,-157.0,-156.0,-153.0,-152.5,-155.0,-155.5,-149.5,-151.5,-156.0,-156.0,-157.0,-157.0,-157.0,-157.0,-157.0,-155.0,-148.0,-150.5,-157.0,-156.5,-157.0,-153.0,-153.0,-155.5,-154.5,-151.0,-157.0,-157.0,-155.5,-150.5,-153.5,-151.0,-150.5,-156.5,-156.0,-157.0,-157.0,-155.0,-157.0,-152.0,-151.0,-155.5,-157.0,-157.0,-153.5,-153.5,-157.0,-157.0,-157.0,-153.0,-150.5,-157.0,-155.5,-153.5,-157.0,-157.0,-157.0,-156.5,-157.0,-156.5,-150.0,-151.5,-152.5,-153.0,-157.0,-157.0,-156.5,-157.0,-155.5,-155.5,-154.0,-155.0,-151.5,-151.0,-155.0,-151.0,-154.5,-153.0,-155.5,-155.0,-157.0,-157.0,-157.0,-156.0,-156.0,-156.0,-151.5,-153.0,-157.0,-157.0,-154.0,-153.5,-157.0,-155.5,-154.5,-153.0,-154.5,-157.0,-155.0,-157.0,-155.5,-157.0,-155.5,-154.0,-154.5,-155.5,-155.5,-157.0,-156.5,-154.5,-155.5,-157.0,-157.0,-156.5,-157.0,-157.0,-157.0,-154.5,-156.0,-157.0,-154.0,-157.0,-157.0,-157.0,-157.0,-152.0,-155.0,-157.0,-157.0,-157.0,-157.0,-157.0,-157.0,-157.0,-157.0,-153.5,-156.5,-150.5,-152.5,-154.0,-155.5,-157.0,-157.0,-157.0,-157.0,-157.0,-157.0,-157.0,-157.0,-157.0,-153.0,-156.0,-157.0,-156.5,-157.0,-157.0,-157.0,-157.0,-154.5,-157.0,-157.0,-156.5,-154.5,-153.0,-153.5,-157.0,-153.0,-153.5,-155.5
2026-01-17 14:24:12.109,143.049967,5,-77,-157.0,-157.0,-151.5,-152.0,-156.0,-157.0,-153.0,-153.0,-152.0,-151.5,-154.5,-153.5,-155.5,-152.5,-152.0,-153.5,-153.0,-154.0,-154.0,-156.0,-157.0,-157.0,-155.5,-157.0,-156.5,-155.5,-153.0,-157.0,-157.0,-157.0,-157.0,-157.0,-154.5,-157.0,-156.5,-153.0,-154.0,-154.0,-153.5,-157.0,-157.0,-157.0,-156.0,-154.5,-155.5,-153.5,-157.0,-154.5,-154.0,-157.0,-156.5,-157.0,-154.0,-156.0,-153.0,-153.5,-156.5,-157.0,-152.5,-155.5,-155.0,-157.0,-150.0,-151.5,-156.0,-156.5,-157.0,-154.0,-153.5,-157.0,-157.0,-157.0,-157.0,-157.0,-157.0,-157.0,-157.0,-157.0,-157.0,-157.0,-153.0,-153.5,-157.0,-155.5,-157.0,-157.0,-157.0,-157.0,-157.0,-157.0,-157.0,-156.5,-155.0,-152.5,-157.0,-157.0,-157.0,-157.0,-157.0,-157.0,-154.5,-157.0,-157.0,-155.0,-154.5,-155.5,-157.0,-154.5,-156.0,-154.0,-154.5,-151.5,-157.0,-153.5,-157.0,-155.0,-152.5,-157.0,-157.0,-154.0,-157.0,-153.5,-153.0,-152.0,-157.0,-152.5,-152.5,-157.0,-157.0,-157.0,-156.5,-150.5,-150.0,-154.5,-155.5,-157.0,-153.5,-157.0,-156.0,-157.0,-155.0,-157.0,-156.0,-150.5,-151.5,-157.0,-157.0,-157.0,-157.0,-157.0,-157.0,-157.0,-157.0,-157.0,-157.0,-156.0,-152.5,-153.0,-154.0,-156.5,-157.0,-157.0,-155.0,-155.0,-154.0,-154.5,-156.0,-157.0,-155.5,-154.0,-154.5,-157.0,-153.5,-153.5,-157.0,-157.0,-157.0,-157.0,-157.0,-155.0,-156.0,-155.5,-157.0,-154.5,-152.5,-151.0,-157.0,-157.0,-154.0,-153.5,-157.0,-157.0,-157.0,-157.0,-153.0,-157.0,-157.0,-157.0,-154.5,-157.0,-153.0,-155.5,-157.0,-157.0,-157.0,-157.0,-157.0,-157.0,-156.0,-157.0,-157.0,-157.0,-154.5,-154.0,-157.0,-151.0,-151.0,-153.5,-157.0,-157.0,-155.5,-157.0,-157.0,-157.0,-154.5,-152.0,-153.0,-157.0,-155.0,-157.0,-156.0,-157.0,-157.0,-157.0,-157.0,-152.5,-157.0,-151.5,-151.5,-157.0,-156.0,-157.0,-139.0,-141.0,-157.0,-153.0,-155.0,-157.0,-157.0,-157.0,-157.0,-157.0,-157.0,-157.0,-154.5,-151.0,-149.5,-152.5,-149.5,-151.5,-157.0,-157.0,-152.5,-157.0,-156.0,-156.0,-155.5,-157.0,-157.0,-153.0,-153.5,-157.0,-157.0,-157.0,-157.0,-152.5,-153.0,-157.0,-157.0,-156.5,-156.5,-154.5,-154.5,-157.0,-157.0,-153.5,-155.0,-157.0,-157.0,-153.5,-156.5,-157.0,-157.0,-157.0,-157.0,-157.0,-156.0,-157.0,-157.0,-157.0,-157.0,-157.0,-157.0,-157.0,-157.0,-157.0,-157.0,-157.0,-157.0,-154.0,-153.0,-150.0,-150.5,-152.0,-154.0,-155.5,-153.5,-157.0,-157.0,-157.0,-157.0,-156.5,-149.0,-157.0,-157.0,-157.0,-157.0,-154.0,-154.5,-156.5,-153.0,-150.5,-157.0,-157.0,-157.0,-151.0,-150.5,-151.0,-150.0,-152.5,-152.0,-154.0,-157.0,-155.5,-156.0,-157.0,-148.5,-149.0,-154.0,-157.0,-156.5,-153.5,-155.0,-157.0,-157.0,-152.5,-151.0,-157.0,-153.0,-151.5,-157.0,-155.5,-154.5,-155.5,-152.5,-151.5,-152.0,-152.5,-153.5,-157.0,-157.0,-156.5,-155.0,-157.0,-156.5,-155.5,-156.5,-157.0,-155.5,-154.0,-153.5,-150.5,-154.5,-155.0,-154.5,-155.5,-154.0,-155.0,-155.5,-155.5,-157.0,-155.0,-156.0,-157.0,-157.0,-157.0,-155.0,-156.5,-157.0,-154.5,-152.5,-152.5,-154.0,-157.0,-157.0,-156.0,-156.5,-155.0,-156.5,-157.0,-155.0,-156.0,-150.5,-150.5,-151.5,-155.5,-156.5,-157.0,-157.0,-157.0,-157.0,-157.0,-156.5,-154.0,-154.0,-154.0,-151.5,-157.0,-157.0,-155.5,-156.5,-154.5,-155.5,-157.0,-155.0,-157.0,-157.0,-157.0,-157.0,-157.0,-157.0,-154.0,-157.0,-156.0,-153.0,-155.0,-153.0,-156.5,-157.0,-157.0,-156.0,-153.5,-157.0,-154.5,-152.0,-153.5,-151.0,-157.0,-157.0,-157.0,-157.0,-157.0,-154.0,-150.5,-152.5,-157.0,-157.0,-153.5,-153.0,-156.0,-157.0,-157.0,-155.0,-151.5,-157.0
2026-01-17 14:24:12.149,143.049967,5,-77,-157.0,-157.0,-148.5,-147.5,-153.0,-157.0,-155.0,-157.0,-156.5,-153.5,-157.0,-155.0,-157.0,-157.0,-157.0,-154.0,-155.0,-157.0,-157.0,-157.0,-157.0,-156.5,-157.0,-157.0,-157.0,-156.0,-152.0,-157.0,-154.0,-156.0,-157.0,-156.0,-153.0,-157.0,-156.5,-153.5,-157.0,-155.0,-157.0,-157.0,-157.0,-157.0,-157.0,-151.0,-153.0,-155.5,-157.0,-153.5,-152.0,-157.0,-157.0,-157.0,-154.5,-152.0,-153.0,-153.5,-154.0,-154.5,-154.0,-157.0,-154.5,-157.0,-152.0,-155.5,-157.0,-155.0,-157.0,-155.0,-154.0,-157.0,-157.0,-157.0,-157.0,-155.5,-153.0,-157.0,-157.0,-157.0,-157.0,-153.5,-151.0,-153.5,-157.0,-153.0,-154.0,-157.0,-157.0,-157.0,-157.0,-154.0,-155.0,-155.0,-156.5,-153.0,-157.0,-157.0,-157.0,-157.0,-157.0,-157.0,-152.0,-153.5,-157.0,-153.0,-152.5,-152.0,-152.5,-154.5,-157.0,-154.5,-154.5,-153.5,-153.0,-151.5,-157.0,-157.0,-150.5,-151.5,-157.0,-155.0,-154.5,-155.0,-157.0,-157.0,-157.0,-154.0,-154.5,-157.0,-156.0,-154.5,-157.0,-151.0,-148.0,-154.5,-157.0,-155.5,-154.0,-157.0,-157.0,-157.0,-154.0,-154.0,-157.0,-156.0,-155.0,-157.0,-155.0,-157.0,-155.5,-153.5,-157.0,-157.0,-154.5,-156.0,-157.0,-154.5,-157.0,-154.5,-148.5,-150.5,-157.0,-157.0,-156.0,-157.0,-153.5,-155.5,-157.0,-157.0,-153.0,-153.5,-155.0,-157.0,-154.5,-155.5,-157.0,-157.0,-157.0,-157.0,-155.0,-154.5,-157.0,-156.5,-157.0,-157.0,-154.0,-153.0,-156.5,-155.0,-156.0,-153.5,-157.0,-154.5,-157.0,-153.0,-152.0,-155.0,-154.0,-157.0,-155.5,-157.0,-152.5,-157.0,-157.0,-157.0,-157.0,-157.0,-157.0,-157.0,-157.0,-157.0,-157.0,-157.0,-152.5,-152.5,-156.5,-157.0,-155.0,-152.5,-157.0,-157.0,-157.0,-153.5,-152.0,-157.0,-151.0,-152.0,-152.5,-152.5,-157.0,-156.5,-153.5,-157.0,-157.0,-157.0,-154.5,-154.5,-157.0,-152.0,-148.5,-153.5,-155.5,-153.0,-138.5,-140.5,-157.0,-156.5,-157.0,-157.0,-153.5,-156.0,-157.0,-157.0,-157.0,-157.0,-157.0,-154.5,-153.5,-154.5,-151.0,-150.5,-157.0,-153.0,-151.0,-157.0,-157.0,-152.5,-152.5,-157.0,-156.5,-154.0,-157.0,-157.0,-157.0,-157.0,-156.5,-151.5,-151.5,-155.5,-154.0,-151.5,-153.0,-153.0,-152.5,-156.0,-157.0,-157.0,-157.0,-157.0,-156.5,-155.0,-157.0,-157.0,-157.0,-157.0,-157.0,-157.0,-155.0,-154.5,-157.0,-157.0,-157.0,-157.0,-157.0,-157.0,-157.0,-157.0,-155.5,-157.0,-157.0,-156.5,-153.0,-151.0,-156.0,-152.0,-155.5,-151.5,-152.0,-157.0,-157.0,-156.0,-156.5,-154.5,-151.0,-157.0,-157.0,-157.0,-155.5,-153.0,-157.0,-157.0,-150.5,-152.0,-155.0,-156.5,-157.0,-153.0,-151.5,-148.0,-150.0,-151.0,-151.0,-151.5,-154.0,-154.5,-156.0,-157.0,-148.5,-149.0,-152.5,-157.0,-157.0,-154.5,-153.0,-157.0,-157.0,-151.5,-152.5,-157.0,-156.5,-152.5,-157.0,-157.0,-154.0,-157.0,-153.0,-155.0,-157.0,-157.0,-157.0,-157.0,-157.0,-157.0,-156.5,-157.0,-156.0,-157.0,-157.0,-157.0,-157.0,-157.0,-156.5,-148.5,-149.0,-155.5,-154.0,-154.0,-150.5,-155.0,-157.0,-157.0,-157.0,-157.0,-157.0,-157.0,-157.0,-157.0,-157.0,-157.0,-156.0,-154.0,-153.0,-152.5,-154.5,-157.0,-157.0,-155.0,-155.0,-154.5,-157.0,-157.0,-155.5,-157.0,-150.5,-153.5,-154.0,-155.5,-154.0,-157.0,-156.5,-157.0,-157.0,-156.5,-151.0,-154.0,-156.0,-153.0,-154.0,-157.0,-156.0,-150.0,-151.0,-157.0,-155.0,-154.0,-155.0,-157.0,-155.0,-154.5,-154.0,-156.0,-153.5,-153.0,-157.0,-157.0,-157.0,-157.0,-152.0,-154.0,-157.0,-154.5,-155.5,-152.5,-153.0,-157.0,-151.5,-152.5,-152.5,-157.0,-157.0,-157.0,-157.0,-157.0,-151.5,-149.5,-151.0,-157.0,-157.0,-155.0,-154.5,-157.0,-157.0,-156.0,-157.0,-152.5,-157.0
2026-01-17 14:24:12.177,143.049967,5,-77,-157.0,-157.0,-151.5,-149.0,-157.0,-157.0,-156.0,-157.0,-157.0,-157.0,-157.0,-153.5,-157.0,-157.0,-157.0,-157.0,-157.0,-157.0,-157.0,-157.0,-155.5,-157.0,-157.0,-157.0,-157.0,-157.0,-155.5,-157.0,-153.0,-157.0,-157.0,-157.0,-153.5,-156.5,-157.0,-155.5,-157.0,-152.0,-154.0,-157.0,-157.0,-157.0,-157.0,-150.5,-151.0,-156.5,-157.0,-153.0,-150.0,-152.5,-157.0,-157.0,-155.0,-153.0,-157.0,-156.5,-155.5,-157.0,-156.0,-157.0,-155.0,-150.5,-149.5,-157.0,-157.0,-154.0,-157.0,-157.0,-156.5,-154.5,-157.0,-157.0,-156.0,-157.0,-152.5,-157.0,-157.0,-157.0,-152.5,-153.5,-153.5,-156.5,-157.0,-157.0,-152.0,-157.0,-157.0,-157.0,-154.0,-151.5,-154.5,-157.0,-157.0,-155.0,-157.0,-157.0,-157.0,-157.0,-157.0,-157.0,-152.0,-156.0,-157.0,-157.0,-157.0,-154.0,-154.0,-156.0,-156.5,-156.0,-156.0,-157.0,-153.0,-155.5,-155.5,-155.5,-154.5,-154.0,-157.0,-157.0,-157.0,-157.0,-157.0,-157.0,-154.0,-154.0,-152.5,-154.5,-156.0,-157.0,-154.5,-156.5,-151.0,-155.5,-157.0,-156.5,-156.5,-157.0,-157.0,-157.0,-157.0,-152.0,-157.0,-157.0,-155.0,-153.0,-153.5,-155.5,-155.0,-151.5,-157.0,-157.0,-155.0,-157.0,-157.0,-154.0,-157.0,-154.0,-148.5,-151.5,-157.0,-157.0,-157.0,-157.0,-155.5,-157.0,-157.0,-157.0,-155.0,-157.0,-157.0,-154.0,-152.5,-157.0,-156.5,-156.0,-157.0,-157.0,-157.0,-157.0,-157.0,-157.0,-157.0,-156.0,-155.0,-157.0,-155.5,-154.5,-157.0,-156.0,-157.0,-151.5,-154.5,-153.5,-153.0,-154.0,-155.0,-157.0,-157.0,-156.5,-151.0,-152.5,-154.5,-157.0,-157.0,-157.0,-157.0,-156.0,-157.0,-157.0,-157.0,-157.0,-154.5,-157.0,-157.0,-157.0,-157.0,-155.5,-157.0,-157.0,-157.0,-150.0,-151.0,-154.5,-151.0,-157.0,-156.0,-153.5,-157.0,-157.0,-155.0,-155.5,-157.0,-157.0,-153.5,-154.0,-157.0,-151.0,-147.5,-153.0,-155.0,-156.0,-139.5,-139.5,-152.5,-157.0,-157.0,-156.0,-151.5,-153.0,-157.0,-157.0,-157.0,-157.0,-157.0,-157.0,-157.0,-156.5,-152.5,-152.0,-157.0,-151.5,-152.5,-157.0,-157.0,-157.0,-154.0,-155.5,-157.0,-157.0,-157.0,-157.0,-156.0,-156.5,-153.0,-152.5,-151.0,-157.0,-150.5,-149.5,-153.0,-157.0,-157.0,-157.0,-157.0,-157.0,-157.0,-157.0,-157.0,-155.0,-157.0,-157.0,-156.0,-157.0,-152.0,-154.0,-152.0,-154.5,-157.0,-157.0,-157.0,-157.0,-157.0,-156.0,-156.0,-152.0,-152.5,-157.0,-157.0,-155.5,-153.5,-156.0,-152.0,-150.0,-157.0,-153.0,-155.0,-157.0,-157.0,-153.0,-153.5,-155.5,-150.5,-157.0,-157.0,-157.0,-152.0,-151.5,-157.0,-157.0,-151.0,-157.0,-154.0,-156.0,-157.0,-151.5,-156.5,-150.5,-156.0,-153.0,-157.0,-156.5,-155.0,-154.5,-157.0,-156.5,-153.5,-157.0,-155.5,-154.0,-155.0,-155.0,-150.5,-152.5,-153.0,-151.5,-156.5,-157.0,-157.0,-153.5,-155.5,-152.5,-155.0,-157.0,-157.0,-157.0,-157.0,-157.0,-157.0,-157.0,-157.0,-157.0,-157.0,-157.0,-154.5,-157.0,-157.0,-157.0,-157.0,-157.0,-153.5,-153.5,-149.5,-155.5,-156.0,-155.5,-152.0,-157.0,-157.0,-157.0,-157.0,-157.0,-156.5,-157.0,-157.0,-157.0,-157.0,-157.0,-153.5,-155.0,-157.0,-152.0,-154.5,-156.0,-157.0,-154.0,-153.5,-157.0,-157.0,-157.0,-157.0,-156.0,-152.5,-157.0,-157.0,-156.0,-153.5,-157.0,-157.0,-157.0,-157.0,-156.0,-152.0,-153.5,-157.0,-155.5,-157.0,-157.0,-153.5,-149.5,-150.0,-157.0,-157.0,-157.0,-157.0,-157.0,-157.0,-157.0,-154.0,-156.5,-156.0,-154.0,-157.0,-157.0,-155.0,-157.0,-156.0,-156.0,-154.5,-155.0,-157.0,-155.5,-157.0,-157.0,-157.0,-157.0,-157.0,-157.0,-157.0,-157.0,-156.0,-157.0,-152.0,-155.5,-154.0,-157.0,-155.5,-157.0,-152.0,-152.0,-154.0,-155.5,-157.0,-151.5,-157.0
2026-01-17 14:24:12.211,143.049967,5,-77,-157.0,-157.0,-157.0,-155.0,-153.0,-157.0,-155.5,-155.0,-156.0,-156.0,-157.0,-150.5,-152.5,-157.0,-157.0,-157.0,-157.0,-157.0,-157.0,-153.0,-152.0,-157.0,-157.0,-157.0,-157.0,-157.0,-157.0,-157.0,-153.5,-157.0,-157.0,-157.0,-155.5,-153.0,-153.5,-153.5,-154.0,-153.0,-153.0,-157.0,-157.0,-157.0,-155.0,-152.0,-150.0,-157.0,-157.0,-157.0,-151.0,-151.0,-157.0,-157.0,-157.0,-155.0,-156.5,-157.0,-157.0,-157.0,-156.0,-157.0,-157.0,-148.5,-148.0,-154.0,-157.0,-156.0,-157.0,-157.0,-156.0,-155.5,-157.0,-154.0,-154.0,-156.5,-153.5,-155.0,-157.0,-157.0,-155.0,-157.0,-157.0,-157.0,-157.0,-157.0,-153.0,-155.5,-155.0,-156.0,-154.5,-155.0,-154.0,-157.0,-157.0,-156.0,-157.0,-157.0,-157.0,-157.0,-157.0,-157.0,-152.5,-151.5,-155.0,-157.0,-157.0,-157.0,-156.5,-153.5,-153.5,-157.0,-157.0,-155.5,-157.0,-157.0,-156.0,-152.0,-155.0,-157.0,-154.5,-156.0,-157.0,-157.0,-157.0,-157.0,-154.5,-157.0,-154.0,-157.0,-157.0,-157.0,-153.0,-153.0,-152.5,-155.5,-157.0,-156.5,-157.0,-157.0,-157.0,-157.0,-154.0,-149.5,-152.0,-153.5,-153.5,-152.0,-157.0,-157.0,-152.0,-151.5,-157.0,-157.0,-157.0,-157.0,-157.0,-156.0,-157.0,-157.0,-152.0,-155.0,-157.0,-157.0,-157.0,-157.0,-154.5,-157.0,-152.5,-153.0,-156.0,-156.5,-157.0,-156.0,-155.0,-154.0,-156.0,-154.0,-157.0,-157.0,-157.0,-157.0,-157.0,-157.0,-157.0,-157.0,-157.0,-157.0,-157.0,-152.5,-153.0,-157.0,-157.0,-151.5,-157.0,-154.5,-154.0,-156.0,-157.0,-157.0,-157.0,-157.0,-153.0,-155.0,-156.0,-156.5,-157.0,-157.0,-157.0,-150.5,-152.0,-157.0,-157.0,-156.5,-156.0,-157.0,-157.0,-157.0,-156.5,-155.5,-157.0,-157.0,-155.5,-152.5,-157.0,-153.5,-154.5,-157.0,-157.0,-157.0,-156.5,-157.0,-155.0,-154.5,-157.0,-157.0,-153.0,-152.0,-157.0,-152.5,-151.0,-157.0,-154.5,-155.0,-140.0,-141.0,-155.5,-156.5,-157.0,-157.0,-156.0,-157.0,-157.0,-157.0,-155.5,-157.0,-157.0,-155.5,-157.0,-155.0,-157.0,-155.0,-157.0,-156.0,-157.0,-157.0,-157.0,-157.0,-155.5,-157.0,-157.0,-157.0,-157.0,-157.0,-155.0,-157.0,-151.0,-150.5,-151.5,-157.0,-151.0,-151.0,-154.0,-157.0,-156.0,-157.0,-157.0,-157.0,-157.0,-154.5,-155.5,-154.5,-156.5,-157.0,-157.0,-154.0,-153.0,-152.5,-155.5,-157.0,-157.0,-157.0,-157.0,-157.0,-157.0,-154.5,-157.0,-153.5,-155.0,-157.0,-157.0,-157.0,-152.5,-157.0,-153.0,-151.5,-157.0,-157.0,-157.0,-157.0,-157.0,-155.5,-155.5,-154.0,-151.0,-157.0,-157.0,-157.0,-151.0,-154.0,-155.0,-157.0,-152.0,-151.5,-153.0,-157.0,-157.0,-152.5,-156.5,-153.0,-157.0,-157.0,-157.0,-157.0,-156.0,-156.0,-157.0,-157.0,-157.0,-157.0,-155.5,-157.0,-156.0,-153.5,-151.0,-152.5,-153.5,-155.5,-157.0,-157.0,-157.0,-154.0,-150.0,-148.5,-157.0,-155.5,-157.0,-157.0,-157.0,-157.0,-157.0,-155.0,-155.0,-157.0,-157.0,-157.0,-155.5,-157.0,-157.0,-157.0,-157.0,-156.0,-153.0,-157.0,-151.0,-157.0,-157.0,-157.0,-155.5,-157.0,-157.0,-155.0,-157.0,-157.0,-155.5,-155.5,-157.0,-157.0,-157.0,-157.0,-155.0,-157.0,-157.0,-152.5,-152.5,-153.5,-157.0,-157.0,-157.0,-157.0,-157.0,-157.0,-155.5,-155.0,-155.5,-157.0,-155.0,-155.5,-152.5,-154.0,-157.0,-157.0,-155.5,-156.0,-157.0,-156.5,-157.0,-157.0,-156.5,-157.0,-157.0,-156.0,-153.5,-157.0,-157.0,-157.0,-157.0,-157.0,-154.0,-153.0,-155.0,-157.0,-157.0,-157.0,-157.0,-153.5,-151.5,-157.0,-157.0,-157.0,-155.0,-154.5,-155.0,-154.5,-157.0,-157.0,-157.0,-157.0,-154.5,-156.5,-157.0,-152.5,-151.5,-153.5,-151.5,-157.0,-156.5,-157.0,-154.0,-157.0,-154.5,-152.0,-152.5,-153.5,-157.0,-153.5,-155.0
2026-01-17 14:24:12.244,143.049967,5,-77,-157.0,-157.0,-157.0,-155.5,-150.0,-157.0,-157.0,-157.0,-157.0,-157.0,-157.0,-151.0,-150.5,-157.0,-157.0,-157.0,-157.0,-157.0,-157.0,-157.0,-155.0,-157.0,-157.0,-157.0,-157.0,-156.0,-156.0,-157.0,-154.5,-157.0,-157.0,-157.0,-152.5,-151.5,-154.5,-155.0,-153.5,-157.0,-156.0,-157.0,-157.0,-157.0,-151.0,-152.5,-151.0,-157.0,-157.0,-157.0,-155.5,-154.0,-157.0,-155.5,-155.5,-155.0,-155.5,-157.0,-157.0,-157.0,-154.5,-154.5,-157.0,-151.5,-151.5,-157.0,-157.0,-157.0,-157.0,-157.0,-157.0,-157.0,-157.0,-154.5,-155.5,-155.0,-157.0,-157.0,-157.0,-157.0,-157.0,-157.0,-157.0,-157.0,-157.0,-157.0,-155.5,-152.0,-153.0,-153.5,-157.0,-156.5,-154.5,-156.5,-157.0,-156.0,-157.0,-157.0,-157.0,-155.5,-154.5,-157.0,-155.0,-151.0,-153.0,-157.0,-157.0,-157.0,-154.5,-157.0,-153.5,-157.0,-154.0,-156.0,-157.0,-157.0,-155.0,-152.0,-155.5,-154.0,-152.0,-152.0,-157.0,-157.0,-157.0,-157.0,-157.0,-157.0,-157.0,-157.0,-157.0,-157.0,-155.0,-149.5,-153.0,-153.0,-155.0,-154.0,-153.5,-155.0,-157.0,-157.0,-156.5,-150.0,-147.5,-154.0,-155.5,-155.5,-157.0,-157.0,-154.5,-154.0,-157.0,-157.0,-157.0,-156.5,-155.5,-153.0,-157.0,-157.0,-154.0,-155.0,-157.0,-157.0,-157.0,-153.0,-154.5,-157.0,-153.5,-152.0,-157.0,-154.5,-157.0,-157.0,-155.5,-151.5,-157.0,-154.5,-152.0,-157.0,-157.0,-157.0,-157.0,-157.0,-157.0,-157.0,-157.0,-157.0,-157.0,-151.5,-152.5,-157.0,-154.0,-152.0,-156.5,-154.5,-157.0,-157.0,-157.0,-157.0,-157.0,-157.0,-154.0,-155.5,-157.0,-157.0,-157.0,-157.0,-157.0,-149.5,-150.0,-155.0,-157.0,-153.0,-154.0,-157.0,-156.0,-157.0,-153.5,-152.5,-157.0,-157.0,-157.0,-156.0,-157.0,-155.0,-157.0,-153.5,-155.0,-157.0,-157.0,-154.0,-154.5,-156.5,-157.0,-157.0,-156.0,-154.5,-157.0,-154.0,-157.0,-157.0,-154.0,-150.0,-139.5,-141.0,-156.5,-154.5,-152.5,-154.0,-157.0,-157.0,-154.5,-157.0,-156.5,-157.0,-152.5,-153.5,-157.0,-157.0,-156.0,-155.0,-157.0,-157.0,-157.0,-157.0,-157.0,-156.5,-157.0,-157.0,-157.0,-157.0,-157.0,-157.0,-155.0,-153.0,-157.0,-152.0,-157.0,-157.0,-154.0,-156.0,-150.5,-150.5,-150.5,-156.0,-157.0,-157.0,-157.0,-154.0,-157.0,-155.0,-157.0,-157.0,-156.5,-154.5,-157.0,-154.0,-156.0,-157.0,-157.0,-157.0,-157.0,-157.0,-157.0,-153.5,-156.0,-157.0,-157.0,-157.0,-157.0,-156.0,-152.5,-157.0,-156.5,-157.0,-156.0,-154.0,-154.5,-157.0,-157.0,-157.0,-157.0,-152.0,-152.5,-156.5,-157.0,-157.0,-152.0,-151.5,-152.5,-157.0,-155.0,-154.5,-152.0,-157.0,-157.0,-157.0,-157.0,-154.5,-157.0,-157.0,-155.0,-157.0,-152.5,-151.0,-156.0,-157.0,-157.0,-157.0,-154.5,-157.0,-155.5,-154.5,-156.0,-152.5,-155.0,-157.0,-157.0,-157.0,-157.0,-153.5,-152.0,-150.5,-155.5,-152.5,-157.0,-157.0,-157.0,-154.5,-156.5,-155.5,-153.5,-157.0,-157.0,-155.0,-153.0,-157.0,-156.0,-155.0,-157.0,-155.0,-155.0,-157.0,-153.0,-156.0,-156.0,-157.0,-157.0,-156.5,-153.0,-152.5,-157.0,-157.0,-155.5,-157.0,-157.0,-157.0,-157.0,-157.0,-155.5,-156.5,-157.0,-155.5,-155.0,-154.0,-157.0,-157.0,-155.5,-157.0,-157.0,-157.0,-155.0,-157.0,-157.0,-155.0,-157.0,-157.0,-152.0,-155.5,-157.0,-157.0,-152.0,-157.0,-157.0,-157.0,-157.0,-157.0,-156.0,-157.0,-157.0,-157.0,-155.5,-157.0,-157.0,-157.0,-154.5,-155.5,-150.5,-151.0,-157.0,-157.0,-157.0,-157.0,-157.0,-157.0,-154.0,-156.0,-157.0,-157.0,-157.0,-154.0,-157.0,-153.0,-157.0,-157.0,-157.0,-157.0,-153.0,-152.5,-157.0,-153.5,-153.0,-151.5,-153.5,-157.0,-157.0,-157.0,-154.0,-155.5,-157.0,-156.0,-153.0,-154.0,-157.0,-155.0,-155.0
2026-01-17 14:24:12.279,143.049967,5,-77,-157.0,-157.0,-153.5,-150.0,-148.5,-157.0,-155.0,-157.0,-157.0,-157.0,-157.0,-155.5,-153.5,-154.5,-154.0,-157.0,-157.0,-157.0,-157.0,-157.0,-157.0,-157.0,-157.0,-157.0,-157.0,-153.0,-151.5,-157.0,-157.0,-157.0,-154.5,-154.0,-151.5,-153.0,-157.0,-157.0,-156.5,-157.0,-155.0,-157.0,-157.0,-154.0,-147.0,-147.5,-156.5,-157.0,-157.0,-157.0,-157.0,-157.0,-157.0,-157.0,-156.0,-155.0,-157.0,-157.0,-155.5,-153.5,-152.0,-150.5,-153.5,-157.0,-157.0,-154.5,-157.0,-157.0,-157.0,-157.0,-157.0,-157.0,-157.0,-157.0,-157.0,-155.0,-157.0,-157.0,-157.0,-157.0,-157.0,-157.0,-157.0,-157.0,-155.0,-155.0,-157.0,-154.0,-157.0,-157.0,-157.0,-152.0,-154.0,-157.0,-157.0,-155.5,-157.0,-157.0,-157.0,-152.5,-151.5,-157.0,-157.0,-156.0,-153.5,-154.0,-157.0,-157.0,-157.0,-157.0,-155.5,-157.0,-153.0,-157.0,-157.0,-157.0,-156.5,-153.5,-157.0,-154.0,-152.5,-150.0,-157.0,-157.0,-157.0,-154.5,-157.0,-157.0,-155.0,-157.0,-157.0,-157.0,-152.5,-149.5,-157.0,-154.0,-154.0,-156.0,-154.0,-153.0,-157.0,-155.5,-157.0,-156.0,-151.5,-157.0,-157.0,-157.0,-157.0,-157.0,-157.0,-157.0,-157.0,-157.0,-157.0,-157.0,-157.0,-151.0,-156.0,-157.0,-156.5,-157.0,-157.0,-157.0,-156.0,-152.0,-157.0,-157.0,-157.0,-157.0,-154.5,-152.5,-155.0,-157.0,-149.5,-150.0,-154.5,-153.0,-152.5,-154.0,-155.5,-157.0,-157.0,-157.0,-157.0,-157.0,-157.0,-157.0,-155.0,-156.0,-151.5,-154.5,-155.0,-156.0,-157.0,-157.0,-157.0,-156.0,-154.0,-157.0,-157.0,-157.0,-157.0,-157.0,-157.0,-157.0,-157.0,-157.0,-156.0,-154.5,-152.5,-152.5,-157.0,-151.5,-157.0,-153.5,-154.5,-157.0,-151.5,-150.5,-157.0,-157.0,-157.0,-157.0,-157.0,-157.0,-157.0,-150.5,-151.0,-155.5,-157.0,-151.5,-154.0,-155.0,-155.5,-155.0,-157.0,-157.0,-157.0,-157.0,-157.0,-157.0,-157.0,-156.0,-139.0,-140.0,-157.0,-157.0,-151.5,-151.0,-157.0,-157.0,-149.5,-152.5,-156.5,-155.0,-152.0,-153.5,-157.0,-157.0,-154.0,-156.0,-157.0,-157.0,-157.0,-157.0,-157.0,-157.0,-157.0,-157.0,-157.0,-155.5,-155.0,-157.0,-157.0,-153.5,-155.0,-154.0,-156.0,-156.0,-152.5,-154.5,-153.0,-153.0,-154.0,-153.0,-156.5,-157.0,-156.0,-157.0,-155.5,-152.0,-156.5,-157.0,-153.0,-152.5,-156.0,-152.5,-154.0,-155.5,-157.0,-156.0,-157.0,-157.0,-157.0,-153.0,-157.0,-157.0,-157.0,-157.0,-157.0,-157.0,-154.5,-157.0,-153.0,-154.0,-157.0,-151.5,-152.0,-157.0,-157.0,-157.0,-157.0,-153.0,-155.0,-154.0,-157.0,-157.0,-155.5,-153.5,-156.0,-156.5,-157.0,-156.0,-154.0,-156.0,-154.5,-157.0,-157.0,-152.0,-152.0,-156.0,-152.5,-153.0,-150.5,-150.0,-154.0,-157.0,-157.0,-153.5,-153.0,-155.0,-152.5,-154.0,-154.5,-152.0,-156.5,-157.0,-157.0,-157.0,-156.5,-156.5,-157.0,-154.5,-157.0,-154.5,-157.0,-157.0,-157.0,-157.0,-157.0,-157.0,-155.0,-157.0,-157.0,-156.0,-153.5,-157.0,-155.5,-155.5,-156.5,-155.5,-157.0,-157.0,-157.0,-155.0,-155.0,-157.0,-157.0,-154.0,-152.5,-154.5,-157.0,-157.0,-157.0,-157.0,-157.0,-157.0,-157.0,-157.0,-157.0,-155.5,-157.0,-157.0,-157.0,-153.5,-157.0,-157.0,-157.0,-155.5,-157.0,-157.0,-155.5,-157.0,-157.0,-155.5,-157.0,-157.0,-154.0,-155.5,-157.0,-155.5,-151.5,-156.5,-157.0,-157.0,-156.5,-154.5,-155.5,-157.0,-157.0,-157.0,-155.5,-157.0,-157.0,-157.0,-151.0,-151.5,-151.5,-155.5,-156.0,-157.0,-157.0,-157.0,-157.0,-157.0,-157.0,-154.5,-156.0,-157.0,-157.0,-154.5,-157.0,-154.0,-157.0,-157.0,-157.0,-157.0,-156.0,-152.5,-153.5,-157.0,-155.5,-154.5,-157.0,-157.0,-157.0,-157.0,-157.0,-157.0,-156.0,-154.0,-155.5,-156.5,-157.0,-155.0,-153.5
2026-01-17 14:24:12.312,143.049967,5,-77,-157.0,-157.0,-151.5,-153.5,-150.0,-153.5,-156.0,-157.0,-157.0,-155.5,-156.5,-157.0,-157.0,-157.0,-153.5,-156.5,-157.0,-157.0,-157.0,-157.0,-157.0,-157.0,-153.0,-153.5,-156.5,-154.0,-153.5,-157.0,-157.0,-157.0,-156.0,-157.0,-153.5,-152.5,-157.0,-154.5,-156.5,-157.0,-153.5,-156.0,-157.0,-155.5,-148.5,-150.0,-157.0,-157.0,-157.0,-157.0,-157.0,-157.0,-157.0,-157.0,-157.0,-156.0,-157.0,-155.5,-152.5,-156.5,-156.0,-153.5,-153.0,-155.5,-156.0,-153.5,-157.0,-156.5,-157.0,-157.0,-157.0,-157.0,-157.0,-155.0,-157.0,-155.0,-157.0,-157.0,-157.0,-156.5,-157.0,-157.0,-156.0,-157.0,-153.5,-156.0,-157.0,-154.5,-157.0,-157.0,-156.5,-149.5,-152.0,-157.0,-152.0,-152.0,-157.0,-156.0,-156.0,-152.0,-152.0,-157.0,-157.0,-157.0,-155.5,-154.5,-157.0,-157.0,-157.0,-157.0,-155.0,-157.0,-154.5,-157.0,-157.0,-157.0,-157.0,-151.5,-152.0,-157.0,-154.5,-150.5,-157.0,-157.0,-156.5,-152.0,-157.0,-157.0,-152.5,-152.5,-157.0,-157.0,-151.0,-151.5,-157.0,-157.0,-153.5,-157.0,-156.5,-153.5,-155.5,-156.5,-157.0,-157.0,-151.5,-152.5,-157.0,-157.0,-157.0,-154.0,-157.0,-157.0,-157.0,-157.0,-157.0,-157.0,-157.0,-152.5,-157.0,-157.0,-157.0,-157.0,-157.0,-154.5,-155.0,-153.5,-155.5,-156.0,-157.0,-157.0,-153.5,-157.0,-153.0,-155.0,-151.0,-156.0,-156.0,-151.5,-157.0,-156.0,-155.5,-156.5,-157.0,-157.0,-157.0,-157.0,-156.5,-155.0,-154.5,-155.5,-150.5,-152.5,-155.0,-157.0,-157.0,-157.0,-157.0,-153.0,-151.5,-157.0,-157.0,-157.0,-157.0,-157.0,-157.0,-157.0,-157.0,-155.0,-155.0,-157.0,-157.0,-155.0,-154.0,-153.5,-152.5,-151.0,-154.0,-157.0,-153.0,-151.5,-157.0,-157.0,-157.0,-157.0,-157.0,-157.0,-157.0,-155.5,-152.5,-151.0,-155.0,-152.0,-155.0,-154.5,-154.0,-154.5,-157.0,-157.0,-157.0,-157.0,-157.0,-157.0,-157.0,-148.0,-140.0,-141.0,-149.5,-157.0,-157.0,-152.0,-156.0,-153.5,-147.5,-151.0,-157.0,-153.5,-150.0,-150.0,-153.0,-155.0,-155.5,-157.0,-157.0,-157.0,-157.0,-151.5,-153.5,-157.0,-157.0,-157.0,-155.5,-152.0,-151.0,-157.0,-157.0,-157.0,-156.0,-157.0,-152.5,-151.5,-153.5,-154.5,-157.0,-157.0,-157.0,-156.0,-157.0,-157.0,-157.0,-157.0,-151.0,-151.5,-157.0,-157.0,-154.5,-156.0,-155.5,-154.0,-153.0,-154.5,-154.0,-154.5,-157.0,-155.5,-157.0,-155.0,-156.0,-157.0,-153.5,-152.5,-157.0,-157.0,-156.5,-157.0,-152.0,-151.0,-156.5,-154.5,-151.5,-157.0,-155.5,-153.0,-157.0,-153.0,-155.0,-155.5,-157.0,-157.0,-157.0,-157.0,-157.0,-156.5,-157.0,-155.0,-156.5,-157.0,-154.0,-156.5,-157.0,-152.0,-152.5,-157.0,-153.5,-155.5,-152.0,-154.5,-154.0,-154.5,-155.5,-155.0,-155.0,-157.0,-155.5,-157.0,-153.5,-153.0,-157.0,-157.0,-157.0,-156.5,-156.5,-157.0,-157.0,-157.0,-157.0,-157.0,-156.0,-157.0,-157.0,-157.0,-157.0,-157.0,-157.0,-157.0,-157.0,-157.0,-155.5,-157.0,-157.0,-157.0,-155.0,-157.0,-157.0,-156.5,-157.0,-157.0,-157.0,-157.0,-153.5,-156.0,-157.0,-157.0,-156.0,-157.0,-157.0,-157.0,-157.0,-157.0,-153.5,-154.5,-157.0,-155.5,-157.0,-157.0,-157.0,-152.5,-154.5,-157.0,-157.0,-155.0,-155.5,-157.0,-155.5,-157.0,-157.0,-155.5,-157.0,-157.0,-157.0,-157.0,-157.0,-157.0,-155.5,-153.5,-157.0,-157.0,-154.5,-150.0,-152.0,-157.0,-157.0,-156.0,-157.0,-157.0,-157.0,-157.0,-152.0,-157.0,-154.5,-157.0,-157.0,-157.0,-157.0,-157.0,-157.0,-157.0,-153.0,-153.5,-157.0,-157.0,-156.5,-154.5,-157.0,-155.0,-157.0,-157.0,-157.0,-157.0,-157.0,-156.5,-157.0,-157.0,-157.0,-153.0,-152.5,-152.0,-152.5,-157.0,-157.0,-157.0,-157.0,-155.0,-157.0,-157.0,-156.5,-157.0,-156.0
2026-01-17 14:24:12.350,143.049967,5,-77,-157.0,-157.0,-151.0,-157.0,-152.0,-152.5,-155.0,-157.0,-157.0,-156.0,-157.0,-156.0,-156.5,-157.0,-151.5,-151.0,-153.5,-157.0,-157.0,-157.0,-157.0,-156.0,-152.5,-151.5,-156.0,-154.5,-157.0,-157.0,-157.0,-157.0,-157.0,-157.0,-155.5,-154.5,-157.0,-156.0,-157.0,-157.0,-155.5,-156.5,-155.0,-157.0,-154.5,-157.0,-157.0,-157.0,-156.0,-157.0,-156.0,-155.0,-157.0,-157.0,-156.0,-157.0,-157.0,-156.0,-153.5,-157.0,-153.5,-157.0,-152.5,-151.0,-156.5,-157.0,-154.0,-152.5,-157.0,-157.0,-157.0,-157.0,-155.5,-153.0,-154.5,-157.0,-157.0,-156.5,-156.5,-152.5,-151.0,-157.0,-156.0,-155.0,-156.0,-157.0,-157.0,-155.0,-157.0,-157.0,-157.0,-150.5,-152.0,-153.0,-151.5,-157.0,-157.0,-156.0,-157.0,-153.5,-153.5,-155.5,-155.5,-157.0,-157.0,-157.0,-157.0,-157.0,-157.0,-155.0,-154.5,-157.0,-154.5,-156.0,-157.0,-157.0,-157.0,-152.5,-152.0,-157.0,-153.5,-152.0,-157.0,-156.0,-157.0,-152.5,-157.0,-157.0,-155.0,-153.0,-156.5,-157.0,-156.0,-156.5,-153.5,-151.5,-154.5,-157.0,-157.0,-157.0,-157.0,-157.0,-157.0,-156.0,-152.0,-151.5,-157.0,-157.0,-157.0,-154.0,-157.0,-157.0,-157.0,-157.0,-157.0,-156.0,-157.0,-152.5,-157.0,-157.0,-157.0,-157.0,-157.0,-152.0,-152.0,-157.0,-154.0,-155.0,-157.0,-157.0,-156.0,-157.0,-152.5,-152.0,-154.0,-157.0,-157.0,-152.5,-155.5,-157.0,-154.5,-157.0,-157.0,-157.0,-157.0,-157.0,-155.5,-156.5,-157.0,-157.0,-153.0,-152.5,-157.0,-157.0,-157.0,-157.0,-157.0,-157.0,-155.0,-156.5,-155.5,-157.0,-157.0,-157.0,-157.0,-157.0,-157.0,-154.5,-153.5,-155.0,-157.0,-155.5,-154.0,-157.0,-155.5,-153.5,-153.5,-157.0,-157.0,-156.0,-157.0,-157.0,-156.0,-157.0,-157.0,-157.0,-157.0,-157.0,-157.0,-151.5,-152.5,-154.0,-157.0,-157.0,-154.5,-157.0,-157.0,-156.0,-157.0,-157.0,-157.0,-155.0,-155.0,-148.5,-145.0,-146.5,-149.5,-157.0,-157.0,-151.5,-153.5,-149.5,-147.5,-157.0,-157.0,-152.0,-151.0,-153.5,-153.0,-154.5,-156.0,-157.0,-157.0,-157.0,-157.0,-152.0,-153.5,-156.0,-157.0,-157.0,-157.0,-156.5,-155.0,-157.0,-157.0,-157.0,-157.0,-156.5,-155.5,-154.5,-154.5,-153.5,-157.0,-154.5,-153.5,-156.0,-155.5,-154.5,-157.0,-153.0,-152.5,-157.0,-157.0,-157.0,-157.0,-157.0,-156.5,-157.0,-152.5,-153.0,-153.0,-157.0,-157.0,-154.0,-157.0,-157.0,-157.0,-157.0,-155.0,-152.5,-157.0,-157.0,-157.0,-156.5,-157.0,-155.5,-157.0,-157.0,-152.5,-153.0,-154.0,-153.0,-154.5,-153.0,-151.0,-157.0,-157.0,-157.0,-157.0,-157.0,-157.0,-156.0,-157.0,-154.0,-155.5,-157.0,-151.0,-150.5,-157.0,-156.5,-157.0,-155.5,-155.5,-157.0,-156.5,-157.0,-155.0,-157.0,-157.0,-157.0,-157.0,-157.0,-157.0,-157.0,-157.0,-155.5,-155.0,-154.0,-155.0,-157.0,-157.0,-155.5,-157.0,-157.0,-157.0,-155.5,-152.5,-157.0,-155.5,-157.0,-157.0,-157.0,-157.0,-156.0,-155.0,-157.0,-155.0,-157.0,-157.0,-157.0,-154.5,-155.5,-156.0,-152.0,-151.0,-153.0,-154.5,-157.0,-154.0,-154.5,-156.5,-157.0,-152.5,-153.0,-155.5,-154.0,-157.0,-151.5,-151.0,-152.0,-155.0,-157.0,-157.0,-157.0,-157.0,-154.0,-155.0,-157.0,-157.0,-156.5,-154.5,-155.0,-153.0,-157.0,-157.0,-156.5,-157.0,-157.0,-157.0,-157.0,-157.0,-157.0,-157.0,-152.0,-154.0,-157.0,-157.0,-153.0,-151.5,-154.0,-157.0,-156.0,-157.0,-157.0,-157.0,-156.5,-156.5,-154.0,-154.5,-157.0,-157.0,-157.0,-157.0,-157.0,-157.0,-154.0,-154.0,-154.5,-157.0,-157.0,-153.5,-154.5,-157.0,-157.0,-157.0,-157.0,-157.0,-157.0,-157.0,-157.0,-157.0,-157.0,-157.0,-157.0,-151.5,-153.0,-154.0,-157.0,-155.0,-157.0,-157.0,-157.0,-157.0,-157.0,-152.5,-157.0,-156.5
2026-01-17 14:24:12.381,143.049967,5,-77,-157.0,-157.0,-151.0,-157.0,-153.0,-150.5,-151.0,-157.0,-157.0,-157.0,-154.5,-156.0,-156.0,-157.0,-152.5,-150.5,-157.0,-156.0,-154.5,-152.0,-157.0,-154.5,-157.0,-155.0,-153.5,-152.0,-157.0,-157.0,-157.0,-157.0,-157.0,-157.0,-156.5,-155.5,-156.0,-156.5,-157.0,-157.0,-157.0,-156.0,-154.5,-155.5,-157.0,-157.0,-157.0,-154.5,-154.5,-153.0,-151.5,-152.5,-157.0,-154.5,-150.5,-153.0,-153.5,-153.5,-155.5,-154.0,-153.5,-157.0,-153.0,-150.5,-157.0,-155.0,-151.0,-155.0,-155.5,-157.0,-157.0,-157.0,-157.0,-154.0,-157.0,-157.0,-157.0,-157.0,-157.0,-152.5,-151.0,-157.0,-157.0,-154.5,-157.0,-157.0,-157.0,-157.0,-157.0,-157.0,-157.0,-157.0,-157.0,-154.0,-153.5,-157.0,-156.5,-157.0,-156.5,-152.5,-154.0,-156.5,-157.0,-157.0,-157.0,-156.0,-155.5,-157.0,-157.0,-155.0,-157.0,-157.0,-151.5,-156.0,-157.0,-157.0,-157.0,-157.0,-157.0,-155.0,-151.0,-152.0,-157.0,-154.0,-157.0,-152.5,-157.0,-157.0,-155.0,-154.0,-156.0,-157.0,-157.0,-157.0,-151.5,-148.0,-152.0,-157.0,-155.5,-154.5,-157.0,-157.0,-157.0,-157.0,-153.5,-152.0,-157.0,-157.0,-157.0,-154.0,-154.5,-157.0,-157.0,-157.0,-156.5,-156.0,-157.0,-154.0,-157.0,-157.0,-157.0,-153.0,-157.0,-152.5,-152.5,-157.0,-155.5,-157.0,-157.0,-157.0,-157.0,-157.0,-154.0,-157.0,-157.0,-157.0,-157.0,-152.5,-157.0,-156.0,-154.0,-156.0,-157.0,-157.0,-157.0,-157.0,-157.0,-157.0,-157.0,-156.5,-157.0,-157.0,-157.0,-157.0,-157.0,-157.0,-157.0,-157.0,-156.0,-154.0,-157.0,-157.0,-157.0,-157.0,-156.5,-157.0,-157.0,-153.5,-152.5,-154.0,-154.5,-157.0,-157.0,-157.0,-157.0,-157.0,-154.5,-157.0,-157.0,-157.0,-157.0,-157.0,-156.5,-157.0,-157.0,-157.0,-157.0,-157.0,-157.0,-157.0,-156.0,-157.0,-157.0,-157.0,-155.5,-157.0,-157.0,-156.5,-157.0,-157.0,-156.5,-156.5,-156.0,-153.5,-154.0,-149.0,-151.0,-157.0,-154.5,-152.0,-157.0,-152.5,-152.0,-157.0,-157.0,-156.5,-156.0,-157.0,-153.5,-153.0,-153.0,-154.0,-155.5,-157.0,-153.5,-152.0,-157.0,-156.0,-153.5,-155.0,-157.0,-157.0,-156.0,-156.0,-157.0,-157.0,-155.5,-153.5,-156.0,-157.0,-152.0,-151.5,-156.0,-153.0,-153.0,-157.0,-153.5,-153.5,-152.5,-156.0,-155.0,-157.0,-156.5,-157.0,-157.0,-156.5,-157.0,-157.0,-155.5,-153.5,-154.5,-157.0,-157.0,-154.0,-157.0,-155.0,-157.0,-157.0,-157.0,-155.5,-153.5,-157.0,-157.0,-157.0,-157.0,-157.0,-157.0,-155.5,-157.0,-154.5,-157.0,-157.0,-157.0,-155.5,-153.5,-157.0,-157.0,-157.0,-157.0,-156.5,-157.0,-156.5,-156.0,-150.0,-152.5,-155.5,-153.5,-153.5,-157.0,-157.0,-157.0,-157.0,-157.0,-155.0,-156.5,-157.0,-154.5,-157.0,-156.0,-157.0,-157.0,-157.0,-157.0,-155.0,-157.0,-157.0,-156.5,-151.5,-151.0,-157.0,-157.0,-154.0,-156.5,-157.0,-155.5,-151.0,-151.5,-157.0,-156.0,-157.0,-157.0,-155.5,-155.5,-155.0,-151.5,-155.0,-154.0,-155.5,-156.5,-153.5,-156.5,-153.5,-154.0,-151.5,-152.5,-151.5,-154.5,-157.0,-156.5,-155.0,-155.5,-157.0,-150.0,-150.0,-153.0,-154.0,-157.0,-152.0,-154.0,-155.5,-157.0,-157.0,-157.0,-157.0,-157.0,-157.0,-157.0,-155.5,-155.0,-157.0,-157.0,-153.0,-154.0,-157.0,-155.5,-157.0,-157.0,-157.0,-157.0,-157.0,-157.0,-157.0,-157.0,-152.0,-154.5,-157.0,-157.0,-157.0,-155.5,-153.0,-157.0,-157.0,-157.0,-157.0,-157.0,-152.5,-155.5,-154.5,-157.0,-157.0,-157.0,-156.0,-157.0,-157.0,-157.0,-154.0,-156.0,-153.0,-157.0,-157.0,-154.0,-156.5,-154.5,-157.0,-155.5,-157.0,-157.0,-157.0,-157.0,-157.0,-157.0,-157.0,-157.0,-157.0,-157.0,-157.0,-157.0,-157.0,-157.0,-157.0,-157.0,-157.0,-157.0,-155.5,-151.5,-157.0,-149.0
2026-01-17 14:24:12.381,143.049967,5,-77,-157.0,-157.0,-151.0,-157.0,-153.0,-150.5,-151.0,-157.0,-157.0,-157.0,-154.5,-156.0,-156.0,-157.0,-152.5,-150.5,-157.0,-156.0,-154.5,-152.0,-157.0,-154.5,-157.0,-155.0,-153.5,-152.0,-157.0,-157.0,-157.0,-157.0,-157.0,-157.0,-156.5,-155.5,-156.0,-156.5,-157.0,-157.0,-157.0,-156.0,-154.5,-155.5,-157.0,-157.0,-157.0,-154.5,-154.5,-153.0,-151.5,-152.5,-157.0,-154.5,-150.5,-153.0,-153.5,-153.5,-155.5,-154.0,-153.5,-157.0,-153.0,-150.5,-157.0,-155.0,-151.0,-155.0,-155.5,-157.0,-157.0,-157.0,-157.0,-154.0,-157.0,-157.0,-157.0,-157.0,-157.0,-152.5,-151.0,-157.0,-157.0,-154.5,-157.0,-157.0,-157.0,-157.0,-157.0,-157.0,-157.0,-157.0,-157.0,-154.0,-153.5,-157.0,-156.5,-157.0,-156.5,-152.5,-154.0,-156.5,-157.0,-157.0,-157.0,-156.0,-155.5,-157.0,-157.0,-155.0,-157.0,-157.0,-151.5,-156.0,-157.0,-157.0,-157.0,-157.0,-157.0,-155.0,-151.0,-152.0,-157.0,-154.0,-157.0,-152.5,-157.0,-157.0,-155.0,-154.0,-156.0,-157.0,-157.0,-157.0,-151.5,-148.0,-152.0,-157.0,-155.5,-154.5,-157.0,-157.0,-157.0,-157.0,-153.5,-152.0,-157.0,-157.0,-157.0,-154.0,-154.5,-157.0,-157.0,-157.0,-156.5,-156.0,-157.0,-154.0,-157.0,-157.0,-157.0,-153.0,-157.0,-152.5,-152.5,-157.0,-155.5,-157.0,-157.0,-157.0,-157.0,-157.0,-154.0,-157.0,-157.0,-157.0,-157.0,-152.5,-157.0,-156.0,-154.0,-156.0,-157.0,-157.0,-157.0,-157.0,-157.0,-157.0,-157.0,-156.5,-157.0,-157.0,-157.0,-157.0,-157.0,-157.0,-157.0,-157.0,-156.0,-154.0,-157.0,-157.0,-157.0,-157.0,-156.5,-157.0,-157.0,-153.5,-152.5,-154.0,-154.5,-157.0,-157.0,-157.0,-157.0,-157.0,-154.5,-157.0,-157.0,-157.0,-157.0,-157.0,-156.5,-157.0,-157.0,-157.0,-157.0,-157.0,-157.0,-157.0,-156.0,-157.0,-157.0,-157.0,-155.5,-157.0,-157.0,-156.5,-157.0,-157.0,-156.5,-156.5,-156.0,-153.5,-154.0,-149.0,-151.0,-157.0,-154.5,-152.0,-157.0,-152.5,-152.0,-157.0,-157.0,-156.5,-156.0,-157.0,-153.5,-153.0,-153.0,-154.0,-155.5,-157.0,-153.5,-152.0,-157.0,-156.0,-153.5,-155.0,-157.0,-157.0,-156.0,-156.0,-157.0,-157.0,-155.5,-153.5,-156.0,-157.0,-152.0,-151.5,-156.0,-153.0,-153.0,-157.0,-153.5,-153.5,-152.5,-156.0,-155.0,-157.0,-156.5,-157.0,-157.0,-156.5,-157.0,-157.0,-155.5,-153.5,-154.5,-157.0,-157.0,-154.0,-157.0,-155.0,-157.0,-157.0,-157.0,-155.5,-153.5,-157.0,-157.0,-157.0,-157.0,-157.0,-157.0,-155.5,-157.0,-154.5,-157.0,-157.0,-157.0,-155.5,-153.5,-157.0,-157.0,-157.0,-157.0,-156.5,-157.0,-156.5,-156.0,-150.0,-152.5,-155.5,-153.5,-153.5,-157.0,-157.0,-157.0,-157.0,-157.0,-155.0,-156.5,-157.0,-154.5,-157.0,-156.0,-157.0,-157.0,-157.0,-157.0,-155.0,-157.0,-157.0,-156.5,-151.5,-151.0,-157.0,-157.0,-154.0,-156.5,-157.0,-155.5,-151.0,-151.5,-157.0,-156.0,-157.0,-157.0,-155.5,-155.5,-155.0,-151.5,-155.0,-154.0,-155.5,-156.5,-153.5,-156.5,-153.5,-154.0,-151.5,-152.5,-151.5,-154.5,-157.0,-156.5,-155.0,-155.5,-157.0,-150.0,-150.0,-153.0,-154.0,-157.0,-152.0,-154.0,-155.5,-157.0,-157.0,-157.0,-157.0,-157.0,-157.0,-157.0,-155.5,-155.0,-157.0,-157.0,-153.0,-154.0,-157.0,-155.5,-157.0,-157.0,-157.0,-157.0,-157.0,-157.0,-157.0,-157.0,-152.0,-154.5,-157.0,-157.0,-157.0,-155.5,-153.0,-157.0,-157.0,-157.0,-157.0,-157.0,-152.5,-155.5,-154.5,-157.0,-157.0,-157.0,-156.0,-157.0,-157.0,-157.0,-154.0,-156.0,-153.0,-157.0,-157.0,-154.0,-156.5,-154.5,-157.0,-155.5,-157.0,-157.0,-157.0,-157.0,-157.0,-157.0,-157.0,-157.0,-157.0,-157.0,-157.0,-157.0,-157.0,-157.0,-157.0,-157.0,-157.0,-157.0,-155.5,-151.5,-157.0,-149.0
2026-01-17 14:24:12.382,143.049967,5,-77,-157.0,-157.0,-151.0,-157.0,-153.0,-150.5,-151.0,-157.0,-157.0,-157.0,-154.5,-156.0,-156.0,-157.0,-152.5,-150.5,-157.0,-156.0,-154.5,-152.0,-157.0,-154.5,-157.0,-155.0,-153.5,-152.0,-157.0,-157.0,-157.0,-157.0,-157.0,-157.0,-156.5,-155.5,-156.0,-156.5,-157.0,-157.0,-157.0,-156.0,-154.5,-155.5,-157.0,-157.0,-157.0,-154.5,-154.5,-153.0,-151.5,-152.5,-157.0,-154.5,-150.5,-153.0,-153.5,-153.5,-155.5,-154.0,-153.5,-157.0,-153.0,-150.5,-157.0,-155.0,-151.0,-155.0,-155.5,-157.0,-157.0,-157.0,-157.0,-154.0,-157.0,-157.0,-157.0,-157.0,-157.0,-152.5,-151.0,-157.0,-157.0,-154.5,-157.0,-157.0,-157.0,-157.0,-157.0,-157.0,-157.0,-157.0,-157.0,-154.0,-153.5,-157.0,-156.5,-157.0,-156.5,-152.5,-154.0,-156.5,-157.0,-157.0,-157.0,-156.0,-155.5,-157.0,-157.0,-155.0,-157.0,-157.0,-151.5,-156.0,-157.0,-157.0,-157.0,-157.0,-157.0,-155.0,-151.0,-152.0,-157.0,-154.0,-157.0,-152.5,-157.0,-157.0,-155.0,-154.0,-156.0,-157.0,-157.0,-157.0,-151.5,-148.0,-152.0,-157.0,-155.5,-154.5,-157.0,-157.0,-157.0,-157.0,-153.5,-152.0,-157.0,-157.0,-157.0,-154.0,-154.5,-157.0,-157.0,-157.0,-156.5,-156.0,-157.0,-154.0,-157.0,-157.0,-157.0,-153.0,-157.0,-152.5,-152.5,-157.0,-155.5,-157.0,-157.0,-157.0,-157.0,-157.0,-154.0,-157.0,-157.0,-157.0,-157.0,-152.5,-157.0,-156.0,-154.0,-156.0,-157.0,-157.0,-157.0,-157.0,-157.0,-157.0,-157.0,-156.5,-157.0,-157.0,-157.0,-157.0,-157.0,-157.0,-157.0,-157.0,-156.0,-154.0,-157.0,-157.0,-157.0,-157.0,-156.5,-157.0,-157.0,-153.5,-152.5,-154.0,-154.5,-157.0,-157.0,-157.0,-157.0,-157.0,-154.5,-157.0,-157.0,-157.0,-157.0,-157.0,-156.5,-157.0,-157.0,-157.0,-157.0,-157.0,-157.0,-157.0,-156.0,-157.0,-157.0,-157.0,-155.5,-157.0,-157.0,-156.5,-157.0,-157.0,-156.5,-156.5,-156.0,-153.5,-154.0,-149.0,-151.0,-157.0,-154.5,-152.0,-157.0,-152.5,-152.0,-157.0,-157.0,-156.5,-156.0,-157.0,-153.5,-153.0,-153.0,-154.0,-155.5,-157.0,-153.5,-152.0,-157.0,-156.0,-153.5,-155.0,-157.0,-157.0,-156.0,-156.0,-157.0,-157.0,-155.5,-153.5,-156.0,-157.0,-152.0,-151.5,-156.0,-153.0,-153.0,-157.0,-153.5,-153.5,-152.5,-156.0,-155.0,-157.0,-156.5,-157.0,-157.0,-156.5,-157.0,-157.0,-155.5,-153.5,-154.5,-157.0,-157.0,-154.0,-157.0,-155.0,-157.0,-157.0,-157.0,-155.5,-153.5,-157.0,-157.0,-157.0,-157.0,-157.0,-157.0,-155.5,-157.0,-154.5,-157.0,-157.0,-157.0,-155.5,-153.5,-157.0,-157.0,-157.0,-157.0,-156.5,-157.0,-156.5,-156.0,-150.0,-152.5,-155.5,-153.5,-153.5,-157.0,-157.0,-157.0,-157.0,-157.0,-155.0,-156.5,-157.0,-154.5,-157.0,-156.0,-157.0,-157.0,-157.0,-157.0,-155.0,-157.0,-157.0,-156.5,-151.5,-151.0,-157.0,-157.0,-154.0,-156.5,-157.0,-155.5,-151.0,-151.5,-157.0,-156.0,-157.0,-157.0,-155.5,-155.5,-155.0,-151.5,-155.0,-154.0,-155.5,-156.5,-153.5,-156.5,-153.5,-154.0,-151.5,-152.5,-151.5,-154.5,-157.0,-156.5,-155.0,-155.5,-157.0,-150.0,-150.0,-153.0,-154.0,-157.0,-152.0,-154.0,-155.5,-157.0,-157.0,-157.0,-157.0,-157.0,-157.0,-157.0,-155.5,-155.0,-157.0,-157.0,-153.0,-154.0,-157.0,-155.5,-157.0,-157.0,-157.0,-157.0,-157.0,-157.0,-157.0,-157.0,-152.0,-154.5,-157.0,-157.0,-157.0,-155.5,-153.0,-157.0,-157.0,-157.0,-157.0,-157.0,-152.5,-155.5,-154.5,-157.0,-157.0,-157.0,-156.0,-157.0,-157.0,-157.0,-154.0,-156.0,-153.0,-157.0,-157.0,-154.0,-156.5,-154.5,-157.0,-155.5,-157.0,-157.0,-157.0,-157.0,-157.0,-157.0,-157.0,-157.0,-157.0,-157.0,-157.0,-157.0,-157.0,-157.0,-157.0,-157.0,-157.0,-157.0,-155.5,-151.5,-157.0,-149.0
2026-01-17 14:24:12.410,143.049967,5,-77,-157.0,-157.0,-155.5,-155.5,-155.0,-151.5,-150.5,-157.0,-157.0,-157.0,-156.0,-157.0,-157.0,-157.0,-157.0,-156.0,-157.0,-152.5,-152.5,-154.0,-157.0,-151.0,-152.0,-157.0,-151.5,-151.5,-155.5,-157.0,-157.0,-157.0,-157.0,-157.0,-157.0,-157.0,-154.5,-154.0,-154.5,-156.5,-157.0,-155.5,-157.0,-157.0,-157.0,-155.0,-156.5,-157.0,-157.0,-155.0,-153.0,-157.0,-157.0,-156.0,-152.5,-154.0,-154.0,-152.5,-155.0,-154.5,-157.0,-157.0,-154.5,-153.0,-156.5,-154.0,-150.0,-154.5,-153.0,-155.5,-156.0,-157.0,-155.5,-153.0,-157.0,-157.0,-156.5,-154.0,-157.0,-157.0,-153.5,-153.5,-156.5,-152.5,-156.0,-157.0,-157.0,-157.0,-157.0,-157.0,-157.0,-157.0,-157.0,-155.5,-152.5,-154.0,-157.0,-157.0,-157.0,-155.0,-157.0,-155.5,-154.5,-156.5,-157.0,-157.0,-157.0,-157.0,-157.0,-157.0,-157.0,-157.0,-150.5,-156.0,-157.0,-157.0,-154.0,-157.0,-155.5,-153.0,-155.0,-157.0,-154.5,-153.5,-154.0,-153.5,-156.0,-156.5,-153.5,-153.5,-157.0,-157.0,-156.5,-157.0,-157.0,-148.0,-154.0,-155.5,-151.5,-152.0,-157.0,-157.0,-157.0,-157.0,-153.0,-156.5,-157.0,-156.5,-157.0,-156.5,-153.0,-157.0,-157.0,-157.0,-154.0,-157.0,-157.0,-157.0,-157.0,-155.5,-157.0,-154.0,-157.0,-154.5,-152.5,-157.0,-157.0,-155.0,-156.5,-155.5,-156.5,-157.0,-154.5,-157.0,-157.0,-157.0,-156.5,-151.5,-154.0,-155.5,-152.0,-151.0,-154.5,-157.0,-157.0,-157.0,-155.0,-155.5,-157.0,-156.0,-155.5,-156.5,-156.0,-157.0,-157.0,-157.0,-156.0,-154.0,-152.5,-153.5,-157.0,-157.0,-157.0,-157.0,-154.5,-155.0,-157.0,-157.0,-154.5,-156.5,-156.5,-157.0,-157.0,-157.0,-154.0,-156.5,-152.0,-153.5,-157.0,-157.0,-157.0,-155.5,-154.0,-156.5,-157.0,-157.0,-157.0,-157.0,-157.0,-156.5,-157.0,-157.0,-157.0,-157.0,-157.0,-157.0,-156.0,-157.0,-157.0,-157.0,-151.5,-153.5,-156.5,-157.0,-149.5,-148.0,-153.0,-157.0,-151.0,-152.0,-157.0,-157.0,-155.5,-157.0,-157.0,-157.0,-157.0,-153.5,-152.0,-154.0,-156.0,-157.0,-157.0,-157.0,-156.0,-153.0,-157.0,-157.0,-155.5,-153.0,-157.0,-157.0,-150.5,-152.5,-157.0,-154.5,-153.5,-154.0,-156.5,-157.0,-154.0,-156.0,-157.0,-154.5,-157.0,-157.0,-157.0,-157.0,-151.5,-153.5,-154.0,-157.0,-155.0,-156.5,-156.0,-154.0,-156.5,-157.0,-155.5,-156.5,-157.0,-157.0,-157.0,-156.5,-157.0,-150.5,-153.0,-157.0,-157.0,-155.5,-154.5,-157.0,-153.5,-155.0,-157.0,-157.0,-157.0,-156.5,-157.0,-156.5,-157.0,-157.0,-157.0,-157.0,-156.5,-157.0,-157.0,-156.0,-157.0,-157.0,-157.0,-157.0,-151.0,-151.5,-151.5,-156.0,-157.0,-157.0,-155.5,-155.0,-157.0,-157.0,-157.0,-151.5,-157.0,-157.0,-155.5,-154.5,-156.0,-157.0,-157.0,-157.0,-157.0,-153.0,-155.0,-157.0,-157.0,-151.5,-153.0,-157.0,-157.0,-156.5,-156.5,-157.0,-157.0,-156.0,-156.5,-157.0,-156.5,-157.0,-157.0,-157.0,-157.0,-151.5,-149.0,-155.5,-157.0,-153.5,-155.0,-155.0,-157.0,-155.5,-155.0,-153.0,-157.0,-157.0,-157.0,-156.0,-153.5,-155.5,-153.5,-151.0,-148.5,-151.5,-154.0,-153.0,-157.0,-156.5,-154.0,-151.5,-157.0,-156.5,-157.0,-156.5,-157.0,-157.0,-157.0,-157.0,-154.0,-157.0,-157.0,-157.0,-157.0,-157.0,-157.0,-157.0,-156.5,-157.0,-157.0,-154.5,-154.0,-157.0,-155.5,-153.5,-157.0,-157.0,-157.0,-153.0,-152.0,-150.5,-157.0,-157.0,-156.5,-155.0,-157.0,-151.5,-151.5,-156.5,-155.0,-154.0,-157.0,-152.0,-151.5,-157.0,-157.0,-156.5,-157.0,-153.0,-157.0,-153.5,-154.0,-157.0,-157.0,-157.0,-157.0,-157.0,-155.5,-157.0,-156.5,-156.5,-157.0,-157.0,-157.0,-155.5,-157.0,-157.0,-157.0,-157.0,-157.0,-156.0,-157.0,-157.0,-155.5,-155.0,-153.0,-157.0,-150.0
2026-01-17 14:24:12.452,143.049967,5,-77,-157.0,-157.0,-157.0,-156.0,-155.0,-152.5,-153.0,-157.0,-157.0,-157.0,-157.0,-157.0,-157.0,-156.5,-155.5,-155.0,-157.0,-157.0,-155.0,-157.0,-154.0,-151.5,-152.0,-157.0,-156.0,-157.0,-157.0,-157.0,-157.0,-157.0,-157.0,-157.0,-157.0,-157.0,-152.5,-153.0,-153.5,-154.0,-153.0,-152.5,-157.0,-156.0,-155.0,-155.0,-157.0,-157.0,-157.0,-157.0,-155.5,-156.0,-155.5,-157.0,-157.0,-157.0,-157.0,-156.0,-153.0,-151.5,-157.0,-157.0,-157.0,-157.0,-157.0,-157.0,-151.5,-152.0,-152.0,-153.0,-152.5,-154.5,-153.0,-151.5,-157.0,-157.0,-153.5,-150.0,-151.0,-157.0,-156.0,-155.0,-157.0,-152.5,-153.0,-157.0,-156.5,-154.5,-157.0,-154.0,-156.0,-157.0,-156.5,-157.0,-155.5,-155.5,-157.0,-157.0,-155.0,-155.5,-157.0,-154.0,-152.5,-155.0,-157.0,-153.0,-156.5,-157.0,-156.0,-157.0,-157.0,-157.0,-153.0,-156.0,-157.0,-156.0,-152.5,-157.0,-157.0,-156.0,-157.0,-157.0,-153.5,-152.5,-151.5,-155.0,-155.0,-157.0,-157.0,-154.5,-157.0,-157.0,-155.0,-154.5,-156.0,-148.5,-149.0,-152.5,-154.0,-155.5,-157.0,-157.0,-157.0,-157.0,-153.5,-157.0,-157.0,-156.0,-157.0,-157.0,-154.5,-157.0,-157.0,-157.0,-154.0,-157.0,-157.0,-157.0,-157.0,-153.5,-155.5,-157.0,-157.0,-157.0,-154.5,-157.0,-156.0,-153.0,-154.5,-157.0,-154.5,-155.5,-154.5,-156.0,-157.0,-157.0,-153.5,-150.0,-157.0,-154.0,-155.0,-155.0,-156.5,-156.0,-157.0,-156.5,-157.0,-157.0,-157.0,-156.5,-156.5,-153.5,-153.5,-157.0,-154.5,-157.0,-154.5,-154.5,-155.0,-156.5,-157.0,-157.0,-157.0,-157.0,-157.0,-154.5,-157.0,-155.5,-154.0,-155.5,-157.0,-157.0,-157.0,-156.5,-156.5,-157.0,-155.0,-151.0,-154.5,-157.0,-157.0,-154.0,-154.0,-157.0,-157.0,-157.0,-157.0,-156.0,-157.0,-157.0,-157.0,-157.0,-157.0,-156.5,-157.0,-157.0,-156.0,-156.5,-157.0,-157.0,-150.5,-152.0,-154.0,-154.5,-150.5,-149.0,-155.5,-157.0,-155.5,-155.0,-157.0,-155.0,-153.0,-155.0,-157.0,-157.0,-155.5,-157.0,-153.5,-157.0,-157.0,-157.0,-157.0,-157.0,-157.0,-152.5,-157.0,-157.0,-157.0,-153.0,-155.0,-152.5,-149.5,-153.0,-157.0,-152.0,-152.5,-157.0,-157.0,-155.5,-156.0,-157.0,-157.0,-154.5,-157.0,-157.0,-157.0,-157.0,-157.0,-155.5,-155.0,-155.0,-154.5,-155.5,-156.0,-153.5,-157.0,-157.0,-152.0,-150.5,-155.0,-157.0,-157.0,-157.0,-157.0,-149.5,-151.5,-157.0,-150.5,-151.5,-157.0,-157.0,-152.5,-152.5,-157.0,-157.0,-157.0,-157.0,-157.0,-157.0,-157.0,-157.0,-157.0,-153.5,-157.0,-157.0,-154.5,-154.5,-157.0,-156.0,-157.0,-157.0,-152.0,-155.0,-152.5,-157.0,-157.0,-157.0,-157.0,-155.5,-156.0,-155.5,-157.0,-152.5,-156.5,-156.5,-156.5,-157.0,-157.0,-157.0,-157.0,-157.0,-157.0,-152.0,-156.0,-157.0,-157.0,-151.5,-155.0,-155.0,-157.0,-156.0,-154.5,-157.0,-155.0,-157.0,-157.0,-155.5,-155.0,-157.0,-157.0,-157.0,-157.0,-151.5,-149.5,-157.0,-157.0,-154.5,-157.0,-157.0,-157.0,-157.0,-155.0,-157.0,-155.0,-157.0,-157.0,-157.0,-153.5,-157.0,-154.0,-153.5,-151.0,-155.0,-155.5,-154.5,-157.0,-154.5,-153.0,-151.0,-155.5,-154.5,-153.0,-153.5,-157.0,-157.0,-157.0,-157.0,-156.0,-157.0,-157.0,-157.0,-157.0,-157.0,-157.0,-155.0,-151.5,-155.5,-157.0,-153.5,-153.0,-154.5,-152.5,-154.5,-157.0,-153.0,-155.0,-155.5,-150.5,-149.5,-157.0,-157.0,-157.0,-154.0,-154.5,-154.0,-155.5,-157.0,-154.0,-151.5,-157.0,-155.0,-152.0,-157.0,-157.0,-157.0,-157.0,-152.0,-155.5,-152.5,-157.0,-153.5,-157.0,-157.0,-157.0,-157.0,-156.0,-156.5,-156.5,-156.0,-155.0,-157.0,-155.5,-154.0,-157.0,-157.0,-157.0,-157.0,-157.0,-156.0,-157.0,-156.0,-156.0,-157.0,-156.0,-157.0,-157.0
2026-01-17 14:24:12.480,143.049967,5,-77,-157.0,-157.0,-154.5,-152.5,-152.5,-157.0,-157.0,-157.0,-157.0,-157.0,-157.0,-156.5,-157.0,-157.0,-151.5,-153.0,-157.0,-157.0,-156.0,-157.0,-156.5,-156.5,-154.5,-157.0,-157.0,-157.0,-157.0,-157.0,-157.0,-157.0,-157.0,-157.0,-154.0,-152.5,-151.5,-155.5,-156.0,-151.5,-153.0,-152.0,-157.0,-155.5,-157.0,-157.0,-157.0,-157.0,-157.0,-151.5,-152.5,-155.5,-153.0,-155.0,-156.0,-157.0,-157.0,-154.5,-152.5,-150.5,-157.0,-157.0,-157.0,-157.0,-157.0,-157.0,-157.0,-152.0,-151.0,-157.0,-153.0,-157.0,-151.0,-149.5,-157.0,-157.0,-157.0,-151.0,-149.0,-151.0,-154.0,-157.0,-157.0,-155.5,-157.0,-157.0,-156.5,-153.0,-157.0,-152.0,-153.5,-157.0,-157.0,-157.0,-157.0,-157.0,-157.0,-157.0,-155.0,-155.5,-157.0,-157.0,-155.0,-157.0,-157.0,-153.0,-154.0,-157.0,-154.0,-153.0,-157.0,-157.0,-156.5,-157.0,-155.5,-151.5,-152.5,-157.0,-157.0,-157.0,-157.0,-156.5,-152.5,-151.0,-152.0,-157.0,-156.0,-157.0,-156.0,-156.0,-157.0,-153.5,-154.5,-157.0,-157.0,-152.5,-148.5,-157.0,-157.0,-157.0,-157.0,-157.0,-157.0,-157.0,-155.5,-155.0,-157.0,-156.5,-156.5,-157.0,-157.0,-157.0,-157.0,-157.0,-153.0,-155.5,-155.0,-155.5,-157.0,-154.0,-155.5,-157.0,-157.0,-154.5,-157.0,-157.0,-153.0,-154.0,-157.0,-157.0,-155.0,-152.5,-152.5,-152.5,-157.0,-157.0,-152.5,-149.5,-155.5,-152.5,-157.0,-157.0,-155.0,-152.0,-156.5,-154.5,-157.0,-157.0,-157.0,-152.5,-153.0,-157.0,-156.5,-157.0,-151.0,-152.5,-152.0,-157.0,-157.0,-157.0,-157.0,-153.5,-157.0,-155.5,-157.0,-157.0,-154.5,-152.0,-155.0,-157.0,-157.0,-157.0,-157.0,-157.0,-157.0,-154.5,-153.0,-152.0,-153.5,-154.0,-157.0,-152.5,-153.0,-157.0,-157.0,-157.0,-157.0,-155.5,-157.0,-157.0,-157.0,-157.0,-157.0,-155.5,-155.5,-154.5,-156.0,-157.0,-157.0,-154.0,-153.0,-157.0,-153.5,-151.0,-151.5,-153.0,-157.0,-157.0,-157.0,-156.0,-155.5,-153.0,-152.0,-156.5,-157.0,-157.0,-156.5,-155.5,-155.0,-156.5,-157.0,-155.5,-156.0,-157.0,-157.0,-150.5,-152.0,-157.0,-156.0,-155.5,-151.5,-149.5,-152.0,-151.0,-157.0,-151.5,-156.0,-157.0,-157.0,-156.5,-156.5,-157.0,-157.0,-157.0,-157.0,-157.0,-157.0,-156.0,-157.0,-157.0,-157.0,-152.5,-153.0,-157.0,-157.0,-157.0,-154.0,-154.5,-152.0,-151.0,-152.5,-157.0,-157.0,-157.0,-157.0,-152.0,-155.5,-152.0,-149.0,-153.0,-157.0,-157.0,-156.0,-156.0,-157.0,-155.5,-157.0,-155.0,-153.5,-157.0,-157.0,-157.0,-153.5,-150.5,-157.0,-157.0,-153.5,-157.0,-151.0,-150.5,-155.5,-157.0,-156.5,-151.5,-150.0,-156.0,-157.0,-157.0,-157.0,-152.5,-150.5,-152.5,-157.0,-155.5,-156.0,-152.5,-154.5,-157.0,-157.0,-157.0,-157.0,-157.0,-154.0,-152.0,-157.0,-156.0,-157.0,-152.5,-152.0,-155.0,-153.0,-154.0,-155.5,-157.0,-153.0,-154.0,-153.0,-153.5,-157.0,-157.0,-157.0,-157.0,-157.0,-156.5,-155.0,-157.0,-157.0,-157.0,-157.0,-156.0,-156.5,-157.0,-155.0,-157.0,-152.0,-154.5,-157.0,-157.0,-153.0,-157.0,-157.0,-157.0,-157.0,-157.0,-156.0,-157.0,-157.0,-151.5,-153.0,-153.0,-157.0,-154.0,-152.0,-152.5,-157.0,-157.0,-157.0,-157.0,-157.0,-157.0,-157.0,-155.5,-157.0,-154.5,-157.0,-153.0,-151.5,-153.0,-154.5,-155.5,-155.5,-154.0,-156.5,-155.0,-157.0,-153.0,-153.0,-157.0,-157.0,-152.0,-155.0,-154.5,-157.0,-155.5,-152.0,-155.0,-157.0,-157.0,-157.0,-153.5,-153.0,-157.0,-156.5,-157.0,-157.0,-155.0,-157.0,-151.0,-154.0,-153.0,-153.5,-149.0,-149.5,-155.0,-157.0,-157.0,-157.0,-157.0,-157.0,-157.0,-156.5,-157.0,-157.0,-156.5,-157.0,-157.0,-157.0,-157.0,-157.0,-155.5,-154.5,-157.0,-156.0,-155.0,-157.0,-157.0,-157.0
2026-01-17 14:24:12.511,143.049967,5,-77,-157.0,-157.0,-153.0,-153.5,-153.0,-157.0,-157.0,-157.0,-157.0,-157.0,-157.0,-157.0,-156.0,-155.0,-150.5,-154.0,-157.0,-157.0,-155.0,-156.0,-157.0,-154.5,-155.0,-157.0,-156.5,-156.5,-157.0,-157.0,-157.0,-157.0,-155.0,-157.0,-152.0,-151.0,-154.5,-155.0,-157.0,-151.0,-155.0,-155.0,-157.0,-157.0,-157.0,-157.0,-157.0,-152.0,-157.0,-149.5,-151.0,-157.0,-153.5,-153.5,-153.5,-157.0,-157.0,-152.5,-154.0,-150.5,-154.5,-157.0,-157.0,-157.0,-157.0,-157.0,-156.0,-154.0,-153.5,-157.0,-153.5,-154.5,-157.0,-150.0,-157.0,-157.0,-157.0,-154.0,-153.0,-150.0,-150.0,-155.5,-157.0,-155.0,-156.5,-157.0,-157.0,-152.0,-155.5,-152.0,-157.0,-157.0,-157.0,-157.0,-157.0,-157.0,-157.0,-157.0,-157.0,-154.0,-154.5,-153.5,-156.0,-157.0,-157.0,-157.0,-153.5,-155.0,-157.0,-153.5,-157.0,-157.0,-155.5,-156.5,-157.0,-151.0,-154.0,-157.0,-154.0,-152.0,-154.0,-156.0,-155.5,-154.5,-152.5,-157.0,-157.0,-156.0,-154.0,-157.0,-157.0,-156.5,-155.5,-157.0,-157.0,-157.0,-152.0,-157.0,-154.5,-156.5,-157.0,-155.5,-153.0,-154.0,-157.0,-154.5,-157.0,-157.0,-156.0,-157.0,-157.0,-157.0,-154.0,-153.5,-153.5,-157.0,-157.0,-155.0,-154.5,-155.0,-157.0,-157.0,-157.0,-151.0,-154.0,-157.0,-153.5,-153.5,-157.0,-157.0,-153.0,-152.5,-152.5,-153.5,-157.0,-157.0,-156.5,-151.0,-151.0,-150.5,-157.0,-153.0,-153.0,-151.0,-157.0,-154.5,-153.0,-157.0,-155.0,-154.0,-153.0,-155.0,-157.0,-157.0,-150.5,-150.5,-154.5,-157.0,-157.0,-157.0,-155.0,-153.0,-154.5,-151.5,-153.0,-157.0,-153.0,-154.5,-157.0,-157.0,-157.0,-157.0,-157.0,-154.0,-157.0,-150.5,-150.0,-154.0,-155.5,-153.0,-153.5,-150.5,-151.5,-152.0,-157.0,-156.5,-157.0,-156.0,-156.5,-156.0,-157.0,-157.0,-157.0,-157.0,-153.5,-157.0,-155.5,-155.5,-157.0,-152.5,-151.5,-157.0,-157.0,-151.0,-154.0,-157.0,-157.0,-157.0,-157.0,-156.5,-154.5,-157.0,-153.0,-157.0,-157.0,-156.5,-156.0,-155.0,-157.0,-152.5,-153.0,-154.0,-157.0,-157.0,-157.0,-153.5,-153.0,-157.0,-155.5,-157.0,-153.0,-153.0,-156.0,-151.0,-152.5,-153.0,-155.5,-157.0,-157.0,-157.0,-157.0,-157.0,-157.0,-157.0,-157.0,-157.0,-157.0,-155.0,-152.5,-157.0,-157.0,-155.5,-156.5,-154.5,-156.0,-154.0,-150.0,-152.0,-157.0,-157.0,-153.0,-155.0,-153.0,-154.0,-157.0,-156.0,-157.0,-153.0,-152.0,-157.0,-157.0,-157.0,-157.0,-157.0,-157.0,-155.0,-157.0,-152.5,-155.5,-157.0,-157.0,-157.0,-153.5,-151.0,-156.0,-154.0,-152.0,-157.0,-150.5,-154.0,-153.0,-157.0,-157.0,-157.0,-149.0,-152.0,-157.0,-157.0,-151.5,-150.0,-153.5,-155.0,-153.5,-152.0,-157.0,-155.0,-155.5,-157.0,-157.0,-155.5,-155.5,-157.0,-157.0,-152.5,-156.5,-153.5,-153.5,-156.0,-155.0,-156.5,-151.5,-156.5,-157.0,-157.0,-154.5,-157.0,-156.0,-155.5,-157.0,-157.0,-157.0,-157.0,-156.5,-157.0,-157.0,-157.0,-157.0,-157.0,-157.0,-157.0,-157.0,-157.0,-154.5,-153.0,-151.5,-155.0,-157.0,-155.0,-152.5,-157.0,-156.5,-157.0,-157.0,-157.0,-154.5,-157.0,-156.5,-154.5,-154.5,-156.0,-157.0,-153.0,-153.5,-153.5,-157.0,-157.0,-157.0,-157.0,-157.0,-157.0,-157.0,-156.5,-157.0,-154.5,-155.0,-157.0,-156.0,-153.5,-154.5,-154.5,-157.0,-156.5,-157.0,-157.0,-157.0,-155.5,-156.5,-157.0,-157.0,-152.5,-156.0,-155.0,-157.0,-155.0,-152.0,-156.0,-157.0,-157.0,-157.0,-157.0,-150.0,-152.5,-157.0,-154.5,-152.0,-154.0,-157.0,-151.5,-152.0,-155.5,-154.5,-151.5,-147.5,-157.0,-157.0,-157.0,-157.0,-157.0,-157.0,-156.0,-155.0,-157.0,-157.0,-157.0,-157.0,-157.0,-157.0,-157.0,-155.5,-157.0,-153.5,-157.0,-155.5,-153.5,-157.0,-153.0,-155.0
2026-01-17 14:24:12.547,143.049967,5,-77,-157.0,-157.0,-155.5,-157.0,-155.0,-157.0,-157.0,-157.0,-157.0,-157.0,-157.0,-157.0,-157.0,-156.0,-152.5,-155.0,-157.0,-155.5,-153.5,-157.0,-157.0,-157.0,-157.0,-157.0,-152.5,-151.5,-155.0,-157.0,-155.0,-155.5,-154.0,-154.5,-155.0,-157.0,-155.5,-151.5,-157.0,-150.0,-149.0,-156.5,-157.0,-156.0,-155.5,-157.0,-153.5,-151.5,-157.0,-152.0,-155.5,-157.0,-155.0,-152.0,-153.0,-157.0,-157.0,-150.5,-149.5,-151.5,-150.5,-157.0,-157.0,-155.0,-154.5,-154.0,-153.0,-154.0,-154.5,-157.0,-153.5,-151.5,-157.0,-151.5,-157.0,-153.0,-156.5,-157.0,-157.0,-151.0,-150.0,-154.0,-157.0,-154.5,-157.0,-157.0,-157.0,-151.0,-156.5,-153.5,-157.0,-157.0,-157.0,-157.0,-157.0,-152.5,-155.5,-157.0,-157.0,-153.5,-157.0,-153.0,-157.0,-157.0,-157.0,-157.0,-154.0,-155.0,-157.0,-155.5,-156.5,-157.0,-157.0,-154.5,-156.0,-154.0,-156.5,-157.0,-152.0,-150.5,-153.0,-155.0,-157.0,-156.5,-157.0,-155.0,-157.0,-153.0,-156.0,-157.0,-157.0,-157.0,-156.0,-157.0,-157.0,-157.0,-156.0,-157.0,-151.0,-157.0,-155.5,-153.5,-154.0,-154.0,-154.5,-152.0,-157.0,-157.0,-157.0,-157.0,-157.0,-157.0,-153.0,-151.5,-156.0,-156.0,-155.5,-157.0,-154.0,-153.5,-154.0,-152.5,-157.0,-151.5,-155.0,-156.0,-154.5,-157.0,-157.0,-157.0,-155.5,-157.0,-156.5,-154.0,-157.0,-156.5,-156.0,-152.0,-150.0,-153.0,-157.0,-154.5,-157.0,-155.0,-156.5,-154.5,-157.0,-157.0,-157.0,-157.0,-151.5,-152.0,-157.0,-157.0,-152.0,-154.0,-157.0,-157.0,-157.0,-157.0,-157.0,-157.0,-157.0,-152.0,-154.5,-153.5,-152.0,-157.0,-156.0,-157.0,-157.0,-157.0,-155.5,-152.5,-151.5,-149.0,-149.0,-155.0,-157.0,-155.5,-156.5,-151.5,-153.0,-151.0,-157.0,-157.0,-157.0,-157.0,-155.0,-157.0,-157.0,-156.0,-155.0,-155.5,-151.0,-155.0,-157.0,-154.5,-155.5,-155.5,-152.0,-155.5,-155.5,-152.0,-155.5,-157.0,-157.0,-157.0,-157.0,-157.0,-155.5,-155.5,-154.5,-156.0,-157.0,-153.5,-152.0,-157.0,-157.0,-154.5,-154.5,-157.0,-157.0,-157.0,-157.0,-157.0,-157.0,-156.0,-153.5,-155.5,-154.0,-157.0,-156.5,-153.0,-151.5,-155.0,-154.0,-154.0,-157.0,-157.0,-157.0,-157.0,-157.0,-157.0,-157.0,-157.0,-156.5,-157.0,-151.5,-151.5,-157.0,-155.0,-157.0,-151.5,-153.0,-152.0,-153.5,-152.5,-157.0,-155.0,-152.5,-157.0,-153.5,-153.5,-153.5,-152.5,-153.5,-155.0,-157.0,-157.0,-157.0,-157.0,-157.0,-157.0,-157.0,-154.0,-157.0,-152.0,-157.0,-157.0,-157.0,-157.0,-157.0,-155.5,-154.5,-157.0,-154.0,-157.0,-153.5,-157.0,-153.5,-157.0,-157.0,-157.0,-149.5,-151.5,-157.0,-157.0,-152.5,-152.5,-157.0,-157.0,-152.5,-153.0,-157.0,-156.0,-155.0,-157.0,-157.0,-155.5,-156.5,-157.0,-154.5,-154.0,-157.0,-155.0,-153.5,-157.0,-157.0,-157.0,-151.5,-157.0,-156.0,-156.5,-157.0,-157.0,-157.0,-157.0,-157.0,-157.0,-157.0,-157.0,-157.0,-157.0,-153.0,-153.0,-156.0,-155.5,-157.0,-157.0,-156.0,-157.0,-157.0,-157.0,-156.5,-155.5,-153.5,-155.0,-153.5,-154.0,-155.0,-156.5,-156.0,-153.5,-152.0,-153.5,-156.5,-157.0,-155.0,-157.0,-155.0,-152.0,-154.0,-152.5,-157.0,-157.0,-153.5,-154.5,-156.5,-157.0,-157.0,-156.0,-157.0,-157.0,-155.5,-157.0,-157.0,-155.5,-156.0,-157.0,-157.0,-157.0,-157.0,-157.0,-157.0,-157.0,-154.0,-155.0,-155.0,-154.0,-155.5,-157.0,-157.0,-153.5,-153.5,-157.0,-157.0,-157.0,-157.0,-157.0,-150.0,-152.0,-157.0,-153.5,-153.5,-157.0,-156.5,-152.0,-150.5,-154.0,-157.0,-155.0,-149.5,-152.5,-153.5,-153.5,-157.0,-157.0,-155.5,-154.0,-153.5,-157.0,-157.0,-157.0,-157.0,-157.0,-157.0,-157.0,-154.5,-157.0,-154.0,-155.0,-155.5,-153.5,-157.0,-151.0,-157.0
2026-01-17 14:24:12.577,143.049967,5,-77,-157.0,-157.0,-154.0,-154.5,-157.0,-157.0,-157.0,-155.0,-157.0,-157.0,-157.0,-157.0,-157.0,-157.0,-156.0,-157.0,-157.0,-153.5,-155.0,-155.5,-156.5,-157.0,-157.0,-155.5,-157.0,-148.5,-149.5,-153.0,-157.0,-154.0,-156.5,-154.0,-155.0,-154.5,-153.5,-151.0,-157.0,-152.5,-150.5,-153.5,-157.0,-152.5,-153.5,-153.5,-152.0,-155.5,-157.0,-154.0,-157.0,-157.0,-157.0,-154.5,-157.0,-157.0,-157.0,-152.0,-152.0,-154.5,-151.5,-157.0,-154.0,-153.0,-155.5,-156.0,-156.5,-154.5,-151.0,-152.5,-154.0,-152.0,-155.5,-154.5,-157.0,-149.5,-151.0,-157.0,-157.0,-152.5,-152.5,-157.0,-157.0,-157.0,-157.0,-157.0,-152.5,-149.0,-154.0,-156.0,-157.0,-154.5,-154.0,-155.0,-155.0,-151.0,-157.0,-156.5,-156.5,-156.0,-157.0,-156.5,-157.0,-156.0,-154.0,-157.0,-157.0,-157.0,-157.0,-157.0,-152.0,-152.0,-157.0,-156.0,-156.0,-157.0,-157.0,-157.0,-154.5,-155.0,-155.5,-153.5,-155.5,-154.0,-157.0,-154.5,-153.5,-152.0,-157.0,-154.5,-157.0,-152.0,-152.0,-157.0,-157.0,-157.0,-157.0,-157.0,-151.5,-157.0,-153.0,-153.5,-157.0,-157.0,-153.0,-151.5,-155.5,-157.0,-155.0,-155.5,-157.0,-157.0,-157.0,-155.0,-157.0,-157.0,-155.5,-157.0,-157.0,-157.0,-152.5,-151.5,-157.0,-153.0,-157.0,-154.5,-153.0,-157.0,-157.0,-157.0,-157.0,-157.0,-157.0,-155.5,-155.5,-153.5,-153.5,-153.5,-149.5,-156.0,-157.0,-157.0,-157.0,-157.0,-156.5,-153.0,-157.0,-157.0,-157.0,-157.0,-157.0,-155.0,-157.0,-153.5,-155.0,-156.5,-157.0,-157.0,-157.0,-157.0,-157.0,-157.0,-155.5,-156.5,-157.0,-156.0,-154.0,-154.5,-153.5,-157.0,-157.0,-156.0,-152.0,-150.5,-149.5,-152.0,-153.0,-157.0,-157.0,-157.0,-157.0,-154.0,-157.0,-154.5,-157.0,-157.0,-157.0,-157.0,-155.5,-155.0,-154.0,-155.5,-157.0,-156.5,-151.0,-156.0,-157.0,-157.0,-157.0,-155.5,-148.5,-149.5,-156.0,-155.0,-153.0,-157.0,-157.0,-157.0,-157.0,-157.0,-153.0,-150.5,-157.0,-155.0,-157.0,-155.5,-152.5,-155.0,-157.0,-157.0,-157.0,-157.0,-157.0,-157.0,-157.0,-157.0,-156.0,-157.0,-155.5,-157.0,-154.5,-157.0,-157.0,-153.0,-153.0,-153.5,-157.0,-153.0,-156.0,-157.0,-157.0,-157.0,-157.0,-157.0,-157.0,-157.0,-157.0,-157.0,-153.5,-153.5,-151.0,-151.0,-157.0,-154.5,-152.0,-152.0,-155.0,-155.0,-157.0,-150.5,-151.0,-157.0,-157.0,-157.0,-150.5,-150.0,-154.5,-154.5,-156.5,-157.0,-157.0,-157.0,-154.0,-154.5,-155.5,-152.0,-152.5,-153.0,-153.0,-157.0,-157.0,-157.0,-157.0,-157.0,-153.5,-157.0,-153.0,-157.0,-157.0,-157.0,-156.0,-157.0,-157.0,-157.0,-150.0,-151.5,-157.0,-157.0,-157.0,-157.0,-157.0,-157.0,-152.5,-157.0,-157.0,-155.5,-155.0,-157.0,-157.0,-157.0,-155.5,-156.5,-153.0,-157.0,-157.0,-157.0,-155.5,-157.0,-157.0,-152.5,-150.5,-154.0,-153.0,-156.5,-157.0,-157.0,-157.0,-157.0,-157.0,-157.0,-157.0,-156.0,-157.0,-157.0,-153.0,-152.0,-156.5,-157.0,-157.0,-157.0,-157.0,-153.0,-156.0,-157.0,-157.0,-152.5,-153.0,-157.0,-153.5,-153.0,-155.5,-153.5,-157.0,-151.0,-154.0,-157.0,-155.0,-157.0,-155.0,-154.0,-151.5,-149.0,-152.0,-155.0,-156.0,-157.0,-155.5,-152.5,-152.5,-157.0,-152.5,-151.0,-157.0,-157.0,-157.0,-156.5,-157.0,-157.0,-157.0,-157.0,-157.0,-157.0,-157.0,-154.0,-157.0,-157.0,-154.5,-153.0,-157.0,-157.0,-155.0,-157.0,-157.0,-155.5,-157.0,-155.5,-157.0,-157.0,-156.0,-157.0,-153.0,-152.5,-157.0,-155.5,-157.0,-157.0,-157.0,-156.5,-154.5,-157.0,-157.0,-157.0,-154.5,-154.0,-153.5,-154.5,-157.0,-157.0,-154.5,-157.0,-154.0,-155.5,-154.5,-153.5,-154.5,-157.0,-157.0,-154.5,-153.5,-157.0,-151.5,-151.5,-156.0,-155.5,-157.0,-152.5,-155.5
2026-01-17 14:24:12.611,143.049967,5,-77,-157.0,-157.0,-156.0,-157.0,-157.0,-157.0,-157.0,-152.5,-154.0,-157.0,-157.0,-157.0,-157.0,-153.5,-153.5,-157.0,-156.0,-157.0,-157.0,-157.0,-154.5,-157.0,-157.0,-153.5,-154.0,-150.0,-153.0,-151.0,-154.5,-151.0,-154.0,-157.0,-156.5,-150.5,-153.0,-153.0,-154.5,-157.0,-157.0,-157.0,-153.5,-152.0,-157.0,-155.0,-153.5,-157.0,-157.0,-153.5,-154.5,-157.0,-156.5,-155.5,-157.0,-156.0,-157.0,-156.5,-157.0,-154.5,-156.0,-157.0,-150.5,-153.0,-157.0,-157.0,-157.0,-156.0,-152.5,-155.0,-152.0,-153.0,-155.0,-157.0,-157.0,-151.5,-151.0,-157.0,-157.0,-157.0,-152.5,-157.0,-157.0,-157.0,-157.0,-157.0,-151.5,-151.0,-157.0,-157.0,-154.0,-152.0,-154.5,-152.0,-154.5,-151.5,-157.0,-155.0,-157.0,-157.0,-157.0,-157.0,-157.0,-157.0,-156.0,-157.0,-157.0,-157.0,-157.0,-156.0,-154.0,-154.0,-157.0,-157.0,-157.0,-157.0,-157.0,-156.0,-157.0,-157.0,-157.0,-151.5,-151.5,-152.0,-154.0,-154.0,-154.0,-156.0,-156.5,-152.0,-154.0,-149.0,-151.5,-157.0,-157.0,-157.0,-157.0,-157.0,-153.0,-154.0,-154.5,-156.0,-157.0,-155.5,-156.5,-153.0,-151.5,-156.0,-154.0,-154.0,-157.0,-157.0,-157.0,-157.0,-157.0,-157.0,-153.5,-155.5,-157.0,-157.0,-153.0,-153.0,-157.0,-153.0,-154.5,-152.5,-156.5,-155.5,-156.5,-153.0,-154.0,-157.0,-156.5,-156.0,-154.0,-153.5,-157.0,-152.5,-152.0,-155.0,-155.5,-157.0,-156.5,-155.5,-157.0,-155.0,-156.0,-157.0,-157.0,-157.0,-155.5,-157.0,-157.0,-154.0,-157.0,-157.0,-157.0,-157.0,-157.0,-157.0,-157.0,-157.0,-154.0,-154.5,-157.0,-157.0,-157.0,-152.5,-155.5,-156.0,-155.5,-153.0,-152.5,-149.5,-149.5,-154.5,-153.5,-157.0,-157.0,-157.0,-157.0,-154.5,-157.0,-157.0,-156.5,-157.0,-156.0,-154.0,-153.5,-152.0,-153.0,-155.5,-157.0,-157.0,-152.0,-154.0,-157.0,-157.0,-153.0,-157.0,-149.0,-150.5,-157.0,-156.0,-153.5,-157.0,-156.0,-157.0,-154.5,-155.5,-149.5,-150.5,-157.0,-152.0,-154.5,-157.0,-153.5,-154.0,-157.0,-157.0,-157.0,-157.0,-157.0,-156.5,-157.0,-154.5,-153.5,-157.0,-157.0,-157.0,-156.0,-156.5,-154.5,-154.5,-157.0,-157.0,-157.0,-156.0,-157.0,-157.0,-157.0,-156.0,-157.0,-157.0,-157.0,-157.0,-157.0,-157.0,-155.5,-155.0,-152.5,-154.0,-157.0,-156.0,-154.0,-152.5,-152.5,-155.0,-157.0,-152.0,-153.0,-157.0,-157.0,-157.0,-155.0,-152.5,-157.0,-157.0,-157.0,-156.0,-156.5,-157.0,-156.5,-155.5,-157.0,-154.5,-153.5,-155.5,-155.0,-157.0,-157.0,-157.0,-157.0,-154.5,-152.5,-157.0,-152.5,-156.5,-157.0,-157.0,-157.0,-154.0,-150.5,-150.5,-151.5,-152.0,-157.0,-157.0,-157.0,-157.0,-157.0,-154.0,-152.5,-156.5,-157.0,-157.0,-157.0,-157.0,-157.0,-157.0,-154.5,-157.0,-154.5,-157.0,-157.0,-157.0,-155.5,-156.0,-155.5,-154.5,-151.5,-154.5,-153.0,-157.0,-156.5,-153.5,-157.0,-157.0,-157.0,-154.0,-152.5,-154.0,-155.5,-157.0,-155.5,-157.0,-157.0,-157.0,-153.5,-157.0,-157.0,-150.5,-154.5,-157.0,-156.5,-155.5,-154.0,-157.0,-157.0,-155.0,-156.5,-153.5,-152.5,-152.5,-157.0,-153.0,-153.5,-157.0,-151.0,-150.0,-151.0,-150.5,-157.0,-157.0,-157.0,-157.0,-157.0,-154.0,-153.5,-153.0,-150.5,-148.5,-155.0,-157.0,-157.0,-152.5,-157.0,-157.0,-157.0,-157.0,-155.5,-156.5,-155.0,-152.0,-155.0,-153.0,-155.5,-157.0,-157.0,-155.5,-153.0,-157.0,-157.0,-157.0,-157.0,-156.0,-155.5,-153.0,-150.5,-155.0,-156.5,-153.5,-156.0,-157.0,-157.0,-157.0,-156.0,-157.0,-157.0,-157.0,-157.0,-157.0,-157.0,-157.0,-157.0,-157.0,-157.0,-157.0,-155.5,-153.5,-152.0,-151.5,-152.0,-155.0,-152.5,-157.0,-157.0,-157.0,-156.0,-156.0,-152.5,-157.0,-153.0,-154.5,-157.0,-157.0,-157.0
2026-01-17 14:24:12.645,143.049967,5,-77,-157.0,-157.0,-155.5,-157.0,-155.5,-157.0,-157.0,-153.5,-157.0,-157.0,-157.0,-157.0,-152.0,-151.0,-154.0,-157.0,-157.0,-157.0,-156.5,-155.5,-157.0,-157.0,-154.5,-153.0,-154.5,-154.0,-154.5,-155.0,-154.5,-151.0,-152.0,-157.0,-156.0,-151.5,-149.5,-156.5,-155.5,-157.0,-157.0,-157.0,-155.5,-156.5,-157.0,-157.0,-155.0,-153.5,-154.5,-157.0,-153.5,-157.0,-155.5,-157.0,-157.0,-152.0,-154.0,-157.0,-156.5,-157.0,-155.5,-156.0,-151.0,-157.0,-155.5,-157.0,-157.0,-157.0,-156.5,-156.0,-153.0,-156.0,-154.0,-155.0,-157.0,-157.0,-153.0,-157.0,-157.0,-157.0,-152.5,-156.0,-157.0,-157.0,-154.5,-150.5,-149.0,-153.5,-157.0,-157.0,-156.0,-157.0,-154.5,-152.5,-152.5,-155.0,-157.0,-154.5,-155.5,-157.0,-157.0,-157.0,-157.0,-157.0,-157.0,-157.0,-155.5,-155.0,-157.0,-157.0,-157.0,-157.0,-157.0,-157.0,-157.0,-157.0,-151.5,-152.5,-157.0,-156.0,-157.0,-155.0,-157.0,-157.0,-154.5,-157.0,-155.0,-154.5,-156.0,-154.0,-153.0,-150.5,-153.5,-156.5,-156.5,-157.0,-157.0,-155.5,-156.0,-153.5,-155.0,-157.0,-155.5,-155.0,-156.5,-151.5,-151.0,-152.5,-157.0,-157.0,-157.0,-157.0,-157.0,-155.5,-154.5,-156.5,-151.0,-151.5,-154.0,-157.0,-155.5,-154.5,-155.5,-154.5,-155.5,-151.0,-153.0,-157.0,-151.0,-152.0,-151.5,-157.0,-157.0,-155.5,-156.0,-157.0,-157.0,-152.0,-157.0,-157.0,-155.0,-157.0,-154.5,-155.0,-157.0,-157.0,-157.0,-157.0,-157.0,-154.5,-153.0,-157.0,-155.0,-157.0,-157.0,-157.0,-157.0,-155.0,-156.0,-157.0,-157.0,-157.0,-154.5,-154.5,-157.0,-157.0,-157.0,-153.5,-157.0,-157.0,-157.0,-156.0,-157.0,-153.0,-151.0,-157.0,-152.0,-157.0,-157.0,-153.5,-154.5,-155.0,-152.5,-153.0,-152.5,-157.0,-157.0,-155.5,-154.0,-155.0,-154.5,-155.0,-157.0,-155.0,-155.0,-156.5,-157.0,-157.0,-150.0,-154.0,-152.5,-157.0,-153.0,-153.0,-155.5,-153.5,-153.5,-157.0,-152.5,-157.0,-152.5,-157.0,-152.0,-150.0,-151.5,-157.0,-157.0,-157.0,-157.0,-157.0,-157.0,-157.0,-157.0,-156.0,-155.0,-153.5,-154.0,-157.0,-157.0,-157.0,-157.0,-154.5,-152.0,-157.0,-156.0,-155.5,-157.0,-156.5,-155.0,-157.0,-155.5,-152.0,-155.5,-157.0,-157.0,-157.0,-157.0,-157.0,-156.0,-157.0,-157.0,-157.0,-156.0,-155.5,-157.0,-155.5,-157.0,-157.0,-157.0,-157.0,-157.0,-154.5,-155.5,-157.0,-156.5,-157.0,-157.0,-157.0,-157.0,-157.0,-157.0,-157.0,-157.0,-157.0,-157.0,-157.0,-154.5,-157.0,-157.0,-157.0,-157.0,-157.0,-156.5,-154.5,-155.5,-157.0,-152.5,-157.0,-157.0,-157.0,-156.0,-152.5,-149.0,-151.0,-157.0,-154.5,-157.0,-157.0,-153.0,-151.5,-157.0,-155.0,-155.5,-157.0,-155.0,-156.0,-157.0,-157.0,-157.0,-155.0,-154.5,-157.0,-155.5,-157.0,-157.0,-157.0,-152.5,-151.5,-153.0,-156.0,-152.5,-154.0,-152.0,-154.5,-157.0,-152.5,-154.0,-155.5,-156.5,-152.5,-155.0,-157.0,-157.0,-155.0,-157.0,-157.0,-155.5,-152.5,-151.0,-157.0,-155.0,-151.5,-156.5,-157.0,-157.0,-157.0,-155.0,-157.0,-157.0,-157.0,-157.0,-153.5,-157.0,-157.0,-157.0,-150.0,-152.0,-157.0,-152.5,-150.5,-156.5,-156.0,-157.0,-157.0,-157.0,-157.0,-157.0,-157.0,-157.0,-153.5,-157.0,-149.5,-150.5,-156.5,-153.5,-149.5,-154.5,-157.0,-156.5,-156.5,-153.0,-156.5,-157.0,-155.5,-157.0,-151.5,-152.5,-157.0,-157.0,-154.0,-154.0,-155.5,-153.5,-154.5,-157.0,-157.0,-156.5,-151.0,-150.5,-157.0,-157.0,-154.0,-157.0,-157.0,-157.0,-157.0,-153.0,-154.0,-157.0,-157.0,-157.0,-157.0,-157.0,-155.5,-157.0,-157.0,-157.0,-156.0,-156.0,-156.5,-150.0,-149.0,-155.0,-157.0,-151.5,-155.0,-155.0,-156.0,-157.0,-155.0,-152.5,-157.0,-152.0,-154.0,-157.0,-157.0,-157.0
2026-01-17 14:24:12.678,143.049967,5,-77,-157.0,-157.0,-153.0,-157.0,-152.5,-155.0,-157.0,-157.0,-157.0,-157.0,-157.0,-157.0,-151.5,-152.0,-157.0,-155.0,-156.5,-156.5,-151.5,-151.5,-157.0,-154.0,-153.5,-155.5,-157.0,-157.0,-156.0,-156.0,-157.0,-154.0,-155.0,-153.0,-155.5,-155.0,-150.0,-154.0,-156.5,-156.5,-157.0,-157.0,-157.0,-157.0,-156.5,-156.0,-157.0,-150.0,-152.5,-157.0,-153.5,-156.0,-156.5,-157.0,-157.0,-151.5,-154.5,-157.0,-154.5,-157.0,-155.5,-150.0,-153.0,-155.5,-154.5,-157.0,-157.0,-157.0,-156.0,-157.0,-157.0,-157.0,-156.5,-154.5,-157.0,-157.0,-153.0,-157.0,-157.0,-157.0,-151.5,-152.0,-156.5,-157.0,-157.0,-152.0,-151.0,-153.5,-157.0,-157.0,-157.0,-157.0,-155.5,-152.5,-151.5,-157.0,-157.0,-157.0,-157.0,-157.0,-157.0,-157.0,-157.0,-157.0,-156.5,-157.0,-154.0,-153.0,-157.0,-157.0,-157.0,-157.0,-157.0,-157.0,-156.5,-153.0,-153.0,-155.0,-155.0,-155.0,-153.5,-155.5,-157.0,-157.0,-157.0,-157.0,-152.0,-151.0,-157.0,-157.0,-156.5,-151.5,-152.5,-154.5,-156.5,-157.0,-155.5,-153.0,-153.5,-156.5,-155.0,-157.0,-157.0,-157.0,-154.5,-152.0,-157.0,-155.5,-157.0,-157.0,-157.0,-157.0,-157.0,-157.0,-153.5,-154.5,-152.0,-150.0,-153.5,-157.0,-157.0,-156.0,-157.0,-157.0,-156.5,-152.5,-151.0,-157.0,-153.0,-157.0,-155.0,-157.0,-157.0,-154.0,-155.0,-157.0,-153.5,-152.5,-157.0,-156.0,-156.5,-157.0,-157.0,-157.0,-156.5,-154.0,-154.5,-157.0,-157.0,-156.5,-156.5,-155.0,-155.5,-157.0,-157.0,-157.0,-157.0,-153.5,-151.5,-155.5,-157.0,-152.5,-151.5,-157.0,-157.0,-157.0,-157.0,-151.5,-152.0,-153.0,-157.0,-157.0,-157.0,-157.0,-155.0,-156.5,-150.5,-152.0,-157.0,-153.5,-156.0,-156.5,-151.5,-149.5,-154.0,-157.0,-155.0,-155.0,-156.0,-156.5,-151.5,-151.0,-157.0,-154.5,-157.0,-157.0,-157.0,-157.0,-149.5,-156.5,-157.0,-154.5,-154.0,-156.0,-153.0,-151.0,-155.0,-157.0,-152.0,-154.0,-157.0,-157.0,-153.0,-154.0,-155.5,-157.0,-157.0,-157.0,-157.0,-155.0,-157.0,-154.0,-152.0,-153.5,-153.5,-152.5,-152.5,-156.5,-157.0,-156.0,-156.5,-157.0,-152.5,-157.0,-151.5,-152.0,-157.0,-156.5,-153.0,-157.0,-153.0,-153.0,-152.5,-153.0,-154.5,-157.0,-157.0,-157.0,-156.5,-157.0,-157.0,-157.0,-153.5,-155.0,-157.0,-157.0,-156.5,-157.0,-157.0,-156.5,-157.0,-152.5,-153.5,-154.5,-152.0,-157.0,-157.0,-157.0,-157.0,-157.0,-157.0,-157.0,-157.0,-157.0,-157.0,-155.5,-151.5,-156.0,-157.0,-157.0,-157.0,-157.0,-157.0,-156.5,-157.0,-153.0,-152.5,-157.0,-157.0,-157.0,-153.5,-154.0,-151.0,-154.5,-156.5,-154.5,-157.0,-153.0,-154.5,-151.0,-153.0,-154.5,-155.5,-156.5,-156.0,-157.0,-154.0,-153.5,-156.5,-155.0,-156.5,-157.0,-151.5,-153.5,-157.0,-156.5,-152.0,-153.5,-156.0,-151.5,-152.5,-157.0,-154.0,-157.0,-157.0,-154.0,-151.5,-152.0,-155.0,-153.0,-155.0,-154.5,-157.0,-154.0,-157.0,-155.0,-151.0,-152.5,-153.5,-157.0,-157.0,-157.0,-155.5,-157.0,-157.0,-155.5,-153.5,-157.0,-157.0,-157.0,-157.0,-153.0,-157.0,-157.0,-157.0,-153.0,-153.5,-157.0,-157.0,-155.0,-157.0,-157.0,-156.5,-157.0,-157.0,-157.0,-157.0,-157.0,-155.5,-157.0,-157.0,-152.5,-152.5,-153.5,-151.0,-150.5,-152.0,-157.0,-155.0,-154.0,-151.5,-156.0,-157.0,-157.0,-157.0,-153.5,-156.5,-155.5,-156.5,-153.5,-157.0,-157.0,-154.0,-155.0,-154.5,-153.5,-154.0,-152.5,-154.5,-156.0,-157.0,-155.5,-157.0,-157.0,-157.0,-157.0,-155.0,-156.5,-157.0,-157.0,-157.0,-157.0,-157.0,-153.5,-157.0,-157.0,-156.5,-157.0,-157.0,-157.0,-150.0,-149.0,-155.0,-157.0,-151.5,-152.5,-157.0,-154.0,-157.0,-157.0,-156.5,-157.0,-152.5,-155.0,-157.0,-157.0,-154.0
2026-01-17 14:24:12.715,143.049967,5,-77,-157.0,-157.0,-154.0,-157.0,-151.5,-153.0,-157.0,-157.0,-157.0,-156.0,-157.0,-157.0,-156.0,-153.5,-155.0,-154.5,-155.0,-154.0,-150.0,-151.0,-157.0,-153.0,-152.5,-156.5,-157.0,-157.0,-157.0,-157.0,-157.0,-157.0,-157.0,-152.0,-157.0,-153.0,-151.0,-150.5,-151.0,-153.5,-157.0,-157.0,-157.0,-157.0,-155.5,-154.5,-157.0,-152.0,-156.0,-157.0,-157.0,-157.0,-156.5,-156.5,-157.0,-154.0,-157.0,-156.5,-152.5,-153.0,-153.0,-150.0,-153.0,-155.0,-156.5,-157.0,-157.0,-156.0,-154.5,-157.0,-157.0,-157.0,-157.0,-154.0,-156.0,-154.0,-155.0,-157.0,-157.0,-157.0,-152.0,-152.0,-157.0,-157.0,-157.0,-157.0,-152.5,-154.5,-155.5,-157.0,-155.5,-157.0,-157.0,-151.0,-152.5,-157.0,-155.5,-157.0,-157.0,-157.0,-157.0,-157.0,-157.0,-156.5,-156.0,-157.0,-155.5,-156.0,-157.0,-157.0,-157.0,-157.0,-156.5,-153.0,-152.0,-153.5,-157.0,-156.5,-154.0,-157.0,-157.0,-154.0,-157.0,-157.0,-156.5,-155.0,-155.0,-153.5,-157.0,-157.0,-157.0,-152.5,-152.0,-157.0,-157.0,-157.0,-156.5,-157.0,-153.5,-154.0,-157.0,-157.0,-157.0,-152.5,-151.0,-154.0,-157.0,-154.0,-154.5,-157.0,-157.0,-157.0,-156.5,-157.0,-156.0,-157.0,-155.0,-150.0,-157.0,-157.0,-157.0,-157.0,-157.0,-155.0,-154.0,-155.0,-153.5,-157.0,-156.0,-155.5,-157.0,-157.0,-157.0,-152.5,-153.0,-157.0,-157.0,-156.0,-157.0,-157.0,-157.0,-157.0,-157.0,-157.0,-156.5,-154.5,-154.5,-157.0,-157.0,-155.5,-157.0,-154.5,-155.5,-157.0,-157.0,-157.0,-157.0,-155.5,-153.0,-157.0,-157.0,-154.5,-152.5,-155.0,-157.0,-157.0,-157.0,-155.5,-151.0,-152.5,-156.5,-157.0,-156.0,-157.0,-157.0,-156.0,-153.5,-153.5,-157.0,-155.0,-155.5,-155.0,-157.0,-151.5,-157.0,-157.0,-154.0,-155.0,-157.0,-154.0,-155.5,-149.5,-154.5,-154.5,-157.0,-157.0,-157.0,-154.0,-150.5,-155.5,-157.0,-153.5,-153.0,-156.5,-151.0,-153.0,-153.5,-156.5,-153.0,-154.0,-157.0,-157.0,-157.0,-157.0,-157.0,-157.0,-156.5,-157.0,-157.0,-155.5,-157.0,-157.0,-151.5,-155.0,-155.0,-153.5,-154.5,-154.0,-156.0,-153.5,-152.5,-152.0,-152.5,-153.5,-152.5,-156.0,-157.0,-157.0,-154.0,-156.0,-154.5,-157.0,-152.0,-149.5,-157.0,-157.0,-157.0,-157.0,-157.0,-157.0,-157.0,-155.5,-153.5,-153.5,-157.0,-157.0,-155.5,-156.0,-157.0,-157.0,-154.5,-153.0,-157.0,-154.5,-150.5,-157.0,-157.0,-157.0,-157.0,-157.0,-157.0,-157.0,-157.0,-155.0,-156.0,-154.0,-152.0,-156.5,-157.0,-157.0,-157.0,-157.0,-157.0,-157.0,-157.0,-153.5,-154.0,-157.0,-157.0,-157.0,-151.0,-152.0,-154.5,-155.0,-157.0,-155.5,-153.0,-153.5,-157.0,-153.0,-155.0,-155.5,-155.0,-156.0,-153.5,-157.0,-153.0,-153.0,-157.0,-156.0,-157.0,-155.5,-151.0,-153.5,-156.5,-153.5,-156.0,-157.0,-154.5,-150.5,-155.5,-157.0,-154.5,-157.0,-157.0,-156.0,-151.5,-152.5,-157.0,-154.0,-154.0,-154.0,-157.0,-154.5,-157.0,-157.0,-153.5,-157.0,-156.0,-157.0,-157.0,-157.0,-157.0,-157.0,-157.0,-157.0,-152.5,-152.5,-157.0,-155.0,-154.5,-155.0,-152.5,-157.0,-157.0,-157.0,-157.0,-155.5,-157.0,-154.5,-157.0,-157.0,-154.5,-157.0,-157.0,-157.0,-157.0,-157.0,-157.0,-157.0,-155.5,-153.0,-157.0,-156.5,-153.0,-157.0,-154.5,-155.5,-156.0,-157.0,-151.5,-152.5,-157.0,-157.0,-156.0,-153.5,-157.0,-156.0,-154.0,-154.5,-156.5,-157.0,-157.0,-157.0,-152.5,-152.0,-154.0,-152.5,-156.5,-157.0,-155.0,-153.5,-157.0,-157.0,-157.0,-154.0,-154.0,-157.0,-155.0,-151.5,-154.0,-154.5,-154.5,-152.0,-157.0,-153.5,-152.0,-157.0,-157.0,-156.0,-156.5,-156.0,-157.0,-157.0,-155.5,-156.5,-157.0,-156.0,-157.0,-157.0,-157.0,-157.0,-155.5,-157.0,-157.0,-157.0,-157.0
2026-01-17 14:24:12.743,143.049967,5,-77,-157.0,-157.0,-157.0,-157.0,-155.5,-154.0,-157.0,-157.0,-157.0,-155.5,-154.5,-157.0,-157.0,-156.5,-155.0,-157.0,-154.5,-150.0,-150.0,-151.5,-157.0,-157.0,-149.5,-150.0,-157.0,-157.0,-157.0,-157.0,-157.0,-157.0,-152.0,-151.0,-156.0,-153.5,-153.0,-150.0,-150.5,-157.0,-157.0,-157.0,-157.0,-155.0,-155.0,-154.5,-155.5,-156.5,-156.5,-157.0,-155.5,-157.0,-157.0,-157.0,-157.0,-154.0,-157.0,-155.5,-152.0,-154.0,-153.0,-155.0,-151.0,-154.5,-154.5,-157.0,-157.0,-157.0,-157.0,-157.0,-157.0,-157.0,-157.0,-153.5,-152.0,-155.5,-156.5,-155.0,-155.0,-155.0,-157.0,-156.0,-157.0,-157.0,-156.0,-157.0,-153.0,-153.0,-152.5,-157.0,-154.5,-157.0,-149.5,-150.0,-155.5,-157.0,-154.0,-156.0,-157.0,-157.0,-157.0,-157.0,-157.0,-157.0,-157.0,-156.0,-156.5,-157.0,-157.0,-155.5,-157.0,-156.0,-152.0,-151.5,-157.0,-155.5,-157.0,-157.0,-157.0,-157.0,-154.0,-151.5,-155.0,-157.0,-156.5,-153.0,-156.5,-153.5,-153.5,-157.0,-157.0,-155.5,-156.0,-157.0,-157.0,-157.0,-157.0,-157.0,-152.0,-151.5,-157.0,-157.0,-153.0,-149.5,-150.0,-152.5,-152.5,-155.0,-157.0,-157.0,-157.0,-157.0,-157.0,-157.0,-157.0,-157.0,-157.0,-150.0,-154.5,-157.0,-157.0,-157.0,-157.0,-155.0,-153.0,-156.5,-155.0,-157.0,-157.0,-156.5,-157.0,-157.0,-157.0,-157.0,-154.5,-156.5,-157.0,-157.0,-155.5,-157.0,-157.0,-157.0,-156.5,-157.0,-157.0,-157.0,-156.0,-156.0,-157.0,-154.0,-155.5,-153.5,-153.5,-157.0,-157.0,-157.0,-157.0,-157.0,-157.0,-157.0,-157.0,-157.0,-157.0,-157.0,-156.5,-157.0,-157.0,-157.0,-154.0,-153.0,-157.0,-157.0,-157.0,-157.0,-157.0,-155.0,-157.0,-157.0,-157.0,-157.0,-151.5,-154.0,-157.0,-152.5,-154.0,-157.0,-157.0,-157.0,-157.0,-155.5,-155.0,-146.0,-147.5,-157.0,-155.5,-157.0,-157.0,-153.0,-153.0,-153.5,-157.0,-155.5,-153.5,-151.5,-148.5,-152.5,-153.5,-156.0,-154.5,-154.0,-157.0,-157.0,-156.0,-157.0,-157.0,-157.0,-157.0,-157.0,-155.5,-156.5,-157.0,-157.0,-155.0,-157.0,-157.0,-157.0,-157.0,-155.0,-153.0,-155.0,-155.5,-150.5,-152.0,-155.5,-156.5,-157.0,-153.5,-155.0,-153.5,-157.0,-157.0,-157.0,-152.0,-150.5,-157.0,-157.0,-157.0,-157.0,-157.0,-157.0,-157.0,-154.0,-155.0,-157.0,-157.0,-157.0,-157.0,-156.0,-157.0,-155.5,-151.5,-153.5,-156.0,-150.0,-149.0,-155.0,-157.0,-156.0,-157.0,-157.0,-157.0,-157.0,-157.0,-153.5,-153.5,-157.0,-157.0,-157.0,-157.0,-157.0,-157.0,-157.0,-157.0,-157.0,-157.0,-157.0,-157.0,-155.5,-155.0,-157.0,-150.5,-150.0,-157.0,-157.0,-157.0,-157.0,-154.5,-157.0,-157.0,-156.5,-155.0,-157.0,-157.0,-156.0,-150.5,-157.0,-151.5,-154.5,-157.0,-157.0,-157.0,-157.0,-156.5,-157.0,-153.0,-152.5,-153.5,-154.5,-153.5,-153.0,-157.0,-157.0,-155.5,-157.0,-154.0,-156.0,-151.5,-152.5,-157.0,-157.0,-157.0,-155.5,-153.5,-157.0,-157.0,-157.0,-156.0,-157.0,-151.0,-152.0,-152.5,-157.0,-157.0,-157.0,-157.0,-157.0,-155.0,-151.5,-152.0,-150.5,-151.5,-157.0,-150.0,-153.0,-157.0,-156.5,-154.5,-153.5,-157.0,-153.5,-157.0,-153.0,-152.5,-157.0,-157.0,-157.0,-157.0,-154.5,-155.0,-157.0,-156.5,-152.5,-156.5,-154.5,-153.5,-157.0,-157.0,-157.0,-157.0,-157.0,-157.0,-153.0,-153.5,-156.0,-152.0,-152.0,-157.0,-157.0,-152.0,-152.0,-154.5,-157.0,-157.0,-157.0,-157.0,-154.5,-157.0,-156.5,-155.0,-156.5,-152.5,-151.0,-154.5,-153.5,-154.0,-151.5,-156.0,-157.0,-151.0,-148.0,-149.5,-153.0,-157.0,-156.0,-157.0,-153.0,-150.5,-154.5,-157.0,-157.0,-157.0,-157.0,-157.0,-157.0,-157.0,-157.0,-157.0,-157.0,-157.0,-157.0,-157.0,-157.0,-156.5,-155.5,-157.0,-157.0,-157.0
2026-01-17 14:24:12.747,143.049967,5,-77,-157.0,-157.0,-157.0,-157.0,-155.5,-154.0,-157.0,-157.0,-157.0,-155.5,-154.5,-157.0,-157.0,-156.5,-155.0,-157.0,-154.5,-150.0,-150.0,-151.5,-157.0,-157.0,-149.5,-150.0,-157.0,-157.0,-157.0,-157.0,-157.0,-157.0,-152.0,-151.0,-156.0,-153.5,-153.0,-150.0,-150.5,-157.0,-157.0,-157.0,-157.0,-155.0,-155.0,-154.5,-155.5,-156.5,-156.5,-157.0,-155.5,-157.0,-157.0,-157.0,-157.0,-154.0,-157.0,-155.5,-152.0,-154.0,-153.0,-155.0,-151.0,-154.5,-154.5,-157.0,-157.0,-157.0,-157.0,-157.0,-157.0,-157.0,-157.0,-153.5,-152.0,-155.5,-156.5,-155.0,-155.0,-155.0,-157.0,-156.0,-157.0,-157.0,-156.0,-157.0,-153.0,-153.0,-152.5,-157.0,-154.5,-157.0,-149.5,-150.0,-155.5,-157.0,-154.0,-156.0,-157.0,-157.0,-157.0,-157.0,-157.0,-157.0,-157.0,-156.0,-156.5,-157.0,-157.0,-155.5,-157.0,-156.0,-152.0,-151.5,-157.0,-155.5,-157.0,-157.0,-157.0,-157.0,-154.0,-151.5,-155.0,-157.0,-156.5,-153.0,-156.5,-153.5,-153.5,-157.0,-157.0,-155.5,-156.0,-157.0,-157.0,-157.0,-157.0,-157.0,-152.0,-151.5,-157.0,-157.0,-153.0,-149.5,-150.0,-152.5,-152.5,-155.0,-157.0,-157.0,-157.0,-157.0,-157.0,-157.0,-157.0,-157.0,-157.0,-150.0,-154.5,-157.0,-157.0,-157.0,-157.0,-155.0,-153.0,-156.5,-155.0,-157.0,-157.0,-156.5,-157.0,-157.0,-157.0,-157.0,-154.5,-156.5,-157.0,-157.0,-155.5,-157.0,-157.0,-157.0,-156.5,-157.0,-157.0,-157.0,-156.0,-156.0,-157.0,-154.0,-155.5,-153.5,-153.5,-157.0,-157.0,-157.0,-157.0,-157.0,-157.0,-157.0,-157.0,-157.0,-157.0,-157.0,-156.5,-157.0,-157.0,-157.0,-154.0,-153.0,-157.0,-157.0,-157.0,-157.0,-157.0,-155.0,-157.0,-157.0,-157.0,-157.0,-151.5,-154.0,-157.0,-152.5,-154.0,-157.0,-157.0,-157.0,-157.0,-155.5,-155.0,-146.0,-147.5,-157.0,-155.5,-157.0,-157.0,-153.0,-153.0,-153.5,-157.0,-155.5,-153.5,-151.5,-148.5,-152.5,-153.5,-156.0,-154.5,-154.0,-157.0,-157.0,-156.0,-157.0,-157.0,-157.0,-157.0,-157.0,-155.5,-156.5,-157.0,-157.0,-155.0,-157.0,-157.0,-157.0,-157.0,-155.0,-153.0,-155.0,-155.5,-150.5,-152.0,-155.5,-156.5,-157.0,-153.5,-155.0,-153.5,-157.0,-157.0,-157.0,-152.0,-150.5,-157.0,-157.0,-157.0,-157.0,-157.0,-157.0,-157.0,-154.0,-155.0,-157.0,-157.0,-157.0,-157.0,-156.0,-157.0,-155.5,-151.5,-153.5,-156.0,-150.0,-149.0,-155.0,-157.0,-156.0,-157.0,-157.0,-157.0,-157.0,-157.0,-153.5,-153.5,-157.0,-157.0,-157.0,-157.0,-157.0,-157.0,-157.0,-157.0,-157.0,-157.0,-157.0,-157.0,-155.5,-155.0,-157.0,-150.5,-150.0,-157.0,-157.0,-157.0,-157.0,-154.5,-157.0,-157.0,-156.5,-155.0,-157.0,-157.0,-156.0,-150.5,-157.0,-151.5,-154.5,-157.0,-157.0,-157.0,-157.0,-156.5,-157.0,-153.0,-152.5,-153.5,-154.5,-153.5,-153.0,-157.0,-157.0,-155.5,-157.0,-154.0,-156.0,-151.5,-152.5,-157.0,-157.0,-157.0,-155.5,-153.5,-157.0,-157.0,-157.0,-156.0,-157.0,-151.0,-152.0,-152.5,-157.0,-157.0,-157.0,-157.0,-157.0,-155.0,-151.5,-152.0,-150.5,-151.5,-157.0,-150.0,-153.0,-157.0,-156.5,-154.5,-153.5,-157.0,-153.5,-157.0,-153.0,-152.5,-157.0,-157.0,-157.0,-157.0,-154.5,-155.0,-157.0,-156.5,-152.5,-156.5,-154.5,-153.5,-157.0,-157.0,-157.0,-157.0,-157.0,-157.0,-153.0,-153.5,-156.0,-152.0,-152.0,-157.0,-157.0,-152.0,-152.0,-154.5,-157.0,-157.0,-157.0,-157.0,-154.5,-157.0,-156.5,-155.0,-156.5,-152.5,-151.0,-154.5,-153.5,-154.0,-151.5,-156.0,-157.0,-151.0,-148.0,-149.5,-153.0,-157.0,-156.0,-157.0,-153.0,-150.5,-154.5,-157.0,-157.0,-157.0,-157.0,-157.0,-157.0,-157.0,-157.0,-157.0,-157.0,-157.0,-157.0,-157.0,-157.0,-156.5,-155.5,-157.0,-157.0,-157.0
2026-01-17 14:24:12.778,143.049967,5,-77,-157.0,-157.0,-157.0,-157.0,-157.0,-157.0,-157.0,-156.0,-155.0,-153.5,-154.0,-157.0,-157.0,-157.0,-157.0,-157.0,-157.0,-152.0,-155.0,-156.0,-157.0,-157.0,-150.5,-150.0,-157.0,-157.0,-154.0,-155.0,-157.0,-157.0,-152.5,-154.5,-157.0,-156.5,-157.0,-154.5,-153.0,-157.0,-157.0,-157.0,-157.0,-151.5,-156.0,-155.5,-153.5,-154.5,-156.0,-154.0,-153.0,-153.0,-153.5,-157.0,-155.0,-153.0,-157.0,-157.0,-153.0,-153.5,-157.0,-155.0,-150.5,-153.0,-155.0,-157.0,-157.0,-157.0,-157.0,-157.0,-157.0,-157.0,-157.0,-157.0,-155.5,-157.0,-157.0,-153.0,-150.5,-151.0,-154.0,-157.0,-157.0,-153.5,-153.0,-157.0,-152.5,-154.5,-155.5,-155.5,-154.5,-156.5,-151.0,-152.5,-157.0,-157.0,-157.0,-157.0,-157.0,-157.0,-157.0,-157.0,-156.0,-157.0,-157.0,-155.5,-157.0,-157.0,-157.0,-153.0,-154.0,-156.5,-154.5,-156.0,-157.0,-157.0,-157.0,-155.5,-154.5,-155.5,-152.0,-153.0,-155.5,-157.0,-156.5,-157.0,-157.0,-156.5,-151.5,-157.0,-156.5,-155.5,-157.0,-157.0,-157.0,-157.0,-157.0,-157.0,-156.5,-154.0,-156.0,-155.5,-156.5,-154.0,-157.0,-153.5,-151.5,-157.0,-157.0,-157.0,-157.0,-157.0,-157.0,-156.0,-157.0,-155.0,-157.0,-149.0,-154.5,-157.0,-157.0,-157.0,-157.0,-156.5,-151.5,-150.0,-151.5,-157.0,-157.0,-155.5,-157.0,-157.0,-157.0,-157.0,-156.0,-157.0,-157.0,-154.5,-154.5,-157.0,-157.0,-157.0,-155.5,-157.0,-157.0,-157.0,-157.0,-155.5,-154.5,-155.0,-154.5,-154.5,-155.5,-157.0,-157.0,-157.0,-157.0,-157.0,-156.0,-154.5,-157.0,-157.0,-157.0,-157.0,-156.5,-157.0,-156.0,-157.0,-156.5,-156.5,-157.0,-157.0,-156.5,-155.5,-151.5,-153.5,-157.0,-156.0,-155.5,-157.0,-152.0,-154.5,-156.5,-154.0,-157.0,-157.0,-157.0,-157.0,-156.5,-157.0,-153.5,-148.0,-149.5,-157.0,-155.5,-157.0,-157.0,-155.5,-157.0,-150.5,-155.5,-157.0,-157.0,-152.0,-148.5,-150.5,-157.0,-157.0,-157.0,-154.5,-153.5,-157.0,-153.0,-154.5,-157.0,-157.0,-157.0,-157.0,-157.0,-157.0,-157.0,-157.0,-157.0,-157.0,-157.0,-157.0,-157.0,-157.0,-149.5,-150.0,-157.0,-155.0,-156.0,-157.0,-157.0,-152.5,-151.5,-152.0,-154.0,-157.0,-157.0,-157.0,-155.0,-155.5,-154.5,-152.5,-157.0,-157.0,-157.0,-157.0,-157.0,-154.5,-153.0,-157.0,-155.5,-154.0,-157.0,-157.0,-157.0,-156.0,-155.5,-157.0,-153.5,-152.5,-151.5,-155.0,-156.0,-155.5,-155.5,-157.0,-157.0,-155.5,-157.0,-157.0,-156.0,-157.0,-157.0,-157.0,-156.5,-157.0,-157.0,-156.5,-157.0,-154.5,-157.0,-157.0,-157.0,-156.5,-157.0,-156.5,-156.0,-155.0,-156.5,-157.0,-154.0,-155.5,-157.0,-157.0,-157.0,-157.0,-157.0,-157.0,-157.0,-153.0,-149.5,-151.5,-151.5,-155.5,-157.0,-157.0,-157.0,-157.0,-157.0,-157.0,-157.0,-157.0,-155.5,-157.0,-157.0,-157.0,-155.5,-157.0,-156.5,-157.0,-155.0,-157.0,-153.0,-154.0,-157.0,-155.0,-154.5,-152.5,-153.5,-157.0,-157.0,-157.0,-153.5,-157.0,-151.0,-153.0,-152.0,-157.0,-153.5,-154.5,-157.0,-157.0,-157.0,-157.0,-154.0,-152.5,-155.5,-156.0,-150.0,-151.0,-157.0,-154.0,-156.0,-156.0,-157.0,-152.0,-157.0,-155.5,-156.5,-154.5,-153.0,-157.0,-156.5,-156.0,-151.0,-157.0,-157.0,-154.5,-157.0,-157.0,-157.0,-157.0,-157.0,-157.0,-157.0,-157.0,-157.0,-154.0,-156.0,-155.5,-152.5,-157.0,-157.0,-154.5,-153.0,-150.5,-154.0,-157.0,-157.0,-155.0,-157.0,-155.5,-157.0,-157.0,-154.0,-155.0,-157.0,-152.5,-156.5,-155.5,-157.0,-155.0,-157.0,-157.0,-154.5,-150.0,-151.5,-157.0,-157.0,-157.0,-157.0,-154.0,-156.0,-154.5,-157.0,-157.0,-157.0,-157.0,-157.0,-156.0,-154.0,-155.0,-153.5,-156.0,-157.0,-157.0,-157.0,-155.0,-153.5,-152.0,-154.0,-157.0,-157.0
2026-01-17 14:24:12.778,143.049967,5,-77,-157.0,-157.0,-157.0,-157.0,-157.0,-157.0,-157.0,-156.0,-155.0,-153.5,-154.0,-157.0,-157.0,-157.0,-157.0,-157.0,-157.0,-152.0,-155.0,-156.0,-157.0,-157.0,-150.5,-150.0,-157.0,-157.0,-154.0,-155.0,-157.0,-157.0,-152.5,-154.5,-157.0,-156.5,-157.0,-154.5,-153.0,-157.0,-157.0,-157.0,-157.0,-151.5,-156.0,-155.5,-153.5,-154.5,-156.0,-154.0,-153.0,-153.0,-153.5,-157.0,-155.0,-153.0,-157.0,-157.0,-153.0,-153.5,-157.0,-155.0,-150.5,-153.0,-155.0,-157.0,-157.0,-157.0,-157.0,-157.0,-157.0,-157.0,-157.0,-157.0,-155.5,-157.0,-157.0,-153.0,-150.5,-151.0,-154.0,-157.0,-157.0,-153.5,-153.0,-157.0,-152.5,-154.5,-155.5,-155.5,-154.5,-156.5,-151.0,-152.5,-157.0,-157.0,-157.0,-157.0,-157.0,-157.0,-157.0,-157.0,-156.0,-157.0,-157.0,-155.5,-157.0,-157.0,-157.0,-153.0,-154.0,-156.5,-154.5,-156.0,-157.0,-157.0,-157.0,-155.5,-154.5,-155.5,-152.0,-153.0,-155.5,-157.0,-156.5,-157.0,-157.0,-156.5,-151.5,-157.0,-156.5,-155.5,-157.0,-157.0,-157.0,-157.0,-157.0,-157.0,-156.5,-154.0,-156.0,-155.5,-156.5,-154.0,-157.0,-153.5,-151.5,-157.0,-157.0,-157.0,-157.0,-157.0,-157.0,-156.0,-157.0,-155.0,-157.0,-149.0,-154.5,-157.0,-157.0,-157.0,-157.0,-156.5,-151.5,-150.0,-151.5,-157.0,-157.0,-155.5,-157.0,-157.0,-157.0,-157.0,-156.0,-157.0,-157.0,-154.5,-154.5,-157.0,-157.0,-157.0,-155.5,-157.0,-157.0,-157.0,-157.0,-155.5,-154.5,-155.0,-154.5,-154.5,-155.5,-157.0,-157.0,-157.0,-157.0,-157.0,-156.0,-154.5,-157.0,-157.0,-157.0,-157.0,-156.5,-157.0,-156.0,-157.0,-156.5,-156.5,-157.0,-157.0,-156.5,-155.5,-151.5,-153.5,-157.0,-156.0,-155.5,-157.0,-152.0,-154.5,-156.5,-154.0,-157.0,-157.0,-157.0,-157.0,-156.5,-157.0,-153.5,-148.0,-149.5,-157.0,-155.5,-157.0,-157.0,-155.5,-157.0,-150.5,-155.5,-157.0,-157.0,-152.0,-148.5,-150.5,-157.0,-157.0,-157.0,-154.5,-153.5,-157.0,-153.0,-154.5,-157.0,-157.0,-157.0,-157.0,-157.0,-157.0,-157.0,-157.0,-157.0,-157.0,-157.0,-157.0,-157.0,-157.0,-149.5,-150.0,-157.0,-155.0,-156.0,-157.0,-157.0,-152.5,-151.5,-152.0,-154.0,-157.0,-157.0,-157.0,-155.0,-155.5,-154.5,-152.5,-157.0,-157.0,-157.0,-157.0,-157.0,-154.5,-153.0,-157.0,-155.5,-154.0,-157.0,-157.0,-157.0,-156.0,-155.5,-157.0,-153.5,-152.5,-151.5,-155.0,-156.0,-155.5,-155.5,-157.0,-157.0,-155.5,-157.0,-157.0,-156.0,-157.0,-157.0,-157.0,-156.5,-157.0,-157.0,-156.5,-157.0,-154.5,-157.0,-157.0,-157.0,-156.5,-157.0,-156.5,-156.0,-155.0,-156.5,-157.0,-154.0,-155.5,-157.0,-157.0,-157.0,-157.0,-157.0,-157.0,-157.0,-153.0,-149.5,-151.5,-151.5,-155.5,-157.0,-157.0,-157.0,-157.0,-157.0,-157.0,-157.0,-157.0,-155.5,-157.0,-157.0,-157.0,-155.5,-157.0,-156.5,-157.0,-155.0,-157.0,-153.0,-154.0,-157.0,-155.0,-154.5,-152.5,-153.5,-157.0,-157.0,-157.0,-153.5,-157.0,-151.0,-153.0,-152.0,-157.0,-153.5,-154.5,-157.0,-157.0,-157.0,-157.0,-154.0,-152.5,-155.5,-156.0,-150.0,-151.0,-157.0,-154.0,-156.0,-156.0,-157.0,-152.0,-157.0,-155.5,-156.5,-154.5,-153.0,-157.0,-156.5,-156.0,-151.0,-157.0,-157.0,-154.5,-157.0,-157.0,-157.0,-157.0,-157.0,-157.0,-157.0,-157.0,-157.0,-154.0,-156.0,-155.5,-152.5,-157.0,-157.0,-154.5,-153.0,-150.5,-154.0,-157.0,-157.0,-155.0,-157.0,-155.5,-157.0,-157.0,-154.0,-155.0,-157.0,-152.5,-156.5,-155.5,-157.0,-155.0,-157.0,-157.0,-154.5,-150.0,-151.5,-157.0,-157.0,-157.0,-157.0,-154.0,-156.0,-154.5,-157.0,-157.0,-157.0,-157.0,-157.0,-156.0,-154.0,-155.0,-153.5,-156.0,-157.0,-157.0,-157.0,-155.0,-153.5,-152.0,-154.0,-157.0,-157.0
2026-01-17 14:24:12.812,143.049967,5,-77,-157.0,-157.0,-157.0,-157.0,-157.0,-157.0,-157.0,-157.0,-152.5,-152.0,-157.0,-157.0,-157.0,-157.0,-154.5,-155.5,-155.0,-155.0,-157.0,-156.0,-157.0,-157.0,-157.0,-153.5,-157.0,-157.0,-156.5,-156.0,-157.0,-157.0,-155.5,-157.0,-157.0,-157.0,-157.0,-157.0,-153.5,-156.5,-157.0,-156.5,-152.0,-148.5,-152.0,-154.0,-153.0,-152.0,-157.0,-157.0,-154.0,-153.5,-153.5,-157.0,-157.0,-157.0,-157.0,-155.5,-157.0,-153.0,-157.0,-157.0,-153.5,-157.0,-155.0,-157.0,-156.5,-156.0,-157.0,-157.0,-157.0,-157.0,-157.0,-157.0,-157.0,-156.5,-156.0,-155.0,-150.0,-150.5,-155.0,-156.5,-157.0,-156.5,-154.5,-157.0,-153.5,-157.0,-156.0,-153.0,-152.5,-157.0,-156.0,-157.0,-157.0,-156.5,-157.0,-157.0,-157.0,-157.0,-157.0,-157.0,-157.0,-157.0,-154.5,-155.0,-157.0,-157.0,-157.0,-151.5,-153.5,-154.5,-156.0,-157.0,-157.0,-157.0,-157.0,-157.0,-153.5,-156.0,-157.0,-155.0,-157.0,-157.0,-156.5,-157.0,-157.0,-157.0,-152.0,-155.5,-155.0,-157.0,-157.0,-157.0,-157.0,-155.0,-157.0,-157.0,-155.5,-157.0,-157.0,-156.5,-157.0,-157.0,-157.0,-155.5,-151.5,-152.0,-157.0,-156.5,-157.0,-157.0,-157.0,-155.5,-157.0,-152.0,-153.0,-148.5,-157.0,-157.0,-157.0,-157.0,-155.0,-157.0,-153.0,-151.0,-153.0,-157.0,-156.0,-156.0,-157.0,-157.0,-157.0,-157.0,-157.0,-157.0,-157.0,-155.5,-157.0,-154.0,-157.0,-157.0,-155.5,-155.0,-157.0,-157.0,-157.0,-157.0,-151.5,-152.0,-157.0,-155.0,-154.5,-157.0,-156.5,-157.0,-157.0,-157.0,-151.0,-151.0,-157.0,-157.0,-155.5,-157.0,-157.0,-155.5,-154.5,-155.0,-157.0,-155.5,-152.5,-154.0,-155.0,-156.5,-151.5,-151.5,-157.0,-157.0,-157.0,-157.0,-155.5,-157.0,-154.5,-155.0,-157.0,-157.0,-157.0,-157.0,-152.5,-156.5,-156.5,-154.0,-156.5,-157.0,-155.0,-157.0,-157.0,-157.0,-157.0,-151.0,-152.0,-157.0,-156.0,-155.5,-151.5,-151.0,-157.0,-157.0,-157.0,-157.0,-155.5,-157.0,-156.0,-155.5,-157.0,-157.0,-157.0,-157.0,-157.0,-154.0,-157.0,-157.0,-155.0,-156.0,-157.0,-157.0,-157.0,-157.0,-149.0,-149.5,-157.0,-154.5,-154.0,-157.0,-156.5,-157.0,-157.0,-157.0,-157.0,-157.0,-156.5,-157.0,-155.5,-157.0,-153.5,-152.5,-157.0,-157.0,-157.0,-157.0,-157.0,-156.0,-154.5,-156.0,-152.0,-150.5,-157.0,-157.0,-157.0,-157.0,-157.0,-157.0,-157.0,-157.0,-156.0,-157.0,-154.5,-155.0,-153.5,-153.5,-157.0,-157.0,-157.0,-157.0,-157.0,-157.0,-157.0,-156.5,-155.0,-157.0,-156.5,-157.0,-157.0,-155.5,-156.5,-157.0,-157.0,-157.0,-157.0,-156.5,-156.0,-157.0,-152.5,-153.0,-155.0,-157.0,-157.0,-157.0,-157.0,-157.0,-157.0,-157.0,-156.5,-153.5,-151.0,-152.5,-151.5,-153.0,-155.0,-156.0,-157.0,-157.0,-157.0,-157.0,-157.0,-157.0,-157.0,-157.0,-155.5,-157.0,-153.5,-154.0,-157.0,-157.0,-157.0,-157.0,-157.0,-154.5,-157.0,-155.0,-152.5,-153.5,-154.5,-157.0,-157.0,-157.0,-153.5,-157.0,-152.5,-151.0,-150.5,-153.5,-154.5,-155.0,-157.0,-157.0,-157.0,-157.0,-157.0,-157.0,-157.0,-157.0,-155.5,-153.0,-157.0,-156.0,-157.0,-157.0,-156.5,-151.5,-157.0,-157.0,-157.0,-157.0,-152.5,-157.0,-155.0,-157.0,-151.0,-157.0,-157.0,-156.0,-157.0,-157.0,-155.0,-157.0,-157.0,-157.0,-157.0,-157.0,-156.5,-157.0,-154.5,-151.5,-151.0,-157.0,-157.0,-156.0,-157.0,-152.5,-156.0,-157.0,-157.0,-156.0,-155.0,-154.0,-153.0,-154.0,-154.5,-157.0,-157.0,-156.5,-157.0,-157.0,-157.0,-157.0,-156.0,-157.0,-157.0,-157.0,-157.0,-157.0,-157.0,-157.0,-157.0,-157.0,-157.0,-156.5,-157.0,-157.0,-155.0,-155.0,-156.0,-155.0,-152.5,-149.5,-151.5,-157.0,-157.0,-154.0,-155.0,-155.0,-156.0,-154.0,-155.5,-157.0,-157.0
2026-01-17 14:24:12.852,143.049967,5,-77,-157.0,-157.0,-157.0,-156.5,-157.0,-157.0,-157.0,-157.0,-157.0,-156.0,-157.0,-157.0,-155.0,-157.0,-154.5,-157.0,-152.5,-154.5,-157.0,-156.5,-157.0,-157.0,-157.0,-157.0,-157.0,-157.0,-157.0,-157.0,-156.5,-157.0,-157.0,-157.0,-156.5,-157.0,-156.0,-154.0,-152.0,-152.0,-154.0,-155.5,-154.0,-150.0,-152.5,-152.0,-157.0,-155.0,-157.0,-157.0,-152.0,-153.5,-156.0,-157.0,-157.0,-157.0,-157.0,-152.5,-153.5,-152.5,-156.5,-157.0,-157.0,-157.0,-155.0,-157.0,-157.0,-155.0,-155.0,-157.0,-157.0,-154.5,-153.0,-154.0,-153.0,-155.0,-157.0,-156.5,-154.5,-152.5,-154.5,-153.0,-154.5,-157.0,-156.5,-157.0,-157.0,-157.0,-154.5,-155.5,-152.5,-154.0,-157.0,-156.5,-157.0,-157.0,-155.5,-156.5,-157.0,-156.5,-157.0,-157.0,-157.0,-155.0,-154.5,-153.5,-157.0,-157.0,-156.5,-152.5,-157.0,-151.5,-150.0,-157.0,-155.5,-154.0,-154.0,-157.0,-157.0,-157.0,-153.0,-150.0,-153.5,-155.5,-157.0,-157.0,-155.0,-157.0,-152.5,-157.0,-157.0,-157.0,-157.0,-157.0,-154.5,-153.5,-157.0,-157.0,-152.5,-153.5,-157.0,-157.0,-157.0,-157.0,-157.0,-157.0,-152.0,-148.5,-154.0,-156.0,-157.0,-152.5,-153.5,-152.0,-153.5,-154.5,-156.5,-151.0,-157.0,-157.0,-157.0,-157.0,-152.5,-157.0,-157.0,-157.0,-154.5,-156.5,-157.0,-157.0,-157.0,-157.0,-157.0,-157.0,-155.5,-157.0,-157.0,-157.0,-157.0,-151.0,-151.0,-157.0,-153.5,-151.5,-154.5,-157.0,-157.0,-156.0,-154.5,-153.0,-156.0,-154.0,-155.0,-154.0,-157.0,-157.0,-157.0,-154.5,-151.5,-152.5,-156.5,-156.5,-157.0,-157.0,-157.0,-156.0,-157.0,-154.5,-157.0,-154.0,-150.5,-153.5,-155.0,-157.0,-156.5,-153.5,-156.0,-157.0,-157.0,-157.0,-157.0,-157.0,-156.5,-157.0,-157.0,-152.0,-151.5,-156.0,-151.0,-154.5,-157.0,-156.5,-156.0,-157.0,-155.0,-156.0,-156.0,-157.0,-157.0,-157.0,-154.5,-157.0,-157.0,-157.0,-153.0,-152.0,-157.0,-155.5,-152.5,-153.5,-153.0,-155.0,-155.0,-157.0,-157.0,-154.0,-152.5,-153.5,-152.0,-151.0,-153.5,-155.5,-156.5,-156.0,-157.0,-157.0,-156.5,-157.0,-153.0,-155.0,-157.0,-152.5,-153.0,-155.5,-153.5,-157.0,-157.0,-157.0,-157.0,-157.0,-154.0,-156.5,-152.5,-154.0,-157.0,-156.0,-157.0,-157.0,-157.0,-157.0,-157.0,-157.0,-157.0,-157.0,-156.0,-152.5,-154.0,-153.0,-157.0,-155.0,-157.0,-157.0,-157.0,-157.0,-157.0,-157.0,-154.0,-154.0,-157.0,-151.5,-155.0,-157.0,-157.0,-157.0,-157.0,-157.0,-157.0,-157.0,-157.0,-157.0,-155.0,-157.0,-157.0,-156.5,-157.0,-157.0,-157.0,-157.0,-157.0,-156.5,-155.5,-153.0,-148.5,-149.5,-157.0,-157.0,-157.0,-155.5,-157.0,-155.5,-157.0,-157.0,-157.0,-154.0,-152.5,-157.0,-152.5,-153.0,-152.0,-152.5,-157.0,-157.0,-155.0,-155.0,-156.5,-157.0,-157.0,-155.0,-153.5,-154.0,-154.5,-157.0,-157.0,-157.0,-157.0,-153.5,-154.0,-155.0,-157.0,-157.0,-152.5,-155.0,-157.0,-156.0,-157.0,-157.0,-157.0,-157.0,-157.0,-150.0,-152.0,-156.0,-157.0,-155.5,-154.5,-153.0,-156.0,-157.0,-157.0,-157.0,-157.0,-157.0,-156.0,-156.5,-157.0,-157.0,-157.0,-157.0,-157.0,-151.0,-156.5,-157.0,-154.5,-156.0,-151.0,-156.0,-157.0,-157.0,-152.0,-157.0,-154.5,-155.0,-157.0,-157.0,-153.5,-157.0,-157.0,-157.0,-152.0,-153.0,-157.0,-157.0,-155.0,-151.5,-151.5,-156.0,-152.5,-157.0,-157.0,-157.0,-157.0,-157.0,-157.0,-157.0,-157.0,-157.0,-150.0,-150.5,-157.0,-157.0,-157.0,-157.0,-157.0,-157.0,-157.0,-157.0,-155.0,-157.0,-157.0,-157.0,-157.0,-155.5,-157.0,-154.5,-153.5,-157.0,-157.0,-157.0,-157.0,-154.0,-153.5,-152.0,-154.5,-153.5,-154.5,-149.5,-153.0,-157.0,-157.0,-152.5,-157.0,-156.5,-157.0,-157.0,-156.5,-153.0,-156.5
2026-01-17 14:24:12.878,143.049967,5,-77,-157.0,-157.0,-157.0,-157.0,-157.0,-157.0,-157.0,-157.0,-157.0,-157.0,-157.0,-157.0,-152.0,-157.0,-156.0,-157.0,-152.0,-157.0,-155.0,-156.5,-157.0,-157.0,-157.0,-157.0,-155.5,-157.0,-157.0,-157.0,-156.0,-154.0,-152.0,-157.0,-153.0,-153.0,-157.0,-156.0,-156.0,-155.0,-152.0,-152.5,-157.0,-153.5,-157.0,-154.5,-157.0,-157.0,-157.0,-157.0,-151.5,-154.0,-157.0,-157.0,-157.0,-157.0,-157.0,-154.5,-155.5,-156.0,-157.0,-157.0,-157.0,-157.0,-155.5,-157.0,-157.0,-156.5,-155.0,-156.0,-156.5,-150.0,-154.5,-153.0,-152.0,-156.5,-157.0,-157.0,-157.0,-153.5,-155.5,-156.5,-155.5,-156.0,-157.0,-157.0,-157.0,-157.0,-155.0,-157.0,-157.0,-151.5,-154.5,-153.5,-157.0,-156.5,-150.0,-152.0,-157.0,-157.0,-157.0,-155.0,-153.5,-154.0,-155.5,-151.5,-157.0,-155.5,-151.5,-153.5,-157.0,-149.0,-149.0,-157.0,-156.0,-153.0,-151.0,-157.0,-157.0,-156.0,-152.5,-148.5,-157.0,-154.0,-157.0,-157.0,-154.0,-157.0,-153.0,-157.0,-154.5,-157.0,-157.0,-157.0,-154.5,-152.0,-154.5,-153.0,-153.5,-153.0,-155.5,-154.0,-157.0,-157.0,-157.0,-157.0,-153.0,-150.0,-152.0,-154.5,-153.5,-151.5,-150.5,-151.5,-157.0,-157.0,-157.0,-153.5,-154.5,-157.0,-157.0,-157.0,-152.0,-153.5,-157.0,-157.0,-153.0,-154.5,-157.0,-157.0,-154.5,-155.5,-155.5,-155.5,-151.0,-153.5,-157.0,-157.0,-157.0,-151.0,-148.5,-153.0,-154.5,-151.5,-153.5,-157.0,-157.0,-157.0,-156.5,-154.5,-157.0,-154.0,-157.0,-153.5,-157.0,-157.0,-154.5,-154.0,-157.0,-157.0,-152.5,-155.5,-157.0,-157.0,-157.0,-156.5,-156.5,-155.5,-157.0,-155.5,-155.0,-157.0,-155.0,-157.0,-157.0,-156.5,-157.0,-157.0,-157.0,-157.0,-156.5,-156.0,-156.5,-155.5,-155.5,-153.0,-150.5,-152.0,-152.5,-153.0,-157.0,-155.5,-153.0,-157.0,-157.0,-150.5,-151.0,-157.0,-157.0,-157.0,-154.0,-157.0,-157.0,-157.0,-153.5,-157.0,-155.5,-151.5,-152.0,-152.5,-154.5,-157.0,-153.5,-156.5,-156.5,-156.5,-152.0,-155.0,-151.0,-151.0,-153.0,-153.5,-157.0,-157.0,-157.0,-157.0,-157.0,-157.0,-157.0,-157.0,-157.0,-155.5,-156.0,-157.0,-155.0,-157.0,-154.0,-157.0,-155.0,-153.5,-156.5,-157.0,-153.0,-154.0,-157.0,-157.0,-157.0,-155.5,-157.0,-157.0,-157.0,-157.0,-157.0,-157.0,-157.0,-156.5,-156.5,-151.5,-155.5,-154.5,-157.0,-157.0,-156.0,-155.5,-157.0,-157.0,-153.5,-154.5,-157.0,-154.0,-155.5,-157.0,-157.0,-157.0,-157.0,-157.0,-157.0,-154.5,-155.0,-155.5,-155.0,-157.0,-157.0,-156.5,-155.5,-157.0,-157.0,-157.0,-155.5,-152.5,-156.0,-157.0,-152.0,-152.5,-157.0,-157.0,-157.0,-154.5,-157.0,-156.5,-157.0,-154.0,-156.0,-157.0,-157.0,-157.0,-156.5,-156.0,-153.0,-153.0,-157.0,-156.5,-151.5,-151.0,-153.5,-157.0,-157.0,-154.5,-157.0,-157.0,-155.5,-155.5,-153.5,-157.0,-157.0,-153.5,-156.0,-156.0,-157.0,-157.0,-154.0,-157.0,-157.0,-155.0,-157.0,-156.5,-157.0,-157.0,-157.0,-155.0,-157.0,-157.0,-153.0,-151.5,-152.0,-150.5,-151.0,-157.0,-157.0,-157.0,-157.0,-157.0,-155.5,-157.0,-155.0,-154.0,-157.0,-152.5,-152.0,-151.5,-153.0,-157.0,-151.5,-152.0,-151.0,-153.5,-157.0,-157.0,-152.0,-157.0,-151.5,-154.0,-156.0,-157.0,-154.0,-156.5,-156.0,-157.0,-151.0,-149.0,-153.0,-157.0,-157.0,-156.0,-155.0,-150.5,-150.5,-157.0,-157.0,-155.5,-157.0,-157.0,-157.0,-157.0,-157.0,-157.0,-151.0,-153.5,-157.0,-157.0,-153.5,-150.0,-151.5,-157.0,-157.0,-157.0,-157.0,-157.0,-157.0,-157.0,-157.0,-157.0,-155.5,-154.5,-151.5,-155.5,-157.0,-157.0,-157.0,-155.0,-157.0,-151.5,-152.5,-155.5,-155.0,-153.5,-156.0,-157.0,-155.5,-155.0,-157.0,-155.0,-157.0,-156.0,-155.5,-153.5,-157.0
2026-01-17 14:24:12.910,143.049967,5,-77,-157.0,-157.0,-157.0,-157.0,-157.0,-157.0,-157.0,-155.5,-153.0,-155.5,-157.0,-156.5,-150.5,-157.0,-156.5,-152.0,-148.5,-152.5,-154.0,-157.0,-156.5,-157.0,-156.0,-154.5,-152.5,-157.0,-154.5,-157.0,-155.0,-154.0,-152.0,-154.5,-155.5,-153.5,-155.5,-157.0,-157.0,-157.0,-154.5,-153.0,-152.0,-152.0,-157.0,-157.0,-157.0,-157.0,-157.0,-157.0,-155.0,-157.0,-157.0,-157.0,-156.5,-157.0,-156.0,-157.0,-157.0,-157.0,-157.0,-157.0,-157.0,-157.0,-152.5,-153.0,-157.0,-157.0,-157.0,-157.0,-151.0,-148.5,-157.0,-152.0,-153.5,-157.0,-157.0,-157.0,-157.0,-157.0,-156.5,-157.0,-154.5,-155.5,-157.0,-157.0,-157.0,-157.0,-156.5,-157.0,-157.0,-150.5,-150.0,-155.0,-154.5,-157.0,-151.0,-154.5,-157.0,-157.0,-157.0,-152.5,-154.5,-157.0,-152.0,-154.0,-157.0,-153.5,-156.0,-155.5,-154.5,-148.5,-151.0,-157.0,-153.5,-155.0,-151.5,-153.5,-157.0,-152.5,-152.5,-151.0,-155.0,-154.5,-157.0,-156.5,-156.0,-157.0,-154.0,-157.0,-150.5,-151.0,-157.0,-157.0,-157.0,-155.0,-157.0,-152.0,-154.0,-155.0,-156.0,-153.0,-157.0,-157.0,-157.0,-157.0,-156.5,-156.5,-156.5,-157.0,-155.0,-156.0,-155.0,-157.0,-157.0,-157.0,-157.0,-156.0,-155.0,-157.0,-157.0,-157.0,-156.0,-154.5,-156.0,-157.0,-154.5,-157.0,-157.0,-156.0,-156.0,-157.0,-156.0,-156.5,-150.0,-152.0,-157.0,-157.0,-157.0,-152.0,-152.0,-156.0,-155.0,-152.0,-151.5,-155.5,-157.0,-157.0,-157.0,-154.0,-157.0,-152.0,-156.5,-152.0,-155.5,-157.0,-154.0,-154.0,-157.0,-156.0,-152.0,-153.5,-157.0,-157.0,-157.0,-154.0,-157.0,-157.0,-157.0,-154.5,-157.0,-157.0,-156.5,-157.0,-154.0,-155.0,-157.0,-157.0,-155.5,-156.0,-151.0,-153.5,-155.5,-155.0,-151.5,-151.0,-152.5,-152.5,-157.0,-155.0,-157.0,-156.5,-156.0,-157.0,-157.0,-152.5,-153.0,-157.0,-157.0,-151.5,-150.5,-157.0,-155.5,-155.0,-151.5,-153.5,-155.5,-154.5,-157.0,-157.0,-157.0,-155.5,-152.0,-156.0,-157.0,-157.0,-155.0,-157.0,-157.0,-156.0,-157.0,-157.0,-157.0,-157.0,-156.0,-157.0,-157.0,-157.0,-157.0,-156.0,-154.0,-153.0,-157.0,-156.5,-155.5,-157.0,-154.5,-157.0,-157.0,-154.0,-157.0,-157.0,-157.0,-157.0,-157.0,-157.0,-157.0,-156.0,-156.5,-157.0,-157.0,-155.0,-155.0,-157.0,-157.0,-155.0,-155.0,-153.5,-155.5,-156.0,-157.0,-153.0,-149.5,-149.5,-156.5,-153.5,-152.0,-152.5,-153.5,-157.0,-157.0,-157.0,-157.0,-154.0,-157.0,-157.0,-155.5,-152.5,-152.0,-157.0,-153.5,-153.0,-157.0,-157.0,-157.0,-157.0,-157.0,-154.0,-151.0,-153.5,-154.0,-157.0,-157.0,-157.0,-157.0,-157.0,-157.0,-152.5,-155.0,-154.5,-157.0,-150.5,-149.5,-157.0,-157.0,-157.0,-156.0,-151.0,-152.0,-153.5,-154.0,-155.5,-154.5,-154.5,-157.0,-157.0,-155.5,-154.0,-157.0,-157.0,-153.5,-152.5,-156.5,-155.5,-154.5,-154.5,-157.0,-155.0,-156.0,-156.5,-156.0,-157.0,-153.5,-154.5,-157.0,-157.0,-156.0,-157.0,-157.0,-157.0,-157.0,-157.0,-152.0,-152.0,-154.0,-150.5,-151.5,-157.0,-157.0,-157.0,-157.0,-157.0,-157.0,-157.0,-157.0,-151.5,-155.0,-155.0,-152.5,-155.0,-153.0,-157.0,-154.0,-157.0,-157.0,-153.0,-156.5,-157.0,-153.0,-154.5,-152.0,-156.0,-157.0,-157.0,-155.0,-155.5,-156.0,-157.0,-157.0,-148.0,-149.5,-157.0,-155.5,-155.0,-157.0,-152.0,-153.0,-155.5,-155.5,-152.5,-156.0,-157.0,-157.0,-157.0,-157.0,-156.5,-153.5,-157.0,-157.0,-157.0,-153.5,-149.0,-151.0,-155.0,-156.5,-157.0,-157.0,-157.0,-157.0,-157.0,-157.0,-157.0,-150.5,-149.5,-151.0,-156.5,-157.0,-157.0,-157.0,-157.0,-157.0,-154.5,-155.5,-157.0,-157.0,-157.0,-157.0,-157.0,-157.0,-157.0,-157.0,-157.0,-156.0,-157.0,-157.0,-156.5,-157.0
2026-01-17 14:24:12.943,143.049967,5,-77,-157.0,-157.0,-157.0,-157.0,-157.0,-157.0,-157.0,-157.0,-154.0,-153.0,-157.0,-153.5,-149.0,-157.0,-157.0,-148.5,-147.5,-154.5,-154.0,-155.5,-157.0,-156.5,-154.5,-155.0,-154.0,-157.0,-153.0,-152.5,-153.5,-156.5,-156.5,-157.0,-157.0,-157.0,-155.0,-155.0,-157.0,-157.0,-156.5,-154.0,-151.0,-156.5,-157.0,-157.0,-157.0,-157.0,-155.5,-155.0,-157.0,-157.0,-157.0,-157.0,-156.0,-157.0,-154.5,-157.0,-155.5,-157.0,-156.5,-157.0,-157.0,-157.0,-155.0,-154.5,-157.0,-157.0,-157.0,-157.0,-153.5,-150.0,-157.0,-157.0,-155.5,-156.0,-157.0,-157.0,-156.0,-157.0,-157.0,-154.5,-151.5,-154.5,-157.0,-157.0,-155.0,-157.0,-157.0,-157.0,-157.0,-155.0,-154.5,-157.0,-154.5,-155.5,-152.5,-157.0,-157.0,-157.0,-156.5,-157.0,-157.0,-157.0,-154.0,-157.0,-157.0,-153.0,-157.0,-151.5,-152.5,-152.5,-153.5,-157.0,-148.5,-151.5,-154.0,-153.0,-157.0,-152.0,-153.5,-157.0,-155.5,-155.0,-157.0,-157.0,-154.5,-157.0,-156.0,-157.0,-153.0,-153.0,-154.5,-155.5,-157.0,-157.0,-157.0,-155.0,-155.5,-155.0,-155.5,-154.5,-157.0,-157.0,-157.0,-157.0,-157.0,-157.0,-157.0,-157.0,-157.0,-157.0,-157.0,-157.0,-157.0,-157.0,-155.0,-157.0,-157.0,-157.0,-157.0,-156.5,-157.0,-157.0,-157.0,-157.0,-157.0,-157.0,-157.0,-157.0,-157.0,-157.0,-157.0,-157.0,-153.5,-154.5,-157.0,-157.0,-155.0,-152.5,-156.0,-157.0,-153.0,-154.0,-153.0,-156.0,-157.0,-157.0,-156.5,-152.5,-154.5,-152.5,-152.0,-153.0,-156.0,-156.5,-154.5,-154.5,-157.0,-157.0,-156.0,-156.0,-157.0,-156.5,-152.5,-151.5,-157.0,-157.0,-154.0,-152.5,-154.5,-155.0,-157.0,-156.5,-155.0,-157.0,-154.5,-154.5,-157.0,-150.0,-149.0,-157.0,-152.0,-157.0,-152.0,-150.0,-153.0,-155.5,-152.5,-153.0,-157.0,-156.0,-157.0,-157.0,-157.0,-153.5,-156.0,-156.5,-157.0,-152.0,-152.5,-157.0,-157.0,-155.5,-150.5,-152.0,-156.0,-157.0,-157.0,-157.0,-157.0,-152.0,-152.5,-157.0,-157.0,-153.5,-154.5,-157.0,-157.0,-157.0,-157.0,-157.0,-157.0,-157.0,-155.5,-154.0,-155.5,-156.5,-155.5,-157.0,-153.5,-151.5,-154.5,-157.0,-157.0,-157.0,-154.5,-157.0,-156.5,-156.0,-154.0,-154.5,-157.0,-157.0,-157.0,-155.5,-157.0,-157.0,-157.0,-157.0,-157.0,-152.0,-152.0,-157.0,-157.0,-153.5,-154.5,-157.0,-157.0,-157.0,-157.0,-152.0,-151.0,-152.0,-156.0,-153.0,-153.5,-151.5,-151.0,-157.0,-157.0,-153.5,-157.0,-151.5,-153.5,-152.5,-151.0,-153.5,-155.0,-157.0,-151.5,-151.5,-157.0,-157.0,-157.0,-157.0,-157.0,-153.5,-153.0,-157.0,-157.0,-157.0,-157.0,-157.0,-157.0,-157.0,-155.5,-149.5,-149.5,-156.5,-157.0,-152.0,-149.5,-154.5,-157.0,-157.0,-157.0,-153.0,-153.0,-154.0,-155.0,-154.0,-152.5,-154.5,-157.0,-155.0,-153.5,-153.0,-157.0,-157.0,-156.0,-154.5,-157.0,-157.0,-153.0,-155.0,-157.0,-153.0,-154.5,-157.0,-155.5,-157.0,-153.5,-155.5,-156.5,-156.0,-155.5,-157.0,-157.0,-157.0,-157.0,-157.0,-157.0,-157.0,-150.5,-150.0,-153.0,-157.0,-157.0,-157.0,-157.0,-157.0,-157.0,-157.0,-157.0,-151.5,-156.5,-157.0,-155.5,-154.0,-154.0,-155.0,-155.5,-157.0,-157.0,-155.0,-157.0,-157.0,-156.5,-153.0,-152.5,-156.0,-157.0,-157.0,-156.5,-157.0,-157.0,-157.0,-157.0,-150.5,-153.0,-157.0,-153.5,-153.5,-157.0,-155.5,-156.5,-154.0,-153.5,-153.0,-155.5,-152.5,-153.5,-153.0,-155.5,-157.0,-156.0,-157.0,-157.0,-157.0,-156.0,-150.5,-151.5,-152.5,-155.0,-157.0,-157.0,-157.0,-157.0,-157.0,-157.0,-157.0,-156.0,-148.0,-154.5,-156.5,-157.0,-157.0,-157.0,-154.0,-152.5,-157.0,-157.0,-157.0,-157.0,-157.0,-157.0,-157.0,-157.0,-157.0,-157.0,-157.0,-157.0,-157.0,-157.0,-155.5,-157.0
2026-01-17 14:24:12.988,143.049967,5,-77,-157.0,-157.0,-157.0,-157.0,-157.0,-157.0,-156.0,-157.0,-157.0,-155.5,-157.0,-152.5,-149.5,-155.5,-157.0,-151.0,-153.0,-156.5,-157.0,-155.0,-157.0,-157.0,-156.0,-157.0,-157.0,-157.0,-156.5,-155.5,-157.0,-155.5,-155.5,-157.0,-156.0,-157.0,-156.0,-154.5,-157.0,-157.0,-157.0,-157.0,-156.5,-157.0,-155.0,-157.0,-157.0,-157.0,-155.0,-152.0,-155.5,-157.0,-157.0,-157.0,-157.0,-157.0,-157.0,-157.0,-157.0,-157.0,-156.5,-157.0,-155.5,-157.0,-157.0,-157.0,-154.5,-155.0,-156.5,-157.0,-157.0,-151.5,-154.5,-156.5,-157.0,-157.0,-157.0,-155.0,-155.0,-155.0,-157.0,-154.0,-155.0,-154.0,-157.0,-157.0,-153.5,-155.0,-157.0,-157.0,-157.0,-157.0,-157.0,-157.0,-157.0,-152.5,-157.0,-157.0,-157.0,-157.0,-157.0,-157.0,-157.0,-157.0,-157.0,-157.0,-157.0,-152.0,-157.0,-150.5,-152.0,-157.0,-157.0,-153.5,-148.5,-149.5,-157.0,-155.5,-157.0,-154.0,-154.5,-157.0,-157.0,-156.5,-154.5,-157.0,-157.0,-155.5,-157.0,-153.5,-156.5,-157.0,-155.0,-157.0,-157.0,-157.0,-157.0,-157.0,-155.0,-157.0,-157.0,-153.0,-155.0,-157.0,-157.0,-157.0,-157.0,-157.0,-157.0,-157.0,-155.0,-157.0,-157.0,-157.0,-157.0,-154.0,-154.0,-157.0,-157.0,-157.0,-157.0,-157.0,-157.0,-157.0,-157.0,-157.0,-157.0,-153.5,-157.0,-157.0,-156.5,-157.0,-157.0,-157.0,-157.0,-157.0,-157.0,-157.0,-154.0,-153.0,-154.5,-154.0,-153.5,-157.0,-156.5,-157.0,-156.5,-155.0,-153.0,-154.0,-154.5,-157.0,-152.0,-157.0,-157.0,-157.0,-153.0,-153.0,-154.0,-157.0,-155.5,-156.0,-157.0,-156.0,-154.0,-151.0,-156.5,-157.0,-153.5,-155.5,-157.0,-155.5,-156.5,-157.0,-157.0,-157.0,-149.5,-150.5,-157.0,-149.5,-148.5,-157.0,-152.5,-155.5,-157.0,-152.5,-157.0,-153.5,-149.5,-154.5,-157.0,-153.0,-154.0,-157.0,-157.0,-152.0,-157.0,-157.0,-157.0,-157.0,-157.0,-157.0,-153.0,-154.0,-150.0,-151.0,-155.0,-157.0,-157.0,-157.0,-157.0,-154.5,-157.0,-157.0,-157.0,-153.5,-154.5,-157.0,-157.0,-157.0,-154.5,-157.0,-157.0,-154.5,-151.0,-153.0,-157.0,-157.0,-154.5,-155.0,-157.0,-153.0,-151.0,-157.0,-157.0,-155.0,-155.5,-157.0,-157.0,-157.0,-153.0,-153.5,-157.0,-156.5,-157.0,-154.0,-154.5,-157.0,-157.0,-157.0,-157.0,-153.0,-153.0,-157.0,-157.0,-153.5,-157.0,-157.0,-157.0,-157.0,-157.0,-151.5,-151.5,-156.0,-157.0,-157.0,-157.0,-154.5,-153.0,-155.0,-157.0,-152.5,-156.5,-153.0,-154.0,-157.0,-152.0,-154.5,-157.0,-157.0,-154.0,-154.0,-157.0,-157.0,-157.0,-157.0,-156.5,-157.0,-156.5,-157.0,-157.0,-154.5,-157.0,-156.5,-157.0,-157.0,-155.0,-151.0,-152.5,-156.5,-156.5,-157.0,-156.0,-157.0,-157.0,-157.0,-157.0,-156.0,-155.5,-153.0,-155.0,-157.0,-151.0,-155.0,-157.0,-153.0,-153.5,-152.0,-157.0,-157.0,-157.0,-157.0,-157.0,-157.0,-153.0,-154.0,-157.0,-154.0,-156.5,-157.0,-156.5,-157.0,-157.0,-157.0,-153.5,-155.0,-155.0,-157.0,-157.0,-157.0,-157.0,-157.0,-157.0,-157.0,-151.0,-156.0,-154.5,-157.0,-157.0,-154.5,-152.5,-153.0,-157.0,-155.5,-157.0,-152.0,-154.0,-157.0,-156.0,-157.0,-157.0,-157.0,-157.0,-157.0,-155.0,-157.0,-157.0,-156.0,-157.0,-152.0,-151.0,-157.0,-157.0,-157.0,-157.0,-157.0,-157.0,-157.0,-157.0,-154.0,-155.0,-156.0,-155.0,-157.0,-157.0,-157.0,-157.0,-155.5,-157.0,-157.0,-155.5,-151.5,-156.5,-154.0,-157.0,-157.0,-154.5,-157.0,-157.0,-157.0,-152.0,-150.0,-150.5,-156.0,-157.0,-157.0,-157.0,-157.0,-157.0,-156.0,-156.5,-157.0,-157.0,-150.0,-156.5,-155.5,-155.0,-157.0,-157.0,-151.0,-150.5,-155.5,-157.0,-157.0,-157.0,-157.0,-155.5,-155.5,-156.5,-157.0,-157.0,-156.0,-157.0,-156.5,-157.0,-154.0,-157.0
2026-01-17 14:24:12.989,143.049967,5,-77,-157.0,-157.0,-157.0,-157.0,-157.0,-157.0,-156.0,-157.0,-157.0,-155.5,-157.0,-152.5,-149.5,-155.5,-157.0,-151.0,-153.0,-156.5,-157.0,-155.0,-157.0,-157.0,-156.0,-157.0,-157.0,-157.0,-156.5,-155.5,-157.0,-155.5,-155.5,-157.0,-156.0,-157.0,-156.0,-154.5,-157.0,-157.0,-157.0,-157.0,-156.5,-157.0,-155.0,-157.0,-157.0,-157.0,-155.0,-152.0,-155.5,-157.0,-157.0,-157.0,-157.0,-157.0,-157.0,-157.0,-157.0,-157.0,-156.5,-157.0,-155.5,-157.0,-157.0,-157.0,-154.5,-155.0,-156.5,-157.0,-157.0,-151.5,-154.5,-156.5,-157.0,-157.0,-157.0,-155.0,-155.0,-155.0,-157.0,-154.0,-155.0,-154.0,-157.0,-157.0,-153.5,-155.0,-157.0,-157.0,-157.0,-157.0,-157.0,-157.0,-157.0,-152.5,-157.0,-157.0,-157.0,-157.0,-157.0,-157.0,-157.0,-157.0,-157.0,-157.0,-157.0,-152.0,-157.0,-150.5,-152.0,-157.0,-157.0,-153.5,-148.5,-149.5,-157.0,-155.5,-157.0,-154.0,-154.5,-157.0,-157.0,-156.5,-154.5,-157.0,-157.0,-155.5,-157.0,-153.5,-156.5,-157.0,-155.0,-157.0,-157.0,-157.0,-157.0,-157.0,-155.0,-157.0,-157.0,-153.0,-155.0,-157.0,-157.0,-157.0,-157.0,-157.0,-157.0,-157.0,-155.0,-157.0,-157.0,-157.0,-157.0,-154.0,-154.0,-157.0,-157.0,-157.0,-157.0,-157.0,-157.0,-157.0,-157.0,-157.0,-157.0,-153.5,-157.0,-157.0,-156.5,-157.0,-157.0,-157.0,-157.0,-157.0,-157.0,-157.0,-154.0,-153.0,-154.5,-154.0,-153.5,-157.0,-156.5,-157.0,-156.5,-155.0,-153.0,-154.0,-154.5,-157.0,-152.0,-157.0,-157.0,-157.0,-153.0,-153.0,-154.0,-157.0,-155.5,-156.0,-157.0,-156.0,-154.0,-151.0,-156.5,-157.0,-153.5,-155.5,-157.0,-155.5,-156.5,-157.0,-157.0,-157.0,-149.5,-150.5,-157.0,-149.5,-148.5,-157.0,-152.5,-155.5,-157.0,-152.5,-157.0,-153.5,-149.5,-154.5,-157.0,-153.0,-154.0,-157.0,-157.0,-152.0,-157.0,-157.0,-157.0,-157.0,-157.0,-157.0,-153.0,-154.0,-150.0,-151.0,-155.0,-157.0,-157.0,-157.0,-157.0,-154.5,-157.0,-157.0,-157.0,-153.5,-154.5,-157.0,-157.0,-157.0,-154.5,-157.0,-157.0,-154.5,-151.0,-153.0,-157.0,-157.0,-154.5,-155.0,-157.0,-153.0,-151.0,-157.0,-157.0,-155.0,-155.5,-157.0,-157.0,-157.0,-153.0,-153.5,-157.0,-156.5,-157.0,-154.0,-154.5,-157.0,-157.0,-157.0,-157.0,-153.0,-153.0,-157.0,-157.0,-153.5,-157.0,-157.0,-157.0,-157.0,-157.0,-151.5,-151.5,-156.0,-157.0,-157.0,-157.0,-154.5,-153.0,-155.0,-157.0,-152.5,-156.5,-153.0,-154.0,-157.0,-152.0,-154.5,-157.0,-157.0,-154.0,-154.0,-157.0,-157.0,-157.0,-157.0,-156.5,-157.0,-156.5,-157.0,-157.0,-154.5,-157.0,-156.5,-157.0,-157.0,-155.0,-151.0,-152.5,-156.5,-156.5,-157.0,-156.0,-157.0,-157.0,-157.0,-157.0,-156.0,-155.5,-153.0,-155.0,-157.0,-151.0,-155.0,-157.0,-153.0,-153.5,-152.0,-157.0,-157.0,-157.0,-157.0,-157.0,-157.0,-153.0,-154.0,-157.0,-154.0,-156.5,-157.0,-156.5,-157.0,-157.0,-157.0,-153.5,-155.0,-155.0,-157.0,-157.0,-157.0,-157.0,-157.0,-157.0,-157.0,-151.0,-156.0,-154.5,-157.0,-157.0,-154.5,-152.5,-153.0,-157.0,-155.5,-157.0,-152.0,-154.0,-157.0,-156.0,-157.0,-157.0,-157.0,-157.0,-157.0,-155.0,-157.0,-157.0,-156.0,-157.0,-152.0,-151.0,-157.0,-157.0,-157.0,-157.0,-157.0,-157.0,-157.0,-157.0,-154.0,-155.0,-156.0,-155.0,-157.0,-157.0,-157.0,-157.0,-155.5,-157.0,-157.0,-155.5,-151.5,-156.5,-154.0,-157.0,-157.0,-154.5,-157.0,-157.0,-157.0,-152.0,-150.0,-150.5,-156.0,-157.0,-157.0,-157.0,-157.0,-157.0,-156.0,-156.5,-157.0,-157.0,-150.0,-156.5,-155.5,-155.0,-157.0,-157.0,-151.0,-150.5,-155.5,-157.0,-157.0,-157.0,-157.0,-155.5,-155.5,-156.5,-157.0,-157.0,-156.0,-157.0,-156.5,-157.0,-154.0,-157.0
2026-01-17 14:24:12.991,143.049967,5,-77,-157.0,-157.0,-157.0,-157.0,-157.0,-157.0,-156.0,-157.0,-157.0,-155.5,-157.0,-152.5,-149.5,-155.5,-157.0,-151.0,-153.0,-156.5,-157.0,-155.0,-157.0,-157.0,-156.0,-157.0,-157.0,-157.0,-156.5,-155.5,-157.0,-155.5,-155.5,-157.0,-156.0,-157.0,-156.0,-154.5,-157.0,-157.0,-157.0,-157.0,-156.5,-157.0,-155.0,-157.0,-157.0,-157.0,-155.0,-152.0,-155.5,-157.0,-157.0,-157.0,-157.0,-157.0,-157.0,-157.0,-157.0,-157.0,-156.5,-157.0,-155.5,-157.0,-157.0,-157.0,-154.5,-155.0,-156.5,-157.0,-157.0,-151.5,-154.5,-156.5,-157.0,-157.0,-157.0,-155.0,-155.0,-155.0,-157.0,-154.0,-155.0,-154.0,-157.0,-157.0,-153.5,-155.0,-157.0,-157.0,-157.0,-157.0,-157.0,-157.0,-157.0,-152.5,-157.0,-157.0,-157.0,-157.0,-157.0,-157.0,-157.0,-157.0,-157.0,-157.0,-157.0,-152.0,-157.0,-150.5,-152.0,-157.0,-157.0,-153.5,-148.5,-149.5,-157.0,-155.5,-157.0,-154.0,-154.5,-157.0,-157.0,-156.5,-154.5,-157.0,-157.0,-155.5,-157.0,-153.5,-156.5,-157.0,-155.0,-157.0,-157.0,-157.0,-157.0,-157.0,-155.0,-157.0,-157.0,-153.0,-155.0,-157.0,-157.0,-157.0,-157.0,-157.0,-157.0,-157.0,-155.0,-157.0,-157.0,-157.0,-157.0,-154.0,-154.0,-157.0,-157.0,-157.0,-157.0,-157.0,-157.0,-157.0,-157.0,-157.0,-157.0,-153.5,-157.0,-157.0,-156.5,-157.0,-157.0,-157.0,-157.0,-157.0,-157.0,-157.0,-154.0,-153.0,-154.5,-154.0,-153.5,-157.0,-156.5,-157.0,-156.5,-155.0,-153.0,-154.0,-154.5,-157.0,-152.0,-157.0,-157.0,-157.0,-153.0,-153.0,-154.0,-157.0,-155.5,-156.0,-157.0,-156.0,-154.0,-151.0,-156.5,-157.0,-153.5,-155.5,-157.0,-155.5,-156.5,-157.0,-157.0,-157.0,-149.5,-150.5,-157.0,-149.5,-148.5,-157.0,-152.5,-155.5,-157.0,-152.5,-157.0,-153.5,-149.5,-154.5,-157.0,-153.0,-154.0,-157.0,-157.0,-152.0,-157.0,-157.0,-157.0,-157.0,-157.0,-157.0,-153.0,-154.0,-150.0,-151.0,-155.0,-157.0,-157.0,-157.0,-157.0,-154.5,-157.0,-157.0,-157.0,-153.5,-154.5,-157.0,-157.0,-157.0,-154.5,-157.0,-157.0,-154.5,-151.0,-153.0,-157.0,-157.0,-154.5,-155.0,-157.0,-153.0,-151.0,-157.0,-157.0,-155.0,-155.5,-157.0,-157.0,-157.0,-153.0,-153.5,-157.0,-156.5,-157.0,-154.0,-154.5,-157.0,-157.0,-157.0,-157.0,-153.0,-153.0,-157.0,-157.0,-153.5,-157.0,-157.0,-157.0,-157.0,-157.0,-151.5,-151.5,-156.0,-157.0,-157.0,-157.0,-154.5,-153.0,-155.0,-157.0,-152.5,-156.5,-153.0,-154.0,-157.0,-152.0,-154.5,-157.0,-157.0,-154.0,-154.0,-157.0,-157.0,-157.0,-157.0,-156.5,-157.0,-156.5,-157.0,-157.0,-154.5,-157.0,-156.5,-157.0,-157.0,-155.0,-151.0,-152.5,-156.5,-156.5,-157.0,-156.0,-157.0,-157.0,-157.0,-157.0,-156.0,-155.5,-153.0,-155.0,-157.0,-151.0,-155.0,-157.0,-153.0,-153.5,-152.0,-157.0,-157.0,-157.0,-157.0,-157.0,-157.0,-153.0,-154.0,-157.0,-154.0,-156.5,-157.0,-156.5,-157.0,-157.0,-157.0,-153.5,-155.0,-155.0,-157.0,-157.0,-157.0,-157.0,-157.0,-157.0,-157.0,-151.0,-156.0,-154.5,-157.0,-157.0,-154.5,-152.5,-153.0,-157.0,-155.5,-157.0,-152.0,-154.0,-157.0,-156.0,-157.0,-157.0,-157.0,-157.0,-157.0,-155.0,-157.0,-157.0,-156.0,-157.0,-152.0,-151.0,-157.0,-157.0,-157.0,-157.0,-157.0,-157.0,-157.0,-157.0,-154.0,-155.0,-156.0,-155.0,-157.0,-157.0,-157.0,-157.0,-155.5,-157.0,-157.0,-155.5,-151.5,-156.5,-154.0,-157.0,-157.0,-154.5,-157.0,-157.0,-157.0,-152.0,-150.0,-150.5,-156.0,-157.0,-157.0,-157.0,-157.0,-157.0,-156.0,-156.5,-157.0,-157.0,-150.0,-156.5,-155.5,-155.0,-157.0,-157.0,-151.0,-150.5,-155.5,-157.0,-157.0,-157.0,-157.0,-155.5,-155.5,-156.5,-157.0,-157.0,-156.0,-157.0,-156.5,-157.0,-154.0,-157.0
2026-01-17 14:24:13.013,143.049967,5,-77,-157.0,-157.0,-157.0,-157.0,-157.0,-157.0,-155.5,-155.0,-156.5,-157.0,-156.0,-155.5,-152.5,-155.0,-157.0,-153.5,-157.0,-156.5,-156.0,-155.0,-157.0,-157.0,-157.0,-156.0,-157.0,-157.0,-154.5,-155.5,-153.0,-151.5,-152.5,-157.0,-156.0,-157.0,-157.0,-156.5,-154.0,-154.5,-157.0,-157.0,-157.0,-154.0,-157.0,-157.0,-155.5,-157.0,-157.0,-152.5,-156.0,-157.0,-157.0,-157.0,-157.0,-157.0,-157.0,-157.0,-157.0,-157.0,-154.5,-156.5,-157.0,-157.0,-156.0,-155.5,-156.5,-153.5,-154.5,-154.0,-155.0,-153.5,-155.0,-152.0,-157.0,-157.0,-157.0,-154.0,-157.0,-156.5,-157.0,-154.0,-157.0,-154.5,-153.0,-155.5,-157.0,-156.0,-157.0,-157.0,-155.5,-155.0,-157.0,-157.0,-157.0,-153.5,-157.0,-157.0,-157.0,-157.0,-157.0,-156.0,-154.0,-157.0,-157.0,-157.0,-155.0,-150.0,-153.0,-155.5,-154.0,-157.0,-157.0,-154.5,-154.0,-153.0,-155.0,-157.0,-156.5,-156.5,-156.5,-157.0,-157.0,-157.0,-153.0,-157.0,-157.0,-152.5,-153.0,-152.0,-153.0,-156.0,-156.5,-157.0,-157.0,-157.0,-157.0,-156.0,-153.5,-157.0,-157.0,-155.0,-153.0,-157.0,-155.5,-156.5,-157.0,-157.0,-154.5,-154.0,-155.5,-157.0,-157.0,-157.0,-157.0,-153.5,-155.0,-155.0,-157.0,-157.0,-156.5,-157.0,-157.0,-157.0,-157.0,-157.0,-157.0,-153.5,-154.0,-157.0,-156.5,-156.0,-157.0,-157.0,-157.0,-157.0,-157.0,-157.0,-155.5,-155.0,-156.0,-154.0,-152.5,-156.5,-154.5,-157.0,-156.5,-154.5,-154.5,-157.0,-156.5,-155.0,-152.0,-157.0,-157.0,-157.0,-152.5,-152.5,-154.5,-157.0,-154.5,-156.5,-154.5,-151.5,-157.0,-154.0,-153.5,-155.5,-157.0,-157.0,-157.0,-157.0,-155.0,-157.0,-157.0,-154.5,-148.5,-150.5,-157.0,-151.5,-150.0,-157.0,-153.0,-152.0,-153.0,-151.5,-157.0,-155.0,-150.0,-154.5,-153.5,-155.0,-154.5,-157.0,-157.0,-153.0,-157.0,-157.0,-157.0,-154.5,-154.5,-152.0,-151.5,-153.0,-149.5,-150.0,-153.5,-155.0,-157.0,-156.5,-157.0,-156.5,-157.0,-157.0,-157.0,-153.5,-157.0,-157.0,-156.5,-157.0,-154.0,-155.5,-156.5,-152.0,-149.0,-152.0,-157.0,-157.0,-157.0,-156.0,-157.0,-153.0,-152.0,-157.0,-157.0,-157.0,-157.0,-157.0,-156.5,-157.0,-157.0,-154.5,-155.0,-151.5,-154.0,-154.0,-152.0,-157.0,-157.0,-157.0,-157.0,-155.0,-157.0,-157.0,-157.0,-155.0,-156.5,-156.5,-157.0,-153.5,-153.0,-152.0,-150.0,-156.0,-157.0,-157.0,-157.0,-157.0,-157.0,-153.5,-153.5,-151.0,-153.5,-157.0,-157.0,-157.0,-157.0,-157.0,-157.0,-157.0,-157.0,-154.0,-153.0,-154.0,-156.5,-156.0,-155.0,-157.0,-153.5,-155.5,-152.5,-152.5,-157.0,-155.5,-157.0,-157.0,-157.0,-155.0,-154.5,-153.5,-157.0,-157.0,-157.0,-157.0,-156.0,-156.5,-157.0,-153.5,-153.0,-155.0,-156.0,-153.0,-151.5,-157.0,-157.0,-152.5,-154.5,-154.0,-155.0,-157.0,-157.0,-157.0,-157.0,-157.0,-155.0,-157.0,-155.5,-156.0,-157.0,-157.0,-157.0,-157.0,-157.0,-157.0,-154.0,-155.5,-155.0,-155.5,-157.0,-157.0,-157.0,-157.0,-157.0,-157.0,-152.5,-157.0,-155.5,-157.0,-156.5,-154.5,-153.5,-156.0,-156.0,-154.0,-157.0,-152.5,-154.5,-157.0,-157.0,-157.0,-157.0,-157.0,-157.0,-157.0,-154.0,-156.5,-155.0,-155.5,-157.0,-157.0,-152.0,-155.0,-157.0,-157.0,-157.0,-157.0,-157.0,-157.0,-157.0,-157.0,-156.0,-157.0,-156.0,-157.0,-157.0,-157.0,-157.0,-157.0,-157.0,-157.0,-157.0,-154.0,-155.0,-157.0,-154.5,-154.0,-152.0,-156.0,-157.0,-157.0,-152.0,-155.5,-152.5,-157.0,-157.0,-157.0,-157.0,-157.0,-157.0,-154.5,-156.5,-157.0,-157.0,-152.5,-156.0,-157.0,-157.0,-157.0,-157.0,-153.5,-155.0,-157.0,-157.0,-157.0,-155.5,-157.0,-157.0,-157.0,-155.5,-154.0,-151.0,-151.0,-157.0,-157.0,-157.0,-152.5,-154.5
2026-01-17 14:24:13.044,143.049967,5,-77,-157.0,-157.0,-156.0,-155.5,-157.0,-157.0,-152.0,-155.0,-157.0,-153.5,-154.0,-157.0,-156.0,-157.0,-157.0,-154.0,-156.0,-156.5,-153.5,-157.0,-157.0,-154.0,-157.0,-151.5,-152.0,-157.0,-151.0,-150.0,-155.0,-153.0,-157.0,-157.0,-155.0,-157.0,-157.0,-157.0,-157.0,-152.5,-155.5,-152.0,-152.5,-152.0,-157.0,-155.0,-153.5,-157.0,-157.0,-156.0,-155.0,-154.5,-157.0,-155.5,-156.0,-154.0,-153.0,-154.5,-157.0,-157.0,-156.0,-157.0,-157.0,-157.0,-155.0,-155.5,-155.0,-152.5,-154.0,-151.0,-150.5,-157.0,-157.0,-151.5,-157.0,-157.0,-154.5,-152.0,-157.0,-157.0,-157.0,-152.0,-154.5,-154.5,-153.0,-156.5,-157.0,-157.0,-157.0,-155.0,-154.0,-152.5,-154.5,-157.0,-157.0,-157.0,-157.0,-157.0,-154.5,-154.5,-157.0,-154.5,-156.5,-156.0,-156.5,-157.0,-152.0,-151.0,-151.5,-157.0,-157.0,-154.5,-154.0,-153.0,-153.0,-156.0,-156.0,-157.0,-156.5,-156.5,-155.0,-157.0,-157.0,-157.0,-155.0,-155.0,-157.0,-153.5,-155.5,-157.0,-156.0,-154.5,-155.0,-157.0,-157.0,-157.0,-157.0,-154.0,-154.0,-157.0,-157.0,-157.0,-152.5,-152.5,-155.0,-157.0,-157.0,-154.5,-155.5,-154.5,-157.0,-157.0,-157.0,-157.0,-153.5,-153.0,-157.0,-150.5,-156.5,-157.0,-156.0,-156.0,-157.0,-157.0,-157.0,-157.0,-157.0,-157.0,-154.0,-152.5,-157.0,-156.5,-157.0,-155.0,-157.0,-157.0,-157.0,-157.0,-157.0,-157.0,-157.0,-155.5,-149.5,-151.0,-153.0,-154.0,-156.5,-157.0,-157.0,-157.0,-156.5,-157.0,-153.0,-156.5,-154.5,-157.0,-154.5,-154.0,-154.0,-157.0,-156.5,-157.0,-155.0,-150.5,-157.0,-157.0,-154.5,-153.5,-157.0,-157.0,-157.0,-157.0,-153.5,-154.0,-155.5,-151.0,-149.5,-153.0,-154.0,-151.5,-154.0,-157.0,-157.0,-154.5,-153.5,-152.5,-152.0,-157.0,-152.0,-151.5,-155.0,-157.0,-152.0,-152.5,-155.5,-153.5,-157.0,-157.0,-157.0,-154.0,-154.5,-153.0,-157.0,-157.0,-150.0,-150.0,-154.5,-156.0,-155.5,-154.0,-157.0,-153.5,-151.5,-157.0,-151.5,-150.0,-156.0,-157.0,-156.0,-156.0,-157.0,-157.0,-155.5,-157.0,-151.0,-154.5,-153.0,-155.5,-157.0,-156.5,-157.0,-153.5,-153.5,-157.0,-157.0,-155.0,-155.5,-157.0,-154.0,-157.0,-157.0,-157.0,-157.0,-150.5,-153.0,-157.0,-151.0,-153.5,-157.0,-157.0,-157.0,-156.5,-157.0,-157.0,-157.0,-157.0,-155.5,-157.0,-157.0,-155.0,-153.0,-157.0,-152.0,-153.5,-156.0,-157.0,-157.0,-157.0,-157.0,-154.0,-154.0,-150.0,-150.0,-157.0,-157.0,-157.0,-157.0,-156.5,-155.0,-154.0,-157.0,-151.5,-149.5,-155.5,-152.0,-157.0,-157.0,-154.5,-153.0,-156.5,-153.0,-157.0,-156.5,-153.0,-154.0,-157.0,-157.0,-156.0,-152.0,-151.5,-157.0,-157.0,-157.0,-157.0,-157.0,-157.0,-157.0,-157.0,-154.5,-157.0,-156.5,-154.0,-153.0,-157.0,-157.0,-154.5,-154.5,-157.0,-156.0,-154.0,-157.0,-157.0,-157.0,-157.0,-157.0,-157.0,-152.5,-152.5,-155.0,-155.0,-157.0,-157.0,-157.0,-157.0,-157.0,-152.5,-153.0,-154.0,-157.0,-157.0,-156.0,-157.0,-154.5,-155.0,-152.5,-157.0,-157.0,-157.0,-157.0,-155.5,-156.0,-157.0,-157.0,-155.0,-155.5,-155.0,-157.0,-157.0,-157.0,-157.0,-157.0,-156.5,-157.0,-157.0,-156.0,-155.5,-157.0,-156.5,-156.0,-156.5,-156.5,-153.5,-157.0,-157.0,-157.0,-157.0,-157.0,-157.0,-155.5,-154.0,-156.5,-157.0,-154.0,-154.5,-156.0,-157.0,-157.0,-157.0,-157.0,-157.0,-157.0,-154.5,-152.5,-157.0,-155.0,-152.0,-151.5,-157.0,-156.0,-157.0,-154.5,-155.5,-155.5,-155.5,-156.0,-156.0,-157.0,-157.0,-157.0,-154.0,-157.0,-157.0,-157.0,-157.0,-157.0,-157.0,-157.0,-157.0,-157.0,-155.5,-157.0,-157.0,-157.0,-157.0,-154.0,-156.0,-157.0,-157.0,-153.5,-152.5,-153.5,-151.5,-153.5,-157.0,-157.0,-154.5,-152.0
2026-01-17 14:24:13.076,143.049967,5,-77,-157.0,-157.0,-155.0,-156.5,-156.0,-155.0,-152.5,-157.0,-157.0,-155.5,-155.5,-157.0,-157.0,-157.0,-157.0,-153.0,-154.0,-157.0,-157.0,-157.0,-154.0,-151.5,-157.0,-153.5,-151.5,-157.0,-150.0,-152.0,-157.0,-154.0,-157.0,-157.0,-154.5,-153.0,-152.5,-156.0,-154.0,-154.0,-151.0,-149.0,-153.0,-151.0,-157.0,-157.0,-157.0,-157.0,-157.0,-157.0,-157.0,-155.0,-157.0,-157.0,-157.0,-151.0,-152.0,-155.0,-156.5,-157.0,-154.0,-157.0,-153.0,-153.5,-156.0,-154.5,-154.5,-154.0,-157.0,-157.0,-155.0,-157.0,-157.0,-154.0,-157.0,-157.0,-153.0,-152.5,-157.0,-157.0,-157.0,-153.5,-157.0,-157.0,-155.5,-157.0,-157.0,-157.0,-157.0,-154.0,-152.0,-152.0,-157.0,-157.0,-156.5,-157.0,-157.0,-157.0,-152.5,-151.0,-156.5,-154.0,-157.0,-153.5,-154.5,-155.5,-156.5,-157.0,-156.5,-153.5,-155.5,-153.0,-154.5,-154.0,-152.5,-157.0,-157.0,-157.0,-156.5,-154.5,-153.0,-156.0,-157.0,-157.0,-157.0,-157.0,-157.0,-157.0,-157.0,-157.0,-157.0,-157.0,-155.0,-156.0,-157.0,-157.0,-154.0,-156.0,-153.0,-152.0,-155.5,-157.0,-152.5,-148.5,-150.5,-155.0,-157.0,-153.0,-157.0,-156.0,-157.0,-157.0,-154.0,-157.0,-152.5,-153.0,-157.0,-150.0,-151.5,-157.0,-155.5,-154.5,-156.0,-156.5,-157.0,-157.0,-155.0,-157.0,-157.0,-150.5,-153.5,-154.5,-153.5,-153.0,-157.0,-157.0,-157.0,-157.0,-157.0,-157.0,-157.0,-157.0,-150.0,-153.0,-155.0,-152.0,-157.0,-157.0,-157.0,-157.0,-151.5,-155.5,-153.5,-153.5,-152.5,-157.0,-157.0,-157.0,-155.0,-157.0,-157.0,-157.0,-157.0,-154.0,-157.0,-157.0,-154.0,-152.5,-157.0,-157.0,-157.0,-156.5,-153.0,-152.5,-151.0,-151.5,-152.5,-157.0,-150.5,-153.5,-156.5,-157.0,-157.0,-157.0,-157.0,-157.0,-150.0,-153.0,-152.5,-151.0,-157.0,-157.0,-155.5,-153.5,-156.0,-157.0,-155.0,-154.5,-155.0,-157.0,-157.0,-156.5,-157.0,-157.0,-147.5,-148.0,-153.5,-155.5,-151.0,-157.0,-155.5,-153.5,-152.0,-155.5,-152.0,-150.5,-155.5,-157.0,-157.0,-155.0,-157.0,-157.0,-155.0,-157.0,-154.0,-155.5,-150.0,-149.5,-155.0,-157.0,-157.0,-157.0,-157.0,-155.5,-157.0,-151.5,-151.5,-157.0,-155.5,-157.0,-153.5,-155.0,-157.0,-154.0,-156.5,-157.0,-154.0,-152.5,-157.0,-157.0,-157.0,-155.5,-157.0,-157.0,-157.0,-157.0,-152.5,-156.5,-157.0,-157.0,-157.0,-157.0,-157.0,-152.5,-152.0,-157.0,-157.0,-156.5,-155.0,-156.5,-156.5,-151.0,-150.5,-157.0,-157.0,-157.0,-157.0,-157.0,-155.0,-152.0,-154.0,-156.5,-150.5,-152.0,-151.0,-157.0,-157.0,-157.0,-157.0,-157.0,-157.0,-153.0,-152.5,-152.5,-156.5,-155.5,-157.0,-154.5,-157.0,-152.5,-157.0,-157.0,-155.0,-157.0,-157.0,-157.0,-157.0,-157.0,-157.0,-157.0,-154.5,-157.0,-156.5,-157.0,-156.5,-157.0,-157.0,-157.0,-157.0,-151.5,-154.0,-157.0,-157.0,-157.0,-157.0,-157.0,-154.0,-155.5,-156.5,-156.0,-157.0,-157.0,-156.5,-154.5,-157.0,-152.0,-152.0,-155.0,-155.5,-153.5,-150.5,-151.0,-152.0,-155.0,-154.0,-157.0,-157.0,-157.0,-157.0,-156.0,-155.0,-157.0,-157.0,-157.0,-157.0,-157.0,-157.0,-157.0,-157.0,-157.0,-157.0,-154.5,-157.0,-157.0,-157.0,-157.0,-156.0,-154.0,-156.0,-153.0,-157.0,-152.5,-156.5,-157.0,-154.5,-155.0,-157.0,-156.0,-149.0,-149.0,-153.5,-157.0,-156.0,-157.0,-155.5,-157.0,-157.0,-157.0,-157.0,-157.0,-155.5,-151.0,-154.0,-157.0,-153.0,-154.0,-155.0,-157.0,-155.0,-156.5,-157.0,-154.0,-156.5,-153.5,-157.0,-157.0,-157.0,-157.0,-156.0,-154.0,-157.0,-157.0,-156.5,-157.0,-156.5,-157.0,-157.0,-157.0,-157.0,-156.0,-156.5,-157.0,-157.0,-155.5,-156.5,-156.5,-157.0,-157.0,-152.0,-151.5,-157.0,-154.5,-152.5,-157.0,-157.0,-157.0,-155.5
2026-01-17 14:24:13.112,143.049967,5,-77,-157.0,-157.0,-153.0,-153.5,-152.5,-152.5,-154.0,-155.5,-157.0,-157.0,-157.0,-157.0,-157.0,-156.0,-157.0,-153.5,-153.0,-157.0,-157.0,-157.0,-153.5,-155.0,-155.0,-157.0,-155.5,-157.0,-151.0,-157.0,-152.5,-150.5,-157.0,-156.5,-153.5,-152.0,-151.5,-156.5,-153.5,-153.5,-156.0,-151.5,-153.5,-154.0,-156.0,-157.0,-157.0,-155.5,-153.0,-156.5,-157.0,-157.0,-157.0,-157.0,-153.0,-151.5,-155.0,-157.0,-157.0,-157.0,-154.0,-153.5,-150.5,-153.5,-153.5,-152.0,-157.0,-155.5,-157.0,-157.0,-157.0,-157.0,-157.0,-157.0,-157.0,-157.0,-153.5,-156.0,-157.0,-157.0,-157.0,-157.0,-157.0,-157.0,-153.0,-154.5,-154.0,-156.0,-154.5,-157.0,-152.0,-149.5,-151.0,-156.5,-156.0,-157.0,-157.0,-156.0,-151.5,-152.0,-157.0,-154.5,-157.0,-157.0,-156.0,-155.5,-157.0,-157.0,-156.0,-153.0,-154.5,-154.0,-157.0,-157.0,-157.0,-157.0,-157.0,-157.0,-157.0,-157.0,-155.5,-157.0,-157.0,-157.0,-155.5,-157.0,-157.0,-154.5,-152.0,-156.5,-157.0,-157.0,-154.5,-152.5,-157.0,-157.0,-157.0,-157.0,-155.0,-153.0,-157.0,-157.0,-155.0,-150.5,-155.0,-153.0,-151.0,-152.5,-157.0,-155.5,-153.0,-152.0,-150.0,-153.5,-152.5,-155.0,-155.0,-154.5,-154.5,-156.0,-155.5,-157.0,-153.5,-150.0,-153.0,-155.5,-155.5,-157.0,-157.0,-150.0,-151.0,-154.5,-151.5,-151.0,-157.0,-157.0,-157.0,-157.0,-156.5,-156.0,-157.0,-157.0,-152.5,-154.0,-153.5,-157.0,-157.0,-157.0,-157.0,-157.0,-150.5,-157.0,-157.0,-152.0,-152.5,-156.5,-157.0,-157.0,-157.0,-157.0,-157.0,-157.0,-157.0,-157.0,-157.0,-156.5,-154.5,-154.0,-157.0,-157.0,-157.0,-156.0,-157.0,-156.0,-154.0,-157.0,-155.0,-153.5,-151.0,-154.0,-154.0,-157.0,-157.0,-155.0,-156.5,-157.0,-149.0,-148.0,-156.5,-156.5,-157.0,-157.0,-157.0,-157.0,-157.0,-157.0,-153.5,-154.0,-152.0,-153.0,-156.5,-157.0,-157.0,-151.5,-146.0,-147.5,-154.5,-152.5,-150.0,-151.0,-153.5,-156.0,-153.0,-154.5,-157.0,-157.0,-155.5,-153.0,-155.0,-157.0,-156.0,-157.0,-154.5,-157.0,-157.0,-152.5,-153.5,-153.0,-155.0,-157.0,-156.0,-157.0,-157.0,-153.0,-155.5,-154.5,-154.5,-157.0,-157.0,-157.0,-153.5,-154.0,-157.0,-157.0,-157.0,-157.0,-157.0,-153.0,-154.5,-157.0,-156.0,-155.0,-152.5,-153.5,-157.0,-157.0,-151.5,-157.0,-156.0,-156.5,-157.0,-157.0,-157.0,-155.5,-153.0,-157.0,-157.0,-156.5,-156.5,-157.0,-153.0,-153.0,-151.5,-157.0,-157.0,-157.0,-156.5,-157.0,-157.0,-154.5,-157.0,-157.0,-153.0,-155.0,-155.0,-157.0,-157.0,-157.0,-157.0,-157.0,-153.5,-151.5,-152.5,-151.5,-154.5,-154.0,-157.0,-157.0,-156.0,-152.0,-157.0,-157.0,-152.5,-154.5,-157.0,-157.0,-156.5,-156.0,-157.0,-157.0,-154.0,-157.0,-157.0,-156.0,-155.0,-157.0,-156.5,-155.0,-157.0,-153.0,-156.5,-157.0,-153.0,-153.5,-157.0,-157.0,-156.0,-156.5,-157.0,-155.5,-157.0,-157.0,-156.0,-153.0,-157.0,-153.5,-157.0,-156.0,-155.0,-156.5,-151.0,-149.5,-154.5,-157.0,-157.0,-157.0,-157.0,-153.5,-155.0,-155.5,-157.0,-157.0,-157.0,-157.0,-157.0,-157.0,-157.0,-157.0,-157.0,-157.0,-154.0,-153.5,-153.0,-156.0,-155.5,-157.0,-156.5,-152.0,-153.0,-151.0,-153.5,-151.0,-157.0,-157.0,-156.5,-157.0,-157.0,-157.0,-151.0,-152.5,-154.0,-157.0,-154.5,-154.5,-153.0,-157.0,-157.0,-157.0,-157.0,-157.0,-153.5,-153.0,-153.5,-150.5,-151.0,-152.0,-155.5,-157.0,-157.0,-154.5,-157.0,-157.0,-151.5,-152.5,-157.0,-153.5,-151.5,-157.0,-157.0,-157.0,-157.0,-157.0,-153.5,-154.0,-155.5,-157.0,-157.0,-156.5,-157.0,-157.0,-157.0,-157.0,-156.0,-154.0,-157.0,-157.0,-157.0,-157.0,-156.5,-153.0,-157.0,-157.0,-155.5,-154.5,-155.5,-157.0,-157.0
2026-01-17 14:24:13.113,143.049967,5,-77,-157.0,-157.0,-153.0,-153.5,-152.5,-152.5,-154.0,-155.5,-157.0,-157.0,-157.0,-157.0,-157.0,-156.0,-157.0,-153.5,-153.0,-157.0,-157.0,-157.0,-153.5,-155.0,-155.0,-157.0,-155.5,-157.0,-151.0,-157.0,-152.5,-150.5,-157.0,-156.5,-153.5,-152.0,-151.5,-156.5,-153.5,-153.5,-156.0,-151.5,-153.5,-154.0,-156.0,-157.0,-157.0,-155.5,-153.0,-156.5,-157.0,-157.0,-157.0,-157.0,-153.0,-151.5,-155.0,-157.0,-157.0,-157.0,-154.0,-153.5,-150.5,-153.5,-153.5,-152.0,-157.0,-155.5,-157.0,-157.0,-157.0,-157.0,-157.0,-157.0,-157.0,-157.0,-153.5,-156.0,-157.0,-157.0,-157.0,-157.0,-157.0,-157.0,-153.0,-154.5,-154.0,-156.0,-154.5,-157.0,-152.0,-149.5,-151.0,-156.5,-156.0,-157.0,-157.0,-156.0,-151.5,-152.0,-157.0,-154.5,-157.0,-157.0,-156.0,-155.5,-157.0,-157.0,-156.0,-153.0,-154.5,-154.0,-157.0,-157.0,-157.0,-157.0,-157.0,-157.0,-157.0,-157.0,-155.5,-157.0,-157.0,-157.0,-155.5,-157.0,-157.0,-154.5,-152.0,-156.5,-157.0,-157.0,-154.5,-152.5,-157.0,-157.0,-157.0,-157.0,-155.0,-153.0,-157.0,-157.0,-155.0,-150.5,-155.0,-153.0,-151.0,-152.5,-157.0,-155.5,-153.0,-152.0,-150.0,-153.5,-152.5,-155.0,-155.0,-154.5,-154.5,-156.0,-155.5,-157.0,-153.5,-150.0,-153.0,-155.5,-155.5,-157.0,-157.0,-150.0,-151.0,-154.5,-151.5,-151.0,-157.0,-157.0,-157.0,-157.0,-156.5,-156.0,-157.0,-157.0,-152.5,-154.0,-153.5,-157.0,-157.0,-157.0,-157.0,-157.0,-150.5,-157.0,-157.0,-152.0,-152.5,-156.5,-157.0,-157.0,-157.0,-157.0,-157.0,-157.0,-157.0,-157.0,-157.0,-156.5,-154.5,-154.0,-157.0,-157.0,-157.0,-156.0,-157.0,-156.0,-154.0,-157.0,-155.0,-153.5,-151.0,-154.0,-154.0,-157.0,-157.0,-155.0,-156.5,-157.0,-149.0,-148.0,-156.5,-156.5,-157.0,-157.0,-157.0,-157.0,-157.0,-157.0,-153.5,-154.0,-152.0,-153.0,-156.5,-157.0,-157.0,-151.5,-146.0,-147.5,-154.5,-152.5,-150.0,-151.0,-153.5,-156.0,-153.0,-154.5,-157.0,-157.0,-155.5,-153.0,-155.0,-157.0,-156.0,-157.0,-154.5,-157.0,-157.0,-152.5,-153.5,-153.0,-155.0,-157.0,-156.0,-157.0,-157.0,-153.0,-155.5,-154.5,-154.5,-157.0,-157.0,-157.0,-153.5,-154.0,-157.0,-157.0,-157.0,-157.0,-157.0,-153.0,-154.5,-157.0,-156.0,-155.0,-152.5,-153.5,-157.0,-157.0,-151.5,-157.0,-156.0,-156.5,-157.0,-157.0,-157.0,-155.5,-153.0,-157.0,-157.0,-156.5,-156.5,-157.0,-153.0,-153.0,-151.5,-157.0,-157.0,-157.0,-156.5,-157.0,-157.0,-154.5,-157.0,-157.0,-153.0,-155.0,-155.0,-157.0,-157.0,-157.0,-157.0,-157.0,-153.5,-151.5,-152.5,-151.5,-154.5,-154.0,-157.0,-157.0,-156.0,-152.0,-157.0,-157.0,-152.5,-154.5,-157.0,-157.0,-156.5,-156.0,-157.0,-157.0,-154.0,-157.0,-157.0,-156.0,-155.0,-157.0,-156.5,-155.0,-157.0,-153.0,-156.5,-157.0,-153.0,-153.5,-157.0,-157.0,-156.0,-156.5,-157.0,-155.5,-157.0,-157.0,-156.0,-153.0,-157.0,-153.5,-157.0,-156.0,-155.0,-156.5,-151.0,-149.5,-154.5,-157.0,-157.0,-157.0,-157.0,-153.5,-155.0,-155.5,-157.0,-157.0,-157.0,-157.0,-157.0,-157.0,-157.0,-157.0,-157.0,-157.0,-154.0,-153.5,-153.0,-156.0,-155.5,-157.0,-156.5,-152.0,-153.0,-151.0,-153.5,-151.0,-157.0,-157.0,-156.5,-157.0,-157.0,-157.0,-151.0,-152.5,-154.0,-157.0,-154.5,-154.5,-153.0,-157.0,-157.0,-157.0,-157.0,-157.0,-153.5,-153.0,-153.5,-150.5,-151.0,-152.0,-155.5,-157.0,-157.0,-154.5,-157.0,-157.0,-151.5,-152.5,-157.0,-153.5,-151.5,-157.0,-157.0,-157.0,-157.0,-157.0,-153.5,-154.0,-155.5,-157.0,-157.0,-156.5,-157.0,-157.0,-157.0,-157.0,-156.0,-154.0,-157.0,-157.0,-157.0,-157.0,-156.5,-153.0,-157.0,-157.0,-155.5,-154.5,-155.5,-157.0,-157.0
2026-01-17 14:24:13.146,143.049967,5,-77,-157.0,-157.0,-154.5,-155.0,-156.5,-157.0,-155.5,-157.0,-157.0,-157.0,-157.0,-157.0,-157.0,-156.5,-157.0,-155.5,-153.0,-157.0,-157.0,-155.5,-156.5,-157.0,-153.5,-157.0,-157.0,-157.0,-150.5,-152.0,-148.5,-150.0,-157.0,-153.0,-156.0,-157.0,-153.0,-155.0,-157.0,-154.5,-157.0,-153.0,-154.0,-157.0,-157.0,-157.0,-156.5,-152.5,-152.0,-157.0,-157.0,-156.5,-157.0,-157.0,-153.5,-154.0,-157.0,-157.0,-157.0,-155.5,-155.5,-153.5,-150.0,-157.0,-154.5,-155.0,-157.0,-157.0,-155.0,-157.0,-157.0,-157.0,-157.0,-157.0,-157.0,-157.0,-156.0,-157.0,-157.0,-157.0,-157.0,-157.0,-157.0,-156.5,-153.5,-153.5,-153.0,-154.0,-151.5,-156.0,-157.0,-151.0,-154.0,-157.0,-155.0,-157.0,-157.0,-157.0,-154.0,-155.5,-157.0,-157.0,-157.0,-157.0,-157.0,-157.0,-157.0,-155.0,-156.0,-156.5,-157.0,-154.5,-157.0,-155.5,-157.0,-157.0,-157.0,-157.0,-157.0,-157.0,-157.0,-157.0,-154.0,-153.0,-154.5,-157.0,-157.0,-154.0,-151.5,-155.0,-157.0,-157.0,-157.0,-156.0,-157.0,-157.0,-157.0,-157.0,-157.0,-155.0,-157.0,-157.0,-157.0,-154.0,-157.0,-154.0,-152.0,-151.0,-157.0,-157.0,-151.5,-150.5,-151.5,-154.5,-154.0,-156.0,-156.5,-157.0,-157.0,-154.5,-157.0,-156.0,-153.0,-149.0,-151.5,-155.0,-155.5,-153.5,-156.0,-153.0,-153.5,-157.0,-155.5,-153.0,-157.0,-157.0,-155.0,-157.0,-157.0,-157.0,-157.0,-157.0,-157.0,-154.0,-152.5,-157.0,-157.0,-157.0,-157.0,-157.0,-151.5,-157.0,-157.0,-157.0,-157.0,-157.0,-157.0,-156.0,-157.0,-157.0,-157.0,-157.0,-156.0,-157.0,-155.0,-157.0,-157.0,-157.0,-157.0,-156.0,-156.5,-156.0,-157.0,-154.5,-151.5,-153.0,-151.0,-150.5,-157.0,-154.0,-152.0,-157.0,-155.5,-154.5,-154.0,-157.0,-151.0,-148.5,-153.5,-154.0,-154.0,-157.0,-156.0,-154.5,-157.0,-157.0,-156.0,-157.0,-155.5,-152.5,-156.0,-157.0,-157.0,-151.0,-148.5,-150.5,-157.0,-154.5,-154.5,-151.0,-157.0,-156.5,-153.0,-157.0,-157.0,-157.0,-154.0,-151.0,-157.0,-157.0,-154.0,-157.0,-155.5,-153.5,-157.0,-151.5,-157.0,-157.0,-152.5,-153.5,-151.5,-155.0,-157.0,-154.5,-157.0,-157.0,-157.0,-156.0,-154.0,-157.0,-157.0,-157.0,-157.0,-156.5,-157.0,-157.0,-157.0,-153.0,-152.5,-157.0,-157.0,-154.5,-155.5,-153.5,-155.5,-157.0,-153.0,-157.0,-157.0,-156.0,-157.0,-157.0,-156.0,-156.0,-154.5,-157.0,-155.5,-154.5,-157.0,-157.0,-151.0,-152.0,-153.5,-156.5,-157.0,-157.0,-157.0,-157.0,-156.0,-157.0,-157.0,-157.0,-157.0,-157.0,-157.0,-157.0,-157.0,-157.0,-157.0,-157.0,-152.5,-154.5,-157.0,-155.5,-157.0,-157.0,-157.0,-157.0,-155.0,-153.0,-157.0,-155.5,-151.0,-154.0,-157.0,-157.0,-155.5,-157.0,-157.0,-157.0,-153.0,-157.0,-155.5,-154.5,-156.0,-157.0,-153.5,-153.5,-156.5,-156.5,-157.0,-154.5,-154.5,-154.0,-157.0,-157.0,-157.0,-157.0,-157.0,-154.0,-157.0,-157.0,-157.0,-154.5,-157.0,-154.5,-157.0,-157.0,-157.0,-157.0,-156.5,-153.0,-157.0,-155.5,-156.5,-157.0,-156.5,-156.0,-155.5,-157.0,-157.0,-157.0,-157.0,-157.0,-157.0,-156.5,-153.0,-156.5,-157.0,-157.0,-152.5,-157.0,-155.0,-157.0,-155.0,-156.0,-157.0,-150.0,-150.0,-153.0,-156.0,-151.5,-157.0,-157.0,-157.0,-156.5,-154.5,-153.5,-153.0,-157.0,-154.5,-151.0,-151.5,-152.5,-151.5,-157.0,-157.0,-157.0,-157.0,-155.5,-153.5,-157.0,-152.5,-150.0,-151.5,-156.0,-157.0,-157.0,-157.0,-154.5,-157.0,-157.0,-155.5,-154.0,-157.0,-155.5,-151.5,-155.5,-157.0,-157.0,-157.0,-157.0,-153.5,-152.0,-156.0,-156.0,-157.0,-157.0,-157.0,-157.0,-157.0,-157.0,-153.0,-155.5,-157.0,-157.0,-157.0,-157.0,-157.0,-154.5,-156.0,-157.0,-157.0,-155.5,-157.0,-157.0,-157.0
2026-01-17 14:24:13.178,143.049967,5,-77,-157.0,-157.0,-157.0,-157.0,-157.0,-157.0,-156.5,-157.0,-157.0,-157.0,-157.0,-154.5,-157.0,-157.0,-157.0,-153.5,-152.5,-157.0,-156.5,-153.0,-157.0,-154.0,-153.5,-157.0,-157.0,-157.0,-151.0,-155.0,-150.5,-153.5,-156.0,-151.0,-155.5,-157.0,-151.0,-153.5,-157.0,-157.0,-157.0,-157.0,-157.0,-157.0,-157.0,-157.0,-152.5,-150.5,-154.5,-155.5,-156.5,-155.5,-157.0,-157.0,-157.0,-157.0,-157.0,-157.0,-154.0,-154.5,-155.5,-157.0,-153.5,-154.0,-153.5,-157.0,-157.0,-157.0,-155.0,-156.0,-156.0,-157.0,-157.0,-157.0,-157.0,-157.0,-157.0,-157.0,-157.0,-157.0,-157.0,-154.5,-154.5,-154.0,-157.0,-157.0,-154.5,-156.5,-155.0,-157.0,-157.0,-157.0,-157.0,-157.0,-154.0,-154.5,-157.0,-157.0,-154.5,-157.0,-157.0,-157.0,-156.0,-157.0,-157.0,-157.0,-157.0,-153.0,-157.0,-157.0,-157.0,-157.0,-153.0,-152.5,-156.5,-157.0,-157.0,-157.0,-157.0,-157.0,-157.0,-157.0,-155.5,-153.5,-154.0,-157.0,-157.0,-155.0,-156.5,-157.0,-157.0,-157.0,-157.0,-157.0,-157.0,-157.0,-157.0,-157.0,-156.0,-155.0,-157.0,-155.5,-153.0,-155.0,-156.5,-154.0,-157.0,-152.5,-157.0,-157.0,-155.5,-153.0,-157.0,-157.0,-157.0,-156.5,-157.0,-157.0,-157.0,-157.0,-156.5,-151.5,-156.5,-152.5,-157.0,-155.5,-157.0,-154.0,-154.5,-156.0,-153.5,-157.0,-157.0,-157.0,-157.0,-155.5,-153.5,-157.0,-157.0,-157.0,-157.0,-157.0,-157.0,-156.0,-154.5,-157.0,-155.0,-157.0,-156.5,-157.0,-152.0,-157.0,-157.0,-157.0,-157.0,-154.5,-156.0,-153.0,-155.0,-157.0,-157.0,-157.0,-155.0,-157.0,-153.0,-155.0,-157.0,-157.0,-157.0,-155.0,-155.5,-157.0,-157.0,-157.0,-150.0,-150.0,-150.5,-154.5,-156.5,-157.0,-151.5,-155.5,-152.5,-157.0,-157.0,-157.0,-157.0,-151.5,-151.5,-151.5,-151.5,-157.0,-157.0,-154.5,-157.0,-155.5,-153.0,-153.5,-157.0,-155.0,-155.5,-155.5,-157.0,-155.0,-154.5,-152.0,-157.0,-155.0,-156.5,-154.0,-154.0,-151.0,-149.5,-154.5,-157.0,-157.0,-154.0,-153.0,-157.0,-155.0,-152.0,-156.5,-155.0,-153.0,-157.0,-153.5,-157.0,-157.0,-152.5,-156.0,-150.0,-152.0,-153.0,-157.0,-157.0,-157.0,-157.0,-156.0,-152.5,-157.0,-157.0,-154.5,-153.5,-151.5,-153.5,-154.0,-157.0,-153.5,-157.0,-153.5,-154.5,-154.5,-157.0,-157.0,-156.0,-157.0,-155.5,-157.0,-157.0,-156.5,-157.0,-157.0,-157.0,-157.0,-156.0,-157.0,-157.0,-155.5,-157.0,-157.0,-153.0,-153.5,-157.0,-157.0,-154.5,-156.0,-157.0,-157.0,-153.5,-157.0,-153.5,-153.0,-155.5,-157.0,-157.0,-157.0,-157.0,-157.0,-155.0,-153.0,-153.0,-157.0,-157.0,-157.0,-157.0,-157.0,-157.0,-156.5,-157.0,-155.5,-156.5,-157.0,-150.5,-152.5,-157.0,-157.0,-155.0,-157.0,-157.0,-154.5,-152.0,-157.0,-152.0,-152.5,-153.0,-155.0,-154.5,-155.0,-157.0,-156.0,-154.0,-151.5,-154.5,-157.0,-157.0,-157.0,-157.0,-157.0,-157.0,-154.5,-157.0,-156.5,-156.5,-155.5,-157.0,-154.5,-154.5,-157.0,-157.0,-157.0,-157.0,-154.0,-157.0,-154.0,-157.0,-157.0,-155.5,-157.0,-157.0,-157.0,-157.0,-157.0,-155.0,-157.0,-157.0,-154.0,-150.0,-150.5,-155.5,-153.0,-150.5,-157.0,-157.0,-157.0,-154.5,-156.5,-157.0,-153.5,-152.5,-157.0,-157.0,-155.5,-156.5,-156.0,-155.5,-155.5,-153.0,-152.0,-157.0,-157.0,-155.5,-150.5,-156.5,-157.0,-154.5,-157.0,-157.0,-157.0,-157.0,-154.5,-153.0,-157.0,-156.5,-156.0,-150.0,-157.0,-157.0,-157.0,-157.0,-153.5,-154.0,-157.0,-157.0,-154.5,-157.0,-157.0,-155.0,-153.5,-152.0,-157.0,-154.5,-157.0,-157.0,-153.0,-157.0,-151.5,-153.5,-157.0,-157.0,-157.0,-157.0,-157.0,-152.5,-155.0,-157.0,-157.0,-157.0,-157.0,-157.0,-153.5,-153.0,-157.0,-157.0,-157.0,-157.0,-157.0,-157.0
2026-01-17 14:24:13.209,143.049967,5,-77,-157.0,-157.0,-157.0,-157.0,-157.0,-157.0,-154.0,-157.0,-157.0,-153.0,-154.0,-153.5,-156.0,-157.0,-157.0,-157.0,-154.0,-157.0,-157.0,-154.5,-157.0,-157.0,-157.0,-157.0,-157.0,-157.0,-152.0,-154.0,-157.0,-157.0,-152.5,-152.0,-152.5,-153.0,-152.0,-154.0,-155.5,-155.0,-157.0,-157.0,-157.0,-157.0,-157.0,-157.0,-155.0,-151.5,-157.0,-154.0,-151.5,-154.0,-157.0,-157.0,-157.0,-157.0,-157.0,-153.0,-152.0,-157.0,-155.5,-153.5,-157.0,-156.5,-153.0,-154.0,-157.0,-156.5,-157.0,-155.0,-157.0,-157.0,-157.0,-157.0,-157.0,-157.0,-157.0,-157.0,-157.0,-157.0,-157.0,-154.0,-152.5,-152.5,-157.0,-157.0,-157.0,-157.0,-157.0,-155.0,-154.0,-155.5,-154.5,-157.0,-155.5,-153.5,-157.0,-156.5,-151.5,-154.0,-157.0,-157.0,-156.0,-157.0,-157.0,-157.0,-157.0,-152.0,-153.0,-156.0,-157.0,-154.5,-152.5,-150.0,-154.0,-157.0,-157.0,-157.0,-155.0,-153.5,-156.0,-156.0,-157.0,-153.0,-152.0,-156.5,-156.5,-154.0,-157.0,-157.0,-156.0,-157.0,-157.0,-157.0,-157.0,-157.0,-155.0,-156.0,-155.5,-156.0,-157.0,-157.0,-151.5,-156.0,-157.0,-154.0,-157.0,-154.5,-155.5,-157.0,-155.0,-154.0,-157.0,-157.0,-157.0,-153.5,-155.0,-157.0,-157.0,-157.0,-155.0,-151.0,-151.5,-157.0,-157.0,-157.0,-157.0,-157.0,-155.0,-156.0,-151.0,-157.0,-157.0,-156.5,-156.5,-153.5,-153.0,-157.0,-157.0,-157.0,-157.0,-157.0,-157.0,-153.5,-154.5,-157.0,-154.5,-157.0,-154.0,-154.5,-153.5,-157.0,-154.0,-154.5,-157.0,-157.0,-152.5,-152.5,-153.0,-157.0,-155.5,-156.0,-156.5,-155.5,-152.5,-152.0,-157.0,-157.0,-156.5,-157.0,-157.0,-157.0,-157.0,-157.0,-154.5,-157.0,-154.5,-157.0,-157.0,-157.0,-151.0,-153.0,-152.0,-157.0,-157.0,-157.0,-157.0,-153.5,-153.5,-157.0,-155.0,-157.0,-157.0,-154.0,-155.0,-154.0,-152.0,-154.0,-157.0,-157.0,-157.0,-157.0,-153.0,-153.0,-153.0,-152.0,-157.0,-153.0,-152.5,-157.0,-157.0,-152.0,-150.5,-153.0,-156.5,-155.0,-155.5,-156.5,-157.0,-154.5,-151.5,-155.0,-154.5,-156.5,-153.0,-154.0,-156.0,-157.0,-154.0,-155.5,-153.5,-157.0,-151.0,-154.5,-156.0,-152.0,-153.5,-157.0,-156.0,-157.0,-157.0,-155.5,-154.5,-152.0,-157.0,-156.0,-155.5,-156.0,-157.0,-154.0,-154.5,-155.0,-156.5,-157.0,-157.0,-157.0,-156.0,-156.5,-157.0,-154.0,-156.5,-154.5,-157.0,-157.0,-153.5,-157.0,-157.0,-155.5,-157.0,-157.0,-156.5,-157.0,-157.0,-157.0,-155.5,-155.5,-157.0,-154.5,-151.5,-157.0,-154.0,-152.0,-154.0,-157.0,-157.0,-157.0,-157.0,-154.0,-156.0,-152.0,-156.5,-157.0,-157.0,-157.0,-157.0,-157.0,-157.0,-157.0,-157.0,-156.0,-156.0,-154.0,-150.5,-156.5,-157.0,-157.0,-155.5,-157.0,-157.0,-155.5,-152.5,-157.0,-154.0,-153.0,-152.5,-152.5,-152.0,-156.5,-157.0,-155.0,-155.0,-151.5,-151.0,-156.0,-153.0,-152.0,-157.0,-157.0,-154.0,-152.5,-157.0,-152.0,-154.0,-156.0,-157.0,-157.0,-157.0,-157.0,-155.5,-157.0,-157.0,-153.0,-156.5,-157.0,-157.0,-152.5,-153.0,-157.0,-157.0,-157.0,-155.0,-153.5,-153.0,-157.0,-157.0,-151.0,-152.5,-154.0,-157.0,-154.0,-154.5,-154.0,-157.0,-156.5,-152.5,-157.0,-155.0,-157.0,-156.5,-157.0,-157.0,-157.0,-156.5,-154.5,-155.0,-154.0,-157.0,-157.0,-157.0,-157.0,-157.0,-155.0,-157.0,-157.0,-156.0,-157.0,-154.0,-157.0,-157.0,-154.5,-153.0,-157.0,-157.0,-153.0,-152.0,-151.5,-151.0,-152.5,-157.0,-155.0,-152.0,-156.5,-157.0,-152.0,-152.5,-157.0,-157.0,-150.5,-150.0,-151.5,-153.5,-157.0,-157.0,-157.0,-157.0,-151.0,-152.0,-157.0,-157.0,-157.0,-153.0,-154.5,-154.0,-157.0,-157.0,-157.0,-156.5,-157.0,-157.0,-153.5,-153.5,-157.0,-157.0,-157.0,-157.0,-157.0,-157.0
2026-01-17 14:24:13.244,143.049967,5,-77,-157.0,-157.0,-157.0,-157.0,-157.0,-154.5,-151.0,-157.0,-155.0,-150.0,-149.5,-156.5,-156.5,-156.5,-157.0,-157.0,-155.0,-157.0,-157.0,-156.0,-157.0,-157.0,-157.0,-157.0,-157.0,-157.0,-154.0,-157.0,-157.0,-157.0,-151.5,-153.0,-156.0,-153.5,-157.0,-153.0,-154.5,-156.0,-156.0,-157.0,-157.0,-157.0,-157.0,-157.0,-156.5,-155.5,-157.0,-153.0,-149.0,-152.5,-157.0,-157.0,-157.0,-156.5,-153.5,-152.0,-156.5,-157.0,-155.0,-153.0,-154.5,-156.5,-153.5,-157.0,-157.0,-156.0,-157.0,-157.0,-157.0,-157.0,-156.0,-157.0,-157.0,-157.0,-155.0,-155.5,-155.0,-157.0,-156.5,-157.0,-157.0,-154.5,-156.0,-157.0,-157.0,-157.0,-154.5,-154.0,-155.0,-153.5,-156.5,-156.5,-157.0,-153.0,-153.0,-157.0,-151.0,-153.5,-157.0,-157.0,-153.5,-154.0,-157.0,-154.0,-156.5,-155.0,-157.0,-157.0,-157.0,-153.0,-155.5,-150.5,-153.5,-156.5,-153.5,-157.0,-151.5,-156.0,-152.0,-154.0,-153.0,-154.5,-153.0,-156.5,-157.0,-157.0,-157.0,-157.0,-154.5,-157.0,-155.5,-155.0,-156.5,-157.0,-155.0,-156.0,-156.0,-157.0,-157.0,-153.5,-152.0,-157.0,-157.0,-157.0,-157.0,-157.0,-157.0,-157.0,-153.5,-153.5,-153.5,-157.0,-157.0,-151.5,-151.5,-155.0,-155.0,-156.0,-154.5,-157.0,-154.0,-155.0,-154.5,-157.0,-157.0,-157.0,-156.0,-157.0,-151.5,-157.0,-156.0,-157.0,-157.0,-156.5,-157.0,-157.0,-155.5,-156.5,-157.0,-156.5,-157.0,-155.0,-155.5,-157.0,-154.5,-157.0,-156.5,-157.0,-157.0,-157.0,-156.5,-156.0,-157.0,-156.5,-151.5,-156.5,-157.0,-157.0,-157.0,-157.0,-156.5,-153.0,-153.0,-152.0,-157.0,-155.5,-155.0,-157.0,-157.0,-157.0,-156.5,-157.0,-157.0,-157.0,-153.5,-154.5,-157.0,-157.0,-153.0,-157.0,-154.0,-157.0,-157.0,-157.0,-150.5,-150.0,-151.0,-154.5,-157.0,-156.0,-157.0,-156.0,-154.5,-153.0,-154.5,-157.0,-157.0,-154.0,-153.5,-157.0,-153.5,-154.0,-152.5,-152.0,-157.0,-152.5,-151.5,-157.0,-157.0,-153.5,-154.0,-156.0,-157.0,-157.0,-156.0,-154.0,-154.5,-155.5,-153.5,-157.0,-153.5,-154.5,-153.0,-151.5,-157.0,-153.0,-152.5,-156.5,-155.0,-153.5,-151.0,-157.0,-152.0,-150.5,-155.0,-157.0,-156.5,-156.0,-155.0,-155.0,-157.0,-151.5,-152.0,-157.0,-156.0,-157.0,-157.0,-156.5,-157.0,-157.0,-157.0,-157.0,-157.0,-157.0,-157.0,-155.5,-155.5,-154.0,-157.0,-153.0,-156.5,-157.0,-150.5,-157.0,-157.0,-157.0,-157.0,-157.0,-155.0,-156.0,-157.0,-157.0,-157.0,-157.0,-157.0,-152.0,-152.5,-157.0,-156.5,-157.0,-157.0,-157.0,-157.0,-157.0,-157.0,-156.5,-157.0,-155.5,-157.0,-156.0,-157.0,-157.0,-157.0,-157.0,-157.0,-157.0,-157.0,-157.0,-156.5,-154.5,-152.0,-157.0,-157.0,-157.0,-157.0,-157.0,-157.0,-157.0,-154.0,-157.0,-157.0,-155.5,-156.0,-157.0,-153.0,-157.0,-157.0,-157.0,-157.0,-151.5,-154.5,-157.0,-155.0,-154.5,-157.0,-157.0,-157.0,-151.0,-153.0,-152.5,-155.0,-155.5,-157.0,-156.5,-154.0,-155.5,-151.5,-155.0,-157.0,-155.0,-157.0,-157.0,-157.0,-155.0,-154.5,-156.5,-156.0,-157.0,-155.0,-157.0,-157.0,-157.0,-156.5,-152.5,-155.5,-156.5,-156.0,-157.0,-157.0,-154.0,-157.0,-152.0,-153.5,-154.0,-155.0,-157.0,-154.0,-157.0,-157.0,-157.0,-155.5,-157.0,-157.0,-152.0,-155.0,-157.0,-157.0,-157.0,-157.0,-156.0,-155.0,-157.0,-156.5,-157.0,-151.0,-152.5,-155.5,-156.5,-153.5,-157.0,-156.0,-155.5,-157.0,-153.0,-153.0,-154.0,-153.5,-152.5,-155.5,-154.0,-157.0,-155.0,-154.0,-157.0,-157.0,-151.0,-157.0,-152.0,-157.0,-157.0,-157.0,-157.0,-156.0,-154.0,-157.0,-157.0,-157.0,-157.0,-149.0,-151.0,-154.5,-155.0,-155.0,-157.0,-153.0,-155.5,-157.0,-155.5,-157.0,-156.0,-157.0,-157.0,-157.0,-157.0,-157.0
2026-01-17 14:24:13.279,143.049967,5,-77,-157.0,-157.0,-157.0,-157.0,-157.0,-152.0,-151.0,-157.0,-155.0,-151.0,-150.5,-156.0,-157.0,-155.5,-157.0,-157.0,-157.0,-157.0,-157.0,-155.0,-157.0,-157.0,-157.0,-157.0,-155.5,-157.0,-153.5,-157.0,-157.0,-157.0,-154.0,-155.0,-157.0,-153.5,-156.5,-153.0,-157.0,-157.0,-157.0,-155.0,-157.0,-157.0,-157.0,-157.0,-155.0,-154.0,-157.0,-156.5,-150.0,-154.5,-157.0,-157.0,-157.0,-154.5,-154.0,-156.0,-157.0,-154.5,-151.5,-153.5,-157.0,-155.0,-151.5,-156.0,-154.5,-155.5,-157.0,-156.5,-155.0,-155.5,-157.0,-156.5,-157.0,-157.0,-152.5,-155.5,-156.5,-155.0,-156.5,-157.0,-157.0,-157.0,-157.0,-157.0,-157.0,-157.0,-157.0,-156.5,-157.0,-155.5,-157.0,-155.0,-157.0,-151.0,-152.0,-156.5,-156.5,-155.0,-157.0,-156.5,-157.0,-154.5,-154.5,-151.5,-151.5,-157.0,-157.0,-157.0,-157.0,-153.5,-157.0,-153.5,-156.0,-157.0,-152.5,-156.5,-148.0,-149.0,-149.0,-156.0,-153.5,-155.0,-157.0,-157.0,-157.0,-157.0,-157.0,-157.0,-155.0,-157.0,-157.0,-157.0,-157.0,-157.0,-156.0,-157.0,-157.0,-157.0,-157.0,-151.0,-154.0,-157.0,-157.0,-157.0,-157.0,-157.0,-157.0,-157.0,-154.0,-153.5,-155.5,-151.5,-153.0,-155.0,-153.0,-153.0,-153.0,-151.0,-152.0,-157.0,-157.0,-153.0,-155.5,-157.0,-157.0,-157.0,-157.0,-157.0,-156.0,-156.0,-157.0,-157.0,-157.0,-155.0,-157.0,-157.0,-151.0,-154.0,-157.0,-154.5,-155.0,-155.0,-155.0,-157.0,-152.5,-154.0,-157.0,-157.0,-156.5,-157.0,-157.0,-157.0,-157.0,-153.5,-152.0,-157.0,-157.0,-157.0,-157.0,-155.0,-153.5,-153.5,-155.5,-153.0,-157.0,-157.0,-157.0,-157.0,-154.5,-157.0,-156.0,-155.0,-157.0,-157.0,-157.0,-157.0,-156.0,-157.0,-156.0,-155.0,-155.0,-157.0,-155.5,-151.5,-151.0,-153.0,-154.5,-155.0,-157.0,-154.5,-157.0,-157.0,-152.0,-150.0,-156.5,-157.0,-157.0,-153.5,-152.5,-153.5,-157.0,-157.0,-153.5,-154.0,-154.5,-155.0,-153.5,-157.0,-155.5,-156.0,-154.5,-156.0,-157.0,-157.0,-157.0,-153.5,-152.5,-157.0,-152.5,-154.5,-152.0,-151.5,-153.5,-155.0,-157.0,-153.5,-154.5,-155.5,-152.5,-154.0,-152.5,-157.0,-152.5,-153.0,-157.0,-157.0,-151.5,-154.0,-152.0,-154.0,-157.0,-151.0,-150.0,-157.0,-157.0,-157.0,-155.0,-154.5,-157.0,-156.5,-157.0,-156.5,-157.0,-157.0,-157.0,-157.0,-155.5,-155.5,-157.0,-153.0,-154.5,-157.0,-150.0,-157.0,-157.0,-157.0,-157.0,-157.0,-155.5,-156.0,-157.0,-157.0,-156.5,-157.0,-157.0,-154.0,-151.5,-157.0,-153.0,-157.0,-157.0,-156.0,-157.0,-157.0,-157.0,-157.0,-157.0,-157.0,-157.0,-154.5,-157.0,-157.0,-157.0,-157.0,-157.0,-157.0,-157.0,-157.0,-157.0,-157.0,-157.0,-157.0,-157.0,-156.5,-156.0,-157.0,-155.5,-154.5,-157.0,-157.0,-157.0,-155.0,-157.0,-157.0,-156.5,-157.0,-157.0,-157.0,-156.0,-152.0,-155.0,-157.0,-157.0,-157.0,-157.0,-156.5,-157.0,-153.0,-156.5,-153.5,-155.0,-157.0,-157.0,-155.5,-150.0,-157.0,-153.0,-152.5,-155.5,-157.0,-157.0,-157.0,-157.0,-157.0,-157.0,-152.0,-154.0,-156.0,-157.0,-157.0,-157.0,-157.0,-154.0,-152.0,-157.0,-155.0,-155.5,-157.0,-156.0,-157.0,-157.0,-153.0,-157.0,-157.0,-157.0,-156.0,-151.5,-157.0,-157.0,-157.0,-154.5,-157.0,-157.0,-152.5,-157.0,-156.5,-157.0,-154.5,-155.5,-151.0,-149.5,-151.5,-154.5,-156.0,-151.5,-150.5,-151.5,-157.0,-155.0,-157.0,-157.0,-157.0,-157.0,-156.0,-157.0,-152.0,-151.5,-152.5,-157.0,-154.5,-157.0,-157.0,-156.5,-156.0,-155.5,-152.0,-153.0,-156.0,-157.0,-157.0,-157.0,-157.0,-157.0,-154.5,-157.0,-157.0,-157.0,-157.0,-150.5,-155.5,-153.5,-153.5,-153.5,-153.5,-154.5,-156.5,-157.0,-157.0,-157.0,-155.0,-157.0,-157.0,-157.0,-157.0,-156.5
2026-01-17 14:24:13.315,143.049967,5,-77,-157.0,-157.0,-156.5,-156.0,-157.0,-156.0,-154.5,-154.0,-157.0,-157.0,-157.0,-155.0,-157.0,-154.0,-157.0,-157.0,-157.0,-155.5,-157.0,-154.0,-156.0,-154.5,-157.0,-157.0,-157.0,-157.0,-155.5,-157.0,-157.0,-157.0,-157.0,-157.0,-157.0,-153.5,-152.0,-150.5,-155.0,-155.0,-157.0,-156.0,-157.0,-157.0,-157.0,-157.0,-154.0,-151.5,-157.0,-157.0,-153.5,-155.5,-157.0,-157.0,-157.0,-154.5,-154.5,-155.0,-157.0,-155.5,-151.5,-153.0,-156.0,-155.5,-155.0,-153.0,-156.0,-157.0,-157.0,-157.0,-153.0,-153.5,-157.0,-155.0,-157.0,-157.0,-151.5,-152.5,-157.0,-157.0,-155.0,-155.0,-157.0,-154.5,-153.0,-155.5,-157.0,-157.0,-157.0,-155.0,-154.5,-157.0,-157.0,-155.5,-153.5,-151.0,-151.5,-154.5,-157.0,-157.0,-157.0,-156.0,-157.0,-157.0,-152.5,-152.5,-153.5,-157.0,-157.0,-157.0,-157.0,-152.0,-153.5,-155.0,-157.0,-156.5,-153.0,-157.0,-147.5,-148.5,-148.5,-157.0,-157.0,-157.0,-157.0,-157.0,-157.0,-157.0,-157.0,-157.0,-157.0,-155.5,-157.0,-157.0,-157.0,-156.5,-157.0,-157.0,-156.0,-157.0,-157.0,-153.0,-157.0,-157.0,-157.0,-157.0,-157.0,-157.0,-157.0,-157.0,-156.5,-153.5,-155.0,-151.5,-156.0,-157.0,-154.0,-154.5,-149.5,-149.5,-157.0,-157.0,-157.0,-156.5,-157.0,-157.0,-157.0,-157.0,-157.0,-157.0,-156.5,-154.0,-157.0,-157.0,-157.0,-153.0,-156.0,-155.5,-151.5,-154.0,-157.0,-155.0,-155.5,-152.5,-155.0,-157.0,-150.5,-152.0,-157.0,-157.0,-154.5,-156.5,-157.0,-157.0,-155.5,-153.5,-157.0,-157.0,-157.0,-157.0,-157.0,-157.0,-157.0,-157.0,-156.0,-155.0,-157.0,-157.0,-157.0,-156.0,-154.0,-157.0,-157.0,-155.0,-155.5,-157.0,-157.0,-157.0,-157.0,-157.0,-157.0,-157.0,-157.0,-157.0,-155.5,-152.0,-152.5,-157.0,-157.0,-153.5,-155.0,-154.5,-156.5,-157.0,-155.0,-151.5,-157.0,-157.0,-157.0,-157.0,-155.0,-156.0,-157.0,-157.0,-151.0,-150.0,-150.0,-156.5,-157.0,-157.0,-154.0,-155.5,-154.5,-157.0,-157.0,-156.0,-155.5,-156.0,-157.0,-157.0,-151.5,-154.5,-151.5,-156.5,-152.5,-157.0,-157.0,-157.0,-157.0,-157.0,-153.5,-157.0,-154.5,-153.0,-152.0,-157.0,-157.0,-157.0,-152.5,-154.0,-152.5,-157.0,-154.0,-150.5,-153.0,-157.0,-157.0,-157.0,-157.0,-154.0,-156.5,-154.5,-155.5,-150.5,-153.0,-157.0,-157.0,-157.0,-157.0,-157.0,-157.0,-156.5,-156.5,-157.0,-151.0,-153.0,-156.0,-157.0,-157.0,-157.0,-157.0,-155.5,-157.0,-157.0,-154.0,-155.0,-156.5,-157.0,-151.0,-153.0,-150.5,-157.0,-157.0,-154.5,-156.5,-157.0,-157.0,-157.0,-155.5,-157.0,-151.5,-153.0,-157.0,-157.0,-157.0,-156.5,-157.0,-157.0,-157.0,-154.5,-157.0,-157.0,-157.0,-157.0,-157.0,-157.0,-155.0,-152.5,-157.0,-157.0,-157.0,-152.5,-153.0,-157.0,-157.0,-157.0,-157.0,-156.5,-157.0,-157.0,-157.0,-155.5,-155.0,-156.5,-157.0,-157.0,-157.0,-154.0,-157.0,-154.5,-157.0,-153.0,-155.5,-157.0,-157.0,-155.5,-150.5,-157.0,-157.0,-150.5,-150.5,-157.0,-157.0,-157.0,-157.0,-157.0,-157.0,-152.0,-154.5,-154.0,-157.0,-157.0,-155.0,-156.0,-155.0,-152.0,-157.0,-157.0,-157.0,-154.5,-151.0,-155.5,-156.0,-154.0,-157.0,-157.0,-157.0,-156.0,-153.0,-157.0,-157.0,-157.0,-155.5,-157.0,-154.0,-155.5,-155.0,-152.0,-156.5,-155.5,-157.0,-151.5,-149.5,-153.5,-154.5,-156.5,-152.0,-151.5,-152.5,-157.0,-157.0,-156.5,-155.0,-156.0,-154.0,-154.0,-155.5,-150.0,-152.0,-155.5,-157.0,-154.5,-157.0,-157.0,-157.0,-156.0,-154.5,-155.0,-154.5,-157.0,-157.0,-157.0,-156.5,-153.5,-155.0,-154.5,-157.0,-156.0,-153.0,-154.0,-154.5,-151.0,-153.0,-156.5,-157.0,-151.5,-152.5,-157.0,-156.5,-155.5,-157.0,-154.5,-157.0,-157.0,-155.0,-157.0,-157.0
2026-01-17 14:24:13.343,143.049967,5,-77,-157.0,-157.0,-155.5,-157.0,-157.0,-157.0,-153.5,-154.0,-157.0,-156.5,-156.5,-157.0,-155.0,-153.0,-157.0,-157.0,-155.0,-155.0,-155.0,-151.0,-153.0,-155.0,-155.5,-156.5,-157.0,-157.0,-157.0,-157.0,-157.0,-157.0,-155.0,-155.5,-157.0,-157.0,-156.0,-153.5,-157.0,-155.5,-156.5,-155.5,-157.0,-157.0,-157.0,-156.5,-157.0,-155.0,-157.0,-150.5,-151.5,-155.0,-157.0,-157.0,-157.0,-157.0,-156.0,-154.5,-157.0,-157.0,-151.5,-150.0,-151.5,-154.0,-156.5,-154.5,-156.0,-157.0,-157.0,-154.5,-157.0,-153.5,-157.0,-153.5,-156.0,-157.0,-152.0,-152.0,-157.0,-157.0,-154.5,-155.0,-157.0,-157.0,-150.5,-153.5,-157.0,-154.5,-156.5,-153.0,-151.5,-157.0,-157.0,-157.0,-153.5,-154.0,-152.5,-153.0,-152.0,-157.0,-157.0,-157.0,-157.0,-157.0,-152.5,-152.0,-157.0,-157.0,-157.0,-157.0,-157.0,-152.5,-151.5,-157.0,-155.5,-157.0,-155.0,-155.0,-151.5,-157.0,-152.5,-157.0,-157.0,-157.0,-157.0,-155.0,-157.0,-157.0,-154.0,-155.0,-157.0,-155.0,-157.0,-157.0,-157.0,-156.0,-157.0,-154.5,-157.0,-157.0,-157.0,-155.0,-153.5,-157.0,-157.0,-157.0,-157.0,-157.0,-157.0,-157.0,-155.5,-156.5,-157.0,-154.0,-157.0,-155.5,-156.0,-150.0,-148.5,-154.5,-157.0,-154.5,-153.5,-156.0,-157.0,-157.0,-156.5,-157.0,-157.0,-157.0,-154.0,-154.5,-157.0,-157.0,-155.5,-153.0,-154.5,-156.5,-155.5,-154.5,-157.0,-155.5,-157.0,-153.5,-157.0,-154.0,-150.5,-155.5,-157.0,-157.0,-153.0,-151.5,-154.5,-157.0,-152.0,-151.0,-157.0,-155.5,-155.0,-157.0,-156.0,-157.0,-157.0,-157.0,-157.0,-156.5,-157.0,-156.5,-156.5,-157.0,-157.0,-157.0,-155.5,-152.5,-157.0,-157.0,-155.0,-157.0,-157.0,-152.5,-155.0,-157.0,-157.0,-157.0,-157.0,-157.0,-154.5,-157.0,-154.5,-151.0,-157.0,-157.0,-154.5,-155.5,-157.0,-153.5,-157.0,-157.0,-157.0,-157.0,-154.0,-157.0,-157.0,-154.5,-152.0,-151.5,-152.0,-157.0,-157.0,-156.0,-152.5,-154.0,-155.0,-157.0,-155.5,-151.5,-155.0,-157.0,-157.0,-156.0,-153.0,-154.0,-151.5,-155.0,-152.5,-156.5,-157.0,-157.0,-157.0,-156.0,-153.5,-156.5,-156.0,-151.0,-151.0,-157.0,-157.0,-157.0,-157.0,-151.5,-151.5,-157.0,-152.5,-151.5,-157.0,-157.0,-157.0,-157.0,-157.0,-154.5,-156.5,-156.0,-157.0,-150.0,-153.0,-157.0,-157.0,-157.0,-157.0,-156.5,-155.0,-157.0,-156.5,-157.0,-154.5,-153.5,-155.5,-155.0,-157.0,-157.0,-157.0,-157.0,-157.0,-157.0,-157.0,-152.0,-153.0,-157.0,-151.5,-151.0,-153.5,-156.5,-156.0,-156.5,-157.0,-155.5,-156.5,-155.5,-154.5,-154.5,-149.5,-153.5,-157.0,-157.0,-157.0,-155.5,-156.5,-157.0,-157.0,-154.5,-155.0,-157.0,-157.0,-157.0,-157.0,-157.0,-154.5,-154.0,-157.0,-157.0,-157.0,-151.5,-153.0,-157.0,-157.0,-157.0,-157.0,-157.0,-157.0,-157.0,-156.0,-156.0,-157.0,-157.0,-157.0,-157.0,-154.0,-150.5,-155.0,-152.5,-151.0,-156.5,-156.5,-155.0,-156.0,-157.0,-152.5,-157.0,-157.0,-152.5,-153.0,-157.0,-156.5,-157.0,-157.0,-157.0,-157.0,-154.0,-157.0,-151.0,-151.5,-156.5,-155.0,-156.5,-156.0,-154.0,-157.0,-157.0,-157.0,-154.5,-149.5,-152.0,-157.0,-155.0,-155.5,-154.5,-155.5,-156.5,-155.0,-157.0,-157.0,-156.5,-157.0,-157.0,-151.5,-156.5,-157.0,-149.0,-150.0,-155.5,-157.0,-157.0,-154.0,-157.0,-156.5,-157.0,-154.5,-154.5,-156.0,-157.0,-157.0,-153.5,-151.5,-155.0,-152.0,-150.5,-156.0,-154.5,-153.0,-155.0,-153.0,-151.0,-155.5,-157.0,-157.0,-157.0,-157.0,-157.0,-157.0,-157.0,-157.0,-157.0,-155.0,-154.0,-157.0,-155.0,-157.0,-157.0,-152.0,-154.5,-155.5,-149.5,-152.5,-157.0,-157.0,-155.0,-151.0,-157.0,-154.5,-153.5,-157.0,-154.5,-157.0,-154.0,-152.5,-157.0,-157.0
2026-01-17 14:24:13.378,143.049967,5,-77,-157.0,-157.0,-153.5,-156.0,-157.0,-157.0,-153.0,-156.5,-157.0,-153.5,-155.0,-157.0,-156.0,-152.0,-156.5,-153.0,-155.0,-157.0,-153.5,-150.5,-157.0,-157.0,-155.5,-157.0,-157.0,-157.0,-156.0,-157.0,-156.0,-153.5,-151.0,-154.0,-155.5,-156.0,-157.0,-157.0,-157.0,-152.5,-150.0,-150.5,-157.0,-157.0,-156.5,-153.5,-156.5,-157.0,-154.5,-150.5,-151.0,-154.5,-156.5,-157.0,-155.0,-156.0,-156.5,-157.0,-157.0,-157.0,-153.0,-154.5,-152.5,-152.0,-153.0,-155.0,-153.5,-157.0,-152.5,-152.5,-157.0,-155.5,-157.0,-153.0,-153.0,-157.0,-157.0,-156.5,-155.0,-157.0,-157.0,-157.0,-157.0,-157.0,-150.5,-152.0,-157.0,-156.5,-157.0,-153.5,-156.0,-157.0,-157.0,-157.0,-152.5,-152.0,-153.5,-153.5,-152.5,-157.0,-157.0,-157.0,-157.0,-154.5,-155.0,-153.5,-157.0,-157.0,-156.5,-155.5,-152.0,-156.5,-154.0,-155.5,-153.5,-157.0,-157.0,-157.0,-154.0,-157.0,-156.0,-157.0,-154.5,-153.0,-155.5,-153.5,-157.0,-157.0,-153.5,-156.5,-157.0,-157.0,-157.0,-157.0,-157.0,-157.0,-157.0,-154.5,-157.0,-155.5,-156.5,-156.0,-154.0,-157.0,-155.5,-157.0,-157.0,-157.0,-157.0,-157.0,-156.0,-157.0,-157.0,-155.5,-157.0,-156.0,-157.0,-148.5,-147.5,-157.0,-157.0,-157.0,-155.0,-157.0,-155.5,-154.5,-157.0,-157.0,-157.0,-157.0,-157.0,-156.5,-157.0,-157.0,-157.0,-157.0,-157.0,-157.0,-157.0,-157.0,-157.0,-157.0,-157.0,-157.0,-157.0,-154.5,-153.5,-157.0,-155.5,-155.5,-155.5,-153.0,-152.5,-157.0,-151.5,-150.0,-157.0,-157.0,-157.0,-157.0,-155.5,-153.5,-157.0,-155.0,-157.0,-157.0,-157.0,-157.0,-157.0,-157.0,-157.0,-157.0,-155.0,-149.5,-154.5,-157.0,-157.0,-156.5,-154.5,-151.0,-152.5,-157.0,-154.0,-155.0,-157.0,-157.0,-157.0,-155.0,-157.0,-153.0,-157.0,-156.0,-157.0,-152.5,-154.0,-155.0,-157.0,-157.0,-157.0,-157.0,-153.5,-155.0,-157.0,-155.0,-155.5,-156.5,-157.0,-157.0,-157.0,-157.0,-154.0,-157.0,-157.0,-157.0,-154.5,-152.5,-155.0,-157.0,-157.0,-155.5,-157.0,-155.0,-155.0,-157.0,-154.5,-153.5,-157.0,-157.0,-157.0,-154.5,-152.5,-157.0,-157.0,-153.0,-154.0,-155.0,-157.0,-157.0,-157.0,-154.0,-155.5,-157.0,-154.0,-153.5,-157.0,-157.0,-157.0,-157.0,-157.0,-157.0,-157.0,-153.5,-157.0,-153.5,-154.0,-157.0,-156.0,-155.0,-157.0,-151.5,-153.0,-157.0,-156.5,-157.0,-157.0,-157.0,-156.5,-152.5,-156.5,-157.0,-156.0,-157.0,-157.0,-157.0,-157.0,-155.5,-156.5,-157.0,-156.0,-154.5,-157.0,-156.0,-157.0,-157.0,-157.0,-153.5,-157.0,-152.5,-156.0,-153.0,-150.5,-157.0,-156.5,-157.0,-157.0,-155.5,-157.0,-157.0,-157.0,-157.0,-157.0,-157.0,-156.5,-157.0,-157.0,-157.0,-157.0,-157.0,-157.0,-157.0,-157.0,-155.5,-157.0,-157.0,-154.5,-154.5,-157.0,-157.0,-157.0,-156.0,-156.0,-157.0,-157.0,-154.0,-155.0,-153.5,-150.5,-151.5,-154.0,-152.0,-151.0,-154.5,-155.0,-152.5,-154.5,-156.0,-152.5,-157.0,-157.0,-157.0,-157.0,-156.0,-157.0,-154.0,-156.5,-157.0,-157.0,-155.5,-157.0,-154.0,-153.0,-157.0,-157.0,-155.0,-156.5,-155.0,-157.0,-157.0,-155.5,-156.0,-152.5,-153.5,-157.0,-153.0,-150.5,-154.5,-155.5,-156.0,-157.0,-157.0,-157.0,-156.0,-157.0,-157.0,-152.5,-157.0,-156.5,-150.0,-151.5,-157.0,-157.0,-157.0,-157.0,-157.0,-157.0,-157.0,-157.0,-156.5,-157.0,-157.0,-157.0,-156.5,-153.0,-157.0,-151.5,-149.5,-156.0,-157.0,-156.5,-157.0,-151.0,-150.0,-157.0,-157.0,-157.0,-157.0,-157.0,-157.0,-157.0,-157.0,-154.5,-153.5,-153.5,-157.0,-156.0,-152.5,-156.5,-157.0,-153.5,-156.0,-153.0,-153.5,-154.0,-156.0,-156.5,-157.0,-152.5,-157.0,-156.5,-157.0,-157.0,-156.5,-156.0,-155.0,-157.0,-157.0,-157.0
2026-01-17 14:24:13.414,143.049967,5,-77,-157.0,-157.0,-153.5,-152.0,-157.0,-157.0,-156.0,-154.0,-157.0,-155.5,-155.5,-151.5,-149.0,-151.0,-157.0,-157.0,-156.5,-157.0,-154.5,-154.0,-157.0,-156.5,-157.0,-157.0,-157.0,-157.0,-152.0,-153.5,-157.0,-153.5,-151.5,-152.5,-154.5,-155.5,-157.0,-157.0,-155.5,-149.5,-150.5,-150.0,-157.0,-152.5,-150.0,-156.0,-157.0,-155.5,-154.5,-156.0,-152.5,-156.5,-157.0,-151.5,-154.5,-153.5,-156.5,-157.0,-157.0,-157.0,-154.5,-157.0,-157.0,-154.5,-157.0,-154.0,-151.5,-154.5,-150.5,-154.0,-155.5,-157.0,-157.0,-157.0,-154.5,-157.0,-157.0,-157.0,-156.0,-157.0,-157.0,-157.0,-157.0,-152.0,-151.5,-156.5,-155.5,-157.0,-157.0,-154.0,-157.0,-157.0,-157.0,-156.0,-154.0,-156.5,-157.0,-154.0,-156.5,-156.5,-157.0,-157.0,-157.0,-153.5,-157.0,-157.0,-157.0,-157.0,-156.0,-157.0,-151.0,-151.5,-151.5,-157.0,-154.0,-157.0,-157.0,-157.0,-153.0,-152.5,-152.5,-157.0,-153.5,-155.0,-157.0,-152.5,-157.0,-157.0,-157.0,-157.0,-157.0,-157.0,-157.0,-157.0,-157.0,-157.0,-157.0,-157.0,-155.0,-152.0,-151.0,-157.0,-157.0,-157.0,-157.0,-157.0,-156.5,-153.5,-154.0,-157.0,-157.0,-157.0,-157.0,-153.5,-155.5,-157.0,-153.5,-151.0,-149.0,-157.0,-157.0,-157.0,-157.0,-157.0,-157.0,-157.0,-157.0,-157.0,-157.0,-157.0,-157.0,-157.0,-157.0,-157.0,-157.0,-157.0,-157.0,-157.0,-157.0,-157.0,-157.0,-157.0,-157.0,-157.0,-156.0,-154.0,-153.5,-153.5,-154.0,-153.5,-156.0,-157.0,-155.0,-157.0,-153.5,-152.0,-157.0,-157.0,-157.0,-157.0,-157.0,-153.5,-154.5,-157.0,-157.0,-157.0,-157.0,-155.0,-157.0,-157.0,-157.0,-157.0,-157.0,-148.5,-149.5,-155.5,-157.0,-157.0,-157.0,-154.5,-155.5,-155.5,-152.0,-151.5,-155.5,-157.0,-157.0,-157.0,-153.0,-154.0,-154.5,-157.0,-157.0,-155.0,-157.0,-157.0,-155.0,-156.0,-157.0,-152.5,-154.0,-157.0,-154.5,-153.5,-153.0,-152.0,-156.0,-157.0,-157.0,-157.0,-155.5,-157.0,-156.5,-157.0,-156.0,-157.0,-157.0,-157.0,-157.0,-157.0,-156.5,-157.0,-157.0,-157.0,-157.0,-156.0,-157.0,-156.0,-157.0,-157.0,-154.0,-154.5,-157.0,-156.0,-156.0,-154.5,-157.0,-157.0,-157.0,-157.0,-157.0,-153.5,-153.5,-155.5,-157.0,-157.0,-157.0,-157.0,-157.0,-157.0,-157.0,-150.5,-150.5,-156.5,-157.0,-156.5,-151.5,-152.5,-157.0,-151.0,-151.5,-157.0,-157.0,-157.0,-157.0,-157.0,-157.0,-153.5,-157.0,-156.5,-157.0,-155.5,-157.0,-156.0,-157.0,-157.0,-157.0,-154.5,-157.0,-156.0,-157.0,-156.5,-157.0,-157.0,-156.5,-152.0,-153.0,-153.5,-157.0,-154.5,-151.5,-157.0,-154.0,-154.5,-157.0,-157.0,-157.0,-157.0,-157.0,-157.0,-157.0,-157.0,-153.0,-155.5,-157.0,-157.0,-157.0,-155.0,-155.5,-157.0,-156.5,-157.0,-157.0,-154.5,-156.0,-153.0,-156.5,-157.0,-157.0,-152.5,-157.0,-157.0,-157.0,-150.5,-152.5,-149.5,-150.0,-157.0,-157.0,-153.0,-156.0,-151.0,-151.5,-153.5,-153.0,-155.5,-151.5,-157.0,-157.0,-157.0,-157.0,-157.0,-156.0,-153.0,-154.5,-157.0,-157.0,-155.5,-157.0,-157.0,-157.0,-157.0,-157.0,-155.5,-157.0,-156.0,-157.0,-157.0,-154.5,-153.5,-154.5,-157.0,-157.0,-152.5,-150.5,-156.5,-154.5,-157.0,-157.0,-157.0,-157.0,-157.0,-157.0,-157.0,-157.0,-157.0,-155.0,-153.5,-157.0,-157.0,-157.0,-157.0,-157.0,-157.0,-157.0,-157.0,-157.0,-154.0,-157.0,-154.0,-154.0,-157.0,-157.0,-157.0,-154.0,-152.5,-157.0,-157.0,-157.0,-157.0,-151.0,-152.0,-157.0,-156.0,-157.0,-157.0,-157.0,-157.0,-157.0,-156.5,-153.0,-154.0,-155.5,-157.0,-154.0,-152.5,-154.5,-154.0,-153.5,-157.0,-153.0,-157.0,-156.5,-156.5,-156.5,-156.0,-154.0,-156.0,-156.0,-157.0,-157.0,-157.0,-157.0,-157.0,-157.0,-157.0,-157.0
2026-01-17 14:24:13.444,143.049967,5,-77,-157.0,-157.0,-153.5,-153.5,-157.0,-157.0,-157.0,-155.0,-157.0,-156.5,-150.5,-150.0,-147.0,-150.0,-157.0,-157.0,-157.0,-157.0,-154.0,-155.5,-157.0,-156.0,-157.0,-157.0,-156.0,-157.0,-153.5,-157.0,-157.0,-157.0,-154.5,-151.0,-157.0,-157.0,-157.0,-157.0,-157.0,-152.5,-157.0,-153.5,-157.0,-151.0,-148.5,-155.0,-157.0,-155.0,-157.0,-157.0,-151.5,-152.5,-157.0,-150.0,-153.5,-154.5,-156.5,-157.0,-157.0,-157.0,-157.0,-157.0,-157.0,-157.0,-155.0,-156.0,-151.0,-154.0,-152.5,-153.5,-155.0,-157.0,-155.0,-157.0,-155.5,-157.0,-157.0,-157.0,-157.0,-153.5,-157.0,-157.0,-157.0,-153.5,-156.5,-157.0,-157.0,-157.0,-155.0,-154.0,-157.0,-156.0,-155.5,-157.0,-157.0,-157.0,-157.0,-154.0,-157.0,-155.0,-157.0,-157.0,-157.0,-154.0,-154.5,-157.0,-155.5,-155.5,-154.5,-155.0,-155.0,-156.0,-152.5,-157.0,-156.5,-157.0,-155.0,-157.0,-157.0,-149.0,-151.0,-155.0,-153.0,-157.0,-157.0,-153.0,-157.0,-156.0,-157.0,-157.0,-157.0,-154.5,-156.0,-157.0,-156.0,-155.5,-155.5,-157.0,-157.0,-155.0,-152.5,-156.0,-156.5,-155.5,-156.0,-157.0,-157.0,-151.5,-152.5,-157.0,-157.0,-155.5,-157.0,-150.0,-151.5,-157.0,-154.5,-155.5,-152.0,-154.0,-157.0,-157.0,-157.0,-156.0,-157.0,-157.0,-156.5,-157.0,-157.0,-157.0,-157.0,-157.0,-157.0,-157.0,-157.0,-157.0,-157.0,-157.0,-157.0,-157.0,-157.0,-157.0,-157.0,-157.0,-153.5,-154.5,-154.5,-153.5,-156.5,-153.5,-156.0,-157.0,-157.0,-157.0,-157.0,-155.5,-157.0,-157.0,-157.0,-157.0,-157.0,-157.0,-155.0,-157.0,-157.0,-157.0,-155.0,-153.5,-154.0,-157.0,-157.0,-157.0,-157.0,-152.5,-154.0,-157.0,-154.0,-157.0,-157.0,-153.0,-151.5,-153.0,-152.0,-151.0,-155.0,-157.0,-157.0,-157.0,-152.0,-154.5,-157.0,-154.5,-154.0,-157.0,-157.0,-154.5,-154.5,-154.5,-157.0,-152.5,-155.0,-153.5,-153.5,-157.0,-151.5,-151.0,-150.5,-157.0,-157.0,-157.0,-157.0,-156.0,-156.0,-157.0,-154.5,-155.5,-157.0,-157.0,-153.5,-154.5,-154.5,-157.0,-157.0,-156.5,-157.0,-157.0,-157.0,-154.5,-155.5,-156.5,-156.5,-152.5,-157.0,-157.0,-156.5,-154.5,-156.0,-153.5,-157.0,-157.0,-156.0,-155.0,-156.0,-157.0,-154.0,-155.5,-157.0,-157.0,-155.5,-157.0,-157.0,-153.0,-151.5,-155.0,-157.0,-157.0,-153.0,-156.5,-157.0,-155.0,-153.5,-157.0,-153.5,-153.0,-157.0,-157.0,-157.0,-157.0,-157.0,-157.0,-157.0,-156.5,-156.0,-156.0,-157.0,-157.0,-154.5,-157.0,-157.0,-157.0,-157.0,-157.0,-157.0,-156.5,-157.0,-156.0,-153.5,-157.0,-156.0,-152.0,-151.5,-154.0,-155.0,-156.5,-157.0,-157.0,-157.0,-157.0,-155.0,-154.0,-153.5,-154.5,-157.0,-153.5,-154.0,-157.0,-156.0,-153.5,-157.0,-157.0,-154.0,-157.0,-157.0,-154.5,-155.5,-154.5,-152.5,-157.0,-155.5,-152.0,-152.5,-157.0,-157.0,-151.0,-157.0,-154.0,-157.0,-157.0,-157.0,-157.0,-157.0,-153.0,-154.0,-157.0,-155.5,-154.5,-153.5,-157.0,-157.0,-157.0,-154.5,-155.5,-155.5,-155.0,-157.0,-157.0,-157.0,-157.0,-155.5,-157.0,-157.0,-157.0,-157.0,-154.0,-152.5,-154.5,-157.0,-157.0,-157.0,-157.0,-156.0,-157.0,-157.0,-154.5,-153.5,-153.5,-152.5,-157.0,-157.0,-157.0,-157.0,-157.0,-157.0,-157.0,-157.0,-157.0,-157.0,-157.0,-157.0,-157.0,-157.0,-157.0,-157.0,-157.0,-157.0,-157.0,-157.0,-150.0,-153.5,-149.5,-152.0,-157.0,-157.0,-157.0,-157.0,-157.0,-157.0,-157.0,-157.0,-157.0,-152.0,-156.0,-157.0,-156.5,-157.0,-153.5,-157.0,-157.0,-157.0,-155.5,-157.0,-157.0,-155.5,-156.5,-157.0,-157.0,-154.0,-152.5,-156.0,-157.0,-155.0,-157.0,-157.0,-157.0,-152.5,-152.0,-157.0,-155.0,-155.5,-157.0,-157.0,-157.0,-157.0,-157.0,-157.0,-157.0,-156.5
2026-01-17 14:24:13.479,143.049967,5,-77,-157.0,-157.0,-153.5,-157.0,-157.0,-157.0,-157.0,-157.0,-157.0,-157.0,-153.0,-155.0,-149.5,-154.5,-153.5,-154.5,-157.0,-157.0,-157.0,-157.0,-157.0,-157.0,-154.5,-151.5,-150.5,-155.0,-156.0,-157.0,-157.0,-157.0,-155.5,-154.5,-155.5,-157.0,-156.5,-157.0,-157.0,-156.5,-157.0,-157.0,-157.0,-155.5,-152.0,-151.0,-157.0,-156.0,-157.0,-157.0,-151.0,-152.0,-156.5,-150.0,-154.0,-154.5,-153.0,-154.0,-157.0,-157.0,-157.0,-157.0,-157.0,-157.0,-157.0,-157.0,-151.0,-152.0,-154.5,-157.0,-157.0,-156.5,-155.5,-157.0,-157.0,-157.0,-157.0,-156.5,-154.0,-151.0,-153.0,-157.0,-157.0,-157.0,-157.0,-157.0,-157.0,-156.5,-155.5,-157.0,-157.0,-155.0,-156.0,-157.0,-157.0,-157.0,-156.5,-153.5,-157.0,-155.5,-156.5,-157.0,-157.0,-157.0,-155.0,-157.0,-155.0,-157.0,-156.0,-156.5,-157.0,-157.0,-153.0,-157.0,-157.0,-156.5,-157.0,-154.5,-157.0,-149.0,-154.5,-155.5,-155.5,-155.0,-155.5,-155.0,-155.5,-153.0,-157.0,-157.0,-157.0,-155.0,-154.5,-157.0,-157.0,-157.0,-155.0,-157.0,-157.0,-157.0,-157.0,-155.5,-153.5,-155.5,-153.5,-156.0,-157.0,-155.0,-156.0,-157.0,-155.5,-151.0,-150.5,-149.5,-151.5,-157.0,-153.5,-157.0,-153.5,-152.5,-157.0,-157.0,-157.0,-157.0,-156.5,-157.0,-156.5,-157.0,-157.0,-157.0,-157.0,-157.0,-155.0,-157.0,-157.0,-152.0,-152.5,-157.0,-157.0,-157.0,-157.0,-157.0,-157.0,-157.0,-156.5,-157.0,-157.0,-157.0,-157.0,-156.0,-156.5,-157.0,-157.0,-157.0,-157.0,-157.0,-157.0,-157.0,-155.0,-157.0,-157.0,-157.0,-156.5,-157.0,-157.0,-157.0,-155.5,-157.0,-157.0,-157.0,-157.0,-157.0,-151.0,-154.5,-155.0,-153.5,-155.0,-156.5,-156.5,-150.5,-150.0,-155.5,-154.0,-155.5,-157.0,-157.0,-155.0,-155.5,-152.5,-157.0,-157.0,-151.5,-152.0,-157.0,-154.5,-153.5,-156.5,-152.0,-153.5,-153.5,-157.0,-152.0,-153.5,-157.0,-148.0,-148.0,-148.5,-157.0,-157.0,-157.0,-157.0,-157.0,-156.0,-157.0,-153.5,-152.5,-157.0,-157.0,-149.5,-149.5,-154.0,-157.0,-157.0,-155.0,-157.0,-157.0,-153.0,-153.5,-154.5,-152.0,-157.0,-152.0,-157.0,-157.0,-157.0,-157.0,-152.5,-153.0,-154.5,-156.0,-157.0,-157.0,-157.0,-154.0,-156.5,-157.0,-157.0,-157.0,-155.0,-157.0,-156.5,-157.0,-155.5,-157.0,-157.0,-157.0,-156.5,-157.0,-157.0,-157.0,-156.5,-157.0,-153.5,-154.0,-154.0,-157.0,-157.0,-157.0,-157.0,-156.0,-156.0,-157.0,-153.5,-153.0,-157.0,-157.0,-154.0,-157.0,-157.0,-157.0,-157.0,-157.0,-156.5,-157.0,-157.0,-157.0,-152.5,-154.0,-153.5,-151.0,-150.5,-154.0,-157.0,-157.0,-157.0,-157.0,-157.0,-155.5,-154.0,-152.5,-151.0,-152.0,-154.0,-150.5,-150.5,-157.0,-157.0,-154.0,-157.0,-157.0,-155.0,-153.5,-157.0,-157.0,-153.5,-157.0,-152.5,-157.0,-157.0,-154.0,-151.0,-155.5,-157.0,-150.5,-151.5,-157.0,-157.0,-157.0,-157.0,-157.0,-157.0,-156.0,-157.0,-157.0,-157.0,-155.5,-157.0,-155.5,-157.0,-155.0,-153.5,-154.5,-155.5,-157.0,-157.0,-157.0,-157.0,-157.0,-156.0,-157.0,-157.0,-152.5,-154.5,-153.5,-151.5,-153.5,-157.0,-157.0,-157.0,-157.0,-157.0,-157.0,-157.0,-157.0,-157.0,-157.0,-156.5,-157.0,-153.0,-151.5,-153.5,-157.0,-157.0,-157.0,-157.0,-157.0,-157.0,-157.0,-157.0,-157.0,-157.0,-156.0,-154.5,-156.5,-157.0,-157.0,-157.0,-150.0,-151.0,-150.0,-153.0,-155.5,-157.0,-153.0,-155.0,-157.0,-157.0,-157.0,-157.0,-157.0,-155.5,-157.0,-157.0,-157.0,-155.0,-151.5,-154.5,-157.0,-157.0,-156.0,-157.0,-157.0,-156.5,-153.0,-156.5,-157.0,-157.0,-156.5,-157.0,-157.0,-157.0,-157.0,-157.0,-157.0,-153.0,-151.5,-155.0,-157.0,-157.0,-156.5,-155.0,-157.0,-155.5,-157.0,-157.0,-157.0,-157.0
2026-01-17 14:24:13.514,143.049967,5,-77,-157.0,-157.0,-152.5,-157.0,-157.0,-154.5,-155.0,-157.0,-157.0,-157.0,-156.5,-156.5,-150.0,-155.0,-153.0,-153.5,-156.0,-155.5,-156.0,-157.0,-157.0,-157.0,-157.0,-157.0,-150.5,-152.0,-156.5,-157.0,-157.0,-155.5,-157.0,-157.0,-155.0,-151.5,-152.5,-157.0,-156.5,-153.0,-155.0,-153.0,-157.0,-154.5,-154.5,-151.0,-157.0,-154.0,-154.5,-157.0,-155.0,-157.0,-151.0,-151.5,-155.0,-156.5,-155.5,-157.0,-157.0,-154.5,-151.0,-157.0,-157.0,-157.0,-157.0,-157.0,-153.0,-155.0,-154.5,-157.0,-157.0,-156.5,-157.0,-157.0,-157.0,-157.0,-157.0,-153.0,-151.5,-151.0,-151.5,-155.0,-157.0,-157.0,-155.5,-151.0,-153.0,-153.0,-152.0,-157.0,-154.0,-151.5,-154.0,-153.5,-156.0,-157.0,-157.0,-155.0,-156.0,-157.0,-157.0,-157.0,-157.0,-157.0,-154.5,-155.0,-155.0,-156.5,-156.5,-156.0,-157.0,-157.0,-151.0,-157.0,-155.0,-155.0,-157.0,-154.5,-155.0,-149.0,-151.0,-151.0,-157.0,-157.0,-157.0,-156.0,-157.0,-153.5,-156.5,-157.0,-155.0,-157.0,-154.0,-154.5,-157.0,-157.0,-155.5,-157.0,-157.0,-157.0,-157.0,-155.0,-151.0,-156.5,-157.0,-153.0,-153.0,-157.0,-155.0,-155.0,-151.5,-148.5,-153.5,-153.5,-157.0,-154.0,-153.0,-157.0,-156.5,-154.0,-157.0,-157.0,-157.0,-157.0,-155.0,-157.0,-157.0,-157.0,-157.0,-155.0,-157.0,-157.0,-153.5,-157.0,-157.0,-152.0,-155.0,-157.0,-155.5,-157.0,-154.5,-155.0,-157.0,-155.5,-157.0,-156.5,-157.0,-156.5,-157.0,-157.0,-156.5,-157.0,-157.0,-156.0,-157.0,-157.0,-157.0,-157.0,-152.5,-157.0,-152.5,-153.5,-156.5,-156.5,-157.0,-155.5,-157.0,-157.0,-157.0,-152.5,-154.5,-156.5,-148.5,-148.5,-150.5,-152.0,-157.0,-156.0,-155.5,-152.5,-156.0,-157.0,-157.0,-157.0,-157.0,-157.0,-152.5,-156.0,-153.0,-157.0,-157.0,-154.5,-155.0,-157.0,-154.5,-156.5,-156.0,-153.0,-153.0,-151.0,-156.5,-155.5,-157.0,-157.0,-148.0,-146.5,-149.5,-157.0,-157.0,-157.0,-157.0,-157.0,-157.0,-153.0,-156.0,-155.5,-157.0,-157.0,-150.0,-150.0,-157.0,-153.5,-150.5,-154.5,-157.0,-156.5,-151.5,-156.0,-154.5,-154.0,-151.0,-150.5,-157.0,-157.0,-157.0,-155.0,-154.5,-157.0,-153.5,-156.0,-157.0,-157.0,-154.0,-153.0,-157.0,-157.0,-157.0,-157.0,-157.0,-157.0,-153.0,-157.0,-157.0,-157.0,-157.0,-155.5,-157.0,-157.0,-157.0,-157.0,-151.5,-150.5,-151.5,-157.0,-155.5,-155.0,-157.0,-157.0,-157.0,-157.0,-155.0,-156.0,-152.0,-154.0,-157.0,-157.0,-153.5,-155.5,-157.0,-157.0,-154.0,-157.0,-157.0,-157.0,-154.5,-157.0,-155.0,-156.0,-156.0,-153.5,-151.5,-157.0,-157.0,-152.0,-153.5,-157.0,-157.0,-155.0,-153.0,-157.0,-156.5,-156.5,-153.5,-152.0,-152.5,-156.5,-155.0,-152.0,-157.0,-157.0,-157.0,-152.5,-157.0,-157.0,-153.5,-157.0,-155.0,-156.5,-157.0,-151.5,-152.5,-157.0,-157.0,-153.5,-151.5,-156.5,-157.0,-157.0,-157.0,-157.0,-154.5,-155.0,-157.0,-157.0,-157.0,-157.0,-154.0,-154.5,-157.0,-155.0,-157.0,-154.0,-151.5,-154.5,-152.5,-154.5,-153.0,-157.0,-157.0,-157.0,-157.0,-151.0,-150.0,-152.5,-154.5,-157.0,-157.0,-157.0,-157.0,-156.5,-157.0,-153.0,-155.5,-157.0,-157.0,-157.0,-157.0,-157.0,-152.0,-152.5,-154.0,-157.0,-157.0,-156.5,-157.0,-157.0,-157.0,-157.0,-157.0,-157.0,-157.0,-153.5,-157.0,-157.0,-157.0,-157.0,-157.0,-154.5,-157.0,-156.0,-151.0,-151.0,-154.0,-150.0,-154.0,-157.0,-157.0,-157.0,-153.5,-157.0,-157.0,-157.0,-157.0,-157.0,-156.5,-155.0,-156.0,-154.0,-157.0,-155.5,-157.0,-157.0,-155.0,-150.0,-156.5,-157.0,-157.0,-157.0,-157.0,-157.0,-157.0,-156.0,-157.0,-157.0,-157.0,-152.0,-154.0,-157.0,-157.0,-154.0,-152.0,-157.0,-156.0,-154.5,-156.5,-157.0,-151.5
2026-01-17 14:24:13.546,143.049967,5,-77,-157.0,-157.0,-152.0,-154.0,-156.0,-152.0,-157.0,-157.0,-157.0,-157.0,-154.0,-157.0,-150.5,-153.5,-155.5,-157.0,-156.5,-153.5,-154.0,-157.0,-157.0,-157.0,-157.0,-157.0,-156.5,-156.5,-157.0,-157.0,-157.0,-152.0,-151.0,-153.0,-156.5,-150.5,-153.5,-157.0,-152.5,-150.0,-154.0,-150.5,-157.0,-153.0,-153.0,-153.5,-154.5,-152.0,-152.0,-157.0,-157.0,-156.5,-151.5,-157.0,-155.5,-157.0,-157.0,-157.0,-157.0,-150.0,-149.0,-157.0,-157.0,-157.0,-157.0,-157.0,-157.0,-157.0,-155.5,-156.0,-157.0,-157.0,-156.5,-156.5,-157.0,-155.0,-155.0,-149.5,-150.0,-152.5,-154.5,-151.5,-157.0,-157.0,-157.0,-149.5,-151.5,-151.5,-151.0,-157.0,-155.5,-151.0,-154.5,-154.0,-154.5,-157.0,-157.0,-157.0,-155.0,-157.0,-157.0,-157.0,-157.0,-157.0,-152.5,-153.0,-157.0,-154.0,-154.5,-153.0,-156.5,-151.5,-150.0,-157.0,-153.5,-157.0,-154.0,-157.0,-157.0,-154.0,-148.5,-148.0,-154.5,-157.0,-157.0,-157.0,-157.0,-157.0,-157.0,-156.0,-154.0,-157.0,-154.0,-154.0,-157.0,-157.0,-156.5,-157.0,-157.0,-157.0,-157.0,-157.0,-148.5,-148.5,-155.5,-154.5,-153.5,-157.0,-152.0,-152.5,-153.0,-148.0,-157.0,-157.0,-157.0,-152.5,-154.0,-157.0,-157.0,-153.5,-157.0,-157.0,-157.0,-156.5,-154.5,-151.0,-153.0,-156.0,-157.0,-153.5,-157.0,-157.0,-154.5,-157.0,-157.0,-154.0,-157.0,-157.0,-156.5,-157.0,-153.5,-157.0,-157.0,-155.0,-157.0,-155.5,-157.0,-157.0,-157.0,-157.0,-155.5,-156.5,-157.0,-152.5,-152.5,-157.0,-157.0,-157.0,-152.0,-155.5,-153.5,-153.0,-154.0,-152.0,-151.0,-152.0,-154.0,-155.0,-157.0,-152.0,-157.0,-157.0,-152.0,-148.0,-148.0,-157.0,-156.5,-157.0,-156.0,-153.5,-157.0,-157.0,-157.0,-157.0,-157.0,-157.0,-150.5,-154.0,-156.5,-155.5,-155.5,-157.0,-157.0,-157.0,-157.0,-157.0,-156.5,-156.5,-157.0,-150.0,-154.0,-157.0,-157.0,-152.5,-146.5,-147.5,-154.0,-157.0,-157.0,-157.0,-157.0,-157.0,-154.0,-152.5,-157.0,-154.0,-157.0,-157.0,-152.5,-157.0,-157.0,-151.0,-149.0,-153.0,-157.0,-157.0,-152.5,-156.0,-154.5,-154.5,-151.0,-155.5,-157.0,-157.0,-156.0,-155.0,-157.0,-157.0,-156.5,-157.0,-157.0,-157.0,-154.5,-157.0,-155.0,-156.0,-157.0,-157.0,-157.0,-155.0,-152.0,-156.0,-154.5,-157.0,-157.0,-155.5,-157.0,-157.0,-157.0,-154.0,-147.5,-147.5,-150.5,-156.0,-156.0,-156.5,-155.0,-157.0,-157.0,-157.0,-157.0,-152.0,-150.5,-157.0,-157.0,-157.0,-155.0,-154.5,-157.0,-156.0,-153.5,-156.5,-157.0,-154.0,-151.0,-157.0,-157.0,-157.0,-154.5,-154.0,-157.0,-157.0,-154.0,-150.0,-151.5,-157.0,-157.0,-154.0,-154.5,-157.0,-157.0,-157.0,-156.0,-153.0,-156.0,-157.0,-153.0,-150.0,-154.5,-157.0,-155.5,-153.0,-156.0,-155.5,-155.0,-157.0,-157.0,-154.5,-157.0,-153.0,-155.5,-157.0,-157.0,-156.5,-154.0,-157.0,-156.5,-157.0,-157.0,-157.0,-157.0,-157.0,-157.0,-156.5,-157.0,-157.0,-152.0,-153.0,-157.0,-157.0,-157.0,-152.0,-151.5,-157.0,-155.0,-154.0,-152.0,-154.0,-157.0,-157.0,-157.0,-155.0,-153.5,-153.5,-151.0,-156.0,-156.5,-155.5,-154.5,-153.5,-157.0,-151.5,-156.5,-157.0,-156.0,-151.5,-151.0,-156.5,-154.5,-156.5,-156.0,-157.0,-154.5,-156.0,-154.0,-153.0,-153.5,-155.0,-155.0,-157.0,-157.0,-155.0,-157.0,-157.0,-157.0,-157.0,-157.0,-156.5,-157.0,-157.0,-152.0,-151.0,-152.0,-151.0,-156.0,-157.0,-157.0,-157.0,-150.5,-151.0,-156.0,-157.0,-157.0,-155.5,-155.0,-156.0,-153.0,-152.5,-157.0,-154.0,-157.0,-157.0,-157.0,-152.0,-155.5,-155.5,-157.0,-157.0,-157.0,-157.0,-153.5,-155.0,-157.0,-157.0,-157.0,-152.5,-153.5,-153.0,-157.0,-154.0,-151.0,-157.0,-157.0,-153.5,-152.0,-153.5,-151.5
2026-01-17 14:24:13.583,143.049967,5,-77,-157.0,-157.0,-155.5,-157.0,-153.0,-150.0,-153.0,-157.0,-157.0,-156.0,-152.0,-151.0,-150.5,-156.0,-157.0,-157.0,-157.0,-157.0,-155.5,-157.0,-155.0,-155.0,-157.0,-157.0,-157.0,-157.0,-157.0,-157.0,-154.5,-151.5,-151.0,-152.0,-157.0,-152.5,-154.5,-157.0,-155.5,-153.0,-157.0,-150.5,-153.0,-157.0,-155.5,-157.0,-155.0,-150.5,-153.5,-157.0,-157.0,-157.0,-151.0,-154.0,-155.5,-157.0,-156.0,-157.0,-157.0,-152.0,-154.5,-152.5,-152.5,-157.0,-157.0,-157.0,-157.0,-157.0,-157.0,-157.0,-157.0,-154.5,-153.5,-157.0,-157.0,-154.5,-157.0,-152.0,-153.5,-157.0,-154.0,-151.0,-155.0,-157.0,-155.5,-152.0,-156.0,-157.0,-154.5,-155.0,-153.0,-152.0,-157.0,-157.0,-157.0,-157.0,-157.0,-156.0,-152.5,-157.0,-157.0,-157.0,-157.0,-157.0,-156.0,-154.0,-157.0,-155.5,-157.0,-153.5,-157.0,-154.5,-152.5,-152.5,-152.0,-156.0,-156.5,-156.0,-157.0,-157.0,-151.5,-152.0,-154.0,-157.0,-157.0,-157.0,-157.0,-157.0,-157.0,-157.0,-155.5,-157.0,-157.0,-154.5,-157.0,-157.0,-157.0,-157.0,-155.5,-155.5,-154.5,-155.5,-152.0,-149.5,-155.0,-157.0,-157.0,-157.0,-153.5,-153.5,-157.0,-152.0,-157.0,-157.0,-155.5,-152.5,-156.0,-157.0,-154.0,-152.5,-156.5,-155.5,-157.0,-155.0,-157.0,-149.0,-149.0,-154.0,-154.5,-152.5,-157.0,-157.0,-155.5,-154.0,-157.0,-155.0,-157.0,-157.0,-157.0,-157.0,-153.0,-157.0,-157.0,-157.0,-157.0,-155.0,-155.0,-157.0,-157.0,-157.0,-156.5,-154.5,-157.0,-154.0,-153.0,-157.0,-156.5,-157.0,-153.0,-157.0,-152.0,-152.0,-152.5,-153.0,-149.0,-151.0,-156.0,-155.0,-157.0,-157.0,-157.0,-157.0,-157.0,-155.5,-151.5,-157.0,-157.0,-157.0,-157.0,-156.5,-157.0,-157.0,-157.0,-157.0,-157.0,-157.0,-149.5,-149.0,-157.0,-153.5,-157.0,-157.0,-154.5,-155.0,-157.0,-157.0,-157.0,-157.0,-157.0,-151.5,-157.0,-157.0,-157.0,-151.5,-146.0,-147.5,-156.0,-157.0,-157.0,-157.0,-157.0,-157.0,-153.0,-155.5,-157.0,-153.5,-155.0,-157.0,-155.5,-157.0,-157.0,-154.5,-152.5,-152.5,-157.0,-157.0,-152.5,-153.5,-155.0,-157.0,-152.5,-157.0,-154.0,-157.0,-157.0,-157.0,-157.0,-157.0,-157.0,-157.0,-157.0,-157.0,-157.0,-157.0,-155.0,-155.5,-156.5,-155.0,-157.0,-156.5,-153.0,-155.0,-151.5,-151.5,-157.0,-157.0,-157.0,-157.0,-157.0,-157.0,-151.5,-151.0,-153.0,-151.5,-157.0,-156.0,-156.0,-157.0,-157.0,-157.0,-157.0,-151.5,-153.0,-157.0,-156.5,-155.0,-157.0,-157.0,-157.0,-157.0,-157.0,-155.5,-157.0,-154.5,-152.0,-157.0,-157.0,-157.0,-155.5,-155.0,-157.0,-157.0,-155.5,-154.5,-156.0,-155.5,-154.5,-153.5,-157.0,-157.0,-157.0,-157.0,-151.5,-151.5,-157.0,-157.0,-152.0,-151.0,-152.5,-155.5,-157.0,-157.0,-153.5,-156.5,-157.0,-157.0,-155.5,-155.5,-154.0,-154.0,-157.0,-157.0,-157.0,-154.5,-154.5,-156.5,-155.0,-157.0,-157.0,-157.0,-157.0,-157.0,-155.5,-157.0,-154.0,-157.0,-151.5,-150.5,-155.5,-157.0,-157.0,-151.0,-153.0,-157.0,-153.0,-154.0,-156.5,-152.5,-151.5,-157.0,-155.0,-156.5,-155.5,-155.5,-150.0,-152.0,-157.0,-157.0,-157.0,-157.0,-155.0,-152.5,-154.5,-157.0,-153.5,-147.0,-147.5,-157.0,-156.0,-155.5,-156.0,-157.0,-157.0,-157.0,-154.0,-154.5,-157.0,-153.0,-153.0,-156.0,-150.5,-151.0,-157.0,-157.0,-154.5,-157.0,-157.0,-157.0,-157.0,-157.0,-157.0,-157.0,-154.0,-154.5,-157.0,-157.0,-157.0,-155.0,-154.0,-154.5,-156.5,-157.0,-157.0,-155.0,-157.0,-153.0,-154.0,-155.5,-153.5,-153.0,-157.0,-157.0,-157.0,-153.5,-156.0,-157.0,-157.0,-157.0,-154.5,-157.0,-153.5,-157.0,-155.0,-157.0,-155.0,-151.5,-153.0,-153.5,-155.0,-153.0,-153.5,-157.0,-157.0,-157.0,-152.0,-153.0,-157.0
2026-01-17 14:24:13.621,143.049967,5,-77,-157.0,-157.0,-156.5,-157.0,-154.0,-152.5,-153.0,-157.0,-155.0,-153.5,-151.0,-150.0,-154.0,-156.5,-156.5,-157.0,-157.0,-157.0,-157.0,-154.5,-152.5,-152.5,-157.0,-157.0,-157.0,-157.0,-157.0,-153.0,-151.0,-155.5,-156.0,-155.5,-157.0,-157.0,-157.0,-153.5,-155.5,-157.0,-155.0,-151.5,-153.0,-156.0,-154.5,-157.0,-157.0,-151.5,-155.5,-157.0,-154.5,-157.0,-152.5,-151.0,-154.5,-157.0,-157.0,-157.0,-157.0,-155.0,-157.0,-154.5,-157.0,-157.0,-156.0,-154.5,-157.0,-157.0,-157.0,-157.0,-153.5,-151.5,-156.0,-157.0,-157.0,-155.5,-155.0,-155.0,-155.5,-153.5,-153.5,-152.5,-152.0,-155.0,-157.0,-154.0,-157.0,-157.0,-157.0,-152.0,-150.5,-155.0,-157.0,-157.0,-157.0,-157.0,-157.0,-153.0,-150.5,-157.0,-157.0,-157.0,-157.0,-157.0,-155.5,-153.0,-157.0,-156.5,-154.5,-152.5,-157.0,-157.0,-151.5,-150.0,-157.0,-155.0,-153.0,-152.0,-157.0,-157.0,-154.0,-155.0,-155.5,-157.0,-157.0,-157.0,-157.0,-157.0,-157.0,-157.0,-156.0,-156.0,-156.0,-152.5,-157.0,-157.0,-157.0,-157.0,-155.5,-155.5,-157.0,-156.0,-156.5,-155.0,-156.0,-157.0,-157.0,-157.0,-157.0,-157.0,-157.0,-157.0,-157.0,-155.5,-152.0,-152.0,-156.0,-154.0,-155.5,-153.0,-153.5,-153.5,-157.0,-156.5,-154.0,-154.0,-152.5,-157.0,-154.5,-154.5,-157.0,-157.0,-156.5,-152.5,-155.0,-157.0,-157.0,-157.0,-157.0,-157.0,-154.0,-155.0,-157.0,-157.0,-157.0,-157.0,-152.0,-153.0,-157.0,-157.0,-157.0,-156.0,-157.0,-157.0,-157.0,-154.0,-154.5,-152.0,-152.0,-157.0,-151.0,-150.5,-156.0,-154.0,-153.5,-157.0,-157.0,-157.0,-157.0,-157.0,-157.0,-157.0,-157.0,-157.0,-154.5,-157.0,-157.0,-157.0,-157.0,-157.0,-157.0,-157.0,-157.0,-157.0,-157.0,-157.0,-151.5,-148.5,-153.0,-153.0,-157.0,-157.0,-154.5,-152.0,-157.0,-157.0,-157.0,-157.0,-157.0,-151.0,-157.0,-157.0,-157.0,-157.0,-147.0,-148.5,-157.0,-157.0,-154.5,-155.5,-157.0,-157.0,-154.0,-154.0,-155.5,-157.0,-157.0,-157.0,-154.5,-156.0,-157.0,-157.0,-155.5,-153.5,-157.0,-156.0,-152.5,-156.5,-152.0,-157.0,-153.5,-157.0,-153.5,-157.0,-157.0,-157.0,-157.0,-157.0,-155.0,-153.0,-157.0,-157.0,-157.0,-157.0,-157.0,-157.0,-157.0,-154.0,-155.5,-157.0,-153.0,-153.0,-154.0,-152.0,-156.0,-157.0,-156.5,-157.0,-157.0,-157.0,-157.0,-155.0,-157.0,-153.0,-154.5,-154.5,-154.0,-157.0,-157.0,-157.0,-157.0,-153.5,-157.0,-155.5,-154.0,-154.5,-154.5,-157.0,-157.0,-156.0,-154.5,-156.5,-157.0,-157.0,-157.0,-157.0,-157.0,-155.5,-154.0,-156.5,-154.5,-153.0,-151.0,-153.5,-157.0,-154.5,-152.5,-157.0,-157.0,-157.0,-157.0,-156.0,-150.5,-155.5,-157.0,-157.0,-153.5,-154.5,-151.0,-156.0,-157.0,-157.0,-157.0,-157.0,-157.0,-157.0,-157.0,-157.0,-155.0,-154.0,-153.5,-154.5,-157.0,-157.0,-157.0,-154.5,-157.0,-155.5,-155.0,-154.5,-157.0,-156.0,-157.0,-157.0,-150.5,-150.5,-155.0,-153.5,-157.0,-157.0,-157.0,-154.5,-155.5,-155.5,-153.0,-154.5,-157.0,-157.0,-152.5,-157.0,-156.0,-157.0,-154.5,-157.0,-152.5,-154.0,-157.0,-154.0,-157.0,-157.0,-156.0,-157.0,-156.0,-157.0,-157.0,-150.5,-150.0,-156.5,-155.5,-157.0,-157.0,-157.0,-156.0,-153.5,-154.0,-157.0,-157.0,-157.0,-157.0,-156.5,-148.0,-149.0,-157.0,-157.0,-152.0,-151.5,-154.5,-157.0,-155.5,-157.0,-157.0,-157.0,-156.5,-157.0,-157.0,-157.0,-157.0,-155.0,-157.0,-157.0,-157.0,-157.0,-157.0,-153.0,-154.0,-152.5,-157.0,-157.0,-154.0,-157.0,-156.5,-155.5,-153.5,-152.5,-157.0,-157.0,-157.0,-153.5,-153.0,-157.0,-155.5,-155.5,-154.0,-157.0,-155.0,-153.0,-155.5,-157.0,-153.5,-154.5,-157.0,-157.0,-157.0,-157.0,-156.5,-157.0,-157.0
2026-01-17 14:24:13.643,143.049967,5,-77,-157.0,-157.0,-152.5,-153.5,-157.0,-156.0,-157.0,-157.0,-157.0,-153.0,-152.5,-153.5,-154.5,-157.0,-154.0,-157.0,-157.0,-157.0,-157.0,-153.5,-155.0,-152.5,-157.0,-157.0,-157.0,-157.0,-157.0,-152.0,-149.0,-155.0,-156.5,-157.0,-157.0,-157.0,-155.0,-153.0,-153.5,-156.0,-154.5,-155.0,-157.0,-154.5,-155.0,-156.0,-157.0,-155.0,-153.0,-157.0,-154.0,-155.5,-155.5,-156.5,-157.0,-157.0,-157.0,-157.0,-157.0,-157.0,-154.0,-157.0,-157.0,-157.0,-155.0,-155.5,-157.0,-157.0,-154.0,-153.0,-154.0,-152.5,-156.5,-157.0,-157.0,-157.0,-156.0,-157.0,-157.0,-156.5,-157.0,-157.0,-157.0,-155.5,-157.0,-156.0,-157.0,-154.5,-157.0,-154.5,-152.0,-157.0,-157.0,-157.0,-157.0,-157.0,-157.0,-154.5,-154.0,-157.0,-157.0,-157.0,-157.0,-155.0,-154.5,-151.5,-151.0,-157.0,-157.0,-154.0,-157.0,-157.0,-151.0,-149.5,-157.0,-155.5,-155.5,-152.5,-157.0,-157.0,-154.5,-152.5,-157.0,-155.0,-157.0,-157.0,-157.0,-157.0,-157.0,-157.0,-156.0,-153.0,-150.5,-150.0,-157.0,-157.0,-155.5,-155.5,-154.5,-157.0,-157.0,-155.0,-153.5,-156.0,-157.0,-157.0,-157.0,-157.0,-157.0,-155.0,-157.0,-157.0,-157.0,-155.0,-155.0,-157.0,-157.0,-154.5,-157.0,-151.0,-152.5,-157.0,-156.0,-157.0,-155.5,-157.0,-155.0,-157.0,-153.0,-156.0,-157.0,-157.0,-157.0,-155.0,-157.0,-157.0,-157.0,-157.0,-157.0,-157.0,-157.0,-157.0,-157.0,-157.0,-157.0,-157.0,-153.0,-157.0,-157.0,-157.0,-157.0,-156.5,-157.0,-156.5,-157.0,-155.5,-156.0,-152.5,-154.0,-156.5,-157.0,-155.0,-155.5,-156.5,-157.0,-157.0,-157.0,-157.0,-157.0,-157.0,-157.0,-157.0,-157.0,-157.0,-156.5,-157.0,-157.0,-156.0,-157.0,-154.5,-154.0,-157.0,-157.0,-157.0,-157.0,-156.0,-151.0,-152.0,-154.5,-157.0,-157.0,-157.0,-157.0,-153.5,-157.0,-157.0,-154.5,-157.0,-157.0,-151.5,-157.0,-157.0,-157.0,-154.5,-145.5,-146.5,-157.0,-156.5,-153.5,-157.0,-157.0,-157.0,-154.0,-152.5,-156.5,-157.0,-157.0,-154.0,-154.0,-156.5,-157.0,-157.0,-156.0,-156.5,-156.5,-156.5,-156.5,-157.0,-148.5,-150.5,-153.5,-157.0,-157.0,-157.0,-157.0,-157.0,-157.0,-157.0,-149.0,-149.5,-157.0,-157.0,-157.0,-155.5,-157.0,-157.0,-157.0,-157.0,-153.5,-155.5,-155.5,-155.5,-157.0,-157.0,-157.0,-157.0,-155.0,-157.0,-155.0,-156.0,-155.0,-156.0,-154.5,-154.0,-157.0,-155.0,-153.5,-156.0,-157.0,-154.5,-155.0,-151.5,-157.0,-157.0,-154.5,-156.0,-157.0,-157.0,-157.0,-154.0,-153.5,-157.0,-157.0,-157.0,-157.0,-157.0,-157.0,-154.0,-153.5,-157.0,-157.0,-153.0,-150.0,-151.5,-156.0,-157.0,-156.0,-157.0,-157.0,-157.0,-157.0,-157.0,-152.5,-157.0,-157.0,-153.5,-152.5,-154.5,-151.5,-153.5,-157.0,-157.0,-157.0,-157.0,-157.0,-155.0,-157.0,-157.0,-157.0,-157.0,-155.5,-157.0,-157.0,-157.0,-157.0,-155.5,-156.0,-156.0,-157.0,-157.0,-157.0,-157.0,-157.0,-157.0,-152.5,-149.5,-152.0,-157.0,-157.0,-157.0,-157.0,-157.0,-157.0,-157.0,-157.0,-157.0,-156.5,-157.0,-153.0,-154.5,-157.0,-157.0,-157.0,-157.0,-157.0,-157.0,-155.5,-156.5,-157.0,-157.0,-157.0,-157.0,-155.5,-157.0,-157.0,-157.0,-157.0,-157.0,-157.0,-157.0,-157.0,-157.0,-152.0,-154.0,-157.0,-157.0,-154.0,-157.0,-157.0,-157.0,-151.0,-153.0,-157.0,-157.0,-155.5,-151.0,-156.0,-153.0,-153.0,-155.5,-152.5,-153.5,-156.5,-157.0,-157.0,-157.0,-157.0,-155.5,-157.0,-153.5,-155.0,-157.0,-157.0,-154.0,-154.0,-155.0,-154.0,-157.0,-154.0,-157.0,-157.0,-155.0,-157.0,-155.5,-156.0,-157.0,-157.0,-151.5,-154.0,-157.0,-157.0,-157.0,-156.5,-156.0,-154.0,-157.0,-154.5,-157.0,-156.0,-157.0,-157.0,-157.0,-156.5,-157.0,-156.0,-157.0,-157.0
2026-01-17 14:24:13.678,143.049967,5,-77,-157.0,-157.0,-153.0,-151.5,-157.0,-157.0,-155.0,-157.0,-157.0,-156.5,-157.0,-157.0,-152.0,-153.0,-156.5,-157.0,-157.0,-157.0,-157.0,-150.5,-149.5,-150.5,-157.0,-157.0,-154.5,-152.5,-153.0,-155.0,-151.0,-155.0,-155.5,-155.0,-157.0,-157.0,-153.5,-157.0,-152.5,-153.5,-157.0,-155.5,-157.0,-155.0,-157.0,-157.0,-157.0,-156.5,-151.0,-157.0,-157.0,-157.0,-157.0,-157.0,-157.0,-157.0,-157.0,-157.0,-157.0,-157.0,-152.0,-155.0,-157.0,-157.0,-157.0,-157.0,-157.0,-157.0,-151.5,-150.5,-156.5,-157.0,-157.0,-157.0,-157.0,-157.0,-157.0,-156.5,-157.0,-157.0,-156.0,-156.0,-155.0,-152.0,-155.0,-157.0,-157.0,-152.5,-154.0,-157.0,-155.0,-157.0,-157.0,-157.0,-157.0,-157.0,-157.0,-153.5,-157.0,-155.0,-157.0,-157.0,-157.0,-157.0,-157.0,-156.0,-153.0,-155.5,-156.0,-156.5,-157.0,-157.0,-156.5,-152.0,-155.0,-157.0,-157.0,-154.5,-156.5,-154.5,-155.0,-156.0,-157.0,-152.0,-155.5,-154.5,-156.5,-157.0,-157.0,-157.0,-157.0,-152.5,-152.5,-153.0,-157.0,-157.0,-153.5,-153.5,-154.0,-155.0,-154.5,-155.5,-154.5,-155.0,-157.0,-157.0,-157.0,-157.0,-157.0,-153.5,-156.0,-156.5,-155.0,-155.5,-153.5,-155.0,-157.0,-155.5,-157.0,-153.5,-154.5,-157.0,-157.0,-157.0,-155.0,-157.0,-157.0,-155.5,-153.0,-157.0,-156.5,-157.0,-157.0,-157.0,-157.0,-157.0,-157.0,-154.5,-157.0,-157.0,-157.0,-157.0,-157.0,-156.0,-157.0,-157.0,-153.5,-157.0,-157.0,-157.0,-157.0,-152.5,-152.5,-155.5,-157.0,-157.0,-157.0,-155.5,-157.0,-157.0,-157.0,-157.0,-155.0,-153.5,-157.0,-157.0,-157.0,-156.0,-157.0,-157.0,-156.0,-157.0,-157.0,-157.0,-157.0,-157.0,-155.0,-156.0,-157.0,-151.0,-150.5,-157.0,-157.0,-154.0,-154.5,-156.0,-152.0,-157.0,-153.5,-154.0,-157.0,-157.0,-157.0,-156.0,-154.5,-155.0,-154.0,-157.0,-157.0,-154.5,-155.0,-156.0,-157.0,-156.0,-146.0,-146.0,-157.0,-157.0,-154.5,-157.0,-157.0,-155.5,-152.5,-152.5,-157.0,-157.0,-157.0,-155.5,-153.0,-155.0,-157.0,-157.0,-157.0,-153.0,-152.0,-157.0,-157.0,-155.5,-149.5,-151.5,-150.5,-157.0,-157.0,-157.0,-157.0,-157.0,-157.0,-153.5,-150.0,-150.5,-157.0,-157.0,-157.0,-152.5,-157.0,-157.0,-157.0,-157.0,-156.0,-157.0,-157.0,-157.0,-157.0,-157.0,-157.0,-157.0,-155.0,-157.0,-150.0,-150.5,-154.0,-153.0,-152.0,-155.5,-156.0,-157.0,-157.0,-157.0,-157.0,-152.5,-154.0,-149.5,-153.5,-157.0,-156.5,-157.0,-157.0,-157.0,-157.0,-155.5,-157.0,-157.0,-156.0,-157.0,-157.0,-157.0,-157.0,-156.5,-157.0,-157.0,-157.0,-156.0,-155.0,-152.5,-151.5,-157.0,-157.0,-157.0,-155.5,-157.0,-157.0,-157.0,-155.0,-157.0,-157.0,-156.5,-154.5,-157.0,-157.0,-157.0,-157.0,-157.0,-157.0,-156.5,-155.0,-154.0,-157.0,-157.0,-157.0,-157.0,-157.0,-157.0,-157.0,-157.0,-157.0,-155.5,-155.5,-157.0,-157.0,-157.0,-157.0,-157.0,-155.5,-156.5,-157.0,-151.5,-151.0,-157.0,-157.0,-157.0,-157.0,-157.0,-157.0,-157.0,-157.0,-156.0,-152.0,-153.5,-155.5,-155.0,-157.0,-157.0,-155.5,-155.5,-157.0,-157.0,-157.0,-157.0,-154.5,-157.0,-157.0,-157.0,-155.5,-155.5,-157.0,-157.0,-157.0,-157.0,-157.0,-157.0,-157.0,-157.0,-153.0,-155.0,-157.0,-155.0,-152.5,-154.0,-157.0,-157.0,-156.0,-157.0,-157.0,-157.0,-154.5,-152.5,-156.5,-155.0,-154.5,-155.0,-152.5,-152.5,-157.0,-157.0,-157.0,-156.0,-157.0,-157.0,-156.5,-151.0,-156.5,-155.0,-155.0,-157.0,-156.5,-153.0,-152.0,-152.5,-155.0,-157.0,-157.0,-155.0,-157.0,-157.0,-157.0,-157.0,-157.0,-153.5,-157.0,-156.0,-157.0,-157.0,-157.0,-157.0,-155.5,-157.0,-156.5,-157.0,-157.0,-157.0,-156.0,-153.0,-154.0,-153.5,-154.5,-157.0,-157.0
2026-01-17 14:24:13.723,143.049967,5,-77,-157.0,-157.0,-156.0,-151.5,-156.5,-157.0,-153.0,-157.0,-157.0,-157.0,-157.0,-157.0,-154.0,-155.5,-157.0,-157.0,-157.0,-156.0,-155.0,-152.0,-150.5,-152.5,-157.0,-157.0,-154.5,-152.0,-152.5,-155.0,-154.5,-157.0,-156.5,-153.5,-157.0,-157.0,-152.5,-154.5,-156.0,-156.5,-157.0,-155.0,-153.0,-157.0,-157.0,-157.0,-157.0,-154.5,-151.0,-155.5,-157.0,-157.0,-157.0,-157.0,-157.0,-157.0,-157.0,-157.0,-157.0,-157.0,-155.0,-154.0,-157.0,-157.0,-157.0,-157.0,-157.0,-157.0,-155.5,-154.0,-157.0,-157.0,-157.0,-157.0,-156.0,-154.5,-155.5,-152.5,-154.5,-152.5,-152.0,-154.5,-154.5,-152.0,-152.0,-153.5,-157.0,-155.5,-157.0,-153.0,-151.5,-157.0,-157.0,-153.0,-154.5,-157.0,-152.5,-150.5,-157.0,-157.0,-157.0,-157.0,-154.5,-155.0,-156.5,-156.0,-155.5,-154.5,-154.0,-157.0,-155.5,-153.0,-154.0,-154.5,-151.5,-156.0,-157.0,-157.0,-154.5,-152.5,-154.5,-157.0,-157.0,-153.5,-153.0,-153.0,-157.0,-157.0,-157.0,-157.0,-157.0,-150.5,-151.0,-153.5,-157.0,-156.0,-153.0,-153.0,-153.5,-154.0,-152.5,-156.5,-157.0,-157.0,-157.0,-153.5,-156.0,-157.0,-157.0,-155.5,-157.0,-157.0,-157.0,-154.0,-151.5,-151.0,-156.0,-157.0,-152.5,-154.0,-154.0,-157.0,-157.0,-157.0,-151.0,-155.0,-157.0,-157.0,-156.5,-157.0,-157.0,-156.0,-157.0,-157.0,-157.0,-157.0,-157.0,-154.0,-153.0,-157.0,-157.0,-157.0,-157.0,-155.5,-153.5,-156.0,-155.0,-157.0,-155.5,-153.0,-152.5,-151.0,-152.5,-157.0,-156.5,-157.0,-157.0,-157.0,-157.0,-155.0,-157.0,-154.0,-156.5,-149.0,-157.0,-157.0,-156.5,-157.0,-157.0,-157.0,-157.0,-157.0,-157.0,-154.0,-154.5,-157.0,-152.5,-157.0,-157.0,-157.0,-152.5,-157.0,-156.5,-154.0,-156.0,-156.5,-153.0,-157.0,-157.0,-152.0,-157.0,-154.0,-157.0,-157.0,-157.0,-154.0,-155.5,-157.0,-157.0,-157.0,-153.0,-154.5,-157.0,-157.0,-149.0,-150.0,-157.0,-157.0,-156.5,-157.0,-157.0,-150.5,-151.0,-151.5,-155.0,-154.0,-153.5,-156.0,-154.0,-156.5,-157.0,-157.0,-157.0,-152.5,-151.5,-156.5,-152.0,-149.5,-149.5,-156.5,-152.0,-156.5,-157.0,-157.0,-154.5,-152.0,-155.0,-151.0,-154.5,-154.0,-157.0,-157.0,-157.0,-153.0,-155.5,-154.5,-156.0,-157.0,-157.0,-157.0,-157.0,-157.0,-157.0,-157.0,-156.0,-157.0,-156.0,-155.0,-151.0,-152.0,-156.0,-150.5,-152.5,-154.5,-153.0,-157.0,-157.0,-157.0,-157.0,-154.5,-153.0,-152.5,-151.5,-154.5,-155.0,-157.0,-157.0,-157.0,-157.0,-157.0,-157.0,-153.5,-152.5,-157.0,-154.5,-157.0,-156.5,-157.0,-157.0,-157.0,-154.0,-154.0,-157.0,-152.5,-154.0,-157.0,-157.0,-157.0,-154.0,-156.0,-157.0,-157.0,-157.0,-157.0,-157.0,-157.0,-154.5,-155.5,-157.0,-157.0,-156.5,-157.0,-157.0,-153.5,-152.5,-154.5,-157.0,-157.0,-157.0,-157.0,-156.0,-153.5,-155.0,-153.0,-152.0,-157.0,-157.0,-157.0,-157.0,-157.0,-157.0,-157.0,-152.5,-157.0,-157.0,-152.5,-154.5,-157.0,-157.0,-157.0,-157.0,-157.0,-157.0,-157.0,-156.0,-154.0,-153.0,-157.0,-153.5,-157.0,-157.0,-157.0,-151.5,-153.0,-157.0,-157.0,-157.0,-154.5,-152.0,-155.0,-157.0,-157.0,-156.0,-155.0,-157.0,-157.0,-157.0,-157.0,-157.0,-156.5,-157.0,-157.0,-155.0,-155.0,-157.0,-155.5,-155.5,-155.0,-154.5,-157.0,-157.0,-157.0,-157.0,-157.0,-153.5,-153.5,-156.5,-157.0,-157.0,-157.0,-155.0,-157.0,-157.0,-157.0,-157.0,-154.0,-155.0,-157.0,-152.0,-152.0,-157.0,-151.0,-150.0,-155.0,-152.5,-153.0,-157.0,-152.5,-154.0,-152.5,-154.0,-157.0,-157.0,-157.0,-157.0,-157.0,-155.0,-155.0,-155.0,-156.0,-154.5,-156.0,-157.0,-157.0,-157.0,-156.5,-156.5,-157.0,-157.0,-157.0,-156.0,-156.5,-154.0,-153.0,-155.0,-157.0,-157.0
2026-01-17 14:24:13.743,143.049967,5,-77,-157.0,-157.0,-157.0,-153.0,-156.5,-157.0,-152.5,-157.0,-157.0,-157.0,-157.0,-157.0,-157.0,-157.0,-157.0,-157.0,-157.0,-157.0,-156.0,-154.0,-157.0,-154.5,-155.0,-157.0,-155.0,-155.0,-152.0,-151.5,-154.0,-157.0,-153.5,-156.5,-157.0,-157.0,-157.0,-156.0,-157.0,-157.0,-157.0,-155.0,-154.5,-157.0,-157.0,-156.5,-155.0,-157.0,-154.0,-157.0,-157.0,-157.0,-157.0,-157.0,-157.0,-157.0,-157.0,-156.5,-157.0,-157.0,-157.0,-152.0,-154.0,-157.0,-157.0,-156.5,-155.0,-157.0,-157.0,-157.0,-157.0,-157.0,-157.0,-157.0,-155.5,-151.5,-152.0,-151.0,-150.5,-151.0,-151.5,-157.0,-157.0,-157.0,-151.0,-152.0,-157.0,-157.0,-156.5,-149.0,-149.5,-157.0,-157.0,-152.0,-155.5,-157.0,-153.5,-151.5,-157.0,-157.0,-157.0,-157.0,-155.5,-157.0,-155.5,-152.0,-152.0,-153.0,-156.0,-157.0,-157.0,-153.5,-150.5,-150.5,-151.5,-151.5,-157.0,-157.0,-157.0,-157.0,-157.0,-156.0,-156.5,-157.0,-156.5,-155.0,-157.0,-157.0,-157.0,-156.0,-156.5,-150.0,-152.0,-150.5,-150.0,-154.5,-157.0,-153.5,-154.5,-157.0,-154.5,-157.0,-157.0,-156.5,-156.5,-150.0,-153.0,-157.0,-157.0,-157.0,-157.0,-157.0,-157.0,-155.5,-155.0,-153.0,-156.0,-157.0,-154.5,-154.0,-151.5,-155.0,-157.0,-154.5,-149.5,-153.5,-157.0,-157.0,-157.0,-157.0,-157.0,-155.0,-155.0,-153.5,-155.5,-155.5,-157.0,-157.0,-152.5,-157.0,-157.0,-157.0,-157.0,-157.0,-157.0,-157.0,-153.5,-153.0,-155.0,-153.0,-152.0,-151.0,-157.0,-157.0,-157.0,-157.0,-157.0,-157.0,-156.0,-155.0,-157.0,-152.0,-155.5,-149.0,-151.5,-157.0,-157.0,-157.0,-157.0,-154.5,-157.0,-157.0,-152.5,-152.0,-157.0,-157.0,-153.5,-155.5,-157.0,-157.0,-154.5,-157.0,-152.5,-157.0,-157.0,-155.0,-153.0,-157.0,-156.5,-155.0,-153.0,-154.0,-155.5,-157.0,-157.0,-152.0,-157.0,-157.0,-152.5,-156.5,-153.0,-154.5,-155.5,-157.0,-148.5,-153.0,-155.0,-157.0,-153.0,-152.5,-155.5,-149.5,-152.0,-153.5,-157.0,-151.5,-153.5,-157.0,-157.0,-157.0,-157.0,-157.0,-157.0,-157.0,-155.5,-157.0,-152.0,-151.5,-152.0,-157.0,-151.0,-151.0,-155.0,-157.0,-153.0,-151.0,-154.0,-150.0,-156.0,-157.0,-157.0,-157.0,-153.5,-154.5,-155.5,-152.5,-154.0,-157.0,-157.0,-157.0,-157.0,-153.5,-153.0,-157.0,-156.5,-157.0,-157.0,-154.0,-156.0,-157.0,-157.0,-153.0,-157.0,-157.0,-152.0,-157.0,-157.0,-157.0,-157.0,-157.0,-156.0,-157.0,-151.0,-150.5,-155.0,-157.0,-157.0,-157.0,-157.0,-157.0,-157.0,-149.5,-150.0,-154.0,-151.5,-153.0,-154.0,-157.0,-155.0,-154.0,-150.5,-154.0,-152.5,-151.0,-157.0,-157.0,-157.0,-157.0,-156.0,-157.0,-155.0,-157.0,-157.0,-153.0,-155.0,-157.0,-157.0,-152.5,-156.0,-155.5,-153.5,-152.0,-153.0,-155.5,-156.5,-157.0,-157.0,-157.0,-157.0,-157.0,-156.0,-153.0,-154.0,-152.5,-151.0,-157.0,-157.0,-157.0,-154.5,-154.5,-157.0,-157.0,-153.5,-153.0,-151.5,-151.5,-157.0,-157.0,-157.0,-157.0,-157.0,-157.0,-157.0,-155.5,-157.0,-156.0,-155.0,-151.0,-149.0,-157.0,-157.0,-155.5,-152.5,-155.0,-157.0,-157.0,-157.0,-153.5,-155.0,-157.0,-157.0,-157.0,-157.0,-157.0,-157.0,-157.0,-157.0,-157.0,-153.5,-154.0,-157.0,-157.0,-157.0,-157.0,-157.0,-152.0,-154.5,-157.0,-155.0,-157.0,-157.0,-155.0,-154.5,-155.5,-156.5,-157.0,-157.0,-157.0,-157.0,-157.0,-154.5,-153.5,-154.5,-157.0,-155.5,-154.5,-157.0,-155.0,-155.0,-157.0,-157.0,-151.5,-150.0,-153.5,-153.5,-157.0,-157.0,-157.0,-149.5,-149.5,-155.0,-157.0,-157.0,-157.0,-157.0,-157.0,-157.0,-156.5,-154.0,-157.0,-154.5,-155.5,-157.0,-156.0,-157.0,-155.0,-154.0,-152.0,-157.0,-154.0,-151.5,-155.0,-155.0,-154.0,-152.0,-154.0,-157.0
2026-01-17 14:24:13.776,143.049967,5,-77,-157.0,-157.0,-157.0,-154.5,-157.0,-157.0,-154.5,-155.0,-155.0,-157.0,-157.0,-157.0,-157.0,-157.0,-155.0,-153.5,-157.0,-157.0,-157.0,-155.5,-155.5,-152.0,-154.5,-157.0,-155.0,-156.0,-153.0,-155.5,-157.0,-157.0,-151.0,-153.0,-156.0,-156.5,-157.0,-157.0,-157.0,-157.0,-157.0,-153.0,-156.0,-157.0,-157.0,-157.0,-156.5,-157.0,-157.0,-157.0,-157.0,-157.0,-157.0,-157.0,-154.5,-153.0,-154.5,-155.0,-157.0,-157.0,-153.5,-154.0,-152.5,-157.0,-154.5,-156.0,-154.0,-154.0,-154.0,-157.0,-157.0,-157.0,-157.0,-157.0,-157.0,-154.5,-154.0,-150.0,-151.5,-153.5,-157.0,-157.0,-157.0,-157.0,-153.0,-155.5,-153.5,-153.5,-157.0,-154.0,-152.0,-157.0,-157.0,-155.5,-156.5,-157.0,-157.0,-156.5,-157.0,-155.0,-154.5,-157.0,-157.0,-157.0,-156.0,-156.5,-156.0,-154.5,-157.0,-157.0,-157.0,-156.0,-152.5,-152.5,-154.0,-152.0,-157.0,-157.0,-155.5,-157.0,-157.0,-155.0,-155.5,-157.0,-157.0,-157.0,-157.0,-157.0,-157.0,-157.0,-156.5,-154.5,-157.0,-154.5,-150.5,-157.0,-157.0,-157.0,-157.0,-157.0,-157.0,-157.0,-157.0,-156.5,-153.5,-149.5,-151.0,-157.0,-157.0,-157.0,-157.0,-152.5,-152.5,-154.5,-156.5,-156.0,-156.0,-157.0,-157.0,-157.0,-151.0,-151.0,-156.5,-150.0,-148.5,-154.5,-154.5,-154.0,-153.5,-157.0,-155.5,-154.5,-157.0,-151.5,-153.0,-154.0,-156.0,-154.5,-156.0,-157.0,-157.0,-157.0,-157.0,-157.0,-157.0,-157.0,-150.5,-149.5,-157.0,-156.5,-157.0,-150.5,-154.5,-156.0,-157.0,-157.0,-155.5,-157.0,-157.0,-157.0,-157.0,-154.0,-157.0,-152.0,-152.0,-156.0,-157.0,-157.0,-157.0,-152.5,-157.0,-155.5,-152.5,-153.5,-157.0,-155.0,-156.0,-154.0,-155.5,-157.0,-152.5,-152.5,-151.5,-157.0,-157.0,-157.0,-154.5,-154.0,-153.5,-153.0,-153.0,-157.0,-156.5,-157.0,-157.0,-153.0,-153.0,-154.5,-150.5,-157.0,-157.0,-151.5,-152.5,-157.0,-146.5,-148.0,-153.5,-156.0,-149.5,-149.5,-157.0,-152.5,-152.0,-157.0,-157.0,-155.5,-153.5,-156.5,-156.5,-157.0,-157.0,-157.0,-157.0,-157.0,-157.0,-157.0,-155.5,-156.0,-153.5,-155.0,-152.5,-155.0,-155.0,-157.0,-156.5,-157.0,-153.5,-154.5,-157.0,-157.0,-157.0,-157.0,-150.5,-151.5,-150.0,-150.0,-157.0,-157.0,-155.5,-157.0,-157.0,-150.0,-153.0,-156.0,-157.0,-154.5,-157.0,-154.0,-154.5,-157.0,-157.0,-157.0,-157.0,-157.0,-152.5,-157.0,-154.0,-153.0,-157.0,-156.5,-157.0,-157.0,-156.5,-153.5,-154.5,-157.0,-157.0,-157.0,-156.0,-157.0,-156.0,-152.5,-154.0,-151.0,-150.5,-150.0,-154.5,-156.0,-153.0,-154.0,-150.0,-157.0,-156.0,-153.5,-157.0,-157.0,-152.5,-156.0,-152.5,-155.0,-155.5,-157.0,-157.0,-151.0,-155.0,-157.0,-156.5,-154.5,-157.0,-157.0,-151.0,-151.0,-156.0,-156.0,-156.5,-157.0,-154.0,-157.0,-157.0,-157.0,-157.0,-155.5,-154.0,-157.0,-153.0,-155.0,-154.0,-156.5,-153.0,-152.5,-156.0,-157.0,-157.0,-154.0,-152.0,-154.0,-156.5,-157.0,-157.0,-157.0,-156.5,-156.0,-156.0,-152.0,-156.0,-156.0,-157.0,-150.0,-149.0,-155.0,-157.0,-153.0,-150.5,-155.5,-157.0,-157.0,-157.0,-157.0,-157.0,-157.0,-154.0,-153.0,-157.0,-156.5,-157.0,-157.0,-157.0,-157.0,-153.5,-153.5,-157.0,-156.5,-156.0,-155.5,-151.0,-149.5,-154.5,-157.0,-155.5,-157.0,-157.0,-153.5,-152.0,-156.0,-157.0,-157.0,-157.0,-157.0,-157.0,-157.0,-157.0,-151.0,-151.0,-154.5,-157.0,-157.0,-157.0,-155.5,-157.0,-157.0,-157.0,-157.0,-155.0,-157.0,-155.0,-155.5,-155.0,-157.0,-150.0,-155.5,-153.0,-153.0,-152.5,-155.5,-156.0,-157.0,-157.0,-155.0,-157.0,-157.0,-156.0,-157.0,-157.0,-157.0,-157.0,-155.5,-154.0,-151.0,-155.0,-152.5,-150.5,-153.5,-157.0,-152.5,-149.5,-151.5,-157.0
2026-01-17 14:24:13.811,143.049967,5,-77,-157.0,-157.0,-154.5,-154.0,-157.0,-156.5,-157.0,-157.0,-157.0,-155.5,-157.0,-153.5,-153.0,-157.0,-152.0,-152.0,-156.5,-157.0,-156.5,-157.0,-154.0,-152.0,-157.0,-157.0,-156.0,-155.0,-152.5,-157.0,-157.0,-157.0,-150.0,-150.0,-152.0,-157.0,-157.0,-157.0,-157.0,-157.0,-154.0,-152.0,-151.5,-157.0,-157.0,-157.0,-157.0,-157.0,-156.0,-157.0,-157.0,-157.0,-154.5,-156.5,-152.0,-150.0,-151.5,-157.0,-157.0,-157.0,-154.5,-157.0,-154.0,-157.0,-157.0,-155.5,-155.5,-154.0,-153.5,-157.0,-157.0,-157.0,-157.0,-157.0,-157.0,-155.5,-153.0,-151.5,-154.5,-154.0,-157.0,-157.0,-157.0,-157.0,-157.0,-157.0,-154.5,-155.0,-157.0,-157.0,-157.0,-157.0,-157.0,-157.0,-153.5,-156.0,-157.0,-157.0,-157.0,-157.0,-157.0,-156.5,-157.0,-157.0,-154.5,-157.0,-157.0,-157.0,-154.0,-157.0,-157.0,-157.0,-157.0,-157.0,-149.0,-149.5,-157.0,-157.0,-151.0,-153.5,-157.0,-156.5,-157.0,-157.0,-157.0,-157.0,-155.5,-151.5,-155.0,-157.0,-156.0,-157.0,-156.5,-157.0,-155.5,-157.0,-157.0,-157.0,-157.0,-157.0,-157.0,-157.0,-157.0,-157.0,-156.0,-155.5,-156.5,-157.0,-157.0,-156.5,-154.5,-151.0,-152.0,-155.0,-155.5,-157.0,-156.0,-157.0,-157.0,-157.0,-153.0,-152.5,-157.0,-154.0,-150.5,-157.0,-157.0,-149.5,-150.0,-154.5,-155.5,-156.5,-157.0,-154.5,-157.0,-154.0,-154.0,-155.5,-157.0,-156.5,-157.0,-157.0,-157.0,-157.0,-156.0,-157.0,-153.0,-151.0,-157.0,-157.0,-157.0,-151.0,-151.0,-154.5,-157.0,-154.5,-153.0,-157.0,-157.0,-157.0,-157.0,-157.0,-157.0,-157.0,-157.0,-155.5,-157.0,-157.0,-155.0,-152.0,-157.0,-155.0,-153.5,-153.5,-151.5,-151.0,-157.0,-153.5,-153.0,-156.0,-155.0,-155.5,-157.0,-157.0,-157.0,-157.0,-157.0,-154.0,-155.5,-151.5,-157.0,-157.0,-157.0,-157.0,-157.0,-157.0,-157.0,-154.0,-151.5,-157.0,-157.0,-150.5,-151.5,-157.0,-146.0,-147.5,-151.5,-155.5,-152.0,-150.5,-154.0,-157.0,-152.5,-155.0,-156.5,-157.0,-152.5,-156.5,-157.0,-157.0,-157.0,-157.0,-157.0,-153.0,-152.0,-156.0,-154.0,-152.5,-155.5,-152.5,-150.0,-157.0,-157.0,-157.0,-157.0,-157.0,-157.0,-157.0,-157.0,-157.0,-155.0,-156.0,-153.0,-154.0,-150.5,-152.0,-157.0,-154.0,-152.0,-156.0,-157.0,-150.5,-154.5,-156.5,-157.0,-153.5,-152.5,-157.0,-157.0,-154.5,-155.5,-157.0,-157.0,-157.0,-154.0,-157.0,-151.5,-151.5,-157.0,-151.5,-149.5,-151.0,-154.5,-150.5,-151.5,-157.0,-157.0,-157.0,-153.0,-157.0,-157.0,-157.0,-155.5,-152.5,-153.5,-153.0,-153.5,-157.0,-155.5,-152.0,-152.0,-157.0,-157.0,-155.5,-157.0,-157.0,-151.5,-156.0,-151.0,-150.5,-153.5,-157.0,-157.0,-151.5,-154.5,-156.0,-155.5,-157.0,-157.0,-157.0,-154.0,-154.5,-155.5,-154.0,-155.5,-153.5,-154.0,-157.0,-157.0,-157.0,-156.0,-156.0,-152.5,-157.0,-155.0,-153.5,-153.0,-155.5,-154.5,-152.5,-154.0,-157.0,-157.0,-157.0,-154.5,-157.0,-157.0,-157.0,-157.0,-157.0,-154.5,-156.5,-155.0,-152.5,-157.0,-156.0,-157.0,-157.0,-152.5,-157.0,-157.0,-151.5,-151.0,-153.5,-157.0,-154.5,-156.0,-157.0,-156.5,-156.5,-155.0,-152.5,-157.0,-156.5,-155.5,-157.0,-157.0,-157.0,-157.0,-157.0,-157.0,-155.0,-152.5,-156.0,-150.5,-150.5,-157.0,-154.5,-157.0,-157.0,-157.0,-157.0,-154.0,-155.5,-157.0,-157.0,-157.0,-157.0,-157.0,-157.0,-157.0,-155.5,-155.0,-157.0,-157.0,-157.0,-157.0,-153.5,-154.5,-157.0,-155.5,-157.0,-157.0,-157.0,-157.0,-156.5,-152.0,-150.5,-149.5,-152.0,-155.0,-153.0,-153.5,-155.5,-155.0,-157.0,-157.0,-157.0,-157.0,-157.0,-157.0,-157.0,-157.0,-157.0,-157.0,-157.0,-157.0,-154.5,-157.0,-157.0,-154.5,-157.0,-157.0,-156.5,-152.0,-153.0,-157.0
2026-01-17 14:24:13.846,143.049967,5,-77,-157.0,-157.0,-155.5,-154.5,-157.0,-154.5,-157.0,-157.0,-157.0,-154.5,-157.0,-150.5,-150.5,-152.0,-153.0,-157.0,-157.0,-155.0,-155.5,-157.0,-155.0,-157.0,-157.0,-157.0,-157.0,-157.0,-153.5,-157.0,-157.0,-157.0,-148.5,-147.0,-152.0,-155.5,-155.5,-157.0,-155.0,-153.0,-153.0,-153.0,-150.5,-157.0,-157.0,-157.0,-157.0,-156.5,-157.0,-157.0,-157.0,-157.0,-155.0,-157.0,-156.0,-153.0,-151.5,-157.0,-157.0,-157.0,-156.5,-152.0,-152.5,-157.0,-157.0,-157.0,-157.0,-155.0,-155.0,-157.0,-157.0,-157.0,-157.0,-157.0,-157.0,-154.5,-152.5,-157.0,-155.0,-155.0,-157.0,-157.0,-157.0,-157.0,-157.0,-156.0,-157.0,-157.0,-156.5,-156.5,-157.0,-155.5,-154.0,-153.5,-152.0,-154.0,-155.5,-157.0,-157.0,-157.0,-157.0,-157.0,-157.0,-156.5,-152.0,-153.5,-157.0,-155.5,-151.5,-156.5,-157.0,-157.0,-157.0,-157.0,-147.0,-147.0,-157.0,-155.0,-151.5,-154.5,-157.0,-154.5,-156.5,-155.5,-156.5,-157.0,-157.0,-150.0,-151.5,-157.0,-157.0,-157.0,-156.5,-155.5,-157.0,-157.0,-157.0,-155.0,-157.0,-157.0,-157.0,-157.0,-156.5,-157.0,-157.0,-157.0,-157.0,-157.0,-156.5,-154.5,-152.0,-152.5,-157.0,-157.0,-157.0,-157.0,-155.5,-155.0,-157.0,-156.0,-157.0,-157.0,-156.5,-157.0,-155.0,-157.0,-157.0,-150.0,-151.5,-154.5,-157.0,-156.5,-157.0,-157.0,-157.0,-153.0,-156.0,-157.0,-152.5,-153.0,-157.0,-157.0,-157.0,-152.0,-150.5,-157.0,-156.5,-155.0,-157.0,-157.0,-155.0,-154.0,-153.0,-157.0,-155.5,-155.5,-154.0,-156.5,-153.5,-154.5,-156.0,-157.0,-157.0,-155.5,-157.0,-154.5,-155.5,-157.0,-157.0,-154.0,-157.0,-157.0,-157.0,-154.5,-152.5,-149.5,-157.0,-155.5,-152.0,-156.0,-157.0,-157.0,-157.0,-157.0,-157.0,-157.0,-157.0,-153.0,-153.5,-152.0,-157.0,-157.0,-157.0,-157.0,-157.0,-156.5,-157.0,-154.0,-151.5,-154.0,-156.0,-148.0,-143.5,-140.5,-141.5,-138.0,-143.5,-146.5,-146.5,-146.5,-147.0,-152.5,-150.5,-153.0,-153.0,-153.0,-152.0,-157.0,-157.0,-157.0,-157.0,-157.0,-157.0,-154.5,-152.0,-153.5,-157.0,-154.0,-157.0,-154.0,-150.5,-157.0,-156.0,-157.0,-157.0,-157.0,-156.5,-155.0,-157.0,-157.0,-152.5,-153.0,-157.0,-157.0,-155.0,-157.0,-157.0,-151.0,-151.5,-155.0,-152.0,-153.0,-155.0,-157.0,-157.0,-154.5,-151.5,-157.0,-157.0,-157.0,-155.0,-157.0,-157.0,-156.5,-157.0,-157.0,-155.5,-152.0,-157.0,-150.0,-147.5,-149.5,-150.0,-150.0,-153.0,-157.0,-157.0,-157.0,-152.5,-153.5,-157.0,-157.0,-157.0,-154.5,-157.0,-157.0,-156.5,-156.5,-157.0,-154.5,-157.0,-157.0,-157.0,-154.5,-154.5,-157.0,-152.0,-157.0,-154.5,-152.0,-149.0,-155.0,-157.0,-154.0,-155.5,-155.0,-154.5,-157.0,-157.0,-157.0,-154.5,-151.0,-151.0,-152.5,-153.5,-153.5,-154.0,-157.0,-157.0,-157.0,-157.0,-157.0,-151.0,-152.0,-155.0,-153.0,-153.5,-157.0,-157.0,-154.5,-156.0,-154.5,-154.5,-152.5,-151.5,-157.0,-157.0,-157.0,-155.0,-153.5,-156.5,-157.0,-155.0,-157.0,-157.0,-157.0,-157.0,-157.0,-155.0,-157.0,-157.0,-153.5,-157.0,-157.0,-156.0,-153.0,-157.0,-155.0,-153.0,-157.0,-157.0,-153.0,-157.0,-157.0,-153.0,-153.5,-153.5,-154.0,-157.0,-157.0,-155.0,-157.0,-152.0,-157.0,-154.5,-156.0,-154.0,-152.0,-157.0,-157.0,-157.0,-156.5,-157.0,-156.0,-157.0,-157.0,-157.0,-157.0,-157.0,-157.0,-155.5,-157.0,-157.0,-157.0,-157.0,-157.0,-157.0,-156.5,-156.5,-157.0,-156.0,-155.0,-157.0,-157.0,-157.0,-157.0,-153.5,-150.0,-151.5,-151.5,-157.0,-157.0,-156.0,-154.5,-157.0,-157.0,-155.0,-156.0,-155.5,-157.0,-157.0,-156.0,-155.5,-157.0,-157.0,-157.0,-156.5,-155.5,-157.0,-157.0,-153.5,-154.0,-157.0,-154.0,-157.0,-157.0,-157.0
2026-01-17 14:24:13.878,143.049967,5,-77,-157.0,-157.0,-157.0,-156.0,-156.5,-153.0,-157.0,-157.0,-157.0,-157.0,-156.0,-154.5,-153.0,-151.0,-157.0,-157.0,-157.0,-153.0,-156.0,-157.0,-154.5,-157.0,-155.5,-157.0,-157.0,-157.0,-151.0,-154.0,-156.0,-157.0,-148.0,-146.0,-157.0,-153.5,-151.5,-155.5,-155.5,-151.5,-154.5,-156.0,-152.0,-155.0,-157.0,-155.0,-153.5,-153.0,-157.0,-155.5,-157.0,-157.0,-157.0,-157.0,-153.5,-154.5,-150.5,-157.0,-157.0,-157.0,-157.0,-153.0,-152.5,-157.0,-157.0,-157.0,-157.0,-155.0,-155.5,-155.5,-156.0,-155.5,-157.0,-157.0,-156.0,-157.0,-154.0,-157.0,-157.0,-156.0,-157.0,-157.0,-157.0,-157.0,-155.5,-157.0,-153.5,-157.0,-154.5,-157.0,-157.0,-153.0,-153.5,-153.0,-152.0,-151.5,-157.0,-157.0,-157.0,-157.0,-157.0,-157.0,-155.5,-155.5,-154.5,-157.0,-157.0,-153.5,-152.5,-153.0,-157.0,-155.5,-157.0,-157.0,-147.0,-147.0,-154.5,-153.5,-155.0,-157.0,-157.0,-151.0,-152.5,-153.0,-156.5,-157.0,-157.0,-150.5,-152.0,-157.0,-157.0,-157.0,-157.0,-154.0,-153.0,-154.5,-157.0,-153.5,-153.0,-157.0,-157.0,-157.0,-153.5,-157.0,-157.0,-157.0,-156.5,-157.0,-153.0,-155.5,-156.0,-157.0,-157.0,-157.0,-157.0,-156.0,-157.0,-155.5,-157.0,-155.0,-155.5,-157.0,-154.0,-152.5,-157.0,-157.0,-154.0,-157.0,-155.0,-156.0,-157.0,-157.0,-156.0,-157.0,-155.0,-153.5,-156.0,-157.0,-155.5,-152.0,-154.0,-157.0,-157.0,-149.0,-147.5,-157.0,-157.0,-157.0,-157.0,-157.0,-153.0,-155.5,-153.5,-152.0,-153.5,-157.0,-155.0,-154.0,-154.0,-152.5,-154.5,-157.0,-157.0,-154.0,-153.0,-156.0,-156.5,-157.0,-157.0,-154.0,-157.0,-157.0,-157.0,-157.0,-156.0,-151.0,-154.5,-157.0,-153.5,-154.5,-157.0,-157.0,-157.0,-157.0,-156.5,-157.0,-157.0,-153.5,-154.0,-152.5,-156.0,-157.0,-153.5,-151.5,-157.0,-149.5,-151.5,-155.0,-148.5,-145.0,-142.5,-138.5,-132.5,-128.5,-129.0,-131.0,-138.5,-142.5,-142.5,-147.5,-148.0,-152.0,-151.0,-155.0,-155.0,-155.5,-156.5,-157.0,-157.0,-156.0,-157.0,-157.0,-155.5,-157.0,-157.0,-154.0,-157.0,-152.5,-152.5,-152.5,-155.5,-157.0,-157.0,-157.0,-157.0,-157.0,-157.0,-152.0,-154.0,-157.0,-152.5,-154.0,-156.0,-155.5,-157.0,-157.0,-157.0,-154.0,-156.0,-153.5,-152.0,-157.0,-156.0,-157.0,-152.5,-156.0,-153.0,-155.5,-157.0,-154.0,-155.0,-157.0,-157.0,-157.0,-157.0,-157.0,-154.0,-151.0,-157.0,-153.5,-153.0,-154.0,-153.0,-156.0,-157.0,-155.0,-156.0,-155.0,-153.5,-152.5,-157.0,-157.0,-157.0,-156.0,-156.0,-157.0,-157.0,-157.0,-157.0,-157.0,-157.0,-157.0,-155.0,-152.0,-152.5,-156.5,-153.5,-157.0,-157.0,-157.0,-149.0,-152.0,-157.0,-156.5,-157.0,-157.0,-157.0,-155.0,-157.0,-157.0,-155.5,-151.0,-151.5,-153.5,-153.5,-157.0,-157.0,-157.0,-157.0,-157.0,-157.0,-157.0,-150.5,-152.0,-153.0,-154.0,-157.0,-157.0,-156.5,-153.5,-153.5,-154.0,-156.5,-154.5,-153.0,-157.0,-156.5,-157.0,-157.0,-151.5,-157.0,-155.5,-151.5,-153.5,-155.5,-157.0,-157.0,-157.0,-154.0,-155.5,-157.0,-156.5,-157.0,-157.0,-157.0,-154.0,-157.0,-152.5,-150.5,-157.0,-157.0,-154.5,-155.0,-153.0,-151.5,-154.5,-151.5,-157.0,-157.0,-157.0,-156.0,-153.0,-151.5,-154.0,-157.0,-157.0,-157.0,-153.0,-154.0,-157.0,-157.0,-154.0,-157.0,-157.0,-157.0,-157.0,-157.0,-157.0,-157.0,-157.0,-154.5,-157.0,-157.0,-157.0,-155.0,-153.0,-154.0,-156.0,-157.0,-157.0,-157.0,-156.5,-156.0,-156.5,-157.0,-157.0,-157.0,-152.5,-153.0,-153.5,-156.0,-157.0,-154.5,-157.0,-157.0,-156.5,-152.5,-149.5,-155.5,-157.0,-157.0,-154.5,-153.0,-156.5,-157.0,-157.0,-151.0,-152.0,-157.0,-157.0,-155.0,-156.0,-157.0,-153.5,-157.0,-157.0,-157.0
2026-01-17 14:24:13.959,143.049967,5,-77,-157.0,-157.0,-157.0,-153.5,-155.0,-154.0,-157.0,-154.5,-153.5,-156.0,-155.5,-157.0,-157.0,-153.0,-157.0,-157.0,-157.0,-152.5,-155.5,-157.0,-157.0,-155.0,-153.5,-155.0,-157.0,-154.0,-152.5,-156.0,-154.5,-155.0,-152.0,-149.0,-157.0,-151.5,-152.0,-154.0,-157.0,-153.0,-152.5,-156.5,-153.0,-155.5,-155.0,-157.0,-154.5,-151.5,-157.0,-157.0,-157.0,-157.0,-157.0,-157.0,-152.5,-150.5,-151.5,-155.5,-157.0,-155.5,-157.0,-156.0,-155.5,-154.5,-157.0,-157.0,-157.0,-154.5,-157.0,-152.0,-156.0,-154.0,-156.5,-156.5,-155.0,-157.0,-154.0,-157.0,-157.0,-155.0,-156.0,-157.0,-157.0,-157.0,-155.0,-157.0,-150.0,-157.0,-155.0,-155.5,-157.0,-154.5,-157.0,-157.0,-157.0,-154.0,-155.0,-157.0,-157.0,-157.0,-157.0,-157.0,-154.0,-154.5,-153.0,-157.0,-157.0,-154.5,-157.0,-157.0,-154.5,-155.5,-157.0,-157.0,-150.0,-151.5,-157.0,-155.5,-157.0,-157.0,-154.0,-152.0,-157.0,-155.5,-157.0,-157.0,-154.5,-152.5,-154.0,-156.0,-157.0,-157.0,-156.5,-155.5,-152.0,-153.0,-157.0,-155.5,-153.0,-157.0,-157.0,-157.0,-154.0,-157.0,-157.0,-157.0,-155.5,-157.0,-152.0,-155.5,-157.0,-157.0,-156.0,-156.0,-155.5,-153.5,-157.0,-157.0,-157.0,-157.0,-155.0,-157.0,-157.0,-153.5,-155.5,-156.5,-155.5,-157.0,-157.0,-155.5,-157.0,-157.0,-156.0,-157.0,-157.0,-157.0,-155.0,-157.0,-157.0,-154.5,-157.0,-157.0,-157.0,-149.5,-145.5,-150.5,-157.0,-154.0,-156.0,-157.0,-154.5,-157.0,-157.0,-152.5,-154.0,-157.0,-156.0,-155.0,-153.0,-153.5,-157.0,-157.0,-157.0,-154.0,-156.5,-157.0,-156.0,-157.0,-157.0,-155.0,-157.0,-157.0,-157.0,-157.0,-157.0,-153.0,-157.0,-157.0,-157.0,-157.0,-157.0,-156.5,-154.0,-153.0,-152.0,-151.5,-157.0,-151.5,-151.0,-151.0,-150.5,-155.0,-150.5,-147.5,-148.5,-145.5,-146.0,-148.5,-150.0,-144.5,-139.0,-138.0,-131.5,-124.0,-125.5,-132.0,-145.0,-149.5,-144.5,-153.5,-152.5,-155.0,-153.0,-157.0,-157.0,-157.0,-157.0,-153.5,-152.5,-155.0,-157.0,-157.0,-156.0,-157.0,-155.5,-152.5,-157.0,-152.5,-153.0,-153.5,-156.5,-156.5,-157.0,-157.0,-157.0,-157.0,-157.0,-154.0,-157.0,-155.5,-157.0,-153.0,-151.5,-153.5,-155.0,-157.0,-156.5,-157.0,-157.0,-154.0,-157.0,-157.0,-156.5,-157.0,-151.5,-152.0,-154.0,-157.0,-153.5,-152.5,-155.0,-157.0,-157.0,-156.0,-156.0,-157.0,-152.5,-151.5,-157.0,-156.5,-157.0,-156.0,-157.0,-157.0,-157.0,-153.0,-153.5,-154.0,-157.0,-157.0,-157.0,-157.0,-157.0,-155.0,-150.0,-157.0,-155.5,-154.5,-157.0,-157.0,-154.5,-155.5,-152.5,-155.5,-157.0,-157.0,-155.5,-153.0,-153.5,-157.0,-151.5,-152.0,-157.0,-157.0,-157.0,-157.0,-157.0,-152.0,-154.0,-157.0,-157.0,-157.0,-157.0,-157.0,-153.5,-153.5,-155.0,-156.0,-157.0,-157.0,-157.0,-157.0,-152.5,-156.0,-152.0,-155.0,-157.0,-157.0,-153.0,-152.5,-157.0,-157.0,-157.0,-157.0,-157.0,-157.0,-155.5,-154.5,-155.5,-150.5,-150.5,-155.0,-150.5,-151.5,-153.0,-156.5,-157.0,-157.0,-156.0,-157.0,-157.0,-157.0,-157.0,-157.0,-157.0,-157.0,-157.0,-151.5,-150.0,-157.0,-157.0,-157.0,-157.0,-154.0,-149.0,-153.5,-153.5,-157.0,-157.0,-157.0,-157.0,-152.5,-155.5,-156.0,-157.0,-157.0,-157.0,-157.0,-156.5,-157.0,-155.5,-154.5,-157.0,-157.0,-157.0,-157.0,-157.0,-156.5,-157.0,-156.5,-157.0,-157.0,-156.5,-157.0,-156.5,-150.0,-151.5,-155.5,-157.0,-154.5,-157.0,-157.0,-157.0,-153.5,-157.0,-157.0,-157.0,-156.5,-151.5,-151.0,-155.5,-157.0,-152.5,-156.5,-157.0,-157.0,-150.0,-149.0,-157.0,-157.0,-154.5,-156.5,-150.5,-153.0,-155.0,-154.5,-151.0,-152.5,-153.5,-155.0,-157.0,-157.0,-157.0,-155.5,-157.0,-156.5,-157.0
2026-01-17 14:24:13.960,143.049967,5,-77,-157.0,-157.0,-155.0,-154.5,-154.5,-155.5,-156.5,-154.5,-150.5,-150.5,-157.0,-157.0,-157.0,-154.5,-157.0,-156.5,-157.0,-155.0,-154.5,-157.0,-157.0,-157.0,-157.0,-156.0,-155.5,-154.0,-157.0,-157.0,-157.0,-152.5,-156.0,-152.0,-157.0,-150.5,-153.0,-153.5,-155.5,-154.5,-153.5,-152.5,-151.0,-157.0,-157.0,-156.5,-155.5,-154.0,-155.5,-156.0,-157.0,-157.0,-157.0,-157.0,-156.0,-154.5,-157.0,-157.0,-157.0,-153.0,-153.0,-157.0,-157.0,-154.5,-157.0,-157.0,-155.0,-156.5,-156.5,-152.0,-157.0,-157.0,-157.0,-154.0,-155.5,-157.0,-153.5,-154.0,-157.0,-157.0,-156.5,-157.0,-157.0,-157.0,-155.5,-157.0,-149.5,-157.0,-157.0,-154.0,-157.0,-157.0,-157.0,-157.0,-157.0,-157.0,-151.0,-152.5,-155.5,-157.0,-157.0,-157.0,-156.0,-157.0,-152.5,-157.0,-157.0,-157.0,-155.5,-157.0,-154.5,-154.5,-157.0,-157.0,-153.5,-154.5,-157.0,-156.0,-157.0,-157.0,-153.5,-154.5,-157.0,-157.0,-157.0,-157.0,-154.0,-157.0,-157.0,-154.5,-157.0,-157.0,-156.5,-156.0,-157.0,-153.5,-155.0,-157.0,-157.0,-157.0,-157.0,-157.0,-157.0,-157.0,-157.0,-155.5,-157.0,-155.5,-154.0,-157.0,-157.0,-156.0,-153.0,-156.5,-157.0,-157.0,-157.0,-157.0,-157.0,-157.0,-156.0,-157.0,-155.0,-157.0,-155.5,-154.5,-157.0,-157.0,-157.0,-157.0,-157.0,-157.0,-155.5,-157.0,-157.0,-156.0,-154.0,-155.5,-152.0,-155.0,-157.0,-156.5,-157.0,-149.5,-147.0,-153.0,-157.0,-150.5,-152.0,-157.0,-156.0,-157.0,-157.0,-155.0,-157.0,-157.0,-156.5,-156.0,-152.5,-153.5,-152.0,-151.5,-156.5,-153.0,-157.0,-157.0,-154.5,-151.5,-153.0,-153.5,-157.0,-155.5,-156.0,-154.5,-156.5,-151.0,-157.0,-157.0,-155.0,-155.0,-151.5,-149.5,-148.5,-149.5,-150.5,-148.0,-151.0,-148.5,-148.0,-148.5,-150.0,-152.5,-153.5,-149.0,-149.0,-148.5,-147.5,-147.5,-154.0,-149.0,-143.5,-143.5,-137.0,-125.5,-128.5,-141.0,-146.5,-152.0,-148.5,-155.5,-154.0,-151.5,-151.5,-155.0,-156.5,-156.5,-156.5,-151.5,-156.0,-157.0,-157.0,-157.0,-157.0,-154.5,-150.0,-150.5,-157.0,-153.5,-155.5,-154.0,-153.0,-154.5,-157.0,-156.0,-156.5,-157.0,-157.0,-157.0,-157.0,-156.5,-157.0,-153.5,-152.0,-157.0,-152.5,-153.5,-157.0,-157.0,-157.0,-157.0,-157.0,-157.0,-157.0,-157.0,-154.0,-156.0,-156.0,-157.0,-152.5,-155.5,-157.0,-155.5,-157.0,-154.0,-157.0,-157.0,-157.0,-156.0,-155.5,-154.5,-157.0,-157.0,-154.5,-152.5,-153.0,-150.5,-153.5,-157.0,-157.0,-157.0,-157.0,-157.0,-157.0,-156.0,-149.0,-154.5,-152.0,-152.0,-157.0,-155.0,-155.5,-156.0,-154.5,-157.0,-157.0,-157.0,-157.0,-150.0,-150.0,-157.0,-157.0,-153.0,-157.0,-157.0,-157.0,-157.0,-154.5,-151.5,-153.0,-156.0,-157.0,-157.0,-157.0,-156.0,-150.0,-151.5,-153.0,-155.0,-154.0,-153.0,-157.0,-157.0,-157.0,-156.0,-153.5,-157.0,-157.0,-157.0,-153.5,-153.0,-157.0,-157.0,-155.0,-157.0,-157.0,-157.0,-156.0,-155.5,-154.5,-157.0,-150.5,-152.5,-154.5,-152.0,-151.5,-150.5,-152.0,-157.0,-157.0,-157.0,-156.0,-155.5,-157.0,-157.0,-156.0,-157.0,-154.5,-154.5,-152.5,-155.0,-157.0,-157.0,-157.0,-155.0,-148.5,-152.0,-157.0,-157.0,-156.0,-157.0,-156.0,-153.5,-154.5,-157.0,-155.5,-155.5,-157.0,-157.0,-157.0,-157.0,-153.0,-153.0,-157.0,-157.0,-157.0,-157.0,-156.5,-155.0,-157.0,-157.0,-157.0,-157.0,-154.0,-157.0,-157.0,-152.0,-157.0,-157.0,-155.5,-154.5,-153.5,-152.0,-154.0,-155.0,-153.5,-157.0,-157.0,-157.0,-151.0,-151.0,-156.0,-157.0,-152.0,-154.0,-157.0,-157.0,-152.5,-154.5,-157.0,-154.5,-152.0,-157.0,-151.0,-155.0,-154.5,-150.5,-150.5,-155.0,-157.0,-157.0,-157.0,-157.0,-157.0,-157.0,-157.0,-156.5,-155.0
2026-01-17 14:24:14.021,143.049967,5,-77,-157.0,-157.0,-156.0,-157.0,-153.0,-155.0,-157.0,-157.0,-155.5,-152.0,-157.0,-157.0,-157.0,-154.5,-157.0,-154.5,-157.0,-157.0,-156.0,-157.0,-157.0,-157.0,-157.0,-157.0,-151.0,-153.5,-155.5,-155.5,-153.0,-153.0,-157.0,-154.0,-157.0,-152.5,-154.5,-154.5,-152.5,-156.5,-157.0,-149.5,-149.5,-157.0,-157.0,-157.0,-155.5,-157.0,-157.0,-157.0,-157.0,-157.0,-156.5,-157.0,-157.0,-157.0,-157.0,-157.0,-157.0,-152.5,-153.0,-157.0,-157.0,-157.0,-157.0,-155.0,-153.0,-157.0,-155.0,-155.0,-156.0,-157.0,-157.0,-150.0,-151.5,-156.0,-157.0,-155.0,-157.0,-157.0,-155.5,-157.0,-157.0,-156.0,-155.0,-157.0,-150.0,-155.5,-156.5,-155.5,-157.0,-157.0,-154.5,-155.5,-157.0,-157.0,-153.0,-157.0,-156.0,-154.0,-157.0,-157.0,-157.0,-152.5,-151.5,-157.0,-156.0,-156.5,-153.5,-151.5,-151.0,-156.0,-157.0,-157.0,-157.0,-155.5,-157.0,-156.0,-157.0,-157.0,-157.0,-154.5,-153.5,-156.5,-157.0,-157.0,-154.5,-155.0,-157.0,-155.0,-157.0,-157.0,-157.0,-155.0,-157.0,-149.5,-150.0,-157.0,-157.0,-157.0,-153.5,-153.0,-157.0,-157.0,-157.0,-156.5,-157.0,-153.5,-155.0,-157.0,-157.0,-157.0,-153.0,-157.0,-157.0,-157.0,-157.0,-157.0,-157.0,-157.0,-155.0,-153.5,-151.0,-156.0,-153.5,-152.0,-157.0,-157.0,-157.0,-157.0,-157.0,-157.0,-157.0,-157.0,-157.0,-155.0,-156.5,-157.0,-151.5,-153.5,-157.0,-152.5,-156.5,-156.0,-152.5,-157.0,-153.5,-151.0,-155.5,-157.0,-156.0,-157.0,-157.0,-155.0,-157.0,-157.0,-157.0,-157.0,-156.5,-157.0,-150.0,-149.5,-155.0,-152.5,-157.0,-157.0,-157.0,-149.5,-150.0,-150.5,-151.0,-151.0,-157.0,-151.5,-151.5,-148.0,-152.0,-152.0,-150.5,-154.0,-149.5,-148.5,-148.0,-152.0,-150.0,-150.5,-154.0,-154.0,-151.0,-151.0,-153.5,-153.5,-157.0,-155.5,-157.0,-155.0,-155.0,-152.0,-154.5,-153.0,-155.0,-152.5,-144.0,-129.5,-131.5,-147.0,-151.0,-156.5,-152.5,-157.0,-157.0,-154.5,-154.5,-157.0,-156.5,-156.5,-153.5,-152.5,-157.0,-153.5,-152.0,-154.0,-157.0,-156.5,-151.5,-153.0,-157.0,-155.0,-157.0,-157.0,-157.0,-155.5,-157.0,-154.0,-156.5,-155.5,-156.5,-157.0,-157.0,-157.0,-157.0,-157.0,-157.0,-157.0,-155.5,-155.0,-157.0,-157.0,-157.0,-157.0,-156.0,-157.0,-157.0,-157.0,-157.0,-157.0,-157.0,-157.0,-156.5,-157.0,-157.0,-157.0,-157.0,-156.0,-157.0,-157.0,-157.0,-157.0,-156.5,-154.0,-154.5,-157.0,-153.0,-153.0,-155.0,-151.5,-155.0,-154.5,-157.0,-155.5,-157.0,-157.0,-157.0,-156.5,-153.5,-156.5,-155.0,-154.0,-156.5,-156.0,-156.5,-153.5,-157.0,-157.0,-157.0,-156.5,-155.0,-152.0,-152.5,-154.5,-155.5,-152.5,-157.0,-157.0,-156.0,-157.0,-154.0,-157.0,-157.0,-157.0,-154.5,-157.0,-156.0,-155.0,-151.5,-154.0,-156.0,-157.0,-151.5,-151.0,-157.0,-157.0,-157.0,-157.0,-156.0,-157.0,-157.0,-157.0,-157.0,-154.5,-157.0,-152.5,-153.5,-157.0,-157.0,-157.0,-154.5,-157.0,-157.0,-157.0,-152.5,-155.5,-157.0,-156.0,-157.0,-150.0,-149.5,-157.0,-157.0,-157.0,-153.0,-153.5,-157.0,-157.0,-157.0,-157.0,-157.0,-157.0,-157.0,-157.0,-157.0,-157.0,-157.0,-156.0,-154.0,-152.0,-156.0,-156.5,-153.0,-153.5,-154.5,-157.0,-157.0,-157.0,-155.5,-154.5,-157.0,-157.0,-157.0,-157.0,-154.0,-151.0,-157.0,-157.0,-156.5,-153.5,-154.5,-151.5,-152.5,-157.0,-157.0,-156.5,-151.5,-157.0,-156.0,-151.5,-157.0,-155.5,-156.0,-156.5,-153.0,-152.0,-152.5,-157.0,-153.5,-156.0,-156.0,-157.0,-153.0,-157.0,-157.0,-157.0,-155.0,-157.0,-157.0,-157.0,-156.5,-157.0,-157.0,-155.0,-155.5,-157.0,-153.5,-152.0,-153.0,-149.5,-149.5,-154.5,-157.0,-157.0,-157.0,-157.0,-156.0,-155.0,-152.5,-157.0,-154.0
2026-01-17 14:24:14.023,143.049967,5,-77,-157.0,-157.0,-157.0,-156.0,-156.0,-157.0,-157.0,-157.0,-157.0,-156.0,-153.0,-153.0,-157.0,-151.0,-152.5,-155.5,-157.0,-157.0,-157.0,-154.5,-155.0,-157.0,-157.0,-157.0,-152.0,-156.0,-156.0,-155.5,-151.5,-155.5,-156.5,-157.0,-157.0,-155.5,-157.0,-157.0,-152.5,-152.5,-157.0,-152.5,-149.5,-157.0,-157.0,-157.0,-153.5,-157.0,-157.0,-156.0,-156.5,-157.0,-157.0,-157.0,-155.5,-157.0,-157.0,-157.0,-157.0,-155.0,-156.5,-157.0,-156.5,-157.0,-157.0,-157.0,-154.5,-157.0,-157.0,-157.0,-154.0,-155.0,-157.0,-150.0,-151.0,-156.5,-157.0,-155.5,-157.0,-156.0,-152.0,-155.0,-157.0,-155.0,-157.0,-157.0,-153.0,-157.0,-157.0,-157.0,-157.0,-157.0,-153.5,-157.0,-157.0,-157.0,-156.5,-157.0,-157.0,-153.5,-157.0,-154.0,-157.0,-156.5,-153.5,-157.0,-157.0,-156.0,-157.0,-149.5,-150.5,-157.0,-157.0,-156.5,-156.5,-155.0,-157.0,-155.5,-154.0,-157.0,-157.0,-154.5,-153.5,-157.0,-157.0,-157.0,-157.0,-152.0,-152.0,-151.5,-155.0,-155.0,-153.0,-155.5,-157.0,-148.5,-150.0,-156.5,-157.0,-156.0,-155.0,-151.5,-155.0,-154.5,-157.0,-157.0,-157.0,-151.5,-152.5,-157.0,-157.0,-153.0,-152.5,-155.5,-157.0,-157.0,-157.0,-157.0,-152.5,-154.5,-155.5,-155.5,-151.5,-157.0,-154.0,-153.5,-157.0,-157.0,-157.0,-157.0,-157.0,-157.0,-157.0,-157.0,-157.0,-157.0,-157.0,-156.5,-154.5,-152.5,-157.0,-149.5,-151.5,-157.0,-157.0,-157.0,-156.5,-154.5,-157.0,-152.0,-154.0,-157.0,-157.0,-152.5,-155.5,-156.5,-155.0,-157.0,-155.5,-154.0,-149.5,-151.0,-155.5,-154.0,-157.0,-157.0,-157.0,-151.5,-152.5,-153.5,-149.5,-151.0,-153.0,-152.0,-152.0,-150.5,-156.0,-151.5,-151.5,-157.0,-154.5,-156.5,-153.0,-154.5,-154.0,-157.0,-157.0,-157.0,-153.5,-153.0,-157.0,-155.0,-157.0,-157.0,-156.0,-153.5,-157.0,-157.0,-157.0,-157.0,-157.0,-156.0,-140.5,-136.0,-137.0,-152.0,-154.0,-155.5,-155.0,-154.5,-156.5,-153.5,-154.0,-157.0,-157.0,-155.0,-153.0,-157.0,-157.0,-152.0,-152.5,-157.0,-157.0,-157.0,-157.0,-154.0,-157.0,-156.0,-157.0,-157.0,-157.0,-157.0,-157.0,-157.0,-157.0,-157.0,-157.0,-157.0,-157.0,-157.0,-157.0,-156.0,-157.0,-157.0,-157.0,-156.5,-153.0,-152.5,-153.0,-155.5,-154.0,-153.5,-156.5,-157.0,-157.0,-157.0,-157.0,-157.0,-157.0,-157.0,-157.0,-157.0,-157.0,-157.0,-157.0,-154.5,-155.0,-155.0,-154.5,-155.5,-156.0,-157.0,-157.0,-157.0,-157.0,-157.0,-157.0,-154.0,-156.0,-153.5,-157.0,-157.0,-157.0,-156.5,-157.0,-156.5,-157.0,-157.0,-157.0,-157.0,-155.0,-151.0,-156.5,-157.0,-157.0,-157.0,-156.5,-157.0,-157.0,-156.0,-154.0,-149.5,-152.0,-157.0,-155.0,-157.0,-156.0,-157.0,-157.0,-157.0,-155.0,-152.5,-152.0,-156.5,-154.0,-154.5,-157.0,-155.0,-155.5,-153.0,-157.0,-157.0,-157.0,-155.5,-156.5,-157.0,-156.0,-157.0,-155.5,-153.0,-157.0,-154.0,-152.5,-156.5,-156.5,-157.0,-153.0,-157.0,-157.0,-156.0,-154.5,-157.0,-157.0,-157.0,-157.0,-157.0,-150.5,-152.5,-157.0,-157.0,-156.5,-157.0,-155.5,-156.5,-157.0,-156.5,-157.0,-156.5,-155.0,-157.0,-157.0,-157.0,-157.0,-157.0,-157.0,-154.0,-156.5,-153.0,-153.5,-156.5,-156.5,-157.0,-157.0,-157.0,-157.0,-157.0,-157.0,-157.0,-157.0,-157.0,-157.0,-150.0,-153.5,-152.5,-155.0,-151.5,-156.0,-150.0,-154.5,-157.0,-156.0,-152.5,-150.5,-157.0,-151.5,-149.5,-156.5,-153.5,-157.0,-156.0,-154.5,-157.0,-154.5,-155.5,-153.0,-157.0,-154.5,-157.0,-153.5,-157.0,-157.0,-157.0,-157.0,-157.0,-157.0,-156.5,-157.0,-157.0,-157.0,-157.0,-157.0,-157.0,-153.5,-154.0,-157.0,-156.5,-153.0,-157.0,-157.0,-156.5,-155.0,-157.0,-154.5,-154.0,-151.5,-155.0,-156.0
2026-01-17 14:24:14.048,143.049967,5,-77,-157.0,-157.0,-157.0,-157.0,-157.0,-157.0,-157.0,-157.0,-157.0,-157.0,-150.5,-153.5,-157.0,-151.0,-152.0,-157.0,-157.0,-157.0,-157.0,-152.5,-157.0,-157.0,-157.0,-157.0,-153.5,-156.0,-157.0,-157.0,-150.5,-150.5,-151.5,-157.0,-157.0,-157.0,-157.0,-156.0,-152.0,-154.5,-157.0,-155.0,-150.0,-155.0,-157.0,-157.0,-153.5,-157.0,-157.0,-152.0,-151.5,-157.0,-157.0,-156.5,-155.0,-155.5,-157.0,-157.0,-157.0,-154.5,-156.5,-157.0,-153.0,-153.5,-157.0,-157.0,-157.0,-156.0,-156.0,-155.0,-152.5,-155.0,-157.0,-155.5,-157.0,-157.0,-157.0,-156.0,-157.0,-157.0,-153.0,-157.0,-157.0,-157.0,-157.0,-157.0,-156.5,-157.0,-157.0,-157.0,-154.5,-157.0,-157.0,-155.5,-152.5,-153.5,-156.0,-157.0,-157.0,-155.5,-154.0,-155.0,-157.0,-157.0,-154.5,-153.0,-157.0,-156.5,-157.0,-155.0,-155.5,-155.5,-157.0,-157.0,-155.5,-155.5,-154.5,-157.0,-155.5,-157.0,-157.0,-156.5,-155.0,-157.0,-157.0,-156.0,-157.0,-156.0,-151.5,-150.0,-153.0,-154.5,-153.0,-155.0,-155.5,-151.0,-157.0,-157.0,-157.0,-155.5,-152.0,-153.0,-152.0,-152.0,-157.0,-157.0,-157.0,-154.5,-156.5,-157.0,-157.0,-155.0,-157.0,-156.0,-157.0,-157.0,-157.0,-157.0,-152.0,-155.0,-157.0,-152.5,-154.5,-157.0,-157.0,-157.0,-155.5,-157.0,-155.5,-157.0,-156.5,-156.0,-155.0,-157.0,-157.0,-157.0,-156.0,-157.0,-155.5,-153.5,-157.0,-148.5,-152.0,-157.0,-157.0,-157.0,-157.0,-157.0,-157.0,-149.5,-156.0,-157.0,-157.0,-150.5,-150.5,-154.0,-153.0,-157.0,-151.0,-149.5,-149.0,-157.0,-157.0,-157.0,-157.0,-156.5,-154.5,-152.0,-152.5,-154.0,-154.5,-157.0,-157.0,-157.0,-157.0,-157.0,-157.0,-155.0,-157.0,-157.0,-157.0,-155.0,-155.0,-155.0,-153.0,-157.0,-157.0,-155.0,-157.0,-154.0,-157.0,-153.0,-153.0,-156.5,-154.5,-152.0,-151.0,-156.5,-157.0,-157.0,-156.5,-156.0,-144.0,-143.0,-145.0,-157.0,-157.0,-157.0,-157.0,-153.5,-155.0,-150.0,-151.0,-156.0,-157.0,-157.0,-153.5,-155.0,-157.0,-154.5,-157.0,-157.0,-155.0,-157.0,-157.0,-154.5,-155.5,-156.5,-157.0,-157.0,-157.0,-157.0,-156.5,-156.5,-157.0,-157.0,-154.0,-155.5,-157.0,-157.0,-157.0,-156.0,-157.0,-157.0,-157.0,-157.0,-152.5,-150.0,-153.5,-157.0,-153.5,-152.5,-155.5,-157.0,-157.0,-157.0,-157.0,-157.0,-155.0,-154.5,-157.0,-157.0,-157.0,-157.0,-157.0,-153.5,-152.5,-153.5,-155.0,-157.0,-157.0,-157.0,-157.0,-157.0,-157.0,-157.0,-157.0,-156.0,-154.5,-154.5,-157.0,-157.0,-157.0,-157.0,-157.0,-153.0,-153.0,-157.0,-157.0,-157.0,-154.5,-152.5,-152.0,-156.5,-157.0,-156.5,-155.0,-157.0,-156.5,-157.0,-152.0,-147.5,-151.0,-157.0,-155.0,-157.0,-157.0,-157.0,-155.0,-157.0,-151.0,-150.5,-151.0,-157.0,-153.5,-155.0,-154.0,-155.0,-157.0,-153.5,-155.5,-157.0,-157.0,-152.5,-155.5,-157.0,-156.5,-157.0,-157.0,-155.5,-156.5,-156.0,-152.0,-153.5,-152.5,-157.0,-152.0,-157.0,-157.0,-157.0,-157.0,-157.0,-155.0,-157.0,-157.0,-157.0,-152.0,-150.0,-157.0,-157.0,-155.5,-157.0,-155.0,-154.5,-156.5,-155.0,-157.0,-157.0,-155.0,-157.0,-157.0,-157.0,-154.5,-157.0,-157.0,-157.0,-157.0,-155.5,-157.0,-154.5,-155.0,-157.0,-155.0,-156.0,-156.0,-157.0,-157.0,-157.0,-157.0,-157.0,-157.0,-152.5,-150.0,-149.5,-150.0,-150.5,-154.0,-150.5,-157.0,-157.0,-157.0,-154.5,-154.0,-157.0,-152.5,-149.0,-152.0,-154.0,-154.0,-157.0,-157.0,-155.0,-153.5,-152.5,-153.0,-157.0,-155.0,-154.5,-151.0,-156.5,-157.0,-155.0,-157.0,-155.0,-152.5,-154.5,-157.0,-157.0,-156.0,-157.0,-157.0,-157.0,-154.5,-157.0,-157.0,-157.0,-157.0,-157.0,-157.0,-157.0,-152.5,-152.5,-157.0,-152.0,-151.5,-157.0,-154.5
2026-01-17 14:24:14.078,143.049967,5,-77,-157.0,-157.0,-157.0,-157.0,-157.0,-157.0,-155.5,-156.0,-157.0,-157.0,-149.5,-152.5,-155.5,-157.0,-154.5,-156.0,-157.0,-157.0,-157.0,-154.5,-157.0,-155.0,-157.0,-157.0,-152.5,-152.5,-157.0,-155.0,-152.5,-151.5,-152.5,-153.5,-157.0,-156.5,-157.0,-150.5,-150.5,-157.0,-153.5,-150.5,-151.0,-155.5,-157.0,-157.0,-157.0,-157.0,-157.0,-153.0,-151.0,-157.0,-157.0,-156.0,-155.5,-157.0,-157.0,-157.0,-157.0,-155.5,-154.5,-156.0,-152.0,-153.0,-157.0,-157.0,-157.0,-152.5,-155.0,-154.0,-156.0,-157.0,-156.0,-155.5,-157.0,-157.0,-157.0,-156.0,-157.0,-156.0,-155.5,-157.0,-157.0,-157.0,-157.0,-157.0,-157.0,-157.0,-157.0,-151.0,-151.0,-157.0,-157.0,-149.5,-149.5,-153.0,-155.0,-155.5,-157.0,-156.0,-156.0,-157.0,-157.0,-157.0,-155.5,-154.0,-157.0,-157.0,-157.0,-157.0,-157.0,-154.0,-153.0,-157.0,-156.5,-157.0,-156.0,-157.0,-157.0,-156.0,-157.0,-152.5,-154.5,-157.0,-157.0,-155.0,-157.0,-157.0,-157.0,-154.5,-157.0,-157.0,-157.0,-156.0,-157.0,-153.0,-157.0,-157.0,-157.0,-157.0,-152.5,-156.5,-155.0,-152.0,-157.0,-157.0,-155.5,-157.0,-157.0,-157.0,-157.0,-157.0,-157.0,-157.0,-157.0,-157.0,-157.0,-157.0,-156.0,-157.0,-157.0,-154.5,-157.0,-157.0,-157.0,-156.5,-153.5,-157.0,-155.0,-153.0,-154.0,-153.5,-152.0,-152.5,-154.5,-157.0,-157.0,-157.0,-152.5,-153.5,-156.0,-149.0,-151.5,-157.0,-157.0,-152.0,-151.5,-153.0,-152.5,-150.0,-151.5,-153.0,-156.0,-152.5,-150.0,-153.5,-157.0,-157.0,-151.0,-153.5,-152.0,-157.0,-157.0,-157.0,-155.0,-151.0,-150.5,-154.0,-153.0,-157.0,-156.5,-157.0,-157.0,-157.0,-157.0,-157.0,-156.0,-156.0,-157.0,-157.0,-157.0,-153.0,-153.0,-156.0,-150.0,-150.5,-150.5,-154.5,-154.0,-156.0,-154.5,-152.5,-152.0,-154.5,-153.0,-153.0,-151.0,-157.0,-157.0,-155.5,-155.5,-157.0,-146.0,-143.0,-146.5,-153.5,-157.0,-157.0,-151.5,-150.0,-156.5,-151.0,-153.5,-157.0,-157.0,-157.0,-157.0,-156.5,-157.0,-152.0,-153.5,-151.5,-151.5,-152.5,-157.0,-157.0,-157.0,-157.0,-157.0,-157.0,-157.0,-154.0,-155.0,-154.0,-153.5,-153.0,-154.0,-157.0,-157.0,-157.0,-157.0,-157.0,-157.0,-157.0,-156.0,-157.0,-157.0,-152.0,-154.0,-157.0,-154.5,-157.0,-157.0,-153.5,-152.0,-157.0,-157.0,-153.0,-153.0,-157.0,-156.5,-156.5,-157.0,-157.0,-154.0,-155.5,-156.0,-155.5,-154.0,-157.0,-157.0,-157.0,-157.0,-157.0,-157.0,-157.0,-157.0,-157.0,-157.0,-157.0,-157.0,-157.0,-157.0,-157.0,-157.0,-152.5,-152.5,-153.5,-157.0,-157.0,-155.5,-157.0,-154.5,-157.0,-157.0,-153.5,-152.5,-155.5,-156.5,-156.0,-154.5,-151.0,-149.5,-152.0,-155.5,-157.0,-157.0,-157.0,-154.0,-154.0,-151.0,-152.0,-154.0,-155.5,-154.0,-157.0,-151.5,-157.0,-156.0,-155.5,-155.0,-153.5,-157.0,-151.5,-154.0,-157.0,-157.0,-157.0,-156.5,-155.0,-155.0,-152.0,-152.0,-153.5,-153.5,-157.0,-154.0,-156.5,-157.0,-157.0,-157.0,-157.0,-154.5,-157.0,-157.0,-155.0,-151.5,-151.5,-156.5,-155.5,-151.5,-157.0,-157.0,-155.5,-155.0,-157.0,-157.0,-157.0,-157.0,-157.0,-157.0,-155.5,-155.0,-154.5,-155.5,-157.0,-157.0,-157.0,-157.0,-152.5,-157.0,-157.0,-154.5,-154.0,-153.5,-157.0,-157.0,-157.0,-157.0,-157.0,-157.0,-157.0,-154.0,-155.5,-151.0,-152.0,-151.5,-151.5,-157.0,-154.5,-155.5,-157.0,-157.0,-157.0,-157.0,-150.0,-152.5,-153.5,-152.5,-157.0,-157.0,-155.5,-155.0,-154.0,-155.5,-157.0,-157.0,-154.0,-149.0,-150.0,-157.0,-154.5,-157.0,-157.0,-153.5,-157.0,-157.0,-157.0,-154.5,-157.0,-157.0,-157.0,-156.0,-157.0,-157.0,-157.0,-157.0,-157.0,-156.0,-157.0,-155.5,-154.0,-155.5,-152.5,-152.0,-156.5,-156.5
2026-01-17 14:24:14.110,143.049967,5,-77,-157.0,-157.0,-157.0,-157.0,-157.0,-157.0,-155.0,-156.0,-157.0,-157.0,-152.0,-152.0,-154.0,-157.0,-154.0,-154.5,-157.0,-157.0,-156.5,-155.0,-155.0,-151.5,-153.5,-157.0,-156.0,-156.0,-156.5,-155.5,-157.0,-157.0,-157.0,-155.0,-156.0,-152.5,-157.0,-151.5,-152.0,-152.5,-148.5,-150.5,-152.0,-157.0,-157.0,-157.0,-157.0,-157.0,-156.0,-157.0,-153.5,-156.0,-156.0,-157.0,-154.0,-157.0,-157.0,-153.5,-153.0,-157.0,-157.0,-156.5,-157.0,-156.0,-157.0,-157.0,-157.0,-153.5,-155.5,-157.0,-157.0,-157.0,-157.0,-151.0,-154.0,-157.0,-156.0,-152.5,-155.0,-155.0,-157.0,-157.0,-157.0,-155.5,-156.0,-155.0,-157.0,-157.0,-157.0,-151.0,-153.0,-157.0,-157.0,-151.5,-154.0,-157.0,-157.0,-154.5,-155.5,-157.0,-157.0,-157.0,-157.0,-157.0,-157.0,-157.0,-157.0,-157.0,-157.0,-157.0,-157.0,-152.0,-151.0,-157.0,-157.0,-156.5,-157.0,-156.5,-157.0,-155.0,-157.0,-152.5,-156.0,-156.5,-154.0,-157.0,-157.0,-157.0,-157.0,-157.0,-157.0,-157.0,-157.0,-155.5,-156.5,-153.0,-152.0,-155.5,-156.5,-157.0,-154.5,-156.0,-157.0,-154.0,-157.0,-157.0,-153.5,-156.0,-157.0,-156.0,-152.0,-153.0,-157.0,-157.0,-156.5,-157.0,-157.0,-153.5,-155.5,-155.0,-157.0,-157.0,-157.0,-157.0,-157.0,-156.0,-152.5,-154.0,-155.0,-151.0,-151.5,-156.5,-153.0,-151.5,-154.0,-157.0,-157.0,-157.0,-154.0,-157.0,-157.0,-153.0,-155.5,-157.0,-157.0,-151.0,-149.5,-151.5,-152.0,-157.0,-154.5,-153.5,-157.0,-157.0,-150.5,-152.5,-157.0,-157.0,-153.0,-152.5,-153.5,-154.5,-155.0,-157.0,-150.5,-152.5,-153.0,-157.0,-155.5,-156.5,-155.0,-157.0,-157.0,-157.0,-157.0,-157.0,-157.0,-156.0,-153.0,-157.0,-157.0,-155.5,-152.0,-152.5,-149.5,-146.5,-149.0,-155.5,-152.0,-157.0,-156.5,-154.0,-153.0,-154.5,-154.0,-151.5,-152.5,-157.0,-157.0,-157.0,-152.0,-154.0,-147.0,-144.0,-155.0,-154.0,-157.0,-157.0,-150.0,-151.0,-155.0,-154.0,-154.5,-157.0,-157.0,-156.0,-156.5,-157.0,-157.0,-153.0,-156.0,-152.5,-155.0,-155.5,-157.0,-157.0,-157.0,-157.0,-157.0,-156.5,-157.0,-156.0,-155.0,-157.0,-154.0,-154.0,-157.0,-157.0,-157.0,-157.0,-157.0,-157.0,-157.0,-157.0,-154.0,-156.5,-157.0,-157.0,-157.0,-157.0,-157.0,-157.0,-155.5,-149.0,-148.5,-157.0,-156.5,-152.5,-151.5,-157.0,-157.0,-157.0,-155.5,-157.0,-155.5,-157.0,-157.0,-157.0,-153.5,-153.0,-157.0,-153.0,-157.0,-157.0,-156.0,-155.0,-157.0,-157.0,-157.0,-157.0,-157.0,-157.0,-157.0,-156.5,-157.0,-155.5,-157.0,-154.0,-157.0,-157.0,-156.5,-157.0,-157.0,-155.0,-157.0,-157.0,-154.0,-157.0,-157.0,-157.0,-157.0,-157.0,-150.0,-152.0,-154.5,-157.0,-157.0,-157.0,-157.0,-156.5,-155.0,-157.0,-157.0,-157.0,-154.0,-153.5,-154.0,-154.0,-153.5,-154.0,-154.0,-152.0,-157.0,-154.5,-157.0,-157.0,-157.0,-157.0,-151.5,-150.5,-155.5,-152.0,-154.5,-157.0,-155.0,-157.0,-157.0,-157.0,-154.5,-157.0,-157.0,-157.0,-157.0,-157.0,-151.0,-150.0,-152.5,-157.0,-154.5,-152.0,-151.0,-154.5,-156.0,-153.0,-152.5,-157.0,-157.0,-157.0,-157.0,-157.0,-157.0,-153.0,-152.0,-152.0,-152.5,-157.0,-157.0,-157.0,-157.0,-154.0,-157.0,-156.0,-155.0,-155.5,-153.0,-157.0,-157.0,-157.0,-154.5,-155.5,-157.0,-157.0,-157.0,-153.0,-153.0,-155.0,-151.0,-156.5,-157.0,-152.5,-152.5,-157.0,-157.0,-157.0,-157.0,-154.0,-156.5,-157.0,-152.5,-155.0,-157.0,-157.0,-156.5,-157.0,-156.5,-154.5,-157.0,-157.0,-154.0,-151.5,-155.0,-155.0,-157.0,-157.0,-155.0,-157.0,-157.0,-157.0,-156.0,-157.0,-157.0,-153.0,-152.0,-156.5,-153.0,-152.5,-155.5,-157.0,-156.0,-157.0,-156.5,-156.0,-155.0,-156.5,-154.0,-157.0,-157.0
2026-01-17 14:24:14.149,143.049967,5,-77,-157.0,-157.0,-157.0,-157.0,-157.0,-157.0,-157.0,-157.0,-157.0,-157.0,-157.0,-157.0,-153.0,-153.0,-156.0,-157.0,-157.0,-157.0,-157.0,-153.5,-157.0,-151.5,-153.0,-156.0,-157.0,-157.0,-154.5,-155.0,-153.5,-152.0,-157.0,-155.0,-152.5,-151.5,-157.0,-157.0,-154.5,-151.0,-147.5,-149.5,-153.0,-157.0,-157.0,-157.0,-157.0,-153.0,-153.5,-157.0,-156.5,-156.5,-155.5,-155.5,-153.5,-157.0,-157.0,-150.5,-150.0,-156.5,-157.0,-154.0,-157.0,-157.0,-157.0,-157.0,-157.0,-157.0,-157.0,-157.0,-157.0,-157.0,-157.0,-150.5,-154.5,-157.0,-155.0,-152.5,-156.5,-157.0,-157.0,-157.0,-157.0,-157.0,-155.0,-152.0,-153.0,-157.0,-156.0,-156.5,-157.0,-157.0,-157.0,-157.0,-157.0,-157.0,-156.0,-155.0,-157.0,-157.0,-157.0,-157.0,-157.0,-157.0,-157.0,-157.0,-157.0,-157.0,-157.0,-157.0,-157.0,-156.0,-155.5,-157.0,-157.0,-157.0,-157.0,-155.5,-156.5,-153.5,-155.5,-155.0,-157.0,-156.5,-153.5,-157.0,-157.0,-157.0,-157.0,-157.0,-157.0,-157.0,-157.0,-157.0,-156.5,-154.0,-152.5,-157.0,-154.0,-157.0,-154.0,-153.0,-157.0,-156.0,-152.5,-156.0,-153.0,-154.0,-157.0,-155.0,-154.0,-151.0,-157.0,-157.0,-152.5,-153.0,-155.0,-152.5,-151.5,-153.5,-157.0,-157.0,-157.0,-156.5,-156.5,-156.0,-152.5,-152.0,-151.5,-154.5,-156.5,-157.0,-157.0,-157.0,-157.0,-157.0,-157.0,-153.5,-153.0,-157.0,-157.0,-157.0,-157.0,-157.0,-156.0,-156.5,-154.0,-157.0,-157.0,-157.0,-155.5,-157.0,-157.0,-157.0,-155.5,-152.0,-157.0,-157.0,-157.0,-152.5,-155.5,-157.0,-156.0,-154.0,-151.5,-155.0,-157.0,-157.0,-154.0,-152.0,-155.0,-157.0,-156.5,-154.0,-157.0,-157.0,-157.0,-157.0,-153.5,-157.0,-157.0,-157.0,-155.0,-155.5,-157.0,-149.0,-153.5,-155.5,-154.5,-157.0,-157.0,-153.5,-155.0,-157.0,-157.0,-151.0,-152.0,-157.0,-156.0,-153.5,-150.5,-154.0,-147.5,-146.0,-157.0,-157.0,-157.0,-157.0,-154.0,-157.0,-156.5,-157.0,-152.0,-155.5,-157.0,-157.0,-152.5,-155.0,-155.5,-155.0,-157.0,-157.0,-157.0,-155.0,-157.0,-157.0,-156.5,-157.0,-156.5,-156.0,-157.0,-157.0,-155.5,-156.5,-155.5,-157.0,-157.0,-157.0,-157.0,-157.0,-156.0,-157.0,-156.0,-156.0,-154.5,-156.5,-157.0,-157.0,-157.0,-156.5,-157.0,-157.0,-154.5,-151.0,-150.5,-157.0,-153.0,-157.0,-154.5,-157.0,-156.5,-156.5,-157.0,-157.0,-157.0,-157.0,-157.0,-157.0,-155.0,-151.5,-155.5,-149.0,-150.0,-154.5,-157.0,-156.0,-157.0,-157.0,-157.0,-157.0,-157.0,-157.0,-155.0,-153.0,-157.0,-155.5,-155.5,-157.0,-157.0,-157.0,-157.0,-157.0,-157.0,-157.0,-157.0,-157.0,-154.5,-155.5,-156.5,-157.0,-157.0,-157.0,-154.0,-156.5,-157.0,-157.0,-157.0,-155.5,-157.0,-153.0,-152.0,-157.0,-157.0,-157.0,-155.5,-153.0,-155.0,-153.5,-152.5,-151.0,-157.0,-155.5,-156.5,-157.0,-154.0,-152.0,-157.0,-157.0,-153.5,-153.0,-155.0,-153.0,-155.5,-157.0,-153.5,-157.0,-157.0,-157.0,-150.0,-149.0,-154.0,-157.0,-157.0,-157.0,-151.0,-151.0,-157.0,-157.0,-151.5,-154.0,-156.0,-156.0,-157.0,-152.5,-153.5,-157.0,-157.0,-154.5,-151.5,-153.0,-153.5,-153.0,-151.5,-151.5,-156.0,-155.5,-157.0,-157.0,-157.0,-156.5,-157.0,-157.0,-157.0,-152.5,-153.0,-152.5,-157.0,-156.0,-153.0,-157.0,-157.0,-154.0,-155.0,-151.5,-153.0,-157.0,-153.0,-157.0,-157.0,-157.0,-156.5,-157.0,-157.0,-155.5,-157.0,-157.0,-157.0,-157.0,-153.5,-157.0,-157.0,-157.0,-156.0,-157.0,-157.0,-153.5,-157.0,-157.0,-157.0,-155.5,-157.0,-157.0,-157.0,-157.0,-156.0,-154.5,-157.0,-157.0,-157.0,-157.0,-155.0,-151.5,-153.0,-156.5,-155.0,-154.5,-157.0,-157.0,-156.0,-156.0,-155.0,-153.0,-151.5,-154.5,-152.0,-154.5,-157.0
2026-01-17 14:24:14.179,143.049967,5,-77,-157.0,-157.0,-157.0,-155.5,-156.0,-157.0,-157.0,-157.0,-157.0,-157.0,-157.0,-157.0,-153.0,-150.5,-157.0,-157.0,-157.0,-157.0,-155.5,-152.5,-157.0,-157.0,-157.0,-153.0,-157.0,-156.0,-157.0,-156.0,-155.5,-151.0,-151.5,-155.0,-152.5,-152.5,-157.0,-157.0,-152.5,-150.0,-152.0,-152.0,-154.5,-157.0,-157.0,-157.0,-155.5,-152.5,-154.0,-157.0,-157.0,-157.0,-157.0,-155.0,-157.0,-157.0,-157.0,-152.0,-153.5,-157.0,-155.5,-151.5,-153.5,-155.0,-157.0,-157.0,-157.0,-157.0,-157.0,-157.0,-157.0,-157.0,-157.0,-154.0,-155.5,-157.0,-152.5,-155.0,-157.0,-157.0,-157.0,-157.0,-157.0,-155.0,-151.0,-150.5,-157.0,-154.5,-154.5,-157.0,-156.0,-157.0,-157.0,-156.0,-157.0,-157.0,-154.5,-157.0,-157.0,-157.0,-157.0,-157.0,-157.0,-156.0,-157.0,-156.5,-155.0,-155.5,-155.0,-157.0,-155.0,-154.5,-157.0,-157.0,-157.0,-157.0,-155.5,-154.5,-154.0,-157.0,-154.5,-157.0,-157.0,-157.0,-153.5,-155.5,-155.0,-157.0,-157.0,-157.0,-153.5,-157.0,-157.0,-157.0,-157.0,-157.0,-157.0,-157.0,-157.0,-157.0,-156.0,-155.0,-155.5,-156.0,-153.0,-152.5,-150.5,-157.0,-157.0,-155.0,-157.0,-151.0,-157.0,-157.0,-153.0,-155.0,-153.5,-155.5,-157.0,-155.0,-157.0,-156.0,-156.5,-154.0,-154.0,-157.0,-154.0,-153.5,-152.5,-156.0,-156.5,-157.0,-157.0,-157.0,-157.0,-157.0,-156.0,-153.0,-156.0,-155.0,-157.0,-157.0,-157.0,-155.0,-152.0,-154.5,-155.0,-157.0,-157.0,-157.0,-154.0,-157.0,-155.5,-155.0,-157.0,-155.5,-157.0,-157.0,-157.0,-157.0,-154.5,-157.0,-157.0,-153.5,-155.5,-152.5,-157.0,-157.0,-157.0,-151.0,-157.0,-157.0,-157.0,-154.5,-157.0,-157.0,-155.0,-157.0,-156.0,-157.0,-157.0,-157.0,-155.0,-154.5,-157.0,-154.0,-153.0,-157.0,-157.0,-157.0,-157.0,-151.0,-153.5,-157.0,-157.0,-152.5,-154.0,-156.5,-153.0,-150.0,-150.5,-156.0,-151.5,-149.0,-152.0,-156.0,-154.0,-157.0,-157.0,-157.0,-157.0,-155.0,-151.0,-151.0,-157.0,-156.5,-150.5,-151.0,-157.0,-156.0,-157.0,-157.0,-151.5,-150.5,-156.0,-157.0,-154.0,-157.0,-157.0,-157.0,-157.0,-156.0,-152.5,-151.5,-153.0,-157.0,-157.0,-157.0,-157.0,-157.0,-157.0,-157.0,-153.0,-154.0,-157.0,-156.5,-153.5,-156.5,-157.0,-157.0,-157.0,-157.0,-157.0,-157.0,-154.5,-155.5,-152.0,-156.0,-157.0,-157.0,-156.5,-155.0,-157.0,-153.5,-152.0,-155.5,-157.0,-157.0,-157.0,-154.5,-157.0,-151.0,-151.5,-152.5,-157.0,-156.0,-157.0,-157.0,-157.0,-157.0,-154.0,-156.0,-153.5,-153.0,-152.5,-155.0,-154.0,-157.0,-157.0,-156.5,-157.0,-157.0,-157.0,-157.0,-157.0,-157.0,-155.0,-154.0,-153.5,-154.0,-154.5,-157.0,-154.0,-157.0,-157.0,-157.0,-157.0,-157.0,-157.0,-154.5,-152.0,-157.0,-157.0,-157.0,-157.0,-156.0,-156.0,-157.0,-157.0,-152.0,-154.5,-157.0,-157.0,-157.0,-149.5,-149.5,-157.0,-157.0,-157.0,-157.0,-155.5,-155.0,-153.0,-154.0,-153.0,-157.0,-156.0,-157.0,-151.0,-147.5,-154.0,-157.0,-156.0,-156.5,-153.0,-151.5,-157.0,-157.0,-154.0,-157.0,-157.0,-157.0,-157.0,-155.5,-157.0,-157.0,-157.0,-156.0,-149.5,-151.0,-152.5,-153.0,-156.5,-154.0,-157.0,-154.5,-154.0,-157.0,-157.0,-157.0,-151.5,-153.0,-157.0,-154.5,-157.0,-150.5,-152.5,-157.0,-153.5,-157.0,-157.0,-156.0,-157.0,-157.0,-157.0,-157.0,-155.0,-154.5,-157.0,-157.0,-157.0,-157.0,-157.0,-157.0,-157.0,-157.0,-156.5,-157.0,-157.0,-157.0,-157.0,-157.0,-157.0,-157.0,-154.5,-154.0,-157.0,-157.0,-157.0,-157.0,-157.0,-157.0,-157.0,-157.0,-157.0,-156.0,-157.0,-157.0,-157.0,-157.0,-151.5,-153.0,-157.0,-157.0,-157.0,-157.0,-153.5,-153.0,-156.5,-155.0,-157.0,-157.0,-152.5,-151.5,-150.5,-152.5,-157.0
2026-01-17 14:24:14.212,143.049967,5,-77,-157.0,-157.0,-157.0,-156.0,-154.5,-157.0,-157.0,-157.0,-157.0,-157.0,-157.0,-157.0,-157.0,-152.0,-157.0,-157.0,-157.0,-157.0,-156.0,-152.5,-154.5,-157.0,-155.5,-151.5,-157.0,-157.0,-156.0,-155.0,-156.5,-154.5,-152.5,-157.0,-155.0,-157.0,-157.0,-154.0,-154.5,-154.5,-154.5,-153.0,-155.0,-157.0,-157.0,-157.0,-154.0,-155.0,-157.0,-157.0,-154.5,-155.5,-156.5,-157.0,-157.0,-157.0,-157.0,-155.5,-156.5,-157.0,-153.0,-152.0,-156.5,-157.0,-157.0,-157.0,-157.0,-157.0,-157.0,-157.0,-157.0,-157.0,-157.0,-155.0,-157.0,-156.0,-154.5,-154.5,-154.0,-153.5,-157.0,-157.0,-155.5,-155.5,-156.0,-154.5,-157.0,-157.0,-157.0,-157.0,-153.0,-153.0,-157.0,-154.5,-155.5,-157.0,-154.0,-155.5,-155.5,-153.0,-154.5,-157.0,-156.5,-154.5,-155.5,-153.0,-151.0,-152.5,-157.0,-154.0,-154.0,-152.5,-157.0,-157.0,-157.0,-157.0,-157.0,-157.0,-155.5,-157.0,-157.0,-157.0,-157.0,-157.0,-155.0,-156.0,-155.0,-157.0,-157.0,-152.5,-150.5,-154.5,-156.5,-157.0,-157.0,-157.0,-157.0,-157.0,-157.0,-157.0,-157.0,-157.0,-157.0,-154.5,-155.5,-150.0,-147.5,-155.5,-157.0,-156.5,-157.0,-154.0,-157.0,-156.0,-156.0,-157.0,-153.0,-156.0,-157.0,-157.0,-154.5,-151.5,-152.0,-153.0,-152.5,-157.0,-157.0,-157.0,-154.5,-157.0,-154.0,-156.5,-157.0,-156.0,-155.5,-157.0,-157.0,-157.0,-157.0,-157.0,-157.0,-155.5,-156.0,-157.0,-152.0,-157.0,-157.0,-157.0,-157.0,-157.0,-156.5,-157.0,-154.0,-154.0,-157.0,-157.0,-157.0,-157.0,-157.0,-157.0,-156.5,-157.0,-157.0,-155.5,-152.5,-152.5,-157.0,-157.0,-157.0,-155.5,-157.0,-157.0,-156.0,-157.0,-157.0,-157.0,-152.5,-153.0,-156.5,-155.0,-157.0,-157.0,-157.0,-155.0,-157.0,-157.0,-151.5,-156.0,-157.0,-157.0,-152.0,-151.0,-157.0,-157.0,-154.0,-152.5,-155.5,-154.0,-153.5,-153.5,-154.5,-156.5,-157.0,-152.0,-150.5,-153.5,-152.0,-157.0,-157.0,-157.0,-156.0,-157.0,-156.5,-152.5,-156.5,-156.5,-156.5,-154.5,-157.0,-157.0,-157.0,-157.0,-150.5,-152.5,-157.0,-154.5,-154.0,-157.0,-157.0,-157.0,-157.0,-157.0,-155.0,-154.5,-156.5,-157.0,-157.0,-157.0,-157.0,-157.0,-157.0,-155.0,-152.5,-154.0,-157.0,-157.0,-153.0,-156.0,-157.0,-157.0,-157.0,-157.0,-157.0,-152.0,-155.5,-154.5,-154.0,-157.0,-157.0,-157.0,-157.0,-152.5,-154.0,-152.0,-148.5,-154.0,-157.0,-157.0,-157.0,-157.0,-157.0,-156.0,-155.5,-155.0,-156.0,-157.0,-157.0,-156.5,-157.0,-157.0,-151.5,-152.5,-155.0,-157.0,-152.5,-156.5,-157.0,-154.5,-156.5,-157.0,-157.0,-157.0,-157.0,-156.5,-157.0,-157.0,-157.0,-157.0,-157.0,-151.5,-153.5,-157.0,-157.0,-157.0,-157.0,-157.0,-157.0,-157.0,-157.0,-157.0,-154.5,-157.0,-157.0,-157.0,-157.0,-157.0,-157.0,-157.0,-157.0,-153.5,-150.0,-157.0,-157.0,-157.0,-151.5,-152.5,-157.0,-156.0,-156.5,-157.0,-155.0,-157.0,-153.0,-153.0,-156.0,-157.0,-154.0,-157.0,-153.5,-149.0,-155.5,-157.0,-154.0,-153.5,-149.5,-149.5,-157.0,-157.0,-157.0,-157.0,-157.0,-157.0,-157.0,-156.0,-157.0,-153.0,-155.0,-156.5,-152.5,-157.0,-157.0,-154.5,-157.0,-157.0,-157.0,-157.0,-157.0,-157.0,-157.0,-156.5,-149.0,-150.0,-153.5,-155.5,-156.0,-154.0,-151.5,-155.5,-156.5,-157.0,-155.0,-157.0,-157.0,-157.0,-157.0,-155.5,-152.5,-153.5,-157.0,-157.0,-157.0,-157.0,-157.0,-157.0,-157.0,-157.0,-157.0,-157.0,-157.0,-157.0,-157.0,-157.0,-157.0,-156.5,-155.5,-157.0,-157.0,-154.0,-155.5,-157.0,-157.0,-157.0,-157.0,-157.0,-157.0,-154.5,-154.5,-157.0,-155.5,-154.0,-150.0,-153.5,-157.0,-156.5,-157.0,-154.0,-152.0,-152.0,-157.0,-156.0,-157.0,-157.0,-157.0,-150.5,-152.5,-155.0,-157.0
2026-01-17 14:24:14.245,143.049967,5,-77,-157.0,-157.0,-153.0,-157.0,-153.5,-152.0,-156.0,-157.0,-157.0,-155.0,-154.0,-151.0,-153.5,-153.5,-155.5,-157.0,-157.0,-157.0,-156.5,-154.5,-157.0,-157.0,-157.0,-150.5,-152.0,-157.0,-154.5,-151.5,-152.0,-157.0,-156.5,-157.0,-156.5,-155.5,-157.0,-157.0,-157.0,-157.0,-157.0,-157.0,-154.5,-154.0,-154.5,-155.0,-157.0,-157.0,-157.0,-157.0,-154.5,-157.0,-153.0,-155.5,-157.0,-157.0,-155.5,-156.0,-157.0,-153.0,-152.0,-153.5,-157.0,-157.0,-157.0,-157.0,-157.0,-157.0,-157.0,-157.0,-154.0,-155.0,-154.5,-154.5,-156.5,-156.0,-157.0,-148.0,-148.5,-155.5,-155.5,-153.0,-153.5,-154.5,-157.0,-157.0,-157.0,-157.0,-157.0,-157.0,-153.0,-153.0,-152.0,-153.0,-152.5,-156.5,-157.0,-154.0,-157.0,-152.5,-157.0,-157.0,-156.0,-154.5,-154.5,-157.0,-151.0,-156.5,-157.0,-153.0,-153.0,-156.0,-157.0,-156.5,-155.5,-157.0,-157.0,-157.0,-155.5,-157.0,-157.0,-157.0,-157.0,-157.0,-157.0,-157.0,-154.0,-154.0,-155.0,-152.5,-153.0,-153.0,-154.0,-157.0,-157.0,-157.0,-157.0,-157.0,-157.0,-157.0,-157.0,-157.0,-155.5,-152.0,-152.0,-156.0,-149.5,-155.0,-157.0,-157.0,-156.0,-151.0,-151.5,-157.0,-157.0,-157.0,-154.5,-155.0,-157.0,-157.0,-154.0,-152.5,-155.0,-156.5,-155.5,-155.0,-157.0,-154.0,-153.5,-157.0,-157.0,-155.0,-155.5,-153.5,-157.0,-157.0,-156.0,-157.0,-157.0,-157.0,-157.0,-155.5,-152.5,-157.0,-152.0,-157.0,-157.0,-156.5,-157.0,-157.0,-157.0,-157.0,-157.0,-157.0,-152.5,-152.5,-157.0,-157.0,-156.5,-155.0,-157.0,-157.0,-157.0,-157.0,-153.0,-157.0,-157.0,-157.0,-157.0,-157.0,-157.0,-157.0,-157.0,-157.0,-157.0,-157.0,-153.5,-152.0,-154.5,-157.0,-157.0,-151.5,-152.0,-156.5,-157.0,-152.5,-150.0,-157.0,-157.0,-154.0,-152.0,-155.0,-157.0,-155.5,-156.0,-151.5,-156.0,-157.0,-157.0,-156.0,-155.5,-157.0,-157.0,-157.0,-156.5,-157.0,-155.5,-157.0,-157.0,-154.0,-153.5,-157.0,-157.0,-157.0,-157.0,-156.0,-157.0,-157.0,-157.0,-157.0,-157.0,-155.5,-152.0,-157.0,-157.0,-151.5,-157.0,-153.5,-157.0,-157.0,-157.0,-157.0,-155.0,-157.0,-157.0,-157.0,-157.0,-157.0,-157.0,-157.0,-157.0,-156.0,-156.0,-155.5,-156.5,-157.0,-153.0,-157.0,-157.0,-157.0,-157.0,-157.0,-153.5,-149.0,-152.0,-157.0,-157.0,-157.0,-156.0,-157.0,-157.0,-152.0,-154.0,-156.0,-148.5,-157.0,-157.0,-157.0,-154.0,-157.0,-157.0,-156.5,-155.0,-157.0,-157.0,-157.0,-156.5,-153.0,-154.0,-156.0,-152.5,-156.0,-157.0,-156.0,-156.0,-156.0,-157.0,-157.0,-156.0,-157.0,-157.0,-157.0,-155.5,-156.0,-157.0,-156.0,-156.0,-157.0,-157.0,-152.5,-151.5,-156.5,-157.0,-157.0,-157.0,-157.0,-155.0,-156.0,-157.0,-156.0,-154.5,-157.0,-157.0,-157.0,-157.0,-157.0,-155.5,-156.0,-154.5,-153.0,-150.0,-153.0,-157.0,-157.0,-157.0,-157.0,-155.5,-157.0,-156.5,-157.0,-153.5,-154.0,-153.5,-153.0,-157.0,-157.0,-153.0,-157.0,-155.0,-150.0,-149.5,-157.0,-153.5,-152.5,-151.5,-153.0,-154.0,-157.0,-157.0,-154.5,-153.5,-157.0,-157.0,-153.0,-151.0,-151.0,-153.0,-157.0,-154.0,-157.0,-157.0,-153.5,-155.5,-157.0,-157.0,-156.5,-155.5,-157.0,-157.0,-157.0,-153.0,-153.5,-156.0,-157.0,-157.0,-157.0,-155.5,-157.0,-157.0,-157.0,-155.0,-154.0,-156.0,-157.0,-156.0,-154.5,-153.5,-157.0,-156.0,-157.0,-157.0,-157.0,-157.0,-157.0,-157.0,-155.5,-154.5,-157.0,-157.0,-157.0,-157.0,-154.5,-154.0,-154.5,-154.5,-157.0,-155.0,-153.0,-157.0,-157.0,-157.0,-157.0,-157.0,-155.5,-157.0,-154.5,-152.5,-157.0,-153.0,-152.5,-152.0,-157.0,-157.0,-153.5,-157.0,-157.0,-155.5,-156.0,-157.0,-157.0,-154.5,-157.0,-157.0,-154.0,-156.0,-157.0,-157.0
2026-01-17 14:24:14.278,143.049967,5,-77,-157.0,-157.0,-150.0,-154.5,-156.0,-152.5,-151.5,-157.0,-157.0,-157.0,-154.0,-150.0,-151.5,-156.5,-154.0,-157.0,-157.0,-157.0,-156.5,-154.5,-157.0,-157.0,-157.0,-153.0,-154.0,-157.0,-152.0,-151.5,-153.5,-157.0,-155.5,-157.0,-156.5,-154.0,-157.0,-157.0,-157.0,-157.0,-157.0,-157.0,-156.5,-155.5,-156.5,-154.0,-157.0,-157.0,-157.0,-157.0,-157.0,-156.0,-157.0,-153.5,-156.5,-157.0,-152.0,-151.5,-157.0,-157.0,-151.5,-154.5,-157.0,-157.0,-155.5,-155.0,-157.0,-157.0,-157.0,-155.0,-156.5,-153.0,-157.0,-154.5,-157.0,-156.0,-151.5,-147.5,-149.0,-157.0,-156.0,-152.0,-155.5,-152.5,-154.0,-154.5,-157.0,-156.5,-157.0,-157.0,-156.0,-157.0,-150.0,-151.5,-152.5,-154.0,-157.0,-157.0,-156.5,-154.0,-157.0,-157.0,-152.0,-153.0,-151.0,-152.5,-153.0,-155.5,-157.0,-155.5,-157.0,-157.0,-156.5,-157.0,-153.0,-153.0,-157.0,-157.0,-155.0,-157.0,-157.0,-157.0,-157.0,-154.5,-157.0,-157.0,-155.5,-153.0,-154.5,-157.0,-157.0,-155.5,-157.0,-153.5,-154.0,-157.0,-157.0,-157.0,-157.0,-157.0,-157.0,-157.0,-154.0,-153.0,-152.0,-157.0,-153.0,-157.0,-157.0,-157.0,-155.5,-151.0,-152.5,-157.0,-156.0,-154.5,-155.0,-152.5,-157.0,-157.0,-155.5,-156.5,-156.5,-157.0,-155.0,-153.5,-157.0,-156.0,-154.5,-157.0,-157.0,-157.0,-150.5,-149.5,-157.0,-156.5,-156.0,-155.0,-153.5,-152.0,-152.5,-153.5,-151.5,-151.5,-150.5,-157.0,-156.0,-155.5,-157.0,-154.5,-152.5,-157.0,-157.0,-157.0,-151.0,-151.5,-154.5,-156.5,-155.5,-155.0,-157.0,-157.0,-154.5,-155.0,-156.0,-157.0,-157.0,-157.0,-157.0,-157.0,-157.0,-157.0,-155.5,-157.0,-157.0,-155.0,-152.5,-152.5,-156.0,-157.0,-155.5,-152.5,-153.5,-155.5,-154.0,-156.0,-150.5,-157.0,-157.0,-157.0,-156.0,-157.0,-153.5,-154.0,-157.0,-152.0,-156.5,-157.0,-157.0,-156.0,-157.0,-157.0,-157.0,-157.0,-157.0,-157.0,-157.0,-157.0,-157.0,-157.0,-157.0,-155.0,-152.5,-155.5,-157.0,-157.0,-155.5,-157.0,-157.0,-155.5,-156.0,-154.0,-154.0,-155.0,-157.0,-152.5,-152.5,-152.5,-157.0,-157.0,-157.0,-155.0,-154.5,-157.0,-157.0,-157.0,-157.0,-157.0,-154.5,-156.0,-157.0,-157.0,-157.0,-157.0,-157.0,-156.5,-154.0,-155.5,-157.0,-157.0,-157.0,-157.0,-157.0,-151.0,-155.5,-157.0,-157.0,-157.0,-156.0,-154.0,-155.5,-153.5,-157.0,-157.0,-151.0,-157.0,-157.0,-157.0,-152.0,-154.5,-153.5,-156.0,-156.5,-157.0,-157.0,-157.0,-157.0,-155.5,-156.0,-152.5,-154.5,-157.0,-157.0,-155.0,-157.0,-152.5,-150.5,-157.0,-157.0,-157.0,-157.0,-157.0,-157.0,-155.5,-153.5,-151.5,-154.5,-154.0,-157.0,-154.5,-151.0,-152.5,-157.0,-157.0,-157.0,-157.0,-156.0,-157.0,-157.0,-155.5,-154.5,-157.0,-157.0,-156.5,-157.0,-156.5,-154.0,-154.0,-156.0,-157.0,-153.0,-156.5,-157.0,-156.0,-157.0,-157.0,-153.0,-156.0,-157.0,-157.0,-153.0,-153.0,-157.0,-152.0,-151.5,-157.0,-153.0,-157.0,-157.0,-152.5,-150.0,-155.5,-157.0,-152.0,-157.0,-157.0,-155.5,-157.0,-157.0,-153.0,-152.0,-157.0,-157.0,-156.5,-152.5,-151.5,-153.0,-157.0,-154.5,-157.0,-157.0,-151.5,-153.0,-154.0,-157.0,-154.5,-151.5,-151.0,-157.0,-157.0,-157.0,-157.0,-157.0,-157.0,-157.0,-157.0,-157.0,-157.0,-157.0,-157.0,-157.0,-154.5,-153.5,-157.0,-154.0,-156.5,-157.0,-154.5,-157.0,-157.0,-157.0,-154.0,-152.5,-151.5,-155.5,-153.0,-157.0,-157.0,-157.0,-157.0,-157.0,-154.5,-155.0,-157.0,-157.0,-154.0,-152.0,-153.5,-153.5,-156.0,-156.5,-154.5,-153.5,-153.0,-155.5,-156.5,-152.5,-157.0,-157.0,-156.0,-154.5,-157.0,-157.0,-155.0,-155.5,-157.0,-157.0,-156.5,-157.0,-157.0,-154.0,-157.0,-157.0,-157.0,-157.0,-157.0,-157.0
2026-01-17 14:24:14.310,143.049967,5,-77,-157.0,-157.0,-151.5,-154.5,-154.5,-157.0,-154.0,-157.0,-153.0,-155.5,-154.5,-156.0,-153.5,-157.0,-151.5,-153.5,-157.0,-153.5,-154.5,-156.0,-157.0,-157.0,-157.0,-154.5,-157.0,-157.0,-155.5,-156.5,-157.0,-157.0,-155.0,-157.0,-157.0,-153.0,-151.5,-153.5,-157.0,-157.0,-157.0,-157.0,-157.0,-157.0,-156.5,-154.0,-157.0,-153.0,-157.0,-156.5,-157.0,-154.5,-157.0,-156.5,-157.0,-157.0,-155.0,-154.5,-156.0,-156.5,-152.5,-155.5,-156.5,-155.5,-152.5,-152.5,-157.0,-157.0,-157.0,-151.0,-153.0,-150.0,-155.5,-153.0,-157.0,-156.5,-154.5,-155.5,-154.5,-157.0,-157.0,-152.0,-153.5,-154.0,-157.0,-155.5,-157.0,-154.5,-153.5,-157.0,-157.0,-155.5,-154.5,-157.0,-157.0,-157.0,-157.0,-157.0,-157.0,-155.5,-156.5,-156.5,-151.0,-151.0,-149.5,-152.0,-157.0,-154.0,-157.0,-157.0,-157.0,-155.0,-153.0,-153.0,-155.5,-154.0,-157.0,-157.0,-154.5,-157.0,-157.0,-157.0,-157.0,-154.0,-156.0,-157.0,-157.0,-154.5,-154.0,-157.0,-157.0,-157.0,-157.0,-152.5,-151.5,-157.0,-157.0,-157.0,-157.0,-157.0,-157.0,-157.0,-154.5,-155.5,-153.5,-157.0,-155.0,-157.0,-156.5,-156.0,-157.0,-157.0,-157.0,-157.0,-157.0,-157.0,-157.0,-154.0,-154.0,-155.5,-157.0,-157.0,-155.5,-157.0,-153.5,-156.5,-157.0,-157.0,-157.0,-157.0,-157.0,-157.0,-154.5,-151.5,-153.0,-157.0,-155.5,-155.0,-153.5,-153.5,-154.5,-153.0,-157.0,-154.0,-152.5,-157.0,-157.0,-154.5,-154.0,-150.5,-149.0,-157.0,-157.0,-157.0,-152.0,-156.0,-152.0,-155.5,-157.0,-157.0,-157.0,-157.0,-153.0,-156.5,-157.0,-157.0,-157.0,-157.0,-157.0,-157.0,-157.0,-157.0,-155.5,-157.0,-155.5,-154.5,-153.5,-157.0,-157.0,-157.0,-154.5,-156.0,-157.0,-155.5,-157.0,-154.0,-152.0,-157.0,-157.0,-157.0,-155.5,-156.0,-152.5,-157.0,-157.0,-155.0,-155.5,-157.0,-157.0,-155.0,-157.0,-155.5,-157.0,-157.0,-157.0,-157.0,-157.0,-155.0,-154.5,-157.0,-157.0,-156.5,-150.0,-150.0,-155.5,-157.0,-154.5,-156.0,-157.0,-156.0,-157.0,-153.5,-153.5,-153.5,-157.0,-157.0,-154.5,-153.5,-156.5,-157.0,-157.0,-157.0,-156.5,-157.0,-157.0,-157.0,-157.0,-157.0,-152.0,-155.5,-157.0,-157.0,-157.0,-156.5,-155.0,-157.0,-157.0,-156.5,-157.0,-157.0,-157.0,-157.0,-154.5,-152.0,-157.0,-157.0,-157.0,-157.0,-157.0,-152.5,-152.0,-157.0,-157.0,-154.5,-151.5,-157.0,-157.0,-157.0,-153.0,-151.0,-151.0,-154.5,-155.0,-155.5,-157.0,-157.0,-157.0,-157.0,-157.0,-156.5,-157.0,-155.5,-152.0,-151.0,-156.5,-150.5,-148.5,-157.0,-155.5,-157.0,-157.0,-157.0,-156.0,-150.0,-150.0,-152.0,-154.0,-155.5,-154.0,-154.0,-156.5,-154.0,-157.0,-157.0,-157.0,-157.0,-157.0,-157.0,-157.0,-157.0,-156.5,-157.0,-155.0,-153.5,-157.0,-157.0,-155.0,-156.5,-155.5,-154.5,-157.0,-157.0,-155.0,-155.5,-157.0,-154.0,-154.5,-154.5,-157.0,-157.0,-156.0,-155.5,-157.0,-150.0,-150.0,-157.0,-156.5,-157.0,-155.5,-154.0,-155.0,-157.0,-157.0,-151.0,-152.5,-157.0,-157.0,-157.0,-154.0,-153.5,-157.0,-157.0,-156.0,-157.0,-156.5,-154.5,-150.5,-153.5,-155.0,-156.0,-153.0,-152.5,-157.0,-155.5,-157.0,-157.0,-152.0,-151.0,-155.5,-155.5,-157.0,-157.0,-154.5,-151.0,-151.5,-157.0,-157.0,-157.0,-157.0,-157.0,-157.0,-157.0,-153.5,-154.5,-155.5,-157.0,-157.0,-151.5,-156.0,-154.0,-157.0,-152.0,-151.5,-151.5,-151.0,-149.5,-156.5,-157.0,-157.0,-157.0,-157.0,-154.5,-155.5,-157.0,-157.0,-157.0,-154.5,-153.0,-152.5,-154.5,-155.5,-155.5,-157.0,-155.5,-149.5,-150.5,-153.0,-157.0,-157.0,-157.0,-156.5,-155.0,-156.5,-157.0,-156.5,-157.0,-157.0,-157.0,-156.5,-157.0,-154.0,-157.0,-157.0,-157.0,-157.0,-157.0,-157.0
2026-01-17 14:24:14.346,143.049967,5,-77,-157.0,-157.0,-156.0,-153.0,-154.5,-157.0,-157.0,-156.5,-150.5,-153.5,-152.0,-153.0,-151.5,-153.5,-150.0,-149.0,-157.0,-152.5,-155.5,-156.5,-155.5,-153.5,-155.5,-155.0,-153.0,-157.0,-157.0,-157.0,-157.0,-157.0,-157.0,-157.0,-157.0,-155.5,-151.0,-153.0,-157.0,-157.0,-157.0,-157.0,-157.0,-157.0,-157.0,-153.0,-156.5,-151.0,-152.5,-157.0,-155.0,-156.5,-157.0,-157.0,-157.0,-157.0,-157.0,-157.0,-156.5,-157.0,-156.5,-157.0,-157.0,-157.0,-156.0,-154.0,-157.0,-157.0,-155.5,-152.5,-152.0,-149.5,-152.5,-150.5,-155.0,-156.5,-157.0,-157.0,-156.0,-155.0,-157.0,-154.5,-157.0,-156.0,-154.0,-157.0,-157.0,-155.5,-155.0,-156.0,-157.0,-156.0,-157.0,-157.0,-157.0,-157.0,-157.0,-157.0,-157.0,-157.0,-157.0,-157.0,-156.5,-148.5,-148.5,-157.0,-157.0,-155.5,-154.5,-156.5,-157.0,-157.0,-157.0,-153.5,-153.0,-153.5,-157.0,-157.0,-153.0,-157.0,-151.5,-151.0,-157.0,-157.0,-157.0,-157.0,-157.0,-155.0,-155.5,-157.0,-157.0,-157.0,-153.5,-157.0,-151.5,-157.0,-156.5,-157.0,-157.0,-157.0,-155.5,-157.0,-154.0,-155.0,-154.5,-157.0,-157.0,-157.0,-155.5,-156.0,-157.0,-157.0,-157.0,-157.0,-157.0,-157.0,-157.0,-155.0,-153.5,-154.5,-157.0,-157.0,-157.0,-157.0,-155.5,-155.5,-155.5,-156.5,-157.0,-157.0,-157.0,-157.0,-157.0,-155.0,-155.0,-157.0,-152.0,-153.0,-156.5,-157.0,-157.0,-155.5,-157.0,-157.0,-156.5,-157.0,-157.0,-154.0,-152.5,-156.0,-149.5,-154.5,-157.0,-152.0,-150.0,-154.5,-151.5,-154.0,-157.0,-157.0,-157.0,-153.5,-154.5,-157.0,-156.0,-156.5,-157.0,-157.0,-157.0,-157.0,-157.0,-152.5,-152.5,-156.5,-156.5,-157.0,-156.0,-157.0,-157.0,-157.0,-157.0,-154.0,-157.0,-157.0,-157.0,-155.5,-155.5,-157.0,-157.0,-157.0,-154.5,-151.5,-150.5,-157.0,-156.5,-155.0,-155.0,-154.5,-153.0,-155.0,-153.5,-151.0,-154.0,-157.0,-157.0,-155.0,-155.0,-154.0,-154.5,-156.0,-157.0,-152.5,-152.5,-150.5,-154.5,-157.0,-155.0,-155.5,-157.0,-157.0,-157.0,-155.0,-154.0,-157.0,-157.0,-157.0,-157.0,-153.5,-153.0,-157.0,-157.0,-157.0,-157.0,-157.0,-157.0,-156.0,-156.0,-156.5,-152.0,-157.0,-157.0,-157.0,-157.0,-153.0,-152.5,-157.0,-157.0,-157.0,-157.0,-157.0,-156.0,-157.0,-154.0,-153.0,-157.0,-157.0,-157.0,-157.0,-157.0,-156.0,-156.0,-157.0,-157.0,-149.5,-148.5,-157.0,-157.0,-157.0,-155.5,-152.5,-151.5,-154.0,-152.0,-153.5,-157.0,-157.0,-157.0,-156.0,-157.0,-157.0,-157.0,-155.0,-153.0,-153.5,-155.0,-154.5,-150.0,-155.0,-153.0,-154.0,-156.5,-154.0,-156.0,-149.0,-151.0,-150.5,-150.5,-157.0,-153.0,-153.0,-157.0,-157.0,-157.0,-157.0,-155.0,-157.0,-154.5,-157.0,-157.0,-157.0,-154.5,-157.0,-155.0,-152.5,-157.0,-157.0,-157.0,-156.0,-152.0,-152.5,-157.0,-157.0,-153.5,-154.5,-157.0,-153.0,-157.0,-157.0,-157.0,-157.0,-157.0,-157.0,-157.0,-154.0,-156.5,-157.0,-157.0,-157.0,-157.0,-154.5,-157.0,-157.0,-157.0,-151.5,-151.5,-157.0,-157.0,-157.0,-153.5,-152.5,-157.0,-157.0,-157.0,-157.0,-157.0,-157.0,-151.0,-153.5,-157.0,-157.0,-154.0,-157.0,-157.0,-157.0,-155.5,-157.0,-152.5,-155.5,-154.0,-157.0,-157.0,-157.0,-157.0,-151.5,-151.0,-157.0,-157.0,-157.0,-157.0,-157.0,-157.0,-157.0,-157.0,-157.0,-157.0,-157.0,-153.5,-152.5,-153.5,-155.0,-156.5,-154.0,-157.0,-157.0,-151.0,-149.0,-153.5,-155.0,-157.0,-157.0,-157.0,-155.0,-155.0,-157.0,-157.0,-157.0,-157.0,-153.5,-155.0,-154.5,-157.0,-157.0,-157.0,-157.0,-150.0,-153.0,-155.0,-157.0,-157.0,-157.0,-157.0,-155.5,-154.0,-157.0,-155.5,-157.0,-157.0,-157.0,-157.0,-157.0,-156.5,-157.0,-157.0,-157.0,-157.0,-157.0,-157.0
2026-01-17 14:24:14.379,143.049967,5,-77,-157.0,-157.0,-157.0,-153.5,-157.0,-157.0,-157.0,-154.0,-151.5,-156.0,-152.5,-152.5,-155.5,-153.5,-151.0,-149.5,-157.0,-154.0,-154.5,-156.0,-153.0,-152.0,-154.0,-153.0,-152.5,-152.5,-157.0,-154.5,-155.5,-157.0,-157.0,-157.0,-157.0,-157.0,-152.0,-157.0,-157.0,-157.0,-157.0,-157.0,-157.0,-157.0,-157.0,-151.0,-152.5,-155.0,-157.0,-157.0,-155.5,-157.0,-157.0,-157.0,-156.0,-157.0,-154.5,-157.0,-157.0,-157.0,-157.0,-157.0,-157.0,-157.0,-157.0,-156.0,-157.0,-157.0,-156.0,-157.0,-157.0,-151.0,-151.5,-150.5,-151.5,-157.0,-155.5,-157.0,-153.0,-153.5,-157.0,-157.0,-157.0,-154.5,-154.0,-156.0,-157.0,-155.0,-155.0,-152.5,-157.0,-155.5,-157.0,-157.0,-157.0,-157.0,-157.0,-156.5,-157.0,-157.0,-157.0,-157.0,-155.0,-151.0,-152.0,-157.0,-157.0,-154.5,-151.5,-155.0,-156.0,-154.5,-157.0,-156.5,-155.5,-156.5,-157.0,-155.0,-153.0,-157.0,-152.5,-150.0,-157.0,-157.0,-157.0,-157.0,-157.0,-157.0,-157.0,-154.5,-154.0,-157.0,-151.0,-152.0,-151.0,-154.0,-157.0,-157.0,-157.0,-155.0,-154.5,-154.0,-154.0,-157.0,-155.0,-157.0,-156.5,-156.0,-156.0,-157.0,-156.5,-157.0,-157.0,-157.0,-157.0,-157.0,-157.0,-155.0,-157.0,-156.5,-157.0,-157.0,-157.0,-157.0,-157.0,-154.5,-153.5,-152.5,-157.0,-157.0,-157.0,-157.0,-157.0,-157.0,-157.0,-157.0,-154.5,-157.0,-157.0,-157.0,-156.5,-153.5,-156.5,-157.0,-155.5,-153.5,-157.0,-157.0,-156.0,-155.0,-152.5,-152.5,-151.5,-151.5,-151.5,-156.5,-154.0,-157.0,-156.0,-157.0,-157.0,-155.5,-157.0,-155.0,-156.0,-155.0,-157.0,-153.5,-154.0,-157.0,-157.0,-150.0,-150.0,-155.5,-157.0,-157.0,-155.5,-156.0,-155.5,-152.5,-156.5,-155.0,-154.5,-157.0,-157.0,-157.0,-157.0,-157.0,-155.5,-157.0,-157.0,-153.5,-152.0,-157.0,-156.0,-156.5,-157.0,-155.5,-151.5,-157.0,-155.0,-152.5,-157.0,-157.0,-157.0,-154.5,-154.0,-155.5,-151.0,-153.0,-157.0,-152.5,-155.0,-152.5,-156.5,-157.0,-157.0,-157.0,-155.0,-157.0,-156.5,-157.0,-157.0,-157.0,-155.5,-157.0,-157.0,-157.0,-154.0,-154.5,-157.0,-157.0,-153.5,-157.0,-157.0,-157.0,-157.0,-155.0,-152.5,-157.0,-157.0,-156.0,-153.5,-155.5,-152.0,-154.5,-157.0,-157.0,-157.0,-155.5,-152.5,-154.0,-155.0,-156.5,-157.0,-157.0,-157.0,-157.0,-157.0,-157.0,-157.0,-154.5,-157.0,-150.0,-151.0,-152.5,-157.0,-154.5,-154.0,-154.0,-154.5,-157.0,-151.5,-153.0,-157.0,-157.0,-157.0,-157.0,-154.5,-157.0,-157.0,-157.0,-157.0,-157.0,-154.5,-157.0,-155.5,-156.5,-153.0,-156.5,-157.0,-155.0,-156.0,-150.5,-156.5,-152.0,-154.5,-157.0,-155.5,-157.0,-157.0,-157.0,-153.5,-151.5,-157.0,-153.0,-152.0,-157.0,-157.0,-157.0,-154.0,-156.0,-157.0,-152.0,-152.0,-154.5,-157.0,-157.0,-155.0,-157.0,-157.0,-151.5,-150.5,-157.0,-153.5,-153.0,-157.0,-157.0,-157.0,-154.5,-157.0,-157.0,-157.0,-156.0,-157.0,-156.5,-156.0,-157.0,-156.0,-153.0,-156.0,-157.0,-157.0,-157.0,-154.0,-157.0,-154.5,-156.5,-157.0,-154.0,-153.0,-157.0,-157.0,-157.0,-157.0,-154.5,-154.0,-155.0,-154.5,-157.0,-157.0,-157.0,-157.0,-156.0,-156.0,-157.0,-152.0,-155.5,-153.5,-157.0,-157.0,-155.5,-154.5,-155.5,-156.0,-157.0,-157.0,-157.0,-156.0,-157.0,-157.0,-157.0,-157.0,-156.5,-156.0,-157.0,-153.0,-155.0,-155.0,-157.0,-155.0,-155.5,-157.0,-157.0,-151.5,-150.0,-156.0,-156.5,-157.0,-156.0,-157.0,-157.0,-156.5,-157.0,-157.0,-154.5,-155.5,-155.5,-157.0,-155.5,-154.0,-157.0,-156.5,-157.0,-152.5,-157.0,-157.0,-157.0,-156.5,-157.0,-157.0,-155.5,-154.0,-157.0,-153.5,-157.0,-157.0,-157.0,-157.0,-156.0,-157.0,-157.0,-157.0,-157.0,-157.0,-157.0,-157.0
2026-01-17 14:24:14.416,143.049967,5,-77,-157.0,-157.0,-157.0,-155.5,-155.5,-157.0,-157.0,-152.5,-156.0,-157.0,-157.0,-156.0,-157.0,-154.5,-154.0,-152.5,-157.0,-155.5,-157.0,-154.0,-156.0,-156.5,-154.0,-152.0,-155.5,-152.0,-152.5,-153.0,-154.5,-157.0,-157.0,-157.0,-157.0,-153.0,-152.0,-155.5,-155.5,-155.5,-156.0,-155.0,-155.0,-154.0,-157.0,-152.5,-157.0,-157.0,-157.0,-156.5,-156.5,-157.0,-157.0,-154.5,-154.0,-153.5,-151.5,-152.5,-157.0,-157.0,-154.0,-157.0,-157.0,-156.5,-157.0,-157.0,-157.0,-157.0,-155.0,-157.0,-153.5,-151.0,-157.0,-157.0,-157.0,-157.0,-154.5,-156.0,-153.0,-157.0,-157.0,-157.0,-157.0,-156.5,-156.5,-154.5,-155.5,-154.5,-152.5,-155.5,-157.0,-154.5,-154.5,-156.5,-157.0,-157.0,-153.0,-154.0,-153.5,-154.0,-157.0,-155.0,-153.0,-153.0,-156.5,-157.0,-157.0,-152.0,-153.5,-157.0,-157.0,-153.0,-154.5,-157.0,-157.0,-157.0,-157.0,-152.0,-151.0,-157.0,-156.5,-154.5,-157.0,-157.0,-157.0,-157.0,-157.0,-157.0,-157.0,-154.0,-152.0,-153.5,-151.5,-151.0,-154.0,-156.0,-156.0,-157.0,-157.0,-157.0,-157.0,-157.0,-156.0,-157.0,-157.0,-157.0,-157.0,-157.0,-153.0,-154.0,-157.0,-156.5,-157.0,-157.0,-156.5,-157.0,-157.0,-156.0,-157.0,-157.0,-157.0,-157.0,-156.5,-155.0,-157.0,-153.5,-155.5,-156.0,-157.0,-157.0,-157.0,-157.0,-157.0,-157.0,-156.0,-154.0,-157.0,-157.0,-157.0,-155.5,-153.5,-152.5,-157.0,-155.5,-157.0,-154.5,-157.0,-157.0,-157.0,-157.0,-157.0,-152.5,-152.5,-155.5,-154.0,-157.0,-157.0,-157.0,-156.0,-157.0,-157.0,-157.0,-157.0,-151.0,-157.0,-157.0,-157.0,-153.5,-153.5,-157.0,-157.0,-154.5,-153.5,-157.0,-157.0,-154.5,-155.0,-152.0,-156.0,-152.0,-157.0,-157.0,-157.0,-157.0,-157.0,-157.0,-157.0,-156.0,-157.0,-157.0,-157.0,-155.5,-155.0,-151.0,-150.5,-153.0,-157.0,-154.5,-152.5,-157.0,-156.0,-157.0,-157.0,-157.0,-157.0,-157.0,-155.5,-153.5,-149.5,-152.5,-157.0,-156.0,-157.0,-153.5,-157.0,-157.0,-157.0,-157.0,-157.0,-157.0,-157.0,-157.0,-157.0,-157.0,-157.0,-157.0,-157.0,-157.0,-157.0,-155.0,-157.0,-157.0,-151.5,-157.0,-157.0,-157.0,-157.0,-157.0,-153.0,-157.0,-157.0,-156.0,-153.5,-156.0,-152.5,-154.5,-157.0,-156.0,-156.0,-157.0,-154.5,-153.5,-157.0,-157.0,-157.0,-157.0,-156.5,-157.0,-157.0,-156.5,-157.0,-156.5,-157.0,-153.0,-152.5,-157.0,-157.0,-156.0,-157.0,-157.0,-156.0,-157.0,-157.0,-154.0,-154.0,-153.5,-157.0,-152.0,-152.0,-157.0,-155.0,-157.0,-157.0,-157.0,-156.0,-157.0,-157.0,-156.0,-155.5,-157.0,-152.5,-154.5,-155.0,-153.0,-152.0,-154.0,-157.0,-157.0,-156.0,-157.0,-157.0,-157.0,-154.5,-151.0,-157.0,-154.0,-155.0,-157.0,-157.0,-157.0,-153.5,-156.0,-155.5,-157.0,-154.0,-157.0,-157.0,-157.0,-157.0,-155.5,-157.0,-151.5,-152.0,-157.0,-154.5,-157.0,-155.5,-157.0,-157.0,-155.5,-157.0,-157.0,-156.5,-157.0,-157.0,-153.0,-157.0,-156.5,-154.0,-154.0,-156.0,-155.5,-156.0,-157.0,-157.0,-155.5,-155.0,-154.0,-157.0,-157.0,-152.5,-154.0,-157.0,-157.0,-157.0,-157.0,-157.0,-153.5,-155.5,-155.5,-154.5,-157.0,-157.0,-155.5,-154.5,-157.0,-151.5,-153.5,-154.0,-157.0,-157.0,-156.5,-152.0,-153.0,-157.0,-156.5,-156.0,-157.0,-153.0,-154.5,-157.0,-157.0,-157.0,-152.0,-153.0,-157.0,-153.5,-155.5,-154.0,-157.0,-157.0,-155.0,-157.0,-157.0,-152.0,-150.5,-154.5,-157.0,-154.0,-154.0,-157.0,-157.0,-155.5,-157.0,-157.0,-151.5,-153.0,-154.0,-157.0,-157.0,-153.5,-157.0,-156.5,-157.0,-152.0,-156.0,-157.0,-157.0,-155.5,-156.5,-156.5,-153.0,-153.5,-157.0,-154.0,-157.0,-157.0,-157.0,-157.0,-155.5,-155.0,-156.5,-157.0,-157.0,-156.0,-156.5,-156.0
2026-01-17 14:24:14.446,143.049967,5,-77,-157.0,-157.0,-157.0,-155.0,-157.0,-155.0,-155.0,-153.0,-157.0,-157.0,-156.5,-157.0,-155.0,-154.0,-157.0,-157.0,-157.0,-156.5,-157.0,-157.0,-157.0,-155.0,-157.0,-155.5,-155.0,-157.0,-154.0,-157.0,-157.0,-157.0,-157.0,-157.0,-157.0,-154.5,-155.5,-154.0,-153.5,-157.0,-157.0,-154.5,-157.0,-150.5,-153.5,-154.5,-155.0,-157.0,-155.5,-154.0,-154.5,-156.5,-157.0,-157.0,-157.0,-156.0,-154.5,-153.5,-157.0,-154.0,-154.0,-157.0,-157.0,-157.0,-157.0,-157.0,-157.0,-157.0,-154.0,-155.0,-153.5,-150.5,-156.0,-157.0,-157.0,-155.0,-157.0,-155.0,-155.5,-157.0,-157.0,-157.0,-157.0,-155.5,-154.5,-156.0,-154.0,-157.0,-153.5,-157.0,-157.0,-157.0,-153.5,-154.0,-157.0,-155.5,-153.5,-157.0,-153.5,-154.0,-154.5,-153.0,-153.0,-152.5,-154.0,-157.0,-157.0,-153.5,-155.5,-157.0,-157.0,-152.0,-154.0,-154.0,-155.5,-157.0,-157.0,-156.5,-150.5,-153.5,-157.0,-157.0,-156.5,-157.0,-157.0,-157.0,-157.0,-156.0,-153.0,-153.5,-155.5,-151.0,-153.0,-152.5,-152.5,-157.0,-154.0,-157.0,-157.0,-157.0,-157.0,-157.0,-157.0,-157.0,-157.0,-157.0,-157.0,-157.0,-149.5,-151.0,-157.0,-152.5,-157.0,-157.0,-157.0,-157.0,-157.0,-157.0,-157.0,-157.0,-157.0,-157.0,-157.0,-154.0,-155.5,-157.0,-157.0,-157.0,-157.0,-157.0,-154.5,-157.0,-157.0,-154.0,-152.0,-152.5,-154.5,-151.5,-152.0,-157.0,-150.0,-151.0,-157.0,-154.5,-157.0,-157.0,-157.0,-157.0,-157.0,-157.0,-157.0,-154.0,-157.0,-156.5,-154.5,-157.0,-157.0,-157.0,-157.0,-153.5,-153.5,-157.0,-157.0,-151.0,-157.0,-157.0,-157.0,-153.0,-152.5,-157.0,-154.5,-157.0,-157.0,-157.0,-157.0,-152.0,-154.0,-151.5,-157.0,-155.5,-155.5,-157.0,-156.0,-157.0,-156.5,-157.0,-157.0,-157.0,-157.0,-157.0,-157.0,-157.0,-156.5,-151.5,-152.5,-155.0,-153.5,-154.0,-155.5,-156.0,-155.5,-157.0,-157.0,-157.0,-157.0,-156.0,-154.0,-155.0,-155.0,-153.0,-153.5,-154.0,-157.0,-153.5,-157.0,-156.0,-157.0,-157.0,-157.0,-157.0,-157.0,-157.0,-157.0,-157.0,-157.0,-156.0,-157.0,-157.0,-157.0,-156.5,-156.5,-157.0,-153.0,-157.0,-157.0,-157.0,-157.0,-157.0,-152.5,-157.0,-157.0,-156.0,-155.5,-155.5,-157.0,-157.0,-157.0,-155.5,-154.5,-157.0,-157.0,-155.0,-157.0,-157.0,-157.0,-157.0,-157.0,-157.0,-156.5,-153.0,-155.5,-157.0,-155.0,-156.5,-152.0,-157.0,-157.0,-157.0,-157.0,-157.0,-157.0,-154.5,-157.0,-153.0,-153.0,-153.5,-152.5,-150.0,-155.0,-156.0,-153.5,-155.5,-157.0,-157.0,-157.0,-157.0,-157.0,-156.5,-157.0,-157.0,-153.5,-154.5,-157.0,-157.0,-155.0,-157.0,-157.0,-156.5,-157.0,-155.5,-157.0,-157.0,-157.0,-152.5,-157.0,-156.5,-157.0,-155.0,-157.0,-157.0,-153.0,-152.0,-157.0,-157.0,-157.0,-156.5,-156.5,-157.0,-156.0,-152.5,-156.0,-154.5,-154.5,-153.0,-156.0,-157.0,-156.5,-157.0,-157.0,-155.5,-157.0,-157.0,-157.0,-157.0,-157.0,-155.0,-157.0,-157.0,-157.0,-157.0,-155.0,-155.0,-152.0,-157.0,-157.0,-157.0,-157.0,-156.5,-157.0,-157.0,-155.5,-157.0,-155.5,-156.5,-155.0,-157.0,-153.0,-152.5,-157.0,-153.0,-152.5,-155.5,-157.0,-157.0,-154.5,-155.0,-152.0,-157.0,-155.5,-156.0,-156.0,-153.5,-156.0,-153.0,-153.5,-157.0,-157.0,-156.0,-153.5,-153.0,-155.5,-157.0,-157.0,-153.5,-152.5,-153.0,-154.5,-154.0,-157.0,-157.0,-156.5,-153.5,-157.0,-157.0,-156.0,-154.0,-154.5,-157.0,-153.0,-152.0,-157.0,-157.0,-157.0,-157.0,-155.5,-153.5,-157.0,-155.0,-157.0,-156.5,-155.0,-157.0,-157.0,-157.0,-154.5,-157.0,-157.0,-157.0,-157.0,-157.0,-156.0,-155.0,-157.0,-153.5,-153.5,-157.0,-157.0,-157.0,-157.0,-157.0,-154.0,-156.5,-157.0,-157.0,-156.5,-157.0,-157.0
2026-01-17 14:24:14.479,143.049967,5,-77,-157.0,-157.0,-157.0,-154.0,-157.0,-157.0,-153.5,-152.0,-157.0,-157.0,-157.0,-157.0,-157.0,-154.0,-157.0,-157.0,-157.0,-156.0,-152.0,-154.0,-157.0,-153.5,-157.0,-157.0,-157.0,-157.0,-157.0,-157.0,-157.0,-155.0,-155.5,-157.0,-157.0,-157.0,-157.0,-157.0,-156.5,-157.0,-157.0,-151.5,-154.5,-151.0,-155.0,-155.0,-151.5,-157.0,-152.0,-150.5,-153.0,-153.5,-157.0,-157.0,-157.0,-157.0,-156.0,-157.0,-153.5,-153.0,-156.5,-157.0,-157.0,-156.0,-155.5,-154.5,-155.5,-156.0,-157.0,-157.0,-157.0,-153.0,-152.0,-157.0,-154.0,-153.0,-157.0,-157.0,-157.0,-157.0,-157.0,-157.0,-157.0,-153.5,-154.5,-156.5,-152.5,-157.0,-157.0,-157.0,-157.0,-157.0,-156.5,-154.5,-154.0,-154.5,-157.0,-157.0,-154.0,-156.5,-154.0,-156.0,-153.0,-156.0,-153.5,-154.0,-157.0,-156.5,-156.0,-157.0,-157.0,-153.0,-157.0,-152.0,-151.0,-154.0,-157.0,-156.5,-149.5,-152.5,-157.0,-157.0,-156.5,-157.0,-157.0,-157.0,-157.0,-157.0,-152.5,-154.0,-155.5,-151.5,-157.0,-153.0,-152.5,-154.5,-157.0,-157.0,-157.0,-156.0,-157.0,-156.0,-155.5,-157.0,-154.0,-157.0,-157.0,-157.0,-151.5,-152.5,-157.0,-152.0,-155.5,-157.0,-157.0,-157.0,-157.0,-157.0,-155.5,-154.0,-155.0,-157.0,-157.0,-154.5,-153.0,-157.0,-157.0,-157.0,-157.0,-154.0,-152.0,-157.0,-157.0,-151.5,-149.5,-157.0,-157.0,-152.0,-151.0,-154.5,-154.0,-156.5,-155.5,-154.0,-150.5,-150.5,-157.0,-157.0,-157.0,-157.0,-154.0,-153.5,-157.0,-157.0,-157.0,-157.0,-157.0,-157.0,-157.0,-152.0,-151.0,-155.5,-156.5,-157.0,-157.0,-157.0,-157.0,-154.5,-154.5,-156.0,-153.0,-157.0,-156.0,-157.0,-157.0,-152.5,-152.0,-155.5,-157.0,-157.0,-156.5,-157.0,-152.0,-155.5,-154.5,-157.0,-157.0,-156.5,-154.0,-155.0,-157.0,-157.0,-157.0,-155.0,-157.0,-157.0,-155.0,-157.0,-155.0,-153.0,-155.5,-153.5,-157.0,-157.0,-154.5,-155.0,-153.5,-157.0,-157.0,-150.5,-149.5,-151.5,-157.0,-155.0,-156.5,-157.0,-157.0,-157.0,-157.0,-156.0,-156.5,-157.0,-157.0,-157.0,-154.0,-155.0,-157.0,-157.0,-157.0,-157.0,-155.0,-156.0,-155.5,-156.5,-157.0,-157.0,-157.0,-157.0,-153.0,-157.0,-157.0,-156.0,-157.0,-157.0,-156.5,-155.5,-155.0,-156.5,-152.5,-157.0,-157.0,-157.0,-157.0,-157.0,-157.0,-157.0,-157.0,-157.0,-153.0,-154.5,-156.5,-157.0,-157.0,-157.0,-155.0,-157.0,-157.0,-157.0,-157.0,-157.0,-157.0,-152.5,-157.0,-154.0,-156.0,-157.0,-156.5,-153.0,-157.0,-157.0,-156.5,-157.0,-157.0,-157.0,-157.0,-157.0,-157.0,-157.0,-156.5,-157.0,-157.0,-157.0,-157.0,-157.0,-157.0,-157.0,-157.0,-156.5,-157.0,-157.0,-157.0,-157.0,-157.0,-156.0,-157.0,-157.0,-154.0,-152.0,-156.0,-157.0,-157.0,-156.0,-156.5,-157.0,-157.0,-152.5,-148.5,-153.5,-157.0,-153.5,-157.0,-157.0,-152.5,-154.0,-157.0,-157.0,-157.0,-157.0,-157.0,-156.0,-157.0,-157.0,-157.0,-157.0,-157.0,-156.0,-157.0,-157.0,-157.0,-155.0,-155.0,-156.5,-153.5,-155.5,-157.0,-156.5,-157.0,-157.0,-157.0,-157.0,-157.0,-157.0,-157.0,-157.0,-153.0,-157.0,-151.5,-154.0,-157.0,-156.0,-150.5,-151.0,-157.0,-157.0,-157.0,-157.0,-152.0,-157.0,-157.0,-155.0,-152.5,-151.0,-155.5,-154.0,-150.5,-152.5,-157.0,-153.0,-157.0,-154.0,-154.0,-155.5,-152.5,-155.5,-156.0,-154.5,-156.5,-155.0,-157.0,-157.0,-154.5,-152.5,-157.0,-157.0,-156.0,-155.5,-157.0,-157.0,-153.5,-151.5,-154.0,-157.0,-157.0,-157.0,-157.0,-157.0,-157.0,-157.0,-155.0,-156.0,-157.0,-157.0,-157.0,-157.0,-157.0,-157.0,-157.0,-157.0,-157.0,-157.0,-156.5,-157.0,-157.0,-155.0,-157.0,-157.0,-157.0,-156.5,-157.0,-155.5,-154.5,-157.0,-157.0,-157.0,-155.5,-157.0,-157.0
2026-01-17 14:24:14.512,143.049967,5,-77,-157.0,-157.0,-157.0,-152.5,-155.0,-157.0,-155.5,-154.0,-157.0,-157.0,-157.0,-156.5,-157.0,-151.5,-152.5,-156.0,-155.5,-152.5,-149.0,-152.0,-157.0,-154.0,-156.0,-157.0,-157.0,-157.0,-157.0,-156.5,-155.0,-157.0,-157.0,-155.5,-157.0,-157.0,-157.0,-157.0,-154.5,-153.0,-157.0,-153.5,-155.5,-154.0,-155.5,-154.0,-153.5,-156.0,-157.0,-154.0,-157.0,-156.0,-157.0,-157.0,-157.0,-157.0,-153.0,-157.0,-153.0,-154.0,-155.0,-157.0,-157.0,-156.0,-157.0,-152.5,-152.5,-157.0,-157.0,-157.0,-157.0,-156.5,-153.0,-157.0,-153.5,-153.5,-157.0,-157.0,-155.5,-154.0,-156.0,-157.0,-157.0,-157.0,-153.0,-152.0,-152.0,-157.0,-157.0,-157.0,-157.0,-157.0,-157.0,-153.0,-154.0,-156.0,-155.5,-157.0,-154.0,-157.0,-157.0,-157.0,-157.0,-157.0,-151.0,-150.5,-153.5,-157.0,-157.0,-157.0,-157.0,-154.5,-157.0,-152.0,-153.0,-157.0,-157.0,-156.5,-153.0,-157.0,-157.0,-157.0,-157.0,-157.0,-157.0,-157.0,-155.5,-154.0,-150.0,-152.5,-154.0,-154.5,-157.0,-156.0,-155.5,-154.5,-157.0,-157.0,-154.5,-156.0,-155.5,-155.0,-155.5,-157.0,-154.0,-155.0,-157.0,-157.0,-157.0,-154.0,-157.0,-156.5,-157.0,-157.0,-157.0,-157.0,-157.0,-154.0,-154.5,-157.0,-157.0,-157.0,-157.0,-157.0,-153.5,-157.0,-154.5,-157.0,-157.0,-154.0,-153.0,-157.0,-157.0,-152.5,-151.5,-155.5,-157.0,-157.0,-157.0,-157.0,-157.0,-157.0,-157.0,-155.0,-147.5,-148.5,-151.0,-157.0,-157.0,-157.0,-152.0,-154.0,-157.0,-157.0,-157.0,-153.5,-155.0,-155.0,-155.5,-153.0,-152.5,-157.0,-157.0,-157.0,-157.0,-157.0,-154.0,-153.5,-156.0,-157.0,-153.5,-157.0,-153.0,-155.0,-157.0,-155.5,-155.5,-157.0,-157.0,-157.0,-156.0,-157.0,-151.0,-155.5,-157.0,-157.0,-156.5,-150.5,-150.5,-151.5,-157.0,-157.0,-157.0,-156.0,-157.0,-152.0,-153.0,-157.0,-155.5,-153.0,-156.0,-153.5,-156.5,-157.0,-154.5,-157.0,-157.0,-157.0,-157.0,-155.5,-154.0,-155.5,-157.0,-157.0,-157.0,-157.0,-157.0,-157.0,-154.5,-156.0,-155.5,-157.0,-157.0,-157.0,-154.0,-156.0,-157.0,-157.0,-157.0,-157.0,-156.0,-157.0,-155.0,-153.5,-155.5,-157.0,-157.0,-157.0,-154.0,-154.5,-157.0,-157.0,-157.0,-156.5,-153.5,-152.5,-152.5,-152.5,-152.0,-157.0,-157.0,-157.0,-153.5,-154.0,-157.0,-155.0,-155.0,-154.5,-155.5,-157.0,-157.0,-157.0,-157.0,-156.5,-157.0,-157.0,-157.0,-157.0,-157.0,-157.0,-157.0,-152.5,-155.0,-155.0,-153.0,-156.5,-157.0,-155.5,-157.0,-157.0,-157.0,-155.5,-155.5,-157.0,-157.0,-157.0,-157.0,-157.0,-155.5,-157.0,-153.5,-153.5,-156.0,-157.0,-157.0,-157.0,-157.0,-157.0,-157.0,-157.0,-157.0,-157.0,-157.0,-157.0,-157.0,-155.5,-157.0,-154.0,-156.5,-157.0,-157.0,-157.0,-156.0,-157.0,-157.0,-152.5,-147.0,-151.5,-157.0,-152.5,-153.5,-157.0,-154.0,-154.0,-157.0,-157.0,-157.0,-157.0,-157.0,-157.0,-157.0,-157.0,-156.5,-157.0,-156.0,-155.0,-157.0,-157.0,-157.0,-156.5,-157.0,-157.0,-156.0,-153.0,-155.0,-155.0,-157.0,-157.0,-157.0,-157.0,-155.0,-157.0,-157.0,-155.5,-152.0,-157.0,-151.5,-155.5,-157.0,-157.0,-151.0,-152.0,-157.0,-157.0,-156.0,-155.5,-152.0,-153.5,-153.5,-157.0,-155.5,-155.0,-153.5,-152.5,-153.5,-153.5,-154.0,-153.5,-157.0,-155.0,-157.0,-157.0,-149.0,-150.5,-157.0,-157.0,-157.0,-155.0,-156.5,-157.0,-154.5,-152.0,-157.0,-157.0,-155.0,-154.0,-157.0,-157.0,-157.0,-155.0,-157.0,-157.0,-157.0,-157.0,-157.0,-157.0,-157.0,-155.0,-154.0,-157.0,-157.0,-157.0,-156.5,-157.0,-157.0,-157.0,-157.0,-157.0,-157.0,-157.0,-154.5,-157.0,-157.0,-157.0,-157.0,-157.0,-157.0,-156.5,-157.0,-153.0,-154.5,-157.0,-157.0,-157.0,-156.0,-157.0,-157.0
2026-01-17 14:24:14.543,143.049967,5,-77,-157.0,-157.0,-155.5,-153.0,-152.5,-157.0,-157.0,-152.5,-151.0,-152.5,-153.5,-152.5,-157.0,-152.0,-153.5,-154.0,-152.5,-153.5,-152.0,-156.5,-157.0,-156.0,-156.0,-157.0,-157.0,-155.0,-153.5,-155.0,-152.0,-155.5,-157.0,-154.0,-156.5,-157.0,-157.0,-157.0,-151.0,-149.0,-155.0,-155.5,-157.0,-154.5,-152.5,-152.5,-154.0,-154.0,-157.0,-157.0,-156.5,-156.0,-157.0,-152.5,-153.0,-155.0,-151.0,-154.5,-152.5,-153.0,-153.5,-157.0,-155.0,-156.0,-157.0,-153.5,-152.5,-157.0,-157.0,-157.0,-157.0,-153.5,-153.5,-157.0,-156.0,-153.5,-155.0,-157.0,-152.0,-154.5,-157.0,-157.0,-157.0,-157.0,-154.0,-156.5,-155.0,-156.0,-157.0,-155.5,-156.0,-157.0,-157.0,-155.5,-157.0,-154.0,-152.0,-156.5,-154.0,-157.0,-157.0,-157.0,-157.0,-154.5,-150.5,-150.5,-151.5,-155.5,-157.0,-157.0,-156.5,-155.5,-155.0,-152.5,-153.5,-157.0,-157.0,-157.0,-156.0,-156.0,-157.0,-157.0,-157.0,-155.5,-154.0,-157.0,-153.5,-152.0,-150.5,-151.0,-157.0,-156.5,-157.0,-157.0,-157.0,-157.0,-157.0,-157.0,-154.0,-157.0,-156.0,-157.0,-157.0,-157.0,-156.5,-157.0,-157.0,-157.0,-157.0,-156.5,-157.0,-157.0,-157.0,-157.0,-157.0,-157.0,-157.0,-153.0,-157.0,-157.0,-157.0,-157.0,-156.0,-157.0,-156.5,-157.0,-154.5,-156.5,-157.0,-156.5,-152.0,-157.0,-157.0,-156.5,-156.0,-153.5,-155.5,-154.5,-157.0,-157.0,-157.0,-157.0,-157.0,-153.0,-151.0,-154.5,-152.0,-154.5,-157.0,-157.0,-155.5,-154.0,-157.0,-157.0,-157.0,-154.0,-155.5,-155.0,-152.5,-156.5,-156.0,-157.0,-157.0,-157.0,-157.0,-157.0,-152.0,-152.0,-154.0,-153.5,-152.0,-157.0,-152.0,-153.0,-157.0,-157.0,-156.0,-157.0,-157.0,-151.5,-152.0,-157.0,-153.0,-157.0,-157.0,-157.0,-155.5,-153.5,-154.0,-149.5,-155.0,-156.0,-157.0,-156.5,-157.0,-151.5,-151.5,-157.0,-157.0,-156.5,-157.0,-157.0,-157.0,-157.0,-157.0,-156.5,-156.5,-157.0,-157.0,-157.0,-157.0,-157.0,-157.0,-157.0,-157.0,-154.5,-153.5,-157.0,-153.5,-153.5,-157.0,-156.5,-157.0,-157.0,-157.0,-156.5,-157.0,-157.0,-157.0,-157.0,-157.0,-157.0,-157.0,-156.5,-157.0,-153.5,-157.0,-157.0,-157.0,-156.5,-157.0,-157.0,-157.0,-154.5,-157.0,-151.5,-153.5,-157.0,-155.0,-157.0,-157.0,-155.5,-152.5,-153.5,-157.0,-150.5,-150.0,-153.5,-157.0,-157.0,-157.0,-157.0,-157.0,-154.0,-155.5,-156.5,-156.0,-157.0,-157.0,-157.0,-156.5,-153.5,-154.0,-157.0,-154.5,-157.0,-155.0,-156.5,-157.0,-157.0,-157.0,-154.0,-154.5,-157.0,-157.0,-157.0,-157.0,-157.0,-156.0,-153.0,-152.5,-152.5,-156.5,-157.0,-157.0,-156.5,-157.0,-157.0,-156.5,-157.0,-155.5,-157.0,-157.0,-157.0,-155.0,-151.5,-156.0,-157.0,-157.0,-157.0,-153.0,-157.0,-155.5,-156.0,-157.0,-156.5,-151.0,-157.0,-157.0,-154.0,-154.5,-157.0,-157.0,-156.5,-157.0,-157.0,-157.0,-156.0,-156.0,-157.0,-157.0,-157.0,-154.5,-157.0,-157.0,-157.0,-157.0,-157.0,-157.0,-157.0,-157.0,-157.0,-153.0,-151.5,-157.0,-157.0,-157.0,-157.0,-156.0,-156.0,-152.5,-155.0,-157.0,-157.0,-152.5,-151.5,-149.0,-156.0,-157.0,-157.0,-154.5,-155.5,-157.0,-157.0,-154.0,-156.5,-151.0,-153.0,-152.5,-155.0,-156.5,-157.0,-157.0,-154.0,-154.5,-157.0,-157.0,-157.0,-157.0,-154.5,-157.0,-157.0,-149.0,-151.0,-157.0,-157.0,-157.0,-157.0,-157.0,-157.0,-155.5,-153.5,-154.5,-155.0,-157.0,-157.0,-157.0,-157.0,-157.0,-157.0,-156.5,-156.5,-157.0,-157.0,-157.0,-157.0,-157.0,-155.0,-157.0,-157.0,-156.0,-157.0,-157.0,-157.0,-157.0,-157.0,-157.0,-157.0,-157.0,-157.0,-153.5,-157.0,-156.5,-154.0,-154.5,-157.0,-156.5,-156.0,-157.0,-155.5,-153.5,-156.5,-157.0,-156.5,-155.0,-157.0,-156.0
2026-01-17 14:24:14.579,143.049967,5,-77,-157.0,-157.0,-157.0,-156.0,-153.0,-157.0,-156.5,-150.5,-149.5,-151.5,-152.5,-152.5,-157.0,-154.5,-157.0,-155.0,-154.5,-154.5,-157.0,-157.0,-156.5,-157.0,-157.0,-157.0,-157.0,-154.5,-152.0,-154.0,-153.0,-154.5,-154.5,-153.5,-154.5,-157.0,-156.5,-157.0,-151.5,-150.0,-157.0,-157.0,-157.0,-154.0,-156.0,-154.5,-153.0,-154.0,-154.0,-157.0,-157.0,-156.5,-157.0,-155.0,-152.5,-154.5,-153.5,-151.5,-152.0,-155.0,-157.0,-157.0,-156.0,-156.0,-157.0,-157.0,-155.0,-157.0,-157.0,-157.0,-157.0,-155.0,-155.0,-152.0,-153.5,-150.5,-152.5,-157.0,-153.0,-156.5,-156.0,-153.0,-156.5,-156.5,-157.0,-157.0,-157.0,-156.0,-155.5,-155.0,-154.0,-155.5,-153.5,-157.0,-157.0,-157.0,-154.0,-157.0,-152.5,-157.0,-157.0,-157.0,-157.0,-154.0,-155.0,-157.0,-153.5,-152.5,-157.0,-157.0,-155.5,-153.5,-157.0,-156.0,-155.5,-157.0,-157.0,-157.0,-155.0,-155.5,-157.0,-157.0,-157.0,-155.0,-153.5,-152.0,-151.5,-157.0,-156.0,-153.5,-157.0,-153.0,-157.0,-157.0,-157.0,-153.5,-153.5,-157.0,-156.0,-157.0,-157.0,-157.0,-157.0,-157.0,-156.5,-157.0,-155.0,-155.0,-155.5,-153.5,-157.0,-153.5,-153.0,-154.5,-157.0,-157.0,-157.0,-153.0,-157.0,-157.0,-157.0,-157.0,-157.0,-155.0,-157.0,-157.0,-157.0,-153.5,-156.0,-155.5,-153.0,-157.0,-157.0,-157.0,-152.0,-151.5,-156.5,-154.5,-155.5,-156.0,-157.0,-157.0,-157.0,-157.0,-157.0,-154.0,-153.0,-157.0,-157.0,-157.0,-156.5,-155.5,-157.0,-157.0,-157.0,-156.5,-157.0,-156.0,-154.0,-157.0,-154.0,-154.5,-157.0,-154.0,-157.0,-157.0,-157.0,-157.0,-154.0,-152.5,-153.0,-157.0,-157.0,-156.0,-157.0,-157.0,-154.5,-157.0,-156.5,-151.5,-157.0,-157.0,-155.0,-153.0,-155.0,-154.0,-153.5,-157.0,-157.0,-150.5,-153.5,-156.0,-155.0,-155.0,-157.0,-155.5,-153.5,-157.0,-157.0,-157.0,-157.0,-157.0,-157.0,-157.0,-157.0,-155.5,-156.5,-155.5,-157.0,-157.0,-157.0,-157.0,-157.0,-157.0,-157.0,-154.0,-154.0,-157.0,-157.0,-153.0,-157.0,-156.0,-156.0,-156.0,-157.0,-154.0,-153.0,-157.0,-157.0,-157.0,-157.0,-157.0,-157.0,-157.0,-154.0,-152.0,-157.0,-157.0,-157.0,-157.0,-157.0,-157.0,-157.0,-156.0,-152.0,-150.5,-153.5,-157.0,-155.0,-157.0,-156.0,-157.0,-156.5,-156.0,-155.5,-152.0,-154.0,-156.5,-157.0,-157.0,-155.5,-157.0,-157.0,-153.0,-151.0,-157.0,-153.0,-155.0,-157.0,-157.0,-154.0,-156.5,-156.0,-157.0,-157.0,-157.0,-156.5,-153.0,-153.5,-157.0,-157.0,-157.0,-157.0,-156.5,-157.0,-157.0,-157.0,-157.0,-157.0,-150.5,-155.0,-154.0,-156.0,-157.0,-154.0,-154.5,-157.0,-157.0,-155.5,-157.0,-152.5,-155.0,-153.5,-154.5,-154.5,-152.5,-153.5,-157.0,-157.0,-155.0,-152.0,-157.0,-157.0,-154.0,-157.0,-157.0,-154.0,-157.0,-157.0,-157.0,-157.0,-157.0,-157.0,-156.5,-156.0,-157.0,-154.5,-151.0,-153.0,-156.0,-157.0,-157.0,-153.5,-157.0,-156.0,-157.0,-153.5,-153.0,-157.0,-157.0,-156.5,-154.5,-151.0,-154.0,-157.0,-157.0,-157.0,-157.0,-157.0,-157.0,-155.5,-154.0,-157.0,-157.0,-157.0,-155.0,-149.5,-153.5,-157.0,-152.5,-157.0,-154.5,-153.0,-155.0,-154.5,-154.0,-153.0,-157.0,-155.5,-155.5,-156.5,-157.0,-157.0,-157.0,-157.0,-156.5,-157.0,-157.0,-153.0,-151.5,-157.0,-157.0,-153.0,-154.5,-155.0,-154.0,-153.5,-156.5,-156.5,-157.0,-157.0,-157.0,-153.0,-151.5,-157.0,-157.0,-157.0,-157.0,-157.0,-157.0,-157.0,-157.0,-156.5,-157.0,-157.0,-157.0,-157.0,-155.5,-157.0,-157.0,-157.0,-157.0,-153.5,-155.0,-157.0,-157.0,-157.0,-154.5,-153.5,-157.0,-152.5,-157.0,-157.0,-155.5,-155.0,-157.0,-155.0,-157.0,-157.0,-157.0,-154.0,-157.0,-157.0,-157.0,-157.0,-154.5,-157.0
2026-01-17 14:24:14.613,143.049967,5,-77,-157.0,-157.0,-157.0,-156.0,-153.5,-157.0,-156.5,-154.0,-153.5,-155.0,-157.0,-154.5,-157.0,-154.0,-150.5,-151.5,-157.0,-154.5,-156.5,-157.0,-155.0,-154.0,-157.0,-157.0,-156.0,-156.0,-155.0,-155.5,-155.5,-154.5,-152.0,-156.0,-157.0,-155.5,-153.5,-154.5,-153.5,-152.5,-157.0,-157.0,-157.0,-154.0,-157.0,-157.0,-156.5,-157.0,-156.0,-157.0,-157.0,-151.5,-152.0,-155.5,-154.5,-157.0,-157.0,-154.0,-154.5,-155.0,-157.0,-157.0,-157.0,-157.0,-157.0,-157.0,-157.0,-157.0,-157.0,-157.0,-157.0,-157.0,-154.5,-150.5,-150.0,-151.5,-154.0,-157.0,-157.0,-155.0,-155.5,-153.0,-156.0,-154.5,-157.0,-157.0,-157.0,-157.0,-156.0,-157.0,-157.0,-155.0,-152.0,-157.0,-157.0,-155.5,-154.5,-153.0,-151.0,-157.0,-156.5,-157.0,-157.0,-157.0,-157.0,-157.0,-157.0,-155.5,-156.5,-154.5,-155.0,-154.0,-157.0,-157.0,-157.0,-156.0,-153.0,-157.0,-156.5,-157.0,-157.0,-157.0,-157.0,-157.0,-157.0,-151.5,-151.0,-157.0,-155.5,-153.5,-157.0,-153.0,-155.5,-156.0,-157.0,-151.0,-152.5,-157.0,-155.0,-156.0,-157.0,-157.0,-157.0,-157.0,-157.0,-157.0,-150.5,-149.0,-155.0,-152.5,-156.5,-157.0,-151.0,-152.0,-156.5,-156.5,-157.0,-152.5,-153.5,-157.0,-156.0,-153.5,-157.0,-156.5,-156.5,-157.0,-157.0,-154.5,-157.0,-157.0,-153.5,-157.0,-157.0,-157.0,-152.5,-151.5,-157.0,-156.5,-156.0,-157.0,-157.0,-156.0,-157.0,-157.0,-157.0,-152.5,-152.5,-157.0,-157.0,-157.0,-155.0,-157.0,-157.0,-157.0,-157.0,-157.0,-157.0,-157.0,-155.5,-156.0,-157.0,-152.0,-154.5,-152.5,-157.0,-157.0,-157.0,-157.0,-155.0,-154.0,-157.0,-157.0,-157.0,-157.0,-157.0,-157.0,-153.0,-157.0,-154.0,-151.5,-157.0,-157.0,-156.0,-151.5,-156.0,-157.0,-157.0,-154.5,-154.0,-155.0,-156.5,-156.0,-150.0,-151.5,-153.5,-153.5,-155.0,-157.0,-157.0,-157.0,-152.0,-153.0,-157.0,-156.5,-154.5,-155.0,-156.0,-157.0,-157.0,-157.0,-157.0,-157.0,-157.0,-157.0,-157.0,-157.0,-157.0,-157.0,-157.0,-154.5,-156.5,-153.5,-153.0,-155.5,-157.0,-154.0,-150.5,-155.0,-157.0,-157.0,-157.0,-154.0,-157.0,-157.0,-154.0,-155.5,-157.0,-157.0,-157.0,-155.5,-157.0,-153.5,-157.0,-157.0,-153.0,-153.5,-156.0,-156.0,-152.0,-154.0,-156.0,-157.0,-154.5,-154.5,-157.0,-156.0,-157.0,-157.0,-157.0,-157.0,-152.5,-154.0,-157.0,-153.5,-150.0,-157.0,-156.5,-157.0,-156.0,-156.0,-157.0,-157.0,-157.0,-157.0,-157.0,-157.0,-157.0,-149.5,-148.0,-154.0,-157.0,-157.0,-154.5,-154.5,-157.0,-157.0,-157.0,-155.0,-157.0,-151.5,-153.0,-154.0,-157.0,-157.0,-153.5,-155.5,-157.0,-157.0,-157.0,-151.0,-151.0,-157.0,-156.5,-157.0,-153.5,-154.0,-152.0,-157.0,-157.0,-157.0,-155.5,-157.0,-157.0,-155.0,-154.0,-157.0,-156.5,-154.0,-154.5,-157.0,-157.0,-155.5,-157.0,-157.0,-154.0,-157.0,-156.0,-151.0,-157.0,-151.0,-153.0,-152.0,-151.0,-151.5,-150.5,-156.5,-153.0,-152.0,-155.5,-156.5,-154.0,-156.5,-154.0,-157.0,-157.0,-156.0,-157.0,-157.0,-157.0,-157.0,-157.0,-155.5,-155.0,-157.0,-157.0,-157.0,-152.5,-157.0,-157.0,-152.0,-155.0,-154.0,-153.0,-153.5,-156.5,-157.0,-157.0,-156.5,-156.0,-157.0,-156.0,-157.0,-157.0,-157.0,-157.0,-156.0,-157.0,-156.5,-156.0,-153.5,-157.0,-155.0,-156.5,-157.0,-157.0,-155.0,-156.0,-157.0,-155.0,-157.0,-157.0,-157.0,-157.0,-152.5,-157.0,-157.0,-154.5,-156.0,-157.0,-155.0,-156.0,-157.0,-157.0,-156.5,-157.0,-157.0,-157.0,-157.0,-157.0,-157.0,-155.0,-153.5,-153.5,-155.0,-157.0,-157.0,-157.0,-154.0,-153.5,-155.5,-152.0,-157.0,-157.0,-157.0,-157.0,-157.0,-155.0,-157.0,-157.0,-153.0,-153.5,-157.0,-157.0,-157.0,-157.0,-153.5,-157.0
2026-01-17 14:24:14.644,143.049967,5,-77,-157.0,-157.0,-156.5,-157.0,-155.5,-155.5,-157.0,-155.0,-150.5,-150.5,-154.5,-157.0,-157.0,-154.5,-149.0,-152.0,-157.0,-156.0,-156.0,-157.0,-152.5,-153.0,-156.0,-157.0,-157.0,-157.0,-156.0,-157.0,-157.0,-157.0,-153.0,-157.0,-157.0,-153.0,-154.0,-153.5,-155.5,-155.0,-156.0,-154.5,-154.5,-152.5,-157.0,-157.0,-157.0,-157.0,-157.0,-157.0,-154.5,-153.0,-154.0,-152.0,-154.5,-157.0,-157.0,-157.0,-154.5,-151.0,-153.0,-157.0,-157.0,-157.0,-157.0,-157.0,-157.0,-157.0,-156.0,-156.5,-156.0,-156.5,-153.5,-152.5,-154.0,-157.0,-156.0,-157.0,-157.0,-157.0,-157.0,-154.5,-154.0,-153.5,-157.0,-157.0,-157.0,-157.0,-157.0,-157.0,-157.0,-153.5,-152.5,-155.5,-156.5,-151.0,-151.0,-154.0,-153.5,-157.0,-156.5,-156.5,-157.0,-157.0,-157.0,-157.0,-157.0,-155.0,-157.0,-154.5,-157.0,-157.0,-157.0,-157.0,-156.0,-153.0,-155.0,-157.0,-157.0,-157.0,-157.0,-157.0,-157.0,-157.0,-157.0,-157.0,-154.5,-157.0,-157.0,-154.0,-154.0,-153.0,-157.0,-157.0,-155.0,-153.0,-157.0,-157.0,-152.0,-155.0,-154.5,-156.0,-157.0,-157.0,-157.0,-157.0,-154.0,-151.0,-156.0,-153.5,-153.0,-153.0,-157.0,-155.5,-154.0,-154.0,-157.0,-157.0,-154.0,-154.0,-156.5,-152.5,-156.0,-153.5,-152.5,-157.0,-156.0,-153.0,-152.0,-153.5,-154.0,-156.5,-157.0,-157.0,-157.0,-156.0,-157.0,-157.0,-157.0,-157.0,-154.5,-153.5,-157.0,-154.0,-157.0,-153.5,-152.0,-157.0,-151.5,-153.0,-154.0,-157.0,-157.0,-154.5,-157.0,-157.0,-157.0,-155.0,-155.5,-152.5,-155.5,-152.5,-157.0,-151.0,-157.0,-157.0,-156.0,-152.5,-157.0,-157.0,-157.0,-157.0,-157.0,-154.5,-157.0,-157.0,-152.5,-157.0,-153.0,-152.0,-156.5,-157.0,-154.5,-151.5,-153.5,-155.0,-157.0,-157.0,-156.5,-157.0,-156.5,-152.0,-151.5,-153.5,-152.5,-150.0,-155.0,-156.0,-154.0,-152.5,-149.0,-153.0,-157.0,-156.5,-151.0,-152.0,-153.5,-157.0,-157.0,-157.0,-154.5,-153.5,-157.0,-157.0,-157.0,-157.0,-157.0,-157.0,-156.0,-157.0,-157.0,-156.0,-155.5,-155.5,-157.0,-154.0,-154.0,-153.0,-157.0,-157.0,-153.0,-152.5,-157.0,-157.0,-156.0,-157.0,-157.0,-157.0,-153.0,-153.5,-152.0,-151.5,-155.0,-157.0,-155.5,-156.5,-157.0,-153.0,-152.5,-154.0,-156.0,-155.5,-152.5,-154.5,-157.0,-157.0,-156.5,-157.0,-156.5,-157.0,-154.0,-156.5,-155.0,-153.5,-152.5,-157.0,-157.0,-156.5,-157.0,-157.0,-157.0,-153.5,-155.5,-157.0,-154.0,-155.0,-154.0,-152.5,-149.0,-157.0,-157.0,-157.0,-157.0,-155.5,-156.5,-157.0,-157.0,-152.0,-154.0,-155.0,-152.0,-151.5,-157.0,-157.0,-157.0,-155.0,-155.5,-156.5,-154.0,-150.5,-153.0,-157.0,-157.0,-157.0,-153.0,-151.5,-152.5,-157.0,-157.0,-157.0,-157.0,-153.5,-153.0,-157.0,-156.0,-157.0,-157.0,-152.5,-152.5,-157.0,-157.0,-154.5,-157.0,-156.5,-153.5,-157.0,-157.0,-151.5,-157.0,-150.5,-156.0,-155.0,-153.0,-149.5,-149.5,-157.0,-157.0,-153.0,-157.0,-157.0,-154.5,-157.0,-157.0,-155.5,-155.0,-157.0,-157.0,-157.0,-154.5,-156.0,-156.5,-157.0,-154.0,-157.0,-152.5,-155.0,-155.0,-156.5,-154.5,-152.0,-151.5,-150.0,-154.5,-155.5,-155.5,-157.0,-157.0,-156.5,-155.5,-157.0,-156.0,-157.0,-157.0,-157.0,-156.0,-157.0,-156.0,-156.5,-157.0,-157.0,-157.0,-157.0,-153.5,-157.0,-157.0,-156.5,-157.0,-153.0,-151.0,-157.0,-157.0,-157.0,-156.5,-155.0,-156.0,-157.0,-152.5,-154.5,-157.0,-157.0,-152.5,-154.0,-157.0,-156.0,-157.0,-157.0,-157.0,-157.0,-157.0,-157.0,-155.0,-156.0,-157.0,-157.0,-157.0,-157.0,-157.0,-157.0,-157.0,-157.0,-152.0,-153.5,-157.0,-157.0,-156.0,-155.5,-154.5,-156.5,-155.5,-154.5,-155.5,-157.0,-156.5,-157.0,-157.0,-154.5,-157.0
2026-01-17 14:24:14.679,143.049967,5,-77,-157.0,-157.0,-154.5,-157.0,-155.5,-152.5,-157.0,-154.5,-151.0,-148.5,-157.0,-157.0,-156.0,-155.5,-153.0,-157.0,-157.0,-157.0,-155.0,-157.0,-154.0,-155.5,-156.5,-157.0,-157.0,-157.0,-152.5,-155.5,-157.0,-157.0,-153.5,-155.0,-156.0,-153.0,-155.0,-154.5,-157.0,-157.0,-157.0,-152.0,-153.0,-155.0,-156.5,-157.0,-157.0,-157.0,-157.0,-151.0,-151.0,-156.5,-157.0,-152.5,-157.0,-157.0,-154.5,-154.0,-156.0,-152.5,-157.0,-157.0,-157.0,-157.0,-157.0,-157.0,-155.0,-157.0,-157.0,-157.0,-157.0,-151.5,-152.5,-153.0,-157.0,-157.0,-157.0,-157.0,-156.5,-157.0,-157.0,-156.5,-155.0,-156.5,-157.0,-157.0,-157.0,-157.0,-154.5,-155.5,-155.0,-153.0,-156.0,-157.0,-157.0,-152.5,-151.0,-157.0,-156.5,-157.0,-157.0,-157.0,-157.0,-157.0,-157.0,-157.0,-156.5,-156.5,-157.0,-154.0,-156.0,-157.0,-157.0,-157.0,-153.0,-153.0,-157.0,-157.0,-157.0,-157.0,-157.0,-157.0,-156.0,-156.0,-157.0,-157.0,-156.5,-157.0,-157.0,-157.0,-157.0,-154.5,-157.0,-157.0,-157.0,-156.5,-155.0,-154.0,-154.5,-156.0,-153.0,-157.0,-157.0,-155.0,-157.0,-157.0,-157.0,-154.0,-155.0,-152.0,-152.0,-152.0,-157.0,-157.0,-153.0,-155.0,-154.5,-157.0,-155.0,-153.0,-157.0,-155.5,-155.0,-151.5,-150.5,-157.0,-152.0,-151.5,-149.5,-151.5,-154.5,-154.5,-157.0,-157.0,-157.0,-157.0,-157.0,-157.0,-157.0,-157.0,-155.0,-157.0,-157.0,-154.0,-156.5,-157.0,-149.0,-149.0,-149.0,-151.5,-157.0,-157.0,-157.0,-153.0,-154.5,-157.0,-153.0,-153.5,-153.0,-151.0,-154.5,-154.0,-157.0,-151.5,-157.0,-157.0,-155.0,-153.5,-155.5,-157.0,-157.0,-155.5,-157.0,-152.0,-153.0,-157.0,-154.0,-157.0,-156.5,-152.5,-154.5,-155.0,-153.0,-156.5,-155.0,-154.5,-157.0,-157.0,-157.0,-157.0,-157.0,-155.5,-157.0,-157.0,-157.0,-151.0,-157.0,-157.0,-156.5,-150.5,-148.5,-155.0,-155.0,-154.5,-150.0,-151.5,-154.5,-157.0,-157.0,-157.0,-155.0,-155.0,-156.5,-157.0,-157.0,-157.0,-155.0,-157.0,-157.0,-157.0,-156.5,-157.0,-157.0,-157.0,-157.0,-157.0,-157.0,-155.0,-157.0,-157.0,-154.0,-154.0,-157.0,-157.0,-157.0,-157.0,-157.0,-157.0,-152.0,-152.0,-154.0,-155.5,-154.5,-157.0,-157.0,-157.0,-157.0,-153.5,-152.0,-152.5,-156.0,-154.5,-154.5,-153.5,-157.0,-157.0,-157.0,-157.0,-157.0,-157.0,-157.0,-153.0,-150.0,-151.0,-152.5,-154.0,-157.0,-153.5,-156.5,-157.0,-156.0,-152.5,-151.5,-154.0,-153.5,-154.5,-157.0,-153.0,-151.0,-152.0,-157.0,-157.0,-157.0,-155.0,-157.0,-157.0,-152.0,-150.5,-152.5,-156.0,-155.5,-153.0,-157.0,-157.0,-157.0,-155.0,-152.0,-153.5,-157.0,-153.5,-157.0,-157.0,-157.0,-157.0,-154.0,-154.5,-156.0,-157.0,-157.0,-156.0,-154.5,-153.5,-154.5,-156.0,-157.0,-157.0,-155.0,-155.5,-155.0,-155.5,-157.0,-154.0,-157.0,-157.0,-157.0,-156.5,-156.5,-152.0,-157.0,-152.5,-156.5,-156.5,-155.5,-152.0,-153.0,-157.0,-153.0,-151.0,-154.0,-157.0,-157.0,-157.0,-152.5,-157.0,-156.0,-157.0,-157.0,-157.0,-156.5,-157.0,-155.5,-157.0,-156.5,-157.0,-150.5,-150.5,-157.0,-157.0,-154.5,-152.0,-151.5,-150.5,-153.0,-154.5,-152.5,-157.0,-154.0,-153.5,-152.5,-157.0,-156.5,-157.0,-157.0,-157.0,-155.5,-157.0,-157.0,-157.0,-157.0,-157.0,-157.0,-157.0,-153.0,-154.5,-157.0,-157.0,-152.5,-151.0,-151.5,-154.5,-157.0,-157.0,-157.0,-155.5,-156.0,-157.0,-153.5,-157.0,-157.0,-157.0,-153.5,-150.5,-152.0,-151.5,-154.0,-157.0,-157.0,-157.0,-157.0,-156.5,-155.0,-156.5,-157.0,-157.0,-157.0,-157.0,-157.0,-157.0,-157.0,-157.0,-153.5,-153.0,-157.0,-157.0,-156.5,-157.0,-154.5,-155.5,-156.5,-157.0,-157.0,-156.5,-153.5,-157.0,-157.0,-155.0,-157.0
2026-01-17 14:24:14.712,143.049967,5,-77,-157.0,-157.0,-153.5,-157.0,-157.0,-153.5,-153.0,-151.0,-150.5,-151.5,-157.0,-157.0,-152.0,-153.5,-157.0,-154.0,-154.5,-157.0,-155.5,-157.0,-154.0,-153.5,-153.5,-157.0,-157.0,-157.0,-151.5,-151.0,-154.0,-157.0,-156.5,-154.0,-152.0,-152.5,-157.0,-157.0,-157.0,-157.0,-157.0,-155.5,-157.0,-157.0,-157.0,-157.0,-153.5,-155.0,-155.0,-151.5,-152.0,-152.0,-153.5,-156.0,-157.0,-157.0,-151.5,-151.5,-157.0,-155.5,-156.5,-157.0,-157.0,-157.0,-157.0,-155.0,-152.0,-156.0,-157.0,-157.0,-157.0,-152.0,-154.0,-152.5,-153.0,-156.0,-155.0,-157.0,-154.5,-157.0,-157.0,-157.0,-157.0,-156.0,-157.0,-157.0,-156.5,-155.5,-151.0,-152.5,-156.5,-155.5,-155.5,-157.0,-157.0,-153.0,-155.0,-155.0,-157.0,-154.0,-153.0,-157.0,-157.0,-157.0,-157.0,-157.0,-156.0,-157.0,-154.5,-151.5,-152.5,-156.5,-155.5,-155.5,-151.0,-157.0,-157.0,-157.0,-157.0,-157.0,-155.0,-157.0,-157.0,-155.0,-154.0,-157.0,-154.0,-153.5,-157.0,-156.0,-157.0,-157.0,-157.0,-157.0,-157.0,-157.0,-155.0,-157.0,-157.0,-155.5,-152.5,-154.5,-157.0,-155.0,-157.0,-157.0,-153.0,-151.5,-157.0,-153.0,-157.0,-157.0,-157.0,-157.0,-156.5,-156.5,-152.0,-156.5,-154.0,-155.0,-157.0,-157.0,-156.5,-154.0,-155.0,-157.0,-154.5,-154.5,-150.0,-153.0,-152.5,-153.5,-157.0,-157.0,-157.0,-155.5,-156.5,-157.0,-157.0,-157.0,-156.5,-157.0,-157.0,-153.0,-154.0,-153.0,-148.5,-148.5,-152.0,-157.0,-157.0,-157.0,-157.0,-154.5,-153.0,-154.0,-151.5,-157.0,-151.5,-151.0,-157.0,-153.5,-155.5,-154.5,-157.0,-157.0,-156.5,-157.0,-157.0,-157.0,-155.5,-152.5,-155.5,-151.0,-151.0,-157.0,-153.5,-154.5,-157.0,-154.5,-157.0,-156.5,-155.5,-157.0,-156.5,-154.0,-157.0,-157.0,-157.0,-157.0,-157.0,-157.0,-157.0,-156.5,-157.0,-156.0,-157.0,-157.0,-157.0,-156.0,-153.0,-157.0,-157.0,-156.0,-151.5,-157.0,-157.0,-157.0,-157.0,-156.0,-156.5,-157.0,-156.5,-157.0,-155.0,-157.0,-152.5,-155.0,-157.0,-157.0,-155.5,-157.0,-156.0,-157.0,-152.5,-155.0,-157.0,-156.0,-157.0,-157.0,-157.0,-157.0,-157.0,-157.0,-157.0,-156.5,-153.5,-155.0,-157.0,-152.5,-154.0,-155.0,-157.0,-157.0,-157.0,-157.0,-157.0,-156.0,-149.0,-149.0,-156.0,-154.5,-155.5,-156.0,-157.0,-157.0,-156.5,-157.0,-153.5,-152.0,-157.0,-156.0,-150.0,-152.5,-154.5,-150.5,-155.0,-153.0,-157.0,-152.0,-154.5,-151.5,-152.5,-150.5,-153.0,-157.0,-157.0,-155.0,-157.0,-154.0,-157.0,-156.0,-153.5,-153.5,-157.0,-157.0,-151.0,-149.5,-151.0,-152.0,-157.0,-157.0,-157.0,-157.0,-157.0,-157.0,-151.5,-151.0,-157.0,-157.0,-153.0,-152.0,-155.5,-154.5,-151.0,-154.5,-157.0,-157.0,-157.0,-155.5,-156.0,-156.0,-157.0,-155.5,-157.0,-157.0,-153.5,-157.0,-157.0,-156.5,-153.0,-152.5,-157.0,-156.5,-157.0,-157.0,-157.0,-153.5,-157.0,-153.0,-153.5,-151.0,-151.5,-156.0,-157.0,-155.0,-151.5,-151.0,-152.5,-155.0,-157.0,-157.0,-151.0,-157.0,-155.5,-157.0,-157.0,-157.0,-157.0,-157.0,-157.0,-157.0,-157.0,-157.0,-154.5,-154.0,-157.0,-157.0,-157.0,-153.5,-156.0,-156.5,-157.0,-156.5,-151.5,-154.5,-155.5,-155.5,-155.0,-157.0,-154.5,-155.0,-157.0,-157.0,-157.0,-157.0,-157.0,-155.5,-151.5,-151.5,-157.0,-157.0,-156.5,-156.5,-157.0,-157.0,-151.0,-151.5,-155.5,-156.0,-157.0,-157.0,-156.0,-155.5,-157.0,-157.0,-155.5,-157.0,-157.0,-157.0,-157.0,-150.5,-149.0,-153.0,-156.5,-152.5,-157.0,-157.0,-157.0,-156.0,-153.5,-157.0,-155.0,-154.5,-157.0,-157.0,-157.0,-157.0,-157.0,-156.0,-154.5,-157.0,-157.0,-157.0,-157.0,-157.0,-157.0,-154.0,-154.5,-157.0,-157.0,-157.0,-155.5,-157.0,-157.0,-157.0,-152.5
2026-01-17 14:24:14.746,143.049967,5,-77,-157.0,-157.0,-157.0,-157.0,-157.0,-156.5,-155.5,-151.5,-151.0,-157.0,-157.0,-157.0,-151.0,-150.0,-157.0,-152.0,-152.5,-157.0,-155.0,-154.5,-152.5,-156.0,-152.0,-157.0,-157.0,-157.0,-157.0,-149.5,-149.5,-157.0,-156.0,-155.5,-153.5,-156.5,-157.0,-157.0,-156.0,-157.0,-157.0,-157.0,-157.0,-157.0,-154.5,-156.5,-153.0,-152.0,-153.5,-153.5,-155.0,-154.5,-157.0,-157.0,-157.0,-155.5,-150.5,-154.0,-154.5,-152.0,-150.0,-157.0,-155.0,-155.0,-157.0,-153.5,-153.0,-156.5,-154.0,-155.5,-155.0,-155.5,-157.0,-155.5,-155.0,-153.0,-154.5,-157.0,-152.5,-156.5,-155.5,-157.0,-157.0,-157.0,-155.5,-157.0,-157.0,-157.0,-153.0,-154.0,-157.0,-157.0,-155.5,-157.0,-157.0,-152.5,-153.5,-155.0,-157.0,-155.5,-150.5,-153.5,-157.0,-157.0,-155.0,-157.0,-157.0,-155.0,-157.0,-155.0,-156.0,-156.0,-154.0,-150.5,-149.5,-154.0,-157.0,-157.0,-153.5,-152.0,-154.0,-157.0,-157.0,-156.0,-154.5,-155.0,-154.0,-154.5,-154.0,-154.5,-157.0,-156.5,-153.5,-157.0,-157.0,-157.0,-156.0,-157.0,-157.0,-156.0,-156.0,-154.5,-157.0,-155.5,-157.0,-157.0,-156.5,-153.0,-157.0,-154.0,-157.0,-157.0,-154.0,-155.5,-155.0,-149.5,-151.5,-153.0,-157.0,-155.0,-153.0,-152.5,-154.0,-152.0,-157.0,-157.0,-157.0,-153.5,-150.0,-151.5,-152.0,-151.0,-153.5,-157.0,-157.0,-157.0,-155.0,-157.0,-157.0,-157.0,-157.0,-157.0,-157.0,-154.0,-152.0,-151.0,-151.0,-156.5,-156.0,-153.0,-153.0,-157.0,-157.0,-154.0,-152.5,-152.0,-151.5,-157.0,-152.5,-155.5,-157.0,-153.5,-156.0,-156.0,-157.0,-157.0,-157.0,-157.0,-157.0,-153.0,-156.5,-153.0,-155.5,-155.0,-154.0,-157.0,-152.0,-153.0,-157.0,-155.5,-157.0,-157.0,-157.0,-157.0,-151.5,-151.0,-157.0,-157.0,-157.0,-157.0,-157.0,-157.0,-157.0,-153.5,-154.0,-157.0,-157.0,-156.5,-154.0,-154.5,-157.0,-157.0,-157.0,-157.0,-153.5,-157.0,-157.0,-157.0,-157.0,-157.0,-157.0,-157.0,-157.0,-157.0,-156.5,-155.5,-155.0,-154.0,-157.0,-157.0,-156.5,-157.0,-157.0,-157.0,-152.5,-155.0,-156.0,-156.5,-157.0,-157.0,-157.0,-157.0,-157.0,-157.0,-157.0,-156.5,-154.5,-154.5,-157.0,-153.5,-156.5,-153.5,-157.0,-157.0,-157.0,-157.0,-156.5,-157.0,-149.5,-150.0,-157.0,-156.0,-157.0,-157.0,-157.0,-156.5,-152.5,-152.5,-151.0,-151.5,-157.0,-157.0,-155.5,-154.5,-157.0,-150.5,-157.0,-156.0,-157.0,-151.5,-154.5,-152.5,-156.0,-152.5,-153.0,-157.0,-157.0,-153.5,-157.0,-153.0,-156.0,-153.0,-154.5,-156.5,-157.0,-155.5,-157.0,-152.5,-152.5,-152.5,-157.0,-157.0,-157.0,-157.0,-157.0,-157.0,-156.5,-155.0,-157.0,-157.0,-153.5,-152.0,-157.0,-156.5,-151.0,-156.5,-157.0,-155.5,-157.0,-156.5,-157.0,-156.0,-157.0,-154.0,-155.5,-153.0,-153.5,-157.0,-157.0,-157.0,-154.5,-154.0,-153.5,-156.5,-155.0,-157.0,-157.0,-154.5,-157.0,-152.5,-152.5,-153.0,-152.5,-157.0,-157.0,-155.0,-151.5,-154.0,-157.0,-155.5,-157.0,-157.0,-153.0,-156.5,-155.5,-154.5,-156.0,-156.0,-154.0,-155.5,-157.0,-157.0,-157.0,-157.0,-157.0,-157.0,-157.0,-157.0,-156.5,-157.0,-157.0,-156.5,-157.0,-157.0,-153.0,-157.0,-157.0,-157.0,-157.0,-157.0,-156.0,-154.5,-153.5,-154.5,-157.0,-157.0,-157.0,-156.5,-147.5,-149.5,-157.0,-155.5,-157.0,-157.0,-157.0,-157.0,-156.5,-156.5,-153.0,-155.0,-156.5,-155.0,-153.5,-157.0,-157.0,-157.0,-157.0,-157.0,-157.0,-157.0,-156.5,-155.0,-151.5,-153.5,-153.5,-153.0,-157.0,-157.0,-157.0,-157.0,-154.0,-154.5,-155.0,-157.0,-157.0,-157.0,-154.0,-155.5,-157.0,-153.5,-153.5,-157.0,-157.0,-157.0,-157.0,-157.0,-157.0,-155.0,-155.0,-157.0,-157.0,-155.0,-156.5,-157.0,-157.0,-157.0,-154.5
2026-01-17 14:24:14.783,143.049967,5,-77,-157.0,-157.0,-157.0,-157.0,-156.0,-155.5,-156.0,-157.0,-157.0,-157.0,-156.5,-157.0,-153.0,-152.5,-157.0,-152.5,-154.5,-157.0,-157.0,-157.0,-151.5,-156.5,-152.5,-153.5,-157.0,-157.0,-157.0,-150.0,-152.5,-156.5,-154.5,-154.0,-157.0,-157.0,-157.0,-157.0,-157.0,-157.0,-157.0,-157.0,-157.0,-154.0,-157.0,-156.5,-154.0,-153.5,-155.0,-156.5,-157.0,-157.0,-157.0,-157.0,-153.5,-151.5,-150.0,-157.0,-155.5,-153.0,-149.0,-154.5,-155.5,-153.0,-156.5,-157.0,-157.0,-157.0,-150.5,-149.0,-153.5,-157.0,-157.0,-155.0,-157.0,-157.0,-157.0,-157.0,-153.5,-155.0,-156.0,-157.0,-157.0,-157.0,-153.0,-154.5,-155.5,-156.5,-157.0,-157.0,-157.0,-157.0,-157.0,-157.0,-157.0,-156.5,-152.5,-156.5,-157.0,-157.0,-153.5,-153.5,-157.0,-157.0,-155.0,-153.5,-157.0,-151.0,-152.5,-157.0,-157.0,-156.5,-154.0,-151.5,-153.5,-156.0,-156.0,-157.0,-153.5,-154.5,-157.0,-157.0,-155.5,-151.5,-151.5,-151.0,-154.5,-157.0,-155.0,-156.5,-157.0,-155.5,-153.5,-156.0,-156.5,-157.0,-157.0,-157.0,-157.0,-153.5,-157.0,-157.0,-157.0,-155.5,-156.5,-157.0,-157.0,-154.5,-157.0,-154.0,-157.0,-157.0,-156.0,-157.0,-151.5,-150.0,-155.5,-155.0,-157.0,-153.5,-151.0,-152.0,-149.0,-148.5,-157.0,-155.5,-154.5,-151.5,-152.0,-157.0,-154.5,-152.5,-151.5,-154.0,-157.0,-157.0,-153.5,-156.0,-157.0,-157.0,-157.0,-157.0,-157.0,-155.5,-157.0,-156.0,-154.5,-153.0,-154.0,-153.0,-152.5,-154.5,-157.0,-157.0,-157.0,-157.0,-154.0,-157.0,-153.0,-156.0,-157.0,-157.0,-157.0,-149.5,-151.5,-157.0,-156.0,-154.5,-157.0,-155.0,-157.0,-155.0,-155.5,-157.0,-157.0,-155.5,-154.0,-155.0,-155.0,-153.5,-154.0,-156.0,-157.0,-156.5,-154.5,-155.0,-157.0,-157.0,-157.0,-157.0,-157.0,-157.0,-157.0,-154.5,-154.0,-157.0,-157.0,-157.0,-154.0,-155.0,-157.0,-157.0,-154.5,-154.5,-154.0,-155.0,-157.0,-157.0,-157.0,-155.0,-156.0,-157.0,-157.0,-156.5,-156.0,-157.0,-157.0,-156.5,-157.0,-157.0,-157.0,-157.0,-157.0,-157.0,-153.0,-156.5,-154.0,-156.5,-154.5,-155.5,-157.0,-157.0,-157.0,-157.0,-157.0,-157.0,-156.5,-152.5,-155.0,-155.0,-153.5,-157.0,-155.5,-157.0,-157.0,-157.0,-155.0,-157.0,-149.5,-148.5,-156.5,-156.5,-157.0,-154.0,-157.0,-152.5,-150.0,-150.0,-152.5,-155.5,-157.0,-157.0,-157.0,-155.5,-153.5,-150.0,-157.0,-157.0,-157.0,-155.0,-153.5,-152.0,-152.0,-157.0,-157.0,-157.0,-155.5,-152.5,-156.0,-153.0,-154.5,-155.5,-156.5,-155.0,-157.0,-154.5,-156.0,-154.5,-157.0,-155.0,-157.0,-157.0,-157.0,-157.0,-157.0,-157.0,-157.0,-157.0,-157.0,-157.0,-157.0,-156.5,-157.0,-157.0,-152.5,-156.0,-157.0,-155.0,-157.0,-156.5,-155.0,-154.5,-150.5,-149.0,-152.0,-152.0,-155.5,-157.0,-155.5,-157.0,-156.0,-151.5,-149.0,-153.5,-157.0,-157.0,-157.0,-156.0,-157.0,-154.5,-154.0,-157.0,-155.5,-156.0,-157.0,-157.0,-155.0,-157.0,-157.0,-156.5,-157.0,-157.0,-157.0,-157.0,-156.0,-153.5,-157.0,-157.0,-151.5,-150.0,-154.0,-157.0,-157.0,-157.0,-157.0,-156.0,-157.0,-152.5,-152.5,-157.0,-157.0,-157.0,-157.0,-157.0,-154.0,-153.5,-153.5,-157.0,-153.5,-157.0,-157.0,-155.5,-151.5,-151.0,-157.0,-157.0,-157.0,-155.5,-149.0,-154.5,-157.0,-154.5,-153.0,-157.0,-157.0,-157.0,-157.0,-152.0,-151.5,-156.0,-155.0,-154.5,-153.0,-157.0,-151.5,-157.0,-157.0,-157.0,-157.0,-157.0,-153.0,-157.0,-153.0,-155.0,-157.0,-157.0,-157.0,-157.0,-157.0,-157.0,-157.0,-154.0,-157.0,-157.0,-157.0,-152.5,-151.5,-157.0,-157.0,-157.0,-154.5,-157.0,-157.0,-157.0,-156.5,-157.0,-157.0,-157.0,-157.0,-157.0,-157.0,-152.5,-154.5,-157.0,-157.0,-157.0,-157.0
2026-01-17 14:24:14.814,143.049967,5,-77,-157.0,-157.0,-155.5,-155.5,-157.0,-154.0,-155.5,-157.0,-157.0,-155.5,-151.5,-154.5,-157.0,-154.0,-152.0,-154.5,-157.0,-157.0,-157.0,-155.5,-150.5,-154.0,-156.5,-152.0,-157.0,-157.0,-152.0,-150.5,-157.0,-157.0,-154.0,-152.5,-155.0,-157.0,-157.0,-157.0,-157.0,-157.0,-157.0,-157.0,-157.0,-151.5,-155.5,-154.0,-151.5,-152.5,-153.5,-157.0,-157.0,-157.0,-157.0,-157.0,-152.0,-156.0,-153.0,-157.0,-157.0,-154.5,-153.5,-154.0,-157.0,-155.5,-153.5,-155.5,-157.0,-156.0,-148.0,-148.0,-154.5,-157.0,-157.0,-152.5,-157.0,-157.0,-157.0,-157.0,-157.0,-157.0,-157.0,-157.0,-157.0,-157.0,-154.0,-154.0,-154.5,-155.5,-157.0,-157.0,-157.0,-157.0,-157.0,-156.0,-157.0,-157.0,-157.0,-157.0,-157.0,-157.0,-157.0,-155.0,-157.0,-157.0,-157.0,-154.0,-153.5,-152.0,-153.5,-155.5,-157.0,-155.5,-156.5,-154.0,-154.5,-157.0,-154.5,-157.0,-157.0,-157.0,-157.0,-157.0,-154.5,-149.5,-149.5,-152.5,-155.0,-157.0,-156.5,-157.0,-157.0,-157.0,-157.0,-157.0,-157.0,-157.0,-157.0,-154.5,-157.0,-152.5,-157.0,-154.0,-155.5,-157.0,-154.0,-157.0,-157.0,-155.5,-156.5,-155.5,-157.0,-157.0,-157.0,-157.0,-157.0,-155.5,-155.0,-157.0,-154.5,-154.5,-153.0,-153.5,-148.5,-150.5,-155.0,-157.0,-157.0,-156.0,-153.5,-157.0,-157.0,-157.0,-153.5,-153.5,-157.0,-157.0,-151.5,-153.0,-157.0,-156.0,-155.5,-157.0,-157.0,-157.0,-157.0,-157.0,-152.5,-152.5,-155.5,-157.0,-157.0,-154.5,-157.0,-157.0,-157.0,-157.0,-155.0,-157.0,-154.5,-156.5,-157.0,-157.0,-152.0,-148.0,-150.5,-157.0,-157.0,-156.0,-155.0,-156.0,-157.0,-157.0,-157.0,-157.0,-157.0,-157.0,-157.0,-156.5,-153.5,-155.0,-154.0,-154.5,-154.5,-155.5,-157.0,-157.0,-157.0,-157.0,-155.5,-155.5,-157.0,-155.0,-151.5,-153.0,-155.5,-154.0,-155.5,-156.5,-153.0,-156.0,-157.0,-157.0,-157.0,-151.0,-153.0,-153.0,-157.0,-157.0,-157.0,-155.0,-156.0,-156.0,-155.0,-156.0,-152.5,-154.5,-157.0,-157.0,-157.0,-157.0,-157.0,-157.0,-157.0,-153.5,-152.5,-153.0,-153.5,-153.0,-152.5,-153.0,-157.0,-157.0,-157.0,-157.0,-157.0,-157.0,-157.0,-152.0,-154.5,-157.0,-154.0,-154.5,-152.5,-154.5,-157.0,-157.0,-155.0,-157.0,-151.5,-151.0,-156.0,-155.0,-157.0,-150.0,-152.5,-154.0,-154.5,-152.0,-157.0,-155.5,-156.5,-153.0,-154.5,-157.0,-155.5,-151.5,-154.5,-157.0,-157.0,-157.0,-157.0,-153.5,-155.5,-157.0,-157.0,-157.0,-156.5,-156.0,-157.0,-157.0,-157.0,-156.5,-152.5,-153.5,-157.0,-157.0,-157.0,-157.0,-157.0,-157.0,-157.0,-157.0,-157.0,-157.0,-156.0,-155.0,-157.0,-157.0,-157.0,-157.0,-157.0,-157.0,-156.0,-155.5,-154.5,-156.5,-155.0,-153.0,-157.0,-157.0,-156.5,-157.0,-150.0,-150.0,-153.5,-157.0,-156.0,-157.0,-156.0,-157.0,-157.0,-152.0,-149.5,-151.0,-157.0,-157.0,-156.0,-152.0,-156.5,-157.0,-156.5,-157.0,-157.0,-157.0,-157.0,-153.5,-154.0,-157.0,-157.0,-157.0,-157.0,-157.0,-157.0,-157.0,-157.0,-151.5,-154.0,-157.0,-155.0,-151.0,-153.5,-155.5,-157.0,-157.0,-153.5,-152.0,-152.5,-156.0,-154.5,-155.5,-156.0,-157.0,-157.0,-157.0,-152.0,-152.0,-155.0,-157.0,-152.5,-157.0,-157.0,-153.5,-153.0,-153.0,-157.0,-157.0,-157.0,-157.0,-151.0,-150.5,-153.0,-155.0,-152.0,-157.0,-157.0,-157.0,-157.0,-153.0,-153.5,-155.0,-157.0,-157.0,-156.0,-154.0,-149.0,-155.0,-157.0,-154.5,-157.0,-157.0,-152.0,-154.0,-153.5,-157.0,-157.0,-157.0,-154.0,-155.5,-157.0,-155.5,-155.5,-154.5,-157.0,-156.5,-157.0,-154.0,-153.5,-154.5,-157.0,-157.0,-155.0,-157.0,-154.0,-153.0,-154.5,-157.0,-157.0,-157.0,-157.0,-157.0,-155.0,-152.5,-151.5,-156.0,-154.5,-155.0,-157.0
2026-01-17 14:24:14.844,143.049967,5,-77,-157.0,-157.0,-157.0,-157.0,-157.0,-154.5,-157.0,-157.0,-157.0,-153.5,-153.0,-151.0,-156.5,-151.5,-149.0,-157.0,-157.0,-157.0,-157.0,-152.5,-150.5,-156.5,-156.0,-151.5,-157.0,-157.0,-153.5,-156.0,-156.0,-157.0,-157.0,-153.0,-154.0,-157.0,-157.0,-157.0,-156.5,-154.5,-153.5,-155.0,-155.0,-152.0,-152.5,-153.5,-151.5,-149.5,-150.5,-157.0,-157.0,-157.0,-154.5,-154.5,-151.5,-152.0,-157.0,-157.0,-157.0,-154.5,-157.0,-153.5,-157.0,-156.5,-154.0,-153.0,-157.0,-155.0,-150.0,-149.5,-152.0,-157.0,-157.0,-152.0,-155.0,-157.0,-157.0,-154.5,-157.0,-157.0,-157.0,-157.0,-157.0,-157.0,-155.5,-152.0,-152.5,-157.0,-157.0,-157.0,-157.0,-157.0,-157.0,-154.5,-157.0,-157.0,-157.0,-154.5,-151.5,-154.0,-157.0,-157.0,-157.0,-157.0,-157.0,-157.0,-156.0,-157.0,-157.0,-156.0,-157.0,-156.0,-152.5,-155.5,-155.5,-155.5,-157.0,-155.0,-157.0,-157.0,-157.0,-157.0,-157.0,-156.5,-153.0,-157.0,-157.0,-154.5,-154.0,-157.0,-157.0,-157.0,-157.0,-157.0,-157.0,-156.5,-153.5,-156.0,-153.5,-151.5,-156.5,-155.5,-154.5,-157.0,-155.0,-157.0,-157.0,-157.0,-157.0,-157.0,-157.0,-154.5,-157.0,-157.0,-157.0,-157.0,-153.0,-154.0,-155.5,-157.0,-154.5,-157.0,-153.0,-155.5,-155.5,-157.0,-157.0,-157.0,-151.0,-154.0,-157.0,-157.0,-152.0,-153.5,-157.0,-154.0,-152.0,-157.0,-155.0,-153.5,-154.5,-157.0,-157.0,-157.0,-156.5,-156.5,-153.5,-157.0,-157.0,-157.0,-157.0,-154.0,-155.5,-157.0,-156.0,-154.0,-155.5,-153.0,-157.0,-157.0,-157.0,-157.0,-152.0,-151.5,-156.0,-156.5,-157.0,-157.0,-157.0,-157.0,-157.0,-157.0,-157.0,-157.0,-157.0,-157.0,-156.5,-154.0,-153.5,-156.0,-157.0,-156.5,-154.5,-155.0,-157.0,-157.0,-157.0,-157.0,-150.5,-151.0,-157.0,-155.0,-152.0,-155.0,-157.0,-152.5,-151.0,-152.0,-154.0,-156.0,-155.0,-156.5,-157.0,-154.0,-150.5,-151.0,-157.0,-156.0,-157.0,-157.0,-157.0,-157.0,-151.0,-157.0,-154.5,-154.0,-157.0,-153.5,-154.5,-157.0,-157.0,-157.0,-153.5,-154.0,-157.0,-151.0,-157.0,-153.5,-153.5,-151.5,-157.0,-157.0,-157.0,-157.0,-157.0,-157.0,-157.0,-154.5,-157.0,-157.0,-156.5,-157.0,-152.5,-152.0,-153.0,-157.0,-154.5,-157.0,-155.0,-157.0,-153.0,-152.5,-157.0,-149.0,-155.0,-155.5,-153.5,-156.0,-157.0,-157.0,-155.5,-152.0,-153.5,-156.5,-157.0,-155.5,-155.0,-154.0,-156.0,-156.0,-154.5,-153.0,-157.0,-157.0,-157.0,-157.0,-157.0,-157.0,-157.0,-157.0,-155.5,-152.0,-152.0,-157.0,-157.0,-157.0,-157.0,-157.0,-157.0,-157.0,-157.0,-157.0,-156.5,-157.0,-155.5,-152.5,-157.0,-157.0,-155.0,-155.5,-157.0,-157.0,-157.0,-155.5,-157.0,-154.5,-151.5,-153.5,-157.0,-157.0,-155.5,-156.0,-155.5,-157.0,-157.0,-156.5,-155.0,-157.0,-157.0,-157.0,-157.0,-154.5,-155.0,-155.0,-157.0,-157.0,-153.5,-150.0,-154.0,-154.0,-152.0,-157.0,-157.0,-157.0,-157.0,-152.5,-153.0,-157.0,-157.0,-157.0,-157.0,-157.0,-157.0,-157.0,-156.0,-152.0,-153.0,-154.0,-156.5,-154.5,-153.5,-152.0,-155.0,-155.5,-155.0,-151.5,-149.5,-155.0,-157.0,-157.0,-155.5,-157.0,-157.0,-157.0,-157.0,-153.0,-156.0,-152.0,-154.0,-152.0,-157.0,-157.0,-155.0,-154.0,-155.0,-155.5,-157.0,-157.0,-152.5,-151.0,-149.5,-155.0,-156.0,-156.5,-157.0,-157.0,-157.0,-156.5,-156.5,-152.0,-157.0,-155.5,-156.5,-151.5,-150.5,-157.0,-152.5,-151.5,-157.0,-157.0,-152.5,-151.5,-153.0,-157.0,-157.0,-157.0,-151.5,-150.5,-154.5,-153.0,-152.5,-155.5,-157.0,-154.5,-154.5,-157.0,-157.0,-152.0,-157.0,-157.0,-155.0,-155.5,-154.0,-153.0,-157.0,-157.0,-157.0,-157.0,-157.0,-157.0,-152.5,-154.5,-156.0,-157.0,-157.0,-157.0,-152.0
2026-01-17 14:24:14.878,143.049967,5,-77,-157.0,-157.0,-157.0,-157.0,-154.5,-154.0,-157.0,-157.0,-157.0,-154.0,-156.5,-150.5,-154.0,-154.5,-150.0,-156.5,-156.5,-156.5,-157.0,-154.5,-155.5,-153.5,-152.0,-152.5,-157.0,-157.0,-152.5,-157.0,-157.0,-157.0,-157.0,-157.0,-154.5,-157.0,-156.5,-154.5,-157.0,-157.0,-155.0,-157.0,-153.0,-157.0,-157.0,-153.5,-156.0,-153.0,-152.0,-157.0,-157.0,-157.0,-153.5,-157.0,-151.5,-155.5,-157.0,-156.0,-151.5,-153.5,-157.0,-152.5,-157.0,-156.0,-157.0,-157.0,-157.0,-153.5,-157.0,-157.0,-152.5,-156.5,-157.0,-151.5,-155.0,-157.0,-157.0,-153.5,-157.0,-156.5,-157.0,-157.0,-153.0,-155.0,-156.0,-152.0,-150.5,-154.5,-156.0,-157.0,-157.0,-157.0,-155.0,-152.5,-157.0,-157.0,-157.0,-157.0,-151.0,-152.5,-157.0,-157.0,-157.0,-157.0,-154.5,-156.0,-157.0,-157.0,-157.0,-157.0,-157.0,-153.0,-148.0,-157.0,-157.0,-153.0,-155.5,-152.0,-154.0,-156.5,-157.0,-157.0,-157.0,-157.0,-156.5,-155.5,-154.5,-157.0,-156.0,-157.0,-157.0,-157.0,-157.0,-157.0,-154.5,-153.5,-154.5,-156.5,-153.0,-157.0,-156.5,-157.0,-157.0,-157.0,-157.0,-156.5,-157.0,-157.0,-157.0,-157.0,-157.0,-151.5,-157.0,-157.0,-157.0,-153.5,-150.0,-153.0,-155.5,-157.0,-155.0,-155.5,-157.0,-157.0,-154.0,-157.0,-153.0,-157.0,-150.0,-151.0,-157.0,-155.0,-151.5,-157.0,-157.0,-157.0,-157.0,-157.0,-157.0,-157.0,-156.5,-157.0,-157.0,-155.5,-154.0,-155.5,-156.5,-157.0,-157.0,-157.0,-157.0,-154.5,-157.0,-157.0,-151.5,-149.5,-157.0,-154.0,-157.0,-157.0,-157.0,-157.0,-157.0,-157.0,-154.5,-157.0,-157.0,-157.0,-157.0,-157.0,-155.5,-153.5,-157.0,-157.0,-157.0,-155.5,-152.5,-153.5,-154.5,-153.0,-152.0,-153.0,-155.0,-153.0,-154.5,-157.0,-157.0,-155.5,-150.0,-151.5,-154.5,-157.0,-155.5,-157.0,-157.0,-157.0,-154.0,-153.0,-157.0,-157.0,-151.5,-152.0,-157.0,-157.0,-153.5,-156.0,-157.0,-157.0,-157.0,-157.0,-157.0,-157.0,-150.5,-157.0,-157.0,-157.0,-156.5,-154.5,-153.0,-157.0,-157.0,-155.5,-154.0,-156.5,-157.0,-149.0,-153.0,-156.0,-154.0,-153.5,-157.0,-157.0,-157.0,-157.0,-157.0,-157.0,-157.0,-157.0,-157.0,-157.0,-157.0,-157.0,-156.5,-157.0,-151.5,-157.0,-155.0,-157.0,-157.0,-156.0,-156.0,-154.0,-154.0,-149.0,-152.5,-157.0,-155.5,-157.0,-155.5,-156.5,-157.0,-157.0,-157.0,-157.0,-157.0,-153.0,-152.5,-152.5,-155.5,-153.5,-152.0,-154.5,-157.0,-156.5,-156.0,-157.0,-157.0,-156.5,-157.0,-157.0,-157.0,-156.5,-155.0,-157.0,-157.0,-152.5,-154.0,-157.0,-157.0,-157.0,-157.0,-157.0,-157.0,-157.0,-157.0,-152.5,-157.0,-156.0,-154.5,-157.0,-157.0,-157.0,-157.0,-157.0,-157.0,-153.0,-153.5,-156.5,-156.0,-157.0,-154.0,-157.0,-157.0,-157.0,-157.0,-156.0,-154.5,-157.0,-157.0,-157.0,-152.5,-153.5,-157.0,-157.0,-157.0,-157.0,-157.0,-152.0,-157.0,-151.5,-150.0,-157.0,-157.0,-157.0,-157.0,-156.0,-156.0,-155.5,-157.0,-157.0,-157.0,-155.0,-157.0,-157.0,-154.0,-154.5,-156.0,-152.0,-154.0,-154.0,-154.0,-151.0,-153.0,-156.5,-157.0,-155.5,-153.0,-150.5,-152.0,-157.0,-151.5,-154.0,-157.0,-157.0,-155.0,-152.0,-156.5,-151.5,-155.0,-151.0,-153.5,-156.0,-157.0,-154.0,-155.0,-155.5,-157.0,-157.0,-154.0,-156.0,-151.0,-157.0,-157.0,-156.5,-153.0,-157.0,-156.5,-157.0,-154.0,-152.5,-157.0,-157.0,-156.5,-153.5,-157.0,-157.0,-153.5,-152.5,-157.0,-153.5,-154.0,-155.5,-157.0,-157.0,-156.0,-155.0,-152.0,-150.0,-151.5,-153.0,-154.0,-156.0,-154.0,-152.5,-156.0,-155.0,-151.5,-150.5,-151.5,-153.5,-157.0,-156.5,-155.0,-157.0,-156.5,-157.0,-157.0,-157.0,-157.0,-157.0,-156.0,-157.0,-157.0,-157.0,-157.0,-157.0,-152.5
2026-01-17 14:24:14.913,143.049967,5,-77,-157.0,-157.0,-154.5,-157.0,-155.5,-153.5,-157.0,-152.5,-155.0,-155.0,-155.0,-152.0,-156.5,-156.5,-153.5,-154.0,-153.5,-156.0,-157.0,-156.5,-157.0,-152.0,-157.0,-156.5,-157.0,-157.0,-150.0,-153.5,-157.0,-157.0,-155.5,-157.0,-154.5,-157.0,-157.0,-152.0,-153.0,-154.5,-156.0,-157.0,-151.5,-151.5,-155.5,-151.0,-157.0,-157.0,-155.0,-157.0,-157.0,-154.0,-153.0,-157.0,-152.0,-157.0,-157.0,-157.0,-154.0,-154.5,-154.5,-151.0,-156.0,-156.0,-157.0,-157.0,-157.0,-154.0,-157.0,-157.0,-157.0,-154.5,-154.5,-151.5,-151.0,-155.0,-157.0,-155.5,-153.5,-152.5,-155.5,-157.0,-153.0,-154.0,-157.0,-157.0,-152.5,-154.5,-157.0,-157.0,-157.0,-157.0,-153.0,-153.5,-157.0,-157.0,-156.0,-155.0,-155.0,-157.0,-157.0,-154.5,-155.0,-156.0,-155.0,-157.0,-157.0,-157.0,-157.0,-157.0,-157.0,-153.0,-146.5,-151.5,-157.0,-151.5,-152.5,-154.5,-156.0,-157.0,-157.0,-157.0,-157.0,-157.0,-156.5,-156.0,-153.5,-157.0,-157.0,-157.0,-157.0,-157.0,-157.0,-157.0,-157.0,-155.5,-157.0,-157.0,-156.5,-157.0,-157.0,-157.0,-157.0,-154.0,-154.0,-155.0,-157.0,-157.0,-157.0,-152.0,-155.0,-151.0,-157.0,-157.0,-157.0,-153.5,-151.5,-157.0,-157.0,-157.0,-157.0,-157.0,-157.0,-157.0,-154.0,-156.5,-149.5,-151.0,-153.5,-153.5,-157.0,-154.0,-152.0,-157.0,-157.0,-157.0,-157.0,-157.0,-157.0,-157.0,-157.0,-157.0,-154.5,-153.0,-155.0,-157.0,-157.0,-155.0,-157.0,-157.0,-157.0,-154.0,-155.5,-157.0,-154.0,-151.5,-157.0,-156.0,-153.5,-152.5,-157.0,-157.0,-157.0,-153.5,-150.0,-153.5,-155.0,-153.5,-154.0,-157.0,-152.5,-153.0,-157.0,-157.0,-154.5,-154.0,-154.0,-157.0,-155.0,-157.0,-149.5,-151.5,-157.0,-152.0,-151.5,-156.0,-157.0,-157.0,-153.5,-153.5,-152.0,-153.5,-153.5,-157.0,-157.0,-157.0,-157.0,-156.5,-157.0,-157.0,-152.0,-151.0,-156.5,-157.0,-155.5,-155.0,-155.0,-154.0,-154.5,-154.0,-157.0,-157.0,-152.0,-157.0,-157.0,-155.5,-153.0,-155.0,-155.0,-154.0,-157.0,-152.0,-155.0,-155.5,-156.5,-150.5,-151.5,-157.0,-157.0,-157.0,-157.0,-155.5,-157.0,-157.0,-157.0,-157.0,-157.0,-157.0,-157.0,-157.0,-157.0,-157.0,-157.0,-157.0,-152.0,-153.0,-155.5,-157.0,-157.0,-157.0,-157.0,-155.0,-157.0,-152.5,-155.5,-154.5,-157.0,-154.0,-155.0,-154.5,-157.0,-157.0,-157.0,-157.0,-157.0,-151.0,-152.5,-157.0,-157.0,-157.0,-157.0,-157.0,-157.0,-157.0,-157.0,-156.5,-157.0,-153.5,-153.5,-155.5,-157.0,-157.0,-156.0,-157.0,-154.5,-150.5,-157.0,-157.0,-156.0,-156.5,-156.5,-157.0,-157.0,-157.0,-157.0,-151.5,-155.0,-152.0,-154.0,-157.0,-157.0,-157.0,-157.0,-156.0,-157.0,-156.5,-157.0,-155.5,-155.0,-157.0,-151.5,-157.0,-156.5,-157.0,-157.0,-157.0,-154.0,-157.0,-157.0,-153.0,-150.5,-157.0,-157.0,-157.0,-156.0,-157.0,-157.0,-153.0,-155.5,-152.5,-151.0,-157.0,-157.0,-154.5,-156.0,-156.0,-154.0,-153.0,-157.0,-157.0,-153.5,-151.0,-154.0,-157.0,-157.0,-157.0,-157.0,-156.5,-155.5,-151.5,-155.5,-153.0,-156.5,-157.0,-157.0,-157.0,-157.0,-152.0,-152.0,-155.0,-150.5,-151.0,-153.5,-157.0,-153.0,-153.0,-154.5,-153.0,-157.0,-153.5,-153.0,-153.5,-155.5,-157.0,-156.0,-157.0,-157.0,-155.0,-155.5,-157.0,-154.5,-157.0,-157.0,-154.0,-150.5,-152.0,-157.0,-156.5,-156.5,-155.5,-155.0,-157.0,-155.0,-153.5,-155.5,-157.0,-157.0,-155.5,-157.0,-153.5,-152.0,-157.0,-157.0,-154.5,-157.0,-154.5,-154.5,-153.0,-153.0,-154.5,-157.0,-157.0,-157.0,-154.0,-157.0,-157.0,-151.5,-156.0,-156.5,-155.5,-153.5,-154.5,-155.5,-157.0,-155.5,-155.5,-157.0,-157.0,-157.0,-157.0,-157.0,-157.0,-157.0,-157.0,-157.0,-157.0,-157.0
2026-01-17 14:24:14.943,143.049967,5,-77,-157.0,-157.0,-150.5,-152.0,-156.0,-154.5,-154.5,-152.0,-155.0,-157.0,-156.0,-152.5,-157.0,-157.0,-157.0,-154.0,-152.5,-155.5,-157.0,-157.0,-157.0,-153.0,-156.5,-157.0,-157.0,-157.0,-150.0,-153.0,-157.0,-157.0,-157.0,-152.0,-153.0,-157.0,-156.0,-152.0,-154.0,-155.0,-157.0,-154.5,-156.0,-150.0,-150.0,-149.5,-151.5,-155.5,-157.0,-157.0,-157.0,-156.5,-153.0,-155.5,-154.5,-157.0,-157.0,-157.0,-157.0,-153.5,-153.5,-152.0,-157.0,-156.5,-157.0,-157.0,-157.0,-153.0,-155.5,-154.5,-157.0,-151.5,-149.0,-149.0,-148.5,-157.0,-157.0,-157.0,-156.0,-153.0,-153.0,-156.0,-157.0,-155.0,-157.0,-157.0,-157.0,-155.0,-157.0,-157.0,-157.0,-157.0,-155.5,-157.0,-156.5,-157.0,-155.5,-152.0,-155.0,-157.0,-156.5,-149.5,-152.0,-154.5,-157.0,-156.5,-157.0,-157.0,-157.0,-157.0,-157.0,-157.0,-150.5,-156.0,-156.5,-155.0,-155.0,-157.0,-157.0,-157.0,-157.0,-157.0,-157.0,-155.5,-153.5,-156.5,-157.0,-157.0,-157.0,-157.0,-157.0,-157.0,-157.0,-156.5,-156.0,-157.0,-156.5,-157.0,-157.0,-157.0,-157.0,-157.0,-153.5,-150.5,-150.5,-155.0,-157.0,-157.0,-153.5,-151.5,-151.0,-153.0,-152.5,-157.0,-157.0,-155.0,-155.5,-157.0,-157.0,-155.5,-157.0,-157.0,-157.0,-157.0,-156.5,-152.5,-149.5,-151.5,-157.0,-157.0,-156.0,-157.0,-157.0,-157.0,-154.0,-151.0,-153.0,-154.0,-157.0,-157.0,-157.0,-157.0,-155.5,-155.0,-151.5,-152.5,-157.0,-153.5,-156.0,-157.0,-157.0,-152.5,-155.5,-155.0,-157.0,-157.0,-157.0,-154.5,-155.0,-153.5,-153.0,-157.0,-157.0,-152.0,-149.5,-156.0,-152.5,-155.0,-153.5,-157.0,-157.0,-156.5,-157.0,-157.0,-153.5,-157.0,-157.0,-157.0,-153.5,-156.5,-151.0,-153.0,-157.0,-157.0,-155.5,-157.0,-157.0,-157.0,-155.5,-156.5,-156.5,-150.5,-154.5,-155.5,-157.0,-153.5,-155.0,-157.0,-156.0,-151.0,-152.0,-157.0,-157.0,-157.0,-153.0,-153.5,-155.5,-154.5,-151.0,-153.0,-157.0,-156.5,-155.0,-157.0,-157.0,-156.0,-152.0,-157.0,-157.0,-152.5,-155.5,-151.5,-152.0,-153.5,-157.0,-155.0,-156.0,-157.0,-155.0,-157.0,-157.0,-155.0,-154.0,-154.0,-157.0,-157.0,-157.0,-157.0,-157.0,-157.0,-157.0,-157.0,-157.0,-154.0,-155.5,-151.5,-154.0,-157.0,-155.5,-154.5,-152.5,-153.0,-157.0,-154.5,-154.0,-152.5,-157.0,-154.0,-153.5,-157.0,-153.5,-155.0,-157.0,-156.5,-157.0,-154.5,-153.5,-157.0,-155.5,-157.0,-157.0,-157.0,-157.0,-157.0,-157.0,-156.0,-157.0,-155.5,-155.0,-154.5,-154.0,-155.0,-152.5,-157.0,-154.0,-150.5,-157.0,-157.0,-154.5,-156.5,-151.5,-157.0,-157.0,-157.0,-157.0,-151.0,-151.0,-152.5,-155.0,-157.0,-156.0,-156.5,-157.0,-153.5,-157.0,-157.0,-157.0,-157.0,-157.0,-154.5,-152.0,-157.0,-156.0,-157.0,-157.0,-157.0,-152.0,-157.0,-157.0,-155.0,-151.5,-157.0,-157.0,-157.0,-157.0,-156.5,-157.0,-155.5,-157.0,-157.0,-155.5,-157.0,-156.0,-155.5,-157.0,-155.0,-155.0,-153.0,-157.0,-153.5,-150.5,-151.0,-154.5,-157.0,-157.0,-157.0,-157.0,-157.0,-156.5,-151.5,-157.0,-154.5,-157.0,-157.0,-155.5,-155.0,-157.0,-157.0,-157.0,-153.5,-155.5,-151.0,-156.0,-157.0,-157.0,-157.0,-157.0,-153.0,-157.0,-157.0,-157.0,-152.5,-153.0,-152.5,-155.0,-157.0,-157.0,-155.0,-155.5,-157.0,-157.0,-154.5,-157.0,-157.0,-153.0,-153.5,-157.0,-154.5,-156.0,-157.0,-157.0,-157.0,-154.0,-153.5,-152.0,-157.0,-157.0,-156.0,-157.0,-155.0,-154.0,-156.0,-154.5,-153.0,-153.0,-154.0,-155.5,-152.5,-154.5,-154.0,-157.0,-157.0,-157.0,-155.5,-157.0,-154.0,-151.0,-157.0,-157.0,-157.0,-152.5,-154.5,-157.0,-156.5,-157.0,-157.0,-157.0,-156.5,-157.0,-157.0,-157.0,-157.0,-157.0,-157.0,-155.5,-155.0,-157.0
2026-01-17 14:24:14.979,143.049967,5,-77,-157.0,-157.0,-151.0,-153.0,-156.0,-154.0,-151.0,-153.5,-156.5,-157.0,-151.5,-149.5,-157.0,-157.0,-157.0,-157.0,-155.5,-157.0,-157.0,-157.0,-157.0,-155.0,-154.5,-157.0,-157.0,-157.0,-156.0,-155.5,-157.0,-157.0,-155.5,-152.5,-157.0,-157.0,-153.5,-155.0,-157.0,-157.0,-157.0,-155.0,-157.0,-155.0,-152.5,-151.5,-155.5,-157.0,-157.0,-157.0,-157.0,-157.0,-154.5,-157.0,-157.0,-156.5,-156.5,-157.0,-156.5,-151.0,-155.5,-156.5,-156.5,-157.0,-157.0,-157.0,-157.0,-152.5,-154.0,-152.0,-151.5,-152.0,-148.5,-151.5,-154.5,-157.0,-157.0,-156.0,-157.0,-157.0,-155.0,-153.5,-155.0,-157.0,-157.0,-157.0,-157.0,-156.0,-157.0,-156.5,-157.0,-157.0,-157.0,-157.0,-154.0,-155.0,-156.0,-154.5,-155.5,-157.0,-153.5,-149.0,-153.0,-155.5,-157.0,-155.5,-155.0,-156.0,-157.0,-157.0,-157.0,-157.0,-157.0,-157.0,-157.0,-157.0,-157.0,-157.0,-156.5,-157.0,-157.0,-157.0,-157.0,-151.5,-151.0,-153.0,-157.0,-157.0,-157.0,-157.0,-157.0,-157.0,-157.0,-153.0,-153.0,-157.0,-154.5,-157.0,-156.0,-154.5,-157.0,-157.0,-155.0,-155.0,-153.0,-157.0,-157.0,-157.0,-152.0,-154.0,-153.0,-154.0,-152.5,-157.0,-155.0,-157.0,-157.0,-157.0,-156.0,-153.5,-157.0,-157.0,-157.0,-157.0,-157.0,-153.5,-152.0,-156.5,-157.0,-157.0,-152.5,-154.0,-157.0,-157.0,-153.5,-147.0,-148.5,-155.5,-157.0,-157.0,-154.0,-152.5,-157.0,-155.5,-150.5,-156.5,-157.0,-155.0,-155.5,-156.5,-155.0,-150.5,-151.5,-154.5,-157.0,-157.0,-155.5,-154.5,-155.5,-153.0,-151.5,-157.0,-157.0,-155.5,-155.0,-156.5,-156.0,-157.0,-157.0,-157.0,-157.0,-157.0,-157.0,-157.0,-153.0,-157.0,-156.0,-157.0,-152.5,-154.0,-153.0,-156.0,-153.0,-154.0,-157.0,-157.0,-155.5,-157.0,-155.0,-157.0,-157.0,-152.5,-154.0,-155.0,-157.0,-153.5,-155.5,-156.0,-153.0,-147.5,-147.5,-157.0,-156.0,-154.0,-156.5,-157.0,-153.0,-155.5,-152.5,-157.0,-157.0,-157.0,-157.0,-157.0,-157.0,-157.0,-152.5,-156.0,-157.0,-154.5,-154.0,-154.0,-154.0,-155.5,-157.0,-157.0,-155.5,-157.0,-154.5,-157.0,-157.0,-156.0,-156.5,-157.0,-157.0,-157.0,-156.0,-157.0,-157.0,-157.0,-157.0,-157.0,-157.0,-152.0,-151.5,-154.5,-154.0,-155.0,-154.0,-153.5,-155.0,-156.5,-157.0,-155.0,-154.5,-154.0,-157.0,-157.0,-157.0,-157.0,-154.5,-155.0,-157.0,-157.0,-157.0,-157.0,-153.5,-157.0,-157.0,-157.0,-157.0,-157.0,-157.0,-157.0,-157.0,-157.0,-157.0,-157.0,-157.0,-156.5,-157.0,-151.0,-151.0,-157.0,-156.0,-154.5,-157.0,-157.0,-156.0,-154.5,-151.5,-156.5,-157.0,-157.0,-157.0,-156.0,-151.0,-155.0,-156.5,-157.0,-156.5,-155.0,-154.0,-152.0,-157.0,-157.0,-157.0,-157.0,-157.0,-154.5,-153.0,-153.5,-157.0,-157.0,-157.0,-157.0,-153.5,-157.0,-157.0,-157.0,-155.5,-157.0,-157.0,-157.0,-157.0,-157.0,-157.0,-157.0,-157.0,-157.0,-157.0,-155.5,-157.0,-157.0,-156.5,-156.5,-156.5,-156.5,-156.5,-154.0,-155.5,-155.0,-152.5,-157.0,-157.0,-157.0,-157.0,-157.0,-157.0,-153.0,-155.5,-154.0,-156.5,-157.0,-157.0,-157.0,-157.0,-157.0,-157.0,-157.0,-157.0,-155.0,-157.0,-157.0,-156.0,-154.0,-155.0,-152.0,-155.5,-157.0,-153.5,-152.5,-155.5,-151.0,-154.5,-156.5,-157.0,-153.0,-150.5,-151.0,-155.5,-157.0,-157.0,-157.0,-157.0,-157.0,-157.0,-156.5,-157.0,-157.0,-157.0,-157.0,-153.5,-155.5,-153.0,-157.0,-156.5,-153.5,-157.0,-156.0,-154.0,-151.5,-152.5,-155.5,-153.5,-155.5,-157.0,-152.0,-155.5,-153.0,-153.5,-156.5,-157.0,-157.0,-157.0,-151.5,-151.5,-157.0,-155.0,-154.5,-157.0,-157.0,-157.0,-156.0,-157.0,-157.0,-157.0,-155.5,-157.0,-157.0,-157.0,-157.0,-157.0,-157.0,-155.0,-157.0,-157.0
2026-01-17 14:24:15.010,143.049967,5,-77,-157.0,-157.0,-155.5,-157.0,-156.5,-150.5,-150.0,-157.0,-157.0,-157.0,-150.5,-149.5,-157.0,-155.5,-154.0,-157.0,-157.0,-156.5,-156.5,-157.0,-157.0,-157.0,-157.0,-157.0,-157.0,-157.0,-157.0,-156.5,-156.5,-156.5,-155.5,-156.0,-157.0,-155.5,-156.0,-157.0,-157.0,-157.0,-157.0,-157.0,-157.0,-157.0,-155.5,-154.0,-154.5,-157.0,-157.0,-157.0,-157.0,-155.5,-156.5,-157.0,-151.0,-151.0,-152.0,-157.0,-152.5,-148.5,-157.0,-157.0,-153.0,-157.0,-155.5,-154.5,-155.0,-157.0,-157.0,-151.5,-151.0,-157.0,-153.0,-157.0,-157.0,-155.5,-154.5,-155.5,-157.0,-155.5,-156.5,-153.0,-157.0,-157.0,-157.0,-157.0,-157.0,-157.0,-157.0,-157.0,-157.0,-157.0,-157.0,-157.0,-157.0,-157.0,-155.5,-157.0,-157.0,-156.0,-157.0,-151.0,-153.0,-157.0,-156.5,-155.5,-155.0,-156.5,-155.5,-157.0,-157.0,-157.0,-157.0,-156.5,-157.0,-157.0,-156.0,-155.0,-156.0,-154.0,-156.5,-157.0,-156.0,-153.0,-154.0,-153.5,-157.0,-157.0,-157.0,-157.0,-157.0,-157.0,-157.0,-153.0,-155.0,-157.0,-154.0,-157.0,-155.0,-154.0,-157.0,-157.0,-157.0,-157.0,-154.5,-157.0,-157.0,-157.0,-152.5,-153.5,-157.0,-154.0,-154.0,-156.5,-155.5,-157.0,-156.5,-157.0,-157.0,-153.5,-154.0,-155.0,-157.0,-157.0,-157.0,-154.5,-154.5,-157.0,-155.5,-156.5,-152.5,-152.0,-157.0,-157.0,-157.0,-149.5,-151.5,-157.0,-157.0,-157.0,-156.5,-151.0,-154.5,-153.5,-151.0,-157.0,-157.0,-156.0,-157.0,-154.5,-153.5,-151.5,-152.5,-157.0,-157.0,-157.0,-155.5,-154.0,-156.0,-155.0,-154.0,-157.0,-157.0,-156.0,-157.0,-152.5,-157.0,-157.0,-157.0,-157.0,-156.0,-157.0,-157.0,-156.0,-155.5,-154.5,-157.0,-157.0,-155.5,-155.5,-157.0,-155.0,-150.5,-152.0,-157.0,-155.0,-152.5,-154.0,-152.5,-154.5,-155.0,-157.0,-152.0,-157.0,-157.0,-157.0,-153.0,-152.0,-152.5,-152.5,-151.0,-157.0,-157.0,-154.0,-157.0,-156.5,-152.0,-155.5,-157.0,-157.0,-157.0,-157.0,-157.0,-157.0,-157.0,-156.5,-152.0,-154.5,-157.0,-155.0,-152.0,-152.0,-156.0,-157.0,-157.0,-157.0,-157.0,-157.0,-156.5,-157.0,-157.0,-157.0,-157.0,-157.0,-157.0,-156.0,-154.0,-157.0,-157.0,-157.0,-157.0,-157.0,-157.0,-152.5,-151.5,-157.0,-157.0,-157.0,-157.0,-157.0,-157.0,-157.0,-156.5,-154.5,-157.0,-157.0,-157.0,-157.0,-157.0,-157.0,-155.0,-153.5,-157.0,-157.0,-157.0,-154.5,-152.5,-157.0,-157.0,-157.0,-156.0,-157.0,-154.5,-154.5,-157.0,-157.0,-157.0,-157.0,-155.0,-157.0,-157.0,-154.5,-155.5,-157.0,-157.0,-157.0,-156.0,-155.5,-157.0,-157.0,-154.0,-155.0,-157.0,-157.0,-157.0,-154.5,-151.0,-157.0,-157.0,-155.0,-152.5,-153.0,-151.0,-151.0,-157.0,-157.0,-157.0,-157.0,-157.0,-156.0,-153.0,-152.0,-157.0,-157.0,-152.5,-155.5,-154.0,-157.0,-155.0,-157.0,-157.0,-157.0,-157.0,-157.0,-157.0,-157.0,-157.0,-157.0,-157.0,-157.0,-157.0,-154.0,-157.0,-157.0,-157.0,-157.0,-157.0,-157.0,-157.0,-156.0,-157.0,-157.0,-151.5,-152.5,-156.0,-157.0,-157.0,-154.0,-156.5,-156.5,-157.0,-152.0,-151.0,-157.0,-157.0,-156.5,-157.0,-157.0,-157.0,-157.0,-157.0,-157.0,-156.5,-157.0,-154.5,-152.5,-157.0,-153.0,-156.0,-156.5,-156.0,-157.0,-154.0,-155.0,-157.0,-156.5,-156.5,-151.0,-151.5,-151.0,-150.5,-157.0,-157.0,-157.0,-157.0,-156.5,-156.0,-155.5,-157.0,-155.0,-155.0,-156.0,-152.5,-153.0,-156.0,-157.0,-157.0,-152.5,-155.0,-155.5,-152.0,-153.5,-154.5,-156.5,-154.5,-157.0,-157.0,-152.5,-154.5,-152.0,-154.5,-154.0,-153.5,-154.0,-157.0,-154.5,-154.5,-157.0,-151.5,-152.0,-157.0,-157.0,-157.0,-156.5,-157.0,-155.0,-157.0,-157.0,-155.5,-155.5,-157.0,-157.0,-154.0,-157.0,-157.0,-157.0,-157.0
2026-01-17 14:24:15.044,143.049967,5,-77,-157.0,-157.0,-157.0,-157.0,-157.0,-153.5,-154.5,-157.0,-157.0,-157.0,-153.5,-155.0,-157.0,-151.5,-151.5,-153.0,-157.0,-154.0,-153.5,-156.0,-155.5,-157.0,-157.0,-157.0,-157.0,-157.0,-153.0,-153.0,-156.0,-152.0,-153.0,-157.0,-155.5,-154.5,-157.0,-157.0,-157.0,-157.0,-157.0,-157.0,-155.5,-155.5,-157.0,-157.0,-153.0,-154.5,-157.0,-155.5,-155.0,-152.0,-153.0,-154.5,-150.5,-155.5,-151.5,-157.0,-154.0,-148.0,-155.0,-157.0,-150.5,-150.5,-155.0,-157.0,-157.0,-157.0,-157.0,-155.0,-157.0,-157.0,-156.0,-157.0,-157.0,-157.0,-157.0,-156.5,-152.5,-152.0,-157.0,-154.0,-153.0,-157.0,-157.0,-157.0,-157.0,-157.0,-157.0,-157.0,-157.0,-153.0,-154.5,-153.5,-157.0,-157.0,-157.0,-155.0,-153.5,-151.5,-156.5,-153.0,-157.0,-157.0,-154.5,-156.5,-157.0,-157.0,-157.0,-157.0,-157.0,-156.5,-156.0,-153.5,-157.0,-157.0,-155.0,-154.5,-157.0,-152.5,-153.5,-157.0,-157.0,-155.5,-154.0,-152.5,-153.5,-157.0,-157.0,-154.5,-153.5,-153.5,-157.0,-157.0,-157.0,-157.0,-153.5,-155.0,-157.0,-157.0,-157.0,-157.0,-155.5,-157.0,-157.0,-157.0,-157.0,-157.0,-154.5,-157.0,-154.0,-151.5,-157.0,-157.0,-153.5,-150.5,-151.0,-152.5,-154.0,-157.0,-156.5,-155.0,-157.0,-157.0,-154.5,-155.0,-153.5,-156.0,-155.0,-154.5,-157.0,-156.5,-157.0,-154.0,-155.5,-154.5,-157.0,-157.0,-157.0,-157.0,-157.0,-152.0,-156.5,-156.0,-155.5,-153.5,-156.5,-154.0,-154.5,-154.5,-156.5,-155.0,-157.0,-157.0,-155.0,-157.0,-151.5,-151.0,-155.5,-157.0,-157.0,-157.0,-154.0,-153.5,-150.5,-151.0,-157.0,-157.0,-157.0,-157.0,-154.5,-157.0,-157.0,-157.0,-157.0,-157.0,-157.0,-155.5,-155.0,-157.0,-157.0,-154.0,-153.5,-156.0,-157.0,-157.0,-156.5,-153.0,-153.0,-152.0,-157.0,-151.0,-151.0,-157.0,-157.0,-157.0,-152.5,-155.0,-157.0,-157.0,-155.0,-156.5,-157.0,-157.0,-156.0,-157.0,-154.5,-157.0,-157.0,-157.0,-157.0,-157.0,-154.5,-157.0,-157.0,-152.5,-152.0,-157.0,-157.0,-152.5,-154.0,-154.0,-153.5,-155.5,-157.0,-155.0,-156.0,-155.5,-154.5,-157.0,-157.0,-157.0,-157.0,-157.0,-157.0,-157.0,-155.0,-157.0,-157.0,-157.0,-157.0,-157.0,-157.0,-156.5,-155.0,-157.0,-157.0,-157.0,-157.0,-152.5,-152.0,-155.5,-152.5,-153.0,-157.0,-157.0,-157.0,-157.0,-157.0,-157.0,-157.0,-154.5,-154.5,-157.0,-157.0,-157.0,-154.0,-157.0,-157.0,-155.5,-152.0,-157.0,-153.5,-152.0,-157.0,-154.0,-157.0,-157.0,-157.0,-157.0,-157.0,-157.0,-157.0,-153.0,-155.5,-154.5,-155.0,-156.0,-157.0,-157.0,-157.0,-157.0,-157.0,-157.0,-157.0,-153.5,-153.5,-157.0,-157.0,-155.0,-153.5,-157.0,-154.5,-157.0,-157.0,-157.0,-155.0,-156.5,-157.0,-157.0,-157.0,-154.5,-157.0,-153.0,-150.0,-154.0,-152.5,-157.0,-153.5,-155.0,-157.0,-157.0,-155.5,-157.0,-157.0,-157.0,-155.5,-157.0,-157.0,-154.5,-157.0,-149.5,-150.0,-157.0,-157.0,-156.0,-157.0,-157.0,-157.0,-157.0,-157.0,-157.0,-156.0,-157.0,-157.0,-157.0,-157.0,-153.5,-157.0,-157.0,-156.5,-153.5,-154.0,-155.5,-154.0,-153.5,-157.0,-157.0,-157.0,-157.0,-157.0,-157.0,-157.0,-157.0,-157.0,-156.0,-157.0,-152.0,-153.0,-155.5,-157.0,-157.0,-156.0,-157.0,-157.0,-157.0,-154.0,-153.0,-157.0,-153.5,-153.5,-157.0,-157.0,-157.0,-157.0,-157.0,-156.0,-153.5,-157.0,-151.0,-152.0,-157.0,-157.0,-152.0,-152.5,-157.0,-157.0,-154.5,-152.5,-157.0,-154.5,-157.0,-153.5,-153.0,-156.0,-155.0,-152.5,-152.5,-154.5,-155.0,-157.0,-151.5,-154.5,-152.5,-157.0,-157.0,-157.0,-157.0,-153.5,-156.0,-151.0,-155.0,-155.0,-157.0,-157.0,-155.0,-157.0,-157.0,-156.5,-153.5,-157.0,-153.0,-152.0,-156.0,-157.0,-157.0,-152.0
2026-01-17 14:24:15.078,143.049967,5,-77,-157.0,-157.0,-157.0,-157.0,-157.0,-157.0,-154.5,-154.0,-154.5,-157.0,-157.0,-157.0,-157.0,-154.0,-157.0,-153.0,-153.5,-154.5,-152.5,-157.0,-157.0,-157.0,-157.0,-157.0,-157.0,-157.0,-157.0,-152.5,-152.0,-150.0,-152.0,-157.0,-155.5,-156.0,-156.0,-157.0,-157.0,-157.0,-157.0,-157.0,-156.5,-154.5,-157.0,-156.5,-157.0,-153.0,-157.0,-152.5,-152.5,-152.0,-151.5,-154.5,-156.0,-157.0,-151.0,-153.5,-151.5,-149.0,-155.5,-156.0,-155.0,-152.5,-156.0,-157.0,-157.0,-157.0,-155.0,-157.0,-157.0,-157.0,-157.0,-157.0,-157.0,-157.0,-157.0,-157.0,-153.5,-152.0,-157.0,-153.5,-151.5,-155.0,-157.0,-157.0,-157.0,-157.0,-157.0,-157.0,-151.5,-151.0,-150.5,-152.0,-156.0,-154.5,-157.0,-152.5,-150.5,-151.5,-153.0,-153.0,-157.0,-152.5,-153.0,-155.0,-156.0,-153.5,-157.0,-157.0,-157.0,-155.0,-157.0,-153.0,-156.0,-157.0,-157.0,-157.0,-157.0,-156.5,-155.0,-157.0,-157.0,-157.0,-154.0,-149.5,-150.0,-155.0,-154.0,-154.0,-157.0,-153.5,-157.0,-157.0,-157.0,-157.0,-156.5,-156.5,-157.0,-157.0,-155.0,-157.0,-154.0,-157.0,-157.0,-157.0,-157.0,-154.5,-152.0,-155.5,-157.0,-151.5,-157.0,-157.0,-155.5,-151.0,-153.0,-151.5,-152.5,-157.0,-157.0,-157.0,-157.0,-157.0,-157.0,-157.0,-152.5,-156.5,-157.0,-157.0,-157.0,-157.0,-153.5,-152.0,-157.0,-157.0,-157.0,-157.0,-157.0,-157.0,-154.5,-155.0,-156.0,-154.0,-157.0,-150.5,-151.0,-154.5,-152.5,-154.0,-157.0,-157.0,-157.0,-154.0,-156.0,-156.0,-150.0,-154.0,-157.0,-157.0,-157.0,-157.0,-151.0,-152.0,-153.0,-154.0,-157.0,-157.0,-157.0,-157.0,-155.0,-157.0,-157.0,-157.0,-157.0,-157.0,-157.0,-157.0,-156.5,-157.0,-157.0,-157.0,-157.0,-157.0,-157.0,-157.0,-157.0,-157.0,-157.0,-154.0,-157.0,-150.0,-152.5,-157.0,-157.0,-157.0,-153.0,-157.0,-157.0,-157.0,-154.5,-155.0,-156.0,-157.0,-154.0,-152.0,-155.5,-157.0,-157.0,-156.0,-155.0,-153.0,-153.5,-154.5,-155.0,-156.0,-155.5,-155.5,-157.0,-152.0,-156.0,-157.0,-151.5,-150.5,-155.5,-154.5,-155.0,-156.5,-157.0,-157.0,-157.0,-157.0,-157.0,-157.0,-156.0,-155.5,-154.5,-157.0,-157.0,-156.0,-155.5,-157.0,-156.0,-155.5,-152.0,-153.5,-157.0,-154.5,-152.5,-153.0,-155.0,-154.5,-157.0,-154.0,-157.0,-157.0,-155.0,-157.0,-155.0,-157.0,-157.0,-157.0,-157.0,-157.0,-157.0,-157.0,-156.0,-157.0,-157.0,-151.0,-150.5,-157.0,-154.0,-155.0,-154.0,-152.5,-152.0,-157.0,-157.0,-157.0,-155.5,-155.5,-155.5,-150.0,-150.0,-155.5,-157.0,-157.0,-157.0,-152.0,-153.0,-157.0,-157.0,-157.0,-157.0,-157.0,-157.0,-157.0,-157.0,-157.0,-157.0,-157.0,-157.0,-157.0,-157.0,-156.5,-156.5,-157.0,-157.0,-156.5,-157.0,-156.0,-157.0,-157.0,-152.0,-157.0,-153.5,-157.0,-157.0,-154.0,-157.0,-157.0,-156.0,-157.0,-157.0,-155.5,-156.0,-155.5,-154.0,-154.0,-157.0,-149.5,-149.0,-154.5,-157.0,-157.0,-157.0,-157.0,-157.0,-157.0,-157.0,-157.0,-157.0,-157.0,-157.0,-157.0,-155.5,-152.5,-157.0,-157.0,-155.5,-156.0,-157.0,-156.5,-157.0,-155.5,-157.0,-157.0,-157.0,-157.0,-156.5,-157.0,-157.0,-157.0,-157.0,-157.0,-157.0,-151.0,-150.5,-154.0,-157.0,-157.0,-157.0,-157.0,-157.0,-157.0,-157.0,-157.0,-157.0,-155.0,-157.0,-157.0,-157.0,-157.0,-157.0,-157.0,-156.0,-152.5,-157.0,-152.0,-153.5,-157.0,-157.0,-152.5,-152.0,-157.0,-157.0,-157.0,-156.0,-157.0,-153.0,-157.0,-152.0,-150.5,-157.0,-153.5,-152.5,-157.0,-157.0,-157.0,-157.0,-153.0,-155.5,-153.0,-155.5,-155.5,-157.0,-156.5,-154.0,-157.0,-148.5,-154.0,-154.0,-155.0,-155.5,-154.5,-157.0,-157.0,-157.0,-156.5,-157.0,-154.0,-154.5,-152.5,-154.0,-157.0,-154.5
2026-01-17 14:24:15.114,143.049967,5,-77,-157.0,-157.0,-157.0,-157.0,-157.0,-157.0,-152.5,-151.5,-151.5,-157.0,-157.0,-157.0,-157.0,-157.0,-157.0,-153.5,-154.5,-155.5,-155.0,-157.0,-155.5,-153.0,-152.5,-157.0,-157.0,-157.0,-157.0,-157.0,-154.5,-153.0,-150.5,-153.5,-157.0,-157.0,-157.0,-157.0,-157.0,-157.0,-157.0,-157.0,-157.0,-157.0,-156.0,-153.5,-157.0,-156.0,-157.0,-155.0,-155.0,-154.0,-154.5,-157.0,-155.0,-154.5,-153.0,-153.5,-152.5,-155.0,-155.0,-152.0,-157.0,-157.0,-157.0,-152.0,-151.5,-154.5,-153.0,-153.0,-152.5,-153.5,-157.0,-155.5,-157.0,-157.0,-157.0,-156.0,-154.5,-155.5,-157.0,-154.0,-154.5,-156.0,-154.0,-157.0,-156.5,-156.0,-157.0,-156.0,-152.5,-157.0,-154.5,-157.0,-154.5,-155.5,-157.0,-153.5,-154.0,-154.5,-156.0,-157.0,-157.0,-153.5,-157.0,-155.0,-150.5,-149.5,-157.0,-157.0,-156.0,-156.0,-157.0,-157.0,-157.0,-155.5,-157.0,-157.0,-157.0,-154.5,-155.5,-157.0,-157.0,-157.0,-157.0,-152.5,-152.0,-154.0,-152.0,-152.5,-157.0,-155.5,-157.0,-157.0,-157.0,-157.0,-157.0,-157.0,-157.0,-157.0,-155.5,-155.5,-153.5,-157.0,-157.0,-157.0,-157.0,-154.0,-153.0,-154.0,-155.0,-155.0,-155.0,-157.0,-157.0,-153.5,-156.5,-156.5,-153.5,-157.0,-155.5,-156.5,-155.0,-153.0,-157.0,-157.0,-153.0,-155.0,-157.0,-156.5,-154.0,-153.0,-154.0,-152.5,-157.0,-157.0,-157.0,-157.0,-157.0,-153.0,-151.5,-157.0,-155.5,-155.5,-156.0,-154.5,-152.0,-157.0,-157.0,-156.0,-157.0,-157.0,-157.0,-154.5,-157.0,-156.0,-152.5,-157.0,-157.0,-157.0,-157.0,-152.5,-152.5,-154.0,-155.5,-157.0,-157.0,-157.0,-157.0,-152.5,-154.5,-157.0,-157.0,-157.0,-157.0,-156.0,-152.0,-157.0,-157.0,-157.0,-157.0,-156.0,-154.5,-154.0,-153.5,-157.0,-157.0,-157.0,-157.0,-157.0,-157.0,-154.5,-156.0,-155.0,-157.0,-151.5,-151.5,-157.0,-156.5,-155.5,-155.0,-157.0,-157.0,-156.0,-156.0,-150.5,-152.0,-157.0,-154.0,-151.5,-151.5,-155.5,-156.0,-157.0,-154.0,-154.5,-151.5,-149.5,-153.0,-156.0,-157.0,-157.0,-153.5,-152.0,-153.5,-153.0,-157.0,-157.0,-157.0,-157.0,-157.0,-156.5,-155.5,-157.0,-156.5,-154.0,-153.5,-153.0,-157.0,-157.0,-157.0,-157.0,-157.0,-155.5,-154.0,-152.0,-157.0,-157.0,-151.5,-157.0,-157.0,-155.0,-151.0,-149.5,-156.5,-157.0,-154.0,-152.0,-152.5,-157.0,-155.5,-154.0,-154.5,-157.0,-157.0,-157.0,-157.0,-157.0,-157.0,-151.5,-151.5,-157.0,-154.5,-154.0,-151.5,-153.0,-154.0,-157.0,-154.5,-155.0,-157.0,-153.0,-151.5,-152.5,-150.5,-156.0,-157.0,-157.0,-155.5,-153.0,-153.0,-157.0,-153.0,-153.5,-157.0,-157.0,-157.0,-152.5,-151.5,-153.5,-157.0,-157.0,-155.5,-154.0,-154.5,-157.0,-157.0,-157.0,-157.0,-156.5,-157.0,-157.0,-154.5,-157.0,-157.0,-157.0,-157.0,-157.0,-155.0,-155.5,-156.5,-155.0,-157.0,-157.0,-154.0,-154.0,-155.0,-156.5,-154.0,-155.5,-157.0,-155.5,-153.0,-155.0,-157.0,-157.0,-156.5,-155.5,-157.0,-157.0,-157.0,-157.0,-157.0,-157.0,-155.5,-157.0,-156.0,-153.5,-157.0,-155.5,-157.0,-157.0,-157.0,-157.0,-157.0,-155.5,-156.5,-157.0,-157.0,-157.0,-154.0,-152.5,-157.0,-153.5,-151.0,-157.0,-157.0,-154.5,-150.5,-152.0,-157.0,-156.5,-157.0,-157.0,-157.0,-155.0,-154.0,-157.0,-157.0,-155.0,-157.0,-157.0,-153.5,-153.5,-157.0,-157.0,-155.5,-151.5,-157.0,-156.0,-157.0,-157.0,-157.0,-156.5,-156.0,-156.5,-157.0,-157.0,-154.5,-153.5,-153.0,-157.0,-155.5,-152.5,-156.5,-157.0,-157.0,-157.0,-155.5,-157.0,-157.0,-156.5,-153.0,-154.0,-155.5,-152.5,-157.0,-157.0,-154.5,-157.0,-151.0,-154.5,-157.0,-150.5,-149.5,-152.0,-157.0,-157.0,-156.5,-157.0,-157.0,-157.0,-157.0,-153.0,-154.0,-157.0,-155.5
2026-01-17 14:24:15.160,143.049967,5,-77,-157.0,-157.0,-157.0,-157.0,-157.0,-157.0,-157.0,-157.0,-156.5,-157.0,-157.0,-157.0,-157.0,-157.0,-157.0,-154.5,-157.0,-157.0,-155.5,-157.0,-153.0,-151.5,-156.0,-157.0,-157.0,-157.0,-157.0,-157.0,-157.0,-155.5,-151.5,-150.5,-157.0,-157.0,-157.0,-157.0,-157.0,-157.0,-155.0,-156.0,-157.0,-155.5,-153.0,-155.0,-157.0,-157.0,-157.0,-157.0,-157.0,-155.5,-154.5,-157.0,-152.0,-154.0,-157.0,-154.5,-154.5,-157.0,-155.5,-152.5,-152.0,-152.5,-151.5,-151.5,-153.5,-153.5,-156.0,-156.0,-154.0,-154.5,-152.5,-152.0,-157.0,-157.0,-157.0,-156.0,-155.0,-157.0,-157.0,-157.0,-157.0,-156.5,-152.5,-154.5,-157.0,-157.0,-157.0,-157.0,-156.0,-157.0,-157.0,-157.0,-155.0,-157.0,-157.0,-157.0,-157.0,-155.0,-153.5,-152.5,-154.5,-154.0,-155.5,-156.0,-151.0,-150.0,-157.0,-157.0,-154.5,-157.0,-157.0,-157.0,-154.5,-152.0,-156.5,-156.5,-154.5,-151.5,-153.0,-157.0,-157.0,-157.0,-157.0,-157.0,-157.0,-155.0,-157.0,-154.5,-157.0,-157.0,-157.0,-155.0,-157.0,-157.0,-157.0,-157.0,-156.0,-156.5,-152.5,-153.5,-156.0,-157.0,-154.5,-157.0,-157.0,-157.0,-157.0,-157.0,-154.5,-154.0,-157.0,-156.0,-157.0,-155.0,-157.0,-157.0,-154.5,-157.0,-156.0,-157.0,-157.0,-152.5,-156.5,-153.5,-157.0,-157.0,-156.5,-155.5,-152.5,-151.5,-157.0,-156.5,-157.0,-157.0,-157.0,-157.0,-153.5,-154.0,-153.0,-157.0,-157.0,-156.0,-155.0,-157.0,-157.0,-157.0,-157.0,-157.0,-157.0,-157.0,-157.0,-157.0,-157.0,-154.5,-153.0,-156.5,-157.0,-157.0,-157.0,-151.5,-154.5,-155.5,-157.0,-154.0,-153.0,-156.5,-157.0,-150.0,-157.0,-157.0,-157.0,-156.0,-151.5,-150.0,-149.5,-157.0,-157.0,-157.0,-157.0,-156.0,-154.5,-156.0,-153.5,-153.5,-155.5,-157.0,-157.0,-154.0,-157.0,-157.0,-154.5,-154.0,-157.0,-148.5,-150.5,-157.0,-157.0,-156.5,-157.0,-157.0,-157.0,-155.5,-153.0,-152.5,-153.0,-157.0,-152.5,-154.0,-154.5,-155.5,-154.5,-157.0,-150.5,-147.5,-148.5,-150.0,-151.5,-157.0,-157.0,-155.5,-155.5,-157.0,-157.0,-152.0,-157.0,-157.0,-157.0,-157.0,-157.0,-154.0,-154.0,-157.0,-157.0,-154.5,-157.0,-157.0,-156.0,-157.0,-157.0,-157.0,-156.5,-157.0,-157.0,-155.0,-154.5,-155.5,-153.0,-154.5,-157.0,-157.0,-149.5,-149.5,-151.5,-157.0,-156.0,-154.5,-154.5,-157.0,-151.0,-151.0,-153.0,-157.0,-157.0,-157.0,-156.5,-154.5,-154.0,-157.0,-152.5,-157.0,-157.0,-154.0,-152.5,-152.5,-156.5,-156.5,-154.5,-156.0,-157.0,-156.0,-154.5,-157.0,-153.0,-155.0,-157.0,-157.0,-157.0,-157.0,-156.0,-157.0,-152.5,-152.0,-157.0,-157.0,-157.0,-153.5,-150.5,-153.5,-157.0,-157.0,-155.0,-153.0,-151.5,-155.0,-157.0,-157.0,-157.0,-157.0,-157.0,-157.0,-153.0,-154.0,-157.0,-157.0,-157.0,-157.0,-152.0,-153.5,-157.0,-154.0,-157.0,-157.0,-154.0,-156.5,-153.5,-154.0,-152.5,-153.5,-157.0,-157.0,-157.0,-157.0,-157.0,-157.0,-157.0,-154.5,-157.0,-157.0,-157.0,-157.0,-157.0,-157.0,-157.0,-154.5,-154.0,-155.5,-155.5,-153.5,-157.0,-155.5,-156.5,-157.0,-157.0,-153.0,-153.0,-156.0,-157.0,-157.0,-155.5,-154.0,-155.0,-151.0,-149.0,-154.0,-154.5,-157.0,-156.0,-155.0,-157.0,-152.5,-153.5,-157.0,-157.0,-152.0,-149.0,-152.5,-157.0,-155.0,-157.0,-157.0,-152.0,-154.0,-157.0,-156.5,-156.0,-153.5,-157.0,-155.5,-157.0,-157.0,-157.0,-157.0,-156.5,-153.5,-154.5,-157.0,-151.5,-153.0,-153.5,-157.0,-155.0,-153.0,-155.0,-157.0,-157.0,-154.0,-157.0,-157.0,-157.0,-157.0,-153.0,-154.0,-157.0,-152.5,-157.0,-157.0,-155.5,-157.0,-156.0,-157.0,-157.0,-152.5,-151.0,-151.5,-156.0,-157.0,-150.5,-151.5,-157.0,-157.0,-157.0,-155.5,-157.0,-157.0,-153.5
2026-01-17 14:24:15.179,143.049967,5,-77,-157.0,-157.0,-154.0,-157.0,-157.0,-157.0,-157.0,-157.0,-157.0,-157.0,-156.5,-156.0,-157.0,-156.0,-157.0,-157.0,-157.0,-157.0,-153.0,-153.5,-156.0,-155.0,-156.5,-157.0,-155.0,-156.5,-157.0,-157.0,-157.0,-157.0,-156.5,-152.0,-157.0,-156.0,-157.0,-157.0,-157.0,-156.0,-155.0,-155.5,-157.0,-156.5,-155.5,-154.0,-155.0,-156.5,-157.0,-156.5,-155.5,-157.0,-156.0,-157.0,-153.0,-157.0,-157.0,-157.0,-157.0,-157.0,-157.0,-157.0,-150.5,-150.0,-149.0,-156.5,-157.0,-156.5,-157.0,-157.0,-157.0,-156.5,-157.0,-154.5,-157.0,-157.0,-157.0,-153.5,-156.5,-157.0,-157.0,-157.0,-155.5,-157.0,-155.0,-155.0,-157.0,-157.0,-157.0,-157.0,-157.0,-157.0,-156.5,-157.0,-157.0,-157.0,-157.0,-157.0,-157.0,-152.0,-148.5,-149.5,-151.5,-153.5,-157.0,-157.0,-154.0,-152.0,-157.0,-155.0,-153.5,-157.0,-156.5,-157.0,-157.0,-153.0,-157.0,-153.5,-151.5,-155.5,-155.5,-157.0,-154.0,-157.0,-157.0,-157.0,-157.0,-157.0,-154.5,-155.0,-157.0,-157.0,-152.5,-154.0,-157.0,-157.0,-157.0,-157.0,-153.5,-155.5,-151.5,-153.0,-157.0,-157.0,-154.5,-156.0,-157.0,-157.0,-156.5,-157.0,-157.0,-156.0,-157.0,-155.0,-157.0,-157.0,-157.0,-155.0,-157.0,-157.0,-156.0,-157.0,-157.0,-155.0,-156.0,-152.0,-157.0,-157.0,-154.0,-154.0,-152.5,-155.5,-157.0,-157.0,-157.0,-157.0,-157.0,-155.0,-155.5,-157.0,-157.0,-157.0,-157.0,-156.0,-154.5,-157.0,-157.0,-157.0,-157.0,-157.0,-157.0,-157.0,-157.0,-157.0,-157.0,-157.0,-156.0,-155.0,-156.5,-155.0,-157.0,-150.0,-152.0,-157.0,-157.0,-152.5,-152.0,-157.0,-157.0,-152.0,-156.0,-157.0,-155.5,-157.0,-153.0,-152.5,-151.0,-153.5,-157.0,-157.0,-157.0,-157.0,-155.0,-157.0,-157.0,-156.0,-153.5,-157.0,-154.0,-149.0,-154.0,-157.0,-155.0,-156.0,-157.0,-149.5,-148.5,-155.0,-157.0,-157.0,-157.0,-157.0,-157.0,-157.0,-157.0,-157.0,-154.5,-157.0,-157.0,-157.0,-157.0,-155.0,-152.0,-157.0,-148.5,-147.5,-150.5,-154.5,-156.5,-157.0,-157.0,-156.5,-157.0,-157.0,-155.0,-153.0,-157.0,-157.0,-157.0,-157.0,-157.0,-151.5,-152.0,-157.0,-157.0,-152.5,-156.5,-157.0,-157.0,-156.5,-157.0,-157.0,-157.0,-156.5,-157.0,-155.5,-151.5,-152.0,-155.5,-153.0,-155.5,-157.0,-155.5,-157.0,-150.5,-153.0,-153.0,-154.0,-156.0,-157.0,-150.5,-157.0,-157.0,-157.0,-156.0,-154.0,-153.0,-155.5,-157.0,-153.5,-153.0,-157.0,-157.0,-157.0,-157.0,-154.5,-157.0,-157.0,-157.0,-157.0,-155.0,-155.5,-157.0,-157.0,-157.0,-157.0,-157.0,-157.0,-157.0,-154.0,-156.5,-157.0,-157.0,-156.5,-157.0,-157.0,-157.0,-157.0,-152.5,-155.0,-157.0,-157.0,-157.0,-157.0,-155.0,-155.0,-157.0,-157.0,-157.0,-157.0,-154.0,-155.5,-157.0,-153.5,-157.0,-157.0,-154.0,-157.0,-155.0,-153.5,-156.0,-152.5,-154.5,-156.5,-157.0,-156.5,-156.5,-156.5,-154.0,-155.0,-156.0,-157.0,-155.0,-157.0,-157.0,-157.0,-156.5,-153.5,-157.0,-157.0,-157.0,-156.5,-156.5,-155.0,-157.0,-155.0,-150.5,-155.5,-155.0,-154.5,-157.0,-154.5,-157.0,-157.0,-157.0,-156.0,-156.0,-157.0,-157.0,-157.0,-157.0,-157.0,-156.5,-157.0,-151.5,-152.5,-156.5,-157.0,-157.0,-157.0,-157.0,-151.0,-153.5,-156.5,-154.0,-157.0,-150.0,-149.5,-153.0,-154.5,-157.0,-157.0,-156.0,-157.0,-157.0,-154.5,-157.0,-157.0,-157.0,-155.0,-157.0,-153.5,-153.0,-153.0,-153.0,-155.0,-154.5,-157.0,-152.0,-156.0,-156.0,-156.0,-149.5,-150.5,-154.5,-154.0,-157.0,-155.0,-157.0,-156.0,-157.0,-157.0,-155.5,-155.5,-155.5,-155.5,-157.0,-156.5,-155.0,-157.0,-157.0,-157.0,-157.0,-157.0,-157.0,-157.0,-151.5,-152.0,-149.5,-153.0,-157.0,-157.0,-157.0,-155.5,-157.0,-152.5,-155.0
2026-01-17 14:24:15.217,143.049967,5,-77,-157.0,-157.0,-153.5,-156.5,-157.0,-157.0,-157.0,-157.0,-157.0,-157.0,-155.0,-153.0,-157.0,-152.5,-157.0,-156.0,-157.0,-157.0,-155.5,-157.0,-156.5,-157.0,-155.5,-153.0,-152.0,-153.5,-154.5,-157.0,-157.0,-157.0,-155.0,-153.5,-156.5,-153.0,-156.0,-155.5,-157.0,-151.5,-152.5,-156.0,-157.0,-157.0,-155.0,-157.0,-157.0,-157.0,-156.5,-153.0,-155.0,-157.0,-157.0,-157.0,-153.5,-156.0,-157.0,-157.0,-157.0,-157.0,-157.0,-157.0,-156.0,-156.5,-152.0,-154.0,-157.0,-157.0,-157.0,-157.0,-157.0,-156.0,-157.0,-157.0,-157.0,-157.0,-154.5,-153.0,-155.5,-156.0,-156.5,-155.5,-154.0,-157.0,-157.0,-157.0,-157.0,-157.0,-157.0,-157.0,-156.5,-157.0,-155.5,-157.0,-157.0,-157.0,-156.0,-157.0,-157.0,-155.5,-150.5,-155.0,-153.5,-157.0,-157.0,-157.0,-153.5,-153.0,-157.0,-157.0,-154.5,-157.0,-155.5,-154.0,-157.0,-155.0,-157.0,-157.0,-154.5,-157.0,-155.5,-157.0,-154.0,-156.5,-156.5,-157.0,-154.5,-157.0,-151.0,-152.5,-157.0,-155.5,-151.0,-157.0,-155.0,-155.5,-154.5,-153.0,-154.5,-157.0,-156.0,-156.0,-153.0,-156.0,-157.0,-155.5,-154.0,-155.0,-153.5,-156.5,-157.0,-157.0,-156.0,-155.0,-157.0,-155.5,-157.0,-155.0,-157.0,-154.5,-157.0,-156.5,-157.0,-157.0,-152.0,-151.0,-154.0,-157.0,-150.0,-149.0,-153.5,-157.0,-157.0,-157.0,-157.0,-157.0,-157.0,-154.0,-157.0,-155.5,-157.0,-157.0,-155.5,-153.5,-155.5,-154.0,-154.5,-157.0,-155.0,-153.0,-153.5,-157.0,-157.0,-157.0,-157.0,-157.0,-156.0,-155.0,-152.5,-153.0,-157.0,-153.0,-152.5,-157.0,-157.0,-152.0,-152.5,-157.0,-157.0,-154.5,-157.0,-157.0,-157.0,-156.5,-157.0,-157.0,-152.0,-153.0,-157.0,-157.0,-156.5,-154.5,-152.0,-153.5,-157.0,-154.5,-152.0,-153.5,-153.5,-150.5,-157.0,-157.0,-157.0,-157.0,-157.0,-153.0,-152.5,-157.0,-157.0,-156.5,-157.0,-157.0,-157.0,-157.0,-157.0,-157.0,-155.0,-157.0,-157.0,-157.0,-156.5,-157.0,-152.5,-157.0,-150.5,-154.5,-155.0,-157.0,-157.0,-154.0,-155.5,-157.0,-157.0,-157.0,-156.0,-151.0,-151.5,-157.0,-157.0,-157.0,-157.0,-154.5,-155.5,-157.0,-157.0,-150.5,-153.5,-157.0,-156.0,-157.0,-157.0,-154.0,-156.0,-155.5,-157.0,-155.5,-155.5,-156.0,-153.0,-152.5,-157.0,-157.0,-157.0,-153.0,-152.0,-153.0,-155.5,-152.0,-152.0,-157.0,-150.0,-153.0,-157.0,-157.0,-153.0,-150.5,-153.5,-155.0,-155.0,-153.0,-157.0,-156.5,-157.0,-157.0,-156.5,-152.5,-152.0,-157.0,-156.5,-157.0,-156.0,-156.5,-157.0,-157.0,-157.0,-157.0,-157.0,-157.0,-157.0,-152.0,-154.0,-157.0,-157.0,-155.5,-156.5,-153.0,-155.0,-157.0,-157.0,-157.0,-157.0,-157.0,-157.0,-156.5,-157.0,-155.5,-157.0,-157.0,-157.0,-157.0,-153.0,-157.0,-153.5,-149.5,-153.0,-155.5,-154.5,-157.0,-157.0,-157.0,-157.0,-154.0,-157.0,-153.5,-155.0,-155.0,-157.0,-157.0,-157.0,-157.0,-152.0,-154.5,-153.5,-154.0,-156.5,-156.0,-154.5,-155.5,-157.0,-157.0,-157.0,-154.0,-156.0,-153.5,-156.5,-154.5,-150.0,-155.0,-157.0,-157.0,-157.0,-157.0,-157.0,-157.0,-157.0,-157.0,-157.0,-157.0,-155.0,-156.5,-157.0,-157.0,-157.0,-157.0,-157.0,-157.0,-157.0,-157.0,-157.0,-157.0,-155.5,-152.5,-157.0,-157.0,-155.0,-157.0,-157.0,-153.5,-154.5,-157.0,-157.0,-157.0,-157.0,-157.0,-157.0,-153.5,-154.5,-157.0,-157.0,-154.0,-157.0,-152.5,-151.0,-153.0,-152.5,-157.0,-152.5,-157.0,-154.0,-157.0,-157.0,-150.5,-150.0,-152.5,-153.5,-152.5,-157.0,-155.0,-157.0,-156.5,-155.5,-157.0,-157.0,-157.0,-155.0,-157.0,-157.0,-155.0,-154.0,-157.0,-157.0,-157.0,-157.0,-157.0,-157.0,-157.0,-153.0,-152.0,-152.0,-154.5,-154.5,-156.5,-155.0,-155.5,-157.0,-152.5,-157.0
2026-01-17 14:24:15.249,143.049967,5,-77,-157.0,-157.0,-157.0,-156.0,-157.0,-156.5,-157.0,-155.5,-157.0,-157.0,-157.0,-152.0,-152.0,-151.5,-154.0,-156.0,-153.5,-154.5,-157.0,-157.0,-157.0,-155.5,-157.0,-157.0,-151.5,-150.5,-153.5,-157.0,-157.0,-157.0,-157.0,-157.0,-154.5,-153.5,-153.5,-151.5,-156.0,-150.5,-151.5,-157.0,-157.0,-154.5,-151.5,-157.0,-157.0,-157.0,-157.0,-155.5,-157.0,-157.0,-154.5,-151.5,-151.0,-153.0,-152.5,-155.5,-157.0,-157.0,-157.0,-155.5,-156.5,-157.0,-157.0,-154.5,-154.5,-153.5,-157.0,-157.0,-157.0,-157.0,-152.0,-155.0,-157.0,-157.0,-155.5,-157.0,-155.0,-153.5,-154.5,-157.0,-157.0,-157.0,-157.0,-157.0,-155.5,-157.0,-157.0,-153.5,-152.0,-157.0,-154.0,-157.0,-157.0,-157.0,-156.5,-157.0,-157.0,-152.5,-152.5,-157.0,-154.0,-157.0,-157.0,-157.0,-154.5,-154.0,-157.0,-157.0,-153.5,-157.0,-157.0,-153.0,-151.5,-152.0,-157.0,-157.0,-154.5,-150.5,-152.5,-157.0,-157.0,-153.0,-157.0,-157.0,-153.0,-157.0,-151.5,-150.0,-156.5,-157.0,-152.0,-153.5,-155.5,-156.0,-157.0,-152.5,-155.5,-157.0,-157.0,-153.0,-151.5,-157.0,-157.0,-157.0,-153.5,-157.0,-155.0,-157.0,-156.5,-156.5,-155.5,-155.5,-151.5,-152.5,-155.5,-157.0,-153.5,-153.0,-157.0,-157.0,-154.0,-157.0,-154.5,-157.0,-157.0,-156.5,-149.5,-148.5,-155.0,-157.0,-157.0,-156.0,-157.0,-157.0,-157.0,-155.0,-157.0,-157.0,-157.0,-152.5,-154.0,-153.0,-157.0,-152.5,-154.0,-157.0,-155.5,-156.0,-153.0,-154.5,-157.0,-157.0,-157.0,-157.0,-152.5,-154.5,-153.5,-152.5,-156.0,-157.0,-156.5,-157.0,-152.5,-155.5,-157.0,-157.0,-157.0,-156.0,-157.0,-153.5,-155.0,-154.5,-156.5,-157.0,-155.0,-155.0,-154.5,-157.0,-157.0,-155.0,-152.5,-157.0,-157.0,-152.5,-154.0,-150.5,-153.0,-155.5,-157.0,-157.0,-157.0,-157.0,-153.5,-157.0,-157.0,-157.0,-157.0,-154.0,-157.0,-157.0,-157.0,-152.5,-157.0,-157.0,-154.0,-155.0,-157.0,-153.5,-152.0,-153.0,-156.0,-157.0,-155.5,-155.0,-157.0,-157.0,-157.0,-155.0,-157.0,-157.0,-157.0,-157.0,-155.5,-151.5,-153.5,-157.0,-157.0,-157.0,-157.0,-157.0,-157.0,-157.0,-156.0,-153.0,-157.0,-157.0,-157.0,-157.0,-156.0,-151.0,-153.5,-157.0,-157.0,-157.0,-157.0,-157.0,-152.5,-154.5,-157.0,-154.5,-157.0,-151.0,-153.5,-157.0,-157.0,-152.5,-152.0,-157.0,-150.5,-151.0,-157.0,-157.0,-150.5,-151.0,-157.0,-157.0,-152.5,-156.5,-157.0,-157.0,-157.0,-154.0,-153.0,-151.5,-151.5,-157.0,-156.0,-156.5,-157.0,-157.0,-157.0,-157.0,-157.0,-157.0,-157.0,-157.0,-154.5,-153.5,-154.0,-155.0,-152.5,-155.0,-153.0,-153.0,-154.5,-155.5,-157.0,-156.0,-156.0,-152.5,-153.5,-154.0,-157.0,-154.5,-154.5,-157.0,-157.0,-157.0,-154.5,-157.0,-152.0,-150.5,-154.5,-155.5,-155.5,-154.5,-157.0,-157.0,-157.0,-156.0,-156.5,-153.0,-155.0,-155.0,-157.0,-153.5,-157.0,-157.0,-153.5,-156.0,-152.0,-151.5,-157.0,-156.0,-155.0,-157.0,-156.0,-157.0,-156.5,-156.0,-154.5,-156.0,-157.0,-157.0,-152.5,-152.0,-157.0,-156.5,-157.0,-157.0,-157.0,-157.0,-157.0,-156.5,-152.0,-155.5,-156.5,-156.5,-157.0,-157.0,-157.0,-157.0,-157.0,-157.0,-157.0,-157.0,-157.0,-154.0,-156.5,-156.0,-157.0,-157.0,-154.5,-157.0,-157.0,-157.0,-157.0,-157.0,-155.5,-155.0,-157.0,-156.5,-157.0,-156.0,-155.5,-157.0,-157.0,-153.5,-156.5,-155.0,-153.0,-156.0,-153.0,-156.5,-152.5,-156.5,-157.0,-153.0,-154.0,-151.5,-154.0,-157.0,-156.0,-153.0,-154.0,-155.0,-155.5,-157.0,-157.0,-157.0,-157.0,-154.5,-154.0,-157.0,-157.0,-154.0,-154.5,-157.0,-157.0,-157.0,-157.0,-156.0,-156.5,-156.5,-157.0,-157.0,-154.0,-154.0,-150.0,-151.5,-152.5,-153.5,-155.5,-153.5,-157.0
2026-01-17 14:24:15.279,143.049967,5,-77,-157.0,-157.0,-157.0,-155.0,-155.5,-156.5,-157.0,-154.5,-155.0,-153.0,-157.0,-151.5,-153.0,-153.5,-151.5,-157.0,-155.0,-155.5,-157.0,-153.0,-153.5,-151.5,-157.0,-157.0,-157.0,-152.5,-157.0,-156.5,-157.0,-157.0,-157.0,-157.0,-156.5,-155.5,-156.0,-151.5,-154.0,-155.5,-157.0,-157.0,-155.5,-153.5,-153.0,-155.5,-157.0,-157.0,-157.0,-157.0,-156.5,-153.0,-155.0,-152.0,-155.0,-153.5,-151.0,-151.0,-150.5,-152.0,-156.0,-153.5,-153.0,-157.0,-157.0,-157.0,-157.0,-149.5,-153.0,-156.5,-157.0,-154.5,-152.5,-157.0,-155.5,-156.0,-153.5,-157.0,-157.0,-157.0,-154.5,-157.0,-157.0,-157.0,-157.0,-157.0,-156.0,-157.0,-157.0,-156.5,-150.5,-153.5,-152.5,-156.0,-157.0,-157.0,-156.5,-156.0,-152.0,-150.5,-153.0,-156.5,-152.0,-152.0,-157.0,-156.0,-157.0,-156.5,-157.0,-157.0,-153.5,-152.0,-154.5,-157.0,-151.0,-156.0,-157.0,-153.5,-151.5,-148.5,-153.5,-157.0,-156.0,-153.0,-157.0,-155.5,-151.5,-153.0,-157.0,-150.5,-155.5,-154.0,-153.0,-156.5,-157.0,-155.0,-157.0,-155.0,-154.0,-152.0,-155.5,-157.0,-156.0,-157.0,-157.0,-157.0,-155.5,-157.0,-156.0,-157.0,-157.0,-157.0,-152.0,-151.0,-147.5,-152.0,-154.5,-157.0,-156.0,-154.0,-156.0,-153.5,-151.5,-153.5,-157.0,-157.0,-157.0,-153.0,-155.5,-152.5,-156.5,-157.0,-154.0,-152.5,-157.0,-157.0,-154.5,-153.0,-157.0,-157.0,-154.0,-152.0,-157.0,-157.0,-157.0,-157.0,-157.0,-157.0,-157.0,-157.0,-154.5,-156.0,-157.0,-156.0,-157.0,-157.0,-152.5,-152.5,-157.0,-156.0,-155.0,-153.0,-157.0,-154.5,-151.5,-157.0,-157.0,-157.0,-157.0,-155.5,-155.5,-153.5,-154.5,-152.5,-153.5,-157.0,-157.0,-154.0,-151.0,-153.5,-157.0,-156.0,-153.0,-154.0,-154.5,-155.0,-155.0,-151.0,-154.0,-154.0,-151.5,-153.5,-155.5,-157.0,-152.5,-157.0,-155.0,-154.5,-157.0,-156.0,-154.5,-157.0,-151.5,-150.0,-153.0,-151.5,-154.0,-154.5,-157.0,-153.5,-157.0,-154.0,-157.0,-155.5,-157.0,-157.0,-154.0,-150.5,-153.0,-154.5,-157.0,-157.0,-157.0,-157.0,-157.0,-153.5,-156.5,-156.0,-157.0,-157.0,-157.0,-157.0,-157.0,-157.0,-157.0,-157.0,-157.0,-157.0,-157.0,-157.0,-155.5,-152.5,-157.0,-157.0,-157.0,-157.0,-157.0,-157.0,-155.0,-157.0,-157.0,-152.5,-157.0,-151.0,-154.0,-157.0,-156.5,-154.5,-155.0,-157.0,-153.0,-154.0,-153.5,-157.0,-150.0,-155.0,-157.0,-157.0,-156.0,-156.0,-157.0,-154.5,-156.0,-156.0,-154.0,-156.0,-156.0,-157.0,-156.5,-157.0,-153.5,-154.0,-157.0,-157.0,-157.0,-157.0,-157.0,-157.0,-157.0,-157.0,-156.5,-153.5,-151.5,-157.0,-153.5,-157.0,-154.5,-154.0,-157.0,-152.5,-154.0,-155.0,-157.0,-156.0,-157.0,-154.5,-155.0,-157.0,-154.0,-155.0,-155.5,-154.0,-153.5,-156.5,-156.5,-157.0,-154.5,-154.0,-156.0,-157.0,-154.5,-154.0,-157.0,-154.0,-157.0,-157.0,-151.0,-148.5,-152.0,-157.0,-157.0,-157.0,-151.5,-153.0,-157.0,-157.0,-153.0,-157.0,-153.0,-155.0,-153.0,-154.5,-151.5,-157.0,-156.5,-157.0,-156.5,-155.5,-155.5,-153.5,-154.0,-156.0,-157.0,-157.0,-157.0,-153.5,-150.0,-157.0,-157.0,-157.0,-157.0,-157.0,-156.0,-157.0,-155.0,-157.0,-157.0,-157.0,-156.5,-151.0,-154.5,-157.0,-157.0,-157.0,-153.0,-157.0,-157.0,-157.0,-157.0,-153.0,-151.0,-154.0,-157.0,-154.5,-157.0,-153.5,-153.5,-156.0,-156.5,-155.0,-151.5,-155.0,-153.0,-157.0,-154.5,-157.0,-155.5,-157.0,-157.0,-152.0,-151.0,-154.0,-157.0,-153.0,-154.5,-153.5,-157.0,-157.0,-153.0,-157.0,-157.0,-157.0,-156.5,-151.0,-156.0,-156.0,-157.0,-156.0,-156.5,-157.0,-157.0,-157.0,-157.0,-156.5,-157.0,-157.0,-157.0,-157.0,-154.0,-154.0,-152.0,-154.0,-152.0,-154.5,-153.5,-152.5,-157.0
2026-01-17 14:24:15.310,143.049967,5,-77,-157.0,-157.0,-157.0,-157.0,-155.0,-157.0,-157.0,-157.0,-156.5,-152.5,-155.0,-150.5,-153.0,-154.0,-153.0,-157.0,-154.0,-156.0,-157.0,-154.0,-156.0,-152.0,-157.0,-153.5,-155.5,-156.0,-156.0,-151.5,-152.5,-157.0,-157.0,-157.0,-153.0,-154.5,-157.0,-154.0,-153.0,-157.0,-157.0,-155.0,-154.5,-157.0,-157.0,-157.0,-157.0,-156.0,-157.0,-157.0,-155.0,-151.5,-155.5,-153.0,-153.0,-154.0,-153.0,-150.0,-149.0,-157.0,-157.0,-157.0,-155.5,-157.0,-157.0,-157.0,-157.0,-147.5,-150.5,-157.0,-157.0,-156.0,-157.0,-156.5,-157.0,-157.0,-152.0,-152.5,-157.0,-157.0,-155.0,-156.0,-157.0,-157.0,-157.0,-157.0,-157.0,-157.0,-157.0,-157.0,-150.5,-149.0,-157.0,-157.0,-155.5,-155.0,-153.5,-150.0,-150.0,-152.5,-155.0,-151.5,-153.5,-155.0,-157.0,-156.5,-157.0,-157.0,-154.0,-156.5,-154.0,-154.5,-153.5,-157.0,-152.0,-157.0,-156.5,-150.5,-152.0,-151.0,-156.5,-157.0,-154.0,-154.5,-152.0,-155.5,-151.0,-150.5,-155.0,-154.0,-154.0,-152.0,-154.5,-156.0,-155.5,-153.5,-157.0,-157.0,-156.0,-151.0,-156.5,-157.0,-157.0,-157.0,-157.0,-157.0,-157.0,-157.0,-156.5,-155.0,-157.0,-153.5,-150.0,-155.5,-148.5,-151.0,-155.5,-157.0,-153.5,-155.0,-151.5,-150.0,-155.0,-154.0,-156.5,-153.5,-154.5,-155.5,-157.0,-157.0,-156.5,-157.0,-151.0,-152.0,-156.5,-155.0,-154.0,-150.5,-152.5,-155.5,-153.5,-155.5,-155.5,-157.0,-157.0,-157.0,-157.0,-157.0,-157.0,-157.0,-157.0,-157.0,-153.0,-154.0,-153.5,-157.0,-154.5,-151.5,-157.0,-157.0,-157.0,-150.0,-152.5,-152.5,-152.0,-157.0,-157.0,-157.0,-157.0,-155.0,-157.0,-157.0,-157.0,-154.5,-157.0,-157.0,-157.0,-155.0,-153.0,-153.5,-157.0,-156.5,-154.5,-154.5,-157.0,-157.0,-157.0,-154.5,-157.0,-152.0,-152.0,-154.5,-153.5,-157.0,-153.5,-155.0,-156.5,-153.0,-156.0,-156.0,-152.0,-157.0,-149.5,-151.5,-152.0,-150.5,-157.0,-156.5,-157.0,-154.0,-157.0,-157.0,-157.0,-155.5,-157.0,-157.0,-150.0,-147.5,-151.0,-155.5,-157.0,-157.0,-157.0,-157.0,-155.0,-157.0,-156.5,-153.5,-155.5,-157.0,-153.5,-157.0,-157.0,-157.0,-157.0,-157.0,-156.0,-154.0,-156.0,-157.0,-157.0,-157.0,-157.0,-157.0,-157.0,-157.0,-157.0,-153.0,-152.0,-157.0,-154.0,-153.5,-157.0,-151.5,-153.0,-157.0,-157.0,-155.0,-154.0,-155.0,-151.0,-156.5,-153.0,-155.0,-153.5,-154.0,-156.5,-157.0,-157.0,-154.0,-157.0,-151.5,-156.0,-157.0,-157.0,-157.0,-156.0,-157.0,-157.0,-157.0,-154.0,-154.5,-154.5,-157.0,-157.0,-157.0,-157.0,-157.0,-157.0,-155.5,-157.0,-153.5,-152.0,-155.5,-152.5,-155.0,-156.0,-155.5,-157.0,-153.0,-155.5,-155.5,-157.0,-154.5,-154.5,-153.5,-157.0,-157.0,-155.0,-150.0,-150.0,-154.0,-157.0,-154.5,-153.5,-157.0,-154.0,-155.5,-156.5,-157.0,-154.0,-151.5,-152.5,-156.5,-157.0,-157.0,-155.5,-148.5,-153.0,-156.5,-157.0,-157.0,-152.0,-153.5,-155.5,-157.0,-154.5,-157.0,-153.0,-155.0,-157.0,-154.0,-152.5,-154.0,-155.0,-155.0,-157.0,-157.0,-157.0,-151.5,-153.0,-155.5,-157.0,-157.0,-157.0,-154.0,-152.0,-157.0,-157.0,-157.0,-157.0,-157.0,-156.5,-157.0,-154.5,-155.5,-155.5,-157.0,-149.0,-147.5,-149.5,-157.0,-156.5,-157.0,-154.0,-157.0,-157.0,-157.0,-157.0,-154.0,-151.0,-157.0,-157.0,-155.0,-154.5,-151.5,-153.0,-154.0,-154.5,-155.0,-152.0,-157.0,-154.5,-156.5,-156.0,-157.0,-157.0,-157.0,-157.0,-157.0,-152.5,-153.0,-156.0,-153.5,-151.5,-154.0,-157.0,-153.0,-151.0,-157.0,-157.0,-157.0,-155.5,-152.5,-154.5,-156.5,-153.0,-157.0,-157.0,-156.0,-155.5,-156.5,-157.0,-155.0,-157.0,-157.0,-157.0,-157.0,-154.5,-156.5,-155.0,-152.5,-151.0,-157.0,-156.5,-151.5,-157.0
2026-01-17 14:24:15.344,143.049967,5,-77,-157.0,-157.0,-157.0,-157.0,-156.5,-154.0,-154.0,-157.0,-157.0,-156.0,-157.0,-151.5,-152.0,-154.0,-157.0,-154.5,-152.0,-157.0,-157.0,-157.0,-157.0,-153.0,-157.0,-152.0,-152.0,-157.0,-157.0,-152.5,-155.0,-157.0,-157.0,-157.0,-155.0,-156.5,-155.5,-155.0,-156.5,-157.0,-154.5,-154.0,-157.0,-157.0,-157.0,-157.0,-156.0,-153.0,-157.0,-157.0,-154.5,-154.5,-153.0,-151.5,-150.0,-157.0,-157.0,-157.0,-153.0,-157.0,-157.0,-157.0,-157.0,-155.0,-157.0,-157.0,-154.0,-148.5,-155.5,-157.0,-157.0,-157.0,-157.0,-156.0,-157.0,-157.0,-156.5,-157.0,-157.0,-157.0,-157.0,-157.0,-157.0,-157.0,-157.0,-157.0,-157.0,-157.0,-157.0,-157.0,-155.0,-151.5,-157.0,-157.0,-153.5,-153.5,-157.0,-152.5,-152.5,-155.5,-155.5,-152.5,-157.0,-157.0,-157.0,-157.0,-157.0,-157.0,-157.0,-157.0,-156.0,-157.0,-154.5,-157.0,-152.5,-155.0,-157.0,-154.5,-148.5,-151.5,-155.0,-157.0,-157.0,-153.0,-152.5,-153.5,-157.0,-154.5,-155.0,-157.0,-155.5,-152.5,-154.5,-157.0,-154.0,-155.0,-157.0,-157.0,-157.0,-153.0,-153.0,-154.5,-155.5,-156.0,-154.0,-157.0,-156.0,-154.0,-156.5,-156.5,-157.0,-149.5,-149.0,-157.0,-152.0,-154.0,-157.0,-157.0,-153.5,-157.0,-151.5,-152.0,-156.5,-154.0,-156.5,-156.0,-157.0,-157.0,-157.0,-155.0,-152.0,-157.0,-151.5,-157.0,-156.5,-156.5,-157.0,-155.5,-155.0,-157.0,-157.0,-157.0,-155.5,-157.0,-157.0,-157.0,-157.0,-157.0,-157.0,-157.0,-157.0,-157.0,-153.0,-157.0,-152.5,-157.0,-157.0,-153.5,-154.5,-155.5,-156.5,-148.5,-150.5,-157.0,-157.0,-157.0,-157.0,-157.0,-156.0,-154.0,-157.0,-156.5,-155.5,-156.0,-157.0,-157.0,-156.5,-157.0,-157.0,-157.0,-157.0,-157.0,-157.0,-157.0,-157.0,-157.0,-157.0,-156.5,-157.0,-153.0,-157.0,-157.0,-155.5,-157.0,-157.0,-157.0,-157.0,-152.0,-152.5,-153.5,-152.0,-155.0,-151.5,-155.5,-155.5,-152.0,-153.0,-157.0,-156.5,-153.5,-157.0,-157.0,-157.0,-156.0,-156.5,-157.0,-151.0,-151.0,-156.0,-151.0,-151.5,-157.0,-157.0,-157.0,-155.0,-157.0,-156.0,-155.0,-151.5,-154.5,-151.5,-154.0,-153.0,-153.0,-157.0,-157.0,-156.0,-157.0,-153.0,-157.0,-157.0,-157.0,-156.0,-154.5,-156.5,-157.0,-157.0,-151.0,-154.5,-157.0,-152.5,-155.5,-157.0,-156.0,-156.5,-157.0,-157.0,-155.5,-154.5,-155.0,-150.0,-157.0,-157.0,-157.0,-157.0,-151.5,-152.0,-157.0,-155.5,-153.5,-157.0,-150.0,-151.0,-155.0,-157.0,-157.0,-154.0,-157.0,-157.0,-156.0,-155.0,-156.5,-156.0,-156.5,-157.0,-157.0,-156.5,-157.0,-154.5,-152.5,-154.5,-154.0,-155.0,-156.5,-154.0,-152.5,-157.0,-157.0,-157.0,-157.0,-157.0,-152.0,-150.0,-156.5,-157.0,-153.0,-157.0,-157.0,-157.0,-152.0,-150.5,-156.0,-157.0,-152.5,-153.0,-154.0,-151.5,-157.0,-157.0,-157.0,-156.5,-150.5,-149.0,-155.5,-153.0,-157.0,-157.0,-150.5,-153.5,-157.0,-157.0,-157.0,-155.5,-154.5,-153.5,-157.0,-155.0,-153.0,-156.5,-157.0,-157.0,-157.0,-157.0,-155.5,-157.0,-156.0,-157.0,-157.0,-157.0,-154.0,-156.0,-155.5,-157.0,-157.0,-157.0,-157.0,-157.0,-157.0,-157.0,-154.0,-153.0,-157.0,-156.5,-156.0,-157.0,-157.0,-155.5,-157.0,-147.5,-148.0,-154.0,-157.0,-154.5,-157.0,-157.0,-157.0,-157.0,-157.0,-157.0,-157.0,-154.0,-156.0,-157.0,-155.5,-152.5,-157.0,-157.0,-154.5,-152.0,-152.5,-151.5,-153.5,-157.0,-155.5,-157.0,-157.0,-157.0,-157.0,-157.0,-157.0,-155.0,-157.0,-155.0,-155.0,-154.0,-157.0,-154.0,-152.0,-154.0,-157.0,-157.0,-157.0,-154.0,-155.5,-156.5,-152.5,-149.5,-154.5,-157.0,-155.0,-157.0,-156.0,-152.5,-156.0,-157.0,-157.0,-157.0,-153.0,-153.0,-157.0,-155.5,-157.0,-154.0,-157.0,-157.0,-149.5,-156.0
2026-01-17 14:24:15.379,143.049967,5,-77,-157.0,-157.0,-157.0,-156.0,-157.0,-152.5,-155.5,-156.5,-157.0,-157.0,-155.5,-154.5,-156.5,-157.0,-157.0,-155.0,-156.5,-157.0,-157.0,-157.0,-155.5,-155.0,-157.0,-155.5,-156.0,-157.0,-157.0,-152.5,-152.5,-157.0,-157.0,-157.0,-157.0,-157.0,-155.5,-157.0,-157.0,-157.0,-156.5,-157.0,-157.0,-157.0,-157.0,-157.0,-157.0,-153.5,-157.0,-157.0,-157.0,-157.0,-156.0,-155.5,-149.5,-157.0,-157.0,-157.0,-157.0,-157.0,-157.0,-157.0,-157.0,-156.5,-157.0,-157.0,-153.0,-151.0,-157.0,-157.0,-157.0,-157.0,-153.5,-152.0,-156.0,-157.0,-157.0,-157.0,-157.0,-157.0,-157.0,-157.0,-157.0,-157.0,-157.0,-157.0,-155.0,-157.0,-156.0,-157.0,-157.0,-154.5,-154.5,-157.0,-155.5,-157.0,-157.0,-155.5,-155.5,-157.0,-157.0,-153.5,-157.0,-157.0,-156.0,-157.0,-157.0,-157.0,-156.5,-157.0,-157.0,-154.0,-157.0,-157.0,-156.5,-157.0,-157.0,-157.0,-149.5,-152.0,-155.0,-157.0,-157.0,-153.5,-156.5,-155.5,-157.0,-157.0,-157.0,-157.0,-157.0,-155.5,-155.5,-157.0,-155.0,-157.0,-154.0,-153.0,-152.0,-157.0,-154.0,-157.0,-155.5,-154.0,-154.5,-156.5,-152.5,-155.5,-156.5,-155.0,-156.5,-149.0,-150.5,-157.0,-157.0,-157.0,-157.0,-157.0,-156.0,-157.0,-155.5,-157.0,-154.5,-153.0,-153.5,-156.5,-155.0,-157.0,-157.0,-157.0,-152.5,-156.5,-151.5,-156.0,-156.5,-157.0,-157.0,-157.0,-157.0,-157.0,-157.0,-156.5,-157.0,-157.0,-156.0,-157.0,-157.0,-157.0,-157.0,-157.0,-157.0,-157.0,-157.0,-153.0,-151.0,-152.5,-157.0,-157.0,-157.0,-154.5,-152.0,-151.0,-157.0,-157.0,-157.0,-157.0,-156.0,-157.0,-157.0,-154.5,-153.0,-153.0,-153.5,-157.0,-157.0,-157.0,-156.0,-157.0,-157.0,-157.0,-156.0,-157.0,-155.0,-153.5,-157.0,-157.0,-157.0,-157.0,-157.0,-155.5,-157.0,-157.0,-157.0,-156.5,-157.0,-157.0,-153.5,-151.5,-156.0,-153.0,-153.5,-157.0,-152.0,-157.0,-157.0,-152.5,-150.5,-154.0,-153.0,-153.5,-157.0,-157.0,-154.0,-157.0,-157.0,-157.0,-156.0,-157.0,-157.0,-151.5,-150.0,-157.0,-157.0,-157.0,-157.0,-157.0,-157.0,-157.0,-152.5,-157.0,-154.0,-157.0,-154.5,-154.5,-157.0,-157.0,-157.0,-157.0,-153.5,-157.0,-157.0,-157.0,-156.5,-157.0,-157.0,-157.0,-150.0,-149.0,-157.0,-156.5,-152.5,-157.0,-157.0,-157.0,-157.0,-157.0,-157.0,-157.0,-157.0,-152.5,-150.5,-157.0,-157.0,-157.0,-157.0,-151.5,-152.0,-157.0,-157.0,-154.5,-157.0,-152.5,-155.5,-157.0,-157.0,-157.0,-150.0,-151.0,-156.5,-157.0,-157.0,-157.0,-157.0,-156.5,-156.5,-157.0,-155.5,-153.0,-153.0,-155.0,-154.5,-156.0,-156.0,-156.5,-154.0,-151.5,-157.0,-157.0,-156.5,-154.5,-157.0,-151.5,-149.5,-154.0,-154.0,-151.5,-157.0,-157.0,-156.5,-156.5,-155.0,-157.0,-152.0,-153.0,-157.0,-155.5,-153.5,-157.0,-157.0,-154.0,-155.0,-152.0,-150.5,-156.5,-151.0,-155.0,-156.0,-153.0,-155.0,-155.5,-155.5,-157.0,-156.0,-156.0,-156.0,-157.0,-157.0,-151.0,-153.0,-155.0,-156.0,-157.0,-157.0,-157.0,-157.0,-155.0,-157.0,-157.0,-157.0,-157.0,-154.5,-157.0,-157.0,-157.0,-157.0,-157.0,-157.0,-157.0,-157.0,-155.0,-153.0,-157.0,-157.0,-156.0,-157.0,-155.0,-155.0,-157.0,-150.5,-152.0,-157.0,-157.0,-153.0,-157.0,-156.5,-156.0,-157.0,-157.0,-157.0,-156.5,-154.0,-155.5,-156.5,-152.5,-151.5,-157.0,-157.0,-154.5,-155.0,-151.5,-153.5,-153.0,-155.0,-155.5,-157.0,-156.5,-157.0,-157.0,-157.0,-157.0,-151.0,-157.0,-152.5,-154.0,-156.5,-152.5,-151.0,-155.5,-157.0,-157.0,-157.0,-157.0,-153.5,-155.5,-155.0,-153.0,-150.0,-151.0,-157.0,-154.5,-157.0,-157.0,-152.0,-154.5,-156.5,-156.5,-156.0,-151.5,-150.5,-156.0,-157.0,-157.0,-154.5,-153.0,-157.0,-148.5,-156.0
2026-01-17 14:24:15.413,143.049967,5,-77,-157.0,-157.0,-157.0,-155.5,-157.0,-153.0,-154.5,-154.0,-154.0,-154.5,-155.5,-157.0,-157.0,-157.0,-155.5,-156.0,-157.0,-155.0,-155.5,-154.0,-154.0,-157.0,-157.0,-156.5,-155.0,-153.0,-156.0,-154.5,-151.0,-154.5,-157.0,-157.0,-157.0,-157.0,-157.0,-157.0,-157.0,-157.0,-157.0,-157.0,-156.0,-157.0,-157.0,-157.0,-157.0,-153.0,-157.0,-157.0,-157.0,-157.0,-157.0,-157.0,-151.0,-154.5,-157.0,-157.0,-157.0,-157.0,-157.0,-157.0,-157.0,-157.0,-157.0,-156.5,-157.0,-155.0,-157.0,-157.0,-157.0,-157.0,-152.0,-150.0,-152.0,-156.0,-156.0,-156.0,-157.0,-157.0,-152.5,-156.5,-157.0,-157.0,-157.0,-155.0,-157.0,-156.5,-157.0,-157.0,-156.0,-154.5,-157.0,-156.0,-157.0,-157.0,-157.0,-153.5,-153.0,-157.0,-157.0,-153.0,-152.5,-157.0,-156.0,-156.5,-157.0,-157.0,-154.5,-152.5,-157.0,-153.0,-157.0,-156.0,-155.5,-157.0,-157.0,-157.0,-156.5,-157.0,-157.0,-155.5,-152.0,-157.0,-153.0,-155.5,-157.0,-157.0,-157.0,-157.0,-157.0,-157.0,-156.5,-157.0,-153.0,-154.0,-150.5,-148.0,-150.0,-157.0,-157.0,-157.0,-156.5,-157.0,-153.5,-150.5,-150.0,-157.0,-157.0,-153.0,-153.5,-152.5,-157.0,-157.0,-157.0,-157.0,-157.0,-152.5,-157.0,-156.5,-157.0,-155.5,-153.5,-157.0,-154.0,-154.5,-153.5,-157.0,-157.0,-157.0,-157.0,-155.5,-151.5,-157.0,-154.5,-157.0,-157.0,-157.0,-157.0,-157.0,-157.0,-157.0,-157.0,-155.5,-157.0,-157.0,-157.0,-157.0,-156.5,-157.0,-155.0,-157.0,-157.0,-157.0,-153.5,-154.0,-154.0,-156.5,-157.0,-156.5,-155.5,-157.0,-157.0,-155.0,-157.0,-157.0,-156.0,-157.0,-157.0,-157.0,-156.0,-157.0,-156.5,-157.0,-157.0,-157.0,-157.0,-157.0,-156.5,-154.0,-155.5,-156.5,-153.5,-150.5,-157.0,-157.0,-157.0,-157.0,-155.5,-157.0,-155.5,-155.0,-157.0,-153.0,-153.5,-154.0,-153.0,-152.0,-157.0,-154.0,-150.5,-152.5,-151.0,-157.0,-157.0,-157.0,-153.5,-152.0,-149.0,-154.5,-157.0,-154.5,-152.5,-156.5,-156.5,-153.5,-157.0,-155.0,-153.5,-153.5,-151.0,-154.0,-155.5,-153.0,-153.0,-154.5,-157.0,-151.5,-152.5,-157.0,-156.5,-157.0,-156.5,-157.0,-157.0,-157.0,-157.0,-157.0,-157.0,-156.5,-157.0,-157.0,-155.5,-157.0,-157.0,-155.0,-149.5,-151.0,-155.5,-156.0,-154.0,-157.0,-153.5,-155.5,-156.5,-157.0,-157.0,-157.0,-157.0,-155.5,-154.0,-157.0,-155.5,-156.5,-154.0,-152.5,-157.0,-156.0,-155.5,-153.5,-156.5,-154.0,-157.0,-156.5,-157.0,-157.0,-150.0,-150.0,-157.0,-157.0,-157.0,-157.0,-157.0,-155.0,-157.0,-157.0,-157.0,-157.0,-157.0,-157.0,-157.0,-157.0,-157.0,-155.0,-153.0,-153.5,-157.0,-154.5,-152.0,-150.5,-153.0,-154.0,-153.0,-155.0,-154.0,-152.0,-157.0,-156.0,-154.0,-154.0,-152.5,-157.0,-150.5,-156.0,-157.0,-155.5,-155.0,-157.0,-157.0,-152.5,-157.0,-157.0,-152.0,-155.5,-151.5,-151.0,-152.5,-157.0,-156.0,-150.0,-152.5,-155.0,-152.5,-154.5,-157.0,-157.0,-157.0,-154.0,-156.5,-157.0,-155.5,-157.0,-157.0,-157.0,-157.0,-153.5,-154.5,-157.0,-157.0,-157.0,-157.0,-157.0,-157.0,-157.0,-157.0,-157.0,-157.0,-157.0,-157.0,-157.0,-153.0,-153.0,-157.0,-156.5,-157.0,-155.5,-156.5,-157.0,-152.5,-151.5,-157.0,-156.0,-152.0,-155.5,-155.5,-156.5,-157.0,-154.5,-155.5,-154.0,-152.5,-155.0,-156.5,-152.0,-152.5,-155.0,-156.0,-155.0,-154.0,-152.5,-156.5,-156.5,-154.5,-155.0,-157.0,-155.5,-157.0,-157.0,-157.0,-154.5,-148.5,-152.5,-154.0,-157.0,-155.5,-152.5,-153.0,-157.0,-157.0,-155.5,-154.0,-157.0,-154.5,-157.0,-153.0,-153.5,-153.0,-151.5,-156.0,-156.5,-154.5,-156.5,-154.0,-155.0,-153.0,-154.0,-152.0,-157.0,-154.5,-157.0,-157.0,-157.0,-153.5,-152.0,-156.0,-149.5,-157.0
2026-01-17 14:24:15.445,143.049967,5,-77,-157.0,-157.0,-157.0,-157.0,-154.0,-152.5,-157.0,-153.0,-151.0,-151.5,-157.0,-157.0,-157.0,-157.0,-155.5,-157.0,-157.0,-154.0,-156.5,-154.5,-157.0,-157.0,-157.0,-156.5,-154.5,-155.5,-155.5,-157.0,-152.0,-155.0,-157.0,-157.0,-157.0,-157.0,-155.0,-153.0,-154.0,-155.0,-156.5,-155.5,-155.0,-157.0,-157.0,-157.0,-155.5,-152.0,-156.5,-157.0,-157.0,-157.0,-157.0,-155.5,-153.5,-157.0,-157.0,-157.0,-156.5,-157.0,-157.0,-157.0,-157.0,-154.0,-150.0,-150.0,-157.0,-157.0,-157.0,-157.0,-157.0,-157.0,-154.5,-153.5,-152.0,-157.0,-151.5,-152.0,-157.0,-155.5,-150.0,-155.0,-157.0,-157.0,-154.0,-153.5,-157.0,-155.0,-157.0,-157.0,-156.5,-151.0,-154.0,-155.0,-157.0,-157.0,-157.0,-155.0,-152.5,-154.0,-157.0,-153.0,-152.5,-156.0,-154.5,-154.5,-157.0,-157.0,-156.5,-153.5,-154.0,-152.0,-157.0,-157.0,-156.5,-157.0,-157.0,-157.0,-157.0,-157.0,-157.0,-157.0,-153.5,-153.0,-149.0,-154.5,-157.0,-155.0,-157.0,-157.0,-157.0,-155.0,-157.0,-157.0,-150.0,-150.5,-157.0,-150.5,-154.5,-157.0,-157.0,-156.0,-154.0,-154.0,-154.5,-152.5,-152.0,-157.0,-157.0,-154.5,-157.0,-154.5,-157.0,-157.0,-157.0,-157.0,-157.0,-150.0,-152.0,-153.5,-157.0,-153.0,-153.0,-157.0,-155.0,-157.0,-155.5,-156.5,-157.0,-157.0,-156.0,-157.0,-153.5,-154.0,-152.5,-157.0,-157.0,-156.0,-157.0,-157.0,-157.0,-157.0,-157.0,-154.5,-157.0,-156.5,-153.0,-155.5,-152.5,-156.0,-148.5,-152.0,-153.0,-155.5,-153.5,-156.5,-154.0,-155.5,-157.0,-157.0,-157.0,-157.0,-157.0,-155.5,-157.0,-157.0,-157.0,-157.0,-157.0,-157.0,-157.0,-157.0,-155.0,-154.0,-155.0,-157.0,-157.0,-157.0,-156.5,-153.5,-157.0,-154.0,-154.5,-152.0,-152.5,-157.0,-157.0,-157.0,-155.5,-155.5,-155.5,-153.0,-157.0,-153.5,-149.5,-151.0,-156.0,-156.0,-156.5,-156.5,-152.0,-155.5,-152.5,-157.0,-157.0,-157.0,-153.5,-153.5,-150.5,-156.0,-157.0,-154.0,-157.0,-157.0,-157.0,-153.0,-157.0,-155.5,-156.0,-154.5,-152.0,-156.0,-157.0,-152.0,-154.5,-154.5,-155.0,-153.0,-157.0,-157.0,-157.0,-155.0,-154.0,-157.0,-155.0,-157.0,-157.0,-156.5,-157.0,-153.0,-154.0,-150.5,-151.5,-157.0,-157.0,-155.5,-155.0,-157.0,-156.0,-157.0,-155.5,-157.0,-150.5,-151.0,-157.0,-157.0,-157.0,-152.5,-152.0,-157.0,-157.0,-157.0,-152.0,-152.5,-156.5,-154.0,-157.0,-157.0,-155.0,-154.5,-156.5,-157.0,-157.0,-155.0,-155.0,-157.0,-153.0,-157.0,-157.0,-157.0,-154.5,-157.0,-154.5,-152.0,-157.0,-157.0,-157.0,-157.0,-156.5,-157.0,-157.0,-157.0,-157.0,-157.0,-157.0,-157.0,-157.0,-152.0,-154.5,-150.5,-151.0,-155.5,-155.0,-153.0,-152.5,-156.5,-154.0,-155.0,-154.5,-153.5,-155.5,-157.0,-151.0,-151.5,-157.0,-157.0,-155.5,-157.0,-156.0,-155.0,-155.0,-154.5,-152.5,-153.0,-154.5,-154.0,-157.0,-157.0,-155.0,-150.5,-151.5,-156.5,-154.5,-157.0,-157.0,-156.5,-157.0,-157.0,-157.0,-157.0,-157.0,-157.0,-157.0,-155.5,-155.0,-157.0,-154.5,-157.0,-155.0,-155.0,-157.0,-157.0,-157.0,-157.0,-157.0,-157.0,-155.5,-157.0,-157.0,-157.0,-156.0,-154.0,-157.0,-157.0,-156.5,-157.0,-157.0,-157.0,-152.0,-151.5,-155.5,-157.0,-154.0,-157.0,-156.5,-157.0,-156.5,-155.0,-157.0,-157.0,-151.5,-151.0,-155.5,-155.0,-157.0,-155.0,-157.0,-155.0,-153.5,-153.0,-152.5,-154.0,-156.0,-156.0,-157.0,-155.5,-157.0,-156.5,-156.5,-157.0,-149.5,-152.0,-156.5,-157.0,-155.0,-153.5,-152.5,-155.0,-157.0,-154.5,-155.5,-155.0,-153.0,-157.0,-157.0,-157.0,-154.0,-154.0,-157.0,-157.0,-153.0,-155.0,-157.0,-157.0,-153.5,-155.0,-151.0,-157.0,-157.0,-157.0,-156.0,-157.0,-156.0,-154.5,-152.5,-152.0,-156.5
2026-01-17 14:24:15.483,143.049967,5,-77,-157.0,-157.0,-157.0,-157.0,-153.0,-152.5,-157.0,-154.0,-154.0,-153.5,-157.0,-157.0,-157.0,-157.0,-157.0,-156.5,-156.5,-155.5,-157.0,-157.0,-157.0,-157.0,-157.0,-157.0,-157.0,-157.0,-157.0,-155.5,-153.0,-157.0,-157.0,-157.0,-157.0,-157.0,-156.0,-153.0,-156.5,-155.0,-155.0,-156.5,-157.0,-155.5,-157.0,-157.0,-157.0,-155.5,-157.0,-157.0,-157.0,-157.0,-157.0,-157.0,-157.0,-157.0,-157.0,-157.0,-154.5,-152.0,-152.5,-157.0,-157.0,-157.0,-148.5,-149.0,-157.0,-157.0,-154.5,-156.0,-157.0,-157.0,-156.0,-157.0,-157.0,-153.5,-154.0,-155.0,-157.0,-156.5,-154.0,-156.0,-157.0,-157.0,-152.0,-157.0,-157.0,-156.5,-157.0,-157.0,-157.0,-151.0,-153.0,-155.0,-157.0,-157.0,-157.0,-157.0,-157.0,-152.0,-157.0,-152.5,-157.0,-157.0,-156.5,-155.5,-157.0,-157.0,-157.0,-157.0,-156.0,-152.0,-157.0,-157.0,-157.0,-156.5,-153.5,-156.0,-153.0,-153.0,-154.5,-157.0,-157.0,-157.0,-148.5,-152.5,-157.0,-153.0,-152.5,-157.0,-157.0,-153.0,-156.5,-156.0,-152.5,-151.0,-157.0,-156.5,-157.0,-157.0,-157.0,-157.0,-157.0,-151.5,-150.5,-154.5,-151.5,-154.0,-156.5,-156.5,-157.0,-152.0,-152.5,-157.0,-154.5,-156.0,-156.0,-150.5,-149.5,-154.5,-153.5,-154.5,-157.0,-157.0,-155.5,-157.0,-157.0,-157.0,-157.0,-154.5,-152.5,-156.5,-157.0,-155.0,-152.0,-157.0,-157.0,-157.0,-153.5,-157.0,-154.5,-156.5,-157.0,-154.0,-153.0,-153.0,-150.0,-150.5,-152.5,-157.0,-147.0,-149.0,-150.0,-153.5,-150.5,-157.0,-157.0,-157.0,-157.0,-157.0,-157.0,-157.0,-156.5,-153.0,-155.5,-156.5,-157.0,-157.0,-157.0,-157.0,-157.0,-157.0,-156.0,-155.0,-155.5,-157.0,-157.0,-155.5,-157.0,-153.0,-152.0,-155.0,-157.0,-157.0,-156.5,-157.0,-157.0,-157.0,-154.5,-156.0,-155.5,-152.5,-157.0,-157.0,-152.0,-151.0,-157.0,-157.0,-157.0,-157.0,-157.0,-152.5,-151.5,-157.0,-157.0,-154.0,-151.5,-155.5,-157.0,-156.0,-157.0,-154.5,-157.0,-156.5,-154.5,-156.0,-154.5,-153.0,-157.0,-155.5,-155.0,-157.0,-157.0,-153.5,-157.0,-157.0,-157.0,-155.5,-156.0,-157.0,-157.0,-157.0,-153.5,-154.5,-154.0,-157.0,-156.5,-157.0,-156.0,-150.0,-150.0,-150.5,-153.0,-157.0,-157.0,-156.0,-157.0,-157.0,-157.0,-157.0,-154.0,-154.5,-154.5,-153.0,-157.0,-157.0,-156.0,-152.0,-149.0,-155.5,-157.0,-157.0,-154.0,-153.0,-157.0,-155.0,-155.0,-155.5,-157.0,-157.0,-156.0,-157.0,-157.0,-155.5,-156.0,-157.0,-157.0,-157.0,-157.0,-157.0,-152.5,-154.0,-154.5,-154.5,-157.0,-157.0,-157.0,-155.0,-154.5,-157.0,-157.0,-157.0,-157.0,-157.0,-157.0,-157.0,-157.0,-154.0,-157.0,-153.0,-152.5,-154.0,-152.5,-153.5,-154.0,-152.5,-151.5,-157.0,-157.0,-153.5,-154.5,-157.0,-155.5,-152.5,-156.0,-157.0,-157.0,-156.5,-154.5,-157.0,-155.0,-156.5,-156.5,-156.0,-156.0,-157.0,-157.0,-155.0,-154.0,-156.5,-152.5,-153.0,-156.0,-156.0,-155.5,-157.0,-157.0,-157.0,-153.0,-154.5,-157.0,-157.0,-155.0,-154.0,-154.5,-157.0,-155.0,-157.0,-151.5,-151.5,-154.5,-157.0,-157.0,-154.5,-156.5,-154.5,-153.0,-157.0,-156.5,-155.0,-154.5,-154.5,-157.0,-157.0,-155.0,-156.5,-157.0,-157.0,-153.0,-155.5,-157.0,-156.5,-156.0,-156.0,-155.5,-157.0,-157.0,-157.0,-157.0,-157.0,-157.0,-154.0,-157.0,-157.0,-155.5,-157.0,-157.0,-157.0,-156.0,-152.5,-151.5,-153.0,-154.0,-153.5,-151.5,-153.0,-157.0,-157.0,-157.0,-157.0,-152.5,-154.0,-157.0,-157.0,-157.0,-155.0,-154.5,-155.0,-156.5,-154.0,-157.0,-151.0,-150.0,-157.0,-157.0,-157.0,-155.5,-157.0,-157.0,-157.0,-153.0,-153.0,-155.5,-157.0,-157.0,-156.0,-153.0,-157.0,-157.0,-157.0,-155.5,-157.0,-157.0,-155.0,-154.0,-157.0,-152.0
2026-01-17 14:24:15.509,143.049967,5,-77,-157.0,-157.0,-157.0,-157.0,-153.5,-154.0,-157.0,-155.0,-152.0,-152.5,-157.0,-157.0,-157.0,-157.0,-157.0,-153.5,-152.5,-153.0,-154.0,-153.0,-154.5,-157.0,-157.0,-157.0,-157.0,-157.0,-157.0,-157.0,-155.0,-157.0,-157.0,-157.0,-157.0,-155.0,-156.5,-156.0,-157.0,-157.0,-157.0,-157.0,-157.0,-157.0,-157.0,-152.0,-152.5,-152.0,-155.5,-157.0,-157.0,-157.0,-157.0,-157.0,-157.0,-157.0,-157.0,-157.0,-156.5,-151.0,-152.5,-157.0,-156.0,-155.5,-150.0,-150.0,-157.0,-157.0,-156.5,-157.0,-157.0,-157.0,-157.0,-157.0,-157.0,-152.0,-155.0,-157.0,-157.0,-157.0,-157.0,-157.0,-156.0,-157.0,-152.5,-155.0,-155.5,-157.0,-157.0,-155.0,-157.0,-154.5,-156.5,-154.0,-157.0,-156.0,-157.0,-157.0,-154.5,-150.5,-156.5,-152.5,-157.0,-156.5,-157.0,-157.0,-157.0,-157.0,-157.0,-157.0,-154.5,-153.0,-153.5,-153.0,-155.5,-153.5,-155.5,-156.5,-148.5,-149.0,-150.5,-157.0,-157.0,-157.0,-150.5,-151.5,-157.0,-157.0,-154.0,-157.0,-157.0,-155.0,-157.0,-157.0,-157.0,-152.0,-157.0,-157.0,-156.0,-157.0,-157.0,-156.5,-157.0,-152.5,-150.5,-153.0,-148.0,-149.5,-151.5,-154.5,-157.0,-153.0,-155.0,-157.0,-151.5,-151.0,-154.5,-151.5,-150.5,-157.0,-157.0,-157.0,-157.0,-157.0,-157.0,-157.0,-155.5,-157.0,-157.0,-152.0,-150.5,-157.0,-157.0,-150.5,-152.5,-157.0,-157.0,-157.0,-153.5,-157.0,-157.0,-157.0,-157.0,-156.0,-153.5,-155.5,-154.0,-154.5,-157.0,-157.0,-150.5,-154.5,-151.5,-153.0,-150.5,-155.0,-157.0,-157.0,-157.0,-157.0,-157.0,-153.5,-152.0,-152.0,-156.5,-156.0,-156.0,-157.0,-156.5,-157.0,-157.0,-156.5,-152.0,-152.5,-157.0,-157.0,-155.0,-154.5,-157.0,-155.0,-151.5,-157.0,-156.5,-157.0,-156.0,-157.0,-157.0,-156.0,-155.0,-157.0,-157.0,-155.5,-156.5,-157.0,-156.0,-152.5,-154.5,-156.5,-157.0,-157.0,-155.5,-150.0,-151.0,-156.5,-149.0,-148.0,-151.5,-152.5,-152.5,-152.0,-153.0,-151.0,-153.5,-157.0,-155.5,-157.0,-153.5,-151.0,-154.5,-157.0,-157.0,-157.0,-155.5,-152.5,-157.0,-157.0,-157.0,-155.5,-155.5,-157.0,-157.0,-157.0,-153.5,-156.5,-157.0,-157.0,-152.5,-155.5,-157.0,-153.0,-152.5,-152.5,-155.0,-157.0,-157.0,-156.5,-157.0,-157.0,-157.0,-157.0,-153.0,-157.0,-157.0,-153.5,-157.0,-157.0,-157.0,-150.5,-150.0,-149.5,-154.5,-157.0,-157.0,-157.0,-157.0,-154.0,-151.0,-152.0,-157.0,-157.0,-157.0,-157.0,-157.0,-155.5,-157.0,-157.0,-157.0,-157.0,-157.0,-157.0,-154.0,-155.5,-157.0,-157.0,-155.5,-154.5,-155.0,-154.0,-157.0,-157.0,-156.5,-156.0,-157.0,-153.5,-154.5,-157.0,-157.0,-156.0,-157.0,-157.0,-155.0,-152.0,-153.0,-155.0,-157.0,-153.0,-152.0,-154.5,-156.5,-155.5,-151.5,-155.0,-157.0,-157.0,-157.0,-157.0,-157.0,-152.5,-155.0,-157.0,-157.0,-157.0,-157.0,-157.0,-157.0,-157.0,-157.0,-155.0,-155.0,-157.0,-152.5,-152.0,-157.0,-157.0,-157.0,-157.0,-157.0,-154.5,-153.0,-157.0,-157.0,-157.0,-154.0,-155.5,-157.0,-157.0,-157.0,-157.0,-155.0,-155.5,-157.0,-157.0,-157.0,-154.0,-154.0,-155.0,-153.5,-157.0,-157.0,-153.5,-153.0,-155.5,-157.0,-157.0,-156.0,-157.0,-157.0,-157.0,-155.5,-156.5,-156.5,-157.0,-156.0,-156.0,-156.5,-155.0,-157.0,-156.0,-157.0,-157.0,-157.0,-157.0,-157.0,-154.0,-154.0,-155.5,-156.5,-156.5,-156.0,-154.5,-154.0,-157.0,-157.0,-153.0,-151.5,-153.0,-157.0,-157.0,-157.0,-156.0,-156.0,-157.0,-157.0,-157.0,-157.0,-156.0,-157.0,-157.0,-157.0,-156.0,-157.0,-153.0,-153.0,-155.5,-157.0,-157.0,-154.5,-157.0,-157.0,-157.0,-153.0,-150.5,-151.0,-157.0,-157.0,-157.0,-157.0,-157.0,-157.0,-157.0,-157.0,-157.0,-157.0,-154.5,-155.5,-157.0,-150.5
2026-01-17 14:24:15.544,143.049967,5,-77,-157.0,-157.0,-157.0,-157.0,-155.5,-157.0,-157.0,-157.0,-150.5,-151.5,-156.0,-157.0,-157.0,-157.0,-157.0,-156.5,-157.0,-153.0,-154.0,-152.0,-153.0,-157.0,-157.0,-156.0,-156.0,-156.5,-157.0,-157.0,-157.0,-157.0,-157.0,-154.5,-157.0,-157.0,-153.5,-156.0,-157.0,-157.0,-157.0,-157.0,-157.0,-157.0,-153.0,-150.5,-152.0,-150.5,-154.0,-156.5,-157.0,-156.5,-156.5,-157.0,-157.0,-157.0,-157.0,-157.0,-157.0,-156.0,-157.0,-157.0,-154.5,-155.0,-154.5,-153.5,-157.0,-157.0,-157.0,-153.5,-153.5,-157.0,-157.0,-157.0,-157.0,-155.0,-155.0,-156.0,-157.0,-154.5,-152.5,-157.0,-153.5,-156.5,-157.0,-155.0,-156.5,-157.0,-154.5,-154.0,-157.0,-157.0,-157.0,-154.0,-153.5,-157.0,-157.0,-153.5,-151.0,-150.5,-157.0,-155.5,-153.5,-154.0,-157.0,-157.0,-157.0,-157.0,-157.0,-157.0,-156.5,-157.0,-153.0,-152.0,-154.5,-155.5,-155.5,-152.5,-152.5,-154.5,-154.0,-154.0,-157.0,-157.0,-157.0,-156.5,-156.0,-156.5,-157.0,-152.5,-154.0,-157.0,-157.0,-157.0,-155.0,-152.5,-153.0,-155.0,-153.5,-157.0,-157.0,-151.5,-155.0,-156.5,-153.5,-157.0,-149.5,-153.0,-151.0,-152.0,-156.5,-156.5,-157.0,-157.0,-153.5,-151.0,-153.0,-153.0,-151.5,-157.0,-157.0,-157.0,-157.0,-157.0,-157.0,-154.5,-152.0,-157.0,-157.0,-157.0,-152.5,-157.0,-155.0,-151.5,-155.0,-157.0,-156.5,-157.0,-153.0,-152.0,-157.0,-157.0,-157.0,-157.0,-155.5,-157.0,-157.0,-157.0,-157.0,-157.0,-153.0,-157.0,-156.5,-155.5,-153.0,-156.5,-157.0,-157.0,-157.0,-157.0,-154.5,-152.0,-152.5,-153.0,-156.5,-157.0,-154.5,-157.0,-157.0,-157.0,-157.0,-157.0,-154.0,-150.5,-152.5,-157.0,-152.0,-154.0,-157.0,-154.5,-151.0,-157.0,-156.5,-157.0,-152.0,-155.0,-157.0,-157.0,-157.0,-157.0,-157.0,-157.0,-157.0,-157.0,-157.0,-152.0,-156.5,-153.5,-153.0,-155.5,-154.5,-151.5,-151.0,-152.0,-143.5,-145.0,-154.5,-156.0,-151.0,-153.5,-151.0,-152.0,-156.5,-154.5,-157.0,-157.0,-157.0,-153.5,-157.0,-157.0,-157.0,-157.0,-157.0,-153.5,-157.0,-157.0,-157.0,-156.5,-157.0,-157.0,-157.0,-153.0,-152.0,-155.0,-156.5,-157.0,-150.0,-152.0,-154.0,-156.0,-157.0,-151.5,-153.5,-157.0,-157.0,-157.0,-157.0,-156.0,-157.0,-155.5,-153.0,-157.0,-156.0,-153.5,-157.0,-157.0,-157.0,-152.5,-151.5,-150.0,-157.0,-157.0,-157.0,-157.0,-157.0,-156.0,-154.0,-155.5,-157.0,-157.0,-157.0,-157.0,-156.5,-154.0,-155.0,-157.0,-157.0,-157.0,-156.0,-157.0,-157.0,-157.0,-157.0,-157.0,-153.5,-153.0,-155.0,-157.0,-157.0,-157.0,-154.5,-153.5,-157.0,-154.0,-153.5,-157.0,-157.0,-154.5,-157.0,-157.0,-157.0,-157.0,-157.0,-157.0,-155.5,-157.0,-153.0,-152.5,-155.0,-157.0,-152.5,-154.5,-157.0,-157.0,-157.0,-157.0,-151.5,-151.5,-157.0,-157.0,-157.0,-157.0,-155.5,-156.0,-156.5,-157.0,-155.5,-157.0,-155.0,-155.5,-152.0,-155.0,-157.0,-157.0,-157.0,-157.0,-157.0,-154.0,-155.0,-157.0,-157.0,-153.5,-152.5,-156.5,-157.0,-157.0,-157.0,-157.0,-157.0,-157.0,-157.0,-157.0,-157.0,-157.0,-157.0,-157.0,-153.5,-153.0,-154.0,-151.5,-154.5,-157.0,-156.5,-157.0,-157.0,-157.0,-157.0,-157.0,-157.0,-156.5,-157.0,-156.5,-155.5,-155.0,-157.0,-155.5,-157.0,-155.5,-157.0,-157.0,-154.0,-155.0,-154.0,-153.0,-157.0,-154.5,-157.0,-154.5,-154.0,-157.0,-156.5,-155.0,-157.0,-157.0,-154.0,-157.0,-157.0,-157.0,-157.0,-157.0,-157.0,-157.0,-157.0,-157.0,-153.5,-155.5,-157.0,-157.0,-157.0,-157.0,-154.0,-157.0,-157.0,-157.0,-157.0,-157.0,-153.0,-157.0,-155.0,-157.0,-157.0,-155.0,-153.5,-157.0,-157.0,-157.0,-157.0,-157.0,-153.5,-153.5,-157.0,-157.0,-157.0,-157.0,-157.0,-157.0,-155.5
2026-01-17 14:24:15.582,143.049967,5,-77,-157.0,-157.0,-157.0,-157.0,-156.0,-155.5,-155.5,-157.0,-157.0,-154.5,-155.5,-156.5,-156.5,-157.0,-155.0,-157.0,-155.5,-155.5,-155.0,-154.0,-155.0,-157.0,-157.0,-153.5,-157.0,-155.0,-156.5,-157.0,-157.0,-157.0,-151.0,-150.0,-157.0,-157.0,-155.0,-154.0,-157.0,-157.0,-157.0,-155.0,-156.0,-157.0,-152.5,-152.0,-157.0,-155.0,-157.0,-157.0,-157.0,-155.5,-154.5,-157.0,-157.0,-157.0,-157.0,-157.0,-156.0,-157.0,-157.0,-154.5,-157.0,-157.0,-156.0,-153.5,-157.0,-157.0,-156.5,-153.5,-155.0,-157.0,-157.0,-157.0,-157.0,-157.0,-155.0,-149.5,-150.0,-150.5,-151.5,-155.5,-153.5,-152.5,-157.0,-157.0,-154.0,-154.5,-153.0,-157.0,-157.0,-156.0,-157.0,-157.0,-156.5,-157.0,-157.0,-157.0,-157.0,-155.0,-157.0,-154.5,-155.0,-157.0,-157.0,-157.0,-156.5,-157.0,-155.0,-156.0,-157.0,-157.0,-156.5,-156.0,-156.5,-157.0,-153.0,-151.0,-157.0,-157.0,-157.0,-155.5,-155.0,-156.0,-157.0,-157.0,-156.0,-156.5,-155.0,-151.5,-151.5,-153.0,-157.0,-153.5,-156.0,-157.0,-152.5,-154.0,-155.0,-155.0,-157.0,-148.5,-151.5,-155.5,-152.5,-157.0,-154.5,-157.0,-154.0,-153.0,-157.0,-157.0,-157.0,-157.0,-157.0,-150.5,-153.0,-154.0,-154.0,-156.0,-157.0,-157.0,-157.0,-157.0,-157.0,-153.5,-150.5,-156.0,-157.0,-157.0,-153.5,-154.0,-155.5,-155.0,-157.0,-157.0,-157.0,-157.0,-156.5,-152.0,-157.0,-157.0,-157.0,-157.0,-155.5,-155.0,-157.0,-157.0,-155.0,-151.0,-149.5,-157.0,-156.5,-155.0,-156.0,-155.0,-157.0,-157.0,-157.0,-157.0,-157.0,-156.0,-152.5,-151.0,-150.0,-156.0,-154.5,-155.0,-157.0,-157.0,-156.0,-157.0,-157.0,-154.0,-154.0,-157.0,-154.5,-155.5,-157.0,-153.5,-153.5,-156.5,-154.5,-157.0,-150.5,-152.5,-157.0,-157.0,-157.0,-156.5,-155.5,-154.5,-157.0,-157.0,-157.0,-151.0,-154.0,-155.5,-155.0,-151.5,-156.0,-157.0,-154.5,-157.0,-142.5,-145.0,-157.0,-157.0,-152.5,-154.0,-155.5,-157.0,-154.0,-151.0,-152.5,-157.0,-157.0,-156.0,-157.0,-155.5,-157.0,-157.0,-157.0,-156.5,-156.5,-155.5,-154.5,-157.0,-155.0,-156.0,-154.5,-154.0,-150.0,-151.5,-155.5,-157.0,-151.0,-157.0,-154.5,-154.0,-157.0,-152.5,-155.5,-157.0,-157.0,-157.0,-155.5,-157.0,-157.0,-154.5,-153.5,-157.0,-157.0,-155.5,-155.5,-155.5,-154.5,-156.0,-157.0,-155.5,-157.0,-157.0,-157.0,-157.0,-157.0,-154.0,-154.5,-157.0,-157.0,-157.0,-156.0,-155.5,-157.0,-155.5,-157.0,-157.0,-157.0,-157.0,-157.0,-157.0,-157.0,-157.0,-157.0,-157.0,-153.5,-152.0,-156.0,-157.0,-157.0,-157.0,-151.5,-151.5,-156.5,-152.5,-153.5,-157.0,-156.0,-152.5,-157.0,-157.0,-157.0,-157.0,-154.5,-157.0,-151.5,-153.5,-157.0,-153.0,-152.5,-157.0,-152.0,-150.5,-153.0,-157.0,-157.0,-157.0,-151.0,-157.0,-157.0,-157.0,-157.0,-155.0,-157.0,-156.0,-156.0,-156.0,-151.5,-154.0,-156.5,-155.0,-152.5,-157.0,-155.0,-156.0,-155.0,-157.0,-157.0,-154.5,-154.0,-157.0,-157.0,-155.0,-154.0,-156.0,-157.0,-152.5,-154.5,-157.0,-153.0,-155.0,-151.5,-152.5,-153.0,-157.0,-157.0,-154.5,-157.0,-156.5,-152.5,-154.5,-157.0,-157.0,-157.0,-157.0,-157.0,-156.5,-157.0,-157.0,-157.0,-155.0,-157.0,-155.0,-156.5,-153.5,-157.0,-156.0,-157.0,-155.5,-156.5,-153.5,-152.0,-154.5,-157.0,-157.0,-157.0,-155.5,-154.5,-156.5,-155.5,-155.0,-156.5,-153.5,-157.0,-157.0,-152.5,-157.0,-157.0,-157.0,-157.0,-157.0,-157.0,-157.0,-157.0,-157.0,-152.5,-154.5,-155.5,-153.5,-157.0,-156.5,-157.0,-157.0,-157.0,-157.0,-157.0,-154.5,-152.5,-157.0,-153.0,-153.0,-157.0,-157.0,-155.0,-154.5,-154.5,-155.5,-157.0,-157.0,-150.5,-149.5,-154.5,-157.0,-157.0,-155.0,-157.0,-157.0,-157.0
2026-01-17 14:24:15.612,143.049967,5,-77,-157.0,-157.0,-151.5,-153.0,-157.0,-156.0,-157.0,-157.0,-157.0,-157.0,-153.5,-152.0,-152.5,-157.0,-153.5,-152.5,-154.5,-157.0,-153.5,-157.0,-153.0,-155.5,-155.0,-151.5,-157.0,-156.0,-155.5,-157.0,-157.0,-157.0,-150.0,-149.5,-157.0,-157.0,-157.0,-153.0,-153.5,-157.0,-156.0,-155.0,-153.5,-157.0,-156.5,-157.0,-157.0,-157.0,-157.0,-153.5,-152.0,-153.0,-153.5,-156.0,-157.0,-157.0,-157.0,-155.5,-152.5,-156.5,-154.5,-152.5,-157.0,-155.0,-152.0,-152.5,-155.0,-154.0,-157.0,-157.0,-157.0,-156.0,-157.0,-157.0,-154.5,-156.0,-157.0,-151.5,-151.5,-155.0,-156.0,-152.5,-156.0,-150.0,-153.0,-157.0,-154.0,-153.0,-154.0,-157.0,-155.5,-153.5,-154.0,-154.5,-156.5,-157.0,-157.0,-157.0,-157.0,-156.5,-155.0,-154.5,-157.0,-157.0,-157.0,-155.5,-157.0,-157.0,-154.5,-157.0,-157.0,-157.0,-157.0,-157.0,-157.0,-157.0,-153.0,-152.5,-157.0,-157.0,-157.0,-157.0,-157.0,-156.5,-156.5,-156.0,-157.0,-157.0,-154.0,-154.5,-152.5,-151.5,-157.0,-156.5,-154.5,-153.5,-154.5,-157.0,-157.0,-154.5,-154.0,-148.5,-152.0,-156.5,-153.0,-155.0,-157.0,-157.0,-152.5,-150.5,-153.5,-154.5,-153.5,-157.0,-153.5,-153.0,-157.0,-157.0,-156.5,-153.0,-155.0,-157.0,-157.0,-157.0,-157.0,-157.0,-152.5,-154.0,-157.0,-157.0,-151.5,-149.5,-155.0,-156.0,-157.0,-157.0,-157.0,-157.0,-157.0,-152.0,-157.0,-157.0,-157.0,-153.5,-154.0,-157.0,-157.0,-157.0,-157.0,-153.0,-149.5,-153.0,-153.5,-155.0,-157.0,-157.0,-156.5,-154.0,-157.0,-155.0,-157.0,-154.5,-151.0,-153.0,-149.0,-154.5,-157.0,-157.0,-157.0,-157.0,-155.0,-157.0,-157.0,-157.0,-157.0,-157.0,-157.0,-157.0,-157.0,-156.0,-157.0,-151.5,-151.0,-157.0,-152.5,-153.5,-157.0,-157.0,-157.0,-156.5,-157.0,-153.0,-157.0,-157.0,-157.0,-153.0,-157.0,-156.0,-155.5,-149.0,-153.0,-157.0,-155.5,-152.0,-142.5,-144.0,-156.0,-157.0,-157.0,-154.5,-157.0,-157.0,-153.5,-156.0,-153.0,-155.0,-157.0,-157.0,-157.0,-156.5,-155.0,-157.0,-157.0,-154.5,-155.5,-154.5,-153.0,-154.5,-155.0,-156.0,-157.0,-157.0,-152.0,-152.5,-154.5,-154.0,-152.0,-154.0,-156.0,-153.5,-157.0,-156.0,-157.0,-157.0,-157.0,-157.0,-156.0,-157.0,-157.0,-156.5,-152.5,-157.0,-157.0,-156.5,-154.0,-154.0,-155.0,-156.5,-153.5,-157.0,-157.0,-154.0,-153.0,-154.0,-155.5,-153.5,-152.5,-154.5,-157.0,-156.0,-153.5,-157.0,-157.0,-156.5,-157.0,-157.0,-157.0,-157.0,-157.0,-157.0,-157.0,-157.0,-157.0,-157.0,-155.0,-155.5,-153.5,-157.0,-156.5,-157.0,-155.5,-156.5,-157.0,-152.5,-155.5,-157.0,-154.5,-155.0,-157.0,-157.0,-156.0,-157.0,-151.0,-157.0,-151.5,-152.0,-157.0,-156.0,-155.5,-157.0,-151.0,-151.0,-152.5,-157.0,-157.0,-155.0,-152.0,-153.0,-155.0,-157.0,-157.0,-154.5,-155.0,-154.5,-157.0,-157.0,-151.0,-153.5,-157.0,-156.5,-154.0,-153.5,-153.0,-156.5,-156.5,-157.0,-157.0,-157.0,-156.5,-157.0,-156.0,-152.5,-153.0,-157.0,-156.5,-152.0,-153.0,-154.0,-151.5,-152.0,-151.5,-152.0,-154.5,-157.0,-157.0,-154.5,-157.0,-157.0,-156.0,-157.0,-157.0,-157.0,-157.0,-157.0,-155.5,-154.5,-157.0,-157.0,-157.0,-156.0,-156.5,-157.0,-152.0,-150.0,-153.5,-157.0,-157.0,-157.0,-157.0,-157.0,-155.5,-155.0,-157.0,-157.0,-157.0,-157.0,-154.0,-157.0,-156.5,-152.5,-153.0,-153.5,-157.0,-157.0,-154.0,-153.5,-155.5,-157.0,-157.0,-157.0,-157.0,-155.0,-154.5,-157.0,-153.0,-154.0,-157.0,-156.5,-157.0,-157.0,-157.0,-155.5,-154.5,-157.0,-157.0,-157.0,-156.0,-157.0,-156.5,-155.0,-157.0,-157.0,-151.5,-151.0,-156.0,-157.0,-157.0,-157.0,-152.0,-151.0,-155.5,-157.0,-155.0,-156.5,-156.0,-157.0,-157.0
2026-01-17 14:24:15.644,143.049967,5,-77,-157.0,-157.0,-153.5,-152.5,-157.0,-154.5,-157.0,-155.5,-155.0,-157.0,-154.0,-153.5,-155.0,-157.0,-157.0,-156.5,-157.0,-152.5,-153.0,-157.0,-150.5,-152.5,-157.0,-150.5,-152.5,-154.5,-152.0,-152.5,-156.5,-153.0,-157.0,-153.0,-154.5,-157.0,-157.0,-154.5,-154.5,-155.0,-154.5,-157.0,-154.5,-155.0,-157.0,-157.0,-157.0,-157.0,-157.0,-151.0,-152.0,-154.5,-155.0,-152.5,-155.5,-154.5,-156.0,-153.5,-153.0,-156.0,-156.5,-153.0,-156.5,-152.0,-151.0,-157.0,-157.0,-153.5,-157.0,-157.0,-157.0,-155.5,-157.0,-154.0,-155.0,-153.5,-157.0,-157.0,-157.0,-157.0,-156.5,-156.0,-151.5,-149.5,-154.5,-157.0,-156.0,-157.0,-157.0,-157.0,-154.5,-155.0,-153.0,-153.0,-154.5,-157.0,-156.5,-155.0,-157.0,-157.0,-157.0,-157.0,-157.0,-157.0,-157.0,-157.0,-157.0,-157.0,-155.0,-157.0,-157.0,-157.0,-157.0,-157.0,-157.0,-157.0,-157.0,-157.0,-156.0,-157.0,-157.0,-157.0,-157.0,-157.0,-157.0,-157.0,-155.5,-154.5,-157.0,-157.0,-157.0,-157.0,-156.5,-156.5,-149.5,-148.5,-157.0,-157.0,-157.0,-154.5,-157.0,-152.5,-157.0,-157.0,-157.0,-154.0,-157.0,-157.0,-153.0,-151.5,-153.0,-154.5,-151.5,-157.0,-154.0,-157.0,-155.0,-157.0,-153.0,-151.0,-152.5,-157.0,-156.0,-157.0,-155.5,-157.0,-157.0,-157.0,-157.0,-157.0,-154.0,-149.0,-156.5,-156.0,-155.5,-157.0,-157.0,-157.0,-153.0,-151.0,-155.5,-157.0,-157.0,-153.0,-154.0,-157.0,-157.0,-157.0,-157.0,-157.0,-155.0,-157.0,-156.5,-157.0,-157.0,-157.0,-155.0,-151.0,-152.5,-150.5,-154.5,-151.5,-152.0,-156.0,-152.5,-157.0,-157.0,-157.0,-157.0,-157.0,-156.5,-156.0,-157.0,-157.0,-155.0,-156.0,-157.0,-156.0,-155.5,-157.0,-157.0,-152.0,-154.5,-157.0,-155.0,-157.0,-157.0,-157.0,-157.0,-157.0,-157.0,-152.0,-151.5,-150.5,-157.0,-156.5,-155.0,-155.0,-154.0,-150.5,-157.0,-156.0,-153.0,-152.5,-143.5,-145.0,-157.0,-152.5,-157.0,-157.0,-154.5,-155.0,-153.0,-154.0,-156.0,-157.0,-157.0,-157.0,-157.0,-157.0,-155.0,-156.5,-152.5,-154.0,-155.5,-157.0,-157.0,-156.0,-156.0,-157.0,-157.0,-157.0,-155.5,-157.0,-156.5,-157.0,-154.5,-157.0,-157.0,-154.5,-157.0,-157.0,-155.0,-155.0,-157.0,-157.0,-157.0,-156.0,-156.0,-157.0,-151.0,-153.5,-157.0,-157.0,-157.0,-157.0,-157.0,-157.0,-153.0,-157.0,-157.0,-154.5,-154.0,-157.0,-157.0,-157.0,-153.5,-156.5,-154.0,-149.0,-149.5,-157.0,-157.0,-156.5,-156.0,-157.0,-157.0,-156.5,-156.5,-154.5,-154.0,-157.0,-157.0,-157.0,-156.0,-157.0,-153.0,-157.0,-154.5,-156.0,-156.5,-157.0,-157.0,-154.5,-157.0,-157.0,-157.0,-157.0,-157.0,-157.0,-156.0,-152.5,-149.0,-153.0,-156.0,-157.0,-154.0,-157.0,-157.0,-157.0,-157.0,-157.0,-157.0,-157.0,-157.0,-153.5,-155.0,-150.5,-155.0,-157.0,-157.0,-157.0,-155.0,-155.5,-157.0,-157.0,-153.0,-153.0,-157.0,-156.5,-157.0,-157.0,-157.0,-157.0,-156.0,-157.0,-157.0,-157.0,-154.0,-152.5,-152.0,-152.5,-154.0,-157.0,-157.0,-156.0,-156.5,-150.5,-153.5,-157.0,-156.5,-157.0,-157.0,-157.0,-157.0,-157.0,-157.0,-157.0,-156.0,-157.0,-157.0,-157.0,-156.0,-156.5,-153.5,-157.0,-157.0,-157.0,-157.0,-157.0,-156.5,-157.0,-151.5,-152.0,-155.5,-157.0,-157.0,-157.0,-157.0,-157.0,-157.0,-152.0,-152.5,-153.5,-152.0,-154.5,-153.5,-157.0,-152.5,-151.5,-153.5,-154.5,-157.0,-157.0,-157.0,-156.0,-154.0,-156.0,-153.5,-155.0,-154.0,-154.5,-152.5,-153.0,-153.5,-156.5,-157.0,-157.0,-157.0,-157.0,-157.0,-153.0,-152.5,-153.5,-153.5,-157.0,-155.5,-157.0,-157.0,-157.0,-157.0,-157.0,-154.0,-155.5,-157.0,-157.0,-157.0,-157.0,-156.0,-155.5,-157.0,-157.0,-157.0,-154.5,-152.0,-154.5,-157.0
2026-01-17 14:24:15.680,143.049967,5,-77,-157.0,-157.0,-157.0,-153.5,-155.5,-153.0,-157.0,-154.5,-152.5,-156.0,-156.0,-157.0,-157.0,-152.0,-154.5,-157.0,-157.0,-151.5,-156.0,-156.0,-148.5,-150.5,-157.0,-153.0,-156.5,-157.0,-153.0,-152.5,-157.0,-150.5,-153.0,-153.0,-151.0,-155.0,-157.0,-157.0,-157.0,-155.0,-153.0,-157.0,-155.0,-154.5,-157.0,-157.0,-157.0,-157.0,-157.0,-151.5,-157.0,-157.0,-155.5,-157.0,-155.0,-154.0,-155.0,-153.5,-154.5,-157.0,-156.5,-155.0,-157.0,-154.5,-154.5,-157.0,-157.0,-153.0,-152.0,-155.5,-157.0,-156.5,-154.0,-155.0,-157.0,-155.0,-157.0,-157.0,-157.0,-157.0,-157.0,-157.0,-154.5,-151.5,-157.0,-157.0,-157.0,-157.0,-157.0,-157.0,-157.0,-157.0,-157.0,-155.0,-154.0,-157.0,-153.5,-150.5,-157.0,-157.0,-157.0,-157.0,-155.0,-152.5,-154.5,-157.0,-157.0,-157.0,-157.0,-157.0,-157.0,-157.0,-157.0,-155.0,-157.0,-157.0,-157.0,-157.0,-154.0,-156.5,-157.0,-156.5,-157.0,-157.0,-157.0,-157.0,-151.0,-153.0,-157.0,-157.0,-157.0,-157.0,-157.0,-157.0,-151.0,-149.5,-157.0,-157.0,-154.5,-154.5,-156.5,-156.5,-157.0,-157.0,-151.5,-151.5,-156.5,-154.5,-157.0,-156.0,-155.5,-157.0,-151.0,-154.0,-152.0,-153.0,-156.0,-155.0,-156.0,-153.5,-154.5,-153.5,-155.0,-157.0,-155.0,-157.0,-157.0,-157.0,-156.5,-155.5,-152.0,-150.0,-157.0,-157.0,-157.0,-157.0,-157.0,-152.0,-153.0,-153.5,-155.5,-157.0,-156.0,-155.0,-157.0,-157.0,-157.0,-157.0,-157.0,-157.0,-157.0,-157.0,-157.0,-157.0,-157.0,-157.0,-156.5,-151.5,-151.5,-149.5,-151.0,-153.0,-157.0,-157.0,-157.0,-157.0,-153.0,-152.5,-153.5,-157.0,-157.0,-157.0,-157.0,-157.0,-156.0,-157.0,-157.0,-155.5,-157.0,-157.0,-157.0,-154.5,-157.0,-157.0,-155.0,-156.0,-157.0,-157.0,-157.0,-157.0,-157.0,-155.5,-148.5,-148.0,-157.0,-157.0,-153.0,-155.5,-154.0,-151.0,-157.0,-157.0,-154.5,-151.5,-144.0,-146.0,-153.5,-150.5,-151.0,-153.0,-157.0,-157.0,-154.5,-150.0,-151.0,-157.0,-157.0,-157.0,-157.0,-157.0,-154.0,-152.0,-153.0,-157.0,-157.0,-157.0,-157.0,-157.0,-157.0,-157.0,-157.0,-156.0,-155.0,-156.5,-155.0,-155.0,-154.0,-157.0,-157.0,-155.0,-157.0,-157.0,-153.5,-157.0,-157.0,-156.5,-156.0,-157.0,-153.5,-154.5,-151.0,-152.5,-157.0,-157.0,-157.0,-157.0,-157.0,-157.0,-157.0,-157.0,-157.0,-157.0,-157.0,-157.0,-157.0,-157.0,-157.0,-157.0,-157.0,-150.5,-150.0,-153.5,-157.0,-157.0,-156.0,-156.5,-155.5,-154.0,-153.0,-156.0,-155.0,-157.0,-157.0,-157.0,-157.0,-152.0,-153.0,-157.0,-156.5,-157.0,-157.0,-157.0,-157.0,-153.0,-157.0,-155.5,-157.0,-157.0,-157.0,-155.5,-156.5,-153.5,-151.0,-152.5,-157.0,-157.0,-154.0,-157.0,-157.0,-157.0,-157.0,-157.0,-157.0,-157.0,-157.0,-155.0,-157.0,-152.0,-153.0,-156.0,-157.0,-157.0,-157.0,-157.0,-157.0,-157.0,-153.5,-153.0,-157.0,-152.0,-154.5,-157.0,-157.0,-157.0,-157.0,-157.0,-157.0,-157.0,-151.0,-152.0,-153.0,-157.0,-157.0,-157.0,-157.0,-157.0,-155.0,-149.5,-150.0,-156.0,-156.0,-155.0,-157.0,-157.0,-157.0,-157.0,-157.0,-155.0,-156.0,-157.0,-157.0,-157.0,-157.0,-157.0,-152.0,-154.0,-157.0,-157.0,-157.0,-157.0,-157.0,-157.0,-153.5,-157.0,-157.0,-157.0,-157.0,-157.0,-157.0,-157.0,-157.0,-150.5,-151.0,-152.0,-150.0,-153.0,-155.5,-156.5,-152.0,-152.0,-153.0,-152.5,-157.0,-157.0,-156.5,-157.0,-154.0,-157.0,-153.0,-154.5,-149.0,-151.5,-156.0,-157.0,-156.5,-157.0,-157.0,-153.5,-152.5,-156.5,-155.5,-151.5,-155.5,-151.0,-153.5,-157.0,-156.5,-157.0,-157.0,-153.5,-154.5,-157.0,-153.5,-155.0,-155.5,-157.0,-155.0,-156.0,-157.0,-156.0,-157.0,-157.0,-157.0,-155.5,-153.5,-154.5,-154.0
2026-01-17 14:24:15.711,143.049967,5,-77,-157.0,-157.0,-157.0,-155.0,-157.0,-152.0,-157.0,-157.0,-153.0,-154.0,-157.0,-157.0,-157.0,-151.5,-153.5,-157.0,-155.5,-152.0,-157.0,-151.0,-149.5,-153.0,-157.0,-154.5,-157.0,-155.0,-152.5,-155.0,-153.5,-152.5,-156.0,-154.0,-152.0,-157.0,-157.0,-157.0,-157.0,-157.0,-154.0,-156.0,-157.0,-155.0,-157.0,-154.0,-154.0,-157.0,-157.0,-153.5,-153.5,-154.0,-155.0,-157.0,-155.0,-157.0,-157.0,-157.0,-154.0,-157.0,-155.0,-153.5,-157.0,-157.0,-157.0,-157.0,-157.0,-157.0,-150.0,-152.0,-157.0,-155.0,-153.0,-156.0,-157.0,-156.5,-157.0,-157.0,-157.0,-157.0,-155.0,-157.0,-157.0,-154.0,-156.0,-157.0,-157.0,-157.0,-157.0,-157.0,-157.0,-156.5,-155.5,-156.0,-156.5,-157.0,-151.0,-149.0,-151.5,-155.0,-155.0,-152.5,-156.0,-149.5,-150.0,-155.0,-155.5,-157.0,-157.0,-156.5,-153.0,-154.0,-157.0,-156.0,-157.0,-157.0,-157.0,-157.0,-155.0,-154.5,-156.5,-154.0,-155.0,-155.5,-155.0,-153.5,-150.5,-156.0,-154.0,-157.0,-157.0,-157.0,-157.0,-157.0,-155.0,-154.0,-157.0,-157.0,-153.5,-157.0,-157.0,-157.0,-157.0,-154.0,-150.0,-152.5,-157.0,-154.0,-154.0,-154.0,-154.5,-157.0,-153.0,-157.0,-151.0,-150.0,-155.0,-153.0,-157.0,-155.5,-156.5,-155.5,-157.0,-157.0,-156.0,-156.0,-157.0,-156.5,-153.5,-154.0,-153.5,-153.5,-157.0,-157.0,-157.0,-157.0,-157.0,-151.5,-153.0,-157.0,-155.0,-156.5,-157.0,-155.0,-157.0,-157.0,-157.0,-157.0,-157.0,-157.0,-152.0,-152.0,-157.0,-155.0,-157.0,-157.0,-153.5,-151.5,-153.5,-157.0,-154.5,-156.5,-157.0,-157.0,-156.5,-157.0,-151.0,-150.5,-154.5,-157.0,-157.0,-156.0,-154.0,-154.0,-157.0,-156.5,-153.5,-157.0,-157.0,-157.0,-157.0,-157.0,-154.5,-157.0,-154.0,-154.0,-155.0,-157.0,-157.0,-157.0,-155.0,-155.5,-149.0,-150.0,-157.0,-157.0,-155.0,-156.5,-157.0,-152.0,-157.0,-157.0,-156.5,-152.5,-144.5,-146.0,-154.0,-155.0,-152.0,-150.0,-156.5,-154.5,-153.5,-152.5,-151.0,-157.0,-157.0,-157.0,-154.5,-156.5,-154.0,-153.0,-157.0,-156.5,-157.0,-157.0,-157.0,-156.5,-157.0,-155.0,-156.0,-157.0,-156.0,-157.0,-154.0,-151.0,-152.5,-157.0,-157.0,-155.5,-155.0,-154.0,-157.0,-157.0,-156.5,-157.0,-157.0,-157.0,-156.5,-156.0,-151.0,-153.0,-157.0,-157.0,-157.0,-155.5,-157.0,-157.0,-155.0,-157.0,-157.0,-157.0,-157.0,-156.5,-157.0,-157.0,-157.0,-157.0,-157.0,-157.0,-152.5,-152.0,-157.0,-156.5,-156.0,-157.0,-155.0,-151.5,-154.5,-157.0,-157.0,-157.0,-157.0,-157.0,-155.0,-152.5,-157.0,-157.0,-157.0,-157.0,-157.0,-157.0,-157.0,-152.5,-151.5,-153.0,-157.0,-157.0,-157.0,-155.5,-157.0,-157.0,-157.0,-157.0,-157.0,-157.0,-155.0,-157.0,-157.0,-157.0,-157.0,-155.0,-154.5,-157.0,-157.0,-154.5,-154.0,-154.5,-152.5,-152.5,-157.0,-157.0,-157.0,-154.5,-155.0,-157.0,-152.0,-156.5,-157.0,-151.0,-152.5,-157.0,-157.0,-157.0,-157.0,-157.0,-157.0,-157.0,-151.5,-157.0,-157.0,-157.0,-154.0,-157.0,-157.0,-157.0,-156.0,-153.5,-152.0,-150.5,-153.0,-156.0,-157.0,-157.0,-155.5,-157.0,-154.5,-152.0,-155.0,-157.0,-157.0,-157.0,-157.0,-153.0,-151.0,-152.0,-156.0,-157.0,-157.0,-157.0,-155.5,-157.0,-153.0,-155.0,-157.0,-157.0,-157.0,-157.0,-157.0,-157.0,-157.0,-153.0,-157.0,-157.0,-154.0,-157.0,-157.0,-156.0,-157.0,-154.5,-156.5,-153.5,-157.0,-157.0,-156.0,-157.0,-153.5,-155.5,-157.0,-157.0,-151.5,-153.5,-157.0,-157.0,-157.0,-157.0,-157.0,-150.5,-150.0,-154.5,-157.0,-152.5,-157.0,-152.0,-157.0,-157.0,-157.0,-157.0,-157.0,-153.5,-153.5,-157.0,-153.0,-153.0,-157.0,-155.0,-153.5,-154.0,-157.0,-155.0,-156.0,-157.0,-157.0,-154.5,-156.0,-154.5,-151.0
2026-01-17 14:24:15.744,143.049967,5,-77,-157.0,-157.0,-156.5,-157.0,-155.5,-150.5,-154.0,-157.0,-157.0,-154.0,-157.0,-157.0,-157.0,-157.0,-157.0,-157.0,-152.5,-154.0,-157.0,-149.0,-152.5,-154.5,-153.5,-157.0,-156.5,-150.5,-154.0,-157.0,-157.0,-157.0,-157.0,-157.0,-157.0,-157.0,-157.0,-157.0,-154.5,-157.0,-153.5,-157.0,-157.0,-154.5,-157.0,-156.0,-153.0,-157.0,-157.0,-156.5,-150.5,-151.0,-157.0,-157.0,-151.5,-157.0,-157.0,-157.0,-151.5,-151.0,-152.0,-149.0,-155.0,-157.0,-156.5,-154.0,-157.0,-157.0,-151.5,-153.0,-157.0,-151.5,-152.5,-154.0,-157.0,-157.0,-157.0,-157.0,-157.0,-157.0,-150.5,-156.5,-157.0,-156.0,-154.5,-156.5,-157.0,-157.0,-157.0,-156.5,-156.0,-154.5,-154.0,-153.5,-153.0,-155.5,-152.0,-153.0,-154.0,-152.5,-153.5,-152.5,-156.0,-151.5,-153.5,-155.5,-152.0,-155.0,-157.0,-154.0,-154.5,-153.0,-154.0,-157.0,-157.0,-157.0,-157.0,-157.0,-157.0,-154.0,-156.5,-156.0,-157.0,-153.5,-151.0,-156.5,-153.0,-155.5,-150.0,-150.0,-154.0,-157.0,-157.0,-157.0,-156.5,-157.0,-157.0,-157.0,-152.5,-157.0,-157.0,-157.0,-154.0,-152.5,-151.5,-156.5,-157.0,-155.5,-156.5,-153.5,-153.0,-156.0,-154.0,-155.0,-153.0,-152.0,-150.5,-153.5,-157.0,-155.5,-154.0,-157.0,-157.0,-157.0,-155.0,-151.5,-153.0,-151.0,-150.5,-155.5,-156.5,-155.0,-156.0,-157.0,-157.0,-157.0,-157.0,-152.0,-151.0,-152.0,-153.5,-154.5,-154.5,-154.0,-154.5,-157.0,-156.5,-156.5,-156.5,-157.0,-150.5,-151.5,-156.0,-151.0,-152.0,-155.0,-157.0,-153.5,-155.5,-157.0,-157.0,-157.0,-157.0,-157.0,-157.0,-157.0,-155.5,-153.5,-157.0,-157.0,-157.0,-153.5,-155.0,-155.5,-157.0,-157.0,-151.5,-157.0,-157.0,-157.0,-157.0,-157.0,-155.5,-157.0,-152.5,-153.5,-154.5,-157.0,-157.0,-155.5,-155.0,-156.5,-150.0,-153.5,-155.0,-156.0,-157.0,-157.0,-157.0,-157.0,-157.0,-157.0,-157.0,-153.5,-145.0,-145.5,-154.0,-154.5,-152.5,-152.0,-154.5,-151.0,-154.0,-157.0,-157.0,-157.0,-157.0,-156.5,-154.5,-156.5,-157.0,-157.0,-157.0,-155.5,-157.0,-157.0,-155.5,-156.0,-157.0,-155.0,-154.5,-156.0,-157.0,-157.0,-156.5,-153.5,-152.0,-157.0,-157.0,-157.0,-154.0,-153.5,-156.0,-154.0,-157.0,-157.0,-157.0,-157.0,-157.0,-157.0,-153.0,-157.0,-157.0,-157.0,-157.0,-156.0,-157.0,-157.0,-151.5,-157.0,-157.0,-157.0,-157.0,-157.0,-157.0,-157.0,-157.0,-157.0,-156.0,-156.0,-154.0,-152.5,-154.0,-154.5,-153.5,-156.0,-157.0,-154.0,-156.0,-157.0,-157.0,-157.0,-156.5,-157.0,-157.0,-153.0,-157.0,-157.0,-153.0,-151.0,-157.0,-157.0,-157.0,-157.0,-153.0,-154.5,-157.0,-157.0,-157.0,-156.0,-157.0,-157.0,-157.0,-151.0,-150.5,-157.0,-155.0,-157.0,-157.0,-157.0,-157.0,-155.0,-155.0,-156.5,-156.0,-157.0,-155.5,-157.0,-153.0,-152.5,-157.0,-157.0,-157.0,-153.5,-151.5,-154.5,-150.0,-151.0,-157.0,-153.0,-156.0,-157.0,-155.0,-157.0,-157.0,-157.0,-155.0,-155.0,-152.0,-153.0,-155.5,-157.0,-151.5,-155.0,-156.5,-157.0,-155.0,-157.0,-155.0,-152.0,-155.5,-157.0,-157.0,-157.0,-152.5,-154.5,-157.0,-153.5,-157.0,-157.0,-157.0,-157.0,-157.0,-152.0,-153.0,-157.0,-157.0,-157.0,-155.5,-153.5,-152.0,-156.0,-156.5,-154.5,-157.0,-157.0,-157.0,-156.0,-157.0,-157.0,-157.0,-154.5,-155.0,-157.0,-155.0,-157.0,-155.5,-157.0,-157.0,-157.0,-157.0,-154.0,-155.5,-156.0,-154.0,-157.0,-152.0,-155.0,-157.0,-154.5,-156.5,-157.0,-157.0,-157.0,-157.0,-157.0,-157.0,-152.0,-155.0,-157.0,-157.0,-155.0,-157.0,-152.0,-154.0,-156.0,-157.0,-156.5,-157.0,-157.0,-155.5,-157.0,-156.5,-157.0,-157.0,-153.5,-154.5,-155.0,-156.0,-157.0,-157.0,-157.0,-157.0,-152.5,-157.0,-153.0,-151.5
2026-01-17 14:24:15.778,143.049967,5,-77,-157.0,-157.0,-156.5,-157.0,-155.0,-152.0,-152.5,-157.0,-157.0,-151.5,-154.5,-156.0,-154.0,-157.0,-157.0,-154.5,-156.5,-155.5,-157.0,-150.5,-154.0,-155.0,-150.5,-156.0,-154.5,-150.0,-156.0,-157.0,-157.0,-157.0,-157.0,-157.0,-156.5,-157.0,-157.0,-157.0,-153.0,-157.0,-154.0,-156.5,-153.0,-152.0,-157.0,-156.0,-155.0,-157.0,-157.0,-155.5,-152.5,-156.5,-154.5,-154.5,-150.5,-156.0,-157.0,-157.0,-154.5,-152.0,-154.0,-149.0,-156.0,-157.0,-157.0,-155.0,-157.0,-157.0,-157.0,-157.0,-157.0,-152.0,-152.0,-152.5,-157.0,-153.5,-152.5,-157.0,-157.0,-155.0,-151.5,-157.0,-157.0,-157.0,-154.5,-154.5,-157.0,-157.0,-157.0,-155.0,-155.0,-157.0,-157.0,-154.5,-152.0,-151.5,-152.0,-157.0,-157.0,-153.5,-157.0,-155.0,-157.0,-156.0,-157.0,-152.0,-153.0,-157.0,-157.0,-154.5,-157.0,-156.0,-154.0,-157.0,-157.0,-155.5,-157.0,-157.0,-157.0,-155.0,-157.0,-157.0,-157.0,-153.0,-151.0,-152.0,-157.0,-157.0,-151.0,-148.5,-156.0,-157.0,-157.0,-157.0,-157.0,-157.0,-157.0,-157.0,-153.0,-153.0,-155.0,-157.0,-153.0,-155.5,-157.0,-154.5,-155.5,-155.0,-157.0,-152.5,-150.5,-157.0,-156.0,-152.5,-156.5,-154.5,-151.0,-151.5,-157.0,-157.0,-155.0,-156.5,-157.0,-152.5,-153.5,-152.0,-151.0,-154.0,-155.0,-157.0,-154.0,-154.0,-157.0,-157.0,-157.0,-154.5,-154.0,-149.5,-151.5,-149.0,-156.5,-156.0,-152.5,-153.5,-153.5,-155.5,-154.5,-155.5,-154.0,-157.0,-151.5,-157.0,-157.0,-152.5,-153.0,-153.5,-156.5,-157.0,-157.0,-157.0,-157.0,-157.0,-157.0,-157.0,-157.0,-157.0,-157.0,-155.0,-156.0,-157.0,-153.5,-154.0,-157.0,-157.0,-156.0,-154.5,-153.5,-153.5,-156.0,-157.0,-156.0,-152.5,-156.5,-156.5,-156.5,-157.0,-157.0,-157.0,-157.0,-154.0,-157.0,-157.0,-152.5,-157.0,-155.5,-157.0,-157.0,-157.0,-157.0,-157.0,-157.0,-157.0,-157.0,-154.0,-145.5,-146.5,-157.0,-155.5,-154.5,-157.0,-155.0,-154.0,-157.0,-157.0,-157.0,-157.0,-156.5,-157.0,-157.0,-157.0,-157.0,-157.0,-157.0,-155.0,-155.0,-155.5,-155.0,-156.0,-153.5,-156.5,-157.0,-155.5,-157.0,-157.0,-154.0,-154.5,-155.5,-157.0,-157.0,-157.0,-157.0,-156.0,-153.0,-157.0,-156.0,-157.0,-157.0,-157.0,-157.0,-157.0,-153.5,-152.0,-156.5,-157.0,-157.0,-157.0,-157.0,-157.0,-151.5,-155.0,-156.5,-157.0,-157.0,-157.0,-157.0,-157.0,-157.0,-157.0,-153.0,-156.5,-157.0,-153.0,-157.0,-157.0,-157.0,-155.5,-157.0,-157.0,-157.0,-157.0,-157.0,-156.0,-153.0,-154.5,-152.0,-152.5,-156.5,-157.0,-151.5,-149.5,-155.0,-157.0,-157.0,-157.0,-157.0,-157.0,-157.0,-157.0,-157.0,-157.0,-155.5,-157.0,-156.0,-149.5,-151.5,-152.0,-155.0,-156.0,-154.0,-157.0,-153.5,-152.0,-154.0,-151.5,-153.5,-157.0,-157.0,-157.0,-156.5,-152.5,-151.5,-157.0,-157.0,-152.5,-155.0,-156.0,-151.5,-151.5,-153.5,-154.0,-155.5,-156.5,-154.5,-157.0,-157.0,-157.0,-156.5,-153.5,-156.5,-152.0,-151.0,-155.5,-153.0,-154.5,-155.5,-155.5,-154.5,-157.0,-155.0,-154.0,-157.0,-157.0,-156.5,-156.5,-153.0,-155.0,-157.0,-157.0,-157.0,-157.0,-157.0,-157.0,-157.0,-154.0,-157.0,-157.0,-157.0,-157.0,-157.0,-155.0,-155.0,-157.0,-157.0,-156.0,-157.0,-157.0,-157.0,-155.0,-157.0,-157.0,-157.0,-153.0,-151.5,-157.0,-157.0,-157.0,-154.5,-157.0,-157.0,-157.0,-156.5,-155.0,-157.0,-154.5,-155.0,-156.0,-153.0,-155.5,-155.0,-151.0,-152.5,-157.0,-157.0,-157.0,-157.0,-157.0,-157.0,-152.5,-155.5,-157.0,-155.5,-157.0,-157.0,-153.0,-155.0,-157.0,-156.5,-155.5,-157.0,-157.0,-157.0,-157.0,-157.0,-157.0,-157.0,-153.0,-155.5,-157.0,-157.0,-157.0,-155.0,-155.0,-157.0,-152.5,-154.0,-155.5,-151.0
2026-01-17 14:24:15.811,143.049967,5,-77,-157.0,-157.0,-157.0,-157.0,-155.0,-157.0,-156.5,-157.0,-156.5,-151.0,-154.5,-152.5,-151.5,-157.0,-157.0,-157.0,-156.5,-152.0,-153.0,-152.0,-157.0,-151.5,-151.5,-155.0,-153.0,-152.0,-156.5,-157.0,-156.5,-154.0,-157.0,-157.0,-151.5,-155.5,-157.0,-157.0,-153.5,-156.0,-157.0,-157.0,-152.5,-153.5,-156.0,-154.0,-157.0,-157.0,-157.0,-157.0,-155.0,-155.5,-148.0,-149.5,-152.5,-154.5,-156.5,-157.0,-157.0,-155.5,-156.5,-150.0,-157.0,-157.0,-157.0,-155.5,-157.0,-156.0,-157.0,-157.0,-157.0,-154.5,-155.0,-156.0,-156.0,-157.0,-150.5,-154.0,-157.0,-157.0,-156.0,-157.0,-157.0,-157.0,-156.0,-155.5,-157.0,-155.0,-157.0,-155.5,-155.5,-157.0,-157.0,-157.0,-157.0,-152.5,-152.5,-157.0,-153.0,-154.0,-155.5,-154.5,-157.0,-157.0,-157.0,-154.5,-157.0,-157.0,-156.5,-152.5,-156.5,-157.0,-155.5,-157.0,-157.0,-154.0,-157.0,-157.0,-157.0,-153.5,-155.5,-156.5,-157.0,-154.5,-157.0,-153.0,-157.0,-157.0,-156.0,-150.0,-153.5,-157.0,-157.0,-157.0,-157.0,-157.0,-155.5,-155.5,-156.0,-154.0,-153.0,-157.0,-154.5,-157.0,-157.0,-157.0,-157.0,-153.0,-157.0,-150.0,-149.0,-157.0,-157.0,-152.5,-153.5,-153.5,-157.0,-154.0,-157.0,-157.0,-157.0,-157.0,-157.0,-150.5,-152.5,-157.0,-154.5,-157.0,-157.0,-157.0,-157.0,-156.5,-157.0,-156.0,-157.0,-151.5,-152.5,-149.5,-157.0,-150.5,-152.5,-154.0,-154.0,-156.0,-154.5,-155.0,-156.5,-155.5,-157.0,-157.0,-151.0,-157.0,-157.0,-156.5,-155.5,-150.5,-151.5,-157.0,-157.0,-157.0,-157.0,-157.0,-157.0,-157.0,-156.5,-154.0,-157.0,-157.0,-155.0,-154.5,-152.5,-157.0,-157.0,-157.0,-152.0,-152.0,-156.5,-152.5,-157.0,-157.0,-154.5,-150.5,-152.0,-157.0,-157.0,-157.0,-157.0,-157.0,-157.0,-157.0,-157.0,-157.0,-155.0,-157.0,-157.0,-157.0,-157.0,-157.0,-157.0,-157.0,-152.5,-155.0,-157.0,-152.5,-144.0,-145.0,-154.5,-157.0,-157.0,-157.0,-157.0,-157.0,-157.0,-157.0,-157.0,-152.5,-151.5,-157.0,-157.0,-157.0,-157.0,-157.0,-156.0,-157.0,-157.0,-157.0,-156.5,-156.0,-157.0,-156.5,-157.0,-155.5,-156.5,-157.0,-154.5,-156.5,-157.0,-157.0,-157.0,-157.0,-157.0,-157.0,-155.5,-157.0,-154.5,-157.0,-157.0,-157.0,-157.0,-157.0,-152.5,-150.0,-157.0,-157.0,-157.0,-155.5,-155.5,-150.0,-149.5,-150.0,-151.0,-157.0,-157.0,-157.0,-152.5,-151.0,-157.0,-154.0,-150.5,-153.0,-157.0,-153.5,-157.0,-157.0,-157.0,-157.0,-157.0,-156.0,-157.0,-157.0,-157.0,-153.0,-151.5,-157.0,-152.0,-157.0,-157.0,-157.0,-152.0,-155.0,-157.0,-157.0,-157.0,-156.5,-154.0,-157.0,-157.0,-157.0,-157.0,-157.0,-152.5,-153.0,-154.0,-153.0,-157.0,-152.0,-157.0,-157.0,-153.0,-156.5,-153.5,-151.5,-153.5,-153.5,-155.0,-157.0,-157.0,-157.0,-156.0,-151.0,-151.5,-156.0,-157.0,-152.0,-155.5,-156.0,-157.0,-155.0,-151.5,-154.0,-152.5,-154.5,-156.0,-157.0,-157.0,-157.0,-157.0,-155.5,-157.0,-153.0,-154.5,-157.0,-157.0,-157.0,-154.5,-154.0,-155.0,-157.0,-151.0,-151.0,-154.5,-157.0,-153.5,-152.0,-154.0,-157.0,-157.0,-157.0,-155.5,-157.0,-157.0,-157.0,-157.0,-157.0,-157.0,-157.0,-157.0,-157.0,-155.0,-156.0,-157.0,-157.0,-157.0,-154.0,-157.0,-157.0,-157.0,-156.0,-157.0,-157.0,-156.5,-151.0,-150.5,-157.0,-157.0,-157.0,-152.5,-156.0,-157.0,-157.0,-156.5,-155.0,-157.0,-156.5,-157.0,-156.5,-155.5,-157.0,-155.0,-152.0,-153.5,-154.5,-157.0,-157.0,-157.0,-157.0,-157.0,-155.5,-154.5,-157.0,-157.0,-157.0,-157.0,-156.0,-157.0,-157.0,-157.0,-156.5,-157.0,-157.0,-157.0,-157.0,-155.5,-157.0,-157.0,-154.0,-157.0,-157.0,-157.0,-157.0,-156.0,-155.0,-155.5,-154.0,-153.0,-157.0,-153.5
2026-01-17 14:24:15.844,143.049967,5,-77,-157.0,-157.0,-156.5,-157.0,-153.5,-157.0,-156.0,-157.0,-154.5,-152.0,-157.0,-155.5,-157.0,-157.0,-157.0,-157.0,-152.0,-153.5,-151.5,-153.0,-153.5,-151.5,-157.0,-157.0,-154.5,-154.0,-155.5,-157.0,-153.0,-154.0,-157.0,-155.5,-152.0,-152.5,-157.0,-153.5,-155.0,-157.0,-157.0,-157.0,-151.5,-157.0,-155.0,-151.0,-156.5,-157.0,-156.5,-155.5,-157.0,-157.0,-148.0,-149.5,-154.0,-154.0,-156.5,-157.0,-154.5,-157.0,-157.0,-150.5,-153.0,-157.0,-156.0,-154.5,-157.0,-153.0,-157.0,-157.0,-153.5,-154.0,-156.0,-157.0,-157.0,-156.0,-152.0,-155.0,-156.5,-157.0,-157.0,-157.0,-157.0,-157.0,-157.0,-157.0,-155.5,-152.0,-153.5,-153.0,-157.0,-156.0,-157.0,-157.0,-157.0,-154.5,-154.0,-157.0,-154.0,-157.0,-153.5,-157.0,-157.0,-157.0,-156.0,-157.0,-157.0,-157.0,-153.5,-152.0,-154.0,-153.0,-157.0,-157.0,-156.5,-152.0,-157.0,-157.0,-155.5,-153.0,-153.5,-157.0,-157.0,-155.0,-154.5,-157.0,-157.0,-157.0,-157.0,-151.5,-151.5,-157.0,-157.0,-157.0,-157.0,-157.0,-157.0,-157.0,-157.0,-157.0,-155.5,-156.5,-155.5,-157.0,-156.5,-157.0,-154.0,-151.5,-154.5,-150.5,-153.0,-157.0,-157.0,-155.5,-156.0,-157.0,-157.0,-157.0,-157.0,-156.0,-153.0,-157.0,-157.0,-151.5,-153.0,-156.5,-157.0,-157.0,-157.0,-155.5,-155.0,-154.0,-157.0,-155.5,-157.0,-155.0,-157.0,-150.5,-157.0,-153.0,-155.0,-156.0,-157.0,-156.5,-157.0,-156.0,-156.0,-156.5,-157.0,-157.0,-152.5,-157.0,-157.0,-157.0,-156.5,-152.0,-151.5,-152.0,-157.0,-155.5,-156.0,-157.0,-156.5,-157.0,-153.0,-151.5,-157.0,-157.0,-155.5,-156.5,-154.5,-156.0,-156.0,-157.0,-156.5,-156.0,-154.0,-152.0,-157.0,-157.0,-154.0,-154.0,-157.0,-157.0,-157.0,-154.0,-153.5,-157.0,-155.0,-157.0,-157.0,-157.0,-157.0,-157.0,-157.0,-157.0,-157.0,-157.0,-157.0,-157.0,-150.5,-154.5,-157.0,-157.0,-144.0,-145.0,-154.5,-157.0,-156.5,-157.0,-157.0,-157.0,-157.0,-157.0,-157.0,-155.0,-149.5,-151.5,-157.0,-157.0,-155.5,-157.0,-157.0,-157.0,-157.0,-157.0,-156.5,-157.0,-157.0,-156.0,-153.0,-157.0,-157.0,-156.0,-156.5,-156.5,-155.5,-157.0,-157.0,-156.0,-155.0,-156.0,-157.0,-157.0,-157.0,-157.0,-157.0,-157.0,-157.0,-157.0,-156.0,-153.0,-156.0,-157.0,-155.0,-151.0,-151.5,-148.0,-152.0,-151.5,-152.5,-157.0,-157.0,-157.0,-154.5,-150.5,-155.5,-152.0,-152.0,-153.5,-157.0,-153.5,-157.0,-157.0,-157.0,-157.0,-154.5,-153.0,-157.0,-153.0,-153.5,-157.0,-155.0,-157.0,-154.5,-157.0,-157.0,-156.0,-152.5,-154.5,-155.5,-152.5,-151.5,-154.5,-152.0,-155.0,-157.0,-157.0,-157.0,-157.0,-155.0,-156.5,-154.5,-157.0,-154.5,-153.0,-155.0,-157.0,-154.5,-157.0,-157.0,-157.0,-157.0,-157.0,-157.0,-154.0,-155.0,-154.5,-156.5,-151.0,-156.0,-153.5,-153.0,-154.5,-154.5,-154.5,-157.0,-155.0,-153.0,-157.0,-152.0,-153.5,-157.0,-157.0,-152.5,-154.5,-154.5,-154.0,-157.0,-153.0,-157.0,-157.0,-157.0,-157.0,-151.0,-150.0,-153.5,-157.0,-152.5,-155.0,-151.0,-151.0,-155.5,-156.0,-157.0,-157.0,-157.0,-157.0,-152.0,-152.5,-156.0,-157.0,-157.0,-157.0,-157.0,-157.0,-157.0,-157.0,-152.0,-152.5,-157.0,-156.5,-152.0,-150.0,-154.0,-154.5,-157.0,-157.0,-157.0,-154.5,-152.5,-152.0,-151.0,-157.0,-157.0,-157.0,-153.0,-156.0,-157.0,-157.0,-157.0,-157.0,-157.0,-156.0,-157.0,-157.0,-157.0,-157.0,-157.0,-154.5,-155.0,-155.5,-157.0,-157.0,-157.0,-157.0,-157.0,-154.0,-155.5,-157.0,-157.0,-157.0,-157.0,-157.0,-157.0,-157.0,-157.0,-154.0,-155.0,-156.5,-155.0,-153.5,-157.0,-155.5,-157.0,-157.0,-156.0,-154.0,-156.5,-156.5,-157.0,-157.0,-156.0,-156.0,-153.5,-155.0,-157.0
2026-01-17 14:24:15.879,143.049967,5,-77,-157.0,-157.0,-157.0,-157.0,-155.5,-156.0,-155.0,-157.0,-157.0,-154.0,-157.0,-157.0,-157.0,-157.0,-157.0,-157.0,-153.5,-155.0,-153.0,-157.0,-154.0,-153.0,-157.0,-157.0,-156.5,-152.0,-152.5,-157.0,-154.0,-154.0,-157.0,-153.5,-154.0,-156.0,-157.0,-154.5,-154.5,-157.0,-155.5,-151.0,-149.5,-151.5,-155.0,-151.5,-157.0,-156.5,-152.5,-153.0,-157.0,-157.0,-152.0,-153.5,-151.5,-150.0,-156.5,-155.5,-151.0,-156.5,-155.5,-153.0,-156.0,-154.5,-153.5,-157.0,-149.5,-151.5,-157.0,-155.5,-153.5,-155.0,-153.0,-156.5,-157.0,-154.0,-154.5,-157.0,-156.5,-157.0,-157.0,-157.0,-156.0,-157.0,-157.0,-157.0,-154.5,-152.5,-157.0,-152.5,-154.5,-154.0,-157.0,-156.5,-155.5,-153.0,-151.5,-153.5,-153.5,-152.5,-152.5,-157.0,-157.0,-157.0,-154.5,-157.0,-157.0,-157.0,-157.0,-156.5,-154.0,-151.0,-157.0,-157.0,-152.0,-150.5,-157.0,-157.0,-155.5,-157.0,-157.0,-157.0,-155.0,-153.5,-154.5,-157.0,-157.0,-156.5,-157.0,-157.0,-155.0,-155.5,-152.0,-151.5,-153.0,-157.0,-155.0,-157.0,-157.0,-157.0,-157.0,-156.0,-155.5,-157.0,-156.5,-157.0,-151.5,-153.0,-157.0,-153.5,-157.0,-155.5,-157.0,-157.0,-157.0,-157.0,-157.0,-157.0,-153.5,-150.5,-149.5,-154.0,-154.0,-151.5,-157.0,-153.0,-156.0,-157.0,-157.0,-152.5,-151.0,-152.0,-155.0,-155.5,-157.0,-157.0,-157.0,-154.0,-151.5,-149.5,-154.0,-157.0,-157.0,-157.0,-157.0,-157.0,-157.0,-157.0,-156.5,-157.0,-154.0,-157.0,-155.5,-156.5,-154.5,-155.0,-151.0,-152.0,-157.0,-154.5,-157.0,-157.0,-157.0,-157.0,-150.0,-151.0,-157.0,-157.0,-156.5,-157.0,-157.0,-155.0,-152.5,-157.0,-157.0,-155.5,-153.5,-152.0,-157.0,-157.0,-156.5,-157.0,-157.0,-157.0,-157.0,-157.0,-154.0,-157.0,-155.0,-157.0,-157.0,-157.0,-157.0,-157.0,-157.0,-157.0,-157.0,-157.0,-154.5,-154.5,-151.5,-157.0,-157.0,-157.0,-145.0,-146.5,-156.0,-156.5,-155.0,-156.5,-157.0,-157.0,-156.5,-157.0,-157.0,-157.0,-152.0,-153.0,-157.0,-155.0,-154.0,-154.0,-156.0,-157.0,-157.0,-157.0,-156.5,-155.5,-157.0,-157.0,-150.0,-153.5,-156.0,-153.0,-157.0,-157.0,-157.0,-157.0,-157.0,-157.0,-157.0,-157.0,-157.0,-157.0,-156.5,-155.0,-157.0,-157.0,-157.0,-157.0,-157.0,-155.5,-157.0,-157.0,-156.5,-152.5,-154.0,-148.5,-151.0,-157.0,-157.0,-157.0,-157.0,-154.5,-157.0,-151.5,-157.0,-155.5,-157.0,-154.0,-155.5,-151.0,-154.0,-157.0,-157.0,-157.0,-157.0,-157.0,-157.0,-151.5,-151.5,-157.0,-157.0,-157.0,-155.0,-157.0,-151.5,-150.0,-155.0,-151.5,-156.0,-152.0,-152.0,-157.0,-154.5,-157.0,-157.0,-155.0,-154.0,-154.5,-155.5,-157.0,-157.0,-153.0,-153.5,-157.0,-157.0,-157.0,-157.0,-157.0,-156.5,-157.0,-157.0,-157.0,-157.0,-151.5,-153.0,-153.5,-157.0,-151.5,-151.5,-156.5,-152.0,-154.0,-157.0,-157.0,-157.0,-157.0,-157.0,-157.0,-153.0,-157.0,-157.0,-156.0,-151.0,-154.0,-150.5,-155.5,-157.0,-151.5,-156.5,-157.0,-157.0,-157.0,-151.5,-154.0,-153.5,-155.5,-155.5,-157.0,-151.5,-149.5,-153.5,-157.0,-155.5,-154.0,-157.0,-157.0,-151.0,-151.5,-155.5,-152.5,-152.5,-157.0,-157.0,-157.0,-157.0,-157.0,-149.5,-149.5,-156.5,-157.0,-149.0,-149.5,-157.0,-152.5,-154.5,-157.0,-155.0,-150.0,-150.5,-157.0,-150.0,-153.0,-153.5,-153.0,-154.5,-152.5,-157.0,-157.0,-156.5,-157.0,-157.0,-156.0,-157.0,-156.0,-154.0,-154.5,-156.0,-152.5,-155.5,-157.0,-157.0,-157.0,-157.0,-154.5,-154.0,-152.0,-157.0,-155.5,-156.5,-153.5,-154.5,-155.5,-157.0,-157.0,-157.0,-156.5,-157.0,-155.5,-153.5,-155.5,-154.0,-155.5,-157.0,-157.0,-150.0,-150.5,-153.5,-153.0,-154.5,-155.5,-157.0,-157.0,-157.0,-157.0,-157.0
2026-01-17 14:24:15.912,143.049967,5,-77,-157.0,-157.0,-157.0,-157.0,-157.0,-157.0,-156.5,-157.0,-155.5,-155.5,-157.0,-157.0,-157.0,-157.0,-156.5,-155.5,-157.0,-155.0,-156.5,-154.5,-156.5,-155.0,-157.0,-154.5,-156.0,-154.0,-155.0,-157.0,-157.0,-154.5,-156.0,-153.5,-153.5,-157.0,-157.0,-157.0,-156.5,-157.0,-157.0,-155.5,-153.5,-152.5,-157.0,-154.0,-157.0,-156.0,-157.0,-155.0,-153.5,-154.5,-155.0,-157.0,-155.5,-152.0,-154.5,-157.0,-150.0,-151.0,-150.0,-156.5,-157.0,-157.0,-156.5,-151.5,-148.5,-153.0,-157.0,-155.0,-153.5,-150.5,-150.5,-157.0,-156.0,-157.0,-154.5,-152.5,-155.0,-157.0,-156.5,-157.0,-156.5,-157.0,-157.0,-155.0,-153.5,-155.0,-156.5,-155.5,-157.0,-156.0,-157.0,-154.0,-157.0,-157.0,-154.0,-157.0,-157.0,-153.0,-157.0,-157.0,-157.0,-156.0,-154.0,-155.5,-157.0,-156.5,-157.0,-157.0,-157.0,-153.0,-157.0,-157.0,-152.5,-149.5,-155.5,-157.0,-157.0,-157.0,-157.0,-157.0,-154.5,-154.0,-157.0,-157.0,-152.5,-151.0,-157.0,-157.0,-156.5,-156.5,-153.5,-151.0,-155.5,-152.5,-151.0,-157.0,-157.0,-157.0,-153.5,-152.5,-157.0,-157.0,-157.0,-157.0,-152.5,-154.0,-154.0,-151.0,-157.0,-157.0,-157.0,-155.5,-157.0,-157.0,-157.0,-157.0,-157.0,-154.5,-153.0,-154.5,-153.0,-150.0,-152.5,-151.0,-153.0,-157.0,-157.0,-153.5,-152.0,-154.5,-156.5,-157.0,-157.0,-157.0,-157.0,-157.0,-151.0,-150.5,-154.5,-157.0,-157.0,-157.0,-157.0,-157.0,-157.0,-156.0,-156.5,-157.0,-155.5,-153.5,-153.5,-152.0,-156.0,-157.0,-155.0,-157.0,-155.5,-154.0,-157.0,-156.0,-157.0,-157.0,-153.0,-154.5,-156.5,-157.0,-157.0,-156.5,-156.5,-157.0,-152.0,-152.5,-157.0,-152.5,-153.5,-151.5,-156.5,-157.0,-157.0,-155.0,-157.0,-157.0,-157.0,-157.0,-154.5,-157.0,-155.0,-157.0,-157.0,-156.0,-157.0,-157.0,-157.0,-157.0,-157.0,-157.0,-154.0,-156.5,-156.5,-157.0,-157.0,-157.0,-144.5,-145.0,-157.0,-154.5,-155.5,-154.5,-157.0,-157.0,-155.0,-157.0,-157.0,-157.0,-157.0,-157.0,-157.0,-154.0,-155.5,-157.0,-157.0,-157.0,-157.0,-157.0,-157.0,-154.5,-156.5,-153.0,-150.0,-156.5,-151.0,-153.0,-157.0,-157.0,-157.0,-157.0,-157.0,-157.0,-157.0,-157.0,-157.0,-157.0,-156.0,-154.0,-157.0,-157.0,-157.0,-157.0,-157.0,-156.5,-157.0,-157.0,-157.0,-155.5,-154.0,-151.0,-155.5,-157.0,-157.0,-157.0,-157.0,-154.0,-153.0,-151.0,-156.5,-153.0,-156.0,-153.0,-157.0,-146.5,-148.5,-157.0,-157.0,-157.0,-157.0,-157.0,-157.0,-154.0,-155.0,-157.0,-157.0,-157.0,-153.5,-156.5,-148.5,-147.0,-152.5,-154.5,-155.0,-153.5,-157.0,-157.0,-157.0,-157.0,-157.0,-154.0,-153.0,-155.5,-157.0,-157.0,-157.0,-152.5,-155.5,-157.0,-157.0,-157.0,-157.0,-156.0,-155.5,-157.0,-157.0,-157.0,-157.0,-153.0,-154.5,-155.0,-157.0,-157.0,-151.0,-151.5,-157.0,-154.5,-154.0,-157.0,-157.0,-157.0,-157.0,-157.0,-154.5,-157.0,-157.0,-157.0,-153.0,-157.0,-149.0,-152.0,-151.0,-150.5,-157.0,-157.0,-157.0,-157.0,-153.5,-156.5,-155.5,-156.0,-157.0,-157.0,-157.0,-153.5,-157.0,-157.0,-157.0,-151.0,-153.0,-153.5,-153.0,-154.0,-157.0,-153.5,-154.0,-154.0,-156.5,-157.0,-157.0,-151.5,-150.5,-150.0,-152.5,-155.0,-152.5,-152.5,-153.0,-155.5,-153.5,-154.0,-157.0,-153.5,-152.0,-155.5,-150.0,-151.5,-154.5,-152.0,-157.0,-150.0,-154.0,-157.0,-156.5,-157.0,-156.0,-157.0,-157.0,-155.0,-153.0,-157.0,-154.5,-151.5,-151.0,-157.0,-157.0,-156.5,-157.0,-149.5,-151.5,-152.5,-157.0,-157.0,-152.5,-151.0,-154.0,-155.0,-157.0,-157.0,-157.0,-157.0,-157.0,-157.0,-157.0,-157.0,-150.5,-153.0,-157.0,-157.0,-152.5,-153.5,-151.5,-152.5,-155.5,-157.0,-155.0,-155.0,-157.0,-157.0,-157.0
2026-01-17 14:24:15.946,143.049967,5,-77,-157.0,-157.0,-157.0,-157.0,-157.0,-157.0,-157.0,-157.0,-153.5,-154.5,-157.0,-157.0,-157.0,-157.0,-156.0,-157.0,-157.0,-157.0,-157.0,-157.0,-157.0,-154.5,-157.0,-151.5,-151.0,-155.0,-156.0,-155.0,-155.0,-155.0,-155.0,-157.0,-157.0,-157.0,-155.5,-157.0,-157.0,-157.0,-157.0,-157.0,-157.0,-156.5,-157.0,-156.5,-157.0,-155.5,-157.0,-157.0,-150.0,-150.5,-153.0,-157.0,-157.0,-157.0,-157.0,-155.0,-150.0,-149.0,-148.5,-157.0,-157.0,-157.0,-157.0,-152.5,-152.0,-156.5,-154.0,-153.5,-156.5,-152.0,-153.0,-157.0,-153.5,-154.5,-153.0,-153.0,-153.0,-156.0,-154.5,-156.0,-156.0,-157.0,-157.0,-154.0,-154.5,-157.0,-154.0,-156.0,-157.0,-157.0,-155.0,-151.5,-157.0,-157.0,-157.0,-155.0,-154.0,-153.0,-157.0,-157.0,-157.0,-153.5,-153.5,-157.0,-157.0,-155.5,-157.0,-157.0,-157.0,-155.5,-155.0,-157.0,-153.0,-151.0,-152.0,-157.0,-157.0,-157.0,-157.0,-155.5,-156.5,-157.0,-157.0,-157.0,-148.5,-149.0,-157.0,-157.0,-155.0,-155.0,-157.0,-155.5,-157.0,-155.5,-151.5,-153.5,-156.5,-157.0,-154.0,-152.5,-157.0,-157.0,-157.0,-157.0,-154.5,-154.0,-150.0,-151.0,-157.0,-157.0,-157.0,-157.0,-156.0,-157.0,-156.0,-157.0,-157.0,-157.0,-157.0,-157.0,-154.0,-151.0,-151.0,-153.0,-157.0,-157.0,-157.0,-157.0,-153.5,-157.0,-157.0,-157.0,-157.0,-157.0,-155.5,-153.0,-153.5,-157.0,-157.0,-154.5,-154.5,-154.5,-154.0,-157.0,-155.0,-152.5,-157.0,-157.0,-157.0,-155.0,-155.5,-153.5,-157.0,-157.0,-157.0,-157.0,-153.5,-155.5,-155.0,-154.0,-157.0,-157.0,-157.0,-157.0,-155.5,-153.0,-156.5,-153.0,-157.0,-157.0,-155.5,-154.0,-157.0,-153.0,-154.5,-154.0,-157.0,-157.0,-156.5,-152.0,-153.0,-157.0,-157.0,-157.0,-157.0,-154.5,-152.0,-157.0,-157.0,-157.0,-157.0,-157.0,-157.0,-157.0,-157.0,-155.0,-152.5,-155.5,-156.0,-157.0,-157.0,-157.0,-144.0,-143.5,-153.5,-155.0,-157.0,-156.0,-157.0,-157.0,-154.5,-155.0,-156.0,-157.0,-157.0,-157.0,-157.0,-154.0,-157.0,-157.0,-156.5,-157.0,-157.0,-157.0,-157.0,-157.0,-154.0,-152.5,-152.5,-155.0,-148.0,-156.5,-157.0,-157.0,-157.0,-157.0,-157.0,-157.0,-157.0,-157.0,-156.0,-157.0,-156.5,-154.0,-155.0,-157.0,-157.0,-157.0,-156.5,-156.5,-154.0,-157.0,-157.0,-156.0,-155.5,-153.0,-152.5,-153.0,-157.0,-157.0,-157.0,-153.0,-152.0,-152.0,-153.0,-151.0,-152.5,-154.5,-157.0,-145.5,-148.0,-156.5,-157.0,-157.0,-157.0,-157.0,-157.0,-156.0,-157.0,-157.0,-157.0,-156.0,-153.5,-157.0,-153.0,-149.5,-151.5,-157.0,-153.5,-154.0,-157.0,-157.0,-154.0,-154.5,-154.5,-157.0,-157.0,-157.0,-157.0,-157.0,-153.5,-151.5,-157.0,-155.5,-157.0,-157.0,-157.0,-157.0,-157.0,-157.0,-156.0,-157.0,-157.0,-156.5,-157.0,-157.0,-157.0,-157.0,-151.0,-150.5,-157.0,-157.0,-155.5,-157.0,-157.0,-155.5,-156.5,-157.0,-155.0,-153.0,-157.0,-156.5,-156.5,-157.0,-151.5,-153.5,-152.5,-156.0,-157.0,-157.0,-157.0,-157.0,-157.0,-152.5,-155.5,-154.5,-152.0,-157.0,-157.0,-157.0,-157.0,-157.0,-157.0,-151.0,-152.5,-154.5,-157.0,-156.0,-157.0,-157.0,-157.0,-156.5,-157.0,-157.0,-157.0,-152.0,-154.0,-155.0,-156.5,-157.0,-156.0,-155.5,-154.5,-157.0,-156.5,-155.5,-157.0,-157.0,-154.0,-153.5,-152.5,-155.0,-157.0,-154.5,-157.0,-153.0,-154.0,-157.0,-157.0,-157.0,-156.0,-157.0,-157.0,-157.0,-157.0,-157.0,-157.0,-155.5,-154.5,-157.0,-157.0,-155.5,-156.0,-150.5,-150.0,-155.5,-157.0,-157.0,-156.0,-154.5,-157.0,-157.0,-157.0,-157.0,-157.0,-157.0,-157.0,-156.5,-156.0,-157.0,-152.5,-153.5,-157.0,-157.0,-155.5,-155.5,-152.5,-157.0,-156.0,-154.5,-152.5,-152.5,-157.0,-157.0,-156.0
2026-01-17 14:24:15.980,143.049967,5,-77,-157.0,-157.0,-152.5,-155.5,-157.0,-157.0,-157.0,-157.0,-154.0,-157.0,-157.0,-155.5,-157.0,-157.0,-157.0,-157.0,-157.0,-157.0,-157.0,-157.0,-157.0,-155.5,-155.0,-152.5,-152.0,-157.0,-157.0,-156.0,-157.0,-156.5,-154.0,-154.5,-157.0,-157.0,-153.5,-157.0,-157.0,-157.0,-156.5,-157.0,-156.0,-156.5,-157.0,-157.0,-157.0,-152.5,-156.5,-155.5,-152.5,-155.5,-153.5,-157.0,-157.0,-157.0,-156.5,-151.0,-150.5,-148.0,-150.0,-157.0,-157.0,-157.0,-157.0,-157.0,-155.5,-157.0,-154.0,-153.5,-157.0,-157.0,-157.0,-157.0,-154.5,-157.0,-152.5,-154.0,-156.0,-153.0,-154.5,-157.0,-156.5,-157.0,-157.0,-151.5,-152.0,-157.0,-153.5,-156.5,-157.0,-157.0,-151.5,-149.5,-157.0,-157.0,-157.0,-154.0,-154.0,-155.0,-156.0,-157.0,-157.0,-156.5,-157.0,-157.0,-157.0,-155.0,-156.0,-157.0,-154.5,-155.0,-151.5,-157.0,-156.5,-157.0,-157.0,-157.0,-157.0,-157.0,-156.0,-155.5,-156.0,-157.0,-157.0,-157.0,-150.0,-154.5,-157.0,-157.0,-157.0,-154.0,-154.5,-153.5,-155.0,-157.0,-154.0,-157.0,-157.0,-157.0,-157.0,-156.0,-153.5,-152.5,-155.5,-157.0,-157.0,-152.0,-150.0,-157.0,-155.5,-157.0,-157.0,-157.0,-157.0,-157.0,-157.0,-157.0,-157.0,-155.0,-156.0,-156.0,-153.5,-157.0,-150.5,-153.0,-157.0,-157.0,-157.0,-156.0,-155.0,-157.0,-157.0,-155.5,-157.0,-155.5,-152.0,-151.0,-157.0,-157.0,-155.0,-155.5,-154.0,-151.5,-152.0,-155.5,-157.0,-153.5,-157.0,-156.5,-154.0,-156.0,-153.0,-157.0,-157.0,-157.0,-157.0,-157.0,-153.5,-156.0,-157.0,-153.0,-153.5,-154.5,-157.0,-157.0,-149.5,-150.0,-155.5,-152.0,-157.0,-153.5,-155.5,-153.0,-153.0,-155.5,-155.5,-157.0,-157.0,-156.0,-157.0,-156.5,-157.0,-157.0,-157.0,-155.0,-157.0,-152.0,-149.0,-152.5,-157.0,-157.0,-157.0,-157.0,-157.0,-157.0,-157.0,-157.0,-152.0,-154.0,-155.5,-157.0,-157.0,-157.0,-144.0,-145.5,-151.0,-157.0,-157.0,-157.0,-157.0,-157.0,-155.5,-156.0,-157.0,-157.0,-157.0,-157.0,-157.0,-157.0,-155.5,-154.5,-154.0,-157.0,-157.0,-155.5,-157.0,-157.0,-155.0,-156.5,-157.0,-156.5,-151.0,-154.5,-157.0,-157.0,-157.0,-157.0,-157.0,-157.0,-156.5,-153.5,-154.5,-157.0,-157.0,-154.0,-154.0,-153.5,-154.0,-156.5,-155.0,-155.0,-154.5,-157.0,-157.0,-157.0,-156.0,-154.5,-151.5,-151.0,-157.0,-153.0,-151.5,-152.5,-157.0,-157.0,-153.5,-156.0,-157.0,-157.0,-157.0,-148.0,-152.0,-157.0,-154.5,-157.0,-157.0,-157.0,-157.0,-156.5,-157.0,-157.0,-157.0,-157.0,-157.0,-157.0,-157.0,-156.0,-157.0,-157.0,-157.0,-154.5,-157.0,-157.0,-152.5,-156.0,-152.5,-153.0,-156.5,-157.0,-157.0,-154.5,-151.5,-150.5,-157.0,-157.0,-157.0,-157.0,-157.0,-157.0,-157.0,-157.0,-155.5,-157.0,-157.0,-157.0,-156.5,-155.0,-157.0,-157.0,-154.0,-155.5,-157.0,-157.0,-157.0,-157.0,-157.0,-154.0,-156.5,-157.0,-156.5,-153.5,-156.5,-157.0,-157.0,-157.0,-157.0,-156.5,-156.0,-157.0,-157.0,-157.0,-157.0,-157.0,-157.0,-154.0,-155.0,-155.0,-149.5,-157.0,-157.0,-157.0,-155.5,-155.0,-157.0,-154.5,-155.0,-155.5,-157.0,-153.5,-156.0,-157.0,-157.0,-157.0,-157.0,-154.5,-157.0,-157.0,-157.0,-157.0,-157.0,-157.0,-157.0,-157.0,-157.0,-157.0,-157.0,-157.0,-154.0,-153.5,-156.5,-154.0,-153.5,-157.0,-157.0,-156.5,-156.5,-156.5,-157.0,-157.0,-157.0,-157.0,-157.0,-157.0,-157.0,-157.0,-157.0,-157.0,-157.0,-156.5,-157.0,-157.0,-154.5,-153.5,-157.0,-157.0,-153.0,-153.5,-154.5,-157.0,-157.0,-157.0,-154.5,-156.5,-157.0,-157.0,-157.0,-157.0,-156.0,-156.0,-156.5,-157.0,-157.0,-156.0,-157.0,-153.0,-153.5,-155.0,-153.0,-157.0,-153.5,-153.0,-155.5,-153.0,-153.5,-157.0,-157.0
2026-01-17 14:24:16.011,143.049967,5,-77,-157.0,-157.0,-151.0,-154.5,-157.0,-157.0,-157.0,-157.0,-157.0,-157.0,-157.0,-157.0,-157.0,-157.0,-157.0,-153.5,-157.0,-157.0,-157.0,-156.5,-157.0,-155.0,-157.0,-154.0,-156.5,-157.0,-157.0,-157.0,-157.0,-157.0,-157.0,-154.0,-157.0,-157.0,-155.0,-157.0,-157.0,-157.0,-155.5,-156.5,-157.0,-156.5,-157.0,-157.0,-156.0,-151.5,-154.0,-157.0,-156.5,-157.0,-157.0,-156.5,-157.0,-157.0,-153.5,-152.0,-155.0,-151.5,-154.5,-156.5,-157.0,-153.0,-155.0,-157.0,-153.5,-157.0,-157.0,-155.0,-156.5,-157.0,-154.5,-154.0,-155.5,-157.0,-150.0,-152.5,-157.0,-154.0,-156.5,-157.0,-157.0,-157.0,-157.0,-151.5,-152.0,-157.0,-157.0,-157.0,-157.0,-157.0,-153.5,-153.5,-153.5,-154.0,-157.0,-156.0,-157.0,-157.0,-157.0,-155.5,-157.0,-157.0,-157.0,-157.0,-157.0,-157.0,-154.0,-156.0,-154.0,-152.5,-152.0,-157.0,-157.0,-154.5,-156.5,-157.0,-154.0,-154.0,-154.5,-155.0,-156.5,-157.0,-157.0,-153.0,-152.0,-157.0,-153.0,-154.0,-157.0,-155.0,-155.0,-154.5,-154.5,-155.0,-152.5,-157.0,-157.0,-157.0,-157.0,-157.0,-152.5,-149.5,-156.0,-157.0,-157.0,-156.5,-152.0,-155.0,-154.0,-157.0,-157.0,-157.0,-157.0,-157.0,-157.0,-157.0,-157.0,-156.0,-157.0,-154.0,-154.5,-157.0,-149.5,-151.0,-157.0,-157.0,-157.0,-154.0,-155.0,-157.0,-157.0,-157.0,-154.5,-157.0,-154.5,-153.0,-157.0,-151.0,-151.5,-157.0,-155.0,-153.0,-157.0,-157.0,-153.5,-152.0,-157.0,-157.0,-153.0,-157.0,-154.5,-157.0,-157.0,-157.0,-156.0,-157.0,-153.0,-157.0,-157.0,-153.5,-154.5,-152.0,-156.5,-151.0,-148.5,-150.0,-157.0,-155.5,-157.0,-153.5,-157.0,-151.5,-150.0,-153.5,-157.0,-157.0,-156.0,-153.5,-157.0,-157.0,-157.0,-157.0,-157.0,-155.0,-156.5,-153.5,-150.5,-153.5,-157.0,-157.0,-157.0,-157.0,-157.0,-157.0,-157.0,-156.5,-153.5,-156.0,-157.0,-156.0,-157.0,-156.5,-144.0,-146.0,-153.0,-157.0,-157.0,-155.5,-157.0,-157.0,-157.0,-156.5,-157.0,-157.0,-156.5,-157.0,-157.0,-155.5,-153.5,-155.0,-154.5,-157.0,-157.0,-151.5,-156.5,-157.0,-155.5,-157.0,-157.0,-157.0,-157.0,-157.0,-157.0,-157.0,-157.0,-157.0,-157.0,-157.0,-156.5,-156.5,-155.0,-157.0,-157.0,-157.0,-153.0,-151.0,-154.0,-157.0,-156.0,-157.0,-157.0,-153.5,-153.0,-156.0,-155.0,-157.0,-153.5,-153.5,-157.0,-153.5,-152.0,-157.0,-157.0,-157.0,-156.5,-157.0,-157.0,-157.0,-157.0,-151.5,-151.0,-157.0,-150.5,-153.5,-157.0,-157.0,-157.0,-157.0,-157.0,-157.0,-157.0,-157.0,-157.0,-157.0,-157.0,-157.0,-157.0,-157.0,-153.5,-154.0,-155.5,-154.5,-154.0,-157.0,-155.5,-150.5,-151.0,-153.5,-157.0,-157.0,-157.0,-153.5,-154.5,-157.0,-155.5,-157.0,-157.0,-157.0,-157.0,-157.0,-157.0,-157.0,-156.5,-156.0,-154.5,-153.5,-157.0,-157.0,-155.5,-157.0,-156.5,-157.0,-157.0,-157.0,-157.0,-157.0,-157.0,-157.0,-157.0,-154.5,-155.5,-157.0,-157.0,-157.0,-157.0,-155.5,-157.0,-157.0,-157.0,-157.0,-156.0,-157.0,-157.0,-157.0,-156.5,-152.0,-149.5,-156.0,-157.0,-157.0,-155.0,-157.0,-157.0,-157.0,-153.0,-155.0,-156.5,-156.5,-157.0,-157.0,-156.5,-157.0,-152.5,-152.0,-156.5,-157.0,-155.0,-157.0,-157.0,-157.0,-157.0,-157.0,-157.0,-155.5,-157.0,-156.0,-155.0,-153.0,-157.0,-157.0,-155.5,-157.0,-157.0,-157.0,-154.0,-157.0,-157.0,-157.0,-157.0,-154.0,-157.0,-157.0,-155.5,-156.0,-152.0,-155.0,-157.0,-157.0,-157.0,-157.0,-154.0,-155.5,-157.0,-157.0,-157.0,-153.0,-155.5,-157.0,-157.0,-157.0,-154.0,-154.0,-157.0,-157.0,-157.0,-157.0,-156.0,-157.0,-157.0,-157.0,-157.0,-157.0,-156.0,-152.0,-152.0,-157.0,-157.0,-157.0,-157.0,-155.0,-154.0,-151.5,-152.5,-156.5,-157.0
2026-01-17 14:24:16.044,143.049967,5,-77,-157.0,-157.0,-153.5,-157.0,-157.0,-156.5,-157.0,-157.0,-157.0,-157.0,-157.0,-156.5,-157.0,-157.0,-157.0,-152.0,-156.0,-157.0,-157.0,-156.5,-157.0,-153.5,-156.0,-153.0,-157.0,-157.0,-157.0,-156.0,-157.0,-157.0,-157.0,-155.5,-154.5,-157.0,-157.0,-157.0,-156.5,-155.0,-157.0,-154.0,-156.5,-156.5,-153.5,-152.5,-155.5,-155.5,-155.0,-156.5,-157.0,-157.0,-157.0,-157.0,-157.0,-157.0,-156.0,-157.0,-157.0,-157.0,-155.5,-155.0,-157.0,-152.5,-157.0,-155.0,-151.5,-157.0,-157.0,-157.0,-155.5,-151.5,-151.5,-154.5,-155.0,-157.0,-152.0,-155.5,-157.0,-157.0,-157.0,-157.0,-157.0,-157.0,-156.5,-152.0,-156.0,-157.0,-157.0,-157.0,-156.0,-151.5,-150.5,-156.0,-154.0,-152.0,-153.5,-157.0,-157.0,-156.5,-157.0,-153.0,-156.5,-157.0,-157.0,-155.5,-155.0,-157.0,-155.0,-153.0,-157.0,-154.5,-156.0,-157.0,-155.0,-152.5,-155.0,-157.0,-156.0,-157.0,-156.0,-151.5,-157.0,-157.0,-157.0,-153.0,-152.5,-155.5,-151.5,-154.0,-157.0,-152.5,-157.0,-157.0,-157.0,-155.0,-152.5,-157.0,-157.0,-155.0,-155.5,-157.0,-157.0,-151.0,-152.5,-152.5,-154.0,-156.5,-155.5,-157.0,-154.0,-155.5,-157.0,-157.0,-156.0,-153.0,-154.0,-157.0,-157.0,-157.0,-157.0,-155.0,-157.0,-157.0,-151.0,-151.5,-157.0,-156.0,-157.0,-155.5,-157.0,-156.0,-154.5,-155.0,-153.5,-157.0,-157.0,-157.0,-155.0,-150.0,-153.5,-155.5,-156.5,-156.5,-157.0,-157.0,-152.5,-150.5,-157.0,-157.0,-154.5,-157.0,-157.0,-157.0,-157.0,-157.0,-156.0,-157.0,-153.0,-157.0,-157.0,-157.0,-153.5,-152.5,-157.0,-152.5,-155.0,-155.5,-157.0,-157.0,-157.0,-154.0,-157.0,-157.0,-153.0,-153.0,-155.5,-157.0,-157.0,-153.0,-155.0,-157.0,-157.0,-157.0,-157.0,-157.0,-154.0,-152.0,-153.0,-154.0,-157.0,-157.0,-157.0,-157.0,-157.0,-157.0,-157.0,-155.5,-157.0,-156.0,-157.0,-157.0,-157.0,-157.0,-144.0,-144.0,-154.0,-156.5,-157.0,-157.0,-157.0,-157.0,-155.5,-157.0,-154.0,-157.0,-156.5,-157.0,-157.0,-157.0,-152.5,-155.5,-157.0,-157.0,-157.0,-152.5,-157.0,-157.0,-157.0,-156.0,-157.0,-155.5,-157.0,-157.0,-157.0,-157.0,-154.5,-156.0,-157.0,-157.0,-154.5,-155.5,-155.5,-154.0,-155.5,-157.0,-152.5,-151.0,-155.5,-157.0,-152.5,-157.0,-157.0,-153.0,-152.0,-151.0,-151.0,-157.0,-153.0,-157.0,-157.0,-156.5,-157.0,-157.0,-157.0,-157.0,-157.0,-157.0,-157.0,-157.0,-157.0,-154.0,-152.0,-154.5,-151.0,-152.0,-157.0,-157.0,-157.0,-157.0,-157.0,-157.0,-156.0,-157.0,-157.0,-157.0,-157.0,-156.0,-157.0,-155.0,-154.0,-152.0,-157.0,-154.5,-154.0,-157.0,-157.0,-152.0,-152.5,-154.0,-157.0,-157.0,-157.0,-153.0,-154.0,-157.0,-155.0,-157.0,-157.0,-156.0,-157.0,-157.0,-157.0,-157.0,-154.0,-153.5,-151.5,-153.0,-157.0,-155.5,-157.0,-157.0,-155.5,-157.0,-156.5,-155.5,-157.0,-157.0,-157.0,-157.0,-157.0,-154.5,-157.0,-157.0,-157.0,-155.0,-157.0,-157.0,-157.0,-155.5,-157.0,-154.0,-153.5,-157.0,-157.0,-157.0,-154.0,-156.0,-154.0,-157.0,-157.0,-157.0,-157.0,-156.0,-155.5,-155.0,-154.0,-157.0,-157.0,-157.0,-157.0,-154.0,-155.0,-154.5,-151.5,-155.5,-156.5,-157.0,-154.0,-156.0,-157.0,-156.5,-156.0,-157.0,-157.0,-152.0,-154.5,-156.0,-157.0,-153.5,-157.0,-157.0,-157.0,-153.5,-156.0,-157.0,-152.5,-156.0,-157.0,-157.0,-157.0,-150.5,-152.0,-157.0,-152.5,-154.5,-153.5,-152.0,-156.0,-157.0,-157.0,-157.0,-155.0,-157.0,-157.0,-157.0,-157.0,-153.0,-154.0,-154.5,-157.0,-157.0,-157.0,-157.0,-156.5,-156.5,-157.0,-157.0,-156.0,-154.0,-154.0,-157.0,-157.0,-156.0,-152.0,-154.5,-154.5,-157.0,-156.5,-156.5,-157.0,-154.5,-153.5,-155.0,-156.0,-157.0,-157.0
2026-01-17 14:24:16.079,143.049967,5,-77,-157.0,-157.0,-157.0,-157.0,-156.5,-157.0,-157.0,-157.0,-157.0,-155.0,-157.0,-155.0,-157.0,-157.0,-156.5,-152.0,-156.5,-157.0,-155.5,-157.0,-157.0,-152.0,-150.5,-151.0,-155.5,-155.5,-157.0,-157.0,-157.0,-157.0,-157.0,-157.0,-157.0,-157.0,-157.0,-157.0,-153.5,-149.5,-150.5,-152.0,-153.5,-152.5,-151.0,-154.0,-156.5,-157.0,-155.5,-157.0,-157.0,-157.0,-157.0,-157.0,-157.0,-155.0,-156.0,-157.0,-157.0,-157.0,-155.5,-155.5,-155.5,-154.0,-156.0,-155.5,-151.5,-154.0,-157.0,-157.0,-154.0,-152.0,-156.0,-157.0,-153.5,-153.0,-157.0,-155.0,-157.0,-157.0,-157.0,-157.0,-157.0,-156.0,-155.5,-154.5,-155.0,-157.0,-157.0,-157.0,-154.0,-154.0,-149.0,-151.0,-157.0,-153.0,-153.5,-157.0,-157.0,-156.0,-156.0,-153.0,-155.5,-154.5,-154.0,-155.5,-156.5,-157.0,-156.5,-151.0,-153.0,-156.5,-157.0,-155.0,-153.0,-156.5,-157.0,-156.0,-157.0,-157.0,-155.0,-151.0,-155.0,-157.0,-157.0,-153.5,-152.5,-157.0,-153.0,-157.0,-157.0,-152.0,-152.5,-157.0,-157.0,-157.0,-153.5,-157.0,-157.0,-153.5,-153.5,-157.0,-157.0,-154.5,-151.0,-153.0,-155.0,-157.0,-155.0,-157.0,-156.0,-157.0,-157.0,-157.0,-156.5,-153.5,-156.0,-157.0,-157.0,-157.0,-157.0,-157.0,-157.0,-157.0,-156.0,-155.0,-155.0,-157.0,-155.0,-157.0,-155.5,-157.0,-155.5,-157.0,-157.0,-155.5,-155.5,-157.0,-157.0,-153.0,-157.0,-152.0,-152.0,-157.0,-152.5,-153.0,-156.0,-151.5,-155.0,-156.5,-155.0,-154.5,-154.0,-154.5,-157.0,-157.0,-157.0,-157.0,-155.0,-157.0,-157.0,-157.0,-153.5,-154.0,-157.0,-155.0,-157.0,-157.0,-157.0,-155.5,-157.0,-154.5,-157.0,-157.0,-157.0,-157.0,-155.5,-154.0,-157.0,-154.5,-155.5,-157.0,-157.0,-157.0,-153.5,-154.0,-152.0,-151.0,-154.0,-152.0,-153.5,-157.0,-157.0,-154.5,-157.0,-157.0,-157.0,-155.0,-157.0,-157.0,-156.5,-156.5,-157.0,-157.0,-144.5,-145.0,-156.5,-154.5,-157.0,-157.0,-157.0,-154.5,-154.5,-157.0,-153.5,-153.5,-155.0,-156.5,-157.0,-157.0,-152.0,-155.0,-157.0,-157.0,-155.0,-156.5,-157.0,-157.0,-157.0,-153.0,-152.5,-155.5,-157.0,-157.0,-156.0,-157.0,-154.5,-157.0,-157.0,-157.0,-154.0,-156.5,-157.0,-154.0,-152.0,-157.0,-152.5,-151.5,-154.5,-153.0,-151.0,-157.0,-157.0,-157.0,-156.0,-154.0,-152.5,-157.0,-155.0,-157.0,-156.0,-155.5,-155.0,-155.0,-156.0,-153.0,-157.0,-157.0,-156.5,-157.0,-157.0,-157.0,-157.0,-157.0,-154.0,-154.5,-157.0,-157.0,-157.0,-154.0,-157.0,-157.0,-155.0,-157.0,-154.5,-155.5,-157.0,-157.0,-157.0,-156.0,-152.5,-151.0,-157.0,-154.0,-152.0,-155.0,-157.0,-157.0,-156.5,-151.0,-153.5,-155.0,-155.5,-156.5,-157.0,-157.0,-157.0,-157.0,-157.0,-157.0,-157.0,-157.0,-157.0,-157.0,-157.0,-156.5,-149.5,-151.5,-155.0,-155.0,-157.0,-157.0,-157.0,-157.0,-157.0,-156.5,-157.0,-157.0,-157.0,-157.0,-157.0,-157.0,-157.0,-156.0,-153.0,-153.0,-157.0,-157.0,-156.5,-155.0,-157.0,-154.5,-151.5,-154.5,-157.0,-157.0,-152.0,-155.5,-157.0,-157.0,-156.0,-157.0,-155.0,-152.5,-154.5,-157.0,-156.5,-157.0,-155.5,-157.0,-152.0,-150.0,-150.0,-150.5,-153.0,-154.0,-153.5,-157.0,-157.0,-156.0,-156.0,-155.0,-155.5,-157.0,-157.0,-153.5,-152.0,-152.0,-157.0,-155.0,-157.0,-157.0,-156.5,-151.5,-156.0,-152.5,-151.0,-155.0,-157.0,-156.5,-153.0,-149.0,-153.5,-152.5,-152.5,-153.5,-156.0,-150.5,-151.5,-157.0,-155.5,-156.5,-155.5,-157.0,-157.0,-157.0,-157.0,-155.0,-154.0,-152.0,-156.5,-157.0,-157.0,-157.0,-152.5,-154.0,-157.0,-157.0,-157.0,-155.0,-155.0,-157.0,-154.0,-150.0,-150.0,-155.5,-157.0,-156.0,-153.5,-155.5,-157.0,-156.0,-152.0,-157.0,-157.0,-157.0,-157.0
2026-01-17 14:24:16.111,143.049967,5,-77,-157.0,-157.0,-154.5,-157.0,-157.0,-157.0,-157.0,-157.0,-157.0,-154.5,-157.0,-154.5,-152.5,-154.5,-154.0,-152.0,-157.0,-157.0,-153.0,-155.0,-157.0,-153.5,-153.5,-155.5,-157.0,-157.0,-157.0,-157.0,-155.5,-154.5,-157.0,-156.5,-157.0,-157.0,-157.0,-157.0,-156.0,-150.5,-151.0,-155.0,-154.0,-153.0,-151.5,-155.5,-155.0,-157.0,-157.0,-156.0,-154.0,-157.0,-157.0,-157.0,-156.0,-156.5,-157.0,-157.0,-157.0,-157.0,-156.5,-157.0,-154.5,-157.0,-155.5,-157.0,-157.0,-154.0,-155.5,-155.5,-155.0,-155.5,-157.0,-157.0,-152.0,-150.5,-154.0,-154.5,-157.0,-157.0,-157.0,-156.0,-157.0,-155.5,-157.0,-157.0,-155.0,-156.5,-157.0,-157.0,-155.0,-155.0,-151.0,-152.0,-154.0,-155.5,-156.0,-157.0,-157.0,-152.5,-153.0,-153.5,-155.5,-152.0,-151.5,-157.0,-157.0,-157.0,-157.0,-153.5,-157.0,-157.0,-157.0,-153.0,-152.0,-157.0,-157.0,-153.5,-155.0,-156.5,-155.0,-153.5,-157.0,-157.0,-157.0,-157.0,-153.5,-153.0,-151.5,-157.0,-156.0,-157.0,-156.0,-155.0,-152.5,-156.0,-153.0,-157.0,-157.0,-155.0,-157.0,-153.5,-154.0,-155.5,-154.5,-156.0,-156.5,-157.0,-153.5,-153.0,-157.0,-157.0,-157.0,-157.0,-156.0,-156.5,-155.5,-154.5,-157.0,-157.0,-157.0,-157.0,-157.0,-157.0,-155.0,-152.5,-154.5,-157.0,-156.0,-157.0,-152.0,-157.0,-154.5,-155.0,-157.0,-156.5,-155.5,-157.0,-157.0,-155.0,-157.0,-152.5,-150.5,-154.0,-150.5,-153.5,-156.0,-155.0,-157.0,-157.0,-152.5,-154.5,-154.5,-154.5,-157.0,-157.0,-157.0,-157.0,-157.0,-157.0,-157.0,-156.0,-157.0,-157.0,-157.0,-154.0,-157.0,-157.0,-157.0,-157.0,-157.0,-156.0,-156.0,-155.5,-156.5,-157.0,-157.0,-156.0,-154.0,-153.5,-157.0,-156.5,-154.5,-157.0,-152.0,-153.0,-157.0,-155.5,-157.0,-154.5,-155.5,-157.0,-157.0,-155.0,-155.0,-157.0,-157.0,-154.5,-154.0,-157.0,-151.0,-154.0,-157.0,-157.0,-144.0,-145.5,-155.0,-153.0,-157.0,-156.0,-153.0,-151.5,-156.0,-156.5,-155.5,-152.5,-154.0,-157.0,-157.0,-156.0,-155.5,-154.5,-157.0,-156.0,-151.5,-156.5,-156.5,-157.0,-157.0,-156.0,-153.0,-157.0,-157.0,-156.0,-157.0,-155.0,-156.5,-156.5,-157.0,-157.0,-154.5,-157.0,-157.0,-155.5,-153.5,-157.0,-153.5,-153.0,-156.0,-156.0,-154.0,-157.0,-157.0,-157.0,-157.0,-157.0,-154.5,-154.0,-157.0,-157.0,-157.0,-155.0,-154.5,-151.0,-153.0,-154.0,-156.5,-157.0,-152.0,-154.0,-157.0,-157.0,-157.0,-157.0,-153.0,-157.0,-157.0,-157.0,-156.0,-154.0,-155.5,-157.0,-156.0,-157.0,-155.0,-155.0,-154.0,-157.0,-157.0,-157.0,-153.0,-154.0,-156.0,-157.0,-156.5,-155.0,-152.0,-153.0,-157.0,-149.5,-151.5,-151.5,-154.0,-157.0,-157.0,-154.5,-155.0,-157.0,-157.0,-157.0,-157.0,-157.0,-157.0,-157.0,-157.0,-155.5,-153.5,-151.5,-157.0,-156.5,-155.5,-156.5,-157.0,-156.5,-157.0,-157.0,-157.0,-157.0,-157.0,-157.0,-157.0,-157.0,-157.0,-157.0,-152.0,-157.0,-156.5,-157.0,-154.0,-153.5,-157.0,-153.0,-152.0,-152.5,-155.5,-157.0,-153.5,-152.0,-154.5,-156.5,-156.0,-157.0,-155.0,-155.5,-157.0,-156.5,-154.5,-157.0,-154.0,-155.0,-153.5,-151.5,-150.5,-152.0,-157.0,-157.0,-151.5,-154.5,-157.0,-155.5,-157.0,-155.5,-152.5,-153.0,-157.0,-157.0,-154.5,-151.0,-152.5,-154.5,-155.0,-157.0,-152.5,-152.0,-157.0,-155.5,-155.0,-156.5,-155.0,-157.0,-153.5,-150.0,-151.0,-152.0,-157.0,-157.0,-151.5,-150.5,-152.5,-157.0,-155.0,-157.0,-157.0,-157.0,-157.0,-157.0,-157.0,-153.0,-152.0,-150.5,-154.5,-157.0,-154.5,-152.5,-152.0,-157.0,-157.0,-157.0,-157.0,-157.0,-156.5,-157.0,-152.5,-151.0,-155.0,-157.0,-157.0,-157.0,-155.0,-157.0,-155.5,-155.5,-152.0,-156.5,-153.5,-157.0,-157.0
2026-01-17 14:24:16.144,143.049967,5,-77,-157.0,-157.0,-151.5,-157.0,-157.0,-157.0,-157.0,-157.0,-157.0,-154.0,-154.0,-157.0,-150.0,-153.0,-157.0,-153.0,-154.5,-157.0,-151.5,-152.5,-152.5,-154.0,-157.0,-157.0,-157.0,-157.0,-156.0,-157.0,-157.0,-155.5,-157.0,-154.0,-157.0,-157.0,-157.0,-157.0,-157.0,-156.0,-156.0,-155.5,-153.5,-156.0,-156.0,-152.0,-157.0,-157.0,-157.0,-155.5,-153.0,-157.0,-157.0,-157.0,-156.0,-157.0,-157.0,-157.0,-157.0,-157.0,-153.5,-155.5,-154.0,-154.5,-157.0,-155.0,-157.0,-156.0,-156.5,-154.0,-157.0,-157.0,-157.0,-157.0,-157.0,-153.5,-154.5,-154.5,-157.0,-157.0,-157.0,-157.0,-153.0,-153.5,-157.0,-157.0,-153.5,-152.5,-157.0,-157.0,-157.0,-152.0,-151.5,-155.0,-155.0,-157.0,-155.5,-157.0,-152.0,-150.5,-154.0,-156.0,-156.0,-154.0,-156.0,-157.0,-157.0,-157.0,-157.0,-157.0,-155.5,-155.0,-155.5,-157.0,-152.0,-157.0,-157.0,-157.0,-155.5,-155.0,-154.5,-155.0,-155.0,-156.5,-157.0,-155.0,-153.5,-149.5,-149.5,-157.0,-156.0,-157.0,-157.0,-156.5,-151.5,-154.0,-154.0,-156.5,-157.0,-156.5,-155.5,-156.5,-155.5,-157.0,-153.5,-154.5,-157.0,-157.0,-156.5,-154.5,-157.0,-157.0,-157.0,-153.0,-154.0,-157.0,-157.0,-151.0,-157.0,-157.0,-157.0,-157.0,-155.5,-155.5,-154.5,-152.0,-153.0,-154.0,-152.5,-155.0,-153.5,-157.0,-155.0,-154.5,-155.0,-157.0,-157.0,-157.0,-157.0,-154.0,-155.0,-157.0,-155.0,-157.0,-152.5,-153.0,-157.0,-157.0,-157.0,-157.0,-151.5,-157.0,-157.0,-156.5,-157.0,-157.0,-157.0,-157.0,-157.0,-154.0,-155.0,-153.0,-154.5,-157.0,-156.5,-154.5,-157.0,-157.0,-156.0,-157.0,-154.5,-157.0,-157.0,-157.0,-155.0,-157.0,-157.0,-154.0,-149.5,-150.0,-157.0,-154.5,-152.0,-155.5,-154.5,-157.0,-155.5,-157.0,-157.0,-157.0,-156.0,-157.0,-157.0,-157.0,-155.0,-153.5,-157.0,-157.0,-157.0,-154.5,-149.0,-151.5,-157.0,-157.0,-143.5,-143.5,-152.0,-150.5,-153.0,-151.0,-156.5,-154.5,-156.0,-156.0,-157.0,-157.0,-157.0,-157.0,-157.0,-155.0,-157.0,-156.5,-155.0,-155.5,-150.0,-155.0,-156.0,-157.0,-157.0,-157.0,-157.0,-157.0,-154.0,-153.0,-157.0,-157.0,-157.0,-154.5,-156.0,-156.5,-155.0,-157.0,-157.0,-157.0,-157.0,-157.0,-155.0,-156.5,-157.0,-157.0,-157.0,-156.5,-157.0,-157.0,-157.0,-157.0,-155.5,-155.0,-153.5,-154.0,-157.0,-157.0,-157.0,-149.5,-152.5,-157.0,-157.0,-157.0,-151.0,-154.5,-157.0,-156.0,-157.0,-157.0,-152.0,-154.5,-157.0,-153.0,-153.5,-157.0,-156.0,-157.0,-154.5,-157.0,-157.0,-157.0,-154.5,-157.0,-157.0,-157.0,-155.0,-157.0,-157.0,-157.0,-157.0,-157.0,-150.0,-151.0,-157.0,-150.0,-156.5,-155.5,-154.0,-157.0,-157.0,-152.0,-153.5,-157.0,-157.0,-157.0,-157.0,-157.0,-157.0,-157.0,-153.5,-153.0,-156.5,-156.0,-157.0,-155.0,-154.0,-155.5,-152.0,-151.0,-157.0,-157.0,-157.0,-157.0,-157.0,-155.0,-156.5,-157.0,-152.0,-150.5,-149.5,-155.5,-153.0,-153.5,-155.5,-152.5,-157.0,-154.5,-154.5,-156.5,-155.0,-157.0,-157.0,-155.0,-154.0,-153.0,-154.5,-157.0,-157.0,-156.0,-157.0,-157.0,-154.0,-155.5,-154.0,-154.5,-157.0,-156.5,-155.5,-156.0,-157.0,-157.0,-152.0,-155.0,-154.0,-154.0,-157.0,-156.5,-153.5,-153.0,-156.0,-156.5,-157.0,-151.5,-149.5,-151.0,-153.5,-157.0,-152.0,-156.0,-157.0,-157.0,-157.0,-157.0,-157.0,-157.0,-153.5,-154.0,-154.5,-154.5,-157.0,-157.0,-155.0,-152.5,-151.5,-152.5,-151.5,-154.0,-154.5,-157.0,-157.0,-157.0,-157.0,-151.0,-151.0,-152.0,-157.0,-157.0,-153.0,-153.0,-156.0,-156.0,-156.0,-157.0,-154.0,-155.0,-152.0,-157.0,-154.0,-156.5,-157.0,-157.0,-157.0,-157.0,-157.0,-157.0,-153.5,-157.0,-156.0,-157.0,-152.5,-151.5,-157.0
2026-01-17 14:24:16.179,143.049967,5,-77,-157.0,-157.0,-152.0,-153.0,-156.5,-157.0,-157.0,-156.5,-157.0,-155.0,-151.0,-157.0,-150.5,-153.0,-157.0,-155.5,-155.0,-157.0,-152.0,-156.0,-153.0,-157.0,-157.0,-157.0,-157.0,-157.0,-153.5,-154.0,-157.0,-157.0,-157.0,-156.0,-156.0,-154.0,-157.0,-157.0,-157.0,-157.0,-153.0,-154.0,-153.5,-155.0,-154.5,-152.0,-157.0,-154.5,-155.5,-151.5,-151.0,-154.0,-155.0,-157.0,-157.0,-156.0,-157.0,-157.0,-157.0,-157.0,-157.0,-155.0,-156.0,-153.0,-157.0,-153.5,-155.5,-153.5,-157.0,-154.0,-156.5,-157.0,-157.0,-157.0,-157.0,-157.0,-152.0,-151.0,-154.5,-157.0,-156.0,-155.5,-153.5,-152.5,-157.0,-157.0,-155.0,-153.0,-157.0,-157.0,-157.0,-157.0,-151.0,-157.0,-154.5,-154.0,-154.0,-156.0,-151.5,-149.5,-156.0,-157.0,-157.0,-155.5,-157.0,-157.0,-156.0,-157.0,-157.0,-157.0,-153.5,-154.0,-154.0,-155.5,-152.5,-156.0,-157.0,-157.0,-157.0,-156.5,-156.0,-157.0,-156.5,-153.0,-155.5,-153.5,-157.0,-153.5,-152.5,-157.0,-157.0,-155.0,-157.0,-157.0,-156.0,-157.0,-155.5,-156.5,-157.0,-157.0,-154.5,-157.0,-157.0,-156.5,-151.5,-153.5,-156.0,-155.5,-157.0,-157.0,-153.5,-154.5,-157.0,-155.0,-156.0,-157.0,-157.0,-152.0,-157.0,-155.5,-153.5,-157.0,-156.5,-156.0,-156.0,-153.5,-157.0,-155.5,-153.5,-152.5,-156.5,-157.0,-157.0,-157.0,-157.0,-157.0,-157.0,-157.0,-157.0,-155.5,-157.0,-157.0,-157.0,-157.0,-155.0,-154.0,-157.0,-157.0,-156.0,-154.0,-148.0,-157.0,-157.0,-156.5,-157.0,-157.0,-157.0,-157.0,-157.0,-151.0,-157.0,-153.0,-155.0,-155.0,-157.0,-157.0,-156.0,-157.0,-155.0,-152.5,-151.0,-154.0,-157.0,-157.0,-155.0,-157.0,-157.0,-157.0,-151.5,-149.5,-153.5,-156.0,-151.5,-157.0,-157.0,-157.0,-150.5,-150.5,-157.0,-157.0,-157.0,-157.0,-157.0,-157.0,-156.5,-151.0,-156.5,-157.0,-157.0,-154.5,-152.5,-155.0,-155.0,-157.0,-143.0,-144.0,-151.0,-152.0,-151.5,-150.5,-155.0,-157.0,-157.0,-155.5,-157.0,-157.0,-157.0,-157.0,-157.0,-155.0,-157.0,-157.0,-157.0,-157.0,-150.5,-151.5,-157.0,-157.0,-153.0,-154.0,-157.0,-157.0,-153.0,-153.0,-157.0,-157.0,-157.0,-153.5,-154.5,-154.5,-157.0,-156.0,-154.5,-157.0,-157.0,-157.0,-157.0,-156.0,-157.0,-157.0,-157.0,-157.0,-157.0,-155.5,-157.0,-157.0,-156.5,-156.0,-150.0,-152.0,-157.0,-157.0,-155.5,-146.0,-145.5,-154.5,-157.0,-157.0,-151.5,-154.0,-157.0,-152.5,-157.0,-155.0,-156.5,-157.0,-157.0,-155.0,-155.5,-157.0,-157.0,-157.0,-156.5,-156.5,-157.0,-157.0,-157.0,-157.0,-154.5,-156.5,-157.0,-157.0,-157.0,-157.0,-157.0,-157.0,-153.0,-156.0,-154.5,-149.5,-151.0,-157.0,-153.0,-157.0,-157.0,-154.5,-155.5,-156.0,-157.0,-157.0,-157.0,-157.0,-157.0,-157.0,-149.5,-150.5,-155.5,-157.0,-153.0,-157.0,-156.5,-156.5,-157.0,-152.5,-157.0,-157.0,-157.0,-157.0,-157.0,-155.5,-156.5,-155.0,-151.0,-154.0,-148.5,-149.0,-152.5,-151.0,-157.0,-155.5,-155.5,-157.0,-155.0,-157.0,-151.5,-153.5,-157.0,-154.5,-154.5,-154.0,-154.5,-155.0,-156.5,-153.0,-153.0,-154.5,-157.0,-157.0,-154.5,-152.0,-157.0,-155.5,-155.5,-156.5,-155.5,-152.0,-152.5,-157.0,-155.5,-153.5,-157.0,-154.0,-151.5,-152.5,-157.0,-154.0,-153.5,-155.5,-148.5,-150.0,-157.0,-157.0,-155.5,-156.0,-157.0,-157.0,-157.0,-157.0,-157.0,-153.5,-153.5,-155.5,-156.5,-157.0,-157.0,-154.0,-154.5,-157.0,-153.0,-153.5,-149.5,-149.0,-152.5,-157.0,-157.0,-157.0,-157.0,-155.0,-157.0,-153.0,-154.5,-157.0,-156.0,-154.5,-157.0,-155.0,-156.0,-157.0,-153.0,-150.5,-150.5,-157.0,-156.0,-157.0,-157.0,-157.0,-157.0,-157.0,-157.0,-157.0,-154.0,-154.0,-157.0,-157.0,-157.0,-151.0,-157.0
2026-01-17 14:24:16.181,143.049967,5,-77,-157.0,-157.0,-152.0,-153.0,-156.5,-157.0,-157.0,-156.5,-157.0,-155.0,-151.0,-157.0,-150.5,-153.0,-157.0,-155.5,-155.0,-157.0,-152.0,-156.0,-153.0,-157.0,-157.0,-157.0,-157.0,-157.0,-153.5,-154.0,-157.0,-157.0,-157.0,-156.0,-156.0,-154.0,-157.0,-157.0,-157.0,-157.0,-153.0,-154.0,-153.5,-155.0,-154.5,-152.0,-157.0,-154.5,-155.5,-151.5,-151.0,-154.0,-155.0,-157.0,-157.0,-156.0,-157.0,-157.0,-157.0,-157.0,-157.0,-155.0,-156.0,-153.0,-157.0,-153.5,-155.5,-153.5,-157.0,-154.0,-156.5,-157.0,-157.0,-157.0,-157.0,-157.0,-152.0,-151.0,-154.5,-157.0,-156.0,-155.5,-153.5,-152.5,-157.0,-157.0,-155.0,-153.0,-157.0,-157.0,-157.0,-157.0,-151.0,-157.0,-154.5,-154.0,-154.0,-156.0,-151.5,-149.5,-156.0,-157.0,-157.0,-155.5,-157.0,-157.0,-156.0,-157.0,-157.0,-157.0,-153.5,-154.0,-154.0,-155.5,-152.5,-156.0,-157.0,-157.0,-157.0,-156.5,-156.0,-157.0,-156.5,-153.0,-155.5,-153.5,-157.0,-153.5,-152.5,-157.0,-157.0,-155.0,-157.0,-157.0,-156.0,-157.0,-155.5,-156.5,-157.0,-157.0,-154.5,-157.0,-157.0,-156.5,-151.5,-153.5,-156.0,-155.5,-157.0,-157.0,-153.5,-154.5,-157.0,-155.0,-156.0,-157.0,-157.0,-152.0,-157.0,-155.5,-153.5,-157.0,-156.5,-156.0,-156.0,-153.5,-157.0,-155.5,-153.5,-152.5,-156.5,-157.0,-157.0,-157.0,-157.0,-157.0,-157.0,-157.0,-157.0,-155.5,-157.0,-157.0,-157.0,-157.0,-155.0,-154.0,-157.0,-157.0,-156.0,-154.0,-148.0,-157.0,-157.0,-156.5,-157.0,-157.0,-157.0,-157.0,-157.0,-151.0,-157.0,-153.0,-155.0,-155.0,-157.0,-157.0,-156.0,-157.0,-155.0,-152.5,-151.0,-154.0,-157.0,-157.0,-155.0,-157.0,-157.0,-157.0,-151.5,-149.5,-153.5,-156.0,-151.5,-157.0,-157.0,-157.0,-150.5,-150.5,-157.0,-157.0,-157.0,-157.0,-157.0,-157.0,-156.5,-151.0,-156.5,-157.0,-157.0,-154.5,-152.5,-155.0,-155.0,-157.0,-143.0,-144.0,-151.0,-152.0,-151.5,-150.5,-155.0,-157.0,-157.0,-155.5,-157.0,-157.0,-157.0,-157.0,-157.0,-155.0,-157.0,-157.0,-157.0,-157.0,-150.5,-151.5,-157.0,-157.0,-153.0,-154.0,-157.0,-157.0,-153.0,-153.0,-157.0,-157.0,-157.0,-153.5,-154.5,-154.5,-157.0,-156.0,-154.5,-157.0,-157.0,-157.0,-157.0,-156.0,-157.0,-157.0,-157.0,-157.0,-157.0,-155.5,-157.0,-157.0,-156.5,-156.0,-150.0,-152.0,-157.0,-157.0,-155.5,-146.0,-145.5,-154.5,-157.0,-157.0,-151.5,-154.0,-157.0,-152.5,-157.0,-155.0,-156.5,-157.0,-157.0,-155.0,-155.5,-157.0,-157.0,-157.0,-156.5,-156.5,-157.0,-157.0,-157.0,-157.0,-154.5,-156.5,-157.0,-157.0,-157.0,-157.0,-157.0,-157.0,-153.0,-156.0,-154.5,-149.5,-151.0,-157.0,-153.0,-157.0,-157.0,-154.5,-155.5,-156.0,-157.0,-157.0,-157.0,-157.0,-157.0,-157.0,-149.5,-150.5,-155.5,-157.0,-153.0,-157.0,-156.5,-156.5,-157.0,-152.5,-157.0,-157.0,-157.0,-157.0,-157.0,-155.5,-156.5,-155.0,-151.0,-154.0,-148.5,-149.0,-152.5,-151.0,-157.0,-155.5,-155.5,-157.0,-155.0,-157.0,-151.5,-153.5,-157.0,-154.5,-154.5,-154.0,-154.5,-155.0,-156.5,-153.0,-153.0,-154.5,-157.0,-157.0,-154.5,-152.0,-157.0,-155.5,-155.5,-156.5,-155.5,-152.0,-152.5,-157.0,-155.5,-153.5,-157.0,-154.0,-151.5,-152.5,-157.0,-154.0,-153.5,-155.5,-148.5,-150.0,-157.0,-157.0,-155.5,-156.0,-157.0,-157.0,-157.0,-157.0,-157.0,-153.5,-153.5,-155.5,-156.5,-157.0,-157.0,-154.0,-154.5,-157.0,-153.0,-153.5,-149.5,-149.0,-152.5,-157.0,-157.0,-157.0,-157.0,-155.0,-157.0,-153.0,-154.5,-157.0,-156.0,-154.5,-157.0,-155.0,-156.0,-157.0,-153.0,-150.5,-150.5,-157.0,-156.0,-157.0,-157.0,-157.0,-157.0,-157.0,-157.0,-157.0,-154.0,-154.0,-157.0,-157.0,-157.0,-151.0,-157.0
2026-01-17 14:24:16.213,143.049967,5,-77,-157.0,-157.0,-155.0,-153.0,-157.0,-157.0,-157.0,-155.0,-157.0,-155.0,-151.0,-155.5,-154.5,-157.0,-157.0,-154.5,-157.0,-157.0,-153.5,-155.5,-153.5,-155.5,-157.0,-157.0,-157.0,-157.0,-155.5,-153.0,-155.0,-155.5,-156.5,-156.0,-156.5,-153.5,-157.0,-157.0,-157.0,-157.0,-151.5,-155.0,-156.0,-157.0,-156.0,-153.5,-153.0,-153.5,-154.5,-149.5,-149.0,-155.5,-154.5,-157.0,-157.0,-156.5,-157.0,-157.0,-157.0,-157.0,-157.0,-157.0,-154.0,-154.0,-157.0,-157.0,-157.0,-154.5,-155.0,-157.0,-157.0,-157.0,-157.0,-157.0,-156.5,-153.5,-151.0,-153.5,-153.0,-157.0,-156.0,-156.5,-157.0,-154.0,-155.5,-157.0,-154.5,-156.5,-153.5,-154.5,-157.0,-157.0,-149.5,-151.0,-156.0,-155.0,-157.0,-154.0,-155.5,-152.0,-153.0,-157.0,-157.0,-153.5,-155.0,-156.0,-154.0,-156.5,-157.0,-157.0,-157.0,-157.0,-153.5,-153.0,-157.0,-157.0,-157.0,-154.0,-155.5,-157.0,-157.0,-156.5,-157.0,-152.5,-154.0,-156.0,-157.0,-157.0,-157.0,-157.0,-157.0,-153.5,-157.0,-157.0,-157.0,-157.0,-157.0,-157.0,-156.0,-154.5,-154.5,-154.0,-157.0,-157.0,-153.5,-157.0,-153.5,-157.0,-157.0,-157.0,-155.0,-154.5,-157.0,-157.0,-157.0,-156.0,-153.0,-153.5,-157.0,-151.5,-150.5,-154.5,-157.0,-157.0,-151.5,-150.5,-157.0,-157.0,-157.0,-156.0,-156.0,-156.0,-154.0,-157.0,-157.0,-157.0,-157.0,-157.0,-156.5,-157.0,-157.0,-157.0,-157.0,-157.0,-157.0,-157.0,-154.0,-152.5,-151.0,-153.5,-148.5,-153.0,-157.0,-155.5,-157.0,-157.0,-152.5,-156.5,-157.0,-150.0,-151.0,-155.0,-157.0,-154.5,-157.0,-156.0,-157.0,-157.0,-157.0,-157.0,-155.0,-155.5,-155.0,-155.0,-154.5,-157.0,-157.0,-157.0,-157.0,-151.5,-151.5,-157.0,-151.0,-155.5,-157.0,-157.0,-151.0,-149.5,-157.0,-156.5,-157.0,-157.0,-155.0,-157.0,-157.0,-155.5,-157.0,-157.0,-157.0,-155.0,-156.0,-157.0,-156.5,-156.0,-142.5,-144.5,-155.0,-157.0,-156.5,-157.0,-156.5,-157.0,-156.0,-157.0,-157.0,-157.0,-157.0,-157.0,-157.0,-157.0,-157.0,-157.0,-157.0,-157.0,-152.5,-152.5,-157.0,-153.0,-153.0,-151.5,-151.5,-155.5,-156.5,-157.0,-157.0,-157.0,-154.5,-153.5,-154.5,-157.0,-157.0,-157.0,-153.5,-155.5,-157.0,-157.0,-157.0,-154.0,-155.0,-157.0,-157.0,-157.0,-153.0,-154.0,-155.5,-155.5,-153.0,-157.0,-152.0,-152.5,-151.5,-154.0,-157.0,-147.5,-146.0,-152.0,-153.5,-157.0,-155.0,-156.5,-157.0,-151.5,-156.0,-153.5,-157.0,-157.0,-157.0,-157.0,-157.0,-157.0,-157.0,-152.0,-157.0,-153.0,-157.0,-157.0,-157.0,-157.0,-155.5,-157.0,-157.0,-157.0,-157.0,-157.0,-157.0,-157.0,-154.5,-155.5,-156.0,-151.0,-153.5,-154.5,-154.0,-156.5,-157.0,-155.0,-156.5,-156.0,-157.0,-157.0,-157.0,-157.0,-157.0,-152.0,-152.5,-150.0,-151.0,-153.0,-151.0,-157.0,-157.0,-157.0,-157.0,-157.0,-157.0,-157.0,-157.0,-157.0,-154.0,-157.0,-154.5,-153.0,-154.0,-157.0,-153.0,-149.5,-155.0,-153.0,-154.5,-157.0,-157.0,-156.0,-157.0,-154.5,-149.5,-151.5,-157.0,-153.5,-154.0,-157.0,-156.5,-151.0,-154.0,-157.0,-153.0,-155.0,-155.5,-152.0,-155.5,-153.0,-157.0,-156.5,-157.0,-157.0,-157.0,-156.5,-157.0,-157.0,-157.0,-156.5,-156.5,-155.0,-153.0,-154.0,-155.5,-157.0,-154.5,-154.0,-152.5,-153.0,-157.0,-157.0,-157.0,-157.0,-156.5,-157.0,-157.0,-156.5,-157.0,-157.0,-157.0,-157.0,-152.0,-152.0,-157.0,-150.5,-151.5,-157.0,-157.0,-157.0,-151.0,-152.5,-157.0,-157.0,-157.0,-157.0,-157.0,-157.0,-157.0,-153.5,-157.0,-155.5,-155.0,-155.0,-155.0,-154.5,-157.0,-157.0,-157.0,-154.5,-156.0,-157.0,-155.0,-157.0,-155.0,-156.0,-157.0,-157.0,-157.0,-157.0,-157.0,-153.0,-157.0,-157.0,-157.0,-153.0,-157.0
2026-01-17 14:24:16.216,143.049967,5,-77,-157.0,-157.0,-155.0,-153.0,-157.0,-157.0,-157.0,-155.0,-157.0,-155.0,-151.0,-155.5,-154.5,-157.0,-157.0,-154.5,-157.0,-157.0,-153.5,-155.5,-153.5,-155.5,-157.0,-157.0,-157.0,-157.0,-155.5,-153.0,-155.0,-155.5,-156.5,-156.0,-156.5,-153.5,-157.0,-157.0,-157.0,-157.0,-151.5,-155.0,-156.0,-157.0,-156.0,-153.5,-153.0,-153.5,-154.5,-149.5,-149.0,-155.5,-154.5,-157.0,-157.0,-156.5,-157.0,-157.0,-157.0,-157.0,-157.0,-157.0,-154.0,-154.0,-157.0,-157.0,-157.0,-154.5,-155.0,-157.0,-157.0,-157.0,-157.0,-157.0,-156.5,-153.5,-151.0,-153.5,-153.0,-157.0,-156.0,-156.5,-157.0,-154.0,-155.5,-157.0,-154.5,-156.5,-153.5,-154.5,-157.0,-157.0,-149.5,-151.0,-156.0,-155.0,-157.0,-154.0,-155.5,-152.0,-153.0,-157.0,-157.0,-153.5,-155.0,-156.0,-154.0,-156.5,-157.0,-157.0,-157.0,-157.0,-153.5,-153.0,-157.0,-157.0,-157.0,-154.0,-155.5,-157.0,-157.0,-156.5,-157.0,-152.5,-154.0,-156.0,-157.0,-157.0,-157.0,-157.0,-157.0,-153.5,-157.0,-157.0,-157.0,-157.0,-157.0,-157.0,-156.0,-154.5,-154.5,-154.0,-157.0,-157.0,-153.5,-157.0,-153.5,-157.0,-157.0,-157.0,-155.0,-154.5,-157.0,-157.0,-157.0,-156.0,-153.0,-153.5,-157.0,-151.5,-150.5,-154.5,-157.0,-157.0,-151.5,-150.5,-157.0,-157.0,-157.0,-156.0,-156.0,-156.0,-154.0,-157.0,-157.0,-157.0,-157.0,-157.0,-156.5,-157.0,-157.0,-157.0,-157.0,-157.0,-157.0,-157.0,-154.0,-152.5,-151.0,-153.5,-148.5,-153.0,-157.0,-155.5,-157.0,-157.0,-152.5,-156.5,-157.0,-150.0,-151.0,-155.0,-157.0,-154.5,-157.0,-156.0,-157.0,-157.0,-157.0,-157.0,-155.0,-155.5,-155.0,-155.0,-154.5,-157.0,-157.0,-157.0,-157.0,-151.5,-151.5,-157.0,-151.0,-155.5,-157.0,-157.0,-151.0,-149.5,-157.0,-156.5,-157.0,-157.0,-155.0,-157.0,-157.0,-155.5,-157.0,-157.0,-157.0,-155.0,-156.0,-157.0,-156.5,-156.0,-142.5,-144.5,-155.0,-157.0,-156.5,-157.0,-156.5,-157.0,-156.0,-157.0,-157.0,-157.0,-157.0,-157.0,-157.0,-157.0,-157.0,-157.0,-157.0,-157.0,-152.5,-152.5,-157.0,-153.0,-153.0,-151.5,-151.5,-155.5,-156.5,-157.0,-157.0,-157.0,-154.5,-153.5,-154.5,-157.0,-157.0,-157.0,-153.5,-155.5,-157.0,-157.0,-157.0,-154.0,-155.0,-157.0,-157.0,-157.0,-153.0,-154.0,-155.5,-155.5,-153.0,-157.0,-152.0,-152.5,-151.5,-154.0,-157.0,-147.5,-146.0,-152.0,-153.5,-157.0,-155.0,-156.5,-157.0,-151.5,-156.0,-153.5,-157.0,-157.0,-157.0,-157.0,-157.0,-157.0,-157.0,-152.0,-157.0,-153.0,-157.0,-157.0,-157.0,-157.0,-155.5,-157.0,-157.0,-157.0,-157.0,-157.0,-157.0,-157.0,-154.5,-155.5,-156.0,-151.0,-153.5,-154.5,-154.0,-156.5,-157.0,-155.0,-156.5,-156.0,-157.0,-157.0,-157.0,-157.0,-157.0,-152.0,-152.5,-150.0,-151.0,-153.0,-151.0,-157.0,-157.0,-157.0,-157.0,-157.0,-157.0,-157.0,-157.0,-157.0,-154.0,-157.0,-154.5,-153.0,-154.0,-157.0,-153.0,-149.5,-155.0,-153.0,-154.5,-157.0,-157.0,-156.0,-157.0,-154.5,-149.5,-151.5,-157.0,-153.5,-154.0,-157.0,-156.5,-151.0,-154.0,-157.0,-153.0,-155.0,-155.5,-152.0,-155.5,-153.0,-157.0,-156.5,-157.0,-157.0,-157.0,-156.5,-157.0,-157.0,-157.0,-156.5,-156.5,-155.0,-153.0,-154.0,-155.5,-157.0,-154.5,-154.0,-152.5,-153.0,-157.0,-157.0,-157.0,-157.0,-156.5,-157.0,-157.0,-156.5,-157.0,-157.0,-157.0,-157.0,-152.0,-152.0,-157.0,-150.5,-151.5,-157.0,-157.0,-157.0,-151.0,-152.5,-157.0,-157.0,-157.0,-157.0,-157.0,-157.0,-157.0,-153.5,-157.0,-155.5,-155.0,-155.0,-155.0,-154.5,-157.0,-157.0,-157.0,-154.5,-156.0,-157.0,-155.0,-157.0,-155.0,-156.0,-157.0,-157.0,-157.0,-157.0,-157.0,-153.0,-157.0,-157.0,-157.0,-153.0,-157.0
2026-01-17 14:24:16.249,143.049967,5,-77,-157.0,-157.0,-155.0,-157.0,-157.0,-157.0,-156.0,-154.5,-157.0,-157.0,-153.0,-157.0,-157.0,-157.0,-153.5,-154.0,-157.0,-157.0,-155.0,-156.5,-154.0,-154.0,-157.0,-156.0,-157.0,-157.0,-157.0,-155.0,-156.0,-154.0,-153.0,-156.5,-156.0,-155.5,-157.0,-157.0,-157.0,-155.0,-153.5,-154.5,-157.0,-156.0,-156.5,-157.0,-152.5,-155.0,-157.0,-154.5,-151.5,-157.0,-157.0,-157.0,-157.0,-153.5,-153.0,-157.0,-157.0,-157.0,-155.5,-157.0,-157.0,-156.5,-153.5,-157.0,-157.0,-157.0,-157.0,-157.0,-157.0,-157.0,-157.0,-155.0,-157.0,-156.5,-155.5,-157.0,-154.5,-157.0,-156.5,-157.0,-157.0,-157.0,-156.0,-157.0,-155.0,-157.0,-153.0,-157.0,-157.0,-156.0,-154.5,-151.0,-157.0,-157.0,-157.0,-153.5,-157.0,-152.5,-152.5,-154.5,-155.5,-156.5,-157.0,-155.5,-157.0,-157.0,-157.0,-156.5,-157.0,-157.0,-152.5,-152.5,-156.0,-157.0,-157.0,-152.0,-154.5,-157.0,-157.0,-155.5,-157.0,-155.0,-157.0,-157.0,-157.0,-157.0,-157.0,-157.0,-157.0,-154.0,-155.5,-157.0,-157.0,-157.0,-157.0,-157.0,-152.5,-152.0,-155.0,-157.0,-157.0,-157.0,-155.0,-157.0,-154.0,-156.0,-157.0,-157.0,-157.0,-155.0,-157.0,-157.0,-157.0,-157.0,-156.5,-157.0,-157.0,-154.5,-154.0,-153.0,-157.0,-157.0,-151.5,-151.0,-156.0,-155.0,-157.0,-157.0,-155.5,-157.0,-152.5,-156.0,-157.0,-157.0,-157.0,-155.5,-157.0,-157.0,-157.0,-157.0,-155.0,-155.5,-157.0,-157.0,-155.5,-149.0,-148.0,-154.0,-153.5,-156.0,-157.0,-156.5,-155.5,-157.0,-150.5,-157.0,-157.0,-152.5,-152.5,-157.0,-157.0,-153.5,-155.0,-152.5,-156.5,-156.5,-155.5,-157.0,-157.0,-157.0,-157.0,-157.0,-157.0,-157.0,-157.0,-157.0,-156.0,-157.0,-157.0,-157.0,-153.0,-152.5,-156.5,-157.0,-156.0,-153.5,-157.0,-152.0,-152.0,-152.0,-152.5,-157.0,-157.0,-157.0,-157.0,-157.0,-157.0,-152.5,-154.5,-155.5,-157.0,-156.5,-143.0,-143.5,-157.0,-157.0,-157.0,-157.0,-157.0,-157.0,-155.0,-157.0,-157.0,-155.5,-157.0,-157.0,-157.0,-157.0,-155.0,-157.0,-157.0,-157.0,-155.0,-157.0,-157.0,-154.0,-155.5,-152.5,-152.0,-155.0,-156.5,-157.0,-157.0,-157.0,-157.0,-156.5,-154.5,-156.5,-154.5,-157.0,-157.0,-157.0,-157.0,-157.0,-157.0,-155.5,-154.0,-157.0,-157.0,-157.0,-154.0,-157.0,-157.0,-152.0,-151.0,-156.5,-156.5,-155.5,-153.0,-156.0,-157.0,-151.5,-149.0,-156.5,-154.0,-151.5,-153.0,-157.0,-157.0,-152.0,-157.0,-154.0,-156.0,-154.0,-154.0,-151.5,-156.5,-157.0,-155.5,-149.5,-150.5,-153.5,-157.0,-157.0,-157.0,-156.5,-157.0,-157.0,-157.0,-157.0,-156.5,-154.0,-155.5,-157.0,-156.5,-153.5,-157.0,-154.5,-153.5,-157.0,-157.0,-156.0,-153.0,-151.0,-157.0,-157.0,-156.0,-156.5,-157.0,-157.0,-157.0,-153.0,-157.0,-151.5,-150.5,-155.5,-152.0,-154.0,-155.5,-157.0,-156.0,-157.0,-157.0,-155.5,-156.5,-155.5,-154.0,-157.0,-155.5,-156.5,-157.0,-156.5,-154.5,-153.0,-157.0,-157.0,-154.5,-155.0,-155.0,-153.0,-155.0,-154.5,-151.5,-157.0,-157.0,-156.5,-156.0,-157.0,-157.0,-151.5,-156.0,-157.0,-152.5,-155.0,-157.0,-151.0,-153.5,-152.5,-157.0,-156.5,-157.0,-157.0,-157.0,-157.0,-157.0,-156.0,-156.5,-157.0,-157.0,-157.0,-157.0,-157.0,-153.5,-155.0,-157.0,-151.0,-152.5,-153.0,-154.0,-154.5,-157.0,-157.0,-153.0,-157.0,-156.0,-155.0,-157.0,-157.0,-155.0,-154.5,-152.5,-151.5,-157.0,-151.0,-153.0,-157.0,-157.0,-154.0,-153.5,-157.0,-157.0,-157.0,-157.0,-157.0,-157.0,-157.0,-153.5,-155.5,-157.0,-152.5,-153.5,-157.0,-152.0,-153.5,-153.5,-157.0,-156.0,-154.5,-157.0,-157.0,-157.0,-157.0,-156.0,-157.0,-157.0,-154.5,-155.0,-155.0,-157.0,-152.0,-152.5,-157.0,-156.0,-154.5,-157.0
2026-01-17 14:24:16.282,143.049967,5,-77,-157.0,-157.0,-155.5,-157.0,-157.0,-157.0,-156.0,-155.5,-157.0,-157.0,-157.0,-157.0,-157.0,-157.0,-153.0,-157.0,-157.0,-157.0,-155.0,-155.0,-157.0,-156.5,-157.0,-157.0,-154.5,-157.0,-157.0,-156.0,-157.0,-157.0,-153.5,-157.0,-157.0,-157.0,-157.0,-157.0,-157.0,-157.0,-157.0,-153.0,-155.0,-154.5,-156.0,-153.5,-150.0,-153.0,-157.0,-157.0,-155.0,-157.0,-157.0,-157.0,-154.0,-157.0,-153.5,-157.0,-157.0,-157.0,-157.0,-157.0,-157.0,-152.0,-150.0,-153.5,-157.0,-157.0,-157.0,-155.5,-157.0,-157.0,-155.5,-150.0,-154.5,-157.0,-157.0,-157.0,-157.0,-156.0,-156.0,-157.0,-157.0,-157.0,-157.0,-157.0,-156.0,-151.5,-151.5,-156.5,-155.5,-153.5,-156.5,-152.5,-157.0,-157.0,-157.0,-154.5,-157.0,-154.5,-154.5,-155.0,-157.0,-157.0,-157.0,-156.0,-157.0,-157.0,-157.0,-151.5,-151.0,-157.0,-155.5,-155.0,-152.0,-157.0,-157.0,-153.0,-155.0,-153.0,-157.0,-155.5,-157.0,-157.0,-157.0,-157.0,-156.5,-157.0,-157.0,-157.0,-157.0,-155.0,-157.0,-156.5,-157.0,-157.0,-157.0,-157.0,-150.5,-154.0,-157.0,-157.0,-157.0,-157.0,-153.5,-153.5,-157.0,-154.5,-157.0,-156.5,-157.0,-154.0,-154.5,-155.5,-157.0,-157.0,-157.0,-157.0,-157.0,-156.0,-157.0,-154.0,-155.5,-157.0,-156.5,-157.0,-155.5,-153.0,-157.0,-157.0,-153.0,-155.0,-152.5,-156.0,-156.5,-157.0,-156.0,-155.0,-157.0,-157.0,-157.0,-153.5,-155.0,-157.0,-154.0,-157.0,-157.0,-154.5,-150.0,-155.0,-156.0,-157.0,-157.0,-157.0,-157.0,-157.0,-151.0,-157.0,-155.0,-155.0,-157.0,-157.0,-157.0,-152.5,-153.0,-153.5,-157.0,-157.0,-157.0,-157.0,-157.0,-157.0,-157.0,-157.0,-157.0,-157.0,-157.0,-154.0,-151.5,-157.0,-157.0,-157.0,-156.5,-153.5,-154.5,-157.0,-157.0,-154.5,-153.5,-153.5,-154.5,-153.5,-156.5,-156.0,-157.0,-157.0,-157.0,-157.0,-154.0,-152.0,-157.0,-157.0,-157.0,-157.0,-143.5,-144.0,-156.5,-157.0,-157.0,-157.0,-157.0,-157.0,-154.0,-157.0,-157.0,-153.5,-157.0,-157.0,-157.0,-156.0,-154.5,-157.0,-156.0,-154.5,-156.0,-157.0,-157.0,-157.0,-157.0,-157.0,-153.5,-154.0,-157.0,-156.5,-157.0,-157.0,-157.0,-155.5,-151.5,-152.5,-150.5,-157.0,-157.0,-153.5,-153.0,-157.0,-157.0,-157.0,-157.0,-157.0,-157.0,-157.0,-157.0,-157.0,-157.0,-153.0,-156.0,-157.0,-155.0,-156.5,-157.0,-157.0,-155.0,-157.0,-149.5,-154.5,-157.0,-149.5,-150.0,-153.0,-150.0,-149.0,-157.0,-154.0,-157.0,-154.0,-157.0,-152.0,-156.0,-157.0,-157.0,-153.5,-154.0,-157.0,-157.0,-154.5,-153.0,-157.0,-157.0,-157.0,-155.0,-155.5,-157.0,-153.0,-153.5,-157.0,-157.0,-154.0,-155.5,-157.0,-152.5,-157.0,-157.0,-157.0,-152.5,-150.5,-157.0,-157.0,-157.0,-157.0,-157.0,-157.0,-157.0,-157.0,-157.0,-157.0,-155.5,-157.0,-153.0,-152.5,-154.0,-157.0,-157.0,-157.0,-157.0,-154.0,-154.5,-155.0,-154.5,-156.0,-157.0,-157.0,-157.0,-157.0,-157.0,-155.5,-157.0,-157.0,-157.0,-151.5,-149.5,-149.5,-151.5,-152.5,-157.0,-157.0,-154.5,-152.5,-157.0,-154.0,-157.0,-153.0,-157.0,-155.5,-152.0,-154.5,-157.0,-152.5,-157.0,-153.5,-157.0,-153.5,-155.0,-157.0,-157.0,-157.0,-157.0,-154.5,-155.5,-157.0,-157.0,-157.0,-157.0,-157.0,-153.0,-154.0,-157.0,-149.0,-150.5,-156.0,-154.5,-155.0,-156.5,-153.0,-151.5,-157.0,-153.5,-154.0,-157.0,-152.5,-151.0,-156.5,-157.0,-156.5,-157.0,-154.5,-157.0,-157.0,-153.0,-151.0,-155.0,-157.0,-157.0,-157.0,-157.0,-157.0,-157.0,-157.0,-154.5,-154.5,-157.0,-156.0,-157.0,-155.0,-153.0,-157.0,-151.0,-152.0,-153.0,-152.5,-153.5,-157.0,-156.5,-157.0,-156.5,-157.0,-157.0,-157.0,-154.0,-155.0,-157.0,-151.5,-152.0,-157.0,-154.0,-156.5,-157.0
2026-01-17 14:24:16.312,143.049967,5,-77,-157.0,-157.0,-154.5,-157.0,-157.0,-157.0,-157.0,-155.5,-157.0,-155.0,-157.0,-157.0,-152.0,-153.5,-153.0,-154.0,-156.0,-155.5,-154.5,-152.0,-157.0,-157.0,-157.0,-155.5,-155.0,-157.0,-157.0,-156.5,-157.0,-157.0,-151.5,-151.5,-157.0,-157.0,-157.0,-157.0,-156.5,-157.0,-157.0,-155.0,-153.5,-153.5,-157.0,-153.5,-151.0,-157.0,-157.0,-157.0,-157.0,-157.0,-157.0,-151.5,-151.0,-157.0,-154.0,-157.0,-157.0,-157.0,-157.0,-157.0,-157.0,-152.5,-151.5,-153.0,-156.0,-157.0,-155.0,-153.0,-154.5,-157.0,-154.5,-151.0,-153.5,-157.0,-156.5,-155.5,-157.0,-154.5,-154.5,-157.0,-157.0,-156.0,-157.0,-157.0,-155.5,-152.0,-155.5,-155.5,-151.5,-151.5,-155.5,-153.0,-157.0,-157.0,-157.0,-155.0,-157.0,-157.0,-157.0,-154.0,-155.0,-154.5,-157.0,-157.0,-157.0,-157.0,-155.0,-152.0,-152.5,-157.0,-154.5,-157.0,-152.5,-157.0,-157.0,-157.0,-153.0,-152.0,-157.0,-157.0,-156.5,-157.0,-157.0,-157.0,-156.5,-157.0,-157.0,-155.5,-150.5,-149.5,-154.0,-152.5,-157.0,-157.0,-157.0,-155.5,-150.0,-154.0,-157.0,-157.0,-157.0,-157.0,-154.5,-154.5,-157.0,-154.0,-157.0,-157.0,-152.5,-154.0,-152.5,-157.0,-157.0,-154.5,-154.0,-157.0,-157.0,-155.0,-155.0,-154.5,-157.0,-157.0,-157.0,-155.5,-153.5,-155.0,-153.0,-153.5,-154.0,-155.0,-153.5,-157.0,-157.0,-157.0,-154.0,-151.5,-157.0,-157.0,-157.0,-154.0,-157.0,-155.0,-153.5,-157.0,-157.0,-155.0,-154.0,-157.0,-155.0,-157.0,-157.0,-157.0,-157.0,-152.0,-152.0,-157.0,-157.0,-155.0,-157.0,-155.5,-157.0,-153.5,-156.5,-157.0,-157.0,-157.0,-156.0,-157.0,-157.0,-157.0,-152.5,-153.0,-157.0,-157.0,-156.5,-154.5,-151.0,-157.0,-154.5,-155.0,-153.0,-157.0,-157.0,-154.0,-152.0,-154.5,-155.5,-157.0,-156.0,-156.0,-157.0,-154.0,-157.0,-157.0,-157.0,-157.0,-154.5,-157.0,-157.0,-157.0,-157.0,-157.0,-144.0,-147.5,-154.5,-157.0,-157.0,-154.0,-157.0,-157.0,-156.5,-157.0,-157.0,-153.0,-157.0,-155.5,-156.0,-155.5,-157.0,-157.0,-154.0,-150.0,-153.0,-157.0,-157.0,-157.0,-157.0,-157.0,-150.0,-151.0,-155.5,-155.0,-157.0,-157.0,-155.0,-154.5,-149.0,-150.5,-151.5,-153.0,-150.5,-148.5,-149.5,-154.5,-152.5,-155.0,-157.0,-157.0,-157.0,-157.0,-157.0,-157.0,-157.0,-155.0,-157.0,-157.0,-156.0,-154.0,-157.0,-157.0,-157.0,-157.0,-150.5,-153.5,-154.0,-156.0,-152.0,-148.5,-146.5,-149.0,-153.5,-152.5,-154.0,-153.0,-154.5,-155.0,-157.0,-155.5,-157.0,-156.0,-157.0,-155.0,-157.0,-148.0,-147.5,-157.0,-157.0,-157.0,-157.0,-156.5,-155.5,-156.5,-156.5,-157.0,-157.0,-156.0,-157.0,-157.0,-152.0,-157.0,-157.0,-157.0,-154.0,-152.5,-157.0,-157.0,-157.0,-157.0,-157.0,-157.0,-153.5,-153.5,-157.0,-157.0,-157.0,-157.0,-157.0,-156.5,-155.5,-157.0,-157.0,-156.5,-157.0,-153.0,-155.0,-156.0,-155.5,-154.5,-157.0,-154.5,-153.5,-157.0,-155.0,-152.5,-157.0,-156.0,-157.0,-155.0,-150.0,-153.0,-157.0,-155.0,-157.0,-156.0,-152.0,-152.5,-153.5,-152.0,-153.0,-156.0,-157.0,-157.0,-154.5,-157.0,-157.0,-154.0,-154.0,-155.0,-157.0,-153.5,-157.0,-154.0,-157.0,-157.0,-157.0,-155.0,-157.0,-157.0,-154.0,-155.0,-157.0,-157.0,-153.5,-157.0,-155.5,-151.0,-152.0,-157.0,-157.0,-157.0,-157.0,-156.0,-155.0,-155.0,-153.0,-155.0,-157.0,-153.0,-151.5,-157.0,-157.0,-157.0,-157.0,-156.0,-157.0,-157.0,-156.0,-151.0,-157.0,-157.0,-157.0,-157.0,-157.0,-157.0,-157.0,-157.0,-157.0,-155.0,-157.0,-157.0,-157.0,-157.0,-156.5,-157.0,-151.5,-154.5,-157.0,-157.0,-155.0,-156.0,-156.0,-156.5,-155.0,-157.0,-154.0,-157.0,-154.0,-157.0,-156.0,-153.5,-155.5,-157.0,-155.5,-156.0,-157.0
2026-01-17 14:24:16.343,143.049967,5,-77,-157.0,-157.0,-155.0,-153.5,-157.0,-156.5,-157.0,-153.5,-153.0,-153.5,-157.0,-155.5,-154.5,-153.5,-155.5,-154.0,-155.5,-157.0,-154.0,-151.5,-157.0,-157.0,-157.0,-157.0,-157.0,-157.0,-157.0,-157.0,-157.0,-155.5,-154.5,-152.0,-157.0,-157.0,-157.0,-157.0,-153.5,-157.0,-157.0,-154.5,-153.5,-155.5,-157.0,-157.0,-153.5,-154.0,-157.0,-157.0,-157.0,-157.0,-157.0,-152.0,-153.0,-156.0,-156.0,-153.5,-156.0,-157.0,-157.0,-157.0,-156.5,-155.0,-157.0,-155.5,-151.5,-152.0,-151.0,-154.0,-154.0,-157.0,-154.5,-156.5,-153.0,-155.5,-156.5,-150.5,-152.0,-157.0,-150.5,-157.0,-157.0,-157.0,-157.0,-157.0,-154.5,-157.0,-157.0,-157.0,-154.0,-152.0,-153.0,-157.0,-157.0,-157.0,-157.0,-157.0,-154.0,-153.5,-157.0,-155.0,-151.5,-155.5,-157.0,-157.0,-156.5,-157.0,-153.0,-151.5,-156.5,-156.5,-152.0,-154.5,-153.5,-156.0,-153.5,-157.0,-153.5,-153.0,-157.0,-157.0,-154.0,-155.5,-157.0,-157.0,-157.0,-157.0,-157.0,-157.0,-152.0,-149.5,-157.0,-152.0,-155.5,-157.0,-157.0,-154.0,-151.0,-154.0,-157.0,-157.0,-156.0,-156.0,-154.0,-153.5,-155.5,-155.5,-157.0,-157.0,-149.5,-151.5,-152.5,-155.0,-157.0,-156.5,-153.0,-157.0,-153.5,-153.0,-155.0,-153.0,-157.0,-156.5,-157.0,-154.5,-154.0,-157.0,-156.5,-157.0,-157.0,-157.0,-157.0,-157.0,-157.0,-153.5,-152.5,-150.5,-157.0,-157.0,-157.0,-156.5,-156.0,-153.0,-154.0,-153.0,-156.0,-152.0,-153.5,-157.0,-157.0,-157.0,-157.0,-157.0,-156.5,-149.5,-152.0,-156.0,-157.0,-152.0,-151.0,-150.5,-157.0,-157.0,-157.0,-156.5,-157.0,-157.0,-154.0,-155.0,-157.0,-155.5,-155.0,-153.0,-154.5,-157.0,-156.0,-155.0,-154.0,-154.5,-151.5,-157.0,-154.5,-157.0,-157.0,-151.5,-150.5,-153.5,-154.5,-152.0,-152.5,-157.0,-157.0,-156.5,-155.0,-152.5,-154.5,-154.0,-156.5,-155.5,-153.0,-157.0,-157.0,-157.0,-143.5,-145.0,-154.5,-154.0,-156.0,-151.5,-154.5,-157.0,-157.0,-157.0,-155.5,-154.0,-155.5,-152.5,-154.0,-153.5,-157.0,-155.0,-153.5,-149.0,-154.5,-157.0,-156.0,-154.5,-154.0,-156.0,-152.5,-153.5,-153.5,-154.5,-157.0,-157.0,-157.0,-157.0,-151.0,-151.0,-153.5,-153.5,-148.5,-149.0,-153.0,-153.0,-152.0,-157.0,-157.0,-157.0,-157.0,-157.0,-157.0,-157.0,-157.0,-153.5,-157.0,-157.0,-151.5,-151.5,-157.0,-157.0,-157.0,-157.0,-154.5,-155.5,-153.0,-156.5,-156.5,-152.5,-149.5,-156.0,-155.0,-156.5,-153.0,-152.0,-156.5,-157.0,-157.0,-155.0,-157.0,-153.5,-157.0,-154.0,-157.0,-147.5,-147.5,-157.0,-154.0,-157.0,-157.0,-156.5,-156.0,-157.0,-157.0,-157.0,-157.0,-156.0,-153.5,-153.0,-150.0,-157.0,-157.0,-156.5,-154.5,-155.5,-157.0,-157.0,-157.0,-157.0,-157.0,-157.0,-151.5,-152.0,-157.0,-157.0,-157.0,-157.0,-157.0,-156.0,-154.0,-155.5,-155.0,-153.5,-157.0,-155.5,-157.0,-157.0,-157.0,-149.5,-151.0,-154.0,-153.5,-157.0,-151.5,-151.0,-157.0,-156.0,-157.0,-157.0,-155.0,-157.0,-157.0,-157.0,-157.0,-154.5,-152.0,-156.5,-153.0,-151.0,-152.5,-157.0,-157.0,-157.0,-157.0,-154.5,-154.5,-154.0,-155.5,-154.0,-154.5,-153.5,-155.5,-153.0,-157.0,-157.0,-156.5,-157.0,-157.0,-157.0,-153.5,-157.0,-157.0,-156.0,-154.5,-157.0,-157.0,-157.0,-157.0,-157.0,-157.0,-157.0,-157.0,-157.0,-157.0,-154.0,-157.0,-156.0,-156.0,-157.0,-153.0,-154.5,-154.5,-157.0,-156.5,-157.0,-155.5,-157.0,-157.0,-153.0,-157.0,-157.0,-157.0,-156.5,-157.0,-157.0,-157.0,-157.0,-157.0,-154.5,-157.0,-157.0,-157.0,-157.0,-154.5,-156.5,-152.5,-151.5,-154.5,-157.0,-157.0,-157.0,-157.0,-157.0,-156.5,-154.5,-153.5,-155.0,-151.0,-151.0,-156.5,-157.0,-155.5,-157.0,-157.0,-157.0,-153.5
2026-01-17 14:24:16.376,143.049967,5,-77,-157.0,-157.0,-155.5,-154.0,-157.0,-154.0,-154.5,-155.0,-155.0,-154.0,-153.0,-153.0,-157.0,-151.0,-157.0,-156.0,-157.0,-157.0,-156.5,-154.5,-157.0,-155.5,-153.5,-157.0,-157.0,-157.0,-157.0,-157.0,-157.0,-156.5,-156.0,-152.5,-157.0,-157.0,-157.0,-157.0,-155.0,-156.5,-157.0,-156.5,-157.0,-156.5,-157.0,-157.0,-157.0,-151.5,-157.0,-156.0,-157.0,-156.0,-156.5,-155.5,-157.0,-157.0,-157.0,-153.5,-157.0,-157.0,-157.0,-156.5,-153.5,-155.0,-157.0,-157.0,-153.0,-153.5,-150.5,-157.0,-155.5,-153.5,-153.0,-156.0,-154.5,-157.0,-157.0,-151.5,-154.5,-153.0,-153.0,-157.0,-157.0,-157.0,-157.0,-155.0,-154.0,-157.0,-156.5,-157.0,-153.5,-151.5,-151.0,-157.0,-157.0,-157.0,-157.0,-157.0,-152.5,-152.0,-157.0,-157.0,-153.0,-156.0,-157.0,-156.5,-153.0,-157.0,-156.0,-152.5,-154.5,-153.5,-153.0,-157.0,-156.0,-157.0,-155.0,-157.0,-157.0,-154.5,-157.0,-157.0,-152.5,-153.0,-157.0,-157.0,-157.0,-157.0,-157.0,-157.0,-157.0,-154.0,-157.0,-155.0,-154.0,-157.0,-157.0,-157.0,-156.0,-155.5,-157.0,-157.0,-153.0,-152.5,-156.0,-154.5,-156.0,-156.5,-157.0,-155.0,-152.0,-152.0,-155.0,-154.0,-155.5,-154.0,-152.5,-155.0,-149.5,-150.0,-152.0,-152.5,-154.5,-153.5,-157.0,-157.0,-157.0,-157.0,-157.0,-157.0,-157.0,-157.0,-157.0,-157.0,-156.5,-154.5,-152.0,-150.5,-157.0,-157.0,-157.0,-156.5,-157.0,-153.0,-157.0,-156.5,-157.0,-153.5,-153.0,-157.0,-156.5,-154.0,-155.5,-155.5,-154.0,-152.5,-154.5,-156.5,-154.5,-153.0,-153.0,-150.5,-153.0,-157.0,-157.0,-155.0,-157.0,-157.0,-153.0,-152.0,-157.0,-154.5,-157.0,-155.0,-151.5,-156.5,-155.5,-157.0,-157.0,-150.0,-149.0,-157.0,-157.0,-154.5,-156.5,-154.5,-153.5,-153.5,-152.0,-152.0,-154.0,-157.0,-157.0,-155.5,-154.0,-153.5,-151.0,-151.5,-151.0,-154.0,-151.0,-153.5,-154.5,-153.5,-142.0,-142.5,-157.0,-151.5,-151.5,-153.5,-154.5,-153.0,-151.5,-155.5,-155.0,-154.5,-154.5,-151.5,-156.5,-157.0,-157.0,-154.5,-156.5,-150.5,-157.0,-157.0,-157.0,-152.0,-151.5,-152.5,-157.0,-157.0,-157.0,-155.0,-154.0,-157.0,-157.0,-157.0,-155.5,-155.5,-156.5,-157.0,-152.5,-151.5,-153.5,-152.5,-157.0,-155.5,-155.5,-157.0,-157.0,-157.0,-153.5,-155.0,-153.0,-152.0,-157.0,-157.0,-150.0,-150.0,-157.0,-156.0,-157.0,-157.0,-157.0,-153.5,-154.0,-157.0,-157.0,-157.0,-154.0,-153.5,-154.5,-157.0,-156.0,-157.0,-157.0,-157.0,-157.0,-155.5,-157.0,-152.5,-154.5,-154.0,-156.5,-153.0,-152.5,-153.5,-150.0,-152.5,-156.0,-157.0,-157.0,-157.0,-157.0,-157.0,-157.0,-153.0,-151.0,-155.5,-151.5,-153.5,-157.0,-156.5,-152.5,-153.0,-157.0,-157.0,-157.0,-157.0,-157.0,-157.0,-156.5,-157.0,-157.0,-157.0,-156.0,-154.5,-157.0,-157.0,-157.0,-155.5,-154.0,-157.0,-154.5,-153.5,-157.0,-157.0,-157.0,-150.5,-152.5,-157.0,-155.5,-153.0,-153.0,-151.5,-156.0,-156.5,-157.0,-157.0,-157.0,-157.0,-157.0,-157.0,-157.0,-157.0,-156.0,-155.5,-155.5,-153.5,-156.0,-157.0,-156.0,-152.0,-155.5,-155.0,-155.0,-153.0,-155.0,-154.5,-151.0,-152.0,-154.0,-155.0,-157.0,-157.0,-157.0,-157.0,-155.5,-157.0,-155.0,-157.0,-157.0,-157.0,-157.0,-157.0,-157.0,-157.0,-157.0,-156.0,-157.0,-154.0,-156.5,-157.0,-157.0,-156.5,-157.0,-157.0,-155.5,-157.0,-152.5,-152.5,-154.0,-153.5,-154.0,-157.0,-153.5,-157.0,-157.0,-153.0,-151.5,-157.0,-154.0,-153.5,-157.0,-157.0,-157.0,-156.0,-157.0,-153.5,-153.5,-155.0,-157.0,-154.5,-154.5,-157.0,-153.5,-150.5,-151.0,-157.0,-157.0,-157.0,-156.0,-154.0,-156.0,-157.0,-157.0,-156.0,-154.5,-151.0,-157.0,-157.0,-157.0,-156.5,-157.0,-157.0,-156.5
2026-01-17 14:24:16.410,143.049967,5,-77,-157.0,-157.0,-152.5,-153.5,-157.0,-156.5,-154.5,-154.0,-157.0,-156.5,-153.5,-155.5,-157.0,-149.5,-152.0,-156.0,-157.0,-157.0,-157.0,-156.5,-157.0,-155.0,-155.5,-157.0,-157.0,-157.0,-157.0,-157.0,-157.0,-157.0,-155.0,-151.0,-157.0,-157.0,-157.0,-157.0,-157.0,-157.0,-157.0,-157.0,-157.0,-154.5,-155.5,-156.5,-157.0,-153.5,-157.0,-156.0,-156.5,-156.5,-157.0,-156.5,-155.0,-157.0,-156.0,-157.0,-153.5,-153.5,-157.0,-154.5,-151.5,-156.0,-155.5,-157.0,-155.0,-157.0,-153.0,-153.5,-156.0,-154.0,-151.0,-151.5,-157.0,-157.0,-157.0,-154.0,-155.5,-150.5,-154.0,-157.0,-157.0,-157.0,-156.0,-153.0,-156.5,-157.0,-152.0,-151.0,-150.5,-152.5,-151.5,-152.0,-157.0,-156.5,-156.5,-156.0,-154.5,-156.0,-156.5,-157.0,-156.5,-156.5,-157.0,-157.0,-151.5,-155.5,-157.0,-156.5,-155.5,-153.0,-155.0,-157.0,-157.0,-157.0,-157.0,-155.0,-154.5,-155.5,-157.0,-157.0,-155.5,-155.0,-157.0,-157.0,-157.0,-157.0,-157.0,-156.5,-157.0,-157.0,-157.0,-157.0,-153.5,-154.0,-157.0,-157.0,-157.0,-157.0,-157.0,-157.0,-157.0,-156.5,-156.5,-157.0,-157.0,-154.0,-154.5,-157.0,-157.0,-152.5,-154.0,-157.0,-157.0,-157.0,-152.5,-155.5,-154.5,-156.0,-153.0,-155.5,-154.0,-153.0,-157.0,-157.0,-157.0,-157.0,-157.0,-152.0,-152.5,-156.5,-157.0,-157.0,-156.5,-156.0,-154.0,-154.0,-157.0,-157.0,-156.5,-153.5,-157.0,-151.5,-157.0,-157.0,-157.0,-157.0,-157.0,-157.0,-156.0,-154.5,-157.0,-154.0,-156.5,-157.0,-157.0,-157.0,-152.0,-151.0,-156.5,-154.0,-153.0,-155.5,-154.5,-155.0,-157.0,-157.0,-154.5,-153.5,-151.0,-151.0,-157.0,-157.0,-155.0,-154.5,-155.5,-157.0,-156.0,-151.5,-150.0,-152.0,-156.5,-151.5,-152.5,-154.0,-151.0,-155.5,-151.0,-154.5,-154.0,-156.5,-157.0,-156.5,-157.0,-156.5,-153.0,-157.0,-153.0,-156.5,-155.0,-155.5,-153.0,-155.0,-142.5,-143.5,-157.0,-152.5,-154.5,-157.0,-154.0,-157.0,-150.0,-154.5,-156.0,-154.0,-155.5,-152.5,-153.0,-157.0,-156.5,-156.0,-157.0,-153.5,-154.5,-157.0,-157.0,-152.0,-153.5,-153.0,-153.5,-157.0,-157.0,-154.0,-151.5,-157.0,-157.0,-157.0,-152.0,-154.5,-157.0,-157.0,-157.0,-150.5,-151.0,-153.5,-156.5,-154.0,-152.0,-151.5,-157.0,-157.0,-154.5,-155.0,-155.0,-152.5,-157.0,-157.0,-157.0,-150.0,-150.0,-155.0,-157.0,-155.5,-156.5,-154.0,-157.0,-157.0,-157.0,-157.0,-156.5,-154.5,-153.5,-156.5,-157.0,-157.0,-157.0,-157.0,-157.0,-154.0,-154.5,-152.0,-157.0,-154.5,-157.0,-157.0,-155.5,-154.5,-151.0,-152.0,-155.0,-157.0,-157.0,-156.5,-157.0,-157.0,-157.0,-155.5,-154.0,-153.5,-155.5,-156.0,-157.0,-153.5,-152.5,-157.0,-157.0,-157.0,-157.0,-157.0,-157.0,-157.0,-157.0,-157.0,-157.0,-157.0,-156.5,-157.0,-157.0,-155.5,-156.0,-157.0,-157.0,-153.5,-153.0,-155.0,-157.0,-157.0,-157.0,-153.5,-157.0,-157.0,-157.0,-152.5,-151.5,-152.0,-153.0,-157.0,-157.0,-157.0,-157.0,-157.0,-153.0,-157.0,-157.0,-157.0,-157.0,-157.0,-157.0,-157.0,-157.0,-157.0,-156.5,-149.5,-150.5,-157.0,-157.0,-157.0,-157.0,-157.0,-155.0,-157.0,-154.5,-157.0,-157.0,-157.0,-157.0,-157.0,-156.0,-156.5,-157.0,-157.0,-157.0,-157.0,-157.0,-157.0,-157.0,-157.0,-154.5,-156.5,-156.5,-151.5,-157.0,-157.0,-157.0,-157.0,-155.5,-157.0,-154.0,-155.5,-155.0,-157.0,-157.0,-157.0,-153.5,-154.0,-151.5,-157.0,-157.0,-152.0,-150.0,-154.5,-150.5,-154.0,-157.0,-157.0,-156.5,-154.5,-154.5,-157.0,-155.5,-157.0,-157.0,-156.0,-157.0,-157.0,-156.0,-153.0,-153.0,-157.0,-157.0,-157.0,-155.0,-151.5,-152.5,-157.0,-157.0,-157.0,-157.0,-153.0,-156.0,-157.0,-157.0,-151.5,-156.5,-155.0,-157.0
2026-01-17 14:24:16.446,143.049967,5,-77,-157.0,-157.0,-153.0,-150.5,-154.5,-157.0,-156.0,-153.5,-154.0,-157.0,-156.5,-157.0,-157.0,-150.5,-155.0,-156.0,-153.5,-157.0,-154.0,-153.5,-157.0,-157.0,-157.0,-157.0,-157.0,-157.0,-157.0,-157.0,-157.0,-157.0,-157.0,-152.5,-157.0,-157.0,-157.0,-157.0,-156.5,-157.0,-157.0,-157.0,-157.0,-156.0,-157.0,-157.0,-157.0,-157.0,-157.0,-157.0,-157.0,-157.0,-155.0,-152.0,-152.0,-157.0,-153.5,-154.0,-152.0,-152.0,-150.5,-153.5,-153.5,-154.0,-154.0,-157.0,-155.0,-157.0,-157.0,-153.0,-154.0,-157.0,-156.5,-152.0,-157.0,-157.0,-157.0,-155.5,-155.5,-151.5,-151.5,-157.0,-157.0,-157.0,-155.0,-154.5,-157.0,-157.0,-150.0,-149.0,-152.0,-156.0,-155.0,-154.0,-154.0,-156.0,-153.5,-154.5,-154.5,-155.5,-157.0,-157.0,-156.0,-157.0,-156.0,-156.0,-152.0,-156.0,-157.0,-157.0,-157.0,-155.5,-155.0,-157.0,-157.0,-157.0,-157.0,-155.0,-153.5,-157.0,-156.0,-157.0,-157.0,-155.5,-157.0,-157.0,-154.0,-157.0,-153.5,-154.5,-157.0,-157.0,-157.0,-157.0,-156.0,-154.0,-157.0,-157.0,-157.0,-157.0,-156.0,-157.0,-157.0,-157.0,-157.0,-157.0,-157.0,-156.0,-152.5,-154.5,-157.0,-154.5,-152.0,-157.0,-157.0,-157.0,-152.5,-154.5,-157.0,-157.0,-157.0,-157.0,-156.0,-156.5,-156.5,-157.0,-157.0,-157.0,-157.0,-155.0,-154.0,-157.0,-157.0,-157.0,-157.0,-157.0,-156.0,-157.0,-157.0,-153.5,-154.5,-153.0,-157.0,-153.5,-157.0,-157.0,-157.0,-157.0,-157.0,-157.0,-154.5,-151.5,-157.0,-157.0,-157.0,-157.0,-157.0,-157.0,-151.5,-149.5,-153.0,-157.0,-157.0,-155.5,-152.5,-157.0,-157.0,-157.0,-157.0,-157.0,-148.5,-149.0,-157.0,-157.0,-157.0,-156.5,-157.0,-157.0,-157.0,-157.0,-156.0,-150.0,-151.5,-153.0,-153.0,-157.0,-149.5,-150.5,-151.5,-154.0,-150.5,-150.5,-152.5,-155.5,-155.0,-157.0,-156.0,-157.0,-157.0,-157.0,-157.0,-157.0,-156.0,-157.0,-143.0,-144.5,-157.0,-157.0,-157.0,-156.0,-154.0,-157.0,-150.0,-157.0,-157.0,-154.0,-157.0,-157.0,-152.0,-153.5,-156.0,-157.0,-157.0,-157.0,-155.0,-157.0,-155.0,-154.5,-157.0,-151.5,-150.5,-157.0,-156.5,-154.5,-153.5,-157.0,-157.0,-157.0,-152.5,-153.5,-154.0,-157.0,-157.0,-154.0,-157.0,-156.5,-153.5,-153.5,-151.0,-150.0,-152.5,-157.0,-157.0,-157.0,-157.0,-154.0,-157.0,-157.0,-157.0,-150.5,-149.5,-157.0,-157.0,-156.0,-155.5,-155.0,-157.0,-157.0,-157.0,-157.0,-156.5,-156.0,-153.0,-155.5,-157.0,-157.0,-157.0,-157.0,-156.5,-154.0,-152.5,-152.5,-155.5,-154.0,-157.0,-157.0,-156.5,-157.0,-155.0,-157.0,-157.0,-157.0,-156.5,-154.5,-155.0,-156.0,-157.0,-157.0,-157.0,-154.0,-157.0,-154.5,-157.0,-149.5,-150.5,-157.0,-157.0,-156.5,-154.0,-157.0,-157.0,-157.0,-155.0,-156.5,-157.0,-157.0,-157.0,-157.0,-157.0,-152.5,-151.0,-152.5,-155.5,-152.0,-154.5,-157.0,-156.5,-157.0,-156.0,-153.0,-155.0,-157.0,-157.0,-155.5,-153.5,-157.0,-156.5,-157.0,-157.0,-157.0,-157.0,-157.0,-153.0,-155.0,-157.0,-157.0,-157.0,-157.0,-157.0,-157.0,-157.0,-157.0,-157.0,-151.5,-150.0,-156.5,-156.0,-157.0,-157.0,-157.0,-154.5,-157.0,-153.0,-155.5,-157.0,-157.0,-154.5,-155.0,-157.0,-155.5,-157.0,-157.0,-157.0,-157.0,-155.0,-155.5,-157.0,-157.0,-151.5,-157.0,-157.0,-152.0,-153.0,-157.0,-157.0,-157.0,-154.5,-155.5,-153.0,-156.5,-154.5,-157.0,-157.0,-153.0,-154.0,-153.5,-152.5,-157.0,-157.0,-154.5,-155.0,-157.0,-152.0,-157.0,-157.0,-157.0,-154.0,-153.5,-157.0,-157.0,-157.0,-157.0,-157.0,-157.0,-157.0,-157.0,-157.0,-154.5,-156.0,-157.0,-152.0,-153.0,-157.0,-156.5,-157.0,-157.0,-155.0,-157.0,-157.0,-156.5,-157.0,-157.0,-157.0,-149.0,-150.5,-153.5,-157.0
2026-01-17 14:24:16.477,143.049967,5,-77,-157.0,-157.0,-153.0,-150.0,-157.0,-157.0,-157.0,-155.5,-154.0,-157.0,-157.0,-157.0,-157.0,-152.5,-155.5,-157.0,-152.0,-157.0,-152.0,-153.0,-157.0,-157.0,-157.0,-157.0,-155.0,-157.0,-154.5,-154.5,-157.0,-157.0,-157.0,-156.5,-157.0,-156.5,-157.0,-157.0,-153.5,-156.5,-157.0,-157.0,-157.0,-155.5,-157.0,-156.0,-157.0,-154.5,-152.5,-155.5,-157.0,-157.0,-154.5,-153.5,-156.5,-157.0,-151.0,-151.5,-150.5,-149.0,-148.0,-154.5,-156.0,-157.0,-153.5,-157.0,-157.0,-153.0,-157.0,-157.0,-157.0,-157.0,-157.0,-152.5,-154.0,-157.0,-156.5,-157.0,-157.0,-157.0,-156.0,-157.0,-157.0,-156.5,-157.0,-157.0,-157.0,-157.0,-154.0,-154.5,-157.0,-157.0,-155.5,-155.5,-154.5,-157.0,-155.5,-155.5,-153.0,-155.0,-157.0,-157.0,-155.5,-157.0,-151.0,-151.5,-153.5,-157.0,-157.0,-154.5,-157.0,-157.0,-157.0,-157.0,-157.0,-157.0,-156.5,-157.0,-155.0,-157.0,-157.0,-157.0,-154.0,-153.5,-157.0,-157.0,-153.5,-151.0,-151.0,-155.5,-157.0,-157.0,-157.0,-157.0,-157.0,-156.5,-157.0,-155.5,-153.0,-154.5,-152.0,-155.0,-157.0,-157.0,-156.0,-157.0,-157.0,-157.0,-156.0,-152.0,-151.5,-156.0,-152.5,-157.0,-157.0,-151.0,-151.5,-153.0,-157.0,-157.0,-157.0,-157.0,-155.5,-157.0,-157.0,-157.0,-157.0,-154.0,-157.0,-157.0,-155.5,-155.5,-157.0,-157.0,-157.0,-156.5,-153.0,-156.0,-157.0,-154.0,-157.0,-153.0,-154.5,-157.0,-157.0,-157.0,-157.0,-156.0,-157.0,-157.0,-151.5,-150.0,-157.0,-157.0,-157.0,-157.0,-157.0,-155.0,-157.0,-151.0,-153.5,-157.0,-156.0,-154.5,-153.0,-154.5,-157.0,-157.0,-157.0,-157.0,-150.0,-150.0,-157.0,-157.0,-157.0,-154.5,-154.5,-157.0,-157.0,-157.0,-157.0,-152.5,-153.0,-157.0,-157.0,-157.0,-153.0,-150.0,-153.0,-157.0,-154.0,-152.5,-153.0,-153.5,-154.5,-157.0,-157.0,-157.0,-157.0,-157.0,-156.0,-157.0,-157.0,-156.0,-142.5,-143.5,-155.0,-157.0,-157.0,-157.0,-156.0,-157.0,-150.5,-155.0,-157.0,-156.0,-157.0,-157.0,-155.0,-153.0,-154.0,-157.0,-157.0,-157.0,-154.0,-153.5,-157.0,-157.0,-157.0,-153.0,-154.0,-156.0,-156.5,-154.0,-157.0,-155.5,-157.0,-157.0,-156.0,-157.0,-153.0,-157.0,-157.0,-157.0,-157.0,-157.0,-157.0,-157.0,-154.5,-156.0,-155.5,-157.0,-157.0,-153.5,-153.0,-151.5,-153.5,-157.0,-157.0,-152.5,-155.0,-157.0,-156.0,-156.0,-156.5,-157.0,-157.0,-157.0,-157.0,-157.0,-157.0,-157.0,-153.0,-157.0,-157.0,-156.5,-157.0,-157.0,-155.5,-156.5,-156.0,-153.0,-157.0,-155.5,-153.0,-153.0,-157.0,-157.0,-155.0,-157.0,-157.0,-157.0,-157.0,-154.0,-155.0,-154.0,-152.0,-157.0,-157.0,-155.0,-157.0,-154.5,-153.0,-151.5,-154.0,-157.0,-157.0,-156.0,-154.0,-154.5,-157.0,-157.0,-154.5,-157.0,-156.5,-157.0,-157.0,-157.0,-157.0,-155.5,-151.5,-150.5,-151.5,-156.0,-157.0,-157.0,-157.0,-157.0,-157.0,-151.5,-156.5,-157.0,-155.5,-155.5,-155.0,-157.0,-157.0,-157.0,-156.5,-157.0,-157.0,-154.5,-154.5,-154.0,-157.0,-157.0,-157.0,-157.0,-157.0,-156.0,-155.5,-156.0,-157.0,-154.5,-152.5,-157.0,-157.0,-156.5,-157.0,-153.5,-154.0,-157.0,-152.5,-154.5,-157.0,-157.0,-157.0,-157.0,-157.0,-154.0,-154.0,-157.0,-157.0,-153.5,-152.0,-157.0,-157.0,-157.0,-150.0,-152.5,-157.0,-156.0,-154.0,-156.0,-157.0,-155.0,-154.0,-153.0,-153.0,-155.0,-155.0,-157.0,-153.0,-151.0,-157.0,-157.0,-155.5,-157.0,-157.0,-157.0,-156.0,-157.0,-156.0,-157.0,-156.0,-156.5,-156.5,-153.5,-155.0,-154.5,-157.0,-154.5,-154.5,-157.0,-157.0,-157.0,-157.0,-156.0,-157.0,-157.0,-150.5,-153.0,-157.0,-157.0,-157.0,-157.0,-152.0,-152.5,-155.5,-155.5,-157.0,-157.0,-157.0,-151.5,-156.5,-156.5,-157.0
2026-01-17 14:24:16.512,143.049967,5,-77,-157.0,-157.0,-157.0,-153.5,-157.0,-157.0,-156.0,-155.5,-156.0,-157.0,-157.0,-157.0,-157.0,-156.0,-157.0,-154.5,-153.5,-157.0,-154.0,-155.5,-157.0,-157.0,-155.0,-151.0,-150.0,-155.5,-154.5,-151.5,-157.0,-157.0,-157.0,-157.0,-157.0,-156.5,-157.0,-153.0,-152.0,-157.0,-157.0,-157.0,-153.0,-152.5,-157.0,-155.0,-156.0,-150.5,-150.0,-156.0,-157.0,-157.0,-156.5,-157.0,-157.0,-157.0,-152.0,-151.0,-151.0,-151.5,-149.0,-155.5,-150.5,-151.0,-151.5,-157.0,-157.0,-150.0,-151.5,-157.0,-157.0,-157.0,-157.0,-152.0,-150.5,-155.5,-154.5,-157.0,-157.0,-157.0,-157.0,-157.0,-154.5,-156.5,-157.0,-157.0,-157.0,-157.0,-157.0,-157.0,-157.0,-155.0,-155.0,-155.0,-155.0,-157.0,-157.0,-157.0,-152.5,-155.5,-157.0,-157.0,-154.0,-154.5,-152.5,-152.5,-152.5,-155.5,-157.0,-157.0,-157.0,-157.0,-157.0,-157.0,-157.0,-155.5,-154.0,-154.5,-153.0,-157.0,-157.0,-157.0,-153.0,-153.0,-157.0,-155.0,-155.5,-150.5,-153.5,-157.0,-157.0,-157.0,-157.0,-157.0,-157.0,-157.0,-157.0,-152.0,-150.0,-153.5,-154.5,-154.0,-157.0,-157.0,-157.0,-155.5,-155.0,-157.0,-157.0,-154.5,-151.5,-157.0,-154.5,-157.0,-157.0,-151.5,-153.5,-153.0,-157.0,-157.0,-156.5,-157.0,-152.5,-154.0,-157.0,-157.0,-157.0,-152.0,-152.0,-154.0,-153.0,-153.5,-157.0,-157.0,-155.0,-156.5,-151.5,-150.0,-153.0,-154.5,-157.0,-155.0,-155.5,-157.0,-157.0,-157.0,-154.0,-155.0,-156.0,-157.0,-151.5,-151.5,-157.0,-156.0,-157.0,-156.5,-154.5,-155.0,-157.0,-153.0,-154.0,-154.0,-152.5,-157.0,-155.5,-153.0,-157.0,-157.0,-157.0,-157.0,-155.5,-155.0,-157.0,-157.0,-157.0,-152.5,-151.5,-153.5,-152.5,-155.5,-157.0,-157.0,-157.0,-157.0,-157.0,-157.0,-154.5,-149.0,-150.5,-157.0,-157.0,-157.0,-155.0,-154.5,-157.0,-157.0,-156.0,-157.0,-157.0,-157.0,-155.5,-157.0,-157.0,-157.0,-143.5,-145.0,-153.0,-151.5,-151.0,-157.0,-157.0,-157.0,-153.0,-157.0,-157.0,-157.0,-157.0,-157.0,-157.0,-151.5,-155.0,-157.0,-157.0,-156.5,-157.0,-152.5,-156.0,-157.0,-157.0,-157.0,-156.0,-152.0,-156.0,-155.5,-157.0,-154.0,-156.5,-156.0,-155.5,-157.0,-156.0,-157.0,-157.0,-157.0,-155.0,-155.5,-157.0,-157.0,-157.0,-157.0,-157.0,-156.5,-157.0,-153.5,-153.5,-150.0,-152.5,-157.0,-157.0,-154.0,-157.0,-157.0,-157.0,-157.0,-155.5,-157.0,-157.0,-155.0,-157.0,-157.0,-157.0,-152.5,-149.5,-153.5,-155.5,-157.0,-157.0,-155.5,-156.0,-157.0,-153.5,-155.5,-157.0,-157.0,-151.5,-150.5,-157.0,-154.5,-154.0,-156.5,-155.5,-157.0,-157.0,-157.0,-157.0,-157.0,-152.5,-157.0,-157.0,-157.0,-157.0,-157.0,-150.0,-152.5,-157.0,-157.0,-157.0,-157.0,-157.0,-156.0,-157.0,-157.0,-154.5,-156.0,-152.0,-155.0,-156.0,-157.0,-157.0,-157.0,-152.0,-154.5,-151.5,-157.0,-157.0,-157.0,-157.0,-157.0,-151.5,-149.5,-157.0,-157.0,-157.0,-156.5,-152.0,-155.0,-155.0,-157.0,-157.0,-157.0,-157.0,-155.0,-155.5,-157.0,-157.0,-155.5,-155.5,-157.0,-157.0,-155.5,-156.5,-157.0,-157.0,-157.0,-156.0,-157.0,-154.5,-154.0,-153.5,-150.5,-152.5,-157.0,-156.0,-157.0,-157.0,-157.0,-157.0,-157.0,-157.0,-157.0,-157.0,-157.0,-157.0,-154.0,-154.0,-157.0,-157.0,-153.5,-150.5,-156.0,-153.0,-155.0,-157.0,-157.0,-157.0,-151.0,-150.0,-151.5,-153.0,-152.5,-157.0,-157.0,-153.0,-152.5,-157.0,-155.0,-154.5,-157.0,-155.5,-157.0,-156.5,-157.0,-157.0,-157.0,-157.0,-156.0,-157.0,-149.5,-149.5,-154.5,-156.0,-152.0,-155.0,-157.0,-155.5,-157.0,-157.0,-157.0,-155.0,-154.0,-153.0,-157.0,-157.0,-157.0,-157.0,-157.0,-150.0,-149.0,-149.5,-152.5,-157.0,-157.0,-157.0,-156.0,-157.0,-157.0,-156.5
2026-01-17 14:24:16.546,143.049967,5,-77,-157.0,-157.0,-157.0,-156.0,-157.0,-157.0,-155.5,-157.0,-157.0,-157.0,-156.5,-157.0,-157.0,-157.0,-157.0,-157.0,-157.0,-155.5,-154.5,-155.5,-155.5,-157.0,-156.5,-154.0,-151.0,-157.0,-157.0,-151.0,-154.5,-157.0,-157.0,-157.0,-153.0,-155.0,-157.0,-153.5,-154.5,-157.0,-157.0,-157.0,-152.0,-155.0,-157.0,-157.0,-153.0,-153.5,-154.0,-157.0,-156.5,-156.0,-154.5,-157.0,-152.5,-154.0,-157.0,-151.0,-153.0,-157.0,-148.5,-152.5,-150.5,-149.0,-153.0,-157.0,-155.5,-153.0,-153.0,-157.0,-157.0,-157.0,-157.0,-153.5,-154.5,-157.0,-154.5,-157.0,-157.0,-157.0,-157.0,-156.5,-153.5,-154.5,-154.5,-157.0,-157.0,-155.5,-157.0,-157.0,-157.0,-156.0,-157.0,-153.5,-157.0,-157.0,-156.0,-157.0,-155.5,-155.5,-155.5,-155.5,-157.0,-154.5,-154.0,-152.0,-151.5,-155.5,-157.0,-157.0,-157.0,-156.5,-157.0,-157.0,-157.0,-157.0,-153.0,-153.5,-152.0,-154.5,-156.0,-157.0,-157.0,-157.0,-157.0,-157.0,-154.0,-152.5,-157.0,-157.0,-157.0,-157.0,-157.0,-157.0,-157.0,-156.5,-156.5,-153.5,-150.0,-153.0,-157.0,-157.0,-157.0,-154.0,-155.0,-156.5,-155.5,-157.0,-157.0,-156.0,-152.0,-157.0,-157.0,-157.0,-157.0,-155.5,-157.0,-156.0,-157.0,-157.0,-157.0,-157.0,-151.0,-150.5,-157.0,-157.0,-157.0,-156.0,-150.0,-153.0,-156.0,-154.0,-157.0,-157.0,-153.5,-157.0,-153.5,-150.0,-157.0,-157.0,-157.0,-157.0,-156.0,-157.0,-157.0,-157.0,-156.5,-156.5,-156.0,-155.5,-153.5,-155.0,-156.0,-152.5,-157.0,-154.5,-154.5,-154.0,-152.0,-156.5,-154.0,-151.5,-151.0,-157.0,-157.0,-154.0,-155.0,-157.0,-155.5,-155.0,-157.0,-157.0,-157.0,-157.0,-157.0,-152.5,-154.0,-154.0,-154.0,-157.0,-157.0,-157.0,-157.0,-157.0,-157.0,-157.0,-154.5,-152.5,-154.0,-157.0,-157.0,-156.0,-157.0,-154.0,-154.0,-156.0,-154.0,-157.0,-157.0,-157.0,-153.5,-157.0,-157.0,-157.0,-144.5,-146.0,-156.0,-153.5,-152.0,-154.0,-157.0,-157.0,-157.0,-156.5,-157.0,-157.0,-157.0,-157.0,-154.5,-151.5,-157.0,-157.0,-154.0,-156.5,-157.0,-154.0,-154.5,-157.0,-157.0,-155.0,-155.0,-154.0,-157.0,-155.0,-155.0,-153.0,-157.0,-156.5,-157.0,-157.0,-157.0,-155.0,-157.0,-157.0,-153.5,-153.5,-155.0,-157.0,-157.0,-157.0,-157.0,-157.0,-156.5,-153.0,-157.0,-155.0,-152.0,-157.0,-157.0,-156.0,-155.0,-157.0,-157.0,-157.0,-156.0,-157.0,-157.0,-156.0,-157.0,-157.0,-157.0,-148.0,-147.5,-152.0,-150.5,-153.5,-157.0,-155.0,-155.0,-157.0,-153.5,-156.5,-157.0,-157.0,-157.0,-154.0,-156.0,-156.0,-157.0,-157.0,-155.5,-154.5,-155.5,-157.0,-157.0,-157.0,-154.5,-155.0,-153.5,-157.0,-157.0,-157.0,-149.5,-150.5,-157.0,-157.0,-157.0,-157.0,-157.0,-157.0,-157.0,-157.0,-154.5,-157.0,-151.5,-154.5,-153.0,-154.0,-157.0,-156.5,-149.0,-149.0,-150.5,-155.0,-153.5,-157.0,-157.0,-156.5,-149.0,-149.5,-157.0,-157.0,-157.0,-157.0,-153.0,-155.0,-156.5,-157.0,-157.0,-157.0,-157.0,-157.0,-157.0,-157.0,-155.0,-157.0,-153.5,-155.0,-156.5,-155.5,-155.0,-157.0,-157.0,-157.0,-155.5,-157.0,-153.5,-153.5,-151.5,-153.5,-152.5,-157.0,-157.0,-157.0,-157.0,-155.5,-154.5,-156.5,-157.0,-157.0,-157.0,-157.0,-157.0,-157.0,-157.0,-156.0,-157.0,-157.0,-152.0,-155.0,-151.0,-154.0,-157.0,-157.0,-157.0,-151.0,-151.0,-154.5,-155.5,-157.0,-156.0,-154.0,-156.0,-154.5,-155.5,-150.0,-152.0,-157.0,-156.0,-156.0,-156.5,-157.0,-157.0,-157.0,-157.0,-155.5,-157.0,-151.5,-151.0,-157.0,-157.0,-152.5,-157.0,-154.0,-153.5,-157.0,-157.0,-157.0,-157.0,-155.5,-157.0,-157.0,-157.0,-157.0,-157.0,-157.0,-154.0,-152.5,-151.5,-154.5,-151.0,-149.5,-156.0,-157.0,-157.0,-157.0,-154.5
2026-01-17 14:24:16.579,143.049967,5,-77,-157.0,-157.0,-157.0,-154.5,-157.0,-155.5,-156.0,-157.0,-157.0,-157.0,-153.5,-157.0,-157.0,-157.0,-157.0,-156.0,-155.0,-154.0,-150.5,-149.5,-153.5,-157.0,-157.0,-157.0,-157.0,-155.0,-157.0,-151.0,-153.0,-152.5,-156.5,-155.5,-151.5,-152.5,-157.0,-157.0,-156.5,-157.0,-157.0,-157.0,-153.5,-157.0,-157.0,-157.0,-153.0,-157.0,-154.5,-152.0,-157.0,-156.0,-154.5,-157.0,-150.0,-149.0,-156.0,-156.0,-156.0,-157.0,-148.0,-149.0,-154.0,-154.0,-157.0,-157.0,-156.5,-157.0,-157.0,-157.0,-157.0,-157.0,-154.0,-151.0,-157.0,-157.0,-154.0,-157.0,-157.0,-157.0,-157.0,-157.0,-157.0,-152.5,-154.5,-155.0,-157.0,-153.0,-154.0,-157.0,-157.0,-154.5,-157.0,-153.5,-155.5,-154.0,-154.0,-157.0,-155.0,-153.0,-156.0,-157.0,-154.5,-152.0,-154.0,-154.5,-157.0,-157.0,-157.0,-157.0,-157.0,-155.5,-157.0,-157.0,-157.0,-157.0,-155.5,-153.5,-154.5,-153.5,-151.5,-157.0,-157.0,-156.5,-157.0,-157.0,-157.0,-157.0,-157.0,-157.0,-156.5,-154.5,-155.0,-157.0,-157.0,-156.0,-153.5,-155.0,-152.0,-156.0,-157.0,-157.0,-155.5,-151.5,-151.5,-157.0,-157.0,-157.0,-156.5,-149.5,-149.5,-154.0,-156.5,-156.0,-155.0,-157.0,-157.0,-157.0,-157.0,-157.0,-157.0,-156.5,-150.0,-149.0,-153.5,-156.5,-157.0,-157.0,-151.5,-157.0,-157.0,-157.0,-157.0,-150.5,-151.5,-157.0,-157.0,-154.5,-157.0,-157.0,-157.0,-157.0,-157.0,-157.0,-152.0,-154.5,-157.0,-152.0,-153.5,-156.5,-155.5,-157.0,-153.5,-152.5,-156.5,-153.0,-157.0,-157.0,-151.0,-157.0,-152.5,-149.0,-151.5,-156.0,-155.0,-154.5,-153.0,-157.0,-155.5,-155.5,-157.0,-157.0,-157.0,-157.0,-154.0,-152.5,-156.5,-157.0,-155.0,-156.5,-157.0,-157.0,-154.5,-156.0,-157.0,-157.0,-157.0,-156.0,-155.0,-152.0,-154.0,-155.5,-157.0,-154.5,-156.0,-157.0,-155.0,-154.0,-157.0,-152.0,-151.0,-157.0,-157.0,-152.0,-143.0,-143.5,-155.0,-157.0,-157.0,-154.0,-155.0,-157.0,-157.0,-153.0,-155.0,-157.0,-157.0,-157.0,-155.0,-156.0,-157.0,-155.0,-152.5,-155.5,-153.5,-156.0,-154.5,-157.0,-153.5,-153.5,-156.5,-157.0,-156.0,-156.0,-155.5,-157.0,-157.0,-157.0,-157.0,-155.5,-154.0,-154.5,-153.5,-156.0,-155.0,-157.0,-157.0,-157.0,-157.0,-157.0,-157.0,-157.0,-157.0,-151.5,-157.0,-156.5,-152.5,-157.0,-157.0,-157.0,-156.0,-157.0,-157.0,-154.5,-154.0,-153.5,-154.5,-157.0,-155.0,-154.5,-156.0,-151.5,-150.5,-150.5,-150.5,-151.0,-155.0,-155.0,-155.5,-157.0,-155.5,-154.5,-153.5,-154.0,-154.0,-155.5,-154.5,-157.0,-157.0,-157.0,-155.5,-157.0,-153.5,-154.5,-157.0,-157.0,-155.0,-154.0,-151.5,-155.5,-157.0,-157.0,-151.5,-154.5,-155.5,-157.0,-157.0,-157.0,-157.0,-157.0,-157.0,-156.5,-154.5,-157.0,-155.0,-155.0,-152.0,-153.0,-157.0,-153.0,-149.5,-149.5,-153.5,-151.5,-152.0,-156.0,-157.0,-156.5,-150.5,-154.5,-157.0,-157.0,-153.5,-157.0,-157.0,-157.0,-157.0,-154.0,-157.0,-157.0,-157.0,-157.0,-154.0,-153.5,-155.0,-155.0,-157.0,-156.0,-156.0,-157.0,-155.0,-157.0,-157.0,-153.0,-151.5,-157.0,-155.5,-153.0,-152.0,-155.5,-153.5,-157.0,-157.0,-157.0,-157.0,-157.0,-157.0,-156.0,-157.0,-157.0,-156.0,-157.0,-157.0,-157.0,-157.0,-154.0,-155.5,-155.0,-152.5,-157.0,-155.5,-154.5,-157.0,-157.0,-157.0,-155.0,-157.0,-157.0,-157.0,-157.0,-150.5,-150.0,-157.0,-157.0,-153.5,-150.5,-156.5,-156.5,-157.0,-157.0,-157.0,-157.0,-152.5,-151.5,-154.5,-155.0,-157.0,-157.0,-155.0,-157.0,-157.0,-153.5,-157.0,-155.0,-157.0,-157.0,-157.0,-157.0,-157.0,-157.0,-157.0,-157.0,-157.0,-157.0,-157.0,-157.0,-157.0,-156.0,-157.0,-157.0,-147.0,-147.5,-152.0,-156.5,-157.0,-157.0,-157.0
2026-01-17 14:24:16.613,143.049967,5,-77,-157.0,-157.0,-157.0,-151.5,-152.0,-155.5,-156.0,-157.0,-155.5,-157.0,-152.5,-155.0,-157.0,-157.0,-157.0,-156.0,-156.5,-154.0,-152.5,-149.0,-154.0,-157.0,-156.5,-156.5,-157.0,-155.5,-157.0,-153.0,-156.5,-153.5,-155.0,-155.0,-152.5,-151.5,-157.0,-157.0,-153.0,-154.5,-157.0,-157.0,-153.0,-155.5,-157.0,-157.0,-152.0,-152.5,-155.0,-151.5,-157.0,-157.0,-157.0,-154.5,-152.0,-149.0,-149.5,-157.0,-157.0,-153.0,-151.0,-152.5,-153.5,-157.0,-157.0,-157.0,-155.0,-155.0,-156.5,-157.0,-157.0,-157.0,-152.5,-149.5,-155.5,-154.5,-150.0,-153.5,-157.0,-157.0,-156.5,-157.0,-156.0,-152.0,-154.0,-152.5,-157.0,-154.0,-155.0,-157.0,-150.0,-150.0,-156.5,-155.0,-154.0,-153.5,-157.0,-153.0,-152.5,-155.5,-157.0,-157.0,-152.0,-153.0,-157.0,-157.0,-157.0,-156.0,-157.0,-157.0,-154.0,-152.0,-156.5,-154.5,-157.0,-157.0,-157.0,-152.5,-154.0,-155.0,-152.0,-157.0,-153.5,-153.5,-157.0,-157.0,-157.0,-157.0,-156.5,-157.0,-155.0,-155.0,-157.0,-157.0,-157.0,-157.0,-153.0,-151.0,-154.0,-157.0,-157.0,-157.0,-155.0,-154.0,-152.0,-157.0,-157.0,-157.0,-155.5,-151.5,-150.5,-152.5,-156.5,-157.0,-155.0,-156.0,-154.0,-154.5,-157.0,-156.5,-156.0,-154.5,-152.0,-152.0,-151.5,-150.5,-151.0,-151.5,-150.5,-157.0,-157.0,-157.0,-157.0,-151.0,-154.0,-157.0,-157.0,-157.0,-156.0,-157.0,-157.0,-156.0,-156.5,-156.5,-150.5,-152.0,-157.0,-150.5,-153.0,-157.0,-156.5,-157.0,-157.0,-156.0,-154.0,-151.0,-155.0,-151.5,-149.5,-154.0,-154.5,-150.5,-152.0,-157.0,-154.5,-155.5,-155.5,-157.0,-157.0,-155.0,-157.0,-157.0,-157.0,-156.0,-152.0,-154.0,-153.0,-153.0,-152.0,-155.0,-157.0,-157.0,-153.0,-154.0,-157.0,-157.0,-154.5,-153.5,-154.0,-150.0,-150.5,-153.5,-157.0,-157.0,-157.0,-157.0,-157.0,-153.5,-157.0,-153.0,-155.0,-157.0,-157.0,-154.0,-144.5,-146.0,-150.5,-157.0,-157.0,-156.0,-153.5,-152.5,-153.5,-152.0,-156.0,-157.0,-157.0,-157.0,-154.5,-157.0,-157.0,-157.0,-151.0,-151.0,-157.0,-157.0,-156.5,-153.5,-156.5,-157.0,-156.0,-157.0,-153.0,-157.0,-157.0,-157.0,-157.0,-157.0,-157.0,-154.5,-154.0,-153.5,-151.0,-157.0,-155.5,-157.0,-157.0,-157.0,-157.0,-156.0,-155.5,-157.0,-154.0,-149.5,-152.0,-155.5,-154.5,-153.0,-155.0,-157.0,-157.0,-155.5,-156.0,-154.0,-153.0,-149.0,-150.5,-157.0,-152.0,-153.5,-157.0,-155.5,-156.5,-152.5,-156.0,-153.5,-157.0,-157.0,-157.0,-157.0,-156.0,-154.5,-151.5,-157.0,-148.5,-148.5,-151.5,-156.0,-157.0,-155.5,-152.0,-154.5,-156.5,-155.5,-156.0,-156.5,-157.0,-156.5,-154.5,-157.0,-157.0,-157.0,-156.5,-156.5,-153.5,-154.0,-157.0,-157.0,-157.0,-155.0,-154.0,-157.0,-156.0,-157.0,-156.5,-157.0,-155.5,-157.0,-153.5,-150.5,-150.0,-152.0,-153.5,-152.0,-157.0,-157.0,-156.0,-154.5,-153.5,-156.0,-157.0,-157.0,-150.0,-153.0,-157.0,-157.0,-157.0,-154.0,-157.0,-156.0,-155.5,-156.5,-154.0,-154.0,-157.0,-154.0,-157.0,-157.0,-156.0,-157.0,-155.5,-157.0,-157.0,-156.5,-151.5,-154.5,-157.0,-157.0,-154.5,-151.0,-150.5,-157.0,-157.0,-157.0,-157.0,-157.0,-157.0,-157.0,-156.5,-157.0,-151.5,-152.5,-157.0,-157.0,-157.0,-156.5,-156.0,-154.0,-151.5,-152.5,-157.0,-157.0,-152.5,-152.0,-155.5,-154.5,-157.0,-154.0,-154.5,-151.0,-150.5,-153.0,-157.0,-157.0,-153.5,-153.5,-157.0,-157.0,-157.0,-157.0,-157.0,-157.0,-151.5,-151.5,-153.5,-157.0,-157.0,-157.0,-157.0,-153.0,-152.0,-156.5,-157.0,-157.0,-157.0,-157.0,-157.0,-157.0,-157.0,-157.0,-157.0,-156.0,-157.0,-157.0,-157.0,-157.0,-157.0,-156.5,-157.0,-157.0,-150.0,-154.0,-154.0,-153.5,-157.0,-157.0,-157.0
2026-01-17 14:24:16.643,143.049967,5,-77,-157.0,-157.0,-157.0,-152.0,-151.0,-157.0,-157.0,-157.0,-156.5,-157.0,-154.0,-157.0,-157.0,-157.0,-157.0,-156.5,-157.0,-153.0,-152.0,-152.5,-152.5,-155.0,-155.0,-152.5,-155.5,-157.0,-157.0,-152.0,-151.5,-156.0,-156.0,-156.5,-154.5,-153.0,-157.0,-155.0,-154.0,-157.0,-156.5,-157.0,-152.5,-154.0,-157.0,-157.0,-156.5,-155.0,-157.0,-153.0,-157.0,-156.0,-157.0,-151.5,-150.5,-152.5,-149.0,-152.5,-156.0,-153.0,-154.5,-155.0,-157.0,-156.0,-156.5,-157.0,-156.0,-151.5,-157.0,-157.0,-157.0,-157.0,-153.5,-151.0,-155.5,-154.0,-148.0,-152.0,-157.0,-157.0,-155.5,-155.5,-155.5,-154.5,-155.0,-154.5,-157.0,-157.0,-157.0,-154.5,-148.5,-149.5,-152.5,-155.5,-157.0,-157.0,-157.0,-152.5,-154.5,-157.0,-157.0,-157.0,-153.5,-157.0,-157.0,-153.5,-154.5,-155.5,-157.0,-156.5,-151.5,-151.0,-157.0,-156.5,-157.0,-157.0,-157.0,-154.5,-155.5,-157.0,-156.0,-156.5,-154.5,-157.0,-156.5,-157.0,-157.0,-155.5,-152.5,-154.0,-152.5,-155.5,-157.0,-157.0,-157.0,-156.5,-155.0,-149.0,-151.5,-157.0,-157.0,-156.0,-155.0,-157.0,-155.0,-156.5,-156.0,-157.0,-157.0,-157.0,-154.5,-154.5,-157.0,-157.0,-157.0,-157.0,-155.5,-155.0,-156.0,-157.0,-157.0,-156.5,-157.0,-154.5,-154.0,-152.5,-154.5,-154.5,-153.0,-154.0,-155.0,-152.5,-154.5,-154.0,-156.5,-157.0,-157.0,-153.0,-155.0,-155.5,-157.0,-150.0,-151.5,-157.0,-154.5,-154.5,-157.0,-151.0,-153.5,-157.0,-155.0,-154.0,-157.0,-157.0,-157.0,-152.5,-152.5,-152.0,-152.0,-152.5,-157.0,-152.5,-151.0,-157.0,-156.0,-157.0,-154.0,-154.5,-157.0,-153.5,-152.5,-157.0,-157.0,-153.0,-151.5,-157.0,-153.5,-153.0,-151.0,-157.0,-156.5,-157.0,-152.5,-154.0,-153.5,-154.0,-156.0,-154.0,-154.0,-152.5,-155.5,-157.0,-157.0,-157.0,-157.0,-157.0,-157.0,-152.0,-154.5,-157.0,-155.5,-157.0,-157.0,-157.0,-146.0,-148.0,-152.0,-156.5,-157.0,-157.0,-157.0,-154.0,-157.0,-154.5,-156.0,-153.5,-154.0,-157.0,-151.5,-152.0,-156.5,-155.0,-153.5,-148.0,-151.5,-157.0,-157.0,-154.0,-156.5,-156.5,-154.5,-154.5,-151.0,-155.0,-157.0,-157.0,-157.0,-157.0,-156.0,-156.0,-157.0,-155.5,-152.0,-155.0,-156.5,-154.5,-154.0,-157.0,-157.0,-157.0,-157.0,-157.0,-157.0,-151.0,-152.0,-157.0,-157.0,-154.5,-157.0,-157.0,-157.0,-157.0,-157.0,-156.0,-153.5,-148.0,-152.0,-157.0,-152.0,-157.0,-152.5,-152.0,-157.0,-157.0,-157.0,-157.0,-157.0,-157.0,-157.0,-157.0,-157.0,-153.5,-155.0,-157.0,-149.5,-148.0,-157.0,-154.0,-157.0,-156.0,-153.0,-153.0,-157.0,-157.0,-153.0,-154.5,-157.0,-156.5,-157.0,-157.0,-157.0,-157.0,-157.0,-157.0,-155.5,-155.5,-157.0,-157.0,-157.0,-156.0,-154.5,-157.0,-157.0,-154.5,-153.0,-155.5,-157.0,-157.0,-153.0,-152.0,-155.0,-153.5,-152.0,-155.0,-157.0,-157.0,-157.0,-155.0,-157.0,-157.0,-157.0,-154.0,-149.5,-157.0,-155.5,-157.0,-157.0,-155.5,-157.0,-157.0,-157.0,-157.0,-157.0,-157.0,-157.0,-155.5,-157.0,-157.0,-156.0,-157.0,-157.0,-157.0,-157.0,-157.0,-154.0,-156.5,-157.0,-155.5,-153.0,-151.0,-151.0,-157.0,-157.0,-157.0,-157.0,-157.0,-157.0,-157.0,-157.0,-152.0,-151.5,-154.5,-157.0,-157.0,-157.0,-157.0,-157.0,-155.5,-150.0,-152.0,-157.0,-157.0,-156.0,-154.0,-155.5,-155.0,-157.0,-152.0,-157.0,-151.0,-156.5,-157.0,-157.0,-157.0,-157.0,-157.0,-157.0,-157.0,-156.5,-157.0,-157.0,-157.0,-154.5,-156.5,-157.0,-157.0,-157.0,-157.0,-157.0,-154.0,-154.5,-157.0,-157.0,-157.0,-157.0,-153.5,-151.5,-157.0,-157.0,-157.0,-155.5,-157.0,-157.0,-157.0,-156.0,-157.0,-157.0,-156.0,-157.0,-156.5,-157.0,-157.0,-155.0,-152.5,-157.0,-157.0,-157.0
2026-01-17 14:24:16.683,143.049967,5,-77,-157.0,-157.0,-154.5,-157.0,-155.0,-157.0,-157.0,-157.0,-157.0,-155.5,-154.5,-154.0,-153.5,-157.0,-153.0,-153.0,-155.5,-153.5,-152.5,-154.0,-154.5,-156.5,-157.0,-151.5,-157.0,-157.0,-152.5,-152.0,-153.0,-156.5,-151.5,-155.0,-157.0,-154.5,-157.0,-157.0,-157.0,-155.5,-153.0,-157.0,-155.5,-157.0,-157.0,-157.0,-157.0,-156.5,-157.0,-154.5,-155.5,-154.0,-157.0,-151.5,-153.5,-157.0,-152.0,-157.0,-157.0,-157.0,-156.5,-153.5,-156.5,-155.5,-154.5,-156.0,-156.0,-153.0,-157.0,-157.0,-157.0,-157.0,-157.0,-156.0,-156.5,-153.0,-147.0,-147.5,-154.0,-156.5,-153.0,-154.0,-157.0,-157.0,-157.0,-157.0,-156.5,-157.0,-154.5,-156.0,-151.5,-157.0,-157.0,-154.5,-157.0,-157.0,-156.0,-154.0,-157.0,-157.0,-157.0,-156.0,-152.5,-157.0,-157.0,-152.5,-156.0,-156.5,-153.5,-152.5,-152.5,-156.5,-157.0,-157.0,-157.0,-157.0,-157.0,-153.5,-157.0,-157.0,-152.0,-153.5,-157.0,-156.5,-155.0,-154.0,-152.0,-157.0,-155.0,-151.5,-150.0,-152.0,-157.0,-157.0,-157.0,-156.5,-152.5,-150.0,-154.5,-157.0,-157.0,-157.0,-157.0,-157.0,-155.0,-157.0,-156.0,-157.0,-157.0,-157.0,-157.0,-157.0,-157.0,-157.0,-157.0,-157.0,-157.0,-157.0,-155.5,-157.0,-156.0,-154.5,-156.0,-153.0,-155.5,-157.0,-157.0,-157.0,-155.5,-157.0,-151.5,-150.5,-151.0,-154.0,-157.0,-157.0,-155.5,-153.0,-157.0,-153.5,-157.0,-149.0,-151.5,-157.0,-157.0,-157.0,-157.0,-153.0,-154.5,-155.5,-154.0,-153.5,-157.0,-157.0,-156.5,-155.5,-153.5,-157.0,-157.0,-157.0,-157.0,-152.5,-153.0,-155.0,-157.0,-157.0,-155.0,-154.0,-154.0,-155.5,-154.0,-157.0,-157.0,-156.5,-156.5,-157.0,-156.5,-150.5,-149.0,-155.0,-154.5,-157.0,-155.5,-151.5,-153.0,-153.5,-155.0,-152.5,-157.0,-154.5,-157.0,-157.0,-154.5,-157.0,-157.0,-157.0,-157.0,-157.0,-154.0,-156.5,-152.5,-154.0,-157.0,-157.0,-144.0,-144.0,-156.5,-157.0,-155.0,-157.0,-157.0,-156.5,-157.0,-157.0,-157.0,-151.5,-149.5,-154.5,-152.5,-151.5,-153.0,-149.5,-150.5,-149.0,-149.5,-155.0,-157.0,-157.0,-155.5,-157.0,-156.5,-156.0,-152.5,-156.0,-156.5,-157.0,-156.5,-157.0,-156.0,-154.0,-157.0,-157.0,-156.0,-157.0,-157.0,-152.0,-151.0,-154.5,-157.0,-157.0,-157.0,-156.0,-157.0,-152.0,-156.0,-157.0,-157.0,-157.0,-156.5,-157.0,-157.0,-157.0,-154.0,-157.0,-154.0,-149.0,-157.0,-153.0,-155.0,-152.0,-151.5,-151.5,-157.0,-157.0,-157.0,-156.0,-157.0,-157.0,-157.0,-155.0,-157.0,-156.0,-157.0,-157.0,-157.0,-152.5,-157.0,-153.0,-153.5,-156.5,-157.0,-155.5,-157.0,-157.0,-155.0,-154.5,-157.0,-155.0,-157.0,-157.0,-157.0,-155.0,-157.0,-156.5,-154.0,-157.0,-155.5,-157.0,-157.0,-157.0,-153.5,-156.0,-154.5,-153.5,-155.0,-152.5,-155.0,-157.0,-156.5,-155.0,-157.0,-154.5,-151.5,-155.0,-157.0,-157.0,-157.0,-157.0,-157.0,-154.0,-157.0,-156.5,-151.0,-155.5,-157.0,-157.0,-157.0,-155.5,-157.0,-157.0,-157.0,-157.0,-157.0,-157.0,-157.0,-156.0,-157.0,-157.0,-157.0,-157.0,-157.0,-157.0,-157.0,-157.0,-155.0,-154.5,-157.0,-152.0,-152.0,-155.5,-157.0,-157.0,-157.0,-157.0,-157.0,-157.0,-155.0,-157.0,-154.5,-152.5,-157.0,-157.0,-157.0,-157.0,-157.0,-157.0,-156.0,-151.0,-150.5,-154.5,-155.5,-157.0,-157.0,-157.0,-157.0,-157.0,-157.0,-153.5,-157.0,-153.5,-157.0,-157.0,-157.0,-157.0,-157.0,-157.0,-157.0,-157.0,-156.5,-157.0,-157.0,-157.0,-157.0,-155.5,-157.0,-153.0,-156.0,-157.0,-157.0,-157.0,-157.0,-157.0,-157.0,-157.0,-157.0,-153.0,-151.0,-153.5,-157.0,-156.5,-157.0,-157.0,-157.0,-157.0,-155.5,-153.5,-154.0,-153.5,-157.0,-157.0,-157.0,-157.0,-157.0,-155.0,-157.0,-156.0,-155.5
2026-01-17 14:24:16.714,143.049967,5,-77,-157.0,-157.0,-153.5,-157.0,-155.5,-157.0,-157.0,-157.0,-157.0,-153.5,-155.0,-152.5,-150.5,-155.5,-152.5,-152.0,-150.5,-154.5,-157.0,-157.0,-157.0,-157.0,-157.0,-153.0,-157.0,-155.0,-150.5,-151.5,-154.5,-156.0,-151.0,-156.0,-157.0,-156.5,-154.0,-152.0,-153.0,-150.5,-152.0,-157.0,-156.0,-157.0,-157.0,-157.0,-157.0,-157.0,-157.0,-155.5,-157.0,-157.0,-157.0,-154.0,-157.0,-156.5,-157.0,-157.0,-157.0,-157.0,-156.5,-154.5,-153.5,-152.5,-157.0,-157.0,-156.5,-157.0,-155.0,-154.5,-154.5,-157.0,-157.0,-157.0,-155.0,-154.0,-150.0,-147.5,-152.5,-154.0,-156.0,-157.0,-157.0,-157.0,-157.0,-157.0,-154.5,-157.0,-154.0,-155.0,-152.0,-157.0,-157.0,-155.0,-157.0,-153.0,-156.0,-157.0,-157.0,-156.5,-156.0,-154.0,-156.0,-156.5,-157.0,-154.5,-157.0,-157.0,-155.5,-155.0,-156.5,-157.0,-157.0,-157.0,-156.0,-157.0,-157.0,-154.0,-157.0,-157.0,-151.5,-151.5,-157.0,-153.5,-157.0,-149.0,-148.5,-156.5,-157.0,-157.0,-153.0,-154.5,-155.5,-157.0,-157.0,-157.0,-153.0,-151.0,-157.0,-156.5,-154.0,-155.5,-157.0,-157.0,-152.5,-157.0,-156.0,-155.5,-154.0,-154.5,-157.0,-156.5,-156.5,-157.0,-155.0,-157.0,-156.5,-157.0,-157.0,-157.0,-156.0,-157.0,-151.5,-153.5,-152.5,-155.0,-156.0,-157.0,-156.0,-157.0,-154.0,-155.5,-150.5,-156.5,-157.0,-157.0,-157.0,-154.5,-150.0,-149.0,-155.0,-150.0,-155.0,-154.5,-157.0,-157.0,-157.0,-155.5,-157.0,-153.0,-153.0,-156.5,-157.0,-157.0,-154.5,-157.0,-154.0,-157.0,-156.0,-157.0,-152.5,-155.0,-157.0,-155.0,-157.0,-157.0,-157.0,-157.0,-155.5,-156.0,-157.0,-157.0,-157.0,-157.0,-157.0,-157.0,-152.0,-153.0,-150.5,-157.0,-152.5,-152.5,-157.0,-150.5,-153.5,-157.0,-152.5,-150.0,-157.0,-155.5,-157.0,-156.0,-153.0,-157.0,-156.5,-154.5,-155.0,-157.0,-152.5,-154.0,-154.0,-155.0,-155.5,-157.0,-142.5,-142.5,-153.0,-157.0,-153.5,-151.5,-157.0,-155.0,-157.0,-157.0,-157.0,-151.0,-150.5,-157.0,-155.0,-156.0,-157.0,-150.0,-149.5,-152.0,-152.0,-154.5,-152.5,-155.0,-155.5,-157.0,-157.0,-153.5,-155.5,-157.0,-157.0,-155.5,-154.0,-157.0,-153.5,-154.0,-157.0,-157.0,-157.0,-157.0,-157.0,-156.0,-153.5,-157.0,-157.0,-157.0,-156.0,-152.5,-153.0,-151.5,-157.0,-157.0,-157.0,-156.5,-152.5,-157.0,-157.0,-157.0,-154.0,-155.0,-157.0,-151.0,-152.5,-155.5,-155.0,-152.0,-157.0,-157.0,-155.0,-153.5,-155.5,-152.5,-154.0,-157.0,-157.0,-153.5,-157.0,-157.0,-157.0,-156.0,-155.5,-155.0,-157.0,-154.0,-153.0,-155.0,-155.5,-154.0,-157.0,-157.0,-155.5,-156.5,-156.5,-153.0,-157.0,-157.0,-157.0,-157.0,-157.0,-154.0,-150.5,-149.5,-157.0,-155.5,-155.0,-155.0,-153.0,-154.5,-156.0,-155.5,-156.5,-154.5,-157.0,-157.0,-157.0,-153.5,-156.5,-153.5,-153.0,-151.5,-157.0,-157.0,-157.0,-157.0,-154.5,-150.5,-155.5,-157.0,-153.5,-155.5,-156.0,-157.0,-157.0,-154.0,-157.0,-157.0,-157.0,-157.0,-157.0,-157.0,-157.0,-156.0,-152.0,-154.0,-157.0,-157.0,-157.0,-155.0,-157.0,-157.0,-154.5,-152.0,-157.0,-157.0,-157.0,-157.0,-157.0,-154.5,-157.0,-157.0,-154.0,-153.0,-157.0,-157.0,-157.0,-156.5,-157.0,-157.0,-157.0,-157.0,-157.0,-157.0,-150.5,-150.0,-156.0,-154.0,-152.0,-154.0,-155.0,-157.0,-157.0,-157.0,-157.0,-157.0,-157.0,-157.0,-157.0,-157.0,-155.5,-153.5,-157.0,-157.0,-157.0,-157.0,-157.0,-157.0,-157.0,-157.0,-157.0,-155.5,-156.0,-150.0,-151.0,-157.0,-157.0,-157.0,-157.0,-155.5,-157.0,-157.0,-157.0,-157.0,-151.5,-150.5,-155.0,-157.0,-157.0,-157.0,-157.0,-157.0,-157.0,-150.0,-151.5,-152.5,-157.0,-156.5,-157.0,-157.0,-156.5,-157.0,-156.5,-153.5,-157.0
2026-01-17 14:24:16.743,143.049967,5,-77,-157.0,-157.0,-152.5,-153.0,-152.5,-155.0,-157.0,-156.5,-157.0,-156.5,-157.0,-155.5,-152.0,-152.5,-151.5,-152.5,-153.5,-154.0,-157.0,-157.0,-157.0,-157.0,-157.0,-154.5,-157.0,-153.5,-151.5,-154.0,-155.0,-155.0,-154.0,-155.5,-157.0,-157.0,-151.0,-149.5,-150.5,-152.0,-150.5,-154.0,-155.0,-155.0,-155.5,-157.0,-157.0,-155.0,-157.0,-156.0,-157.0,-157.0,-157.0,-155.5,-157.0,-157.0,-156.5,-155.5,-157.0,-157.0,-157.0,-157.0,-152.0,-150.5,-157.0,-157.0,-156.5,-152.5,-151.0,-157.0,-156.5,-157.0,-157.0,-157.0,-157.0,-157.0,-157.0,-153.5,-156.0,-156.0,-157.0,-157.0,-157.0,-157.0,-156.5,-157.0,-155.5,-157.0,-157.0,-150.5,-152.0,-157.0,-152.0,-155.5,-154.5,-151.5,-155.0,-154.5,-151.5,-152.0,-149.5,-150.5,-154.0,-155.0,-156.0,-153.5,-155.0,-157.0,-157.0,-155.5,-155.5,-157.0,-157.0,-157.0,-153.5,-153.0,-157.0,-157.0,-157.0,-157.0,-155.0,-153.0,-155.0,-151.0,-153.0,-153.0,-152.0,-152.5,-153.0,-157.0,-156.5,-154.0,-153.5,-155.5,-155.0,-152.5,-157.0,-153.5,-157.0,-157.0,-153.0,-153.5,-157.0,-157.0,-153.0,-155.5,-156.5,-156.5,-151.0,-152.0,-157.0,-154.0,-154.0,-156.5,-153.0,-154.5,-154.0,-153.5,-157.0,-156.0,-157.0,-157.0,-151.5,-153.5,-151.0,-155.0,-156.5,-156.5,-157.0,-154.0,-154.0,-157.0,-155.5,-157.0,-157.0,-157.0,-157.0,-157.0,-150.0,-151.0,-154.5,-154.0,-154.0,-153.5,-154.5,-157.0,-156.5,-155.5,-157.0,-155.5,-156.0,-157.0,-157.0,-155.5,-153.0,-157.0,-150.5,-155.0,-154.0,-157.0,-155.0,-156.5,-157.0,-157.0,-154.0,-157.0,-157.0,-157.0,-157.0,-157.0,-157.0,-157.0,-157.0,-157.0,-157.0,-157.0,-150.5,-156.0,-154.0,-157.0,-155.5,-153.5,-157.0,-154.5,-156.0,-157.0,-157.0,-151.5,-157.0,-157.0,-157.0,-157.0,-154.5,-154.5,-157.0,-153.5,-157.0,-157.0,-152.5,-157.0,-155.0,-157.0,-152.0,-152.0,-142.0,-145.0,-155.0,-157.0,-157.0,-150.5,-151.0,-151.0,-156.5,-157.0,-157.0,-155.0,-157.0,-157.0,-153.5,-153.5,-157.0,-155.5,-156.0,-155.0,-156.0,-153.5,-152.5,-154.0,-154.0,-156.5,-157.0,-154.5,-157.0,-154.5,-154.5,-156.0,-156.0,-157.0,-152.0,-153.0,-153.5,-157.0,-157.0,-157.0,-157.0,-156.5,-155.0,-157.0,-157.0,-157.0,-156.5,-154.0,-151.0,-150.5,-157.0,-157.0,-155.0,-156.5,-153.5,-157.0,-157.0,-157.0,-157.0,-157.0,-157.0,-157.0,-155.0,-157.0,-153.0,-155.0,-156.5,-157.0,-153.0,-155.0,-157.0,-152.5,-155.0,-157.0,-157.0,-155.0,-157.0,-157.0,-157.0,-157.0,-156.0,-154.0,-154.0,-157.0,-154.0,-153.5,-153.0,-153.5,-157.0,-157.0,-156.5,-156.0,-157.0,-153.5,-157.0,-157.0,-157.0,-157.0,-157.0,-152.5,-152.5,-149.0,-150.0,-150.0,-153.5,-157.0,-155.0,-154.0,-152.5,-153.0,-156.5,-154.5,-157.0,-157.0,-156.5,-153.0,-157.0,-154.5,-157.0,-153.5,-157.0,-157.0,-156.0,-157.0,-157.0,-153.0,-155.0,-155.5,-157.0,-157.0,-153.5,-156.5,-157.0,-153.5,-157.0,-157.0,-157.0,-157.0,-157.0,-157.0,-157.0,-157.0,-151.0,-151.0,-157.0,-154.5,-156.5,-154.0,-156.5,-157.0,-153.5,-153.5,-157.0,-157.0,-157.0,-157.0,-155.5,-154.0,-154.0,-157.0,-154.5,-154.0,-157.0,-157.0,-157.0,-157.0,-157.0,-157.0,-155.0,-157.0,-157.0,-157.0,-152.0,-153.5,-157.0,-157.0,-153.0,-157.0,-153.0,-155.0,-157.0,-157.0,-157.0,-156.5,-157.0,-157.0,-157.0,-157.0,-157.0,-149.5,-151.0,-157.0,-157.0,-157.0,-157.0,-157.0,-157.0,-157.0,-157.0,-157.0,-157.0,-153.5,-150.5,-152.5,-157.0,-157.0,-157.0,-155.0,-157.0,-157.0,-157.0,-157.0,-152.5,-153.5,-154.0,-157.0,-154.5,-153.5,-155.0,-155.0,-151.0,-150.5,-154.5,-155.0,-157.0,-156.5,-157.0,-157.0,-152.0,-152.5,-157.0,-157.0,-157.0
2026-01-17 14:24:16.776,143.049967,5,-77,-157.0,-157.0,-150.5,-151.5,-155.0,-156.0,-157.0,-157.0,-157.0,-157.0,-157.0,-157.0,-157.0,-152.0,-153.0,-154.0,-157.0,-157.0,-157.0,-157.0,-154.5,-154.5,-155.5,-155.5,-156.0,-152.5,-156.5,-157.0,-157.0,-157.0,-157.0,-156.0,-156.5,-154.5,-154.0,-153.0,-153.0,-157.0,-150.0,-153.0,-157.0,-156.0,-155.5,-157.0,-155.0,-153.5,-154.5,-156.0,-157.0,-157.0,-157.0,-155.0,-156.0,-157.0,-151.0,-152.5,-155.0,-156.0,-157.0,-157.0,-153.0,-152.5,-156.5,-157.0,-157.0,-150.5,-151.0,-157.0,-157.0,-157.0,-157.0,-157.0,-157.0,-157.0,-157.0,-157.0,-157.0,-156.5,-157.0,-157.0,-157.0,-157.0,-157.0,-157.0,-157.0,-157.0,-157.0,-152.0,-156.0,-154.0,-148.0,-150.5,-157.0,-153.5,-152.0,-148.5,-148.5,-151.5,-149.5,-153.5,-151.5,-156.5,-157.0,-153.0,-151.0,-152.5,-157.0,-155.5,-157.0,-157.0,-157.0,-157.0,-157.0,-152.5,-155.0,-157.0,-155.0,-156.0,-157.0,-155.0,-155.0,-152.0,-150.0,-157.0,-156.0,-152.5,-150.5,-157.0,-157.0,-153.0,-153.5,-154.5,-157.0,-151.0,-157.0,-155.5,-156.0,-157.0,-154.5,-157.0,-157.0,-157.0,-155.5,-156.5,-157.0,-157.0,-150.0,-150.0,-154.5,-153.0,-152.5,-155.5,-155.5,-154.5,-157.0,-152.5,-153.5,-155.0,-155.0,-153.0,-155.0,-154.0,-151.5,-153.5,-157.0,-157.0,-157.0,-153.0,-151.5,-156.0,-157.0,-154.5,-154.5,-157.0,-154.0,-154.0,-154.0,-157.0,-157.0,-157.0,-157.0,-153.5,-150.0,-153.5,-157.0,-157.0,-157.0,-157.0,-154.0,-155.0,-156.5,-157.0,-154.0,-154.0,-149.5,-153.5,-157.0,-157.0,-157.0,-155.5,-157.0,-157.0,-152.5,-157.0,-157.0,-157.0,-157.0,-157.0,-157.0,-157.0,-157.0,-152.0,-155.0,-152.5,-152.0,-152.0,-156.0,-157.0,-157.0,-157.0,-156.5,-157.0,-157.0,-157.0,-155.5,-153.5,-157.0,-156.0,-154.0,-157.0,-157.0,-155.0,-155.5,-157.0,-157.0,-157.0,-154.0,-157.0,-152.0,-157.0,-151.5,-149.0,-142.5,-144.0,-153.5,-157.0,-157.0,-153.0,-151.0,-151.5,-151.0,-157.0,-157.0,-157.0,-157.0,-157.0,-154.0,-152.0,-153.5,-157.0,-157.0,-155.0,-157.0,-153.5,-156.0,-156.0,-157.0,-154.0,-156.0,-157.0,-156.5,-153.5,-153.0,-157.0,-157.0,-157.0,-156.5,-153.0,-152.0,-156.0,-156.5,-157.0,-156.0,-155.5,-157.0,-156.5,-157.0,-157.0,-157.0,-155.0,-153.0,-148.0,-151.0,-157.0,-157.0,-157.0,-157.0,-155.5,-157.0,-157.0,-157.0,-157.0,-157.0,-156.5,-157.0,-157.0,-154.5,-157.0,-156.5,-157.0,-154.5,-157.0,-157.0,-154.0,-157.0,-157.0,-157.0,-155.0,-155.0,-157.0,-157.0,-157.0,-155.0,-155.5,-153.5,-157.0,-157.0,-157.0,-155.5,-153.5,-157.0,-157.0,-157.0,-154.0,-156.5,-153.5,-156.5,-154.0,-155.5,-156.5,-154.0,-153.5,-157.0,-154.5,-150.0,-148.5,-157.0,-157.0,-157.0,-157.0,-151.0,-149.5,-157.0,-153.5,-157.0,-157.0,-155.0,-157.0,-157.0,-154.5,-154.5,-154.5,-157.0,-151.5,-149.5,-156.0,-157.0,-157.0,-157.0,-156.0,-157.0,-156.0,-154.0,-156.0,-157.0,-153.0,-156.5,-154.0,-157.0,-157.0,-157.0,-157.0,-157.0,-157.0,-156.5,-152.5,-157.0,-153.5,-157.0,-157.0,-157.0,-157.0,-153.5,-157.0,-156.0,-156.5,-157.0,-156.5,-157.0,-155.0,-152.5,-157.0,-156.5,-157.0,-155.0,-157.0,-157.0,-157.0,-157.0,-157.0,-157.0,-157.0,-157.0,-157.0,-157.0,-157.0,-155.0,-157.0,-157.0,-157.0,-154.5,-154.0,-156.0,-157.0,-156.5,-151.5,-157.0,-157.0,-156.5,-155.5,-157.0,-149.0,-148.0,-155.5,-157.0,-157.0,-157.0,-157.0,-157.0,-155.0,-157.0,-156.0,-157.0,-157.0,-152.0,-153.5,-157.0,-157.0,-156.5,-153.5,-157.0,-157.0,-152.5,-152.5,-153.5,-157.0,-156.0,-156.5,-150.5,-149.5,-154.0,-152.5,-151.5,-154.0,-155.5,-154.5,-155.0,-155.0,-157.0,-155.0,-155.0,-153.5,-157.0,-157.0,-157.0
2026-01-17 14:24:16.812,143.049967,5,-77,-157.0,-157.0,-150.0,-153.5,-157.0,-157.0,-157.0,-157.0,-156.0,-157.0,-157.0,-157.0,-157.0,-152.5,-157.0,-157.0,-154.0,-157.0,-157.0,-157.0,-155.5,-155.5,-157.0,-157.0,-157.0,-155.0,-154.5,-157.0,-157.0,-154.5,-155.0,-157.0,-157.0,-155.0,-157.0,-156.0,-157.0,-156.5,-152.0,-157.0,-157.0,-157.0,-156.0,-157.0,-157.0,-154.0,-151.5,-157.0,-157.0,-157.0,-157.0,-154.0,-155.5,-154.0,-151.0,-154.0,-156.0,-154.0,-152.0,-155.5,-152.5,-155.0,-157.0,-157.0,-157.0,-155.0,-157.0,-157.0,-157.0,-157.0,-157.0,-157.0,-153.0,-152.5,-157.0,-157.0,-157.0,-157.0,-156.0,-155.5,-157.0,-156.5,-157.0,-157.0,-157.0,-157.0,-153.0,-151.5,-157.0,-150.0,-148.0,-154.5,-154.0,-153.0,-150.5,-149.5,-152.5,-155.5,-153.0,-157.0,-154.5,-155.0,-157.0,-154.5,-153.0,-157.0,-157.0,-157.0,-157.0,-157.0,-157.0,-157.0,-156.5,-154.0,-157.0,-153.0,-152.5,-156.0,-157.0,-155.0,-154.5,-156.0,-152.5,-155.0,-156.0,-155.5,-153.0,-155.5,-156.0,-154.0,-157.0,-152.5,-152.5,-150.0,-157.0,-157.0,-157.0,-157.0,-155.0,-157.0,-157.0,-157.0,-157.0,-156.5,-157.0,-157.0,-151.5,-152.5,-157.0,-155.5,-154.5,-157.0,-155.5,-153.0,-156.5,-154.5,-154.5,-157.0,-155.0,-151.0,-157.0,-157.0,-153.5,-154.5,-157.0,-156.5,-152.0,-154.0,-155.5,-157.0,-157.0,-156.0,-157.0,-157.0,-152.5,-153.5,-157.0,-157.0,-157.0,-157.0,-157.0,-150.5,-150.0,-151.5,-157.0,-156.5,-157.0,-155.5,-150.0,-153.0,-155.0,-157.0,-157.0,-153.0,-152.0,-155.0,-157.0,-155.0,-156.0,-157.0,-157.0,-157.0,-153.5,-157.0,-157.0,-157.0,-157.0,-152.5,-151.5,-154.0,-157.0,-150.5,-155.5,-152.5,-156.0,-151.5,-153.5,-157.0,-157.0,-157.0,-156.5,-157.0,-155.5,-157.0,-156.5,-157.0,-157.0,-156.0,-155.0,-157.0,-157.0,-157.0,-156.5,-155.5,-156.0,-155.0,-157.0,-154.5,-151.5,-155.0,-155.5,-153.0,-144.5,-143.5,-152.0,-157.0,-153.0,-154.0,-157.0,-157.0,-152.5,-157.0,-157.0,-156.0,-157.0,-157.0,-157.0,-154.5,-154.0,-157.0,-157.0,-157.0,-157.0,-155.0,-157.0,-157.0,-157.0,-152.5,-155.0,-157.0,-157.0,-157.0,-156.5,-157.0,-157.0,-156.0,-157.0,-156.5,-155.5,-157.0,-153.5,-152.0,-152.0,-155.0,-157.0,-157.0,-157.0,-157.0,-157.0,-155.0,-153.0,-147.5,-148.5,-154.0,-157.0,-157.0,-157.0,-154.0,-157.0,-157.0,-157.0,-157.0,-156.5,-155.0,-154.0,-156.5,-155.0,-157.0,-157.0,-157.0,-157.0,-157.0,-154.5,-153.5,-157.0,-157.0,-156.5,-157.0,-152.0,-153.5,-157.0,-157.0,-154.0,-155.0,-155.5,-157.0,-157.0,-157.0,-156.0,-153.5,-155.5,-156.0,-157.0,-155.5,-157.0,-156.5,-154.0,-156.0,-154.0,-157.0,-152.0,-153.0,-154.5,-157.0,-154.5,-150.0,-157.0,-157.0,-157.0,-157.0,-152.0,-151.5,-157.0,-157.0,-154.5,-156.5,-154.5,-157.0,-156.0,-156.5,-156.5,-152.0,-152.0,-151.5,-150.5,-152.0,-157.0,-157.0,-156.0,-156.0,-157.0,-157.0,-154.5,-151.0,-151.5,-152.0,-151.5,-151.5,-157.0,-157.0,-156.5,-154.5,-157.0,-154.0,-156.5,-155.5,-156.0,-156.0,-156.0,-157.0,-157.0,-157.0,-153.5,-156.5,-154.0,-154.0,-157.0,-155.0,-157.0,-156.0,-154.0,-157.0,-155.5,-155.0,-155.5,-157.0,-157.0,-157.0,-157.0,-157.0,-157.0,-157.0,-155.5,-155.0,-157.0,-151.5,-152.0,-157.0,-157.0,-157.0,-153.0,-154.5,-152.5,-156.5,-157.0,-151.5,-154.5,-156.5,-153.0,-153.0,-157.0,-151.0,-151.0,-157.0,-157.0,-157.0,-157.0,-157.0,-155.0,-154.5,-157.0,-152.0,-157.0,-157.0,-157.0,-157.0,-157.0,-157.0,-155.5,-153.0,-157.0,-157.0,-151.5,-150.0,-157.0,-157.0,-155.5,-157.0,-152.0,-153.0,-157.0,-157.0,-157.0,-155.0,-152.0,-153.0,-152.5,-154.0,-157.0,-156.0,-157.0,-157.0,-157.0,-157.0,-157.0
2026-01-17 14:24:16.849,143.049967,5,-77,-157.0,-157.0,-151.0,-150.5,-155.0,-157.0,-156.0,-157.0,-157.0,-152.0,-150.5,-152.5,-157.0,-154.5,-156.5,-152.5,-152.5,-157.0,-157.0,-157.0,-157.0,-157.0,-157.0,-157.0,-157.0,-157.0,-157.0,-157.0,-157.0,-155.0,-155.5,-157.0,-157.0,-155.5,-155.5,-156.0,-157.0,-151.0,-150.0,-157.0,-157.0,-157.0,-155.5,-157.0,-157.0,-155.5,-154.5,-157.0,-157.0,-157.0,-157.0,-156.0,-156.0,-153.0,-152.5,-155.0,-156.5,-157.0,-153.0,-154.0,-155.0,-156.0,-157.0,-157.0,-156.0,-154.0,-157.0,-157.0,-157.0,-157.0,-157.0,-157.0,-152.5,-150.5,-155.5,-153.5,-157.0,-156.0,-155.5,-155.5,-152.5,-153.0,-157.0,-157.0,-157.0,-157.0,-153.0,-150.5,-152.5,-150.5,-154.0,-157.0,-157.0,-154.0,-153.5,-157.0,-157.0,-157.0,-157.0,-156.0,-153.5,-153.0,-157.0,-157.0,-157.0,-157.0,-157.0,-157.0,-156.5,-157.0,-157.0,-152.5,-154.0,-157.0,-156.0,-149.0,-149.0,-157.0,-157.0,-157.0,-157.0,-157.0,-155.0,-156.0,-157.0,-157.0,-157.0,-154.0,-154.5,-157.0,-157.0,-151.0,-152.0,-153.5,-157.0,-157.0,-156.5,-157.0,-154.5,-157.0,-154.5,-152.5,-153.5,-157.0,-157.0,-157.0,-156.0,-154.0,-157.0,-157.0,-155.5,-157.0,-156.0,-153.5,-154.0,-157.0,-157.0,-157.0,-157.0,-151.0,-155.0,-156.5,-152.0,-153.0,-153.5,-157.0,-151.0,-157.0,-157.0,-157.0,-157.0,-157.0,-157.0,-157.0,-152.0,-155.5,-154.0,-157.0,-157.0,-157.0,-156.5,-151.5,-157.0,-157.0,-157.0,-157.0,-157.0,-156.5,-152.0,-157.0,-152.0,-156.0,-157.0,-157.0,-157.0,-153.5,-155.0,-152.5,-157.0,-157.0,-156.5,-153.5,-153.5,-153.5,-153.0,-152.5,-157.0,-152.5,-151.5,-157.0,-157.0,-151.5,-153.0,-154.5,-157.0,-154.5,-153.5,-157.0,-157.0,-157.0,-157.0,-157.0,-155.5,-157.0,-157.0,-157.0,-157.0,-154.0,-154.5,-157.0,-154.5,-154.0,-157.0,-152.0,-156.0,-154.0,-157.0,-156.0,-155.5,-157.0,-157.0,-157.0,-146.0,-146.0,-157.0,-157.0,-152.5,-155.5,-157.0,-157.0,-157.0,-157.0,-157.0,-154.0,-152.0,-157.0,-157.0,-157.0,-156.0,-157.0,-157.0,-157.0,-157.0,-157.0,-156.0,-157.0,-157.0,-155.5,-157.0,-157.0,-157.0,-157.0,-157.0,-157.0,-157.0,-156.0,-157.0,-157.0,-157.0,-157.0,-157.0,-152.0,-149.0,-153.5,-156.5,-157.0,-157.0,-157.0,-157.0,-157.0,-154.5,-152.0,-154.5,-153.0,-157.0,-157.0,-153.5,-153.5,-157.0,-157.0,-154.0,-157.0,-153.0,-156.5,-152.0,-157.0,-157.0,-157.0,-157.0,-157.0,-153.5,-153.0,-151.5,-155.5,-157.0,-157.0,-154.0,-156.5,-153.0,-152.0,-157.0,-156.5,-157.0,-155.5,-157.0,-157.0,-157.0,-157.0,-154.0,-155.5,-154.5,-153.5,-157.0,-156.0,-154.0,-153.5,-156.0,-155.5,-151.0,-154.5,-154.0,-153.5,-151.5,-154.0,-157.0,-152.0,-154.5,-157.0,-157.0,-157.0,-157.0,-154.0,-157.0,-157.0,-152.0,-154.0,-157.0,-157.0,-157.0,-157.0,-157.0,-150.5,-149.0,-156.5,-157.0,-153.0,-157.0,-157.0,-157.0,-157.0,-157.0,-156.0,-155.0,-151.0,-151.0,-153.0,-153.5,-156.5,-157.0,-157.0,-151.5,-153.0,-157.0,-154.0,-152.5,-157.0,-157.0,-157.0,-157.0,-157.0,-157.0,-157.0,-156.0,-157.0,-156.0,-154.0,-157.0,-154.5,-157.0,-154.5,-155.0,-157.0,-157.0,-154.0,-155.5,-152.0,-155.0,-157.0,-157.0,-157.0,-157.0,-157.0,-150.5,-156.0,-157.0,-152.5,-151.0,-157.0,-156.5,-154.0,-151.5,-157.0,-151.5,-153.5,-157.0,-155.0,-152.5,-155.0,-150.5,-156.0,-157.0,-157.0,-157.0,-157.0,-157.0,-157.0,-157.0,-157.0,-154.5,-156.0,-157.0,-150.5,-155.0,-157.0,-157.0,-157.0,-157.0,-157.0,-157.0,-155.5,-157.0,-157.0,-155.5,-153.0,-157.0,-156.0,-153.0,-153.5,-155.5,-157.0,-157.0,-157.0,-157.0,-157.0,-155.0,-157.0,-157.0,-156.0,-156.0,-157.0,-157.0,-157.0,-157.0,-157.0,-157.0
2026-01-17 14:24:16.882,143.049967,5,-77,-157.0,-157.0,-155.5,-151.5,-152.0,-157.0,-155.0,-157.0,-157.0,-151.5,-148.5,-152.5,-157.0,-155.0,-155.5,-152.0,-155.0,-157.0,-157.0,-156.5,-156.0,-157.0,-155.5,-153.5,-157.0,-157.0,-157.0,-157.0,-157.0,-154.5,-153.0,-151.0,-157.0,-156.5,-154.0,-157.0,-155.0,-155.5,-151.5,-157.0,-157.0,-156.5,-156.5,-154.5,-154.0,-157.0,-157.0,-157.0,-157.0,-157.0,-157.0,-157.0,-156.5,-157.0,-156.0,-155.5,-156.0,-157.0,-156.0,-155.5,-157.0,-157.0,-157.0,-157.0,-157.0,-155.0,-156.5,-154.0,-155.0,-157.0,-157.0,-157.0,-154.5,-151.0,-154.0,-153.0,-157.0,-155.5,-155.0,-157.0,-153.0,-152.5,-157.0,-157.0,-157.0,-157.0,-154.0,-151.5,-153.0,-154.5,-157.0,-157.0,-157.0,-157.0,-156.5,-157.0,-157.0,-157.0,-157.0,-157.0,-155.0,-153.5,-157.0,-157.0,-157.0,-157.0,-156.0,-155.0,-154.5,-157.0,-157.0,-153.5,-157.0,-156.5,-155.0,-152.5,-152.5,-157.0,-157.0,-157.0,-157.0,-157.0,-157.0,-157.0,-157.0,-157.0,-157.0,-155.0,-153.0,-155.5,-157.0,-154.0,-157.0,-157.0,-157.0,-157.0,-154.0,-154.0,-154.5,-157.0,-151.0,-151.5,-153.0,-156.5,-153.0,-157.0,-154.5,-154.5,-157.0,-157.0,-155.5,-156.0,-157.0,-157.0,-156.0,-157.0,-157.0,-157.0,-157.0,-152.5,-154.0,-154.0,-152.0,-157.0,-153.5,-157.0,-151.0,-157.0,-156.0,-157.0,-157.0,-157.0,-157.0,-157.0,-154.0,-151.5,-153.0,-157.0,-155.5,-157.0,-157.0,-155.5,-157.0,-157.0,-157.0,-157.0,-157.0,-157.0,-157.0,-154.5,-151.5,-155.0,-154.5,-157.0,-157.0,-153.0,-150.5,-150.0,-157.0,-157.0,-152.0,-150.5,-151.5,-150.5,-153.5,-154.0,-154.5,-155.5,-155.5,-157.0,-157.0,-157.0,-157.0,-155.5,-157.0,-157.0,-155.0,-157.0,-157.0,-157.0,-157.0,-157.0,-157.0,-157.0,-157.0,-157.0,-157.0,-155.0,-155.0,-157.0,-153.5,-152.0,-156.0,-151.5,-156.0,-157.0,-157.0,-157.0,-152.5,-154.0,-157.0,-157.0,-145.5,-146.5,-155.5,-154.0,-154.5,-157.0,-156.5,-157.0,-157.0,-157.0,-157.0,-156.5,-152.0,-157.0,-157.0,-157.0,-157.0,-155.0,-152.5,-154.0,-155.0,-154.5,-153.5,-155.0,-157.0,-157.0,-157.0,-157.0,-157.0,-157.0,-157.0,-155.0,-157.0,-155.5,-157.0,-157.0,-157.0,-157.0,-157.0,-157.0,-149.0,-151.5,-155.5,-157.0,-154.0,-154.5,-157.0,-156.0,-153.0,-154.5,-157.0,-155.0,-157.0,-156.0,-153.0,-154.0,-157.0,-155.0,-150.5,-154.0,-153.0,-155.0,-153.5,-157.0,-157.0,-157.0,-157.0,-156.5,-150.0,-151.5,-152.0,-157.0,-157.0,-155.5,-152.0,-156.0,-155.0,-154.0,-155.5,-154.0,-157.0,-157.0,-157.0,-157.0,-157.0,-157.0,-155.5,-157.0,-157.0,-155.0,-157.0,-153.5,-150.5,-153.5,-157.0,-151.0,-149.5,-152.5,-157.0,-157.0,-152.0,-152.5,-157.0,-153.0,-157.0,-157.0,-157.0,-157.0,-156.5,-155.0,-157.0,-153.5,-153.5,-153.0,-157.0,-157.0,-157.0,-157.0,-157.0,-151.0,-150.5,-157.0,-156.5,-156.0,-157.0,-157.0,-157.0,-157.0,-157.0,-155.0,-156.0,-156.0,-155.0,-153.0,-157.0,-157.0,-157.0,-157.0,-152.0,-156.0,-157.0,-157.0,-153.5,-157.0,-157.0,-157.0,-157.0,-156.0,-157.0,-157.0,-156.0,-157.0,-157.0,-155.0,-157.0,-153.5,-155.5,-154.5,-154.5,-155.5,-156.5,-153.0,-153.5,-151.5,-152.5,-152.5,-152.0,-155.5,-156.5,-157.0,-151.0,-157.0,-157.0,-157.0,-153.0,-155.0,-156.0,-152.5,-152.5,-157.0,-154.0,-153.0,-157.0,-155.5,-153.5,-155.0,-150.5,-153.0,-157.0,-157.0,-157.0,-157.0,-157.0,-153.0,-154.5,-157.0,-152.0,-152.5,-156.5,-150.5,-156.0,-155.5,-157.0,-155.5,-157.0,-157.0,-157.0,-154.0,-157.0,-157.0,-157.0,-157.0,-157.0,-156.5,-155.0,-151.5,-154.5,-157.0,-157.0,-157.0,-157.0,-157.0,-157.0,-157.0,-157.0,-157.0,-154.0,-156.5,-156.0,-157.0,-157.0,-154.0,-157.0
2026-01-17 14:24:16.911,143.049967,5,-77,-157.0,-157.0,-156.5,-157.0,-157.0,-157.0,-157.0,-157.0,-157.0,-157.0,-151.5,-157.0,-157.0,-157.0,-157.0,-157.0,-153.5,-154.5,-154.0,-154.5,-154.5,-155.5,-154.5,-151.0,-157.0,-157.0,-157.0,-157.0,-153.5,-153.0,-152.0,-149.0,-157.0,-155.5,-154.5,-157.0,-151.0,-153.5,-153.5,-156.5,-156.0,-157.0,-157.0,-151.0,-151.0,-157.0,-157.0,-157.0,-155.5,-154.0,-156.5,-157.0,-157.0,-157.0,-157.0,-157.0,-157.0,-156.0,-154.0,-154.0,-157.0,-157.0,-157.0,-157.0,-157.0,-157.0,-157.0,-152.0,-152.0,-157.0,-157.0,-157.0,-155.5,-152.0,-154.5,-152.5,-157.0,-157.0,-157.0,-157.0,-157.0,-155.0,-157.0,-157.0,-157.0,-153.5,-149.5,-152.0,-157.0,-157.0,-157.0,-157.0,-157.0,-155.5,-157.0,-157.0,-157.0,-157.0,-157.0,-157.0,-157.0,-157.0,-155.5,-156.0,-157.0,-157.0,-156.0,-155.5,-155.5,-157.0,-157.0,-157.0,-157.0,-154.5,-155.5,-157.0,-156.0,-157.0,-157.0,-157.0,-156.0,-157.0,-157.0,-157.0,-157.0,-157.0,-157.0,-152.0,-152.0,-155.5,-157.0,-157.0,-157.0,-157.0,-157.0,-157.0,-153.5,-157.0,-157.0,-157.0,-149.5,-151.0,-156.0,-155.0,-151.5,-156.5,-151.5,-157.0,-157.0,-155.0,-155.0,-157.0,-157.0,-157.0,-157.0,-157.0,-157.0,-154.5,-155.5,-154.0,-154.0,-157.0,-154.0,-157.0,-155.5,-153.5,-150.0,-153.0,-150.0,-154.5,-157.0,-157.0,-157.0,-155.0,-157.0,-152.0,-157.0,-154.0,-153.0,-156.0,-157.0,-157.0,-157.0,-157.0,-157.0,-157.0,-157.0,-157.0,-157.0,-157.0,-154.5,-157.0,-152.5,-157.0,-154.5,-156.5,-154.5,-153.0,-157.0,-156.5,-151.5,-150.5,-150.5,-153.0,-157.0,-157.0,-157.0,-157.0,-155.0,-157.0,-157.0,-157.0,-157.0,-154.0,-155.0,-157.0,-155.5,-157.0,-157.0,-157.0,-157.0,-157.0,-157.0,-157.0,-155.5,-157.0,-157.0,-157.0,-157.0,-157.0,-155.0,-154.0,-153.5,-151.5,-157.0,-157.0,-157.0,-157.0,-152.0,-152.5,-157.0,-155.0,-144.5,-145.5,-153.5,-152.0,-157.0,-157.0,-155.5,-157.0,-156.5,-155.0,-157.0,-157.0,-153.0,-157.0,-157.0,-157.0,-157.0,-157.0,-153.5,-153.0,-157.0,-153.5,-156.0,-155.0,-155.0,-154.5,-157.0,-157.0,-157.0,-157.0,-156.0,-154.5,-157.0,-157.0,-157.0,-157.0,-157.0,-157.0,-157.0,-156.5,-152.0,-157.0,-157.0,-153.5,-149.5,-155.5,-157.0,-153.5,-152.5,-152.5,-156.0,-155.0,-157.0,-155.0,-155.0,-153.5,-157.0,-157.0,-151.5,-151.5,-152.5,-157.0,-157.0,-157.0,-157.0,-153.5,-157.0,-157.0,-151.5,-154.5,-154.5,-155.5,-153.5,-153.0,-151.5,-154.5,-153.5,-157.0,-156.5,-156.0,-157.0,-155.5,-156.5,-154.5,-157.0,-157.0,-156.5,-157.0,-157.0,-152.5,-150.0,-155.0,-151.5,-152.5,-157.0,-153.5,-153.5,-156.0,-157.0,-157.0,-157.0,-157.0,-156.0,-151.0,-152.0,-157.0,-157.0,-157.0,-157.0,-157.0,-154.5,-155.0,-154.0,-153.0,-157.0,-157.0,-157.0,-157.0,-153.0,-153.0,-154.0,-157.0,-157.0,-157.0,-157.0,-157.0,-157.0,-157.0,-157.0,-157.0,-154.0,-157.0,-152.5,-151.0,-153.5,-157.0,-156.5,-155.0,-153.5,-156.5,-154.0,-155.0,-152.5,-154.5,-157.0,-157.0,-157.0,-154.5,-155.0,-153.0,-156.0,-157.0,-157.0,-154.0,-157.0,-153.0,-156.0,-155.5,-152.5,-151.0,-152.5,-151.5,-154.0,-152.5,-157.0,-151.5,-152.5,-152.5,-154.0,-157.0,-152.5,-155.0,-157.0,-153.0,-153.5,-157.0,-157.0,-156.5,-157.0,-157.0,-157.0,-155.5,-157.0,-152.5,-156.0,-156.5,-155.5,-153.5,-157.0,-157.0,-153.0,-157.0,-157.0,-156.0,-157.0,-157.0,-155.5,-154.5,-155.5,-150.5,-157.0,-156.0,-157.0,-157.0,-157.0,-157.0,-157.0,-154.5,-155.0,-157.0,-157.0,-157.0,-157.0,-154.5,-154.5,-153.5,-157.0,-157.0,-157.0,-157.0,-155.0,-157.0,-154.5,-157.0,-157.0,-157.0,-154.0,-152.0,-156.0,-157.0,-155.0,-152.5,-157.0
