timestamp,freq_mhz,span_khz,ref_level_dbm,dbm_0,dbm_1,dbm_2,dbm_3,dbm_4,dbm_5,dbm_6,dbm_7,dbm_8,dbm_9,dbm_10,dbm_11,dbm_12,dbm_13,dbm_14,dbm_15,dbm_16,dbm_17,dbm_18,dbm_19,dbm_20,dbm_21,dbm_22,dbm_23,dbm_24,dbm_25,dbm_26,dbm_27,dbm_28,dbm_29,dbm_30,dbm_31,dbm_32,dbm_33,dbm_34,dbm_35,dbm_36,dbm_37,dbm_38,dbm_39,dbm_40,dbm_41,dbm_42,dbm_43,dbm_44,dbm_45,dbm_46,dbm_47,dbm_48,dbm_49,dbm_50,dbm_51,dbm_52,dbm_53,dbm_54,dbm_55,dbm_56,dbm_57,dbm_58,dbm_59,dbm_60,dbm_61,dbm_62,dbm_63,dbm_64,dbm_65,dbm_66,dbm_67,dbm_68,dbm_69,dbm_70,dbm_71,dbm_72,dbm_73,dbm_74,dbm_75,dbm_76,dbm_77,dbm_78,dbm_79,dbm_80,dbm_81,dbm_82,dbm_83,dbm_84,dbm_85,dbm_86,dbm_87,dbm_88,dbm_89,dbm_90,dbm_91,dbm_92,dbm_93,dbm_94,dbm_95,dbm_96,dbm_97,dbm_98,dbm_99,dbm_100,dbm_101,dbm_102,dbm_103,dbm_104,dbm_105,dbm_106,dbm_107,dbm_108,dbm_109,dbm_110,dbm_111,dbm_112,dbm_113,dbm_114,dbm_115,dbm_116,dbm_117,dbm_118,dbm_119,dbm_120,dbm_121,dbm_122,dbm_123,dbm_124,dbm_125,dbm_126,dbm_127,dbm_128,dbm_129,dbm_130,dbm_131,dbm_132,dbm_133,dbm_134,dbm_135,dbm_136,dbm_137,dbm_138,dbm_139,dbm_140,dbm_141,dbm_142,dbm_143,dbm_144,dbm_145,dbm_146,dbm_147,dbm_148,dbm_149,dbm_150,dbm_151,dbm_152,dbm_153,dbm_154,dbm_155,dbm_156,dbm_157,dbm_158,dbm_159,dbm_160,dbm_161,dbm_162,dbm_163,dbm_164,dbm_165,dbm_166,dbm_167,dbm_168,dbm_169,dbm_170,dbm_171,dbm_172,dbm_173,dbm_174,dbm_175,dbm_176,dbm_177,dbm_178,dbm_179,dbm_180,dbm_181,dbm_182,dbm_183,dbm_184,dbm_185,dbm_186,dbm_187,dbm_188,dbm_189,dbm_190,dbm_191,dbm_192,dbm_193,dbm_194,dbm_195,dbm_196,dbm_197,dbm_198,dbm_199,dbm_200,dbm_201,dbm_202,dbm_203,dbm_204,dbm_205,dbm_206,dbm_207,dbm_208,dbm_209,dbm_210,dbm_211,dbm_212,dbm_213,dbm_214,dbm_215,dbm_216,dbm_217,dbm_218,dbm_219,dbm_220,dbm_221,dbm_222,dbm_223,dbm_224,dbm_225,dbm_226,dbm_227,dbm_228,dbm_229,dbm_230,dbm_231,dbm_232,dbm_233,dbm_234,dbm_235,dbm_236,dbm_237,dbm_238,dbm_239,dbm_240,dbm_241,dbm_242,dbm_243,dbm_244,dbm_245,dbm_246,dbm_247,dbm_248,dbm_249,dbm_250,dbm_251,dbm_252,dbm_253,dbm_254,dbm_255,dbm_256,dbm_257,dbm_258,dbm_259,dbm_260,dbm_261,dbm_262,dbm_263,dbm_264,dbm_265,dbm_266,dbm_267,dbm_268,dbm_269,dbm_270,dbm_271,dbm_272,dbm_273,dbm_274,dbm_275,dbm_276,dbm_277,dbm_278,dbm_279,dbm_280,dbm_281,dbm_282,dbm_283,dbm_284,dbm_285,dbm_286,dbm_287,dbm_288,dbm_289,dbm_290,dbm_291,dbm_292,dbm_293,dbm_294,dbm_295,dbm_296,dbm_297,dbm_298,dbm_299,dbm_300,dbm_301,dbm_302,dbm_303,dbm_304,dbm_305,dbm_306,dbm_307,dbm_308,dbm_309,dbm_310,dbm_311,dbm_312,dbm_313,dbm_314,dbm_315,dbm_316,dbm_317,dbm_318,dbm_319,dbm_320,dbm_321,dbm_322,dbm_323,dbm_324,dbm_325,dbm_326,dbm_327,dbm_328,dbm_329,dbm_330,dbm_331,dbm_332,dbm_333,dbm_334,dbm_335,dbm_336,dbm_337,dbm_338,dbm_339,dbm_340,dbm_341,dbm_342,dbm_343,dbm_344,dbm_345,dbm_346,dbm_347,dbm_348,dbm_349,dbm_350,dbm_351,dbm_352,dbm_353,dbm_354,dbm_355,dbm_356,dbm_357,dbm_358,dbm_359,dbm_360,dbm_361,dbm_362,dbm_363,dbm_364,dbm_365,dbm_366,dbm_367,dbm_368,dbm_369,dbm_370,dbm_371,dbm_372,dbm_373,dbm_374,dbm_375,dbm_376,dbm_377,dbm_378,dbm_379,dbm_380,dbm_381,dbm_382,dbm_383,dbm_384,dbm_385,dbm_386,dbm_387,dbm_388,dbm_389,dbm_390,dbm_391,dbm_392,dbm_393,dbm_394,dbm_395,dbm_396,dbm_397,dbm_398,dbm_399,dbm_400,dbm_401,dbm_402,dbm_403,dbm_404,dbm_405,dbm_406,dbm_407,dbm_408,dbm_409,dbm_410,dbm_411,dbm_412,dbm_413,dbm_414,dbm_415,dbm_416,dbm_417,dbm_418,dbm_419,dbm_420,dbm_421,dbm_422,dbm_423,dbm_424,dbm_425,dbm_426,dbm_427,dbm_428,dbm_429,dbm_430,dbm_431,dbm_432,dbm_433,dbm_434,dbm_435,dbm_436,dbm_437,dbm_438,dbm_439,dbm_440,dbm_441,dbm_442,dbm_443,dbm_444,dbm_445,dbm_446,dbm_447,dbm_448,dbm_449,dbm_450,dbm_451,dbm_452,dbm_453,dbm_454,dbm_455,dbm_456,dbm_457,dbm_458,dbm_459,dbm_460,dbm_461,dbm_462,dbm_463,dbm_464,dbm_465,dbm_466,dbm_467,dbm_468,dbm_469,dbm_470,dbm_471,dbm_472,dbm_473,dbm_474
2026-01-17 14:13:40.334,143.049967,5,-77,-157.0,-157.0,-157.0,-157.0,-157.0,-154.0,-157.0,-155.5,-157.0,-157.0,-157.0,-157.0,-156.5,-153.0,-153.5,-151.5,-154.5,-155.0,-157.0,-157.0,-154.5,-155.0,-157.0,-155.5,-157.0,-157.0,-157.0,-157.0,-155.5,-157.0,-157.0,-157.0,-157.0,-157.0,-157.0,-153.0,-155.5,-157.0,-157.0,-157.0,-157.0,-157.0,-157.0,-157.0,-157.0,-154.5,-155.0,-157.0,-157.0,-157.0,-156.5,-157.0,-153.5,-153.0,-157.0,-157.0,-154.0,-152.5,-155.0,-155.5,-155.0,-154.0,-150.0,-154.0,-157.0,-155.5,-157.0,-157.0,-157.0,-157.0,-157.0,-151.0,-152.0,-153.5,-156.5,-156.5,-157.0,-157.0,-157.0,-157.0,-157.0,-156.0,-156.0,-156.5,-154.0,-156.0,-154.0,-151.5,-152.0,-157.0,-157.0,-150.0,-150.5,-157.0,-157.0,-157.0,-154.0,-154.0,-157.0,-157.0,-157.0,-157.0,-157.0,-151.5,-157.0,-151.5,-155.0,-155.0,-153.5,-157.0,-156.0,-157.0,-152.5,-151.5,-157.0,-157.0,-157.0,-157.0,-152.5,-155.5,-154.0,-154.0,-157.0,-155.0,-154.5,-157.0,-157.0,-157.0,-154.5,-157.0,-155.0,-157.0,-154.5,-153.5,-152.0,-154.5,-153.5,-152.5,-153.0,-153.0,-155.0,-157.0,-154.0,-157.0,-157.0,-157.0,-157.0,-157.0,-157.0,-157.0,-157.0,-157.0,-157.0,-152.5,-154.0,-148.0,-157.0,-157.0,-157.0,-156.5,-157.0,-154.5,-152.5,-157.0,-154.5,-152.0,-154.5,-154.0,-155.0,-157.0,-156.5,-155.5,-157.0,-157.0,-155.0,-155.5,-155.5,-155.0,-156.0,-157.0,-154.5,-152.5,-157.0,-152.0,-154.0,-157.0,-154.0,-156.0,-155.0,-152.0,-153.5,-154.0,-154.5,-157.0,-153.0,-151.5,-157.0,-157.0,-154.5,-154.0,-157.0,-155.5,-157.0,-157.0,-157.0,-157.0,-157.0,-157.0,-156.0,-156.5,-157.0,-154.0,-155.0,-153.5,-155.5,-157.0,-155.5,-150.0,-157.0,-157.0,-157.0,-156.5,-153.0,-152.0,-154.5,-154.5,-155.5,-150.0,-155.5,-155.5,-155.5,-157.0,-157.0,-157.0,-157.0,-157.0,-157.0,-157.0,-151.0,-154.0,-157.0,-157.0,-157.0,-157.0,-150.0,-157.0,-150.5,-151.0,-157.0,-157.0,-154.5,-157.0,-150.0,-150.5,-157.0,-157.0,-157.0,-152.5,-157.0,-156.0,-157.0,-157.0,-153.5,-155.0,-154.0,-155.5,-152.0,-157.0,-153.0,-153.0,-154.5,-153.5,-157.0,-153.0,-151.5,-153.5,-151.0,-157.0,-155.5,-157.0,-156.5,-155.0,-157.0,-157.0,-157.0,-157.0,-156.0,-157.0,-154.0,-151.0,-153.0,-150.0,-149.0,-157.0,-155.0,-155.0,-155.5,-157.0,-157.0,-157.0,-157.0,-156.0,-153.0,-154.5,-157.0,-155.5,-154.0,-153.0,-154.0,-154.5,-157.0,-156.0,-155.5,-157.0,-151.0,-154.0,-156.5,-155.5,-157.0,-157.0,-157.0,-157.0,-157.0,-155.5,-154.0,-156.5,-157.0,-157.0,-154.0,-157.0,-157.0,-157.0,-156.0,-151.5,-150.5,-153.5,-157.0,-151.0,-156.0,-157.0,-157.0,-151.5,-154.5,-152.5,-155.0,-153.0,-155.5,-157.0,-157.0,-157.0,-157.0,-153.5,-151.5,-154.0,-155.5,-157.0,-157.0,-157.0,-152.5,-151.0,-153.0,-157.0,-155.5,-157.0,-155.5,-157.0,-157.0,-154.0,-150.5,-156.5,-152.5,-153.0,-157.0,-155.5,-155.0,-151.0,-155.0,-155.0,-157.0,-157.0,-152.0,-157.0,-157.0,-157.0,-157.0,-157.0,-152.0,-157.0,-156.0,-152.0,-148.0,-150.5,-155.5,-157.0,-157.0,-157.0,-157.0,-157.0,-157.0,-157.0,-157.0,-153.5,-151.0,-151.5,-155.5,-157.0,-152.0,-157.0,-156.0,-156.5,-157.0,-157.0,-157.0,-154.0,-155.5,-157.0,-157.0,-157.0,-157.0,-157.0,-157.0,-155.0,-156.0,-157.0,-157.0,-152.0,-150.5,-157.0,-157.0,-151.5,-152.0,-157.0,-152.5,-157.0,-157.0,-157.0,-157.0,-157.0,-157.0,-157.0,-157.0,-156.0,-152.5,-157.0,-157.0,-157.0,-157.0,-155.0,-157.0,-153.0,-157.0,-157.0,-153.5,-154.0,-157.0,-152.0,-157.0,-150.5,-150.0,-155.5,-157.0,-157.0,-155.0,-154.0,-157.0,-155.5,-157.0,-154.0,-153.5,-156.0,-157.0,-157.0,-157.0,-153.5,-157.0
2026-01-17 14:13:40.366,143.049967,5,-77,-157.0,-157.0,-157.0,-157.0,-157.0,-155.5,-153.0,-155.5,-154.5,-155.0,-157.0,-157.0,-157.0,-156.0,-157.0,-151.5,-151.5,-157.0,-157.0,-157.0,-157.0,-157.0,-154.5,-153.5,-154.5,-157.0,-154.0,-155.5,-157.0,-157.0,-157.0,-157.0,-157.0,-157.0,-157.0,-154.5,-157.0,-157.0,-157.0,-157.0,-154.5,-157.0,-157.0,-157.0,-157.0,-154.0,-157.0,-156.0,-154.5,-157.0,-157.0,-157.0,-157.0,-154.0,-157.0,-157.0,-153.0,-155.5,-156.5,-155.0,-157.0,-154.0,-154.0,-157.0,-156.5,-154.0,-157.0,-157.0,-157.0,-155.5,-157.0,-151.0,-157.0,-152.5,-156.0,-157.0,-157.0,-157.0,-157.0,-155.5,-156.0,-157.0,-154.5,-157.0,-157.0,-157.0,-157.0,-157.0,-156.5,-157.0,-157.0,-153.5,-154.0,-157.0,-157.0,-157.0,-155.5,-157.0,-157.0,-157.0,-157.0,-156.5,-155.0,-153.5,-157.0,-156.5,-155.0,-156.5,-154.0,-155.0,-153.0,-155.0,-151.5,-150.5,-157.0,-157.0,-157.0,-157.0,-154.0,-157.0,-156.5,-157.0,-156.0,-156.5,-153.0,-155.5,-157.0,-157.0,-155.5,-157.0,-156.0,-157.0,-157.0,-153.5,-151.0,-151.5,-157.0,-155.5,-157.0,-154.0,-155.0,-157.0,-153.5,-157.0,-157.0,-157.0,-156.5,-155.5,-157.0,-157.0,-157.0,-157.0,-157.0,-157.0,-156.5,-147.5,-157.0,-157.0,-157.0,-153.5,-157.0,-156.5,-157.0,-157.0,-153.0,-153.0,-157.0,-157.0,-157.0,-156.5,-157.0,-157.0,-155.0,-153.5,-150.0,-150.5,-157.0,-157.0,-157.0,-157.0,-157.0,-153.0,-157.0,-154.0,-154.0,-157.0,-152.5,-157.0,-156.0,-157.0,-157.0,-157.0,-156.5,-153.0,-154.0,-156.0,-156.5,-157.0,-157.0,-157.0,-157.0,-155.0,-157.0,-157.0,-157.0,-157.0,-157.0,-157.0,-157.0,-156.5,-157.0,-153.0,-157.0,-153.5,-157.0,-157.0,-152.5,-150.5,-153.5,-157.0,-157.0,-156.0,-157.0,-157.0,-151.0,-153.5,-154.5,-152.5,-157.0,-152.0,-153.0,-157.0,-156.5,-157.0,-155.0,-156.5,-157.0,-157.0,-156.5,-155.5,-154.0,-156.0,-157.0,-156.0,-151.0,-156.0,-150.0,-151.0,-157.0,-155.5,-152.0,-157.0,-152.5,-155.5,-157.0,-157.0,-153.5,-152.5,-155.0,-157.0,-157.0,-157.0,-155.5,-155.0,-154.5,-153.5,-153.5,-157.0,-152.0,-155.0,-157.0,-156.0,-156.5,-152.0,-150.0,-156.0,-153.0,-157.0,-153.5,-157.0,-157.0,-157.0,-157.0,-157.0,-157.0,-157.0,-157.0,-157.0,-157.0,-152.0,-156.5,-150.0,-148.0,-152.0,-157.0,-154.0,-157.0,-155.5,-157.0,-157.0,-157.0,-156.5,-150.5,-156.0,-153.5,-157.0,-155.5,-153.5,-157.0,-157.0,-157.0,-154.5,-155.5,-157.0,-152.5,-157.0,-157.0,-157.0,-157.0,-157.0,-157.0,-157.0,-157.0,-155.5,-153.5,-153.5,-155.5,-152.5,-151.0,-157.0,-157.0,-157.0,-156.5,-154.5,-154.5,-152.5,-157.0,-151.0,-153.0,-157.0,-153.5,-152.0,-157.0,-156.5,-153.0,-157.0,-157.0,-157.0,-157.0,-157.0,-157.0,-152.5,-152.0,-157.0,-156.5,-157.0,-157.0,-157.0,-156.5,-152.5,-153.0,-157.0,-157.0,-157.0,-156.0,-157.0,-157.0,-157.0,-154.5,-157.0,-157.0,-157.0,-157.0,-157.0,-157.0,-153.5,-154.5,-154.0,-157.0,-157.0,-151.5,-154.5,-157.0,-157.0,-157.0,-157.0,-152.5,-157.0,-154.5,-157.0,-151.0,-157.0,-157.0,-157.0,-157.0,-157.0,-157.0,-156.0,-157.0,-157.0,-157.0,-157.0,-153.5,-153.0,-153.0,-151.5,-151.5,-157.0,-155.0,-155.5,-157.0,-156.5,-157.0,-156.5,-156.0,-153.5,-154.5,-157.0,-157.0,-156.5,-157.0,-153.5,-153.5,-157.0,-157.0,-151.0,-150.5,-153.5,-157.0,-150.0,-154.0,-157.0,-154.5,-157.0,-157.0,-157.0,-157.0,-157.0,-155.0,-157.0,-157.0,-157.0,-152.5,-152.0,-154.5,-155.5,-157.0,-156.0,-154.0,-152.0,-157.0,-157.0,-157.0,-157.0,-154.5,-150.0,-153.5,-157.0,-154.0,-153.0,-156.5,-153.0,-153.5,-157.0,-154.5,-157.0,-157.0,-157.0,-156.0,-157.0,-157.0,-157.0,-156.5,-155.0,-152.5
2026-01-17 14:13:40.366,143.049967,5,-77,-157.0,-157.0,-157.0,-157.0,-157.0,-155.5,-153.0,-155.5,-154.5,-155.0,-157.0,-157.0,-157.0,-156.0,-157.0,-151.5,-151.5,-157.0,-157.0,-157.0,-157.0,-157.0,-154.5,-153.5,-154.5,-157.0,-154.0,-155.5,-157.0,-157.0,-157.0,-157.0,-157.0,-157.0,-157.0,-154.5,-157.0,-157.0,-157.0,-157.0,-154.5,-157.0,-157.0,-157.0,-157.0,-154.0,-157.0,-156.0,-154.5,-157.0,-157.0,-157.0,-157.0,-154.0,-157.0,-157.0,-153.0,-155.5,-156.5,-155.0,-157.0,-154.0,-154.0,-157.0,-156.5,-154.0,-157.0,-157.0,-157.0,-155.5,-157.0,-151.0,-157.0,-152.5,-156.0,-157.0,-157.0,-157.0,-157.0,-155.5,-156.0,-157.0,-154.5,-157.0,-157.0,-157.0,-157.0,-157.0,-156.5,-157.0,-157.0,-153.5,-154.0,-157.0,-157.0,-157.0,-155.5,-157.0,-157.0,-157.0,-157.0,-156.5,-155.0,-153.5,-157.0,-156.5,-155.0,-156.5,-154.0,-155.0,-153.0,-155.0,-151.5,-150.5,-157.0,-157.0,-157.0,-157.0,-154.0,-157.0,-156.5,-157.0,-156.0,-156.5,-153.0,-155.5,-157.0,-157.0,-155.5,-157.0,-156.0,-157.0,-157.0,-153.5,-151.0,-151.5,-157.0,-155.5,-157.0,-154.0,-155.0,-157.0,-153.5,-157.0,-157.0,-157.0,-156.5,-155.5,-157.0,-157.0,-157.0,-157.0,-157.0,-157.0,-156.5,-147.5,-157.0,-157.0,-157.0,-153.5,-157.0,-156.5,-157.0,-157.0,-153.0,-153.0,-157.0,-157.0,-157.0,-156.5,-157.0,-157.0,-155.0,-153.5,-150.0,-150.5,-157.0,-157.0,-157.0,-157.0,-157.0,-153.0,-157.0,-154.0,-154.0,-157.0,-152.5,-157.0,-156.0,-157.0,-157.0,-157.0,-156.5,-153.0,-154.0,-156.0,-156.5,-157.0,-157.0,-157.0,-157.0,-155.0,-157.0,-157.0,-157.0,-157.0,-157.0,-157.0,-157.0,-156.5,-157.0,-153.0,-157.0,-153.5,-157.0,-157.0,-152.5,-150.5,-153.5,-157.0,-157.0,-156.0,-157.0,-157.0,-151.0,-153.5,-154.5,-152.5,-157.0,-152.0,-153.0,-157.0,-156.5,-157.0,-155.0,-156.5,-157.0,-157.0,-156.5,-155.5,-154.0,-156.0,-157.0,-156.0,-151.0,-156.0,-150.0,-151.0,-157.0,-155.5,-152.0,-157.0,-152.5,-155.5,-157.0,-157.0,-153.5,-152.5,-155.0,-157.0,-157.0,-157.0,-155.5,-155.0,-154.5,-153.5,-153.5,-157.0,-152.0,-155.0,-157.0,-156.0,-156.5,-152.0,-150.0,-156.0,-153.0,-157.0,-153.5,-157.0,-157.0,-157.0,-157.0,-157.0,-157.0,-157.0,-157.0,-157.0,-157.0,-152.0,-156.5,-150.0,-148.0,-152.0,-157.0,-154.0,-157.0,-155.5,-157.0,-157.0,-157.0,-156.5,-150.5,-156.0,-153.5,-157.0,-155.5,-153.5,-157.0,-157.0,-157.0,-154.5,-155.5,-157.0,-152.5,-157.0,-157.0,-157.0,-157.0,-157.0,-157.0,-157.0,-157.0,-155.5,-153.5,-153.5,-155.5,-152.5,-151.0,-157.0,-157.0,-157.0,-156.5,-154.5,-154.5,-152.5,-157.0,-151.0,-153.0,-157.0,-153.5,-152.0,-157.0,-156.5,-153.0,-157.0,-157.0,-157.0,-157.0,-157.0,-157.0,-152.5,-152.0,-157.0,-156.5,-157.0,-157.0,-157.0,-156.5,-152.5,-153.0,-157.0,-157.0,-157.0,-156.0,-157.0,-157.0,-157.0,-154.5,-157.0,-157.0,-157.0,-157.0,-157.0,-157.0,-153.5,-154.5,-154.0,-157.0,-157.0,-151.5,-154.5,-157.0,-157.0,-157.0,-157.0,-152.5,-157.0,-154.5,-157.0,-151.0,-157.0,-157.0,-157.0,-157.0,-157.0,-157.0,-156.0,-157.0,-157.0,-157.0,-157.0,-153.5,-153.0,-153.0,-151.5,-151.5,-157.0,-155.0,-155.5,-157.0,-156.5,-157.0,-156.5,-156.0,-153.5,-154.5,-157.0,-157.0,-156.5,-157.0,-153.5,-153.5,-157.0,-157.0,-151.0,-150.5,-153.5,-157.0,-150.0,-154.0,-157.0,-154.5,-157.0,-157.0,-157.0,-157.0,-157.0,-155.0,-157.0,-157.0,-157.0,-152.5,-152.0,-154.5,-155.5,-157.0,-156.0,-154.0,-152.0,-157.0,-157.0,-157.0,-157.0,-154.5,-150.0,-153.5,-157.0,-154.0,-153.0,-156.5,-153.0,-153.5,-157.0,-154.5,-157.0,-157.0,-157.0,-156.0,-157.0,-157.0,-157.0,-156.5,-155.0,-152.5
2026-01-17 14:13:40.371,143.049967,5,-77,-157.0,-157.0,-157.0,-157.0,-157.0,-155.5,-153.0,-155.5,-154.5,-155.0,-157.0,-157.0,-157.0,-156.0,-157.0,-151.5,-151.5,-157.0,-157.0,-157.0,-157.0,-157.0,-154.5,-153.5,-154.5,-157.0,-154.0,-155.5,-157.0,-157.0,-157.0,-157.0,-157.0,-157.0,-157.0,-154.5,-157.0,-157.0,-157.0,-157.0,-154.5,-157.0,-157.0,-157.0,-157.0,-154.0,-157.0,-156.0,-154.5,-157.0,-157.0,-157.0,-157.0,-154.0,-157.0,-157.0,-153.0,-155.5,-156.5,-155.0,-157.0,-154.0,-154.0,-157.0,-156.5,-154.0,-157.0,-157.0,-157.0,-155.5,-157.0,-151.0,-157.0,-152.5,-156.0,-157.0,-157.0,-157.0,-157.0,-155.5,-156.0,-157.0,-154.5,-157.0,-157.0,-157.0,-157.0,-157.0,-156.5,-157.0,-157.0,-153.5,-154.0,-157.0,-157.0,-157.0,-155.5,-157.0,-157.0,-157.0,-157.0,-156.5,-155.0,-153.5,-157.0,-156.5,-155.0,-156.5,-154.0,-155.0,-153.0,-155.0,-151.5,-150.5,-157.0,-157.0,-157.0,-157.0,-154.0,-157.0,-156.5,-157.0,-156.0,-156.5,-153.0,-155.5,-157.0,-157.0,-155.5,-157.0,-156.0,-157.0,-157.0,-153.5,-151.0,-151.5,-157.0,-155.5,-157.0,-154.0,-155.0,-157.0,-153.5,-157.0,-157.0,-157.0,-156.5,-155.5,-157.0,-157.0,-157.0,-157.0,-157.0,-157.0,-156.5,-147.5,-157.0,-157.0,-157.0,-153.5,-157.0,-156.5,-157.0,-157.0,-153.0,-153.0,-157.0,-157.0,-157.0,-156.5,-157.0,-157.0,-155.0,-153.5,-150.0,-150.5,-157.0,-157.0,-157.0,-157.0,-157.0,-153.0,-157.0,-154.0,-154.0,-157.0,-152.5,-157.0,-156.0,-157.0,-157.0,-157.0,-156.5,-153.0,-154.0,-156.0,-156.5,-157.0,-157.0,-157.0,-157.0,-155.0,-157.0,-157.0,-157.0,-157.0,-157.0,-157.0,-157.0,-156.5,-157.0,-153.0,-157.0,-153.5,-157.0,-157.0,-152.5,-150.5,-153.5,-157.0,-157.0,-156.0,-157.0,-157.0,-151.0,-153.5,-154.5,-152.5,-157.0,-152.0,-153.0,-157.0,-156.5,-157.0,-155.0,-156.5,-157.0,-157.0,-156.5,-155.5,-154.0,-156.0,-157.0,-156.0,-151.0,-156.0,-150.0,-151.0,-157.0,-155.5,-152.0,-157.0,-152.5,-155.5,-157.0,-157.0,-153.5,-152.5,-155.0,-157.0,-157.0,-157.0,-155.5,-155.0,-154.5,-153.5,-153.5,-157.0,-152.0,-155.0,-157.0,-156.0,-156.5,-152.0,-150.0,-156.0,-153.0,-157.0,-153.5,-157.0,-157.0,-157.0,-157.0,-157.0,-157.0,-157.0,-157.0,-157.0,-157.0,-152.0,-156.5,-150.0,-148.0,-152.0,-157.0,-154.0,-157.0,-155.5,-157.0,-157.0,-157.0,-156.5,-150.5,-156.0,-153.5,-157.0,-155.5,-153.5,-157.0,-157.0,-157.0,-154.5,-155.5,-157.0,-152.5,-157.0,-157.0,-157.0,-157.0,-157.0,-157.0,-157.0,-157.0,-155.5,-153.5,-153.5,-155.5,-152.5,-151.0,-157.0,-157.0,-157.0,-156.5,-154.5,-154.5,-152.5,-157.0,-151.0,-153.0,-157.0,-153.5,-152.0,-157.0,-156.5,-153.0,-157.0,-157.0,-157.0,-157.0,-157.0,-157.0,-152.5,-152.0,-157.0,-156.5,-157.0,-157.0,-157.0,-156.5,-152.5,-153.0,-157.0,-157.0,-157.0,-156.0,-157.0,-157.0,-157.0,-154.5,-157.0,-157.0,-157.0,-157.0,-157.0,-157.0,-153.5,-154.5,-154.0,-157.0,-157.0,-151.5,-154.5,-157.0,-157.0,-157.0,-157.0,-152.5,-157.0,-154.5,-157.0,-151.0,-157.0,-157.0,-157.0,-157.0,-157.0,-157.0,-156.0,-157.0,-157.0,-157.0,-157.0,-153.5,-153.0,-153.0,-151.5,-151.5,-157.0,-155.0,-155.5,-157.0,-156.5,-157.0,-156.5,-156.0,-153.5,-154.5,-157.0,-157.0,-156.5,-157.0,-153.5,-153.5,-157.0,-157.0,-151.0,-150.5,-153.5,-157.0,-150.0,-154.0,-157.0,-154.5,-157.0,-157.0,-157.0,-157.0,-157.0,-155.0,-157.0,-157.0,-157.0,-152.5,-152.0,-154.5,-155.5,-157.0,-156.0,-154.0,-152.0,-157.0,-157.0,-157.0,-157.0,-154.5,-150.0,-153.5,-157.0,-154.0,-153.0,-156.5,-153.0,-153.5,-157.0,-154.5,-157.0,-157.0,-157.0,-156.0,-157.0,-157.0,-157.0,-156.5,-155.0,-152.5
2026-01-17 14:13:40.398,143.049967,5,-77,-157.0,-157.0,-157.0,-157.0,-157.0,-157.0,-148.5,-151.0,-157.0,-155.0,-156.0,-157.0,-157.0,-156.5,-157.0,-154.0,-154.5,-157.0,-156.0,-155.0,-157.0,-157.0,-153.5,-157.0,-153.0,-154.5,-151.0,-151.5,-155.5,-157.0,-157.0,-157.0,-157.0,-157.0,-157.0,-157.0,-157.0,-157.0,-157.0,-154.0,-154.0,-157.0,-157.0,-156.0,-157.0,-153.0,-157.0,-157.0,-154.0,-157.0,-157.0,-156.5,-154.5,-152.5,-157.0,-153.0,-152.0,-157.0,-155.5,-157.0,-157.0,-156.5,-155.5,-157.0,-155.0,-157.0,-157.0,-154.5,-156.5,-156.5,-157.0,-155.0,-157.0,-154.0,-157.0,-157.0,-157.0,-153.5,-153.0,-153.0,-151.0,-155.5,-150.5,-153.5,-157.0,-157.0,-157.0,-157.0,-157.0,-157.0,-157.0,-157.0,-156.5,-157.0,-156.5,-157.0,-157.0,-155.5,-157.0,-157.0,-156.0,-157.0,-154.0,-157.0,-157.0,-157.0,-157.0,-157.0,-157.0,-156.5,-152.0,-157.0,-153.5,-154.0,-157.0,-154.5,-155.0,-157.0,-156.5,-157.0,-157.0,-157.0,-153.5,-156.0,-155.0,-155.0,-157.0,-157.0,-157.0,-157.0,-156.5,-157.0,-157.0,-157.0,-150.0,-149.0,-157.0,-156.5,-154.0,-153.0,-156.0,-157.0,-153.0,-157.0,-157.0,-157.0,-156.5,-153.0,-156.0,-157.0,-157.0,-157.0,-157.0,-157.0,-155.0,-148.0,-154.0,-157.0,-153.5,-151.5,-153.0,-155.0,-157.0,-157.0,-155.0,-156.0,-157.0,-157.0,-153.5,-152.5,-153.5,-157.0,-155.0,-155.0,-153.5,-153.5,-157.0,-155.5,-156.5,-157.0,-157.0,-151.5,-156.0,-156.0,-157.0,-153.5,-152.0,-155.5,-155.5,-157.0,-157.0,-157.0,-157.0,-151.5,-154.5,-154.5,-150.0,-151.5,-157.0,-157.0,-157.0,-156.0,-157.0,-157.0,-157.0,-157.0,-156.0,-152.5,-157.0,-156.5,-153.0,-151.0,-157.0,-156.0,-155.5,-152.0,-156.0,-156.0,-155.0,-157.0,-157.0,-156.5,-157.0,-157.0,-151.0,-155.0,-154.5,-154.0,-157.0,-154.5,-157.0,-154.0,-157.0,-154.0,-157.0,-156.5,-153.0,-155.5,-157.0,-154.0,-153.0,-156.0,-157.0,-154.0,-151.0,-157.0,-153.5,-154.0,-157.0,-157.0,-152.0,-152.5,-154.0,-157.0,-154.0,-156.5,-155.0,-154.0,-156.0,-157.0,-155.5,-157.0,-155.0,-157.0,-157.0,-152.5,-153.0,-157.0,-155.0,-157.0,-157.0,-155.5,-155.0,-152.5,-150.5,-157.0,-156.5,-157.0,-153.5,-156.0,-157.0,-157.0,-157.0,-157.0,-157.0,-157.0,-157.0,-157.0,-157.0,-157.0,-157.0,-157.0,-152.5,-151.5,-157.0,-155.5,-153.5,-154.0,-157.0,-157.0,-157.0,-152.0,-151.0,-156.5,-153.5,-157.0,-157.0,-154.0,-157.0,-156.5,-156.5,-156.0,-156.0,-153.5,-155.5,-156.0,-157.0,-154.5,-155.0,-157.0,-157.0,-156.5,-156.5,-156.0,-155.0,-157.0,-155.0,-155.0,-152.5,-153.0,-157.0,-157.0,-157.0,-155.0,-157.0,-155.5,-157.0,-153.0,-152.5,-152.5,-152.5,-156.0,-152.0,-151.5,-152.0,-157.0,-157.0,-157.0,-157.0,-157.0,-157.0,-154.5,-154.5,-157.0,-157.0,-156.0,-157.0,-157.0,-154.5,-151.5,-151.0,-157.0,-157.0,-157.0,-157.0,-157.0,-156.5,-156.5,-155.5,-151.5,-153.5,-156.0,-156.5,-157.0,-157.0,-157.0,-157.0,-157.0,-157.0,-157.0,-152.0,-157.0,-154.0,-157.0,-157.0,-157.0,-157.0,-157.0,-156.0,-157.0,-154.0,-151.5,-154.0,-157.0,-157.0,-157.0,-153.0,-152.5,-157.0,-157.0,-157.0,-157.0,-156.5,-155.5,-157.0,-154.5,-157.0,-157.0,-154.5,-156.0,-157.0,-155.0,-157.0,-157.0,-157.0,-156.0,-153.5,-157.0,-157.0,-157.0,-157.0,-157.0,-155.0,-157.0,-156.5,-153.0,-153.5,-154.5,-157.0,-152.0,-154.5,-157.0,-156.0,-157.0,-152.5,-154.0,-157.0,-157.0,-153.5,-155.5,-155.5,-157.0,-157.0,-153.5,-155.0,-156.5,-152.5,-155.5,-153.5,-152.0,-157.0,-157.0,-157.0,-157.0,-153.0,-150.0,-157.0,-157.0,-154.0,-151.5,-155.5,-156.0,-157.0,-157.0,-154.5,-157.0,-157.0,-157.0,-157.0,-157.0,-157.0,-157.0,-155.5,-157.0,-150.0
2026-01-17 14:13:40.431,143.049967,5,-77,-157.0,-157.0,-154.5,-155.0,-157.0,-157.0,-148.5,-151.0,-157.0,-155.5,-157.0,-152.5,-155.0,-156.5,-157.0,-157.0,-157.0,-157.0,-156.0,-152.0,-153.5,-157.0,-156.0,-156.5,-157.0,-157.0,-153.0,-156.5,-156.5,-157.0,-157.0,-155.5,-157.0,-157.0,-157.0,-157.0,-157.0,-157.0,-157.0,-157.0,-157.0,-157.0,-155.0,-153.0,-157.0,-153.0,-157.0,-156.5,-152.5,-156.5,-157.0,-157.0,-157.0,-152.5,-156.5,-154.5,-151.0,-153.0,-152.5,-157.0,-157.0,-155.0,-152.0,-157.0,-156.5,-157.0,-157.0,-155.5,-157.0,-157.0,-157.0,-157.0,-157.0,-157.0,-157.0,-157.0,-151.5,-149.0,-150.0,-156.0,-150.5,-157.0,-148.5,-151.5,-157.0,-157.0,-157.0,-157.0,-154.5,-153.0,-157.0,-157.0,-157.0,-157.0,-154.5,-155.0,-153.5,-154.5,-157.0,-157.0,-156.5,-157.0,-156.0,-157.0,-157.0,-157.0,-157.0,-157.0,-157.0,-157.0,-153.5,-157.0,-156.5,-157.0,-157.0,-153.5,-153.0,-157.0,-157.0,-157.0,-157.0,-157.0,-155.5,-157.0,-157.0,-154.5,-157.0,-156.0,-157.0,-157.0,-157.0,-157.0,-157.0,-157.0,-149.5,-151.0,-157.0,-156.0,-153.5,-157.0,-157.0,-157.0,-154.5,-157.0,-154.0,-157.0,-157.0,-157.0,-155.5,-152.5,-154.0,-153.5,-157.0,-155.5,-152.0,-150.0,-157.0,-155.0,-153.0,-156.0,-156.0,-157.0,-155.0,-154.0,-157.0,-157.0,-157.0,-157.0,-157.0,-154.5,-154.5,-157.0,-155.0,-156.5,-157.0,-157.0,-157.0,-154.5,-154.0,-156.0,-156.0,-152.5,-156.5,-155.5,-157.0,-153.0,-154.5,-156.0,-155.0,-154.0,-155.5,-154.5,-157.0,-156.0,-156.5,-153.0,-150.5,-150.5,-157.0,-155.5,-157.0,-157.0,-157.0,-157.0,-157.0,-157.0,-155.0,-152.0,-157.0,-157.0,-154.0,-151.0,-157.0,-157.0,-153.0,-149.0,-154.5,-157.0,-157.0,-157.0,-155.5,-155.0,-157.0,-152.5,-151.0,-157.0,-154.5,-152.0,-157.0,-157.0,-155.5,-155.5,-157.0,-152.0,-154.5,-150.0,-153.5,-152.5,-154.5,-155.0,-155.0,-157.0,-156.5,-157.0,-154.5,-157.0,-157.0,-157.0,-157.0,-157.0,-155.5,-155.0,-154.0,-157.0,-153.0,-151.0,-157.0,-155.5,-157.0,-151.5,-150.5,-157.0,-157.0,-157.0,-157.0,-156.5,-154.0,-157.0,-157.0,-157.0,-157.0,-157.0,-157.0,-155.5,-153.0,-157.0,-154.5,-157.0,-157.0,-155.5,-154.5,-152.5,-154.5,-157.0,-157.0,-157.0,-157.0,-157.0,-155.0,-157.0,-156.0,-156.5,-157.0,-152.5,-154.0,-157.0,-156.0,-157.0,-154.0,-157.0,-154.5,-151.5,-154.5,-157.0,-156.5,-157.0,-157.0,-153.5,-155.0,-152.0,-155.0,-157.0,-155.0,-153.5,-157.0,-156.5,-152.5,-152.5,-157.0,-154.5,-156.0,-154.0,-152.5,-157.0,-153.0,-156.0,-157.0,-157.0,-157.0,-154.0,-157.0,-157.0,-157.0,-154.0,-157.0,-157.0,-157.0,-154.5,-154.5,-154.0,-157.0,-157.0,-151.5,-149.0,-151.5,-154.0,-157.0,-157.0,-157.0,-154.0,-156.5,-153.0,-151.5,-157.0,-157.0,-155.0,-157.0,-157.0,-156.5,-156.5,-153.0,-155.5,-154.5,-154.5,-157.0,-155.0,-152.5,-154.5,-157.0,-149.5,-152.0,-157.0,-154.5,-155.0,-157.0,-157.0,-157.0,-157.0,-157.0,-157.0,-150.5,-155.5,-153.5,-153.5,-157.0,-157.0,-157.0,-157.0,-157.0,-153.0,-152.0,-150.0,-150.5,-153.0,-156.0,-157.0,-153.5,-153.5,-150.5,-152.0,-157.0,-157.0,-156.5,-154.5,-157.0,-157.0,-157.0,-157.0,-155.5,-156.0,-157.0,-154.0,-155.0,-157.0,-157.0,-157.0,-156.0,-157.0,-157.0,-157.0,-157.0,-157.0,-157.0,-155.5,-152.5,-152.5,-156.5,-156.5,-157.0,-157.0,-156.5,-157.0,-154.5,-153.0,-149.0,-150.0,-155.0,-155.0,-157.0,-157.0,-156.0,-156.0,-157.0,-157.0,-157.0,-156.0,-154.5,-156.0,-157.0,-153.0,-157.0,-157.0,-157.0,-157.0,-153.5,-153.5,-156.0,-156.5,-157.0,-155.5,-157.0,-157.0,-157.0,-157.0,-156.0,-157.0,-157.0,-157.0,-157.0,-157.0,-154.0,-155.0,-156.0,-156.0,-152.5
2026-01-17 14:13:40.469,143.049967,5,-77,-157.0,-157.0,-153.0,-154.0,-157.0,-152.5,-153.0,-152.0,-157.0,-155.0,-157.0,-152.5,-154.0,-155.0,-157.0,-156.0,-156.0,-157.0,-157.0,-151.5,-152.0,-157.0,-157.0,-157.0,-157.0,-157.0,-155.5,-157.0,-157.0,-155.0,-155.0,-152.5,-157.0,-157.0,-157.0,-157.0,-155.5,-154.5,-156.0,-157.0,-157.0,-155.5,-157.0,-153.0,-153.5,-154.5,-157.0,-152.5,-151.5,-157.0,-157.0,-157.0,-157.0,-152.5,-157.0,-155.5,-152.5,-154.5,-153.0,-157.0,-157.0,-155.5,-153.0,-154.5,-156.5,-156.5,-155.0,-155.0,-157.0,-157.0,-157.0,-157.0,-157.0,-157.0,-157.0,-157.0,-151.5,-151.0,-151.5,-150.0,-150.0,-155.0,-151.0,-151.0,-157.0,-157.0,-157.0,-157.0,-155.0,-152.0,-156.0,-155.0,-157.0,-155.5,-151.0,-152.5,-152.5,-157.0,-157.0,-157.0,-154.5,-154.0,-155.0,-154.0,-157.0,-157.0,-155.5,-155.5,-154.0,-157.0,-157.0,-157.0,-156.0,-156.0,-157.0,-151.0,-152.5,-157.0,-157.0,-157.0,-157.0,-157.0,-157.0,-157.0,-156.5,-155.5,-154.5,-154.0,-157.0,-157.0,-157.0,-157.0,-157.0,-155.0,-154.0,-153.0,-157.0,-157.0,-157.0,-157.0,-157.0,-157.0,-155.0,-157.0,-154.0,-151.5,-155.5,-157.0,-148.0,-147.5,-154.0,-157.0,-157.0,-157.0,-157.0,-154.0,-157.0,-151.5,-152.0,-157.0,-157.0,-157.0,-152.0,-151.0,-153.0,-153.0,-153.0,-156.0,-157.0,-157.0,-155.5,-156.5,-154.0,-152.0,-155.0,-157.0,-157.0,-156.5,-154.5,-155.5,-155.5,-157.0,-157.0,-156.0,-157.0,-156.0,-156.5,-157.0,-157.0,-154.0,-151.5,-153.0,-154.5,-155.5,-155.5,-154.0,-156.5,-155.0,-153.0,-154.5,-155.5,-157.0,-157.0,-157.0,-157.0,-157.0,-157.0,-156.5,-157.0,-157.0,-156.5,-153.0,-157.0,-157.0,-153.0,-150.0,-153.0,-153.0,-157.0,-157.0,-152.5,-155.0,-156.0,-154.5,-154.5,-153.0,-152.0,-152.5,-155.0,-153.0,-152.5,-157.0,-157.0,-155.0,-148.5,-148.5,-152.5,-153.0,-153.5,-157.0,-156.0,-157.0,-157.0,-157.0,-156.0,-157.0,-157.0,-157.0,-157.0,-153.5,-154.0,-156.0,-154.0,-157.0,-157.0,-152.0,-157.0,-157.0,-157.0,-149.5,-149.0,-157.0,-157.0,-157.0,-157.0,-157.0,-157.0,-157.0,-157.0,-156.0,-157.0,-157.0,-157.0,-157.0,-157.0,-157.0,-152.0,-157.0,-157.0,-157.0,-153.0,-152.5,-153.0,-157.0,-157.0,-156.5,-157.0,-155.5,-154.5,-155.5,-152.0,-150.5,-157.0,-156.5,-157.0,-155.5,-157.0,-155.5,-151.5,-154.5,-151.0,-150.5,-157.0,-157.0,-157.0,-157.0,-157.0,-154.0,-157.0,-152.0,-157.0,-157.0,-153.5,-157.0,-157.0,-157.0,-152.0,-154.0,-157.0,-157.0,-155.5,-157.0,-152.5,-155.5,-149.5,-152.5,-157.0,-157.0,-157.0,-157.0,-157.0,-157.0,-155.5,-157.0,-157.0,-157.0,-157.0,-157.0,-153.0,-153.0,-157.0,-157.0,-157.0,-151.0,-156.0,-157.0,-157.0,-157.0,-157.0,-154.0,-153.0,-154.0,-151.5,-157.0,-157.0,-155.0,-157.0,-157.0,-157.0,-157.0,-157.0,-155.0,-152.0,-153.5,-155.0,-154.0,-152.0,-153.5,-154.0,-151.5,-157.0,-157.0,-152.5,-157.0,-157.0,-157.0,-157.0,-157.0,-157.0,-157.0,-150.5,-151.0,-154.5,-152.0,-153.0,-152.5,-153.0,-157.0,-157.0,-150.0,-148.5,-151.0,-156.0,-152.5,-157.0,-152.5,-152.5,-157.0,-150.0,-149.5,-156.0,-157.0,-157.0,-155.0,-155.0,-157.0,-157.0,-157.0,-157.0,-156.5,-153.0,-150.5,-152.5,-157.0,-157.0,-157.0,-157.0,-155.0,-157.0,-156.5,-157.0,-157.0,-157.0,-156.5,-156.0,-155.5,-157.0,-155.5,-156.0,-157.0,-157.0,-156.0,-155.0,-155.0,-154.0,-151.5,-157.0,-155.5,-157.0,-157.0,-153.5,-153.0,-157.0,-157.0,-157.0,-155.5,-157.0,-155.5,-152.5,-153.0,-157.0,-157.0,-157.0,-154.5,-153.5,-157.0,-153.5,-157.0,-157.0,-157.0,-157.0,-157.0,-157.0,-157.0,-151.5,-157.0,-155.5,-157.0,-157.0,-157.0,-156.5,-157.0,-157.0,-153.5,-157.0
2026-01-17 14:13:40.506,143.049967,5,-77,-157.0,-157.0,-156.5,-157.0,-157.0,-155.0,-157.0,-154.5,-156.0,-157.0,-157.0,-157.0,-157.0,-155.5,-157.0,-154.0,-151.5,-152.5,-157.0,-151.5,-151.0,-157.0,-155.5,-157.0,-157.0,-157.0,-157.0,-157.0,-157.0,-154.0,-150.0,-150.5,-157.0,-157.0,-157.0,-157.0,-157.0,-153.0,-151.5,-157.0,-155.0,-150.5,-154.0,-154.0,-153.5,-156.5,-157.0,-157.0,-156.5,-157.0,-157.0,-157.0,-152.5,-150.5,-155.0,-153.0,-157.0,-157.0,-156.0,-157.0,-157.0,-157.0,-157.0,-154.0,-155.0,-154.0,-157.0,-155.5,-157.0,-157.0,-157.0,-157.0,-157.0,-157.0,-156.5,-155.0,-152.0,-153.5,-150.0,-149.5,-154.5,-157.0,-157.0,-155.5,-156.0,-157.0,-157.0,-155.5,-155.0,-154.0,-152.0,-150.5,-152.0,-155.5,-153.5,-153.0,-153.0,-157.0,-155.5,-155.5,-154.5,-157.0,-157.0,-152.5,-156.0,-157.0,-157.0,-153.5,-151.0,-157.0,-157.0,-157.0,-157.0,-157.0,-157.0,-152.0,-156.0,-157.0,-157.0,-157.0,-157.0,-157.0,-157.0,-156.0,-157.0,-157.0,-155.5,-153.5,-157.0,-157.0,-157.0,-153.5,-151.5,-151.5,-157.0,-154.0,-156.5,-157.0,-157.0,-157.0,-157.0,-157.0,-154.5,-156.0,-157.0,-152.0,-152.5,-150.5,-148.0,-151.0,-153.0,-157.0,-157.0,-157.0,-157.0,-157.0,-153.0,-150.5,-152.5,-156.0,-156.5,-157.0,-155.5,-154.0,-152.5,-155.0,-154.0,-152.5,-153.0,-155.0,-154.0,-154.5,-157.0,-153.5,-157.0,-157.0,-157.0,-153.5,-155.0,-157.0,-156.5,-156.0,-155.0,-156.5,-157.0,-157.0,-157.0,-157.0,-157.0,-157.0,-152.5,-156.0,-155.5,-153.5,-155.0,-156.0,-156.5,-157.0,-156.0,-157.0,-152.0,-152.5,-157.0,-157.0,-157.0,-157.0,-157.0,-157.0,-157.0,-157.0,-157.0,-155.5,-157.0,-154.5,-154.0,-155.5,-157.0,-154.5,-156.0,-157.0,-157.0,-155.5,-156.5,-157.0,-154.0,-149.0,-150.5,-155.5,-153.0,-150.0,-152.5,-157.0,-157.0,-156.5,-150.0,-152.5,-156.0,-157.0,-156.5,-157.0,-154.5,-154.5,-157.0,-152.5,-155.0,-157.0,-157.0,-157.0,-157.0,-152.5,-152.5,-153.0,-154.0,-157.0,-157.0,-153.0,-156.0,-157.0,-154.5,-155.0,-152.0,-155.5,-157.0,-157.0,-157.0,-157.0,-157.0,-157.0,-157.0,-155.0,-157.0,-157.0,-157.0,-157.0,-157.0,-157.0,-152.0,-157.0,-157.0,-152.5,-152.5,-157.0,-155.0,-151.5,-152.0,-157.0,-157.0,-157.0,-156.0,-153.0,-153.0,-151.0,-157.0,-156.5,-156.0,-154.0,-157.0,-154.5,-154.0,-153.0,-153.5,-152.5,-155.5,-157.0,-157.0,-157.0,-157.0,-153.5,-154.0,-156.0,-153.0,-153.5,-151.5,-154.5,-157.0,-154.5,-154.5,-154.0,-155.5,-157.0,-154.0,-157.0,-152.0,-149.5,-149.5,-156.5,-157.0,-157.0,-157.0,-157.0,-157.0,-157.0,-157.0,-157.0,-155.0,-155.5,-157.0,-157.0,-155.5,-152.0,-157.0,-157.0,-154.0,-155.5,-153.5,-155.0,-154.5,-157.0,-157.0,-157.0,-153.5,-157.0,-154.5,-157.0,-157.0,-155.0,-157.0,-155.0,-157.0,-157.0,-157.0,-153.0,-152.0,-157.0,-157.0,-152.0,-151.5,-155.0,-152.0,-157.0,-157.0,-155.0,-151.0,-157.0,-157.0,-157.0,-157.0,-157.0,-156.5,-157.0,-154.0,-151.5,-154.5,-154.0,-157.0,-156.0,-154.0,-157.0,-157.0,-154.0,-151.5,-156.5,-157.0,-154.5,-157.0,-153.0,-151.5,-157.0,-152.5,-152.0,-152.0,-157.0,-157.0,-153.5,-150.5,-154.0,-155.0,-157.0,-157.0,-152.5,-151.0,-150.5,-154.5,-157.0,-157.0,-154.5,-155.5,-152.5,-153.0,-156.5,-157.0,-157.0,-157.0,-157.0,-157.0,-154.0,-157.0,-157.0,-155.5,-155.0,-157.0,-156.5,-157.0,-157.0,-157.0,-156.0,-157.0,-154.0,-157.0,-157.0,-154.5,-154.5,-157.0,-157.0,-156.5,-154.0,-156.5,-153.5,-150.0,-157.0,-157.0,-157.0,-157.0,-157.0,-153.5,-157.0,-155.0,-157.0,-157.0,-154.5,-156.0,-156.5,-157.0,-157.0,-149.5,-153.5,-152.5,-157.0,-157.0,-157.0,-157.0,-157.0,-154.5,-153.0,-155.5
2026-01-17 14:13:40.506,143.049967,5,-77,-157.0,-157.0,-156.5,-157.0,-157.0,-155.0,-157.0,-154.5,-156.0,-157.0,-157.0,-157.0,-157.0,-155.5,-157.0,-154.0,-151.5,-152.5,-157.0,-151.5,-151.0,-157.0,-155.5,-157.0,-157.0,-157.0,-157.0,-157.0,-157.0,-154.0,-150.0,-150.5,-157.0,-157.0,-157.0,-157.0,-157.0,-153.0,-151.5,-157.0,-155.0,-150.5,-154.0,-154.0,-153.5,-156.5,-157.0,-157.0,-156.5,-157.0,-157.0,-157.0,-152.5,-150.5,-155.0,-153.0,-157.0,-157.0,-156.0,-157.0,-157.0,-157.0,-157.0,-154.0,-155.0,-154.0,-157.0,-155.5,-157.0,-157.0,-157.0,-157.0,-157.0,-157.0,-156.5,-155.0,-152.0,-153.5,-150.0,-149.5,-154.5,-157.0,-157.0,-155.5,-156.0,-157.0,-157.0,-155.5,-155.0,-154.0,-152.0,-150.5,-152.0,-155.5,-153.5,-153.0,-153.0,-157.0,-155.5,-155.5,-154.5,-157.0,-157.0,-152.5,-156.0,-157.0,-157.0,-153.5,-151.0,-157.0,-157.0,-157.0,-157.0,-157.0,-157.0,-152.0,-156.0,-157.0,-157.0,-157.0,-157.0,-157.0,-157.0,-156.0,-157.0,-157.0,-155.5,-153.5,-157.0,-157.0,-157.0,-153.5,-151.5,-151.5,-157.0,-154.0,-156.5,-157.0,-157.0,-157.0,-157.0,-157.0,-154.5,-156.0,-157.0,-152.0,-152.5,-150.5,-148.0,-151.0,-153.0,-157.0,-157.0,-157.0,-157.0,-157.0,-153.0,-150.5,-152.5,-156.0,-156.5,-157.0,-155.5,-154.0,-152.5,-155.0,-154.0,-152.5,-153.0,-155.0,-154.0,-154.5,-157.0,-153.5,-157.0,-157.0,-157.0,-153.5,-155.0,-157.0,-156.5,-156.0,-155.0,-156.5,-157.0,-157.0,-157.0,-157.0,-157.0,-157.0,-152.5,-156.0,-155.5,-153.5,-155.0,-156.0,-156.5,-157.0,-156.0,-157.0,-152.0,-152.5,-157.0,-157.0,-157.0,-157.0,-157.0,-157.0,-157.0,-157.0,-157.0,-155.5,-157.0,-154.5,-154.0,-155.5,-157.0,-154.5,-156.0,-157.0,-157.0,-155.5,-156.5,-157.0,-154.0,-149.0,-150.5,-155.5,-153.0,-150.0,-152.5,-157.0,-157.0,-156.5,-150.0,-152.5,-156.0,-157.0,-156.5,-157.0,-154.5,-154.5,-157.0,-152.5,-155.0,-157.0,-157.0,-157.0,-157.0,-152.5,-152.5,-153.0,-154.0,-157.0,-157.0,-153.0,-156.0,-157.0,-154.5,-155.0,-152.0,-155.5,-157.0,-157.0,-157.0,-157.0,-157.0,-157.0,-157.0,-155.0,-157.0,-157.0,-157.0,-157.0,-157.0,-157.0,-152.0,-157.0,-157.0,-152.5,-152.5,-157.0,-155.0,-151.5,-152.0,-157.0,-157.0,-157.0,-156.0,-153.0,-153.0,-151.0,-157.0,-156.5,-156.0,-154.0,-157.0,-154.5,-154.0,-153.0,-153.5,-152.5,-155.5,-157.0,-157.0,-157.0,-157.0,-153.5,-154.0,-156.0,-153.0,-153.5,-151.5,-154.5,-157.0,-154.5,-154.5,-154.0,-155.5,-157.0,-154.0,-157.0,-152.0,-149.5,-149.5,-156.5,-157.0,-157.0,-157.0,-157.0,-157.0,-157.0,-157.0,-157.0,-155.0,-155.5,-157.0,-157.0,-155.5,-152.0,-157.0,-157.0,-154.0,-155.5,-153.5,-155.0,-154.5,-157.0,-157.0,-157.0,-153.5,-157.0,-154.5,-157.0,-157.0,-155.0,-157.0,-155.0,-157.0,-157.0,-157.0,-153.0,-152.0,-157.0,-157.0,-152.0,-151.5,-155.0,-152.0,-157.0,-157.0,-155.0,-151.0,-157.0,-157.0,-157.0,-157.0,-157.0,-156.5,-157.0,-154.0,-151.5,-154.5,-154.0,-157.0,-156.0,-154.0,-157.0,-157.0,-154.0,-151.5,-156.5,-157.0,-154.5,-157.0,-153.0,-151.5,-157.0,-152.5,-152.0,-152.0,-157.0,-157.0,-153.5,-150.5,-154.0,-155.0,-157.0,-157.0,-152.5,-151.0,-150.5,-154.5,-157.0,-157.0,-154.5,-155.5,-152.5,-153.0,-156.5,-157.0,-157.0,-157.0,-157.0,-157.0,-154.0,-157.0,-157.0,-155.5,-155.0,-157.0,-156.5,-157.0,-157.0,-157.0,-156.0,-157.0,-154.0,-157.0,-157.0,-154.5,-154.5,-157.0,-157.0,-156.5,-154.0,-156.5,-153.5,-150.0,-157.0,-157.0,-157.0,-157.0,-157.0,-153.5,-157.0,-155.0,-157.0,-157.0,-154.5,-156.0,-156.5,-157.0,-157.0,-149.5,-153.5,-152.5,-157.0,-157.0,-157.0,-157.0,-157.0,-154.5,-153.0,-155.5
2026-01-17 14:13:40.530,143.049967,5,-77,-157.0,-157.0,-157.0,-157.0,-157.0,-157.0,-156.5,-155.5,-157.0,-157.0,-157.0,-157.0,-157.0,-157.0,-155.0,-157.0,-152.0,-156.0,-157.0,-150.0,-149.5,-156.0,-154.0,-155.0,-154.0,-154.5,-156.0,-157.0,-157.0,-157.0,-152.5,-155.0,-157.0,-157.0,-157.0,-157.0,-157.0,-157.0,-152.5,-157.0,-157.0,-149.5,-151.5,-156.5,-157.0,-157.0,-155.0,-156.0,-157.0,-157.0,-157.0,-155.5,-151.5,-152.5,-157.0,-155.0,-157.0,-157.0,-157.0,-157.0,-155.5,-156.5,-157.0,-153.5,-157.0,-153.0,-157.0,-152.5,-154.0,-157.0,-156.0,-156.5,-155.5,-155.0,-156.0,-156.0,-151.5,-150.5,-151.0,-154.5,-157.0,-157.0,-157.0,-157.0,-155.0,-157.0,-157.0,-156.5,-152.5,-157.0,-155.0,-153.0,-154.5,-157.0,-157.0,-156.0,-154.5,-157.0,-153.0,-155.0,-156.0,-157.0,-157.0,-152.0,-153.0,-157.0,-157.0,-157.0,-151.0,-154.0,-153.5,-155.5,-157.0,-157.0,-157.0,-154.5,-154.0,-154.0,-157.0,-155.0,-156.0,-157.0,-149.0,-148.0,-157.0,-157.0,-157.0,-154.5,-157.0,-156.0,-153.5,-152.5,-152.0,-153.5,-157.0,-153.5,-151.5,-156.5,-154.0,-157.0,-157.0,-157.0,-157.0,-157.0,-157.0,-156.5,-156.0,-153.0,-150.5,-157.0,-154.5,-154.5,-156.5,-157.0,-157.0,-157.0,-155.0,-153.5,-157.0,-157.0,-157.0,-157.0,-157.0,-155.5,-153.5,-155.5,-154.0,-153.0,-150.0,-152.0,-157.0,-157.0,-157.0,-157.0,-154.5,-153.5,-157.0,-151.0,-150.0,-157.0,-157.0,-153.5,-152.0,-157.0,-157.0,-157.0,-157.0,-151.5,-152.0,-157.0,-156.0,-156.0,-154.5,-152.0,-152.5,-156.5,-153.0,-154.5,-157.0,-156.5,-151.0,-154.5,-152.0,-150.5,-150.0,-155.5,-157.0,-157.0,-157.0,-157.0,-157.0,-157.0,-157.0,-154.0,-153.5,-157.0,-157.0,-157.0,-156.5,-157.0,-157.0,-153.0,-156.0,-153.5,-152.0,-150.5,-153.5,-157.0,-157.0,-152.0,-157.0,-157.0,-157.0,-152.5,-155.5,-152.5,-157.0,-152.5,-156.5,-157.0,-151.5,-152.5,-157.0,-154.5,-154.5,-156.0,-157.0,-157.0,-157.0,-157.0,-157.0,-156.0,-156.5,-157.0,-157.0,-156.5,-157.0,-157.0,-157.0,-157.0,-155.0,-154.5,-157.0,-157.0,-157.0,-157.0,-155.5,-157.0,-157.0,-157.0,-157.0,-155.0,-157.0,-157.0,-157.0,-155.0,-152.5,-157.0,-157.0,-151.0,-152.0,-157.0,-154.0,-151.0,-149.5,-157.0,-157.0,-157.0,-157.0,-152.0,-157.0,-156.5,-157.0,-157.0,-157.0,-154.5,-156.0,-157.0,-157.0,-156.5,-157.0,-157.0,-157.0,-157.0,-155.5,-157.0,-157.0,-154.5,-154.0,-157.0,-152.5,-153.0,-150.5,-153.0,-157.0,-153.5,-157.0,-155.5,-153.5,-157.0,-153.0,-155.5,-154.5,-153.5,-153.0,-157.0,-154.5,-157.0,-157.0,-157.0,-157.0,-157.0,-157.0,-157.0,-157.0,-156.5,-157.0,-157.0,-157.0,-154.0,-154.0,-157.0,-153.0,-157.0,-152.5,-155.5,-154.5,-156.5,-157.0,-157.0,-157.0,-157.0,-157.0,-157.0,-157.0,-153.0,-154.5,-151.0,-151.5,-152.5,-157.0,-155.0,-156.0,-157.0,-157.0,-156.5,-147.5,-148.0,-151.0,-156.5,-157.0,-153.5,-151.0,-156.5,-155.0,-155.0,-155.5,-157.0,-157.0,-155.0,-154.0,-153.5,-156.5,-154.5,-157.0,-157.0,-157.0,-157.0,-157.0,-157.0,-156.5,-157.0,-156.5,-155.5,-156.0,-157.0,-153.0,-157.0,-157.0,-152.0,-153.5,-157.0,-157.0,-151.5,-150.0,-156.5,-153.5,-157.0,-157.0,-153.0,-152.5,-153.5,-154.5,-157.0,-155.0,-151.0,-157.0,-156.5,-157.0,-157.0,-157.0,-157.0,-157.0,-156.5,-155.0,-153.5,-157.0,-157.0,-156.5,-157.0,-153.5,-151.5,-155.5,-157.0,-157.0,-157.0,-154.0,-150.5,-155.5,-157.0,-157.0,-157.0,-157.0,-157.0,-155.5,-155.5,-157.0,-151.5,-150.5,-157.0,-157.0,-157.0,-157.0,-157.0,-152.5,-157.0,-155.0,-154.0,-153.5,-154.0,-151.0,-157.0,-155.5,-157.0,-151.0,-150.5,-152.0,-157.0,-157.0,-156.0,-157.0,-156.0,-152.0,-154.0,-151.0
2026-01-17 14:13:40.572,143.049967,5,-77,-157.0,-157.0,-157.0,-157.0,-155.0,-155.5,-152.5,-154.0,-157.0,-157.0,-157.0,-157.0,-157.0,-157.0,-153.0,-150.5,-152.0,-157.0,-157.0,-153.5,-154.0,-154.0,-155.5,-157.0,-153.5,-155.5,-157.0,-155.5,-154.0,-154.0,-156.5,-157.0,-156.0,-152.5,-152.0,-155.0,-154.5,-155.0,-151.0,-155.0,-155.5,-155.5,-152.0,-153.0,-157.0,-155.5,-151.0,-155.0,-156.5,-157.0,-157.0,-152.0,-152.5,-157.0,-157.0,-157.0,-157.0,-156.0,-155.0,-156.5,-156.0,-157.0,-157.0,-155.5,-155.0,-153.5,-156.5,-154.5,-153.5,-157.0,-157.0,-154.0,-152.5,-153.5,-156.5,-157.0,-157.0,-151.0,-152.0,-156.0,-155.5,-155.0,-157.0,-157.0,-153.0,-157.0,-157.0,-151.0,-149.5,-157.0,-157.0,-156.5,-157.0,-157.0,-157.0,-157.0,-157.0,-156.5,-156.5,-157.0,-156.0,-157.0,-156.5,-153.5,-155.0,-157.0,-157.0,-157.0,-150.5,-152.0,-155.5,-156.0,-157.0,-157.0,-157.0,-155.0,-154.0,-153.5,-157.0,-155.5,-157.0,-157.0,-147.0,-147.5,-157.0,-157.0,-157.0,-155.0,-157.0,-157.0,-153.5,-154.0,-157.0,-157.0,-157.0,-153.5,-153.0,-153.0,-152.5,-157.0,-155.0,-154.0,-157.0,-153.0,-152.5,-156.0,-155.0,-152.0,-156.5,-157.0,-156.0,-156.0,-152.0,-156.0,-157.0,-157.0,-157.0,-157.0,-157.0,-155.5,-157.0,-157.0,-157.0,-151.0,-154.0,-154.0,-152.0,-157.0,-151.5,-153.0,-157.0,-157.0,-157.0,-157.0,-154.5,-153.5,-156.0,-149.0,-147.5,-151.5,-157.0,-149.0,-148.5,-154.5,-157.0,-157.0,-156.0,-150.5,-151.0,-152.5,-153.5,-155.5,-156.0,-153.5,-155.0,-155.0,-152.5,-155.0,-157.0,-156.5,-153.0,-156.0,-153.5,-150.5,-150.5,-153.0,-157.0,-157.0,-157.0,-157.0,-157.0,-157.0,-157.0,-157.0,-157.0,-157.0,-157.0,-157.0,-155.5,-157.0,-157.0,-154.0,-153.5,-155.5,-155.5,-155.0,-155.5,-156.0,-155.0,-153.5,-157.0,-157.0,-157.0,-155.0,-151.5,-149.5,-154.0,-155.0,-150.5,-152.0,-151.0,-155.0,-153.0,-155.5,-153.0,-150.5,-152.0,-157.0,-157.0,-157.0,-157.0,-157.0,-153.5,-156.0,-156.5,-156.5,-157.0,-157.0,-157.0,-157.0,-157.0,-157.0,-157.0,-157.0,-157.0,-157.0,-154.0,-157.0,-157.0,-157.0,-157.0,-150.5,-152.0,-157.0,-154.5,-153.0,-153.5,-155.0,-156.5,-154.0,-153.5,-156.0,-155.5,-157.0,-152.0,-157.0,-157.0,-157.0,-157.0,-150.0,-153.0,-157.0,-157.0,-157.0,-157.0,-157.0,-154.0,-157.0,-157.0,-156.5,-156.0,-157.0,-155.0,-153.0,-152.0,-153.0,-157.0,-157.0,-156.5,-156.5,-154.5,-157.0,-152.0,-154.0,-157.0,-156.0,-154.0,-153.5,-150.5,-150.5,-153.0,-157.0,-157.0,-157.0,-154.0,-150.5,-150.5,-157.0,-157.0,-157.0,-157.0,-157.0,-157.0,-157.0,-157.0,-157.0,-157.0,-154.5,-155.5,-157.0,-155.0,-157.0,-154.5,-155.5,-157.0,-157.0,-157.0,-156.5,-156.5,-155.5,-157.0,-157.0,-156.5,-157.0,-157.0,-153.0,-152.5,-151.5,-151.5,-155.0,-157.0,-155.5,-157.0,-157.0,-157.0,-157.0,-145.5,-146.0,-152.0,-154.0,-157.0,-155.5,-154.5,-157.0,-154.5,-157.0,-157.0,-157.0,-157.0,-154.0,-157.0,-153.0,-155.5,-157.0,-157.0,-157.0,-157.0,-156.0,-155.0,-157.0,-157.0,-156.0,-155.5,-157.0,-156.0,-155.5,-154.5,-157.0,-157.0,-152.5,-155.0,-157.0,-157.0,-153.5,-155.5,-157.0,-157.0,-155.5,-157.0,-157.0,-155.5,-154.5,-156.0,-157.0,-154.0,-150.5,-155.0,-156.5,-154.5,-156.5,-157.0,-157.0,-156.0,-154.0,-154.0,-157.0,-157.0,-157.0,-154.5,-157.0,-151.5,-151.0,-153.0,-157.0,-157.0,-157.0,-154.0,-150.5,-152.0,-157.0,-155.5,-157.0,-157.0,-157.0,-156.0,-157.0,-157.0,-153.5,-154.0,-157.0,-153.5,-156.5,-157.0,-156.0,-153.0,-157.0,-155.0,-149.0,-149.5,-155.5,-150.0,-152.5,-157.0,-154.5,-153.0,-151.5,-156.0,-157.0,-155.5,-155.5,-157.0,-153.5,-152.0,-156.0,-148.5
2026-01-17 14:13:40.598,143.049967,5,-77,-157.0,-157.0,-154.0,-156.0,-155.5,-155.0,-155.0,-157.0,-157.0,-157.0,-157.0,-157.0,-157.0,-157.0,-157.0,-149.5,-152.5,-157.0,-155.0,-152.5,-157.0,-155.5,-152.5,-151.5,-157.0,-157.0,-156.5,-153.5,-152.5,-152.0,-157.0,-157.0,-154.0,-150.0,-150.0,-157.0,-154.0,-151.5,-152.0,-153.0,-151.0,-157.0,-153.5,-154.5,-156.5,-148.5,-149.0,-153.5,-157.0,-157.0,-154.0,-150.0,-151.0,-151.0,-155.0,-156.5,-154.0,-153.0,-157.0,-157.0,-157.0,-157.0,-157.0,-154.0,-157.0,-155.5,-154.5,-157.0,-155.0,-157.0,-156.5,-155.0,-157.0,-157.0,-157.0,-157.0,-157.0,-152.5,-150.0,-157.0,-155.0,-157.0,-157.0,-157.0,-154.5,-157.0,-154.0,-151.0,-149.5,-157.0,-157.0,-153.5,-157.0,-157.0,-157.0,-157.0,-152.5,-151.0,-153.5,-152.5,-157.0,-157.0,-157.0,-155.5,-155.0,-157.0,-157.0,-155.5,-152.0,-149.5,-155.5,-154.5,-156.5,-157.0,-156.0,-152.5,-157.0,-155.5,-155.0,-156.5,-157.0,-152.5,-149.0,-156.5,-157.0,-157.0,-154.5,-152.5,-157.0,-157.0,-157.0,-157.0,-157.0,-157.0,-157.0,-157.0,-157.0,-149.5,-150.0,-157.0,-156.5,-153.0,-156.5,-152.5,-151.5,-157.0,-155.0,-152.0,-153.0,-157.0,-154.0,-155.5,-152.5,-157.0,-157.0,-157.0,-157.0,-157.0,-155.0,-151.0,-153.0,-155.5,-157.0,-150.0,-156.5,-157.0,-155.0,-157.0,-157.0,-154.5,-156.0,-155.5,-157.0,-157.0,-157.0,-157.0,-157.0,-153.0,-151.5,-153.5,-153.0,-150.0,-151.0,-156.5,-157.0,-154.0,-157.0,-153.5,-154.0,-152.0,-151.0,-152.0,-157.0,-156.5,-156.0,-156.5,-157.0,-157.0,-157.0,-157.0,-157.0,-155.0,-155.5,-157.0,-157.0,-157.0,-157.0,-153.5,-157.0,-157.0,-157.0,-157.0,-157.0,-157.0,-157.0,-157.0,-157.0,-157.0,-153.5,-156.5,-157.0,-156.5,-155.0,-157.0,-157.0,-157.0,-157.0,-152.0,-150.0,-153.5,-157.0,-157.0,-157.0,-156.5,-150.0,-151.0,-154.0,-157.0,-152.0,-150.5,-151.0,-157.0,-153.5,-154.5,-152.5,-150.5,-153.5,-157.0,-157.0,-157.0,-157.0,-157.0,-153.0,-152.0,-153.0,-155.0,-155.0,-157.0,-155.5,-157.0,-155.0,-157.0,-157.0,-155.0,-155.5,-156.5,-157.0,-157.0,-157.0,-157.0,-157.0,-149.5,-151.0,-157.0,-152.0,-151.0,-157.0,-157.0,-157.0,-157.0,-153.0,-157.0,-157.0,-156.5,-154.5,-157.0,-157.0,-157.0,-157.0,-150.0,-151.0,-157.0,-157.0,-155.5,-156.5,-157.0,-156.5,-154.5,-157.0,-154.5,-156.0,-157.0,-156.0,-153.5,-155.5,-152.0,-157.0,-157.0,-157.0,-157.0,-155.0,-156.0,-157.0,-157.0,-156.0,-153.5,-153.0,-153.5,-151.0,-153.0,-157.0,-156.0,-155.0,-157.0,-155.5,-152.0,-151.0,-157.0,-157.0,-157.0,-157.0,-157.0,-155.5,-154.5,-157.0,-157.0,-157.0,-153.5,-157.0,-157.0,-155.5,-156.5,-155.5,-157.0,-157.0,-157.0,-157.0,-156.0,-155.0,-153.5,-157.0,-152.0,-154.0,-157.0,-157.0,-157.0,-156.0,-152.0,-152.5,-153.0,-155.5,-155.0,-155.0,-154.0,-155.0,-151.5,-149.0,-149.5,-157.0,-157.0,-156.5,-157.0,-157.0,-157.0,-154.5,-157.0,-157.0,-157.0,-157.0,-156.0,-157.0,-154.5,-157.0,-157.0,-157.0,-157.0,-157.0,-157.0,-153.0,-151.5,-157.0,-156.5,-157.0,-157.0,-156.5,-157.0,-157.0,-157.0,-157.0,-155.5,-157.0,-156.5,-157.0,-156.0,-157.0,-157.0,-157.0,-157.0,-157.0,-156.5,-157.0,-152.5,-153.5,-155.5,-156.5,-154.0,-157.0,-157.0,-153.0,-152.5,-157.0,-157.0,-152.0,-151.5,-151.5,-155.0,-157.0,-157.0,-153.5,-157.0,-151.0,-154.5,-152.5,-151.5,-154.5,-157.0,-157.0,-155.0,-152.0,-154.0,-157.0,-155.0,-157.0,-157.0,-156.0,-157.0,-157.0,-157.0,-157.0,-157.0,-151.5,-151.0,-157.0,-157.0,-155.5,-157.0,-157.0,-151.0,-151.5,-157.0,-150.0,-149.0,-154.5,-155.0,-153.0,-152.0,-157.0,-156.5,-156.5,-157.0,-157.0,-152.5,-153.5,-157.0,-149.0
2026-01-17 14:13:40.631,143.049967,5,-77,-157.0,-157.0,-151.5,-157.0,-157.0,-157.0,-153.5,-157.0,-155.5,-154.5,-157.0,-157.0,-157.0,-157.0,-157.0,-152.0,-153.0,-154.5,-153.0,-152.0,-157.0,-156.5,-152.0,-152.5,-156.5,-157.0,-157.0,-154.5,-157.0,-154.5,-154.5,-153.5,-155.5,-151.5,-154.5,-156.0,-157.0,-154.0,-153.5,-150.0,-152.5,-157.0,-155.5,-157.0,-152.5,-151.0,-154.0,-157.0,-157.0,-157.0,-153.5,-152.5,-154.5,-148.5,-150.0,-157.0,-153.5,-156.0,-157.0,-157.0,-155.5,-156.5,-154.0,-150.5,-152.5,-150.5,-151.0,-157.0,-157.0,-157.0,-155.5,-157.0,-157.0,-157.0,-157.0,-157.0,-157.0,-156.0,-154.0,-157.0,-154.5,-157.0,-157.0,-157.0,-157.0,-157.0,-156.0,-157.0,-153.5,-156.0,-157.0,-152.0,-155.5,-156.0,-153.5,-153.0,-153.5,-153.0,-149.0,-148.0,-155.5,-157.0,-157.0,-156.5,-154.0,-157.0,-152.5,-152.5,-153.0,-150.0,-154.5,-155.5,-157.0,-157.0,-156.0,-151.5,-153.0,-157.0,-154.0,-155.5,-157.0,-156.0,-150.5,-157.0,-155.5,-157.0,-157.0,-152.0,-157.0,-157.0,-157.0,-157.0,-157.0,-157.0,-157.0,-157.0,-153.0,-150.5,-149.5,-153.5,-157.0,-156.0,-156.0,-157.0,-157.0,-157.0,-157.0,-157.0,-154.5,-155.0,-154.0,-157.0,-157.0,-156.0,-154.0,-154.5,-157.0,-157.0,-157.0,-153.5,-157.0,-155.0,-156.5,-149.5,-154.0,-157.0,-157.0,-157.0,-157.0,-153.5,-155.5,-157.0,-157.0,-157.0,-157.0,-154.5,-157.0,-155.5,-157.0,-154.0,-151.0,-157.0,-153.5,-157.0,-155.5,-154.5,-154.5,-154.5,-155.5,-154.5,-152.5,-152.0,-157.0,-157.0,-153.5,-157.0,-157.0,-157.0,-157.0,-157.0,-157.0,-154.0,-156.5,-157.0,-157.0,-157.0,-157.0,-152.5,-154.0,-155.5,-155.0,-157.0,-156.0,-154.0,-157.0,-157.0,-157.0,-157.0,-151.5,-154.0,-157.0,-153.0,-153.0,-155.0,-154.0,-157.0,-157.0,-154.5,-151.5,-154.0,-155.5,-155.5,-157.0,-157.0,-155.5,-156.0,-153.0,-152.0,-156.5,-157.0,-156.0,-157.0,-156.5,-157.0,-153.5,-157.0,-157.0,-157.0,-157.0,-157.0,-157.0,-156.0,-153.5,-151.5,-152.5,-156.5,-155.5,-151.5,-151.5,-156.0,-154.5,-157.0,-157.0,-153.5,-157.0,-157.0,-157.0,-157.0,-157.0,-155.5,-155.5,-152.5,-154.5,-154.5,-155.0,-153.5,-157.0,-157.0,-157.0,-153.0,-150.5,-157.0,-157.0,-157.0,-157.0,-157.0,-157.0,-157.0,-156.0,-154.0,-152.0,-157.0,-155.5,-152.5,-155.0,-157.0,-157.0,-155.0,-157.0,-155.0,-156.5,-157.0,-157.0,-156.0,-157.0,-152.0,-155.0,-157.0,-157.0,-157.0,-155.0,-154.0,-157.0,-154.5,-152.0,-154.5,-153.0,-157.0,-152.0,-155.5,-157.0,-157.0,-152.5,-157.0,-157.0,-157.0,-156.5,-157.0,-156.0,-155.5,-157.0,-155.5,-157.0,-153.5,-157.0,-157.0,-157.0,-152.5,-155.0,-157.0,-157.0,-154.0,-154.5,-157.0,-157.0,-157.0,-157.0,-155.0,-157.0,-155.0,-157.0,-150.5,-155.5,-157.0,-155.0,-157.0,-157.0,-152.5,-157.0,-153.0,-154.0,-157.0,-157.0,-157.0,-151.5,-152.5,-157.0,-156.5,-157.0,-157.0,-157.0,-157.0,-157.0,-153.5,-154.0,-156.5,-154.0,-157.0,-157.0,-155.5,-156.5,-157.0,-157.0,-157.0,-157.0,-157.0,-154.0,-157.0,-152.5,-149.0,-151.5,-156.5,-157.0,-157.0,-155.5,-157.0,-157.0,-157.0,-157.0,-156.0,-155.5,-155.0,-155.0,-157.0,-157.0,-157.0,-157.0,-157.0,-154.5,-154.5,-155.5,-153.5,-152.0,-155.5,-157.0,-157.0,-157.0,-157.0,-157.0,-153.0,-157.0,-157.0,-157.0,-156.0,-153.0,-154.5,-157.0,-157.0,-155.5,-155.0,-151.5,-155.5,-152.0,-149.0,-154.0,-157.0,-157.0,-157.0,-151.5,-153.5,-152.5,-151.0,-154.5,-157.0,-155.5,-153.0,-157.0,-157.0,-157.0,-157.0,-155.0,-153.5,-157.0,-156.5,-152.0,-154.5,-156.5,-156.5,-154.5,-155.5,-153.5,-156.0,-155.0,-157.0,-156.5,-153.5,-154.0,-154.0,-157.0,-157.0,-155.0,-152.0,-153.5,-157.0,-152.5
2026-01-17 14:13:40.668,143.049967,5,-77,-157.0,-157.0,-157.0,-157.0,-157.0,-157.0,-153.5,-156.5,-154.0,-155.0,-157.0,-157.0,-157.0,-157.0,-157.0,-155.5,-157.0,-157.0,-155.5,-157.0,-157.0,-155.5,-154.0,-157.0,-157.0,-156.5,-157.0,-156.5,-157.0,-157.0,-151.5,-151.0,-157.0,-154.0,-157.0,-156.0,-157.0,-152.0,-149.5,-152.5,-155.0,-153.0,-151.0,-157.0,-154.5,-156.5,-157.0,-157.0,-157.0,-157.0,-155.5,-157.0,-156.5,-151.5,-153.5,-157.0,-155.5,-155.0,-156.0,-153.5,-155.5,-157.0,-157.0,-151.5,-151.0,-148.0,-150.5,-157.0,-157.0,-157.0,-156.0,-157.0,-157.0,-157.0,-157.0,-156.5,-157.0,-157.0,-154.0,-153.0,-153.0,-157.0,-157.0,-157.0,-157.0,-157.0,-157.0,-157.0,-157.0,-157.0,-157.0,-155.0,-156.5,-155.5,-155.5,-152.5,-157.0,-157.0,-150.0,-150.5,-155.0,-157.0,-157.0,-153.0,-153.5,-157.0,-152.5,-154.0,-155.0,-151.5,-155.0,-154.0,-157.0,-155.5,-154.5,-155.5,-154.0,-155.0,-156.0,-156.5,-157.0,-154.5,-151.5,-157.0,-152.5,-153.0,-157.0,-152.0,-154.0,-157.0,-157.0,-157.0,-154.5,-154.5,-157.0,-153.5,-152.5,-153.0,-150.0,-149.5,-155.0,-157.0,-156.5,-157.0,-157.0,-157.0,-157.0,-157.0,-155.5,-154.0,-156.0,-157.0,-157.0,-154.0,-152.5,-153.0,-155.5,-157.0,-157.0,-156.0,-157.0,-157.0,-154.5,-150.0,-157.0,-157.0,-157.0,-157.0,-155.5,-152.5,-157.0,-157.0,-157.0,-157.0,-157.0,-153.5,-155.5,-151.0,-151.5,-151.5,-154.0,-155.0,-152.0,-153.0,-154.0,-154.0,-153.5,-157.0,-153.5,-154.5,-157.0,-154.5,-157.0,-156.0,-153.5,-157.0,-157.0,-157.0,-157.0,-157.0,-157.0,-153.5,-156.5,-155.0,-157.0,-157.0,-157.0,-152.5,-152.5,-156.5,-153.0,-156.5,-154.0,-155.5,-155.5,-157.0,-157.0,-157.0,-151.5,-157.0,-157.0,-154.5,-155.5,-155.0,-155.5,-154.5,-157.0,-156.0,-156.5,-157.0,-156.5,-157.0,-157.0,-157.0,-157.0,-157.0,-156.5,-149.0,-155.5,-157.0,-157.0,-157.0,-157.0,-157.0,-157.0,-157.0,-157.0,-154.5,-157.0,-157.0,-157.0,-153.0,-154.0,-153.0,-154.0,-156.5,-157.0,-155.0,-155.0,-156.0,-157.0,-157.0,-157.0,-151.5,-157.0,-157.0,-157.0,-155.5,-155.5,-154.0,-152.0,-153.0,-155.0,-151.5,-156.5,-157.0,-157.0,-157.0,-157.0,-154.0,-151.5,-156.0,-156.0,-157.0,-157.0,-157.0,-157.0,-157.0,-156.5,-157.0,-154.0,-157.0,-157.0,-153.5,-156.0,-157.0,-155.0,-156.5,-157.0,-157.0,-157.0,-157.0,-153.5,-156.0,-156.5,-153.0,-157.0,-157.0,-157.0,-157.0,-157.0,-156.5,-156.5,-155.0,-153.0,-155.5,-154.0,-155.5,-150.5,-151.5,-155.0,-157.0,-151.0,-152.0,-153.5,-153.0,-157.0,-157.0,-153.5,-152.0,-157.0,-157.0,-150.5,-151.0,-153.5,-151.5,-156.5,-153.5,-150.5,-153.0,-157.0,-154.0,-155.0,-157.0,-157.0,-156.0,-157.0,-156.0,-155.0,-157.0,-157.0,-149.0,-151.5,-156.0,-155.0,-157.0,-157.0,-153.0,-149.5,-151.0,-155.5,-157.0,-157.0,-157.0,-154.0,-156.5,-157.0,-157.0,-157.0,-157.0,-157.0,-157.0,-157.0,-150.5,-151.5,-152.5,-151.5,-156.5,-156.0,-155.0,-155.5,-157.0,-157.0,-157.0,-157.0,-157.0,-153.5,-157.0,-157.0,-152.5,-153.5,-157.0,-157.0,-157.0,-155.0,-157.0,-157.0,-157.0,-157.0,-155.5,-154.0,-154.5,-156.0,-157.0,-157.0,-157.0,-157.0,-157.0,-153.0,-153.0,-157.0,-157.0,-154.5,-157.0,-157.0,-157.0,-157.0,-155.5,-157.0,-155.0,-157.0,-157.0,-157.0,-157.0,-157.0,-157.0,-157.0,-156.0,-157.0,-156.5,-154.0,-156.5,-151.5,-152.5,-157.0,-156.5,-152.5,-156.0,-153.5,-148.0,-147.5,-150.0,-156.5,-154.5,-151.5,-152.5,-157.0,-157.0,-157.0,-155.5,-157.0,-157.0,-154.5,-152.0,-151.0,-151.0,-156.0,-156.5,-149.5,-151.5,-157.0,-157.0,-157.0,-157.0,-157.0,-154.5,-157.0,-157.0,-157.0,-157.0,-154.0,-155.5,-151.5,-157.0,-156.0
2026-01-17 14:13:40.699,143.049967,5,-77,-157.0,-157.0,-157.0,-157.0,-157.0,-157.0,-157.0,-157.0,-156.0,-155.5,-156.0,-157.0,-157.0,-157.0,-157.0,-157.0,-157.0,-154.0,-151.5,-157.0,-157.0,-156.5,-157.0,-157.0,-156.0,-157.0,-157.0,-157.0,-157.0,-153.5,-153.0,-155.0,-157.0,-153.5,-156.5,-157.0,-157.0,-151.5,-150.0,-157.0,-157.0,-153.5,-149.5,-151.5,-153.0,-157.0,-157.0,-157.0,-157.0,-157.0,-157.0,-157.0,-152.5,-154.5,-157.0,-157.0,-157.0,-154.5,-157.0,-155.0,-156.5,-157.0,-157.0,-157.0,-156.0,-150.0,-151.0,-157.0,-154.0,-157.0,-157.0,-154.5,-157.0,-157.0,-155.5,-151.5,-155.0,-156.5,-156.0,-154.0,-155.5,-157.0,-157.0,-157.0,-156.0,-157.0,-157.0,-155.0,-155.0,-156.0,-155.5,-157.0,-157.0,-157.0,-157.0,-157.0,-157.0,-157.0,-152.5,-154.5,-157.0,-157.0,-157.0,-153.0,-156.0,-157.0,-157.0,-156.5,-154.5,-153.0,-156.5,-154.0,-155.0,-151.5,-153.0,-157.0,-157.0,-154.0,-157.0,-157.0,-157.0,-156.5,-155.5,-157.0,-154.5,-154.5,-155.5,-153.5,-154.0,-155.5,-157.0,-157.0,-156.5,-156.0,-157.0,-151.0,-153.0,-156.0,-155.5,-153.0,-157.0,-157.0,-157.0,-156.0,-157.0,-157.0,-157.0,-153.0,-154.5,-155.0,-157.0,-157.0,-157.0,-154.0,-155.5,-155.5,-157.0,-157.0,-157.0,-156.0,-153.5,-155.0,-151.0,-150.5,-156.5,-157.0,-157.0,-157.0,-153.5,-152.0,-157.0,-156.5,-156.5,-156.5,-157.0,-154.5,-155.5,-152.5,-152.5,-155.0,-157.0,-157.0,-154.0,-151.5,-151.5,-150.5,-157.0,-157.0,-157.0,-157.0,-157.0,-157.0,-155.5,-152.5,-152.5,-157.0,-156.5,-152.5,-154.0,-154.0,-157.0,-155.5,-155.5,-154.5,-157.0,-154.5,-157.0,-157.0,-156.0,-156.5,-152.0,-151.0,-152.5,-157.0,-154.5,-157.0,-157.0,-157.0,-151.5,-154.0,-153.5,-153.0,-157.0,-156.0,-154.5,-150.5,-154.0,-154.5,-157.0,-157.0,-157.0,-157.0,-157.0,-157.0,-157.0,-154.5,-157.0,-154.0,-153.5,-157.0,-154.0,-153.0,-157.0,-157.0,-157.0,-157.0,-157.0,-153.0,-153.0,-156.0,-157.0,-152.0,-157.0,-157.0,-154.5,-153.5,-157.0,-157.0,-157.0,-157.0,-157.0,-156.5,-156.0,-152.5,-157.0,-157.0,-157.0,-156.0,-156.5,-153.0,-150.0,-155.5,-157.0,-150.5,-152.5,-153.5,-157.0,-157.0,-157.0,-157.0,-157.0,-153.5,-155.5,-157.0,-155.5,-157.0,-157.0,-157.0,-157.0,-154.5,-155.0,-157.0,-157.0,-154.5,-156.5,-157.0,-153.0,-154.5,-157.0,-157.0,-157.0,-157.0,-152.0,-154.5,-152.5,-152.5,-157.0,-155.0,-157.0,-157.0,-157.0,-153.5,-153.5,-157.0,-157.0,-152.0,-153.0,-155.5,-153.0,-152.0,-153.0,-157.0,-151.0,-151.5,-154.0,-152.0,-153.5,-153.0,-155.5,-154.5,-155.5,-153.0,-149.5,-151.5,-156.0,-150.5,-152.5,-154.5,-151.5,-152.0,-154.5,-157.0,-157.0,-157.0,-157.0,-157.0,-157.0,-157.0,-154.5,-157.0,-153.5,-148.5,-150.0,-157.0,-157.0,-156.0,-156.0,-153.0,-145.5,-147.0,-157.0,-157.0,-157.0,-157.0,-156.0,-157.0,-157.0,-153.0,-153.5,-157.0,-157.0,-157.0,-157.0,-152.5,-153.5,-151.5,-156.0,-156.0,-157.0,-155.0,-151.5,-154.0,-154.0,-157.0,-157.0,-157.0,-155.0,-153.5,-157.0,-157.0,-155.5,-155.0,-156.0,-153.0,-157.0,-157.0,-157.0,-157.0,-157.0,-157.0,-155.5,-156.0,-154.0,-156.0,-157.0,-157.0,-157.0,-157.0,-154.0,-152.0,-157.0,-157.0,-157.0,-157.0,-157.0,-157.0,-156.5,-156.0,-157.0,-156.0,-153.0,-154.5,-153.0,-157.0,-156.0,-155.5,-156.0,-157.0,-157.0,-157.0,-157.0,-153.0,-153.0,-157.0,-152.5,-150.0,-150.0,-157.0,-155.0,-149.0,-149.0,-156.5,-155.0,-157.0,-152.5,-154.5,-156.5,-157.0,-157.0,-153.5,-156.5,-156.0,-155.0,-157.0,-157.0,-153.5,-156.0,-153.0,-149.5,-152.0,-157.0,-157.0,-157.0,-155.5,-156.5,-156.5,-157.0,-157.0,-157.0,-157.0,-156.0,-157.0,-149.5,-151.0,-157.0
2026-01-17 14:13:40.734,143.049967,5,-77,-157.0,-157.0,-157.0,-157.0,-157.0,-157.0,-157.0,-157.0,-157.0,-156.5,-155.0,-157.0,-157.0,-157.0,-157.0,-157.0,-153.0,-150.5,-150.5,-154.5,-157.0,-157.0,-157.0,-157.0,-155.0,-157.0,-157.0,-157.0,-157.0,-151.5,-152.5,-156.0,-157.0,-154.0,-154.0,-157.0,-157.0,-155.5,-154.5,-157.0,-157.0,-155.5,-150.5,-155.0,-151.5,-151.0,-155.0,-157.0,-157.0,-155.0,-154.5,-156.0,-153.5,-157.0,-157.0,-157.0,-157.0,-157.0,-153.5,-156.5,-157.0,-156.5,-157.0,-157.0,-157.0,-157.0,-156.0,-156.0,-153.5,-153.0,-157.0,-152.0,-157.0,-157.0,-155.0,-151.5,-157.0,-157.0,-157.0,-157.0,-155.5,-156.0,-153.5,-154.0,-155.0,-156.0,-157.0,-151.5,-153.5,-157.0,-157.0,-156.0,-157.0,-157.0,-157.0,-157.0,-155.5,-157.0,-151.0,-153.0,-153.0,-154.5,-157.0,-154.0,-157.0,-155.0,-156.5,-153.0,-153.0,-155.0,-157.0,-157.0,-156.5,-152.5,-157.0,-157.0,-157.0,-155.5,-154.5,-156.5,-157.0,-157.0,-157.0,-153.5,-152.5,-157.0,-157.0,-157.0,-154.0,-151.5,-155.5,-157.0,-157.0,-155.0,-157.0,-152.5,-154.5,-157.0,-157.0,-157.0,-156.5,-157.0,-157.0,-155.0,-157.0,-157.0,-152.5,-151.5,-157.0,-155.0,-157.0,-157.0,-157.0,-155.0,-156.5,-156.5,-154.5,-152.0,-152.5,-157.0,-153.0,-152.5,-152.0,-155.5,-154.0,-157.0,-157.0,-156.0,-155.0,-151.5,-157.0,-156.5,-157.0,-152.5,-155.5,-155.0,-157.0,-157.0,-157.0,-157.0,-153.0,-153.0,-156.0,-152.0,-152.5,-153.5,-157.0,-157.0,-156.5,-156.5,-153.5,-157.0,-157.0,-156.5,-156.5,-152.5,-154.5,-153.0,-154.5,-152.0,-156.5,-157.0,-156.5,-157.0,-157.0,-150.0,-151.5,-157.0,-156.0,-157.0,-157.0,-153.5,-156.0,-157.0,-157.0,-157.0,-156.0,-154.5,-152.5,-154.0,-151.0,-151.5,-157.0,-156.5,-151.0,-150.0,-153.0,-155.5,-154.5,-156.0,-157.0,-157.0,-157.0,-156.0,-157.0,-151.5,-152.5,-155.0,-151.5,-155.0,-149.0,-149.5,-157.0,-157.0,-157.0,-157.0,-157.0,-155.0,-153.0,-154.5,-157.0,-152.5,-157.0,-157.0,-157.0,-154.5,-157.0,-153.0,-153.0,-157.0,-157.0,-157.0,-155.5,-156.0,-157.0,-157.0,-155.5,-157.0,-157.0,-150.5,-150.0,-153.5,-157.0,-153.0,-155.0,-151.5,-152.0,-157.0,-156.0,-156.0,-157.0,-153.5,-152.5,-155.5,-155.0,-157.0,-157.0,-157.0,-157.0,-151.0,-151.0,-153.0,-157.0,-157.0,-157.0,-157.0,-151.5,-151.0,-157.0,-154.0,-157.0,-154.0,-153.5,-156.0,-156.0,-157.0,-156.5,-155.5,-157.0,-157.0,-156.5,-151.5,-153.5,-156.0,-157.0,-154.0,-156.0,-157.0,-156.5,-157.0,-157.0,-157.0,-154.0,-156.5,-157.0,-157.0,-157.0,-154.0,-154.5,-157.0,-157.0,-150.5,-152.0,-157.0,-157.0,-155.5,-156.5,-155.5,-157.0,-157.0,-157.0,-157.0,-157.0,-155.5,-157.0,-157.0,-156.5,-157.0,-154.0,-157.0,-154.0,-153.0,-153.0,-157.0,-157.0,-155.0,-155.5,-157.0,-147.5,-148.0,-157.0,-157.0,-157.0,-157.0,-156.0,-157.0,-157.0,-155.0,-154.5,-157.0,-157.0,-157.0,-157.0,-152.5,-151.0,-149.5,-156.5,-157.0,-157.0,-155.0,-149.5,-149.5,-153.5,-153.5,-154.0,-156.0,-155.0,-152.5,-157.0,-157.0,-153.0,-156.0,-154.5,-153.0,-157.0,-156.0,-156.5,-157.0,-157.0,-157.0,-157.0,-157.0,-151.0,-149.5,-157.0,-155.0,-157.0,-157.0,-155.5,-154.5,-157.0,-157.0,-157.0,-157.0,-157.0,-157.0,-157.0,-157.0,-157.0,-155.5,-151.0,-155.0,-153.0,-155.5,-152.5,-153.0,-157.0,-157.0,-155.5,-154.5,-157.0,-151.5,-154.0,-155.0,-152.5,-152.5,-152.5,-156.5,-151.0,-155.5,-154.0,-154.0,-152.0,-154.0,-152.5,-152.5,-156.5,-157.0,-157.0,-152.0,-155.5,-154.5,-155.0,-157.0,-157.0,-154.5,-152.0,-149.0,-150.5,-153.5,-157.0,-157.0,-156.0,-156.0,-155.0,-154.5,-157.0,-157.0,-157.0,-157.0,-157.0,-157.0,-149.0,-150.0,-157.0
2026-01-17 14:13:40.769,143.049967,5,-77,-157.0,-157.0,-157.0,-157.0,-156.5,-157.0,-157.0,-157.0,-157.0,-157.0,-157.0,-157.0,-157.0,-157.0,-157.0,-157.0,-155.0,-156.0,-154.5,-157.0,-157.0,-157.0,-157.0,-157.0,-156.0,-157.0,-153.5,-154.5,-157.0,-156.5,-155.5,-157.0,-157.0,-157.0,-155.5,-156.0,-156.0,-155.0,-155.5,-157.0,-155.0,-153.0,-152.5,-157.0,-157.0,-150.0,-157.0,-157.0,-157.0,-152.5,-152.5,-156.5,-157.0,-157.0,-157.0,-157.0,-157.0,-157.0,-152.0,-154.0,-157.0,-155.5,-157.0,-157.0,-157.0,-157.0,-157.0,-157.0,-152.0,-151.5,-156.5,-154.0,-157.0,-156.5,-157.0,-154.5,-157.0,-157.0,-155.0,-157.0,-157.0,-153.0,-148.5,-152.0,-152.0,-154.0,-157.0,-153.0,-153.5,-157.0,-157.0,-154.5,-157.0,-157.0,-157.0,-157.0,-156.0,-151.5,-150.0,-157.0,-152.5,-155.0,-157.0,-154.0,-156.0,-151.0,-151.0,-152.0,-157.0,-157.0,-156.5,-157.0,-156.5,-154.5,-157.0,-157.0,-157.0,-157.0,-155.5,-154.0,-157.0,-157.0,-157.0,-151.5,-154.0,-155.0,-155.5,-155.0,-153.0,-153.5,-157.0,-157.0,-155.5,-151.5,-152.0,-152.5,-157.0,-157.0,-157.0,-157.0,-156.5,-157.0,-157.0,-157.0,-157.0,-156.0,-154.0,-155.0,-156.0,-153.5,-157.0,-157.0,-157.0,-157.0,-151.5,-152.0,-152.0,-154.5,-153.5,-157.0,-157.0,-151.5,-153.0,-156.5,-156.0,-156.5,-155.0,-157.0,-153.0,-150.0,-155.5,-157.0,-156.0,-154.0,-157.0,-155.5,-157.0,-157.0,-157.0,-156.0,-149.5,-152.0,-157.0,-151.0,-152.5,-157.0,-157.0,-157.0,-153.0,-155.0,-154.0,-154.0,-157.0,-157.0,-153.5,-150.5,-157.0,-157.0,-154.0,-152.5,-157.0,-155.0,-152.5,-156.0,-157.0,-150.0,-149.5,-152.0,-153.5,-155.0,-157.0,-157.0,-157.0,-157.0,-157.0,-157.0,-157.0,-154.5,-155.0,-157.0,-153.5,-156.5,-157.0,-157.0,-155.5,-157.0,-156.5,-157.0,-152.5,-155.0,-156.0,-157.0,-157.0,-157.0,-157.0,-152.5,-152.0,-150.0,-151.5,-157.0,-151.5,-152.0,-157.0,-156.5,-154.0,-155.5,-155.0,-157.0,-157.0,-157.0,-157.0,-153.5,-157.0,-153.5,-155.5,-157.0,-157.0,-153.5,-155.0,-157.0,-157.0,-157.0,-156.5,-157.0,-157.0,-153.5,-157.0,-155.0,-153.5,-151.0,-155.5,-155.5,-156.5,-153.0,-154.5,-155.5,-151.5,-157.0,-157.0,-157.0,-157.0,-151.5,-151.5,-156.0,-157.0,-156.0,-157.0,-157.0,-157.0,-152.5,-150.0,-149.5,-152.5,-155.0,-153.0,-156.5,-152.0,-153.0,-153.0,-152.0,-157.0,-153.5,-152.0,-157.0,-157.0,-157.0,-157.0,-157.0,-157.0,-157.0,-156.5,-153.5,-157.0,-157.0,-157.0,-157.0,-157.0,-152.0,-153.0,-157.0,-157.0,-157.0,-157.0,-157.0,-156.5,-156.5,-157.0,-157.0,-152.5,-157.0,-157.0,-153.5,-155.5,-157.0,-157.0,-157.0,-157.0,-155.5,-156.0,-155.5,-156.0,-157.0,-157.0,-155.5,-157.0,-153.0,-152.5,-157.0,-153.0,-154.0,-157.0,-157.0,-153.0,-155.0,-157.0,-157.0,-157.0,-157.0,-153.5,-153.5,-157.0,-157.0,-157.0,-157.0,-154.0,-155.5,-157.0,-157.0,-155.0,-156.5,-157.0,-157.0,-151.5,-149.5,-152.5,-152.5,-157.0,-157.0,-157.0,-153.5,-153.0,-152.0,-152.5,-155.5,-154.0,-155.5,-154.5,-157.0,-153.5,-153.5,-155.5,-157.0,-157.0,-157.0,-157.0,-157.0,-155.5,-157.0,-157.0,-157.0,-157.0,-157.0,-153.0,-148.5,-150.0,-152.0,-155.5,-157.0,-157.0,-157.0,-157.0,-157.0,-157.0,-153.5,-154.0,-157.0,-156.0,-154.5,-154.5,-152.5,-150.5,-155.0,-157.0,-157.0,-154.5,-157.0,-157.0,-157.0,-157.0,-156.0,-157.0,-153.0,-156.0,-154.5,-157.0,-157.0,-157.0,-157.0,-151.5,-157.0,-157.0,-156.0,-154.5,-151.5,-155.0,-154.0,-153.5,-154.5,-154.5,-152.5,-154.0,-156.0,-157.0,-156.0,-157.0,-157.0,-149.5,-149.0,-156.0,-154.5,-154.5,-156.0,-157.0,-157.0,-155.5,-153.0,-154.0,-153.5,-154.0,-157.0,-157.0,-151.5,-150.0,-149.0,-157.0
2026-01-17 14:13:40.769,143.049967,5,-77,-157.0,-157.0,-157.0,-157.0,-156.5,-157.0,-157.0,-157.0,-157.0,-157.0,-157.0,-157.0,-157.0,-157.0,-157.0,-157.0,-155.0,-156.0,-154.5,-157.0,-157.0,-157.0,-157.0,-157.0,-156.0,-157.0,-153.5,-154.5,-157.0,-156.5,-155.5,-157.0,-157.0,-157.0,-155.5,-156.0,-156.0,-155.0,-155.5,-157.0,-155.0,-153.0,-152.5,-157.0,-157.0,-150.0,-157.0,-157.0,-157.0,-152.5,-152.5,-156.5,-157.0,-157.0,-157.0,-157.0,-157.0,-157.0,-152.0,-154.0,-157.0,-155.5,-157.0,-157.0,-157.0,-157.0,-157.0,-157.0,-152.0,-151.5,-156.5,-154.0,-157.0,-156.5,-157.0,-154.5,-157.0,-157.0,-155.0,-157.0,-157.0,-153.0,-148.5,-152.0,-152.0,-154.0,-157.0,-153.0,-153.5,-157.0,-157.0,-154.5,-157.0,-157.0,-157.0,-157.0,-156.0,-151.5,-150.0,-157.0,-152.5,-155.0,-157.0,-154.0,-156.0,-151.0,-151.0,-152.0,-157.0,-157.0,-156.5,-157.0,-156.5,-154.5,-157.0,-157.0,-157.0,-157.0,-155.5,-154.0,-157.0,-157.0,-157.0,-151.5,-154.0,-155.0,-155.5,-155.0,-153.0,-153.5,-157.0,-157.0,-155.5,-151.5,-152.0,-152.5,-157.0,-157.0,-157.0,-157.0,-156.5,-157.0,-157.0,-157.0,-157.0,-156.0,-154.0,-155.0,-156.0,-153.5,-157.0,-157.0,-157.0,-157.0,-151.5,-152.0,-152.0,-154.5,-153.5,-157.0,-157.0,-151.5,-153.0,-156.5,-156.0,-156.5,-155.0,-157.0,-153.0,-150.0,-155.5,-157.0,-156.0,-154.0,-157.0,-155.5,-157.0,-157.0,-157.0,-156.0,-149.5,-152.0,-157.0,-151.0,-152.5,-157.0,-157.0,-157.0,-153.0,-155.0,-154.0,-154.0,-157.0,-157.0,-153.5,-150.5,-157.0,-157.0,-154.0,-152.5,-157.0,-155.0,-152.5,-156.0,-157.0,-150.0,-149.5,-152.0,-153.5,-155.0,-157.0,-157.0,-157.0,-157.0,-157.0,-157.0,-157.0,-154.5,-155.0,-157.0,-153.5,-156.5,-157.0,-157.0,-155.5,-157.0,-156.5,-157.0,-152.5,-155.0,-156.0,-157.0,-157.0,-157.0,-157.0,-152.5,-152.0,-150.0,-151.5,-157.0,-151.5,-152.0,-157.0,-156.5,-154.0,-155.5,-155.0,-157.0,-157.0,-157.0,-157.0,-153.5,-157.0,-153.5,-155.5,-157.0,-157.0,-153.5,-155.0,-157.0,-157.0,-157.0,-156.5,-157.0,-157.0,-153.5,-157.0,-155.0,-153.5,-151.0,-155.5,-155.5,-156.5,-153.0,-154.5,-155.5,-151.5,-157.0,-157.0,-157.0,-157.0,-151.5,-151.5,-156.0,-157.0,-156.0,-157.0,-157.0,-157.0,-152.5,-150.0,-149.5,-152.5,-155.0,-153.0,-156.5,-152.0,-153.0,-153.0,-152.0,-157.0,-153.5,-152.0,-157.0,-157.0,-157.0,-157.0,-157.0,-157.0,-157.0,-156.5,-153.5,-157.0,-157.0,-157.0,-157.0,-157.0,-152.0,-153.0,-157.0,-157.0,-157.0,-157.0,-157.0,-156.5,-156.5,-157.0,-157.0,-152.5,-157.0,-157.0,-153.5,-155.5,-157.0,-157.0,-157.0,-157.0,-155.5,-156.0,-155.5,-156.0,-157.0,-157.0,-155.5,-157.0,-153.0,-152.5,-157.0,-153.0,-154.0,-157.0,-157.0,-153.0,-155.0,-157.0,-157.0,-157.0,-157.0,-153.5,-153.5,-157.0,-157.0,-157.0,-157.0,-154.0,-155.5,-157.0,-157.0,-155.0,-156.5,-157.0,-157.0,-151.5,-149.5,-152.5,-152.5,-157.0,-157.0,-157.0,-153.5,-153.0,-152.0,-152.5,-155.5,-154.0,-155.5,-154.5,-157.0,-153.5,-153.5,-155.5,-157.0,-157.0,-157.0,-157.0,-157.0,-155.5,-157.0,-157.0,-157.0,-157.0,-157.0,-153.0,-148.5,-150.0,-152.0,-155.5,-157.0,-157.0,-157.0,-157.0,-157.0,-157.0,-153.5,-154.0,-157.0,-156.0,-154.5,-154.5,-152.5,-150.5,-155.0,-157.0,-157.0,-154.5,-157.0,-157.0,-157.0,-157.0,-156.0,-157.0,-153.0,-156.0,-154.5,-157.0,-157.0,-157.0,-157.0,-151.5,-157.0,-157.0,-156.0,-154.5,-151.5,-155.0,-154.0,-153.5,-154.5,-154.5,-152.5,-154.0,-156.0,-157.0,-156.0,-157.0,-157.0,-149.5,-149.0,-156.0,-154.5,-154.5,-156.0,-157.0,-157.0,-155.5,-153.0,-154.0,-153.5,-154.0,-157.0,-157.0,-151.5,-150.0,-149.0,-157.0
2026-01-17 14:13:40.803,143.049967,5,-77,-157.0,-157.0,-155.5,-157.0,-156.0,-153.5,-157.0,-156.5,-154.5,-156.5,-157.0,-157.0,-157.0,-157.0,-151.5,-153.0,-157.0,-157.0,-157.0,-157.0,-157.0,-157.0,-157.0,-157.0,-154.5,-157.0,-151.0,-153.5,-157.0,-157.0,-157.0,-157.0,-157.0,-157.0,-157.0,-157.0,-157.0,-157.0,-153.5,-157.0,-155.0,-154.0,-152.0,-156.0,-157.0,-152.0,-157.0,-156.0,-154.5,-154.5,-154.0,-156.0,-157.0,-157.0,-157.0,-157.0,-157.0,-157.0,-154.5,-155.5,-153.5,-151.5,-153.5,-153.0,-157.0,-154.5,-156.0,-154.0,-153.5,-153.5,-157.0,-155.0,-157.0,-156.0,-153.0,-155.0,-157.0,-155.0,-153.5,-157.0,-157.0,-155.5,-147.5,-150.5,-151.0,-156.5,-157.0,-157.0,-156.0,-156.5,-152.5,-153.5,-157.0,-157.0,-157.0,-157.0,-157.0,-150.0,-150.0,-157.0,-155.0,-157.0,-157.0,-155.5,-157.0,-152.5,-156.5,-157.0,-157.0,-157.0,-155.5,-157.0,-157.0,-157.0,-153.5,-156.0,-154.5,-157.0,-157.0,-154.5,-156.5,-157.0,-157.0,-152.0,-156.0,-154.0,-153.5,-157.0,-157.0,-157.0,-157.0,-157.0,-155.0,-153.5,-157.0,-153.5,-155.5,-157.0,-157.0,-157.0,-157.0,-157.0,-157.0,-157.0,-156.0,-157.0,-157.0,-157.0,-152.0,-155.5,-157.0,-157.0,-155.0,-155.5,-150.5,-152.5,-155.0,-157.0,-157.0,-157.0,-157.0,-152.5,-152.5,-153.5,-157.0,-155.0,-153.0,-157.0,-155.5,-149.5,-151.0,-154.5,-155.5,-157.0,-157.0,-155.5,-157.0,-157.0,-157.0,-154.5,-151.5,-150.5,-157.0,-155.0,-155.5,-157.0,-157.0,-157.0,-155.0,-156.5,-157.0,-155.0,-154.5,-153.0,-151.0,-150.5,-157.0,-154.0,-152.0,-157.0,-157.0,-157.0,-152.5,-156.0,-154.5,-152.0,-156.5,-153.5,-155.5,-156.0,-157.0,-156.0,-157.0,-157.0,-156.5,-157.0,-157.0,-155.5,-156.0,-154.5,-156.0,-157.0,-157.0,-157.0,-157.0,-156.5,-155.0,-157.0,-154.0,-157.0,-153.5,-154.5,-157.0,-157.0,-157.0,-156.0,-157.0,-148.0,-157.0,-157.0,-155.0,-157.0,-156.0,-157.0,-152.0,-150.5,-151.5,-157.0,-157.0,-157.0,-157.0,-155.5,-157.0,-155.0,-152.0,-157.0,-157.0,-154.5,-157.0,-156.5,-157.0,-157.0,-157.0,-157.0,-154.0,-150.5,-157.0,-155.5,-153.0,-150.0,-156.0,-157.0,-154.5,-154.5,-153.0,-156.5,-155.5,-157.0,-156.0,-157.0,-152.0,-151.5,-157.0,-157.0,-157.0,-155.5,-155.5,-157.0,-157.0,-157.0,-154.0,-153.0,-152.5,-150.0,-152.5,-157.0,-153.5,-157.0,-150.5,-152.5,-157.0,-156.5,-155.0,-157.0,-157.0,-157.0,-157.0,-157.0,-155.5,-157.0,-157.0,-156.5,-157.0,-157.0,-157.0,-157.0,-152.5,-151.0,-157.0,-156.5,-157.0,-157.0,-152.5,-152.0,-155.0,-155.5,-157.0,-154.5,-153.5,-156.5,-157.0,-157.0,-154.5,-157.0,-157.0,-157.0,-157.0,-152.0,-151.0,-149.0,-150.5,-157.0,-157.0,-157.0,-157.0,-152.0,-153.5,-157.0,-152.5,-155.0,-157.0,-157.0,-155.5,-152.5,-152.0,-157.0,-157.0,-157.0,-157.0,-157.0,-157.0,-157.0,-157.0,-156.5,-153.0,-155.0,-157.0,-156.0,-156.0,-155.5,-157.0,-157.0,-156.0,-151.0,-156.0,-155.5,-157.0,-157.0,-157.0,-155.0,-153.5,-157.0,-152.0,-154.5,-157.0,-157.0,-156.5,-157.0,-157.0,-157.0,-157.0,-154.0,-154.5,-157.0,-156.5,-157.0,-151.5,-152.5,-157.0,-157.0,-157.0,-156.5,-157.0,-149.5,-148.5,-152.5,-154.5,-157.0,-156.0,-157.0,-157.0,-157.0,-157.0,-153.5,-152.5,-154.0,-153.0,-155.5,-153.5,-151.0,-152.0,-153.0,-157.0,-157.0,-154.0,-153.0,-155.0,-157.0,-157.0,-157.0,-157.0,-157.0,-154.0,-152.5,-153.5,-156.5,-157.0,-157.0,-153.0,-154.5,-157.0,-157.0,-155.0,-154.5,-157.0,-155.0,-154.0,-153.0,-152.5,-157.0,-157.0,-154.5,-157.0,-154.0,-156.5,-157.0,-154.0,-154.5,-155.5,-157.0,-155.5,-154.5,-157.0,-157.0,-157.0,-156.5,-155.5,-155.5,-152.5,-151.5,-154.5,-151.5,-153.5,-150.0,-157.0
2026-01-17 14:13:40.830,143.049967,5,-77,-157.0,-157.0,-155.5,-156.0,-156.5,-154.5,-157.0,-153.0,-152.5,-157.0,-155.0,-157.0,-157.0,-157.0,-151.0,-156.5,-157.0,-157.0,-157.0,-156.5,-157.0,-157.0,-157.0,-157.0,-150.0,-152.5,-152.0,-157.0,-157.0,-153.0,-154.0,-157.0,-157.0,-155.5,-157.0,-157.0,-157.0,-157.0,-154.0,-154.5,-155.0,-157.0,-153.5,-153.5,-157.0,-155.0,-154.5,-151.5,-151.0,-157.0,-157.0,-157.0,-153.5,-157.0,-154.5,-156.0,-157.0,-156.5,-155.5,-157.0,-155.5,-152.0,-152.0,-154.5,-157.0,-154.5,-157.0,-155.5,-157.0,-157.0,-157.0,-151.5,-157.0,-153.0,-151.5,-154.5,-157.0,-155.5,-157.0,-157.0,-157.0,-157.0,-151.0,-153.0,-152.0,-153.5,-156.0,-157.0,-157.0,-155.0,-151.5,-157.0,-157.0,-157.0,-157.0,-157.0,-157.0,-157.0,-151.5,-156.0,-152.5,-154.5,-157.0,-153.5,-157.0,-157.0,-157.0,-157.0,-156.5,-156.0,-155.0,-157.0,-156.0,-157.0,-152.5,-155.5,-153.5,-155.5,-157.0,-155.0,-156.0,-157.0,-157.0,-154.0,-157.0,-157.0,-156.5,-157.0,-157.0,-157.0,-154.5,-157.0,-157.0,-157.0,-157.0,-153.5,-155.5,-157.0,-156.0,-157.0,-157.0,-157.0,-157.0,-156.5,-156.5,-157.0,-157.0,-153.5,-151.0,-157.0,-157.0,-157.0,-156.0,-154.5,-151.0,-152.0,-157.0,-157.0,-157.0,-157.0,-156.5,-154.5,-152.0,-157.0,-157.0,-156.0,-153.0,-156.5,-151.0,-151.5,-156.5,-154.5,-157.0,-157.0,-155.5,-155.5,-157.0,-157.0,-153.0,-153.0,-157.0,-152.0,-153.0,-157.0,-157.0,-153.0,-155.5,-155.0,-153.5,-154.5,-153.0,-154.5,-157.0,-150.0,-151.0,-152.5,-156.0,-149.5,-151.0,-157.0,-157.0,-156.5,-156.5,-157.0,-150.5,-149.5,-157.0,-157.0,-157.0,-157.0,-153.0,-151.5,-155.0,-157.0,-156.0,-157.0,-157.0,-155.0,-156.0,-154.5,-154.0,-151.5,-152.0,-157.0,-157.0,-156.0,-154.5,-154.0,-154.0,-157.0,-152.5,-151.5,-157.0,-155.5,-157.0,-157.0,-155.5,-148.0,-154.0,-153.5,-153.0,-157.0,-155.0,-157.0,-154.5,-152.5,-152.0,-157.0,-157.0,-157.0,-157.0,-154.0,-153.0,-157.0,-152.0,-157.0,-157.0,-156.0,-155.0,-151.5,-157.0,-156.5,-156.0,-156.5,-153.5,-149.5,-157.0,-155.0,-154.0,-151.5,-157.0,-157.0,-157.0,-157.0,-153.0,-155.0,-157.0,-157.0,-152.5,-153.5,-151.5,-153.5,-157.0,-157.0,-157.0,-156.5,-152.5,-157.0,-157.0,-157.0,-154.0,-157.0,-157.0,-152.0,-157.0,-157.0,-152.0,-157.0,-155.0,-157.0,-157.0,-157.0,-157.0,-157.0,-157.0,-157.0,-157.0,-155.5,-157.0,-157.0,-157.0,-157.0,-157.0,-157.0,-157.0,-156.0,-154.5,-154.0,-157.0,-157.0,-156.0,-157.0,-149.0,-149.0,-151.5,-157.0,-157.0,-157.0,-157.0,-157.0,-157.0,-154.0,-151.0,-155.5,-157.0,-155.5,-157.0,-151.5,-154.5,-148.0,-149.5,-156.0,-154.5,-157.0,-157.0,-154.5,-157.0,-157.0,-156.0,-157.0,-157.0,-156.0,-156.5,-155.5,-152.0,-157.0,-157.0,-157.0,-157.0,-157.0,-157.0,-157.0,-157.0,-155.0,-153.0,-157.0,-157.0,-152.5,-156.5,-154.0,-153.5,-157.0,-156.5,-153.5,-156.5,-157.0,-157.0,-157.0,-157.0,-157.0,-154.0,-157.0,-155.0,-157.0,-157.0,-154.0,-156.5,-157.0,-157.0,-157.0,-157.0,-154.5,-154.0,-156.5,-154.5,-157.0,-151.5,-154.0,-154.5,-154.0,-157.0,-157.0,-156.5,-151.5,-152.5,-157.0,-157.0,-157.0,-154.0,-156.0,-157.0,-157.0,-157.0,-157.0,-157.0,-157.0,-152.5,-154.5,-154.0,-151.5,-152.5,-152.5,-153.5,-156.0,-153.5,-151.5,-152.5,-157.0,-157.0,-157.0,-157.0,-157.0,-151.0,-154.0,-152.0,-155.5,-157.0,-153.5,-152.0,-151.5,-155.0,-155.0,-154.0,-155.0,-154.5,-153.0,-153.0,-157.0,-157.0,-157.0,-157.0,-155.0,-157.0,-155.5,-153.5,-157.0,-157.0,-157.0,-151.5,-156.5,-157.0,-157.0,-157.0,-156.0,-157.0,-157.0,-157.0,-157.0,-155.5,-152.0,-152.0,-152.5,-154.0,-156.5,-157.0
2026-01-17 14:13:40.866,143.049967,5,-77,-157.0,-157.0,-155.5,-155.5,-157.0,-157.0,-155.5,-153.5,-156.5,-156.0,-155.5,-157.0,-157.0,-155.5,-151.0,-157.0,-157.0,-157.0,-157.0,-154.5,-154.5,-157.0,-157.0,-151.5,-149.0,-157.0,-154.0,-157.0,-154.5,-149.0,-152.5,-156.5,-151.0,-157.0,-157.0,-153.0,-153.5,-157.0,-157.0,-157.0,-155.0,-155.0,-156.5,-152.5,-153.0,-155.0,-157.0,-153.0,-153.5,-153.5,-152.0,-153.0,-151.0,-154.0,-152.5,-153.0,-155.5,-157.0,-156.0,-156.0,-157.0,-157.0,-157.0,-157.0,-155.5,-153.5,-157.0,-157.0,-157.0,-157.0,-157.0,-153.5,-153.5,-152.5,-153.5,-154.5,-154.5,-157.0,-157.0,-157.0,-157.0,-155.0,-152.5,-154.0,-155.5,-157.0,-157.0,-157.0,-157.0,-155.0,-154.5,-155.0,-156.5,-157.0,-157.0,-157.0,-157.0,-157.0,-151.5,-151.5,-151.0,-151.0,-156.0,-150.5,-157.0,-157.0,-154.0,-157.0,-155.5,-157.0,-155.0,-155.0,-157.0,-157.0,-155.0,-157.0,-151.5,-153.5,-157.0,-156.0,-157.0,-157.0,-157.0,-156.5,-157.0,-157.0,-154.0,-155.0,-157.0,-155.0,-153.0,-155.5,-157.0,-156.0,-157.0,-157.0,-157.0,-157.0,-155.5,-157.0,-156.5,-157.0,-155.0,-157.0,-157.0,-157.0,-157.0,-155.0,-154.5,-156.0,-157.0,-157.0,-157.0,-152.0,-156.5,-152.5,-155.5,-157.0,-157.0,-157.0,-157.0,-156.0,-151.5,-157.0,-153.5,-156.5,-154.5,-154.5,-155.0,-154.0,-157.0,-152.5,-153.5,-157.0,-155.0,-157.0,-157.0,-154.0,-151.0,-153.5,-157.0,-156.5,-152.0,-156.0,-157.0,-151.0,-151.0,-157.0,-152.5,-157.0,-153.5,-156.0,-157.0,-153.0,-154.5,-149.5,-150.0,-151.5,-154.0,-157.0,-154.0,-154.0,-157.0,-156.0,-157.0,-152.0,-157.0,-154.0,-156.0,-155.5,-155.5,-153.0,-155.0,-157.0,-156.5,-157.0,-153.5,-154.5,-155.0,-154.5,-156.5,-151.5,-150.0,-157.0,-157.0,-157.0,-156.5,-157.0,-156.5,-157.0,-157.0,-152.5,-152.5,-153.5,-154.5,-156.0,-152.0,-149.5,-154.5,-152.5,-153.0,-154.0,-152.5,-157.0,-154.0,-153.5,-153.5,-157.0,-155.0,-155.0,-156.5,-154.0,-153.5,-154.5,-153.5,-157.0,-157.0,-156.5,-154.0,-149.0,-155.5,-157.0,-157.0,-154.5,-153.0,-152.0,-156.5,-152.5,-154.0,-156.5,-157.0,-156.5,-157.0,-157.0,-155.0,-157.0,-157.0,-157.0,-154.0,-152.5,-153.0,-157.0,-157.0,-156.0,-157.0,-155.0,-154.5,-151.5,-154.5,-157.0,-155.0,-155.5,-157.0,-155.5,-157.0,-157.0,-152.5,-157.0,-157.0,-157.0,-156.0,-157.0,-155.0,-157.0,-157.0,-157.0,-157.0,-157.0,-157.0,-157.0,-157.0,-157.0,-157.0,-157.0,-157.0,-153.5,-157.0,-157.0,-157.0,-157.0,-153.5,-156.0,-151.5,-150.5,-150.5,-154.0,-154.5,-157.0,-154.5,-157.0,-157.0,-151.0,-150.5,-157.0,-157.0,-154.5,-157.0,-153.0,-157.0,-153.0,-151.0,-154.5,-151.5,-153.0,-155.5,-155.0,-157.0,-157.0,-157.0,-155.5,-152.5,-153.0,-156.0,-157.0,-152.5,-154.0,-156.0,-157.0,-157.0,-157.0,-157.0,-155.5,-155.5,-157.0,-152.5,-157.0,-157.0,-150.5,-150.5,-150.5,-156.0,-155.5,-153.0,-154.0,-156.0,-157.0,-157.0,-156.5,-152.0,-153.0,-155.0,-155.0,-157.0,-157.0,-155.0,-151.0,-156.5,-157.0,-157.0,-157.0,-157.0,-157.0,-157.0,-157.0,-154.5,-157.0,-153.5,-155.0,-153.5,-155.5,-157.0,-157.0,-157.0,-157.0,-157.0,-157.0,-157.0,-157.0,-155.5,-157.0,-157.0,-155.5,-155.0,-155.5,-157.0,-157.0,-154.5,-154.5,-157.0,-153.0,-156.5,-156.5,-157.0,-157.0,-154.0,-152.0,-152.0,-157.0,-157.0,-157.0,-157.0,-154.0,-152.0,-157.0,-152.5,-157.0,-157.0,-156.5,-151.5,-149.5,-153.5,-157.0,-153.0,-152.5,-154.0,-152.0,-153.0,-157.0,-157.0,-157.0,-157.0,-157.0,-156.5,-157.0,-156.0,-157.0,-157.0,-154.5,-152.5,-156.5,-157.0,-157.0,-157.0,-156.0,-157.0,-157.0,-157.0,-157.0,-157.0,-154.0,-155.5,-155.5,-157.0,-157.0,-157.0
2026-01-17 14:13:40.899,143.049967,5,-77,-157.0,-157.0,-157.0,-157.0,-157.0,-157.0,-155.0,-155.0,-157.0,-155.0,-156.0,-157.0,-155.5,-153.5,-151.5,-155.0,-156.5,-157.0,-157.0,-154.0,-157.0,-157.0,-156.5,-153.5,-150.5,-156.0,-157.0,-157.0,-153.0,-149.5,-157.0,-150.5,-148.0,-157.0,-155.5,-154.5,-153.0,-157.0,-157.0,-157.0,-157.0,-154.5,-154.5,-154.0,-157.0,-152.0,-157.0,-157.0,-157.0,-151.5,-150.0,-150.5,-153.5,-154.5,-155.0,-153.5,-153.0,-154.0,-154.0,-152.0,-155.0,-157.0,-157.0,-157.0,-154.5,-153.0,-157.0,-157.0,-157.0,-157.0,-157.0,-156.5,-155.0,-154.5,-155.5,-156.5,-153.5,-157.0,-157.0,-157.0,-157.0,-154.5,-153.0,-152.0,-157.0,-157.0,-157.0,-156.0,-157.0,-157.0,-157.0,-150.5,-152.5,-157.0,-153.0,-153.5,-157.0,-157.0,-157.0,-155.0,-157.0,-150.5,-153.0,-150.0,-156.0,-155.5,-153.5,-157.0,-152.0,-154.0,-151.5,-153.0,-155.0,-155.0,-157.0,-157.0,-152.5,-157.0,-157.0,-153.5,-155.5,-157.0,-156.0,-153.5,-157.0,-154.0,-152.5,-155.5,-157.0,-157.0,-155.0,-156.0,-153.5,-155.0,-157.0,-157.0,-157.0,-157.0,-155.5,-157.0,-157.0,-157.0,-154.0,-157.0,-157.0,-157.0,-157.0,-157.0,-157.0,-153.5,-155.5,-157.0,-154.0,-150.5,-157.0,-151.5,-150.5,-157.0,-157.0,-157.0,-157.0,-156.5,-151.5,-157.0,-154.5,-157.0,-157.0,-157.0,-157.0,-153.5,-157.0,-151.5,-154.5,-157.0,-154.5,-155.5,-157.0,-153.5,-155.0,-157.0,-157.0,-157.0,-154.5,-154.5,-157.0,-154.5,-152.0,-157.0,-154.5,-154.5,-154.0,-155.0,-156.5,-155.0,-157.0,-151.0,-152.0,-157.0,-157.0,-157.0,-152.0,-156.0,-156.0,-157.0,-157.0,-155.0,-157.0,-154.0,-157.0,-157.0,-157.0,-157.0,-156.0,-157.0,-154.0,-154.0,-152.0,-153.5,-156.5,-157.0,-154.5,-153.5,-153.5,-157.0,-157.0,-153.5,-154.0,-157.0,-157.0,-157.0,-157.0,-153.5,-152.5,-152.5,-153.0,-157.0,-154.0,-154.5,-157.0,-153.5,-152.5,-156.5,-155.5,-153.5,-155.0,-151.0,-151.5,-157.0,-155.0,-151.0,-152.5,-155.0,-157.0,-157.0,-157.0,-154.5,-156.5,-154.5,-154.5,-148.0,-149.0,-157.0,-157.0,-153.0,-155.0,-157.0,-157.0,-153.0,-152.0,-155.5,-157.0,-157.0,-157.0,-157.0,-157.0,-157.0,-156.0,-157.0,-153.0,-151.5,-152.0,-157.0,-157.0,-157.0,-156.5,-157.0,-157.0,-151.0,-152.5,-157.0,-157.0,-154.5,-157.0,-157.0,-154.5,-154.5,-153.5,-157.0,-154.5,-156.0,-155.0,-157.0,-155.0,-154.5,-157.0,-157.0,-157.0,-157.0,-157.0,-153.0,-155.0,-157.0,-154.0,-157.0,-155.0,-153.5,-157.0,-157.0,-155.0,-156.0,-151.5,-155.5,-150.5,-154.0,-155.5,-154.5,-153.5,-156.5,-151.0,-157.0,-157.0,-154.0,-157.0,-157.0,-157.0,-152.0,-155.5,-155.0,-156.5,-157.0,-156.5,-157.0,-153.5,-152.0,-157.0,-157.0,-157.0,-156.5,-154.0,-152.0,-150.0,-157.0,-157.0,-157.0,-151.0,-156.5,-157.0,-157.0,-157.0,-157.0,-157.0,-152.5,-150.0,-153.5,-151.5,-154.0,-154.0,-153.0,-149.0,-148.5,-153.5,-155.0,-156.5,-157.0,-152.0,-154.5,-157.0,-152.5,-152.0,-154.5,-157.0,-157.0,-157.0,-157.0,-154.0,-151.5,-157.0,-157.0,-157.0,-155.5,-155.5,-157.0,-157.0,-157.0,-156.0,-157.0,-154.5,-149.5,-152.0,-156.5,-157.0,-157.0,-157.0,-157.0,-157.0,-157.0,-157.0,-157.0,-156.0,-157.0,-157.0,-152.0,-150.0,-150.5,-157.0,-157.0,-157.0,-157.0,-157.0,-151.5,-153.5,-157.0,-157.0,-155.0,-150.5,-151.5,-153.0,-157.0,-157.0,-157.0,-155.0,-154.5,-156.0,-157.0,-152.5,-157.0,-157.0,-157.0,-155.5,-150.5,-151.5,-155.5,-152.5,-153.5,-152.0,-152.0,-156.0,-157.0,-157.0,-157.0,-155.5,-157.0,-157.0,-154.5,-157.0,-156.0,-156.5,-155.5,-157.0,-155.0,-156.0,-157.0,-157.0,-157.0,-157.0,-157.0,-157.0,-156.5,-157.0,-153.0,-157.0,-155.0,-156.5,-156.5,-155.0
2026-01-17 14:13:40.930,143.049967,5,-77,-157.0,-157.0,-157.0,-157.0,-157.0,-156.5,-157.0,-156.0,-157.0,-155.0,-156.5,-157.0,-155.0,-153.5,-152.0,-152.0,-156.5,-157.0,-157.0,-155.5,-157.0,-156.0,-155.0,-155.5,-157.0,-157.0,-157.0,-157.0,-157.0,-152.0,-156.5,-150.0,-151.0,-157.0,-156.5,-157.0,-156.5,-157.0,-157.0,-157.0,-157.0,-157.0,-153.0,-157.0,-155.5,-152.0,-157.0,-157.0,-157.0,-155.0,-157.0,-153.5,-157.0,-155.5,-157.0,-157.0,-157.0,-153.0,-151.5,-153.5,-154.0,-156.5,-157.0,-157.0,-157.0,-154.5,-155.5,-157.0,-157.0,-157.0,-157.0,-154.0,-156.5,-157.0,-157.0,-157.0,-153.0,-153.0,-152.0,-157.0,-154.0,-152.5,-157.0,-157.0,-156.0,-154.0,-153.5,-157.0,-157.0,-157.0,-157.0,-151.5,-153.0,-157.0,-156.5,-150.5,-150.5,-155.5,-157.0,-156.5,-157.0,-151.5,-155.0,-151.0,-157.0,-154.5,-157.0,-152.5,-148.5,-152.5,-153.0,-157.0,-150.5,-151.5,-157.0,-157.0,-154.0,-156.5,-156.0,-151.0,-150.5,-154.0,-151.5,-152.0,-157.0,-156.0,-155.5,-157.0,-157.0,-157.0,-157.0,-154.0,-152.0,-157.0,-157.0,-157.0,-156.0,-156.5,-155.5,-157.0,-157.0,-155.5,-155.5,-157.0,-157.0,-157.0,-157.0,-157.0,-157.0,-156.0,-157.0,-157.0,-152.5,-151.5,-157.0,-150.5,-148.0,-154.0,-157.0,-157.0,-154.5,-157.0,-152.0,-157.0,-156.0,-157.0,-157.0,-157.0,-155.5,-153.5,-153.0,-153.0,-157.0,-157.0,-152.5,-152.0,-154.0,-153.5,-157.0,-157.0,-157.0,-153.5,-153.0,-154.0,-157.0,-157.0,-152.5,-157.0,-157.0,-156.0,-157.0,-151.5,-154.5,-156.0,-157.0,-157.0,-156.5,-157.0,-156.5,-154.5,-154.5,-157.0,-155.0,-157.0,-157.0,-155.5,-157.0,-157.0,-157.0,-157.0,-157.0,-156.5,-154.0,-157.0,-152.0,-157.0,-156.0,-156.0,-157.0,-154.0,-151.0,-157.0,-157.0,-152.5,-151.5,-150.5,-157.0,-156.5,-155.5,-156.0,-157.0,-157.0,-153.5,-155.5,-157.0,-157.0,-156.5,-153.5,-154.0,-154.5,-153.0,-157.0,-157.0,-151.0,-153.0,-149.0,-149.0,-157.0,-157.0,-156.0,-151.0,-156.5,-157.0,-157.0,-157.0,-152.5,-157.0,-153.0,-154.0,-152.5,-149.0,-152.5,-153.5,-153.5,-155.0,-157.0,-157.0,-153.5,-149.5,-151.5,-151.5,-157.0,-157.0,-157.0,-157.0,-157.0,-157.0,-154.0,-149.5,-150.5,-151.0,-155.0,-154.5,-157.0,-157.0,-157.0,-156.5,-155.5,-157.0,-157.0,-155.5,-155.5,-157.0,-157.0,-156.5,-154.5,-156.0,-156.5,-155.0,-153.0,-155.0,-157.0,-157.0,-156.5,-157.0,-157.0,-156.5,-157.0,-157.0,-152.0,-155.5,-157.0,-151.5,-154.5,-154.5,-154.5,-157.0,-157.0,-153.5,-156.0,-151.5,-153.0,-153.0,-153.0,-157.0,-157.0,-154.0,-153.5,-149.5,-153.5,-157.0,-157.0,-157.0,-157.0,-157.0,-154.0,-153.5,-157.0,-156.0,-156.0,-157.0,-157.0,-156.0,-151.5,-157.0,-157.0,-155.0,-156.0,-151.5,-151.5,-153.0,-157.0,-157.0,-157.0,-153.0,-155.0,-157.0,-157.0,-157.0,-157.0,-157.0,-153.0,-150.0,-157.0,-156.0,-154.5,-154.5,-157.0,-154.5,-149.5,-149.0,-154.0,-157.0,-157.0,-150.0,-151.0,-157.0,-155.5,-157.0,-157.0,-157.0,-157.0,-157.0,-157.0,-154.0,-153.5,-155.0,-155.5,-157.0,-157.0,-155.5,-156.5,-156.0,-157.0,-157.0,-157.0,-153.5,-149.5,-149.5,-157.0,-156.5,-154.0,-156.5,-157.0,-157.0,-157.0,-157.0,-155.5,-153.0,-157.0,-157.0,-154.0,-151.0,-150.0,-157.0,-157.0,-157.0,-157.0,-157.0,-155.0,-153.5,-156.5,-157.0,-154.5,-153.0,-151.5,-153.0,-154.5,-156.5,-157.0,-157.0,-157.0,-155.5,-156.5,-154.0,-156.5,-157.0,-155.5,-155.5,-156.5,-157.0,-157.0,-156.0,-157.0,-152.5,-154.5,-154.0,-157.0,-157.0,-157.0,-155.0,-156.5,-157.0,-154.5,-153.5,-154.5,-157.0,-157.0,-157.0,-157.0,-157.0,-157.0,-157.0,-157.0,-157.0,-157.0,-157.0,-157.0,-157.0,-155.0,-155.5,-155.0,-157.0,-155.5,-151.5
2026-01-17 14:13:40.966,143.049967,5,-77,-157.0,-157.0,-155.5,-157.0,-157.0,-157.0,-157.0,-157.0,-157.0,-157.0,-157.0,-157.0,-155.5,-154.5,-157.0,-151.5,-157.0,-157.0,-155.5,-157.0,-157.0,-157.0,-157.0,-157.0,-157.0,-157.0,-157.0,-157.0,-157.0,-156.5,-157.0,-156.0,-149.5,-149.0,-157.0,-157.0,-157.0,-157.0,-157.0,-155.5,-156.5,-152.5,-152.5,-154.5,-154.0,-155.5,-157.0,-157.0,-157.0,-157.0,-157.0,-153.0,-154.0,-153.0,-152.5,-155.0,-157.0,-157.0,-153.5,-154.5,-154.0,-156.0,-157.0,-157.0,-157.0,-157.0,-157.0,-157.0,-157.0,-157.0,-157.0,-153.0,-157.0,-157.0,-157.0,-157.0,-155.0,-152.0,-152.0,-157.0,-157.0,-153.0,-155.5,-157.0,-152.5,-151.5,-154.5,-157.0,-157.0,-155.0,-157.0,-155.5,-151.5,-157.0,-157.0,-152.0,-149.0,-152.0,-157.0,-156.5,-155.5,-151.0,-154.5,-150.0,-157.0,-154.5,-157.0,-153.0,-148.5,-155.0,-153.5,-156.5,-154.5,-153.5,-155.5,-157.0,-153.0,-152.5,-154.0,-153.0,-152.5,-151.5,-150.5,-153.5,-157.0,-157.0,-156.0,-157.0,-157.0,-152.5,-156.0,-149.0,-150.0,-157.0,-157.0,-157.0,-156.5,-157.0,-155.5,-155.0,-154.5,-155.0,-155.5,-153.5,-154.5,-157.0,-157.0,-157.0,-156.5,-156.5,-157.0,-152.5,-151.5,-155.5,-157.0,-155.0,-151.0,-156.5,-157.0,-152.0,-151.5,-154.0,-151.0,-157.0,-157.0,-157.0,-157.0,-157.0,-154.5,-157.0,-157.0,-157.0,-157.0,-156.5,-154.0,-152.0,-153.0,-157.0,-157.0,-157.0,-157.0,-152.0,-152.0,-154.5,-157.0,-156.5,-155.0,-157.0,-157.0,-156.0,-157.0,-149.0,-150.0,-155.0,-157.0,-157.0,-157.0,-157.0,-157.0,-156.0,-157.0,-157.0,-152.0,-156.5,-157.0,-157.0,-156.0,-157.0,-157.0,-157.0,-157.0,-157.0,-153.5,-153.0,-151.0,-153.5,-155.0,-157.0,-151.5,-150.0,-151.5,-157.0,-157.0,-149.0,-148.5,-150.5,-157.0,-156.5,-154.0,-152.5,-157.0,-157.0,-157.0,-157.0,-157.0,-157.0,-157.0,-153.5,-152.0,-157.0,-154.5,-157.0,-156.0,-149.5,-153.5,-149.5,-149.0,-154.5,-157.0,-157.0,-151.5,-157.0,-157.0,-157.0,-153.5,-155.0,-153.0,-152.5,-157.0,-155.5,-155.0,-157.0,-156.0,-156.5,-153.5,-155.5,-155.5,-150.5,-148.5,-150.5,-152.0,-157.0,-157.0,-157.0,-157.0,-157.0,-157.0,-154.0,-152.0,-157.0,-152.5,-155.5,-153.0,-157.0,-157.0,-156.0,-155.0,-157.0,-157.0,-153.0,-151.5,-157.0,-157.0,-156.5,-153.0,-152.0,-157.0,-155.5,-156.0,-156.5,-156.5,-153.5,-151.5,-154.5,-157.0,-157.0,-153.5,-156.5,-157.0,-154.5,-157.0,-157.0,-153.5,-154.5,-157.0,-157.0,-157.0,-157.0,-156.5,-157.0,-155.0,-157.0,-154.5,-153.5,-157.0,-157.0,-157.0,-152.5,-150.5,-154.0,-155.0,-157.0,-157.0,-157.0,-157.0,-157.0,-154.0,-157.0,-155.0,-151.5,-157.0,-157.0,-156.5,-149.5,-151.0,-157.0,-156.5,-157.0,-156.5,-157.0,-157.0,-157.0,-157.0,-157.0,-157.0,-153.5,-156.5,-156.5,-154.5,-155.0,-157.0,-154.0,-153.5,-157.0,-157.0,-157.0,-157.0,-157.0,-154.5,-149.5,-150.5,-157.0,-157.0,-157.0,-153.5,-157.0,-157.0,-157.0,-157.0,-157.0,-157.0,-157.0,-157.0,-157.0,-157.0,-157.0,-157.0,-155.5,-157.0,-157.0,-153.0,-151.5,-157.0,-157.0,-157.0,-153.0,-152.5,-153.5,-151.5,-157.0,-157.0,-153.0,-154.0,-157.0,-157.0,-155.5,-157.0,-155.5,-153.0,-157.0,-157.0,-157.0,-154.0,-152.5,-157.0,-157.0,-153.0,-156.0,-152.5,-154.5,-154.5,-153.0,-157.0,-157.0,-157.0,-153.0,-157.0,-157.0,-157.0,-156.5,-157.0,-157.0,-157.0,-155.5,-156.0,-157.0,-157.0,-153.0,-155.0,-157.0,-157.0,-157.0,-157.0,-157.0,-155.5,-155.0,-151.0,-157.0,-157.0,-156.5,-156.5,-155.0,-153.5,-157.0,-153.5,-153.0,-157.0,-157.0,-157.0,-157.0,-156.0,-157.0,-157.0,-157.0,-157.0,-157.0,-157.0,-157.0,-157.0,-157.0,-156.5,-156.5,-156.0,-154.5,-152.5
2026-01-17 14:13:41.000,143.049967,5,-77,-157.0,-157.0,-157.0,-157.0,-157.0,-157.0,-157.0,-157.0,-153.5,-157.0,-156.5,-157.0,-157.0,-156.0,-154.0,-152.5,-152.5,-157.0,-157.0,-157.0,-157.0,-157.0,-157.0,-157.0,-156.0,-153.0,-153.0,-154.0,-157.0,-156.5,-157.0,-157.0,-147.5,-147.5,-151.0,-157.0,-157.0,-157.0,-155.5,-155.0,-154.0,-148.5,-154.0,-156.0,-157.0,-157.0,-157.0,-157.0,-157.0,-157.0,-157.0,-155.0,-156.5,-153.5,-151.5,-156.5,-156.0,-157.0,-152.5,-154.0,-157.0,-157.0,-157.0,-156.5,-157.0,-157.0,-157.0,-157.0,-157.0,-157.0,-157.0,-153.5,-157.0,-157.0,-156.0,-153.0,-154.0,-156.5,-157.0,-151.0,-152.5,-157.0,-157.0,-155.0,-152.0,-153.5,-156.5,-157.0,-157.0,-152.5,-154.0,-152.0,-150.5,-157.0,-157.0,-157.0,-153.5,-154.5,-157.0,-157.0,-153.5,-153.0,-154.0,-150.5,-157.0,-155.0,-157.0,-157.0,-151.0,-151.5,-153.5,-157.0,-157.0,-157.0,-157.0,-157.0,-157.0,-157.0,-157.0,-157.0,-157.0,-155.0,-151.5,-153.0,-155.5,-155.5,-156.5,-157.0,-157.0,-149.5,-155.5,-150.5,-152.5,-157.0,-156.0,-157.0,-157.0,-155.0,-151.5,-155.0,-157.0,-157.0,-152.5,-149.5,-152.0,-157.0,-157.0,-157.0,-156.5,-157.0,-157.0,-155.0,-154.0,-154.0,-156.0,-157.0,-157.0,-157.0,-157.0,-153.0,-151.5,-153.0,-154.5,-157.0,-157.0,-157.0,-157.0,-157.0,-156.5,-157.0,-157.0,-157.0,-157.0,-154.5,-153.0,-153.5,-154.0,-157.0,-157.0,-157.0,-153.0,-150.0,-152.5,-157.0,-157.0,-157.0,-157.0,-157.0,-157.0,-153.5,-155.0,-149.0,-149.5,-157.0,-157.0,-157.0,-156.5,-157.0,-157.0,-157.0,-157.0,-153.0,-150.5,-153.0,-157.0,-157.0,-157.0,-157.0,-157.0,-157.0,-157.0,-157.0,-157.0,-155.5,-151.5,-151.0,-153.0,-152.5,-151.0,-150.5,-157.0,-157.0,-156.5,-152.5,-154.0,-153.5,-152.5,-153.0,-156.0,-150.5,-157.0,-157.0,-157.0,-156.5,-157.0,-153.0,-153.5,-157.0,-151.5,-157.0,-156.0,-157.0,-151.0,-149.5,-152.0,-155.5,-155.0,-156.5,-156.5,-156.0,-153.5,-156.5,-156.0,-153.5,-151.0,-157.0,-152.5,-155.0,-155.0,-157.0,-157.0,-157.0,-157.0,-154.5,-157.0,-156.5,-155.5,-154.5,-154.0,-157.0,-157.0,-157.0,-157.0,-157.0,-157.0,-157.0,-157.0,-157.0,-157.0,-157.0,-153.5,-157.0,-153.0,-154.5,-157.0,-154.0,-156.0,-157.0,-157.0,-154.5,-153.0,-157.0,-155.5,-154.0,-150.5,-150.0,-156.5,-157.0,-152.5,-157.0,-157.0,-155.5,-152.5,-153.5,-152.0,-155.5,-152.0,-157.0,-157.0,-154.0,-155.5,-155.5,-157.0,-155.0,-156.5,-157.0,-157.0,-157.0,-157.0,-157.0,-157.0,-155.0,-155.5,-155.5,-154.0,-157.0,-157.0,-156.5,-153.5,-152.0,-152.0,-157.0,-157.0,-157.0,-153.5,-155.5,-156.0,-157.0,-155.0,-154.0,-153.5,-154.0,-155.5,-152.0,-154.0,-157.0,-157.0,-157.0,-157.0,-157.0,-157.0,-157.0,-157.0,-156.5,-157.0,-153.5,-156.0,-157.0,-156.5,-155.0,-157.0,-154.5,-157.0,-157.0,-155.5,-154.0,-157.0,-157.0,-155.0,-153.0,-155.0,-157.0,-157.0,-157.0,-156.0,-157.0,-154.5,-155.0,-156.0,-157.0,-157.0,-157.0,-157.0,-157.0,-157.0,-157.0,-157.0,-157.0,-157.0,-157.0,-153.5,-151.5,-157.0,-157.0,-156.0,-154.5,-155.5,-157.0,-157.0,-157.0,-157.0,-157.0,-157.0,-157.0,-157.0,-152.0,-157.0,-156.5,-155.5,-153.5,-155.5,-156.5,-154.5,-154.0,-157.0,-155.5,-151.5,-155.5,-155.0,-153.5,-152.5,-150.5,-157.0,-157.0,-157.0,-154.0,-156.5,-157.0,-157.0,-157.0,-157.0,-157.0,-157.0,-157.0,-157.0,-157.0,-157.0,-153.0,-152.0,-157.0,-157.0,-157.0,-156.0,-157.0,-156.5,-150.5,-149.5,-157.0,-157.0,-157.0,-157.0,-154.5,-153.5,-154.5,-155.0,-152.0,-153.0,-152.5,-157.0,-153.5,-154.0,-157.0,-157.0,-157.0,-157.0,-157.0,-157.0,-157.0,-157.0,-157.0,-157.0,-156.0,-152.5,-154.5,-157.0
2026-01-17 14:13:41.031,143.049967,5,-77,-157.0,-157.0,-154.5,-157.0,-157.0,-157.0,-157.0,-153.5,-152.0,-157.0,-155.5,-157.0,-157.0,-151.5,-151.5,-155.0,-155.0,-157.0,-157.0,-157.0,-157.0,-153.0,-152.5,-155.0,-154.0,-157.0,-149.5,-151.5,-157.0,-156.0,-157.0,-157.0,-152.0,-153.5,-151.5,-155.0,-157.0,-157.0,-157.0,-157.0,-153.5,-149.0,-154.5,-157.0,-157.0,-153.5,-157.0,-157.0,-156.5,-153.0,-153.5,-157.0,-156.5,-155.5,-152.5,-151.0,-151.5,-153.5,-155.5,-157.0,-157.0,-157.0,-157.0,-155.5,-152.5,-153.0,-154.0,-157.0,-156.5,-157.0,-157.0,-155.0,-155.5,-157.0,-157.0,-155.0,-154.0,-157.0,-157.0,-151.5,-151.0,-157.0,-157.0,-154.5,-153.5,-154.5,-154.5,-157.0,-157.0,-153.0,-157.0,-155.0,-153.5,-156.5,-157.0,-157.0,-157.0,-157.0,-157.0,-157.0,-157.0,-157.0,-157.0,-153.0,-156.0,-155.0,-155.5,-156.0,-157.0,-157.0,-157.0,-157.0,-157.0,-157.0,-157.0,-156.0,-156.0,-157.0,-157.0,-157.0,-157.0,-151.5,-150.0,-150.5,-152.5,-153.5,-156.0,-157.0,-157.0,-150.0,-157.0,-157.0,-155.5,-157.0,-156.5,-157.0,-157.0,-150.5,-149.0,-157.0,-157.0,-157.0,-157.0,-150.0,-153.0,-157.0,-157.0,-157.0,-157.0,-157.0,-157.0,-156.0,-157.0,-155.0,-153.0,-153.0,-157.0,-156.0,-156.5,-157.0,-154.0,-154.0,-157.0,-156.0,-157.0,-155.0,-154.0,-157.0,-155.0,-157.0,-153.0,-151.5,-154.5,-155.5,-151.0,-153.5,-157.0,-157.0,-157.0,-157.0,-151.5,-151.0,-153.5,-152.5,-157.0,-157.0,-157.0,-157.0,-157.0,-151.5,-149.5,-154.5,-155.0,-157.0,-156.0,-157.0,-157.0,-157.0,-157.0,-156.5,-157.0,-155.0,-153.5,-156.5,-157.0,-157.0,-157.0,-157.0,-157.0,-157.0,-157.0,-157.0,-157.0,-157.0,-152.0,-155.0,-157.0,-152.5,-157.0,-154.5,-157.0,-157.0,-156.5,-155.5,-157.0,-157.0,-154.5,-153.5,-151.5,-150.0,-155.0,-157.0,-156.0,-157.0,-156.0,-153.5,-155.0,-157.0,-151.5,-155.5,-157.0,-157.0,-150.5,-153.0,-153.5,-157.0,-157.0,-157.0,-153.0,-151.0,-157.0,-157.0,-157.0,-153.0,-152.5,-157.0,-156.0,-152.0,-153.0,-157.0,-155.0,-157.0,-157.0,-156.5,-155.5,-154.5,-155.0,-156.0,-157.0,-157.0,-157.0,-157.0,-157.0,-157.0,-157.0,-157.0,-157.0,-157.0,-157.0,-157.0,-155.0,-157.0,-156.0,-152.0,-155.0,-152.5,-157.0,-157.0,-156.0,-156.5,-157.0,-157.0,-154.5,-152.0,-152.5,-153.0,-152.0,-153.0,-150.5,-151.5,-157.0,-157.0,-156.5,-157.0,-151.5,-154.0,-154.0,-155.0,-157.0,-151.5,-150.5,-153.0,-157.0,-155.5,-157.0,-156.0,-157.0,-157.0,-157.0,-157.0,-155.0,-155.5,-157.0,-157.0,-156.5,-157.0,-157.0,-157.0,-154.5,-154.5,-156.0,-157.0,-157.0,-157.0,-154.0,-157.0,-157.0,-157.0,-154.5,-157.0,-151.5,-151.5,-157.0,-156.0,-157.0,-157.0,-157.0,-157.0,-157.0,-157.0,-157.0,-155.0,-157.0,-151.5,-153.0,-157.0,-157.0,-157.0,-157.0,-154.5,-152.0,-154.0,-157.0,-157.0,-157.0,-155.5,-157.0,-155.5,-157.0,-157.0,-157.0,-157.0,-157.0,-157.0,-157.0,-157.0,-154.0,-157.0,-152.0,-152.5,-153.5,-155.0,-157.0,-157.0,-157.0,-157.0,-155.0,-157.0,-157.0,-153.5,-156.5,-154.5,-157.0,-152.0,-149.5,-157.0,-157.0,-157.0,-157.0,-152.5,-154.0,-157.0,-157.0,-157.0,-157.0,-149.0,-150.0,-156.0,-157.0,-153.5,-153.5,-154.0,-157.0,-155.5,-157.0,-157.0,-155.0,-153.5,-157.0,-157.0,-157.0,-151.5,-154.5,-157.0,-157.0,-156.0,-154.5,-157.0,-157.0,-157.0,-156.0,-157.0,-156.5,-156.0,-157.0,-157.0,-157.0,-153.0,-154.0,-157.0,-157.0,-157.0,-154.5,-156.0,-157.0,-149.5,-152.0,-157.0,-157.0,-157.0,-154.5,-153.0,-154.5,-151.5,-154.0,-153.0,-157.0,-153.0,-155.5,-153.0,-155.0,-155.0,-157.0,-157.0,-156.5,-157.0,-157.0,-157.0,-157.0,-156.5,-155.0,-155.0,-155.5,-157.0,-157.0
2026-01-17 14:13:41.066,143.049967,5,-77,-157.0,-157.0,-152.0,-156.5,-154.5,-155.5,-153.0,-150.5,-154.5,-157.0,-157.0,-156.5,-157.0,-154.0,-154.0,-156.0,-157.0,-157.0,-157.0,-155.5,-157.0,-153.5,-153.0,-155.0,-157.0,-157.0,-152.0,-153.0,-154.5,-157.0,-157.0,-157.0,-157.0,-157.0,-154.5,-157.0,-157.0,-157.0,-157.0,-157.0,-157.0,-151.0,-153.5,-157.0,-155.0,-152.0,-157.0,-157.0,-157.0,-157.0,-157.0,-157.0,-157.0,-157.0,-157.0,-151.5,-154.5,-157.0,-156.0,-156.5,-157.0,-157.0,-157.0,-152.5,-149.0,-151.5,-152.0,-152.5,-153.0,-154.0,-156.5,-157.0,-157.0,-157.0,-156.5,-156.0,-154.0,-155.0,-157.0,-157.0,-153.5,-153.0,-155.5,-155.0,-156.5,-155.0,-153.0,-157.0,-155.5,-153.0,-157.0,-157.0,-157.0,-157.0,-157.0,-157.0,-156.5,-154.0,-153.0,-157.0,-157.0,-157.0,-154.5,-157.0,-157.0,-153.5,-151.5,-153.5,-157.0,-157.0,-156.5,-157.0,-157.0,-157.0,-157.0,-156.0,-157.0,-157.0,-157.0,-157.0,-157.0,-151.0,-151.5,-151.5,-155.0,-155.5,-154.0,-157.0,-157.0,-151.0,-151.5,-157.0,-155.0,-157.0,-157.0,-157.0,-156.5,-149.5,-150.0,-155.0,-156.5,-157.0,-157.0,-153.5,-154.0,-157.0,-157.0,-157.0,-157.0,-157.0,-154.5,-157.0,-157.0,-157.0,-152.5,-152.0,-155.0,-155.0,-157.0,-153.5,-152.5,-151.5,-154.5,-155.0,-157.0,-155.5,-151.0,-154.5,-154.5,-157.0,-157.0,-151.5,-156.0,-154.0,-154.5,-153.5,-157.0,-157.0,-156.5,-155.0,-157.0,-152.0,-156.5,-150.5,-151.5,-157.0,-155.0,-155.5,-157.0,-150.5,-150.5,-157.0,-157.0,-157.0,-155.0,-157.0,-157.0,-157.0,-157.0,-153.0,-157.0,-155.0,-157.0,-157.0,-157.0,-157.0,-156.0,-156.5,-157.0,-157.0,-157.0,-157.0,-157.0,-157.0,-150.0,-151.5,-157.0,-153.0,-153.0,-157.0,-157.0,-157.0,-157.0,-156.0,-156.0,-157.0,-155.5,-155.0,-153.0,-153.0,-157.0,-156.5,-155.0,-156.5,-157.0,-157.0,-157.0,-156.0,-152.0,-154.0,-154.5,-157.0,-151.0,-150.0,-153.5,-157.0,-157.0,-157.0,-156.5,-153.0,-157.0,-157.0,-157.0,-156.0,-157.0,-154.5,-157.0,-152.5,-155.5,-157.0,-153.0,-154.5,-154.5,-157.0,-152.5,-152.0,-157.0,-152.0,-153.0,-157.0,-157.0,-157.0,-157.0,-156.0,-152.0,-151.5,-156.5,-156.0,-157.0,-156.0,-155.0,-157.0,-157.0,-151.5,-150.5,-151.0,-156.0,-154.0,-151.5,-153.5,-157.0,-157.0,-157.0,-149.0,-149.0,-154.5,-151.5,-155.0,-153.5,-150.5,-157.0,-157.0,-157.0,-157.0,-150.0,-150.5,-157.0,-155.5,-153.5,-157.0,-150.5,-157.0,-157.0,-157.0,-157.0,-156.5,-157.0,-157.0,-157.0,-155.0,-155.0,-157.0,-157.0,-157.0,-157.0,-157.0,-155.0,-157.0,-157.0,-157.0,-157.0,-154.5,-157.0,-157.0,-157.0,-157.0,-156.5,-153.0,-154.5,-156.5,-156.5,-155.5,-157.0,-157.0,-157.0,-157.0,-156.0,-157.0,-157.0,-157.0,-157.0,-155.0,-155.5,-149.5,-151.5,-157.0,-157.0,-154.5,-155.5,-157.0,-154.5,-157.0,-157.0,-157.0,-157.0,-155.5,-157.0,-156.5,-157.0,-157.0,-157.0,-157.0,-156.0,-151.5,-153.5,-157.0,-154.5,-153.0,-154.0,-150.5,-153.0,-153.0,-154.0,-157.0,-152.5,-152.0,-157.0,-157.0,-157.0,-152.5,-151.5,-155.5,-155.0,-150.5,-147.5,-151.0,-152.5,-157.0,-157.0,-151.5,-154.0,-157.0,-157.0,-156.5,-154.5,-149.5,-147.5,-156.5,-157.0,-156.0,-156.0,-156.5,-156.0,-157.0,-156.0,-155.5,-157.0,-157.0,-157.0,-157.0,-157.0,-156.5,-156.5,-157.0,-157.0,-157.0,-157.0,-157.0,-155.5,-157.0,-156.0,-153.5,-154.0,-154.5,-157.0,-157.0,-156.5,-154.5,-157.0,-157.0,-157.0,-157.0,-156.5,-157.0,-157.0,-151.5,-157.0,-157.0,-157.0,-156.5,-157.0,-152.5,-157.0,-154.5,-154.5,-152.5,-153.5,-157.0,-157.0,-153.5,-150.0,-149.5,-157.0,-157.0,-157.0,-157.0,-157.0,-156.0,-155.0,-153.5,-155.0,-155.5,-155.5,-157.0,-157.0
2026-01-17 14:13:41.102,143.049967,5,-77,-157.0,-157.0,-155.0,-157.0,-157.0,-154.5,-154.0,-154.0,-151.5,-154.0,-157.0,-155.5,-155.5,-157.0,-157.0,-157.0,-157.0,-157.0,-152.5,-153.0,-157.0,-156.0,-154.0,-157.0,-157.0,-157.0,-152.0,-150.5,-154.5,-157.0,-157.0,-157.0,-157.0,-157.0,-157.0,-156.5,-156.0,-154.0,-157.0,-157.0,-157.0,-156.5,-154.5,-157.0,-157.0,-154.0,-156.5,-155.0,-157.0,-157.0,-157.0,-155.0,-157.0,-157.0,-157.0,-154.5,-157.0,-157.0,-155.0,-154.0,-157.0,-157.0,-157.0,-150.5,-150.5,-152.5,-155.0,-151.0,-151.0,-150.0,-150.5,-155.5,-154.0,-157.0,-150.5,-152.5,-154.0,-155.0,-152.5,-157.0,-157.0,-157.0,-155.0,-151.5,-154.0,-157.0,-152.5,-154.5,-154.5,-156.5,-157.0,-157.0,-155.5,-157.0,-157.0,-157.0,-155.5,-154.0,-155.5,-156.5,-157.0,-156.0,-155.5,-157.0,-157.0,-151.5,-150.5,-157.0,-157.0,-157.0,-156.5,-154.0,-154.5,-156.0,-157.0,-154.0,-154.0,-157.0,-155.5,-157.0,-155.0,-152.0,-155.5,-153.5,-157.0,-157.0,-154.0,-157.0,-157.0,-155.5,-153.0,-157.0,-152.0,-153.0,-157.0,-157.0,-157.0,-152.5,-155.5,-156.0,-156.5,-157.0,-157.0,-157.0,-157.0,-157.0,-157.0,-157.0,-157.0,-157.0,-154.5,-155.5,-155.0,-157.0,-155.5,-157.0,-156.5,-157.0,-157.0,-151.5,-154.0,-152.0,-152.0,-157.0,-157.0,-157.0,-153.0,-151.5,-154.5,-154.5,-157.0,-152.0,-155.0,-154.5,-157.0,-153.0,-153.5,-157.0,-156.0,-157.0,-157.0,-150.5,-153.5,-152.0,-155.5,-154.5,-153.0,-157.0,-152.0,-151.0,-156.5,-155.5,-157.0,-157.0,-153.5,-157.0,-157.0,-157.0,-157.0,-153.0,-157.0,-153.5,-153.0,-153.0,-157.0,-157.0,-157.0,-157.0,-157.0,-154.5,-156.0,-157.0,-156.0,-154.5,-151.5,-148.5,-157.0,-155.5,-152.0,-157.0,-157.0,-157.0,-157.0,-157.0,-157.0,-157.0,-152.5,-153.5,-157.0,-154.0,-156.5,-153.5,-155.0,-157.0,-157.0,-157.0,-157.0,-152.0,-150.5,-155.0,-155.0,-157.0,-153.5,-151.5,-154.5,-157.0,-157.0,-157.0,-157.0,-157.0,-157.0,-157.0,-157.0,-154.5,-156.5,-153.5,-154.0,-157.0,-157.0,-157.0,-151.0,-157.0,-152.0,-157.0,-154.5,-156.0,-154.5,-153.5,-149.5,-150.5,-156.0,-157.0,-157.0,-156.0,-153.0,-153.5,-155.0,-153.5,-156.0,-151.5,-152.0,-157.0,-157.0,-155.0,-152.0,-154.0,-155.5,-154.5,-154.0,-156.5,-157.0,-156.5,-156.5,-149.5,-149.0,-157.0,-155.5,-155.5,-155.0,-154.5,-157.0,-157.0,-157.0,-157.0,-155.5,-152.5,-156.5,-157.0,-156.5,-157.0,-151.0,-153.0,-157.0,-157.0,-157.0,-156.0,-157.0,-157.0,-157.0,-156.5,-157.0,-156.5,-157.0,-157.0,-157.0,-155.5,-151.5,-154.0,-157.0,-157.0,-157.0,-154.5,-157.0,-154.5,-157.0,-157.0,-157.0,-153.0,-157.0,-157.0,-157.0,-157.0,-157.0,-157.0,-157.0,-157.0,-155.0,-154.5,-157.0,-157.0,-157.0,-157.0,-153.5,-152.0,-155.5,-157.0,-155.0,-153.5,-154.5,-157.0,-157.0,-157.0,-157.0,-153.5,-151.5,-152.0,-157.0,-155.5,-156.5,-157.0,-157.0,-157.0,-155.0,-151.5,-155.5,-157.0,-156.0,-153.5,-157.0,-155.0,-155.0,-152.5,-151.5,-156.5,-150.0,-150.5,-157.0,-157.0,-157.0,-154.5,-150.5,-150.0,-150.5,-155.5,-152.0,-153.5,-152.0,-156.5,-157.0,-155.0,-155.5,-156.0,-155.5,-157.0,-154.5,-153.5,-151.0,-157.0,-157.0,-153.5,-154.0,-157.0,-151.0,-157.0,-156.0,-155.5,-157.0,-157.0,-157.0,-157.0,-157.0,-157.0,-157.0,-157.0,-157.0,-155.0,-157.0,-157.0,-156.5,-157.0,-157.0,-157.0,-154.5,-150.5,-153.0,-154.0,-156.0,-157.0,-157.0,-155.5,-157.0,-157.0,-157.0,-157.0,-157.0,-152.0,-157.0,-157.0,-157.0,-155.5,-157.0,-153.5,-156.0,-157.0,-152.5,-151.5,-155.0,-154.0,-155.5,-157.0,-148.0,-148.0,-157.0,-157.0,-157.0,-157.0,-157.0,-155.5,-154.0,-157.0,-157.0,-157.0,-152.5,-153.0,-157.0
2026-01-17 14:13:41.130,143.049967,5,-77,-157.0,-157.0,-157.0,-157.0,-157.0,-155.0,-154.5,-156.0,-149.0,-153.0,-157.0,-157.0,-157.0,-156.5,-153.0,-155.5,-157.0,-153.0,-151.0,-153.0,-157.0,-156.5,-154.0,-157.0,-157.0,-156.5,-153.0,-150.0,-157.0,-157.0,-157.0,-157.0,-157.0,-155.0,-157.0,-157.0,-152.5,-153.5,-154.0,-156.5,-157.0,-157.0,-157.0,-156.0,-154.0,-157.0,-154.0,-154.5,-157.0,-157.0,-157.0,-152.5,-153.5,-152.5,-157.0,-154.0,-154.0,-157.0,-153.5,-153.5,-156.0,-157.0,-157.0,-155.5,-156.0,-155.5,-157.0,-153.5,-156.0,-153.0,-153.5,-153.0,-151.0,-150.5,-149.0,-152.5,-156.0,-157.0,-149.0,-151.5,-155.0,-154.5,-152.0,-151.5,-154.5,-157.0,-154.5,-154.0,-154.5,-157.0,-157.0,-156.5,-157.0,-157.0,-154.0,-153.0,-152.0,-153.5,-157.0,-157.0,-157.0,-157.0,-157.0,-157.0,-157.0,-152.0,-151.0,-157.0,-157.0,-157.0,-157.0,-153.5,-151.5,-150.5,-155.5,-153.0,-157.0,-157.0,-155.0,-157.0,-154.5,-156.5,-154.5,-155.5,-156.0,-157.0,-155.0,-153.0,-157.0,-157.0,-155.0,-157.0,-154.0,-155.0,-157.0,-157.0,-156.5,-152.5,-155.0,-156.0,-154.5,-156.5,-157.0,-157.0,-157.0,-157.0,-157.0,-156.0,-155.5,-155.5,-157.0,-151.5,-153.0,-157.0,-157.0,-157.0,-157.0,-157.0,-157.0,-155.5,-155.5,-156.0,-155.0,-157.0,-157.0,-156.5,-157.0,-153.5,-153.0,-152.0,-157.0,-153.5,-155.5,-157.0,-157.0,-157.0,-156.0,-157.0,-153.5,-155.5,-155.0,-152.5,-153.5,-153.0,-157.0,-157.0,-154.0,-153.5,-151.5,-152.0,-157.0,-155.5,-157.0,-157.0,-153.5,-157.0,-157.0,-157.0,-157.0,-153.0,-157.0,-153.0,-153.5,-153.0,-157.0,-157.0,-157.0,-155.5,-155.5,-155.0,-157.0,-156.0,-157.0,-152.0,-155.5,-150.0,-155.5,-157.0,-153.5,-157.0,-157.0,-156.0,-157.0,-157.0,-157.0,-157.0,-154.5,-155.5,-153.0,-153.5,-155.0,-157.0,-157.0,-157.0,-157.0,-157.0,-157.0,-149.0,-148.0,-157.0,-157.0,-157.0,-157.0,-157.0,-157.0,-157.0,-155.0,-157.0,-157.0,-157.0,-157.0,-155.0,-155.0,-153.5,-153.0,-156.0,-152.5,-155.0,-157.0,-157.0,-150.0,-151.5,-152.5,-157.0,-154.5,-154.5,-152.0,-155.5,-148.5,-151.0,-157.0,-157.0,-155.0,-157.0,-154.0,-157.0,-157.0,-152.0,-151.5,-152.5,-154.0,-155.0,-155.5,-155.0,-154.0,-156.0,-157.0,-157.0,-156.5,-153.0,-157.0,-154.0,-157.0,-156.5,-154.5,-157.0,-157.0,-157.0,-154.5,-157.0,-157.0,-157.0,-154.0,-157.0,-157.0,-157.0,-157.0,-157.0,-157.0,-157.0,-152.5,-152.5,-157.0,-157.0,-157.0,-157.0,-157.0,-157.0,-156.5,-157.0,-157.0,-156.5,-157.0,-157.0,-157.0,-155.0,-154.0,-151.0,-151.5,-157.0,-157.0,-153.5,-155.0,-155.5,-156.0,-157.0,-157.0,-153.5,-157.0,-154.0,-155.0,-154.0,-157.0,-157.0,-157.0,-157.0,-155.0,-157.0,-153.0,-155.0,-157.0,-157.0,-157.0,-157.0,-157.0,-157.0,-157.0,-157.0,-157.0,-156.0,-152.0,-154.0,-153.0,-156.0,-152.0,-152.0,-157.0,-157.0,-153.0,-156.5,-157.0,-157.0,-157.0,-154.5,-157.0,-157.0,-157.0,-157.0,-157.0,-157.0,-155.0,-153.0,-154.5,-157.0,-154.5,-152.0,-157.0,-157.0,-157.0,-156.5,-157.0,-148.5,-150.5,-157.0,-154.0,-151.5,-152.5,-155.0,-153.5,-157.0,-157.0,-156.5,-157.0,-157.0,-154.5,-156.0,-157.0,-157.0,-157.0,-155.5,-155.5,-153.0,-152.0,-157.0,-157.0,-155.5,-155.5,-156.0,-157.0,-157.0,-152.5,-156.0,-156.5,-157.0,-157.0,-154.5,-157.0,-157.0,-157.0,-157.0,-157.0,-157.0,-150.5,-149.0,-151.0,-151.5,-154.0,-157.0,-154.5,-152.5,-157.0,-157.0,-157.0,-157.0,-157.0,-152.0,-157.0,-157.0,-157.0,-157.0,-157.0,-155.5,-153.5,-157.0,-151.5,-150.5,-155.0,-155.5,-157.0,-157.0,-150.5,-151.0,-157.0,-157.0,-156.5,-157.0,-157.0,-157.0,-157.0,-157.0,-155.5,-157.0,-153.0,-153.0,-154.0
2026-01-17 14:13:41.166,143.049967,5,-77,-157.0,-157.0,-157.0,-157.0,-157.0,-157.0,-155.0,-155.0,-150.5,-153.0,-157.0,-157.0,-157.0,-153.5,-152.5,-157.0,-157.0,-152.5,-150.5,-151.0,-156.0,-157.0,-154.5,-157.0,-157.0,-154.5,-156.0,-153.0,-157.0,-157.0,-151.0,-150.5,-155.0,-153.5,-153.5,-155.5,-156.0,-157.0,-151.0,-154.0,-157.0,-157.0,-157.0,-157.0,-153.5,-157.0,-157.0,-157.0,-155.0,-153.5,-155.5,-152.0,-154.5,-154.5,-156.5,-154.0,-150.0,-157.0,-156.5,-157.0,-157.0,-157.0,-154.5,-157.0,-157.0,-157.0,-157.0,-155.5,-157.0,-157.0,-157.0,-152.5,-148.5,-148.0,-153.0,-152.5,-154.5,-157.0,-150.0,-149.5,-155.5,-154.0,-154.5,-156.0,-153.5,-155.5,-157.0,-157.0,-155.5,-157.0,-157.0,-155.0,-157.0,-157.0,-157.0,-155.5,-154.5,-154.0,-156.5,-157.0,-157.0,-157.0,-157.0,-157.0,-157.0,-155.0,-153.0,-157.0,-157.0,-157.0,-155.5,-155.5,-155.0,-150.0,-152.5,-153.0,-157.0,-157.0,-156.0,-157.0,-157.0,-155.0,-152.5,-156.0,-157.0,-157.0,-156.0,-155.0,-157.0,-157.0,-153.0,-155.0,-157.0,-157.0,-157.0,-157.0,-157.0,-155.5,-153.5,-155.5,-157.0,-157.0,-155.5,-157.0,-157.0,-156.0,-157.0,-155.0,-156.5,-157.0,-157.0,-153.0,-152.5,-157.0,-156.5,-157.0,-157.0,-157.0,-157.0,-157.0,-151.5,-151.0,-155.5,-154.5,-157.0,-154.0,-154.5,-152.0,-153.5,-153.0,-152.0,-157.0,-157.0,-157.0,-157.0,-157.0,-157.0,-157.0,-152.0,-154.5,-154.0,-157.0,-156.5,-152.5,-155.0,-157.0,-157.0,-155.5,-155.0,-157.0,-154.0,-154.5,-157.0,-157.0,-153.5,-157.0,-157.0,-155.0,-157.0,-154.0,-155.0,-155.5,-156.0,-155.5,-157.0,-157.0,-157.0,-153.5,-153.5,-154.5,-154.5,-152.5,-154.5,-151.5,-155.5,-153.0,-156.5,-157.0,-156.0,-157.0,-156.0,-151.5,-154.5,-156.5,-156.5,-157.0,-157.0,-156.0,-151.0,-157.0,-157.0,-157.0,-157.0,-157.0,-156.5,-157.0,-155.0,-153.0,-151.5,-156.0,-157.0,-155.0,-155.5,-157.0,-157.0,-154.0,-153.0,-157.0,-157.0,-157.0,-151.5,-157.0,-148.5,-152.5,-150.5,-157.0,-151.5,-150.0,-157.0,-153.0,-151.0,-153.5,-156.5,-156.0,-157.0,-153.5,-154.5,-157.0,-149.0,-151.0,-157.0,-157.0,-156.5,-157.0,-151.5,-154.0,-157.0,-154.0,-156.0,-157.0,-157.0,-157.0,-153.5,-152.5,-154.5,-156.0,-157.0,-157.0,-156.5,-150.5,-157.0,-152.5,-154.0,-157.0,-156.0,-157.0,-155.0,-156.0,-155.5,-154.0,-157.0,-157.0,-154.0,-153.0,-157.0,-157.0,-157.0,-157.0,-155.5,-155.5,-157.0,-157.0,-157.0,-156.0,-157.0,-157.0,-157.0,-157.0,-157.0,-157.0,-157.0,-157.0,-157.0,-157.0,-157.0,-156.5,-157.0,-152.0,-150.5,-157.0,-157.0,-152.0,-152.0,-157.0,-157.0,-157.0,-157.0,-153.0,-155.0,-153.0,-152.5,-151.0,-157.0,-157.0,-154.5,-157.0,-154.5,-157.0,-151.5,-151.5,-156.0,-157.0,-157.0,-154.0,-155.5,-157.0,-157.0,-157.0,-157.0,-153.0,-150.5,-152.5,-153.5,-157.0,-155.0,-154.5,-157.0,-156.0,-152.5,-157.0,-157.0,-157.0,-157.0,-156.5,-155.5,-157.0,-157.0,-157.0,-156.5,-154.0,-152.5,-155.0,-157.0,-157.0,-157.0,-152.5,-153.5,-157.0,-157.0,-156.0,-156.0,-153.0,-152.0,-157.0,-157.0,-151.5,-153.5,-157.0,-151.5,-153.5,-157.0,-156.5,-157.0,-156.5,-157.0,-157.0,-157.0,-155.0,-153.0,-157.0,-157.0,-157.0,-157.0,-155.5,-154.0,-155.0,-157.0,-157.0,-157.0,-153.5,-150.0,-152.0,-154.5,-157.0,-152.5,-153.5,-155.5,-157.0,-157.0,-156.5,-154.5,-155.5,-152.0,-152.0,-155.0,-154.5,-157.0,-157.0,-157.0,-154.0,-157.0,-154.5,-157.0,-157.0,-157.0,-155.0,-157.0,-157.0,-156.0,-156.0,-157.0,-157.0,-153.5,-157.0,-155.5,-156.0,-155.5,-157.0,-157.0,-157.0,-157.0,-157.0,-157.0,-151.0,-151.5,-157.0,-156.5,-157.0,-157.0,-157.0,-157.0,-154.5,-156.5,-157.0,-153.0
2026-01-17 14:13:41.199,143.049967,5,-77,-157.0,-157.0,-157.0,-157.0,-157.0,-157.0,-157.0,-157.0,-153.0,-155.5,-157.0,-157.0,-157.0,-156.5,-157.0,-157.0,-157.0,-157.0,-151.5,-150.5,-157.0,-155.0,-155.0,-157.0,-155.0,-152.0,-157.0,-157.0,-157.0,-157.0,-153.0,-151.5,-155.5,-157.0,-153.0,-153.5,-157.0,-157.0,-150.5,-151.5,-157.0,-154.5,-157.0,-157.0,-153.0,-157.0,-156.5,-154.0,-155.5,-154.5,-156.0,-155.0,-154.0,-156.0,-154.0,-153.0,-149.0,-155.0,-157.0,-157.0,-157.0,-157.0,-154.0,-157.0,-157.0,-157.0,-157.0,-157.0,-156.0,-152.5,-152.5,-152.0,-150.5,-152.5,-153.0,-149.5,-150.0,-156.0,-157.0,-152.5,-157.0,-157.0,-157.0,-157.0,-153.5,-157.0,-157.0,-157.0,-156.0,-157.0,-157.0,-157.0,-157.0,-157.0,-157.0,-157.0,-157.0,-157.0,-157.0,-157.0,-157.0,-157.0,-157.0,-156.0,-157.0,-157.0,-157.0,-157.0,-157.0,-157.0,-155.5,-155.5,-157.0,-152.5,-155.5,-154.5,-157.0,-157.0,-156.0,-157.0,-157.0,-156.5,-155.0,-154.5,-157.0,-157.0,-157.0,-157.0,-157.0,-154.5,-154.0,-154.0,-157.0,-157.0,-156.5,-157.0,-157.0,-157.0,-151.0,-153.5,-157.0,-157.0,-153.5,-155.5,-157.0,-157.0,-154.5,-156.0,-157.0,-157.0,-156.0,-154.5,-154.5,-154.5,-157.0,-155.0,-157.0,-157.0,-157.0,-157.0,-151.0,-150.0,-154.5,-154.0,-157.0,-155.0,-157.0,-150.0,-151.0,-153.5,-152.5,-157.0,-157.0,-157.0,-157.0,-153.0,-155.5,-157.0,-152.0,-154.5,-153.0,-157.0,-157.0,-153.5,-155.0,-153.5,-156.5,-157.0,-154.5,-156.5,-153.5,-152.5,-157.0,-157.0,-155.5,-157.0,-153.5,-153.0,-157.0,-157.0,-157.0,-157.0,-154.0,-152.5,-157.0,-157.0,-157.0,-153.5,-154.5,-151.0,-154.5,-151.5,-157.0,-154.0,-157.0,-157.0,-157.0,-157.0,-157.0,-157.0,-154.0,-150.5,-151.5,-154.5,-156.5,-157.0,-157.0,-156.0,-151.0,-155.0,-157.0,-157.0,-157.0,-153.0,-154.5,-157.0,-157.0,-157.0,-155.0,-156.5,-157.0,-157.0,-151.5,-157.0,-150.0,-149.5,-153.0,-149.0,-150.0,-149.5,-145.5,-152.5,-145.5,-145.5,-148.0,-157.0,-157.0,-151.0,-157.0,-155.5,-152.0,-154.0,-157.0,-157.0,-157.0,-157.0,-155.0,-157.0,-155.0,-154.0,-157.0,-157.0,-157.0,-157.0,-151.0,-149.5,-153.5,-157.0,-157.0,-157.0,-157.0,-157.0,-157.0,-156.0,-157.0,-157.0,-156.5,-156.0,-157.0,-151.5,-157.0,-153.5,-156.0,-157.0,-157.0,-157.0,-157.0,-155.0,-157.0,-154.5,-157.0,-157.0,-151.0,-152.0,-157.0,-157.0,-157.0,-157.0,-156.5,-157.0,-157.0,-157.0,-157.0,-155.5,-157.0,-157.0,-157.0,-157.0,-157.0,-157.0,-157.0,-157.0,-157.0,-157.0,-157.0,-156.5,-157.0,-155.5,-151.5,-157.0,-157.0,-155.0,-155.5,-157.0,-156.5,-157.0,-157.0,-154.0,-157.0,-153.0,-150.5,-149.5,-157.0,-156.5,-154.0,-153.5,-152.0,-157.0,-157.0,-154.0,-157.0,-157.0,-157.0,-153.0,-154.0,-157.0,-157.0,-157.0,-157.0,-153.5,-152.5,-155.0,-153.5,-154.0,-157.0,-157.0,-155.0,-155.5,-153.0,-156.0,-157.0,-157.0,-157.0,-157.0,-155.0,-157.0,-156.5,-154.5,-152.0,-153.5,-156.5,-156.0,-157.0,-157.0,-156.5,-154.0,-157.0,-157.0,-154.5,-155.0,-156.5,-152.5,-154.5,-157.0,-157.0,-153.5,-152.0,-157.0,-152.5,-152.5,-156.5,-157.0,-157.0,-157.0,-157.0,-157.0,-157.0,-155.5,-152.0,-157.0,-157.0,-157.0,-157.0,-157.0,-152.0,-155.5,-157.0,-157.0,-157.0,-152.0,-151.5,-157.0,-157.0,-153.5,-150.5,-151.0,-152.5,-157.0,-156.5,-153.0,-155.5,-157.0,-154.0,-155.0,-157.0,-157.0,-157.0,-157.0,-157.0,-157.0,-154.5,-153.5,-156.0,-157.0,-157.0,-154.5,-154.0,-156.5,-157.0,-150.5,-153.0,-152.5,-151.5,-157.0,-156.0,-157.0,-157.0,-157.0,-157.0,-157.0,-157.0,-157.0,-156.5,-151.0,-153.5,-156.5,-157.0,-157.0,-157.0,-155.0,-156.5,-153.5,-154.0,-155.0,-156.0
2026-01-17 14:13:41.233,143.049967,5,-77,-157.0,-157.0,-157.0,-157.0,-157.0,-157.0,-157.0,-157.0,-154.0,-157.0,-157.0,-157.0,-157.0,-153.0,-155.5,-157.0,-154.5,-153.0,-156.0,-157.0,-157.0,-157.0,-157.0,-157.0,-151.0,-150.5,-157.0,-157.0,-157.0,-157.0,-155.5,-157.0,-157.0,-157.0,-156.0,-155.5,-157.0,-157.0,-154.5,-156.5,-157.0,-152.0,-153.0,-157.0,-151.5,-157.0,-153.5,-151.5,-157.0,-154.5,-155.5,-157.0,-154.5,-155.0,-153.0,-150.5,-152.5,-154.0,-157.0,-155.5,-153.0,-157.0,-157.0,-157.0,-157.0,-157.0,-157.0,-157.0,-157.0,-149.5,-152.5,-155.5,-155.5,-157.0,-151.0,-148.5,-148.5,-156.5,-157.0,-155.5,-154.5,-157.0,-157.0,-157.0,-153.5,-157.0,-154.5,-156.5,-156.5,-157.0,-157.0,-157.0,-157.0,-155.0,-155.5,-155.0,-154.0,-157.0,-157.0,-157.0,-157.0,-157.0,-157.0,-153.0,-156.5,-157.0,-157.0,-157.0,-156.0,-157.0,-154.0,-152.5,-157.0,-156.0,-153.0,-157.0,-156.5,-157.0,-154.0,-153.0,-157.0,-157.0,-157.0,-157.0,-155.0,-156.5,-157.0,-156.5,-157.0,-152.5,-154.5,-154.5,-157.0,-157.0,-155.5,-156.0,-157.0,-157.0,-151.0,-153.5,-157.0,-157.0,-151.0,-154.0,-157.0,-157.0,-157.0,-157.0,-157.0,-157.0,-155.0,-152.5,-154.5,-157.0,-157.0,-156.0,-155.5,-157.0,-157.0,-155.0,-150.0,-155.0,-157.0,-154.0,-155.5,-157.0,-156.0,-153.0,-154.0,-155.0,-157.0,-157.0,-157.0,-155.5,-156.0,-152.0,-157.0,-157.0,-151.5,-150.5,-152.5,-155.5,-153.5,-150.5,-157.0,-155.5,-157.0,-157.0,-155.0,-154.0,-157.0,-156.0,-157.0,-156.5,-155.5,-157.0,-151.5,-152.5,-153.5,-157.0,-157.0,-156.5,-157.0,-155.0,-156.5,-157.0,-157.0,-153.0,-152.0,-151.0,-155.0,-151.0,-155.5,-157.0,-156.0,-155.0,-157.0,-157.0,-157.0,-157.0,-155.0,-155.0,-157.0,-157.0,-157.0,-155.5,-157.0,-156.0,-151.5,-153.5,-157.0,-157.0,-157.0,-153.0,-157.0,-157.0,-157.0,-156.5,-153.0,-152.5,-149.0,-149.5,-140.0,-138.5,-137.5,-140.0,-142.5,-143.5,-144.0,-144.0,-143.0,-149.5,-148.0,-147.5,-152.0,-157.0,-157.0,-155.0,-157.0,-157.0,-150.5,-149.5,-157.0,-157.0,-157.0,-157.0,-152.5,-153.5,-157.0,-157.0,-157.0,-157.0,-154.0,-155.5,-154.5,-150.0,-154.5,-157.0,-157.0,-157.0,-157.0,-157.0,-157.0,-157.0,-157.0,-157.0,-156.5,-155.5,-157.0,-155.0,-156.0,-154.0,-157.0,-157.0,-157.0,-157.0,-157.0,-155.5,-156.5,-157.0,-156.5,-153.0,-148.0,-154.5,-157.0,-157.0,-157.0,-157.0,-157.0,-157.0,-157.0,-157.0,-157.0,-156.0,-157.0,-157.0,-157.0,-157.0,-157.0,-155.5,-155.0,-156.5,-157.0,-157.0,-155.0,-157.0,-157.0,-157.0,-155.0,-157.0,-157.0,-157.0,-157.0,-157.0,-152.5,-152.5,-156.0,-153.0,-155.5,-155.0,-152.0,-151.0,-157.0,-157.0,-156.5,-151.0,-151.0,-155.0,-157.0,-157.0,-157.0,-157.0,-157.0,-157.0,-157.0,-157.0,-153.5,-154.0,-157.0,-154.5,-155.0,-156.5,-154.0,-152.5,-156.5,-154.0,-154.5,-151.5,-156.0,-154.5,-157.0,-157.0,-157.0,-157.0,-153.5,-157.0,-154.0,-156.0,-153.0,-157.0,-156.0,-154.0,-157.0,-157.0,-157.0,-155.5,-154.0,-151.5,-151.0,-157.0,-157.0,-152.0,-156.5,-157.0,-157.0,-154.5,-153.0,-155.0,-155.0,-155.0,-157.0,-157.0,-157.0,-157.0,-157.0,-157.0,-156.0,-157.0,-152.5,-157.0,-157.0,-157.0,-156.5,-157.0,-154.5,-153.5,-155.0,-157.0,-157.0,-155.5,-156.0,-157.0,-155.5,-152.5,-155.0,-149.0,-154.5,-157.0,-157.0,-154.5,-157.0,-157.0,-153.5,-152.0,-157.0,-157.0,-157.0,-157.0,-157.0,-157.0,-157.0,-157.0,-157.0,-157.0,-157.0,-151.5,-151.5,-157.0,-157.0,-148.5,-149.5,-154.0,-156.0,-157.0,-155.0,-156.5,-157.0,-157.0,-157.0,-157.0,-157.0,-157.0,-157.0,-154.0,-157.0,-157.0,-157.0,-157.0,-157.0,-153.5,-153.5,-154.5,-153.5,-157.0,-157.0
2026-01-17 14:13:41.267,143.049967,5,-77,-157.0,-157.0,-155.0,-157.0,-156.0,-157.0,-155.5,-157.0,-154.0,-154.0,-155.0,-157.0,-157.0,-152.5,-151.0,-155.0,-156.0,-150.0,-151.5,-157.0,-157.0,-157.0,-157.0,-157.0,-152.0,-153.0,-154.0,-157.0,-154.5,-152.5,-150.0,-154.0,-155.0,-153.0,-154.5,-157.0,-157.0,-154.5,-154.5,-157.0,-157.0,-152.0,-152.0,-157.0,-151.0,-155.0,-155.5,-153.0,-157.0,-156.0,-155.0,-157.0,-157.0,-155.0,-156.5,-153.5,-157.0,-155.5,-157.0,-157.0,-151.5,-154.5,-157.0,-157.0,-157.0,-157.0,-157.0,-157.0,-156.0,-152.0,-155.0,-153.5,-157.0,-157.0,-154.5,-155.5,-152.5,-157.0,-157.0,-157.0,-154.5,-153.5,-157.0,-157.0,-152.0,-153.5,-153.0,-151.5,-151.0,-154.0,-155.0,-155.0,-157.0,-151.5,-151.0,-154.5,-154.5,-151.0,-153.0,-154.5,-156.5,-157.0,-157.0,-154.0,-156.0,-153.5,-155.0,-157.0,-154.5,-153.5,-152.5,-153.5,-157.0,-157.0,-152.5,-156.0,-157.0,-153.0,-151.0,-154.5,-157.0,-157.0,-157.0,-154.5,-154.5,-157.0,-155.0,-156.5,-157.0,-157.0,-153.5,-156.5,-157.0,-157.0,-154.0,-155.5,-157.0,-157.0,-154.0,-155.5,-157.0,-157.0,-150.5,-154.0,-157.0,-153.5,-154.5,-157.0,-155.5,-154.0,-157.0,-153.5,-151.5,-153.0,-157.0,-155.0,-156.0,-157.0,-157.0,-151.0,-148.0,-157.0,-157.0,-156.5,-156.0,-157.0,-157.0,-157.0,-155.0,-153.5,-157.0,-157.0,-157.0,-157.0,-157.0,-155.0,-157.0,-154.5,-155.0,-154.5,-157.0,-153.0,-150.5,-149.5,-157.0,-157.0,-157.0,-155.5,-157.0,-155.5,-157.0,-157.0,-157.0,-156.0,-155.5,-157.0,-156.0,-157.0,-149.5,-150.0,-155.5,-157.0,-157.0,-157.0,-153.0,-153.5,-157.0,-153.0,-154.5,-156.5,-154.0,-149.0,-157.0,-157.0,-157.0,-152.5,-152.0,-157.0,-157.0,-157.0,-152.0,-157.0,-157.0,-157.0,-157.0,-157.0,-157.0,-157.0,-157.0,-155.5,-154.0,-154.5,-155.0,-153.5,-156.5,-153.5,-155.5,-150.5,-147.0,-143.0,-141.0,-139.0,-131.5,-129.5,-131.0,-140.5,-142.5,-147.0,-147.0,-152.0,-148.0,-155.0,-154.0,-157.0,-157.0,-157.0,-157.0,-157.0,-157.0,-157.0,-150.5,-148.5,-155.5,-157.0,-157.0,-157.0,-154.0,-157.0,-154.5,-154.5,-156.0,-157.0,-154.5,-151.5,-151.5,-152.0,-156.5,-157.0,-157.0,-157.0,-157.0,-157.0,-157.0,-154.5,-157.0,-154.5,-157.0,-157.0,-157.0,-157.0,-155.0,-154.0,-157.0,-157.0,-157.0,-156.0,-157.0,-157.0,-157.0,-157.0,-157.0,-149.0,-149.0,-152.5,-155.0,-155.5,-157.0,-155.5,-157.0,-157.0,-154.5,-154.5,-157.0,-155.5,-157.0,-156.0,-157.0,-156.0,-155.0,-156.0,-154.5,-155.0,-157.0,-157.0,-153.5,-153.5,-157.0,-157.0,-157.0,-157.0,-157.0,-157.0,-157.0,-157.0,-151.5,-153.5,-154.0,-151.5,-157.0,-157.0,-157.0,-157.0,-157.0,-156.0,-157.0,-157.0,-157.0,-156.0,-156.0,-154.0,-155.5,-157.0,-157.0,-157.0,-155.0,-156.5,-152.5,-151.5,-157.0,-155.5,-157.0,-155.5,-157.0,-155.0,-156.5,-153.5,-157.0,-150.5,-157.0,-156.0,-157.0,-156.0,-157.0,-157.0,-153.0,-157.0,-151.0,-152.0,-153.5,-154.0,-157.0,-153.5,-157.0,-157.0,-157.0,-155.0,-151.5,-152.5,-155.0,-157.0,-156.0,-153.5,-157.0,-157.0,-157.0,-157.0,-157.0,-157.0,-157.0,-157.0,-157.0,-157.0,-157.0,-157.0,-157.0,-157.0,-155.5,-151.0,-149.5,-155.0,-157.0,-154.5,-152.5,-157.0,-157.0,-153.5,-153.5,-157.0,-153.5,-154.0,-157.0,-157.0,-155.0,-153.5,-157.0,-150.5,-157.0,-153.5,-157.0,-155.0,-154.0,-153.5,-155.5,-152.5,-156.5,-157.0,-155.5,-154.5,-156.5,-157.0,-157.0,-157.0,-157.0,-157.0,-157.0,-151.5,-157.0,-157.0,-157.0,-153.0,-151.0,-157.0,-157.0,-157.0,-152.5,-152.0,-155.0,-157.0,-157.0,-156.0,-155.0,-157.0,-157.0,-156.5,-155.5,-157.0,-157.0,-157.0,-157.0,-157.0,-154.0,-157.0,-155.5,-157.0,-157.0
2026-01-17 14:13:41.298,143.049967,5,-77,-157.0,-157.0,-157.0,-157.0,-153.5,-156.5,-155.0,-157.0,-156.0,-151.5,-153.5,-156.0,-157.0,-157.0,-153.5,-153.5,-157.0,-151.0,-150.0,-157.0,-157.0,-157.0,-157.0,-156.5,-155.5,-157.0,-151.0,-152.5,-156.5,-150.5,-149.0,-152.5,-153.5,-151.5,-153.5,-157.0,-155.0,-152.0,-152.5,-157.0,-157.0,-154.0,-154.0,-157.0,-153.0,-151.5,-157.0,-154.0,-157.0,-157.0,-157.0,-157.0,-156.5,-151.0,-153.0,-156.5,-157.0,-157.0,-157.0,-157.0,-155.0,-154.0,-156.5,-155.0,-157.0,-157.0,-157.0,-155.0,-152.0,-153.0,-155.5,-150.0,-156.0,-157.0,-157.0,-154.5,-154.0,-157.0,-157.0,-156.0,-155.0,-157.0,-154.0,-156.5,-154.5,-152.5,-157.0,-149.0,-149.0,-154.5,-153.5,-155.0,-157.0,-153.5,-152.5,-157.0,-157.0,-150.5,-153.5,-153.0,-157.0,-156.5,-155.0,-153.5,-152.5,-152.5,-152.0,-157.0,-153.5,-156.5,-156.5,-157.0,-157.0,-157.0,-151.5,-151.5,-157.0,-152.0,-152.0,-157.0,-157.0,-155.5,-156.0,-157.0,-157.0,-157.0,-155.0,-157.0,-157.0,-157.0,-156.5,-157.0,-157.0,-157.0,-154.0,-157.0,-157.0,-155.5,-157.0,-156.0,-157.0,-157.0,-153.0,-157.0,-157.0,-152.5,-153.0,-153.0,-157.0,-151.5,-153.5,-152.5,-150.0,-152.5,-154.0,-152.5,-155.0,-157.0,-157.0,-152.0,-149.0,-156.0,-155.5,-157.0,-156.0,-157.0,-157.0,-157.0,-156.5,-152.5,-157.0,-156.0,-154.5,-157.0,-157.0,-157.0,-155.5,-153.0,-157.0,-157.0,-157.0,-157.0,-154.5,-152.0,-157.0,-157.0,-150.5,-153.0,-155.5,-156.0,-157.0,-154.0,-155.5,-154.5,-156.0,-157.0,-157.0,-157.0,-150.0,-148.5,-157.0,-157.0,-157.0,-153.0,-152.0,-152.0,-157.0,-153.5,-154.0,-156.0,-154.5,-147.5,-148.5,-154.0,-157.0,-154.5,-154.0,-157.0,-157.0,-157.0,-151.0,-155.5,-157.0,-154.0,-157.0,-157.0,-157.0,-156.5,-156.5,-157.0,-152.0,-156.5,-153.5,-153.0,-153.5,-148.5,-149.5,-148.5,-147.5,-144.5,-143.0,-143.5,-131.0,-128.0,-133.5,-152.0,-151.5,-157.0,-150.0,-154.0,-156.5,-153.0,-151.5,-157.0,-157.0,-157.0,-157.0,-157.0,-157.0,-156.5,-152.0,-151.0,-157.0,-157.0,-157.0,-155.0,-154.0,-157.0,-157.0,-152.0,-156.5,-157.0,-156.5,-151.0,-151.0,-154.5,-154.5,-157.0,-157.0,-157.0,-157.0,-157.0,-157.0,-151.0,-153.0,-152.5,-156.0,-157.0,-157.0,-157.0,-157.0,-155.0,-157.0,-157.0,-157.0,-157.0,-157.0,-157.0,-157.0,-157.0,-157.0,-150.5,-152.0,-153.5,-154.0,-155.5,-152.5,-153.5,-157.0,-155.5,-152.5,-155.0,-157.0,-151.5,-152.0,-154.0,-157.0,-156.0,-157.0,-157.0,-156.5,-157.0,-157.0,-156.5,-151.5,-153.0,-157.0,-157.0,-157.0,-157.0,-157.0,-157.0,-157.0,-157.0,-154.0,-157.0,-157.0,-153.0,-156.0,-157.0,-156.5,-156.5,-157.0,-156.5,-154.0,-154.0,-157.0,-157.0,-155.5,-153.0,-156.5,-157.0,-157.0,-156.0,-151.5,-157.0,-151.0,-154.5,-156.0,-157.0,-155.0,-150.5,-154.5,-157.0,-157.0,-157.0,-155.5,-153.5,-156.0,-157.0,-157.0,-153.5,-157.0,-157.0,-157.0,-157.0,-152.5,-153.5,-153.0,-154.5,-154.0,-152.5,-157.0,-157.0,-157.0,-157.0,-155.5,-157.0,-157.0,-157.0,-156.5,-157.0,-153.0,-151.5,-155.5,-157.0,-157.0,-157.0,-157.0,-157.0,-157.0,-153.5,-153.5,-157.0,-157.0,-153.0,-154.0,-152.0,-151.5,-152.0,-154.5,-157.0,-153.0,-157.0,-157.0,-157.0,-157.0,-157.0,-152.5,-151.5,-157.0,-157.0,-157.0,-154.5,-153.0,-153.0,-157.0,-150.5,-150.5,-155.0,-151.0,-153.0,-156.5,-152.0,-152.0,-156.0,-152.0,-152.5,-152.5,-157.0,-157.0,-157.0,-157.0,-157.0,-156.0,-152.5,-157.0,-157.0,-157.0,-157.0,-156.5,-156.0,-155.5,-150.5,-150.0,-149.5,-151.5,-157.0,-157.0,-154.0,-153.0,-153.0,-157.0,-157.0,-154.5,-157.0,-156.5,-157.0,-157.0,-157.0,-153.5,-154.5,-155.5,-157.0,-157.0
2026-01-17 14:13:41.333,143.049967,5,-77,-157.0,-157.0,-157.0,-156.5,-154.5,-154.0,-150.5,-151.0,-156.0,-155.5,-157.0,-155.0,-157.0,-156.0,-157.0,-153.5,-156.5,-153.5,-151.0,-157.0,-157.0,-157.0,-156.0,-155.5,-157.0,-157.0,-152.5,-157.0,-157.0,-155.5,-153.5,-156.5,-154.5,-156.5,-157.0,-157.0,-153.0,-157.0,-154.5,-157.0,-155.0,-157.0,-157.0,-153.5,-156.0,-150.0,-155.0,-152.5,-155.0,-154.0,-155.0,-155.5,-152.0,-152.0,-153.5,-157.0,-157.0,-157.0,-157.0,-157.0,-157.0,-155.0,-156.0,-155.0,-157.0,-156.5,-157.0,-155.0,-151.0,-151.5,-151.5,-149.0,-156.0,-157.0,-157.0,-157.0,-157.0,-157.0,-154.5,-153.5,-155.0,-155.5,-152.0,-157.0,-157.0,-154.0,-157.0,-150.5,-153.5,-154.0,-152.5,-154.5,-157.0,-157.0,-157.0,-157.0,-157.0,-155.5,-157.0,-155.5,-157.0,-157.0,-157.0,-151.0,-150.5,-157.0,-154.5,-156.5,-154.0,-157.0,-156.0,-154.5,-154.0,-157.0,-155.0,-153.5,-156.0,-155.5,-157.0,-154.5,-154.0,-150.0,-150.0,-152.0,-157.0,-157.0,-157.0,-154.5,-157.0,-153.5,-157.0,-157.0,-157.0,-156.0,-155.0,-157.0,-154.5,-153.0,-157.0,-154.0,-156.5,-157.0,-157.0,-157.0,-153.0,-152.5,-153.0,-149.0,-152.0,-152.0,-152.0,-154.5,-152.0,-153.0,-151.0,-153.0,-152.5,-157.0,-157.0,-157.0,-152.5,-155.0,-156.5,-157.0,-155.0,-157.0,-157.0,-157.0,-157.0,-152.5,-157.0,-157.0,-153.0,-153.0,-157.0,-157.0,-157.0,-156.0,-156.5,-153.0,-154.0,-156.0,-154.0,-150.5,-150.5,-151.5,-150.0,-152.5,-156.5,-157.0,-157.0,-152.5,-152.0,-156.0,-157.0,-157.0,-157.0,-157.0,-154.0,-151.5,-155.0,-157.0,-156.5,-153.5,-155.5,-155.0,-157.0,-155.5,-156.5,-153.0,-153.0,-149.5,-150.0,-157.0,-157.0,-157.0,-157.0,-157.0,-157.0,-156.0,-154.5,-157.0,-156.0,-154.0,-153.0,-157.0,-154.5,-156.5,-154.5,-156.5,-152.0,-156.0,-154.5,-151.0,-148.0,-147.0,-154.0,-154.5,-154.5,-152.5,-156.0,-153.0,-135.5,-132.0,-142.0,-153.0,-157.0,-153.5,-150.0,-157.0,-157.0,-150.5,-149.5,-157.0,-157.0,-157.0,-157.0,-157.0,-154.5,-156.5,-157.0,-156.5,-154.0,-156.5,-157.0,-156.5,-153.5,-157.0,-157.0,-153.0,-153.5,-157.0,-156.0,-154.5,-156.0,-157.0,-154.5,-155.5,-157.0,-155.5,-157.0,-157.0,-157.0,-151.0,-155.0,-155.5,-154.0,-156.0,-157.0,-157.0,-157.0,-157.0,-157.0,-157.0,-157.0,-154.5,-156.0,-155.0,-157.0,-157.0,-157.0,-154.0,-150.5,-157.0,-156.0,-157.0,-155.0,-156.0,-157.0,-151.0,-152.5,-157.0,-157.0,-151.0,-152.0,-154.0,-154.0,-157.0,-157.0,-157.0,-157.0,-157.0,-157.0,-154.0,-151.5,-156.0,-155.5,-157.0,-157.0,-157.0,-153.5,-157.0,-157.0,-155.5,-157.0,-155.5,-157.0,-157.0,-157.0,-157.0,-150.5,-150.5,-157.0,-157.0,-157.0,-151.5,-152.5,-157.0,-155.5,-154.5,-152.0,-153.5,-157.0,-156.0,-152.5,-155.0,-151.0,-154.0,-155.0,-157.0,-154.0,-152.0,-153.0,-157.0,-157.0,-157.0,-157.0,-157.0,-157.0,-155.0,-154.0,-151.5,-157.0,-157.0,-157.0,-157.0,-157.0,-157.0,-157.0,-157.0,-154.5,-155.5,-157.0,-157.0,-157.0,-157.0,-157.0,-157.0,-157.0,-153.5,-152.5,-157.0,-152.5,-151.0,-150.0,-151.0,-157.0,-157.0,-157.0,-156.5,-155.5,-154.0,-151.5,-157.0,-157.0,-156.0,-152.0,-152.0,-157.0,-156.0,-155.0,-157.0,-155.5,-156.5,-157.0,-157.0,-157.0,-155.0,-155.0,-155.0,-157.0,-153.5,-157.0,-157.0,-157.0,-157.0,-157.0,-154.5,-151.5,-157.0,-150.5,-152.5,-154.5,-153.0,-151.0,-153.5,-152.0,-155.0,-153.5,-157.0,-156.0,-157.0,-157.0,-157.0,-157.0,-154.5,-157.0,-157.0,-157.0,-157.0,-157.0,-155.0,-152.5,-150.5,-153.5,-155.5,-154.5,-157.0,-157.0,-157.0,-157.0,-153.5,-157.0,-157.0,-155.5,-157.0,-153.0,-152.5,-157.0,-156.0,-157.0,-154.5,-155.5,-157.0,-155.5
2026-01-17 14:13:41.366,143.049967,5,-77,-157.0,-157.0,-157.0,-157.0,-157.0,-152.5,-151.5,-151.0,-151.0,-157.0,-157.0,-152.0,-157.0,-157.0,-157.0,-154.5,-157.0,-153.0,-152.5,-157.0,-156.0,-157.0,-157.0,-157.0,-157.0,-157.0,-155.0,-157.0,-157.0,-157.0,-157.0,-157.0,-157.0,-157.0,-157.0,-153.5,-153.5,-157.0,-156.5,-156.5,-155.5,-157.0,-154.5,-153.0,-149.5,-150.0,-153.0,-153.0,-155.5,-156.0,-157.0,-157.0,-153.0,-157.0,-157.0,-157.0,-157.0,-157.0,-157.0,-157.0,-157.0,-154.5,-156.5,-157.0,-157.0,-155.5,-154.5,-155.0,-155.0,-154.0,-156.5,-153.5,-155.5,-154.0,-156.0,-157.0,-157.0,-157.0,-151.5,-155.0,-157.0,-155.0,-152.0,-155.5,-157.0,-157.0,-157.0,-152.0,-155.5,-155.0,-153.0,-151.5,-157.0,-156.5,-157.0,-153.5,-157.0,-157.0,-157.0,-157.0,-157.0,-157.0,-154.0,-152.5,-155.0,-157.0,-157.0,-157.0,-157.0,-157.0,-157.0,-154.5,-152.0,-154.0,-156.0,-155.5,-155.0,-157.0,-157.0,-153.5,-155.0,-150.5,-153.0,-152.5,-157.0,-157.0,-157.0,-151.5,-153.5,-151.0,-153.0,-157.0,-157.0,-154.5,-157.0,-157.0,-150.5,-150.5,-157.0,-155.0,-156.5,-157.0,-157.0,-156.0,-155.5,-157.0,-152.0,-149.5,-151.5,-155.5,-152.0,-156.5,-157.0,-157.0,-151.5,-154.0,-153.0,-157.0,-157.0,-157.0,-153.5,-154.5,-156.0,-157.0,-154.0,-157.0,-157.0,-157.0,-157.0,-153.0,-155.0,-153.5,-155.0,-151.0,-154.5,-157.0,-157.0,-157.0,-152.5,-153.5,-154.5,-153.0,-154.0,-155.0,-152.5,-150.5,-154.0,-156.5,-157.0,-157.0,-157.0,-153.5,-150.0,-153.0,-157.0,-157.0,-157.0,-157.0,-157.0,-157.0,-153.5,-154.5,-157.0,-155.5,-157.0,-157.0,-157.0,-157.0,-157.0,-157.0,-152.0,-151.0,-157.0,-157.0,-154.5,-157.0,-154.0,-156.0,-157.0,-157.0,-156.5,-157.0,-155.0,-157.0,-151.0,-152.5,-151.5,-157.0,-157.0,-153.5,-153.5,-154.0,-153.0,-154.5,-150.5,-151.0,-156.0,-155.0,-154.5,-155.0,-157.0,-157.0,-142.0,-138.5,-148.5,-152.0,-157.0,-153.5,-152.0,-157.0,-157.0,-153.0,-149.5,-156.0,-155.5,-157.0,-157.0,-157.0,-153.0,-157.0,-157.0,-155.5,-152.5,-154.5,-157.0,-157.0,-155.5,-156.5,-157.0,-151.5,-150.0,-157.0,-152.0,-151.0,-152.0,-154.5,-155.0,-154.5,-155.5,-156.0,-157.0,-157.0,-155.5,-154.0,-157.0,-157.0,-154.0,-154.0,-157.0,-157.0,-157.0,-157.0,-157.0,-157.0,-157.0,-154.5,-151.5,-154.0,-156.5,-157.0,-157.0,-155.5,-149.0,-156.0,-157.0,-157.0,-157.0,-157.0,-157.0,-151.0,-157.0,-157.0,-157.0,-155.0,-157.0,-157.0,-153.5,-157.0,-157.0,-154.5,-154.5,-157.0,-157.0,-157.0,-154.5,-157.0,-155.5,-157.0,-154.0,-155.0,-151.5,-154.5,-156.5,-156.0,-157.0,-154.5,-157.0,-157.0,-157.0,-157.0,-151.5,-150.5,-157.0,-157.0,-156.0,-154.0,-153.0,-157.0,-153.5,-154.0,-151.0,-151.5,-157.0,-157.0,-154.0,-157.0,-155.5,-153.5,-157.0,-154.5,-153.5,-157.0,-157.0,-157.0,-157.0,-157.0,-157.0,-157.0,-157.0,-153.0,-150.5,-151.5,-157.0,-157.0,-156.5,-156.0,-157.0,-157.0,-155.5,-157.0,-157.0,-154.5,-156.5,-157.0,-157.0,-157.0,-157.0,-157.0,-157.0,-151.5,-153.0,-157.0,-156.5,-154.0,-151.0,-151.0,-157.0,-154.5,-153.5,-153.0,-153.5,-152.0,-151.0,-157.0,-157.0,-157.0,-152.0,-150.0,-157.0,-157.0,-152.0,-157.0,-155.5,-157.0,-157.0,-157.0,-157.0,-154.0,-157.0,-152.0,-151.0,-149.5,-152.5,-155.0,-157.0,-157.0,-157.0,-157.0,-156.0,-157.0,-153.5,-153.0,-157.0,-157.0,-152.5,-154.0,-153.5,-157.0,-155.5,-153.5,-152.5,-157.0,-155.5,-157.0,-157.0,-155.0,-154.5,-157.0,-157.0,-157.0,-157.0,-157.0,-155.5,-157.0,-156.0,-157.0,-157.0,-157.0,-157.0,-157.0,-157.0,-156.0,-154.5,-155.5,-154.5,-157.0,-155.0,-154.0,-155.5,-156.5,-155.0,-155.0,-157.0,-154.5,-154.5
2026-01-17 14:13:41.398,143.049967,5,-77,-157.0,-157.0,-154.0,-153.5,-157.0,-154.0,-155.5,-157.0,-153.0,-157.0,-157.0,-149.5,-151.5,-155.5,-157.0,-157.0,-157.0,-156.5,-155.5,-157.0,-155.0,-157.0,-157.0,-157.0,-157.0,-157.0,-156.0,-155.0,-155.5,-156.0,-157.0,-157.0,-155.0,-154.5,-157.0,-154.5,-157.0,-157.0,-155.0,-157.0,-157.0,-157.0,-152.5,-157.0,-151.5,-157.0,-155.5,-157.0,-157.0,-157.0,-157.0,-157.0,-156.0,-157.0,-157.0,-157.0,-157.0,-157.0,-157.0,-157.0,-157.0,-154.0,-157.0,-157.0,-157.0,-157.0,-153.0,-153.5,-157.0,-153.0,-155.5,-157.0,-157.0,-156.5,-155.5,-157.0,-157.0,-157.0,-152.0,-157.0,-155.5,-156.5,-152.0,-155.0,-157.0,-157.0,-157.0,-154.0,-154.5,-157.0,-157.0,-151.5,-154.5,-154.5,-154.0,-151.0,-151.5,-157.0,-153.5,-156.5,-157.0,-157.0,-151.0,-152.5,-157.0,-157.0,-157.0,-157.0,-157.0,-157.0,-156.5,-157.0,-153.5,-157.0,-157.0,-156.5,-155.0,-157.0,-157.0,-152.5,-152.5,-151.0,-154.5,-155.0,-154.5,-157.0,-156.5,-152.0,-153.0,-150.5,-150.0,-157.0,-157.0,-155.5,-157.0,-157.0,-151.5,-149.0,-155.5,-157.0,-157.0,-157.0,-157.0,-157.0,-157.0,-157.0,-157.0,-154.5,-157.0,-157.0,-152.5,-157.0,-157.0,-157.0,-156.0,-157.0,-157.0,-154.5,-156.5,-153.0,-156.5,-155.0,-152.0,-154.0,-154.5,-155.5,-157.0,-157.0,-157.0,-154.5,-156.0,-152.5,-155.0,-148.5,-151.5,-156.5,-157.0,-153.5,-153.0,-157.0,-153.5,-152.5,-157.0,-157.0,-153.0,-149.5,-152.5,-157.0,-157.0,-156.5,-157.0,-152.5,-151.0,-157.0,-157.0,-154.5,-154.5,-157.0,-157.0,-156.0,-151.0,-150.0,-155.0,-154.0,-157.0,-157.0,-157.0,-157.0,-157.0,-157.0,-152.0,-153.5,-156.0,-157.0,-157.0,-152.5,-152.5,-157.0,-157.0,-157.0,-157.0,-157.0,-155.5,-151.5,-152.0,-154.5,-154.5,-156.5,-157.0,-157.0,-157.0,-152.0,-152.0,-154.5,-157.0,-157.0,-157.0,-155.0,-154.5,-157.0,-157.0,-157.0,-151.0,-145.5,-147.0,-155.5,-153.5,-157.0,-157.0,-157.0,-155.5,-152.5,-151.5,-157.0,-154.5,-152.5,-154.0,-151.5,-152.0,-157.0,-157.0,-157.0,-155.0,-157.0,-157.0,-157.0,-157.0,-157.0,-157.0,-150.5,-149.5,-157.0,-154.5,-153.5,-152.5,-157.0,-157.0,-154.5,-154.5,-152.5,-155.0,-157.0,-157.0,-157.0,-157.0,-157.0,-155.5,-153.5,-157.0,-157.0,-157.0,-157.0,-157.0,-157.0,-153.0,-151.0,-150.5,-156.5,-157.0,-157.0,-157.0,-157.0,-150.5,-154.0,-157.0,-157.0,-154.5,-157.0,-157.0,-152.0,-155.5,-157.0,-157.0,-154.5,-157.0,-157.0,-155.5,-157.0,-157.0,-151.5,-151.5,-157.0,-157.0,-157.0,-157.0,-157.0,-157.0,-157.0,-151.0,-155.0,-152.0,-155.0,-156.0,-157.0,-156.0,-156.5,-154.5,-157.0,-156.5,-157.0,-156.0,-156.0,-153.5,-152.5,-157.0,-156.5,-153.5,-155.5,-152.5,-156.0,-156.0,-152.0,-157.0,-156.0,-155.0,-155.5,-157.0,-157.0,-157.0,-152.5,-153.0,-157.0,-157.0,-157.0,-157.0,-157.0,-157.0,-157.0,-157.0,-155.0,-151.0,-152.0,-157.0,-153.5,-153.0,-155.5,-154.0,-156.5,-154.0,-157.0,-157.0,-150.0,-150.5,-157.0,-157.0,-157.0,-157.0,-157.0,-157.0,-155.0,-157.0,-157.0,-157.0,-156.0,-152.0,-151.5,-157.0,-156.5,-151.0,-150.5,-157.0,-150.0,-149.5,-157.0,-157.0,-157.0,-153.5,-150.5,-157.0,-150.5,-149.0,-152.5,-153.0,-157.0,-157.0,-157.0,-157.0,-153.5,-157.0,-151.0,-151.0,-151.0,-151.5,-153.5,-154.5,-157.0,-154.0,-157.0,-157.0,-157.0,-156.5,-157.0,-157.0,-157.0,-157.0,-152.5,-151.5,-155.0,-153.0,-153.5,-153.0,-153.5,-154.0,-156.0,-157.0,-154.5,-154.0,-154.0,-157.0,-157.0,-157.0,-154.0,-155.5,-157.0,-153.5,-157.0,-157.0,-157.0,-154.5,-157.0,-157.0,-157.0,-157.0,-153.5,-151.5,-157.0,-157.0,-157.0,-157.0,-156.0,-151.0,-154.0,-157.0,-151.5,-156.0
2026-01-17 14:13:41.432,143.049967,5,-77,-157.0,-157.0,-155.5,-154.0,-157.0,-157.0,-154.5,-156.0,-154.0,-157.0,-157.0,-151.5,-154.5,-157.0,-157.0,-157.0,-156.5,-153.0,-152.5,-155.5,-157.0,-156.5,-157.0,-157.0,-157.0,-157.0,-157.0,-157.0,-155.0,-157.0,-152.0,-151.0,-155.5,-157.0,-157.0,-157.0,-156.5,-154.0,-154.0,-157.0,-157.0,-157.0,-153.0,-153.0,-156.5,-157.0,-156.5,-157.0,-157.0,-157.0,-157.0,-157.0,-157.0,-157.0,-157.0,-157.0,-157.0,-157.0,-157.0,-157.0,-157.0,-154.5,-153.5,-157.0,-153.0,-153.5,-150.5,-151.0,-157.0,-151.5,-154.0,-157.0,-157.0,-157.0,-152.0,-154.0,-155.5,-154.0,-151.5,-152.5,-152.0,-152.0,-154.5,-157.0,-157.0,-157.0,-157.0,-157.0,-157.0,-157.0,-157.0,-151.0,-157.0,-155.0,-155.5,-157.0,-147.5,-150.5,-150.0,-154.5,-157.0,-154.0,-151.5,-153.5,-157.0,-157.0,-155.5,-153.0,-157.0,-157.0,-153.5,-157.0,-155.5,-155.5,-157.0,-156.0,-157.0,-157.0,-157.0,-152.5,-155.5,-151.0,-151.0,-154.5,-152.5,-157.0,-156.5,-155.0,-154.5,-152.5,-150.5,-153.0,-157.0,-157.0,-154.5,-156.5,-155.5,-150.5,-153.5,-157.0,-157.0,-155.0,-156.0,-157.0,-157.0,-157.0,-157.0,-157.0,-156.0,-157.0,-152.5,-153.5,-155.0,-157.0,-157.0,-157.0,-157.0,-154.5,-154.5,-150.0,-156.0,-157.0,-151.5,-155.5,-157.0,-157.0,-157.0,-155.5,-157.0,-155.0,-157.0,-154.5,-157.0,-149.0,-150.0,-155.5,-157.0,-157.0,-157.0,-157.0,-154.5,-154.0,-157.0,-155.5,-154.5,-149.5,-150.5,-157.0,-156.5,-157.0,-157.0,-157.0,-155.0,-157.0,-157.0,-154.5,-156.0,-157.0,-157.0,-155.5,-151.5,-151.5,-157.0,-156.5,-157.0,-157.0,-157.0,-157.0,-157.0,-156.5,-153.5,-157.0,-155.5,-157.0,-157.0,-154.5,-154.0,-157.0,-157.0,-157.0,-157.0,-156.0,-157.0,-151.0,-153.0,-156.0,-157.0,-154.5,-157.0,-156.0,-154.5,-150.0,-153.0,-157.0,-157.0,-157.0,-157.0,-154.5,-157.0,-157.0,-157.0,-157.0,-154.0,-151.5,-154.0,-152.5,-152.0,-157.0,-157.0,-157.0,-154.0,-151.5,-155.0,-157.0,-156.5,-154.0,-154.5,-152.0,-153.0,-157.0,-157.0,-152.5,-152.5,-157.0,-157.0,-157.0,-157.0,-157.0,-157.0,-150.5,-152.5,-157.0,-156.5,-157.0,-156.0,-157.0,-155.0,-152.5,-157.0,-151.0,-151.0,-157.0,-157.0,-156.5,-154.0,-155.0,-157.0,-154.5,-153.5,-156.5,-157.0,-157.0,-157.0,-157.0,-153.0,-151.0,-153.0,-157.0,-157.0,-157.0,-157.0,-157.0,-154.0,-152.0,-157.0,-157.0,-153.0,-154.5,-157.0,-156.0,-154.0,-155.5,-156.0,-156.0,-153.0,-157.0,-157.0,-156.5,-153.5,-152.0,-155.0,-152.0,-155.0,-157.0,-155.0,-155.5,-157.0,-155.5,-154.5,-157.0,-153.5,-157.0,-157.0,-157.0,-157.0,-154.0,-152.5,-154.0,-157.0,-153.5,-157.0,-157.0,-152.5,-150.5,-157.0,-154.0,-154.5,-157.0,-152.5,-155.0,-153.0,-152.0,-157.0,-157.0,-155.5,-154.5,-157.0,-153.5,-154.0,-154.5,-157.0,-157.0,-157.0,-157.0,-157.0,-157.0,-157.0,-157.0,-157.0,-154.5,-152.0,-156.5,-157.0,-154.0,-156.0,-156.5,-156.0,-157.0,-155.5,-157.0,-156.5,-150.0,-149.5,-157.0,-153.5,-157.0,-157.0,-155.0,-157.0,-156.0,-157.0,-155.5,-157.0,-156.5,-150.0,-150.5,-155.5,-156.5,-157.0,-152.5,-156.0,-152.5,-151.0,-157.0,-157.0,-156.5,-154.5,-154.0,-154.5,-149.5,-151.5,-154.5,-154.0,-157.0,-157.0,-157.0,-157.0,-154.0,-156.0,-156.0,-155.0,-157.0,-157.0,-157.0,-154.0,-155.0,-153.0,-157.0,-157.0,-157.0,-156.0,-157.0,-156.0,-157.0,-156.0,-153.5,-152.0,-155.0,-152.0,-157.0,-155.5,-153.0,-155.0,-157.0,-157.0,-156.5,-157.0,-155.0,-157.0,-157.0,-157.0,-152.0,-156.0,-154.5,-153.0,-156.0,-157.0,-156.5,-153.0,-156.5,-154.5,-156.5,-157.0,-152.5,-150.5,-157.0,-157.0,-157.0,-157.0,-151.0,-150.0,-157.0,-157.0,-157.0,-157.0
2026-01-17 14:13:41.467,143.049967,5,-77,-157.0,-157.0,-157.0,-156.0,-155.0,-157.0,-150.5,-152.0,-154.5,-157.0,-155.0,-155.5,-157.0,-157.0,-157.0,-157.0,-153.5,-152.0,-152.5,-152.0,-157.0,-157.0,-157.0,-157.0,-157.0,-156.0,-157.0,-157.0,-154.0,-154.0,-151.0,-152.5,-157.0,-157.0,-157.0,-157.0,-153.5,-157.0,-156.0,-156.0,-157.0,-157.0,-154.0,-153.0,-157.0,-156.5,-156.5,-156.5,-157.0,-157.0,-157.0,-157.0,-156.0,-157.0,-153.0,-153.5,-157.0,-157.0,-157.0,-154.5,-154.5,-157.0,-149.5,-150.5,-153.5,-150.5,-154.0,-152.0,-156.0,-152.5,-157.0,-155.0,-157.0,-154.0,-153.0,-151.5,-155.0,-157.0,-151.5,-151.0,-153.5,-152.5,-157.0,-153.5,-156.5,-157.0,-157.0,-157.0,-157.0,-157.0,-157.0,-155.0,-157.0,-155.5,-157.0,-152.0,-147.0,-150.0,-151.5,-157.0,-157.0,-157.0,-157.0,-157.0,-157.0,-157.0,-154.0,-151.5,-157.0,-157.0,-152.0,-157.0,-156.5,-153.5,-157.0,-156.5,-157.0,-153.0,-155.0,-155.0,-157.0,-155.5,-156.5,-153.5,-155.5,-157.0,-157.0,-157.0,-157.0,-157.0,-155.0,-156.5,-157.0,-157.0,-154.5,-156.0,-151.0,-152.5,-157.0,-157.0,-156.0,-154.0,-155.0,-157.0,-157.0,-157.0,-155.5,-156.0,-157.0,-157.0,-156.0,-154.5,-157.0,-157.0,-157.0,-152.0,-156.0,-156.5,-149.5,-146.5,-151.5,-157.0,-153.5,-155.5,-157.0,-156.0,-157.0,-157.0,-156.5,-157.0,-154.0,-155.0,-157.0,-151.5,-149.0,-153.5,-151.5,-157.0,-157.0,-157.0,-157.0,-157.0,-157.0,-155.0,-157.0,-156.0,-153.5,-157.0,-157.0,-157.0,-157.0,-157.0,-155.5,-152.5,-154.5,-157.0,-157.0,-157.0,-157.0,-157.0,-157.0,-155.5,-157.0,-157.0,-157.0,-157.0,-157.0,-157.0,-157.0,-152.0,-151.5,-157.0,-157.0,-156.5,-155.0,-155.0,-157.0,-157.0,-156.5,-156.0,-157.0,-154.5,-157.0,-152.0,-151.5,-152.0,-157.0,-152.5,-154.0,-157.0,-152.5,-152.5,-157.0,-157.0,-156.0,-155.0,-157.0,-151.5,-154.0,-157.0,-157.0,-157.0,-152.5,-151.0,-154.5,-151.5,-150.5,-154.0,-157.0,-157.0,-157.0,-157.0,-157.0,-157.0,-157.0,-157.0,-157.0,-156.0,-154.5,-157.0,-156.5,-153.0,-151.5,-157.0,-157.0,-157.0,-157.0,-157.0,-154.0,-152.0,-156.5,-157.0,-156.0,-157.0,-157.0,-157.0,-156.0,-152.0,-157.0,-154.5,-155.5,-157.0,-154.5,-154.5,-153.0,-154.0,-157.0,-157.0,-152.5,-154.5,-154.0,-157.0,-157.0,-157.0,-156.0,-154.5,-151.5,-157.0,-157.0,-157.0,-156.5,-157.0,-153.0,-152.0,-156.0,-157.0,-157.0,-155.5,-155.5,-157.0,-157.0,-153.0,-154.0,-157.0,-152.0,-154.5,-157.0,-157.0,-154.5,-153.0,-153.5,-151.5,-156.5,-157.0,-155.0,-154.5,-157.0,-157.0,-157.0,-157.0,-157.0,-157.0,-157.0,-157.0,-157.0,-154.5,-157.0,-152.5,-154.0,-152.5,-156.0,-156.0,-157.0,-150.5,-153.0,-152.5,-157.0,-157.0,-156.0,-154.0,-152.5,-152.5,-151.5,-157.0,-157.0,-157.0,-157.0,-151.0,-154.0,-157.0,-157.0,-157.0,-152.5,-153.0,-156.0,-157.0,-157.0,-157.0,-157.0,-157.0,-154.5,-157.0,-156.0,-155.5,-157.0,-154.5,-157.0,-157.0,-157.0,-157.0,-157.0,-154.5,-153.0,-150.5,-149.5,-157.0,-157.0,-151.0,-152.5,-155.0,-155.0,-156.5,-157.0,-157.0,-153.0,-154.0,-155.0,-155.0,-157.0,-156.0,-154.5,-157.0,-156.5,-157.0,-156.0,-154.0,-154.5,-157.0,-155.0,-150.0,-157.0,-153.5,-153.5,-157.0,-157.0,-157.0,-157.0,-156.0,-152.0,-151.5,-155.5,-157.0,-157.0,-157.0,-154.5,-157.0,-155.0,-154.0,-155.0,-157.0,-156.5,-157.0,-154.0,-157.0,-157.0,-157.0,-155.0,-152.5,-152.0,-157.0,-157.0,-156.0,-155.0,-157.0,-157.0,-157.0,-157.0,-157.0,-157.0,-157.0,-157.0,-153.0,-152.5,-155.5,-157.0,-154.5,-157.0,-155.0,-156.0,-155.0,-157.0,-157.0,-157.0,-153.5,-156.5,-157.0,-157.0,-157.0,-157.0,-155.0,-152.0,-154.0,-155.5,-157.0,-157.0
2026-01-17 14:13:41.501,143.049967,5,-77,-157.0,-157.0,-157.0,-156.5,-155.0,-156.0,-150.0,-157.0,-157.0,-157.0,-157.0,-157.0,-157.0,-157.0,-157.0,-157.0,-157.0,-157.0,-157.0,-154.0,-153.0,-155.0,-151.5,-152.5,-157.0,-157.0,-157.0,-155.5,-151.0,-152.5,-154.0,-157.0,-157.0,-157.0,-157.0,-157.0,-153.0,-155.0,-156.0,-157.0,-153.5,-154.5,-155.0,-155.5,-157.0,-153.0,-157.0,-157.0,-157.0,-157.0,-157.0,-157.0,-157.0,-153.0,-149.0,-154.0,-157.0,-157.0,-157.0,-154.0,-153.0,-152.5,-152.5,-152.0,-154.0,-151.0,-152.5,-150.0,-152.5,-152.0,-154.5,-157.0,-157.0,-154.5,-157.0,-152.5,-155.0,-157.0,-156.0,-154.0,-157.0,-157.0,-152.5,-151.5,-157.0,-157.0,-157.0,-157.0,-157.0,-157.0,-157.0,-157.0,-156.0,-157.0,-157.0,-152.0,-150.5,-155.5,-152.5,-157.0,-157.0,-157.0,-157.0,-151.5,-154.5,-156.5,-157.0,-154.0,-155.5,-155.5,-151.0,-157.0,-157.0,-153.5,-152.5,-157.0,-156.5,-152.5,-153.5,-156.0,-157.0,-155.0,-157.0,-154.0,-156.5,-157.0,-157.0,-156.0,-154.5,-157.0,-157.0,-157.0,-157.0,-157.0,-154.5,-157.0,-151.0,-155.0,-157.0,-154.0,-155.5,-157.0,-157.0,-155.5,-157.0,-157.0,-151.5,-152.0,-157.0,-157.0,-154.5,-154.5,-157.0,-157.0,-157.0,-149.5,-154.0,-157.0,-152.0,-147.0,-152.0,-153.5,-156.5,-157.0,-157.0,-155.0,-157.0,-157.0,-155.0,-157.0,-157.0,-157.0,-155.5,-150.5,-148.5,-151.5,-148.0,-153.0,-157.0,-152.5,-156.5,-157.0,-157.0,-156.5,-155.5,-157.0,-156.5,-157.0,-157.0,-155.0,-157.0,-157.0,-156.0,-153.0,-150.5,-157.0,-157.0,-157.0,-153.5,-154.0,-157.0,-157.0,-157.0,-157.0,-156.5,-154.5,-157.0,-157.0,-157.0,-152.5,-153.0,-157.0,-155.5,-157.0,-150.5,-150.0,-157.0,-154.0,-156.5,-157.0,-157.0,-153.0,-154.5,-153.5,-153.0,-153.0,-157.0,-153.0,-155.5,-157.0,-157.0,-157.0,-157.0,-156.0,-154.0,-153.0,-157.0,-150.5,-157.0,-157.0,-157.0,-154.5,-154.5,-150.0,-151.5,-157.0,-152.0,-151.5,-153.0,-155.0,-154.0,-157.0,-156.0,-156.0,-157.0,-157.0,-157.0,-157.0,-157.0,-157.0,-156.0,-156.5,-154.5,-157.0,-157.0,-157.0,-156.0,-154.5,-157.0,-157.0,-157.0,-156.0,-155.5,-157.0,-157.0,-157.0,-157.0,-151.0,-152.5,-153.0,-156.5,-157.0,-153.0,-155.5,-157.0,-153.5,-152.5,-153.5,-150.0,-153.5,-154.0,-157.0,-157.0,-157.0,-155.0,-152.0,-153.0,-156.5,-157.0,-157.0,-156.0,-157.0,-153.0,-157.0,-157.0,-157.0,-157.0,-157.0,-154.0,-154.5,-157.0,-155.0,-156.0,-156.0,-153.0,-154.0,-154.0,-157.0,-157.0,-157.0,-153.0,-152.5,-154.5,-157.0,-156.5,-157.0,-157.0,-157.0,-154.5,-157.0,-157.0,-155.5,-156.0,-157.0,-157.0,-157.0,-156.0,-154.0,-156.0,-153.5,-154.0,-149.5,-151.5,-152.5,-157.0,-151.5,-154.5,-157.0,-157.0,-156.0,-156.5,-155.0,-154.0,-157.0,-157.0,-157.0,-155.0,-152.0,-154.5,-156.0,-157.0,-157.0,-151.5,-154.0,-151.5,-154.5,-157.0,-157.0,-157.0,-157.0,-157.0,-157.0,-157.0,-157.0,-157.0,-155.0,-157.0,-157.0,-157.0,-154.5,-154.0,-156.0,-157.0,-149.0,-149.5,-153.0,-157.0,-153.0,-151.0,-157.0,-156.5,-157.0,-157.0,-157.0,-157.0,-157.0,-155.5,-157.0,-157.0,-157.0,-153.0,-157.0,-157.0,-155.5,-157.0,-156.0,-157.0,-157.0,-154.5,-152.0,-157.0,-152.0,-152.5,-157.0,-157.0,-156.0,-157.0,-155.0,-154.0,-150.5,-151.5,-154.0,-156.5,-157.0,-157.0,-155.0,-156.5,-155.0,-157.0,-157.0,-154.5,-152.5,-152.5,-156.5,-157.0,-157.0,-157.0,-155.5,-157.0,-155.5,-157.0,-157.0,-157.0,-154.5,-155.0,-157.0,-157.0,-157.0,-157.0,-153.5,-157.0,-155.0,-153.5,-157.0,-157.0,-154.0,-152.0,-154.0,-157.0,-154.0,-157.0,-157.0,-157.0,-154.0,-157.0,-157.0,-157.0,-156.5,-157.0,-157.0,-155.5,-152.5,-155.0,-157.0,-157.0
2026-01-17 14:13:41.529,143.049967,5,-77,-157.0,-157.0,-157.0,-157.0,-157.0,-155.0,-152.0,-154.5,-157.0,-156.5,-154.5,-157.0,-157.0,-157.0,-157.0,-157.0,-157.0,-157.0,-157.0,-154.5,-152.0,-153.0,-152.5,-153.0,-157.0,-157.0,-156.0,-157.0,-152.0,-157.0,-157.0,-157.0,-154.5,-151.5,-157.0,-157.0,-153.0,-156.0,-154.0,-157.0,-153.5,-152.0,-154.5,-157.0,-157.0,-149.5,-152.0,-157.0,-157.0,-157.0,-154.5,-156.5,-157.0,-152.5,-147.5,-151.5,-154.5,-156.0,-157.0,-157.0,-153.5,-152.0,-157.0,-154.5,-156.5,-155.5,-152.5,-152.0,-153.0,-152.5,-153.5,-157.0,-156.5,-155.0,-155.0,-153.5,-155.5,-152.0,-153.0,-157.0,-157.0,-157.0,-154.0,-153.5,-157.0,-157.0,-157.0,-157.0,-154.0,-156.5,-157.0,-157.0,-157.0,-157.0,-157.0,-157.0,-154.0,-150.0,-152.0,-157.0,-157.0,-156.5,-157.0,-148.0,-148.5,-153.0,-157.0,-157.0,-155.5,-157.0,-152.0,-157.0,-157.0,-155.5,-153.0,-157.0,-157.0,-157.0,-157.0,-155.5,-153.5,-150.0,-152.5,-157.0,-157.0,-157.0,-155.5,-154.0,-153.0,-157.0,-157.0,-156.5,-156.5,-157.0,-153.5,-156.5,-152.5,-157.0,-152.0,-151.0,-155.5,-153.5,-157.0,-152.5,-152.5,-154.0,-153.0,-155.0,-157.0,-154.0,-156.0,-154.0,-157.0,-157.0,-157.0,-153.0,-156.5,-157.0,-150.0,-149.0,-155.5,-152.0,-157.0,-156.5,-153.5,-153.0,-157.0,-155.0,-154.5,-155.5,-157.0,-157.0,-157.0,-154.0,-152.0,-150.5,-149.5,-156.0,-157.0,-152.0,-153.0,-157.0,-157.0,-157.0,-155.0,-155.5,-156.0,-156.5,-154.5,-155.0,-152.0,-152.0,-157.0,-157.0,-151.5,-157.0,-156.5,-155.5,-155.0,-151.5,-152.0,-157.0,-157.0,-157.0,-157.0,-152.5,-153.5,-157.0,-157.0,-154.5,-157.0,-156.0,-156.5,-157.0,-149.0,-150.5,-157.0,-155.0,-155.5,-155.5,-157.0,-153.5,-156.0,-153.0,-153.5,-157.0,-157.0,-154.5,-157.0,-157.0,-157.0,-156.5,-157.0,-153.5,-155.0,-153.5,-157.0,-155.5,-156.5,-157.0,-156.0,-154.0,-151.5,-149.5,-150.5,-154.5,-157.0,-156.5,-154.5,-155.5,-153.5,-157.0,-157.0,-156.0,-157.0,-157.0,-157.0,-157.0,-157.0,-157.0,-157.0,-155.5,-154.0,-157.0,-157.0,-157.0,-155.0,-154.5,-157.0,-157.0,-157.0,-154.5,-157.0,-157.0,-157.0,-154.5,-156.5,-156.0,-151.5,-154.5,-155.0,-154.0,-151.5,-154.5,-157.0,-153.5,-151.0,-153.0,-150.5,-157.0,-157.0,-157.0,-156.0,-157.0,-153.5,-154.0,-157.0,-156.5,-157.0,-157.0,-157.0,-157.0,-154.5,-157.0,-157.0,-157.0,-157.0,-157.0,-157.0,-154.5,-152.5,-154.5,-157.0,-157.0,-154.5,-157.0,-155.5,-157.0,-157.0,-157.0,-156.0,-156.5,-152.5,-156.5,-155.0,-157.0,-157.0,-157.0,-154.5,-157.0,-156.5,-152.5,-153.5,-157.0,-157.0,-154.5,-152.5,-154.5,-157.0,-154.5,-155.5,-148.0,-153.5,-157.0,-157.0,-153.5,-155.0,-153.5,-157.0,-157.0,-157.0,-153.0,-155.0,-157.0,-157.0,-157.0,-157.0,-157.0,-157.0,-154.5,-157.0,-157.0,-155.0,-153.0,-151.0,-157.0,-157.0,-157.0,-157.0,-157.0,-157.0,-157.0,-157.0,-157.0,-156.0,-153.5,-156.5,-157.0,-157.0,-150.0,-151.5,-152.0,-152.0,-149.5,-155.0,-153.5,-157.0,-157.0,-152.5,-155.5,-157.0,-155.5,-156.0,-153.5,-157.0,-157.0,-153.0,-153.0,-156.0,-151.0,-150.5,-156.0,-157.0,-155.5,-155.0,-157.0,-157.0,-157.0,-157.0,-155.5,-157.0,-153.0,-153.0,-157.0,-155.5,-153.5,-157.0,-155.0,-157.0,-149.5,-148.5,-152.0,-154.5,-157.0,-157.0,-154.0,-157.0,-157.0,-157.0,-157.0,-151.0,-150.5,-154.0,-154.0,-154.0,-156.0,-157.0,-157.0,-157.0,-155.0,-157.0,-157.0,-157.0,-154.0,-157.0,-157.0,-155.0,-155.0,-153.5,-150.5,-154.5,-153.0,-153.5,-155.0,-156.5,-157.0,-153.0,-155.5,-157.0,-155.5,-156.0,-157.0,-152.5,-152.0,-157.0,-157.0,-156.5,-154.5,-157.0,-157.0,-157.0,-157.0,-155.0,-153.0,-157.0
2026-01-17 14:13:41.570,143.049967,5,-77,-157.0,-157.0,-157.0,-157.0,-156.5,-152.5,-157.0,-153.5,-155.5,-155.0,-153.0,-154.5,-154.0,-151.0,-157.0,-157.0,-157.0,-155.5,-157.0,-157.0,-157.0,-157.0,-155.5,-155.0,-157.0,-157.0,-155.5,-153.0,-157.0,-157.0,-153.5,-152.0,-150.0,-148.5,-157.0,-157.0,-153.0,-153.0,-155.0,-157.0,-155.5,-152.5,-152.0,-154.5,-157.0,-152.5,-154.0,-157.0,-156.5,-157.0,-155.0,-156.5,-156.5,-153.0,-149.0,-151.5,-157.0,-157.0,-156.5,-155.5,-150.0,-149.0,-151.0,-153.0,-157.0,-152.0,-157.0,-157.0,-157.0,-155.5,-156.5,-153.0,-153.0,-157.0,-155.5,-156.0,-157.0,-153.5,-150.5,-157.0,-157.0,-157.0,-154.0,-157.0,-157.0,-157.0,-155.5,-152.0,-150.0,-154.5,-157.0,-157.0,-157.0,-157.0,-157.0,-156.5,-153.5,-148.5,-155.5,-157.0,-157.0,-157.0,-157.0,-150.5,-153.5,-155.5,-153.0,-156.5,-156.0,-157.0,-156.5,-157.0,-156.0,-157.0,-153.5,-155.5,-156.0,-157.0,-157.0,-157.0,-157.0,-150.0,-151.0,-157.0,-157.0,-157.0,-153.5,-155.0,-154.5,-153.0,-153.0,-154.0,-156.0,-157.0,-154.5,-156.5,-155.0,-157.0,-155.0,-151.5,-151.5,-151.0,-155.0,-157.0,-154.5,-157.0,-157.0,-157.0,-157.0,-154.5,-157.0,-155.0,-157.0,-155.5,-157.0,-157.0,-156.0,-156.0,-149.0,-154.0,-156.5,-156.5,-157.0,-155.5,-150.5,-155.0,-153.5,-157.0,-155.0,-156.5,-157.0,-157.0,-157.0,-157.0,-157.0,-155.0,-155.5,-157.0,-157.0,-157.0,-153.0,-157.0,-157.0,-156.5,-151.0,-150.5,-151.5,-157.0,-153.5,-157.0,-153.5,-151.5,-157.0,-157.0,-155.5,-157.0,-157.0,-154.5,-157.0,-156.0,-154.5,-156.0,-156.0,-157.0,-157.0,-154.5,-155.0,-157.0,-157.0,-154.5,-157.0,-155.5,-157.0,-157.0,-151.5,-154.5,-157.0,-157.0,-156.5,-153.0,-157.0,-156.5,-157.0,-152.0,-152.5,-157.0,-157.0,-157.0,-157.0,-157.0,-154.5,-154.5,-157.0,-150.5,-157.0,-152.0,-151.5,-157.0,-153.0,-157.0,-153.0,-153.0,-151.0,-155.0,-157.0,-152.5,-154.5,-157.0,-157.0,-154.5,-153.5,-157.0,-157.0,-157.0,-157.0,-157.0,-157.0,-155.5,-157.0,-157.0,-157.0,-156.5,-155.0,-157.0,-157.0,-157.0,-156.5,-155.0,-155.0,-157.0,-153.0,-152.0,-156.0,-157.0,-157.0,-152.5,-155.0,-157.0,-154.5,-157.0,-154.5,-156.5,-153.5,-156.5,-157.0,-156.0,-152.5,-157.0,-155.0,-157.0,-157.0,-157.0,-154.0,-157.0,-155.0,-157.0,-157.0,-154.5,-154.5,-157.0,-157.0,-157.0,-155.5,-153.5,-154.0,-157.0,-157.0,-157.0,-157.0,-151.0,-151.5,-154.5,-157.0,-157.0,-156.0,-156.5,-157.0,-157.0,-157.0,-157.0,-157.0,-156.5,-152.0,-157.0,-155.5,-157.0,-157.0,-157.0,-153.5,-157.0,-157.0,-153.0,-154.5,-157.0,-157.0,-152.5,-155.5,-155.0,-157.0,-155.5,-157.0,-150.0,-154.0,-157.0,-157.0,-155.0,-157.0,-155.5,-156.5,-157.0,-157.0,-150.0,-151.0,-157.0,-157.0,-157.0,-157.0,-157.0,-156.5,-151.5,-154.5,-155.0,-157.0,-151.5,-152.0,-157.0,-157.0,-156.0,-157.0,-157.0,-157.0,-157.0,-155.5,-155.5,-156.5,-151.5,-153.5,-157.0,-155.5,-150.0,-152.0,-150.5,-153.5,-150.5,-155.5,-152.5,-157.0,-157.0,-154.5,-152.5,-157.0,-153.0,-153.0,-154.5,-157.0,-157.0,-155.0,-157.0,-155.0,-151.0,-155.0,-157.0,-157.0,-155.0,-154.0,-157.0,-157.0,-157.0,-157.0,-156.5,-155.0,-154.0,-154.5,-157.0,-155.0,-153.0,-157.0,-156.5,-153.5,-150.0,-148.5,-156.5,-157.0,-157.0,-157.0,-155.5,-157.0,-157.0,-157.0,-155.0,-156.0,-152.0,-153.5,-155.5,-154.0,-156.5,-157.0,-157.0,-157.0,-154.5,-157.0,-157.0,-157.0,-155.0,-155.0,-152.5,-153.5,-152.0,-157.0,-152.0,-153.5,-153.0,-155.0,-157.0,-156.0,-157.0,-157.0,-157.0,-157.0,-157.0,-157.0,-157.0,-152.5,-152.5,-157.0,-157.0,-153.0,-154.0,-157.0,-157.0,-155.5,-157.0,-154.0,-152.5,-157.0
2026-01-17 14:13:41.598,143.049967,5,-77,-157.0,-157.0,-156.5,-157.0,-157.0,-154.0,-157.0,-156.0,-153.0,-157.0,-157.0,-154.0,-150.0,-149.0,-157.0,-157.0,-157.0,-155.0,-157.0,-157.0,-157.0,-157.0,-157.0,-157.0,-157.0,-157.0,-152.0,-150.0,-157.0,-157.0,-151.5,-149.5,-152.0,-149.5,-157.0,-157.0,-155.5,-152.5,-157.0,-157.0,-157.0,-157.0,-151.5,-151.5,-157.0,-157.0,-155.5,-157.0,-156.5,-157.0,-157.0,-157.0,-154.5,-156.0,-156.5,-153.0,-157.0,-157.0,-152.5,-151.5,-151.0,-151.0,-153.5,-155.0,-157.0,-150.0,-154.0,-157.0,-157.0,-156.5,-157.0,-149.5,-150.0,-155.0,-157.0,-156.0,-157.0,-154.0,-153.0,-157.0,-157.0,-156.0,-151.0,-153.5,-154.5,-157.0,-157.0,-155.5,-150.0,-154.5,-155.5,-157.0,-157.0,-157.0,-151.5,-148.5,-149.5,-150.5,-154.5,-157.0,-157.0,-157.0,-157.0,-154.5,-156.5,-153.5,-152.5,-156.5,-155.5,-157.0,-157.0,-157.0,-157.0,-157.0,-156.0,-157.0,-155.0,-157.0,-157.0,-157.0,-157.0,-155.0,-156.5,-157.0,-157.0,-157.0,-153.5,-151.5,-152.5,-149.5,-149.0,-154.0,-155.0,-155.0,-157.0,-157.0,-157.0,-157.0,-157.0,-155.5,-153.0,-155.0,-157.0,-157.0,-156.5,-157.0,-157.0,-157.0,-157.0,-155.5,-157.0,-154.5,-157.0,-152.0,-153.0,-157.0,-153.5,-155.5,-147.5,-149.0,-155.5,-157.0,-156.0,-156.5,-151.5,-156.0,-151.0,-157.0,-152.5,-157.0,-156.0,-155.0,-157.0,-157.0,-157.0,-157.0,-157.0,-156.0,-157.0,-157.0,-154.5,-157.0,-157.0,-152.0,-150.5,-153.5,-151.0,-156.5,-152.5,-153.5,-156.0,-154.0,-157.0,-157.0,-157.0,-157.0,-157.0,-154.0,-153.0,-152.0,-157.0,-154.0,-153.5,-157.0,-157.0,-154.0,-154.0,-155.5,-153.5,-153.5,-157.0,-156.0,-157.0,-157.0,-157.0,-155.5,-156.5,-157.0,-153.0,-152.0,-156.5,-157.0,-155.5,-150.5,-153.5,-156.0,-156.5,-157.0,-157.0,-157.0,-153.5,-154.0,-154.5,-148.5,-156.5,-152.5,-152.5,-156.5,-153.0,-153.5,-151.5,-153.5,-154.5,-155.0,-157.0,-154.0,-153.0,-155.0,-157.0,-157.0,-152.0,-156.5,-157.0,-157.0,-157.0,-157.0,-157.0,-156.0,-157.0,-157.0,-157.0,-157.0,-156.5,-157.0,-156.5,-155.0,-154.5,-157.0,-156.5,-157.0,-150.5,-151.0,-153.0,-157.0,-157.0,-153.5,-157.0,-157.0,-152.0,-153.5,-155.0,-156.0,-157.0,-155.0,-157.0,-157.0,-152.5,-155.5,-157.0,-157.0,-157.0,-153.5,-152.0,-157.0,-154.5,-157.0,-157.0,-157.0,-154.0,-157.0,-157.0,-153.5,-151.5,-153.0,-151.5,-157.0,-154.5,-154.0,-157.0,-152.0,-157.0,-155.5,-157.0,-157.0,-157.0,-157.0,-157.0,-157.0,-157.0,-156.5,-156.5,-152.0,-152.0,-157.0,-157.0,-157.0,-156.0,-157.0,-151.5,-157.0,-157.0,-153.5,-155.0,-157.0,-157.0,-156.0,-157.0,-157.0,-156.5,-154.0,-157.0,-154.5,-155.0,-152.5,-157.0,-154.0,-153.5,-157.0,-157.0,-157.0,-157.0,-153.0,-152.0,-157.0,-157.0,-152.5,-152.0,-152.0,-156.0,-151.0,-156.0,-152.5,-156.5,-155.5,-157.0,-155.5,-156.5,-154.0,-157.0,-155.0,-156.0,-155.0,-156.0,-151.0,-154.5,-152.5,-153.0,-156.5,-157.0,-151.0,-152.0,-152.0,-151.5,-152.5,-157.0,-152.0,-153.5,-157.0,-157.0,-150.0,-151.0,-155.0,-157.0,-157.0,-154.0,-154.5,-157.0,-157.0,-155.0,-154.0,-157.0,-157.0,-157.0,-152.5,-154.5,-154.0,-155.0,-157.0,-157.0,-157.0,-153.5,-157.0,-157.0,-157.0,-157.0,-154.0,-155.0,-155.0,-155.5,-152.0,-154.0,-154.5,-157.0,-157.0,-157.0,-155.0,-156.0,-157.0,-154.5,-153.0,-157.0,-157.0,-155.0,-154.0,-156.0,-155.5,-157.0,-157.0,-156.0,-155.0,-157.0,-157.0,-157.0,-157.0,-153.0,-153.0,-153.0,-152.5,-157.0,-157.0,-151.5,-154.5,-156.0,-155.5,-153.5,-157.0,-157.0,-157.0,-157.0,-157.0,-155.0,-154.5,-157.0,-155.0,-157.0,-157.0,-154.5,-154.5,-157.0,-156.0,-154.5,-157.0,-156.0,-157.0,-156.5
2026-01-17 14:13:41.631,143.049967,5,-77,-157.0,-157.0,-153.0,-157.0,-157.0,-157.0,-152.5,-154.5,-153.0,-157.0,-157.0,-157.0,-154.0,-150.0,-157.0,-157.0,-157.0,-155.0,-157.0,-157.0,-157.0,-156.0,-157.0,-157.0,-157.0,-155.5,-152.5,-151.0,-156.0,-157.0,-156.0,-151.5,-155.5,-152.5,-157.0,-153.5,-153.5,-157.0,-157.0,-157.0,-157.0,-157.0,-152.0,-152.0,-157.0,-157.0,-156.0,-156.5,-156.5,-157.0,-157.0,-157.0,-157.0,-157.0,-155.5,-152.5,-157.0,-157.0,-154.5,-152.0,-156.5,-157.0,-157.0,-156.0,-157.0,-151.0,-157.0,-157.0,-152.5,-155.0,-157.0,-152.0,-153.0,-151.5,-154.5,-153.5,-157.0,-155.5,-155.0,-155.0,-157.0,-157.0,-151.5,-154.0,-155.0,-157.0,-157.0,-157.0,-152.0,-157.0,-151.5,-156.0,-157.0,-155.0,-150.0,-149.0,-149.0,-153.5,-157.0,-157.0,-157.0,-157.0,-157.0,-155.5,-156.0,-155.0,-155.0,-157.0,-155.0,-157.0,-154.5,-157.0,-157.0,-157.0,-157.0,-157.0,-155.0,-157.0,-157.0,-155.5,-155.5,-157.0,-155.5,-156.5,-157.0,-157.0,-157.0,-153.0,-157.0,-149.5,-150.0,-157.0,-153.0,-152.0,-157.0,-157.0,-156.5,-155.5,-157.0,-157.0,-157.0,-157.0,-156.0,-153.0,-153.5,-157.0,-157.0,-157.0,-157.0,-151.5,-154.0,-156.5,-157.0,-152.5,-153.5,-157.0,-153.5,-157.0,-147.0,-148.5,-152.0,-157.0,-155.5,-156.5,-155.0,-156.0,-151.0,-157.0,-150.5,-157.0,-157.0,-155.0,-154.5,-157.0,-157.0,-157.0,-157.0,-156.0,-154.0,-154.5,-154.5,-154.5,-157.0,-155.0,-153.0,-157.0,-155.0,-157.0,-154.5,-157.0,-156.0,-157.0,-154.5,-154.0,-157.0,-157.0,-157.0,-155.5,-150.5,-150.0,-157.0,-155.5,-156.5,-157.0,-157.0,-152.0,-151.0,-151.5,-155.0,-154.0,-157.0,-157.0,-157.0,-157.0,-157.0,-154.5,-154.5,-155.0,-153.5,-155.0,-157.0,-156.0,-155.0,-152.0,-154.0,-155.5,-156.0,-155.0,-157.0,-157.0,-156.0,-154.0,-153.0,-151.5,-153.5,-154.5,-155.5,-157.0,-154.0,-152.0,-153.0,-157.0,-154.5,-153.0,-153.0,-157.0,-156.5,-155.0,-157.0,-157.0,-152.0,-155.0,-157.0,-154.5,-157.0,-157.0,-157.0,-156.0,-157.0,-157.0,-157.0,-157.0,-157.0,-157.0,-153.0,-152.5,-157.0,-157.0,-157.0,-157.0,-155.0,-156.5,-152.5,-153.5,-153.0,-151.5,-157.0,-154.5,-150.5,-154.0,-157.0,-151.0,-150.0,-150.0,-157.0,-157.0,-150.5,-150.5,-157.0,-157.0,-156.5,-151.5,-153.0,-157.0,-157.0,-157.0,-157.0,-157.0,-154.5,-157.0,-152.0,-152.5,-151.5,-157.0,-154.0,-157.0,-152.5,-155.0,-157.0,-155.0,-157.0,-157.0,-156.0,-157.0,-157.0,-157.0,-155.0,-156.0,-157.0,-154.0,-157.0,-150.0,-154.0,-154.5,-157.0,-157.0,-154.0,-153.5,-151.5,-153.5,-157.0,-153.5,-152.5,-157.0,-157.0,-157.0,-157.0,-157.0,-157.0,-152.5,-155.0,-156.0,-156.5,-150.0,-154.0,-157.0,-152.5,-156.0,-156.0,-157.0,-152.5,-156.0,-153.0,-157.0,-157.0,-153.5,-152.0,-152.0,-155.5,-153.0,-157.0,-153.0,-153.0,-157.0,-157.0,-153.0,-151.0,-154.5,-157.0,-155.0,-152.0,-154.5,-154.5,-150.0,-152.0,-157.0,-156.0,-155.5,-155.0,-153.5,-152.0,-154.5,-153.5,-155.5,-157.0,-154.0,-157.0,-157.0,-155.0,-152.5,-154.0,-157.0,-157.0,-157.0,-155.5,-152.5,-157.0,-157.0,-155.0,-155.5,-157.0,-156.5,-157.0,-153.0,-154.0,-155.0,-157.0,-157.0,-157.0,-157.0,-154.0,-157.0,-157.0,-157.0,-157.0,-154.0,-157.0,-157.0,-157.0,-151.5,-157.0,-152.5,-156.0,-157.0,-157.0,-156.0,-155.0,-157.0,-154.0,-154.0,-157.0,-157.0,-152.5,-152.0,-156.5,-157.0,-157.0,-157.0,-153.0,-157.0,-157.0,-157.0,-152.5,-156.5,-157.0,-157.0,-154.0,-153.5,-155.5,-156.0,-151.5,-152.5,-153.0,-157.0,-151.0,-153.5,-153.5,-152.0,-157.0,-157.0,-157.0,-156.0,-157.0,-157.0,-156.5,-154.5,-157.0,-156.0,-156.0,-157.0,-157.0,-152.0,-152.5,-157.0,-157.0
2026-01-17 14:13:41.667,143.049967,5,-77,-157.0,-157.0,-152.5,-156.0,-157.0,-152.0,-148.0,-153.0,-157.0,-157.0,-157.0,-157.0,-154.5,-151.5,-157.0,-157.0,-157.0,-155.5,-157.0,-157.0,-156.0,-152.0,-157.0,-157.0,-155.5,-153.5,-157.0,-155.0,-153.0,-153.5,-157.0,-155.0,-154.5,-156.5,-152.0,-150.0,-150.5,-155.5,-157.0,-157.0,-157.0,-157.0,-154.0,-155.0,-155.5,-155.0,-155.0,-153.0,-157.0,-157.0,-157.0,-157.0,-157.0,-157.0,-154.0,-153.0,-157.0,-157.0,-157.0,-157.0,-155.0,-154.5,-153.5,-157.0,-157.0,-153.5,-157.0,-155.5,-151.0,-154.5,-157.0,-157.0,-157.0,-151.5,-156.0,-152.5,-157.0,-157.0,-155.0,-157.0,-157.0,-157.0,-154.5,-156.0,-157.0,-155.5,-157.0,-157.0,-152.0,-157.0,-150.0,-153.5,-157.0,-156.0,-155.5,-157.0,-153.5,-157.0,-157.0,-157.0,-157.0,-157.0,-154.0,-152.0,-157.0,-157.0,-156.5,-157.0,-156.5,-157.0,-153.0,-157.0,-157.0,-157.0,-155.0,-155.5,-155.0,-156.5,-155.5,-154.5,-154.0,-157.0,-153.0,-153.5,-157.0,-157.0,-157.0,-154.0,-154.0,-151.5,-155.5,-156.5,-155.0,-153.5,-157.0,-156.5,-155.0,-152.5,-157.0,-157.0,-157.0,-154.5,-153.5,-152.0,-155.5,-157.0,-156.0,-157.0,-157.0,-149.0,-149.5,-157.0,-157.0,-157.0,-157.0,-157.0,-155.0,-154.5,-149.0,-153.5,-150.0,-157.0,-157.0,-155.5,-157.0,-157.0,-150.5,-151.5,-150.5,-155.5,-157.0,-157.0,-156.5,-157.0,-157.0,-157.0,-157.0,-155.5,-156.0,-154.0,-153.5,-154.5,-157.0,-157.0,-155.5,-157.0,-157.0,-157.0,-155.5,-157.0,-157.0,-157.0,-157.0,-150.5,-152.0,-154.0,-154.0,-156.5,-156.5,-153.0,-155.5,-157.0,-157.0,-157.0,-157.0,-156.0,-154.0,-156.0,-157.0,-155.0,-156.5,-157.0,-154.5,-156.5,-151.5,-153.0,-157.0,-157.0,-157.0,-157.0,-152.5,-152.5,-157.0,-157.0,-157.0,-157.0,-157.0,-155.5,-157.0,-156.5,-156.0,-155.0,-155.5,-157.0,-155.0,-157.0,-156.0,-156.0,-154.5,-154.5,-153.5,-157.0,-156.5,-156.5,-152.5,-157.0,-157.0,-157.0,-157.0,-157.0,-156.0,-157.0,-157.0,-152.0,-156.0,-157.0,-157.0,-157.0,-157.0,-156.0,-155.0,-157.0,-157.0,-157.0,-155.0,-156.5,-157.0,-157.0,-155.0,-153.0,-157.0,-157.0,-155.0,-155.5,-156.0,-153.0,-155.0,-151.0,-150.0,-157.0,-156.5,-155.5,-147.5,-151.5,-157.0,-154.0,-150.0,-152.5,-155.5,-154.0,-156.0,-155.0,-156.5,-157.0,-157.0,-155.0,-153.0,-157.0,-155.0,-157.0,-155.0,-156.5,-152.0,-157.0,-157.0,-154.5,-155.0,-157.0,-157.0,-156.5,-157.0,-157.0,-153.0,-153.0,-155.5,-154.5,-152.5,-152.5,-157.0,-157.0,-156.0,-150.5,-156.5,-155.0,-153.5,-157.0,-157.0,-153.5,-151.5,-157.0,-157.0,-157.0,-153.5,-157.0,-157.0,-157.0,-157.0,-157.0,-157.0,-155.5,-154.5,-157.0,-157.0,-151.0,-152.5,-155.5,-153.0,-153.0,-152.5,-157.0,-153.5,-151.5,-153.0,-157.0,-157.0,-157.0,-157.0,-155.0,-157.0,-155.0,-157.0,-157.0,-153.5,-156.5,-157.0,-157.0,-151.0,-153.5,-157.0,-157.0,-153.0,-157.0,-157.0,-152.0,-155.0,-157.0,-157.0,-154.0,-155.5,-156.5,-151.0,-154.5,-157.0,-157.0,-155.5,-153.5,-157.0,-157.0,-156.0,-157.0,-157.0,-157.0,-157.0,-157.0,-154.5,-153.5,-157.0,-157.0,-156.0,-157.0,-156.5,-154.5,-157.0,-157.0,-157.0,-157.0,-157.0,-157.0,-157.0,-157.0,-154.5,-154.0,-156.0,-157.0,-157.0,-155.0,-157.0,-157.0,-156.5,-153.5,-157.0,-153.5,-157.0,-157.0,-157.0,-155.0,-155.0,-157.0,-155.5,-157.0,-157.0,-157.0,-157.0,-156.0,-157.0,-157.0,-157.0,-157.0,-154.0,-156.5,-157.0,-153.0,-150.0,-157.0,-157.0,-157.0,-157.0,-155.5,-157.0,-153.0,-151.5,-152.0,-154.5,-155.5,-152.5,-155.0,-155.0,-151.0,-157.0,-157.0,-157.0,-157.0,-157.0,-156.0,-154.0,-152.0,-157.0,-157.0,-157.0,-157.0,-157.0,-149.0,-150.5,-157.0,-157.0
2026-01-17 14:13:41.702,143.049967,5,-77,-157.0,-157.0,-154.5,-156.0,-157.0,-148.0,-147.0,-156.5,-157.0,-157.0,-157.0,-157.0,-154.0,-157.0,-157.0,-157.0,-157.0,-157.0,-155.5,-157.0,-154.0,-150.5,-155.5,-157.0,-157.0,-154.0,-156.5,-156.0,-151.5,-153.5,-157.0,-156.5,-154.5,-157.0,-152.0,-154.5,-155.5,-156.0,-156.0,-157.0,-157.0,-157.0,-157.0,-156.0,-154.0,-153.0,-153.0,-152.5,-157.0,-157.0,-157.0,-157.0,-157.0,-154.5,-157.0,-154.5,-157.0,-157.0,-157.0,-157.0,-154.5,-151.5,-152.0,-157.0,-157.0,-155.5,-157.0,-157.0,-153.5,-157.0,-157.0,-157.0,-157.0,-154.0,-155.0,-151.5,-157.0,-157.0,-153.0,-157.0,-157.0,-157.0,-157.0,-156.5,-156.0,-153.0,-157.0,-156.0,-151.0,-157.0,-151.5,-152.5,-157.0,-157.0,-157.0,-154.5,-157.0,-157.0,-156.0,-157.0,-157.0,-157.0,-157.0,-152.5,-157.0,-157.0,-155.0,-157.0,-157.0,-156.0,-153.0,-156.0,-157.0,-155.5,-150.5,-150.0,-157.0,-155.0,-154.5,-152.5,-156.5,-157.0,-152.0,-152.5,-156.5,-155.5,-155.0,-154.0,-153.0,-156.5,-157.0,-157.0,-154.0,-154.0,-157.0,-157.0,-154.0,-150.0,-155.5,-157.0,-157.0,-157.0,-155.5,-153.5,-155.0,-157.0,-157.0,-155.0,-155.0,-151.5,-149.5,-155.5,-157.0,-157.0,-157.0,-157.0,-157.0,-156.5,-149.5,-152.5,-150.5,-155.0,-157.0,-154.0,-154.5,-157.0,-149.5,-148.0,-153.5,-157.0,-157.0,-157.0,-157.0,-157.0,-157.0,-157.0,-157.0,-153.0,-153.5,-154.0,-155.0,-157.0,-157.0,-156.0,-156.0,-156.0,-157.0,-157.0,-157.0,-157.0,-157.0,-154.5,-151.5,-151.0,-157.0,-153.0,-155.0,-157.0,-157.0,-157.0,-154.5,-156.5,-155.5,-157.0,-156.0,-157.0,-157.0,-157.0,-157.0,-157.0,-157.0,-157.0,-156.5,-157.0,-150.0,-150.0,-152.0,-155.5,-157.0,-157.0,-149.5,-152.5,-157.0,-157.0,-157.0,-155.5,-155.5,-157.0,-157.0,-156.0,-157.0,-157.0,-157.0,-157.0,-154.5,-154.5,-156.0,-153.5,-157.0,-157.0,-155.5,-157.0,-157.0,-156.0,-152.0,-157.0,-157.0,-157.0,-157.0,-157.0,-157.0,-157.0,-157.0,-153.5,-156.0,-157.0,-157.0,-157.0,-154.0,-154.5,-153.5,-156.0,-157.0,-157.0,-157.0,-157.0,-157.0,-157.0,-150.5,-151.0,-153.5,-157.0,-157.0,-157.0,-157.0,-157.0,-154.0,-154.5,-155.5,-157.0,-157.0,-157.0,-149.0,-152.5,-157.0,-157.0,-153.0,-157.0,-157.0,-152.0,-153.5,-157.0,-157.0,-157.0,-157.0,-155.0,-152.0,-157.0,-155.5,-157.0,-157.0,-157.0,-156.0,-156.5,-157.0,-157.0,-157.0,-157.0,-157.0,-155.5,-157.0,-153.0,-151.0,-153.0,-157.0,-155.5,-154.5,-150.5,-155.5,-157.0,-152.5,-151.0,-157.0,-155.5,-151.5,-152.5,-152.5,-153.0,-152.0,-155.5,-157.0,-157.0,-155.0,-156.5,-156.5,-156.0,-156.5,-155.5,-154.5,-157.0,-156.0,-155.0,-157.0,-156.5,-156.5,-157.0,-152.5,-150.0,-154.0,-155.5,-157.0,-153.5,-151.0,-153.0,-157.0,-157.0,-155.5,-153.5,-157.0,-154.0,-157.0,-157.0,-154.5,-157.0,-157.0,-157.0,-153.0,-153.5,-157.0,-156.5,-155.5,-157.0,-157.0,-155.0,-157.0,-157.0,-157.0,-153.5,-155.5,-153.5,-152.0,-157.0,-157.0,-157.0,-157.0,-154.0,-157.0,-157.0,-157.0,-157.0,-157.0,-157.0,-157.0,-157.0,-156.0,-155.5,-157.0,-157.0,-157.0,-157.0,-156.5,-155.5,-157.0,-157.0,-157.0,-157.0,-156.5,-157.0,-157.0,-157.0,-157.0,-157.0,-155.5,-157.0,-157.0,-155.0,-157.0,-157.0,-157.0,-154.5,-157.0,-156.5,-157.0,-155.0,-155.5,-157.0,-156.0,-157.0,-155.5,-156.0,-156.0,-153.0,-157.0,-157.0,-157.0,-155.0,-157.0,-157.0,-156.0,-157.0,-157.0,-150.0,-150.0,-157.0,-157.0,-157.0,-157.0,-157.0,-153.0,-150.0,-154.0,-157.0,-157.0,-157.0,-157.0,-157.0,-157.0,-152.0,-155.0,-154.5,-157.0,-157.0,-157.0,-152.5,-152.5,-153.5,-157.0,-157.0,-157.0,-157.0,-156.0,-151.0,-153.0,-156.5,-157.0
2026-01-17 14:13:41.730,143.049967,5,-77,-157.0,-157.0,-157.0,-157.0,-157.0,-152.5,-152.0,-157.0,-157.0,-157.0,-157.0,-154.5,-152.5,-157.0,-157.0,-157.0,-157.0,-155.5,-153.0,-157.0,-157.0,-152.5,-153.5,-157.0,-157.0,-154.0,-155.0,-157.0,-154.5,-157.0,-157.0,-157.0,-157.0,-154.0,-152.0,-157.0,-157.0,-157.0,-157.0,-156.5,-156.5,-157.0,-157.0,-157.0,-157.0,-155.0,-153.0,-156.0,-157.0,-157.0,-157.0,-156.0,-156.5,-153.5,-155.5,-157.0,-156.5,-157.0,-156.5,-157.0,-157.0,-157.0,-157.0,-157.0,-157.0,-157.0,-153.5,-157.0,-157.0,-157.0,-157.0,-157.0,-156.5,-157.0,-156.5,-149.5,-151.5,-157.0,-148.0,-151.0,-157.0,-154.5,-157.0,-157.0,-153.0,-154.5,-157.0,-154.5,-152.5,-153.5,-156.5,-154.0,-157.0,-157.0,-157.0,-152.5,-157.0,-157.0,-153.0,-154.5,-157.0,-157.0,-157.0,-156.0,-157.0,-157.0,-157.0,-157.0,-157.0,-154.0,-157.0,-157.0,-157.0,-155.0,-151.0,-150.0,-155.5,-157.0,-157.0,-152.0,-157.0,-156.5,-153.5,-154.5,-152.0,-155.5,-152.0,-157.0,-154.0,-157.0,-157.0,-157.0,-157.0,-153.5,-156.5,-157.0,-149.5,-150.5,-157.0,-157.0,-157.0,-155.0,-155.0,-156.5,-155.0,-157.0,-157.0,-157.0,-153.0,-152.5,-155.5,-157.0,-157.0,-156.5,-157.0,-157.0,-157.0,-150.0,-149.0,-157.0,-153.0,-154.0,-156.5,-154.5,-152.0,-157.0,-151.5,-150.5,-157.0,-157.0,-157.0,-157.0,-157.0,-156.5,-157.0,-157.0,-154.5,-153.5,-154.0,-157.0,-157.0,-157.0,-157.0,-154.5,-157.0,-157.0,-157.0,-157.0,-157.0,-157.0,-155.5,-151.0,-148.0,-152.0,-157.0,-155.5,-157.0,-157.0,-156.5,-157.0,-156.5,-154.0,-154.5,-157.0,-155.0,-153.5,-157.0,-157.0,-157.0,-157.0,-157.0,-157.0,-157.0,-157.0,-154.0,-154.5,-153.0,-154.5,-157.0,-157.0,-151.0,-157.0,-156.5,-155.0,-156.5,-156.0,-157.0,-157.0,-154.0,-153.5,-157.0,-157.0,-157.0,-157.0,-154.5,-151.0,-153.0,-152.0,-156.0,-155.5,-157.0,-155.5,-154.0,-154.0,-150.5,-157.0,-153.5,-154.0,-157.0,-157.0,-154.0,-153.5,-157.0,-157.0,-157.0,-155.5,-156.5,-154.0,-152.0,-157.0,-155.5,-157.0,-157.0,-155.0,-157.0,-157.0,-157.0,-154.5,-152.5,-154.0,-149.5,-153.0,-157.0,-157.0,-156.5,-154.0,-154.0,-157.0,-155.5,-156.0,-156.0,-157.0,-151.0,-152.5,-157.0,-157.0,-153.0,-157.0,-157.0,-148.5,-151.0,-157.0,-157.0,-155.0,-154.5,-157.0,-156.5,-157.0,-156.5,-156.5,-157.0,-157.0,-157.0,-157.0,-157.0,-155.5,-157.0,-157.0,-157.0,-155.5,-157.0,-151.0,-151.5,-157.0,-157.0,-156.5,-154.0,-152.0,-157.0,-152.0,-151.5,-155.0,-157.0,-151.5,-156.0,-153.0,-149.0,-149.5,-153.5,-154.0,-157.0,-157.0,-157.0,-157.0,-157.0,-153.0,-154.5,-152.5,-155.5,-156.5,-156.5,-154.5,-157.0,-157.0,-157.0,-157.0,-152.5,-149.5,-152.5,-155.0,-157.0,-155.5,-149.5,-150.5,-154.0,-156.0,-153.5,-152.0,-156.5,-152.0,-154.0,-157.0,-155.5,-157.0,-157.0,-157.0,-155.5,-155.0,-157.0,-154.0,-155.5,-157.0,-157.0,-156.5,-156.0,-157.0,-157.0,-155.5,-157.0,-156.0,-155.0,-157.0,-157.0,-157.0,-157.0,-157.0,-157.0,-157.0,-157.0,-157.0,-157.0,-155.0,-154.5,-157.0,-157.0,-157.0,-157.0,-156.5,-156.5,-157.0,-156.5,-155.5,-155.5,-157.0,-157.0,-157.0,-153.0,-156.5,-157.0,-157.0,-157.0,-157.0,-157.0,-157.0,-157.0,-154.5,-157.0,-157.0,-157.0,-152.0,-156.5,-157.0,-157.0,-156.0,-157.0,-154.5,-155.5,-157.0,-155.0,-153.0,-153.5,-152.0,-155.0,-156.0,-152.0,-154.0,-157.0,-157.0,-157.0,-157.0,-152.5,-153.0,-153.5,-157.0,-157.0,-157.0,-155.5,-157.0,-149.0,-151.5,-157.0,-157.0,-157.0,-157.0,-157.0,-157.0,-157.0,-153.0,-155.5,-153.5,-157.0,-157.0,-157.0,-152.0,-151.5,-155.0,-157.0,-157.0,-157.0,-157.0,-157.0,-154.5,-157.0,-156.0,-157.0
2026-01-17 14:13:41.769,143.049967,5,-77,-157.0,-157.0,-157.0,-157.0,-154.5,-155.5,-155.5,-157.0,-157.0,-157.0,-157.0,-157.0,-151.0,-157.0,-156.5,-157.0,-157.0,-152.0,-153.0,-154.5,-156.0,-157.0,-157.0,-157.0,-157.0,-157.0,-157.0,-157.0,-156.5,-157.0,-157.0,-157.0,-157.0,-155.0,-154.5,-156.0,-157.0,-157.0,-157.0,-156.5,-153.5,-153.0,-155.0,-155.5,-157.0,-157.0,-153.5,-152.5,-157.0,-157.0,-157.0,-157.0,-156.0,-157.0,-157.0,-157.0,-154.5,-154.5,-153.5,-153.0,-157.0,-157.0,-157.0,-155.0,-157.0,-153.5,-152.0,-153.5,-157.0,-157.0,-157.0,-152.5,-152.0,-157.0,-157.0,-149.5,-149.5,-152.5,-148.0,-148.5,-157.0,-156.5,-157.0,-156.0,-153.0,-155.5,-157.0,-155.5,-157.0,-152.0,-152.5,-151.5,-155.5,-155.5,-157.0,-151.5,-154.5,-157.0,-157.0,-157.0,-157.0,-153.5,-157.0,-156.5,-156.0,-157.0,-157.0,-157.0,-151.0,-150.0,-153.5,-157.0,-157.0,-157.0,-157.0,-155.0,-157.0,-157.0,-157.0,-153.0,-154.0,-157.0,-157.0,-152.0,-151.0,-157.0,-155.0,-154.5,-152.0,-155.0,-155.5,-157.0,-157.0,-154.0,-157.0,-154.0,-151.5,-157.0,-157.0,-157.0,-155.0,-152.5,-153.5,-157.0,-157.0,-154.0,-153.5,-154.5,-153.5,-149.5,-157.0,-157.0,-157.0,-154.5,-157.0,-155.0,-157.0,-147.5,-150.0,-157.0,-157.0,-157.0,-156.0,-157.0,-154.0,-157.0,-157.0,-157.0,-156.5,-153.5,-156.5,-157.0,-157.0,-154.0,-157.0,-154.5,-152.5,-150.0,-153.5,-157.0,-157.0,-157.0,-157.0,-155.0,-157.0,-154.5,-154.5,-157.0,-156.0,-157.0,-156.0,-154.0,-150.5,-152.0,-157.0,-157.0,-157.0,-157.0,-157.0,-157.0,-157.0,-156.0,-157.0,-157.0,-157.0,-153.0,-154.0,-156.0,-157.0,-157.0,-157.0,-157.0,-157.0,-156.5,-153.5,-157.0,-157.0,-156.5,-157.0,-157.0,-153.0,-157.0,-154.5,-155.5,-153.0,-152.0,-156.5,-157.0,-153.5,-156.5,-153.0,-157.0,-157.0,-157.0,-156.5,-154.0,-156.0,-154.0,-155.5,-155.5,-157.0,-154.5,-154.5,-155.0,-149.5,-157.0,-154.5,-152.5,-157.0,-152.0,-148.5,-150.5,-152.5,-157.0,-157.0,-157.0,-156.0,-153.5,-153.5,-154.5,-155.5,-157.0,-157.0,-155.5,-157.0,-157.0,-157.0,-157.0,-157.0,-153.5,-148.5,-150.5,-157.0,-157.0,-154.5,-155.5,-153.5,-157.0,-157.0,-157.0,-156.5,-154.0,-152.0,-157.0,-157.0,-154.5,-150.0,-153.5,-157.0,-151.0,-152.5,-157.0,-157.0,-153.0,-154.0,-157.0,-157.0,-157.0,-157.0,-157.0,-157.0,-157.0,-157.0,-157.0,-157.0,-154.5,-157.0,-157.0,-157.0,-157.0,-157.0,-155.0,-157.0,-157.0,-156.5,-151.5,-156.0,-155.5,-157.0,-153.5,-150.5,-154.5,-153.0,-148.5,-152.0,-157.0,-153.0,-152.0,-157.0,-157.0,-157.0,-157.0,-157.0,-157.0,-157.0,-152.0,-157.0,-156.5,-157.0,-157.0,-157.0,-155.5,-154.0,-155.5,-157.0,-157.0,-155.0,-153.0,-151.0,-154.0,-156.0,-154.5,-156.5,-155.0,-155.5,-156.5,-157.0,-153.5,-157.0,-154.5,-154.5,-157.0,-156.0,-157.0,-155.5,-157.0,-157.0,-157.0,-156.5,-152.0,-154.5,-157.0,-157.0,-157.0,-157.0,-154.0,-157.0,-154.0,-154.5,-157.0,-157.0,-157.0,-157.0,-157.0,-157.0,-157.0,-157.0,-157.0,-157.0,-157.0,-153.0,-150.5,-153.0,-157.0,-157.0,-157.0,-157.0,-153.0,-155.0,-157.0,-154.0,-152.0,-153.5,-156.0,-157.0,-157.0,-153.0,-155.5,-154.5,-155.0,-157.0,-157.0,-157.0,-157.0,-157.0,-155.0,-157.0,-157.0,-157.0,-150.5,-153.5,-154.5,-157.0,-157.0,-157.0,-151.5,-154.0,-157.0,-157.0,-153.5,-157.0,-155.0,-155.0,-152.5,-152.0,-155.5,-157.0,-157.0,-157.0,-157.0,-154.0,-157.0,-157.0,-157.0,-157.0,-154.5,-150.5,-151.5,-148.5,-157.0,-157.0,-157.0,-156.5,-157.0,-157.0,-155.5,-155.5,-157.0,-154.5,-155.0,-153.5,-154.0,-155.0,-154.5,-153.0,-154.5,-157.0,-157.0,-155.0,-157.0,-157.0,-151.5,-154.0,-154.5,-156.5
2026-01-17 14:13:41.800,143.049967,5,-77,-157.0,-157.0,-157.0,-157.0,-157.0,-154.5,-154.5,-155.0,-157.0,-157.0,-157.0,-153.0,-149.5,-154.5,-157.0,-155.5,-157.0,-156.0,-157.0,-154.0,-156.0,-157.0,-157.0,-155.5,-156.0,-157.0,-157.0,-157.0,-157.0,-157.0,-157.0,-157.0,-157.0,-157.0,-157.0,-157.0,-157.0,-157.0,-157.0,-157.0,-157.0,-152.0,-154.0,-151.0,-154.0,-157.0,-156.0,-152.0,-154.5,-157.0,-157.0,-157.0,-157.0,-157.0,-157.0,-157.0,-157.0,-154.0,-154.5,-154.0,-157.0,-157.0,-156.5,-156.0,-157.0,-153.0,-155.5,-153.0,-155.0,-157.0,-157.0,-153.5,-151.5,-157.0,-152.5,-154.5,-153.5,-153.5,-154.0,-151.0,-157.0,-157.0,-157.0,-154.5,-154.5,-153.5,-155.0,-156.5,-152.5,-152.5,-154.5,-150.5,-154.0,-153.5,-157.0,-153.5,-156.5,-157.0,-157.0,-157.0,-153.0,-150.5,-156.0,-156.5,-155.0,-153.5,-154.0,-157.0,-152.0,-151.5,-156.0,-157.0,-157.0,-157.0,-157.0,-157.0,-153.5,-154.5,-157.0,-155.0,-155.0,-157.0,-157.0,-154.0,-156.0,-157.0,-157.0,-156.0,-151.5,-152.5,-153.5,-152.5,-154.5,-155.0,-155.5,-155.0,-157.0,-157.0,-155.5,-154.5,-156.0,-155.0,-157.0,-157.0,-157.0,-156.5,-155.0,-154.5,-153.0,-151.0,-157.0,-157.0,-155.5,-155.5,-155.5,-155.0,-157.0,-149.0,-154.5,-157.0,-154.0,-155.5,-155.0,-156.0,-154.5,-157.0,-157.0,-157.0,-157.0,-154.5,-157.0,-157.0,-156.0,-156.0,-156.5,-152.5,-148.5,-147.5,-157.0,-157.0,-156.5,-156.5,-154.5,-157.0,-157.0,-155.5,-157.0,-157.0,-157.0,-157.0,-157.0,-157.0,-157.0,-154.0,-157.0,-157.0,-157.0,-157.0,-157.0,-157.0,-157.0,-157.0,-157.0,-157.0,-157.0,-157.0,-156.0,-152.5,-154.0,-157.0,-153.5,-154.5,-157.0,-156.0,-155.0,-157.0,-157.0,-157.0,-157.0,-157.0,-150.5,-153.5,-153.5,-157.0,-157.0,-149.0,-150.0,-156.5,-152.5,-156.0,-152.5,-156.0,-157.0,-157.0,-157.0,-156.5,-157.0,-157.0,-157.0,-153.5,-155.5,-156.0,-157.0,-157.0,-153.0,-157.0,-157.0,-152.5,-153.5,-152.0,-148.5,-157.0,-153.5,-154.5,-157.0,-157.0,-157.0,-157.0,-157.0,-157.0,-156.5,-157.0,-157.0,-157.0,-156.5,-157.0,-154.0,-156.5,-156.0,-156.0,-150.5,-152.5,-157.0,-155.0,-153.5,-157.0,-153.0,-153.0,-155.0,-156.5,-157.0,-153.0,-149.5,-153.0,-157.0,-155.0,-149.5,-154.0,-154.0,-155.0,-157.0,-157.0,-156.5,-153.0,-157.0,-157.0,-157.0,-157.0,-157.0,-157.0,-157.0,-154.0,-155.0,-157.0,-157.0,-157.0,-157.0,-157.0,-157.0,-157.0,-157.0,-157.0,-157.0,-157.0,-157.0,-149.5,-155.0,-157.0,-157.0,-156.5,-150.0,-152.5,-150.5,-148.0,-149.5,-156.0,-157.0,-156.5,-157.0,-157.0,-157.0,-157.0,-156.0,-157.0,-157.0,-150.5,-157.0,-157.0,-157.0,-153.5,-157.0,-153.0,-153.0,-157.0,-157.0,-157.0,-157.0,-157.0,-151.5,-153.0,-156.0,-157.0,-157.0,-155.5,-157.0,-156.5,-157.0,-157.0,-157.0,-157.0,-157.0,-153.5,-155.5,-157.0,-151.0,-154.5,-157.0,-157.0,-153.5,-155.5,-150.0,-151.0,-157.0,-154.5,-157.0,-151.5,-153.5,-154.5,-153.5,-155.5,-157.0,-157.0,-157.0,-157.0,-157.0,-154.5,-157.0,-154.5,-154.0,-157.0,-154.0,-150.0,-153.5,-157.0,-157.0,-157.0,-155.5,-152.0,-156.5,-154.0,-153.5,-153.0,-157.0,-156.5,-157.0,-156.0,-155.5,-152.0,-153.0,-153.0,-156.5,-157.0,-153.0,-155.0,-157.0,-157.0,-157.0,-157.0,-153.5,-149.0,-153.5,-154.5,-157.0,-157.0,-156.0,-153.5,-155.5,-157.0,-157.0,-157.0,-157.0,-155.0,-154.0,-153.0,-152.0,-157.0,-157.0,-157.0,-157.0,-157.0,-157.0,-157.0,-157.0,-157.0,-157.0,-151.5,-150.0,-150.0,-152.5,-155.0,-157.0,-157.0,-157.0,-157.0,-154.0,-154.0,-153.0,-154.0,-155.5,-157.0,-154.5,-155.0,-157.0,-157.0,-156.5,-154.5,-157.0,-154.0,-151.5,-157.0,-157.0,-152.5,-150.5,-157.0,-154.0
2026-01-17 14:13:41.834,143.049967,5,-77,-157.0,-157.0,-157.0,-157.0,-156.5,-154.5,-154.5,-156.0,-157.0,-157.0,-157.0,-155.0,-152.0,-152.5,-157.0,-153.5,-156.5,-157.0,-156.0,-153.5,-157.0,-157.0,-157.0,-152.0,-152.5,-157.0,-157.0,-157.0,-157.0,-152.5,-152.5,-156.5,-157.0,-157.0,-157.0,-157.0,-157.0,-157.0,-156.0,-156.0,-154.0,-152.0,-153.0,-151.5,-155.5,-155.0,-157.0,-156.0,-157.0,-157.0,-154.5,-157.0,-157.0,-157.0,-157.0,-157.0,-157.0,-155.5,-154.5,-157.0,-157.0,-157.0,-157.0,-157.0,-157.0,-151.0,-153.0,-156.0,-157.0,-157.0,-157.0,-157.0,-154.5,-156.0,-154.0,-157.0,-157.0,-156.5,-155.0,-155.0,-157.0,-157.0,-154.5,-153.5,-155.5,-154.5,-152.0,-152.5,-152.0,-157.0,-157.0,-153.5,-155.5,-157.0,-157.0,-157.0,-157.0,-157.0,-157.0,-157.0,-151.0,-153.0,-153.5,-157.0,-157.0,-155.0,-157.0,-157.0,-157.0,-157.0,-157.0,-157.0,-157.0,-155.5,-157.0,-156.0,-155.0,-154.5,-157.0,-152.5,-153.5,-156.5,-157.0,-154.0,-157.0,-157.0,-157.0,-157.0,-153.0,-155.5,-157.0,-152.5,-156.0,-156.0,-152.0,-152.0,-157.0,-157.0,-154.0,-151.5,-156.5,-157.0,-157.0,-156.5,-157.0,-157.0,-157.0,-157.0,-150.0,-154.0,-157.0,-157.0,-156.0,-156.0,-155.0,-154.0,-154.5,-149.0,-157.0,-157.0,-152.5,-152.0,-157.0,-155.5,-155.5,-157.0,-157.0,-157.0,-157.0,-157.0,-157.0,-157.0,-154.5,-157.0,-157.0,-155.0,-150.0,-149.5,-157.0,-157.0,-156.5,-153.5,-154.0,-157.0,-157.0,-157.0,-157.0,-157.0,-157.0,-157.0,-157.0,-157.0,-157.0,-154.5,-153.5,-157.0,-157.0,-156.0,-157.0,-157.0,-157.0,-157.0,-157.0,-157.0,-157.0,-157.0,-155.5,-154.5,-154.0,-157.0,-155.0,-155.5,-157.0,-157.0,-157.0,-157.0,-157.0,-157.0,-154.5,-151.0,-149.5,-152.5,-155.5,-157.0,-157.0,-148.5,-148.0,-150.0,-149.0,-157.0,-155.5,-157.0,-157.0,-157.0,-157.0,-153.0,-157.0,-157.0,-154.0,-154.5,-155.5,-156.0,-157.0,-157.0,-157.0,-157.0,-157.0,-153.5,-155.0,-153.0,-151.5,-157.0,-157.0,-156.5,-157.0,-157.0,-157.0,-157.0,-157.0,-157.0,-157.0,-157.0,-157.0,-157.0,-157.0,-157.0,-152.5,-154.0,-156.0,-157.0,-154.0,-156.5,-157.0,-154.0,-155.0,-157.0,-150.0,-150.0,-151.0,-151.5,-156.5,-157.0,-149.0,-152.5,-150.0,-151.5,-151.0,-153.0,-154.0,-154.5,-157.0,-154.0,-153.0,-154.5,-157.0,-157.0,-157.0,-153.5,-157.0,-157.0,-157.0,-150.5,-151.0,-157.0,-155.5,-157.0,-157.0,-157.0,-157.0,-157.0,-157.0,-157.0,-157.0,-157.0,-155.5,-149.0,-154.0,-157.0,-157.0,-157.0,-152.0,-154.5,-153.0,-152.5,-155.5,-157.0,-154.5,-157.0,-157.0,-157.0,-155.5,-157.0,-156.5,-157.0,-154.0,-149.5,-157.0,-155.5,-157.0,-150.0,-156.5,-151.0,-152.5,-157.0,-157.0,-157.0,-157.0,-157.0,-156.5,-154.5,-157.0,-157.0,-156.0,-156.5,-157.0,-155.0,-155.0,-157.0,-157.0,-157.0,-157.0,-154.0,-157.0,-154.0,-149.0,-149.5,-154.5,-157.0,-152.0,-152.0,-149.5,-151.0,-157.0,-154.0,-154.5,-152.0,-157.0,-156.5,-153.5,-154.0,-157.0,-157.0,-157.0,-157.0,-157.0,-153.5,-157.0,-151.5,-152.0,-157.0,-157.0,-154.0,-152.0,-156.0,-157.0,-157.0,-154.0,-152.5,-155.5,-154.0,-156.0,-154.0,-157.0,-157.0,-157.0,-155.0,-156.0,-154.0,-155.5,-154.0,-154.0,-154.5,-151.0,-155.5,-156.5,-157.0,-155.0,-157.0,-149.5,-147.0,-157.0,-157.0,-157.0,-155.0,-151.0,-152.0,-151.5,-154.5,-157.0,-157.0,-157.0,-155.5,-152.0,-151.5,-152.0,-157.0,-157.0,-156.0,-155.0,-153.0,-156.5,-157.0,-157.0,-157.0,-156.5,-152.5,-157.0,-154.0,-155.5,-154.5,-157.0,-157.0,-157.0,-157.0,-154.5,-157.0,-153.5,-152.0,-157.0,-157.0,-157.0,-157.0,-157.0,-157.0,-154.5,-154.5,-152.0,-150.5,-153.5,-157.0,-157.0,-152.5,-151.0,-156.5,-154.5
2026-01-17 14:13:41.866,143.049967,5,-77,-157.0,-157.0,-157.0,-157.0,-157.0,-157.0,-155.5,-156.5,-153.5,-157.0,-157.0,-157.0,-157.0,-155.0,-157.0,-154.0,-152.5,-157.0,-157.0,-152.0,-157.0,-156.0,-157.0,-154.5,-153.5,-156.5,-157.0,-157.0,-157.0,-151.5,-154.0,-155.5,-157.0,-157.0,-154.5,-151.5,-157.0,-157.0,-153.0,-153.0,-152.5,-157.0,-157.0,-156.0,-157.0,-155.5,-157.0,-157.0,-157.0,-155.5,-155.0,-157.0,-157.0,-157.0,-157.0,-156.0,-155.5,-157.0,-157.0,-157.0,-155.0,-157.0,-157.0,-157.0,-154.0,-152.5,-154.0,-157.0,-157.0,-157.0,-157.0,-157.0,-156.5,-152.0,-156.5,-157.0,-156.5,-157.0,-152.5,-157.0,-157.0,-157.0,-157.0,-156.5,-157.0,-157.0,-156.0,-151.5,-152.5,-157.0,-157.0,-154.0,-157.0,-157.0,-157.0,-157.0,-157.0,-152.0,-152.5,-157.0,-154.0,-157.0,-153.5,-154.0,-157.0,-155.0,-157.0,-157.0,-157.0,-157.0,-157.0,-157.0,-157.0,-154.0,-156.0,-154.5,-157.0,-157.0,-155.0,-151.0,-157.0,-157.0,-157.0,-154.0,-157.0,-154.0,-157.0,-157.0,-155.0,-156.5,-157.0,-153.5,-155.0,-153.5,-153.5,-151.0,-157.0,-157.0,-156.5,-152.5,-157.0,-157.0,-157.0,-157.0,-157.0,-157.0,-157.0,-156.5,-148.5,-151.5,-153.5,-154.0,-157.0,-157.0,-157.0,-149.5,-150.5,-148.5,-151.0,-157.0,-151.0,-150.5,-157.0,-157.0,-157.0,-156.0,-156.5,-157.0,-157.0,-157.0,-157.0,-154.5,-157.0,-153.0,-155.5,-156.0,-157.0,-156.5,-155.5,-157.0,-157.0,-153.5,-157.0,-154.0,-156.5,-157.0,-155.0,-156.5,-157.0,-157.0,-157.0,-157.0,-157.0,-157.0,-157.0,-157.0,-156.0,-157.0,-157.0,-157.0,-157.0,-157.0,-152.5,-152.0,-154.5,-156.0,-152.0,-156.5,-155.0,-156.5,-155.5,-157.0,-157.0,-157.0,-157.0,-157.0,-157.0,-157.0,-153.0,-149.5,-151.0,-156.5,-157.0,-157.0,-157.0,-151.5,-150.5,-151.5,-151.0,-154.5,-157.0,-157.0,-156.0,-157.0,-153.0,-151.0,-157.0,-156.5,-155.5,-157.0,-157.0,-157.0,-157.0,-157.0,-157.0,-157.0,-156.0,-155.5,-157.0,-157.0,-157.0,-157.0,-157.0,-157.0,-157.0,-157.0,-157.0,-155.5,-157.0,-157.0,-154.5,-157.0,-157.0,-157.0,-157.0,-157.0,-152.5,-156.5,-157.0,-157.0,-152.5,-157.0,-157.0,-157.0,-157.0,-157.0,-153.5,-152.5,-157.0,-153.0,-157.0,-157.0,-152.5,-153.5,-149.0,-150.5,-155.5,-157.0,-157.0,-156.5,-157.0,-153.5,-151.5,-153.0,-157.0,-156.0,-157.0,-156.0,-157.0,-157.0,-157.0,-155.0,-153.5,-153.5,-155.5,-157.0,-157.0,-156.0,-157.0,-157.0,-157.0,-153.0,-154.0,-157.0,-153.0,-151.5,-155.5,-157.0,-157.0,-157.0,-155.5,-156.5,-156.5,-154.5,-157.0,-157.0,-151.5,-154.0,-156.5,-156.5,-153.0,-157.0,-157.0,-157.0,-157.0,-151.5,-157.0,-152.5,-150.0,-147.0,-153.0,-152.5,-157.0,-157.0,-157.0,-157.0,-157.0,-157.0,-157.0,-155.0,-156.5,-156.0,-157.0,-157.0,-156.5,-153.5,-152.5,-157.0,-157.0,-157.0,-157.0,-153.5,-157.0,-154.0,-153.0,-152.5,-157.0,-157.0,-154.5,-150.0,-156.0,-152.5,-157.0,-155.5,-155.0,-155.5,-157.0,-157.0,-155.0,-155.0,-157.0,-157.0,-157.0,-157.0,-157.0,-154.5,-156.5,-154.5,-153.0,-157.0,-157.0,-157.0,-153.0,-155.0,-157.0,-157.0,-157.0,-156.0,-157.0,-157.0,-153.0,-151.0,-157.0,-156.5,-157.0,-157.0,-155.5,-157.0,-155.0,-157.0,-157.0,-152.0,-150.0,-157.0,-157.0,-157.0,-156.5,-155.5,-151.5,-150.0,-157.0,-157.0,-157.0,-157.0,-152.0,-153.5,-152.5,-156.0,-153.0,-152.5,-157.0,-152.0,-152.5,-151.5,-156.0,-157.0,-157.0,-153.5,-153.5,-153.0,-152.5,-152.5,-157.0,-157.0,-157.0,-155.5,-157.0,-153.0,-156.0,-157.0,-157.0,-155.0,-155.0,-154.0,-157.0,-157.0,-154.5,-153.0,-157.0,-157.0,-157.0,-157.0,-157.0,-157.0,-157.0,-157.0,-150.5,-152.0,-157.0,-157.0,-157.0,-151.0,-152.5,-157.0,-154.0
2026-01-17 14:13:41.900,143.049967,5,-77,-157.0,-157.0,-157.0,-157.0,-157.0,-157.0,-156.5,-154.0,-154.5,-157.0,-157.0,-157.0,-157.0,-154.0,-157.0,-153.0,-153.0,-157.0,-157.0,-152.5,-157.0,-155.5,-157.0,-157.0,-157.0,-157.0,-157.0,-157.0,-156.0,-152.0,-156.5,-157.0,-155.0,-154.0,-153.0,-150.0,-157.0,-157.0,-153.5,-153.0,-157.0,-157.0,-156.5,-157.0,-155.0,-153.0,-157.0,-157.0,-156.0,-156.5,-157.0,-154.5,-153.5,-157.0,-157.0,-151.0,-148.5,-152.5,-157.0,-153.5,-152.0,-157.0,-157.0,-154.0,-153.5,-156.0,-157.0,-157.0,-157.0,-157.0,-157.0,-157.0,-157.0,-152.0,-157.0,-157.0,-155.0,-153.0,-152.0,-157.0,-157.0,-157.0,-157.0,-157.0,-157.0,-157.0,-157.0,-157.0,-157.0,-157.0,-153.0,-152.5,-157.0,-155.5,-156.5,-157.0,-157.0,-153.5,-154.0,-157.0,-157.0,-157.0,-155.5,-153.5,-153.0,-151.5,-157.0,-157.0,-157.0,-156.5,-156.5,-157.0,-157.0,-155.5,-152.5,-155.5,-157.0,-157.0,-154.5,-150.5,-157.0,-157.0,-156.0,-154.0,-155.0,-154.5,-155.5,-153.5,-153.5,-154.5,-157.0,-154.0,-154.5,-151.5,-155.5,-152.0,-156.0,-156.0,-156.0,-152.0,-153.0,-153.0,-157.0,-157.0,-157.0,-157.0,-157.0,-157.0,-150.5,-152.5,-152.0,-152.0,-157.0,-157.0,-157.0,-150.0,-154.5,-151.5,-151.5,-153.0,-153.0,-151.5,-154.5,-157.0,-157.0,-157.0,-156.5,-157.0,-156.5,-156.0,-157.0,-153.5,-157.0,-154.5,-157.0,-154.5,-157.0,-155.5,-153.5,-157.0,-157.0,-153.5,-157.0,-155.5,-157.0,-155.5,-151.0,-150.5,-155.0,-154.0,-153.0,-157.0,-157.0,-157.0,-157.0,-156.0,-157.0,-157.0,-155.5,-157.0,-157.0,-152.0,-151.0,-152.0,-157.0,-153.0,-149.5,-154.0,-155.0,-155.5,-154.0,-157.0,-154.5,-156.0,-157.0,-157.0,-157.0,-157.0,-154.5,-154.0,-157.0,-154.5,-157.0,-157.0,-157.0,-157.0,-157.0,-157.0,-157.0,-154.0,-157.0,-155.5,-156.5,-157.0,-153.5,-151.5,-155.5,-157.0,-157.0,-156.0,-157.0,-157.0,-154.5,-153.5,-154.5,-157.0,-157.0,-157.0,-155.5,-157.0,-155.5,-155.5,-157.0,-157.0,-157.0,-157.0,-157.0,-157.0,-157.0,-157.0,-153.5,-152.0,-157.0,-157.0,-157.0,-157.0,-150.5,-152.5,-155.0,-154.0,-152.5,-157.0,-157.0,-157.0,-157.0,-154.5,-153.5,-153.0,-153.0,-154.0,-157.0,-157.0,-157.0,-155.0,-153.5,-152.0,-157.0,-157.0,-157.0,-155.5,-154.0,-156.5,-156.0,-155.5,-157.0,-154.5,-154.5,-157.0,-157.0,-157.0,-153.0,-156.0,-157.0,-156.5,-157.0,-157.0,-156.5,-154.5,-157.0,-157.0,-156.0,-153.5,-155.0,-155.0,-151.5,-153.0,-156.0,-157.0,-157.0,-154.5,-154.0,-157.0,-153.0,-153.5,-157.0,-153.0,-152.0,-156.0,-157.0,-157.0,-155.0,-155.0,-157.0,-157.0,-157.0,-154.0,-157.0,-155.0,-149.0,-149.0,-152.5,-153.0,-156.5,-157.0,-157.0,-157.0,-157.0,-154.5,-157.0,-157.0,-156.0,-156.5,-157.0,-157.0,-156.0,-156.5,-155.5,-157.0,-157.0,-157.0,-153.5,-152.5,-157.0,-156.0,-157.0,-152.0,-154.0,-157.0,-154.5,-152.5,-154.5,-151.5,-157.0,-157.0,-153.0,-157.0,-157.0,-157.0,-157.0,-157.0,-157.0,-157.0,-155.5,-154.5,-157.0,-157.0,-157.0,-155.0,-155.0,-157.0,-153.0,-154.0,-154.5,-153.0,-153.5,-157.0,-157.0,-157.0,-157.0,-157.0,-152.0,-153.5,-155.0,-155.5,-157.0,-155.5,-153.0,-157.0,-157.0,-157.0,-157.0,-153.5,-152.0,-157.0,-157.0,-157.0,-157.0,-153.0,-152.5,-156.5,-157.0,-157.0,-152.5,-155.0,-155.0,-157.0,-157.0,-156.5,-151.0,-150.0,-155.5,-154.5,-156.0,-157.0,-157.0,-157.0,-157.0,-155.0,-157.0,-157.0,-152.0,-151.5,-154.0,-156.5,-157.0,-157.0,-153.0,-154.5,-157.0,-157.0,-155.5,-154.0,-149.5,-150.0,-157.0,-157.0,-157.0,-153.0,-154.5,-157.0,-157.0,-157.0,-157.0,-157.0,-157.0,-157.0,-155.5,-157.0,-155.5,-152.0,-152.5,-151.5,-157.0,-157.0,-153.5
2026-01-17 14:13:41.933,143.049967,5,-77,-157.0,-157.0,-157.0,-157.0,-157.0,-157.0,-156.5,-155.5,-157.0,-153.5,-154.5,-157.0,-157.0,-152.0,-157.0,-153.5,-155.5,-157.0,-157.0,-156.0,-156.5,-156.0,-157.0,-157.0,-157.0,-157.0,-157.0,-157.0,-153.5,-153.5,-155.5,-156.5,-157.0,-152.0,-153.0,-153.0,-156.5,-156.0,-156.0,-151.0,-153.5,-156.0,-154.5,-157.0,-153.0,-153.0,-155.5,-156.5,-155.5,-157.0,-157.0,-157.0,-154.0,-157.0,-157.0,-154.0,-147.5,-148.5,-153.0,-155.0,-152.0,-157.0,-157.0,-156.0,-157.0,-157.0,-157.0,-157.0,-157.0,-154.0,-153.5,-155.0,-155.0,-153.5,-156.0,-157.0,-154.5,-153.5,-156.0,-157.0,-157.0,-157.0,-153.5,-157.0,-157.0,-156.5,-155.0,-157.0,-157.0,-157.0,-151.5,-152.5,-157.0,-155.0,-153.0,-157.0,-154.0,-153.5,-154.5,-157.0,-157.0,-157.0,-157.0,-156.0,-151.0,-151.5,-157.0,-157.0,-157.0,-157.0,-157.0,-157.0,-157.0,-156.5,-155.5,-157.0,-157.0,-155.0,-152.0,-151.5,-157.0,-157.0,-155.5,-155.5,-157.0,-157.0,-156.0,-154.5,-151.5,-153.5,-157.0,-154.5,-156.0,-153.0,-152.0,-152.5,-153.5,-154.5,-157.0,-151.0,-151.5,-152.0,-157.0,-157.0,-157.0,-157.0,-157.0,-157.0,-152.0,-156.0,-155.0,-151.5,-157.0,-157.0,-157.0,-153.0,-149.0,-150.5,-151.0,-149.5,-154.0,-153.5,-150.5,-156.5,-157.0,-157.0,-157.0,-157.0,-157.0,-154.5,-157.0,-154.5,-156.0,-156.5,-156.0,-154.5,-156.0,-151.5,-152.0,-157.0,-157.0,-154.0,-155.5,-157.0,-157.0,-157.0,-155.5,-151.0,-150.5,-157.0,-154.0,-154.5,-157.0,-157.0,-155.0,-153.5,-157.0,-157.0,-155.5,-155.0,-156.0,-155.0,-157.0,-155.5,-157.0,-153.5,-150.5,-153.5,-154.5,-157.0,-153.5,-154.0,-152.0,-152.0,-154.0,-156.5,-157.0,-157.0,-156.5,-157.0,-157.0,-153.0,-157.0,-157.0,-156.5,-157.0,-157.0,-157.0,-155.5,-154.0,-155.5,-155.5,-157.0,-154.0,-154.0,-155.5,-153.5,-157.0,-153.0,-153.5,-157.0,-155.0,-151.0,-152.5,-152.5,-157.0,-157.0,-154.0,-154.0,-157.0,-151.5,-152.0,-157.0,-157.0,-157.0,-157.0,-157.0,-157.0,-157.0,-157.0,-157.0,-151.5,-157.0,-155.5,-157.0,-157.0,-150.0,-152.0,-150.0,-152.5,-156.5,-157.0,-157.0,-157.0,-157.0,-154.0,-152.5,-152.0,-154.0,-157.0,-157.0,-157.0,-157.0,-154.0,-153.5,-155.0,-157.0,-157.0,-155.5,-155.0,-153.0,-157.0,-157.0,-157.0,-157.0,-157.0,-151.0,-157.0,-156.5,-155.0,-153.0,-153.0,-157.0,-157.0,-157.0,-154.5,-157.0,-155.0,-153.5,-156.0,-156.5,-157.0,-157.0,-155.5,-148.0,-149.0,-156.0,-155.5,-157.0,-151.0,-153.5,-156.0,-152.5,-154.0,-157.0,-152.5,-153.0,-157.0,-157.0,-157.0,-157.0,-156.0,-157.0,-157.0,-157.0,-153.0,-152.5,-157.0,-154.0,-157.0,-153.0,-153.0,-154.0,-157.0,-157.0,-157.0,-157.0,-151.5,-154.5,-157.0,-157.0,-157.0,-157.0,-157.0,-157.0,-157.0,-156.5,-154.5,-157.0,-157.0,-155.5,-153.5,-152.0,-152.0,-156.0,-152.0,-152.5,-157.0,-156.0,-157.0,-157.0,-151.0,-155.0,-157.0,-153.5,-156.0,-157.0,-157.0,-157.0,-157.0,-157.0,-155.0,-157.0,-156.5,-157.0,-157.0,-151.5,-151.0,-152.0,-156.5,-153.0,-156.5,-157.0,-154.5,-154.5,-157.0,-157.0,-157.0,-157.0,-157.0,-155.0,-157.0,-157.0,-156.5,-157.0,-152.5,-154.0,-157.0,-157.0,-157.0,-157.0,-155.0,-157.0,-157.0,-157.0,-157.0,-157.0,-152.5,-155.5,-156.0,-157.0,-156.0,-152.0,-157.0,-157.0,-157.0,-157.0,-157.0,-152.5,-151.5,-157.0,-157.0,-156.0,-157.0,-155.5,-157.0,-157.0,-157.0,-156.0,-153.0,-153.5,-153.5,-154.5,-155.5,-157.0,-154.5,-152.5,-157.0,-157.0,-157.0,-154.0,-153.0,-151.5,-151.5,-157.0,-157.0,-157.0,-151.5,-154.0,-157.0,-157.0,-157.0,-157.0,-157.0,-153.0,-153.0,-157.0,-157.0,-151.0,-148.5,-156.5,-155.0,-157.0,-157.0,-155.5
2026-01-17 14:13:41.964,143.049967,5,-77,-157.0,-157.0,-157.0,-157.0,-157.0,-154.5,-156.0,-157.0,-155.5,-152.0,-155.0,-155.5,-157.0,-154.5,-155.0,-156.0,-157.0,-157.0,-157.0,-156.5,-157.0,-157.0,-157.0,-156.5,-157.0,-157.0,-157.0,-157.0,-157.0,-157.0,-157.0,-157.0,-156.5,-154.5,-157.0,-154.0,-151.0,-155.0,-157.0,-152.0,-149.5,-152.5,-155.0,-157.0,-155.5,-154.5,-155.0,-154.5,-155.0,-157.0,-157.0,-157.0,-156.5,-157.0,-157.0,-157.0,-151.5,-154.0,-155.0,-157.0,-152.0,-156.5,-157.0,-156.0,-157.0,-157.0,-157.0,-157.0,-157.0,-151.5,-151.0,-156.5,-153.0,-157.0,-157.0,-156.0,-157.0,-156.5,-156.0,-157.0,-157.0,-157.0,-152.5,-157.0,-157.0,-156.0,-156.0,-157.0,-157.0,-157.0,-153.0,-157.0,-155.5,-151.0,-152.0,-157.0,-155.5,-157.0,-155.5,-156.5,-157.0,-157.0,-157.0,-157.0,-153.5,-155.5,-157.0,-157.0,-157.0,-157.0,-156.5,-157.0,-157.0,-156.0,-157.0,-151.5,-153.5,-154.5,-156.5,-155.5,-157.0,-155.0,-157.0,-157.0,-157.0,-157.0,-157.0,-157.0,-153.5,-154.5,-157.0,-154.5,-157.0,-157.0,-153.0,-156.0,-156.0,-154.5,-157.0,-154.0,-157.0,-155.0,-155.0,-157.0,-157.0,-157.0,-157.0,-153.5,-150.0,-152.0,-152.5,-151.5,-153.0,-157.0,-157.0,-157.0,-149.5,-151.5,-156.5,-153.0,-157.0,-157.0,-150.0,-157.0,-155.0,-156.0,-157.0,-154.5,-157.0,-157.0,-157.0,-155.0,-157.0,-153.0,-153.0,-157.0,-157.0,-156.0,-154.5,-157.0,-157.0,-157.0,-157.0,-157.0,-157.0,-157.0,-157.0,-156.5,-152.5,-154.0,-157.0,-155.5,-157.0,-157.0,-157.0,-154.0,-157.0,-157.0,-157.0,-157.0,-154.5,-154.5,-157.0,-157.0,-156.0,-157.0,-156.0,-157.0,-157.0,-156.5,-156.5,-157.0,-154.5,-153.5,-151.0,-152.0,-157.0,-157.0,-157.0,-157.0,-154.0,-153.5,-157.0,-157.0,-157.0,-154.5,-153.5,-157.0,-153.0,-154.5,-153.5,-155.0,-153.0,-152.5,-157.0,-157.0,-157.0,-157.0,-152.5,-157.0,-157.0,-157.0,-148.5,-148.0,-152.0,-157.0,-157.0,-154.5,-155.0,-157.0,-154.5,-154.0,-157.0,-157.0,-153.0,-153.5,-157.0,-156.0,-155.5,-157.0,-157.0,-152.5,-157.0,-154.0,-157.0,-157.0,-151.0,-152.0,-148.0,-151.5,-157.0,-157.0,-157.0,-157.0,-157.0,-157.0,-154.5,-155.0,-157.0,-157.0,-157.0,-156.5,-157.0,-153.0,-155.0,-157.0,-157.0,-157.0,-154.5,-157.0,-154.5,-157.0,-155.0,-153.0,-156.0,-157.0,-150.0,-154.5,-157.0,-157.0,-156.5,-154.0,-157.0,-157.0,-157.0,-154.0,-157.0,-157.0,-155.5,-155.0,-157.0,-157.0,-157.0,-152.0,-148.0,-149.0,-152.5,-155.0,-156.0,-150.0,-154.0,-156.0,-157.0,-157.0,-157.0,-157.0,-155.0,-155.0,-153.0,-156.5,-157.0,-156.5,-157.0,-157.0,-157.0,-157.0,-152.5,-154.0,-155.5,-157.0,-153.0,-153.5,-157.0,-157.0,-157.0,-157.0,-157.0,-151.5,-153.0,-157.0,-157.0,-153.5,-151.0,-152.5,-156.5,-155.5,-157.0,-153.0,-155.5,-157.0,-157.0,-155.0,-152.0,-153.0,-157.0,-157.0,-156.5,-154.5,-157.0,-157.0,-157.0,-150.0,-152.5,-157.0,-156.0,-152.0,-153.5,-154.5,-154.5,-157.0,-154.5,-153.5,-155.0,-157.0,-157.0,-154.5,-153.0,-154.0,-151.5,-157.0,-155.5,-157.0,-157.0,-157.0,-157.0,-157.0,-157.0,-157.0,-157.0,-157.0,-157.0,-157.0,-157.0,-157.0,-153.0,-154.0,-157.0,-157.0,-157.0,-157.0,-157.0,-154.5,-154.0,-157.0,-157.0,-157.0,-157.0,-156.5,-154.5,-154.5,-152.0,-149.5,-151.0,-154.0,-156.0,-157.0,-157.0,-157.0,-157.0,-154.0,-153.0,-156.0,-151.5,-150.5,-154.5,-157.0,-157.0,-157.0,-152.0,-154.5,-157.0,-151.0,-152.5,-155.0,-157.0,-155.5,-155.0,-157.0,-157.0,-157.0,-155.5,-155.0,-157.0,-156.5,-154.5,-157.0,-156.5,-149.5,-152.0,-154.5,-157.0,-157.0,-157.0,-154.0,-152.5,-157.0,-156.0,-157.0,-151.0,-148.0,-157.0,-157.0,-157.0,-157.0,-155.0
2026-01-17 14:13:42.001,143.049967,5,-77,-157.0,-157.0,-157.0,-157.0,-157.0,-152.5,-156.0,-157.0,-157.0,-157.0,-155.0,-154.0,-157.0,-157.0,-153.5,-155.5,-157.0,-153.5,-157.0,-157.0,-157.0,-157.0,-157.0,-157.0,-157.0,-156.5,-154.5,-157.0,-157.0,-157.0,-155.0,-157.0,-155.0,-156.0,-157.0,-153.0,-151.5,-157.0,-157.0,-154.0,-151.0,-153.0,-154.5,-157.0,-157.0,-155.5,-156.5,-153.5,-153.5,-157.0,-157.0,-157.0,-157.0,-157.0,-157.0,-157.0,-157.0,-157.0,-157.0,-157.0,-152.0,-155.5,-157.0,-157.0,-156.5,-157.0,-157.0,-157.0,-157.0,-154.0,-151.0,-157.0,-153.0,-157.0,-157.0,-154.5,-157.0,-155.0,-157.0,-157.0,-157.0,-157.0,-152.0,-156.0,-157.0,-157.0,-157.0,-157.0,-157.0,-156.5,-154.0,-155.5,-152.0,-150.0,-156.0,-157.0,-155.0,-157.0,-157.0,-157.0,-156.0,-157.0,-157.0,-153.0,-157.0,-157.0,-157.0,-157.0,-157.0,-154.5,-153.0,-157.0,-156.5,-157.0,-155.5,-149.5,-151.5,-155.5,-156.0,-155.5,-157.0,-155.5,-157.0,-157.0,-157.0,-157.0,-157.0,-157.0,-156.5,-152.0,-157.0,-156.5,-157.0,-157.0,-155.0,-151.0,-157.0,-157.0,-155.5,-157.0,-157.0,-157.0,-157.0,-157.0,-157.0,-157.0,-157.0,-151.5,-152.5,-150.0,-149.0,-157.0,-153.0,-157.0,-155.0,-156.5,-153.0,-156.5,-157.0,-157.0,-156.5,-157.0,-150.5,-157.0,-152.0,-156.0,-153.5,-151.0,-153.5,-157.0,-157.0,-155.5,-157.0,-154.0,-156.5,-157.0,-157.0,-157.0,-157.0,-157.0,-157.0,-157.0,-157.0,-157.0,-157.0,-157.0,-157.0,-157.0,-152.5,-150.5,-157.0,-154.5,-156.0,-156.5,-157.0,-155.0,-157.0,-157.0,-157.0,-157.0,-156.5,-153.0,-155.5,-157.0,-156.0,-157.0,-157.0,-157.0,-156.0,-156.0,-157.0,-157.0,-153.5,-152.0,-150.5,-150.5,-157.0,-157.0,-157.0,-157.0,-154.0,-155.0,-157.0,-157.0,-157.0,-153.5,-151.0,-155.0,-155.0,-155.0,-153.0,-155.0,-153.5,-152.0,-157.0,-157.0,-157.0,-157.0,-156.0,-157.0,-155.0,-157.0,-152.5,-148.5,-152.5,-157.0,-157.0,-154.5,-156.5,-157.0,-157.0,-157.0,-157.0,-157.0,-151.0,-150.0,-157.0,-153.5,-153.5,-157.0,-157.0,-155.5,-154.0,-155.5,-156.5,-154.5,-154.5,-151.5,-149.5,-148.0,-155.0,-157.0,-157.0,-157.0,-157.0,-157.0,-154.5,-157.0,-157.0,-154.0,-156.0,-154.5,-157.0,-153.5,-157.0,-154.5,-155.5,-157.0,-157.0,-157.0,-157.0,-157.0,-151.5,-149.5,-154.0,-157.0,-154.0,-157.0,-157.0,-157.0,-155.5,-155.0,-157.0,-157.0,-157.0,-155.0,-155.5,-157.0,-155.5,-157.0,-155.0,-152.5,-154.5,-152.5,-151.0,-149.5,-151.5,-157.0,-157.0,-150.0,-156.0,-155.5,-156.0,-157.0,-157.0,-157.0,-157.0,-154.5,-150.5,-157.0,-157.0,-155.0,-157.0,-157.0,-157.0,-157.0,-157.0,-157.0,-155.5,-155.5,-155.0,-153.0,-157.0,-154.5,-157.0,-157.0,-155.0,-153.5,-157.0,-157.0,-157.0,-151.5,-150.5,-152.5,-157.0,-155.5,-155.5,-157.0,-155.0,-157.0,-157.0,-157.0,-157.0,-155.5,-157.0,-157.0,-157.0,-154.5,-153.5,-157.0,-157.0,-151.5,-153.0,-157.0,-157.0,-153.0,-151.5,-154.0,-154.5,-157.0,-151.0,-152.5,-155.5,-157.0,-155.0,-156.0,-157.0,-157.0,-150.5,-153.0,-157.0,-154.0,-152.0,-156.5,-155.5,-154.0,-157.0,-157.0,-157.0,-157.0,-157.0,-157.0,-157.0,-157.0,-154.5,-157.0,-157.0,-157.0,-157.0,-157.0,-157.0,-154.0,-152.5,-157.0,-157.0,-157.0,-156.5,-155.0,-152.0,-154.5,-153.0,-152.5,-155.5,-151.0,-152.5,-157.0,-157.0,-157.0,-157.0,-157.0,-151.0,-152.0,-152.0,-151.5,-157.0,-157.0,-157.0,-157.0,-155.0,-157.0,-154.5,-149.5,-154.0,-154.5,-155.5,-157.0,-157.0,-157.0,-157.0,-157.0,-157.0,-156.0,-157.0,-152.5,-151.0,-153.0,-152.5,-149.5,-154.0,-152.0,-157.0,-157.0,-157.0,-154.0,-156.5,-157.0,-154.5,-157.0,-153.5,-150.5,-154.0,-157.0,-157.0,-157.0,-155.5
2026-01-17 14:13:42.031,143.049967,5,-77,-157.0,-157.0,-157.0,-157.0,-157.0,-151.5,-152.5,-153.5,-157.0,-157.0,-154.5,-152.5,-157.0,-157.0,-154.0,-151.5,-151.5,-152.0,-153.0,-157.0,-156.5,-157.0,-157.0,-156.5,-157.0,-157.0,-153.5,-157.0,-157.0,-152.5,-151.5,-153.5,-156.0,-157.0,-154.5,-151.0,-153.5,-157.0,-157.0,-150.5,-150.5,-156.5,-157.0,-157.0,-157.0,-157.0,-157.0,-157.0,-155.5,-157.0,-157.0,-157.0,-157.0,-157.0,-153.5,-152.0,-157.0,-157.0,-157.0,-157.0,-155.5,-157.0,-157.0,-157.0,-152.5,-152.5,-157.0,-157.0,-157.0,-156.0,-151.5,-153.0,-152.5,-153.5,-154.0,-152.0,-154.5,-151.5,-157.0,-157.0,-157.0,-157.0,-152.5,-156.5,-156.0,-157.0,-157.0,-157.0,-157.0,-154.0,-152.0,-152.5,-155.5,-155.5,-157.0,-157.0,-156.0,-157.0,-157.0,-157.0,-157.0,-157.0,-157.0,-152.0,-157.0,-157.0,-157.0,-157.0,-153.0,-152.0,-153.0,-156.5,-157.0,-157.0,-157.0,-154.0,-156.0,-157.0,-152.5,-156.0,-157.0,-155.0,-156.5,-153.5,-153.0,-157.0,-157.0,-157.0,-155.5,-152.0,-155.5,-157.0,-157.0,-157.0,-153.0,-149.5,-157.0,-157.0,-156.0,-157.0,-157.0,-157.0,-156.0,-157.0,-157.0,-157.0,-157.0,-150.5,-155.0,-153.5,-152.0,-157.0,-156.5,-157.0,-155.0,-157.0,-156.0,-157.0,-156.0,-157.0,-156.0,-156.0,-151.5,-154.5,-154.0,-157.0,-155.0,-151.5,-150.5,-156.0,-157.0,-156.0,-157.0,-157.0,-157.0,-157.0,-157.0,-157.0,-157.0,-156.0,-153.5,-154.5,-156.5,-157.0,-157.0,-157.0,-157.0,-157.0,-155.0,-152.5,-156.0,-157.0,-156.0,-154.0,-154.0,-157.0,-157.0,-157.0,-155.0,-157.0,-157.0,-157.0,-157.0,-154.0,-152.5,-157.0,-157.0,-157.0,-154.5,-157.0,-157.0,-157.0,-155.0,-153.5,-156.0,-153.0,-157.0,-157.0,-157.0,-154.5,-152.0,-153.5,-157.0,-157.0,-157.0,-157.0,-150.5,-151.5,-155.0,-152.5,-152.0,-157.0,-157.0,-152.0,-157.0,-157.0,-157.0,-157.0,-157.0,-157.0,-154.0,-154.5,-156.5,-151.5,-155.0,-156.0,-157.0,-156.5,-157.0,-155.5,-156.5,-157.0,-157.0,-157.0,-157.0,-150.5,-153.5,-155.0,-155.5,-157.0,-157.0,-157.0,-154.0,-157.0,-153.0,-152.0,-156.5,-157.0,-154.0,-149.0,-157.0,-157.0,-157.0,-157.0,-157.0,-155.5,-152.0,-155.5,-157.0,-155.0,-157.0,-155.0,-151.5,-154.5,-154.5,-154.5,-155.5,-157.0,-156.5,-157.0,-157.0,-155.5,-150.0,-152.0,-157.0,-157.0,-157.0,-157.0,-157.0,-157.0,-155.5,-156.0,-157.0,-157.0,-157.0,-153.5,-151.5,-153.5,-153.5,-157.0,-157.0,-152.5,-157.0,-156.0,-154.5,-155.0,-153.5,-157.0,-156.0,-150.0,-151.0,-156.0,-155.0,-156.0,-156.5,-157.0,-157.0,-157.0,-153.0,-157.0,-157.0,-156.5,-157.0,-157.0,-157.0,-156.5,-156.5,-157.0,-157.0,-152.5,-156.0,-154.0,-157.0,-152.5,-157.0,-157.0,-153.5,-153.0,-155.0,-157.0,-157.0,-152.5,-153.5,-156.5,-157.0,-157.0,-154.0,-157.0,-156.5,-157.0,-157.0,-157.0,-157.0,-156.5,-157.0,-155.0,-153.5,-157.0,-154.5,-157.0,-157.0,-154.0,-152.0,-157.0,-157.0,-157.0,-155.0,-157.0,-157.0,-157.0,-152.5,-155.0,-153.0,-154.0,-152.5,-155.5,-157.0,-157.0,-152.0,-157.0,-157.0,-153.0,-151.0,-157.0,-153.5,-154.0,-157.0,-157.0,-157.0,-156.5,-157.0,-155.5,-154.0,-153.5,-156.5,-157.0,-155.5,-156.5,-157.0,-156.5,-157.0,-157.0,-156.0,-157.0,-157.0,-157.0,-154.5,-154.5,-153.0,-153.0,-157.0,-157.0,-157.0,-153.5,-157.0,-155.0,-157.0,-157.0,-157.0,-157.0,-155.5,-151.0,-150.5,-157.0,-157.0,-156.5,-156.5,-156.0,-157.0,-157.0,-152.5,-151.0,-156.5,-157.0,-155.5,-157.0,-157.0,-157.0,-154.0,-157.0,-157.0,-153.5,-155.5,-153.5,-154.0,-154.0,-152.5,-153.0,-153.5,-152.0,-153.0,-157.0,-157.0,-156.5,-157.0,-155.5,-151.5,-155.0,-157.0,-154.5,-153.0,-152.0,-154.5,-157.0,-157.0
2026-01-17 14:13:42.066,143.049967,5,-77,-157.0,-157.0,-155.5,-157.0,-157.0,-153.0,-152.0,-151.0,-154.0,-156.0,-153.0,-151.5,-154.0,-154.5,-154.5,-152.0,-150.5,-153.0,-152.5,-157.0,-157.0,-157.0,-157.0,-156.0,-157.0,-157.0,-152.5,-153.5,-157.0,-152.5,-152.5,-155.5,-157.0,-157.0,-153.0,-150.5,-156.0,-157.0,-157.0,-152.5,-151.5,-157.0,-157.0,-157.0,-157.0,-157.0,-157.0,-157.0,-157.0,-157.0,-157.0,-157.0,-157.0,-157.0,-154.5,-150.0,-152.0,-154.5,-156.5,-157.0,-157.0,-157.0,-157.0,-156.5,-152.0,-150.0,-157.0,-155.5,-157.0,-157.0,-153.5,-153.0,-156.0,-151.5,-150.5,-151.5,-151.0,-151.5,-157.0,-157.0,-155.0,-157.0,-155.5,-157.0,-154.5,-156.0,-157.0,-157.0,-152.0,-153.0,-154.0,-156.5,-157.0,-157.0,-157.0,-157.0,-153.5,-157.0,-157.0,-157.0,-157.0,-157.0,-154.0,-155.0,-157.0,-157.0,-157.0,-157.0,-149.5,-150.5,-156.0,-157.0,-157.0,-157.0,-157.0,-157.0,-157.0,-156.0,-153.0,-157.0,-157.0,-157.0,-156.0,-157.0,-153.5,-157.0,-155.0,-157.0,-157.0,-154.5,-154.0,-157.0,-157.0,-157.0,-151.5,-150.0,-157.0,-157.0,-155.5,-156.0,-155.0,-157.0,-153.0,-157.0,-155.0,-157.0,-157.0,-149.5,-151.5,-156.5,-152.5,-157.0,-157.0,-157.0,-157.0,-155.5,-152.0,-153.0,-154.0,-157.0,-157.0,-157.0,-154.5,-157.0,-157.0,-155.5,-154.0,-156.0,-155.5,-157.0,-156.5,-157.0,-157.0,-157.0,-155.5,-154.0,-157.0,-155.5,-157.0,-154.5,-152.5,-153.5,-154.5,-154.5,-157.0,-155.5,-152.5,-153.0,-157.0,-157.0,-157.0,-157.0,-157.0,-156.5,-151.5,-156.0,-154.5,-154.5,-156.0,-157.0,-157.0,-157.0,-156.5,-152.5,-155.0,-155.5,-157.0,-157.0,-152.0,-155.5,-155.5,-157.0,-157.0,-156.0,-152.0,-152.0,-157.0,-157.0,-157.0,-155.0,-153.5,-154.0,-157.0,-155.5,-157.0,-157.0,-151.0,-151.5,-156.5,-157.0,-154.0,-157.0,-155.0,-151.0,-157.0,-157.0,-156.5,-157.0,-157.0,-157.0,-156.5,-157.0,-155.0,-154.5,-154.0,-154.5,-157.0,-157.0,-157.0,-156.0,-155.0,-153.5,-157.0,-157.0,-157.0,-153.5,-157.0,-157.0,-157.0,-156.0,-157.0,-157.0,-153.5,-152.5,-154.0,-157.0,-155.5,-157.0,-150.5,-152.5,-157.0,-157.0,-157.0,-157.0,-157.0,-149.5,-148.5,-154.0,-157.0,-156.5,-157.0,-157.0,-152.5,-157.0,-156.0,-157.0,-155.5,-153.5,-153.5,-157.0,-157.0,-156.5,-153.0,-155.0,-157.0,-157.0,-155.0,-157.0,-157.0,-157.0,-156.0,-157.0,-157.0,-157.0,-155.0,-154.5,-153.5,-157.0,-153.0,-157.0,-157.0,-154.0,-157.0,-156.5,-157.0,-157.0,-157.0,-157.0,-157.0,-151.0,-149.5,-156.5,-156.5,-157.0,-155.5,-156.0,-157.0,-157.0,-156.0,-157.0,-157.0,-157.0,-157.0,-157.0,-157.0,-155.0,-155.5,-157.0,-157.0,-154.0,-157.0,-153.5,-157.0,-151.5,-156.0,-157.0,-155.5,-154.5,-154.0,-157.0,-157.0,-155.5,-153.0,-157.0,-157.0,-157.0,-153.0,-157.0,-157.0,-157.0,-157.0,-156.5,-155.5,-157.0,-157.0,-155.0,-153.5,-157.0,-157.0,-157.0,-157.0,-153.0,-151.0,-155.5,-155.5,-157.0,-157.0,-155.5,-154.5,-155.5,-153.0,-157.0,-154.5,-157.0,-152.0,-154.0,-157.0,-154.5,-152.0,-157.0,-157.0,-157.0,-153.0,-155.5,-156.5,-157.0,-157.0,-157.0,-157.0,-157.0,-157.0,-157.0,-153.0,-151.0,-157.0,-157.0,-155.5,-154.5,-157.0,-155.0,-157.0,-157.0,-157.0,-157.0,-157.0,-153.5,-152.5,-157.0,-156.0,-153.0,-155.0,-157.0,-155.0,-157.0,-153.0,-152.0,-157.0,-153.0,-157.0,-157.0,-157.0,-154.0,-153.5,-157.0,-157.0,-157.0,-157.0,-154.5,-153.5,-157.0,-157.0,-155.5,-157.0,-157.0,-157.0,-157.0,-157.0,-157.0,-154.0,-157.0,-157.0,-152.5,-151.5,-154.5,-157.0,-156.5,-157.0,-157.0,-155.5,-157.0,-152.5,-156.0,-157.0,-157.0,-155.5,-154.0,-152.0,-153.0,-157.0,-157.0,-157.0,-149.0,-152.0,-154.0,-157.0
2026-01-17 14:13:42.098,143.049967,5,-77,-157.0,-157.0,-157.0,-157.0,-155.5,-157.0,-157.0,-153.5,-157.0,-157.0,-154.5,-154.5,-152.5,-154.5,-152.0,-156.0,-153.5,-155.5,-157.0,-157.0,-157.0,-157.0,-157.0,-155.5,-156.5,-157.0,-154.0,-152.5,-157.0,-157.0,-157.0,-157.0,-157.0,-157.0,-152.5,-152.5,-154.5,-156.0,-157.0,-155.0,-155.0,-157.0,-157.0,-157.0,-157.0,-156.5,-157.0,-157.0,-157.0,-157.0,-157.0,-156.5,-156.0,-157.0,-157.0,-153.0,-153.5,-157.0,-157.0,-157.0,-157.0,-157.0,-155.0,-153.5,-157.0,-152.0,-157.0,-154.0,-157.0,-154.5,-151.5,-151.0,-157.0,-156.0,-155.5,-157.0,-151.0,-154.0,-157.0,-154.5,-152.5,-154.0,-157.0,-157.0,-152.0,-154.5,-157.0,-157.0,-150.0,-150.5,-154.0,-156.0,-157.0,-157.0,-157.0,-150.5,-150.0,-153.0,-157.0,-157.0,-155.5,-154.0,-155.0,-156.5,-152.5,-155.0,-155.0,-157.0,-151.0,-153.0,-157.0,-157.0,-157.0,-156.0,-156.0,-157.0,-157.0,-156.5,-156.5,-157.0,-157.0,-157.0,-157.0,-157.0,-155.0,-157.0,-154.0,-157.0,-153.0,-154.0,-157.0,-157.0,-157.0,-157.0,-151.5,-151.5,-157.0,-157.0,-157.0,-157.0,-155.0,-151.0,-149.0,-154.0,-156.5,-157.0,-157.0,-150.0,-152.5,-152.5,-151.5,-154.0,-157.0,-157.0,-157.0,-155.0,-151.5,-151.0,-157.0,-157.0,-157.0,-157.0,-157.0,-157.0,-154.5,-157.0,-155.0,-157.0,-157.0,-156.5,-153.5,-157.0,-157.0,-157.0,-155.5,-152.5,-157.0,-152.0,-154.0,-152.5,-155.0,-157.0,-153.0,-153.5,-156.5,-157.0,-153.5,-154.5,-157.0,-157.0,-157.0,-157.0,-154.0,-157.0,-152.0,-152.5,-151.0,-157.0,-156.5,-154.5,-157.0,-156.0,-154.5,-154.5,-157.0,-157.0,-157.0,-157.0,-150.0,-149.0,-150.5,-157.0,-157.0,-157.0,-151.0,-155.5,-154.5,-156.0,-156.5,-154.0,-157.0,-157.0,-157.0,-154.5,-157.0,-155.0,-153.0,-156.0,-157.0,-157.0,-156.5,-157.0,-153.5,-150.0,-153.0,-157.0,-156.5,-156.0,-157.0,-157.0,-155.0,-157.0,-157.0,-157.0,-157.0,-157.0,-157.0,-157.0,-157.0,-157.0,-154.5,-154.5,-157.0,-157.0,-157.0,-157.0,-157.0,-157.0,-157.0,-157.0,-157.0,-157.0,-152.5,-150.0,-156.0,-157.0,-156.0,-153.0,-149.0,-157.0,-154.5,-155.5,-157.0,-157.0,-156.0,-149.0,-149.5,-153.0,-157.0,-156.0,-157.0,-157.0,-153.5,-157.0,-156.0,-157.0,-157.0,-157.0,-155.0,-153.5,-157.0,-157.0,-156.0,-153.5,-156.5,-155.5,-152.5,-157.0,-157.0,-156.0,-157.0,-157.0,-157.0,-153.5,-153.5,-157.0,-157.0,-155.0,-152.0,-152.0,-157.0,-154.5,-157.0,-157.0,-157.0,-155.0,-157.0,-157.0,-157.0,-150.5,-150.0,-157.0,-154.5,-157.0,-153.5,-152.5,-157.0,-157.0,-154.5,-157.0,-157.0,-157.0,-156.0,-157.0,-157.0,-157.0,-155.0,-152.5,-153.5,-155.0,-154.0,-154.0,-154.5,-154.5,-154.0,-155.5,-157.0,-157.0,-154.5,-153.5,-156.5,-157.0,-154.5,-156.5,-155.5,-150.0,-150.5,-156.0,-157.0,-157.0,-157.0,-154.0,-154.5,-155.5,-154.5,-157.0,-157.0,-157.0,-157.0,-157.0,-157.0,-153.5,-155.0,-157.0,-156.0,-157.0,-157.0,-157.0,-156.0,-154.0,-156.5,-156.5,-157.0,-157.0,-154.0,-154.5,-155.0,-157.0,-151.0,-153.5,-155.0,-157.0,-156.5,-154.0,-157.0,-157.0,-157.0,-157.0,-155.0,-155.5,-157.0,-157.0,-157.0,-154.0,-157.0,-157.0,-157.0,-155.5,-157.0,-155.0,-157.0,-157.0,-157.0,-157.0,-157.0,-157.0,-153.0,-157.0,-157.0,-154.5,-153.5,-157.0,-157.0,-157.0,-152.5,-153.5,-157.0,-151.5,-153.0,-154.5,-154.0,-155.0,-157.0,-157.0,-157.0,-157.0,-155.0,-157.0,-152.0,-157.0,-157.0,-157.0,-157.0,-157.0,-157.0,-157.0,-155.0,-157.0,-151.0,-154.0,-157.0,-156.0,-157.0,-157.0,-157.0,-155.5,-157.0,-157.0,-155.0,-155.0,-154.5,-157.0,-157.0,-157.0,-156.5,-155.0,-152.5,-151.5,-157.0,-157.0,-157.0,-150.5,-155.0,-152.0,-153.0
2026-01-17 14:13:42.134,143.049967,5,-77,-157.0,-157.0,-157.0,-157.0,-156.0,-157.0,-157.0,-155.5,-157.0,-157.0,-157.0,-157.0,-155.5,-157.0,-150.0,-152.5,-155.0,-157.0,-157.0,-157.0,-157.0,-153.0,-155.5,-157.0,-157.0,-156.5,-157.0,-153.5,-157.0,-157.0,-156.0,-156.5,-157.0,-157.0,-157.0,-157.0,-155.0,-153.5,-157.0,-154.0,-154.0,-157.0,-157.0,-157.0,-153.0,-153.0,-157.0,-157.0,-156.5,-155.5,-157.0,-157.0,-157.0,-157.0,-157.0,-157.0,-157.0,-157.0,-157.0,-153.0,-156.0,-156.5,-152.5,-153.0,-157.0,-153.0,-157.0,-155.0,-157.0,-155.5,-154.0,-154.0,-155.5,-157.0,-157.0,-156.5,-153.5,-152.5,-157.0,-157.0,-154.5,-157.0,-157.0,-157.0,-151.0,-154.0,-157.0,-157.0,-150.5,-150.5,-152.0,-153.5,-157.0,-157.0,-155.0,-150.5,-152.5,-157.0,-155.5,-154.5,-154.5,-155.5,-157.0,-155.0,-151.0,-152.0,-153.5,-156.0,-153.0,-157.0,-157.0,-157.0,-156.5,-157.0,-157.0,-157.0,-157.0,-156.0,-157.0,-157.0,-157.0,-157.0,-157.0,-157.0,-156.5,-157.0,-152.5,-157.0,-150.5,-150.5,-157.0,-157.0,-156.5,-157.0,-153.5,-153.5,-157.0,-156.5,-155.5,-157.0,-157.0,-148.5,-149.0,-154.0,-157.0,-157.0,-157.0,-152.0,-153.5,-151.0,-155.0,-157.0,-157.0,-157.0,-157.0,-154.5,-152.5,-154.5,-157.0,-157.0,-154.5,-153.0,-157.0,-150.5,-149.0,-153.5,-157.0,-152.0,-152.5,-154.0,-151.5,-155.0,-152.5,-153.5,-157.0,-156.5,-157.0,-151.0,-150.0,-153.5,-156.0,-157.0,-155.5,-157.0,-157.0,-157.0,-157.0,-157.0,-157.0,-156.0,-157.0,-150.5,-150.0,-157.0,-154.5,-150.5,-152.5,-157.0,-156.0,-150.5,-153.0,-156.5,-156.5,-157.0,-157.0,-157.0,-157.0,-157.0,-153.5,-150.5,-151.5,-157.0,-157.0,-157.0,-153.0,-156.0,-157.0,-157.0,-154.0,-153.0,-157.0,-157.0,-157.0,-157.0,-157.0,-154.5,-155.0,-157.0,-157.0,-157.0,-155.0,-155.0,-152.5,-148.0,-150.0,-157.0,-153.5,-156.0,-155.5,-157.0,-154.5,-154.5,-157.0,-157.0,-156.5,-157.0,-157.0,-157.0,-155.5,-157.0,-157.0,-157.0,-157.0,-156.0,-157.0,-156.5,-157.0,-155.0,-157.0,-157.0,-157.0,-154.5,-154.0,-150.5,-156.0,-154.0,-154.0,-153.5,-150.5,-153.0,-155.5,-154.0,-155.0,-157.0,-153.5,-151.5,-156.5,-157.0,-157.0,-154.5,-155.0,-157.0,-156.0,-157.0,-155.0,-157.0,-156.5,-157.0,-157.0,-150.5,-155.5,-157.0,-155.0,-157.0,-154.0,-156.0,-154.5,-157.0,-157.0,-157.0,-157.0,-157.0,-157.0,-157.0,-157.0,-157.0,-155.5,-155.5,-157.0,-154.5,-154.0,-155.0,-157.0,-157.0,-157.0,-155.0,-154.5,-157.0,-157.0,-154.0,-155.5,-156.5,-153.5,-157.0,-156.0,-151.0,-151.5,-157.0,-153.5,-151.0,-157.0,-156.5,-153.0,-153.0,-157.0,-157.0,-151.5,-148.5,-150.5,-157.0,-155.5,-155.5,-157.0,-156.0,-153.0,-157.0,-157.0,-152.5,-151.0,-152.5,-156.5,-156.0,-157.0,-157.0,-154.0,-151.5,-155.0,-157.0,-152.5,-153.0,-157.0,-156.0,-157.0,-154.0,-152.5,-157.0,-157.0,-157.0,-157.0,-157.0,-155.0,-153.0,-157.0,-157.0,-155.0,-157.0,-157.0,-157.0,-157.0,-152.5,-154.0,-154.0,-155.5,-157.0,-155.0,-153.0,-155.5,-151.0,-149.5,-152.5,-157.0,-157.0,-157.0,-154.0,-157.0,-157.0,-157.0,-157.0,-152.0,-156.0,-157.0,-157.0,-157.0,-156.0,-157.0,-157.0,-157.0,-157.0,-157.0,-154.5,-157.0,-157.0,-152.5,-155.5,-157.0,-157.0,-154.0,-157.0,-157.0,-157.0,-155.0,-157.0,-157.0,-157.0,-156.0,-155.0,-152.5,-151.5,-153.0,-155.0,-155.0,-156.5,-157.0,-157.0,-156.5,-157.0,-155.0,-155.0,-151.0,-155.5,-157.0,-157.0,-157.0,-156.5,-157.0,-155.0,-155.0,-152.5,-150.5,-156.0,-157.0,-156.5,-157.0,-157.0,-157.0,-157.0,-157.0,-157.0,-154.0,-155.5,-157.0,-157.0,-157.0,-157.0,-157.0,-157.0,-152.5,-152.5,-157.0,-157.0,-153.5,-151.5,-157.0,-154.5,-153.5
2026-01-17 14:13:42.173,143.049967,5,-77,-157.0,-157.0,-157.0,-157.0,-155.5,-157.0,-157.0,-157.0,-157.0,-157.0,-157.0,-157.0,-155.5,-153.5,-152.0,-156.0,-155.0,-157.0,-157.0,-155.0,-157.0,-151.5,-151.0,-155.0,-156.5,-157.0,-157.0,-153.0,-155.5,-157.0,-157.0,-157.0,-156.0,-157.0,-157.0,-157.0,-157.0,-154.0,-157.0,-156.0,-153.5,-157.0,-157.0,-157.0,-155.5,-153.5,-156.0,-157.0,-157.0,-156.5,-157.0,-157.0,-157.0,-157.0,-157.0,-157.0,-157.0,-154.0,-152.5,-150.0,-157.0,-151.5,-152.0,-157.0,-157.0,-154.5,-152.5,-157.0,-156.0,-154.5,-157.0,-157.0,-157.0,-157.0,-157.0,-155.5,-155.0,-152.5,-153.5,-157.0,-155.0,-155.5,-157.0,-157.0,-152.0,-157.0,-156.0,-152.5,-151.0,-156.5,-154.5,-150.5,-154.5,-157.0,-155.0,-156.5,-156.0,-157.0,-157.0,-152.0,-153.0,-157.0,-154.5,-152.0,-151.5,-156.5,-155.0,-155.0,-154.5,-157.0,-155.0,-154.0,-153.0,-157.0,-157.0,-157.0,-157.0,-154.5,-154.0,-155.5,-157.0,-156.0,-157.0,-156.5,-155.5,-157.0,-149.0,-152.0,-154.0,-152.5,-155.5,-156.0,-155.0,-157.0,-155.5,-157.0,-157.0,-152.5,-152.5,-157.0,-157.0,-154.0,-155.0,-157.0,-154.0,-155.0,-151.5,-148.5,-154.5,-154.5,-157.0,-157.0,-157.0,-157.0,-157.0,-151.0,-149.0,-157.0,-157.0,-157.0,-151.5,-151.5,-157.0,-151.5,-148.0,-157.0,-157.0,-152.0,-153.5,-156.0,-153.5,-152.0,-150.5,-153.0,-156.5,-157.0,-157.0,-157.0,-152.0,-157.0,-157.0,-155.0,-157.0,-157.0,-157.0,-157.0,-157.0,-157.0,-157.0,-155.5,-152.5,-152.0,-149.0,-157.0,-154.5,-152.5,-157.0,-157.0,-157.0,-152.5,-152.0,-156.0,-154.5,-153.5,-157.0,-157.0,-157.0,-156.5,-155.0,-157.0,-156.5,-157.0,-157.0,-157.0,-157.0,-156.5,-157.0,-156.0,-157.0,-157.0,-157.0,-157.0,-157.0,-157.0,-157.0,-156.5,-153.5,-157.0,-156.5,-157.0,-154.5,-155.0,-151.5,-151.0,-152.0,-157.0,-157.0,-157.0,-152.5,-154.5,-157.0,-154.5,-154.0,-153.5,-152.0,-152.5,-154.0,-157.0,-156.5,-157.0,-153.0,-154.0,-152.0,-153.5,-157.0,-153.0,-156.5,-154.5,-156.5,-154.0,-151.5,-154.0,-157.0,-151.5,-154.5,-153.0,-153.5,-152.5,-157.0,-156.5,-156.0,-156.5,-155.5,-157.0,-155.5,-156.0,-157.0,-157.0,-157.0,-157.0,-153.0,-154.5,-157.0,-157.0,-155.5,-157.0,-153.0,-154.0,-153.5,-151.5,-156.0,-157.0,-157.0,-155.5,-152.0,-157.0,-156.0,-157.0,-157.0,-157.0,-157.0,-157.0,-157.0,-157.0,-157.0,-157.0,-156.5,-157.0,-157.0,-157.0,-154.0,-157.0,-157.0,-157.0,-157.0,-156.0,-153.5,-157.0,-157.0,-157.0,-157.0,-152.0,-152.0,-155.5,-156.0,-154.5,-151.0,-153.0,-155.0,-148.5,-153.0,-154.5,-153.5,-153.0,-157.0,-155.0,-155.5,-151.5,-150.0,-157.0,-157.0,-157.0,-157.0,-150.5,-152.5,-157.0,-157.0,-152.0,-152.5,-157.0,-157.0,-156.0,-155.5,-157.0,-154.0,-154.5,-157.0,-157.0,-154.5,-152.0,-156.5,-157.0,-157.0,-155.5,-154.0,-157.0,-156.5,-157.0,-157.0,-157.0,-156.0,-155.5,-157.0,-157.0,-151.5,-152.5,-154.0,-156.0,-153.5,-148.0,-148.0,-154.5,-157.0,-157.0,-156.0,-156.0,-153.0,-151.5,-152.0,-155.0,-157.0,-154.5,-157.0,-154.5,-157.0,-156.0,-157.0,-157.0,-151.5,-152.5,-155.0,-157.0,-157.0,-157.0,-157.0,-157.0,-157.0,-157.0,-157.0,-154.0,-153.5,-157.0,-152.5,-154.5,-153.5,-153.5,-155.0,-157.0,-157.0,-157.0,-155.0,-157.0,-157.0,-157.0,-157.0,-153.0,-150.5,-150.0,-155.5,-157.0,-157.0,-154.0,-153.0,-157.0,-154.0,-157.0,-157.0,-157.0,-152.0,-153.0,-157.0,-157.0,-157.0,-155.0,-156.0,-152.5,-157.0,-157.0,-154.5,-157.0,-157.0,-154.0,-157.0,-157.0,-155.0,-157.0,-157.0,-155.5,-157.0,-157.0,-155.5,-154.0,-154.0,-157.0,-157.0,-157.0,-155.0,-157.0,-157.0,-157.0,-152.5,-150.0,-157.0,-157.0,-155.0
2026-01-17 14:13:42.218,143.049967,5,-77,-157.0,-157.0,-157.0,-157.0,-157.0,-157.0,-154.5,-154.5,-153.5,-156.0,-157.0,-157.0,-156.5,-153.0,-157.0,-157.0,-157.0,-157.0,-154.5,-153.0,-157.0,-157.0,-151.0,-157.0,-155.0,-157.0,-157.0,-157.0,-157.0,-154.0,-155.5,-155.0,-152.5,-157.0,-157.0,-157.0,-157.0,-154.0,-156.5,-156.0,-151.5,-154.0,-157.0,-157.0,-154.5,-152.5,-155.0,-154.0,-157.0,-157.0,-157.0,-157.0,-154.0,-157.0,-156.0,-157.0,-157.0,-154.5,-156.0,-150.0,-151.0,-152.5,-154.5,-157.0,-157.0,-155.5,-152.0,-156.0,-154.5,-155.5,-157.0,-155.5,-157.0,-157.0,-157.0,-153.0,-154.0,-155.0,-156.0,-156.5,-156.5,-157.0,-157.0,-156.0,-155.0,-157.0,-157.0,-151.0,-151.5,-156.5,-157.0,-150.0,-152.5,-157.0,-155.5,-156.5,-156.5,-157.0,-157.0,-153.5,-152.5,-157.0,-155.0,-153.5,-152.5,-153.5,-153.0,-153.5,-153.5,-154.5,-157.0,-154.0,-153.5,-157.0,-157.0,-156.0,-157.0,-156.0,-151.0,-152.5,-154.0,-152.5,-156.0,-155.0,-157.0,-157.0,-147.0,-148.5,-157.0,-155.5,-157.0,-154.0,-157.0,-153.5,-157.0,-157.0,-157.0,-156.0,-154.0,-157.0,-157.0,-157.0,-157.0,-157.0,-153.5,-154.0,-149.0,-147.0,-157.0,-157.0,-157.0,-155.5,-156.0,-157.0,-157.0,-152.5,-149.5,-151.0,-154.5,-157.0,-154.0,-153.0,-157.0,-151.5,-149.5,-157.0,-157.0,-155.0,-151.5,-153.0,-157.0,-152.5,-157.0,-157.0,-155.0,-157.0,-157.0,-157.0,-154.5,-154.5,-157.0,-153.5,-156.0,-157.0,-157.0,-156.5,-157.0,-157.0,-157.0,-157.0,-150.5,-150.0,-150.0,-156.0,-152.0,-157.0,-157.0,-154.5,-154.5,-157.0,-157.0,-153.5,-154.0,-152.0,-157.0,-157.0,-157.0,-151.0,-155.0,-157.0,-157.0,-157.0,-157.0,-157.0,-157.0,-156.0,-153.5,-157.0,-157.0,-157.0,-157.0,-156.0,-157.0,-153.5,-152.0,-156.0,-154.0,-157.0,-155.0,-156.5,-154.5,-157.0,-155.5,-153.5,-153.0,-157.0,-157.0,-154.5,-151.5,-157.0,-157.0,-153.5,-150.5,-152.0,-153.0,-152.0,-156.5,-155.0,-156.0,-154.0,-154.0,-155.0,-153.5,-156.5,-156.0,-153.0,-153.5,-156.0,-157.0,-154.5,-152.5,-155.5,-157.0,-154.5,-156.0,-157.0,-157.0,-154.5,-157.0,-157.0,-157.0,-157.0,-157.0,-157.0,-157.0,-157.0,-157.0,-157.0,-157.0,-157.0,-155.5,-157.0,-156.0,-155.0,-156.0,-157.0,-155.5,-153.5,-150.5,-153.5,-157.0,-156.0,-157.0,-156.5,-152.0,-157.0,-151.5,-152.0,-155.5,-157.0,-156.5,-153.5,-157.0,-157.0,-157.0,-157.0,-157.0,-157.0,-157.0,-157.0,-155.5,-154.0,-155.0,-157.0,-157.0,-156.0,-153.5,-157.0,-157.0,-157.0,-157.0,-152.0,-155.0,-154.0,-153.5,-157.0,-153.5,-155.0,-151.5,-148.0,-157.0,-151.0,-151.0,-152.5,-156.5,-156.0,-157.0,-156.0,-152.5,-154.0,-157.0,-157.0,-157.0,-151.5,-154.5,-156.5,-152.5,-152.0,-157.0,-157.0,-157.0,-157.0,-155.0,-157.0,-153.0,-157.0,-154.0,-152.0,-155.5,-156.0,-157.0,-157.0,-157.0,-157.0,-157.0,-155.0,-153.0,-157.0,-157.0,-157.0,-157.0,-157.0,-156.5,-157.0,-154.5,-156.0,-154.5,-157.0,-155.0,-147.0,-149.0,-157.0,-157.0,-157.0,-157.0,-157.0,-153.5,-157.0,-155.0,-155.0,-154.5,-151.0,-155.0,-157.0,-157.0,-157.0,-157.0,-155.5,-153.5,-150.5,-153.0,-157.0,-156.5,-157.0,-157.0,-157.0,-157.0,-157.0,-157.0,-153.5,-154.0,-157.0,-157.0,-155.5,-154.5,-155.5,-157.0,-157.0,-157.0,-154.5,-155.0,-155.5,-157.0,-157.0,-157.0,-156.0,-152.5,-151.0,-157.0,-157.0,-157.0,-153.0,-154.5,-157.0,-155.0,-157.0,-157.0,-157.0,-154.5,-155.0,-157.0,-157.0,-156.5,-156.5,-157.0,-151.0,-157.0,-157.0,-155.0,-157.0,-157.0,-151.5,-152.0,-152.5,-151.5,-156.0,-157.0,-155.5,-157.0,-157.0,-157.0,-157.0,-153.0,-155.5,-157.0,-157.0,-155.0,-157.0,-157.0,-157.0,-157.0,-152.0,-157.0,-157.0,-156.0
2026-01-17 14:13:42.231,143.049967,5,-77,-157.0,-157.0,-157.0,-157.0,-157.0,-156.5,-152.0,-153.5,-152.5,-157.0,-154.5,-156.0,-157.0,-154.0,-157.0,-157.0,-157.0,-157.0,-156.0,-154.0,-157.0,-157.0,-153.0,-154.0,-155.5,-157.0,-157.0,-157.0,-156.0,-150.5,-153.5,-157.0,-152.5,-156.5,-157.0,-157.0,-157.0,-154.0,-157.0,-151.5,-151.0,-156.5,-157.0,-157.0,-155.5,-153.0,-157.0,-154.0,-155.5,-157.0,-155.5,-157.0,-151.5,-152.5,-157.0,-155.5,-156.5,-157.0,-157.0,-152.5,-149.5,-152.0,-156.0,-157.0,-156.0,-157.0,-151.5,-152.0,-155.5,-154.5,-157.0,-154.0,-152.0,-152.0,-155.5,-151.0,-155.0,-156.0,-157.0,-157.0,-157.0,-157.0,-157.0,-153.0,-156.5,-157.0,-157.0,-154.0,-157.0,-157.0,-157.0,-153.5,-157.0,-157.0,-156.5,-151.0,-153.0,-157.0,-157.0,-157.0,-153.0,-153.5,-155.0,-157.0,-152.5,-154.5,-152.0,-152.0,-154.0,-154.0,-157.0,-157.0,-155.0,-157.0,-156.5,-152.5,-157.0,-157.0,-153.0,-152.0,-151.0,-150.0,-157.0,-156.0,-157.0,-152.0,-150.0,-150.0,-157.0,-154.5,-157.0,-155.5,-156.5,-150.5,-157.0,-157.0,-157.0,-157.0,-157.0,-157.0,-155.0,-154.0,-157.0,-157.0,-157.0,-157.0,-148.0,-148.5,-157.0,-157.0,-157.0,-157.0,-157.0,-157.0,-157.0,-156.5,-155.5,-153.0,-155.0,-157.0,-157.0,-156.0,-154.5,-149.5,-151.5,-157.0,-155.0,-157.0,-150.0,-151.0,-157.0,-153.0,-157.0,-157.0,-154.5,-157.0,-157.0,-157.0,-157.0,-156.5,-157.0,-152.0,-157.0,-153.5,-157.0,-155.0,-156.0,-154.5,-157.0,-157.0,-152.0,-149.0,-153.5,-154.0,-151.0,-157.0,-157.0,-156.0,-155.0,-157.0,-157.0,-152.0,-157.0,-152.5,-157.0,-155.5,-154.0,-150.0,-152.5,-154.5,-156.0,-157.0,-156.5,-157.0,-153.5,-152.5,-153.0,-157.0,-157.0,-157.0,-157.0,-157.0,-157.0,-150.0,-150.5,-157.0,-156.5,-157.0,-155.0,-153.5,-152.5,-155.5,-157.0,-151.5,-155.0,-156.5,-157.0,-150.5,-150.0,-157.0,-157.0,-149.0,-150.5,-151.5,-154.5,-154.0,-157.0,-154.5,-155.0,-153.5,-157.0,-157.0,-154.0,-156.0,-156.5,-157.0,-153.5,-152.5,-155.5,-157.0,-157.0,-157.0,-157.0,-157.0,-157.0,-157.0,-156.0,-157.0,-156.5,-157.0,-157.0,-157.0,-156.0,-157.0,-157.0,-157.0,-157.0,-157.0,-157.0,-157.0,-157.0,-157.0,-157.0,-155.0,-157.0,-157.0,-156.5,-155.5,-153.0,-156.5,-157.0,-153.5,-154.5,-155.0,-152.5,-157.0,-153.0,-149.0,-151.0,-157.0,-157.0,-154.0,-157.0,-157.0,-157.0,-157.0,-157.0,-157.0,-156.5,-156.5,-157.0,-156.0,-153.5,-153.5,-157.0,-157.0,-154.5,-157.0,-157.0,-156.5,-157.0,-157.0,-155.5,-153.5,-153.5,-157.0,-157.0,-157.0,-155.0,-151.0,-155.0,-152.5,-151.5,-155.5,-156.0,-157.0,-157.0,-155.5,-157.0,-157.0,-154.5,-154.5,-156.0,-155.0,-157.0,-157.0,-151.0,-150.5,-154.5,-154.0,-157.0,-157.0,-156.0,-157.0,-155.5,-157.0,-156.5,-152.0,-152.5,-157.0,-157.0,-155.5,-155.5,-157.0,-157.0,-155.5,-151.0,-155.5,-154.0,-155.0,-157.0,-157.0,-157.0,-154.0,-157.0,-157.0,-157.0,-157.0,-157.0,-151.5,-156.0,-157.0,-157.0,-157.0,-157.0,-157.0,-156.5,-157.0,-156.0,-157.0,-155.5,-151.5,-153.0,-157.0,-157.0,-157.0,-157.0,-157.0,-157.0,-155.5,-155.0,-157.0,-153.0,-156.5,-157.0,-157.0,-154.5,-157.0,-157.0,-156.0,-155.0,-157.0,-157.0,-157.0,-156.0,-153.5,-155.0,-157.0,-156.5,-155.5,-157.0,-153.0,-157.0,-157.0,-157.0,-154.0,-155.0,-156.5,-157.0,-157.0,-157.0,-157.0,-157.0,-157.0,-157.0,-157.0,-157.0,-157.0,-157.0,-157.0,-156.5,-157.0,-156.0,-156.5,-157.0,-153.5,-153.0,-152.0,-155.5,-157.0,-157.0,-154.0,-155.5,-150.5,-154.0,-157.0,-157.0,-157.0,-157.0,-157.0,-157.0,-157.0,-156.5,-157.0,-154.0,-153.5,-157.0,-157.0,-156.0,-156.5,-156.5,-155.0,-155.0,-155.0,-157.0
2026-01-17 14:13:42.298,143.049967,5,-77,-157.0,-157.0,-155.5,-157.0,-157.0,-152.5,-151.0,-157.0,-154.5,-155.5,-156.0,-157.0,-157.0,-153.0,-157.0,-157.0,-157.0,-157.0,-155.5,-154.0,-155.5,-154.0,-157.0,-155.0,-156.5,-157.0,-157.0,-154.5,-154.5,-148.5,-151.0,-157.0,-154.5,-156.5,-155.5,-157.0,-155.5,-156.5,-157.0,-151.0,-152.5,-157.0,-157.0,-157.0,-154.5,-152.0,-154.5,-152.5,-151.0,-157.0,-154.5,-157.0,-152.0,-151.5,-157.0,-156.5,-155.0,-157.0,-155.5,-156.0,-151.0,-153.0,-154.0,-157.0,-157.0,-157.0,-155.0,-156.0,-155.5,-153.5,-152.0,-154.5,-150.0,-150.5,-157.0,-153.5,-154.0,-156.0,-157.0,-155.5,-151.0,-152.0,-155.0,-154.0,-154.5,-156.0,-151.5,-151.0,-154.5,-157.0,-157.0,-156.5,-157.0,-152.5,-151.5,-151.5,-154.5,-157.0,-157.0,-157.0,-157.0,-153.5,-156.5,-157.0,-152.0,-152.0,-155.0,-154.5,-154.0,-153.0,-157.0,-157.0,-154.0,-156.0,-150.5,-150.0,-156.5,-157.0,-155.0,-153.0,-154.5,-153.0,-156.0,-155.5,-157.0,-152.0,-154.0,-150.5,-155.0,-153.5,-157.0,-157.0,-151.5,-149.0,-155.5,-157.0,-157.0,-157.0,-157.0,-157.0,-151.0,-153.0,-157.0,-157.0,-157.0,-155.0,-146.5,-151.0,-157.0,-157.0,-157.0,-157.0,-157.0,-157.0,-150.5,-149.0,-157.0,-157.0,-155.5,-153.0,-157.0,-157.0,-157.0,-152.0,-153.0,-152.0,-154.0,-157.0,-151.0,-155.5,-157.0,-156.5,-153.5,-157.0,-155.0,-157.0,-157.0,-156.0,-157.0,-157.0,-157.0,-152.0,-157.0,-150.5,-153.0,-154.0,-153.0,-152.5,-156.5,-157.0,-157.0,-151.5,-155.5,-157.0,-154.5,-157.0,-157.0,-157.0,-156.0,-156.0,-152.0,-152.5,-154.0,-156.0,-154.0,-150.5,-150.5,-152.5,-154.0,-155.5,-157.0,-156.0,-156.0,-154.5,-157.0,-154.5,-152.0,-154.5,-157.0,-157.0,-157.0,-157.0,-154.5,-150.0,-154.0,-157.0,-154.0,-156.5,-154.0,-155.0,-153.5,-156.0,-154.0,-152.5,-154.5,-157.0,-157.0,-151.0,-153.0,-157.0,-151.0,-149.0,-156.5,-153.5,-156.0,-155.5,-157.0,-153.0,-152.5,-152.0,-157.0,-157.0,-153.5,-157.0,-156.0,-157.0,-155.0,-152.5,-154.0,-157.0,-157.0,-157.0,-157.0,-156.0,-152.0,-157.0,-155.5,-154.0,-156.0,-157.0,-154.0,-154.5,-152.0,-157.0,-156.0,-157.0,-157.0,-157.0,-157.0,-157.0,-157.0,-157.0,-157.0,-156.0,-157.0,-157.0,-157.0,-157.0,-157.0,-157.0,-157.0,-157.0,-157.0,-152.0,-153.0,-157.0,-157.0,-150.5,-152.0,-156.0,-157.0,-155.0,-155.5,-154.0,-157.0,-157.0,-157.0,-157.0,-157.0,-157.0,-157.0,-157.0,-156.0,-151.5,-151.5,-154.0,-155.5,-155.5,-154.5,-154.5,-156.0,-157.0,-152.5,-157.0,-157.0,-157.0,-156.0,-157.0,-157.0,-156.0,-153.0,-152.0,-152.0,-157.0,-157.0,-156.0,-157.0,-155.5,-156.0,-157.0,-155.5,-152.5,-153.0,-157.0,-157.0,-157.0,-157.0,-151.5,-152.0,-152.5,-157.0,-155.5,-154.5,-153.0,-154.0,-157.0,-157.0,-157.0,-153.5,-157.0,-155.5,-153.5,-155.5,-157.0,-157.0,-156.5,-151.0,-154.0,-152.0,-153.0,-157.0,-157.0,-157.0,-153.5,-155.5,-157.0,-157.0,-157.0,-153.5,-154.0,-155.0,-154.5,-156.0,-157.0,-157.0,-157.0,-157.0,-155.0,-152.5,-157.0,-157.0,-157.0,-153.5,-157.0,-157.0,-155.5,-157.0,-157.0,-157.0,-157.0,-155.0,-157.0,-153.0,-157.0,-155.5,-157.0,-152.0,-157.0,-156.0,-156.5,-153.5,-156.0,-157.0,-157.0,-153.0,-151.5,-153.5,-157.0,-156.0,-157.0,-155.0,-152.5,-157.0,-157.0,-157.0,-152.5,-156.0,-157.0,-155.0,-157.0,-157.0,-157.0,-156.5,-157.0,-157.0,-157.0,-157.0,-157.0,-157.0,-157.0,-157.0,-157.0,-157.0,-157.0,-157.0,-156.5,-151.5,-151.0,-156.5,-157.0,-157.0,-155.0,-157.0,-153.0,-157.0,-157.0,-157.0,-157.0,-157.0,-157.0,-157.0,-157.0,-157.0,-157.0,-152.0,-150.0,-157.0,-157.0,-156.0,-157.0,-157.0,-155.0,-151.5,-152.0,-157.0
2026-01-17 14:13:42.302,143.049967,5,-77,-157.0,-157.0,-153.5,-156.5,-152.5,-151.5,-154.0,-156.0,-155.5,-157.0,-157.0,-157.0,-154.5,-152.5,-157.0,-157.0,-154.5,-157.0,-149.5,-150.0,-157.0,-154.5,-157.0,-156.0,-154.5,-153.0,-157.0,-152.5,-155.0,-146.5,-148.0,-157.0,-155.0,-157.0,-156.5,-157.0,-157.0,-157.0,-156.5,-153.5,-153.5,-153.0,-156.0,-157.0,-154.5,-155.5,-155.0,-154.5,-154.0,-152.5,-152.5,-157.0,-157.0,-154.5,-157.0,-157.0,-156.5,-155.5,-154.5,-157.0,-153.0,-153.5,-152.5,-156.0,-157.0,-157.0,-157.0,-157.0,-152.0,-151.0,-149.5,-157.0,-154.5,-157.0,-157.0,-157.0,-157.0,-157.0,-157.0,-152.5,-148.0,-149.5,-157.0,-157.0,-157.0,-154.5,-151.5,-151.5,-150.0,-153.0,-157.0,-157.0,-157.0,-151.5,-151.5,-155.0,-157.0,-157.0,-157.0,-157.0,-157.0,-157.0,-157.0,-154.0,-153.0,-157.0,-156.5,-153.0,-153.0,-154.5,-157.0,-157.0,-157.0,-157.0,-152.5,-154.0,-154.5,-157.0,-156.0,-153.0,-152.5,-155.0,-154.5,-157.0,-157.0,-155.5,-156.0,-149.0,-150.5,-155.0,-157.0,-153.5,-151.5,-151.5,-157.0,-157.0,-155.0,-156.5,-157.0,-157.0,-149.5,-155.5,-157.0,-156.5,-157.0,-152.5,-147.0,-150.5,-157.0,-157.0,-157.0,-157.0,-157.0,-155.5,-147.0,-145.0,-157.0,-157.0,-157.0,-152.0,-151.5,-156.0,-157.0,-157.0,-154.5,-150.5,-155.0,-157.0,-153.5,-157.0,-157.0,-157.0,-152.5,-153.5,-157.0,-157.0,-157.0,-153.0,-154.0,-157.0,-157.0,-156.0,-155.0,-150.5,-151.0,-153.0,-149.0,-149.0,-154.5,-157.0,-157.0,-151.0,-152.0,-157.0,-156.0,-155.5,-157.0,-157.0,-157.0,-157.0,-150.5,-152.0,-155.0,-157.0,-156.0,-152.5,-151.0,-157.0,-157.0,-157.0,-154.5,-154.0,-153.0,-150.5,-157.0,-152.5,-152.0,-157.0,-157.0,-153.5,-151.5,-153.0,-155.0,-151.5,-157.0,-156.0,-154.5,-154.0,-153.0,-157.0,-156.0,-157.0,-157.0,-154.0,-151.0,-157.0,-156.0,-153.0,-157.0,-153.0,-151.0,-154.5,-151.0,-151.5,-157.0,-154.0,-157.0,-156.5,-156.0,-152.5,-154.0,-157.0,-153.0,-154.5,-157.0,-157.0,-155.0,-152.0,-156.0,-157.0,-157.0,-157.0,-157.0,-153.0,-149.0,-154.0,-157.0,-152.0,-157.0,-157.0,-152.5,-153.0,-152.0,-157.0,-151.5,-151.5,-157.0,-157.0,-157.0,-157.0,-157.0,-157.0,-156.5,-154.5,-157.0,-157.0,-157.0,-157.0,-156.5,-157.0,-157.0,-157.0,-157.0,-153.0,-157.0,-155.5,-157.0,-153.5,-157.0,-154.0,-157.0,-153.0,-155.0,-153.0,-157.0,-154.5,-154.5,-157.0,-157.0,-157.0,-157.0,-157.0,-155.0,-152.5,-153.0,-154.0,-157.0,-156.0,-154.5,-157.0,-153.5,-153.5,-152.5,-153.5,-157.0,-153.0,-152.5,-157.0,-155.5,-157.0,-155.5,-152.5,-153.5,-152.5,-151.5,-156.0,-155.0,-154.5,-153.0,-157.0,-157.0,-154.5,-153.0,-157.0,-157.0,-157.0,-156.5,-153.5,-153.5,-154.5,-157.0,-153.0,-151.0,-152.0,-152.5,-156.0,-157.0,-157.0,-157.0,-157.0,-157.0,-157.0,-156.5,-156.5,-157.0,-157.0,-153.0,-157.0,-157.0,-153.0,-156.5,-157.0,-157.0,-155.5,-155.5,-153.0,-153.0,-156.0,-152.0,-153.5,-157.0,-156.0,-153.0,-155.5,-157.0,-157.0,-153.5,-150.0,-149.0,-157.0,-156.0,-157.0,-155.0,-154.5,-154.0,-155.0,-154.5,-157.0,-157.0,-153.5,-154.0,-155.0,-153.0,-157.0,-154.5,-157.0,-153.5,-153.5,-157.0,-154.5,-155.5,-157.0,-157.0,-151.0,-153.0,-155.0,-157.0,-157.0,-157.0,-157.0,-154.0,-152.0,-154.0,-154.0,-155.5,-149.0,-152.0,-157.0,-157.0,-157.0,-157.0,-155.0,-151.5,-157.0,-157.0,-157.0,-157.0,-157.0,-157.0,-157.0,-157.0,-157.0,-157.0,-157.0,-157.0,-153.5,-151.0,-152.5,-153.0,-157.0,-154.5,-156.5,-157.0,-156.0,-157.0,-157.0,-157.0,-157.0,-155.5,-157.0,-157.0,-157.0,-157.0,-157.0,-152.5,-151.0,-153.5,-156.0,-154.0,-155.0,-157.0,-154.5,-156.0,-154.0,-157.0
2026-01-17 14:13:42.333,143.049967,5,-77,-157.0,-157.0,-156.5,-156.5,-149.5,-150.0,-153.5,-152.0,-152.0,-157.0,-157.0,-157.0,-155.5,-155.5,-157.0,-157.0,-156.0,-154.5,-151.0,-154.5,-157.0,-157.0,-157.0,-157.0,-156.5,-153.5,-156.5,-153.0,-156.0,-147.5,-149.0,-157.0,-156.0,-155.0,-157.0,-157.0,-157.0,-157.0,-151.5,-153.5,-157.0,-153.5,-156.0,-157.0,-157.0,-157.0,-156.0,-157.0,-157.0,-155.0,-153.5,-157.0,-157.0,-157.0,-157.0,-157.0,-157.0,-155.5,-154.5,-157.0,-153.5,-152.0,-157.0,-155.0,-157.0,-154.0,-156.5,-150.5,-151.5,-151.0,-150.5,-157.0,-157.0,-157.0,-157.0,-157.0,-157.0,-157.0,-151.0,-152.0,-151.5,-155.5,-156.0,-157.0,-157.0,-157.0,-156.5,-157.0,-152.0,-156.5,-157.0,-157.0,-157.0,-155.5,-155.0,-154.0,-156.0,-157.0,-157.0,-157.0,-154.5,-156.5,-157.0,-155.5,-153.5,-155.5,-157.0,-157.0,-157.0,-157.0,-157.0,-157.0,-157.0,-157.0,-157.0,-157.0,-157.0,-157.0,-157.0,-157.0,-152.5,-157.0,-156.5,-157.0,-157.0,-156.0,-156.5,-151.0,-154.0,-154.5,-152.0,-157.0,-157.0,-157.0,-157.0,-157.0,-153.0,-154.5,-155.5,-153.5,-149.0,-152.0,-156.0,-152.0,-156.5,-157.0,-151.0,-152.5,-157.0,-157.0,-157.0,-157.0,-157.0,-154.5,-152.0,-145.5,-157.0,-157.0,-157.0,-156.0,-153.0,-155.0,-157.0,-157.0,-157.0,-153.0,-156.0,-157.0,-153.5,-157.0,-157.0,-157.0,-152.5,-155.5,-157.0,-157.0,-157.0,-153.5,-155.5,-157.0,-156.5,-157.0,-154.0,-154.5,-152.5,-155.0,-152.0,-150.5,-148.5,-157.0,-152.0,-151.0,-153.5,-156.0,-156.0,-154.0,-157.0,-157.0,-157.0,-157.0,-152.0,-153.0,-157.0,-157.0,-157.0,-157.0,-156.0,-154.5,-157.0,-157.0,-153.5,-157.0,-150.0,-150.5,-156.5,-153.5,-157.0,-155.5,-156.0,-153.5,-152.0,-154.0,-157.0,-157.0,-157.0,-157.0,-157.0,-156.0,-154.5,-157.0,-154.5,-156.5,-157.0,-156.0,-153.0,-155.0,-155.5,-155.0,-157.0,-155.5,-151.5,-157.0,-152.5,-150.5,-155.0,-151.0,-153.0,-157.0,-157.0,-155.5,-156.5,-157.0,-153.5,-156.5,-157.0,-157.0,-157.0,-150.0,-155.0,-157.0,-157.0,-157.0,-153.5,-151.0,-149.5,-152.0,-153.5,-153.0,-155.5,-157.0,-154.0,-157.0,-156.5,-157.0,-154.0,-152.0,-155.0,-157.0,-157.0,-157.0,-157.0,-157.0,-157.0,-155.0,-157.0,-157.0,-157.0,-157.0,-154.5,-153.5,-157.0,-156.5,-155.0,-153.5,-157.0,-150.5,-151.5,-155.5,-157.0,-154.5,-157.0,-152.0,-153.5,-150.5,-157.0,-155.0,-155.0,-156.5,-157.0,-157.0,-157.0,-157.0,-157.0,-153.5,-155.5,-156.0,-157.0,-152.0,-151.5,-157.0,-150.5,-152.0,-153.0,-149.0,-153.5,-156.5,-152.0,-157.0,-154.5,-157.0,-157.0,-156.5,-153.0,-149.0,-150.5,-157.0,-157.0,-155.0,-154.5,-157.0,-157.0,-151.5,-152.0,-157.0,-157.0,-157.0,-157.0,-156.0,-157.0,-156.5,-157.0,-157.0,-152.5,-157.0,-152.0,-153.0,-156.0,-157.0,-157.0,-157.0,-157.0,-157.0,-157.0,-157.0,-157.0,-154.5,-153.0,-157.0,-155.5,-151.5,-154.0,-157.0,-157.0,-157.0,-152.5,-152.5,-151.0,-157.0,-153.0,-152.5,-157.0,-154.5,-155.0,-154.5,-157.0,-157.0,-152.0,-153.0,-150.0,-157.0,-155.0,-154.0,-157.0,-153.5,-156.0,-157.0,-154.5,-155.5,-153.5,-154.5,-157.0,-155.5,-156.0,-157.0,-153.5,-156.0,-156.5,-151.5,-154.5,-154.0,-157.0,-156.5,-157.0,-150.0,-151.0,-155.0,-157.0,-157.0,-157.0,-157.0,-154.5,-153.5,-152.5,-155.5,-153.0,-150.5,-154.0,-157.0,-157.0,-157.0,-157.0,-155.0,-149.5,-155.5,-155.0,-157.0,-156.5,-156.5,-156.0,-157.0,-157.0,-157.0,-156.5,-157.0,-155.5,-155.5,-153.0,-152.5,-155.0,-157.0,-154.5,-154.5,-157.0,-157.0,-156.0,-157.0,-157.0,-157.0,-153.5,-156.0,-154.5,-157.0,-157.0,-154.5,-154.0,-157.0,-153.5,-153.5,-154.0,-153.5,-157.0,-157.0,-157.0,-156.0,-157.0
2026-01-17 14:13:42.365,143.049967,5,-77,-157.0,-157.0,-156.0,-156.0,-153.5,-151.5,-154.0,-155.5,-152.0,-153.5,-157.0,-157.0,-157.0,-157.0,-157.0,-157.0,-157.0,-155.5,-156.5,-157.0,-157.0,-157.0,-157.0,-156.0,-157.0,-155.5,-156.0,-157.0,-154.5,-153.0,-156.5,-157.0,-157.0,-155.5,-156.5,-155.5,-156.0,-153.5,-153.0,-153.5,-155.0,-154.0,-157.0,-157.0,-157.0,-155.0,-153.5,-153.5,-153.5,-157.0,-155.0,-157.0,-152.0,-157.0,-157.0,-156.0,-157.0,-157.0,-157.0,-157.0,-154.5,-151.5,-154.5,-157.0,-157.0,-153.5,-150.5,-149.5,-154.0,-157.0,-154.0,-157.0,-157.0,-155.0,-156.0,-157.0,-157.0,-153.5,-150.5,-156.5,-152.5,-155.5,-151.5,-155.5,-155.0,-155.0,-155.0,-157.0,-151.5,-152.0,-153.0,-157.0,-157.0,-153.5,-153.0,-153.5,-157.0,-153.5,-153.5,-155.5,-153.5,-153.5,-157.0,-155.5,-155.0,-154.0,-156.0,-157.0,-157.0,-157.0,-157.0,-157.0,-157.0,-157.0,-154.5,-157.0,-157.0,-156.5,-155.0,-156.5,-154.5,-157.0,-157.0,-157.0,-154.5,-154.5,-157.0,-156.0,-155.5,-152.5,-151.5,-155.5,-157.0,-157.0,-157.0,-157.0,-154.5,-157.0,-157.0,-154.5,-153.0,-153.0,-157.0,-152.0,-154.0,-154.0,-151.5,-152.5,-154.5,-154.0,-157.0,-154.5,-157.0,-152.5,-147.0,-145.5,-157.0,-153.5,-157.0,-156.5,-155.5,-155.5,-153.5,-157.0,-157.0,-157.0,-157.0,-157.0,-156.0,-156.5,-154.0,-155.5,-153.5,-157.0,-157.0,-157.0,-157.0,-152.5,-153.5,-156.5,-157.0,-157.0,-157.0,-153.0,-152.0,-154.5,-156.0,-151.5,-148.5,-153.0,-151.0,-157.0,-157.0,-154.0,-154.0,-156.0,-156.5,-155.0,-157.0,-157.0,-154.0,-156.5,-157.0,-157.0,-154.0,-155.0,-157.0,-156.0,-157.0,-157.0,-153.0,-157.0,-156.5,-154.0,-157.0,-157.0,-156.5,-154.0,-157.0,-157.0,-157.0,-157.0,-157.0,-157.0,-157.0,-157.0,-157.0,-155.0,-157.0,-157.0,-156.0,-154.5,-157.0,-157.0,-157.0,-157.0,-157.0,-156.5,-156.5,-157.0,-153.0,-156.5,-153.0,-151.5,-155.0,-151.5,-157.0,-157.0,-153.5,-157.0,-156.5,-157.0,-156.0,-157.0,-157.0,-157.0,-157.0,-152.5,-157.0,-155.0,-154.0,-156.0,-152.5,-149.5,-153.0,-151.5,-153.0,-157.0,-155.5,-157.0,-157.0,-157.0,-157.0,-157.0,-157.0,-155.5,-152.5,-157.0,-154.5,-157.0,-157.0,-157.0,-157.0,-154.5,-157.0,-157.0,-157.0,-157.0,-157.0,-154.0,-157.0,-157.0,-156.5,-155.5,-157.0,-149.0,-149.0,-156.5,-157.0,-157.0,-157.0,-151.0,-153.5,-150.5,-150.0,-151.5,-157.0,-157.0,-157.0,-157.0,-156.0,-156.5,-157.0,-155.0,-155.5,-157.0,-157.0,-157.0,-153.5,-157.0,-153.0,-157.0,-152.0,-149.5,-155.5,-157.0,-153.0,-157.0,-152.5,-153.5,-157.0,-153.0,-152.0,-151.5,-157.0,-157.0,-157.0,-157.0,-157.0,-157.0,-155.5,-154.5,-155.0,-157.0,-157.0,-157.0,-157.0,-157.0,-157.0,-155.5,-157.0,-157.0,-155.5,-150.5,-150.0,-152.5,-150.5,-152.5,-154.5,-156.0,-157.0,-157.0,-157.0,-157.0,-157.0,-152.5,-154.5,-156.5,-156.5,-151.5,-155.5,-156.0,-157.0,-157.0,-152.5,-156.5,-153.0,-155.0,-157.0,-152.0,-150.0,-149.5,-151.5,-154.0,-157.0,-157.0,-150.0,-152.0,-152.5,-157.0,-154.5,-154.5,-156.5,-153.5,-157.0,-157.0,-155.0,-153.5,-152.5,-157.0,-157.0,-157.0,-157.0,-157.0,-153.5,-154.5,-157.0,-153.0,-153.5,-155.5,-157.0,-157.0,-155.0,-153.0,-153.0,-157.0,-157.0,-157.0,-157.0,-157.0,-157.0,-157.0,-156.0,-154.0,-157.0,-157.0,-157.0,-157.0,-155.5,-157.0,-157.0,-151.5,-150.0,-150.5,-150.0,-157.0,-155.5,-155.0,-153.5,-157.0,-157.0,-157.0,-156.0,-154.5,-155.0,-156.5,-155.5,-154.0,-157.0,-156.5,-156.0,-155.0,-157.0,-157.0,-156.0,-154.0,-157.0,-157.0,-154.5,-152.0,-151.0,-153.5,-157.0,-152.5,-153.5,-157.0,-155.0,-157.0,-153.0,-153.0,-155.5,-155.5,-154.0,-157.0,-157.0
2026-01-17 14:13:42.401,143.049967,5,-77,-157.0,-157.0,-157.0,-157.0,-157.0,-155.0,-153.5,-157.0,-152.0,-150.0,-152.0,-157.0,-157.0,-155.0,-154.5,-156.5,-154.5,-156.5,-157.0,-153.0,-154.0,-157.0,-155.5,-153.0,-155.5,-154.0,-157.0,-157.0,-157.0,-157.0,-157.0,-157.0,-157.0,-157.0,-157.0,-154.5,-155.0,-156.0,-157.0,-157.0,-154.5,-154.5,-157.0,-157.0,-153.0,-153.0,-155.5,-155.0,-152.5,-157.0,-156.0,-157.0,-148.5,-155.5,-157.0,-154.5,-155.0,-157.0,-157.0,-153.5,-149.5,-151.0,-154.0,-157.0,-157.0,-157.0,-152.5,-151.5,-154.5,-157.0,-155.5,-155.5,-157.0,-154.5,-154.5,-157.0,-157.0,-155.0,-154.5,-155.5,-151.5,-154.5,-151.0,-155.0,-152.5,-149.5,-150.0,-157.0,-149.5,-148.0,-154.5,-157.0,-155.5,-153.0,-154.5,-157.0,-154.5,-151.5,-157.0,-153.5,-155.5,-154.0,-155.5,-155.0,-155.0,-154.0,-156.0,-157.0,-157.0,-157.0,-157.0,-157.0,-156.5,-154.5,-152.5,-157.0,-155.5,-153.0,-154.0,-156.0,-153.0,-152.5,-157.0,-154.0,-155.0,-156.0,-157.0,-155.5,-157.0,-151.0,-151.0,-151.5,-153.5,-156.5,-157.0,-157.0,-155.0,-157.0,-157.0,-157.0,-157.0,-157.0,-157.0,-157.0,-157.0,-150.0,-149.0,-155.0,-151.5,-150.5,-157.0,-154.5,-157.0,-153.0,-144.5,-144.0,-154.0,-152.0,-157.0,-156.0,-157.0,-152.5,-150.5,-154.5,-157.0,-157.0,-157.0,-157.0,-157.0,-157.0,-156.5,-157.0,-155.5,-157.0,-156.0,-157.0,-156.5,-155.0,-152.5,-157.0,-155.5,-157.0,-154.5,-152.0,-155.0,-157.0,-157.0,-151.0,-153.5,-153.5,-153.5,-157.0,-157.0,-157.0,-154.0,-157.0,-155.5,-155.5,-154.0,-153.0,-153.5,-155.0,-153.5,-157.0,-157.0,-156.0,-157.0,-157.0,-155.0,-154.0,-156.0,-157.0,-157.0,-155.5,-154.0,-157.0,-153.0,-153.5,-155.5,-154.5,-157.0,-157.0,-157.0,-156.5,-157.0,-157.0,-157.0,-157.0,-155.5,-156.0,-157.0,-156.0,-157.0,-157.0,-157.0,-157.0,-157.0,-157.0,-153.0,-155.0,-154.5,-157.0,-153.0,-154.0,-157.0,-152.0,-153.0,-152.0,-151.0,-157.0,-157.0,-152.5,-157.0,-157.0,-155.5,-157.0,-157.0,-157.0,-157.0,-151.0,-151.0,-157.0,-154.0,-154.0,-157.0,-152.0,-153.0,-157.0,-153.5,-155.5,-155.5,-157.0,-155.0,-156.0,-157.0,-155.5,-152.0,-152.5,-151.5,-157.0,-157.0,-157.0,-157.0,-156.0,-157.0,-157.0,-157.0,-157.0,-156.5,-155.0,-157.0,-157.0,-155.5,-157.0,-154.5,-154.5,-151.5,-157.0,-157.0,-157.0,-156.5,-151.0,-152.5,-157.0,-151.5,-150.5,-153.5,-156.5,-157.0,-157.0,-153.0,-151.5,-157.0,-157.0,-157.0,-157.0,-155.0,-157.0,-157.0,-157.0,-156.5,-157.0,-155.0,-152.5,-157.0,-154.0,-156.0,-153.5,-154.5,-152.0,-155.0,-153.5,-157.0,-154.5,-156.0,-157.0,-156.5,-156.5,-157.0,-157.0,-153.0,-157.0,-155.5,-157.0,-157.0,-157.0,-157.0,-157.0,-157.0,-154.5,-154.5,-156.5,-157.0,-152.5,-152.0,-154.0,-149.0,-148.5,-157.0,-157.0,-157.0,-157.0,-157.0,-157.0,-154.5,-154.5,-157.0,-155.0,-156.5,-152.0,-153.0,-152.5,-157.0,-157.0,-157.0,-157.0,-155.5,-156.5,-155.5,-157.0,-152.0,-152.5,-152.5,-157.0,-153.5,-154.5,-151.5,-156.5,-153.0,-157.0,-154.5,-154.0,-152.0,-156.5,-156.0,-157.0,-155.5,-152.5,-151.5,-157.0,-157.0,-157.0,-157.0,-155.0,-154.0,-156.5,-157.0,-157.0,-157.0,-153.5,-154.0,-156.5,-156.0,-152.0,-154.5,-157.0,-157.0,-157.0,-157.0,-157.0,-154.0,-154.5,-157.0,-153.5,-156.0,-155.5,-156.0,-151.0,-151.0,-157.0,-156.0,-154.0,-156.0,-150.5,-151.0,-157.0,-157.0,-150.0,-151.0,-154.5,-155.5,-157.0,-157.0,-155.5,-157.0,-157.0,-157.0,-157.0,-157.0,-152.0,-154.0,-157.0,-153.0,-154.5,-156.5,-154.0,-157.0,-154.5,-154.5,-153.0,-151.0,-152.0,-157.0,-155.0,-153.5,-157.0,-157.0,-154.5,-152.0,-155.5,-155.5,-153.0,-152.5,-157.0,-152.5
2026-01-17 14:13:42.432,143.049967,5,-77,-157.0,-157.0,-157.0,-155.0,-154.5,-152.0,-151.5,-151.0,-157.0,-154.5,-152.5,-157.0,-157.0,-156.0,-154.5,-152.0,-154.0,-157.0,-155.5,-149.0,-152.0,-157.0,-154.5,-156.0,-153.5,-153.5,-156.5,-157.0,-157.0,-157.0,-157.0,-157.0,-157.0,-157.0,-157.0,-157.0,-157.0,-156.5,-157.0,-154.0,-156.0,-157.0,-155.5,-152.5,-150.5,-154.0,-157.0,-157.0,-153.5,-154.5,-157.0,-157.0,-149.5,-153.5,-157.0,-155.5,-153.0,-156.5,-156.0,-154.5,-148.0,-152.5,-157.0,-157.0,-157.0,-157.0,-152.0,-153.5,-151.0,-153.0,-157.0,-151.0,-152.5,-155.5,-154.0,-154.0,-157.0,-155.5,-157.0,-155.5,-152.5,-157.0,-154.5,-155.0,-153.5,-150.5,-148.5,-157.0,-152.5,-150.5,-157.0,-154.0,-153.0,-157.0,-157.0,-156.0,-150.0,-148.5,-157.0,-154.5,-157.0,-155.0,-155.5,-157.0,-157.0,-155.5,-157.0,-155.0,-157.0,-157.0,-157.0,-156.5,-154.0,-157.0,-154.0,-157.0,-153.0,-153.0,-157.0,-157.0,-150.5,-149.0,-157.0,-153.0,-157.0,-157.0,-154.5,-154.5,-156.5,-154.0,-149.5,-151.0,-154.5,-156.0,-157.0,-157.0,-153.0,-157.0,-157.0,-157.0,-157.0,-157.0,-157.0,-157.0,-157.0,-152.5,-153.0,-152.5,-154.0,-152.0,-157.0,-157.0,-152.5,-152.0,-144.0,-144.5,-154.0,-154.5,-157.0,-154.0,-157.0,-154.5,-153.0,-156.0,-157.0,-157.0,-157.0,-156.0,-153.0,-153.5,-157.0,-157.0,-157.0,-157.0,-154.5,-155.0,-157.0,-157.0,-157.0,-157.0,-153.5,-156.5,-153.0,-157.0,-157.0,-157.0,-157.0,-153.0,-157.0,-157.0,-157.0,-157.0,-157.0,-157.0,-157.0,-157.0,-155.0,-157.0,-150.0,-151.0,-151.0,-155.5,-155.5,-157.0,-157.0,-155.0,-156.0,-157.0,-155.5,-156.5,-157.0,-157.0,-157.0,-157.0,-152.5,-157.0,-149.5,-150.5,-155.5,-155.0,-157.0,-156.5,-156.5,-155.5,-157.0,-157.0,-157.0,-156.0,-152.0,-157.0,-157.0,-157.0,-157.0,-157.0,-157.0,-157.0,-153.5,-157.0,-153.5,-157.0,-157.0,-157.0,-152.0,-151.0,-155.0,-154.0,-152.0,-150.0,-152.0,-157.0,-152.0,-150.5,-153.0,-152.0,-153.5,-157.0,-157.0,-157.0,-157.0,-152.0,-156.0,-157.0,-157.0,-157.0,-157.0,-155.5,-153.0,-153.5,-154.5,-154.0,-152.5,-154.5,-153.5,-155.0,-155.0,-153.5,-156.5,-153.0,-154.0,-157.0,-157.0,-157.0,-157.0,-157.0,-157.0,-157.0,-157.0,-154.0,-155.0,-157.0,-157.0,-153.0,-154.0,-157.0,-154.0,-155.5,-154.0,-157.0,-154.5,-157.0,-154.5,-153.0,-156.5,-157.0,-157.0,-155.0,-153.0,-151.5,-157.0,-157.0,-154.0,-151.5,-157.0,-157.0,-157.0,-154.5,-151.5,-157.0,-157.0,-156.5,-157.0,-156.5,-157.0,-153.5,-155.5,-153.5,-156.0,-152.0,-157.0,-152.5,-155.0,-157.0,-157.0,-157.0,-153.5,-153.5,-153.0,-154.5,-157.0,-156.0,-150.0,-151.5,-154.5,-157.0,-155.5,-155.5,-157.0,-157.0,-155.5,-156.0,-154.5,-154.0,-155.5,-152.5,-155.5,-157.0,-153.5,-149.5,-157.0,-157.0,-157.0,-157.0,-155.5,-155.0,-155.5,-155.5,-153.0,-151.0,-153.5,-154.0,-157.0,-155.5,-157.0,-157.0,-157.0,-157.0,-153.0,-151.0,-151.5,-157.0,-153.5,-157.0,-157.0,-157.0,-149.5,-151.0,-157.0,-156.5,-152.5,-155.0,-152.5,-156.0,-152.0,-155.5,-152.5,-154.5,-155.0,-151.5,-151.0,-157.0,-157.0,-157.0,-156.0,-156.5,-153.5,-157.0,-157.0,-157.0,-155.0,-150.0,-152.0,-155.0,-152.0,-150.5,-155.0,-157.0,-157.0,-157.0,-157.0,-153.5,-151.0,-151.5,-157.0,-151.5,-150.0,-150.5,-157.0,-152.0,-152.5,-156.0,-157.0,-155.5,-157.0,-153.5,-155.0,-157.0,-156.5,-151.0,-151.0,-154.5,-155.0,-157.0,-157.0,-155.5,-156.0,-157.0,-157.0,-157.0,-157.0,-152.0,-152.0,-156.5,-151.0,-151.0,-155.0,-153.0,-157.0,-153.5,-155.0,-153.0,-153.0,-157.0,-157.0,-157.0,-156.5,-157.0,-157.0,-155.0,-154.0,-157.0,-157.0,-152.5,-155.5,-155.5,-150.5
2026-01-17 14:13:42.464,143.049967,5,-77,-157.0,-157.0,-157.0,-155.0,-151.5,-154.0,-154.5,-151.0,-155.5,-157.0,-154.5,-157.0,-157.0,-157.0,-157.0,-155.0,-155.5,-157.0,-155.5,-151.0,-157.0,-157.0,-157.0,-157.0,-157.0,-155.5,-153.0,-153.5,-157.0,-157.0,-157.0,-157.0,-157.0,-157.0,-157.0,-157.0,-157.0,-155.5,-157.0,-152.0,-157.0,-157.0,-153.0,-153.0,-151.0,-156.5,-156.0,-157.0,-154.0,-153.0,-157.0,-156.0,-153.5,-153.0,-157.0,-154.0,-154.0,-152.5,-153.5,-155.0,-148.0,-150.0,-157.0,-157.0,-157.0,-157.0,-151.0,-155.5,-151.0,-155.0,-154.5,-149.0,-150.0,-157.0,-153.0,-154.5,-157.0,-155.5,-156.0,-156.0,-153.0,-157.0,-157.0,-155.5,-157.0,-152.5,-148.0,-154.5,-157.0,-157.0,-157.0,-157.0,-153.5,-153.5,-155.0,-155.5,-147.5,-147.5,-157.0,-157.0,-157.0,-154.5,-157.0,-157.0,-157.0,-157.0,-153.0,-151.5,-157.0,-157.0,-154.5,-155.0,-156.0,-156.0,-155.0,-157.0,-155.5,-157.0,-157.0,-155.5,-150.0,-149.5,-155.0,-151.5,-157.0,-157.0,-155.5,-157.0,-157.0,-157.0,-153.0,-153.0,-155.5,-156.0,-157.0,-154.5,-152.5,-155.5,-155.0,-157.0,-157.0,-156.5,-155.5,-157.0,-157.0,-152.0,-154.0,-152.5,-157.0,-154.0,-157.0,-157.0,-157.0,-154.5,-146.0,-151.5,-157.0,-157.0,-154.5,-154.5,-157.0,-157.0,-154.5,-157.0,-157.0,-153.5,-155.5,-156.0,-151.5,-152.5,-157.0,-157.0,-157.0,-157.0,-157.0,-154.0,-157.0,-155.5,-157.0,-153.5,-152.5,-152.5,-152.0,-157.0,-157.0,-157.0,-157.0,-154.0,-157.0,-157.0,-157.0,-157.0,-155.0,-157.0,-157.0,-157.0,-153.5,-154.0,-150.5,-154.0,-150.5,-157.0,-157.0,-157.0,-157.0,-154.5,-154.5,-154.5,-153.5,-154.0,-155.0,-157.0,-157.0,-155.0,-155.0,-155.0,-149.5,-149.0,-153.0,-157.0,-157.0,-154.0,-156.5,-157.0,-153.5,-152.5,-157.0,-152.0,-151.5,-157.0,-156.5,-157.0,-157.0,-157.0,-157.0,-157.0,-151.5,-157.0,-155.5,-157.0,-157.0,-157.0,-152.5,-150.0,-157.0,-156.5,-155.5,-154.0,-156.0,-156.0,-151.0,-155.5,-152.5,-155.0,-156.5,-157.0,-156.5,-157.0,-155.0,-153.0,-157.0,-157.0,-157.0,-157.0,-157.0,-157.0,-157.0,-156.5,-157.0,-154.5,-153.0,-154.0,-156.0,-152.5,-153.0,-154.5,-155.0,-156.5,-157.0,-157.0,-157.0,-157.0,-157.0,-157.0,-154.0,-152.5,-157.0,-156.0,-157.0,-154.0,-152.5,-154.5,-155.5,-157.0,-153.5,-152.0,-153.0,-150.5,-153.0,-157.0,-152.0,-152.0,-156.5,-157.0,-157.0,-157.0,-156.0,-152.0,-153.5,-157.0,-157.0,-151.5,-154.5,-157.0,-157.0,-155.0,-151.5,-157.0,-157.0,-154.5,-157.0,-157.0,-156.0,-152.5,-157.0,-156.0,-151.5,-151.0,-157.0,-151.0,-154.0,-157.0,-157.0,-157.0,-153.0,-154.0,-154.5,-155.5,-154.5,-157.0,-151.0,-150.5,-157.0,-155.5,-155.0,-154.5,-154.5,-157.0,-157.0,-157.0,-155.5,-157.0,-154.5,-150.5,-153.5,-157.0,-156.0,-153.5,-157.0,-157.0,-157.0,-157.0,-155.0,-157.0,-157.0,-157.0,-153.5,-151.0,-151.5,-153.0,-157.0,-157.0,-152.0,-154.0,-157.0,-157.0,-152.0,-147.5,-150.5,-155.5,-152.5,-156.5,-155.5,-157.0,-149.5,-149.5,-157.0,-156.5,-157.0,-152.0,-151.0,-157.0,-155.5,-151.0,-150.5,-156.0,-157.0,-157.0,-153.0,-157.0,-157.0,-157.0,-154.0,-157.0,-153.5,-157.0,-156.5,-157.0,-154.5,-150.5,-157.0,-157.0,-155.0,-153.0,-157.0,-157.0,-157.0,-157.0,-153.0,-156.5,-157.0,-152.0,-156.0,-154.5,-154.0,-151.5,-157.0,-157.0,-157.0,-153.0,-151.0,-150.0,-155.0,-157.0,-157.0,-157.0,-157.0,-156.0,-152.5,-157.0,-157.0,-153.0,-152.0,-152.5,-157.0,-157.0,-157.0,-157.0,-157.0,-157.0,-155.0,-153.5,-154.0,-151.0,-154.5,-153.0,-156.0,-153.0,-157.0,-157.0,-157.0,-157.0,-157.0,-157.0,-152.0,-152.0,-157.0,-156.0,-157.0,-157.0,-157.0,-155.0,-155.0,-153.5,-151.0
2026-01-17 14:13:42.502,143.049967,5,-77,-157.0,-157.0,-157.0,-156.5,-152.5,-157.0,-157.0,-155.5,-157.0,-153.5,-155.5,-157.0,-157.0,-157.0,-157.0,-157.0,-157.0,-157.0,-155.5,-152.5,-157.0,-157.0,-157.0,-156.5,-156.5,-153.5,-151.5,-153.0,-155.5,-157.0,-157.0,-157.0,-156.0,-157.0,-157.0,-157.0,-155.5,-157.0,-156.5,-155.5,-157.0,-157.0,-154.5,-153.0,-152.5,-154.5,-153.0,-156.0,-156.5,-157.0,-157.0,-157.0,-155.5,-155.5,-157.0,-154.0,-157.0,-153.5,-152.0,-152.5,-148.5,-153.5,-152.0,-157.0,-157.0,-156.5,-152.5,-155.5,-154.5,-152.5,-151.0,-153.0,-152.0,-157.0,-153.5,-155.5,-157.0,-157.0,-154.0,-153.0,-152.5,-157.0,-157.0,-156.5,-157.0,-150.0,-149.0,-157.0,-156.5,-157.0,-157.0,-157.0,-155.0,-152.5,-154.5,-152.0,-148.5,-149.0,-157.0,-157.0,-156.5,-153.5,-155.0,-157.0,-156.0,-156.0,-155.0,-153.5,-155.0,-157.0,-155.0,-153.0,-157.0,-157.0,-157.0,-157.0,-157.0,-157.0,-157.0,-155.0,-155.5,-153.5,-157.0,-152.0,-153.0,-157.0,-155.5,-157.0,-157.0,-157.0,-154.5,-153.5,-152.0,-154.5,-156.5,-157.0,-152.5,-157.0,-155.0,-156.5,-156.5,-153.0,-152.5,-157.0,-155.5,-148.0,-151.0,-157.0,-157.0,-154.5,-156.5,-157.0,-157.0,-152.5,-147.0,-153.5,-157.0,-157.0,-155.5,-157.0,-157.0,-156.0,-151.5,-157.0,-157.0,-151.0,-154.0,-157.0,-155.0,-157.0,-157.0,-157.0,-155.5,-155.0,-155.5,-156.0,-156.0,-154.5,-157.0,-151.0,-152.5,-151.5,-152.5,-157.0,-157.0,-157.0,-157.0,-153.5,-157.0,-157.0,-157.0,-155.0,-153.0,-157.0,-157.0,-157.0,-157.0,-155.5,-152.0,-148.5,-149.0,-156.5,-155.5,-157.0,-157.0,-156.5,-155.5,-152.0,-155.0,-152.0,-153.0,-156.0,-156.5,-155.0,-157.0,-157.0,-155.5,-154.0,-154.5,-153.0,-156.5,-154.5,-157.0,-157.0,-154.5,-154.5,-157.0,-155.0,-157.0,-157.0,-155.5,-157.0,-157.0,-157.0,-156.5,-155.0,-152.5,-157.0,-154.5,-157.0,-153.5,-157.0,-154.0,-150.5,-154.0,-154.0,-156.5,-156.5,-157.0,-150.0,-148.5,-157.0,-154.5,-157.0,-155.0,-155.0,-155.5,-156.5,-156.0,-156.5,-157.0,-157.0,-156.0,-155.0,-155.5,-157.0,-157.0,-157.0,-155.0,-150.0,-150.0,-157.0,-157.0,-150.5,-151.5,-154.5,-153.5,-153.0,-157.0,-157.0,-157.0,-155.5,-155.0,-157.0,-157.0,-151.5,-157.0,-157.0,-153.0,-153.5,-154.5,-157.0,-157.0,-157.0,-155.5,-155.0,-154.5,-151.5,-155.5,-157.0,-155.0,-153.0,-151.5,-157.0,-157.0,-157.0,-157.0,-157.0,-154.0,-157.0,-157.0,-152.5,-155.0,-156.0,-155.0,-155.0,-155.5,-157.0,-155.0,-156.0,-155.0,-157.0,-157.0,-154.5,-157.0,-156.0,-154.0,-156.5,-157.0,-153.5,-152.0,-155.0,-157.0,-157.0,-153.5,-156.0,-157.0,-157.0,-153.5,-155.5,-157.0,-155.0,-157.0,-156.0,-157.0,-153.0,-154.0,-157.0,-156.0,-157.0,-155.5,-157.0,-153.5,-152.0,-157.0,-157.0,-157.0,-157.0,-157.0,-155.5,-156.0,-157.0,-156.0,-157.0,-157.0,-157.0,-157.0,-157.0,-154.5,-152.5,-157.0,-157.0,-153.5,-155.0,-157.0,-157.0,-157.0,-149.5,-151.5,-157.0,-154.0,-156.0,-153.5,-156.0,-153.5,-153.0,-155.0,-154.5,-157.0,-155.5,-155.0,-156.5,-157.0,-153.0,-155.0,-157.0,-157.0,-157.0,-155.0,-157.0,-157.0,-157.0,-152.5,-155.0,-154.0,-157.0,-157.0,-157.0,-157.0,-152.0,-157.0,-157.0,-157.0,-157.0,-157.0,-157.0,-157.0,-157.0,-153.5,-156.0,-157.0,-154.5,-157.0,-157.0,-157.0,-153.5,-157.0,-157.0,-157.0,-151.0,-147.5,-150.0,-154.0,-156.5,-155.0,-157.0,-157.0,-157.0,-153.5,-157.0,-153.0,-150.5,-151.5,-152.5,-157.0,-157.0,-154.0,-156.5,-157.0,-157.0,-157.0,-154.5,-157.0,-152.0,-157.0,-154.0,-156.5,-157.0,-157.0,-157.0,-157.0,-157.0,-157.0,-156.0,-148.5,-148.5,-157.0,-157.0,-157.0,-157.0,-157.0,-155.5,-154.5,-151.5,-150.5
2026-01-17 14:13:42.531,143.049967,5,-77,-157.0,-157.0,-157.0,-153.0,-152.5,-157.0,-157.0,-157.0,-157.0,-153.0,-154.5,-157.0,-157.0,-157.0,-155.0,-157.0,-157.0,-157.0,-154.0,-151.0,-156.0,-156.5,-157.0,-157.0,-157.0,-157.0,-153.0,-152.5,-153.5,-157.0,-157.0,-157.0,-156.5,-157.0,-157.0,-157.0,-157.0,-157.0,-155.5,-157.0,-157.0,-157.0,-157.0,-154.5,-157.0,-157.0,-155.5,-157.0,-157.0,-157.0,-154.5,-156.5,-155.5,-157.0,-154.5,-154.5,-157.0,-157.0,-154.0,-154.5,-150.0,-156.0,-151.5,-152.5,-157.0,-157.0,-157.0,-157.0,-157.0,-150.5,-152.5,-157.0,-154.5,-157.0,-155.0,-156.0,-157.0,-157.0,-152.5,-156.5,-157.0,-157.0,-157.0,-156.0,-157.0,-153.0,-154.0,-157.0,-154.0,-157.0,-156.0,-157.0,-157.0,-155.5,-157.0,-153.5,-157.0,-152.5,-156.0,-157.0,-157.0,-153.5,-153.5,-157.0,-157.0,-157.0,-157.0,-157.0,-154.5,-157.0,-157.0,-153.0,-157.0,-157.0,-157.0,-157.0,-154.5,-155.0,-157.0,-157.0,-157.0,-157.0,-157.0,-156.0,-156.0,-157.0,-152.0,-154.5,-156.0,-152.0,-152.5,-151.5,-152.0,-157.0,-157.0,-157.0,-153.0,-156.0,-157.0,-154.5,-154.0,-151.5,-154.5,-157.0,-152.5,-147.5,-150.5,-155.5,-157.0,-156.0,-155.0,-157.0,-157.0,-146.5,-146.0,-154.0,-155.5,-157.0,-157.0,-157.0,-157.0,-157.0,-154.5,-154.5,-157.0,-152.5,-151.0,-157.0,-157.0,-157.0,-157.0,-157.0,-157.0,-155.5,-153.5,-155.5,-154.5,-155.0,-153.5,-148.0,-148.5,-153.5,-157.0,-157.0,-157.0,-157.0,-153.0,-153.0,-157.0,-157.0,-157.0,-157.0,-156.0,-156.0,-153.0,-157.0,-157.0,-152.5,-153.5,-150.5,-151.0,-157.0,-152.5,-157.0,-154.0,-157.0,-157.0,-152.0,-157.0,-154.0,-157.0,-154.0,-156.5,-156.5,-157.0,-157.0,-157.0,-157.0,-157.0,-153.0,-157.0,-153.5,-157.0,-157.0,-157.0,-157.0,-157.0,-157.0,-157.0,-155.5,-157.0,-157.0,-157.0,-156.0,-157.0,-157.0,-157.0,-155.0,-153.5,-151.5,-152.0,-157.0,-153.0,-151.0,-153.0,-153.0,-155.0,-154.0,-157.0,-152.5,-149.5,-157.0,-156.5,-157.0,-157.0,-154.0,-157.0,-157.0,-157.0,-157.0,-157.0,-157.0,-157.0,-152.0,-153.0,-157.0,-157.0,-157.0,-150.0,-150.0,-152.5,-155.5,-157.0,-154.0,-157.0,-157.0,-149.5,-153.0,-157.0,-157.0,-156.5,-156.5,-152.5,-155.5,-157.0,-152.0,-154.0,-155.0,-152.0,-157.0,-157.0,-157.0,-156.5,-156.0,-156.0,-157.0,-157.0,-157.0,-157.0,-157.0,-156.5,-153.0,-152.5,-157.0,-157.0,-156.5,-155.5,-157.0,-155.0,-157.0,-154.5,-156.0,-157.0,-152.5,-150.5,-152.5,-157.0,-153.0,-151.0,-153.5,-154.5,-157.0,-157.0,-157.0,-157.0,-157.0,-153.5,-155.5,-157.0,-157.0,-153.0,-152.5,-155.0,-157.0,-154.5,-155.0,-157.0,-157.0,-155.0,-157.0,-157.0,-155.0,-156.0,-157.0,-157.0,-155.0,-157.0,-157.0,-153.5,-156.0,-156.5,-157.0,-154.0,-157.0,-156.5,-156.5,-157.0,-157.0,-157.0,-154.0,-156.0,-155.5,-157.0,-156.0,-157.0,-152.0,-151.0,-153.5,-157.0,-155.5,-155.5,-153.5,-157.0,-157.0,-157.0,-157.0,-153.5,-153.0,-151.5,-151.5,-157.0,-157.0,-153.5,-151.5,-151.5,-153.0,-154.5,-154.0,-151.5,-153.0,-157.0,-157.0,-157.0,-157.0,-157.0,-157.0,-157.0,-157.0,-156.5,-157.0,-157.0,-156.0,-151.0,-152.5,-157.0,-156.5,-155.5,-157.0,-157.0,-151.0,-150.0,-152.0,-157.0,-155.5,-152.0,-157.0,-156.5,-157.0,-157.0,-157.0,-157.0,-157.0,-157.0,-157.0,-157.0,-154.0,-157.0,-156.0,-155.5,-152.0,-149.5,-157.0,-156.0,-156.0,-156.0,-157.0,-156.5,-155.0,-152.0,-154.0,-154.5,-155.0,-157.0,-157.0,-157.0,-157.0,-152.5,-154.0,-157.0,-157.0,-157.0,-157.0,-157.0,-154.5,-157.0,-151.0,-152.0,-157.0,-157.0,-157.0,-157.0,-157.0,-157.0,-153.5,-152.5,-151.0,-155.0,-157.0,-157.0,-157.0,-157.0,-151.5,-151.0,-152.0,-152.0
2026-01-17 14:13:42.569,143.049967,5,-77,-157.0,-157.0,-157.0,-154.5,-157.0,-157.0,-157.0,-157.0,-157.0,-154.5,-156.0,-157.0,-157.0,-157.0,-153.5,-154.5,-157.0,-157.0,-155.5,-153.5,-154.0,-155.5,-157.0,-157.0,-157.0,-157.0,-156.0,-156.5,-156.5,-157.0,-157.0,-157.0,-155.5,-157.0,-154.0,-155.0,-157.0,-157.0,-153.5,-156.0,-154.5,-153.5,-153.5,-157.0,-157.0,-157.0,-157.0,-157.0,-157.0,-155.5,-154.0,-157.0,-154.0,-157.0,-156.0,-155.0,-157.0,-157.0,-157.0,-157.0,-153.5,-155.5,-154.5,-152.5,-154.0,-154.0,-157.0,-153.0,-152.0,-151.5,-157.0,-153.5,-153.0,-154.0,-156.5,-157.0,-157.0,-157.0,-150.5,-156.0,-157.0,-157.0,-157.0,-157.0,-157.0,-156.0,-157.0,-157.0,-152.0,-155.5,-157.0,-157.0,-157.0,-156.5,-157.0,-156.0,-155.0,-157.0,-155.5,-157.0,-157.0,-155.5,-157.0,-156.5,-157.0,-157.0,-157.0,-157.0,-154.5,-156.0,-157.0,-154.5,-157.0,-157.0,-157.0,-157.0,-157.0,-155.5,-157.0,-157.0,-157.0,-157.0,-155.0,-157.0,-156.5,-157.0,-153.0,-154.0,-156.5,-154.5,-154.0,-154.5,-157.0,-157.0,-157.0,-157.0,-157.0,-157.0,-157.0,-154.0,-154.5,-153.0,-156.0,-157.0,-152.0,-149.0,-155.0,-153.5,-154.5,-155.5,-153.5,-155.0,-157.0,-145.5,-146.0,-157.0,-156.0,-156.0,-157.0,-157.0,-157.0,-157.0,-157.0,-156.5,-157.0,-156.5,-150.5,-156.0,-157.0,-155.0,-157.0,-157.0,-154.0,-155.0,-155.5,-157.0,-154.5,-154.5,-155.0,-149.5,-149.0,-156.5,-157.0,-157.0,-157.0,-157.0,-151.0,-152.5,-157.0,-157.0,-157.0,-157.0,-157.0,-153.5,-154.0,-157.0,-157.0,-151.0,-152.5,-156.5,-156.5,-157.0,-154.0,-154.5,-151.0,-153.5,-157.0,-152.0,-157.0,-157.0,-157.0,-156.5,-157.0,-157.0,-157.0,-157.0,-157.0,-157.0,-157.0,-155.5,-157.0,-152.0,-152.0,-157.0,-156.5,-157.0,-157.0,-157.0,-157.0,-154.5,-156.5,-157.0,-157.0,-153.5,-157.0,-157.0,-157.0,-155.5,-154.0,-151.5,-156.0,-157.0,-154.0,-152.5,-154.5,-156.5,-157.0,-154.0,-155.5,-157.0,-153.5,-157.0,-157.0,-157.0,-157.0,-155.0,-157.0,-157.0,-157.0,-157.0,-157.0,-157.0,-156.0,-149.0,-156.5,-157.0,-157.0,-157.0,-151.0,-154.0,-157.0,-156.0,-154.0,-154.5,-157.0,-157.0,-150.0,-152.5,-157.0,-157.0,-155.5,-157.0,-152.0,-154.5,-157.0,-152.0,-155.5,-156.0,-152.5,-156.5,-155.0,-156.5,-151.5,-151.5,-152.0,-155.0,-157.0,-157.0,-157.0,-157.0,-153.5,-152.0,-154.5,-157.0,-157.0,-157.0,-153.5,-157.0,-153.0,-152.0,-151.0,-157.0,-157.0,-154.5,-154.5,-156.5,-157.0,-153.5,-150.5,-153.0,-155.5,-155.0,-155.5,-157.0,-156.0,-157.0,-153.5,-152.0,-157.0,-157.0,-156.0,-155.0,-157.0,-157.0,-157.0,-157.0,-157.0,-154.0,-157.0,-157.0,-157.0,-156.0,-156.5,-157.0,-157.0,-157.0,-157.0,-157.0,-156.0,-155.5,-157.0,-157.0,-157.0,-157.0,-157.0,-157.0,-157.0,-157.0,-157.0,-156.5,-157.0,-157.0,-156.5,-150.5,-150.5,-150.5,-150.0,-153.0,-157.0,-155.5,-155.5,-155.5,-157.0,-155.5,-153.0,-153.5,-153.5,-154.5,-154.0,-150.5,-156.5,-157.0,-156.0,-154.0,-151.5,-152.5,-153.5,-157.0,-147.5,-149.0,-152.0,-153.5,-153.5,-155.5,-157.0,-157.0,-157.0,-157.0,-156.0,-157.0,-157.0,-155.0,-155.5,-157.0,-157.0,-153.0,-153.5,-157.0,-157.0,-154.5,-152.5,-152.5,-156.0,-152.0,-149.5,-157.0,-155.0,-156.0,-157.0,-157.0,-157.0,-157.0,-156.5,-157.0,-157.0,-155.0,-156.5,-156.5,-155.0,-157.0,-155.5,-157.0,-157.0,-157.0,-154.5,-155.0,-152.5,-153.0,-154.0,-157.0,-157.0,-156.5,-155.5,-157.0,-157.0,-157.0,-155.5,-157.0,-156.0,-156.5,-157.0,-157.0,-157.0,-155.5,-157.0,-152.5,-151.0,-157.0,-157.0,-157.0,-156.0,-157.0,-157.0,-157.0,-155.5,-154.0,-157.0,-156.0,-157.0,-157.0,-157.0,-151.5,-150.0,-155.5,-155.5
2026-01-17 14:13:42.597,143.049967,5,-77,-157.0,-157.0,-157.0,-157.0,-157.0,-152.0,-152.5,-156.0,-156.5,-156.5,-157.0,-157.0,-157.0,-157.0,-152.5,-151.5,-154.0,-156.5,-157.0,-157.0,-156.5,-157.0,-157.0,-157.0,-157.0,-157.0,-157.0,-157.0,-157.0,-157.0,-157.0,-157.0,-154.0,-154.0,-151.0,-152.0,-157.0,-156.0,-155.0,-153.5,-155.0,-149.5,-149.0,-156.0,-153.0,-154.5,-157.0,-155.5,-156.5,-157.0,-156.5,-157.0,-156.0,-157.0,-157.0,-154.0,-155.0,-156.5,-157.0,-157.0,-157.0,-157.0,-156.5,-156.5,-154.5,-151.0,-157.0,-152.0,-152.5,-157.0,-157.0,-157.0,-156.0,-154.0,-157.0,-156.5,-154.5,-157.0,-152.0,-157.0,-156.5,-153.5,-153.0,-156.5,-154.0,-152.5,-157.0,-157.0,-154.5,-156.0,-157.0,-157.0,-156.5,-155.5,-157.0,-157.0,-154.5,-157.0,-156.5,-157.0,-157.0,-157.0,-155.0,-156.0,-157.0,-157.0,-157.0,-157.0,-157.0,-155.0,-157.0,-157.0,-157.0,-152.5,-152.5,-157.0,-157.0,-157.0,-157.0,-157.0,-154.5,-153.0,-154.5,-157.0,-154.0,-155.5,-156.0,-153.5,-157.0,-157.0,-153.5,-154.5,-157.0,-152.5,-155.5,-157.0,-157.0,-155.5,-152.5,-157.0,-157.0,-157.0,-157.0,-156.0,-152.5,-152.5,-154.5,-153.0,-154.0,-153.5,-153.0,-157.0,-157.0,-147.5,-147.5,-157.0,-157.0,-153.5,-154.0,-155.5,-157.0,-155.5,-157.0,-157.0,-157.0,-152.0,-151.0,-154.0,-156.5,-154.0,-157.0,-152.0,-150.5,-157.0,-157.0,-157.0,-153.5,-156.0,-157.0,-156.5,-154.5,-153.0,-154.5,-157.0,-157.0,-157.0,-155.5,-153.0,-155.5,-157.0,-157.0,-153.5,-152.5,-155.5,-157.0,-157.0,-155.5,-153.5,-155.0,-157.0,-157.0,-157.0,-157.0,-157.0,-153.5,-152.0,-153.0,-155.5,-157.0,-157.0,-157.0,-157.0,-157.0,-157.0,-155.0,-152.5,-157.0,-155.0,-157.0,-157.0,-157.0,-155.5,-157.0,-157.0,-156.0,-157.0,-157.0,-157.0,-155.0,-155.0,-157.0,-157.0,-157.0,-155.0,-157.0,-157.0,-157.0,-157.0,-153.0,-153.0,-157.0,-156.0,-149.5,-151.0,-156.0,-157.0,-157.0,-156.5,-154.5,-154.0,-153.5,-157.0,-157.0,-156.0,-154.0,-153.0,-157.0,-157.0,-157.0,-157.0,-157.0,-157.0,-157.0,-151.0,-157.0,-157.0,-157.0,-157.0,-155.5,-157.0,-157.0,-156.5,-152.0,-153.0,-157.0,-156.5,-152.5,-157.0,-157.0,-157.0,-150.5,-149.5,-151.5,-154.5,-155.5,-152.5,-153.5,-156.5,-153.5,-157.0,-154.0,-152.0,-151.0,-156.0,-153.0,-152.0,-153.0,-157.0,-157.0,-154.0,-153.0,-153.5,-153.0,-157.0,-157.0,-157.0,-151.5,-153.0,-152.5,-156.5,-152.5,-157.0,-153.5,-153.5,-157.0,-153.0,-157.0,-156.0,-152.0,-153.5,-154.5,-156.0,-157.0,-157.0,-153.0,-155.0,-157.0,-150.5,-153.5,-157.0,-156.0,-153.5,-156.0,-157.0,-157.0,-157.0,-154.5,-154.0,-157.0,-157.0,-157.0,-157.0,-157.0,-153.5,-155.0,-157.0,-157.0,-157.0,-157.0,-157.0,-157.0,-157.0,-157.0,-157.0,-155.5,-157.0,-156.0,-157.0,-157.0,-157.0,-156.0,-157.0,-157.0,-150.5,-149.0,-155.5,-155.0,-157.0,-156.5,-157.0,-157.0,-157.0,-157.0,-156.5,-150.5,-152.5,-157.0,-157.0,-157.0,-153.0,-152.5,-153.0,-152.5,-157.0,-154.0,-153.5,-153.5,-157.0,-150.0,-152.0,-155.0,-151.0,-151.5,-152.5,-156.0,-157.0,-156.0,-152.5,-152.5,-157.0,-157.0,-154.5,-157.0,-157.0,-156.5,-156.0,-156.5,-156.0,-157.0,-157.0,-157.0,-157.0,-152.5,-151.0,-151.0,-157.0,-156.5,-154.0,-153.5,-156.5,-155.5,-157.0,-157.0,-157.0,-157.0,-156.5,-156.0,-157.0,-154.5,-154.0,-157.0,-157.0,-156.5,-157.0,-156.5,-157.0,-153.5,-156.5,-153.0,-157.0,-157.0,-157.0,-153.5,-154.0,-154.0,-157.0,-157.0,-157.0,-157.0,-157.0,-156.5,-154.0,-157.0,-157.0,-155.0,-157.0,-153.5,-157.0,-157.0,-154.5,-153.0,-157.0,-157.0,-157.0,-154.5,-153.0,-155.0,-157.0,-157.0,-157.0,-157.0,-152.5,-151.5,-155.0,-157.0
2026-01-17 14:13:42.630,143.049967,5,-77,-157.0,-157.0,-155.0,-157.0,-156.5,-153.0,-156.0,-151.5,-152.0,-157.0,-157.0,-157.0,-157.0,-157.0,-152.5,-151.5,-150.0,-157.0,-157.0,-157.0,-157.0,-157.0,-157.0,-156.0,-156.5,-157.0,-157.0,-157.0,-157.0,-156.5,-157.0,-157.0,-154.0,-157.0,-156.0,-157.0,-157.0,-157.0,-156.0,-153.0,-157.0,-150.0,-148.5,-157.0,-149.5,-150.0,-157.0,-155.5,-154.0,-157.0,-157.0,-156.0,-157.0,-157.0,-153.0,-153.0,-157.0,-157.0,-157.0,-157.0,-157.0,-157.0,-156.0,-157.0,-155.0,-151.5,-157.0,-155.0,-157.0,-157.0,-155.0,-157.0,-157.0,-156.5,-157.0,-157.0,-155.5,-153.5,-157.0,-157.0,-150.5,-151.5,-151.5,-153.5,-151.0,-152.5,-157.0,-157.0,-157.0,-157.0,-157.0,-152.5,-154.0,-153.5,-157.0,-155.5,-154.0,-157.0,-156.0,-157.0,-157.0,-157.0,-153.5,-157.0,-157.0,-155.0,-153.5,-153.0,-154.5,-154.0,-154.5,-157.0,-157.0,-150.0,-150.5,-157.0,-157.0,-157.0,-157.0,-157.0,-152.5,-153.0,-155.0,-154.0,-153.5,-157.0,-157.0,-153.5,-157.0,-154.5,-155.0,-157.0,-154.5,-152.5,-155.0,-152.5,-152.5,-149.5,-149.0,-157.0,-157.0,-157.0,-157.0,-154.5,-153.5,-154.0,-154.5,-153.0,-155.0,-152.5,-154.5,-157.0,-157.0,-148.5,-151.5,-157.0,-157.0,-156.0,-157.0,-157.0,-157.0,-152.5,-157.0,-157.0,-156.0,-152.0,-155.5,-153.0,-150.5,-152.0,-157.0,-151.5,-152.0,-157.0,-154.5,-153.5,-153.0,-157.0,-157.0,-157.0,-157.0,-154.0,-151.5,-155.0,-156.0,-157.0,-157.0,-157.0,-157.0,-157.0,-155.5,-152.0,-154.0,-157.0,-157.0,-155.5,-157.0,-157.0,-157.0,-157.0,-157.0,-153.0,-157.0,-157.0,-155.0,-152.0,-150.0,-157.0,-157.0,-157.0,-157.0,-156.5,-155.0,-157.0,-153.5,-150.0,-157.0,-154.0,-153.5,-157.0,-157.0,-157.0,-157.0,-157.0,-157.0,-157.0,-157.0,-157.0,-155.5,-157.0,-155.5,-155.5,-157.0,-157.0,-157.0,-155.5,-157.0,-155.0,-152.5,-151.0,-153.0,-157.0,-148.0,-149.0,-157.0,-157.0,-157.0,-157.0,-156.0,-153.0,-153.5,-157.0,-157.0,-154.5,-156.0,-155.0,-157.0,-154.0,-157.0,-157.0,-155.0,-153.0,-155.5,-156.0,-157.0,-157.0,-157.0,-156.0,-157.0,-157.0,-157.0,-154.5,-152.0,-153.0,-153.0,-151.5,-151.5,-157.0,-157.0,-157.0,-149.0,-146.5,-151.0,-157.0,-157.0,-156.5,-156.0,-154.5,-155.0,-157.0,-157.0,-154.5,-154.0,-157.0,-157.0,-155.0,-156.0,-157.0,-157.0,-155.0,-153.0,-155.0,-157.0,-157.0,-157.0,-157.0,-154.5,-157.0,-152.5,-157.0,-152.0,-154.5,-156.0,-154.5,-153.0,-151.0,-154.5,-157.0,-156.0,-155.0,-157.0,-157.0,-157.0,-157.0,-155.5,-154.0,-156.5,-152.0,-150.5,-157.0,-157.0,-152.0,-152.5,-153.5,-157.0,-155.0,-152.5,-155.0,-157.0,-157.0,-157.0,-157.0,-157.0,-152.5,-152.0,-154.5,-157.0,-157.0,-157.0,-157.0,-157.0,-157.0,-157.0,-157.0,-155.5,-157.0,-157.0,-157.0,-155.0,-154.0,-152.5,-155.0,-154.5,-152.5,-151.0,-157.0,-157.0,-157.0,-156.5,-157.0,-155.0,-153.0,-155.5,-157.0,-154.5,-156.5,-154.5,-157.0,-157.0,-157.0,-155.0,-152.0,-150.5,-155.0,-154.0,-156.0,-157.0,-157.0,-156.5,-157.0,-157.0,-152.0,-156.0,-156.5,-155.0,-154.5,-152.0,-151.5,-156.0,-157.0,-153.5,-154.5,-157.0,-157.0,-157.0,-157.0,-152.5,-152.0,-153.5,-155.0,-156.0,-157.0,-152.5,-149.0,-155.0,-157.0,-157.0,-156.5,-154.5,-155.0,-156.0,-157.0,-157.0,-157.0,-157.0,-157.0,-156.0,-153.5,-154.5,-151.0,-157.0,-157.0,-157.0,-157.0,-157.0,-157.0,-154.0,-157.0,-152.0,-157.0,-157.0,-157.0,-157.0,-155.5,-154.0,-154.5,-157.0,-157.0,-156.0,-155.0,-155.5,-155.5,-154.5,-156.0,-155.5,-156.5,-156.5,-155.5,-157.0,-154.0,-155.5,-155.5,-157.0,-157.0,-151.5,-153.5,-157.0,-154.5,-155.5,-157.0,-157.0,-153.5,-153.5,-154.5,-157.0
2026-01-17 14:13:42.666,143.049967,5,-77,-157.0,-157.0,-154.5,-157.0,-154.5,-155.0,-157.0,-150.5,-150.5,-157.0,-157.0,-157.0,-157.0,-155.5,-154.5,-154.5,-153.0,-157.0,-157.0,-157.0,-157.0,-157.0,-157.0,-155.5,-157.0,-155.0,-157.0,-153.5,-157.0,-155.5,-157.0,-153.5,-155.5,-157.0,-157.0,-157.0,-155.5,-157.0,-157.0,-155.5,-157.0,-150.5,-149.0,-155.5,-150.5,-151.0,-157.0,-157.0,-151.5,-152.5,-157.0,-154.0,-157.0,-156.5,-153.5,-157.0,-155.5,-153.5,-151.5,-157.0,-157.0,-157.0,-157.0,-157.0,-156.5,-156.5,-157.0,-155.5,-157.0,-154.0,-152.5,-155.0,-157.0,-157.0,-157.0,-155.5,-155.5,-155.0,-157.0,-155.5,-148.5,-151.0,-152.5,-157.0,-151.5,-157.0,-154.0,-153.0,-157.0,-157.0,-157.0,-153.5,-157.0,-153.5,-157.0,-152.5,-157.0,-154.5,-157.0,-157.0,-157.0,-157.0,-154.5,-157.0,-157.0,-154.5,-152.5,-151.0,-157.0,-157.0,-153.0,-157.0,-157.0,-151.5,-151.5,-157.0,-157.0,-157.0,-155.5,-157.0,-155.0,-155.0,-154.5,-155.0,-156.5,-157.0,-157.0,-156.0,-156.5,-153.5,-155.5,-156.0,-153.5,-157.0,-157.0,-151.0,-151.0,-150.5,-149.0,-154.0,-157.0,-156.0,-157.0,-151.5,-150.5,-153.5,-155.5,-153.5,-154.0,-155.0,-155.5,-157.0,-155.5,-148.5,-152.0,-152.0,-157.0,-157.0,-156.5,-157.0,-157.0,-151.5,-157.0,-157.0,-157.0,-155.0,-156.0,-157.0,-152.0,-156.5,-155.5,-154.5,-157.0,-152.5,-151.5,-152.5,-152.0,-157.0,-157.0,-157.0,-157.0,-152.5,-151.5,-154.0,-153.5,-157.0,-157.0,-157.0,-157.0,-152.0,-153.0,-155.0,-157.0,-157.0,-157.0,-157.0,-157.0,-157.0,-157.0,-157.0,-157.0,-150.5,-157.0,-155.5,-154.0,-153.0,-150.0,-153.0,-157.0,-157.0,-157.0,-157.0,-157.0,-157.0,-155.0,-151.5,-157.0,-157.0,-155.5,-151.5,-154.5,-156.0,-157.0,-157.0,-157.0,-157.0,-157.0,-157.0,-157.0,-155.5,-152.5,-157.0,-157.0,-157.0,-157.0,-155.5,-157.0,-151.5,-155.5,-153.0,-153.5,-157.0,-148.5,-147.5,-157.0,-157.0,-157.0,-157.0,-153.5,-150.5,-153.0,-157.0,-154.5,-156.5,-157.0,-155.5,-157.0,-153.0,-153.5,-157.0,-157.0,-156.5,-153.5,-157.0,-157.0,-155.5,-154.0,-153.0,-155.0,-156.0,-157.0,-154.5,-151.0,-155.5,-156.5,-151.0,-151.0,-151.5,-151.0,-157.0,-153.5,-149.0,-154.5,-157.0,-157.0,-157.0,-157.0,-152.5,-157.0,-157.0,-157.0,-157.0,-156.0,-157.0,-157.0,-157.0,-157.0,-157.0,-157.0,-154.5,-154.0,-156.5,-157.0,-155.5,-153.5,-157.0,-157.0,-156.0,-152.5,-153.5,-150.5,-150.5,-157.0,-157.0,-155.5,-155.5,-156.5,-157.0,-157.0,-157.0,-156.5,-156.0,-157.0,-157.0,-157.0,-157.0,-157.0,-155.0,-154.5,-157.0,-157.0,-154.0,-157.0,-151.0,-151.5,-153.5,-152.5,-154.0,-157.0,-157.0,-157.0,-157.0,-157.0,-154.0,-154.5,-152.0,-157.0,-157.0,-157.0,-157.0,-156.0,-156.5,-157.0,-154.0,-155.5,-157.0,-157.0,-157.0,-157.0,-152.5,-152.0,-157.0,-153.0,-157.0,-157.0,-157.0,-157.0,-157.0,-157.0,-157.0,-152.5,-151.5,-154.5,-155.0,-157.0,-153.0,-152.0,-157.0,-157.0,-157.0,-156.5,-154.0,-152.0,-155.5,-157.0,-157.0,-152.5,-151.5,-157.0,-157.0,-156.0,-157.0,-157.0,-157.0,-157.0,-157.0,-157.0,-153.0,-157.0,-156.0,-155.0,-157.0,-157.0,-157.0,-157.0,-157.0,-153.5,-152.0,-153.0,-155.0,-152.0,-157.0,-156.5,-149.5,-153.5,-157.0,-157.0,-157.0,-157.0,-157.0,-157.0,-157.0,-157.0,-155.5,-157.0,-152.5,-152.5,-150.5,-152.5,-150.5,-157.0,-157.0,-156.0,-156.0,-157.0,-152.0,-152.5,-157.0,-156.0,-157.0,-157.0,-157.0,-157.0,-157.0,-157.0,-155.0,-157.0,-157.0,-157.0,-153.5,-157.0,-157.0,-152.5,-154.0,-156.5,-155.5,-156.0,-155.0,-157.0,-153.0,-155.0,-154.5,-157.0,-155.5,-152.5,-157.0,-157.0,-153.0,-154.5,-157.0,-157.0,-156.5,-157.0,-155.5,-157.0
2026-01-17 14:13:42.698,143.049967,5,-77,-157.0,-157.0,-157.0,-157.0,-154.5,-157.0,-157.0,-150.5,-152.0,-157.0,-157.0,-157.0,-157.0,-155.0,-157.0,-154.0,-157.0,-157.0,-156.5,-157.0,-157.0,-157.0,-157.0,-153.0,-157.0,-157.0,-154.0,-152.5,-157.0,-154.5,-156.0,-150.5,-154.5,-157.0,-157.0,-157.0,-157.0,-157.0,-157.0,-155.5,-157.0,-156.5,-151.0,-151.5,-154.5,-156.5,-156.0,-155.0,-152.0,-153.5,-157.0,-153.5,-154.5,-153.5,-154.5,-157.0,-156.5,-148.5,-149.5,-157.0,-157.0,-157.0,-157.0,-154.5,-155.0,-157.0,-156.5,-155.0,-153.0,-152.0,-157.0,-157.0,-157.0,-157.0,-154.5,-153.5,-155.5,-157.0,-153.0,-151.5,-147.5,-151.0,-153.0,-156.5,-152.5,-156.0,-149.0,-149.5,-157.0,-157.0,-157.0,-156.5,-155.5,-154.0,-157.0,-151.5,-152.0,-151.5,-157.0,-157.0,-157.0,-157.0,-156.5,-157.0,-157.0,-156.0,-157.0,-154.0,-157.0,-157.0,-157.0,-157.0,-157.0,-151.5,-150.5,-156.5,-157.0,-157.0,-157.0,-156.5,-157.0,-155.5,-155.0,-156.5,-155.0,-155.0,-157.0,-157.0,-157.0,-155.5,-153.5,-154.5,-154.5,-157.0,-157.0,-154.0,-153.5,-156.5,-153.5,-157.0,-155.0,-152.5,-157.0,-155.5,-151.0,-157.0,-155.0,-156.5,-154.5,-157.0,-157.0,-157.0,-152.0,-148.5,-157.0,-150.5,-155.0,-157.0,-154.5,-157.0,-157.0,-152.5,-156.0,-154.5,-157.0,-157.0,-157.0,-154.5,-154.5,-157.0,-157.0,-157.0,-157.0,-151.0,-151.0,-152.5,-153.5,-157.0,-157.0,-154.5,-155.5,-151.0,-153.5,-157.0,-154.5,-156.0,-157.0,-157.0,-156.0,-151.0,-152.0,-157.0,-154.0,-157.0,-157.0,-157.0,-157.0,-157.0,-157.0,-157.0,-157.0,-148.5,-152.5,-157.0,-153.0,-154.0,-153.0,-152.5,-151.5,-157.0,-157.0,-157.0,-157.0,-157.0,-157.0,-156.5,-157.0,-157.0,-157.0,-150.5,-154.0,-154.5,-157.0,-157.0,-155.0,-154.5,-157.0,-157.0,-157.0,-155.5,-152.0,-157.0,-155.5,-157.0,-157.0,-157.0,-157.0,-151.0,-155.5,-157.0,-157.0,-157.0,-148.0,-146.5,-157.0,-157.0,-157.0,-157.0,-151.5,-150.0,-155.5,-154.5,-155.5,-155.5,-155.0,-154.5,-155.5,-153.0,-153.0,-154.0,-157.0,-157.0,-154.0,-157.0,-157.0,-157.0,-152.5,-155.0,-152.0,-152.0,-154.5,-149.0,-148.0,-157.0,-157.0,-153.0,-153.5,-151.0,-150.5,-157.0,-157.0,-152.5,-157.0,-157.0,-156.0,-157.0,-155.0,-153.0,-157.0,-156.5,-157.0,-157.0,-157.0,-157.0,-157.0,-156.0,-157.0,-155.0,-157.0,-153.5,-154.0,-156.0,-156.0,-152.0,-156.0,-157.0,-157.0,-156.5,-157.0,-154.5,-155.5,-152.0,-155.5,-157.0,-157.0,-157.0,-157.0,-157.0,-157.0,-156.5,-155.5,-157.0,-157.0,-152.0,-153.5,-157.0,-157.0,-157.0,-157.0,-157.0,-152.5,-151.5,-157.0,-152.5,-153.5,-154.0,-154.0,-153.5,-157.0,-157.0,-157.0,-156.0,-157.0,-154.0,-156.0,-153.0,-155.5,-157.0,-156.0,-157.0,-156.5,-157.0,-151.0,-149.5,-151.0,-157.0,-157.0,-157.0,-157.0,-157.0,-157.0,-157.0,-155.0,-154.0,-157.0,-157.0,-157.0,-157.0,-157.0,-155.5,-157.0,-152.0,-151.0,-153.5,-157.0,-152.0,-153.5,-157.0,-157.0,-157.0,-155.0,-157.0,-156.0,-154.5,-157.0,-154.5,-147.0,-148.5,-157.0,-157.0,-155.5,-157.0,-155.5,-155.0,-155.5,-156.5,-157.0,-152.5,-153.5,-157.0,-157.0,-157.0,-157.0,-156.0,-155.5,-157.0,-155.0,-152.0,-155.0,-155.0,-150.0,-151.5,-155.5,-152.0,-157.0,-155.0,-156.0,-152.5,-154.5,-157.0,-156.0,-155.5,-157.0,-157.0,-156.5,-151.0,-151.0,-152.5,-151.0,-152.0,-157.0,-153.5,-151.5,-152.0,-157.0,-153.5,-155.0,-157.0,-157.0,-157.0,-157.0,-157.0,-157.0,-157.0,-157.0,-156.0,-152.5,-156.5,-157.0,-156.0,-157.0,-157.0,-155.5,-155.5,-153.0,-156.5,-157.0,-157.0,-157.0,-153.5,-154.5,-155.5,-155.0,-155.0,-153.5,-157.0,-157.0,-157.0,-157.0,-157.0,-157.0,-157.0,-157.0,-156.0,-157.0
2026-01-17 14:13:42.730,143.049967,5,-77,-157.0,-157.0,-155.0,-155.5,-157.0,-157.0,-157.0,-152.5,-157.0,-157.0,-157.0,-157.0,-157.0,-153.5,-154.0,-155.5,-157.0,-157.0,-157.0,-157.0,-154.5,-155.0,-156.5,-151.5,-153.5,-157.0,-153.5,-156.5,-157.0,-155.5,-157.0,-148.5,-149.0,-157.0,-157.0,-157.0,-157.0,-156.5,-157.0,-154.0,-155.5,-155.5,-157.0,-156.5,-157.0,-157.0,-155.0,-156.5,-157.0,-157.0,-157.0,-153.0,-156.0,-157.0,-157.0,-157.0,-157.0,-149.0,-149.5,-157.0,-157.0,-157.0,-157.0,-153.5,-153.5,-157.0,-155.0,-156.0,-154.5,-154.0,-157.0,-157.0,-157.0,-157.0,-154.5,-157.0,-157.0,-154.0,-151.0,-153.0,-150.5,-150.5,-152.0,-157.0,-155.0,-156.5,-148.0,-149.5,-154.5,-157.0,-157.0,-157.0,-156.0,-157.0,-156.0,-156.5,-153.5,-153.5,-155.5,-157.0,-157.0,-157.0,-157.0,-157.0,-157.0,-157.0,-157.0,-154.5,-154.5,-157.0,-157.0,-157.0,-154.0,-149.0,-149.0,-156.0,-157.0,-156.5,-155.0,-156.0,-157.0,-157.0,-157.0,-154.5,-156.5,-156.0,-153.0,-156.5,-157.0,-157.0,-155.0,-157.0,-157.0,-156.5,-156.5,-157.0,-155.0,-153.5,-155.5,-157.0,-157.0,-150.5,-156.5,-157.0,-152.5,-157.0,-155.5,-155.0,-153.5,-156.0,-157.0,-157.0,-153.0,-149.5,-156.5,-150.5,-155.0,-157.0,-154.5,-156.5,-154.5,-155.0,-157.0,-152.0,-154.5,-157.0,-157.0,-151.0,-153.5,-155.0,-153.5,-157.0,-157.0,-154.0,-153.5,-154.5,-151.5,-153.0,-157.0,-155.0,-154.5,-153.0,-157.0,-155.5,-157.0,-157.0,-157.0,-157.0,-156.5,-156.5,-155.0,-157.0,-151.5,-154.0,-157.0,-157.0,-157.0,-157.0,-157.0,-156.0,-156.5,-149.5,-154.0,-157.0,-155.0,-152.5,-156.5,-151.5,-152.0,-157.0,-157.0,-157.0,-153.0,-153.5,-157.0,-157.0,-157.0,-153.5,-153.5,-151.5,-157.0,-154.5,-157.0,-154.5,-154.0,-156.0,-157.0,-157.0,-157.0,-156.0,-155.0,-157.0,-155.5,-157.0,-156.0,-157.0,-157.0,-155.5,-156.0,-157.0,-157.0,-157.0,-148.5,-148.5,-156.5,-157.0,-157.0,-157.0,-155.0,-155.5,-155.0,-151.5,-157.0,-153.0,-156.5,-157.0,-153.5,-150.5,-155.0,-157.0,-157.0,-157.0,-153.0,-156.0,-157.0,-157.0,-152.5,-155.5,-157.0,-155.5,-157.0,-148.5,-148.0,-155.5,-157.0,-155.0,-157.0,-157.0,-155.5,-155.0,-153.0,-153.5,-157.0,-152.5,-155.0,-157.0,-154.5,-156.0,-157.0,-157.0,-157.0,-157.0,-157.0,-157.0,-157.0,-153.5,-155.0,-152.5,-156.0,-153.5,-157.0,-156.5,-151.5,-150.0,-157.0,-157.0,-157.0,-157.0,-155.0,-155.0,-157.0,-154.5,-155.0,-157.0,-157.0,-157.0,-157.0,-157.0,-157.0,-157.0,-156.5,-157.0,-157.0,-153.0,-157.0,-157.0,-157.0,-157.0,-157.0,-157.0,-151.0,-150.5,-157.0,-154.5,-157.0,-156.0,-156.5,-153.0,-156.0,-155.0,-157.0,-152.0,-157.0,-155.0,-155.5,-154.5,-155.0,-157.0,-154.0,-155.0,-157.0,-153.0,-148.0,-149.5,-150.5,-155.5,-155.0,-155.0,-157.0,-157.0,-157.0,-157.0,-156.5,-155.0,-154.0,-156.0,-157.0,-155.0,-157.0,-154.5,-157.0,-150.5,-150.0,-153.0,-157.0,-152.5,-153.0,-156.0,-157.0,-157.0,-156.5,-157.0,-157.0,-154.0,-157.0,-154.0,-149.5,-151.0,-157.0,-157.0,-156.0,-155.5,-156.0,-152.5,-154.0,-157.0,-157.0,-151.5,-151.0,-157.0,-154.5,-156.5,-157.0,-157.0,-156.0,-157.0,-151.0,-150.5,-157.0,-154.5,-153.5,-154.5,-155.5,-157.0,-155.0,-151.5,-153.0,-152.0,-152.5,-156.5,-151.5,-151.5,-157.0,-157.0,-157.0,-156.0,-157.0,-155.5,-154.5,-157.0,-157.0,-151.0,-153.5,-152.5,-157.0,-157.0,-157.0,-156.5,-157.0,-157.0,-157.0,-157.0,-157.0,-157.0,-157.0,-149.0,-150.0,-157.0,-157.0,-157.0,-157.0,-157.0,-157.0,-155.0,-152.0,-157.0,-156.0,-157.0,-157.0,-154.5,-157.0,-152.5,-151.0,-157.0,-153.5,-155.0,-156.0,-157.0,-157.0,-157.0,-157.0,-157.0,-157.0,-155.5,-157.0
2026-01-17 14:13:42.766,143.049967,5,-77,-157.0,-157.0,-157.0,-156.5,-157.0,-155.0,-154.5,-155.5,-157.0,-157.0,-155.0,-153.5,-156.0,-155.5,-154.5,-154.5,-153.0,-157.0,-157.0,-152.5,-152.5,-155.0,-153.5,-155.5,-157.0,-157.0,-155.5,-154.5,-154.0,-157.0,-155.5,-150.0,-152.0,-157.0,-157.0,-157.0,-157.0,-154.5,-153.5,-154.0,-153.0,-151.0,-157.0,-157.0,-157.0,-157.0,-152.5,-156.0,-157.0,-157.0,-157.0,-153.0,-157.0,-157.0,-157.0,-156.0,-157.0,-154.0,-152.5,-154.5,-155.0,-157.0,-157.0,-157.0,-156.5,-157.0,-151.5,-152.0,-157.0,-155.5,-152.5,-154.5,-157.0,-157.0,-154.0,-157.0,-157.0,-150.0,-150.5,-157.0,-157.0,-150.5,-151.5,-157.0,-157.0,-153.5,-151.5,-149.5,-150.0,-154.5,-157.0,-157.0,-157.0,-157.0,-157.0,-157.0,-157.0,-151.0,-152.5,-157.0,-157.0,-157.0,-157.0,-157.0,-157.0,-157.0,-157.0,-157.0,-157.0,-157.0,-153.0,-155.0,-155.0,-152.0,-154.5,-153.5,-155.0,-154.0,-151.5,-156.5,-157.0,-157.0,-157.0,-156.0,-157.0,-157.0,-149.5,-150.0,-154.0,-157.0,-157.0,-154.0,-157.0,-152.0,-153.5,-157.0,-154.0,-150.0,-152.0,-157.0,-154.5,-150.5,-152.0,-151.0,-148.5,-157.0,-156.0,-157.0,-156.0,-154.0,-153.0,-157.0,-154.0,-153.5,-153.0,-156.5,-157.0,-154.5,-153.0,-157.0,-156.5,-155.5,-150.5,-151.0,-157.0,-157.0,-156.0,-151.0,-155.5,-152.5,-151.0,-153.0,-156.5,-154.5,-155.0,-154.0,-148.0,-148.0,-155.0,-154.5,-154.0,-157.0,-157.0,-154.0,-155.5,-157.0,-157.0,-157.0,-157.0,-157.0,-157.0,-157.0,-152.0,-154.0,-157.0,-154.5,-153.5,-157.0,-153.5,-155.5,-157.0,-153.0,-157.0,-156.5,-157.0,-151.0,-153.5,-152.5,-157.0,-157.0,-157.0,-157.0,-150.5,-152.5,-156.0,-157.0,-156.0,-151.0,-152.5,-151.0,-152.0,-156.0,-157.0,-153.5,-153.5,-153.5,-155.0,-157.0,-156.5,-157.0,-157.0,-155.0,-155.0,-156.0,-153.0,-152.5,-157.0,-157.0,-152.5,-156.5,-157.0,-157.0,-152.5,-152.5,-157.0,-157.0,-157.0,-157.0,-157.0,-157.0,-152.0,-150.0,-156.5,-152.0,-157.0,-156.0,-151.0,-151.0,-151.5,-152.0,-151.5,-157.0,-154.5,-157.0,-157.0,-153.5,-153.5,-155.0,-156.5,-157.0,-157.0,-153.0,-151.0,-152.0,-154.5,-157.0,-156.0,-157.0,-154.0,-152.0,-157.0,-157.0,-152.5,-150.5,-157.0,-157.0,-157.0,-157.0,-157.0,-157.0,-157.0,-157.0,-157.0,-157.0,-154.0,-155.0,-154.0,-156.5,-156.5,-155.5,-156.5,-155.5,-154.0,-153.0,-157.0,-154.5,-154.5,-154.5,-154.0,-157.0,-157.0,-157.0,-154.5,-157.0,-157.0,-157.0,-154.5,-156.0,-155.0,-154.5,-157.0,-157.0,-157.0,-154.0,-157.0,-157.0,-157.0,-157.0,-157.0,-157.0,-154.5,-155.0,-157.0,-155.5,-157.0,-157.0,-157.0,-155.0,-157.0,-152.5,-157.0,-152.0,-157.0,-157.0,-154.5,-157.0,-157.0,-157.0,-154.0,-157.0,-157.0,-155.0,-150.0,-152.5,-154.0,-157.0,-153.5,-155.0,-157.0,-157.0,-157.0,-157.0,-157.0,-157.0,-153.0,-157.0,-157.0,-151.5,-152.0,-157.0,-155.5,-151.0,-155.5,-156.5,-157.0,-150.5,-154.0,-153.5,-155.0,-157.0,-154.0,-154.5,-153.5,-151.5,-152.0,-151.0,-157.0,-157.0,-157.0,-157.0,-157.0,-157.0,-153.0,-153.5,-152.0,-157.0,-157.0,-153.5,-152.5,-157.0,-150.5,-154.0,-156.5,-157.0,-157.0,-157.0,-155.0,-151.5,-157.0,-157.0,-157.0,-157.0,-156.0,-157.0,-157.0,-154.0,-153.0,-155.5,-155.0,-156.5,-151.0,-155.0,-155.0,-157.0,-156.5,-157.0,-157.0,-154.5,-156.0,-157.0,-157.0,-151.5,-156.5,-156.0,-157.0,-157.0,-157.0,-157.0,-153.0,-157.0,-157.0,-155.5,-157.0,-157.0,-157.0,-149.0,-151.0,-156.0,-156.0,-156.5,-157.0,-152.0,-157.0,-157.0,-152.5,-155.5,-157.0,-157.0,-153.5,-152.0,-155.5,-151.5,-151.0,-157.0,-154.0,-157.0,-157.0,-157.0,-152.5,-153.5,-156.0,-157.0,-157.0,-157.0,-156.5
2026-01-17 14:13:42.799,143.049967,5,-77,-157.0,-157.0,-157.0,-157.0,-157.0,-155.5,-157.0,-157.0,-156.0,-156.0,-157.0,-151.0,-153.0,-153.5,-152.5,-149.5,-150.5,-153.5,-157.0,-153.0,-153.0,-157.0,-154.5,-157.0,-157.0,-157.0,-157.0,-154.5,-154.0,-157.0,-157.0,-153.5,-153.0,-154.0,-157.0,-156.5,-157.0,-154.0,-151.5,-157.0,-152.5,-153.0,-157.0,-157.0,-157.0,-156.0,-153.5,-156.0,-157.0,-157.0,-157.0,-152.0,-154.5,-157.0,-157.0,-155.5,-157.0,-154.5,-153.5,-153.0,-155.5,-157.0,-157.0,-157.0,-157.0,-157.0,-154.5,-154.5,-154.0,-153.0,-153.0,-155.0,-156.5,-157.0,-153.0,-153.0,-156.5,-152.0,-157.0,-157.0,-157.0,-156.0,-154.5,-157.0,-157.0,-152.0,-156.5,-149.5,-149.5,-154.0,-157.0,-157.0,-154.0,-156.0,-157.0,-156.0,-157.0,-154.5,-153.0,-157.0,-157.0,-157.0,-157.0,-157.0,-157.0,-157.0,-157.0,-157.0,-157.0,-157.0,-155.0,-154.0,-157.0,-157.0,-154.5,-150.0,-151.5,-157.0,-152.0,-155.0,-157.0,-157.0,-157.0,-157.0,-157.0,-157.0,-150.5,-150.0,-156.0,-153.0,-153.5,-153.0,-157.0,-153.0,-155.5,-154.0,-148.5,-152.0,-153.5,-157.0,-155.5,-154.5,-149.5,-146.5,-146.5,-153.5,-157.0,-157.0,-157.0,-153.5,-151.0,-157.0,-155.0,-157.0,-153.5,-157.0,-157.0,-155.5,-154.5,-157.0,-156.5,-155.5,-152.0,-152.0,-157.0,-157.0,-157.0,-152.0,-157.0,-157.0,-153.5,-156.5,-156.5,-155.5,-157.0,-157.0,-151.0,-149.5,-154.0,-157.0,-157.0,-157.0,-157.0,-154.0,-154.0,-157.0,-156.0,-157.0,-157.0,-157.0,-154.5,-157.0,-156.0,-157.0,-157.0,-153.5,-151.0,-157.0,-155.5,-157.0,-157.0,-157.0,-154.0,-153.0,-157.0,-152.0,-151.0,-152.0,-157.0,-154.5,-153.0,-157.0,-150.5,-153.0,-154.5,-157.0,-157.0,-155.5,-154.0,-154.5,-150.0,-157.0,-155.0,-154.5,-156.5,-155.5,-153.0,-156.0,-154.5,-157.0,-157.0,-154.5,-152.0,-152.0,-151.0,-152.0,-157.0,-157.0,-149.0,-157.0,-157.0,-153.5,-155.5,-152.5,-157.0,-157.0,-157.0,-157.0,-157.0,-157.0,-155.0,-150.5,-153.5,-150.5,-152.0,-155.5,-151.0,-154.5,-149.0,-149.5,-149.0,-157.0,-152.5,-157.0,-157.0,-152.5,-157.0,-157.0,-152.0,-153.0,-157.0,-157.0,-152.0,-151.0,-154.0,-157.0,-153.5,-157.0,-154.5,-153.0,-157.0,-156.5,-151.0,-152.5,-156.0,-156.0,-157.0,-157.0,-157.0,-157.0,-157.0,-157.0,-157.0,-157.0,-152.5,-157.0,-155.0,-157.0,-155.5,-157.0,-156.5,-156.0,-154.5,-153.5,-152.5,-154.5,-155.5,-157.0,-157.0,-157.0,-157.0,-157.0,-153.5,-157.0,-156.5,-155.5,-152.0,-155.5,-153.0,-155.0,-157.0,-154.0,-154.5,-157.0,-157.0,-157.0,-157.0,-157.0,-153.5,-155.0,-157.0,-157.0,-157.0,-157.0,-157.0,-156.0,-152.5,-154.5,-156.0,-153.5,-157.0,-154.0,-157.0,-157.0,-153.5,-157.0,-157.0,-154.0,-151.5,-154.0,-155.5,-157.0,-155.0,-156.0,-157.0,-157.0,-155.5,-155.5,-157.0,-157.0,-157.0,-156.0,-157.0,-156.5,-150.5,-153.0,-157.0,-154.5,-152.5,-156.0,-153.0,-153.0,-152.0,-153.0,-149.0,-147.0,-157.0,-154.5,-153.5,-157.0,-151.5,-153.0,-155.5,-153.0,-148.5,-149.0,-155.5,-154.5,-156.5,-153.0,-154.0,-157.0,-153.0,-154.5,-154.0,-155.5,-157.0,-157.0,-154.0,-155.5,-150.0,-151.5,-156.0,-157.0,-156.0,-157.0,-157.0,-153.0,-153.5,-156.0,-157.0,-157.0,-157.0,-157.0,-157.0,-157.0,-154.0,-157.0,-155.5,-157.0,-153.0,-157.0,-156.0,-155.5,-152.0,-155.0,-157.0,-157.0,-157.0,-157.0,-154.5,-150.5,-156.5,-157.0,-157.0,-157.0,-157.0,-157.0,-151.5,-155.0,-151.5,-150.5,-157.0,-157.0,-155.5,-154.0,-157.0,-157.0,-156.0,-157.0,-153.5,-151.5,-154.5,-157.0,-154.5,-157.0,-157.0,-157.0,-156.5,-153.0,-154.5,-154.5,-155.5,-153.5,-152.5,-157.0,-157.0,-157.0,-152.5,-155.0,-157.0,-157.0,-157.0,-157.0,-153.0
2026-01-17 14:13:42.831,143.049967,5,-77,-157.0,-157.0,-157.0,-155.5,-155.0,-157.0,-157.0,-157.0,-157.0,-157.0,-155.0,-153.5,-155.0,-150.5,-151.5,-150.0,-154.0,-152.5,-157.0,-157.0,-156.5,-157.0,-152.5,-156.5,-157.0,-155.5,-157.0,-157.0,-155.5,-156.5,-156.5,-154.0,-155.0,-154.0,-157.0,-157.0,-157.0,-155.0,-154.0,-157.0,-156.5,-157.0,-157.0,-157.0,-157.0,-153.0,-157.0,-157.0,-157.0,-157.0,-157.0,-152.0,-156.0,-157.0,-157.0,-155.0,-157.0,-153.0,-153.0,-152.5,-154.5,-157.0,-157.0,-157.0,-157.0,-155.5,-157.0,-157.0,-152.0,-154.0,-157.0,-157.0,-157.0,-157.0,-154.5,-152.5,-157.0,-153.5,-156.0,-156.0,-157.0,-157.0,-155.0,-157.0,-155.0,-154.0,-154.0,-153.0,-153.5,-154.0,-155.5,-154.0,-153.5,-154.5,-157.0,-156.0,-156.5,-154.5,-154.5,-156.5,-154.5,-157.0,-157.0,-157.0,-152.0,-151.0,-153.0,-154.5,-153.0,-155.5,-157.0,-157.0,-157.0,-157.0,-154.5,-150.5,-153.0,-155.5,-154.5,-154.5,-156.0,-156.5,-156.5,-155.0,-153.0,-154.0,-154.5,-154.5,-157.0,-152.5,-157.0,-155.5,-153.0,-156.5,-157.0,-152.0,-148.0,-157.0,-156.5,-157.0,-157.0,-157.0,-150.5,-147.5,-150.5,-157.0,-157.0,-157.0,-153.5,-154.0,-153.0,-156.5,-157.0,-153.5,-153.0,-157.0,-157.0,-156.5,-157.0,-154.0,-156.5,-154.0,-157.0,-154.5,-156.5,-157.0,-153.0,-153.0,-157.0,-157.0,-157.0,-157.0,-157.0,-157.0,-157.0,-157.0,-157.0,-156.0,-157.0,-157.0,-157.0,-152.5,-157.0,-157.0,-156.5,-156.5,-157.0,-157.0,-157.0,-151.5,-149.0,-157.0,-157.0,-157.0,-157.0,-153.5,-152.0,-157.0,-157.0,-157.0,-155.5,-155.5,-152.5,-153.0,-157.0,-156.5,-157.0,-156.5,-157.0,-154.5,-150.5,-151.5,-151.0,-151.0,-154.0,-157.0,-157.0,-157.0,-156.0,-157.0,-153.5,-152.5,-153.5,-152.0,-153.5,-157.0,-155.0,-154.5,-153.0,-157.0,-154.0,-154.5,-154.5,-155.5,-152.0,-154.5,-157.0,-157.0,-147.5,-152.0,-155.5,-151.5,-153.5,-153.5,-154.0,-155.5,-157.0,-157.0,-157.0,-157.0,-157.0,-153.5,-155.0,-152.5,-152.5,-152.0,-153.5,-153.0,-150.0,-154.0,-150.0,-153.5,-151.0,-157.0,-152.0,-151.0,-157.0,-157.0,-152.0,-152.5,-157.0,-157.0,-154.0,-152.0,-157.0,-153.5,-152.0,-157.0,-157.0,-155.0,-157.0,-156.0,-152.5,-157.0,-151.0,-152.0,-157.0,-154.5,-154.0,-157.0,-157.0,-157.0,-157.0,-157.0,-152.0,-155.0,-151.5,-157.0,-156.0,-156.0,-157.0,-156.0,-157.0,-157.0,-154.5,-157.0,-157.0,-157.0,-156.5,-156.5,-157.0,-156.5,-155.0,-157.0,-154.5,-154.0,-152.0,-151.5,-151.5,-157.0,-157.0,-157.0,-157.0,-157.0,-157.0,-157.0,-156.5,-156.0,-153.5,-153.5,-156.5,-156.0,-155.5,-157.0,-157.0,-154.5,-151.0,-152.0,-157.0,-156.0,-157.0,-157.0,-154.5,-155.5,-151.5,-153.0,-154.5,-149.0,-149.0,-155.0,-157.0,-157.0,-157.0,-156.5,-157.0,-157.0,-153.0,-150.5,-154.0,-157.0,-157.0,-157.0,-156.5,-157.0,-152.5,-151.0,-155.0,-157.0,-155.0,-155.5,-152.5,-153.5,-156.0,-150.5,-145.0,-144.0,-157.0,-157.0,-154.5,-157.0,-154.0,-156.0,-153.0,-157.0,-151.0,-151.0,-152.0,-153.0,-157.0,-153.5,-153.5,-153.5,-153.0,-152.0,-155.0,-153.5,-157.0,-157.0,-151.5,-152.0,-151.5,-152.0,-152.5,-153.0,-154.5,-157.0,-156.0,-154.5,-152.0,-154.5,-156.5,-157.0,-157.0,-152.0,-152.5,-153.5,-155.5,-157.0,-157.0,-155.5,-153.5,-152.5,-154.0,-152.5,-152.0,-154.5,-157.0,-157.0,-156.5,-157.0,-155.5,-150.0,-157.0,-157.0,-157.0,-157.0,-157.0,-157.0,-156.0,-155.5,-150.0,-149.0,-155.0,-152.5,-154.5,-155.0,-155.0,-156.0,-156.5,-157.0,-157.0,-154.0,-156.0,-157.0,-152.5,-152.5,-154.5,-157.0,-157.0,-157.0,-157.0,-155.0,-153.0,-153.0,-153.5,-157.0,-157.0,-157.0,-157.0,-155.5,-157.0,-157.0,-157.0,-157.0,-154.0
2026-01-17 14:13:42.866,143.049967,5,-77,-157.0,-157.0,-157.0,-152.5,-155.5,-157.0,-157.0,-155.0,-157.0,-157.0,-157.0,-157.0,-157.0,-150.5,-152.0,-152.5,-157.0,-152.5,-156.0,-154.5,-157.0,-156.0,-151.5,-157.0,-156.0,-157.0,-157.0,-156.0,-156.5,-157.0,-156.5,-155.5,-157.0,-157.0,-157.0,-156.0,-155.0,-156.0,-154.5,-156.0,-157.0,-157.0,-157.0,-157.0,-157.0,-154.0,-156.5,-157.0,-157.0,-157.0,-154.5,-152.5,-157.0,-157.0,-150.5,-150.0,-157.0,-153.5,-156.5,-153.0,-154.5,-155.5,-157.0,-157.0,-157.0,-152.0,-154.5,-157.0,-154.0,-155.5,-157.0,-157.0,-153.5,-152.5,-157.0,-153.0,-157.0,-152.0,-152.5,-150.5,-157.0,-156.0,-154.0,-155.5,-151.5,-155.5,-157.0,-154.0,-157.0,-152.0,-152.0,-152.0,-157.0,-157.0,-156.5,-153.0,-155.5,-153.5,-155.5,-157.0,-155.0,-157.0,-157.0,-157.0,-151.5,-151.5,-156.0,-150.0,-148.5,-152.0,-157.0,-157.0,-157.0,-157.0,-157.0,-154.0,-155.5,-153.0,-157.0,-156.0,-154.0,-151.0,-157.0,-149.5,-151.5,-157.0,-155.0,-152.5,-154.0,-153.5,-157.0,-157.0,-152.5,-154.5,-157.0,-157.0,-152.0,-152.5,-156.0,-157.0,-157.0,-157.0,-151.5,-148.0,-151.0,-157.0,-157.0,-157.0,-153.0,-155.0,-157.0,-155.0,-157.0,-154.0,-155.5,-157.0,-155.0,-156.5,-157.0,-155.5,-157.0,-154.0,-155.5,-157.0,-156.5,-155.5,-151.0,-153.0,-157.0,-154.0,-157.0,-157.0,-157.0,-157.0,-156.5,-154.5,-155.0,-157.0,-155.5,-153.5,-156.0,-151.5,-157.0,-157.0,-157.0,-156.0,-157.0,-157.0,-157.0,-150.5,-148.5,-151.5,-153.5,-155.5,-157.0,-156.0,-155.5,-157.0,-157.0,-157.0,-153.0,-155.0,-153.5,-153.5,-153.0,-155.0,-157.0,-157.0,-157.0,-154.0,-152.0,-152.5,-157.0,-153.5,-153.0,-156.5,-157.0,-157.0,-157.0,-157.0,-157.0,-152.0,-157.0,-153.5,-153.0,-157.0,-157.0,-157.0,-152.5,-157.0,-152.0,-154.0,-157.0,-157.0,-155.5,-154.5,-157.0,-157.0,-149.5,-152.5,-157.0,-153.0,-157.0,-157.0,-151.5,-154.5,-157.0,-156.5,-157.0,-157.0,-154.5,-157.0,-157.0,-155.5,-157.0,-150.0,-154.5,-153.0,-155.0,-153.0,-154.0,-156.0,-152.0,-156.0,-153.0,-154.5,-157.0,-157.0,-153.5,-155.0,-157.0,-157.0,-157.0,-155.5,-157.0,-157.0,-154.5,-157.0,-156.5,-157.0,-157.0,-157.0,-154.0,-157.0,-149.5,-148.5,-156.0,-153.5,-156.5,-157.0,-157.0,-157.0,-157.0,-156.0,-155.5,-157.0,-153.5,-157.0,-157.0,-157.0,-157.0,-153.0,-157.0,-155.5,-157.0,-155.0,-156.5,-157.0,-157.0,-157.0,-157.0,-156.0,-157.0,-155.0,-157.0,-157.0,-154.5,-153.0,-151.5,-157.0,-157.0,-157.0,-157.0,-157.0,-157.0,-157.0,-156.0,-154.5,-154.5,-157.0,-156.5,-157.0,-150.0,-150.5,-156.5,-153.0,-154.0,-154.5,-157.0,-157.0,-156.5,-157.0,-157.0,-153.0,-152.5,-152.0,-153.0,-150.5,-152.0,-155.5,-157.0,-157.0,-157.0,-157.0,-157.0,-157.0,-150.0,-149.0,-153.0,-157.0,-157.0,-153.5,-151.5,-157.0,-157.0,-153.0,-156.0,-156.0,-155.0,-155.0,-157.0,-155.0,-155.5,-151.5,-144.5,-145.0,-155.0,-157.0,-156.0,-157.0,-153.5,-157.0,-152.0,-155.5,-156.5,-157.0,-152.5,-153.0,-155.5,-154.0,-155.5,-153.0,-156.0,-154.5,-155.5,-156.5,-157.0,-155.0,-153.0,-153.0,-154.0,-157.0,-152.5,-154.0,-157.0,-157.0,-153.5,-153.5,-153.0,-152.0,-152.5,-152.5,-156.0,-153.0,-154.5,-151.5,-156.5,-157.0,-157.0,-153.5,-154.5,-154.0,-155.5,-154.0,-153.5,-154.0,-157.0,-154.5,-157.0,-157.0,-154.5,-151.0,-157.0,-157.0,-157.0,-157.0,-157.0,-157.0,-157.0,-157.0,-154.0,-151.5,-153.5,-152.5,-155.0,-153.0,-157.0,-157.0,-157.0,-157.0,-154.0,-152.0,-157.0,-157.0,-154.5,-152.0,-154.0,-153.5,-157.0,-157.0,-157.0,-157.0,-153.0,-157.0,-154.5,-157.0,-157.0,-157.0,-157.0,-157.0,-157.0,-157.0,-154.5,-156.0,-157.0
2026-01-17 14:13:42.900,143.049967,5,-77,-157.0,-157.0,-156.0,-154.0,-157.0,-157.0,-157.0,-152.0,-153.5,-157.0,-157.0,-155.5,-157.0,-152.5,-156.0,-157.0,-157.0,-153.5,-157.0,-153.5,-153.5,-153.5,-152.5,-155.0,-156.0,-157.0,-157.0,-155.5,-157.0,-157.0,-157.0,-155.0,-155.0,-157.0,-157.0,-152.5,-153.0,-157.0,-156.5,-156.5,-157.0,-155.5,-154.5,-157.0,-157.0,-154.5,-157.0,-157.0,-157.0,-157.0,-153.5,-156.5,-157.0,-151.5,-150.5,-151.5,-157.0,-154.5,-156.0,-153.0,-157.0,-156.0,-157.0,-157.0,-157.0,-153.5,-154.0,-157.0,-157.0,-155.0,-156.5,-157.0,-151.0,-151.0,-154.5,-153.5,-157.0,-153.0,-154.5,-149.5,-157.0,-156.5,-154.5,-153.5,-152.0,-155.5,-155.0,-153.5,-157.0,-152.5,-157.0,-154.5,-157.0,-157.0,-156.0,-152.0,-155.5,-154.5,-157.0,-157.0,-157.0,-157.0,-157.0,-156.0,-155.0,-157.0,-156.0,-149.5,-150.0,-157.0,-157.0,-157.0,-157.0,-154.0,-154.0,-156.5,-151.5,-152.0,-157.0,-157.0,-155.5,-150.5,-157.0,-151.0,-152.0,-157.0,-152.0,-153.0,-151.5,-157.0,-157.0,-157.0,-152.5,-152.0,-152.0,-156.0,-156.5,-153.0,-155.5,-155.5,-157.0,-157.0,-156.5,-150.5,-151.5,-152.5,-157.0,-157.0,-155.0,-156.0,-157.0,-151.5,-151.0,-154.5,-157.0,-157.0,-153.5,-154.0,-157.0,-155.0,-157.0,-156.0,-157.0,-157.0,-152.5,-151.0,-154.0,-156.0,-153.0,-152.0,-154.0,-157.0,-153.5,-152.0,-157.0,-152.5,-154.5,-154.5,-157.0,-154.0,-157.0,-155.0,-157.0,-157.0,-157.0,-157.0,-157.0,-157.0,-153.5,-152.0,-156.0,-152.0,-149.5,-154.0,-157.0,-157.0,-157.0,-153.5,-153.0,-154.5,-153.5,-157.0,-152.0,-151.5,-157.0,-155.5,-157.0,-156.0,-153.5,-153.5,-153.5,-157.0,-157.0,-156.5,-153.0,-155.0,-157.0,-157.0,-157.0,-157.0,-156.5,-152.0,-155.0,-157.0,-155.5,-156.5,-157.0,-157.0,-152.5,-155.0,-155.5,-156.5,-155.0,-154.0,-157.0,-157.0,-157.0,-157.0,-154.0,-157.0,-154.5,-152.5,-155.0,-153.0,-151.5,-154.0,-151.5,-151.0,-157.0,-157.0,-154.5,-156.5,-154.0,-155.0,-157.0,-152.0,-154.5,-154.5,-157.0,-157.0,-157.0,-157.0,-153.5,-152.0,-157.0,-157.0,-157.0,-157.0,-153.0,-154.5,-157.0,-157.0,-157.0,-157.0,-157.0,-157.0,-157.0,-157.0,-157.0,-157.0,-157.0,-157.0,-154.5,-157.0,-152.5,-150.0,-155.5,-153.5,-156.5,-155.0,-157.0,-157.0,-151.0,-150.0,-157.0,-155.0,-154.0,-154.0,-154.5,-156.5,-155.5,-153.0,-155.5,-153.0,-156.5,-154.0,-157.0,-155.5,-157.0,-157.0,-155.0,-157.0,-157.0,-157.0,-157.0,-157.0,-157.0,-157.0,-154.5,-157.0,-157.0,-157.0,-157.0,-157.0,-157.0,-157.0,-154.5,-153.0,-155.0,-157.0,-157.0,-155.5,-151.0,-151.5,-157.0,-157.0,-157.0,-154.5,-157.0,-156.5,-154.0,-154.0,-155.5,-153.0,-156.0,-156.5,-154.0,-152.0,-153.5,-157.0,-153.0,-153.0,-157.0,-157.0,-157.0,-157.0,-151.5,-157.0,-156.0,-157.0,-157.0,-152.0,-149.0,-155.0,-154.5,-152.0,-154.5,-155.0,-157.0,-155.5,-157.0,-156.5,-154.5,-156.5,-147.5,-152.5,-154.5,-157.0,-157.0,-157.0,-153.5,-157.0,-156.0,-154.5,-156.5,-157.0,-157.0,-154.5,-153.5,-157.0,-157.0,-157.0,-157.0,-157.0,-157.0,-157.0,-157.0,-152.5,-156.5,-157.0,-157.0,-157.0,-156.0,-157.0,-157.0,-157.0,-155.0,-156.5,-155.0,-152.0,-153.5,-154.0,-154.0,-157.0,-157.0,-154.5,-157.0,-157.0,-157.0,-152.0,-153.5,-156.5,-157.0,-157.0,-155.0,-153.5,-157.0,-153.0,-156.0,-156.0,-154.5,-153.0,-157.0,-157.0,-157.0,-155.0,-157.0,-157.0,-157.0,-157.0,-157.0,-154.0,-157.0,-157.0,-154.5,-153.0,-157.0,-157.0,-155.5,-156.5,-151.0,-152.0,-157.0,-157.0,-157.0,-152.5,-157.0,-155.5,-157.0,-157.0,-157.0,-157.0,-156.0,-157.0,-156.0,-154.5,-157.0,-157.0,-157.0,-157.0,-157.0,-157.0,-153.5,-151.0,-157.0
2026-01-17 14:13:42.932,143.049967,5,-77,-157.0,-157.0,-157.0,-157.0,-157.0,-156.0,-157.0,-150.5,-151.5,-156.5,-155.0,-152.0,-154.0,-152.5,-157.0,-157.0,-156.0,-155.0,-157.0,-157.0,-151.0,-151.0,-156.5,-151.5,-154.0,-157.0,-157.0,-157.0,-155.5,-157.0,-156.0,-153.5,-152.0,-157.0,-153.0,-155.5,-155.5,-157.0,-157.0,-155.0,-157.0,-156.5,-156.0,-156.5,-157.0,-155.0,-155.5,-157.0,-157.0,-157.0,-154.5,-157.0,-157.0,-154.5,-154.5,-157.0,-157.0,-157.0,-156.5,-151.0,-151.5,-154.0,-156.0,-157.0,-157.0,-157.0,-154.0,-156.0,-157.0,-154.5,-157.0,-157.0,-154.5,-157.0,-155.5,-155.5,-157.0,-157.0,-155.5,-149.0,-150.5,-155.5,-152.5,-152.0,-153.0,-152.5,-152.5,-153.0,-156.5,-155.5,-157.0,-155.5,-155.5,-154.5,-157.0,-154.0,-157.0,-156.5,-157.0,-153.5,-156.5,-157.0,-156.5,-157.0,-154.5,-157.0,-152.5,-151.0,-156.0,-157.0,-157.0,-157.0,-157.0,-154.5,-155.5,-157.0,-152.5,-154.0,-157.0,-157.0,-157.0,-150.5,-153.0,-154.0,-156.5,-157.0,-152.5,-157.0,-152.5,-157.0,-157.0,-157.0,-154.0,-157.0,-154.0,-156.0,-157.0,-154.0,-153.0,-150.5,-153.0,-157.0,-157.0,-152.0,-152.0,-152.5,-157.0,-157.0,-157.0,-153.0,-157.0,-149.0,-148.5,-157.0,-157.0,-157.0,-152.5,-153.5,-157.0,-155.5,-157.0,-157.0,-157.0,-155.5,-152.5,-152.5,-157.0,-157.0,-157.0,-157.0,-155.5,-157.0,-153.0,-151.5,-157.0,-152.5,-151.5,-153.0,-153.0,-153.5,-157.0,-157.0,-155.5,-155.5,-157.0,-155.5,-154.0,-156.0,-153.5,-153.5,-157.0,-157.0,-149.5,-157.0,-157.0,-157.0,-157.0,-157.0,-153.0,-157.0,-157.0,-154.5,-149.5,-150.5,-157.0,-157.0,-155.0,-153.5,-153.5,-155.0,-155.5,-157.0,-157.0,-157.0,-156.5,-157.0,-157.0,-157.0,-157.0,-157.0,-153.0,-151.5,-157.0,-157.0,-157.0,-157.0,-157.0,-157.0,-154.0,-157.0,-155.0,-157.0,-155.0,-155.5,-157.0,-157.0,-157.0,-157.0,-152.5,-155.5,-152.5,-151.0,-149.5,-148.5,-149.5,-155.0,-148.5,-148.0,-155.0,-156.0,-155.5,-151.5,-150.0,-154.5,-157.0,-157.0,-153.0,-152.5,-157.0,-157.0,-156.0,-157.0,-157.0,-154.5,-157.0,-157.0,-156.0,-156.0,-154.5,-152.5,-156.5,-157.0,-157.0,-157.0,-157.0,-156.0,-157.0,-157.0,-157.0,-157.0,-157.0,-157.0,-157.0,-157.0,-157.0,-151.5,-156.0,-153.5,-157.0,-156.0,-157.0,-157.0,-150.5,-149.5,-155.5,-153.5,-151.5,-153.5,-154.5,-157.0,-155.0,-154.0,-155.5,-154.0,-157.0,-155.0,-154.0,-153.5,-155.5,-152.0,-149.5,-155.5,-157.0,-157.0,-157.0,-157.0,-157.0,-157.0,-155.0,-155.0,-156.0,-157.0,-157.0,-157.0,-157.0,-157.0,-154.5,-152.0,-155.5,-156.0,-157.0,-153.0,-157.0,-156.5,-157.0,-157.0,-157.0,-156.0,-157.0,-156.0,-152.0,-149.5,-157.0,-156.5,-157.0,-157.0,-150.5,-150.0,-152.5,-157.0,-153.0,-153.0,-157.0,-157.0,-157.0,-156.5,-155.0,-157.0,-157.0,-157.0,-157.0,-153.5,-150.0,-157.0,-157.0,-153.0,-155.0,-154.0,-157.0,-157.0,-156.0,-155.0,-157.0,-157.0,-149.5,-152.0,-153.0,-155.0,-157.0,-157.0,-153.0,-157.0,-157.0,-155.0,-153.5,-157.0,-157.0,-155.0,-157.0,-157.0,-157.0,-157.0,-157.0,-157.0,-157.0,-157.0,-154.0,-151.0,-157.0,-157.0,-157.0,-157.0,-157.0,-157.0,-157.0,-157.0,-156.5,-157.0,-151.5,-153.0,-157.0,-157.0,-156.0,-157.0,-156.0,-157.0,-157.0,-157.0,-157.0,-153.0,-152.5,-156.5,-157.0,-157.0,-157.0,-154.0,-157.0,-153.0,-151.0,-157.0,-157.0,-157.0,-157.0,-157.0,-157.0,-153.5,-157.0,-157.0,-157.0,-157.0,-157.0,-157.0,-157.0,-157.0,-155.0,-151.5,-152.5,-157.0,-154.0,-152.0,-151.5,-156.0,-157.0,-153.5,-153.0,-151.0,-157.0,-157.0,-157.0,-157.0,-157.0,-157.0,-157.0,-153.0,-154.0,-155.0,-157.0,-157.0,-157.0,-157.0,-157.0,-157.0,-153.5,-150.0,-153.0
2026-01-17 14:13:42.934,143.049967,5,-77,-157.0,-157.0,-157.0,-157.0,-157.0,-156.0,-157.0,-150.5,-151.5,-156.5,-155.0,-152.0,-154.0,-152.5,-157.0,-157.0,-156.0,-155.0,-157.0,-157.0,-151.0,-151.0,-156.5,-151.5,-154.0,-157.0,-157.0,-157.0,-155.5,-157.0,-156.0,-153.5,-152.0,-157.0,-153.0,-155.5,-155.5,-157.0,-157.0,-155.0,-157.0,-156.5,-156.0,-156.5,-157.0,-155.0,-155.5,-157.0,-157.0,-157.0,-154.5,-157.0,-157.0,-154.5,-154.5,-157.0,-157.0,-157.0,-156.5,-151.0,-151.5,-154.0,-156.0,-157.0,-157.0,-157.0,-154.0,-156.0,-157.0,-154.5,-157.0,-157.0,-154.5,-157.0,-155.5,-155.5,-157.0,-157.0,-155.5,-149.0,-150.5,-155.5,-152.5,-152.0,-153.0,-152.5,-152.5,-153.0,-156.5,-155.5,-157.0,-155.5,-155.5,-154.5,-157.0,-154.0,-157.0,-156.5,-157.0,-153.5,-156.5,-157.0,-156.5,-157.0,-154.5,-157.0,-152.5,-151.0,-156.0,-157.0,-157.0,-157.0,-157.0,-154.5,-155.5,-157.0,-152.5,-154.0,-157.0,-157.0,-157.0,-150.5,-153.0,-154.0,-156.5,-157.0,-152.5,-157.0,-152.5,-157.0,-157.0,-157.0,-154.0,-157.0,-154.0,-156.0,-157.0,-154.0,-153.0,-150.5,-153.0,-157.0,-157.0,-152.0,-152.0,-152.5,-157.0,-157.0,-157.0,-153.0,-157.0,-149.0,-148.5,-157.0,-157.0,-157.0,-152.5,-153.5,-157.0,-155.5,-157.0,-157.0,-157.0,-155.5,-152.5,-152.5,-157.0,-157.0,-157.0,-157.0,-155.5,-157.0,-153.0,-151.5,-157.0,-152.5,-151.5,-153.0,-153.0,-153.5,-157.0,-157.0,-155.5,-155.5,-157.0,-155.5,-154.0,-156.0,-153.5,-153.5,-157.0,-157.0,-149.5,-157.0,-157.0,-157.0,-157.0,-157.0,-153.0,-157.0,-157.0,-154.5,-149.5,-150.5,-157.0,-157.0,-155.0,-153.5,-153.5,-155.0,-155.5,-157.0,-157.0,-157.0,-156.5,-157.0,-157.0,-157.0,-157.0,-157.0,-153.0,-151.5,-157.0,-157.0,-157.0,-157.0,-157.0,-157.0,-154.0,-157.0,-155.0,-157.0,-155.0,-155.5,-157.0,-157.0,-157.0,-157.0,-152.5,-155.5,-152.5,-151.0,-149.5,-148.5,-149.5,-155.0,-148.5,-148.0,-155.0,-156.0,-155.5,-151.5,-150.0,-154.5,-157.0,-157.0,-153.0,-152.5,-157.0,-157.0,-156.0,-157.0,-157.0,-154.5,-157.0,-157.0,-156.0,-156.0,-154.5,-152.5,-156.5,-157.0,-157.0,-157.0,-157.0,-156.0,-157.0,-157.0,-157.0,-157.0,-157.0,-157.0,-157.0,-157.0,-157.0,-151.5,-156.0,-153.5,-157.0,-156.0,-157.0,-157.0,-150.5,-149.5,-155.5,-153.5,-151.5,-153.5,-154.5,-157.0,-155.0,-154.0,-155.5,-154.0,-157.0,-155.0,-154.0,-153.5,-155.5,-152.0,-149.5,-155.5,-157.0,-157.0,-157.0,-157.0,-157.0,-157.0,-155.0,-155.0,-156.0,-157.0,-157.0,-157.0,-157.0,-157.0,-154.5,-152.0,-155.5,-156.0,-157.0,-153.0,-157.0,-156.5,-157.0,-157.0,-157.0,-156.0,-157.0,-156.0,-152.0,-149.5,-157.0,-156.5,-157.0,-157.0,-150.5,-150.0,-152.5,-157.0,-153.0,-153.0,-157.0,-157.0,-157.0,-156.5,-155.0,-157.0,-157.0,-157.0,-157.0,-153.5,-150.0,-157.0,-157.0,-153.0,-155.0,-154.0,-157.0,-157.0,-156.0,-155.0,-157.0,-157.0,-149.5,-152.0,-153.0,-155.0,-157.0,-157.0,-153.0,-157.0,-157.0,-155.0,-153.5,-157.0,-157.0,-155.0,-157.0,-157.0,-157.0,-157.0,-157.0,-157.0,-157.0,-157.0,-154.0,-151.0,-157.0,-157.0,-157.0,-157.0,-157.0,-157.0,-157.0,-157.0,-156.5,-157.0,-151.5,-153.0,-157.0,-157.0,-156.0,-157.0,-156.0,-157.0,-157.0,-157.0,-157.0,-153.0,-152.5,-156.5,-157.0,-157.0,-157.0,-154.0,-157.0,-153.0,-151.0,-157.0,-157.0,-157.0,-157.0,-157.0,-157.0,-153.5,-157.0,-157.0,-157.0,-157.0,-157.0,-157.0,-157.0,-157.0,-155.0,-151.5,-152.5,-157.0,-154.0,-152.0,-151.5,-156.0,-157.0,-153.5,-153.0,-151.0,-157.0,-157.0,-157.0,-157.0,-157.0,-157.0,-157.0,-153.0,-154.0,-155.0,-157.0,-157.0,-157.0,-157.0,-157.0,-157.0,-153.5,-150.0,-153.0
2026-01-17 14:13:42.965,143.049967,5,-77,-157.0,-157.0,-157.0,-157.0,-157.0,-157.0,-157.0,-150.5,-151.0,-157.0,-157.0,-153.5,-157.0,-154.5,-157.0,-152.5,-153.0,-153.0,-155.0,-156.5,-151.5,-152.5,-153.5,-150.5,-152.5,-157.0,-157.0,-157.0,-156.0,-155.5,-155.0,-154.0,-151.5,-155.5,-152.0,-157.0,-156.0,-157.0,-157.0,-152.0,-153.0,-157.0,-157.0,-156.5,-157.0,-156.5,-155.0,-157.0,-157.0,-155.0,-157.0,-157.0,-157.0,-157.0,-155.0,-157.0,-157.0,-157.0,-155.5,-152.0,-148.0,-152.5,-157.0,-157.0,-157.0,-157.0,-155.0,-157.0,-153.0,-152.5,-157.0,-157.0,-157.0,-157.0,-157.0,-157.0,-157.0,-157.0,-157.0,-150.5,-153.5,-157.0,-155.0,-157.0,-150.0,-149.5,-151.0,-155.0,-157.0,-157.0,-157.0,-157.0,-157.0,-154.0,-157.0,-155.5,-153.0,-156.0,-157.0,-151.0,-152.5,-157.0,-156.0,-157.0,-153.5,-156.0,-153.0,-153.5,-157.0,-157.0,-153.0,-153.0,-157.0,-157.0,-157.0,-156.0,-157.0,-157.0,-157.0,-157.0,-157.0,-154.5,-151.5,-150.0,-157.0,-157.0,-152.5,-154.0,-154.0,-157.0,-157.0,-157.0,-157.0,-156.0,-157.0,-155.5,-156.5,-157.0,-152.0,-151.5,-152.0,-157.0,-157.0,-151.0,-154.0,-156.0,-156.5,-157.0,-155.5,-153.5,-151.0,-146.0,-148.0,-157.0,-157.0,-157.0,-151.0,-156.0,-157.0,-156.0,-157.0,-155.5,-157.0,-154.0,-155.0,-157.0,-157.0,-152.5,-154.5,-157.0,-156.0,-157.0,-156.5,-156.5,-157.0,-157.0,-152.0,-156.0,-151.0,-153.0,-157.0,-157.0,-155.5,-157.0,-157.0,-154.5,-154.5,-157.0,-156.0,-157.0,-157.0,-152.5,-150.5,-154.5,-154.0,-156.5,-157.0,-157.0,-153.5,-157.0,-157.0,-153.0,-152.5,-156.5,-157.0,-157.0,-154.0,-155.0,-157.0,-154.5,-155.5,-157.0,-157.0,-157.0,-157.0,-157.0,-157.0,-157.0,-157.0,-157.0,-156.0,-154.0,-157.0,-156.5,-157.0,-157.0,-157.0,-156.0,-157.0,-157.0,-152.0,-155.5,-155.0,-151.5,-154.5,-157.0,-157.0,-157.0,-152.5,-153.0,-153.0,-152.5,-150.5,-152.0,-150.0,-157.0,-152.5,-150.5,-157.0,-157.0,-157.0,-151.0,-151.5,-157.0,-156.5,-157.0,-152.0,-151.0,-157.0,-157.0,-151.5,-153.0,-157.0,-157.0,-157.0,-154.0,-154.5,-155.0,-157.0,-152.5,-150.0,-157.0,-157.0,-156.5,-157.0,-157.0,-157.0,-157.0,-157.0,-157.0,-155.5,-157.0,-157.0,-157.0,-156.0,-152.5,-154.5,-153.0,-157.0,-157.0,-157.0,-153.5,-156.0,-155.0,-157.0,-151.5,-151.5,-157.0,-157.0,-157.0,-152.5,-151.0,-157.0,-156.5,-157.0,-157.0,-156.5,-157.0,-155.5,-149.0,-149.5,-155.0,-157.0,-157.0,-156.0,-157.0,-157.0,-157.0,-155.0,-150.0,-151.0,-157.0,-157.0,-157.0,-154.5,-156.5,-154.5,-155.5,-157.0,-156.0,-157.0,-151.5,-156.0,-157.0,-157.0,-157.0,-157.0,-157.0,-157.0,-157.0,-153.0,-149.5,-157.0,-157.0,-157.0,-157.0,-153.0,-153.5,-157.0,-157.0,-155.5,-155.5,-157.0,-157.0,-154.0,-154.5,-157.0,-156.5,-156.5,-156.5,-157.0,-154.5,-155.0,-157.0,-157.0,-156.0,-157.0,-156.0,-157.0,-156.5,-157.0,-155.5,-157.0,-157.0,-151.0,-152.5,-150.0,-151.0,-157.0,-157.0,-151.5,-153.0,-155.0,-151.0,-150.5,-157.0,-157.0,-154.0,-157.0,-157.0,-157.0,-157.0,-157.0,-156.0,-156.0,-157.0,-153.0,-152.5,-157.0,-157.0,-157.0,-155.0,-157.0,-157.0,-157.0,-157.0,-156.0,-157.0,-152.5,-153.0,-157.0,-157.0,-152.0,-155.5,-155.0,-157.0,-157.0,-157.0,-154.0,-155.0,-151.5,-154.0,-157.0,-157.0,-154.5,-153.5,-157.0,-157.0,-151.5,-157.0,-157.0,-157.0,-157.0,-157.0,-154.5,-153.5,-155.0,-157.0,-157.0,-157.0,-157.0,-157.0,-156.5,-156.0,-155.0,-153.5,-156.5,-157.0,-157.0,-154.5,-155.5,-156.0,-157.0,-152.5,-153.0,-152.0,-153.5,-156.5,-153.5,-157.0,-157.0,-157.0,-155.0,-150.0,-153.0,-157.0,-157.0,-157.0,-157.0,-157.0,-157.0,-155.0,-157.0,-152.5,-155.0
2026-01-17 14:13:43.001,143.049967,5,-77,-157.0,-157.0,-157.0,-157.0,-157.0,-156.0,-155.0,-156.0,-154.5,-157.0,-157.0,-156.5,-156.0,-156.0,-156.0,-155.0,-151.5,-152.5,-154.0,-153.0,-151.0,-153.0,-154.0,-151.0,-153.0,-157.0,-154.5,-153.5,-157.0,-153.5,-154.5,-153.0,-151.0,-154.5,-151.0,-155.5,-157.0,-157.0,-157.0,-153.5,-156.0,-157.0,-157.0,-157.0,-157.0,-157.0,-157.0,-157.0,-156.5,-153.0,-157.0,-154.0,-154.0,-157.0,-156.0,-157.0,-157.0,-154.0,-154.0,-152.5,-148.0,-153.0,-157.0,-157.0,-157.0,-157.0,-155.5,-156.0,-154.5,-155.5,-157.0,-154.5,-154.5,-157.0,-157.0,-157.0,-157.0,-157.0,-153.0,-151.5,-153.5,-155.0,-157.0,-157.0,-150.5,-151.0,-152.5,-152.0,-157.0,-157.0,-157.0,-157.0,-157.0,-153.5,-154.0,-157.0,-151.0,-150.0,-153.0,-149.0,-151.5,-157.0,-157.0,-156.0,-151.0,-150.0,-154.0,-155.0,-157.0,-157.0,-155.5,-156.0,-157.0,-157.0,-157.0,-157.0,-157.0,-156.0,-156.0,-157.0,-157.0,-153.0,-150.5,-148.5,-156.0,-154.0,-152.0,-153.0,-153.0,-157.0,-157.0,-157.0,-157.0,-154.5,-151.0,-150.5,-152.0,-154.5,-154.0,-157.0,-155.0,-157.0,-152.5,-153.0,-157.0,-155.0,-151.5,-157.0,-154.0,-153.5,-151.5,-145.5,-151.5,-151.5,-154.5,-151.0,-149.0,-152.0,-157.0,-157.0,-154.0,-152.5,-157.0,-157.0,-154.5,-157.0,-157.0,-151.5,-151.0,-157.0,-155.5,-157.0,-156.5,-156.5,-157.0,-156.5,-152.5,-154.5,-155.0,-157.0,-157.0,-157.0,-157.0,-157.0,-157.0,-156.0,-155.5,-157.0,-157.0,-157.0,-157.0,-155.5,-157.0,-153.0,-151.0,-157.0,-157.0,-156.5,-154.0,-156.0,-157.0,-157.0,-157.0,-157.0,-157.0,-157.0,-157.0,-157.0,-157.0,-157.0,-157.0,-157.0,-157.0,-157.0,-157.0,-155.0,-156.5,-157.0,-157.0,-157.0,-156.5,-154.0,-155.5,-156.5,-155.0,-157.0,-157.0,-157.0,-157.0,-154.5,-152.0,-156.5,-153.5,-149.5,-150.5,-157.0,-157.0,-154.5,-153.0,-153.5,-151.5,-152.5,-153.0,-154.5,-153.5,-157.0,-156.5,-154.5,-157.0,-157.0,-157.0,-153.5,-153.5,-157.0,-154.0,-157.0,-157.0,-153.0,-157.0,-157.0,-150.5,-150.0,-152.5,-155.5,-153.0,-155.0,-155.0,-156.0,-157.0,-156.5,-151.5,-154.0,-155.0,-153.5,-157.0,-157.0,-157.0,-157.0,-155.0,-157.0,-155.0,-153.5,-152.5,-157.0,-157.0,-156.5,-152.5,-154.0,-156.5,-157.0,-151.5,-150.0,-157.0,-157.0,-157.0,-155.5,-156.0,-157.0,-154.0,-156.0,-152.5,-150.0,-157.0,-157.0,-157.0,-157.0,-157.0,-157.0,-155.5,-148.5,-157.0,-156.0,-157.0,-157.0,-151.0,-152.5,-157.0,-157.0,-157.0,-152.5,-150.0,-155.0,-153.5,-157.0,-152.5,-152.0,-153.5,-157.0,-153.5,-154.0,-157.0,-151.5,-155.0,-157.0,-157.0,-157.0,-157.0,-157.0,-157.0,-156.0,-155.5,-152.5,-155.5,-155.0,-156.0,-157.0,-156.5,-155.0,-157.0,-157.0,-156.0,-157.0,-157.0,-157.0,-153.0,-153.5,-157.0,-156.5,-154.5,-157.0,-157.0,-157.0,-156.0,-157.0,-157.0,-157.0,-157.0,-157.0,-154.5,-151.5,-157.0,-157.0,-157.0,-155.5,-152.0,-157.0,-149.5,-150.5,-157.0,-156.0,-149.5,-152.0,-157.0,-149.5,-151.0,-157.0,-157.0,-156.0,-156.0,-157.0,-157.0,-157.0,-157.0,-154.0,-154.5,-157.0,-155.0,-154.0,-157.0,-157.0,-157.0,-154.0,-157.0,-157.0,-153.5,-156.5,-155.0,-154.0,-156.0,-153.0,-156.5,-157.0,-151.5,-153.5,-155.5,-156.0,-155.0,-155.0,-154.0,-154.0,-152.5,-154.5,-155.5,-157.0,-152.5,-154.0,-157.0,-157.0,-152.0,-157.0,-157.0,-156.5,-155.5,-157.0,-157.0,-157.0,-152.5,-156.0,-157.0,-157.0,-157.0,-157.0,-157.0,-157.0,-157.0,-157.0,-157.0,-157.0,-157.0,-157.0,-157.0,-155.5,-157.0,-156.0,-156.5,-157.0,-157.0,-150.5,-152.0,-152.0,-157.0,-157.0,-157.0,-151.5,-154.0,-157.0,-157.0,-157.0,-157.0,-157.0,-157.0,-151.5,-155.5,-157.0,-157.0
2026-01-17 14:13:43.032,143.049967,5,-77,-157.0,-157.0,-150.5,-153.0,-156.0,-153.0,-155.0,-157.0,-157.0,-157.0,-156.0,-156.5,-157.0,-157.0,-156.5,-157.0,-153.0,-154.5,-155.5,-157.0,-152.5,-156.5,-157.0,-152.5,-153.0,-157.0,-155.0,-151.5,-153.5,-151.5,-155.5,-152.5,-151.0,-152.5,-149.5,-153.0,-157.0,-157.0,-157.0,-157.0,-157.0,-157.0,-157.0,-157.0,-155.0,-155.5,-155.5,-155.5,-155.5,-153.5,-152.5,-151.0,-154.0,-156.0,-157.0,-157.0,-157.0,-154.0,-157.0,-157.0,-151.5,-152.5,-157.0,-156.0,-157.0,-154.5,-153.0,-157.0,-157.0,-157.0,-157.0,-156.5,-157.0,-157.0,-157.0,-157.0,-157.0,-157.0,-153.0,-155.5,-153.5,-152.0,-155.0,-157.0,-151.0,-152.0,-157.0,-150.5,-151.5,-155.0,-157.0,-157.0,-157.0,-156.5,-157.0,-155.0,-152.5,-148.0,-149.5,-150.5,-152.5,-157.0,-157.0,-151.5,-152.0,-151.0,-150.5,-152.0,-157.0,-157.0,-157.0,-157.0,-157.0,-157.0,-157.0,-157.0,-153.0,-152.5,-157.0,-153.0,-153.0,-152.5,-153.0,-148.5,-152.0,-154.0,-155.0,-155.0,-153.5,-154.0,-157.0,-154.5,-157.0,-155.0,-151.0,-151.5,-153.0,-150.5,-155.5,-157.0,-154.5,-156.0,-152.0,-157.0,-157.0,-157.0,-151.5,-156.0,-154.0,-152.0,-153.0,-146.0,-148.0,-147.5,-149.5,-154.5,-150.5,-154.5,-157.0,-157.0,-157.0,-152.0,-157.0,-157.0,-152.5,-156.5,-157.0,-155.5,-152.0,-155.5,-152.5,-155.5,-153.0,-149.5,-153.0,-153.0,-154.0,-156.0,-157.0,-157.0,-157.0,-157.0,-157.0,-154.5,-153.5,-157.0,-155.5,-156.5,-155.0,-157.0,-157.0,-157.0,-157.0,-157.0,-151.5,-156.5,-157.0,-157.0,-156.0,-157.0,-157.0,-157.0,-157.0,-157.0,-157.0,-157.0,-157.0,-157.0,-157.0,-157.0,-157.0,-155.0,-157.0,-157.0,-157.0,-154.5,-153.5,-155.5,-154.5,-155.0,-157.0,-154.5,-157.0,-157.0,-157.0,-157.0,-157.0,-157.0,-157.0,-156.0,-156.5,-157.0,-147.5,-147.5,-151.5,-157.0,-157.0,-154.0,-155.0,-154.0,-154.5,-152.0,-151.5,-151.0,-157.0,-153.0,-153.0,-154.5,-154.5,-157.0,-152.0,-157.0,-156.0,-152.5,-150.0,-153.0,-157.0,-155.5,-157.0,-157.0,-156.0,-154.5,-153.5,-151.5,-153.5,-157.0,-151.0,-154.5,-157.0,-157.0,-156.0,-153.0,-152.0,-152.0,-157.0,-157.0,-157.0,-157.0,-150.5,-150.0,-155.0,-156.0,-151.0,-153.5,-157.0,-157.0,-154.5,-153.5,-152.0,-153.5,-150.0,-152.5,-157.0,-157.0,-157.0,-157.0,-157.0,-157.0,-149.5,-149.5,-155.0,-152.5,-154.5,-156.0,-157.0,-156.5,-152.5,-156.5,-156.0,-152.0,-157.0,-156.0,-157.0,-154.0,-150.0,-154.5,-153.0,-153.5,-155.5,-156.0,-153.0,-152.0,-156.0,-157.0,-157.0,-151.5,-155.5,-152.5,-150.5,-157.0,-155.5,-157.0,-151.5,-154.5,-157.0,-157.0,-157.0,-157.0,-157.0,-156.0,-157.0,-153.5,-153.5,-155.0,-154.5,-157.0,-157.0,-157.0,-157.0,-157.0,-157.0,-157.0,-157.0,-157.0,-157.0,-155.0,-155.5,-157.0,-154.5,-155.0,-157.0,-157.0,-152.5,-156.5,-157.0,-157.0,-153.5,-154.0,-157.0,-149.5,-151.0,-157.0,-157.0,-154.0,-154.0,-155.0,-155.0,-152.0,-157.0,-157.0,-149.5,-152.0,-157.0,-150.5,-155.5,-157.0,-154.5,-157.0,-157.0,-154.5,-157.0,-157.0,-157.0,-157.0,-157.0,-157.0,-154.0,-152.0,-157.0,-157.0,-157.0,-155.0,-157.0,-154.0,-150.5,-150.5,-153.5,-151.0,-156.5,-152.5,-154.5,-157.0,-157.0,-157.0,-157.0,-156.0,-152.5,-150.5,-155.5,-154.5,-156.0,-157.0,-153.5,-153.5,-155.5,-157.0,-154.0,-153.5,-150.5,-157.0,-157.0,-157.0,-157.0,-157.0,-157.0,-157.0,-154.0,-157.0,-157.0,-157.0,-157.0,-156.0,-155.5,-157.0,-157.0,-157.0,-156.5,-157.0,-157.0,-157.0,-157.0,-156.0,-156.5,-156.5,-156.0,-157.0,-157.0,-151.0,-153.0,-151.0,-154.5,-157.0,-157.0,-157.0,-157.0,-157.0,-157.0,-157.0,-156.5,-157.0,-157.0,-153.5,-153.5,-154.0,-157.0
2026-01-17 14:13:43.066,143.049967,5,-77,-157.0,-157.0,-153.5,-155.0,-154.0,-153.5,-157.0,-156.5,-157.0,-157.0,-157.0,-157.0,-157.0,-155.5,-156.0,-153.0,-152.5,-157.0,-157.0,-157.0,-152.5,-157.0,-157.0,-157.0,-157.0,-157.0,-157.0,-154.5,-157.0,-151.5,-157.0,-154.0,-154.0,-150.5,-149.0,-154.5,-157.0,-157.0,-157.0,-157.0,-157.0,-157.0,-157.0,-157.0,-155.5,-151.5,-157.0,-155.5,-155.5,-154.0,-157.0,-153.0,-157.0,-154.0,-157.0,-156.5,-157.0,-154.0,-156.5,-156.0,-157.0,-154.0,-157.0,-154.5,-155.5,-149.5,-151.5,-157.0,-157.0,-157.0,-157.0,-157.0,-157.0,-152.5,-155.0,-154.5,-152.5,-155.5,-153.0,-153.5,-156.5,-153.5,-156.0,-157.0,-156.0,-155.0,-156.5,-154.5,-149.5,-151.5,-157.0,-157.0,-157.0,-157.0,-157.0,-155.0,-156.0,-150.0,-151.5,-157.0,-154.5,-156.0,-157.0,-151.5,-157.0,-157.0,-147.0,-147.5,-156.0,-157.0,-156.5,-157.0,-157.0,-157.0,-157.0,-157.0,-153.0,-153.0,-155.0,-153.0,-152.0,-156.0,-156.0,-152.0,-154.5,-155.0,-157.0,-157.0,-157.0,-156.0,-156.0,-152.5,-157.0,-157.0,-157.0,-157.0,-154.0,-152.5,-157.0,-155.0,-155.5,-157.0,-151.5,-154.5,-157.0,-156.0,-153.5,-156.5,-153.5,-151.5,-153.5,-147.5,-151.5,-149.0,-152.0,-156.5,-156.0,-157.0,-157.0,-153.0,-153.0,-151.5,-152.0,-155.0,-152.0,-154.5,-157.0,-157.0,-156.0,-157.0,-152.0,-152.5,-149.0,-148.5,-153.5,-154.5,-156.0,-152.0,-152.0,-156.5,-157.0,-156.0,-157.0,-157.0,-149.5,-150.5,-153.5,-157.0,-157.0,-157.0,-157.0,-157.0,-157.0,-156.0,-154.5,-157.0,-157.0,-157.0,-155.0,-156.0,-155.5,-153.5,-156.5,-157.0,-157.0,-157.0,-157.0,-157.0,-157.0,-153.0,-154.5,-153.5,-157.0,-157.0,-154.5,-157.0,-155.0,-155.5,-157.0,-156.0,-157.0,-156.0,-157.0,-157.0,-157.0,-156.5,-157.0,-157.0,-157.0,-157.0,-157.0,-151.5,-145.5,-146.0,-151.5,-155.0,-157.0,-156.0,-156.5,-154.5,-157.0,-149.5,-151.0,-151.0,-155.5,-152.0,-154.0,-155.0,-153.0,-157.0,-151.0,-157.0,-157.0,-154.0,-150.0,-154.5,-157.0,-157.0,-157.0,-157.0,-157.0,-157.0,-157.0,-151.0,-157.0,-157.0,-150.0,-151.5,-157.0,-157.0,-156.0,-155.0,-153.0,-155.0,-157.0,-157.0,-157.0,-157.0,-152.0,-151.0,-155.0,-157.0,-152.5,-154.0,-157.0,-157.0,-156.5,-153.5,-152.0,-153.0,-151.5,-157.0,-157.0,-154.5,-157.0,-157.0,-157.0,-156.5,-149.5,-150.0,-157.0,-155.5,-149.0,-157.0,-157.0,-156.0,-152.5,-153.5,-157.0,-155.5,-154.5,-154.0,-157.0,-152.0,-151.0,-157.0,-151.0,-152.5,-156.0,-152.5,-156.5,-156.0,-157.0,-157.0,-155.0,-153.0,-157.0,-151.0,-151.0,-153.0,-151.0,-154.5,-149.5,-150.5,-157.0,-156.0,-157.0,-154.5,-157.0,-157.0,-157.0,-153.5,-155.0,-157.0,-157.0,-157.0,-157.0,-157.0,-157.0,-157.0,-157.0,-157.0,-157.0,-157.0,-157.0,-157.0,-156.5,-157.0,-157.0,-155.5,-157.0,-154.0,-150.5,-153.5,-154.5,-155.5,-152.0,-152.0,-156.0,-152.5,-152.0,-156.0,-157.0,-152.0,-154.5,-154.0,-155.5,-152.0,-157.0,-157.0,-152.0,-152.0,-156.5,-151.5,-154.0,-154.0,-150.5,-157.0,-157.0,-155.5,-157.0,-157.0,-154.5,-157.0,-157.0,-157.0,-154.5,-153.5,-157.0,-157.0,-157.0,-157.0,-157.0,-157.0,-156.5,-152.0,-152.5,-152.0,-155.0,-153.5,-157.0,-157.0,-157.0,-156.5,-157.0,-157.0,-157.0,-150.5,-155.0,-153.0,-157.0,-153.0,-152.5,-157.0,-157.0,-157.0,-155.5,-152.0,-150.0,-153.5,-155.5,-157.0,-156.5,-156.5,-153.0,-155.0,-156.0,-157.0,-154.5,-157.0,-157.0,-153.5,-153.0,-157.0,-157.0,-157.0,-154.5,-157.0,-155.5,-155.5,-157.0,-156.0,-157.0,-157.0,-155.0,-157.0,-154.5,-152.5,-153.5,-151.5,-153.5,-157.0,-154.5,-157.0,-156.5,-157.0,-157.0,-157.0,-154.5,-157.0,-157.0,-157.0,-157.0,-152.5,-157.0
2026-01-17 14:13:43.098,143.049967,5,-77,-157.0,-157.0,-157.0,-157.0,-156.5,-157.0,-157.0,-157.0,-157.0,-157.0,-157.0,-155.5,-156.5,-154.0,-155.0,-151.0,-154.0,-157.0,-157.0,-154.0,-149.5,-151.0,-156.5,-153.5,-157.0,-157.0,-157.0,-157.0,-155.0,-153.0,-156.0,-156.0,-155.0,-154.0,-151.0,-157.0,-157.0,-157.0,-157.0,-157.0,-157.0,-157.0,-157.0,-157.0,-157.0,-153.0,-157.0,-156.5,-156.0,-153.0,-157.0,-155.5,-157.0,-155.5,-156.5,-154.0,-154.0,-157.0,-154.5,-152.0,-157.0,-154.0,-154.5,-155.5,-154.5,-150.5,-152.5,-157.0,-157.0,-155.0,-156.5,-157.0,-157.0,-149.5,-149.5,-157.0,-152.5,-157.0,-154.0,-154.0,-153.5,-157.0,-157.0,-157.0,-157.0,-157.0,-157.0,-157.0,-150.5,-151.0,-157.0,-157.0,-157.0,-157.0,-157.0,-157.0,-157.0,-157.0,-153.0,-154.0,-153.0,-156.5,-152.5,-149.5,-157.0,-157.0,-148.5,-148.0,-151.5,-157.0,-157.0,-157.0,-157.0,-157.0,-157.0,-154.0,-155.0,-157.0,-154.0,-155.5,-153.0,-153.5,-153.0,-150.5,-157.0,-153.5,-155.0,-157.0,-157.0,-157.0,-156.0,-153.5,-153.5,-155.5,-157.0,-157.0,-152.0,-155.0,-157.0,-156.0,-157.0,-157.0,-152.0,-157.0,-157.0,-157.0,-157.0,-157.0,-154.5,-151.5,-149.0,-145.5,-155.0,-153.5,-157.0,-152.0,-157.0,-156.0,-156.0,-152.5,-149.0,-157.0,-155.0,-154.5,-153.5,-154.0,-155.0,-153.5,-156.0,-157.0,-156.5,-155.0,-150.0,-150.5,-157.0,-157.0,-157.0,-153.0,-152.0,-153.5,-157.0,-156.5,-157.0,-157.0,-151.0,-149.5,-154.0,-157.0,-156.0,-155.5,-157.0,-157.0,-156.0,-153.0,-154.0,-155.0,-157.0,-157.0,-157.0,-153.5,-156.5,-152.5,-157.0,-157.0,-157.0,-157.0,-154.5,-157.0,-154.0,-149.0,-149.5,-154.0,-155.0,-157.0,-154.0,-157.0,-156.5,-155.0,-157.0,-157.0,-157.0,-155.0,-153.5,-157.0,-157.0,-154.5,-154.0,-157.0,-157.0,-157.0,-156.5,-153.0,-149.5,-148.5,-150.5,-153.5,-157.0,-157.0,-153.5,-153.5,-154.5,-149.0,-149.0,-149.0,-152.5,-154.0,-157.0,-157.0,-155.5,-157.0,-155.5,-157.0,-155.0,-155.5,-151.0,-156.5,-157.0,-157.0,-157.0,-157.0,-157.0,-157.0,-157.0,-151.0,-157.0,-154.5,-155.0,-152.5,-157.0,-157.0,-156.0,-157.0,-157.0,-157.0,-157.0,-157.0,-157.0,-157.0,-157.0,-157.0,-152.0,-157.0,-157.0,-157.0,-157.0,-157.0,-157.0,-156.5,-155.5,-155.5,-155.5,-154.5,-153.0,-153.0,-157.0,-157.0,-157.0,-157.0,-153.5,-157.0,-153.5,-153.0,-149.0,-155.0,-157.0,-157.0,-155.0,-157.0,-157.0,-157.0,-150.5,-152.5,-152.5,-152.5,-156.0,-157.0,-153.0,-157.0,-156.5,-152.0,-155.0,-157.0,-157.0,-154.5,-157.0,-153.5,-151.5,-149.0,-153.0,-152.5,-151.0,-157.0,-154.5,-154.0,-157.0,-157.0,-157.0,-153.5,-157.0,-157.0,-155.5,-154.0,-157.0,-157.0,-152.5,-154.5,-157.0,-157.0,-157.0,-157.0,-157.0,-157.0,-155.5,-157.0,-156.0,-157.0,-157.0,-153.5,-153.0,-157.0,-157.0,-153.0,-150.0,-157.0,-154.0,-153.5,-152.5,-150.5,-151.5,-154.5,-155.0,-157.0,-157.0,-155.0,-157.0,-157.0,-152.0,-151.5,-157.0,-157.0,-157.0,-157.0,-157.0,-152.5,-152.0,-157.0,-150.0,-157.0,-157.0,-157.0,-155.5,-157.0,-156.5,-153.5,-154.0,-157.0,-156.5,-157.0,-157.0,-157.0,-157.0,-157.0,-156.5,-157.0,-157.0,-154.5,-157.0,-157.0,-152.5,-151.5,-157.0,-154.0,-153.5,-150.5,-151.0,-155.5,-151.5,-150.0,-157.0,-154.0,-157.0,-150.0,-150.5,-157.0,-154.5,-153.5,-156.0,-153.5,-154.0,-156.5,-154.0,-157.0,-156.5,-157.0,-151.0,-151.5,-157.0,-155.0,-154.0,-157.0,-155.5,-156.5,-156.0,-154.0,-157.0,-157.0,-151.5,-152.0,-151.0,-154.0,-157.0,-155.5,-155.0,-157.0,-155.5,-157.0,-157.0,-156.0,-153.0,-152.0,-157.0,-154.5,-152.0,-152.0,-153.5,-157.0,-157.0,-154.5,-153.5,-157.0,-155.5,-157.0,-154.0,-151.5,-157.0
2026-01-17 14:13:43.133,143.049967,5,-77,-157.0,-157.0,-157.0,-157.0,-157.0,-157.0,-157.0,-157.0,-157.0,-157.0,-157.0,-155.5,-157.0,-153.0,-150.5,-152.0,-157.0,-157.0,-157.0,-157.0,-151.5,-150.0,-151.5,-151.0,-157.0,-157.0,-157.0,-157.0,-155.5,-157.0,-157.0,-155.5,-155.5,-154.0,-150.5,-156.5,-156.5,-157.0,-157.0,-157.0,-157.0,-156.5,-157.0,-157.0,-157.0,-157.0,-157.0,-157.0,-155.5,-155.0,-157.0,-157.0,-156.0,-157.0,-157.0,-153.5,-154.5,-157.0,-152.0,-153.0,-156.0,-154.5,-157.0,-152.5,-152.5,-157.0,-157.0,-157.0,-157.0,-153.0,-151.5,-157.0,-157.0,-153.5,-150.5,-155.0,-153.5,-157.0,-156.0,-157.0,-153.0,-157.0,-157.0,-157.0,-157.0,-157.0,-157.0,-157.0,-153.0,-157.0,-157.0,-157.0,-157.0,-157.0,-157.0,-157.0,-157.0,-157.0,-155.0,-152.0,-152.0,-157.0,-152.5,-149.5,-156.0,-157.0,-153.5,-155.0,-155.0,-157.0,-157.0,-157.0,-157.0,-156.5,-151.0,-154.5,-156.0,-157.0,-155.0,-157.0,-157.0,-154.5,-154.5,-150.0,-155.0,-154.5,-155.0,-157.0,-157.0,-154.5,-154.0,-157.0,-152.0,-155.0,-157.0,-157.0,-151.0,-151.0,-157.0,-156.0,-157.0,-157.0,-149.0,-157.0,-157.0,-157.0,-157.0,-155.0,-154.5,-154.0,-146.0,-144.0,-152.0,-156.5,-153.0,-151.0,-156.5,-154.0,-153.0,-153.0,-148.5,-153.0,-155.5,-153.5,-156.0,-157.0,-153.0,-152.5,-157.0,-157.0,-157.0,-154.0,-156.0,-154.0,-156.0,-157.0,-157.0,-157.0,-157.0,-157.0,-157.0,-157.0,-157.0,-157.0,-154.0,-154.5,-157.0,-157.0,-155.5,-157.0,-157.0,-157.0,-155.5,-154.0,-154.0,-151.0,-153.0,-157.0,-157.0,-152.0,-156.5,-154.5,-156.5,-157.0,-157.0,-152.5,-151.0,-153.5,-154.5,-152.5,-151.0,-157.0,-153.5,-154.0,-156.5,-157.0,-157.0,-156.5,-157.0,-157.0,-157.0,-154.0,-153.5,-157.0,-157.0,-157.0,-153.0,-154.0,-157.0,-157.0,-153.5,-155.5,-155.5,-154.0,-154.0,-157.0,-157.0,-157.0,-155.5,-155.5,-151.5,-152.5,-146.0,-148.0,-157.0,-156.0,-157.0,-157.0,-157.0,-156.0,-157.0,-157.0,-157.0,-151.5,-149.5,-152.5,-157.0,-157.0,-157.0,-157.0,-157.0,-155.5,-152.5,-152.0,-156.0,-155.0,-156.0,-154.0,-154.5,-155.5,-154.5,-157.0,-157.0,-157.0,-155.5,-157.0,-154.0,-155.5,-157.0,-153.0,-151.0,-155.0,-157.0,-157.0,-157.0,-157.0,-157.0,-157.0,-156.0,-155.0,-157.0,-152.0,-149.0,-155.0,-157.0,-157.0,-157.0,-157.0,-156.0,-152.0,-152.0,-157.0,-155.0,-155.0,-157.0,-154.0,-153.5,-157.0,-157.0,-155.0,-151.5,-156.0,-153.5,-156.5,-157.0,-157.0,-156.5,-157.0,-155.0,-153.5,-155.0,-157.0,-157.0,-152.0,-153.5,-152.5,-153.0,-151.0,-155.5,-156.5,-155.5,-154.0,-157.0,-157.0,-157.0,-157.0,-157.0,-156.5,-157.0,-155.5,-154.5,-152.0,-156.5,-156.0,-151.5,-151.0,-154.5,-157.0,-154.0,-157.0,-155.5,-157.0,-154.5,-156.5,-154.5,-157.0,-157.0,-153.0,-151.5,-157.0,-157.0,-154.5,-152.5,-156.5,-156.5,-151.5,-154.5,-151.5,-152.0,-155.5,-155.0,-157.0,-157.0,-157.0,-157.0,-157.0,-152.0,-155.5,-157.0,-155.0,-154.0,-157.0,-156.5,-152.5,-152.5,-157.0,-151.5,-157.0,-157.0,-156.0,-154.0,-157.0,-157.0,-155.5,-155.0,-154.5,-153.0,-157.0,-157.0,-156.0,-157.0,-154.0,-151.5,-152.5,-153.5,-156.5,-157.0,-157.0,-153.5,-153.0,-157.0,-151.5,-151.5,-149.5,-149.5,-155.5,-151.5,-152.0,-157.0,-157.0,-157.0,-151.5,-154.5,-157.0,-151.5,-150.0,-156.0,-156.5,-157.0,-157.0,-156.0,-155.5,-157.0,-157.0,-153.0,-155.0,-157.0,-156.5,-157.0,-152.5,-153.0,-157.0,-156.5,-152.0,-157.0,-156.0,-151.0,-151.0,-149.5,-153.5,-157.0,-150.5,-153.5,-154.5,-157.0,-157.0,-157.0,-157.0,-153.0,-150.0,-155.0,-151.5,-153.0,-154.0,-156.5,-156.0,-156.0,-157.0,-156.5,-157.0,-155.0,-155.0,-153.0,-151.5,-157.0
2026-01-17 14:13:43.168,143.049967,5,-77,-157.0,-157.0,-157.0,-157.0,-157.0,-156.5,-157.0,-157.0,-155.5,-157.0,-157.0,-156.0,-157.0,-153.0,-152.5,-157.0,-157.0,-157.0,-157.0,-157.0,-155.5,-155.0,-150.5,-152.0,-155.0,-154.5,-156.5,-157.0,-157.0,-156.0,-157.0,-151.0,-150.5,-153.5,-150.5,-157.0,-157.0,-157.0,-157.0,-157.0,-157.0,-153.5,-155.5,-157.0,-157.0,-156.0,-157.0,-157.0,-157.0,-157.0,-157.0,-157.0,-155.5,-153.5,-156.5,-153.5,-156.5,-157.0,-153.0,-157.0,-157.0,-154.5,-157.0,-150.0,-152.0,-157.0,-156.5,-155.5,-155.0,-157.0,-152.0,-156.5,-157.0,-157.0,-155.5,-156.0,-157.0,-157.0,-157.0,-154.5,-152.5,-157.0,-157.0,-157.0,-154.5,-157.0,-157.0,-157.0,-153.5,-153.0,-154.0,-156.5,-157.0,-157.0,-157.0,-157.0,-154.5,-156.0,-157.0,-153.5,-152.0,-157.0,-155.0,-152.0,-152.5,-151.0,-153.5,-155.0,-156.5,-157.0,-157.0,-156.5,-157.0,-152.5,-149.5,-157.0,-156.0,-157.0,-157.0,-157.0,-157.0,-157.0,-157.0,-152.5,-157.0,-157.0,-157.0,-157.0,-157.0,-155.0,-155.5,-155.0,-154.5,-157.0,-157.0,-157.0,-153.5,-152.5,-157.0,-156.0,-157.0,-157.0,-146.5,-154.0,-153.5,-157.0,-157.0,-152.5,-152.0,-153.0,-145.0,-146.0,-157.0,-157.0,-155.0,-154.0,-157.0,-155.5,-154.5,-153.5,-150.0,-149.5,-154.5,-155.5,-157.0,-157.0,-155.5,-157.0,-156.0,-157.0,-156.0,-154.5,-157.0,-157.0,-155.5,-157.0,-157.0,-157.0,-157.0,-157.0,-157.0,-156.0,-157.0,-157.0,-154.5,-157.0,-157.0,-157.0,-157.0,-157.0,-157.0,-157.0,-156.0,-157.0,-157.0,-151.0,-152.0,-157.0,-157.0,-154.0,-152.5,-156.0,-156.0,-157.0,-157.0,-151.5,-154.0,-153.5,-157.0,-157.0,-152.5,-157.0,-157.0,-157.0,-157.0,-157.0,-157.0,-157.0,-157.0,-157.0,-154.5,-157.0,-155.0,-157.0,-157.0,-157.0,-154.5,-152.0,-152.5,-154.5,-152.0,-156.0,-157.0,-155.0,-156.5,-157.0,-157.0,-157.0,-157.0,-156.5,-152.5,-156.0,-147.0,-148.5,-157.0,-157.0,-157.0,-157.0,-157.0,-155.0,-157.0,-156.5,-157.0,-154.5,-153.5,-153.5,-156.0,-157.0,-156.0,-157.0,-157.0,-153.5,-155.5,-157.0,-153.0,-153.0,-157.0,-157.0,-155.5,-157.0,-154.5,-157.0,-157.0,-157.0,-156.0,-157.0,-153.5,-155.0,-157.0,-153.5,-155.5,-157.0,-157.0,-157.0,-157.0,-155.0,-156.5,-157.0,-157.0,-157.0,-157.0,-151.5,-150.5,-157.0,-157.0,-157.0,-157.0,-157.0,-152.5,-151.0,-154.5,-157.0,-157.0,-154.5,-156.5,-155.5,-153.5,-157.0,-153.0,-154.5,-154.5,-157.0,-156.5,-157.0,-157.0,-157.0,-157.0,-157.0,-156.5,-156.5,-153.0,-153.5,-157.0,-151.0,-150.5,-155.0,-157.0,-153.0,-154.5,-155.5,-157.0,-152.5,-153.5,-157.0,-157.0,-157.0,-157.0,-157.0,-157.0,-151.5,-157.0,-152.5,-153.0,-152.5,-154.5,-156.0,-156.5,-157.0,-154.0,-157.0,-155.5,-157.0,-157.0,-157.0,-152.5,-157.0,-156.5,-153.0,-153.5,-157.0,-157.0,-157.0,-157.0,-157.0,-156.5,-152.0,-151.5,-151.5,-152.5,-157.0,-156.5,-157.0,-156.0,-157.0,-153.5,-153.5,-153.5,-157.0,-157.0,-157.0,-154.0,-154.5,-150.5,-152.5,-157.0,-157.0,-154.0,-157.0,-157.0,-157.0,-156.5,-156.0,-156.0,-156.5,-156.0,-153.0,-152.5,-157.0,-157.0,-152.0,-152.5,-155.5,-154.0,-153.0,-155.5,-155.0,-155.0,-157.0,-157.0,-157.0,-157.0,-151.0,-150.5,-154.0,-151.5,-157.0,-157.0,-157.0,-155.5,-157.0,-154.0,-154.0,-157.0,-157.0,-152.5,-151.0,-157.0,-157.0,-157.0,-157.0,-157.0,-157.0,-157.0,-153.0,-151.5,-157.0,-157.0,-157.0,-155.0,-153.0,-155.5,-157.0,-154.0,-152.0,-154.5,-155.5,-154.0,-156.5,-151.5,-156.5,-154.0,-149.5,-155.0,-154.0,-156.5,-157.0,-157.0,-157.0,-155.5,-151.0,-155.5,-152.5,-157.0,-156.5,-157.0,-157.0,-157.0,-157.0,-157.0,-157.0,-157.0,-156.5,-157.0,-156.5,-155.0
2026-01-17 14:13:43.201,143.049967,5,-77,-157.0,-157.0,-157.0,-157.0,-157.0,-152.0,-152.0,-157.0,-155.5,-154.5,-153.5,-154.5,-157.0,-157.0,-157.0,-157.0,-157.0,-157.0,-157.0,-157.0,-157.0,-157.0,-154.5,-156.5,-153.0,-154.5,-152.5,-153.0,-155.0,-152.5,-157.0,-150.0,-150.0,-155.5,-151.5,-153.0,-157.0,-155.0,-155.5,-153.5,-154.0,-155.0,-153.0,-153.5,-157.0,-151.5,-155.5,-157.0,-157.0,-157.0,-157.0,-157.0,-157.0,-151.5,-153.5,-153.0,-157.0,-156.5,-155.5,-157.0,-153.5,-153.0,-157.0,-150.5,-157.0,-156.0,-156.5,-157.0,-157.0,-157.0,-154.0,-157.0,-157.0,-157.0,-157.0,-157.0,-157.0,-157.0,-155.0,-153.5,-151.0,-155.5,-157.0,-156.0,-151.5,-157.0,-157.0,-157.0,-156.5,-150.5,-152.0,-155.5,-157.0,-157.0,-157.0,-157.0,-157.0,-157.0,-155.5,-154.0,-155.0,-155.0,-157.0,-155.5,-154.5,-151.0,-150.5,-151.0,-153.5,-157.0,-157.0,-156.0,-156.5,-152.5,-153.0,-154.5,-157.0,-157.0,-157.0,-157.0,-157.0,-157.0,-157.0,-155.0,-157.0,-157.0,-157.0,-157.0,-155.5,-157.0,-157.0,-155.0,-157.0,-157.0,-157.0,-157.0,-157.0,-157.0,-157.0,-157.0,-157.0,-156.5,-148.0,-150.0,-152.5,-151.0,-157.0,-151.0,-152.5,-155.5,-146.0,-151.0,-157.0,-157.0,-156.0,-157.0,-157.0,-154.0,-156.5,-157.0,-155.0,-153.0,-155.5,-154.5,-153.0,-152.5,-157.0,-156.5,-154.5,-156.5,-157.0,-157.0,-157.0,-156.5,-155.5,-153.0,-153.5,-156.5,-157.0,-156.0,-155.5,-157.0,-152.5,-154.5,-154.5,-157.0,-157.0,-157.0,-157.0,-157.0,-157.0,-155.5,-156.5,-157.0,-155.0,-152.5,-155.5,-155.5,-157.0,-157.0,-152.0,-157.0,-157.0,-157.0,-157.0,-154.0,-157.0,-157.0,-157.0,-156.5,-153.0,-157.0,-157.0,-157.0,-157.0,-157.0,-156.0,-157.0,-157.0,-153.5,-154.5,-155.0,-156.0,-157.0,-157.0,-157.0,-156.0,-153.0,-152.0,-157.0,-153.0,-153.0,-153.0,-151.5,-152.5,-157.0,-157.0,-155.0,-154.5,-157.0,-155.0,-157.0,-149.0,-149.0,-157.0,-157.0,-157.0,-156.0,-157.0,-154.0,-157.0,-157.0,-157.0,-157.0,-157.0,-155.5,-155.0,-153.0,-151.5,-157.0,-157.0,-154.0,-157.0,-157.0,-152.0,-153.0,-157.0,-157.0,-157.0,-157.0,-154.5,-157.0,-157.0,-157.0,-157.0,-157.0,-157.0,-155.5,-157.0,-157.0,-157.0,-156.0,-154.5,-157.0,-157.0,-153.5,-152.5,-157.0,-157.0,-155.0,-157.0,-154.0,-155.5,-157.0,-156.5,-156.0,-157.0,-157.0,-156.5,-155.0,-157.0,-157.0,-154.5,-151.5,-152.5,-154.0,-153.0,-156.5,-153.5,-157.0,-157.0,-155.0,-154.0,-155.5,-156.0,-157.0,-157.0,-157.0,-157.0,-157.0,-157.0,-151.0,-154.0,-152.0,-154.0,-155.0,-155.0,-152.0,-152.0,-154.0,-153.5,-152.0,-151.5,-157.0,-157.0,-157.0,-157.0,-157.0,-156.0,-150.0,-153.0,-154.0,-157.0,-150.5,-154.0,-157.0,-157.0,-155.5,-157.0,-157.0,-154.5,-157.0,-155.5,-151.5,-152.5,-152.5,-152.0,-152.5,-157.0,-153.5,-156.0,-157.0,-157.0,-157.0,-155.0,-157.0,-157.0,-153.0,-153.0,-157.0,-157.0,-157.0,-153.0,-155.0,-154.0,-157.0,-157.0,-157.0,-156.5,-157.0,-156.0,-150.5,-149.0,-156.5,-157.0,-157.0,-156.0,-157.0,-157.0,-157.0,-157.0,-157.0,-153.5,-157.0,-157.0,-157.0,-156.0,-157.0,-154.0,-151.5,-154.0,-154.0,-157.0,-155.0,-157.0,-153.0,-154.5,-155.0,-157.0,-157.0,-157.0,-154.0,-155.5,-157.0,-154.5,-157.0,-157.0,-157.0,-153.5,-156.0,-157.0,-157.0,-157.0,-157.0,-157.0,-157.0,-157.0,-157.0,-157.0,-155.0,-157.0,-157.0,-154.5,-152.0,-150.0,-154.0,-154.5,-157.0,-153.0,-157.0,-157.0,-157.0,-157.0,-156.0,-157.0,-154.0,-157.0,-156.0,-155.5,-157.0,-155.5,-152.0,-154.0,-157.0,-156.0,-156.5,-154.5,-154.0,-157.0,-152.0,-155.0,-155.5,-157.0,-157.0,-157.0,-157.0,-157.0,-157.0,-157.0,-157.0,-157.0,-155.5,-153.5,-157.0,-157.0
2026-01-17 14:13:43.233,143.049967,5,-77,-157.0,-157.0,-157.0,-157.0,-157.0,-149.5,-149.0,-156.5,-157.0,-153.5,-152.0,-157.0,-157.0,-157.0,-157.0,-157.0,-157.0,-157.0,-157.0,-157.0,-157.0,-157.0,-157.0,-157.0,-155.0,-157.0,-151.5,-150.5,-155.5,-153.0,-156.5,-153.5,-157.0,-156.0,-152.5,-152.5,-157.0,-157.0,-156.0,-149.0,-150.5,-157.0,-153.5,-154.5,-156.0,-152.5,-156.5,-156.0,-157.0,-153.5,-154.5,-156.0,-157.0,-153.5,-157.0,-152.5,-155.0,-155.5,-157.0,-157.0,-153.5,-155.5,-157.0,-151.5,-151.5,-153.5,-157.0,-157.0,-157.0,-156.0,-157.0,-157.0,-157.0,-155.5,-154.0,-155.5,-157.0,-156.5,-150.5,-149.0,-148.5,-152.5,-154.0,-154.0,-151.5,-157.0,-157.0,-157.0,-157.0,-154.0,-157.0,-154.5,-157.0,-157.0,-157.0,-157.0,-157.0,-157.0,-157.0,-157.0,-157.0,-156.0,-157.0,-153.5,-156.0,-156.0,-154.5,-154.5,-156.5,-157.0,-157.0,-157.0,-152.5,-154.5,-157.0,-157.0,-157.0,-157.0,-157.0,-157.0,-157.0,-157.0,-157.0,-155.0,-156.0,-157.0,-154.0,-154.5,-155.5,-157.0,-157.0,-154.0,-155.5,-157.0,-157.0,-157.0,-155.5,-156.0,-156.5,-157.0,-157.0,-157.0,-153.5,-155.0,-153.0,-149.0,-153.5,-154.5,-157.0,-155.0,-146.0,-150.5,-157.0,-157.0,-157.0,-156.5,-153.5,-152.5,-153.5,-155.5,-156.5,-157.0,-157.0,-153.5,-155.0,-154.0,-156.5,-155.5,-154.5,-156.0,-157.0,-157.0,-157.0,-154.0,-154.0,-153.5,-152.0,-153.0,-157.0,-156.5,-157.0,-157.0,-149.0,-151.0,-157.0,-157.0,-155.0,-155.5,-157.0,-155.5,-157.0,-157.0,-157.0,-157.0,-153.5,-153.5,-155.0,-154.5,-157.0,-157.0,-151.5,-152.0,-157.0,-157.0,-157.0,-151.5,-153.5,-157.0,-157.0,-154.0,-155.0,-157.0,-157.0,-157.0,-157.0,-155.5,-157.0,-157.0,-157.0,-151.0,-154.5,-153.0,-156.0,-157.0,-157.0,-157.0,-154.5,-157.0,-157.0,-157.0,-157.0,-157.0,-154.0,-152.5,-153.0,-157.0,-157.0,-155.0,-155.0,-157.0,-156.0,-157.0,-151.0,-149.0,-153.5,-157.0,-157.0,-153.5,-157.0,-153.5,-157.0,-154.0,-155.0,-157.0,-157.0,-157.0,-157.0,-152.0,-152.5,-156.0,-154.5,-153.0,-156.0,-156.5,-156.0,-154.0,-157.0,-157.0,-157.0,-157.0,-152.0,-157.0,-157.0,-157.0,-156.5,-157.0,-153.0,-154.0,-157.0,-157.0,-157.0,-155.0,-155.5,-157.0,-157.0,-157.0,-156.0,-157.0,-157.0,-153.5,-156.0,-157.0,-157.0,-157.0,-157.0,-157.0,-157.0,-153.5,-156.5,-155.5,-157.0,-157.0,-153.0,-151.0,-155.5,-150.5,-153.0,-157.0,-156.0,-157.0,-157.0,-153.5,-153.5,-152.5,-152.0,-157.0,-157.0,-157.0,-156.5,-157.0,-157.0,-152.0,-154.0,-153.0,-157.0,-155.0,-154.5,-149.0,-150.0,-157.0,-156.0,-153.0,-156.0,-156.5,-157.0,-157.0,-157.0,-153.5,-154.5,-151.5,-157.0,-157.0,-157.0,-150.0,-153.0,-154.0,-155.5,-155.0,-155.5,-153.0,-154.5,-157.0,-155.5,-149.0,-150.5,-154.5,-155.0,-155.0,-157.0,-154.5,-155.0,-154.5,-157.0,-153.5,-152.0,-157.0,-157.0,-157.0,-157.0,-156.5,-157.0,-157.0,-153.0,-153.0,-155.5,-157.0,-157.0,-156.5,-154.0,-157.0,-153.5,-151.5,-151.5,-157.0,-155.0,-157.0,-154.5,-153.0,-156.5,-156.5,-157.0,-157.0,-151.0,-150.5,-157.0,-157.0,-156.0,-156.0,-154.0,-153.0,-157.0,-151.5,-151.5,-152.0,-155.5,-156.0,-157.0,-156.5,-157.0,-155.0,-152.5,-155.0,-157.0,-157.0,-157.0,-157.0,-157.0,-157.0,-155.0,-157.0,-157.0,-157.0,-157.0,-157.0,-157.0,-157.0,-157.0,-157.0,-157.0,-154.5,-157.0,-156.0,-151.5,-157.0,-154.5,-153.0,-151.5,-156.0,-152.5,-153.5,-156.5,-157.0,-157.0,-157.0,-155.5,-153.0,-157.0,-156.5,-157.0,-157.0,-155.0,-153.5,-156.5,-157.0,-154.5,-157.0,-155.0,-154.0,-153.0,-153.5,-157.0,-155.5,-157.0,-157.0,-154.0,-155.0,-157.0,-157.0,-157.0,-157.0,-155.0,-152.0,-152.5,-155.5,-157.0
2026-01-17 14:13:43.266,143.049967,5,-77,-157.0,-157.0,-157.0,-157.0,-157.0,-151.5,-151.5,-151.5,-154.0,-154.5,-156.0,-157.0,-157.0,-157.0,-157.0,-157.0,-157.0,-157.0,-157.0,-157.0,-157.0,-157.0,-157.0,-157.0,-153.5,-153.5,-154.0,-151.5,-157.0,-156.0,-157.0,-157.0,-157.0,-156.5,-157.0,-156.0,-157.0,-157.0,-153.5,-152.0,-156.5,-157.0,-157.0,-157.0,-157.0,-156.0,-157.0,-154.0,-154.0,-155.0,-157.0,-157.0,-157.0,-157.0,-157.0,-152.0,-151.0,-152.0,-157.0,-155.0,-154.5,-157.0,-157.0,-157.0,-152.5,-157.0,-157.0,-157.0,-157.0,-155.5,-156.5,-156.0,-157.0,-157.0,-155.0,-155.0,-157.0,-157.0,-152.5,-151.0,-151.0,-150.0,-151.0,-154.0,-152.5,-157.0,-157.0,-157.0,-157.0,-157.0,-157.0,-156.5,-154.0,-157.0,-157.0,-157.0,-157.0,-157.0,-157.0,-157.0,-156.5,-157.0,-156.0,-153.0,-157.0,-157.0,-157.0,-157.0,-157.0,-157.0,-157.0,-157.0,-157.0,-155.0,-154.5,-155.5,-157.0,-157.0,-155.5,-157.0,-157.0,-157.0,-155.5,-157.0,-157.0,-157.0,-154.5,-157.0,-157.0,-157.0,-157.0,-157.0,-157.0,-155.5,-157.0,-157.0,-153.0,-155.5,-153.5,-154.5,-157.0,-157.0,-155.0,-157.0,-153.5,-151.0,-155.5,-154.5,-151.5,-147.5,-145.0,-149.0,-156.0,-157.0,-157.0,-154.0,-155.0,-154.5,-151.5,-155.0,-157.0,-155.5,-155.0,-155.5,-157.0,-157.0,-156.5,-157.0,-154.5,-157.0,-154.5,-157.0,-154.0,-155.5,-156.5,-157.0,-156.0,-156.0,-157.0,-157.0,-157.0,-156.5,-149.5,-156.0,-156.5,-157.0,-151.0,-151.0,-157.0,-156.0,-157.0,-157.0,-157.0,-157.0,-157.0,-157.0,-157.0,-154.0,-157.0,-157.0,-154.5,-151.5,-156.5,-157.0,-156.5,-150.5,-151.0,-157.0,-155.5,-151.0,-156.5,-157.0,-155.0,-157.0,-157.0,-155.0,-157.0,-157.0,-157.0,-152.0,-153.0,-155.0,-157.0,-156.0,-157.0,-157.0,-153.0,-156.5,-157.0,-157.0,-157.0,-157.0,-157.0,-157.0,-157.0,-157.0,-157.0,-157.0,-155.0,-156.5,-154.0,-157.0,-155.0,-151.0,-152.5,-150.5,-151.5,-150.0,-157.0,-154.0,-157.0,-153.0,-152.5,-157.0,-157.0,-157.0,-156.0,-152.0,-157.0,-157.0,-156.0,-149.5,-150.5,-156.0,-157.0,-153.0,-152.0,-157.0,-155.5,-153.0,-149.0,-157.0,-157.0,-152.0,-151.5,-155.0,-154.0,-157.0,-157.0,-157.0,-157.0,-155.0,-157.0,-157.0,-157.0,-157.0,-157.0,-157.0,-157.0,-153.5,-152.0,-157.0,-156.5,-157.0,-157.0,-157.0,-156.5,-151.5,-152.5,-150.5,-151.5,-156.0,-154.0,-154.5,-153.5,-151.0,-155.5,-157.0,-157.0,-157.0,-156.5,-156.0,-156.0,-152.0,-151.5,-157.0,-156.5,-156.5,-157.0,-157.0,-157.0,-156.5,-155.5,-156.5,-157.0,-157.0,-157.0,-148.0,-148.5,-157.0,-155.5,-153.0,-157.0,-157.0,-157.0,-156.0,-153.0,-151.0,-152.0,-155.0,-157.0,-157.0,-151.5,-149.5,-157.0,-151.5,-152.5,-157.0,-155.0,-152.0,-157.0,-157.0,-157.0,-152.5,-151.5,-156.0,-157.0,-157.0,-157.0,-157.0,-157.0,-152.0,-157.0,-154.5,-154.5,-156.0,-157.0,-157.0,-157.0,-157.0,-157.0,-157.0,-156.5,-157.0,-157.0,-154.0,-157.0,-157.0,-156.0,-157.0,-152.0,-154.5,-157.0,-157.0,-155.5,-157.0,-155.0,-152.5,-157.0,-157.0,-157.0,-157.0,-150.5,-148.5,-153.0,-157.0,-157.0,-157.0,-157.0,-157.0,-157.0,-153.0,-153.0,-156.5,-154.5,-157.0,-157.0,-157.0,-157.0,-152.5,-150.0,-155.0,-157.0,-155.5,-157.0,-157.0,-157.0,-157.0,-154.5,-157.0,-157.0,-157.0,-157.0,-157.0,-157.0,-157.0,-157.0,-157.0,-156.0,-154.5,-157.0,-152.5,-152.0,-157.0,-157.0,-155.5,-153.5,-157.0,-156.5,-153.0,-152.0,-157.0,-157.0,-157.0,-154.5,-154.5,-157.0,-157.0,-157.0,-157.0,-157.0,-153.5,-157.0,-156.0,-154.0,-157.0,-156.5,-156.5,-151.0,-155.5,-157.0,-156.0,-154.0,-157.0,-152.5,-151.5,-154.0,-157.0,-157.0,-157.0,-157.0,-152.0,-155.5,-156.0,-155.0
2026-01-17 14:13:43.299,143.049967,5,-77,-157.0,-157.0,-157.0,-155.0,-157.0,-157.0,-154.5,-151.0,-152.5,-157.0,-157.0,-157.0,-157.0,-157.0,-154.5,-154.5,-153.5,-155.0,-157.0,-157.0,-157.0,-157.0,-157.0,-155.0,-154.0,-157.0,-155.0,-153.0,-157.0,-157.0,-157.0,-157.0,-157.0,-157.0,-157.0,-156.5,-157.0,-157.0,-151.5,-157.0,-157.0,-157.0,-157.0,-157.0,-157.0,-155.5,-157.0,-157.0,-157.0,-157.0,-157.0,-157.0,-157.0,-157.0,-157.0,-157.0,-157.0,-154.0,-153.0,-151.5,-157.0,-157.0,-156.5,-154.5,-153.5,-157.0,-157.0,-157.0,-155.0,-156.5,-157.0,-157.0,-157.0,-156.5,-157.0,-155.5,-157.0,-157.0,-153.0,-153.0,-157.0,-153.5,-156.0,-155.0,-153.5,-155.5,-156.5,-157.0,-157.0,-155.5,-157.0,-157.0,-153.0,-155.5,-155.5,-157.0,-155.5,-157.0,-157.0,-156.0,-157.0,-157.0,-157.0,-154.0,-156.5,-157.0,-157.0,-152.5,-156.0,-157.0,-157.0,-157.0,-157.0,-155.5,-152.5,-155.0,-155.0,-157.0,-157.0,-157.0,-157.0,-157.0,-152.0,-152.0,-157.0,-157.0,-157.0,-157.0,-157.0,-157.0,-157.0,-157.0,-157.0,-157.0,-157.0,-155.5,-156.0,-156.5,-156.0,-157.0,-157.0,-157.0,-154.5,-157.0,-157.0,-155.5,-156.0,-153.0,-154.0,-147.5,-146.0,-152.5,-152.0,-157.0,-157.0,-152.5,-155.0,-155.0,-154.0,-157.0,-157.0,-153.5,-153.0,-157.0,-157.0,-157.0,-157.0,-154.5,-153.0,-155.5,-153.5,-157.0,-150.0,-151.5,-156.5,-154.5,-153.5,-156.0,-157.0,-157.0,-157.0,-150.5,-149.5,-157.0,-155.5,-157.0,-149.5,-149.5,-157.0,-157.0,-157.0,-156.0,-153.5,-157.0,-155.5,-157.0,-157.0,-155.5,-157.0,-156.5,-156.5,-152.5,-157.0,-157.0,-157.0,-154.5,-155.5,-155.0,-150.5,-149.5,-157.0,-153.0,-152.5,-156.0,-157.0,-156.5,-157.0,-154.5,-156.0,-155.0,-155.0,-155.0,-156.0,-155.5,-155.5,-157.0,-150.0,-151.5,-157.0,-157.0,-157.0,-157.0,-157.0,-157.0,-157.0,-157.0,-157.0,-157.0,-152.0,-153.5,-152.0,-152.5,-153.5,-151.5,-157.0,-153.0,-150.5,-148.5,-151.0,-155.0,-157.0,-155.5,-153.5,-157.0,-157.0,-156.5,-153.0,-153.0,-157.0,-155.5,-155.0,-148.0,-151.0,-157.0,-157.0,-157.0,-154.0,-157.0,-156.0,-151.5,-149.0,-151.5,-157.0,-153.0,-151.5,-154.0,-157.0,-157.0,-157.0,-157.0,-157.0,-155.0,-154.0,-152.0,-156.5,-157.0,-154.0,-155.0,-157.0,-153.5,-155.5,-157.0,-154.0,-155.0,-157.0,-157.0,-157.0,-154.5,-157.0,-149.5,-152.0,-157.0,-153.0,-157.0,-153.0,-154.0,-157.0,-156.0,-157.0,-157.0,-155.5,-153.0,-156.0,-153.5,-154.5,-155.0,-153.0,-155.5,-157.0,-157.0,-157.0,-153.0,-154.0,-157.0,-157.0,-157.0,-157.0,-149.5,-154.0,-157.0,-154.5,-153.5,-154.5,-154.5,-153.5,-156.0,-151.5,-155.0,-157.0,-157.0,-157.0,-156.0,-155.0,-151.5,-154.0,-152.5,-152.0,-157.0,-154.5,-154.0,-157.0,-157.0,-157.0,-157.0,-157.0,-157.0,-157.0,-157.0,-157.0,-157.0,-153.5,-151.0,-157.0,-155.5,-157.0,-157.0,-157.0,-157.0,-157.0,-157.0,-157.0,-157.0,-154.0,-157.0,-149.5,-148.5,-155.5,-155.0,-157.0,-157.0,-154.5,-156.5,-157.0,-157.0,-157.0,-157.0,-157.0,-154.0,-156.0,-157.0,-157.0,-157.0,-155.0,-153.5,-156.0,-157.0,-156.5,-157.0,-157.0,-157.0,-157.0,-157.0,-157.0,-157.0,-154.0,-154.0,-154.5,-157.0,-157.0,-157.0,-151.5,-153.0,-157.0,-156.5,-157.0,-157.0,-157.0,-156.5,-152.5,-157.0,-157.0,-157.0,-157.0,-157.0,-157.0,-156.0,-157.0,-157.0,-155.5,-154.5,-157.0,-155.0,-157.0,-156.0,-156.0,-157.0,-154.0,-157.0,-156.0,-157.0,-154.5,-157.0,-157.0,-157.0,-155.5,-157.0,-157.0,-157.0,-157.0,-157.0,-157.0,-152.0,-155.5,-153.0,-153.0,-155.0,-151.0,-152.5,-151.0,-152.5,-157.0,-154.5,-152.5,-157.0,-152.0,-149.0,-151.5,-157.0,-157.0,-157.0,-157.0,-155.5,-157.0,-150.0,-156.5
2026-01-17 14:13:43.331,143.049967,5,-77,-157.0,-157.0,-157.0,-157.0,-157.0,-157.0,-157.0,-153.5,-154.5,-157.0,-157.0,-157.0,-157.0,-157.0,-152.0,-150.0,-154.0,-153.5,-157.0,-157.0,-157.0,-155.0,-155.5,-155.0,-154.0,-157.0,-157.0,-157.0,-156.5,-153.0,-154.0,-153.0,-157.0,-157.0,-155.5,-154.0,-157.0,-153.5,-152.0,-156.0,-157.0,-157.0,-157.0,-154.0,-155.0,-157.0,-156.0,-157.0,-157.0,-157.0,-157.0,-157.0,-157.0,-157.0,-157.0,-157.0,-157.0,-154.5,-152.5,-153.5,-157.0,-153.5,-156.0,-153.0,-155.5,-155.5,-157.0,-154.5,-154.0,-157.0,-157.0,-157.0,-157.0,-157.0,-155.5,-153.0,-155.0,-157.0,-155.0,-155.5,-156.0,-155.0,-157.0,-157.0,-152.0,-153.0,-157.0,-157.0,-155.5,-151.0,-153.5,-153.5,-152.5,-156.0,-152.5,-156.5,-155.0,-157.0,-157.0,-157.0,-157.0,-157.0,-156.5,-154.0,-156.5,-156.0,-157.0,-150.5,-152.5,-157.0,-157.0,-157.0,-153.5,-153.5,-154.5,-157.0,-153.5,-154.5,-157.0,-157.0,-157.0,-157.0,-154.0,-152.0,-157.0,-157.0,-157.0,-155.5,-157.0,-157.0,-157.0,-157.0,-157.0,-155.5,-154.5,-152.0,-155.5,-154.0,-155.0,-157.0,-156.0,-155.0,-154.0,-153.5,-156.0,-156.0,-157.0,-157.0,-157.0,-147.0,-151.0,-155.5,-151.0,-155.0,-155.5,-151.0,-155.0,-155.0,-152.5,-155.0,-154.0,-156.5,-155.0,-155.5,-153.5,-153.5,-157.0,-152.0,-152.5,-155.0,-154.0,-153.5,-151.5,-152.0,-156.0,-156.0,-152.5,-156.0,-156.0,-156.0,-157.0,-152.0,-154.5,-157.0,-154.5,-155.0,-152.0,-150.5,-151.0,-157.0,-157.0,-157.0,-153.5,-157.0,-155.0,-157.0,-157.0,-155.5,-156.0,-157.0,-157.0,-150.0,-157.0,-155.0,-157.0,-156.0,-156.5,-156.5,-153.5,-154.0,-157.0,-153.5,-157.0,-157.0,-157.0,-157.0,-157.0,-152.5,-157.0,-154.5,-153.0,-152.5,-154.0,-154.5,-154.0,-152.0,-150.0,-152.0,-154.5,-157.0,-157.0,-157.0,-157.0,-157.0,-157.0,-157.0,-157.0,-157.0,-151.5,-152.5,-151.0,-150.5,-150.5,-149.5,-156.0,-157.0,-154.5,-153.0,-155.0,-153.0,-155.5,-157.0,-156.5,-156.5,-157.0,-155.0,-152.0,-157.0,-157.0,-156.5,-157.0,-150.5,-151.5,-157.0,-157.0,-157.0,-155.5,-155.0,-156.0,-155.5,-154.5,-151.0,-153.0,-154.5,-155.5,-157.0,-157.0,-157.0,-157.0,-157.0,-157.0,-157.0,-155.0,-152.5,-154.5,-154.0,-153.5,-157.0,-157.0,-153.0,-157.0,-157.0,-154.5,-155.5,-155.5,-157.0,-151.0,-157.0,-157.0,-153.5,-157.0,-157.0,-153.5,-157.0,-152.5,-156.5,-155.5,-155.0,-157.0,-157.0,-155.5,-151.0,-157.0,-156.0,-157.0,-157.0,-156.5,-157.0,-155.5,-157.0,-154.0,-149.5,-152.0,-156.5,-157.0,-157.0,-152.5,-150.0,-157.0,-157.0,-157.0,-157.0,-157.0,-157.0,-155.5,-157.0,-153.5,-157.0,-157.0,-157.0,-156.0,-151.0,-154.0,-156.0,-153.0,-154.0,-152.0,-154.5,-151.0,-157.0,-154.5,-157.0,-155.5,-157.0,-157.0,-157.0,-156.5,-157.0,-157.0,-157.0,-153.0,-152.5,-154.5,-155.0,-157.0,-157.0,-157.0,-157.0,-154.5,-152.5,-154.0,-157.0,-152.0,-154.0,-150.0,-149.0,-151.5,-151.5,-155.5,-155.5,-153.5,-157.0,-157.0,-157.0,-157.0,-155.0,-157.0,-155.5,-157.0,-156.0,-156.5,-157.0,-157.0,-155.5,-157.0,-157.0,-157.0,-157.0,-157.0,-157.0,-157.0,-157.0,-157.0,-156.0,-157.0,-154.5,-151.0,-157.0,-157.0,-157.0,-155.5,-154.0,-156.0,-156.5,-157.0,-155.0,-157.0,-157.0,-151.5,-153.5,-157.0,-157.0,-157.0,-157.0,-153.0,-153.0,-157.0,-157.0,-155.0,-157.0,-157.0,-155.5,-157.0,-153.5,-157.0,-157.0,-152.5,-154.5,-156.5,-157.0,-157.0,-157.0,-157.0,-154.0,-152.5,-157.0,-157.0,-157.0,-157.0,-157.0,-157.0,-153.5,-157.0,-151.5,-150.5,-157.0,-150.0,-150.0,-153.5,-155.0,-153.0,-155.0,-152.5,-155.5,-151.0,-150.0,-151.5,-157.0,-157.0,-157.0,-157.0,-157.0,-157.0,-149.0,-155.5
2026-01-17 14:13:43.366,143.049967,5,-77,-157.0,-157.0,-157.0,-157.0,-157.0,-157.0,-157.0,-157.0,-157.0,-157.0,-157.0,-157.0,-155.5,-157.0,-155.5,-150.0,-153.5,-157.0,-156.0,-156.5,-155.0,-157.0,-156.0,-157.0,-153.5,-153.0,-154.0,-153.5,-152.0,-150.5,-150.5,-153.0,-153.0,-157.0,-157.0,-157.0,-157.0,-157.0,-156.0,-153.5,-155.0,-157.0,-157.0,-152.0,-150.5,-157.0,-157.0,-157.0,-157.0,-157.0,-154.5,-156.5,-157.0,-157.0,-157.0,-157.0,-157.0,-151.5,-151.5,-157.0,-157.0,-153.5,-151.5,-154.0,-157.0,-155.0,-157.0,-157.0,-157.0,-157.0,-157.0,-155.0,-156.5,-157.0,-157.0,-155.5,-153.5,-157.0,-156.5,-156.5,-155.5,-154.5,-157.0,-157.0,-153.0,-157.0,-157.0,-157.0,-152.0,-150.5,-157.0,-157.0,-156.0,-157.0,-153.5,-157.0,-153.5,-156.0,-157.0,-157.0,-156.5,-155.0,-154.0,-156.5,-157.0,-157.0,-157.0,-151.5,-153.5,-157.0,-156.5,-157.0,-151.0,-148.5,-150.5,-157.0,-152.0,-150.5,-157.0,-154.0,-157.0,-152.5,-153.5,-155.0,-157.0,-157.0,-157.0,-153.0,-157.0,-157.0,-157.0,-157.0,-153.5,-157.0,-153.0,-152.5,-157.0,-153.5,-155.0,-157.0,-157.0,-153.5,-152.5,-152.0,-155.0,-154.0,-154.0,-157.0,-157.0,-147.5,-153.0,-157.0,-154.0,-154.5,-156.0,-152.5,-157.0,-155.5,-152.0,-157.0,-152.5,-157.0,-153.5,-151.5,-155.5,-157.0,-152.0,-150.5,-151.0,-152.5,-155.5,-156.5,-155.5,-152.0,-157.0,-154.5,-154.5,-157.0,-153.0,-157.0,-157.0,-157.0,-157.0,-157.0,-154.0,-153.0,-153.0,-153.5,-153.5,-155.5,-156.5,-157.0,-154.0,-153.5,-157.0,-152.0,-151.5,-153.0,-155.5,-157.0,-157.0,-150.5,-154.0,-157.0,-157.0,-155.5,-157.0,-157.0,-157.0,-156.5,-156.0,-156.5,-157.0,-157.0,-157.0,-157.0,-157.0,-151.0,-154.0,-154.5,-152.5,-153.5,-157.0,-155.0,-154.5,-154.0,-154.0,-155.0,-155.0,-154.0,-157.0,-157.0,-157.0,-157.0,-157.0,-157.0,-157.0,-157.0,-155.5,-157.0,-153.5,-152.0,-149.5,-149.5,-154.0,-154.5,-157.0,-157.0,-157.0,-153.0,-155.5,-157.0,-157.0,-157.0,-157.0,-154.0,-152.0,-153.5,-155.0,-157.0,-157.0,-157.0,-154.5,-157.0,-155.5,-157.0,-157.0,-157.0,-153.0,-153.5,-156.0,-155.0,-155.0,-157.0,-157.0,-157.0,-157.0,-157.0,-157.0,-157.0,-157.0,-157.0,-157.0,-154.0,-153.0,-154.0,-155.0,-157.0,-157.0,-157.0,-155.0,-155.5,-157.0,-154.5,-155.5,-153.0,-148.0,-157.0,-157.0,-157.0,-157.0,-155.5,-152.5,-156.5,-153.0,-154.0,-152.5,-156.5,-157.0,-157.0,-154.5,-152.0,-157.0,-157.0,-154.5,-157.0,-157.0,-157.0,-153.5,-155.0,-154.0,-150.5,-157.0,-156.0,-154.5,-157.0,-155.5,-150.5,-156.5,-157.0,-157.0,-157.0,-157.0,-157.0,-157.0,-157.0,-156.5,-156.0,-157.0,-157.0,-153.0,-151.5,-152.0,-154.5,-154.5,-157.0,-153.0,-151.5,-151.0,-157.0,-152.5,-155.5,-157.0,-155.5,-155.5,-157.0,-155.0,-157.0,-157.0,-157.0,-157.0,-157.0,-157.0,-157.0,-157.0,-157.0,-157.0,-157.0,-155.5,-155.5,-157.0,-157.0,-154.5,-157.0,-151.0,-152.0,-154.5,-155.0,-153.5,-157.0,-154.0,-156.5,-155.0,-157.0,-156.5,-153.0,-156.0,-156.5,-157.0,-157.0,-157.0,-157.0,-157.0,-156.0,-157.0,-157.0,-157.0,-157.0,-157.0,-157.0,-155.0,-153.5,-157.0,-155.5,-157.0,-153.0,-149.5,-157.0,-157.0,-157.0,-157.0,-156.5,-157.0,-157.0,-157.0,-155.5,-157.0,-154.5,-153.5,-155.0,-153.0,-153.5,-157.0,-155.5,-152.0,-152.5,-157.0,-157.0,-155.0,-157.0,-157.0,-154.0,-157.0,-153.0,-157.0,-157.0,-152.0,-152.0,-157.0,-157.0,-157.0,-157.0,-157.0,-153.5,-152.0,-154.0,-157.0,-157.0,-157.0,-157.0,-157.0,-157.0,-157.0,-155.5,-152.0,-157.0,-154.0,-152.5,-155.0,-156.0,-152.0,-155.0,-157.0,-154.0,-153.0,-157.0,-155.0,-157.0,-156.0,-155.5,-157.0,-157.0,-157.0,-153.5,-155.0
2026-01-17 14:13:43.403,143.049967,5,-77,-157.0,-157.0,-157.0,-157.0,-157.0,-156.0,-157.0,-157.0,-157.0,-157.0,-156.0,-152.5,-156.0,-157.0,-156.0,-152.0,-153.0,-156.0,-157.0,-157.0,-155.0,-157.0,-157.0,-157.0,-153.0,-152.0,-149.5,-149.0,-153.5,-154.5,-155.0,-157.0,-157.0,-156.5,-157.0,-157.0,-157.0,-156.0,-156.0,-156.0,-157.0,-155.5,-157.0,-155.5,-151.0,-157.0,-157.0,-157.0,-157.0,-157.0,-152.5,-153.5,-157.0,-157.0,-157.0,-157.0,-157.0,-151.5,-153.0,-157.0,-157.0,-154.0,-152.5,-156.5,-157.0,-157.0,-157.0,-157.0,-157.0,-157.0,-157.0,-157.0,-157.0,-154.5,-152.5,-157.0,-157.0,-157.0,-151.5,-150.5,-156.0,-155.0,-157.0,-157.0,-156.5,-157.0,-157.0,-157.0,-157.0,-153.0,-156.5,-157.0,-157.0,-157.0,-156.5,-157.0,-152.0,-156.5,-157.0,-155.0,-153.5,-150.5,-154.5,-157.0,-157.0,-157.0,-157.0,-155.5,-155.0,-157.0,-154.0,-153.0,-155.0,-152.0,-149.5,-154.5,-149.5,-149.0,-157.0,-151.5,-152.5,-153.0,-151.5,-157.0,-157.0,-157.0,-157.0,-153.5,-157.0,-154.5,-157.0,-155.0,-153.5,-157.0,-157.0,-157.0,-154.5,-155.0,-157.0,-157.0,-154.5,-152.0,-152.5,-152.0,-151.0,-156.0,-150.0,-151.5,-154.5,-150.5,-153.5,-157.0,-157.0,-157.0,-157.0,-154.5,-154.0,-157.0,-152.5,-153.0,-153.0,-157.0,-154.0,-153.0,-157.0,-154.5,-149.5,-152.0,-153.0,-157.0,-155.5,-156.0,-153.0,-150.5,-151.5,-154.0,-155.5,-155.5,-154.0,-151.5,-151.5,-155.0,-157.0,-157.0,-157.0,-157.0,-156.5,-154.0,-157.0,-151.0,-152.5,-156.5,-156.0,-156.5,-155.0,-150.5,-150.0,-152.5,-157.0,-157.0,-157.0,-155.0,-155.0,-157.0,-157.0,-157.0,-157.0,-157.0,-157.0,-157.0,-155.0,-157.0,-157.0,-157.0,-157.0,-156.0,-154.0,-151.5,-156.0,-153.5,-156.5,-157.0,-156.5,-157.0,-156.0,-156.5,-156.5,-156.0,-157.0,-152.5,-157.0,-157.0,-157.0,-157.0,-157.0,-157.0,-157.0,-157.0,-156.5,-157.0,-157.0,-157.0,-150.0,-149.0,-155.5,-157.0,-155.5,-154.0,-157.0,-157.0,-157.0,-157.0,-155.0,-154.0,-156.5,-157.0,-157.0,-151.0,-154.0,-157.0,-157.0,-157.0,-156.5,-157.0,-157.0,-157.0,-157.0,-157.0,-154.0,-154.0,-155.0,-157.0,-156.5,-157.0,-157.0,-154.5,-157.0,-157.0,-156.0,-153.5,-157.0,-157.0,-157.0,-155.0,-153.0,-157.0,-155.0,-157.0,-157.0,-157.0,-157.0,-157.0,-157.0,-151.0,-156.0,-154.0,-149.5,-151.0,-157.0,-157.0,-157.0,-157.0,-150.5,-150.5,-152.5,-153.5,-151.5,-157.0,-157.0,-157.0,-154.0,-157.0,-154.5,-155.0,-152.5,-157.0,-154.0,-155.5,-155.0,-157.0,-157.0,-155.0,-156.5,-157.0,-153.5,-157.0,-157.0,-151.5,-155.5,-157.0,-157.0,-157.0,-157.0,-157.0,-156.0,-157.0,-157.0,-157.0,-156.0,-157.0,-154.5,-156.5,-157.0,-154.0,-157.0,-154.0,-157.0,-156.5,-154.0,-156.5,-156.0,-155.0,-157.0,-157.0,-157.0,-157.0,-154.0,-157.0,-157.0,-157.0,-157.0,-157.0,-157.0,-155.5,-157.0,-157.0,-157.0,-157.0,-157.0,-157.0,-157.0,-157.0,-157.0,-157.0,-153.0,-154.0,-156.5,-157.0,-155.0,-157.0,-157.0,-157.0,-155.0,-153.5,-157.0,-153.5,-153.0,-155.0,-157.0,-157.0,-157.0,-156.5,-157.0,-157.0,-157.0,-157.0,-157.0,-157.0,-157.0,-157.0,-156.5,-150.5,-152.0,-155.5,-152.5,-154.0,-149.5,-157.0,-157.0,-157.0,-157.0,-157.0,-157.0,-157.0,-157.0,-157.0,-157.0,-155.0,-157.0,-157.0,-152.5,-154.5,-155.5,-155.5,-154.0,-154.5,-156.5,-155.0,-153.5,-157.0,-157.0,-156.0,-157.0,-154.0,-155.0,-157.0,-157.0,-157.0,-157.0,-155.0,-157.0,-157.0,-157.0,-157.0,-156.5,-156.5,-157.0,-157.0,-157.0,-156.5,-157.0,-157.0,-155.5,-157.0,-152.0,-157.0,-157.0,-157.0,-155.0,-157.0,-154.0,-155.5,-157.0,-156.0,-157.0,-157.0,-154.5,-157.0,-157.0,-157.0,-157.0,-157.0,-157.0,-156.5,-157.0
2026-01-17 14:13:43.432,143.049967,5,-77,-157.0,-157.0,-157.0,-157.0,-157.0,-156.0,-157.0,-155.5,-157.0,-155.5,-151.0,-151.0,-157.0,-155.5,-157.0,-157.0,-157.0,-154.5,-156.5,-157.0,-157.0,-157.0,-157.0,-156.5,-155.0,-156.5,-154.0,-151.5,-157.0,-157.0,-157.0,-157.0,-157.0,-157.0,-157.0,-157.0,-157.0,-154.5,-153.5,-156.5,-157.0,-152.5,-155.0,-157.0,-153.5,-157.0,-155.5,-155.0,-157.0,-157.0,-157.0,-157.0,-154.5,-154.5,-157.0,-156.0,-157.0,-152.5,-154.0,-157.0,-156.0,-153.0,-157.0,-154.5,-157.0,-157.0,-156.0,-157.0,-157.0,-156.5,-157.0,-157.0,-157.0,-151.5,-150.0,-157.0,-157.0,-157.0,-149.5,-149.0,-157.0,-157.0,-157.0,-157.0,-154.0,-157.0,-157.0,-157.0,-157.0,-152.0,-151.5,-157.0,-157.0,-157.0,-154.0,-154.0,-150.0,-157.0,-157.0,-153.5,-154.5,-151.0,-157.0,-157.0,-157.0,-157.0,-157.0,-157.0,-153.0,-155.0,-153.0,-155.0,-154.0,-157.0,-151.5,-156.0,-150.5,-150.5,-157.0,-153.0,-153.0,-155.0,-152.0,-157.0,-157.0,-157.0,-157.0,-155.0,-154.5,-155.5,-157.0,-155.5,-154.5,-155.0,-155.0,-157.0,-157.0,-157.0,-157.0,-157.0,-152.0,-149.5,-153.5,-155.0,-149.5,-150.0,-149.0,-150.0,-153.0,-153.0,-155.0,-157.0,-157.0,-157.0,-155.0,-153.5,-156.5,-157.0,-155.5,-157.0,-157.0,-157.0,-155.0,-157.0,-157.0,-149.0,-148.5,-157.0,-155.0,-157.0,-153.5,-154.0,-155.0,-154.5,-157.0,-155.5,-157.0,-156.5,-157.0,-148.0,-146.5,-151.0,-157.0,-157.0,-157.0,-157.0,-157.0,-156.5,-157.0,-151.0,-153.5,-155.5,-153.5,-155.0,-155.0,-155.0,-157.0,-157.0,-157.0,-157.0,-157.0,-157.0,-152.5,-153.5,-157.0,-157.0,-157.0,-157.0,-157.0,-157.0,-157.0,-157.0,-157.0,-155.5,-157.0,-155.5,-151.0,-154.5,-157.0,-154.5,-157.0,-154.5,-153.5,-157.0,-156.5,-157.0,-157.0,-157.0,-157.0,-153.5,-155.0,-154.5,-157.0,-157.0,-156.0,-157.0,-157.0,-152.5,-153.0,-157.0,-156.0,-155.5,-150.0,-150.5,-157.0,-157.0,-154.0,-154.0,-157.0,-157.0,-155.5,-157.0,-153.5,-154.0,-156.5,-157.0,-156.5,-152.5,-156.0,-156.0,-157.0,-157.0,-157.0,-157.0,-157.0,-157.0,-157.0,-157.0,-155.5,-154.5,-154.5,-154.0,-156.5,-156.0,-154.5,-154.0,-155.0,-157.0,-153.0,-151.5,-154.5,-157.0,-157.0,-157.0,-155.5,-157.0,-154.5,-156.5,-157.0,-155.5,-156.0,-156.5,-157.0,-149.0,-152.0,-157.0,-151.0,-149.5,-157.0,-157.0,-157.0,-157.0,-154.5,-153.0,-156.5,-156.5,-155.0,-157.0,-156.0,-157.0,-154.0,-156.5,-155.0,-156.5,-153.5,-157.0,-154.5,-157.0,-157.0,-157.0,-157.0,-157.0,-157.0,-157.0,-155.0,-152.5,-157.0,-153.5,-153.0,-152.0,-154.0,-157.0,-157.0,-157.0,-155.0,-157.0,-157.0,-157.0,-157.0,-157.0,-156.5,-157.0,-157.0,-153.5,-152.5,-152.5,-157.0,-155.0,-155.0,-152.5,-157.0,-157.0,-157.0,-157.0,-157.0,-157.0,-154.5,-156.5,-157.0,-157.0,-157.0,-157.0,-154.5,-151.0,-157.0,-157.0,-157.0,-157.0,-157.0,-157.0,-157.0,-156.0,-156.0,-155.0,-153.0,-154.5,-157.0,-157.0,-157.0,-157.0,-155.0,-157.0,-156.0,-152.5,-157.0,-155.0,-150.5,-151.5,-157.0,-156.5,-157.0,-155.0,-157.0,-157.0,-157.0,-157.0,-156.5,-154.0,-157.0,-157.0,-155.5,-152.5,-150.5,-154.0,-152.0,-157.0,-150.5,-157.0,-157.0,-157.0,-157.0,-157.0,-157.0,-157.0,-157.0,-156.5,-157.0,-157.0,-157.0,-157.0,-156.0,-157.0,-155.5,-157.0,-157.0,-157.0,-156.5,-155.5,-156.5,-157.0,-157.0,-156.0,-157.0,-157.0,-157.0,-157.0,-157.0,-157.0,-157.0,-156.0,-156.0,-153.0,-157.0,-157.0,-157.0,-157.0,-157.0,-157.0,-153.0,-154.5,-155.5,-155.0,-152.5,-157.0,-152.0,-152.5,-153.0,-155.0,-155.5,-157.0,-157.0,-157.0,-157.0,-157.0,-157.0,-157.0,-152.0,-151.5,-155.0,-157.0,-156.0,-153.5,-157.0,-156.5,-157.0
2026-01-17 14:13:43.467,143.049967,5,-77,-157.0,-157.0,-157.0,-157.0,-157.0,-154.0,-157.0,-153.5,-154.0,-157.0,-152.0,-153.5,-154.5,-154.5,-157.0,-157.0,-157.0,-153.0,-151.5,-156.5,-154.5,-156.5,-157.0,-157.0,-157.0,-157.0,-157.0,-157.0,-157.0,-157.0,-157.0,-157.0,-157.0,-157.0,-157.0,-157.0,-157.0,-157.0,-154.5,-155.5,-156.0,-152.0,-153.0,-157.0,-156.5,-153.5,-157.0,-153.0,-153.0,-153.0,-157.0,-157.0,-157.0,-157.0,-157.0,-156.0,-156.0,-153.5,-155.0,-157.0,-155.5,-156.0,-153.0,-151.0,-152.5,-157.0,-157.0,-157.0,-155.0,-154.5,-157.0,-157.0,-157.0,-155.0,-151.5,-153.5,-157.0,-157.0,-152.0,-153.0,-157.0,-157.0,-156.0,-157.0,-152.0,-152.5,-157.0,-157.0,-157.0,-154.0,-151.0,-157.0,-157.0,-155.5,-151.0,-154.5,-150.0,-156.0,-155.0,-152.0,-153.0,-155.0,-157.0,-157.0,-157.0,-157.0,-154.5,-155.0,-153.5,-157.0,-152.5,-157.0,-153.5,-154.0,-152.5,-154.5,-156.0,-157.0,-157.0,-155.5,-157.0,-157.0,-153.0,-156.0,-157.0,-155.5,-157.0,-157.0,-157.0,-157.0,-157.0,-157.0,-155.0,-157.0,-154.0,-157.0,-157.0,-157.0,-154.0,-154.5,-154.5,-149.0,-157.0,-157.0,-151.0,-149.5,-155.5,-154.0,-156.0,-150.0,-157.0,-157.0,-157.0,-157.0,-154.5,-152.5,-156.0,-156.5,-157.0,-157.0,-157.0,-157.0,-157.0,-157.0,-156.5,-152.0,-151.5,-157.0,-157.0,-157.0,-157.0,-155.5,-157.0,-157.0,-157.0,-156.0,-157.0,-157.0,-157.0,-151.5,-148.0,-151.5,-157.0,-156.5,-155.0,-153.5,-155.5,-156.5,-157.0,-154.0,-157.0,-157.0,-153.5,-156.5,-157.0,-157.0,-157.0,-157.0,-157.0,-157.0,-157.0,-157.0,-153.0,-154.0,-155.0,-156.0,-157.0,-157.0,-157.0,-154.5,-157.0,-157.0,-157.0,-157.0,-154.5,-153.5,-149.5,-152.5,-157.0,-155.5,-157.0,-157.0,-155.5,-157.0,-156.0,-157.0,-156.5,-157.0,-157.0,-157.0,-155.0,-153.5,-157.0,-157.0,-157.0,-157.0,-157.0,-152.0,-157.0,-151.0,-150.0,-154.5,-153.0,-151.0,-153.5,-155.5,-157.0,-157.0,-157.0,-157.0,-157.0,-156.5,-157.0,-157.0,-157.0,-154.0,-154.0,-152.0,-153.5,-156.0,-157.0,-157.0,-157.0,-157.0,-157.0,-156.5,-157.0,-157.0,-156.0,-155.5,-154.5,-155.5,-155.0,-154.5,-157.0,-157.0,-155.5,-157.0,-156.5,-154.0,-157.0,-157.0,-157.0,-155.5,-157.0,-157.0,-153.0,-152.5,-157.0,-153.0,-149.5,-151.0,-154.5,-150.0,-151.0,-157.0,-154.5,-153.0,-157.0,-157.0,-157.0,-156.0,-157.0,-157.0,-157.0,-157.0,-157.0,-157.0,-154.5,-156.5,-157.0,-157.0,-157.0,-157.0,-154.5,-157.0,-156.5,-157.0,-157.0,-157.0,-155.5,-155.5,-157.0,-157.0,-157.0,-153.0,-155.0,-152.5,-150.5,-153.0,-155.0,-156.0,-157.0,-157.0,-153.5,-156.5,-156.0,-153.5,-154.0,-153.5,-156.0,-157.0,-157.0,-153.5,-153.0,-153.5,-157.0,-153.5,-151.0,-150.0,-154.0,-157.0,-157.0,-157.0,-157.0,-157.0,-156.0,-154.5,-157.0,-157.0,-157.0,-155.5,-155.5,-149.5,-154.0,-156.5,-157.0,-157.0,-157.0,-157.0,-157.0,-157.0,-154.0,-151.0,-152.0,-152.0,-157.0,-157.0,-157.0,-157.0,-153.5,-156.5,-157.0,-153.5,-157.0,-157.0,-153.5,-154.5,-157.0,-157.0,-157.0,-154.5,-157.0,-157.0,-157.0,-156.5,-154.5,-151.0,-156.0,-154.5,-152.5,-157.0,-152.0,-157.0,-154.0,-157.0,-154.5,-157.0,-157.0,-157.0,-157.0,-157.0,-157.0,-157.0,-156.0,-157.0,-157.0,-157.0,-157.0,-157.0,-157.0,-157.0,-155.0,-157.0,-157.0,-157.0,-156.5,-157.0,-157.0,-157.0,-156.5,-157.0,-155.5,-157.0,-157.0,-157.0,-157.0,-157.0,-157.0,-157.0,-157.0,-151.5,-152.0,-157.0,-154.5,-155.5,-154.0,-157.0,-154.0,-157.0,-157.0,-155.0,-153.5,-156.0,-157.0,-154.5,-153.0,-153.0,-153.5,-155.0,-153.0,-151.0,-156.5,-157.0,-157.0,-157.0,-152.5,-153.5,-151.0,-157.0,-157.0,-156.5,-157.0,-156.5,-157.0
2026-01-17 14:13:43.498,143.049967,5,-77,-157.0,-157.0,-157.0,-157.0,-154.5,-153.0,-155.0,-156.5,-154.0,-156.0,-155.5,-157.0,-156.0,-157.0,-157.0,-151.0,-152.0,-152.5,-149.5,-154.5,-152.5,-152.0,-154.0,-157.0,-157.0,-157.0,-157.0,-157.0,-157.0,-155.0,-153.5,-157.0,-157.0,-157.0,-152.0,-152.0,-157.0,-157.0,-157.0,-156.0,-155.0,-155.5,-156.0,-157.0,-157.0,-150.5,-157.0,-152.0,-149.5,-149.0,-154.5,-156.0,-157.0,-157.0,-157.0,-157.0,-154.5,-155.5,-157.0,-157.0,-157.0,-157.0,-156.5,-153.0,-151.0,-157.0,-157.0,-156.0,-154.5,-156.5,-157.0,-157.0,-155.0,-157.0,-155.5,-156.5,-157.0,-157.0,-157.0,-157.0,-157.0,-157.0,-157.0,-157.0,-153.0,-151.0,-155.5,-153.5,-157.0,-157.0,-153.0,-157.0,-155.5,-151.5,-151.0,-156.0,-152.5,-155.0,-155.5,-152.0,-154.5,-156.5,-157.0,-156.5,-157.0,-157.0,-152.5,-153.0,-153.0,-156.5,-154.0,-157.0,-157.0,-154.0,-151.0,-152.0,-157.0,-157.0,-157.0,-157.0,-157.0,-157.0,-155.5,-155.5,-154.5,-153.0,-156.5,-157.0,-157.0,-153.0,-155.0,-157.0,-154.5,-157.0,-154.0,-157.0,-157.0,-157.0,-152.0,-154.0,-151.5,-149.0,-157.0,-157.0,-153.5,-154.0,-157.0,-154.0,-150.5,-148.5,-157.0,-157.0,-157.0,-157.0,-157.0,-157.0,-156.0,-157.0,-157.0,-155.5,-154.0,-157.0,-157.0,-152.5,-154.0,-157.0,-156.5,-157.0,-157.0,-154.0,-156.5,-157.0,-157.0,-155.5,-157.0,-157.0,-155.5,-153.5,-157.0,-155.5,-155.0,-157.0,-157.0,-151.5,-151.0,-152.0,-150.0,-154.0,-155.5,-155.5,-157.0,-157.0,-157.0,-157.0,-157.0,-157.0,-157.0,-157.0,-157.0,-156.5,-157.0,-157.0,-156.0,-154.5,-154.5,-157.0,-157.0,-154.5,-153.0,-153.5,-154.5,-157.0,-157.0,-157.0,-152.0,-154.0,-149.5,-149.5,-154.0,-156.0,-157.0,-157.0,-156.5,-153.5,-154.0,-157.0,-157.0,-156.5,-155.0,-157.0,-157.0,-154.5,-157.0,-157.0,-157.0,-157.0,-157.0,-153.5,-154.0,-150.0,-152.0,-157.0,-155.5,-149.0,-148.5,-153.5,-156.0,-157.0,-157.0,-157.0,-157.0,-156.5,-157.0,-157.0,-157.0,-154.0,-157.0,-153.0,-157.0,-156.0,-157.0,-157.0,-157.0,-157.0,-157.0,-157.0,-154.0,-152.5,-153.5,-156.5,-154.5,-157.0,-154.0,-154.5,-157.0,-157.0,-156.5,-155.0,-155.5,-157.0,-157.0,-154.5,-155.0,-157.0,-157.0,-156.0,-153.0,-153.0,-157.0,-151.5,-149.0,-156.5,-157.0,-157.0,-157.0,-156.5,-157.0,-153.0,-150.5,-154.0,-157.0,-156.5,-156.5,-157.0,-157.0,-156.5,-157.0,-157.0,-156.5,-157.0,-157.0,-157.0,-157.0,-155.0,-153.0,-156.5,-154.5,-157.0,-157.0,-157.0,-155.0,-155.0,-157.0,-155.5,-157.0,-157.0,-157.0,-153.0,-151.0,-157.0,-157.0,-156.5,-153.5,-154.5,-153.5,-154.0,-157.0,-151.5,-153.5,-155.0,-156.5,-157.0,-157.0,-154.5,-156.0,-153.0,-155.5,-157.0,-152.0,-151.0,-153.5,-156.0,-157.0,-157.0,-157.0,-157.0,-157.0,-157.0,-157.0,-157.0,-154.5,-152.5,-157.0,-151.0,-151.5,-154.5,-157.0,-157.0,-157.0,-157.0,-157.0,-157.0,-156.0,-154.0,-153.0,-157.0,-157.0,-157.0,-157.0,-157.0,-157.0,-157.0,-157.0,-153.5,-157.0,-155.5,-155.0,-157.0,-157.0,-157.0,-157.0,-154.5,-154.5,-156.0,-157.0,-156.5,-153.5,-152.0,-157.0,-152.5,-152.0,-154.5,-153.5,-157.0,-157.0,-157.0,-157.0,-157.0,-156.5,-155.0,-157.0,-156.5,-157.0,-156.0,-157.0,-157.0,-157.0,-157.0,-157.0,-157.0,-157.0,-157.0,-157.0,-157.0,-157.0,-153.5,-155.0,-157.0,-157.0,-157.0,-157.0,-157.0,-156.5,-157.0,-157.0,-157.0,-157.0,-157.0,-157.0,-157.0,-157.0,-155.5,-153.5,-157.0,-153.0,-150.0,-149.5,-157.0,-155.0,-157.0,-157.0,-157.0,-157.0,-154.0,-157.0,-157.0,-157.0,-156.5,-153.5,-154.0,-149.5,-148.5,-154.5,-157.0,-157.0,-157.0,-153.5,-154.5,-149.5,-152.5,-156.5,-157.0,-155.5,-157.0,-157.0
2026-01-17 14:13:43.530,143.049967,5,-77,-157.0,-157.0,-157.0,-157.0,-152.5,-157.0,-157.0,-157.0,-157.0,-156.5,-157.0,-157.0,-157.0,-157.0,-155.5,-150.0,-151.5,-155.0,-149.5,-153.5,-157.0,-154.0,-153.5,-154.5,-156.5,-157.0,-157.0,-157.0,-157.0,-155.0,-154.0,-156.0,-157.0,-155.5,-152.5,-150.5,-157.0,-157.0,-157.0,-156.5,-156.0,-157.0,-157.0,-154.5,-150.5,-150.5,-153.5,-153.0,-156.0,-150.0,-154.0,-153.0,-154.5,-157.0,-157.0,-157.0,-155.5,-157.0,-154.0,-156.0,-157.0,-156.5,-157.0,-155.5,-152.0,-157.0,-157.0,-157.0,-157.0,-157.0,-157.0,-154.5,-155.0,-157.0,-157.0,-157.0,-157.0,-157.0,-157.0,-157.0,-157.0,-157.0,-157.0,-154.5,-153.0,-152.5,-157.0,-153.0,-156.5,-157.0,-153.5,-157.0,-156.5,-155.5,-156.5,-155.5,-156.5,-156.0,-154.0,-153.0,-155.5,-157.0,-157.0,-151.5,-157.0,-157.0,-157.0,-154.0,-153.0,-156.0,-156.0,-156.0,-157.0,-156.5,-152.5,-151.0,-157.0,-155.5,-157.0,-157.0,-157.0,-157.0,-155.0,-154.0,-154.5,-153.5,-154.0,-157.0,-157.0,-150.5,-152.0,-157.0,-155.0,-157.0,-153.5,-156.5,-157.0,-153.0,-156.0,-155.5,-152.0,-151.0,-157.0,-157.0,-157.0,-156.0,-153.5,-155.5,-154.5,-148.5,-150.5,-157.0,-157.0,-157.0,-157.0,-156.0,-155.5,-157.0,-157.0,-156.5,-149.5,-151.5,-157.0,-153.5,-155.0,-157.0,-155.0,-157.0,-156.0,-150.5,-149.5,-157.0,-157.0,-157.0,-157.0,-157.0,-153.5,-151.0,-154.5,-153.0,-155.0,-157.0,-156.5,-151.0,-153.5,-150.0,-151.5,-154.5,-154.5,-157.0,-157.0,-155.5,-157.0,-157.0,-157.0,-157.0,-156.0,-155.0,-157.0,-151.0,-151.5,-155.0,-155.0,-153.5,-153.0,-157.0,-157.0,-155.0,-154.0,-157.0,-156.5,-157.0,-157.0,-157.0,-152.0,-152.0,-153.5,-153.0,-155.5,-156.0,-157.0,-157.0,-153.0,-153.0,-155.0,-157.0,-157.0,-153.5,-154.5,-157.0,-157.0,-155.5,-157.0,-157.0,-157.0,-157.0,-157.0,-152.5,-150.5,-149.5,-157.0,-157.0,-157.0,-153.0,-150.0,-152.5,-157.0,-155.5,-157.0,-157.0,-157.0,-154.0,-157.0,-157.0,-157.0,-155.5,-156.0,-156.5,-157.0,-154.5,-156.0,-157.0,-157.0,-154.5,-157.0,-157.0,-152.5,-151.0,-154.5,-152.5,-153.0,-157.0,-151.5,-152.5,-156.0,-157.0,-157.0,-152.0,-153.5,-157.0,-157.0,-153.0,-153.5,-157.0,-157.0,-155.0,-157.0,-157.0,-155.5,-154.0,-151.0,-156.5,-157.0,-157.0,-157.0,-153.5,-151.5,-151.0,-150.0,-157.0,-157.0,-154.5,-155.5,-157.0,-157.0,-157.0,-155.5,-155.0,-157.0,-157.0,-153.5,-154.0,-156.5,-155.5,-157.0,-150.5,-152.5,-157.0,-157.0,-157.0,-154.5,-155.5,-157.0,-156.5,-157.0,-157.0,-157.0,-157.0,-157.0,-155.5,-157.0,-157.0,-157.0,-155.5,-155.5,-152.5,-152.5,-154.0,-157.0,-157.0,-157.0,-156.5,-157.0,-157.0,-157.0,-155.5,-154.0,-157.0,-154.5,-153.0,-154.5,-155.5,-157.0,-156.5,-156.5,-157.0,-157.0,-157.0,-157.0,-157.0,-156.5,-151.5,-157.0,-155.0,-156.0,-157.0,-157.0,-157.0,-156.0,-157.0,-154.5,-157.0,-155.0,-151.5,-149.0,-157.0,-157.0,-157.0,-156.5,-157.0,-157.0,-157.0,-152.5,-151.0,-157.0,-154.5,-156.5,-157.0,-157.0,-157.0,-157.0,-157.0,-155.0,-154.5,-155.0,-157.0,-157.0,-154.5,-154.5,-157.0,-153.0,-157.0,-157.0,-157.0,-157.0,-157.0,-157.0,-157.0,-157.0,-155.0,-153.5,-154.5,-157.0,-155.0,-157.0,-157.0,-155.5,-156.0,-157.0,-157.0,-157.0,-157.0,-157.0,-157.0,-157.0,-153.5,-155.0,-154.0,-157.0,-157.0,-155.0,-155.5,-157.0,-157.0,-157.0,-157.0,-157.0,-157.0,-157.0,-157.0,-157.0,-157.0,-157.0,-157.0,-157.0,-151.0,-150.0,-157.0,-156.5,-157.0,-156.5,-154.5,-156.5,-156.0,-157.0,-157.0,-157.0,-157.0,-157.0,-155.5,-149.0,-152.0,-157.0,-157.0,-152.5,-154.5,-154.5,-153.5,-150.5,-152.5,-155.0,-157.0,-151.5,-151.5,-157.0
2026-01-17 14:13:43.566,143.049967,5,-77,-157.0,-157.0,-157.0,-154.5,-152.0,-157.0,-157.0,-157.0,-157.0,-157.0,-157.0,-154.5,-150.5,-150.0,-157.0,-153.0,-152.5,-157.0,-150.5,-151.5,-157.0,-154.5,-154.0,-154.0,-157.0,-157.0,-157.0,-157.0,-157.0,-157.0,-157.0,-157.0,-152.0,-152.0,-157.0,-151.5,-157.0,-157.0,-157.0,-157.0,-157.0,-154.5,-154.0,-151.5,-150.0,-157.0,-155.0,-157.0,-155.5,-151.5,-157.0,-157.0,-155.5,-156.5,-157.0,-157.0,-157.0,-154.5,-153.0,-153.5,-157.0,-156.5,-157.0,-154.5,-157.0,-157.0,-153.5,-157.0,-157.0,-154.5,-153.5,-152.0,-153.5,-157.0,-157.0,-157.0,-157.0,-157.0,-152.0,-152.5,-157.0,-153.5,-154.0,-155.5,-155.0,-157.0,-157.0,-154.0,-156.5,-152.0,-154.0,-157.0,-157.0,-157.0,-157.0,-157.0,-155.5,-151.5,-152.0,-157.0,-157.0,-157.0,-154.5,-150.0,-157.0,-157.0,-157.0,-157.0,-156.5,-152.5,-155.0,-153.5,-156.5,-157.0,-154.0,-149.5,-157.0,-157.0,-157.0,-157.0,-157.0,-156.5,-154.0,-157.0,-157.0,-156.0,-152.0,-153.5,-155.0,-154.5,-157.0,-157.0,-155.5,-156.5,-152.5,-156.5,-150.5,-148.0,-153.0,-156.5,-156.0,-155.5,-157.0,-155.5,-157.0,-153.5,-152.0,-153.5,-152.0,-150.5,-150.5,-157.0,-157.0,-157.0,-157.0,-152.0,-154.5,-157.0,-157.0,-155.5,-150.0,-151.0,-157.0,-157.0,-157.0,-157.0,-152.0,-157.0,-152.5,-151.5,-148.5,-152.0,-153.5,-157.0,-157.0,-156.5,-156.0,-151.0,-151.0,-154.0,-154.5,-157.0,-157.0,-152.0,-157.0,-150.5,-152.5,-154.5,-153.5,-155.0,-153.5,-153.0,-157.0,-157.0,-156.0,-155.0,-157.0,-157.0,-157.0,-152.5,-151.5,-153.5,-157.0,-157.0,-157.0,-157.0,-157.0,-157.0,-157.0,-157.0,-157.0,-157.0,-155.5,-157.0,-153.5,-150.5,-157.0,-157.0,-157.0,-157.0,-155.5,-157.0,-153.5,-157.0,-154.0,-157.0,-157.0,-155.0,-157.0,-157.0,-157.0,-157.0,-156.5,-156.0,-157.0,-156.0,-152.0,-149.5,-153.0,-152.0,-157.0,-156.5,-156.0,-156.5,-155.5,-157.0,-157.0,-156.5,-155.5,-155.0,-157.0,-154.5,-156.5,-157.0,-156.5,-157.0,-157.0,-157.0,-156.5,-156.5,-157.0,-157.0,-157.0,-152.0,-155.5,-157.0,-153.5,-157.0,-156.5,-153.5,-155.5,-157.0,-151.5,-155.0,-157.0,-157.0,-157.0,-155.5,-156.5,-157.0,-157.0,-155.5,-154.0,-154.5,-152.0,-151.0,-156.0,-157.0,-156.5,-152.5,-149.0,-152.0,-157.0,-153.5,-155.0,-153.0,-151.0,-155.0,-154.5,-157.0,-155.0,-150.5,-152.0,-157.0,-157.0,-157.0,-154.0,-151.0,-157.0,-155.0,-154.0,-156.5,-153.5,-156.5,-157.0,-150.5,-151.0,-157.0,-157.0,-157.0,-155.5,-157.0,-157.0,-156.5,-157.0,-157.0,-157.0,-157.0,-157.0,-151.5,-151.5,-157.0,-157.0,-157.0,-156.5,-154.0,-156.5,-155.5,-154.0,-157.0,-157.0,-157.0,-157.0,-157.0,-157.0,-157.0,-151.0,-150.5,-150.5,-156.0,-157.0,-157.0,-155.0,-157.0,-157.0,-157.0,-157.0,-157.0,-157.0,-157.0,-152.5,-150.0,-151.0,-151.5,-155.0,-157.0,-157.0,-152.5,-153.0,-157.0,-149.5,-151.0,-154.5,-151.5,-151.0,-155.5,-154.5,-157.0,-155.0,-155.0,-157.0,-154.5,-152.0,-150.0,-155.0,-153.0,-155.5,-154.0,-157.0,-157.0,-157.0,-157.0,-157.0,-157.0,-155.5,-157.0,-157.0,-157.0,-154.0,-156.0,-154.0,-157.0,-157.0,-157.0,-154.5,-154.5,-157.0,-157.0,-157.0,-157.0,-152.0,-154.0,-154.5,-156.0,-157.0,-157.0,-154.0,-154.0,-157.0,-157.0,-157.0,-157.0,-157.0,-157.0,-157.0,-157.0,-157.0,-157.0,-154.0,-157.0,-156.0,-157.0,-155.5,-154.0,-156.5,-156.0,-157.0,-157.0,-156.5,-153.0,-156.0,-157.0,-157.0,-157.0,-157.0,-153.0,-151.5,-157.0,-157.0,-157.0,-156.5,-154.0,-153.0,-157.0,-157.0,-155.5,-153.5,-157.0,-157.0,-157.0,-151.5,-155.5,-157.0,-155.0,-153.5,-155.0,-153.5,-157.0,-154.5,-153.5,-150.5,-151.0,-151.0,-149.5,-156.5
2026-01-17 14:13:43.600,143.049967,5,-77,-157.0,-157.0,-157.0,-157.0,-154.0,-155.5,-157.0,-157.0,-157.0,-156.0,-156.5,-152.0,-148.5,-150.0,-154.0,-154.0,-155.5,-157.0,-151.5,-153.5,-154.0,-151.5,-154.0,-157.0,-157.0,-157.0,-155.5,-154.5,-157.0,-157.0,-157.0,-157.0,-152.5,-151.0,-157.0,-151.0,-156.0,-157.0,-157.0,-157.0,-157.0,-150.5,-153.0,-153.5,-152.0,-157.0,-157.0,-157.0,-156.5,-152.0,-157.0,-157.0,-156.0,-155.0,-154.0,-157.0,-157.0,-154.5,-155.5,-151.0,-154.5,-156.0,-155.5,-152.5,-157.0,-155.5,-153.5,-157.0,-157.0,-157.0,-153.0,-154.0,-157.0,-157.0,-156.5,-154.5,-157.0,-154.0,-150.5,-151.0,-157.0,-152.5,-156.5,-157.0,-157.0,-157.0,-155.5,-157.0,-157.0,-151.5,-152.5,-153.0,-156.5,-157.0,-157.0,-157.0,-156.0,-151.0,-152.5,-157.0,-157.0,-157.0,-152.0,-151.5,-155.0,-157.0,-156.0,-157.0,-151.5,-150.5,-156.0,-155.5,-156.0,-155.0,-151.0,-147.5,-155.5,-153.5,-157.0,-157.0,-157.0,-157.0,-155.0,-157.0,-154.5,-155.5,-155.5,-157.0,-154.5,-157.0,-157.0,-157.0,-157.0,-157.0,-151.0,-151.0,-150.5,-148.0,-150.0,-150.5,-155.0,-152.5,-153.5,-156.0,-156.0,-157.0,-156.0,-155.0,-148.5,-147.5,-151.0,-157.0,-157.0,-157.0,-153.0,-153.5,-157.0,-157.0,-157.0,-155.0,-157.0,-157.0,-157.0,-157.0,-157.0,-157.0,-153.0,-153.0,-153.5,-157.0,-152.0,-150.5,-155.5,-157.0,-157.0,-156.0,-156.0,-157.0,-155.0,-157.0,-157.0,-156.0,-154.5,-154.5,-157.0,-154.5,-153.5,-155.0,-157.0,-155.0,-150.5,-155.5,-157.0,-157.0,-154.5,-154.0,-157.0,-157.0,-157.0,-156.0,-156.0,-153.5,-156.5,-157.0,-157.0,-157.0,-157.0,-154.0,-155.5,-154.5,-157.0,-157.0,-153.5,-157.0,-156.5,-154.5,-157.0,-157.0,-156.5,-157.0,-153.5,-154.5,-154.5,-154.0,-154.5,-157.0,-157.0,-156.5,-154.5,-155.0,-157.0,-157.0,-156.5,-149.0,-157.0,-157.0,-152.5,-153.0,-156.0,-156.0,-155.0,-149.5,-149.5,-154.0,-155.5,-157.0,-157.0,-157.0,-157.0,-156.5,-157.0,-157.0,-157.0,-157.0,-157.0,-157.0,-157.0,-157.0,-153.0,-154.0,-156.5,-156.5,-157.0,-153.0,-152.0,-157.0,-154.5,-156.0,-156.5,-153.0,-155.5,-157.0,-152.5,-154.0,-157.0,-156.0,-157.0,-157.0,-156.5,-157.0,-157.0,-157.0,-157.0,-156.0,-153.5,-150.5,-152.0,-154.0,-155.0,-151.5,-149.5,-153.0,-155.0,-148.5,-149.5,-155.5,-154.5,-157.0,-157.0,-157.0,-157.0,-150.5,-150.5,-157.0,-157.0,-157.0,-156.5,-152.0,-154.5,-155.5,-157.0,-154.5,-152.5,-154.5,-157.0,-155.0,-151.5,-157.0,-157.0,-154.5,-153.0,-157.0,-155.5,-152.5,-157.0,-157.0,-157.0,-157.0,-153.0,-153.5,-154.0,-155.0,-157.0,-157.0,-157.0,-157.0,-157.0,-154.0,-157.0,-156.0,-157.0,-156.0,-155.0,-157.0,-157.0,-157.0,-154.0,-152.0,-151.5,-153.5,-155.5,-156.5,-154.0,-157.0,-157.0,-157.0,-157.0,-157.0,-154.5,-156.5,-148.0,-151.5,-152.0,-152.5,-152.0,-155.5,-157.0,-154.0,-156.0,-153.0,-148.5,-157.0,-154.5,-156.0,-153.5,-153.5,-154.0,-157.0,-157.0,-156.0,-153.5,-153.0,-154.5,-151.5,-157.0,-151.0,-153.0,-154.0,-154.5,-155.0,-157.0,-155.5,-154.0,-155.0,-153.0,-157.0,-157.0,-157.0,-152.5,-153.5,-157.0,-157.0,-157.0,-157.0,-151.5,-153.0,-157.0,-155.5,-156.0,-155.0,-151.0,-153.0,-156.5,-157.0,-157.0,-156.5,-154.5,-153.0,-154.0,-154.0,-153.5,-157.0,-157.0,-157.0,-157.0,-157.0,-157.0,-157.0,-156.0,-157.0,-157.0,-157.0,-154.0,-154.5,-152.5,-152.0,-157.0,-157.0,-157.0,-152.0,-153.5,-156.5,-156.0,-157.0,-157.0,-154.5,-154.0,-157.0,-157.0,-157.0,-156.0,-154.0,-153.0,-156.5,-155.5,-152.0,-153.5,-157.0,-157.0,-157.0,-155.0,-157.0,-157.0,-157.0,-157.0,-157.0,-153.0,-157.0,-154.0,-157.0,-150.0,-149.5,-154.0,-156.0,-157.0
2026-01-17 14:13:43.635,143.049967,5,-77,-157.0,-157.0,-157.0,-157.0,-157.0,-155.0,-157.0,-157.0,-157.0,-154.5,-157.0,-157.0,-154.5,-152.5,-151.0,-152.0,-157.0,-157.0,-152.5,-155.0,-152.0,-152.0,-151.0,-157.0,-157.0,-157.0,-154.0,-151.0,-157.0,-157.0,-157.0,-157.0,-157.0,-155.0,-157.0,-151.5,-156.5,-157.0,-157.0,-157.0,-154.0,-151.5,-155.5,-157.0,-156.5,-157.0,-157.0,-157.0,-154.5,-154.5,-155.0,-153.0,-156.0,-154.5,-154.0,-157.0,-157.0,-154.5,-154.5,-149.5,-151.0,-157.0,-152.5,-151.0,-157.0,-157.0,-156.5,-157.0,-157.0,-156.5,-153.0,-152.0,-157.0,-155.5,-157.0,-149.5,-151.5,-152.5,-155.0,-153.5,-157.0,-152.5,-156.5,-157.0,-157.0,-156.5,-153.0,-157.0,-156.0,-155.5,-152.5,-153.0,-155.0,-156.0,-153.5,-154.5,-157.0,-155.0,-156.5,-157.0,-155.5,-154.0,-153.5,-157.0,-155.5,-157.0,-156.0,-155.0,-153.5,-152.5,-157.0,-157.0,-154.0,-153.0,-149.5,-148.5,-153.5,-151.0,-154.0,-154.0,-154.5,-157.0,-154.5,-152.5,-149.5,-154.0,-157.0,-157.0,-157.0,-156.5,-156.0,-156.5,-157.0,-157.0,-153.5,-151.0,-157.0,-153.5,-154.5,-151.0,-157.0,-154.5,-152.5,-157.0,-157.0,-157.0,-157.0,-154.0,-149.0,-149.0,-152.0,-157.0,-157.0,-157.0,-152.0,-154.0,-154.0,-157.0,-156.5,-156.0,-157.0,-157.0,-155.5,-157.0,-156.0,-155.5,-157.0,-154.0,-153.0,-153.5,-157.0,-154.5,-156.5,-157.0,-156.0,-154.0,-154.5,-157.0,-156.5,-157.0,-157.0,-155.0,-157.0,-157.0,-157.0,-157.0,-157.0,-155.5,-155.0,-157.0,-150.5,-157.0,-157.0,-156.0,-154.0,-154.0,-157.0,-157.0,-157.0,-157.0,-156.0,-150.0,-153.0,-155.5,-156.0,-152.0,-155.0,-154.5,-155.0,-152.5,-157.0,-155.5,-152.5,-157.0,-157.0,-157.0,-157.0,-156.0,-154.5,-157.0,-156.0,-153.5,-157.0,-156.0,-157.0,-156.5,-154.5,-154.0,-153.5,-153.0,-156.5,-157.0,-150.5,-147.0,-153.5,-157.0,-157.0,-157.0,-153.0,-157.0,-153.5,-149.0,-150.5,-157.0,-152.0,-152.0,-156.5,-155.5,-157.0,-157.0,-157.0,-157.0,-157.0,-157.0,-157.0,-157.0,-157.0,-157.0,-151.5,-154.5,-156.0,-157.0,-157.0,-154.5,-154.0,-157.0,-157.0,-153.5,-157.0,-156.5,-157.0,-157.0,-154.5,-156.5,-157.0,-152.5,-155.0,-155.0,-153.0,-154.5,-157.0,-157.0,-157.0,-157.0,-157.0,-155.5,-153.5,-155.0,-157.0,-156.0,-156.5,-155.5,-156.5,-149.0,-148.0,-157.0,-157.0,-156.5,-155.5,-156.5,-157.0,-155.0,-151.5,-155.0,-157.0,-154.5,-157.0,-156.0,-154.0,-157.0,-157.0,-154.5,-156.5,-154.0,-157.0,-155.0,-157.0,-156.5,-157.0,-157.0,-155.5,-156.5,-153.5,-151.5,-156.0,-153.0,-155.0,-156.0,-153.5,-157.0,-157.0,-155.0,-157.0,-157.0,-157.0,-157.0,-156.0,-156.5,-157.0,-155.0,-157.0,-150.5,-150.5,-156.5,-157.0,-157.0,-154.5,-157.0,-157.0,-153.0,-156.5,-157.0,-155.0,-157.0,-157.0,-157.0,-152.5,-151.0,-152.5,-157.0,-148.0,-150.5,-157.0,-157.0,-157.0,-157.0,-157.0,-157.0,-155.0,-147.0,-147.5,-157.0,-157.0,-157.0,-157.0,-156.5,-156.0,-152.5,-157.0,-157.0,-151.5,-152.5,-157.0,-153.5,-157.0,-149.0,-150.0,-156.5,-156.5,-157.0,-156.5,-151.0,-151.0,-155.0,-155.5,-155.5,-155.0,-156.0,-156.5,-155.5,-157.0,-157.0,-157.0,-157.0,-151.5,-157.0,-154.5,-152.5,-151.5,-154.5,-152.0,-156.0,-157.0,-155.5,-157.0,-157.0,-151.5,-150.5,-151.0,-157.0,-155.5,-157.0,-157.0,-157.0,-154.0,-154.5,-154.5,-157.0,-157.0,-157.0,-155.5,-157.0,-153.0,-157.0,-152.5,-154.0,-157.0,-157.0,-157.0,-155.0,-152.5,-152.0,-157.0,-157.0,-157.0,-155.0,-157.0,-157.0,-157.0,-157.0,-156.5,-154.0,-155.5,-157.0,-157.0,-154.5,-157.0,-157.0,-157.0,-157.0,-157.0,-157.0,-157.0,-157.0,-157.0,-157.0,-155.0,-157.0,-152.5,-155.5,-157.0,-151.5,-154.5,-157.0,-157.0
2026-01-17 14:13:43.667,143.049967,5,-77,-157.0,-157.0,-157.0,-157.0,-157.0,-154.5,-155.5,-154.0,-155.5,-151.5,-154.5,-157.0,-157.0,-157.0,-156.0,-154.0,-154.5,-156.0,-157.0,-155.5,-151.5,-153.5,-150.5,-157.0,-157.0,-157.0,-152.5,-151.5,-157.0,-157.0,-157.0,-157.0,-157.0,-157.0,-153.5,-151.0,-157.0,-155.0,-154.5,-156.0,-153.0,-155.5,-157.0,-157.0,-156.5,-155.5,-155.0,-157.0,-155.0,-156.0,-152.5,-151.0,-157.0,-157.0,-157.0,-157.0,-155.0,-153.0,-155.0,-152.5,-152.0,-157.0,-154.5,-152.5,-157.0,-157.0,-157.0,-153.5,-154.0,-156.5,-156.0,-152.5,-154.5,-155.0,-155.5,-149.5,-151.5,-154.5,-157.0,-155.5,-157.0,-155.0,-157.0,-157.0,-157.0,-157.0,-154.0,-155.5,-155.5,-153.0,-156.5,-155.5,-157.0,-154.0,-152.0,-157.0,-154.0,-153.5,-157.0,-157.0,-153.5,-154.0,-154.5,-156.5,-155.0,-157.0,-153.5,-152.5,-153.5,-152.5,-152.0,-152.5,-157.0,-155.5,-152.0,-153.0,-157.0,-151.5,-153.5,-154.5,-154.0,-155.0,-154.0,-150.5,-148.5,-157.0,-157.0,-155.5,-157.0,-157.0,-157.0,-157.0,-157.0,-157.0,-153.0,-149.5,-157.0,-157.0,-157.0,-155.5,-157.0,-157.0,-155.5,-155.5,-157.0,-157.0,-157.0,-155.0,-153.5,-155.5,-154.0,-157.0,-157.0,-157.0,-155.5,-154.0,-153.5,-157.0,-157.0,-156.5,-157.0,-153.5,-150.5,-151.5,-153.0,-156.0,-157.0,-157.0,-154.5,-157.0,-157.0,-157.0,-156.0,-157.0,-157.0,-152.0,-152.0,-155.5,-157.0,-156.0,-155.5,-154.0,-157.0,-157.0,-157.0,-157.0,-157.0,-155.5,-152.5,-150.0,-150.5,-157.0,-157.0,-155.5,-155.5,-154.0,-157.0,-157.0,-157.0,-157.0,-157.0,-151.5,-156.5,-157.0,-157.0,-150.5,-152.0,-152.5,-155.5,-153.0,-154.5,-151.5,-153.0,-157.0,-157.0,-157.0,-156.0,-155.5,-152.0,-153.5,-157.0,-157.0,-157.0,-157.0,-157.0,-157.0,-154.0,-157.0,-157.0,-155.0,-155.5,-157.0,-155.5,-151.5,-157.0,-157.0,-157.0,-157.0,-152.5,-157.0,-157.0,-156.0,-157.0,-157.0,-153.0,-151.5,-156.0,-152.5,-156.5,-157.0,-157.0,-157.0,-157.0,-156.0,-157.0,-155.5,-157.0,-156.0,-153.0,-155.5,-156.0,-157.0,-156.5,-151.5,-152.5,-157.0,-157.0,-152.5,-155.5,-157.0,-157.0,-156.0,-154.0,-157.0,-157.0,-152.0,-153.5,-157.0,-151.0,-151.0,-153.0,-155.5,-157.0,-157.0,-157.0,-157.0,-155.0,-154.5,-157.0,-157.0,-157.0,-156.0,-157.0,-153.0,-151.5,-153.0,-157.0,-157.0,-156.0,-157.0,-154.5,-154.0,-156.5,-157.0,-157.0,-155.5,-157.0,-155.0,-151.5,-155.5,-157.0,-154.5,-157.0,-157.0,-157.0,-152.5,-155.0,-154.0,-155.0,-157.0,-157.0,-157.0,-157.0,-155.5,-157.0,-150.5,-151.5,-154.5,-155.5,-157.0,-157.0,-154.5,-156.0,-157.0,-157.0,-157.0,-157.0,-157.0,-156.5,-155.0,-157.0,-151.0,-154.0,-157.0,-157.0,-157.0,-153.0,-157.0,-157.0,-155.5,-157.0,-157.0,-153.0,-151.5,-155.0,-157.0,-150.0,-149.0,-157.0,-155.0,-153.0,-150.0,-156.5,-157.0,-157.0,-157.0,-157.0,-157.0,-152.5,-146.5,-152.0,-157.0,-157.0,-157.0,-157.0,-157.0,-153.0,-150.5,-152.0,-157.0,-156.5,-154.0,-157.0,-153.0,-154.5,-150.5,-154.0,-155.0,-157.0,-155.0,-152.5,-156.0,-152.5,-156.0,-157.0,-157.0,-154.5,-154.0,-157.0,-156.5,-157.0,-157.0,-157.0,-154.0,-152.5,-152.0,-155.5,-155.5,-154.5,-157.0,-154.5,-157.0,-157.0,-152.5,-152.5,-155.5,-149.5,-150.5,-157.0,-156.0,-157.0,-157.0,-157.0,-157.0,-156.0,-156.0,-154.0,-157.0,-157.0,-151.0,-151.0,-155.5,-151.0,-155.5,-153.5,-157.0,-157.0,-155.0,-154.5,-157.0,-157.0,-155.5,-157.0,-156.5,-155.5,-152.0,-153.5,-152.5,-155.0,-157.0,-157.0,-157.0,-157.0,-157.0,-157.0,-157.0,-157.0,-157.0,-157.0,-157.0,-157.0,-157.0,-157.0,-155.0,-157.0,-157.0,-156.5,-157.0,-152.5,-154.0,-157.0,-153.0,-157.0,-156.5,-151.5
2026-01-17 14:13:43.698,143.049967,5,-77,-157.0,-157.0,-156.0,-155.5,-156.0,-154.5,-153.5,-152.0,-157.0,-152.5,-156.0,-155.0,-154.0,-157.0,-157.0,-156.5,-154.5,-153.0,-157.0,-151.5,-151.5,-151.5,-151.5,-157.0,-157.0,-155.0,-153.0,-157.0,-153.5,-154.5,-157.0,-157.0,-155.0,-157.0,-157.0,-152.5,-153.0,-155.0,-151.5,-152.5,-151.0,-156.0,-157.0,-157.0,-153.5,-152.5,-153.0,-157.0,-156.0,-154.0,-156.5,-153.5,-157.0,-157.0,-157.0,-157.0,-151.5,-152.5,-151.5,-155.5,-156.0,-156.0,-157.0,-155.5,-157.0,-157.0,-157.0,-152.0,-153.0,-157.0,-154.5,-154.5,-153.5,-157.0,-157.0,-153.5,-154.0,-154.5,-155.5,-157.0,-157.0,-157.0,-157.0,-157.0,-157.0,-156.0,-156.0,-156.0,-157.0,-153.5,-152.0,-155.0,-157.0,-157.0,-155.5,-157.0,-154.5,-153.5,-157.0,-155.5,-153.0,-157.0,-157.0,-156.0,-152.5,-154.5,-152.5,-155.5,-152.5,-155.0,-153.5,-152.5,-157.0,-156.5,-156.5,-156.5,-157.0,-156.5,-156.5,-157.0,-157.0,-155.0,-157.0,-154.0,-151.0,-155.0,-157.0,-154.0,-157.0,-157.0,-156.0,-157.0,-153.5,-155.5,-150.0,-147.5,-156.0,-157.0,-157.0,-157.0,-156.0,-157.0,-157.0,-157.0,-157.0,-156.0,-157.0,-156.0,-156.0,-154.0,-156.5,-157.0,-152.5,-153.5,-157.0,-155.0,-155.0,-157.0,-157.0,-157.0,-157.0,-152.5,-150.0,-151.5,-155.5,-155.5,-157.0,-157.0,-157.0,-157.0,-157.0,-157.0,-157.0,-157.0,-157.0,-156.5,-151.5,-152.0,-155.5,-157.0,-153.0,-156.0,-157.0,-155.0,-155.5,-155.0,-157.0,-157.0,-154.5,-151.5,-151.5,-157.0,-157.0,-157.0,-157.0,-153.5,-156.5,-157.0,-157.0,-156.0,-155.0,-155.5,-156.5,-157.0,-154.5,-156.0,-154.5,-150.0,-152.0,-157.0,-152.5,-153.5,-156.0,-157.0,-157.0,-156.0,-157.0,-154.0,-152.0,-154.0,-157.0,-156.5,-157.0,-157.0,-157.0,-157.0,-153.0,-155.5,-157.0,-157.0,-156.0,-157.0,-157.0,-156.0,-155.0,-153.0,-153.5,-154.0,-151.5,-157.0,-157.0,-157.0,-157.0,-157.0,-155.5,-154.5,-154.0,-154.0,-156.0,-157.0,-157.0,-157.0,-157.0,-156.5,-156.5,-156.5,-157.0,-155.0,-155.5,-156.0,-154.5,-157.0,-153.5,-151.5,-151.0,-152.5,-157.0,-153.5,-156.0,-157.0,-157.0,-157.0,-153.5,-157.0,-157.0,-156.5,-157.0,-156.5,-152.5,-156.0,-154.5,-157.0,-154.5,-154.5,-157.0,-157.0,-155.5,-154.5,-154.0,-156.0,-154.5,-154.5,-155.5,-155.5,-154.5,-153.5,-157.0,-157.0,-157.0,-152.5,-153.0,-152.5,-157.0,-157.0,-156.0,-157.0,-157.0,-152.5,-150.0,-154.5,-157.0,-150.5,-154.0,-157.0,-157.0,-153.5,-154.5,-156.0,-151.0,-152.0,-153.5,-154.5,-157.0,-157.0,-154.0,-155.5,-157.0,-157.0,-156.5,-157.0,-157.0,-157.0,-155.0,-157.0,-155.5,-154.0,-155.0,-157.0,-157.0,-153.0,-155.5,-153.0,-157.0,-156.0,-154.5,-157.0,-149.5,-151.0,-157.0,-157.0,-157.0,-157.0,-154.0,-151.5,-153.5,-157.0,-153.0,-152.5,-154.0,-155.5,-157.0,-150.0,-154.0,-157.0,-157.0,-157.0,-156.5,-153.5,-149.5,-146.5,-156.5,-156.5,-157.0,-157.0,-157.0,-157.0,-156.0,-156.0,-155.0,-156.5,-157.0,-156.0,-157.0,-152.0,-152.0,-153.0,-157.0,-156.0,-157.0,-153.0,-153.0,-157.0,-156.5,-156.5,-157.0,-155.0,-152.5,-154.5,-156.0,-155.5,-157.0,-152.5,-157.0,-153.5,-155.0,-151.5,-157.0,-157.0,-157.0,-157.0,-157.0,-155.5,-156.0,-156.0,-152.5,-153.5,-150.5,-150.0,-157.0,-153.5,-153.5,-157.0,-157.0,-157.0,-156.5,-155.5,-154.5,-153.0,-155.5,-150.0,-153.0,-152.5,-152.5,-157.0,-155.5,-157.0,-157.0,-154.5,-154.0,-157.0,-155.0,-156.5,-157.0,-155.0,-155.0,-151.5,-152.5,-151.0,-157.0,-157.0,-157.0,-157.0,-157.0,-157.0,-157.0,-157.0,-157.0,-157.0,-154.0,-153.5,-157.0,-157.0,-157.0,-156.0,-157.0,-157.0,-156.0,-157.0,-157.0,-157.0,-157.0,-156.0,-157.0,-154.5,-153.5
2026-01-17 14:13:43.730,143.049967,5,-77,-157.0,-157.0,-157.0,-157.0,-156.0,-156.5,-152.0,-152.0,-156.5,-153.0,-155.5,-149.5,-150.5,-155.5,-154.5,-155.0,-157.0,-151.5,-151.5,-155.5,-153.5,-152.0,-156.0,-157.0,-156.0,-152.5,-157.0,-153.5,-151.5,-156.5,-157.0,-155.0,-152.0,-155.0,-157.0,-157.0,-155.0,-153.5,-153.0,-153.0,-151.5,-151.5,-152.5,-157.0,-153.0,-153.5,-157.0,-156.0,-156.0,-156.0,-156.0,-154.0,-157.0,-157.0,-157.0,-156.5,-150.5,-153.5,-149.5,-157.0,-157.0,-157.0,-157.0,-157.0,-157.0,-157.0,-157.0,-154.5,-154.5,-155.5,-154.5,-155.0,-156.0,-157.0,-157.0,-154.5,-152.0,-156.5,-157.0,-157.0,-155.5,-156.5,-153.5,-153.0,-157.0,-154.0,-154.5,-154.0,-157.0,-157.0,-152.5,-157.0,-157.0,-157.0,-156.0,-157.0,-157.0,-157.0,-156.5,-155.5,-154.5,-157.0,-157.0,-153.0,-153.0,-154.0,-157.0,-155.0,-151.0,-155.0,-154.0,-155.5,-157.0,-154.5,-157.0,-157.0,-157.0,-157.0,-157.0,-157.0,-157.0,-157.0,-157.0,-157.0,-151.5,-152.0,-156.0,-154.5,-157.0,-157.0,-155.5,-157.0,-155.0,-156.0,-155.0,-148.0,-151.5,-157.0,-157.0,-157.0,-154.5,-156.5,-157.0,-157.0,-157.0,-154.0,-152.5,-154.5,-151.0,-155.5,-157.0,-157.0,-153.0,-155.0,-157.0,-153.5,-156.5,-155.5,-157.0,-157.0,-153.0,-152.5,-153.0,-156.5,-157.0,-154.0,-152.5,-155.0,-156.5,-157.0,-154.5,-153.0,-157.0,-157.0,-154.5,-153.5,-154.0,-157.0,-156.0,-155.5,-154.5,-157.0,-155.5,-156.0,-151.5,-154.5,-155.5,-155.5,-157.0,-157.0,-150.0,-151.5,-153.5,-155.0,-157.0,-154.5,-157.0,-156.0,-157.0,-153.0,-155.0,-154.0,-156.0,-157.0,-156.0,-157.0,-153.0,-149.5,-153.5,-157.0,-156.0,-157.0,-157.0,-154.5,-157.0,-155.5,-157.0,-155.5,-157.0,-157.0,-154.0,-152.5,-157.0,-157.0,-157.0,-156.5,-152.5,-152.0,-157.0,-154.0,-156.5,-156.0,-157.0,-152.5,-151.0,-152.0,-151.5,-151.5,-149.5,-154.5,-156.0,-153.0,-153.0,-151.5,-155.0,-157.0,-157.0,-157.0,-155.5,-157.0,-157.0,-157.0,-157.0,-157.0,-157.0,-155.5,-157.0,-157.0,-157.0,-157.0,-154.5,-157.0,-153.0,-157.0,-151.5,-153.0,-157.0,-155.5,-157.0,-157.0,-156.0,-154.5,-154.0,-157.0,-157.0,-157.0,-157.0,-152.5,-155.0,-157.0,-157.0,-157.0,-157.0,-157.0,-157.0,-157.0,-155.0,-156.5,-156.0,-153.0,-150.5,-152.0,-150.5,-157.0,-156.5,-157.0,-157.0,-156.5,-157.0,-151.0,-154.0,-151.5,-153.5,-153.5,-157.0,-155.5,-153.5,-153.5,-154.0,-152.5,-152.5,-150.0,-152.5,-156.5,-157.0,-156.5,-157.0,-156.5,-151.0,-151.5,-153.5,-154.0,-157.0,-157.0,-153.5,-157.0,-157.0,-157.0,-152.5,-154.5,-157.0,-157.0,-156.5,-157.0,-152.5,-153.5,-151.0,-157.0,-156.0,-153.5,-157.0,-155.5,-157.0,-154.5,-154.0,-156.5,-150.5,-151.0,-157.0,-157.0,-155.0,-157.0,-157.0,-157.0,-152.5,-154.0,-155.0,-152.0,-153.5,-157.0,-157.0,-151.5,-154.5,-157.0,-157.0,-157.0,-154.5,-150.0,-149.0,-150.5,-156.5,-154.0,-156.5,-157.0,-157.0,-157.0,-157.0,-157.0,-157.0,-156.0,-157.0,-155.5,-155.0,-152.5,-152.5,-153.5,-157.0,-157.0,-157.0,-156.0,-157.0,-157.0,-157.0,-155.5,-157.0,-155.0,-152.5,-155.5,-157.0,-153.0,-149.0,-148.0,-157.0,-151.5,-153.0,-154.0,-157.0,-157.0,-157.0,-157.0,-157.0,-151.5,-152.0,-157.0,-156.0,-154.0,-153.5,-149.5,-154.0,-154.0,-153.0,-154.5,-156.5,-157.0,-156.5,-155.0,-157.0,-155.0,-157.0,-151.5,-155.5,-152.0,-157.0,-157.0,-156.5,-157.0,-157.0,-157.0,-156.5,-157.0,-153.0,-153.5,-157.0,-157.0,-154.5,-154.0,-153.0,-152.0,-157.0,-157.0,-157.0,-157.0,-157.0,-157.0,-157.0,-157.0,-157.0,-157.0,-154.5,-153.5,-157.0,-157.0,-157.0,-157.0,-157.0,-157.0,-153.5,-155.5,-155.0,-155.5,-156.0,-155.5,-157.0,-155.0,-157.0
2026-01-17 14:13:43.767,143.049967,5,-77,-157.0,-157.0,-157.0,-157.0,-155.0,-153.5,-155.0,-155.0,-156.0,-154.0,-157.0,-151.0,-152.5,-151.0,-150.0,-152.0,-157.0,-154.0,-152.5,-157.0,-153.0,-151.5,-157.0,-157.0,-155.5,-152.5,-153.0,-153.5,-156.0,-157.0,-152.5,-151.5,-155.0,-156.5,-156.5,-157.0,-157.0,-154.5,-157.0,-157.0,-157.0,-154.0,-152.0,-157.0,-155.5,-156.0,-157.0,-154.5,-157.0,-157.0,-155.0,-155.0,-157.0,-157.0,-157.0,-157.0,-153.5,-153.0,-150.0,-157.0,-157.0,-157.0,-156.0,-156.5,-157.0,-157.0,-157.0,-157.0,-157.0,-154.0,-156.5,-157.0,-157.0,-157.0,-157.0,-151.5,-150.5,-154.5,-157.0,-157.0,-155.0,-154.5,-150.5,-150.5,-155.5,-152.5,-152.5,-153.0,-157.0,-157.0,-152.0,-153.5,-157.0,-157.0,-155.0,-157.0,-157.0,-157.0,-156.0,-157.0,-157.0,-157.0,-157.0,-153.0,-156.0,-157.0,-157.0,-153.5,-149.5,-151.0,-152.0,-157.0,-153.5,-154.0,-152.0,-155.0,-157.0,-157.0,-157.0,-157.0,-157.0,-157.0,-155.0,-157.0,-153.5,-152.5,-152.5,-152.5,-155.5,-157.0,-157.0,-157.0,-157.0,-157.0,-152.5,-150.0,-154.0,-156.5,-157.0,-157.0,-156.5,-157.0,-157.0,-155.0,-154.5,-155.5,-149.5,-154.5,-151.0,-152.5,-157.0,-154.5,-152.5,-157.0,-157.0,-154.0,-151.5,-151.0,-157.0,-157.0,-153.5,-157.0,-157.0,-157.0,-157.0,-157.0,-152.5,-154.0,-154.5,-156.0,-157.0,-151.0,-153.0,-157.0,-156.0,-155.5,-157.0,-157.0,-157.0,-156.0,-157.0,-157.0,-156.0,-157.0,-152.0,-154.5,-152.0,-155.5,-157.0,-157.0,-150.0,-150.0,-149.0,-148.5,-156.0,-152.0,-153.5,-157.0,-157.0,-155.5,-157.0,-152.5,-154.5,-157.0,-157.0,-155.5,-151.0,-153.0,-157.0,-157.0,-157.0,-157.0,-157.0,-152.5,-152.5,-157.0,-157.0,-154.5,-157.0,-157.0,-151.5,-151.0,-157.0,-157.0,-156.0,-152.5,-151.0,-152.5,-155.5,-153.5,-157.0,-156.0,-156.5,-153.0,-153.5,-155.0,-152.0,-152.5,-148.5,-157.0,-150.0,-149.5,-154.5,-150.5,-154.5,-157.0,-157.0,-157.0,-154.5,-157.0,-157.0,-157.0,-157.0,-157.0,-157.0,-155.5,-157.0,-157.0,-156.0,-157.0,-151.5,-153.5,-154.5,-157.0,-157.0,-156.0,-153.5,-157.0,-157.0,-157.0,-153.0,-151.0,-157.0,-157.0,-157.0,-155.5,-156.5,-155.0,-157.0,-154.0,-156.0,-152.0,-154.5,-153.5,-152.0,-156.0,-154.5,-156.5,-157.0,-150.5,-151.0,-149.5,-150.0,-157.0,-157.0,-157.0,-157.0,-154.0,-154.5,-150.0,-153.0,-150.0,-151.5,-155.0,-157.0,-154.5,-151.0,-151.0,-153.0,-151.5,-152.0,-153.0,-157.0,-155.0,-155.0,-157.0,-157.0,-154.5,-157.0,-152.5,-155.5,-156.5,-155.5,-156.5,-155.5,-154.0,-152.5,-157.0,-153.0,-151.0,-154.5,-157.0,-157.0,-155.5,-156.0,-153.5,-151.0,-157.0,-157.0,-157.0,-157.0,-157.0,-157.0,-155.5,-156.0,-157.0,-154.5,-153.5,-157.0,-155.5,-153.0,-156.0,-157.0,-157.0,-153.0,-157.0,-157.0,-151.5,-153.0,-153.5,-157.0,-154.0,-154.5,-157.0,-156.0,-157.0,-157.0,-148.0,-148.0,-155.5,-156.5,-155.0,-157.0,-157.0,-153.0,-154.5,-157.0,-157.0,-157.0,-156.0,-157.0,-152.5,-151.5,-157.0,-156.5,-154.5,-155.0,-157.0,-157.0,-157.0,-157.0,-157.0,-156.5,-155.5,-157.0,-157.0,-157.0,-157.0,-157.0,-157.0,-148.0,-148.5,-151.5,-152.0,-157.0,-157.0,-157.0,-157.0,-154.5,-156.5,-157.0,-152.5,-153.0,-157.0,-157.0,-157.0,-156.0,-152.0,-157.0,-156.5,-153.5,-153.5,-155.5,-157.0,-157.0,-157.0,-157.0,-157.0,-157.0,-154.0,-153.0,-152.0,-157.0,-154.0,-155.0,-157.0,-157.0,-157.0,-157.0,-153.5,-151.0,-151.0,-153.0,-157.0,-155.5,-155.5,-157.0,-153.0,-157.0,-157.0,-157.0,-156.5,-157.0,-157.0,-157.0,-157.0,-156.5,-157.0,-157.0,-157.0,-157.0,-157.0,-157.0,-157.0,-157.0,-157.0,-149.0,-149.5,-155.5,-157.0,-156.5,-156.0,-157.0,-157.0,-157.0
2026-01-17 14:13:43.798,143.049967,5,-77,-157.0,-157.0,-157.0,-157.0,-155.5,-153.0,-153.5,-157.0,-157.0,-157.0,-157.0,-157.0,-154.5,-152.5,-154.0,-156.5,-157.0,-157.0,-154.0,-154.0,-156.5,-157.0,-157.0,-157.0,-157.0,-155.5,-154.0,-155.0,-157.0,-156.5,-153.0,-150.0,-155.0,-157.0,-157.0,-157.0,-157.0,-157.0,-157.0,-157.0,-157.0,-157.0,-157.0,-157.0,-157.0,-157.0,-157.0,-155.5,-157.0,-157.0,-154.5,-157.0,-157.0,-153.0,-155.0,-157.0,-157.0,-152.5,-154.0,-157.0,-157.0,-157.0,-156.0,-154.5,-156.5,-154.5,-155.0,-157.0,-157.0,-157.0,-157.0,-157.0,-157.0,-157.0,-157.0,-154.0,-154.5,-154.0,-157.0,-157.0,-155.0,-154.5,-152.0,-153.5,-155.0,-153.0,-152.5,-155.0,-157.0,-157.0,-152.5,-153.0,-157.0,-157.0,-157.0,-156.0,-157.0,-157.0,-157.0,-157.0,-155.5,-155.5,-154.0,-156.5,-157.0,-157.0,-157.0,-157.0,-153.0,-149.5,-150.0,-154.0,-152.5,-157.0,-154.0,-154.0,-157.0,-155.0,-155.0,-157.0,-157.0,-157.0,-153.5,-156.0,-154.0,-152.0,-155.0,-152.0,-151.5,-153.5,-157.0,-157.0,-157.0,-157.0,-150.5,-152.5,-151.5,-151.0,-155.0,-157.0,-156.0,-157.0,-156.0,-154.0,-152.5,-155.0,-149.5,-154.5,-154.5,-150.0,-155.5,-152.5,-150.5,-154.0,-157.0,-152.0,-151.5,-152.5,-153.5,-156.5,-155.5,-157.0,-157.0,-157.0,-157.0,-157.0,-157.0,-157.0,-157.0,-157.0,-157.0,-150.0,-151.5,-157.0,-157.0,-157.0,-157.0,-157.0,-157.0,-157.0,-157.0,-157.0,-157.0,-155.5,-157.0,-157.0,-149.5,-152.0,-157.0,-157.0,-156.5,-155.5,-150.5,-148.5,-151.5,-156.5,-154.0,-157.0,-157.0,-155.5,-157.0,-156.0,-155.5,-157.0,-157.0,-153.0,-151.0,-153.0,-155.0,-156.5,-155.0,-157.0,-157.0,-155.5,-155.5,-157.0,-157.0,-156.0,-157.0,-157.0,-151.5,-153.0,-154.0,-157.0,-157.0,-152.0,-154.0,-156.0,-157.0,-155.0,-156.0,-151.0,-149.0,-156.5,-157.0,-153.0,-151.0,-151.0,-149.5,-157.0,-151.0,-150.5,-157.0,-153.5,-154.5,-155.0,-157.0,-156.5,-156.0,-157.0,-157.0,-157.0,-157.0,-154.5,-156.0,-157.0,-157.0,-157.0,-154.0,-156.5,-151.5,-153.0,-157.0,-156.5,-157.0,-155.0,-152.5,-156.5,-154.5,-155.5,-155.0,-152.0,-153.0,-156.0,-157.0,-152.5,-152.5,-152.5,-155.0,-153.5,-157.0,-150.0,-151.5,-153.0,-151.5,-153.0,-153.5,-155.5,-157.0,-150.5,-155.5,-153.0,-157.0,-156.0,-157.0,-157.0,-157.0,-157.0,-157.0,-149.5,-152.5,-152.5,-156.0,-157.0,-157.0,-156.0,-157.0,-152.5,-155.5,-151.0,-156.0,-153.0,-155.0,-155.0,-155.5,-157.0,-157.0,-155.5,-157.0,-155.0,-157.0,-157.0,-156.0,-157.0,-157.0,-157.0,-151.0,-154.0,-157.0,-151.0,-153.5,-157.0,-157.0,-157.0,-157.0,-155.5,-154.5,-157.0,-157.0,-157.0,-157.0,-157.0,-156.0,-156.0,-157.0,-155.5,-156.0,-157.0,-157.0,-157.0,-155.5,-154.5,-154.0,-154.5,-155.5,-157.0,-153.5,-154.0,-152.5,-152.0,-155.5,-155.5,-157.0,-157.0,-157.0,-157.0,-155.5,-152.0,-150.0,-153.0,-157.0,-157.0,-157.0,-157.0,-150.5,-156.0,-157.0,-157.0,-157.0,-157.0,-154.0,-152.0,-154.5,-154.0,-157.0,-157.0,-157.0,-155.0,-157.0,-157.0,-157.0,-157.0,-154.0,-157.0,-157.0,-156.0,-154.0,-156.5,-157.0,-157.0,-152.0,-154.0,-151.5,-154.0,-157.0,-156.5,-154.0,-155.0,-155.5,-157.0,-157.0,-157.0,-155.5,-157.0,-157.0,-156.5,-157.0,-156.5,-157.0,-152.5,-154.0,-157.0,-157.0,-157.0,-152.5,-153.0,-157.0,-157.0,-156.0,-156.0,-157.0,-153.5,-157.0,-155.0,-155.0,-157.0,-157.0,-157.0,-157.0,-150.0,-148.5,-148.5,-155.0,-157.0,-157.0,-157.0,-157.0,-154.0,-157.0,-157.0,-157.0,-154.0,-157.0,-157.0,-157.0,-157.0,-153.5,-157.0,-155.5,-157.0,-157.0,-157.0,-157.0,-157.0,-156.5,-157.0,-150.0,-149.5,-157.0,-157.0,-157.0,-157.0,-157.0,-157.0,-154.5
2026-01-17 14:13:43.834,143.049967,5,-77,-157.0,-157.0,-155.0,-156.0,-156.5,-155.5,-157.0,-153.5,-153.5,-157.0,-157.0,-157.0,-152.5,-156.5,-157.0,-157.0,-157.0,-157.0,-155.0,-155.5,-157.0,-157.0,-157.0,-155.0,-157.0,-157.0,-157.0,-157.0,-157.0,-156.0,-157.0,-152.0,-156.5,-155.5,-157.0,-153.5,-153.5,-157.0,-156.0,-157.0,-157.0,-156.0,-157.0,-157.0,-157.0,-157.0,-157.0,-154.0,-157.0,-155.5,-150.5,-155.5,-157.0,-151.5,-152.0,-157.0,-157.0,-154.0,-156.5,-157.0,-157.0,-157.0,-157.0,-156.0,-157.0,-150.5,-153.5,-156.5,-157.0,-157.0,-157.0,-157.0,-157.0,-157.0,-157.0,-157.0,-157.0,-156.0,-154.0,-152.0,-155.0,-157.0,-157.0,-157.0,-156.0,-155.0,-154.0,-156.5,-157.0,-156.5,-157.0,-157.0,-157.0,-157.0,-157.0,-157.0,-157.0,-157.0,-157.0,-157.0,-153.5,-154.5,-157.0,-154.0,-157.0,-157.0,-157.0,-157.0,-157.0,-154.5,-151.5,-157.0,-156.0,-155.5,-156.0,-154.0,-157.0,-156.0,-157.0,-157.0,-157.0,-153.5,-153.0,-157.0,-153.0,-152.0,-157.0,-157.0,-151.0,-154.5,-157.0,-157.0,-157.0,-157.0,-154.0,-157.0,-153.0,-153.0,-157.0,-157.0,-152.0,-152.5,-154.0,-157.0,-154.0,-157.0,-148.0,-151.5,-153.5,-148.5,-153.0,-153.0,-152.5,-157.0,-157.0,-153.0,-157.0,-157.0,-153.5,-153.0,-155.5,-157.0,-157.0,-157.0,-157.0,-157.0,-157.0,-157.0,-157.0,-157.0,-155.0,-152.0,-155.5,-157.0,-157.0,-156.0,-157.0,-157.0,-157.0,-157.0,-157.0,-157.0,-157.0,-157.0,-157.0,-157.0,-149.0,-150.5,-155.0,-155.5,-157.0,-157.0,-156.5,-154.5,-154.0,-157.0,-157.0,-154.5,-157.0,-152.5,-151.0,-157.0,-157.0,-157.0,-157.0,-155.5,-156.0,-154.0,-152.5,-154.0,-155.5,-157.0,-157.0,-157.0,-157.0,-157.0,-154.5,-157.0,-156.5,-156.0,-153.5,-153.0,-152.0,-157.0,-157.0,-153.0,-156.0,-157.0,-157.0,-156.5,-154.0,-150.0,-148.0,-153.5,-157.0,-157.0,-150.5,-156.0,-152.0,-156.5,-154.5,-155.5,-157.0,-154.5,-154.5,-152.5,-157.0,-157.0,-157.0,-157.0,-157.0,-157.0,-156.0,-157.0,-156.5,-157.0,-157.0,-157.0,-154.5,-157.0,-157.0,-155.5,-157.0,-150.5,-150.5,-154.5,-154.5,-157.0,-157.0,-157.0,-157.0,-157.0,-153.0,-157.0,-154.5,-150.0,-151.0,-149.0,-148.0,-153.5,-157.0,-152.0,-155.5,-156.5,-154.0,-157.0,-151.0,-154.0,-157.0,-152.5,-155.5,-156.5,-157.0,-156.0,-157.0,-157.0,-157.0,-157.0,-157.0,-151.0,-155.0,-157.0,-157.0,-156.5,-156.0,-155.5,-157.0,-154.5,-153.0,-150.5,-157.0,-155.0,-154.5,-153.0,-157.0,-155.5,-157.0,-155.5,-157.0,-156.5,-157.0,-157.0,-157.0,-157.0,-157.0,-157.0,-151.5,-153.0,-157.0,-155.0,-153.0,-157.0,-157.0,-157.0,-157.0,-157.0,-154.5,-155.0,-156.0,-154.5,-157.0,-157.0,-155.5,-157.0,-157.0,-154.0,-157.0,-154.0,-152.5,-157.0,-157.0,-156.0,-152.5,-154.5,-156.0,-153.0,-150.5,-157.0,-154.5,-157.0,-155.0,-157.0,-157.0,-157.0,-157.0,-153.5,-152.0,-152.5,-149.5,-153.0,-157.0,-157.0,-157.0,-157.0,-150.5,-157.0,-157.0,-157.0,-153.5,-157.0,-155.0,-153.0,-155.0,-155.0,-157.0,-155.5,-156.0,-155.0,-157.0,-157.0,-157.0,-156.0,-152.5,-153.0,-157.0,-154.5,-151.5,-154.5,-157.0,-157.0,-157.0,-157.0,-155.5,-155.0,-157.0,-157.0,-154.0,-154.5,-157.0,-157.0,-157.0,-155.0,-153.0,-157.0,-157.0,-153.0,-156.0,-156.0,-152.0,-151.5,-157.0,-157.0,-157.0,-157.0,-153.5,-153.0,-155.5,-157.0,-155.5,-155.0,-157.0,-154.0,-152.5,-157.0,-157.0,-157.0,-154.0,-157.0,-154.5,-153.0,-150.5,-150.5,-155.0,-157.0,-157.0,-156.0,-156.0,-157.0,-157.0,-156.5,-157.0,-153.0,-157.0,-157.0,-157.0,-157.0,-157.0,-151.0,-152.0,-157.0,-157.0,-157.0,-157.0,-151.5,-153.0,-157.0,-154.5,-153.5,-157.0,-156.5,-153.5,-156.5,-154.5,-154.0,-155.5
2026-01-17 14:13:43.866,143.049967,5,-77,-157.0,-157.0,-155.0,-153.0,-153.0,-154.0,-157.0,-153.5,-151.5,-157.0,-157.0,-155.5,-150.5,-154.5,-157.0,-157.0,-157.0,-157.0,-157.0,-157.0,-157.0,-157.0,-157.0,-151.0,-157.0,-157.0,-157.0,-157.0,-157.0,-156.5,-157.0,-156.0,-154.0,-154.5,-157.0,-152.0,-149.5,-155.0,-157.0,-156.0,-157.0,-153.0,-151.5,-157.0,-157.0,-157.0,-156.5,-155.0,-153.0,-150.0,-149.0,-152.5,-157.0,-151.5,-151.5,-157.0,-157.0,-156.5,-154.5,-153.0,-156.0,-155.0,-157.0,-157.0,-157.0,-151.5,-157.0,-153.0,-154.0,-157.0,-156.0,-157.0,-157.0,-157.0,-157.0,-157.0,-157.0,-157.0,-154.5,-150.0,-152.5,-157.0,-157.0,-156.5,-157.0,-155.0,-153.5,-157.0,-157.0,-157.0,-157.0,-157.0,-157.0,-157.0,-157.0,-155.0,-153.5,-157.0,-157.0,-157.0,-152.0,-152.5,-155.5,-152.0,-153.0,-157.0,-157.0,-157.0,-157.0,-157.0,-152.0,-157.0,-157.0,-157.0,-157.0,-152.5,-156.5,-157.0,-157.0,-157.0,-157.0,-153.0,-156.5,-157.0,-156.5,-155.5,-157.0,-157.0,-152.5,-157.0,-157.0,-157.0,-157.0,-157.0,-157.0,-157.0,-154.5,-157.0,-157.0,-157.0,-152.5,-153.5,-156.5,-155.0,-152.0,-155.5,-147.5,-145.5,-149.0,-150.0,-152.0,-154.5,-157.0,-157.0,-157.0,-153.5,-157.0,-157.0,-157.0,-153.0,-157.0,-156.5,-157.0,-157.0,-157.0,-157.0,-157.0,-157.0,-155.5,-157.0,-156.0,-156.5,-157.0,-157.0,-157.0,-156.5,-153.5,-156.5,-157.0,-157.0,-154.5,-156.0,-157.0,-157.0,-157.0,-155.0,-153.0,-152.5,-155.5,-154.0,-156.5,-153.5,-157.0,-157.0,-157.0,-157.0,-157.0,-152.5,-153.0,-155.0,-149.0,-150.5,-155.0,-157.0,-157.0,-157.0,-157.0,-157.0,-151.0,-155.0,-157.0,-157.0,-155.5,-156.5,-156.5,-157.0,-152.5,-155.5,-154.0,-153.0,-157.0,-155.5,-153.0,-155.5,-157.0,-153.0,-154.0,-150.5,-151.5,-157.0,-155.5,-157.0,-150.5,-152.0,-157.0,-157.0,-153.0,-157.0,-152.5,-155.0,-156.0,-157.0,-154.5,-151.5,-153.5,-152.5,-151.5,-153.5,-155.0,-157.0,-157.0,-153.0,-153.5,-157.0,-157.0,-157.0,-157.0,-157.0,-153.5,-154.5,-157.0,-157.0,-157.0,-150.0,-150.5,-153.0,-155.0,-157.0,-157.0,-153.0,-151.0,-157.0,-154.0,-155.5,-157.0,-151.5,-157.0,-151.0,-147.5,-155.5,-155.0,-154.0,-157.0,-157.0,-155.5,-157.0,-150.0,-152.5,-157.0,-154.0,-156.0,-157.0,-155.0,-153.0,-157.0,-157.0,-157.0,-157.0,-157.0,-152.5,-157.0,-157.0,-157.0,-157.0,-154.5,-154.5,-154.5,-155.5,-152.5,-152.5,-157.0,-157.0,-157.0,-151.5,-155.5,-154.5,-155.0,-154.5,-154.0,-152.5,-155.0,-155.5,-151.0,-149.0,-150.0,-155.0,-155.0,-152.5,-157.0,-152.5,-151.0,-157.0,-155.5,-154.0,-157.0,-157.0,-157.0,-155.5,-156.0,-155.0,-157.0,-157.0,-157.0,-157.0,-154.5,-154.0,-157.0,-153.0,-149.5,-155.0,-157.0,-156.5,-157.0,-157.0,-153.0,-153.0,-153.0,-157.0,-156.5,-153.5,-152.0,-157.0,-157.0,-157.0,-157.0,-150.0,-149.5,-155.5,-150.5,-157.0,-155.5,-157.0,-156.5,-152.5,-152.0,-157.0,-157.0,-155.5,-149.5,-152.5,-157.0,-155.0,-154.5,-153.5,-154.5,-154.0,-155.5,-155.5,-157.0,-157.0,-157.0,-154.5,-155.5,-152.5,-157.0,-153.5,-156.0,-157.0,-157.0,-154.0,-157.0,-157.0,-157.0,-155.5,-157.0,-157.0,-156.5,-157.0,-156.5,-157.0,-157.0,-155.0,-151.5,-157.0,-155.0,-153.0,-157.0,-157.0,-152.0,-154.0,-157.0,-157.0,-157.0,-156.5,-157.0,-157.0,-157.0,-155.0,-157.0,-154.5,-157.0,-155.5,-153.0,-155.5,-157.0,-157.0,-151.5,-155.0,-153.0,-156.0,-157.0,-157.0,-157.0,-157.0,-157.0,-153.5,-154.5,-157.0,-157.0,-153.5,-157.0,-152.0,-157.0,-157.0,-157.0,-157.0,-157.0,-150.5,-154.0,-155.5,-155.0,-156.0,-149.5,-148.0,-153.0,-157.0,-154.0,-157.0,-155.0,-157.0,-154.0,-154.5,-149.5,-151.0,-157.0
2026-01-17 14:13:43.900,143.049967,5,-77,-157.0,-157.0,-155.5,-156.0,-157.0,-157.0,-157.0,-154.5,-153.0,-157.0,-157.0,-157.0,-151.0,-154.5,-154.0,-156.5,-157.0,-157.0,-157.0,-157.0,-154.0,-155.0,-152.5,-148.5,-152.0,-157.0,-157.0,-157.0,-157.0,-157.0,-153.0,-154.5,-154.0,-156.5,-157.0,-155.0,-151.0,-154.0,-157.0,-157.0,-157.0,-154.5,-152.0,-157.0,-156.5,-154.0,-155.0,-157.0,-155.5,-153.5,-155.5,-157.0,-154.5,-150.0,-152.5,-155.0,-155.5,-157.0,-154.5,-151.0,-150.5,-156.5,-155.5,-157.0,-157.0,-153.0,-157.0,-154.0,-155.5,-152.0,-152.5,-156.5,-153.5,-153.5,-157.0,-157.0,-155.5,-155.0,-154.5,-154.0,-151.5,-157.0,-157.0,-156.0,-157.0,-157.0,-155.0,-154.5,-156.0,-157.0,-157.0,-157.0,-154.0,-156.0,-157.0,-153.5,-152.5,-154.5,-156.0,-157.0,-156.5,-156.0,-153.0,-152.0,-152.5,-157.0,-157.0,-153.5,-156.0,-156.5,-154.5,-154.5,-156.5,-157.0,-157.0,-152.0,-153.0,-156.0,-157.0,-157.0,-157.0,-156.5,-157.0,-156.5,-157.0,-157.0,-157.0,-157.0,-155.5,-157.0,-157.0,-157.0,-154.5,-156.0,-157.0,-157.0,-157.0,-157.0,-157.0,-157.0,-156.5,-155.5,-157.0,-155.5,-152.5,-153.0,-156.0,-146.5,-152.0,-156.0,-156.0,-157.0,-155.0,-157.0,-154.5,-152.0,-157.0,-157.0,-153.5,-151.0,-157.0,-156.0,-157.0,-157.0,-157.0,-153.5,-156.0,-157.0,-153.5,-157.0,-156.0,-157.0,-157.0,-157.0,-153.5,-155.5,-153.5,-152.0,-154.5,-153.5,-152.5,-153.0,-157.0,-156.5,-157.0,-155.5,-157.0,-157.0,-156.5,-155.0,-155.5,-151.5,-157.0,-156.0,-157.0,-157.0,-157.0,-152.0,-151.5,-155.5,-151.0,-148.5,-151.5,-157.0,-157.0,-157.0,-156.5,-156.5,-153.0,-156.5,-155.5,-153.5,-153.5,-157.0,-154.5,-157.0,-151.5,-157.0,-157.0,-156.0,-157.0,-154.0,-151.5,-155.5,-155.0,-153.5,-157.0,-150.0,-151.5,-157.0,-157.0,-157.0,-157.0,-156.5,-155.5,-157.0,-155.5,-157.0,-155.0,-157.0,-157.0,-157.0,-156.5,-153.5,-156.0,-157.0,-154.0,-151.5,-157.0,-156.0,-155.5,-150.5,-154.0,-157.0,-157.0,-157.0,-157.0,-157.0,-154.5,-153.0,-157.0,-157.0,-157.0,-153.0,-157.0,-156.5,-157.0,-157.0,-157.0,-149.5,-148.0,-157.0,-154.0,-157.0,-154.5,-151.5,-155.0,-153.0,-151.0,-157.0,-154.5,-154.5,-155.0,-157.0,-156.5,-157.0,-153.0,-153.5,-154.5,-152.5,-152.0,-152.5,-152.0,-152.0,-155.0,-157.0,-154.0,-155.5,-156.0,-155.0,-157.0,-157.0,-157.0,-157.0,-157.0,-155.0,-152.0,-151.5,-157.0,-157.0,-157.0,-157.0,-157.0,-153.5,-156.5,-155.5,-151.5,-151.5,-155.5,-152.0,-151.0,-152.0,-149.0,-147.5,-150.0,-157.0,-156.0,-153.0,-157.0,-152.0,-150.0,-156.0,-157.0,-153.0,-157.0,-155.5,-157.0,-157.0,-157.0,-157.0,-157.0,-157.0,-157.0,-157.0,-154.5,-156.0,-157.0,-157.0,-150.5,-150.5,-157.0,-157.0,-157.0,-156.0,-153.5,-153.5,-155.0,-157.0,-155.5,-151.5,-151.5,-157.0,-157.0,-157.0,-157.0,-152.0,-151.0,-153.0,-149.5,-157.0,-155.5,-157.0,-154.0,-154.0,-155.0,-156.5,-157.0,-152.0,-150.0,-154.0,-157.0,-156.0,-155.5,-153.0,-155.5,-157.0,-157.0,-151.5,-153.0,-157.0,-157.0,-156.5,-157.0,-151.5,-153.5,-154.0,-156.0,-157.0,-157.0,-154.5,-154.0,-157.0,-157.0,-154.5,-157.0,-157.0,-157.0,-157.0,-156.5,-157.0,-154.5,-157.0,-155.0,-157.0,-157.0,-157.0,-155.0,-157.0,-157.0,-157.0,-157.0,-157.0,-153.5,-151.5,-153.5,-157.0,-157.0,-154.0,-153.5,-157.0,-157.0,-157.0,-154.0,-154.0,-157.0,-157.0,-151.0,-151.5,-152.5,-157.0,-157.0,-157.0,-157.0,-157.0,-154.5,-153.5,-156.0,-157.0,-157.0,-151.0,-152.5,-154.5,-155.5,-157.0,-157.0,-155.5,-153.5,-153.5,-157.0,-156.5,-155.5,-152.0,-150.5,-150.0,-154.0,-157.0,-155.0,-153.5,-153.5,-157.0,-157.0,-153.5,-149.5,-157.0,-157.0
2026-01-17 14:13:43.935,143.049967,5,-77,-157.0,-157.0,-157.0,-157.0,-157.0,-157.0,-157.0,-156.0,-155.0,-157.0,-157.0,-157.0,-155.0,-155.0,-157.0,-157.0,-157.0,-155.0,-157.0,-157.0,-155.5,-157.0,-154.5,-151.5,-152.0,-157.0,-157.0,-157.0,-157.0,-157.0,-151.0,-149.0,-154.0,-157.0,-157.0,-155.5,-157.0,-156.0,-157.0,-157.0,-157.0,-157.0,-156.0,-157.0,-156.5,-154.5,-157.0,-154.5,-154.5,-157.0,-157.0,-156.5,-152.0,-150.5,-152.0,-150.5,-149.5,-154.5,-155.0,-155.5,-150.0,-157.0,-155.5,-157.0,-153.5,-152.0,-157.0,-157.0,-157.0,-150.5,-151.5,-155.5,-154.5,-150.5,-153.0,-157.0,-155.0,-151.0,-150.0,-157.0,-154.0,-156.5,-157.0,-155.0,-157.0,-157.0,-155.5,-151.0,-154.0,-154.0,-156.0,-157.0,-156.5,-157.0,-157.0,-156.0,-156.0,-154.5,-155.5,-157.0,-157.0,-157.0,-153.5,-152.5,-155.5,-157.0,-157.0,-155.0,-154.5,-157.0,-157.0,-154.0,-155.0,-157.0,-157.0,-155.5,-154.5,-153.5,-156.5,-157.0,-157.0,-157.0,-157.0,-157.0,-157.0,-157.0,-157.0,-155.0,-157.0,-157.0,-157.0,-157.0,-156.0,-155.5,-156.5,-157.0,-155.0,-157.0,-157.0,-157.0,-152.5,-151.0,-157.0,-156.0,-157.0,-157.0,-152.5,-148.5,-154.0,-155.5,-156.5,-152.5,-151.0,-157.0,-153.0,-156.5,-157.0,-154.0,-149.5,-150.5,-157.0,-155.0,-156.5,-157.0,-153.5,-152.0,-157.0,-151.0,-151.0,-157.0,-157.0,-157.0,-155.5,-157.0,-152.0,-154.5,-157.0,-154.5,-154.0,-153.5,-156.0,-152.5,-157.0,-157.0,-157.0,-153.5,-157.0,-157.0,-157.0,-157.0,-157.0,-153.0,-157.0,-157.0,-152.5,-157.0,-157.0,-156.0,-157.0,-154.0,-151.0,-151.0,-152.5,-154.5,-153.5,-156.5,-157.0,-157.0,-155.5,-157.0,-155.0,-155.5,-155.0,-157.0,-155.5,-153.0,-152.0,-153.5,-157.0,-157.0,-154.0,-150.0,-149.5,-157.0,-157.0,-156.5,-156.0,-154.5,-157.0,-157.0,-157.0,-157.0,-157.0,-156.0,-155.5,-157.0,-155.0,-157.0,-153.5,-155.0,-157.0,-152.5,-153.5,-157.0,-157.0,-157.0,-157.0,-152.5,-155.0,-157.0,-154.5,-150.0,-152.0,-157.0,-157.0,-157.0,-157.0,-155.5,-153.5,-157.0,-157.0,-157.0,-157.0,-155.0,-157.0,-157.0,-157.0,-157.0,-156.5,-155.5,-149.5,-153.0,-153.5,-157.0,-153.0,-151.5,-149.0,-157.0,-157.0,-155.0,-155.5,-155.0,-153.0,-156.0,-156.5,-157.0,-156.0,-157.0,-157.0,-154.0,-153.5,-151.0,-150.5,-155.5,-157.0,-156.5,-153.5,-154.5,-157.0,-157.0,-157.0,-156.5,-157.0,-157.0,-157.0,-157.0,-157.0,-154.5,-157.0,-156.5,-157.0,-157.0,-157.0,-157.0,-157.0,-157.0,-154.5,-154.0,-155.0,-156.0,-154.5,-156.5,-152.0,-154.5,-157.0,-157.0,-155.0,-155.5,-157.0,-154.0,-152.0,-153.5,-157.0,-153.5,-154.5,-157.0,-157.0,-157.0,-157.0,-156.5,-155.5,-157.0,-157.0,-157.0,-155.5,-157.0,-157.0,-157.0,-153.5,-151.0,-157.0,-156.5,-157.0,-156.0,-157.0,-152.5,-152.5,-153.5,-154.5,-153.0,-157.0,-157.0,-154.0,-152.5,-157.0,-157.0,-157.0,-151.0,-148.5,-153.0,-155.5,-154.5,-153.5,-157.0,-154.0,-156.0,-157.0,-155.5,-155.5,-157.0,-156.5,-156.0,-157.0,-157.0,-155.5,-157.0,-157.0,-150.5,-150.5,-153.5,-154.0,-155.5,-156.5,-153.5,-157.0,-157.0,-152.5,-152.5,-157.0,-157.0,-154.0,-154.5,-157.0,-153.0,-157.0,-157.0,-157.0,-157.0,-156.5,-153.5,-150.0,-152.5,-157.0,-157.0,-157.0,-157.0,-151.0,-153.0,-157.0,-157.0,-157.0,-157.0,-155.5,-151.5,-152.5,-153.0,-157.0,-157.0,-155.0,-157.0,-157.0,-155.0,-150.0,-153.0,-153.0,-157.0,-156.0,-157.0,-156.5,-157.0,-157.0,-157.0,-157.0,-157.0,-156.0,-156.5,-155.5,-157.0,-157.0,-151.5,-155.5,-154.5,-151.5,-155.5,-157.0,-153.5,-157.0,-157.0,-157.0,-157.0,-157.0,-151.5,-157.0,-157.0,-157.0,-157.0,-157.0,-153.0,-155.5,-157.0,-157.0,-157.0,-151.0,-153.5,-157.0
2026-01-17 14:13:43.968,143.049967,5,-77,-157.0,-157.0,-156.0,-155.0,-157.0,-157.0,-157.0,-157.0,-157.0,-157.0,-157.0,-157.0,-157.0,-155.5,-157.0,-157.0,-157.0,-155.0,-157.0,-157.0,-157.0,-157.0,-157.0,-157.0,-155.0,-157.0,-157.0,-157.0,-157.0,-157.0,-152.0,-150.5,-153.5,-157.0,-157.0,-154.0,-157.0,-157.0,-155.0,-157.0,-157.0,-157.0,-157.0,-154.5,-154.5,-157.0,-157.0,-153.0,-155.0,-157.0,-157.0,-153.5,-153.0,-155.5,-155.5,-153.0,-151.5,-157.0,-154.0,-153.0,-150.0,-157.0,-157.0,-157.0,-153.5,-152.5,-156.0,-155.0,-157.0,-152.5,-154.0,-153.0,-155.5,-152.0,-154.0,-157.0,-157.0,-155.5,-152.0,-156.0,-156.0,-157.0,-156.5,-154.0,-157.0,-156.0,-154.5,-151.5,-157.0,-154.0,-157.0,-157.0,-157.0,-157.0,-157.0,-157.0,-156.0,-153.5,-157.0,-157.0,-157.0,-157.0,-156.0,-155.5,-157.0,-157.0,-157.0,-157.0,-156.5,-157.0,-155.0,-154.5,-155.0,-157.0,-155.5,-157.0,-157.0,-154.0,-151.5,-153.0,-157.0,-157.0,-157.0,-157.0,-157.0,-157.0,-157.0,-157.0,-157.0,-155.5,-151.5,-152.5,-157.0,-157.0,-156.0,-157.0,-152.0,-154.0,-157.0,-157.0,-152.5,-150.0,-157.0,-157.0,-157.0,-157.0,-151.0,-152.5,-156.0,-153.0,-151.0,-150.5,-150.5,-157.0,-155.0,-157.0,-157.0,-157.0,-152.5,-152.5,-157.0,-153.0,-153.0,-157.0,-155.0,-156.5,-154.5,-150.0,-153.5,-157.0,-157.0,-153.0,-153.5,-157.0,-151.5,-156.5,-156.5,-157.0,-156.0,-157.0,-157.0,-151.5,-153.5,-155.5,-156.0,-153.0,-156.5,-157.0,-156.0,-157.0,-157.0,-155.0,-156.0,-157.0,-149.0,-153.0,-157.0,-157.0,-157.0,-155.5,-152.0,-152.5,-156.0,-154.5,-153.0,-153.0,-157.0,-157.0,-156.5,-157.0,-155.5,-157.0,-156.0,-155.5,-156.5,-157.0,-155.0,-153.0,-157.0,-157.0,-157.0,-156.5,-152.5,-157.0,-157.0,-157.0,-157.0,-157.0,-157.0,-157.0,-157.0,-157.0,-157.0,-157.0,-157.0,-155.5,-152.5,-157.0,-150.5,-155.5,-157.0,-151.0,-153.0,-153.0,-152.5,-153.0,-157.0,-154.0,-156.5,-153.5,-153.0,-151.5,-152.0,-157.0,-157.0,-157.0,-157.0,-157.0,-152.0,-154.0,-157.0,-157.0,-157.0,-156.0,-157.0,-157.0,-157.0,-156.5,-157.0,-157.0,-156.0,-155.5,-157.0,-157.0,-150.5,-148.0,-148.0,-157.0,-157.0,-151.0,-152.0,-157.0,-155.0,-153.5,-157.0,-152.5,-157.0,-156.0,-157.0,-157.0,-156.0,-153.0,-153.0,-154.0,-153.5,-156.0,-153.5,-155.0,-155.5,-157.0,-157.0,-156.0,-157.0,-157.0,-155.0,-155.5,-157.0,-157.0,-157.0,-155.5,-154.5,-157.0,-157.0,-157.0,-155.5,-157.0,-157.0,-157.0,-156.5,-155.0,-157.0,-157.0,-152.5,-157.0,-157.0,-157.0,-157.0,-157.0,-156.5,-155.5,-153.0,-153.0,-157.0,-157.0,-154.0,-157.0,-157.0,-157.0,-156.0,-155.0,-157.0,-157.0,-156.0,-156.5,-154.5,-157.0,-156.5,-156.0,-153.5,-156.5,-155.5,-157.0,-157.0,-157.0,-157.0,-152.5,-155.5,-153.5,-157.0,-154.0,-157.0,-157.0,-153.0,-151.0,-156.5,-157.0,-157.0,-154.5,-152.5,-157.0,-156.5,-154.0,-153.5,-157.0,-156.0,-157.0,-156.0,-157.0,-157.0,-157.0,-157.0,-156.0,-157.0,-157.0,-157.0,-157.0,-157.0,-152.0,-154.0,-156.0,-153.0,-154.0,-154.5,-157.0,-157.0,-157.0,-154.5,-151.5,-153.0,-157.0,-157.0,-153.0,-152.5,-153.5,-157.0,-157.0,-157.0,-157.0,-155.5,-152.0,-151.5,-151.0,-157.0,-157.0,-157.0,-157.0,-151.5,-153.0,-157.0,-157.0,-157.0,-157.0,-154.0,-151.5,-152.0,-151.0,-157.0,-157.0,-155.0,-157.0,-157.0,-154.5,-151.5,-154.0,-151.0,-157.0,-157.0,-157.0,-157.0,-157.0,-157.0,-157.0,-157.0,-157.0,-157.0,-157.0,-157.0,-157.0,-157.0,-155.5,-155.5,-155.0,-155.5,-154.5,-154.5,-153.0,-156.0,-157.0,-157.0,-156.0,-151.0,-151.0,-157.0,-157.0,-155.0,-157.0,-157.0,-153.5,-154.5,-157.0,-157.0,-157.0,-156.5,-154.5,-157.0
2026-01-17 14:13:44.003,143.049967,5,-77,-157.0,-157.0,-157.0,-156.0,-157.0,-156.0,-155.5,-156.5,-157.0,-157.0,-157.0,-157.0,-157.0,-153.0,-155.5,-157.0,-157.0,-157.0,-157.0,-157.0,-157.0,-153.0,-151.5,-153.5,-153.0,-157.0,-157.0,-153.5,-154.5,-157.0,-155.0,-157.0,-157.0,-157.0,-157.0,-156.0,-157.0,-152.0,-153.0,-157.0,-157.0,-157.0,-157.0,-154.0,-154.5,-157.0,-157.0,-153.0,-157.0,-157.0,-157.0,-155.5,-157.0,-157.0,-157.0,-157.0,-157.0,-157.0,-154.5,-152.0,-152.5,-157.0,-156.5,-157.0,-157.0,-154.5,-154.5,-154.0,-157.0,-157.0,-157.0,-155.0,-156.5,-154.0,-153.5,-156.5,-157.0,-157.0,-156.0,-156.0,-153.0,-157.0,-157.0,-156.0,-153.5,-151.0,-153.5,-157.0,-157.0,-156.0,-156.0,-157.0,-157.0,-156.5,-157.0,-157.0,-157.0,-152.5,-157.0,-155.5,-157.0,-157.0,-157.0,-157.0,-156.5,-156.0,-157.0,-157.0,-155.0,-157.0,-153.0,-153.5,-157.0,-157.0,-154.0,-157.0,-153.5,-152.5,-151.0,-151.0,-154.0,-157.0,-157.0,-157.0,-155.5,-157.0,-157.0,-157.0,-157.0,-156.0,-152.5,-150.5,-157.0,-157.0,-157.0,-157.0,-156.0,-153.0,-157.0,-157.0,-157.0,-153.5,-156.0,-157.0,-157.0,-156.0,-151.0,-156.0,-157.0,-155.5,-155.0,-154.0,-151.0,-151.0,-157.0,-157.0,-157.0,-157.0,-157.0,-157.0,-156.5,-152.0,-155.0,-156.0,-157.0,-157.0,-157.0,-152.5,-157.0,-157.0,-157.0,-154.5,-157.0,-157.0,-153.5,-157.0,-155.5,-154.0,-154.0,-157.0,-154.5,-151.0,-157.0,-157.0,-157.0,-156.0,-154.0,-157.0,-152.0,-157.0,-157.0,-155.5,-155.5,-156.0,-149.0,-153.5,-154.5,-157.0,-157.0,-157.0,-154.0,-150.5,-157.0,-157.0,-157.0,-155.5,-157.0,-154.5,-157.0,-157.0,-156.0,-156.0,-157.0,-153.5,-156.0,-153.5,-151.0,-152.0,-156.5,-157.0,-157.0,-157.0,-157.0,-151.0,-153.0,-157.0,-155.0,-156.0,-154.5,-156.5,-157.0,-153.5,-157.0,-157.0,-157.0,-157.0,-151.5,-157.0,-149.0,-151.0,-156.5,-153.0,-157.0,-157.0,-153.5,-152.5,-157.0,-156.5,-157.0,-154.5,-155.0,-155.5,-154.0,-157.0,-157.0,-157.0,-156.5,-157.0,-153.0,-155.5,-155.5,-155.5,-157.0,-157.0,-157.0,-157.0,-157.0,-153.5,-156.0,-156.5,-157.0,-157.0,-157.0,-157.0,-154.0,-149.0,-150.0,-157.0,-152.5,-152.5,-150.5,-151.0,-153.5,-152.5,-153.0,-151.5,-157.0,-153.0,-154.0,-157.0,-152.5,-157.0,-155.0,-155.0,-152.5,-157.0,-156.0,-156.5,-156.0,-157.0,-154.0,-149.5,-151.5,-154.5,-157.0,-156.0,-157.0,-155.0,-157.0,-154.0,-157.0,-157.0,-157.0,-157.0,-157.0,-157.0,-157.0,-157.0,-157.0,-155.0,-154.5,-157.0,-151.0,-152.0,-157.0,-155.5,-157.0,-155.5,-157.0,-157.0,-153.0,-154.0,-156.5,-157.0,-153.5,-152.5,-157.0,-157.0,-157.0,-157.0,-157.0,-157.0,-157.0,-157.0,-154.5,-155.5,-155.5,-151.5,-150.0,-157.0,-156.0,-157.0,-157.0,-156.5,-156.0,-152.0,-157.0,-152.0,-151.5,-156.5,-157.0,-157.0,-156.0,-153.0,-157.0,-157.0,-155.0,-153.5,-155.5,-156.5,-157.0,-154.5,-155.0,-157.0,-154.5,-155.0,-154.5,-156.0,-157.0,-157.0,-157.0,-156.0,-157.0,-157.0,-157.0,-157.0,-155.5,-153.0,-157.0,-157.0,-153.5,-157.0,-156.0,-157.0,-157.0,-157.0,-157.0,-157.0,-155.5,-157.0,-155.0,-153.0,-156.5,-157.0,-157.0,-157.0,-157.0,-155.0,-154.0,-156.0,-157.0,-154.5,-157.0,-157.0,-157.0,-157.0,-157.0,-156.0,-154.0,-153.0,-157.0,-157.0,-154.5,-154.0,-157.0,-153.5,-157.0,-157.0,-154.0,-157.0,-157.0,-157.0,-157.0,-156.5,-153.5,-157.0,-157.0,-157.0,-156.5,-154.0,-157.0,-157.0,-157.0,-155.5,-154.5,-154.5,-157.0,-157.0,-155.5,-154.0,-156.0,-157.0,-157.0,-157.0,-156.5,-157.0,-157.0,-157.0,-157.0,-155.0,-153.0,-156.0,-157.0,-153.5,-152.5,-155.0,-157.0,-157.0,-156.0,-157.0,-157.0,-157.0,-154.5,-153.5,-156.5
2026-01-17 14:13:44.031,143.049967,5,-77,-157.0,-157.0,-157.0,-157.0,-155.5,-152.5,-154.0,-154.0,-154.0,-155.5,-157.0,-155.0,-157.0,-152.5,-152.5,-157.0,-157.0,-157.0,-157.0,-157.0,-157.0,-151.0,-148.5,-155.0,-153.5,-157.0,-157.0,-153.5,-155.5,-151.5,-153.0,-157.0,-157.0,-154.5,-156.5,-157.0,-155.0,-151.0,-157.0,-157.0,-157.0,-156.5,-155.0,-152.5,-155.0,-157.0,-157.0,-154.5,-155.0,-155.5,-153.0,-153.5,-157.0,-157.0,-157.0,-157.0,-157.0,-157.0,-157.0,-155.0,-157.0,-157.0,-156.5,-156.0,-157.0,-154.5,-155.5,-157.0,-157.0,-157.0,-157.0,-157.0,-157.0,-155.5,-154.0,-157.0,-157.0,-157.0,-156.5,-157.0,-151.0,-157.0,-157.0,-157.0,-154.5,-149.0,-151.5,-157.0,-157.0,-157.0,-153.5,-155.5,-152.5,-153.0,-154.5,-154.0,-157.0,-154.0,-157.0,-155.5,-157.0,-153.0,-155.0,-157.0,-155.0,-155.0,-152.5,-156.0,-152.0,-156.0,-157.0,-156.0,-157.0,-157.0,-154.5,-157.0,-152.0,-152.5,-151.5,-157.0,-152.5,-157.0,-157.0,-151.5,-151.5,-157.0,-157.0,-157.0,-156.0,-152.5,-157.0,-152.0,-152.5,-157.0,-157.0,-157.0,-157.0,-155.0,-155.5,-155.0,-157.0,-157.0,-157.0,-157.0,-157.0,-157.0,-153.5,-157.0,-157.0,-156.0,-157.0,-157.0,-150.0,-149.0,-155.0,-157.0,-156.0,-157.0,-157.0,-157.0,-153.5,-150.0,-154.5,-154.5,-156.5,-155.5,-157.0,-152.5,-156.0,-156.5,-157.0,-157.0,-157.0,-156.5,-156.0,-157.0,-153.0,-151.0,-153.0,-156.0,-151.5,-149.0,-155.5,-157.0,-157.0,-157.0,-154.0,-153.0,-150.0,-157.0,-155.0,-154.5,-156.5,-157.0,-151.0,-151.5,-152.0,-157.0,-157.0,-157.0,-152.0,-150.0,-157.0,-157.0,-157.0,-157.0,-157.0,-152.0,-156.0,-157.0,-157.0,-157.0,-154.5,-156.0,-157.0,-151.0,-150.0,-157.0,-157.0,-157.0,-157.0,-157.0,-156.5,-148.0,-149.5,-156.0,-154.0,-153.0,-152.5,-154.0,-155.5,-153.0,-156.5,-157.0,-157.0,-157.0,-152.0,-157.0,-149.5,-150.0,-156.5,-157.0,-157.0,-157.0,-157.0,-157.0,-154.0,-153.5,-156.0,-152.5,-154.5,-157.0,-154.0,-153.0,-157.0,-157.0,-154.0,-152.0,-151.0,-154.5,-152.0,-157.0,-152.5,-156.0,-153.5,-153.0,-153.5,-152.0,-157.0,-157.0,-154.5,-154.5,-157.0,-157.0,-156.0,-156.5,-154.5,-157.0,-156.5,-154.0,-155.0,-152.0,-154.5,-154.5,-154.5,-152.0,-157.0,-151.0,-149.5,-155.0,-153.0,-152.5,-152.0,-157.0,-154.0,-157.0,-157.0,-157.0,-157.0,-157.0,-154.0,-148.0,-148.0,-152.0,-157.0,-157.0,-153.5,-150.0,-157.0,-154.5,-157.0,-157.0,-157.0,-157.0,-157.0,-157.0,-157.0,-157.0,-156.0,-154.5,-153.0,-157.0,-157.0,-154.5,-157.0,-157.0,-152.0,-152.0,-154.5,-153.5,-154.0,-157.0,-156.0,-152.5,-152.0,-154.0,-156.0,-156.5,-157.0,-155.0,-156.0,-157.0,-157.0,-155.0,-154.0,-157.0,-156.5,-151.5,-149.5,-157.0,-157.0,-157.0,-155.0,-154.0,-154.5,-151.5,-154.5,-153.5,-152.5,-157.0,-155.5,-156.5,-155.0,-152.0,-157.0,-157.0,-157.0,-149.5,-153.5,-152.5,-157.0,-155.0,-157.0,-152.5,-152.0,-154.0,-157.0,-157.0,-157.0,-157.0,-157.0,-157.0,-155.0,-156.5,-157.0,-157.0,-157.0,-156.0,-157.0,-157.0,-156.0,-156.0,-154.0,-157.0,-157.0,-157.0,-157.0,-157.0,-156.0,-157.0,-152.0,-152.0,-157.0,-157.0,-156.5,-157.0,-157.0,-156.0,-155.0,-157.0,-152.5,-153.0,-157.0,-157.0,-157.0,-157.0,-157.0,-154.5,-152.5,-149.0,-154.0,-157.0,-157.0,-157.0,-157.0,-155.0,-156.5,-152.5,-152.5,-157.0,-157.0,-156.5,-157.0,-157.0,-155.0,-157.0,-157.0,-154.5,-153.0,-151.5,-157.0,-157.0,-157.0,-152.5,-151.5,-155.5,-157.0,-157.0,-151.0,-150.5,-151.5,-157.0,-157.0,-157.0,-157.0,-157.0,-157.0,-157.0,-157.0,-157.0,-157.0,-157.0,-157.0,-156.0,-157.0,-156.0,-157.0,-157.0,-157.0,-157.0,-157.0,-157.0,-151.5,-151.0,-157.0
2026-01-17 14:13:44.066,143.049967,5,-77,-157.0,-157.0,-157.0,-157.0,-154.0,-148.5,-149.5,-152.5,-153.0,-154.5,-154.5,-154.5,-155.5,-157.0,-152.5,-157.0,-157.0,-156.0,-156.0,-157.0,-155.5,-153.5,-148.5,-154.0,-155.5,-157.0,-157.0,-150.5,-152.5,-153.5,-154.0,-157.0,-154.0,-153.5,-156.0,-157.0,-156.0,-152.5,-157.0,-157.0,-157.0,-153.0,-152.5,-155.0,-157.0,-154.5,-157.0,-157.0,-155.5,-155.5,-151.5,-150.0,-154.5,-157.0,-157.0,-157.0,-157.0,-157.0,-157.0,-157.0,-157.0,-157.0,-157.0,-155.5,-157.0,-157.0,-157.0,-157.0,-155.0,-157.0,-157.0,-157.0,-156.5,-157.0,-157.0,-157.0,-157.0,-157.0,-151.0,-149.5,-149.5,-157.0,-157.0,-157.0,-155.5,-152.0,-156.0,-157.0,-155.5,-156.5,-154.5,-154.0,-152.0,-157.0,-157.0,-156.0,-157.0,-155.0,-156.5,-157.0,-157.0,-152.0,-150.0,-155.5,-157.0,-157.0,-152.0,-154.5,-150.0,-153.5,-156.0,-156.0,-155.0,-157.0,-150.5,-152.0,-154.5,-157.0,-150.0,-150.5,-154.5,-157.0,-157.0,-153.0,-155.5,-156.0,-156.0,-157.0,-153.0,-154.0,-152.5,-155.0,-151.5,-153.0,-154.0,-156.5,-157.0,-157.0,-153.0,-154.5,-157.0,-154.0,-155.0,-157.0,-153.5,-157.0,-157.0,-157.0,-156.0,-153.0,-157.0,-156.0,-153.0,-152.5,-155.0,-154.5,-155.5,-157.0,-157.0,-155.5,-157.0,-150.0,-153.5,-154.0,-155.5,-154.0,-156.5,-154.5,-152.0,-157.0,-157.0,-157.0,-156.0,-155.5,-157.0,-157.0,-151.5,-148.5,-149.5,-151.5,-157.0,-149.5,-153.0,-153.5,-157.0,-153.0,-153.0,-150.5,-149.5,-157.0,-153.5,-155.5,-157.0,-157.0,-153.0,-151.5,-154.0,-157.0,-157.0,-157.0,-155.5,-153.0,-157.0,-157.0,-157.0,-156.0,-157.0,-152.5,-157.0,-157.0,-155.5,-154.0,-152.5,-155.0,-157.0,-155.0,-157.0,-157.0,-154.5,-156.5,-157.0,-157.0,-152.5,-151.0,-150.0,-154.0,-154.0,-150.5,-154.0,-156.5,-157.0,-157.0,-157.0,-153.0,-155.5,-157.0,-155.5,-157.0,-155.0,-154.0,-153.5,-157.0,-157.0,-157.0,-157.0,-157.0,-152.0,-153.5,-154.0,-152.0,-156.5,-157.0,-155.0,-151.0,-151.5,-157.0,-155.0,-151.5,-154.0,-155.5,-153.0,-153.5,-153.0,-156.0,-155.5,-152.0,-157.0,-152.5,-157.0,-157.0,-157.0,-156.5,-157.0,-152.5,-152.5,-157.0,-157.0,-157.0,-157.0,-149.5,-151.5,-153.0,-156.0,-155.5,-153.0,-151.0,-152.5,-150.5,-149.0,-157.0,-157.0,-154.5,-154.0,-157.0,-153.5,-157.0,-154.0,-155.5,-155.5,-157.0,-155.5,-152.5,-149.5,-150.5,-157.0,-157.0,-152.5,-150.0,-155.0,-154.5,-157.0,-157.0,-156.0,-157.0,-157.0,-157.0,-157.0,-157.0,-151.5,-153.0,-156.0,-157.0,-157.0,-157.0,-157.0,-157.0,-151.0,-151.0,-155.0,-154.5,-155.0,-157.0,-157.0,-153.0,-152.5,-152.5,-152.0,-154.5,-157.0,-156.5,-157.0,-157.0,-157.0,-151.5,-151.5,-157.0,-157.0,-157.0,-152.5,-157.0,-155.5,-156.5,-155.5,-156.0,-156.0,-153.5,-157.0,-157.0,-157.0,-157.0,-153.5,-153.5,-154.0,-150.0,-155.0,-157.0,-157.0,-149.0,-154.0,-152.5,-157.0,-155.0,-157.0,-154.0,-157.0,-155.0,-157.0,-157.0,-157.0,-156.5,-157.0,-157.0,-156.5,-157.0,-157.0,-157.0,-157.0,-157.0,-157.0,-156.0,-157.0,-152.0,-152.5,-157.0,-157.0,-154.0,-154.5,-157.0,-154.5,-157.0,-156.5,-155.5,-157.0,-156.0,-157.0,-155.5,-154.5,-157.0,-157.0,-157.0,-152.0,-154.0,-157.0,-157.0,-157.0,-157.0,-157.0,-155.0,-157.0,-152.5,-156.0,-154.0,-157.0,-156.5,-157.0,-153.5,-155.5,-155.0,-156.0,-157.0,-157.0,-155.5,-157.0,-154.0,-151.5,-155.5,-157.0,-151.5,-152.5,-154.0,-157.0,-157.0,-157.0,-155.5,-154.5,-153.5,-157.0,-157.0,-153.0,-153.5,-151.0,-157.0,-157.0,-157.0,-157.0,-157.0,-155.0,-157.0,-153.0,-154.5,-157.0,-157.0,-157.0,-157.0,-157.0,-154.0,-154.5,-156.0,-157.0,-157.0,-154.0,-154.0,-153.0,-153.0,-155.0
2026-01-17 14:13:44.100,143.049967,5,-77,-157.0,-157.0,-157.0,-156.5,-156.0,-149.5,-153.0,-155.0,-157.0,-157.0,-155.0,-157.0,-157.0,-154.0,-154.0,-157.0,-157.0,-154.5,-157.0,-157.0,-155.0,-151.5,-152.5,-155.0,-157.0,-157.0,-157.0,-150.5,-151.0,-157.0,-157.0,-156.5,-153.0,-157.0,-156.5,-157.0,-157.0,-157.0,-157.0,-157.0,-157.0,-155.5,-154.5,-157.0,-157.0,-154.0,-157.0,-153.5,-153.0,-157.0,-156.0,-151.0,-148.0,-151.0,-152.5,-157.0,-157.0,-154.5,-156.0,-156.5,-157.0,-157.0,-157.0,-157.0,-157.0,-157.0,-157.0,-157.0,-156.0,-157.0,-155.5,-157.0,-157.0,-157.0,-157.0,-157.0,-157.0,-157.0,-154.5,-151.5,-152.5,-157.0,-157.0,-157.0,-157.0,-157.0,-157.0,-157.0,-154.0,-152.5,-154.0,-152.5,-157.0,-157.0,-157.0,-157.0,-157.0,-157.0,-157.0,-157.0,-157.0,-155.0,-152.0,-155.0,-157.0,-157.0,-153.0,-149.0,-151.0,-157.0,-156.0,-157.0,-156.5,-154.0,-148.5,-150.0,-153.0,-154.5,-148.5,-149.0,-156.5,-156.0,-157.0,-152.5,-157.0,-157.0,-155.5,-152.0,-152.0,-154.0,-152.5,-153.5,-154.5,-157.0,-157.0,-157.0,-157.0,-154.5,-153.0,-152.5,-151.5,-154.5,-154.5,-152.0,-149.0,-153.0,-157.0,-157.0,-157.0,-153.5,-157.0,-152.0,-153.5,-156.5,-156.0,-157.0,-157.0,-157.0,-157.0,-157.0,-156.0,-153.5,-155.5,-156.0,-156.0,-154.5,-155.5,-157.0,-151.0,-153.5,-153.5,-155.0,-155.0,-157.0,-157.0,-157.0,-153.0,-149.0,-151.5,-153.0,-154.0,-149.5,-155.5,-156.0,-157.0,-157.0,-153.5,-151.0,-151.5,-157.0,-156.0,-157.0,-157.0,-157.0,-157.0,-157.0,-157.0,-157.0,-156.5,-157.0,-157.0,-153.5,-157.0,-157.0,-157.0,-156.0,-154.5,-154.5,-157.0,-157.0,-155.0,-152.5,-153.0,-152.0,-155.0,-157.0,-157.0,-157.0,-153.0,-153.0,-155.5,-155.0,-153.5,-155.0,-151.0,-157.0,-151.5,-151.0,-157.0,-157.0,-157.0,-157.0,-157.0,-152.5,-157.0,-157.0,-156.0,-156.5,-155.0,-157.0,-155.5,-155.0,-154.0,-157.0,-157.0,-157.0,-154.5,-157.0,-157.0,-155.0,-157.0,-157.0,-157.0,-155.5,-150.5,-155.5,-157.0,-155.5,-157.0,-157.0,-154.5,-150.5,-157.0,-155.5,-157.0,-157.0,-155.0,-153.0,-155.5,-154.5,-157.0,-157.0,-157.0,-150.5,-151.5,-157.0,-157.0,-157.0,-157.0,-148.5,-148.5,-151.5,-156.5,-155.5,-157.0,-151.0,-149.5,-156.0,-150.0,-151.0,-157.0,-156.0,-155.5,-157.0,-152.0,-152.5,-153.0,-157.0,-156.5,-157.0,-150.5,-151.0,-155.5,-152.0,-153.0,-157.0,-157.0,-152.0,-157.0,-151.5,-153.5,-156.0,-156.5,-157.0,-157.0,-157.0,-157.0,-153.0,-150.5,-157.0,-157.0,-157.0,-155.0,-155.5,-157.0,-154.5,-156.0,-152.5,-152.5,-152.5,-155.5,-157.0,-157.0,-157.0,-155.5,-154.0,-153.0,-157.0,-157.0,-156.0,-157.0,-157.0,-156.5,-152.5,-156.5,-157.0,-153.5,-154.0,-155.0,-157.0,-154.5,-153.5,-154.0,-154.5,-155.5,-157.0,-157.0,-157.0,-157.0,-157.0,-157.0,-157.0,-153.5,-151.5,-155.5,-157.0,-154.5,-150.0,-151.5,-152.0,-157.0,-154.0,-157.0,-154.5,-154.5,-153.5,-156.0,-155.0,-155.5,-153.5,-154.5,-154.0,-157.0,-157.0,-157.0,-157.0,-157.0,-156.5,-154.0,-153.0,-157.0,-156.0,-156.0,-157.0,-157.0,-155.5,-151.0,-153.0,-153.0,-157.0,-157.0,-157.0,-157.0,-157.0,-154.0,-152.5,-154.5,-157.0,-157.0,-157.0,-154.0,-157.0,-157.0,-157.0,-155.0,-155.0,-157.0,-154.5,-157.0,-157.0,-152.0,-151.0,-157.0,-157.0,-153.5,-154.5,-153.5,-155.0,-157.0,-157.0,-157.0,-156.0,-157.0,-152.0,-149.5,-154.0,-157.0,-151.0,-153.0,-157.0,-153.5,-154.0,-157.0,-157.0,-152.0,-148.5,-154.5,-155.0,-151.0,-153.0,-153.5,-153.0,-157.0,-157.0,-157.0,-157.0,-157.0,-157.0,-153.0,-153.5,-157.0,-154.5,-154.5,-156.0,-157.0,-155.0,-152.5,-151.0,-155.0,-156.0,-156.0,-156.5,-155.5,-153.0,-151.0
2026-01-17 14:13:44.131,143.049967,5,-77,-157.0,-157.0,-157.0,-156.5,-151.5,-150.0,-157.0,-154.5,-156.5,-157.0,-156.5,-152.5,-152.0,-150.0,-151.5,-156.5,-157.0,-156.0,-157.0,-157.0,-157.0,-152.5,-157.0,-153.0,-157.0,-157.0,-156.0,-157.0,-152.0,-154.5,-157.0,-154.0,-153.0,-157.0,-155.0,-157.0,-157.0,-157.0,-157.0,-157.0,-157.0,-157.0,-154.0,-157.0,-157.0,-152.0,-153.5,-152.5,-152.5,-155.5,-153.5,-152.5,-148.5,-154.5,-156.0,-156.5,-157.0,-154.0,-153.5,-153.0,-157.0,-157.0,-157.0,-155.5,-157.0,-157.0,-157.0,-157.0,-156.0,-153.5,-153.0,-156.5,-157.0,-157.0,-157.0,-157.0,-157.0,-156.5,-156.0,-157.0,-156.5,-156.0,-157.0,-157.0,-157.0,-153.5,-155.0,-155.5,-157.0,-154.0,-156.5,-153.0,-157.0,-157.0,-157.0,-157.0,-157.0,-157.0,-157.0,-156.5,-154.5,-155.5,-157.0,-157.0,-157.0,-157.0,-156.0,-151.0,-157.0,-157.0,-157.0,-157.0,-157.0,-156.0,-152.5,-157.0,-154.0,-157.0,-152.0,-152.5,-155.5,-157.0,-157.0,-153.5,-157.0,-157.0,-157.0,-152.0,-156.0,-156.5,-157.0,-157.0,-157.0,-157.0,-157.0,-157.0,-157.0,-155.0,-157.0,-152.5,-151.0,-155.5,-157.0,-154.5,-148.5,-151.0,-157.0,-156.5,-152.5,-153.5,-157.0,-155.0,-154.5,-153.5,-157.0,-157.0,-157.0,-156.5,-157.0,-157.0,-157.0,-157.0,-156.0,-157.0,-154.5,-151.5,-155.0,-153.5,-152.0,-154.5,-157.0,-155.5,-157.0,-157.0,-157.0,-152.5,-151.5,-156.5,-157.0,-153.5,-151.0,-150.0,-157.0,-157.0,-157.0,-157.0,-157.0,-157.0,-156.5,-157.0,-157.0,-157.0,-157.0,-157.0,-157.0,-157.0,-157.0,-155.0,-153.0,-156.5,-157.0,-152.5,-156.5,-157.0,-157.0,-157.0,-155.0,-157.0,-157.0,-156.0,-156.0,-154.5,-154.0,-153.5,-154.5,-157.0,-156.0,-157.0,-157.0,-155.5,-152.5,-151.5,-152.5,-153.0,-153.0,-155.5,-153.5,-156.0,-157.0,-154.5,-157.0,-157.0,-157.0,-154.0,-157.0,-157.0,-152.0,-150.5,-154.5,-156.0,-157.0,-157.0,-151.0,-152.5,-154.5,-157.0,-157.0,-157.0,-157.0,-153.0,-152.0,-155.5,-153.5,-156.5,-153.0,-155.5,-156.0,-157.0,-157.0,-157.0,-150.0,-148.5,-157.0,-157.0,-157.0,-157.0,-157.0,-157.0,-157.0,-154.0,-154.5,-154.5,-157.0,-153.5,-156.0,-157.0,-157.0,-157.0,-157.0,-153.5,-153.0,-155.5,-157.0,-156.5,-157.0,-157.0,-153.0,-157.0,-152.5,-154.5,-157.0,-153.5,-154.0,-157.0,-154.5,-153.5,-154.0,-157.0,-157.0,-152.5,-149.5,-151.0,-154.0,-156.5,-153.5,-157.0,-157.0,-152.0,-151.5,-149.5,-156.0,-157.0,-157.0,-156.0,-153.5,-157.0,-153.0,-151.5,-152.0,-157.0,-155.0,-157.0,-153.5,-151.5,-157.0,-153.0,-153.5,-153.5,-154.0,-152.5,-157.0,-157.0,-156.0,-155.5,-157.0,-157.0,-153.0,-155.0,-157.0,-156.0,-157.0,-157.0,-155.0,-153.0,-157.0,-157.0,-153.0,-155.5,-154.5,-157.0,-157.0,-156.0,-154.5,-157.0,-157.0,-157.0,-157.0,-157.0,-157.0,-153.5,-157.0,-157.0,-154.0,-154.0,-157.0,-157.0,-153.0,-152.5,-155.0,-152.0,-155.5,-155.0,-157.0,-157.0,-152.0,-154.0,-155.5,-154.0,-157.0,-155.5,-153.0,-154.5,-157.0,-153.5,-153.5,-155.5,-157.0,-157.0,-157.0,-155.5,-157.0,-157.0,-157.0,-157.0,-157.0,-155.5,-151.5,-150.5,-156.0,-157.0,-157.0,-157.0,-157.0,-157.0,-153.0,-155.0,-156.5,-157.0,-157.0,-157.0,-155.0,-157.0,-157.0,-154.5,-156.5,-156.0,-157.0,-156.5,-157.0,-157.0,-153.5,-153.0,-157.0,-157.0,-154.5,-155.0,-154.5,-153.5,-157.0,-157.0,-157.0,-156.5,-157.0,-157.0,-152.0,-157.0,-156.0,-154.5,-157.0,-157.0,-150.0,-152.0,-157.0,-157.0,-149.0,-148.5,-150.0,-151.0,-152.0,-151.0,-154.5,-152.0,-157.0,-157.0,-157.0,-157.0,-157.0,-157.0,-155.0,-156.5,-157.0,-153.0,-154.0,-155.0,-157.0,-157.0,-156.0,-153.5,-157.0,-157.0,-157.0,-157.0,-157.0,-152.5,-150.0
2026-01-17 14:13:44.166,143.049967,5,-77,-157.0,-157.0,-157.0,-156.0,-149.0,-150.5,-154.0,-150.5,-152.0,-157.0,-157.0,-153.5,-151.0,-152.0,-152.5,-152.5,-157.0,-157.0,-157.0,-157.0,-153.5,-155.0,-153.0,-152.0,-157.0,-157.0,-155.5,-155.0,-152.0,-154.5,-157.0,-156.0,-157.0,-157.0,-154.5,-152.0,-154.0,-157.0,-157.0,-157.0,-157.0,-155.5,-153.5,-154.0,-157.0,-152.5,-153.0,-157.0,-156.0,-157.0,-150.5,-153.5,-154.5,-156.5,-155.0,-153.0,-157.0,-156.0,-155.0,-156.0,-156.0,-157.0,-157.0,-154.0,-153.0,-157.0,-157.0,-152.0,-153.0,-153.5,-154.0,-156.0,-157.0,-156.5,-157.0,-157.0,-157.0,-157.0,-157.0,-157.0,-157.0,-154.5,-156.0,-157.0,-157.0,-154.0,-151.5,-153.0,-157.0,-157.0,-157.0,-154.5,-157.0,-157.0,-157.0,-157.0,-157.0,-157.0,-157.0,-156.0,-154.5,-157.0,-156.0,-155.0,-155.5,-157.0,-157.0,-154.0,-157.0,-157.0,-155.0,-157.0,-157.0,-157.0,-157.0,-157.0,-155.0,-157.0,-157.0,-157.0,-157.0,-157.0,-157.0,-156.0,-157.0,-157.0,-155.0,-152.5,-157.0,-157.0,-157.0,-157.0,-155.0,-154.0,-157.0,-157.0,-155.0,-156.0,-157.0,-157.0,-154.5,-155.5,-157.0,-157.0,-152.5,-150.5,-153.0,-155.0,-152.5,-152.0,-155.0,-157.0,-157.0,-153.5,-157.0,-154.5,-155.5,-153.0,-157.0,-157.0,-157.0,-157.0,-157.0,-157.0,-154.5,-151.0,-156.5,-157.0,-157.0,-157.0,-154.5,-153.0,-157.0,-157.0,-157.0,-153.5,-151.0,-154.0,-155.5,-156.0,-157.0,-153.5,-157.0,-156.5,-157.0,-157.0,-154.5,-155.5,-156.0,-157.0,-157.0,-157.0,-157.0,-157.0,-152.5,-157.0,-151.5,-150.5,-156.5,-156.5,-157.0,-152.0,-157.0,-157.0,-157.0,-157.0,-155.0,-157.0,-157.0,-155.0,-157.0,-157.0,-157.0,-155.5,-156.5,-157.0,-157.0,-157.0,-157.0,-157.0,-156.5,-157.0,-156.0,-152.5,-155.5,-157.0,-156.0,-157.0,-155.0,-152.5,-154.0,-157.0,-157.0,-153.0,-157.0,-157.0,-153.5,-149.0,-152.5,-153.5,-157.0,-156.0,-151.5,-157.0,-154.5,-157.0,-156.5,-157.0,-154.5,-153.5,-151.5,-149.0,-148.5,-155.0,-157.0,-157.0,-155.5,-156.0,-157.0,-157.0,-150.5,-149.5,-155.0,-157.0,-156.0,-157.0,-157.0,-157.0,-157.0,-154.5,-152.5,-157.0,-157.0,-157.0,-157.0,-156.5,-157.0,-157.0,-157.0,-157.0,-154.5,-154.0,-157.0,-157.0,-157.0,-157.0,-154.0,-153.0,-155.0,-157.0,-157.0,-153.0,-155.0,-157.0,-156.0,-156.5,-157.0,-157.0,-155.0,-154.0,-155.5,-157.0,-151.5,-154.0,-156.0,-157.0,-157.0,-151.5,-154.5,-151.5,-157.0,-156.0,-153.5,-157.0,-151.0,-156.0,-156.5,-157.0,-157.0,-153.5,-152.0,-155.0,-153.5,-150.5,-153.5,-157.0,-151.5,-152.5,-156.0,-154.0,-157.0,-152.5,-153.5,-156.0,-155.5,-157.0,-153.5,-154.5,-154.0,-157.0,-157.0,-157.0,-156.5,-156.0,-157.0,-157.0,-155.5,-157.0,-156.5,-157.0,-157.0,-157.0,-157.0,-156.0,-155.0,-153.5,-153.5,-157.0,-154.0,-149.5,-152.5,-157.0,-157.0,-156.0,-157.0,-157.0,-154.5,-154.5,-157.0,-155.5,-157.0,-155.0,-157.0,-157.0,-156.5,-155.5,-157.0,-153.0,-156.5,-154.5,-152.5,-155.0,-153.5,-151.5,-151.5,-157.0,-157.0,-157.0,-157.0,-156.0,-157.0,-157.0,-157.0,-155.5,-157.0,-154.5,-157.0,-155.5,-157.0,-153.5,-156.5,-157.0,-155.0,-154.5,-154.5,-157.0,-157.0,-157.0,-157.0,-157.0,-155.5,-157.0,-157.0,-156.0,-155.5,-154.5,-157.0,-157.0,-157.0,-156.5,-157.0,-157.0,-157.0,-155.5,-154.5,-156.0,-156.0,-151.0,-153.0,-157.0,-157.0,-156.0,-152.5,-152.0,-151.5,-157.0,-157.0,-157.0,-157.0,-157.0,-150.0,-153.5,-157.0,-157.0,-151.0,-156.0,-151.5,-156.0,-154.0,-154.5,-157.0,-155.5,-157.0,-157.0,-157.0,-156.5,-154.5,-154.5,-156.0,-157.0,-157.0,-153.0,-155.5,-154.0,-156.5,-157.0,-156.5,-157.0,-157.0,-157.0,-155.5,-154.0,-157.0,-157.0,-152.0
2026-01-17 14:13:44.198,143.049967,5,-77,-157.0,-157.0,-157.0,-157.0,-154.0,-156.5,-152.5,-151.5,-156.0,-155.0,-156.5,-155.0,-156.5,-155.0,-157.0,-153.5,-157.0,-157.0,-157.0,-157.0,-153.0,-156.0,-155.0,-154.0,-157.0,-157.0,-154.5,-151.5,-152.0,-157.0,-157.0,-157.0,-157.0,-157.0,-157.0,-151.0,-154.0,-157.0,-157.0,-157.0,-157.0,-157.0,-157.0,-156.0,-157.0,-156.5,-157.0,-156.0,-157.0,-155.0,-149.0,-153.0,-157.0,-157.0,-151.5,-152.0,-155.0,-157.0,-151.0,-157.0,-157.0,-157.0,-157.0,-156.0,-154.5,-154.5,-157.0,-149.5,-150.0,-156.5,-155.0,-153.5,-157.0,-157.0,-157.0,-157.0,-157.0,-157.0,-157.0,-157.0,-157.0,-157.0,-157.0,-157.0,-157.0,-157.0,-154.0,-155.0,-157.0,-157.0,-157.0,-155.0,-155.0,-157.0,-157.0,-156.0,-156.0,-156.0,-157.0,-157.0,-157.0,-156.5,-157.0,-154.5,-157.0,-157.0,-157.0,-154.0,-155.0,-152.0,-151.5,-157.0,-156.0,-156.0,-157.0,-157.0,-155.0,-157.0,-157.0,-157.0,-157.0,-157.0,-157.0,-157.0,-157.0,-157.0,-154.0,-154.0,-157.0,-156.0,-157.0,-157.0,-155.0,-153.5,-157.0,-156.0,-155.0,-157.0,-157.0,-157.0,-157.0,-157.0,-157.0,-157.0,-157.0,-150.5,-154.5,-154.5,-157.0,-153.0,-154.5,-156.0,-157.0,-151.5,-153.0,-150.5,-150.0,-153.0,-157.0,-157.0,-157.0,-156.0,-157.0,-157.0,-154.5,-152.5,-157.0,-157.0,-157.0,-155.5,-151.0,-153.0,-157.0,-157.0,-155.0,-152.0,-150.5,-151.0,-154.0,-157.0,-157.0,-156.0,-157.0,-155.5,-156.0,-157.0,-150.0,-150.0,-153.5,-155.0,-156.5,-153.5,-151.0,-155.5,-151.5,-157.0,-153.5,-152.0,-157.0,-157.0,-157.0,-151.0,-155.0,-154.5,-157.0,-156.0,-154.5,-157.0,-157.0,-155.0,-157.0,-157.0,-157.0,-157.0,-157.0,-157.0,-157.0,-157.0,-157.0,-157.0,-156.0,-157.0,-156.5,-154.0,-157.0,-157.0,-157.0,-157.0,-156.5,-156.5,-153.5,-153.5,-157.0,-153.5,-155.5,-156.5,-153.0,-152.5,-152.0,-157.0,-155.0,-151.0,-151.5,-157.0,-156.0,-157.0,-157.0,-157.0,-157.0,-155.5,-149.5,-147.5,-152.0,-155.0,-157.0,-157.0,-155.5,-155.5,-156.5,-156.5,-157.0,-155.5,-153.5,-156.5,-153.5,-156.5,-157.0,-157.0,-156.0,-154.5,-151.0,-157.0,-157.0,-157.0,-156.5,-155.5,-157.0,-157.0,-154.5,-155.0,-152.0,-152.0,-157.0,-157.0,-157.0,-157.0,-157.0,-152.5,-157.0,-156.0,-157.0,-156.5,-155.0,-157.0,-156.0,-157.0,-157.0,-157.0,-155.5,-155.5,-157.0,-157.0,-153.5,-155.5,-157.0,-157.0,-157.0,-153.0,-153.0,-154.5,-157.0,-152.5,-152.5,-156.0,-150.5,-157.0,-155.5,-155.5,-157.0,-154.5,-155.5,-157.0,-154.0,-151.0,-150.5,-157.0,-156.5,-151.5,-153.0,-153.5,-153.5,-152.5,-154.5,-157.0,-154.5,-154.0,-152.0,-151.5,-152.5,-157.0,-157.0,-155.5,-154.5,-157.0,-157.0,-157.0,-154.0,-157.0,-156.5,-156.5,-157.0,-157.0,-157.0,-153.0,-153.5,-156.0,-156.0,-157.0,-157.0,-150.0,-151.5,-157.0,-157.0,-157.0,-157.0,-157.0,-155.0,-157.0,-157.0,-157.0,-156.0,-155.0,-157.0,-157.0,-155.5,-153.5,-154.5,-153.0,-156.5,-154.5,-155.5,-156.0,-155.5,-157.0,-152.5,-157.0,-157.0,-157.0,-154.0,-154.0,-157.0,-157.0,-157.0,-155.5,-152.5,-152.5,-157.0,-156.5,-154.5,-151.0,-154.5,-154.0,-152.5,-153.5,-157.0,-157.0,-157.0,-157.0,-157.0,-155.0,-152.5,-157.0,-157.0,-157.0,-157.0,-155.0,-153.5,-154.5,-157.0,-157.0,-157.0,-157.0,-157.0,-154.0,-152.0,-156.0,-155.5,-152.0,-151.5,-157.0,-155.5,-157.0,-152.0,-152.0,-153.5,-157.0,-157.0,-157.0,-157.0,-154.5,-150.0,-157.0,-157.0,-157.0,-151.5,-156.0,-153.5,-156.5,-153.5,-156.5,-155.0,-155.5,-157.0,-157.0,-157.0,-157.0,-154.0,-156.5,-157.0,-157.0,-157.0,-156.0,-154.5,-157.0,-155.0,-157.0,-153.5,-156.0,-156.0,-157.0,-156.0,-153.0,-157.0,-157.0,-157.0
2026-01-17 14:13:44.230,143.049967,5,-77,-157.0,-157.0,-157.0,-157.0,-157.0,-157.0,-154.0,-157.0,-155.0,-153.5,-157.0,-157.0,-157.0,-157.0,-155.5,-154.0,-152.5,-155.5,-157.0,-157.0,-155.0,-157.0,-157.0,-156.0,-157.0,-157.0,-157.0,-156.0,-156.5,-157.0,-157.0,-157.0,-156.0,-155.5,-157.0,-153.0,-157.0,-152.5,-151.5,-156.5,-157.0,-157.0,-157.0,-157.0,-157.0,-157.0,-156.5,-155.5,-157.0,-154.0,-149.5,-151.0,-157.0,-157.0,-157.0,-154.0,-149.5,-151.0,-149.5,-150.5,-152.5,-157.0,-157.0,-157.0,-157.0,-152.0,-152.5,-150.0,-154.5,-151.5,-155.5,-154.5,-153.0,-152.5,-156.5,-157.0,-154.5,-157.0,-157.0,-157.0,-157.0,-157.0,-154.0,-157.0,-157.0,-157.0,-157.0,-155.0,-153.5,-157.0,-157.0,-157.0,-155.5,-157.0,-157.0,-157.0,-156.0,-154.0,-157.0,-157.0,-157.0,-157.0,-157.0,-157.0,-157.0,-157.0,-157.0,-154.0,-153.5,-156.0,-153.5,-155.5,-152.0,-151.5,-154.5,-157.0,-157.0,-157.0,-156.0,-155.5,-154.0,-155.5,-157.0,-157.0,-157.0,-157.0,-157.0,-157.0,-157.0,-152.0,-155.5,-157.0,-157.0,-157.0,-157.0,-157.0,-156.0,-154.0,-155.0,-157.0,-157.0,-157.0,-157.0,-157.0,-156.0,-151.0,-155.5,-157.0,-154.5,-157.0,-154.0,-152.5,-153.5,-151.0,-153.5,-152.0,-153.0,-156.0,-155.5,-157.0,-157.0,-151.5,-151.5,-157.0,-157.0,-156.0,-153.5,-154.5,-154.5,-155.5,-153.5,-157.0,-157.0,-157.0,-155.5,-153.5,-156.5,-156.0,-157.0,-154.5,-154.5,-157.0,-157.0,-157.0,-157.0,-153.0,-150.5,-151.0,-153.5,-153.0,-154.0,-152.5,-148.5,-155.0,-154.0,-157.0,-157.0,-153.0,-157.0,-157.0,-157.0,-151.5,-151.0,-152.5,-157.0,-157.0,-157.0,-157.0,-157.0,-157.0,-153.5,-153.0,-157.0,-157.0,-157.0,-157.0,-157.0,-157.0,-157.0,-157.0,-153.5,-155.0,-157.0,-157.0,-156.5,-157.0,-157.0,-157.0,-157.0,-156.5,-155.5,-153.0,-152.5,-150.0,-153.5,-155.0,-154.0,-157.0,-150.5,-153.5,-157.0,-153.5,-157.0,-156.0,-157.0,-157.0,-157.0,-157.0,-157.0,-157.0,-152.5,-150.0,-157.0,-157.0,-157.0,-157.0,-156.0,-155.0,-155.0,-155.0,-157.0,-157.0,-155.0,-157.0,-153.5,-157.0,-157.0,-157.0,-154.0,-153.5,-152.0,-157.0,-157.0,-157.0,-156.0,-157.0,-157.0,-157.0,-151.5,-153.5,-155.0,-155.5,-154.5,-155.0,-157.0,-156.5,-155.0,-152.0,-155.5,-155.0,-157.0,-157.0,-157.0,-157.0,-156.5,-157.0,-156.5,-157.0,-157.0,-157.0,-157.0,-157.0,-155.5,-157.0,-157.0,-155.5,-157.0,-155.5,-151.5,-157.0,-157.0,-155.0,-157.0,-154.5,-150.0,-156.0,-153.0,-153.5,-156.5,-152.5,-154.0,-154.5,-151.5,-155.5,-155.0,-154.5,-153.5,-154.5,-156.0,-151.5,-151.5,-150.5,-152.0,-155.0,-154.5,-153.5,-157.0,-151.5,-154.0,-152.0,-155.5,-153.5,-155.5,-155.5,-157.0,-157.0,-154.0,-157.0,-155.0,-155.0,-157.0,-157.0,-155.5,-154.0,-154.5,-155.5,-157.0,-157.0,-157.0,-155.5,-157.0,-156.5,-157.0,-157.0,-157.0,-155.0,-152.0,-157.0,-157.0,-156.5,-155.5,-157.0,-157.0,-157.0,-155.0,-156.0,-155.5,-153.5,-156.5,-155.0,-157.0,-157.0,-157.0,-157.0,-150.5,-153.5,-157.0,-157.0,-153.5,-152.5,-157.0,-156.5,-157.0,-157.0,-153.0,-157.0,-157.0,-157.0,-152.0,-151.5,-157.0,-150.5,-152.0,-157.0,-157.0,-157.0,-157.0,-156.5,-157.0,-155.5,-152.0,-157.0,-155.5,-153.5,-155.0,-157.0,-154.5,-153.0,-151.5,-157.0,-156.0,-156.5,-157.0,-157.0,-154.0,-157.0,-156.5,-156.0,-157.0,-153.5,-155.0,-156.0,-157.0,-157.0,-157.0,-157.0,-157.0,-157.0,-157.0,-155.5,-150.5,-155.5,-157.0,-155.5,-152.5,-154.0,-153.5,-156.0,-156.0,-155.0,-152.5,-154.5,-154.5,-154.0,-151.5,-152.5,-156.0,-157.0,-157.0,-156.0,-156.5,-157.0,-157.0,-157.0,-157.0,-156.0,-151.0,-150.5,-152.5,-157.0,-157.0,-153.0,-157.0,-157.0,-157.0
2026-01-17 14:13:44.266,143.049967,5,-77,-157.0,-157.0,-157.0,-157.0,-157.0,-155.0,-152.0,-157.0,-151.0,-150.5,-155.0,-157.0,-157.0,-157.0,-156.5,-155.5,-151.0,-151.5,-156.5,-154.0,-153.5,-157.0,-155.5,-155.0,-155.5,-157.0,-157.0,-157.0,-155.5,-157.0,-157.0,-157.0,-153.5,-152.0,-153.0,-157.0,-156.0,-152.0,-152.5,-157.0,-156.5,-157.0,-157.0,-155.0,-154.0,-157.0,-156.5,-157.0,-156.5,-157.0,-154.5,-153.5,-153.0,-157.0,-157.0,-152.0,-148.0,-150.5,-151.0,-152.5,-153.0,-156.5,-157.0,-157.0,-155.5,-155.0,-152.5,-151.0,-150.5,-148.5,-151.0,-154.5,-150.0,-149.5,-157.0,-155.0,-152.0,-154.0,-157.0,-157.0,-157.0,-153.5,-150.5,-154.5,-157.0,-157.0,-157.0,-154.0,-150.5,-153.0,-155.5,-157.0,-157.0,-157.0,-157.0,-155.0,-157.0,-154.0,-157.0,-157.0,-157.0,-157.0,-157.0,-153.0,-157.0,-154.0,-157.0,-157.0,-157.0,-157.0,-154.5,-157.0,-155.0,-149.5,-149.5,-155.5,-157.0,-157.0,-157.0,-155.0,-153.0,-151.5,-156.0,-157.0,-157.0,-157.0,-157.0,-157.0,-157.0,-152.5,-154.0,-157.0,-157.0,-157.0,-157.0,-157.0,-155.5,-153.5,-156.5,-157.0,-157.0,-157.0,-157.0,-156.0,-155.5,-151.5,-153.0,-157.0,-153.5,-153.5,-153.0,-156.5,-154.0,-154.0,-151.5,-151.5,-153.0,-154.0,-154.0,-157.0,-155.0,-152.5,-153.5,-155.0,-156.0,-157.0,-154.0,-152.5,-150.0,-152.5,-154.5,-157.0,-157.0,-152.5,-152.0,-157.0,-157.0,-157.0,-156.5,-153.0,-155.5,-154.0,-155.5,-156.5,-155.0,-153.0,-153.5,-151.0,-153.5,-156.0,-157.0,-152.5,-149.0,-155.5,-157.0,-157.0,-154.0,-153.0,-156.0,-157.0,-157.0,-157.0,-155.5,-153.5,-152.5,-157.0,-157.0,-153.0,-157.0,-157.0,-155.5,-152.5,-156.0,-157.0,-157.0,-157.0,-157.0,-157.0,-157.0,-157.0,-156.5,-153.5,-156.5,-156.0,-155.0,-157.0,-154.5,-153.5,-155.0,-154.0,-157.0,-155.5,-150.5,-149.0,-153.5,-157.0,-157.0,-157.0,-150.5,-157.0,-155.5,-157.0,-157.0,-157.0,-157.0,-157.0,-157.0,-157.0,-156.0,-155.0,-152.0,-151.0,-157.0,-157.0,-155.5,-157.0,-157.0,-157.0,-155.5,-153.0,-153.0,-157.0,-156.5,-154.0,-151.5,-154.5,-156.5,-157.0,-155.0,-157.0,-154.5,-157.0,-157.0,-156.0,-157.0,-157.0,-157.0,-157.0,-154.0,-157.0,-157.0,-157.0,-155.0,-155.5,-155.5,-155.0,-151.5,-151.0,-155.5,-152.5,-155.5,-156.5,-157.0,-157.0,-155.0,-154.0,-154.0,-156.5,-157.0,-157.0,-157.0,-157.0,-156.0,-157.0,-156.0,-152.5,-155.0,-156.5,-152.5,-157.0,-157.0,-157.0,-157.0,-154.5,-154.0,-154.5,-157.0,-157.0,-156.0,-154.0,-152.0,-153.0,-153.5,-157.0,-157.0,-156.5,-151.0,-157.0,-155.5,-149.5,-150.5,-148.5,-149.0,-154.5,-155.5,-154.0,-154.5,-153.0,-156.0,-149.0,-149.0,-150.5,-157.0,-156.5,-157.0,-157.0,-157.0,-157.0,-157.0,-157.0,-155.0,-157.0,-154.5,-154.0,-155.0,-155.0,-157.0,-157.0,-157.0,-156.0,-156.5,-157.0,-157.0,-157.0,-157.0,-155.0,-149.0,-151.0,-157.0,-157.0,-155.5,-157.0,-155.0,-156.0,-155.0,-157.0,-157.0,-152.0,-152.0,-155.0,-157.0,-156.5,-154.5,-157.0,-149.0,-151.0,-157.0,-157.0,-155.5,-155.5,-157.0,-153.5,-153.5,-157.0,-155.5,-157.0,-157.0,-157.0,-155.5,-156.5,-157.0,-153.0,-154.5,-156.5,-154.0,-155.0,-157.0,-156.5,-155.5,-157.0,-154.5,-155.0,-154.0,-150.5,-155.0,-154.0,-156.5,-155.5,-151.0,-154.5,-154.0,-152.5,-157.0,-156.5,-157.0,-156.5,-154.5,-153.5,-157.0,-155.0,-157.0,-157.0,-157.0,-157.0,-157.0,-157.0,-156.0,-156.0,-157.0,-156.5,-153.5,-155.0,-157.0,-157.0,-157.0,-153.5,-157.0,-156.0,-156.0,-154.0,-152.5,-157.0,-154.5,-154.0,-150.0,-151.5,-152.0,-157.0,-153.0,-152.0,-157.0,-157.0,-157.0,-157.0,-157.0,-152.0,-152.0,-150.5,-152.0,-157.0,-157.0,-157.0,-157.0,-157.0,-157.0
2026-01-17 14:13:44.297,143.049967,5,-77,-157.0,-157.0,-157.0,-156.5,-154.5,-155.0,-154.5,-157.0,-153.0,-152.0,-156.0,-157.0,-157.0,-157.0,-156.0,-155.0,-154.5,-157.0,-157.0,-153.5,-151.5,-157.0,-153.0,-154.5,-157.0,-157.0,-157.0,-157.0,-154.5,-157.0,-157.0,-154.5,-153.0,-154.0,-154.5,-157.0,-155.5,-157.0,-155.5,-154.5,-153.0,-152.0,-152.0,-156.5,-157.0,-157.0,-157.0,-157.0,-156.0,-157.0,-155.0,-156.5,-156.5,-157.0,-157.0,-156.5,-152.0,-154.0,-157.0,-157.0,-155.0,-155.5,-157.0,-155.0,-152.0,-157.0,-157.0,-155.0,-150.5,-151.0,-151.5,-151.5,-151.5,-151.0,-157.0,-153.0,-152.0,-154.5,-154.0,-156.0,-152.5,-151.0,-152.5,-151.0,-157.0,-157.0,-157.0,-155.5,-152.5,-153.0,-157.0,-157.0,-157.0,-157.0,-155.5,-152.0,-157.0,-153.0,-155.0,-157.0,-155.0,-157.0,-156.5,-150.0,-152.0,-151.5,-155.5,-157.0,-157.0,-157.0,-154.5,-157.0,-157.0,-150.0,-151.5,-157.0,-157.0,-155.5,-155.5,-155.5,-157.0,-153.5,-157.0,-157.0,-157.0,-155.0,-157.0,-153.0,-153.0,-151.5,-155.0,-157.0,-157.0,-157.0,-157.0,-157.0,-157.0,-157.0,-157.0,-157.0,-157.0,-157.0,-155.0,-157.0,-152.5,-152.5,-156.0,-157.0,-157.0,-150.5,-154.5,-157.0,-157.0,-154.0,-151.5,-153.0,-155.0,-152.0,-152.5,-153.5,-156.0,-157.0,-157.0,-153.0,-153.0,-157.0,-154.0,-152.5,-150.0,-154.0,-154.0,-155.0,-154.5,-156.0,-153.0,-157.0,-157.0,-156.0,-153.0,-157.0,-155.5,-150.5,-153.0,-157.0,-155.5,-152.5,-153.0,-153.5,-154.0,-157.0,-157.0,-157.0,-151.5,-153.5,-157.0,-157.0,-151.5,-153.0,-157.0,-157.0,-157.0,-157.0,-157.0,-152.5,-150.0,-157.0,-153.0,-149.5,-157.0,-157.0,-156.5,-156.0,-157.0,-157.0,-155.5,-157.0,-157.0,-157.0,-157.0,-155.5,-152.5,-153.0,-157.0,-157.0,-157.0,-157.0,-154.0,-156.0,-157.0,-156.5,-154.0,-152.0,-155.0,-154.5,-155.5,-157.0,-157.0,-157.0,-151.0,-154.0,-151.0,-156.0,-154.5,-157.0,-157.0,-157.0,-156.0,-157.0,-150.5,-151.0,-153.5,-154.5,-157.0,-157.0,-154.0,-156.5,-157.0,-157.0,-155.0,-154.5,-152.0,-155.0,-156.0,-150.0,-151.0,-151.5,-155.5,-157.0,-157.0,-155.0,-153.0,-154.5,-157.0,-156.5,-157.0,-155.5,-157.0,-157.0,-155.0,-157.0,-157.0,-157.0,-157.0,-157.0,-157.0,-157.0,-152.0,-151.5,-151.0,-151.0,-152.5,-157.0,-157.0,-157.0,-151.5,-154.0,-153.5,-154.5,-154.5,-157.0,-156.5,-153.0,-155.0,-156.0,-157.0,-155.0,-156.0,-157.0,-155.5,-155.0,-157.0,-154.5,-155.5,-157.0,-157.0,-156.0,-157.0,-157.0,-157.0,-157.0,-154.5,-156.0,-157.0,-157.0,-157.0,-151.5,-150.5,-156.0,-157.0,-154.5,-156.0,-153.0,-154.5,-157.0,-157.0,-156.5,-153.0,-156.0,-157.0,-151.0,-150.0,-152.5,-154.5,-157.0,-157.0,-156.0,-156.0,-152.5,-157.0,-157.0,-149.5,-150.0,-157.0,-154.5,-154.0,-155.0,-156.5,-157.0,-157.0,-153.5,-152.5,-157.0,-157.0,-157.0,-157.0,-150.0,-150.0,-149.5,-157.0,-157.0,-157.0,-157.0,-153.5,-156.5,-152.0,-156.5,-157.0,-151.0,-151.0,-157.0,-157.0,-157.0,-157.0,-154.0,-152.5,-152.5,-157.0,-156.0,-157.0,-157.0,-157.0,-153.0,-154.5,-157.0,-155.5,-157.0,-156.0,-156.0,-156.0,-157.0,-157.0,-157.0,-157.0,-157.0,-151.5,-154.0,-157.0,-157.0,-157.0,-157.0,-155.0,-151.5,-153.0,-149.5,-155.5,-153.5,-157.0,-153.5,-150.5,-155.5,-157.0,-153.5,-157.0,-154.0,-154.5,-157.0,-156.0,-155.5,-157.0,-157.0,-157.0,-157.0,-157.0,-157.0,-157.0,-156.0,-154.5,-157.0,-157.0,-157.0,-157.0,-156.0,-155.0,-157.0,-157.0,-152.0,-157.0,-155.0,-157.0,-151.5,-151.0,-157.0,-157.0,-157.0,-153.0,-156.5,-152.0,-157.0,-153.5,-153.5,-157.0,-157.0,-157.0,-155.0,-157.0,-153.5,-151.5,-153.5,-153.5,-155.5,-156.0,-157.0,-157.0,-157.0,-155.5
2026-01-17 14:13:44.333,143.049967,5,-77,-157.0,-157.0,-157.0,-157.0,-156.5,-153.0,-153.0,-154.5,-157.0,-157.0,-157.0,-157.0,-157.0,-156.0,-154.5,-157.0,-156.5,-156.0,-157.0,-157.0,-152.5,-157.0,-153.5,-157.0,-156.5,-157.0,-156.5,-154.5,-155.0,-157.0,-157.0,-154.5,-155.0,-157.0,-157.0,-156.5,-153.5,-156.5,-154.0,-157.0,-157.0,-151.0,-151.0,-157.0,-157.0,-157.0,-157.0,-157.0,-156.0,-154.0,-151.0,-156.0,-157.0,-157.0,-157.0,-157.0,-157.0,-155.5,-157.0,-155.5,-150.0,-153.0,-156.5,-150.5,-151.0,-157.0,-157.0,-154.0,-157.0,-157.0,-154.0,-151.5,-156.0,-157.0,-157.0,-157.0,-152.5,-156.0,-154.5,-155.5,-152.5,-150.5,-154.5,-151.5,-154.0,-157.0,-157.0,-154.5,-155.5,-155.0,-157.0,-157.0,-157.0,-157.0,-151.5,-150.0,-157.0,-157.0,-157.0,-157.0,-155.5,-157.0,-153.5,-152.0,-154.0,-153.5,-152.5,-157.0,-157.0,-157.0,-156.5,-157.0,-155.0,-154.5,-157.0,-157.0,-157.0,-153.0,-151.0,-157.0,-157.0,-156.5,-157.0,-157.0,-154.0,-155.0,-155.5,-154.0,-152.5,-153.5,-153.5,-154.5,-157.0,-157.0,-157.0,-157.0,-157.0,-157.0,-157.0,-157.0,-157.0,-155.5,-154.5,-154.5,-151.5,-154.5,-154.5,-156.0,-156.0,-151.5,-157.0,-157.0,-157.0,-154.0,-153.5,-150.0,-153.0,-153.5,-151.5,-155.5,-157.0,-157.0,-157.0,-153.5,-155.0,-156.5,-156.5,-155.0,-155.0,-157.0,-157.0,-157.0,-155.5,-157.0,-155.5,-157.0,-157.0,-157.0,-152.5,-154.0,-148.5,-149.0,-150.5,-154.0,-155.5,-151.5,-154.0,-157.0,-154.0,-157.0,-155.5,-157.0,-157.0,-157.0,-157.0,-157.0,-154.5,-155.0,-157.0,-157.0,-156.0,-155.0,-157.0,-152.5,-151.5,-154.5,-153.5,-151.0,-157.0,-153.5,-153.5,-157.0,-157.0,-157.0,-152.0,-153.0,-156.5,-156.5,-157.0,-152.5,-150.5,-155.5,-157.0,-157.0,-157.0,-157.0,-154.0,-156.5,-157.0,-157.0,-154.5,-153.0,-157.0,-155.5,-155.0,-156.0,-154.5,-157.0,-153.0,-152.0,-151.0,-155.0,-152.0,-156.0,-157.0,-157.0,-157.0,-157.0,-151.5,-151.5,-157.0,-157.0,-156.0,-157.0,-157.0,-157.0,-157.0,-153.0,-156.5,-157.0,-155.5,-157.0,-153.5,-149.5,-155.0,-153.0,-155.0,-156.0,-157.0,-154.0,-154.0,-154.0,-157.0,-157.0,-157.0,-154.5,-152.0,-156.5,-154.5,-155.0,-157.0,-157.0,-156.0,-155.5,-157.0,-157.0,-153.5,-156.0,-151.5,-152.5,-157.0,-157.0,-157.0,-157.0,-151.5,-155.5,-152.5,-157.0,-156.0,-157.0,-157.0,-156.0,-155.0,-156.5,-157.0,-157.0,-157.0,-157.0,-156.0,-155.0,-155.0,-154.0,-157.0,-157.0,-157.0,-154.0,-157.0,-155.0,-156.0,-157.0,-156.5,-157.0,-157.0,-157.0,-151.5,-151.5,-154.0,-155.5,-154.0,-157.0,-157.0,-156.5,-157.0,-157.0,-157.0,-154.5,-154.5,-156.5,-157.0,-155.0,-153.5,-154.5,-157.0,-157.0,-157.0,-156.5,-150.5,-150.0,-154.0,-156.5,-151.0,-150.0,-154.5,-157.0,-157.0,-156.5,-153.0,-150.0,-153.0,-152.5,-153.5,-157.0,-156.5,-157.0,-153.0,-147.0,-150.5,-151.5,-157.0,-157.0,-157.0,-157.0,-153.0,-150.5,-151.5,-157.0,-157.0,-154.0,-152.0,-157.0,-157.0,-157.0,-157.0,-156.5,-157.0,-153.5,-154.0,-154.0,-155.5,-157.0,-157.0,-153.0,-157.0,-157.0,-154.0,-153.5,-152.5,-157.0,-156.5,-157.0,-157.0,-157.0,-157.0,-157.0,-152.5,-155.5,-157.0,-157.0,-157.0,-156.5,-154.5,-150.0,-155.5,-150.5,-150.0,-155.0,-157.0,-149.5,-148.5,-155.0,-155.5,-155.5,-157.0,-153.5,-157.0,-157.0,-156.0,-155.5,-155.0,-157.0,-157.0,-157.0,-157.0,-157.0,-155.5,-155.0,-154.0,-157.0,-157.0,-157.0,-157.0,-157.0,-154.0,-157.0,-152.5,-151.5,-157.0,-157.0,-157.0,-155.5,-152.0,-153.0,-157.0,-157.0,-155.0,-157.0,-155.5,-157.0,-157.0,-157.0,-155.0,-157.0,-157.0,-155.0,-157.0,-157.0,-152.5,-154.0,-156.5,-154.5,-157.0,-157.0,-157.0,-157.0,-155.0
2026-01-17 14:13:44.366,143.049967,5,-77,-157.0,-157.0,-154.5,-154.5,-155.5,-154.0,-152.0,-154.5,-156.5,-157.0,-157.0,-157.0,-157.0,-156.5,-154.5,-155.0,-155.0,-153.0,-157.0,-156.0,-151.0,-153.5,-151.0,-157.0,-155.0,-157.0,-155.5,-154.5,-156.5,-157.0,-157.0,-156.5,-156.0,-156.5,-157.0,-157.0,-153.0,-157.0,-153.5,-157.0,-157.0,-151.5,-151.5,-154.0,-151.0,-151.0,-154.5,-156.5,-157.0,-156.5,-152.5,-156.5,-155.5,-154.5,-157.0,-157.0,-157.0,-155.0,-157.0,-151.5,-149.0,-154.5,-153.5,-154.0,-156.0,-155.5,-157.0,-156.0,-157.0,-157.0,-155.0,-154.5,-154.5,-157.0,-157.0,-154.0,-151.0,-154.5,-157.0,-156.0,-157.0,-155.5,-153.5,-152.0,-153.5,-156.0,-157.0,-156.0,-157.0,-153.5,-157.0,-156.5,-157.0,-157.0,-154.0,-151.0,-157.0,-157.0,-157.0,-157.0,-157.0,-157.0,-153.0,-156.0,-157.0,-156.5,-155.0,-157.0,-157.0,-157.0,-157.0,-157.0,-157.0,-157.0,-157.0,-157.0,-155.0,-155.0,-151.5,-157.0,-157.0,-156.0,-157.0,-157.0,-151.5,-153.5,-153.5,-156.5,-157.0,-157.0,-154.5,-157.0,-157.0,-157.0,-156.0,-155.5,-157.0,-157.0,-157.0,-157.0,-157.0,-157.0,-157.0,-157.0,-152.5,-156.0,-152.5,-156.0,-154.5,-154.5,-157.0,-157.0,-156.5,-152.5,-155.5,-149.0,-149.0,-156.5,-153.5,-157.0,-157.0,-157.0,-157.0,-152.0,-152.0,-153.0,-157.0,-157.0,-157.0,-157.0,-157.0,-157.0,-157.0,-157.0,-157.0,-157.0,-157.0,-157.0,-153.0,-156.5,-149.5,-151.5,-149.5,-150.5,-156.0,-153.0,-157.0,-157.0,-153.0,-157.0,-157.0,-157.0,-157.0,-157.0,-157.0,-157.0,-157.0,-157.0,-157.0,-157.0,-157.0,-156.0,-157.0,-157.0,-157.0,-154.5,-157.0,-156.5,-157.0,-151.5,-150.0,-157.0,-157.0,-157.0,-156.0,-155.0,-154.0,-154.5,-157.0,-155.5,-151.5,-157.0,-157.0,-157.0,-157.0,-157.0,-155.5,-157.0,-157.0,-157.0,-157.0,-156.0,-157.0,-153.5,-155.0,-156.5,-155.0,-155.0,-150.5,-154.0,-157.0,-157.0,-153.5,-155.0,-157.0,-157.0,-157.0,-157.0,-156.0,-156.0,-157.0,-157.0,-156.5,-150.5,-153.0,-157.0,-157.0,-151.5,-153.0,-153.5,-157.0,-157.0,-151.5,-152.0,-155.0,-153.5,-152.5,-155.5,-156.5,-156.5,-157.0,-153.5,-157.0,-157.0,-157.0,-156.0,-148.0,-150.5,-155.0,-156.0,-157.0,-157.0,-153.5,-153.0,-157.0,-157.0,-156.5,-157.0,-154.5,-152.0,-157.0,-157.0,-157.0,-157.0,-155.5,-154.0,-154.0,-156.0,-157.0,-154.5,-154.5,-157.0,-157.0,-157.0,-157.0,-157.0,-157.0,-151.5,-151.0,-154.0,-157.0,-157.0,-157.0,-156.5,-157.0,-157.0,-157.0,-157.0,-157.0,-157.0,-157.0,-157.0,-157.0,-154.5,-151.0,-156.0,-157.0,-157.0,-151.0,-157.0,-157.0,-157.0,-157.0,-157.0,-156.5,-153.5,-157.0,-156.5,-157.0,-156.0,-153.0,-155.5,-157.0,-157.0,-157.0,-157.0,-150.0,-153.5,-153.5,-157.0,-157.0,-156.5,-155.5,-157.0,-157.0,-157.0,-153.5,-149.5,-152.5,-156.0,-157.0,-157.0,-157.0,-151.5,-153.5,-145.0,-147.5,-153.5,-155.0,-155.0,-157.0,-157.0,-157.0,-153.0,-156.5,-154.5,-154.5,-157.0,-154.0,-157.0,-156.0,-156.0,-157.0,-154.0,-153.5,-156.5,-151.0,-156.0,-156.5,-157.0,-152.5,-153.0,-157.0,-157.0,-156.0,-151.0,-151.0,-155.5,-155.0,-157.0,-157.0,-157.0,-157.0,-157.0,-155.5,-157.0,-157.0,-154.5,-157.0,-156.5,-153.5,-150.5,-157.0,-151.0,-148.5,-154.0,-154.0,-151.0,-148.5,-152.0,-150.0,-154.0,-157.0,-153.5,-156.5,-154.0,-153.5,-153.0,-156.5,-157.0,-157.0,-157.0,-157.0,-151.0,-152.5,-156.5,-154.0,-157.0,-157.0,-157.0,-157.0,-157.0,-156.5,-157.0,-153.5,-155.5,-157.0,-157.0,-157.0,-156.0,-154.0,-156.0,-157.0,-157.0,-153.5,-157.0,-157.0,-157.0,-157.0,-157.0,-155.0,-156.0,-156.0,-157.0,-157.0,-155.5,-157.0,-157.0,-157.0,-157.0,-157.0,-155.5,-157.0,-157.0,-151.0
2026-01-17 14:13:44.401,143.049967,5,-77,-157.0,-157.0,-155.0,-155.0,-157.0,-157.0,-153.5,-156.0,-156.5,-154.0,-157.0,-157.0,-157.0,-157.0,-155.5,-151.5,-157.0,-154.5,-157.0,-157.0,-153.5,-152.5,-150.5,-154.5,-155.0,-157.0,-157.0,-157.0,-157.0,-157.0,-157.0,-157.0,-155.5,-157.0,-157.0,-157.0,-154.0,-155.0,-153.0,-154.5,-157.0,-152.0,-155.0,-156.0,-151.0,-151.0,-150.0,-152.0,-157.0,-157.0,-157.0,-157.0,-157.0,-154.5,-157.0,-157.0,-157.0,-155.0,-156.5,-154.0,-153.0,-153.0,-155.0,-157.0,-155.5,-154.5,-157.0,-156.5,-157.0,-157.0,-154.5,-155.0,-157.0,-155.0,-157.0,-157.0,-151.0,-151.0,-157.0,-155.0,-157.0,-157.0,-156.0,-150.0,-152.0,-157.0,-156.0,-157.0,-152.0,-149.5,-156.5,-154.5,-154.5,-153.0,-157.0,-152.5,-155.0,-157.0,-156.0,-154.5,-157.0,-157.0,-151.5,-157.0,-157.0,-155.5,-157.0,-157.0,-157.0,-157.0,-157.0,-154.5,-153.5,-157.0,-157.0,-157.0,-157.0,-157.0,-153.5,-155.5,-157.0,-154.5,-157.0,-155.5,-150.5,-151.0,-153.5,-154.0,-157.0,-153.0,-152.5,-157.0,-157.0,-157.0,-155.5,-157.0,-157.0,-157.0,-157.0,-157.0,-157.0,-157.0,-155.5,-155.0,-150.0,-151.5,-152.0,-154.0,-157.0,-157.0,-157.0,-157.0,-157.0,-153.5,-154.0,-157.0,-152.0,-155.5,-157.0,-157.0,-157.0,-157.0,-153.5,-154.0,-151.5,-151.0,-157.0,-157.0,-157.0,-157.0,-157.0,-157.0,-157.0,-157.0,-157.0,-157.0,-153.5,-155.5,-152.0,-155.0,-157.0,-153.0,-153.5,-154.0,-157.0,-155.5,-157.0,-157.0,-154.5,-157.0,-157.0,-157.0,-157.0,-157.0,-157.0,-157.0,-157.0,-157.0,-157.0,-157.0,-157.0,-154.5,-157.0,-157.0,-152.5,-151.5,-157.0,-157.0,-157.0,-152.0,-150.0,-157.0,-157.0,-157.0,-155.5,-157.0,-157.0,-155.0,-156.0,-155.0,-153.5,-157.0,-157.0,-157.0,-157.0,-157.0,-155.0,-155.5,-157.0,-157.0,-155.0,-154.0,-157.0,-155.5,-157.0,-157.0,-157.0,-148.5,-146.5,-152.5,-153.0,-152.5,-155.5,-154.5,-157.0,-155.5,-153.5,-155.5,-157.0,-157.0,-157.0,-157.0,-157.0,-148.0,-150.0,-155.0,-157.0,-153.0,-151.5,-153.0,-155.5,-152.0,-155.0,-154.5,-157.0,-153.0,-151.0,-155.5,-157.0,-157.0,-153.5,-151.0,-156.0,-157.0,-157.0,-152.5,-150.0,-153.0,-154.5,-156.5,-157.0,-157.0,-153.5,-157.0,-157.0,-157.0,-156.0,-156.0,-157.0,-153.0,-154.5,-154.5,-157.0,-157.0,-157.0,-157.0,-157.0,-156.0,-157.0,-153.5,-156.0,-157.0,-157.0,-157.0,-157.0,-157.0,-157.0,-151.5,-154.0,-156.5,-157.0,-157.0,-157.0,-155.0,-157.0,-157.0,-154.5,-157.0,-157.0,-154.0,-155.0,-157.0,-157.0,-154.0,-153.5,-157.0,-157.0,-157.0,-150.5,-153.0,-157.0,-157.0,-157.0,-157.0,-157.0,-154.5,-157.0,-154.0,-157.0,-157.0,-154.0,-157.0,-155.0,-153.5,-157.0,-156.5,-151.5,-157.0,-154.0,-157.0,-157.0,-157.0,-153.0,-154.0,-157.0,-157.0,-156.0,-153.0,-157.0,-157.0,-157.0,-157.0,-155.0,-151.5,-149.5,-146.5,-150.5,-151.0,-151.0,-152.5,-152.5,-157.0,-155.5,-157.0,-157.0,-157.0,-154.5,-154.0,-154.5,-157.0,-154.5,-157.0,-157.0,-154.0,-154.5,-157.0,-152.0,-157.0,-157.0,-153.0,-151.5,-157.0,-157.0,-156.0,-157.0,-154.0,-154.0,-156.5,-155.0,-157.0,-157.0,-157.0,-157.0,-157.0,-156.5,-157.0,-156.0,-151.0,-152.5,-155.5,-157.0,-153.0,-157.0,-151.5,-150.0,-156.0,-154.5,-153.5,-151.5,-154.5,-152.5,-152.0,-157.0,-155.5,-157.0,-152.0,-157.0,-156.0,-157.0,-157.0,-157.0,-156.5,-152.0,-150.0,-154.5,-157.0,-154.0,-157.0,-157.0,-157.0,-157.0,-157.0,-157.0,-157.0,-156.5,-152.0,-152.5,-157.0,-157.0,-157.0,-157.0,-157.0,-156.5,-156.5,-152.5,-154.0,-156.5,-155.0,-157.0,-157.0,-154.5,-152.5,-154.0,-157.0,-157.0,-154.0,-157.0,-157.0,-157.0,-157.0,-157.0,-151.5,-153.5,-157.0,-153.5
2026-01-17 14:13:44.431,143.049967,5,-77,-157.0,-157.0,-157.0,-155.5,-157.0,-156.5,-156.0,-151.5,-153.0,-154.5,-157.0,-157.0,-157.0,-157.0,-155.5,-150.0,-154.5,-156.5,-153.0,-153.5,-157.0,-157.0,-151.5,-153.5,-155.0,-157.0,-157.0,-157.0,-157.0,-157.0,-157.0,-155.5,-153.0,-157.0,-157.0,-157.0,-156.5,-155.0,-156.0,-156.5,-155.0,-155.5,-157.0,-157.0,-157.0,-154.5,-151.0,-155.5,-156.0,-155.0,-155.5,-156.0,-157.0,-156.0,-157.0,-156.0,-157.0,-155.0,-154.0,-155.0,-157.0,-157.0,-157.0,-153.5,-154.0,-155.0,-154.0,-157.0,-157.0,-157.0,-156.0,-155.0,-157.0,-154.0,-156.5,-157.0,-156.0,-154.0,-156.0,-155.5,-156.0,-157.0,-157.0,-149.0,-150.5,-156.0,-153.5,-157.0,-148.5,-148.0,-155.0,-155.0,-153.0,-152.0,-157.0,-156.0,-152.5,-157.0,-156.5,-154.5,-157.0,-152.0,-149.0,-157.0,-156.5,-157.0,-157.0,-157.0,-157.0,-154.5,-156.5,-152.0,-151.0,-157.0,-157.0,-157.0,-157.0,-157.0,-153.0,-155.5,-157.0,-153.5,-156.5,-157.0,-157.0,-156.0,-157.0,-153.5,-156.5,-156.5,-155.0,-157.0,-157.0,-157.0,-157.0,-157.0,-155.0,-154.0,-154.0,-152.0,-153.0,-157.0,-153.5,-155.0,-149.5,-151.0,-152.5,-152.5,-156.5,-155.5,-157.0,-157.0,-157.0,-157.0,-152.5,-154.0,-157.0,-157.0,-157.0,-157.0,-157.0,-157.0,-156.0,-157.0,-156.5,-151.5,-157.0,-157.0,-157.0,-157.0,-157.0,-157.0,-157.0,-155.5,-155.5,-157.0,-155.0,-153.0,-153.0,-153.5,-157.0,-150.5,-154.5,-157.0,-157.0,-154.5,-157.0,-157.0,-157.0,-156.0,-153.5,-157.0,-155.5,-154.5,-153.5,-156.0,-154.0,-157.0,-157.0,-157.0,-157.0,-155.0,-157.0,-153.5,-149.5,-150.5,-152.5,-157.0,-157.0,-155.5,-153.0,-155.5,-157.0,-157.0,-154.0,-153.5,-155.5,-153.5,-157.0,-152.5,-152.5,-156.0,-156.5,-156.5,-157.0,-157.0,-151.0,-150.5,-157.0,-157.0,-157.0,-153.0,-154.5,-151.0,-157.0,-157.0,-157.0,-152.5,-148.5,-153.5,-153.0,-153.0,-157.0,-155.0,-157.0,-153.5,-151.5,-157.0,-157.0,-156.5,-157.0,-157.0,-157.0,-148.5,-151.0,-154.5,-157.0,-157.0,-155.5,-156.5,-152.5,-151.5,-157.0,-157.0,-157.0,-157.0,-151.5,-156.5,-157.0,-157.0,-154.0,-152.0,-157.0,-156.5,-157.0,-154.5,-155.5,-156.5,-157.0,-157.0,-157.0,-154.5,-152.5,-156.5,-157.0,-157.0,-153.5,-155.0,-157.0,-152.0,-157.0,-152.5,-153.0,-157.0,-157.0,-157.0,-157.0,-157.0,-157.0,-157.0,-157.0,-157.0,-157.0,-154.0,-157.0,-157.0,-155.0,-153.5,-157.0,-156.0,-157.0,-157.0,-157.0,-155.0,-157.0,-152.5,-152.5,-157.0,-157.0,-154.0,-157.0,-156.5,-157.0,-157.0,-157.0,-157.0,-156.0,-155.0,-152.0,-151.0,-157.0,-156.0,-153.0,-152.0,-155.5,-156.5,-152.0,-151.0,-157.0,-157.0,-155.0,-157.0,-156.5,-154.5,-157.0,-152.5,-152.5,-157.0,-156.0,-157.0,-157.0,-154.5,-152.0,-155.5,-155.5,-157.0,-155.0,-156.5,-155.5,-154.5,-157.0,-157.0,-153.5,-152.0,-147.5,-147.5,-153.5,-151.5,-149.5,-155.5,-155.5,-156.0,-154.5,-154.0,-155.0,-157.0,-157.0,-157.0,-156.0,-157.0,-155.5,-157.0,-157.0,-157.0,-157.0,-157.0,-156.5,-157.0,-155.0,-150.5,-150.5,-151.5,-153.0,-154.0,-155.0,-156.0,-157.0,-157.0,-157.0,-157.0,-157.0,-157.0,-156.5,-155.5,-152.0,-154.5,-157.0,-152.5,-151.0,-157.0,-157.0,-153.5,-157.0,-156.0,-157.0,-157.0,-153.5,-155.0,-155.5,-157.0,-157.0,-152.5,-157.0,-157.0,-157.0,-155.0,-157.0,-157.0,-157.0,-157.0,-156.5,-151.0,-149.5,-154.0,-157.0,-157.0,-153.5,-157.0,-156.5,-157.0,-156.5,-157.0,-157.0,-157.0,-157.0,-149.0,-149.0,-156.5,-157.0,-157.0,-157.0,-154.0,-153.0,-157.0,-156.5,-155.5,-156.0,-157.0,-154.5,-157.0,-157.0,-154.0,-156.5,-157.0,-156.0,-152.0,-157.0,-157.0,-154.0,-154.0,-157.0,-152.5,-157.0,-156.5,-157.0
2026-01-17 14:13:44.468,143.049967,5,-77,-157.0,-157.0,-157.0,-157.0,-157.0,-157.0,-156.5,-150.0,-149.5,-157.0,-157.0,-157.0,-157.0,-157.0,-154.0,-152.5,-151.5,-157.0,-154.5,-155.0,-157.0,-157.0,-153.5,-157.0,-155.0,-156.5,-155.0,-157.0,-157.0,-157.0,-157.0,-150.5,-150.5,-157.0,-157.0,-157.0,-157.0,-157.0,-155.5,-157.0,-157.0,-157.0,-157.0,-155.5,-157.0,-155.5,-153.0,-157.0,-156.0,-154.0,-152.0,-157.0,-157.0,-157.0,-157.0,-156.5,-157.0,-156.5,-153.0,-153.0,-155.5,-157.0,-155.0,-154.0,-157.0,-152.5,-152.5,-156.5,-156.0,-157.0,-157.0,-157.0,-157.0,-157.0,-155.0,-155.0,-157.0,-157.0,-157.0,-157.0,-156.0,-157.0,-154.0,-152.0,-157.0,-157.0,-152.5,-156.5,-149.5,-151.5,-157.0,-155.5,-154.0,-157.0,-157.0,-157.0,-153.5,-154.0,-157.0,-157.0,-157.0,-151.5,-150.0,-154.5,-154.5,-157.0,-157.0,-157.0,-157.0,-154.0,-154.5,-151.0,-152.0,-157.0,-157.0,-156.5,-150.5,-154.5,-151.0,-157.0,-157.0,-152.5,-152.0,-155.5,-157.0,-157.0,-157.0,-155.0,-156.5,-157.0,-155.0,-152.0,-154.0,-155.0,-155.0,-156.0,-152.0,-153.0,-150.5,-155.0,-156.5,-156.5,-154.0,-156.0,-150.5,-153.5,-155.0,-150.0,-151.0,-156.0,-155.0,-157.0,-157.0,-153.5,-151.5,-157.0,-157.0,-157.0,-157.0,-157.0,-157.0,-154.5,-157.0,-157.0,-156.5,-151.5,-155.5,-157.0,-157.0,-157.0,-157.0,-157.0,-157.0,-157.0,-155.0,-156.0,-157.0,-157.0,-157.0,-154.5,-157.0,-150.0,-155.5,-157.0,-157.0,-154.0,-156.0,-157.0,-157.0,-157.0,-154.5,-156.0,-156.5,-153.0,-154.0,-151.0,-152.0,-156.0,-157.0,-157.0,-157.0,-155.0,-157.0,-157.0,-153.0,-157.0,-153.5,-157.0,-154.5,-153.5,-156.5,-157.0,-157.0,-157.0,-157.0,-156.0,-153.0,-153.0,-157.0,-157.0,-155.0,-157.0,-157.0,-157.0,-157.0,-157.0,-153.5,-151.0,-157.0,-157.0,-157.0,-155.0,-150.5,-149.5,-153.5,-155.5,-157.0,-157.0,-152.0,-157.0,-157.0,-157.0,-157.0,-157.0,-157.0,-154.0,-156.5,-157.0,-153.5,-153.0,-157.0,-157.0,-157.0,-149.0,-149.0,-154.5,-157.0,-157.0,-154.5,-157.0,-157.0,-155.0,-155.5,-157.0,-157.0,-157.0,-155.0,-155.5,-157.0,-157.0,-157.0,-156.0,-155.5,-154.0,-153.0,-157.0,-153.5,-155.0,-157.0,-157.0,-157.0,-156.0,-152.5,-157.0,-157.0,-152.0,-150.0,-153.0,-151.5,-151.0,-157.0,-157.0,-153.5,-156.5,-157.0,-157.0,-157.0,-157.0,-157.0,-157.0,-157.0,-157.0,-154.5,-152.5,-157.0,-157.0,-157.0,-154.5,-154.5,-154.5,-156.5,-155.0,-157.0,-153.0,-153.0,-154.5,-155.5,-157.0,-157.0,-154.5,-157.0,-156.5,-157.0,-157.0,-157.0,-157.0,-157.0,-154.0,-152.5,-153.5,-157.0,-157.0,-154.0,-149.5,-151.5,-155.5,-156.0,-153.5,-157.0,-156.5,-154.5,-157.0,-156.0,-154.5,-157.0,-155.5,-157.0,-157.0,-157.0,-157.0,-157.0,-152.5,-153.0,-157.0,-153.0,-156.5,-157.0,-157.0,-152.5,-153.0,-157.0,-157.0,-157.0,-154.5,-145.0,-146.0,-152.5,-156.0,-152.5,-157.0,-157.0,-157.0,-157.0,-150.5,-151.0,-157.0,-157.0,-157.0,-155.5,-154.5,-157.0,-154.0,-154.0,-157.0,-157.0,-152.5,-153.5,-157.0,-156.0,-156.0,-155.5,-151.0,-153.0,-157.0,-155.5,-157.0,-157.0,-157.0,-157.0,-157.0,-157.0,-157.0,-154.0,-156.5,-152.5,-155.5,-157.0,-157.0,-154.5,-156.5,-154.0,-151.5,-157.0,-157.0,-157.0,-157.0,-156.5,-157.0,-157.0,-157.0,-157.0,-151.5,-153.5,-155.5,-157.0,-156.5,-154.0,-153.0,-157.0,-157.0,-155.5,-153.5,-151.5,-157.0,-157.0,-157.0,-154.5,-157.0,-156.5,-156.0,-153.5,-157.0,-156.5,-156.5,-157.0,-153.0,-150.0,-151.5,-157.0,-157.0,-157.0,-151.5,-154.5,-157.0,-155.5,-156.0,-157.0,-153.5,-151.5,-157.0,-157.0,-156.0,-153.0,-152.5,-149.0,-148.0,-156.0,-157.0,-155.5,-156.0,-157.0,-155.5,-157.0,-155.0,-157.0
2026-01-17 14:13:44.500,143.049967,5,-77,-157.0,-157.0,-157.0,-157.0,-157.0,-157.0,-157.0,-157.0,-152.0,-153.5,-155.0,-157.0,-157.0,-157.0,-154.5,-155.5,-152.0,-153.5,-152.5,-152.0,-155.0,-157.0,-154.0,-157.0,-153.5,-157.0,-154.5,-153.5,-157.0,-153.5,-153.5,-151.5,-151.5,-157.0,-157.0,-157.0,-157.0,-157.0,-157.0,-157.0,-157.0,-157.0,-157.0,-156.5,-155.0,-155.0,-155.5,-157.0,-156.0,-155.0,-152.0,-156.5,-155.5,-157.0,-156.5,-155.0,-156.0,-155.5,-156.0,-157.0,-157.0,-157.0,-156.0,-154.0,-157.0,-154.0,-157.0,-154.0,-155.0,-157.0,-157.0,-157.0,-157.0,-157.0,-157.0,-157.0,-156.0,-154.5,-153.5,-157.0,-157.0,-157.0,-156.0,-157.0,-157.0,-157.0,-152.0,-157.0,-152.0,-155.5,-156.5,-154.0,-157.0,-157.0,-156.5,-156.5,-157.0,-154.5,-157.0,-157.0,-157.0,-155.5,-152.5,-156.5,-156.0,-157.0,-157.0,-157.0,-157.0,-157.0,-155.5,-153.0,-154.0,-157.0,-157.0,-152.0,-146.5,-151.5,-149.5,-155.0,-156.0,-157.0,-152.5,-151.0,-157.0,-156.0,-157.0,-157.0,-157.0,-157.0,-155.5,-153.5,-152.5,-155.5,-156.0,-157.0,-151.5,-153.5,-153.0,-157.0,-157.0,-157.0,-157.0,-150.0,-148.0,-157.0,-154.0,-149.0,-153.0,-154.5,-153.5,-154.0,-153.5,-155.0,-152.5,-154.0,-157.0,-157.0,-157.0,-157.0,-157.0,-153.5,-153.5,-152.5,-156.0,-152.5,-157.0,-157.0,-157.0,-154.5,-157.0,-157.0,-157.0,-156.0,-156.0,-157.0,-157.0,-157.0,-157.0,-152.5,-152.0,-151.5,-156.5,-155.5,-157.0,-155.0,-155.5,-157.0,-154.5,-157.0,-156.0,-156.0,-157.0,-157.0,-155.0,-154.5,-156.0,-155.0,-157.0,-157.0,-157.0,-155.5,-156.0,-154.0,-157.0,-156.5,-157.0,-156.5,-153.0,-155.0,-157.0,-157.0,-157.0,-157.0,-157.0,-157.0,-157.0,-157.0,-157.0,-157.0,-154.0,-157.0,-157.0,-157.0,-157.0,-157.0,-157.0,-151.0,-155.0,-157.0,-157.0,-156.0,-152.0,-152.0,-151.0,-151.5,-154.0,-156.5,-151.5,-157.0,-155.5,-157.0,-154.0,-153.0,-154.0,-154.0,-157.0,-154.0,-152.5,-153.5,-154.5,-157.0,-157.0,-150.5,-152.5,-157.0,-157.0,-154.0,-152.5,-157.0,-157.0,-157.0,-153.0,-157.0,-157.0,-157.0,-157.0,-155.5,-157.0,-157.0,-153.0,-157.0,-153.5,-151.5,-151.0,-157.0,-151.5,-153.0,-157.0,-157.0,-157.0,-157.0,-153.0,-157.0,-152.5,-149.5,-149.5,-155.5,-152.5,-152.0,-154.0,-154.5,-154.5,-157.0,-157.0,-157.0,-156.0,-156.0,-157.0,-155.5,-157.0,-155.0,-152.5,-156.0,-157.0,-157.0,-157.0,-156.0,-157.0,-153.0,-155.0,-154.0,-155.5,-152.0,-152.0,-157.0,-156.0,-156.5,-157.0,-153.5,-156.0,-157.0,-155.0,-157.0,-157.0,-154.0,-153.0,-153.0,-153.0,-157.0,-157.0,-157.0,-157.0,-151.0,-153.5,-153.5,-157.0,-157.0,-157.0,-157.0,-157.0,-152.5,-157.0,-155.5,-157.0,-157.0,-157.0,-157.0,-157.0,-152.5,-154.0,-154.5,-152.5,-157.0,-153.5,-157.0,-157.0,-156.5,-155.5,-157.0,-157.0,-157.0,-157.0,-155.5,-146.0,-148.5,-154.0,-155.5,-157.0,-154.0,-157.0,-157.0,-157.0,-153.0,-155.5,-153.5,-155.0,-157.0,-155.5,-155.5,-157.0,-156.0,-156.5,-157.0,-157.0,-151.0,-151.0,-157.0,-157.0,-157.0,-157.0,-156.0,-157.0,-157.0,-155.5,-157.0,-157.0,-157.0,-157.0,-157.0,-157.0,-157.0,-151.5,-151.0,-154.0,-157.0,-157.0,-157.0,-155.5,-154.5,-152.5,-153.5,-156.5,-157.0,-156.5,-155.0,-157.0,-157.0,-157.0,-157.0,-157.0,-152.5,-152.0,-156.0,-154.5,-157.0,-154.0,-155.0,-157.0,-157.0,-157.0,-157.0,-156.0,-157.0,-157.0,-157.0,-157.0,-157.0,-156.5,-157.0,-155.5,-157.0,-155.5,-156.0,-157.0,-156.0,-151.0,-152.5,-157.0,-156.0,-157.0,-155.0,-157.0,-157.0,-156.0,-157.0,-157.0,-153.5,-152.0,-157.0,-157.0,-156.0,-156.0,-153.5,-149.5,-150.0,-152.5,-157.0,-157.0,-157.0,-157.0,-157.0,-155.5,-157.0,-155.0
2026-01-17 14:13:44.500,143.049967,5,-77,-157.0,-157.0,-157.0,-157.0,-157.0,-157.0,-157.0,-157.0,-152.0,-153.5,-155.0,-157.0,-157.0,-157.0,-154.5,-155.5,-152.0,-153.5,-152.5,-152.0,-155.0,-157.0,-154.0,-157.0,-153.5,-157.0,-154.5,-153.5,-157.0,-153.5,-153.5,-151.5,-151.5,-157.0,-157.0,-157.0,-157.0,-157.0,-157.0,-157.0,-157.0,-157.0,-157.0,-156.5,-155.0,-155.0,-155.5,-157.0,-156.0,-155.0,-152.0,-156.5,-155.5,-157.0,-156.5,-155.0,-156.0,-155.5,-156.0,-157.0,-157.0,-157.0,-156.0,-154.0,-157.0,-154.0,-157.0,-154.0,-155.0,-157.0,-157.0,-157.0,-157.0,-157.0,-157.0,-157.0,-156.0,-154.5,-153.5,-157.0,-157.0,-157.0,-156.0,-157.0,-157.0,-157.0,-152.0,-157.0,-152.0,-155.5,-156.5,-154.0,-157.0,-157.0,-156.5,-156.5,-157.0,-154.5,-157.0,-157.0,-157.0,-155.5,-152.5,-156.5,-156.0,-157.0,-157.0,-157.0,-157.0,-157.0,-155.5,-153.0,-154.0,-157.0,-157.0,-152.0,-146.5,-151.5,-149.5,-155.0,-156.0,-157.0,-152.5,-151.0,-157.0,-156.0,-157.0,-157.0,-157.0,-157.0,-155.5,-153.5,-152.5,-155.5,-156.0,-157.0,-151.5,-153.5,-153.0,-157.0,-157.0,-157.0,-157.0,-150.0,-148.0,-157.0,-154.0,-149.0,-153.0,-154.5,-153.5,-154.0,-153.5,-155.0,-152.5,-154.0,-157.0,-157.0,-157.0,-157.0,-157.0,-153.5,-153.5,-152.5,-156.0,-152.5,-157.0,-157.0,-157.0,-154.5,-157.0,-157.0,-157.0,-156.0,-156.0,-157.0,-157.0,-157.0,-157.0,-152.5,-152.0,-151.5,-156.5,-155.5,-157.0,-155.0,-155.5,-157.0,-154.5,-157.0,-156.0,-156.0,-157.0,-157.0,-155.0,-154.5,-156.0,-155.0,-157.0,-157.0,-157.0,-155.5,-156.0,-154.0,-157.0,-156.5,-157.0,-156.5,-153.0,-155.0,-157.0,-157.0,-157.0,-157.0,-157.0,-157.0,-157.0,-157.0,-157.0,-157.0,-154.0,-157.0,-157.0,-157.0,-157.0,-157.0,-157.0,-151.0,-155.0,-157.0,-157.0,-156.0,-152.0,-152.0,-151.0,-151.5,-154.0,-156.5,-151.5,-157.0,-155.5,-157.0,-154.0,-153.0,-154.0,-154.0,-157.0,-154.0,-152.5,-153.5,-154.5,-157.0,-157.0,-150.5,-152.5,-157.0,-157.0,-154.0,-152.5,-157.0,-157.0,-157.0,-153.0,-157.0,-157.0,-157.0,-157.0,-155.5,-157.0,-157.0,-153.0,-157.0,-153.5,-151.5,-151.0,-157.0,-151.5,-153.0,-157.0,-157.0,-157.0,-157.0,-153.0,-157.0,-152.5,-149.5,-149.5,-155.5,-152.5,-152.0,-154.0,-154.5,-154.5,-157.0,-157.0,-157.0,-156.0,-156.0,-157.0,-155.5,-157.0,-155.0,-152.5,-156.0,-157.0,-157.0,-157.0,-156.0,-157.0,-153.0,-155.0,-154.0,-155.5,-152.0,-152.0,-157.0,-156.0,-156.5,-157.0,-153.5,-156.0,-157.0,-155.0,-157.0,-157.0,-154.0,-153.0,-153.0,-153.0,-157.0,-157.0,-157.0,-157.0,-151.0,-153.5,-153.5,-157.0,-157.0,-157.0,-157.0,-157.0,-152.5,-157.0,-155.5,-157.0,-157.0,-157.0,-157.0,-157.0,-152.5,-154.0,-154.5,-152.5,-157.0,-153.5,-157.0,-157.0,-156.5,-155.5,-157.0,-157.0,-157.0,-157.0,-155.5,-146.0,-148.5,-154.0,-155.5,-157.0,-154.0,-157.0,-157.0,-157.0,-153.0,-155.5,-153.5,-155.0,-157.0,-155.5,-155.5,-157.0,-156.0,-156.5,-157.0,-157.0,-151.0,-151.0,-157.0,-157.0,-157.0,-157.0,-156.0,-157.0,-157.0,-155.5,-157.0,-157.0,-157.0,-157.0,-157.0,-157.0,-157.0,-151.5,-151.0,-154.0,-157.0,-157.0,-157.0,-155.5,-154.5,-152.5,-153.5,-156.5,-157.0,-156.5,-155.0,-157.0,-157.0,-157.0,-157.0,-157.0,-152.5,-152.0,-156.0,-154.5,-157.0,-154.0,-155.0,-157.0,-157.0,-157.0,-157.0,-156.0,-157.0,-157.0,-157.0,-157.0,-157.0,-156.5,-157.0,-155.5,-157.0,-155.5,-156.0,-157.0,-156.0,-151.0,-152.5,-157.0,-156.0,-157.0,-155.0,-157.0,-157.0,-156.0,-157.0,-157.0,-153.5,-152.0,-157.0,-157.0,-156.0,-156.0,-153.5,-149.5,-150.0,-152.5,-157.0,-157.0,-157.0,-157.0,-157.0,-155.5,-157.0,-155.0
2026-01-17 14:13:44.531,143.049967,5,-77,-157.0,-157.0,-157.0,-157.0,-157.0,-157.0,-157.0,-157.0,-154.5,-153.0,-153.0,-157.0,-157.0,-157.0,-156.0,-150.0,-151.0,-153.0,-154.0,-152.5,-153.5,-157.0,-153.5,-154.0,-151.5,-150.0,-150.5,-151.5,-154.5,-156.5,-154.0,-157.0,-157.0,-157.0,-157.0,-157.0,-155.5,-155.5,-157.0,-157.0,-157.0,-157.0,-157.0,-157.0,-157.0,-157.0,-157.0,-157.0,-151.5,-149.0,-150.0,-154.5,-156.0,-157.0,-157.0,-150.0,-151.0,-154.5,-152.5,-157.0,-156.5,-155.0,-156.0,-154.0,-157.0,-157.0,-157.0,-154.5,-156.0,-157.0,-157.0,-157.0,-157.0,-157.0,-157.0,-157.0,-152.5,-152.0,-153.0,-157.0,-157.0,-157.0,-154.0,-157.0,-156.0,-157.0,-154.0,-156.5,-157.0,-156.5,-156.0,-153.0,-154.0,-157.0,-155.5,-157.0,-154.0,-155.0,-157.0,-157.0,-157.0,-157.0,-153.0,-154.0,-157.0,-157.0,-157.0,-157.0,-157.0,-157.0,-152.0,-156.5,-157.0,-157.0,-157.0,-156.0,-148.0,-152.5,-151.0,-152.0,-157.0,-157.0,-157.0,-152.5,-152.5,-150.0,-150.0,-155.5,-157.0,-157.0,-152.5,-156.0,-153.5,-157.0,-157.0,-157.0,-153.0,-154.0,-157.0,-157.0,-157.0,-157.0,-157.0,-149.0,-146.5,-152.5,-157.0,-151.0,-152.0,-154.0,-155.0,-150.5,-152.5,-155.5,-154.0,-152.0,-156.5,-157.0,-153.0,-155.0,-157.0,-156.0,-153.5,-152.0,-153.5,-152.0,-156.5,-157.0,-157.0,-157.0,-154.5,-157.0,-152.0,-151.5,-157.0,-157.0,-157.0,-157.0,-157.0,-155.0,-153.5,-155.0,-154.0,-152.5,-157.0,-154.0,-157.0,-157.0,-156.0,-154.0,-151.5,-153.0,-156.5,-157.0,-154.5,-157.0,-157.0,-157.0,-157.0,-157.0,-157.0,-157.0,-154.5,-151.5,-153.5,-153.0,-157.0,-149.5,-151.5,-157.0,-157.0,-156.5,-157.0,-157.0,-157.0,-157.0,-157.0,-157.0,-157.0,-155.5,-153.5,-157.0,-157.0,-154.0,-156.0,-157.0,-157.0,-153.0,-155.0,-157.0,-157.0,-154.5,-155.5,-157.0,-152.0,-156.0,-152.0,-157.0,-151.0,-154.0,-153.0,-157.0,-154.5,-149.5,-154.0,-156.5,-157.0,-152.5,-152.5,-157.0,-155.0,-152.5,-152.5,-151.5,-157.0,-153.5,-153.5,-156.0,-156.5,-157.0,-156.0,-155.5,-153.0,-155.0,-157.0,-156.0,-157.0,-156.0,-157.0,-157.0,-150.0,-155.5,-153.0,-151.5,-153.5,-154.5,-150.0,-151.5,-157.0,-157.0,-157.0,-154.5,-152.0,-156.5,-156.0,-154.5,-156.5,-157.0,-157.0,-153.5,-153.0,-152.0,-155.5,-155.0,-157.0,-156.0,-156.0,-156.0,-157.0,-155.5,-152.5,-157.0,-155.5,-157.0,-157.0,-157.0,-157.0,-153.5,-157.0,-153.0,-157.0,-157.0,-157.0,-154.5,-157.0,-154.0,-154.5,-157.0,-151.5,-154.5,-155.5,-157.0,-157.0,-155.5,-150.5,-149.5,-149.5,-155.0,-153.5,-156.5,-157.0,-156.5,-154.5,-154.5,-153.5,-155.5,-157.0,-157.0,-156.5,-157.0,-157.0,-152.0,-157.0,-157.0,-157.0,-157.0,-157.0,-157.0,-153.5,-152.0,-155.5,-155.5,-152.5,-156.5,-155.0,-157.0,-157.0,-157.0,-157.0,-157.0,-153.5,-156.5,-155.0,-155.5,-147.5,-152.5,-151.5,-150.5,-151.0,-151.0,-157.0,-157.0,-157.0,-153.5,-157.0,-153.0,-152.5,-157.0,-155.0,-157.0,-157.0,-157.0,-157.0,-157.0,-157.0,-154.5,-154.5,-157.0,-157.0,-155.0,-153.0,-156.0,-157.0,-157.0,-154.0,-155.0,-157.0,-157.0,-157.0,-157.0,-157.0,-157.0,-150.5,-149.0,-153.5,-157.0,-155.0,-157.0,-156.0,-153.5,-156.5,-157.0,-157.0,-157.0,-155.0,-153.0,-157.0,-157.0,-157.0,-156.0,-156.5,-157.0,-154.5,-157.0,-157.0,-157.0,-154.5,-156.0,-156.5,-157.0,-157.0,-157.0,-157.0,-157.0,-156.0,-157.0,-156.5,-157.0,-154.5,-157.0,-157.0,-157.0,-157.0,-157.0,-157.0,-157.0,-151.5,-155.0,-157.0,-157.0,-157.0,-157.0,-157.0,-157.0,-157.0,-157.0,-157.0,-157.0,-155.5,-157.0,-157.0,-157.0,-157.0,-156.5,-154.5,-157.0,-155.5,-155.0,-157.0,-157.0,-157.0,-157.0,-157.0,-157.0,-156.0
2026-01-17 14:13:44.571,143.049967,5,-77,-157.0,-157.0,-157.0,-157.0,-157.0,-155.5,-157.0,-155.5,-155.5,-157.0,-157.0,-157.0,-157.0,-157.0,-157.0,-152.5,-154.5,-153.5,-156.5,-157.0,-157.0,-157.0,-154.5,-153.0,-155.0,-151.0,-149.5,-151.5,-152.0,-154.0,-151.0,-153.5,-157.0,-157.0,-157.0,-157.0,-157.0,-157.0,-157.0,-157.0,-155.5,-156.0,-157.0,-157.0,-157.0,-157.0,-157.0,-154.5,-151.0,-150.0,-150.0,-155.5,-156.5,-157.0,-157.0,-151.5,-152.5,-153.0,-150.0,-157.0,-151.5,-149.5,-153.0,-157.0,-156.0,-156.5,-154.5,-153.5,-152.0,-154.0,-157.0,-157.0,-154.5,-155.0,-157.0,-155.0,-153.0,-157.0,-156.0,-157.0,-157.0,-157.0,-150.5,-153.0,-153.0,-155.5,-157.0,-157.0,-157.0,-157.0,-157.0,-157.0,-155.0,-157.0,-157.0,-154.0,-152.0,-157.0,-155.5,-157.0,-157.0,-157.0,-157.0,-157.0,-157.0,-157.0,-157.0,-157.0,-157.0,-156.0,-151.5,-152.0,-153.5,-156.0,-155.5,-157.0,-154.0,-157.0,-157.0,-156.0,-153.5,-151.5,-154.0,-155.0,-154.5,-153.0,-148.5,-149.0,-155.0,-154.5,-150.5,-151.0,-153.0,-157.0,-157.0,-157.0,-156.0,-157.0,-156.0,-155.5,-156.0,-156.0,-154.0,-149.0,-149.0,-153.5,-157.0,-154.5,-154.0,-154.0,-151.0,-148.5,-152.0,-151.5,-157.0,-156.5,-157.0,-155.5,-151.5,-156.5,-157.0,-157.0,-157.0,-156.0,-151.5,-152.5,-154.5,-157.0,-157.0,-157.0,-154.5,-155.0,-152.5,-153.5,-157.0,-157.0,-153.0,-156.5,-157.0,-157.0,-157.0,-154.5,-155.5,-155.0,-157.0,-152.0,-153.5,-157.0,-157.0,-152.0,-150.5,-150.5,-154.0,-156.5,-152.5,-151.5,-151.5,-157.0,-157.0,-157.0,-156.5,-157.0,-154.5,-153.0,-152.5,-151.0,-156.0,-150.0,-151.0,-157.0,-157.0,-157.0,-157.0,-157.0,-153.5,-155.5,-156.5,-157.0,-157.0,-154.5,-157.0,-157.0,-157.0,-149.5,-150.5,-157.0,-156.0,-155.5,-157.0,-157.0,-156.5,-156.5,-157.0,-157.0,-153.0,-154.0,-156.0,-154.5,-151.5,-155.5,-154.0,-157.0,-152.5,-149.0,-155.5,-154.0,-154.5,-152.5,-150.5,-154.5,-150.0,-148.5,-157.0,-155.0,-157.0,-150.5,-151.0,-157.0,-157.0,-157.0,-155.5,-156.0,-156.0,-156.0,-157.0,-155.0,-157.0,-156.0,-157.0,-157.0,-151.5,-155.5,-157.0,-154.0,-154.0,-154.5,-151.5,-152.0,-155.0,-157.0,-157.0,-154.5,-151.5,-156.0,-157.0,-157.0,-157.0,-157.0,-157.0,-156.0,-152.0,-154.5,-157.0,-152.0,-156.5,-155.5,-156.0,-155.5,-157.0,-157.0,-153.5,-157.0,-157.0,-156.5,-154.5,-155.0,-157.0,-150.5,-152.0,-153.0,-157.0,-157.0,-157.0,-157.0,-155.5,-152.0,-152.5,-150.5,-147.5,-152.0,-156.5,-156.0,-157.0,-152.0,-149.5,-153.5,-152.5,-157.0,-157.0,-155.0,-157.0,-154.5,-155.5,-157.0,-154.5,-156.5,-157.0,-157.0,-155.0,-157.0,-156.0,-156.0,-156.0,-157.0,-157.0,-157.0,-155.5,-157.0,-157.0,-156.0,-157.0,-156.0,-155.0,-157.0,-155.0,-157.0,-157.0,-157.0,-157.0,-157.0,-154.0,-157.0,-156.0,-150.0,-147.0,-148.5,-155.0,-149.5,-147.5,-151.0,-156.0,-155.5,-153.0,-152.5,-155.5,-155.5,-152.0,-151.0,-153.5,-157.0,-157.0,-157.0,-157.0,-157.0,-157.0,-157.0,-155.5,-157.0,-157.0,-156.5,-152.5,-154.5,-156.0,-152.0,-154.5,-153.0,-152.5,-155.5,-157.0,-157.0,-157.0,-157.0,-155.5,-152.5,-154.5,-153.0,-153.0,-155.5,-157.0,-153.5,-156.0,-155.0,-157.0,-157.0,-156.0,-154.5,-157.0,-157.0,-157.0,-152.5,-153.0,-157.0,-155.5,-157.0,-157.0,-157.0,-156.5,-155.0,-157.0,-157.0,-157.0,-157.0,-155.5,-155.5,-152.5,-152.0,-155.0,-157.0,-156.0,-155.5,-157.0,-157.0,-157.0,-157.0,-157.0,-157.0,-152.5,-157.0,-154.5,-157.0,-155.5,-153.5,-157.0,-157.0,-157.0,-157.0,-157.0,-156.5,-155.5,-157.0,-157.0,-154.0,-152.0,-157.0,-157.0,-157.0,-157.0,-152.0,-155.5,-157.0,-156.5,-157.0,-157.0,-157.0,-153.0
2026-01-17 14:13:44.599,143.049967,5,-77,-157.0,-157.0,-157.0,-157.0,-157.0,-154.0,-157.0,-157.0,-157.0,-157.0,-157.0,-157.0,-153.5,-155.0,-157.0,-157.0,-155.5,-152.0,-152.0,-157.0,-157.0,-157.0,-157.0,-151.5,-154.0,-157.0,-152.5,-154.5,-152.5,-154.5,-149.0,-149.0,-157.0,-157.0,-157.0,-157.0,-156.5,-157.0,-157.0,-156.0,-157.0,-156.5,-157.0,-157.0,-157.0,-157.0,-156.0,-153.0,-156.0,-157.0,-153.5,-157.0,-156.0,-155.5,-157.0,-157.0,-157.0,-154.5,-153.5,-157.0,-149.5,-149.5,-157.0,-156.5,-153.5,-156.0,-157.0,-156.0,-152.0,-154.5,-155.5,-157.0,-155.0,-157.0,-157.0,-157.0,-155.5,-157.0,-157.0,-157.0,-157.0,-157.0,-151.0,-150.0,-153.0,-156.5,-157.0,-157.0,-157.0,-157.0,-156.0,-155.5,-157.0,-157.0,-156.5,-157.0,-153.0,-157.0,-155.0,-157.0,-157.0,-157.0,-157.0,-157.0,-157.0,-157.0,-152.0,-155.0,-157.0,-157.0,-157.0,-150.5,-152.0,-156.5,-153.5,-156.5,-157.0,-157.0,-156.0,-155.5,-152.0,-153.5,-153.5,-154.5,-155.5,-156.5,-153.0,-151.5,-154.5,-154.5,-152.0,-153.5,-155.0,-156.0,-157.0,-157.0,-156.5,-157.0,-156.5,-152.0,-152.5,-157.0,-155.5,-152.5,-156.5,-157.0,-157.0,-155.0,-154.5,-152.0,-149.0,-150.0,-152.5,-151.0,-153.5,-157.0,-157.0,-154.5,-151.5,-157.0,-157.0,-157.0,-157.0,-156.5,-154.5,-153.0,-152.5,-153.5,-157.0,-157.0,-157.0,-157.0,-157.0,-156.0,-155.5,-152.5,-153.5,-157.0,-157.0,-154.5,-155.0,-157.0,-157.0,-157.0,-157.0,-152.5,-153.0,-157.0,-157.0,-157.0,-156.5,-152.0,-157.0,-157.0,-153.5,-152.0,-152.5,-157.0,-157.0,-157.0,-154.5,-155.0,-155.0,-155.5,-155.5,-156.0,-157.0,-155.0,-153.0,-157.0,-155.0,-157.0,-157.0,-156.5,-151.0,-157.0,-156.0,-157.0,-157.0,-152.5,-153.0,-157.0,-156.5,-151.0,-155.0,-155.5,-154.0,-154.0,-154.0,-153.5,-157.0,-157.0,-157.0,-157.0,-157.0,-152.5,-157.0,-152.5,-152.5,-153.5,-156.5,-157.0,-148.5,-150.5,-157.0,-152.5,-154.0,-157.0,-149.0,-149.5,-152.0,-151.0,-151.5,-154.5,-157.0,-153.5,-150.0,-153.5,-156.5,-157.0,-157.0,-157.0,-157.0,-157.0,-157.0,-155.5,-154.0,-155.0,-157.0,-157.0,-153.5,-156.5,-155.5,-155.0,-157.0,-155.5,-156.5,-157.0,-154.5,-157.0,-157.0,-155.5,-154.0,-152.5,-157.0,-154.5,-157.0,-157.0,-157.0,-154.5,-155.0,-156.5,-156.0,-153.0,-157.0,-156.5,-156.5,-157.0,-157.0,-157.0,-155.5,-157.0,-157.0,-151.5,-150.0,-157.0,-157.0,-150.0,-148.5,-151.0,-157.0,-157.0,-157.0,-157.0,-150.5,-153.0,-154.0,-151.0,-147.5,-149.0,-155.0,-154.5,-154.0,-155.5,-151.0,-155.0,-157.0,-157.0,-157.0,-155.5,-155.0,-155.5,-155.5,-155.0,-153.0,-157.0,-156.0,-156.5,-157.0,-157.0,-157.0,-157.0,-156.0,-157.0,-157.0,-153.5,-151.0,-152.5,-157.0,-157.0,-157.0,-155.5,-156.0,-157.0,-156.5,-157.0,-155.5,-157.0,-157.0,-157.0,-157.0,-157.0,-157.0,-151.5,-152.0,-152.0,-155.5,-154.0,-150.0,-152.0,-155.0,-154.0,-152.5,-157.0,-155.0,-153.0,-154.0,-152.5,-157.0,-157.0,-157.0,-156.5,-153.5,-155.0,-157.0,-157.0,-157.0,-157.0,-157.0,-157.0,-153.5,-157.0,-157.0,-153.0,-157.0,-152.5,-154.5,-157.0,-157.0,-157.0,-157.0,-157.0,-157.0,-155.5,-155.0,-153.0,-154.0,-153.0,-152.0,-154.0,-152.5,-151.0,-157.0,-157.0,-157.0,-157.0,-157.0,-157.0,-157.0,-154.0,-153.0,-157.0,-157.0,-154.5,-157.0,-157.0,-157.0,-156.0,-157.0,-157.0,-157.0,-157.0,-149.5,-150.5,-155.5,-151.0,-154.5,-157.0,-157.0,-154.0,-157.0,-157.0,-157.0,-157.0,-157.0,-157.0,-152.0,-153.0,-152.0,-155.0,-152.5,-151.0,-157.0,-157.0,-157.0,-157.0,-157.0,-154.0,-154.5,-157.0,-157.0,-157.0,-151.5,-153.5,-157.0,-155.5,-152.5,-151.5,-156.0,-157.0,-152.5,-154.0,-157.0,-154.5,-152.5
2026-01-17 14:13:44.630,143.049967,5,-77,-157.0,-157.0,-157.0,-154.5,-157.0,-155.0,-157.0,-157.0,-157.0,-157.0,-157.0,-157.0,-153.0,-155.0,-157.0,-156.0,-152.5,-152.5,-152.5,-157.0,-157.0,-156.0,-157.0,-154.5,-154.5,-155.5,-153.0,-155.0,-156.0,-157.0,-153.0,-150.5,-157.0,-157.0,-157.0,-155.0,-151.0,-153.0,-157.0,-156.0,-157.0,-155.0,-153.5,-157.0,-154.0,-155.5,-152.0,-150.5,-157.0,-156.0,-156.0,-157.0,-156.0,-153.5,-157.0,-157.0,-157.0,-155.5,-154.5,-157.0,-150.5,-154.5,-157.0,-156.5,-153.0,-155.0,-157.0,-156.5,-155.5,-155.0,-157.0,-157.0,-157.0,-157.0,-157.0,-157.0,-155.5,-153.0,-157.0,-157.0,-157.0,-157.0,-157.0,-151.5,-153.5,-156.5,-157.0,-157.0,-157.0,-153.5,-151.5,-152.5,-154.5,-155.0,-154.0,-153.5,-152.5,-157.0,-154.0,-154.0,-157.0,-157.0,-157.0,-157.0,-156.0,-153.5,-151.0,-153.5,-157.0,-157.0,-157.0,-154.0,-155.5,-157.0,-156.0,-155.0,-156.5,-156.0,-154.5,-154.5,-153.5,-157.0,-154.0,-154.5,-149.5,-151.0,-157.0,-157.0,-157.0,-152.0,-155.0,-154.5,-157.0,-157.0,-157.0,-157.0,-157.0,-157.0,-157.0,-155.0,-154.5,-157.0,-155.0,-154.0,-157.0,-157.0,-157.0,-154.5,-154.0,-153.5,-151.5,-153.0,-157.0,-156.5,-156.5,-155.5,-157.0,-157.0,-157.0,-157.0,-157.0,-157.0,-157.0,-152.0,-154.5,-155.0,-154.0,-157.0,-157.0,-157.0,-157.0,-157.0,-157.0,-154.5,-154.5,-152.5,-157.0,-157.0,-157.0,-155.0,-154.5,-157.0,-157.0,-157.0,-154.0,-154.0,-157.0,-157.0,-157.0,-157.0,-152.0,-150.0,-157.0,-157.0,-157.0,-157.0,-156.5,-157.0,-156.5,-157.0,-157.0,-157.0,-157.0,-156.5,-154.5,-156.5,-152.0,-152.0,-157.0,-155.0,-154.5,-156.5,-155.0,-156.5,-150.5,-152.5,-156.0,-157.0,-157.0,-152.5,-154.0,-157.0,-157.0,-153.5,-157.0,-156.5,-157.0,-156.5,-155.0,-153.0,-154.5,-157.0,-155.5,-157.0,-157.0,-157.0,-157.0,-155.5,-156.0,-156.0,-154.0,-155.0,-148.5,-151.0,-156.0,-156.5,-155.0,-154.5,-151.5,-152.0,-156.0,-157.0,-150.0,-152.0,-157.0,-154.0,-149.5,-156.0,-157.0,-157.0,-157.0,-157.0,-156.0,-157.0,-157.0,-156.0,-151.5,-157.0,-157.0,-154.0,-153.5,-151.5,-151.0,-157.0,-157.0,-157.0,-157.0,-154.5,-155.5,-157.0,-157.0,-157.0,-157.0,-152.5,-157.0,-154.5,-154.0,-156.5,-155.5,-152.5,-154.5,-155.0,-157.0,-157.0,-156.0,-157.0,-156.5,-157.0,-157.0,-157.0,-157.0,-157.0,-156.5,-153.0,-150.5,-156.0,-157.0,-150.5,-150.0,-152.0,-157.0,-157.0,-157.0,-154.0,-149.0,-153.5,-157.0,-156.0,-152.5,-155.0,-154.0,-155.5,-153.5,-155.5,-152.5,-155.5,-157.0,-156.5,-153.0,-157.0,-157.0,-157.0,-155.0,-154.0,-155.0,-157.0,-154.5,-154.0,-157.0,-156.0,-156.0,-157.0,-153.0,-153.0,-157.0,-157.0,-154.5,-155.0,-153.5,-157.0,-157.0,-157.0,-157.0,-156.5,-155.0,-157.0,-155.0,-155.0,-157.0,-157.0,-157.0,-157.0,-157.0,-151.0,-154.5,-157.0,-154.5,-153.0,-156.0,-156.0,-157.0,-157.0,-157.0,-157.0,-154.0,-152.0,-157.0,-157.0,-157.0,-156.0,-157.0,-157.0,-155.0,-157.0,-157.0,-157.0,-157.0,-155.0,-155.0,-152.5,-152.0,-156.5,-157.0,-155.0,-157.0,-154.5,-153.5,-157.0,-157.0,-155.5,-157.0,-156.5,-155.5,-157.0,-157.0,-157.0,-157.0,-154.5,-154.5,-157.0,-153.0,-151.5,-157.0,-157.0,-157.0,-157.0,-157.0,-157.0,-157.0,-157.0,-156.5,-157.0,-157.0,-153.0,-157.0,-157.0,-157.0,-157.0,-157.0,-157.0,-157.0,-157.0,-151.5,-153.5,-157.0,-154.5,-153.5,-157.0,-157.0,-156.0,-157.0,-157.0,-157.0,-154.5,-153.5,-157.0,-155.0,-155.5,-151.5,-154.5,-153.0,-155.0,-156.0,-156.5,-155.0,-157.0,-157.0,-155.5,-157.0,-157.0,-157.0,-157.0,-152.0,-150.5,-155.0,-155.0,-155.5,-155.0,-157.0,-154.0,-152.0,-153.5,-157.0,-156.5,-156.0
2026-01-17 14:13:44.667,143.049967,5,-77,-157.0,-157.0,-157.0,-153.0,-155.5,-157.0,-157.0,-155.5,-157.0,-157.0,-157.0,-157.0,-155.0,-154.5,-156.0,-154.0,-152.5,-151.0,-152.0,-154.0,-157.0,-155.0,-157.0,-157.0,-157.0,-155.0,-155.5,-154.0,-157.0,-157.0,-153.5,-153.0,-157.0,-157.0,-157.0,-157.0,-151.5,-151.5,-157.0,-154.5,-157.0,-153.5,-155.0,-155.0,-154.0,-157.0,-157.0,-153.0,-157.0,-157.0,-157.0,-157.0,-154.0,-157.0,-157.0,-157.0,-157.0,-157.0,-153.5,-152.5,-151.0,-157.0,-157.0,-157.0,-151.5,-156.0,-157.0,-150.5,-153.5,-157.0,-157.0,-157.0,-157.0,-157.0,-155.0,-154.0,-157.0,-152.0,-157.0,-155.5,-157.0,-157.0,-157.0,-154.5,-157.0,-157.0,-157.0,-157.0,-157.0,-157.0,-154.0,-155.5,-152.0,-152.0,-153.0,-149.0,-152.0,-157.0,-157.0,-152.0,-153.5,-156.0,-157.0,-157.0,-157.0,-157.0,-154.5,-157.0,-155.0,-157.0,-157.0,-157.0,-157.0,-157.0,-157.0,-156.0,-154.0,-154.0,-157.0,-157.0,-156.5,-155.0,-151.0,-153.0,-150.0,-151.0,-157.0,-157.0,-157.0,-151.0,-157.0,-155.0,-157.0,-157.0,-157.0,-157.0,-157.0,-156.5,-154.0,-153.5,-155.0,-152.0,-152.5,-151.0,-155.0,-157.0,-157.0,-157.0,-157.0,-153.5,-152.5,-153.5,-154.0,-157.0,-157.0,-156.0,-157.0,-157.0,-157.0,-157.0,-157.0,-157.0,-153.0,-150.0,-157.0,-157.0,-153.5,-155.0,-157.0,-154.0,-157.0,-157.0,-157.0,-155.5,-155.0,-151.5,-157.0,-157.0,-156.5,-155.5,-153.5,-157.0,-157.0,-156.5,-150.5,-153.5,-157.0,-155.5,-154.0,-156.5,-149.5,-148.5,-157.0,-157.0,-155.5,-154.0,-153.0,-157.0,-156.5,-157.0,-157.0,-157.0,-157.0,-157.0,-151.5,-156.0,-151.0,-151.5,-157.0,-157.0,-157.0,-154.0,-153.5,-157.0,-155.0,-157.0,-157.0,-156.0,-157.0,-155.0,-153.5,-152.0,-157.0,-156.0,-156.0,-153.5,-157.0,-153.5,-157.0,-157.0,-156.5,-156.0,-156.0,-156.0,-157.0,-157.0,-157.0,-157.0,-157.0,-156.0,-154.5,-153.5,-151.5,-156.5,-154.0,-157.0,-153.0,-152.5,-157.0,-153.5,-153.5,-157.0,-153.5,-157.0,-157.0,-156.0,-152.0,-156.5,-157.0,-157.0,-157.0,-152.5,-152.0,-156.0,-157.0,-156.0,-152.5,-157.0,-152.5,-155.0,-157.0,-153.5,-154.0,-157.0,-157.0,-157.0,-157.0,-153.5,-157.0,-157.0,-157.0,-157.0,-157.0,-153.5,-154.0,-157.0,-156.5,-157.0,-157.0,-156.5,-151.5,-153.5,-157.0,-155.0,-156.5,-157.0,-157.0,-157.0,-157.0,-157.0,-157.0,-157.0,-153.5,-155.5,-152.0,-155.0,-157.0,-152.0,-152.0,-154.0,-157.0,-156.5,-157.0,-157.0,-150.5,-149.5,-157.0,-157.0,-153.5,-153.5,-153.5,-154.0,-157.0,-154.5,-155.0,-157.0,-157.0,-153.5,-151.0,-155.5,-157.0,-154.5,-157.0,-154.5,-155.5,-157.0,-153.5,-151.0,-157.0,-156.0,-156.0,-157.0,-155.0,-151.5,-152.5,-157.0,-157.0,-157.0,-154.5,-157.0,-157.0,-157.0,-157.0,-155.5,-155.0,-157.0,-157.0,-157.0,-157.0,-157.0,-157.0,-157.0,-153.5,-149.5,-153.5,-157.0,-157.0,-154.0,-156.0,-157.0,-157.0,-155.0,-156.0,-157.0,-157.0,-152.0,-153.5,-157.0,-157.0,-154.0,-155.5,-157.0,-154.5,-157.0,-157.0,-157.0,-152.5,-152.5,-154.5,-156.0,-154.0,-157.0,-156.5,-154.5,-156.0,-157.0,-153.0,-156.0,-154.0,-154.5,-157.0,-157.0,-155.5,-155.0,-154.5,-157.0,-157.0,-156.5,-157.0,-157.0,-157.0,-157.0,-157.0,-157.0,-157.0,-157.0,-157.0,-157.0,-157.0,-157.0,-157.0,-157.0,-157.0,-153.5,-157.0,-157.0,-157.0,-156.5,-157.0,-157.0,-153.0,-153.0,-155.0,-157.0,-157.0,-157.0,-155.0,-157.0,-157.0,-157.0,-157.0,-157.0,-157.0,-157.0,-154.0,-156.0,-157.0,-157.0,-153.0,-157.0,-155.0,-157.0,-151.5,-152.5,-155.0,-157.0,-157.0,-157.0,-157.0,-157.0,-156.5,-154.5,-153.5,-152.5,-154.5,-157.0,-157.0,-157.0,-157.0,-154.0,-154.0,-152.0,-157.0,-157.0,-157.0
2026-01-17 14:13:44.699,143.049967,5,-77,-157.0,-157.0,-157.0,-154.0,-153.5,-157.0,-153.5,-154.0,-157.0,-153.5,-153.5,-155.5,-157.0,-155.0,-156.0,-157.0,-155.0,-154.0,-151.5,-152.0,-157.0,-157.0,-157.0,-157.0,-157.0,-157.0,-156.5,-157.0,-157.0,-155.0,-151.0,-152.0,-154.5,-155.5,-157.0,-157.0,-157.0,-156.5,-157.0,-150.0,-151.0,-152.0,-157.0,-155.5,-153.5,-153.5,-157.0,-155.0,-157.0,-157.0,-157.0,-155.0,-153.0,-157.0,-156.0,-156.0,-156.5,-157.0,-157.0,-152.5,-152.5,-157.0,-156.5,-155.5,-150.0,-154.0,-155.5,-149.0,-152.5,-155.0,-157.0,-156.0,-155.5,-157.0,-155.5,-154.0,-156.5,-152.5,-156.0,-154.5,-153.5,-152.5,-154.5,-154.5,-157.0,-157.0,-157.0,-157.0,-157.0,-157.0,-157.0,-157.0,-157.0,-153.0,-154.5,-151.5,-153.0,-157.0,-155.5,-153.0,-157.0,-156.0,-157.0,-154.0,-154.0,-157.0,-156.5,-157.0,-154.5,-157.0,-157.0,-157.0,-157.0,-157.0,-157.0,-155.5,-156.0,-157.0,-155.0,-157.0,-157.0,-154.5,-149.5,-152.0,-157.0,-155.0,-155.5,-155.0,-153.0,-150.0,-152.5,-151.0,-156.0,-157.0,-156.5,-157.0,-157.0,-157.0,-154.0,-153.0,-157.0,-152.5,-153.0,-150.5,-155.5,-154.5,-157.0,-157.0,-157.0,-155.5,-152.5,-153.5,-153.0,-157.0,-157.0,-157.0,-155.5,-150.5,-151.5,-157.0,-157.0,-157.0,-154.0,-152.5,-157.0,-156.5,-155.5,-153.5,-154.5,-152.5,-154.0,-155.5,-157.0,-155.0,-153.0,-152.5,-157.0,-153.0,-155.0,-152.5,-151.0,-157.0,-157.0,-157.0,-152.0,-154.0,-157.0,-153.0,-154.5,-157.0,-154.0,-152.5,-157.0,-154.0,-153.0,-150.0,-149.5,-157.0,-157.0,-157.0,-155.5,-156.0,-157.0,-155.0,-152.5,-155.0,-156.0,-156.0,-157.0,-157.0,-157.0,-155.0,-157.0,-157.0,-157.0,-157.0,-153.5,-150.0,-154.5,-157.0,-155.5,-150.5,-152.5,-154.5,-149.5,-150.5,-157.0,-154.5,-157.0,-157.0,-157.0,-157.0,-153.0,-154.0,-155.5,-156.5,-154.0,-153.5,-157.0,-157.0,-156.5,-157.0,-157.0,-157.0,-154.0,-155.0,-156.0,-156.5,-157.0,-156.5,-156.5,-156.5,-156.0,-157.0,-157.0,-157.0,-157.0,-157.0,-157.0,-157.0,-157.0,-151.0,-153.0,-157.0,-157.0,-153.0,-153.0,-152.0,-150.0,-153.0,-155.0,-157.0,-157.0,-153.5,-156.0,-157.0,-157.0,-157.0,-155.5,-157.0,-156.5,-157.0,-157.0,-157.0,-153.0,-157.0,-157.0,-157.0,-157.0,-157.0,-153.0,-155.0,-157.0,-150.5,-153.5,-155.0,-157.0,-157.0,-154.0,-153.5,-154.5,-157.0,-153.5,-154.0,-155.0,-155.5,-157.0,-157.0,-154.5,-153.5,-157.0,-155.5,-156.5,-157.0,-153.5,-150.5,-154.0,-152.5,-151.5,-152.0,-157.0,-156.5,-156.0,-157.0,-157.0,-157.0,-155.0,-155.5,-155.0,-155.0,-157.0,-154.5,-157.0,-153.5,-156.5,-152.5,-153.0,-151.0,-157.0,-157.0,-153.5,-157.0,-157.0,-157.0,-154.5,-157.0,-157.0,-157.0,-157.0,-157.0,-157.0,-157.0,-157.0,-157.0,-157.0,-156.5,-157.0,-157.0,-157.0,-156.5,-155.5,-157.0,-151.0,-149.0,-156.5,-157.0,-157.0,-155.5,-157.0,-157.0,-157.0,-154.0,-153.5,-157.0,-157.0,-152.5,-153.5,-155.5,-154.5,-153.0,-155.0,-154.5,-153.5,-155.5,-157.0,-157.0,-153.0,-157.0,-157.0,-157.0,-157.0,-157.0,-157.0,-156.5,-157.0,-157.0,-152.5,-155.5,-155.0,-154.0,-155.0,-157.0,-152.5,-150.5,-150.5,-156.0,-155.5,-155.5,-157.0,-155.0,-155.5,-157.0,-155.0,-157.0,-157.0,-157.0,-157.0,-157.0,-157.0,-157.0,-157.0,-157.0,-157.0,-156.0,-157.0,-157.0,-156.0,-157.0,-157.0,-155.5,-150.5,-154.5,-157.0,-154.5,-154.5,-156.5,-154.5,-154.5,-157.0,-157.0,-157.0,-157.0,-157.0,-157.0,-157.0,-152.5,-155.5,-154.5,-151.5,-157.0,-157.0,-157.0,-152.0,-155.0,-157.0,-157.0,-156.0,-157.0,-155.5,-157.0,-151.5,-152.0,-155.0,-152.5,-152.5,-157.0,-157.0,-157.0,-153.0,-155.0,-157.0,-152.0,-157.0,-155.5,-157.0
2026-01-17 14:13:44.733,143.049967,5,-77,-157.0,-157.0,-157.0,-157.0,-157.0,-157.0,-156.0,-157.0,-157.0,-153.0,-151.0,-157.0,-155.0,-156.5,-157.0,-157.0,-157.0,-157.0,-153.5,-156.0,-157.0,-157.0,-157.0,-156.5,-157.0,-157.0,-157.0,-157.0,-157.0,-156.5,-154.5,-153.0,-153.5,-157.0,-157.0,-157.0,-157.0,-157.0,-155.0,-149.0,-154.5,-153.5,-157.0,-157.0,-157.0,-151.0,-152.0,-151.5,-157.0,-157.0,-154.0,-154.5,-155.5,-156.5,-154.0,-153.5,-152.5,-154.5,-157.0,-157.0,-157.0,-157.0,-152.5,-157.0,-151.5,-154.5,-157.0,-150.0,-155.0,-153.0,-156.5,-157.0,-157.0,-154.0,-152.5,-156.0,-157.0,-155.5,-157.0,-156.5,-151.5,-151.0,-156.0,-152.0,-155.0,-157.0,-157.0,-157.0,-157.0,-157.0,-156.5,-157.0,-157.0,-156.5,-156.5,-157.0,-156.0,-157.0,-153.5,-155.5,-155.5,-155.0,-157.0,-148.0,-148.5,-156.0,-155.0,-157.0,-156.5,-156.5,-157.0,-157.0,-157.0,-155.0,-153.5,-153.0,-156.0,-154.5,-154.0,-157.0,-157.0,-152.5,-150.0,-157.0,-157.0,-156.0,-153.0,-153.0,-157.0,-151.5,-150.0,-150.0,-156.5,-157.0,-157.0,-153.5,-154.0,-157.0,-156.0,-157.0,-153.5,-152.5,-153.0,-153.5,-157.0,-153.5,-154.0,-157.0,-154.5,-152.0,-151.5,-157.0,-157.0,-157.0,-157.0,-157.0,-150.0,-147.0,-148.5,-155.0,-155.0,-157.0,-157.0,-156.5,-157.0,-157.0,-157.0,-157.0,-157.0,-156.0,-155.0,-153.5,-155.5,-157.0,-156.0,-153.5,-155.5,-148.5,-151.5,-156.5,-152.5,-156.5,-155.0,-157.0,-157.0,-157.0,-154.5,-155.5,-157.0,-157.0,-157.0,-157.0,-157.0,-153.5,-157.0,-153.0,-151.0,-157.0,-157.0,-157.0,-153.5,-152.5,-157.0,-157.0,-157.0,-157.0,-157.0,-157.0,-157.0,-157.0,-157.0,-156.0,-157.0,-154.5,-157.0,-157.0,-150.5,-149.0,-156.0,-157.0,-157.0,-150.5,-150.0,-155.5,-148.5,-149.5,-157.0,-157.0,-157.0,-157.0,-156.0,-152.0,-150.5,-154.0,-153.0,-154.0,-154.0,-157.0,-157.0,-157.0,-157.0,-157.0,-157.0,-157.0,-153.5,-157.0,-157.0,-153.5,-151.5,-154.5,-154.5,-153.5,-154.5,-156.5,-155.0,-157.0,-157.0,-157.0,-157.0,-156.0,-157.0,-153.0,-153.0,-155.5,-156.0,-155.0,-153.0,-153.0,-154.5,-156.5,-157.0,-155.5,-153.0,-151.0,-155.5,-153.0,-156.0,-156.0,-154.5,-156.0,-156.5,-157.0,-157.0,-153.5,-153.5,-157.0,-155.0,-157.0,-154.5,-154.5,-157.0,-157.0,-157.0,-150.0,-150.0,-155.0,-156.5,-157.0,-157.0,-151.0,-153.0,-157.0,-157.0,-157.0,-157.0,-156.5,-157.0,-157.0,-157.0,-156.0,-157.0,-155.0,-156.0,-157.0,-157.0,-152.0,-157.0,-157.0,-157.0,-154.5,-157.0,-157.0,-153.5,-155.5,-157.0,-157.0,-156.0,-157.0,-157.0,-157.0,-157.0,-157.0,-153.5,-153.5,-155.5,-151.5,-155.5,-155.0,-157.0,-157.0,-151.0,-152.5,-157.0,-157.0,-155.0,-157.0,-157.0,-157.0,-157.0,-155.0,-157.0,-154.0,-153.5,-157.0,-157.0,-154.5,-157.0,-157.0,-157.0,-157.0,-152.5,-154.5,-150.0,-150.0,-157.0,-157.0,-157.0,-156.0,-157.0,-157.0,-157.0,-157.0,-156.5,-157.0,-153.5,-154.0,-157.0,-155.5,-152.0,-152.5,-151.5,-149.0,-157.0,-157.0,-156.0,-157.0,-156.0,-157.0,-157.0,-157.0,-157.0,-157.0,-157.0,-157.0,-157.0,-157.0,-153.5,-157.0,-156.5,-156.5,-157.0,-157.0,-156.0,-154.5,-151.5,-154.5,-151.5,-152.5,-157.0,-152.5,-153.5,-157.0,-153.0,-157.0,-157.0,-157.0,-157.0,-155.0,-157.0,-156.0,-157.0,-154.5,-156.0,-157.0,-155.0,-156.5,-156.5,-157.0,-155.0,-153.0,-151.0,-157.0,-154.0,-157.0,-157.0,-157.0,-157.0,-156.0,-156.5,-157.0,-157.0,-157.0,-157.0,-157.0,-157.0,-154.5,-153.5,-150.0,-150.5,-157.0,-157.0,-157.0,-153.5,-157.0,-157.0,-157.0,-156.0,-157.0,-151.0,-152.5,-151.5,-156.5,-157.0,-154.5,-151.5,-157.0,-157.0,-157.0,-150.5,-154.5,-157.0,-154.0,-154.0,-151.5,-157.0
2026-01-17 14:13:44.768,143.049967,5,-77,-157.0,-157.0,-151.0,-157.0,-157.0,-157.0,-157.0,-157.0,-157.0,-157.0,-154.5,-157.0,-156.0,-154.0,-157.0,-157.0,-157.0,-157.0,-157.0,-157.0,-157.0,-157.0,-156.5,-157.0,-157.0,-157.0,-157.0,-157.0,-157.0,-157.0,-157.0,-153.5,-152.0,-157.0,-157.0,-157.0,-157.0,-157.0,-157.0,-151.0,-152.5,-154.0,-157.0,-153.5,-154.0,-154.0,-153.5,-152.0,-156.0,-156.0,-152.0,-153.5,-157.0,-153.5,-155.0,-157.0,-153.5,-154.5,-157.0,-157.0,-157.0,-157.0,-152.5,-152.5,-157.0,-157.0,-154.0,-152.0,-157.0,-153.0,-157.0,-157.0,-157.0,-152.0,-151.5,-157.0,-156.5,-157.0,-157.0,-157.0,-157.0,-154.0,-157.0,-151.0,-154.5,-156.5,-156.5,-157.0,-155.5,-157.0,-154.5,-155.5,-157.0,-157.0,-155.0,-155.5,-154.5,-157.0,-155.5,-157.0,-153.5,-156.5,-157.0,-149.5,-148.0,-157.0,-156.5,-157.0,-157.0,-156.0,-157.0,-157.0,-157.0,-153.0,-156.5,-154.5,-153.0,-150.0,-157.0,-156.5,-157.0,-157.0,-153.0,-157.0,-157.0,-154.0,-154.0,-154.5,-153.0,-154.5,-154.0,-154.0,-151.5,-151.5,-156.5,-153.5,-153.5,-157.0,-155.0,-152.5,-152.5,-153.0,-157.0,-155.5,-157.0,-155.5,-156.0,-157.0,-156.5,-148.0,-149.0,-157.0,-157.0,-157.0,-155.5,-157.0,-151.0,-151.5,-150.5,-153.0,-155.0,-154.5,-156.0,-155.5,-153.5,-157.0,-157.0,-157.0,-154.0,-156.0,-157.0,-157.0,-157.0,-157.0,-157.0,-152.5,-151.0,-148.5,-151.0,-157.0,-154.5,-154.0,-157.0,-157.0,-157.0,-157.0,-157.0,-157.0,-157.0,-154.5,-157.0,-157.0,-155.5,-152.5,-155.5,-157.0,-154.5,-157.0,-157.0,-157.0,-157.0,-153.0,-157.0,-157.0,-157.0,-157.0,-157.0,-157.0,-157.0,-157.0,-156.5,-155.0,-153.5,-152.5,-157.0,-157.0,-153.5,-153.0,-154.5,-153.0,-157.0,-152.5,-151.5,-157.0,-153.0,-153.0,-152.5,-153.0,-155.5,-157.0,-152.0,-153.0,-155.5,-156.0,-157.0,-155.0,-157.0,-157.0,-157.0,-157.0,-157.0,-157.0,-157.0,-152.0,-151.5,-156.5,-157.0,-151.5,-151.5,-150.5,-154.5,-153.0,-154.5,-157.0,-153.5,-157.0,-157.0,-157.0,-153.5,-153.5,-157.0,-155.5,-152.0,-153.5,-157.0,-157.0,-156.0,-157.0,-157.0,-157.0,-156.5,-155.0,-157.0,-153.5,-153.0,-150.5,-154.0,-154.0,-155.0,-156.0,-157.0,-157.0,-157.0,-154.0,-155.0,-156.5,-154.5,-157.0,-152.5,-151.5,-157.0,-157.0,-157.0,-154.0,-156.0,-157.0,-157.0,-157.0,-157.0,-154.0,-155.5,-154.5,-157.0,-157.0,-157.0,-157.0,-157.0,-157.0,-155.0,-156.0,-157.0,-157.0,-157.0,-157.0,-157.0,-154.0,-157.0,-157.0,-157.0,-153.5,-152.5,-154.5,-155.5,-152.5,-154.0,-157.0,-157.0,-157.0,-154.5,-157.0,-157.0,-157.0,-155.5,-157.0,-157.0,-151.0,-154.5,-155.5,-157.0,-157.0,-153.0,-151.0,-157.0,-152.5,-152.5,-157.0,-157.0,-157.0,-156.5,-156.0,-157.0,-157.0,-154.5,-157.0,-157.0,-157.0,-157.0,-157.0,-157.0,-157.0,-152.5,-157.0,-150.0,-149.5,-157.0,-157.0,-157.0,-157.0,-157.0,-155.0,-156.0,-157.0,-157.0,-157.0,-157.0,-157.0,-157.0,-155.0,-153.5,-155.5,-151.0,-148.0,-155.0,-156.0,-153.5,-157.0,-157.0,-157.0,-157.0,-156.5,-157.0,-157.0,-157.0,-157.0,-157.0,-157.0,-152.5,-156.5,-155.5,-155.0,-157.0,-157.0,-157.0,-157.0,-153.5,-151.5,-151.5,-152.0,-157.0,-155.0,-156.5,-157.0,-152.5,-153.5,-154.0,-156.0,-153.5,-151.5,-157.0,-157.0,-157.0,-152.5,-153.5,-157.0,-155.5,-157.0,-157.0,-157.0,-155.5,-157.0,-156.5,-157.0,-151.0,-157.0,-156.5,-156.5,-156.0,-156.0,-157.0,-157.0,-155.5,-157.0,-157.0,-157.0,-157.0,-156.0,-156.5,-155.0,-152.0,-157.0,-157.0,-154.5,-153.0,-157.0,-157.0,-157.0,-157.0,-157.0,-150.0,-152.0,-157.0,-157.0,-157.0,-157.0,-152.0,-157.0,-157.0,-157.0,-151.0,-152.0,-157.0,-152.0,-151.0,-151.0,-157.0
2026-01-17 14:13:44.800,143.049967,5,-77,-157.0,-157.0,-152.5,-155.0,-157.0,-156.5,-157.0,-157.0,-157.0,-157.0,-156.0,-157.0,-157.0,-152.5,-157.0,-156.5,-155.0,-157.0,-157.0,-157.0,-157.0,-157.0,-157.0,-157.0,-157.0,-155.5,-152.0,-152.0,-157.0,-156.5,-156.5,-153.5,-154.5,-157.0,-157.0,-157.0,-157.0,-157.0,-157.0,-155.0,-157.0,-156.5,-154.5,-151.5,-156.5,-155.5,-157.0,-157.0,-156.0,-155.0,-155.0,-155.5,-157.0,-155.5,-157.0,-156.0,-154.0,-156.0,-157.0,-157.0,-157.0,-157.0,-157.0,-154.5,-157.0,-154.5,-152.5,-157.0,-157.0,-154.0,-157.0,-157.0,-156.5,-152.5,-154.5,-157.0,-157.0,-157.0,-154.5,-154.0,-155.0,-154.5,-157.0,-150.0,-153.0,-154.5,-157.0,-157.0,-152.5,-154.0,-156.0,-156.0,-157.0,-157.0,-155.5,-156.0,-152.0,-153.5,-156.0,-155.0,-152.0,-157.0,-157.0,-157.0,-149.5,-153.0,-156.0,-157.0,-154.5,-151.5,-151.5,-157.0,-154.5,-154.0,-157.0,-157.0,-152.5,-150.5,-153.5,-157.0,-157.0,-157.0,-154.5,-154.5,-157.0,-154.5,-154.5,-157.0,-154.5,-155.5,-155.5,-157.0,-153.5,-153.0,-153.5,-157.0,-157.0,-157.0,-153.5,-151.5,-157.0,-155.0,-154.5,-156.0,-152.0,-152.5,-157.0,-157.0,-157.0,-152.5,-150.5,-155.0,-156.5,-157.0,-156.5,-156.0,-152.0,-157.0,-157.0,-155.5,-157.0,-155.5,-154.5,-157.0,-153.5,-157.0,-156.0,-157.0,-151.0,-155.0,-157.0,-157.0,-157.0,-157.0,-156.0,-155.0,-152.5,-155.0,-156.0,-157.0,-157.0,-155.5,-157.0,-157.0,-157.0,-156.5,-155.5,-156.5,-154.5,-154.0,-157.0,-157.0,-157.0,-155.0,-155.5,-155.5,-157.0,-156.0,-157.0,-157.0,-157.0,-151.0,-151.5,-152.5,-153.5,-152.5,-157.0,-155.0,-155.5,-155.5,-154.5,-154.0,-154.5,-153.5,-157.0,-157.0,-157.0,-155.5,-151.0,-152.0,-157.0,-157.0,-156.0,-157.0,-157.0,-157.0,-151.5,-151.5,-151.0,-157.0,-157.0,-156.5,-157.0,-154.5,-156.0,-154.5,-157.0,-153.5,-157.0,-157.0,-157.0,-157.0,-156.5,-153.5,-155.0,-157.0,-157.0,-151.5,-156.0,-150.5,-153.5,-154.0,-153.5,-156.0,-155.0,-157.0,-157.0,-157.0,-155.5,-157.0,-157.0,-157.0,-153.0,-153.0,-154.5,-154.5,-156.0,-153.5,-153.0,-156.0,-154.5,-157.0,-157.0,-157.0,-157.0,-153.5,-155.0,-157.0,-157.0,-157.0,-157.0,-157.0,-157.0,-153.0,-152.5,-156.0,-157.0,-157.0,-153.0,-154.0,-154.5,-157.0,-156.0,-157.0,-157.0,-156.0,-157.0,-157.0,-157.0,-156.5,-157.0,-155.0,-156.0,-156.0,-157.0,-157.0,-156.5,-157.0,-157.0,-154.0,-156.0,-157.0,-156.5,-152.5,-154.5,-156.0,-157.0,-157.0,-157.0,-157.0,-153.0,-153.0,-157.0,-153.0,-152.0,-157.0,-157.0,-154.5,-154.5,-154.5,-157.0,-156.5,-157.0,-157.0,-155.5,-152.0,-152.5,-152.5,-157.0,-156.0,-157.0,-152.5,-157.0,-155.0,-157.0,-157.0,-157.0,-157.0,-156.5,-157.0,-154.5,-154.0,-154.0,-155.0,-157.0,-157.0,-157.0,-157.0,-157.0,-157.0,-154.0,-152.0,-149.5,-152.5,-157.0,-157.0,-157.0,-157.0,-157.0,-157.0,-156.5,-153.5,-154.0,-152.0,-157.0,-157.0,-157.0,-157.0,-157.0,-157.0,-153.5,-150.0,-156.0,-157.0,-153.5,-153.5,-157.0,-157.0,-157.0,-154.0,-157.0,-157.0,-154.0,-156.0,-157.0,-157.0,-154.0,-149.5,-150.0,-155.5,-154.0,-155.0,-157.0,-156.0,-152.5,-149.0,-154.0,-154.5,-157.0,-157.0,-157.0,-157.0,-155.5,-156.0,-157.0,-156.0,-153.0,-151.0,-151.0,-155.5,-157.0,-157.0,-155.5,-157.0,-154.5,-153.0,-157.0,-156.5,-155.0,-157.0,-157.0,-156.5,-153.0,-157.0,-155.0,-153.5,-151.5,-154.5,-157.0,-157.0,-152.5,-153.0,-157.0,-157.0,-157.0,-153.5,-155.0,-157.0,-155.0,-157.0,-157.0,-157.0,-154.0,-155.5,-157.0,-157.0,-155.0,-157.0,-155.0,-157.0,-157.0,-156.0,-153.5,-155.5,-152.0,-151.0,-157.0,-157.0,-153.5,-154.5,-153.5,-150.0,-153.0,-155.0,-157.0
2026-01-17 14:13:44.834,143.049967,5,-77,-157.0,-157.0,-156.5,-157.0,-157.0,-152.5,-155.0,-157.0,-157.0,-157.0,-157.0,-157.0,-154.0,-152.0,-157.0,-157.0,-156.0,-157.0,-157.0,-157.0,-157.0,-157.0,-157.0,-157.0,-155.0,-152.5,-151.0,-151.5,-154.0,-157.0,-157.0,-153.0,-156.0,-157.0,-157.0,-157.0,-157.0,-157.0,-154.5,-155.0,-157.0,-157.0,-155.0,-151.0,-157.0,-156.5,-157.0,-157.0,-157.0,-157.0,-157.0,-157.0,-157.0,-157.0,-157.0,-152.0,-152.5,-155.5,-157.0,-157.0,-156.5,-157.0,-157.0,-154.5,-155.5,-157.0,-154.5,-157.0,-157.0,-153.0,-153.0,-157.0,-157.0,-157.0,-157.0,-157.0,-157.0,-157.0,-152.5,-152.5,-154.0,-157.0,-157.0,-151.0,-153.5,-152.5,-154.5,-154.5,-154.5,-153.0,-157.0,-157.0,-157.0,-156.0,-154.5,-156.0,-152.5,-155.5,-157.0,-154.5,-151.0,-157.0,-157.0,-157.0,-150.5,-149.0,-151.0,-157.0,-154.0,-154.0,-150.0,-156.0,-152.5,-155.5,-157.0,-157.0,-155.0,-155.0,-154.5,-156.5,-157.0,-157.0,-151.5,-153.0,-157.0,-155.0,-156.0,-155.5,-157.0,-155.5,-156.5,-157.0,-157.0,-157.0,-155.0,-157.0,-157.0,-157.0,-157.0,-154.0,-157.0,-157.0,-154.5,-157.0,-150.0,-150.5,-157.0,-157.0,-156.5,-157.0,-150.5,-152.0,-153.0,-157.0,-157.0,-156.5,-153.0,-157.0,-157.0,-157.0,-155.5,-156.0,-154.5,-157.0,-153.5,-157.0,-152.0,-156.0,-151.5,-154.0,-157.0,-156.5,-154.0,-157.0,-155.0,-153.0,-152.0,-156.5,-157.0,-157.0,-157.0,-157.0,-157.0,-157.0,-157.0,-154.0,-152.0,-155.0,-151.5,-157.0,-157.0,-157.0,-157.0,-157.0,-157.0,-154.0,-155.0,-152.0,-157.0,-157.0,-157.0,-149.5,-148.5,-152.0,-155.5,-153.5,-155.5,-150.0,-152.0,-155.5,-154.0,-155.0,-157.0,-152.5,-152.5,-157.0,-157.0,-157.0,-153.5,-157.0,-157.0,-157.0,-157.0,-157.0,-157.0,-155.0,-157.0,-153.5,-151.5,-153.5,-157.0,-157.0,-157.0,-153.0,-154.0,-153.5,-156.5,-156.5,-153.5,-153.5,-157.0,-157.0,-156.0,-154.5,-156.5,-157.0,-154.5,-151.5,-153.5,-155.5,-155.5,-156.0,-155.0,-157.0,-157.0,-157.0,-157.0,-157.0,-155.5,-157.0,-157.0,-157.0,-156.5,-155.5,-155.0,-155.5,-155.5,-151.0,-151.0,-157.0,-155.5,-157.0,-157.0,-157.0,-157.0,-154.0,-155.0,-157.0,-157.0,-157.0,-156.5,-157.0,-157.0,-149.5,-149.0,-151.5,-157.0,-157.0,-155.5,-157.0,-155.0,-155.0,-152.5,-157.0,-157.0,-154.5,-154.0,-155.0,-157.0,-157.0,-154.5,-154.0,-153.5,-155.5,-157.0,-154.5,-155.0,-156.0,-156.5,-154.0,-157.0,-157.0,-156.5,-152.0,-151.5,-157.0,-155.0,-157.0,-157.0,-157.0,-157.0,-157.0,-157.0,-157.0,-157.0,-157.0,-157.0,-157.0,-157.0,-157.0,-157.0,-157.0,-157.0,-154.0,-155.0,-150.5,-156.5,-151.5,-156.0,-155.0,-157.0,-155.0,-157.0,-157.0,-157.0,-157.0,-157.0,-157.0,-154.5,-157.0,-153.0,-152.5,-156.5,-157.0,-154.0,-154.5,-157.0,-157.0,-157.0,-157.0,-154.5,-152.0,-148.0,-154.0,-152.5,-155.5,-156.5,-157.0,-157.0,-157.0,-156.5,-152.0,-154.5,-150.0,-151.5,-157.0,-157.0,-157.0,-157.0,-157.0,-156.0,-154.5,-157.0,-157.0,-155.0,-153.5,-157.0,-157.0,-157.0,-153.5,-157.0,-157.0,-155.0,-157.0,-157.0,-157.0,-157.0,-149.5,-149.0,-155.5,-155.0,-155.5,-152.5,-151.5,-150.5,-150.0,-155.0,-157.0,-157.0,-157.0,-157.0,-157.0,-156.5,-157.0,-157.0,-157.0,-157.0,-153.0,-149.5,-154.0,-156.0,-157.0,-154.5,-156.5,-157.0,-151.5,-157.0,-155.0,-155.0,-157.0,-154.5,-153.5,-155.5,-157.0,-157.0,-151.5,-152.5,-156.0,-156.5,-157.0,-156.5,-156.0,-157.0,-157.0,-155.0,-154.0,-156.0,-157.0,-155.5,-157.0,-157.0,-157.0,-153.0,-150.0,-153.5,-153.5,-154.5,-157.0,-156.5,-157.0,-157.0,-155.0,-150.0,-151.5,-156.0,-150.0,-157.0,-154.5,-154.0,-157.0,-154.0,-149.0,-157.0,-157.0,-156.0
2026-01-17 14:13:44.868,143.049967,5,-77,-157.0,-157.0,-155.0,-157.0,-157.0,-151.0,-152.0,-157.0,-156.5,-157.0,-157.0,-155.0,-157.0,-153.0,-157.0,-156.0,-155.0,-154.5,-156.5,-156.5,-156.5,-157.0,-157.0,-157.0,-155.0,-151.0,-154.0,-155.0,-151.0,-155.5,-155.0,-152.0,-154.0,-156.0,-157.0,-157.0,-157.0,-155.5,-151.0,-151.0,-157.0,-157.0,-153.0,-152.5,-153.5,-155.0,-157.0,-155.5,-157.0,-157.0,-157.0,-157.0,-157.0,-157.0,-157.0,-154.0,-157.0,-157.0,-157.0,-157.0,-152.0,-152.5,-157.0,-154.5,-157.0,-157.0,-157.0,-157.0,-157.0,-154.0,-153.0,-157.0,-157.0,-157.0,-156.5,-154.5,-157.0,-154.0,-153.0,-150.5,-152.5,-157.0,-157.0,-156.0,-156.0,-152.5,-155.0,-156.0,-157.0,-152.0,-152.0,-157.0,-157.0,-152.5,-153.5,-154.5,-153.0,-157.0,-157.0,-154.0,-150.5,-157.0,-157.0,-157.0,-154.5,-152.0,-151.5,-155.5,-155.5,-157.0,-150.5,-157.0,-154.5,-153.5,-157.0,-157.0,-157.0,-157.0,-156.0,-157.0,-157.0,-157.0,-151.0,-152.5,-157.0,-157.0,-157.0,-153.0,-155.0,-157.0,-156.5,-154.5,-157.0,-155.0,-157.0,-157.0,-156.0,-157.0,-157.0,-154.0,-155.0,-156.5,-154.0,-157.0,-154.0,-153.5,-157.0,-157.0,-156.0,-155.5,-152.0,-157.0,-154.5,-157.0,-157.0,-153.5,-155.0,-157.0,-157.0,-157.0,-157.0,-153.5,-154.0,-157.0,-154.0,-153.0,-150.5,-157.0,-156.0,-157.0,-156.5,-157.0,-155.0,-157.0,-157.0,-154.5,-154.5,-157.0,-157.0,-157.0,-157.0,-154.5,-157.0,-157.0,-157.0,-157.0,-152.5,-153.5,-151.0,-157.0,-157.0,-157.0,-157.0,-155.5,-157.0,-156.0,-157.0,-150.5,-151.0,-157.0,-157.0,-154.0,-151.5,-154.0,-156.0,-155.5,-155.5,-150.5,-152.0,-157.0,-154.5,-155.0,-157.0,-157.0,-150.0,-152.5,-155.5,-157.0,-155.5,-157.0,-157.0,-157.0,-157.0,-157.0,-157.0,-153.0,-152.5,-151.0,-151.5,-151.5,-153.0,-157.0,-157.0,-154.0,-156.0,-152.5,-152.5,-153.0,-150.0,-151.5,-156.0,-157.0,-157.0,-154.0,-155.0,-153.5,-154.0,-156.5,-155.0,-157.0,-156.5,-157.0,-157.0,-157.0,-157.0,-157.0,-157.0,-156.5,-154.0,-155.0,-157.0,-154.5,-154.5,-154.5,-157.0,-156.5,-156.0,-156.5,-154.5,-156.0,-156.0,-156.5,-156.0,-157.0,-153.0,-150.0,-151.0,-156.5,-157.0,-157.0,-152.5,-151.5,-154.0,-154.5,-151.0,-150.0,-157.0,-157.0,-157.0,-157.0,-157.0,-157.0,-152.5,-152.0,-153.5,-151.0,-151.0,-157.0,-157.0,-154.0,-151.5,-153.5,-157.0,-155.0,-157.0,-157.0,-157.0,-157.0,-153.5,-157.0,-157.0,-153.0,-151.5,-152.5,-152.0,-156.5,-153.5,-157.0,-157.0,-157.0,-157.0,-157.0,-157.0,-157.0,-157.0,-157.0,-157.0,-157.0,-157.0,-157.0,-157.0,-157.0,-156.0,-150.5,-151.0,-149.5,-157.0,-154.5,-156.5,-154.0,-157.0,-156.5,-157.0,-157.0,-156.5,-155.5,-155.0,-157.0,-153.0,-154.5,-155.0,-157.0,-157.0,-157.0,-157.0,-151.5,-155.0,-157.0,-157.0,-157.0,-154.5,-150.0,-146.5,-155.0,-151.0,-154.0,-156.0,-156.0,-157.0,-156.0,-156.0,-152.5,-157.0,-152.0,-151.0,-157.0,-157.0,-157.0,-157.0,-154.0,-157.0,-157.0,-156.0,-154.0,-156.0,-157.0,-155.0,-156.5,-156.0,-155.0,-157.0,-157.0,-157.0,-157.0,-157.0,-157.0,-155.5,-157.0,-155.0,-156.5,-154.0,-157.0,-156.5,-151.0,-151.0,-153.5,-156.5,-157.0,-155.5,-156.5,-156.0,-157.0,-155.5,-155.5,-157.0,-157.0,-157.0,-157.0,-151.0,-151.5,-157.0,-154.5,-156.5,-157.0,-157.0,-153.0,-155.0,-156.0,-156.5,-156.5,-152.5,-154.5,-152.5,-153.0,-157.0,-153.0,-154.0,-157.0,-157.0,-157.0,-156.0,-157.0,-157.0,-155.5,-153.0,-157.0,-157.0,-155.0,-151.5,-152.0,-157.0,-153.5,-150.5,-150.5,-157.0,-155.0,-157.0,-157.0,-152.0,-155.0,-157.0,-155.5,-153.0,-156.0,-156.5,-151.0,-153.5,-155.0,-155.0,-157.0,-155.0,-152.5,-156.5,-157.0,-157.0
2026-01-17 14:13:44.899,143.049967,5,-77,-157.0,-157.0,-155.0,-157.0,-157.0,-152.5,-154.0,-157.0,-151.5,-153.0,-157.0,-153.5,-157.0,-149.0,-151.5,-153.5,-156.5,-155.5,-154.5,-156.5,-156.5,-157.0,-157.0,-157.0,-157.0,-153.5,-156.0,-153.0,-151.5,-157.0,-152.5,-152.5,-155.5,-154.0,-153.0,-156.0,-156.0,-157.0,-157.0,-154.5,-156.5,-157.0,-155.5,-157.0,-151.0,-152.5,-157.0,-155.0,-152.5,-157.0,-155.0,-156.5,-153.5,-152.5,-157.0,-155.5,-157.0,-157.0,-154.0,-155.0,-153.5,-150.0,-157.0,-155.5,-157.0,-157.0,-156.5,-157.0,-157.0,-157.0,-155.5,-157.0,-157.0,-157.0,-157.0,-152.0,-154.0,-154.0,-153.5,-150.0,-154.0,-157.0,-157.0,-157.0,-156.5,-157.0,-157.0,-157.0,-157.0,-153.0,-150.0,-154.5,-157.0,-154.0,-157.0,-156.0,-154.0,-156.0,-154.5,-151.0,-150.5,-157.0,-157.0,-154.5,-154.0,-157.0,-155.5,-150.5,-149.5,-157.0,-150.0,-157.0,-156.0,-156.5,-156.5,-157.0,-157.0,-157.0,-153.5,-155.5,-155.5,-156.0,-155.0,-154.0,-157.0,-157.0,-157.0,-151.5,-154.5,-157.0,-157.0,-154.0,-153.5,-151.5,-156.0,-156.0,-154.0,-157.0,-157.0,-153.5,-157.0,-155.5,-151.0,-153.5,-157.0,-157.0,-157.0,-157.0,-154.0,-153.0,-154.5,-156.0,-157.0,-156.5,-157.0,-153.5,-157.0,-157.0,-157.0,-154.0,-155.5,-153.5,-157.0,-157.0,-156.0,-155.0,-152.5,-157.0,-157.0,-157.0,-155.0,-155.5,-154.5,-157.0,-157.0,-157.0,-157.0,-157.0,-157.0,-157.0,-155.5,-154.5,-157.0,-157.0,-157.0,-157.0,-156.0,-157.0,-155.0,-157.0,-157.0,-154.5,-154.0,-157.0,-154.0,-157.0,-157.0,-152.0,-150.5,-157.0,-157.0,-155.5,-155.0,-152.5,-156.5,-152.5,-152.0,-156.5,-154.5,-157.0,-157.0,-156.5,-153.5,-156.0,-153.0,-150.0,-151.0,-157.0,-157.0,-156.5,-155.0,-152.5,-157.0,-157.0,-157.0,-151.5,-151.0,-154.0,-156.0,-154.5,-157.0,-156.5,-154.5,-156.0,-152.5,-151.5,-153.5,-154.5,-151.0,-153.5,-151.5,-157.0,-157.0,-154.0,-155.0,-152.0,-153.5,-157.0,-152.0,-153.0,-157.0,-157.0,-157.0,-157.0,-157.0,-156.5,-155.5,-156.5,-157.0,-153.5,-155.5,-153.5,-155.0,-155.0,-157.0,-154.0,-152.0,-157.0,-157.0,-156.5,-157.0,-151.5,-152.0,-155.0,-153.5,-151.5,-152.0,-151.5,-157.0,-157.0,-155.5,-153.5,-153.5,-154.5,-157.0,-155.0,-155.0,-153.0,-157.0,-157.0,-157.0,-157.0,-154.5,-154.5,-152.5,-153.5,-155.5,-157.0,-157.0,-154.5,-153.0,-156.0,-153.5,-157.0,-157.0,-157.0,-155.5,-156.5,-153.0,-157.0,-157.0,-151.5,-151.0,-157.0,-157.0,-156.0,-155.0,-157.0,-154.5,-154.5,-157.0,-157.0,-157.0,-157.0,-157.0,-157.0,-157.0,-157.0,-154.5,-157.0,-157.0,-156.5,-157.0,-152.0,-152.0,-150.0,-157.0,-157.0,-151.5,-152.5,-157.0,-156.0,-155.5,-156.5,-157.0,-157.0,-157.0,-157.0,-156.5,-157.0,-157.0,-155.5,-157.0,-156.5,-156.5,-153.0,-156.0,-154.5,-153.5,-157.0,-154.5,-145.0,-145.0,-157.0,-154.0,-152.5,-156.5,-154.0,-154.0,-151.0,-156.5,-153.5,-157.0,-157.0,-154.5,-157.0,-157.0,-156.0,-157.0,-150.5,-154.5,-157.0,-155.0,-155.0,-157.0,-157.0,-154.5,-154.5,-154.5,-155.5,-157.0,-157.0,-157.0,-157.0,-157.0,-157.0,-157.0,-157.0,-157.0,-153.0,-152.0,-157.0,-157.0,-157.0,-155.5,-157.0,-155.5,-157.0,-155.5,-155.0,-156.0,-154.5,-154.0,-154.0,-157.0,-157.0,-157.0,-157.0,-154.5,-151.5,-157.0,-153.5,-156.0,-157.0,-157.0,-153.5,-152.5,-157.0,-157.0,-154.0,-151.5,-157.0,-151.5,-153.5,-157.0,-157.0,-157.0,-156.0,-157.0,-154.0,-152.5,-153.0,-157.0,-154.5,-154.0,-157.0,-157.0,-157.0,-153.5,-153.0,-154.5,-154.0,-154.0,-156.5,-157.0,-155.5,-157.0,-156.5,-149.5,-152.5,-157.0,-157.0,-157.0,-154.0,-156.0,-154.0,-153.0,-157.0,-152.0,-151.5,-155.0,-157.0,-155.0,-156.5,-155.0
2026-01-17 14:13:44.930,143.049967,5,-77,-157.0,-157.0,-155.0,-157.0,-157.0,-157.0,-157.0,-156.0,-152.5,-154.0,-157.0,-155.5,-157.0,-148.5,-149.5,-152.0,-156.5,-156.0,-152.5,-157.0,-156.5,-157.0,-153.5,-154.0,-157.0,-157.0,-155.0,-157.0,-156.5,-157.0,-156.0,-157.0,-156.0,-154.5,-151.0,-156.0,-156.5,-157.0,-157.0,-154.0,-157.0,-155.0,-157.0,-157.0,-151.5,-153.5,-157.0,-156.0,-151.0,-154.5,-156.0,-157.0,-151.5,-149.0,-153.0,-157.0,-155.5,-157.0,-151.0,-153.0,-156.0,-148.0,-150.0,-154.5,-157.0,-154.0,-154.5,-157.0,-155.5,-157.0,-156.5,-157.0,-155.0,-157.0,-157.0,-152.5,-157.0,-157.0,-152.5,-151.0,-155.5,-157.0,-157.0,-157.0,-157.0,-157.0,-157.0,-157.0,-156.5,-157.0,-152.0,-153.0,-157.0,-157.0,-157.0,-151.0,-152.0,-153.0,-151.5,-154.5,-151.0,-157.0,-157.0,-154.0,-157.0,-157.0,-156.5,-149.0,-147.0,-155.0,-151.0,-153.0,-156.5,-157.0,-157.0,-157.0,-154.5,-157.0,-151.0,-155.5,-156.5,-157.0,-157.0,-157.0,-157.0,-157.0,-156.0,-154.0,-157.0,-157.0,-157.0,-157.0,-157.0,-152.0,-153.5,-154.0,-154.0,-157.0,-155.5,-150.0,-152.5,-153.5,-151.5,-155.5,-157.0,-155.5,-155.5,-155.5,-152.5,-156.0,-157.0,-157.0,-157.0,-157.0,-153.5,-154.0,-157.0,-157.0,-157.0,-154.5,-152.5,-154.0,-157.0,-155.5,-154.0,-157.0,-156.5,-156.5,-154.5,-155.0,-152.0,-152.0,-156.0,-157.0,-157.0,-157.0,-157.0,-157.0,-157.0,-157.0,-157.0,-157.0,-157.0,-157.0,-157.0,-157.0,-157.0,-157.0,-156.5,-153.0,-155.0,-155.0,-153.5,-157.0,-154.0,-157.0,-157.0,-152.5,-151.0,-157.0,-157.0,-157.0,-157.0,-152.5,-151.5,-152.5,-151.5,-156.5,-151.0,-155.0,-157.0,-157.0,-157.0,-155.5,-156.0,-149.5,-148.5,-152.5,-156.5,-157.0,-150.5,-149.5,-153.0,-157.0,-157.0,-152.5,-155.0,-153.5,-154.5,-157.0,-157.0,-154.5,-157.0,-153.5,-154.5,-152.0,-156.0,-157.0,-157.0,-156.0,-153.5,-154.5,-156.5,-154.5,-157.0,-155.5,-157.0,-155.5,-153.0,-155.0,-157.0,-157.0,-157.0,-156.0,-157.0,-153.5,-155.0,-157.0,-156.0,-153.5,-155.5,-157.0,-157.0,-156.0,-155.0,-152.5,-150.5,-157.0,-157.0,-155.5,-154.5,-152.5,-153.5,-155.0,-157.0,-154.5,-151.5,-151.5,-156.5,-157.0,-157.0,-157.0,-157.0,-154.5,-157.0,-157.0,-151.0,-153.0,-156.0,-157.0,-157.0,-156.5,-156.0,-153.0,-152.0,-155.5,-154.0,-156.5,-154.5,-157.0,-157.0,-155.5,-152.5,-157.0,-157.0,-157.0,-154.0,-154.0,-153.5,-155.0,-157.0,-157.0,-152.0,-157.0,-157.0,-156.5,-157.0,-157.0,-154.5,-154.0,-157.0,-157.0,-156.5,-156.5,-156.5,-157.0,-157.0,-157.0,-155.5,-155.5,-155.0,-154.5,-157.0,-157.0,-157.0,-149.0,-154.5,-157.0,-152.5,-155.0,-157.0,-154.5,-156.0,-157.0,-157.0,-157.0,-157.0,-157.0,-157.0,-157.0,-157.0,-154.0,-157.0,-156.0,-153.5,-157.0,-156.0,-150.5,-151.0,-156.0,-157.0,-144.5,-146.0,-157.0,-157.0,-155.0,-157.0,-154.5,-154.5,-150.5,-152.0,-155.5,-156.0,-157.0,-157.0,-157.0,-157.0,-157.0,-151.0,-148.0,-149.0,-157.0,-152.0,-154.5,-156.0,-155.0,-155.5,-157.0,-156.0,-154.5,-157.0,-157.0,-157.0,-157.0,-157.0,-157.0,-157.0,-157.0,-157.0,-153.0,-151.0,-157.0,-157.0,-157.0,-156.5,-157.0,-157.0,-157.0,-157.0,-157.0,-157.0,-157.0,-157.0,-153.5,-156.0,-157.0,-157.0,-156.0,-157.0,-150.5,-156.5,-154.5,-154.5,-157.0,-157.0,-157.0,-154.5,-157.0,-157.0,-156.5,-153.0,-157.0,-155.5,-157.0,-157.0,-156.0,-157.0,-152.0,-151.5,-153.5,-154.5,-156.0,-157.0,-157.0,-157.0,-152.5,-157.0,-157.0,-157.0,-156.5,-152.5,-152.5,-157.0,-155.0,-154.0,-155.5,-157.0,-157.0,-153.5,-151.0,-157.0,-157.0,-154.0,-150.5,-157.0,-157.0,-157.0,-157.0,-150.0,-149.0,-153.5,-157.0,-155.5,-153.5,-153.5
2026-01-17 14:13:44.966,143.049967,5,-77,-157.0,-157.0,-155.5,-157.0,-157.0,-157.0,-157.0,-154.0,-155.5,-157.0,-157.0,-157.0,-157.0,-152.0,-152.0,-151.5,-156.0,-157.0,-152.0,-154.5,-157.0,-157.0,-150.5,-150.5,-157.0,-157.0,-154.0,-154.5,-157.0,-154.0,-156.0,-157.0,-154.5,-157.0,-152.5,-154.0,-155.5,-152.5,-152.0,-154.0,-157.0,-155.5,-157.0,-152.5,-150.0,-157.0,-157.0,-157.0,-151.5,-154.0,-156.0,-157.0,-157.0,-150.5,-151.5,-157.0,-157.0,-157.0,-153.0,-157.0,-157.0,-150.0,-151.0,-157.0,-157.0,-152.5,-153.0,-152.0,-157.0,-157.0,-157.0,-156.0,-153.0,-154.0,-157.0,-153.0,-156.0,-157.0,-150.0,-150.5,-157.0,-157.0,-157.0,-157.0,-157.0,-157.0,-157.0,-157.0,-151.5,-157.0,-156.0,-154.0,-157.0,-157.0,-157.0,-152.5,-150.0,-157.0,-152.5,-154.0,-151.0,-157.0,-157.0,-155.5,-157.0,-157.0,-157.0,-154.0,-148.0,-153.5,-154.0,-151.5,-155.0,-156.5,-155.5,-156.5,-152.5,-155.5,-150.5,-153.0,-156.0,-157.0,-156.0,-157.0,-154.0,-154.5,-157.0,-157.0,-157.0,-157.0,-155.5,-157.0,-157.0,-157.0,-155.5,-157.0,-151.5,-151.0,-151.5,-149.0,-152.0,-156.0,-157.0,-157.0,-156.0,-149.5,-150.5,-154.5,-153.5,-157.0,-157.0,-157.0,-157.0,-157.0,-151.0,-153.5,-157.0,-157.0,-154.5,-156.5,-155.0,-157.0,-157.0,-153.5,-152.0,-157.0,-157.0,-152.0,-153.5,-155.5,-154.5,-153.0,-157.0,-156.5,-155.0,-157.0,-157.0,-157.0,-157.0,-157.0,-157.0,-157.0,-157.0,-153.0,-154.5,-157.0,-157.0,-157.0,-157.0,-154.0,-152.0,-156.5,-157.0,-157.0,-155.0,-154.0,-156.5,-155.0,-152.5,-155.5,-155.5,-157.0,-157.0,-152.5,-150.5,-157.0,-155.0,-152.0,-149.5,-157.0,-153.5,-157.0,-157.0,-157.0,-152.5,-154.5,-150.0,-152.5,-151.5,-155.5,-150.5,-154.0,-150.0,-157.0,-157.0,-153.5,-154.5,-154.0,-152.0,-150.0,-150.5,-154.5,-155.0,-153.0,-152.5,-153.5,-157.0,-154.5,-157.0,-157.0,-156.5,-151.5,-156.5,-154.5,-155.5,-157.0,-157.0,-157.0,-157.0,-157.0,-155.5,-157.0,-157.0,-153.0,-153.0,-152.0,-157.0,-156.5,-156.0,-157.0,-157.0,-157.0,-157.0,-154.0,-157.0,-157.0,-153.5,-157.0,-157.0,-153.5,-152.0,-156.5,-156.0,-155.5,-156.5,-153.5,-153.5,-157.0,-157.0,-157.0,-157.0,-157.0,-156.0,-153.5,-151.5,-151.5,-154.0,-155.5,-157.0,-157.0,-157.0,-156.5,-156.5,-150.5,-152.5,-149.0,-147.5,-155.0,-154.5,-155.0,-154.0,-152.0,-150.5,-151.0,-157.0,-156.5,-155.5,-157.0,-157.0,-156.5,-157.0,-155.5,-149.5,-151.0,-157.0,-153.0,-155.5,-157.0,-157.0,-155.0,-157.0,-157.0,-152.0,-151.0,-155.5,-154.0,-157.0,-157.0,-157.0,-152.0,-153.5,-157.0,-157.0,-155.5,-155.0,-149.5,-157.0,-157.0,-157.0,-157.0,-157.0,-155.5,-157.0,-157.0,-157.0,-157.0,-157.0,-157.0,-157.0,-157.0,-157.0,-155.5,-152.0,-157.0,-154.0,-153.0,-152.5,-151.5,-157.0,-155.5,-157.0,-148.0,-151.0,-152.0,-154.5,-155.0,-154.0,-152.5,-153.5,-156.0,-157.0,-152.5,-149.5,-151.5,-155.5,-156.5,-157.0,-157.0,-155.0,-152.0,-153.0,-157.0,-152.5,-154.0,-153.0,-152.5,-154.5,-154.5,-157.0,-157.0,-157.0,-157.0,-157.0,-157.0,-156.0,-157.0,-157.0,-157.0,-156.5,-155.0,-155.0,-156.5,-157.0,-157.0,-157.0,-156.0,-155.5,-157.0,-157.0,-157.0,-157.0,-157.0,-154.0,-154.0,-157.0,-157.0,-157.0,-157.0,-154.5,-152.5,-153.0,-156.0,-153.5,-155.0,-157.0,-157.0,-157.0,-157.0,-157.0,-157.0,-156.0,-156.5,-157.0,-157.0,-157.0,-153.5,-157.0,-155.0,-149.0,-152.5,-157.0,-157.0,-157.0,-157.0,-157.0,-154.5,-153.0,-154.5,-157.0,-157.0,-157.0,-155.0,-156.5,-151.5,-152.0,-156.5,-157.0,-157.0,-157.0,-151.5,-157.0,-157.0,-150.0,-149.0,-157.0,-157.0,-157.0,-157.0,-153.0,-152.5,-157.0,-157.0,-154.5,-155.0,-157.0
2026-01-17 14:13:44.999,143.049967,5,-77,-157.0,-157.0,-157.0,-156.5,-157.0,-157.0,-154.0,-153.0,-156.5,-157.0,-157.0,-157.0,-157.0,-153.0,-157.0,-155.5,-157.0,-157.0,-153.5,-153.5,-157.0,-157.0,-152.5,-154.0,-153.5,-157.0,-155.0,-154.5,-151.0,-151.0,-152.0,-157.0,-154.5,-157.0,-156.0,-157.0,-155.0,-152.5,-155.0,-154.5,-155.0,-154.0,-157.0,-149.0,-148.0,-157.0,-157.0,-157.0,-153.5,-157.0,-157.0,-157.0,-155.5,-153.0,-151.0,-157.0,-157.0,-156.0,-154.5,-154.5,-156.5,-157.0,-155.0,-157.0,-155.0,-152.0,-151.5,-152.0,-157.0,-157.0,-157.0,-152.5,-153.5,-154.5,-157.0,-155.0,-155.0,-157.0,-153.5,-154.5,-157.0,-157.0,-157.0,-157.0,-157.0,-157.0,-155.0,-152.0,-149.0,-154.0,-157.0,-157.0,-157.0,-157.0,-157.0,-157.0,-149.5,-150.0,-154.5,-157.0,-153.5,-157.0,-157.0,-157.0,-157.0,-157.0,-157.0,-152.5,-151.0,-150.5,-154.5,-155.0,-157.0,-151.5,-154.5,-153.0,-151.0,-152.5,-153.0,-153.5,-157.0,-157.0,-155.0,-154.0,-153.0,-156.0,-157.0,-155.5,-157.0,-157.0,-154.5,-153.0,-155.5,-157.0,-155.5,-157.0,-151.5,-154.0,-156.0,-152.0,-156.5,-157.0,-157.0,-157.0,-157.0,-148.0,-150.5,-151.5,-153.5,-157.0,-157.0,-157.0,-157.0,-157.0,-152.5,-152.5,-157.0,-157.0,-152.5,-152.5,-157.0,-157.0,-157.0,-155.5,-157.0,-154.5,-157.0,-151.0,-153.0,-157.0,-157.0,-153.0,-154.0,-157.0,-153.0,-153.0,-157.0,-157.0,-157.0,-157.0,-157.0,-157.0,-157.0,-155.0,-156.0,-157.0,-157.0,-155.5,-157.0,-157.0,-151.0,-155.0,-157.0,-157.0,-157.0,-153.5,-153.0,-157.0,-154.5,-157.0,-156.5,-157.0,-155.0,-152.5,-153.0,-157.0,-157.0,-155.0,-154.0,-152.5,-150.5,-157.0,-157.0,-157.0,-153.5,-157.0,-154.5,-157.0,-151.5,-153.0,-154.5,-154.0,-151.0,-157.0,-157.0,-156.0,-157.0,-156.0,-157.0,-149.0,-150.5,-154.0,-153.0,-157.0,-157.0,-157.0,-157.0,-155.0,-157.0,-157.0,-157.0,-149.5,-156.5,-149.5,-154.5,-157.0,-157.0,-157.0,-157.0,-157.0,-156.0,-157.0,-156.5,-155.5,-155.0,-155.0,-155.0,-153.0,-155.5,-157.0,-156.0,-153.5,-157.0,-152.5,-153.5,-157.0,-155.5,-155.0,-154.0,-155.5,-153.5,-157.0,-157.0,-155.0,-151.5,-154.0,-156.0,-157.0,-157.0,-157.0,-157.0,-157.0,-150.5,-150.5,-150.0,-151.5,-157.0,-157.0,-157.0,-157.0,-157.0,-157.0,-153.0,-150.5,-157.0,-148.0,-145.5,-154.0,-157.0,-156.5,-157.0,-152.0,-153.5,-153.0,-157.0,-157.0,-154.5,-153.5,-154.0,-154.0,-157.0,-155.0,-150.5,-152.0,-157.0,-150.0,-152.0,-155.5,-157.0,-154.5,-156.5,-157.0,-152.0,-150.0,-150.5,-154.0,-155.5,-156.0,-154.0,-153.0,-157.0,-157.0,-157.0,-153.5,-150.0,-150.0,-157.0,-157.0,-156.0,-157.0,-156.5,-155.5,-157.0,-157.0,-157.0,-157.0,-155.0,-155.0,-154.5,-157.0,-157.0,-157.0,-151.5,-152.5,-157.0,-151.5,-154.5,-155.0,-157.0,-157.0,-154.0,-150.0,-156.5,-155.5,-153.0,-157.0,-153.0,-156.0,-153.0,-156.0,-155.0,-151.0,-151.5,-152.5,-153.0,-152.0,-156.0,-157.0,-154.5,-155.5,-157.0,-157.0,-155.0,-157.0,-156.0,-153.0,-157.0,-154.5,-157.0,-157.0,-157.0,-157.0,-157.0,-153.5,-153.5,-157.0,-154.5,-153.5,-154.5,-152.5,-157.0,-157.0,-157.0,-157.0,-157.0,-155.0,-157.0,-157.0,-157.0,-157.0,-157.0,-156.0,-154.0,-157.0,-157.0,-157.0,-155.5,-154.0,-154.0,-156.0,-156.5,-157.0,-154.5,-153.5,-157.0,-155.5,-157.0,-157.0,-157.0,-157.0,-157.0,-157.0,-157.0,-157.0,-155.0,-157.0,-154.5,-155.0,-152.5,-156.0,-157.0,-157.0,-155.5,-157.0,-157.0,-157.0,-155.0,-155.5,-157.0,-157.0,-157.0,-157.0,-157.0,-153.5,-157.0,-157.0,-157.0,-157.0,-156.0,-152.5,-156.5,-153.5,-149.5,-151.5,-155.0,-157.0,-157.0,-157.0,-156.5,-154.0,-157.0,-155.0,-154.5,-153.5,-156.5
2026-01-17 14:13:45.032,143.049967,5,-77,-157.0,-157.0,-157.0,-157.0,-157.0,-157.0,-153.0,-156.5,-154.0,-157.0,-157.0,-157.0,-157.0,-153.0,-155.5,-153.5,-155.0,-157.0,-155.5,-154.5,-157.0,-154.0,-152.0,-157.0,-157.0,-157.0,-156.0,-157.0,-153.0,-155.5,-151.5,-155.5,-156.5,-157.0,-157.0,-157.0,-156.5,-156.5,-157.0,-155.5,-157.0,-151.0,-153.0,-150.5,-150.0,-157.0,-157.0,-157.0,-155.5,-157.0,-157.0,-157.0,-151.5,-151.0,-150.0,-154.5,-155.5,-154.5,-157.0,-153.0,-152.5,-156.0,-157.0,-153.0,-153.5,-152.0,-153.0,-157.0,-156.0,-154.5,-152.5,-151.0,-157.0,-154.0,-153.5,-157.0,-153.5,-156.5,-157.0,-157.0,-157.0,-157.0,-157.0,-156.5,-157.0,-157.0,-153.5,-151.5,-150.0,-156.0,-157.0,-157.0,-157.0,-157.0,-157.0,-155.5,-152.0,-149.0,-157.0,-157.0,-154.0,-157.0,-157.0,-157.0,-157.0,-156.0,-157.0,-154.0,-157.0,-156.0,-157.0,-156.5,-152.0,-149.5,-155.0,-151.5,-152.5,-157.0,-157.0,-153.5,-157.0,-157.0,-157.0,-157.0,-157.0,-157.0,-155.5,-153.0,-157.0,-157.0,-156.0,-156.0,-155.0,-154.0,-154.5,-157.0,-154.5,-157.0,-155.5,-151.5,-154.0,-157.0,-152.0,-152.5,-157.0,-151.5,-152.5,-151.0,-151.0,-156.0,-157.0,-157.0,-157.0,-157.0,-157.0,-157.0,-157.0,-157.0,-157.0,-153.0,-154.0,-156.5,-157.0,-157.0,-157.0,-153.0,-153.5,-152.0,-153.5,-157.0,-157.0,-153.0,-152.5,-157.0,-154.0,-151.5,-157.0,-157.0,-157.0,-157.0,-157.0,-157.0,-157.0,-157.0,-157.0,-154.5,-157.0,-152.5,-154.0,-157.0,-153.0,-154.5,-157.0,-155.0,-156.0,-157.0,-155.0,-157.0,-154.0,-157.0,-154.5,-154.0,-151.5,-155.0,-157.0,-157.0,-157.0,-157.0,-157.0,-152.5,-151.5,-157.0,-157.0,-157.0,-157.0,-155.0,-153.5,-154.5,-157.0,-153.0,-157.0,-154.5,-154.5,-157.0,-157.0,-157.0,-157.0,-155.0,-154.5,-154.0,-157.0,-156.0,-157.0,-157.0,-157.0,-157.0,-155.5,-152.0,-153.0,-155.0,-149.0,-143.5,-142.0,-141.5,-147.5,-157.0,-154.0,-154.0,-157.0,-153.0,-154.0,-155.5,-154.0,-157.0,-157.0,-157.0,-157.0,-152.5,-154.5,-157.0,-157.0,-155.5,-157.0,-151.5,-152.0,-157.0,-157.0,-157.0,-157.0,-157.0,-157.0,-157.0,-157.0,-157.0,-154.0,-154.0,-154.0,-157.0,-157.0,-157.0,-157.0,-157.0,-151.5,-151.0,-154.5,-157.0,-157.0,-157.0,-156.0,-157.0,-157.0,-157.0,-157.0,-153.0,-154.5,-149.5,-150.5,-155.5,-157.0,-157.0,-152.5,-154.0,-157.0,-157.0,-154.0,-155.5,-153.5,-152.5,-155.5,-152.0,-156.0,-157.0,-155.5,-157.0,-157.0,-152.0,-154.5,-154.0,-155.5,-154.5,-155.0,-153.0,-152.0,-154.0,-151.0,-157.0,-156.5,-156.0,-152.0,-155.5,-157.0,-157.0,-155.0,-153.5,-155.0,-152.0,-151.5,-157.0,-155.5,-157.0,-154.5,-150.5,-151.5,-157.0,-157.0,-157.0,-151.0,-151.5,-150.5,-150.5,-153.0,-157.0,-154.5,-152.0,-157.0,-152.5,-155.5,-157.0,-154.5,-157.0,-154.0,-150.0,-157.0,-157.0,-155.0,-157.0,-151.5,-153.5,-152.5,-152.0,-155.0,-151.0,-157.0,-157.0,-156.0,-156.0,-155.0,-157.0,-153.5,-155.5,-156.5,-157.0,-157.0,-157.0,-155.0,-155.0,-157.0,-156.0,-156.5,-157.0,-157.0,-157.0,-157.0,-153.5,-153.5,-157.0,-152.0,-151.5,-157.0,-152.5,-154.0,-157.0,-157.0,-157.0,-156.5,-157.0,-157.0,-157.0,-157.0,-157.0,-157.0,-154.0,-155.5,-155.0,-156.5,-157.0,-153.5,-152.5,-156.5,-157.0,-157.0,-157.0,-157.0,-156.0,-157.0,-153.0,-154.5,-157.0,-157.0,-157.0,-157.0,-157.0,-155.0,-157.0,-154.0,-157.0,-157.0,-156.5,-154.0,-156.0,-157.0,-155.5,-155.0,-157.0,-157.0,-157.0,-156.0,-157.0,-157.0,-154.5,-155.5,-155.0,-157.0,-157.0,-157.0,-157.0,-157.0,-157.0,-157.0,-154.5,-157.0,-157.0,-154.0,-157.0,-152.0,-157.0,-157.0,-157.0,-157.0,-153.5,-154.5,-154.0,-157.0,-156.0,-152.0
2026-01-17 14:13:45.069,143.049967,5,-77,-157.0,-157.0,-157.0,-155.5,-155.5,-157.0,-153.0,-157.0,-152.5,-157.0,-157.0,-157.0,-157.0,-151.5,-151.0,-150.5,-153.0,-157.0,-157.0,-157.0,-157.0,-152.0,-151.5,-153.0,-154.5,-157.0,-157.0,-157.0,-157.0,-157.0,-154.0,-156.5,-157.0,-157.0,-157.0,-152.5,-154.5,-157.0,-157.0,-157.0,-157.0,-150.5,-150.5,-156.5,-155.5,-157.0,-157.0,-154.5,-152.0,-157.0,-157.0,-157.0,-152.0,-155.5,-151.0,-156.0,-157.0,-155.5,-157.0,-156.0,-154.0,-153.5,-157.0,-154.5,-157.0,-154.5,-151.0,-152.0,-156.0,-157.0,-156.0,-153.5,-157.0,-154.5,-152.0,-152.5,-152.5,-154.5,-157.0,-157.0,-157.0,-157.0,-157.0,-157.0,-157.0,-157.0,-157.0,-157.0,-155.5,-157.0,-156.0,-157.0,-157.0,-157.0,-157.0,-156.0,-156.0,-152.0,-157.0,-157.0,-155.5,-157.0,-157.0,-155.5,-155.5,-154.5,-155.0,-154.5,-157.0,-157.0,-156.0,-157.0,-151.0,-150.5,-157.0,-150.5,-150.0,-157.0,-155.5,-150.5,-157.0,-157.0,-157.0,-157.0,-157.0,-157.0,-157.0,-154.5,-157.0,-156.5,-153.0,-154.0,-153.0,-154.0,-157.0,-157.0,-157.0,-156.5,-157.0,-151.5,-155.5,-152.0,-154.0,-154.5,-156.5,-156.5,-157.0,-156.0,-151.0,-151.0,-155.0,-157.0,-154.0,-152.5,-157.0,-157.0,-157.0,-157.0,-157.0,-157.0,-157.0,-151.5,-152.5,-157.0,-157.0,-154.5,-157.0,-153.5,-154.5,-157.0,-157.0,-157.0,-154.5,-157.0,-157.0,-153.5,-157.0,-157.0,-157.0,-157.0,-157.0,-155.5,-154.0,-155.0,-157.0,-155.0,-152.5,-154.5,-157.0,-157.0,-157.0,-155.0,-154.0,-154.0,-156.0,-155.5,-157.0,-154.5,-151.0,-152.0,-152.5,-155.5,-149.0,-150.0,-157.0,-157.0,-157.0,-157.0,-154.5,-152.5,-157.0,-157.0,-157.0,-157.0,-157.0,-156.5,-151.5,-156.5,-157.0,-154.5,-156.5,-156.0,-157.0,-154.5,-157.0,-153.0,-154.0,-156.5,-157.0,-157.0,-157.0,-157.0,-157.0,-155.5,-157.0,-157.0,-154.0,-153.5,-154.5,-152.5,-148.5,-145.0,-139.0,-139.5,-147.5,-157.0,-152.0,-153.0,-157.0,-156.0,-156.5,-157.0,-155.0,-156.5,-157.0,-157.0,-157.0,-157.0,-157.0,-157.0,-157.0,-155.0,-155.0,-155.0,-152.5,-154.5,-157.0,-157.0,-157.0,-156.5,-153.5,-155.5,-157.0,-157.0,-157.0,-157.0,-154.5,-154.5,-154.5,-154.5,-155.0,-157.0,-153.5,-152.0,-157.0,-157.0,-156.0,-149.0,-151.0,-157.0,-157.0,-157.0,-157.0,-157.0,-153.5,-152.5,-153.0,-156.5,-154.0,-157.0,-152.0,-152.5,-155.5,-157.0,-155.5,-153.5,-157.0,-157.0,-157.0,-153.0,-157.0,-157.0,-157.0,-157.0,-157.0,-155.0,-153.0,-152.5,-157.0,-152.5,-151.5,-154.0,-150.5,-154.0,-155.0,-157.0,-157.0,-157.0,-155.0,-153.5,-155.5,-157.0,-149.0,-149.5,-157.0,-155.5,-150.0,-153.5,-157.0,-157.0,-156.0,-151.0,-148.5,-153.0,-156.5,-157.0,-152.5,-153.0,-151.0,-149.5,-150.5,-155.5,-153.5,-156.5,-157.0,-152.0,-154.5,-156.5,-152.5,-157.0,-148.0,-147.0,-157.0,-157.0,-155.0,-154.5,-151.0,-151.0,-153.0,-153.5,-154.5,-151.0,-152.5,-153.5,-156.5,-157.0,-157.0,-153.0,-153.5,-157.0,-156.5,-157.0,-157.0,-157.0,-157.0,-157.0,-157.0,-155.5,-156.5,-157.0,-153.0,-155.5,-157.0,-154.0,-156.0,-157.0,-152.5,-153.5,-153.0,-151.5,-154.5,-157.0,-157.0,-157.0,-155.5,-157.0,-157.0,-157.0,-157.0,-157.0,-157.0,-156.5,-152.5,-154.5,-155.5,-157.0,-153.5,-153.0,-157.0,-157.0,-157.0,-157.0,-157.0,-157.0,-157.0,-155.0,-152.5,-153.5,-154.5,-155.5,-157.0,-157.0,-154.5,-157.0,-156.0,-152.5,-157.0,-156.5,-155.0,-153.5,-157.0,-157.0,-157.0,-157.0,-157.0,-155.0,-154.0,-155.0,-157.0,-157.0,-157.0,-157.0,-157.0,-157.0,-157.0,-156.0,-157.0,-157.0,-153.0,-157.0,-157.0,-157.0,-157.0,-157.0,-152.5,-157.0,-157.0,-157.0,-157.0,-156.0,-156.0,-156.0,-157.0,-157.0,-151.5
2026-01-17 14:13:45.069,143.049967,5,-77,-157.0,-157.0,-157.0,-155.5,-155.5,-157.0,-153.0,-157.0,-152.5,-157.0,-157.0,-157.0,-157.0,-151.5,-151.0,-150.5,-153.0,-157.0,-157.0,-157.0,-157.0,-152.0,-151.5,-153.0,-154.5,-157.0,-157.0,-157.0,-157.0,-157.0,-154.0,-156.5,-157.0,-157.0,-157.0,-152.5,-154.5,-157.0,-157.0,-157.0,-157.0,-150.5,-150.5,-156.5,-155.5,-157.0,-157.0,-154.5,-152.0,-157.0,-157.0,-157.0,-152.0,-155.5,-151.0,-156.0,-157.0,-155.5,-157.0,-156.0,-154.0,-153.5,-157.0,-154.5,-157.0,-154.5,-151.0,-152.0,-156.0,-157.0,-156.0,-153.5,-157.0,-154.5,-152.0,-152.5,-152.5,-154.5,-157.0,-157.0,-157.0,-157.0,-157.0,-157.0,-157.0,-157.0,-157.0,-157.0,-155.5,-157.0,-156.0,-157.0,-157.0,-157.0,-157.0,-156.0,-156.0,-152.0,-157.0,-157.0,-155.5,-157.0,-157.0,-155.5,-155.5,-154.5,-155.0,-154.5,-157.0,-157.0,-156.0,-157.0,-151.0,-150.5,-157.0,-150.5,-150.0,-157.0,-155.5,-150.5,-157.0,-157.0,-157.0,-157.0,-157.0,-157.0,-157.0,-154.5,-157.0,-156.5,-153.0,-154.0,-153.0,-154.0,-157.0,-157.0,-157.0,-156.5,-157.0,-151.5,-155.5,-152.0,-154.0,-154.5,-156.5,-156.5,-157.0,-156.0,-151.0,-151.0,-155.0,-157.0,-154.0,-152.5,-157.0,-157.0,-157.0,-157.0,-157.0,-157.0,-157.0,-151.5,-152.5,-157.0,-157.0,-154.5,-157.0,-153.5,-154.5,-157.0,-157.0,-157.0,-154.5,-157.0,-157.0,-153.5,-157.0,-157.0,-157.0,-157.0,-157.0,-155.5,-154.0,-155.0,-157.0,-155.0,-152.5,-154.5,-157.0,-157.0,-157.0,-155.0,-154.0,-154.0,-156.0,-155.5,-157.0,-154.5,-151.0,-152.0,-152.5,-155.5,-149.0,-150.0,-157.0,-157.0,-157.0,-157.0,-154.5,-152.5,-157.0,-157.0,-157.0,-157.0,-157.0,-156.5,-151.5,-156.5,-157.0,-154.5,-156.5,-156.0,-157.0,-154.5,-157.0,-153.0,-154.0,-156.5,-157.0,-157.0,-157.0,-157.0,-157.0,-155.5,-157.0,-157.0,-154.0,-153.5,-154.5,-152.5,-148.5,-145.0,-139.0,-139.5,-147.5,-157.0,-152.0,-153.0,-157.0,-156.0,-156.5,-157.0,-155.0,-156.5,-157.0,-157.0,-157.0,-157.0,-157.0,-157.0,-157.0,-155.0,-155.0,-155.0,-152.5,-154.5,-157.0,-157.0,-157.0,-156.5,-153.5,-155.5,-157.0,-157.0,-157.0,-157.0,-154.5,-154.5,-154.5,-154.5,-155.0,-157.0,-153.5,-152.0,-157.0,-157.0,-156.0,-149.0,-151.0,-157.0,-157.0,-157.0,-157.0,-157.0,-153.5,-152.5,-153.0,-156.5,-154.0,-157.0,-152.0,-152.5,-155.5,-157.0,-155.5,-153.5,-157.0,-157.0,-157.0,-153.0,-157.0,-157.0,-157.0,-157.0,-157.0,-155.0,-153.0,-152.5,-157.0,-152.5,-151.5,-154.0,-150.5,-154.0,-155.0,-157.0,-157.0,-157.0,-155.0,-153.5,-155.5,-157.0,-149.0,-149.5,-157.0,-155.5,-150.0,-153.5,-157.0,-157.0,-156.0,-151.0,-148.5,-153.0,-156.5,-157.0,-152.5,-153.0,-151.0,-149.5,-150.5,-155.5,-153.5,-156.5,-157.0,-152.0,-154.5,-156.5,-152.5,-157.0,-148.0,-147.0,-157.0,-157.0,-155.0,-154.5,-151.0,-151.0,-153.0,-153.5,-154.5,-151.0,-152.5,-153.5,-156.5,-157.0,-157.0,-153.0,-153.5,-157.0,-156.5,-157.0,-157.0,-157.0,-157.0,-157.0,-157.0,-155.5,-156.5,-157.0,-153.0,-155.5,-157.0,-154.0,-156.0,-157.0,-152.5,-153.5,-153.0,-151.5,-154.5,-157.0,-157.0,-157.0,-155.5,-157.0,-157.0,-157.0,-157.0,-157.0,-157.0,-156.5,-152.5,-154.5,-155.5,-157.0,-153.5,-153.0,-157.0,-157.0,-157.0,-157.0,-157.0,-157.0,-157.0,-155.0,-152.5,-153.5,-154.5,-155.5,-157.0,-157.0,-154.5,-157.0,-156.0,-152.5,-157.0,-156.5,-155.0,-153.5,-157.0,-157.0,-157.0,-157.0,-157.0,-155.0,-154.0,-155.0,-157.0,-157.0,-157.0,-157.0,-157.0,-157.0,-157.0,-156.0,-157.0,-157.0,-153.0,-157.0,-157.0,-157.0,-157.0,-157.0,-152.5,-157.0,-157.0,-157.0,-157.0,-156.0,-156.0,-156.0,-157.0,-157.0,-151.5
2026-01-17 14:13:45.069,143.049967,5,-77,-157.0,-157.0,-157.0,-155.5,-155.5,-157.0,-153.0,-157.0,-152.5,-157.0,-157.0,-157.0,-157.0,-151.5,-151.0,-150.5,-153.0,-157.0,-157.0,-157.0,-157.0,-152.0,-151.5,-153.0,-154.5,-157.0,-157.0,-157.0,-157.0,-157.0,-154.0,-156.5,-157.0,-157.0,-157.0,-152.5,-154.5,-157.0,-157.0,-157.0,-157.0,-150.5,-150.5,-156.5,-155.5,-157.0,-157.0,-154.5,-152.0,-157.0,-157.0,-157.0,-152.0,-155.5,-151.0,-156.0,-157.0,-155.5,-157.0,-156.0,-154.0,-153.5,-157.0,-154.5,-157.0,-154.5,-151.0,-152.0,-156.0,-157.0,-156.0,-153.5,-157.0,-154.5,-152.0,-152.5,-152.5,-154.5,-157.0,-157.0,-157.0,-157.0,-157.0,-157.0,-157.0,-157.0,-157.0,-157.0,-155.5,-157.0,-156.0,-157.0,-157.0,-157.0,-157.0,-156.0,-156.0,-152.0,-157.0,-157.0,-155.5,-157.0,-157.0,-155.5,-155.5,-154.5,-155.0,-154.5,-157.0,-157.0,-156.0,-157.0,-151.0,-150.5,-157.0,-150.5,-150.0,-157.0,-155.5,-150.5,-157.0,-157.0,-157.0,-157.0,-157.0,-157.0,-157.0,-154.5,-157.0,-156.5,-153.0,-154.0,-153.0,-154.0,-157.0,-157.0,-157.0,-156.5,-157.0,-151.5,-155.5,-152.0,-154.0,-154.5,-156.5,-156.5,-157.0,-156.0,-151.0,-151.0,-155.0,-157.0,-154.0,-152.5,-157.0,-157.0,-157.0,-157.0,-157.0,-157.0,-157.0,-151.5,-152.5,-157.0,-157.0,-154.5,-157.0,-153.5,-154.5,-157.0,-157.0,-157.0,-154.5,-157.0,-157.0,-153.5,-157.0,-157.0,-157.0,-157.0,-157.0,-155.5,-154.0,-155.0,-157.0,-155.0,-152.5,-154.5,-157.0,-157.0,-157.0,-155.0,-154.0,-154.0,-156.0,-155.5,-157.0,-154.5,-151.0,-152.0,-152.5,-155.5,-149.0,-150.0,-157.0,-157.0,-157.0,-157.0,-154.5,-152.5,-157.0,-157.0,-157.0,-157.0,-157.0,-156.5,-151.5,-156.5,-157.0,-154.5,-156.5,-156.0,-157.0,-154.5,-157.0,-153.0,-154.0,-156.5,-157.0,-157.0,-157.0,-157.0,-157.0,-155.5,-157.0,-157.0,-154.0,-153.5,-154.5,-152.5,-148.5,-145.0,-139.0,-139.5,-147.5,-157.0,-152.0,-153.0,-157.0,-156.0,-156.5,-157.0,-155.0,-156.5,-157.0,-157.0,-157.0,-157.0,-157.0,-157.0,-157.0,-155.0,-155.0,-155.0,-152.5,-154.5,-157.0,-157.0,-157.0,-156.5,-153.5,-155.5,-157.0,-157.0,-157.0,-157.0,-154.5,-154.5,-154.5,-154.5,-155.0,-157.0,-153.5,-152.0,-157.0,-157.0,-156.0,-149.0,-151.0,-157.0,-157.0,-157.0,-157.0,-157.0,-153.5,-152.5,-153.0,-156.5,-154.0,-157.0,-152.0,-152.5,-155.5,-157.0,-155.5,-153.5,-157.0,-157.0,-157.0,-153.0,-157.0,-157.0,-157.0,-157.0,-157.0,-155.0,-153.0,-152.5,-157.0,-152.5,-151.5,-154.0,-150.5,-154.0,-155.0,-157.0,-157.0,-157.0,-155.0,-153.5,-155.5,-157.0,-149.0,-149.5,-157.0,-155.5,-150.0,-153.5,-157.0,-157.0,-156.0,-151.0,-148.5,-153.0,-156.5,-157.0,-152.5,-153.0,-151.0,-149.5,-150.5,-155.5,-153.5,-156.5,-157.0,-152.0,-154.5,-156.5,-152.5,-157.0,-148.0,-147.0,-157.0,-157.0,-155.0,-154.5,-151.0,-151.0,-153.0,-153.5,-154.5,-151.0,-152.5,-153.5,-156.5,-157.0,-157.0,-153.0,-153.5,-157.0,-156.5,-157.0,-157.0,-157.0,-157.0,-157.0,-157.0,-155.5,-156.5,-157.0,-153.0,-155.5,-157.0,-154.0,-156.0,-157.0,-152.5,-153.5,-153.0,-151.5,-154.5,-157.0,-157.0,-157.0,-155.5,-157.0,-157.0,-157.0,-157.0,-157.0,-157.0,-156.5,-152.5,-154.5,-155.5,-157.0,-153.5,-153.0,-157.0,-157.0,-157.0,-157.0,-157.0,-157.0,-157.0,-155.0,-152.5,-153.5,-154.5,-155.5,-157.0,-157.0,-154.5,-157.0,-156.0,-152.5,-157.0,-156.5,-155.0,-153.5,-157.0,-157.0,-157.0,-157.0,-157.0,-155.0,-154.0,-155.0,-157.0,-157.0,-157.0,-157.0,-157.0,-157.0,-157.0,-156.0,-157.0,-157.0,-153.0,-157.0,-157.0,-157.0,-157.0,-157.0,-152.5,-157.0,-157.0,-157.0,-157.0,-156.0,-156.0,-156.0,-157.0,-157.0,-151.5
2026-01-17 14:13:45.100,143.049967,5,-77,-157.0,-157.0,-157.0,-157.0,-155.5,-156.5,-156.0,-157.0,-152.0,-156.0,-157.0,-157.0,-157.0,-150.0,-152.0,-152.0,-154.5,-157.0,-157.0,-157.0,-157.0,-150.0,-149.5,-148.5,-149.0,-152.5,-157.0,-157.0,-157.0,-156.5,-157.0,-157.0,-156.0,-157.0,-152.5,-150.0,-157.0,-157.0,-157.0,-155.0,-157.0,-154.0,-155.5,-157.0,-157.0,-157.0,-157.0,-152.5,-149.0,-152.5,-156.5,-157.0,-154.0,-151.5,-150.0,-157.0,-157.0,-155.5,-157.0,-157.0,-157.0,-156.0,-157.0,-156.5,-153.5,-154.0,-152.5,-153.0,-155.5,-157.0,-157.0,-154.0,-157.0,-157.0,-156.0,-154.0,-157.0,-157.0,-156.5,-157.0,-157.0,-157.0,-157.0,-156.5,-153.5,-157.0,-155.5,-157.0,-157.0,-156.0,-157.0,-157.0,-157.0,-157.0,-157.0,-157.0,-157.0,-157.0,-153.0,-154.5,-157.0,-157.0,-157.0,-154.0,-155.0,-154.0,-155.5,-157.0,-157.0,-156.0,-155.0,-157.0,-157.0,-157.0,-157.0,-150.0,-147.0,-157.0,-153.5,-149.0,-154.0,-157.0,-157.0,-157.0,-157.0,-156.0,-157.0,-156.0,-157.0,-157.0,-154.0,-151.5,-150.5,-152.0,-157.0,-157.0,-156.5,-156.5,-157.0,-151.5,-154.5,-153.5,-157.0,-157.0,-156.0,-157.0,-157.0,-157.0,-157.0,-151.5,-156.5,-157.0,-150.5,-151.5,-157.0,-157.0,-157.0,-157.0,-156.5,-157.0,-157.0,-150.0,-152.5,-157.0,-157.0,-154.5,-155.0,-156.0,-155.0,-157.0,-157.0,-156.0,-156.0,-154.5,-154.0,-154.0,-152.5,-153.5,-157.0,-157.0,-157.0,-154.0,-153.5,-157.0,-157.0,-157.0,-155.0,-157.0,-157.0,-157.0,-157.0,-155.0,-153.5,-153.5,-154.5,-154.5,-154.5,-152.5,-154.0,-152.0,-156.0,-157.0,-150.0,-150.0,-156.0,-157.0,-157.0,-155.5,-153.5,-153.5,-157.0,-157.0,-157.0,-157.0,-153.5,-155.0,-151.5,-154.5,-157.0,-157.0,-155.0,-156.0,-157.0,-152.0,-154.0,-151.0,-150.5,-157.0,-157.0,-154.5,-157.0,-155.5,-157.0,-154.0,-157.0,-157.0,-157.0,-154.0,-157.0,-155.0,-153.0,-153.0,-143.5,-145.0,-157.0,-157.0,-155.0,-157.0,-157.0,-156.5,-157.0,-157.0,-157.0,-157.0,-157.0,-157.0,-157.0,-157.0,-156.5,-157.0,-157.0,-155.0,-152.5,-157.0,-151.5,-152.5,-157.0,-157.0,-157.0,-157.0,-151.0,-157.0,-157.0,-157.0,-157.0,-157.0,-153.5,-152.0,-154.5,-157.0,-153.5,-154.5,-153.5,-152.0,-157.0,-152.5,-150.5,-147.5,-152.0,-157.0,-157.0,-157.0,-157.0,-157.0,-157.0,-154.5,-152.0,-152.0,-152.0,-157.0,-156.5,-153.5,-157.0,-156.0,-157.0,-152.0,-155.0,-157.0,-155.0,-155.0,-157.0,-157.0,-157.0,-157.0,-157.0,-157.0,-156.0,-153.5,-156.5,-156.0,-154.0,-152.0,-150.0,-156.0,-157.0,-157.0,-157.0,-157.0,-157.0,-154.0,-151.5,-157.0,-150.0,-151.0,-154.0,-154.5,-151.5,-156.0,-157.0,-157.0,-157.0,-157.0,-150.5,-156.0,-157.0,-155.5,-155.5,-157.0,-157.0,-155.5,-152.0,-153.0,-154.5,-157.0,-157.0,-152.0,-152.5,-157.0,-152.5,-155.5,-144.5,-145.5,-157.0,-157.0,-155.5,-157.0,-156.5,-151.0,-151.0,-157.0,-150.5,-153.5,-152.0,-152.5,-154.0,-156.5,-157.0,-152.5,-156.5,-157.0,-157.0,-157.0,-157.0,-157.0,-157.0,-157.0,-157.0,-155.0,-157.0,-153.5,-151.5,-154.5,-157.0,-156.5,-157.0,-157.0,-155.5,-157.0,-152.0,-151.0,-157.0,-157.0,-157.0,-156.0,-154.0,-157.0,-157.0,-154.5,-157.0,-157.0,-157.0,-157.0,-152.5,-155.5,-156.5,-157.0,-151.0,-151.5,-157.0,-157.0,-155.5,-157.0,-157.0,-153.0,-155.5,-157.0,-155.5,-153.5,-156.5,-157.0,-157.0,-157.0,-155.0,-157.0,-156.5,-152.0,-152.5,-157.0,-157.0,-156.0,-157.0,-157.0,-155.5,-155.0,-157.0,-152.0,-156.5,-156.0,-154.0,-157.0,-157.0,-156.0,-157.0,-157.0,-156.5,-157.0,-157.0,-157.0,-151.0,-157.0,-157.0,-157.0,-155.0,-152.5,-154.5,-153.5,-157.0,-157.0,-157.0,-157.0,-157.0,-154.5,-155.5,-157.0,-157.0
2026-01-17 14:13:45.132,143.049967,5,-77,-157.0,-157.0,-157.0,-157.0,-157.0,-156.5,-157.0,-157.0,-152.0,-155.5,-157.0,-156.0,-156.5,-153.0,-157.0,-153.0,-155.5,-157.0,-157.0,-157.0,-156.5,-151.5,-152.0,-151.0,-150.0,-150.5,-157.0,-156.0,-157.0,-157.0,-157.0,-157.0,-155.5,-156.0,-152.0,-152.0,-156.5,-157.0,-154.5,-152.0,-157.0,-155.0,-157.0,-156.0,-157.0,-157.0,-157.0,-152.5,-150.0,-154.5,-153.5,-152.5,-153.0,-152.0,-149.5,-157.0,-157.0,-154.5,-154.0,-157.0,-157.0,-156.0,-157.0,-157.0,-154.0,-152.5,-154.0,-156.0,-157.0,-157.0,-157.0,-153.0,-157.0,-157.0,-157.0,-156.5,-157.0,-157.0,-156.5,-157.0,-157.0,-157.0,-155.0,-154.5,-152.5,-155.0,-153.0,-157.0,-157.0,-155.5,-157.0,-157.0,-157.0,-156.0,-156.5,-157.0,-157.0,-156.0,-149.0,-148.5,-154.5,-156.0,-157.0,-157.0,-157.0,-157.0,-157.0,-156.5,-155.5,-153.0,-157.0,-157.0,-157.0,-157.0,-155.5,-149.0,-147.0,-153.5,-151.5,-150.0,-149.5,-155.5,-157.0,-157.0,-157.0,-155.5,-154.5,-153.0,-157.0,-155.0,-156.0,-154.0,-154.0,-154.5,-157.0,-156.0,-154.5,-157.0,-157.0,-152.0,-153.0,-157.0,-157.0,-152.0,-151.5,-157.0,-154.5,-157.0,-156.0,-155.0,-155.5,-154.5,-152.5,-154.0,-157.0,-157.0,-157.0,-157.0,-157.0,-157.0,-153.5,-151.0,-157.0,-157.0,-157.0,-155.0,-156.5,-157.0,-156.5,-155.0,-154.0,-151.5,-154.5,-157.0,-154.0,-156.5,-151.0,-153.5,-155.5,-155.5,-157.0,-155.0,-157.0,-157.0,-157.0,-156.5,-153.0,-153.0,-154.0,-156.5,-155.5,-154.0,-155.0,-151.5,-156.0,-157.0,-155.5,-154.5,-156.0,-156.0,-157.0,-157.0,-155.0,-157.0,-154.5,-154.5,-157.0,-157.0,-157.0,-156.5,-156.5,-157.0,-157.0,-157.0,-153.5,-153.5,-155.5,-157.0,-157.0,-157.0,-154.5,-157.0,-157.0,-152.0,-156.0,-153.0,-151.0,-154.0,-151.0,-151.0,-155.0,-155.5,-157.0,-152.5,-155.5,-157.0,-157.0,-153.0,-154.5,-157.0,-153.0,-152.5,-148.5,-152.0,-157.0,-157.0,-157.0,-157.0,-155.5,-152.5,-155.5,-155.0,-157.0,-157.0,-157.0,-156.0,-157.0,-151.5,-153.0,-152.0,-156.0,-156.5,-155.0,-157.0,-154.5,-154.5,-157.0,-157.0,-157.0,-157.0,-153.0,-157.0,-157.0,-157.0,-157.0,-157.0,-151.5,-154.0,-157.0,-157.0,-155.5,-153.0,-152.5,-149.5,-157.0,-149.0,-148.0,-151.5,-155.5,-155.5,-155.0,-157.0,-157.0,-157.0,-153.5,-153.0,-156.0,-157.0,-155.0,-157.0,-157.0,-157.0,-157.0,-155.0,-156.5,-151.0,-154.5,-157.0,-155.5,-157.0,-155.5,-157.0,-157.0,-157.0,-157.0,-157.0,-157.0,-153.0,-155.5,-157.0,-156.5,-151.5,-152.0,-157.0,-153.0,-155.0,-157.0,-157.0,-157.0,-156.0,-150.5,-153.0,-154.0,-154.0,-153.0,-154.0,-157.0,-157.0,-156.0,-155.0,-157.0,-157.0,-154.5,-157.0,-157.0,-157.0,-157.0,-157.0,-157.0,-156.5,-154.0,-154.5,-157.0,-157.0,-157.0,-156.0,-157.0,-157.0,-155.0,-157.0,-145.5,-149.0,-152.5,-154.5,-156.0,-155.5,-157.0,-151.0,-150.0,-155.0,-153.5,-152.5,-157.0,-156.0,-155.5,-154.5,-156.0,-153.0,-157.0,-157.0,-155.0,-157.0,-157.0,-157.0,-153.0,-156.0,-156.5,-155.5,-156.5,-157.0,-155.5,-157.0,-157.0,-157.0,-157.0,-155.0,-155.5,-157.0,-155.5,-157.0,-156.0,-153.5,-157.0,-156.0,-156.5,-154.0,-154.5,-152.5,-154.5,-154.0,-155.5,-157.0,-151.0,-149.5,-157.0,-155.0,-152.0,-151.0,-157.0,-157.0,-155.5,-157.0,-155.0,-152.5,-154.5,-153.5,-157.0,-157.0,-157.0,-157.0,-157.0,-157.0,-154.5,-156.0,-153.5,-157.0,-152.5,-157.0,-157.0,-157.0,-157.0,-157.0,-157.0,-155.0,-157.0,-152.5,-154.5,-157.0,-151.0,-155.5,-155.0,-153.5,-157.0,-157.0,-157.0,-157.0,-153.5,-157.0,-151.5,-156.5,-157.0,-157.0,-155.0,-152.5,-154.0,-157.0,-157.0,-157.0,-157.0,-157.0,-157.0,-156.0,-153.0,-157.0,-157.0
2026-01-17 14:13:45.168,143.049967,5,-77,-157.0,-157.0,-157.0,-157.0,-157.0,-156.5,-157.0,-154.5,-154.0,-156.5,-157.0,-157.0,-157.0,-154.5,-157.0,-152.5,-157.0,-157.0,-157.0,-156.5,-156.0,-156.0,-157.0,-154.0,-157.0,-153.5,-154.0,-154.0,-157.0,-157.0,-157.0,-157.0,-156.5,-157.0,-157.0,-157.0,-157.0,-153.0,-152.5,-154.0,-155.5,-153.5,-157.0,-157.0,-157.0,-157.0,-156.5,-155.0,-156.5,-157.0,-153.5,-154.0,-155.0,-156.0,-151.5,-154.5,-157.0,-156.5,-153.0,-157.0,-156.5,-156.5,-157.0,-157.0,-157.0,-152.0,-152.5,-151.5,-157.0,-155.5,-155.0,-155.0,-157.0,-157.0,-157.0,-157.0,-157.0,-157.0,-156.0,-156.5,-157.0,-155.0,-152.0,-152.0,-157.0,-155.5,-155.0,-157.0,-155.5,-157.0,-157.0,-156.5,-155.0,-155.5,-157.0,-156.0,-155.5,-154.0,-150.5,-150.5,-150.5,-154.0,-157.0,-157.0,-157.0,-157.0,-157.0,-152.0,-150.0,-151.0,-157.0,-157.0,-157.0,-157.0,-157.0,-156.0,-149.5,-152.0,-154.0,-154.5,-150.5,-153.0,-157.0,-155.0,-157.0,-156.5,-153.0,-153.5,-157.0,-154.0,-153.5,-151.5,-156.5,-157.0,-157.0,-156.0,-155.0,-157.0,-157.0,-156.5,-156.0,-157.0,-157.0,-150.5,-149.5,-157.0,-153.5,-156.0,-154.5,-157.0,-156.0,-153.0,-155.5,-156.5,-157.0,-157.0,-157.0,-157.0,-157.0,-157.0,-154.5,-154.0,-157.0,-157.0,-157.0,-154.5,-155.0,-157.0,-156.0,-156.0,-152.5,-151.5,-155.0,-157.0,-157.0,-157.0,-154.5,-157.0,-156.5,-157.0,-157.0,-151.5,-157.0,-157.0,-157.0,-155.0,-152.0,-154.0,-152.0,-152.5,-157.0,-154.5,-152.0,-151.0,-157.0,-157.0,-155.5,-157.0,-156.0,-157.0,-157.0,-156.0,-157.0,-157.0,-155.0,-155.5,-157.0,-157.0,-157.0,-157.0,-157.0,-157.0,-155.5,-157.0,-157.0,-157.0,-157.0,-157.0,-157.0,-157.0,-157.0,-156.5,-156.0,-152.5,-157.0,-157.0,-152.5,-155.0,-152.0,-156.0,-154.5,-157.0,-157.0,-155.5,-155.0,-157.0,-157.0,-154.0,-157.0,-157.0,-154.0,-156.0,-146.0,-145.5,-153.5,-157.0,-157.0,-157.0,-157.0,-153.5,-155.0,-154.5,-155.5,-157.0,-155.5,-157.0,-157.0,-151.0,-157.0,-153.5,-153.0,-155.0,-157.0,-157.0,-157.0,-157.0,-156.0,-152.5,-157.0,-157.0,-157.0,-156.0,-157.0,-157.0,-157.0,-157.0,-154.0,-153.5,-157.0,-157.0,-157.0,-154.5,-151.5,-149.5,-157.0,-150.0,-150.5,-157.0,-157.0,-154.5,-153.5,-154.0,-152.5,-157.0,-152.5,-153.5,-157.0,-157.0,-154.5,-156.5,-157.0,-157.0,-154.5,-156.0,-153.0,-152.5,-157.0,-157.0,-156.0,-153.5,-152.0,-157.0,-157.0,-157.0,-157.0,-157.0,-157.0,-155.0,-155.0,-155.5,-154.5,-153.0,-157.0,-156.5,-150.5,-151.5,-157.0,-157.0,-156.0,-157.0,-153.0,-153.5,-157.0,-157.0,-154.0,-155.0,-157.0,-157.0,-157.0,-154.0,-156.0,-155.0,-156.0,-157.0,-156.0,-157.0,-157.0,-157.0,-157.0,-155.5,-157.0,-155.0,-157.0,-157.0,-156.5,-157.0,-157.0,-157.0,-157.0,-153.5,-148.0,-154.5,-151.0,-152.5,-153.0,-154.0,-157.0,-157.0,-155.0,-156.5,-157.0,-152.0,-155.5,-153.0,-156.5,-154.5,-155.0,-155.0,-157.0,-156.5,-152.5,-156.5,-157.0,-155.5,-150.5,-155.5,-153.5,-154.0,-157.0,-157.0,-157.0,-156.0,-157.0,-157.0,-157.0,-156.5,-157.0,-157.0,-157.0,-157.0,-156.5,-153.5,-155.0,-155.0,-156.0,-151.0,-153.5,-153.0,-151.5,-154.5,-152.0,-153.5,-148.0,-148.5,-157.0,-157.0,-157.0,-153.0,-156.0,-156.5,-157.0,-157.0,-157.0,-157.0,-157.0,-151.5,-152.5,-157.0,-157.0,-157.0,-157.0,-157.0,-156.0,-157.0,-153.5,-155.5,-153.5,-156.5,-157.0,-157.0,-157.0,-157.0,-157.0,-153.5,-153.0,-152.0,-150.5,-157.0,-150.0,-153.0,-154.5,-152.0,-156.0,-157.0,-157.0,-157.0,-153.0,-157.0,-151.5,-157.0,-157.0,-156.5,-157.0,-157.0,-157.0,-157.0,-157.0,-157.0,-157.0,-157.0,-155.0,-155.0,-152.5,-157.0,-157.0
2026-01-17 14:13:45.202,143.049967,5,-77,-157.0,-157.0,-157.0,-157.0,-157.0,-157.0,-156.5,-156.5,-157.0,-157.0,-156.5,-157.0,-157.0,-153.5,-153.0,-151.0,-157.0,-157.0,-157.0,-157.0,-157.0,-157.0,-154.0,-155.0,-157.0,-157.0,-152.5,-152.5,-157.0,-157.0,-157.0,-157.0,-157.0,-157.0,-157.0,-157.0,-157.0,-157.0,-153.0,-157.0,-156.5,-153.5,-157.0,-157.0,-157.0,-155.5,-154.5,-156.5,-157.0,-157.0,-155.0,-157.0,-157.0,-157.0,-154.5,-157.0,-157.0,-157.0,-157.0,-157.0,-157.0,-157.0,-157.0,-157.0,-157.0,-152.0,-150.0,-150.0,-156.0,-153.5,-156.0,-156.0,-156.5,-157.0,-157.0,-157.0,-154.5,-156.0,-157.0,-157.0,-157.0,-157.0,-155.0,-157.0,-157.0,-157.0,-157.0,-157.0,-157.0,-157.0,-155.5,-154.5,-153.0,-154.0,-157.0,-154.5,-157.0,-154.0,-152.0,-157.0,-155.0,-157.0,-157.0,-157.0,-157.0,-157.0,-157.0,-154.0,-153.0,-153.0,-157.0,-157.0,-157.0,-157.0,-157.0,-157.0,-152.5,-151.5,-157.0,-154.5,-153.0,-154.5,-156.0,-157.0,-157.0,-157.0,-155.5,-157.0,-157.0,-156.0,-156.5,-151.0,-154.5,-156.0,-155.0,-155.0,-155.5,-157.0,-154.0,-157.0,-157.0,-157.0,-157.0,-151.5,-153.5,-156.5,-156.0,-152.0,-156.5,-157.0,-157.0,-155.5,-157.0,-157.0,-157.0,-154.0,-154.0,-157.0,-156.5,-157.0,-157.0,-157.0,-157.0,-157.0,-156.0,-152.0,-155.0,-157.0,-157.0,-156.0,-157.0,-157.0,-155.0,-153.0,-156.0,-155.5,-157.0,-157.0,-156.5,-157.0,-157.0,-152.5,-154.5,-157.0,-157.0,-157.0,-157.0,-156.5,-150.0,-150.5,-157.0,-153.5,-153.0,-155.5,-157.0,-157.0,-157.0,-157.0,-155.0,-157.0,-152.0,-152.0,-157.0,-157.0,-157.0,-157.0,-157.0,-157.0,-157.0,-157.0,-157.0,-157.0,-153.0,-157.0,-157.0,-157.0,-157.0,-154.5,-153.0,-153.5,-156.0,-152.5,-152.0,-155.0,-157.0,-157.0,-155.5,-153.5,-154.5,-157.0,-153.5,-157.0,-157.0,-157.0,-157.0,-157.0,-157.0,-150.5,-157.0,-157.0,-157.0,-154.5,-144.5,-143.5,-157.0,-155.5,-156.5,-155.0,-157.0,-156.0,-157.0,-156.0,-153.5,-153.5,-155.0,-157.0,-157.0,-152.0,-155.0,-157.0,-152.5,-153.0,-157.0,-157.0,-155.0,-156.0,-155.0,-151.0,-155.0,-157.0,-157.0,-155.5,-156.5,-156.5,-157.0,-157.0,-157.0,-155.5,-157.0,-157.0,-157.0,-156.0,-157.0,-154.5,-157.0,-154.5,-153.0,-157.0,-157.0,-156.5,-155.0,-151.5,-151.0,-157.0,-156.5,-153.5,-157.0,-157.0,-156.5,-151.5,-152.0,-157.0,-155.5,-157.0,-156.0,-154.5,-154.0,-155.0,-157.0,-151.0,-155.0,-157.0,-157.0,-155.0,-153.0,-154.0,-156.5,-157.0,-154.0,-153.0,-155.0,-156.0,-157.0,-156.0,-154.0,-153.0,-157.0,-157.0,-153.5,-155.5,-157.0,-157.0,-155.5,-157.0,-156.0,-157.0,-157.0,-157.0,-157.0,-157.0,-157.0,-156.5,-155.5,-157.0,-153.0,-156.0,-157.0,-157.0,-157.0,-157.0,-154.0,-154.5,-157.0,-156.0,-154.5,-157.0,-157.0,-157.0,-157.0,-154.0,-149.0,-157.0,-154.5,-154.5,-152.0,-154.5,-157.0,-155.5,-157.0,-157.0,-157.0,-151.5,-149.0,-150.5,-157.0,-156.0,-156.5,-155.0,-155.5,-151.5,-150.0,-153.5,-153.5,-157.0,-151.0,-154.5,-153.5,-153.0,-157.0,-157.0,-157.0,-152.0,-153.0,-157.0,-157.0,-157.0,-157.0,-157.0,-153.5,-154.0,-155.5,-157.0,-156.0,-155.5,-155.0,-151.5,-149.0,-149.5,-149.5,-155.5,-151.5,-153.0,-151.0,-150.5,-156.5,-157.0,-157.0,-154.0,-153.0,-157.0,-157.0,-156.5,-157.0,-157.0,-155.5,-154.0,-155.5,-157.0,-157.0,-157.0,-155.0,-157.0,-157.0,-156.0,-154.0,-157.0,-156.5,-156.0,-157.0,-157.0,-157.0,-157.0,-157.0,-157.0,-153.0,-152.0,-151.0,-157.0,-152.0,-154.0,-157.0,-149.5,-150.0,-157.0,-157.0,-157.0,-154.0,-151.5,-150.0,-157.0,-157.0,-154.5,-156.0,-157.0,-157.0,-156.5,-157.0,-157.0,-157.0,-157.0,-153.0,-154.5,-154.5,-157.0,-157.0
2026-01-17 14:13:45.235,143.049967,5,-77,-157.0,-157.0,-157.0,-157.0,-157.0,-155.0,-154.0,-157.0,-157.0,-156.0,-156.0,-157.0,-157.0,-154.5,-154.0,-154.5,-157.0,-157.0,-157.0,-157.0,-157.0,-157.0,-156.0,-157.0,-154.5,-157.0,-154.5,-157.0,-157.0,-157.0,-157.0,-157.0,-157.0,-157.0,-155.0,-155.0,-157.0,-157.0,-153.0,-157.0,-157.0,-155.5,-157.0,-157.0,-156.0,-156.0,-155.0,-154.0,-156.0,-157.0,-154.5,-157.0,-157.0,-157.0,-156.0,-155.0,-155.0,-157.0,-157.0,-157.0,-157.0,-157.0,-157.0,-157.0,-157.0,-152.5,-151.0,-154.0,-152.5,-153.0,-157.0,-156.5,-157.0,-157.0,-157.0,-157.0,-153.0,-154.0,-157.0,-157.0,-157.0,-157.0,-157.0,-157.0,-155.0,-155.0,-157.0,-155.0,-157.0,-152.5,-151.5,-155.5,-154.5,-153.5,-157.0,-155.0,-156.5,-152.5,-153.5,-157.0,-157.0,-157.0,-157.0,-156.0,-157.0,-157.0,-156.5,-157.0,-157.0,-157.0,-157.0,-157.0,-157.0,-156.5,-154.0,-156.5,-152.0,-154.5,-157.0,-157.0,-153.5,-157.0,-157.0,-157.0,-157.0,-157.0,-155.0,-156.0,-156.5,-155.0,-157.0,-154.5,-157.0,-157.0,-157.0,-157.0,-156.0,-157.0,-152.5,-157.0,-157.0,-157.0,-157.0,-153.0,-153.0,-153.0,-156.5,-151.0,-157.0,-157.0,-155.5,-155.0,-157.0,-157.0,-156.0,-155.0,-156.5,-157.0,-157.0,-157.0,-157.0,-157.0,-157.0,-157.0,-153.0,-151.0,-157.0,-157.0,-155.0,-154.0,-157.0,-157.0,-156.0,-156.0,-156.5,-153.0,-157.0,-157.0,-153.5,-153.5,-157.0,-155.5,-157.0,-157.0,-157.0,-157.0,-157.0,-157.0,-151.5,-153.5,-157.0,-153.5,-154.5,-157.0,-157.0,-157.0,-157.0,-157.0,-153.5,-153.0,-150.5,-153.0,-157.0,-157.0,-157.0,-157.0,-154.5,-157.0,-157.0,-154.5,-157.0,-157.0,-153.0,-156.5,-157.0,-157.0,-157.0,-149.0,-148.5,-152.5,-155.0,-155.0,-153.5,-156.5,-157.0,-155.5,-156.0,-154.0,-154.5,-155.0,-155.0,-157.0,-157.0,-156.0,-157.0,-152.5,-153.5,-148.5,-157.0,-155.0,-155.5,-155.0,-144.5,-144.5,-156.0,-153.5,-153.5,-150.5,-155.5,-157.0,-157.0,-157.0,-154.5,-156.0,-157.0,-157.0,-156.0,-156.0,-155.5,-157.0,-157.0,-155.0,-157.0,-155.5,-154.0,-157.0,-153.5,-152.5,-157.0,-157.0,-156.0,-154.0,-154.5,-154.0,-157.0,-157.0,-157.0,-156.5,-154.0,-156.0,-157.0,-155.0,-157.0,-157.0,-156.5,-154.5,-154.0,-156.5,-157.0,-157.0,-157.0,-153.0,-153.0,-156.5,-157.0,-152.5,-153.0,-157.0,-157.0,-155.5,-153.0,-157.0,-157.0,-157.0,-154.0,-157.0,-156.0,-157.0,-157.0,-150.5,-155.0,-157.0,-157.0,-154.5,-155.5,-155.5,-154.5,-157.0,-156.5,-154.0,-152.0,-157.0,-157.0,-157.0,-157.0,-155.5,-157.0,-157.0,-156.0,-156.0,-157.0,-157.0,-157.0,-157.0,-157.0,-157.0,-157.0,-153.0,-153.5,-157.0,-157.0,-157.0,-157.0,-156.0,-152.5,-154.0,-154.5,-157.0,-155.5,-157.0,-152.5,-153.0,-153.5,-154.0,-155.0,-157.0,-157.0,-157.0,-153.5,-152.5,-150.0,-157.0,-157.0,-156.5,-154.0,-156.0,-157.0,-156.5,-157.0,-157.0,-157.0,-157.0,-151.0,-152.5,-157.0,-155.0,-154.5,-153.5,-155.0,-153.0,-150.5,-157.0,-154.5,-155.5,-155.0,-155.5,-157.0,-157.0,-157.0,-157.0,-157.0,-152.5,-152.5,-157.0,-157.0,-157.0,-153.5,-156.0,-155.0,-152.0,-156.0,-157.0,-157.0,-155.5,-156.5,-156.0,-151.0,-151.0,-150.0,-157.0,-148.5,-149.0,-157.0,-155.0,-155.0,-155.0,-156.0,-153.5,-157.0,-157.0,-157.0,-155.5,-157.0,-157.0,-156.0,-156.5,-157.0,-157.0,-155.0,-157.0,-156.0,-157.0,-157.0,-156.0,-154.5,-157.0,-156.0,-157.0,-157.0,-157.0,-157.0,-156.5,-157.0,-157.0,-156.5,-152.0,-156.5,-157.0,-157.0,-155.5,-157.0,-150.5,-149.5,-154.0,-157.0,-157.0,-155.0,-155.5,-151.0,-157.0,-157.0,-155.0,-153.0,-157.0,-157.0,-154.0,-154.0,-157.0,-157.0,-157.0,-156.5,-157.0,-157.0,-157.0,-157.0
2026-01-17 14:13:45.268,143.049967,5,-77,-157.0,-157.0,-157.0,-157.0,-155.0,-151.0,-152.5,-156.5,-157.0,-157.0,-157.0,-157.0,-157.0,-157.0,-157.0,-157.0,-157.0,-157.0,-157.0,-154.5,-156.0,-157.0,-157.0,-155.5,-152.5,-157.0,-157.0,-156.5,-157.0,-157.0,-157.0,-157.0,-157.0,-157.0,-157.0,-156.5,-157.0,-153.5,-152.5,-157.0,-154.0,-157.0,-157.0,-157.0,-156.0,-155.5,-157.0,-155.0,-153.5,-153.0,-154.0,-157.0,-153.5,-153.5,-155.5,-152.5,-154.5,-157.0,-157.0,-157.0,-154.5,-155.5,-155.5,-152.5,-153.5,-154.0,-155.0,-157.0,-153.5,-157.0,-157.0,-156.5,-156.5,-157.0,-157.0,-157.0,-154.0,-154.0,-157.0,-157.0,-156.0,-155.5,-157.0,-157.0,-155.0,-156.0,-157.0,-154.0,-156.5,-153.0,-156.0,-157.0,-154.5,-156.5,-157.0,-156.5,-157.0,-154.0,-157.0,-157.0,-157.0,-157.0,-157.0,-157.0,-157.0,-153.0,-152.0,-156.5,-157.0,-157.0,-155.5,-157.0,-157.0,-157.0,-152.5,-154.0,-153.0,-157.0,-156.5,-157.0,-154.5,-157.0,-157.0,-153.5,-154.0,-154.5,-152.5,-152.5,-153.5,-154.0,-157.0,-157.0,-157.0,-157.0,-157.0,-157.0,-157.0,-155.0,-150.0,-154.5,-157.0,-157.0,-152.0,-153.0,-149.0,-148.5,-151.5,-151.5,-156.5,-157.0,-152.5,-157.0,-156.5,-157.0,-151.5,-152.5,-156.5,-156.5,-157.0,-157.0,-157.0,-157.0,-157.0,-156.0,-151.0,-153.0,-157.0,-157.0,-157.0,-157.0,-157.0,-157.0,-156.0,-155.0,-157.0,-154.0,-157.0,-157.0,-152.5,-152.5,-157.0,-156.0,-156.5,-157.0,-156.0,-157.0,-157.0,-157.0,-154.5,-157.0,-157.0,-157.0,-157.0,-157.0,-155.0,-157.0,-157.0,-157.0,-157.0,-154.5,-152.0,-157.0,-157.0,-157.0,-157.0,-157.0,-155.5,-156.5,-157.0,-156.5,-157.0,-154.0,-157.0,-154.5,-156.0,-157.0,-157.0,-149.5,-149.5,-157.0,-156.5,-157.0,-157.0,-156.5,-155.0,-152.0,-156.0,-154.0,-157.0,-157.0,-157.0,-157.0,-154.5,-156.0,-157.0,-151.0,-149.5,-149.5,-156.5,-152.5,-151.0,-157.0,-145.0,-146.0,-154.5,-153.0,-154.5,-153.0,-157.0,-157.0,-157.0,-157.0,-154.0,-157.0,-157.0,-157.0,-157.0,-157.0,-157.0,-157.0,-157.0,-156.0,-157.0,-154.5,-154.0,-157.0,-156.0,-156.5,-156.0,-156.0,-156.0,-156.5,-156.5,-155.0,-155.0,-156.0,-156.0,-156.0,-152.5,-155.0,-157.0,-153.0,-156.5,-157.0,-157.0,-155.5,-157.0,-157.0,-157.0,-157.0,-157.0,-155.5,-156.5,-153.0,-157.0,-156.0,-155.0,-157.0,-156.0,-157.0,-154.0,-157.0,-157.0,-157.0,-154.5,-154.0,-157.0,-157.0,-155.0,-152.0,-154.0,-156.0,-157.0,-156.5,-157.0,-157.0,-154.5,-155.5,-155.0,-155.0,-150.5,-153.0,-157.0,-157.0,-157.0,-156.0,-157.0,-157.0,-157.0,-157.0,-157.0,-157.0,-157.0,-157.0,-157.0,-157.0,-156.5,-151.0,-149.5,-157.0,-157.0,-157.0,-157.0,-157.0,-156.0,-155.0,-150.5,-154.0,-156.5,-157.0,-155.0,-157.0,-152.0,-154.5,-157.0,-157.0,-157.0,-157.0,-149.0,-146.0,-150.0,-157.0,-157.0,-157.0,-154.5,-153.5,-155.0,-157.0,-157.0,-157.0,-157.0,-157.0,-153.5,-155.5,-153.0,-154.5,-157.0,-157.0,-157.0,-157.0,-151.5,-154.0,-151.5,-152.0,-156.0,-157.0,-157.0,-155.5,-153.5,-155.5,-156.5,-157.0,-157.0,-157.0,-157.0,-157.0,-152.5,-154.5,-156.5,-155.0,-157.0,-155.0,-153.0,-153.0,-157.0,-156.5,-152.0,-153.0,-153.5,-156.5,-148.5,-147.5,-155.5,-157.0,-157.0,-156.5,-157.0,-153.0,-157.0,-156.0,-157.0,-156.0,-157.0,-157.0,-157.0,-157.0,-157.0,-155.0,-154.0,-157.0,-157.0,-155.5,-155.5,-157.0,-157.0,-154.0,-153.5,-157.0,-157.0,-157.0,-157.0,-156.0,-157.0,-157.0,-157.0,-156.0,-157.0,-156.0,-155.5,-154.5,-153.0,-155.5,-155.0,-152.5,-154.5,-157.0,-154.5,-157.0,-153.5,-156.0,-157.0,-153.0,-151.5,-153.5,-157.0,-156.0,-157.0,-157.0,-157.0,-157.0,-157.0,-157.0,-157.0,-157.0,-157.0
2026-01-17 14:13:45.299,143.049967,5,-77,-157.0,-157.0,-157.0,-156.0,-157.0,-152.0,-155.0,-152.0,-157.0,-157.0,-157.0,-157.0,-157.0,-157.0,-157.0,-157.0,-157.0,-152.5,-154.0,-154.0,-157.0,-157.0,-157.0,-156.0,-152.5,-157.0,-156.5,-153.5,-154.5,-157.0,-157.0,-157.0,-153.5,-157.0,-154.0,-156.0,-157.0,-157.0,-156.5,-155.5,-151.0,-156.0,-157.0,-157.0,-154.5,-156.0,-157.0,-157.0,-157.0,-154.5,-157.0,-157.0,-151.0,-151.0,-156.5,-155.0,-157.0,-157.0,-157.0,-154.5,-152.0,-152.5,-151.5,-150.5,-152.0,-155.5,-154.5,-157.0,-157.0,-157.0,-155.5,-156.0,-155.5,-157.0,-157.0,-157.0,-157.0,-154.0,-157.0,-153.0,-150.5,-151.5,-157.0,-157.0,-155.0,-157.0,-157.0,-153.5,-153.5,-157.0,-157.0,-153.5,-156.5,-157.0,-157.0,-157.0,-154.5,-153.5,-157.0,-157.0,-157.0,-157.0,-157.0,-157.0,-156.0,-150.0,-153.5,-157.0,-153.0,-154.5,-155.0,-153.0,-156.0,-152.5,-151.5,-154.5,-150.5,-151.0,-153.0,-157.0,-157.0,-157.0,-154.0,-152.0,-152.5,-155.0,-157.0,-157.0,-156.5,-152.5,-157.0,-157.0,-157.0,-157.0,-157.0,-157.0,-157.0,-157.0,-150.5,-152.0,-157.0,-157.0,-153.0,-157.0,-150.5,-148.0,-152.0,-157.0,-157.0,-157.0,-153.0,-154.0,-151.5,-151.5,-151.5,-154.5,-153.5,-153.0,-157.0,-157.0,-157.0,-157.0,-157.0,-157.0,-154.0,-155.5,-157.0,-157.0,-157.0,-157.0,-157.0,-157.0,-156.5,-154.0,-154.5,-152.5,-157.0,-157.0,-154.5,-156.5,-157.0,-153.0,-155.5,-156.5,-155.0,-154.5,-156.5,-157.0,-157.0,-157.0,-157.0,-157.0,-157.0,-157.0,-154.5,-156.5,-157.0,-157.0,-157.0,-157.0,-157.0,-157.0,-157.0,-157.0,-157.0,-157.0,-157.0,-155.5,-157.0,-157.0,-155.0,-152.0,-154.5,-155.5,-157.0,-157.0,-157.0,-153.5,-151.0,-157.0,-155.0,-157.0,-157.0,-154.5,-151.5,-151.0,-157.0,-152.5,-157.0,-157.0,-157.0,-156.5,-154.0,-153.0,-156.5,-156.0,-151.0,-149.5,-152.0,-157.0,-153.0,-154.5,-147.5,-147.0,-156.0,-157.0,-157.0,-157.0,-157.0,-157.0,-157.0,-153.0,-151.5,-155.5,-157.0,-157.0,-157.0,-157.0,-157.0,-156.0,-154.0,-154.0,-154.0,-152.0,-154.0,-157.0,-157.0,-157.0,-155.0,-155.5,-157.0,-157.0,-157.0,-157.0,-154.5,-155.0,-157.0,-157.0,-155.0,-157.0,-157.0,-152.5,-156.0,-153.5,-156.0,-154.5,-155.5,-155.0,-154.5,-157.0,-156.0,-152.5,-156.0,-151.5,-154.5,-157.0,-157.0,-157.0,-157.0,-155.0,-154.0,-156.5,-157.0,-157.0,-155.0,-152.0,-155.5,-152.5,-157.0,-157.0,-157.0,-157.0,-157.0,-155.5,-157.0,-157.0,-157.0,-155.0,-152.5,-155.0,-154.0,-157.0,-157.0,-156.5,-157.0,-155.5,-157.0,-154.5,-157.0,-157.0,-157.0,-155.0,-153.0,-157.0,-157.0,-153.5,-150.5,-149.5,-149.5,-157.0,-157.0,-154.0,-155.0,-157.0,-156.0,-154.0,-151.0,-153.5,-157.0,-157.0,-157.0,-154.5,-151.5,-157.0,-154.0,-157.0,-157.0,-156.0,-153.0,-145.0,-148.5,-156.0,-154.5,-153.5,-151.5,-150.5,-156.0,-156.0,-157.0,-157.0,-157.0,-153.5,-151.5,-156.5,-151.5,-155.5,-157.0,-157.0,-157.0,-157.0,-151.0,-152.0,-154.0,-154.5,-157.0,-157.0,-155.5,-152.5,-151.5,-157.0,-156.0,-157.0,-157.0,-157.0,-157.0,-157.0,-152.0,-152.0,-156.0,-157.0,-154.5,-154.0,-151.5,-151.5,-157.0,-157.0,-152.5,-156.5,-157.0,-156.5,-157.0,-150.5,-152.5,-157.0,-154.0,-154.5,-156.5,-153.0,-157.0,-153.5,-152.0,-156.5,-157.0,-157.0,-157.0,-157.0,-152.5,-151.5,-157.0,-157.0,-156.5,-153.5,-155.0,-157.0,-157.0,-154.0,-155.5,-157.0,-157.0,-157.0,-154.0,-155.5,-157.0,-154.5,-154.0,-157.0,-156.0,-154.0,-152.0,-157.0,-152.0,-154.5,-157.0,-155.0,-153.5,-155.0,-155.0,-157.0,-156.5,-156.0,-155.0,-153.5,-153.0,-153.0,-154.5,-156.0,-157.0,-157.0,-154.5,-157.0,-157.0,-157.0,-153.0,-156.5,-157.0
2026-01-17 14:13:45.333,143.049967,5,-77,-157.0,-157.0,-156.5,-157.0,-157.0,-154.5,-155.0,-150.5,-152.5,-157.0,-157.0,-154.5,-155.0,-156.0,-156.5,-156.5,-157.0,-150.5,-151.5,-154.5,-154.5,-154.5,-154.0,-154.0,-157.0,-157.0,-153.5,-156.5,-155.5,-157.0,-157.0,-155.5,-152.5,-154.0,-152.0,-155.0,-157.0,-156.5,-157.0,-155.5,-151.0,-153.0,-157.0,-157.0,-153.5,-155.5,-157.0,-157.0,-157.0,-157.0,-155.5,-156.5,-154.0,-153.5,-157.0,-156.0,-157.0,-154.5,-154.5,-156.5,-155.0,-156.5,-154.0,-154.0,-157.0,-157.0,-155.5,-157.0,-157.0,-157.0,-157.0,-157.0,-157.0,-157.0,-157.0,-157.0,-154.0,-154.0,-157.0,-149.0,-147.5,-151.5,-157.0,-157.0,-153.5,-157.0,-157.0,-154.0,-157.0,-157.0,-157.0,-152.5,-154.0,-154.5,-157.0,-156.5,-157.0,-157.0,-157.0,-157.0,-156.5,-157.0,-157.0,-157.0,-153.0,-150.0,-155.0,-157.0,-150.5,-153.0,-157.0,-154.0,-155.0,-152.0,-155.0,-153.5,-150.0,-150.0,-153.0,-157.0,-157.0,-157.0,-156.5,-152.0,-153.0,-153.0,-157.0,-157.0,-157.0,-152.5,-157.0,-157.0,-155.5,-157.0,-157.0,-157.0,-155.5,-157.0,-157.0,-154.5,-157.0,-157.0,-157.0,-157.0,-154.5,-153.5,-157.0,-157.0,-157.0,-157.0,-157.0,-153.5,-152.5,-150.0,-157.0,-155.5,-151.0,-152.5,-157.0,-157.0,-157.0,-152.5,-152.0,-157.0,-157.0,-157.0,-157.0,-157.0,-157.0,-155.0,-154.0,-157.0,-154.5,-155.5,-157.0,-150.5,-157.0,-157.0,-157.0,-157.0,-155.0,-153.5,-157.0,-153.5,-157.0,-151.5,-152.5,-157.0,-155.5,-156.0,-157.0,-157.0,-157.0,-157.0,-157.0,-157.0,-157.0,-157.0,-157.0,-155.0,-157.0,-157.0,-156.0,-157.0,-156.0,-155.0,-157.0,-152.5,-157.0,-157.0,-155.5,-154.0,-152.5,-157.0,-157.0,-157.0,-157.0,-157.0,-153.0,-153.5,-154.5,-154.0,-156.5,-152.0,-153.5,-154.5,-156.5,-150.5,-157.0,-157.0,-157.0,-157.0,-155.5,-150.5,-154.5,-157.0,-153.0,-150.0,-152.0,-157.0,-157.0,-157.0,-147.0,-146.0,-156.5,-157.0,-157.0,-157.0,-157.0,-157.0,-154.0,-152.5,-155.5,-156.0,-157.0,-157.0,-157.0,-157.0,-157.0,-157.0,-156.5,-157.0,-151.5,-153.0,-157.0,-157.0,-157.0,-157.0,-157.0,-155.5,-157.0,-157.0,-157.0,-157.0,-157.0,-157.0,-157.0,-157.0,-157.0,-157.0,-153.5,-152.5,-153.5,-151.0,-154.0,-157.0,-157.0,-152.0,-151.0,-157.0,-156.0,-152.0,-155.5,-153.0,-153.0,-157.0,-157.0,-157.0,-156.5,-154.5,-156.5,-157.0,-156.0,-157.0,-157.0,-155.5,-151.5,-150.0,-153.5,-156.0,-157.0,-157.0,-157.0,-155.5,-157.0,-157.0,-157.0,-152.5,-151.0,-155.5,-157.0,-156.0,-157.0,-153.0,-155.0,-154.5,-157.0,-154.0,-157.0,-157.0,-157.0,-154.0,-150.5,-154.5,-157.0,-151.5,-149.5,-150.5,-151.5,-157.0,-156.0,-154.0,-152.5,-157.0,-157.0,-155.5,-154.5,-154.0,-155.0,-157.0,-157.0,-152.0,-149.5,-157.0,-151.5,-156.0,-157.0,-156.0,-154.0,-147.0,-153.0,-157.0,-155.5,-153.0,-156.0,-151.5,-157.0,-153.0,-154.5,-157.0,-157.0,-150.5,-151.0,-155.0,-153.0,-157.0,-157.0,-157.0,-156.5,-154.5,-149.5,-152.5,-157.0,-157.0,-157.0,-157.0,-156.0,-153.5,-155.5,-157.0,-157.0,-157.0,-157.0,-155.0,-157.0,-157.0,-155.0,-157.0,-157.0,-154.5,-154.5,-157.0,-155.0,-153.0,-154.5,-155.5,-155.0,-157.0,-157.0,-157.0,-156.5,-157.0,-155.5,-154.0,-152.5,-156.5,-153.0,-153.5,-157.0,-153.0,-150.0,-157.0,-157.0,-156.5,-157.0,-157.0,-153.5,-155.0,-157.0,-156.0,-157.0,-155.5,-157.0,-157.0,-157.0,-157.0,-154.0,-154.5,-157.0,-155.5,-152.5,-157.0,-157.0,-154.0,-153.5,-155.0,-153.0,-152.5,-152.0,-157.0,-153.0,-157.0,-157.0,-157.0,-152.5,-154.5,-156.0,-154.5,-153.5,-156.0,-157.0,-156.5,-155.0,-157.0,-156.0,-157.0,-157.0,-152.0,-153.5,-157.0,-157.0,-150.5,-151.0,-157.0,-157.0
2026-01-17 14:13:45.366,143.049967,5,-77,-157.0,-157.0,-155.5,-157.0,-157.0,-156.5,-157.0,-154.5,-153.0,-157.0,-156.5,-151.0,-152.5,-157.0,-154.5,-157.0,-155.5,-153.5,-152.5,-153.5,-151.0,-153.0,-152.0,-152.5,-155.0,-157.0,-153.0,-157.0,-155.5,-157.0,-157.0,-153.0,-154.0,-152.5,-152.5,-155.5,-152.5,-153.5,-157.0,-157.0,-155.5,-156.0,-157.0,-154.5,-150.5,-153.0,-155.5,-156.5,-155.5,-157.0,-154.0,-150.5,-153.5,-157.0,-156.5,-155.5,-157.0,-151.0,-152.5,-153.5,-154.0,-156.5,-156.5,-157.0,-157.0,-157.0,-156.5,-157.0,-157.0,-157.0,-157.0,-157.0,-157.0,-157.0,-157.0,-157.0,-152.0,-155.5,-157.0,-152.5,-152.0,-154.5,-153.5,-156.0,-155.5,-157.0,-157.0,-153.5,-157.0,-157.0,-157.0,-153.5,-152.5,-155.0,-156.5,-155.0,-154.0,-157.0,-157.0,-157.0,-153.5,-156.0,-157.0,-157.0,-154.5,-154.5,-154.0,-157.0,-151.5,-152.5,-157.0,-157.0,-150.0,-151.5,-154.5,-153.5,-154.5,-157.0,-155.5,-156.5,-157.0,-156.5,-153.0,-151.0,-154.5,-150.5,-150.5,-157.0,-155.0,-153.5,-157.0,-157.0,-155.5,-156.5,-157.0,-157.0,-157.0,-156.5,-157.0,-157.0,-157.0,-157.0,-156.5,-157.0,-157.0,-157.0,-157.0,-157.0,-157.0,-156.0,-155.0,-151.5,-153.5,-153.5,-157.0,-152.0,-151.5,-154.0,-157.0,-156.0,-157.0,-152.0,-152.0,-157.0,-157.0,-157.0,-157.0,-157.0,-151.0,-150.0,-152.5,-157.0,-151.5,-152.0,-157.0,-151.5,-157.0,-157.0,-157.0,-157.0,-156.0,-157.0,-153.0,-152.5,-155.0,-154.0,-154.5,-157.0,-154.5,-157.0,-157.0,-157.0,-157.0,-157.0,-157.0,-155.5,-154.0,-155.5,-156.5,-152.5,-156.5,-157.0,-157.0,-157.0,-151.0,-153.5,-153.5,-149.5,-154.0,-157.0,-157.0,-156.0,-157.0,-155.5,-154.0,-156.0,-155.0,-157.0,-157.0,-157.0,-155.5,-152.5,-153.0,-154.0,-153.5,-153.0,-156.5,-153.0,-157.0,-157.0,-157.0,-157.0,-156.0,-150.0,-156.0,-157.0,-156.5,-152.5,-152.0,-152.0,-154.5,-152.0,-143.5,-144.0,-156.0,-153.5,-153.0,-156.0,-157.0,-157.0,-154.5,-150.5,-157.0,-155.0,-154.5,-157.0,-155.0,-157.0,-157.0,-157.0,-157.0,-157.0,-154.5,-155.0,-153.5,-154.5,-155.0,-157.0,-157.0,-156.5,-157.0,-156.5,-157.0,-157.0,-157.0,-157.0,-157.0,-157.0,-157.0,-152.5,-149.0,-150.0,-155.5,-153.5,-155.0,-157.0,-157.0,-152.0,-150.5,-157.0,-154.0,-153.0,-153.5,-157.0,-153.5,-156.0,-156.5,-156.5,-154.0,-154.5,-157.0,-156.5,-154.0,-156.5,-157.0,-157.0,-152.5,-153.0,-151.5,-150.0,-156.5,-155.5,-157.0,-157.0,-157.0,-157.0,-157.0,-155.0,-156.5,-157.0,-154.5,-152.5,-157.0,-153.5,-156.5,-154.0,-156.5,-152.0,-152.0,-157.0,-157.0,-156.5,-153.5,-156.5,-157.0,-156.5,-154.0,-157.0,-154.0,-155.5,-153.0,-152.5,-154.0,-157.0,-157.0,-157.0,-154.5,-156.5,-152.0,-157.0,-157.0,-155.0,-150.0,-157.0,-154.5,-156.0,-153.5,-154.0,-149.0,-146.0,-155.0,-154.5,-157.0,-154.5,-157.0,-155.5,-157.0,-151.0,-150.5,-157.0,-154.0,-154.0,-154.5,-157.0,-155.5,-157.0,-157.0,-156.5,-157.0,-156.0,-150.5,-150.5,-153.5,-157.0,-157.0,-157.0,-157.0,-154.5,-157.0,-156.0,-156.5,-156.5,-157.0,-153.0,-155.5,-157.0,-157.0,-157.0,-157.0,-154.5,-155.0,-157.0,-157.0,-157.0,-155.0,-154.0,-157.0,-157.0,-157.0,-155.5,-154.5,-157.0,-154.0,-150.0,-155.0,-157.0,-157.0,-157.0,-157.0,-157.0,-152.0,-157.0,-157.0,-155.5,-157.0,-157.0,-157.0,-157.0,-157.0,-156.0,-157.0,-157.0,-153.0,-156.5,-157.0,-157.0,-152.0,-151.5,-154.5,-155.5,-155.0,-157.0,-157.0,-157.0,-157.0,-157.0,-154.0,-154.0,-157.0,-157.0,-153.5,-157.0,-157.0,-157.0,-152.5,-155.0,-155.0,-154.5,-151.5,-152.0,-157.0,-157.0,-154.0,-156.0,-157.0,-157.0,-157.0,-151.0,-157.0,-157.0,-157.0,-151.0,-151.0,-157.0,-157.0
2026-01-17 14:13:45.367,143.049967,5,-77,-157.0,-157.0,-155.5,-157.0,-157.0,-156.5,-157.0,-154.5,-153.0,-157.0,-156.5,-151.0,-152.5,-157.0,-154.5,-157.0,-155.5,-153.5,-152.5,-153.5,-151.0,-153.0,-152.0,-152.5,-155.0,-157.0,-153.0,-157.0,-155.5,-157.0,-157.0,-153.0,-154.0,-152.5,-152.5,-155.5,-152.5,-153.5,-157.0,-157.0,-155.5,-156.0,-157.0,-154.5,-150.5,-153.0,-155.5,-156.5,-155.5,-157.0,-154.0,-150.5,-153.5,-157.0,-156.5,-155.5,-157.0,-151.0,-152.5,-153.5,-154.0,-156.5,-156.5,-157.0,-157.0,-157.0,-156.5,-157.0,-157.0,-157.0,-157.0,-157.0,-157.0,-157.0,-157.0,-157.0,-152.0,-155.5,-157.0,-152.5,-152.0,-154.5,-153.5,-156.0,-155.5,-157.0,-157.0,-153.5,-157.0,-157.0,-157.0,-153.5,-152.5,-155.0,-156.5,-155.0,-154.0,-157.0,-157.0,-157.0,-153.5,-156.0,-157.0,-157.0,-154.5,-154.5,-154.0,-157.0,-151.5,-152.5,-157.0,-157.0,-150.0,-151.5,-154.5,-153.5,-154.5,-157.0,-155.5,-156.5,-157.0,-156.5,-153.0,-151.0,-154.5,-150.5,-150.5,-157.0,-155.0,-153.5,-157.0,-157.0,-155.5,-156.5,-157.0,-157.0,-157.0,-156.5,-157.0,-157.0,-157.0,-157.0,-156.5,-157.0,-157.0,-157.0,-157.0,-157.0,-157.0,-156.0,-155.0,-151.5,-153.5,-153.5,-157.0,-152.0,-151.5,-154.0,-157.0,-156.0,-157.0,-152.0,-152.0,-157.0,-157.0,-157.0,-157.0,-157.0,-151.0,-150.0,-152.5,-157.0,-151.5,-152.0,-157.0,-151.5,-157.0,-157.0,-157.0,-157.0,-156.0,-157.0,-153.0,-152.5,-155.0,-154.0,-154.5,-157.0,-154.5,-157.0,-157.0,-157.0,-157.0,-157.0,-157.0,-155.5,-154.0,-155.5,-156.5,-152.5,-156.5,-157.0,-157.0,-157.0,-151.0,-153.5,-153.5,-149.5,-154.0,-157.0,-157.0,-156.0,-157.0,-155.5,-154.0,-156.0,-155.0,-157.0,-157.0,-157.0,-155.5,-152.5,-153.0,-154.0,-153.5,-153.0,-156.5,-153.0,-157.0,-157.0,-157.0,-157.0,-156.0,-150.0,-156.0,-157.0,-156.5,-152.5,-152.0,-152.0,-154.5,-152.0,-143.5,-144.0,-156.0,-153.5,-153.0,-156.0,-157.0,-157.0,-154.5,-150.5,-157.0,-155.0,-154.5,-157.0,-155.0,-157.0,-157.0,-157.0,-157.0,-157.0,-154.5,-155.0,-153.5,-154.5,-155.0,-157.0,-157.0,-156.5,-157.0,-156.5,-157.0,-157.0,-157.0,-157.0,-157.0,-157.0,-157.0,-152.5,-149.0,-150.0,-155.5,-153.5,-155.0,-157.0,-157.0,-152.0,-150.5,-157.0,-154.0,-153.0,-153.5,-157.0,-153.5,-156.0,-156.5,-156.5,-154.0,-154.5,-157.0,-156.5,-154.0,-156.5,-157.0,-157.0,-152.5,-153.0,-151.5,-150.0,-156.5,-155.5,-157.0,-157.0,-157.0,-157.0,-157.0,-155.0,-156.5,-157.0,-154.5,-152.5,-157.0,-153.5,-156.5,-154.0,-156.5,-152.0,-152.0,-157.0,-157.0,-156.5,-153.5,-156.5,-157.0,-156.5,-154.0,-157.0,-154.0,-155.5,-153.0,-152.5,-154.0,-157.0,-157.0,-157.0,-154.5,-156.5,-152.0,-157.0,-157.0,-155.0,-150.0,-157.0,-154.5,-156.0,-153.5,-154.0,-149.0,-146.0,-155.0,-154.5,-157.0,-154.5,-157.0,-155.5,-157.0,-151.0,-150.5,-157.0,-154.0,-154.0,-154.5,-157.0,-155.5,-157.0,-157.0,-156.5,-157.0,-156.0,-150.5,-150.5,-153.5,-157.0,-157.0,-157.0,-157.0,-154.5,-157.0,-156.0,-156.5,-156.5,-157.0,-153.0,-155.5,-157.0,-157.0,-157.0,-157.0,-154.5,-155.0,-157.0,-157.0,-157.0,-155.0,-154.0,-157.0,-157.0,-157.0,-155.5,-154.5,-157.0,-154.0,-150.0,-155.0,-157.0,-157.0,-157.0,-157.0,-157.0,-152.0,-157.0,-157.0,-155.5,-157.0,-157.0,-157.0,-157.0,-157.0,-156.0,-157.0,-157.0,-153.0,-156.5,-157.0,-157.0,-152.0,-151.5,-154.5,-155.5,-155.0,-157.0,-157.0,-157.0,-157.0,-157.0,-154.0,-154.0,-157.0,-157.0,-153.5,-157.0,-157.0,-157.0,-152.5,-155.0,-155.0,-154.5,-151.5,-152.0,-157.0,-157.0,-154.0,-156.0,-157.0,-157.0,-157.0,-151.0,-157.0,-157.0,-157.0,-151.0,-151.0,-157.0,-157.0
2026-01-17 14:13:45.399,143.049967,5,-77,-157.0,-157.0,-154.0,-157.0,-157.0,-157.0,-156.0,-157.0,-157.0,-156.0,-153.0,-153.5,-157.0,-157.0,-154.0,-151.5,-150.0,-157.0,-157.0,-155.0,-150.5,-152.5,-157.0,-157.0,-153.0,-153.0,-152.5,-157.0,-156.0,-157.0,-157.0,-153.0,-151.5,-157.0,-155.0,-155.0,-152.5,-154.5,-157.0,-157.0,-157.0,-157.0,-157.0,-157.0,-151.5,-153.0,-152.5,-153.5,-153.0,-157.0,-157.0,-150.0,-150.0,-155.5,-157.0,-157.0,-157.0,-153.0,-154.0,-151.5,-151.5,-157.0,-157.0,-157.0,-153.0,-153.0,-154.0,-157.0,-157.0,-157.0,-157.0,-157.0,-157.0,-157.0,-157.0,-157.0,-153.0,-154.5,-156.0,-156.5,-153.0,-151.5,-154.0,-157.0,-157.0,-157.0,-157.0,-153.0,-154.5,-157.0,-157.0,-157.0,-156.0,-157.0,-156.0,-153.5,-150.0,-156.0,-157.0,-152.0,-155.0,-157.0,-155.0,-153.5,-157.0,-157.0,-153.0,-155.5,-156.0,-154.0,-157.0,-157.0,-150.0,-152.0,-157.0,-157.0,-156.5,-157.0,-156.5,-154.5,-156.5,-156.0,-155.0,-155.0,-157.0,-157.0,-153.0,-157.0,-157.0,-155.0,-157.0,-157.0,-156.5,-157.0,-157.0,-157.0,-154.5,-153.0,-155.5,-154.0,-157.0,-157.0,-156.0,-154.0,-154.0,-157.0,-157.0,-157.0,-157.0,-153.0,-153.5,-152.0,-157.0,-157.0,-157.0,-155.0,-157.0,-157.0,-153.0,-151.5,-153.0,-154.0,-157.0,-157.0,-155.0,-157.0,-157.0,-157.0,-152.0,-153.0,-157.0,-157.0,-152.0,-150.0,-151.5,-154.5,-157.0,-157.0,-157.0,-157.0,-157.0,-157.0,-155.0,-157.0,-154.5,-157.0,-155.5,-155.0,-153.5,-157.0,-157.0,-154.5,-157.0,-157.0,-157.0,-157.0,-156.5,-156.5,-155.0,-153.0,-157.0,-157.0,-157.0,-156.5,-150.5,-153.0,-156.0,-151.0,-153.5,-157.0,-157.0,-157.0,-157.0,-154.0,-154.5,-154.0,-152.5,-157.0,-157.0,-157.0,-155.0,-156.0,-156.0,-157.0,-151.5,-151.0,-157.0,-157.0,-156.0,-154.5,-157.0,-157.0,-157.0,-151.5,-157.0,-153.5,-157.0,-155.5,-153.0,-152.0,-151.5,-150.0,-143.5,-144.0,-157.0,-155.0,-157.0,-157.0,-157.0,-157.0,-155.0,-151.5,-157.0,-153.0,-153.5,-157.0,-153.0,-154.0,-157.0,-157.0,-157.0,-157.0,-157.0,-157.0,-153.5,-154.0,-154.0,-157.0,-157.0,-157.0,-154.0,-151.5,-152.0,-157.0,-157.0,-157.0,-157.0,-157.0,-152.0,-150.0,-149.5,-149.5,-157.0,-157.0,-157.0,-155.5,-157.0,-150.0,-150.5,-157.0,-151.5,-150.5,-152.0,-153.5,-152.0,-154.5,-153.5,-153.5,-155.5,-157.0,-157.0,-152.5,-154.5,-155.0,-156.0,-155.5,-153.0,-154.5,-155.0,-149.5,-153.0,-156.5,-157.0,-157.0,-157.0,-157.0,-156.5,-154.0,-157.0,-157.0,-154.5,-154.0,-157.0,-157.0,-157.0,-156.5,-156.5,-156.5,-149.5,-154.5,-157.0,-157.0,-157.0,-157.0,-157.0,-156.0,-157.0,-157.0,-157.0,-155.0,-153.5,-152.5,-154.0,-156.0,-157.0,-157.0,-154.0,-154.5,-150.5,-157.0,-156.0,-153.0,-152.5,-157.0,-157.0,-157.0,-153.5,-152.5,-148.5,-147.0,-153.5,-155.0,-157.0,-152.5,-155.0,-157.0,-154.0,-151.0,-150.5,-156.0,-153.5,-157.0,-157.0,-157.0,-154.5,-157.0,-152.5,-153.0,-157.0,-157.0,-157.0,-154.0,-154.0,-156.0,-156.0,-157.0,-156.0,-156.5,-157.0,-156.5,-157.0,-153.5,-157.0,-154.0,-154.0,-153.5,-157.0,-157.0,-157.0,-155.0,-157.0,-157.0,-157.0,-156.0,-153.0,-155.0,-156.5,-156.5,-157.0,-157.0,-156.5,-157.0,-152.0,-149.5,-157.0,-157.0,-157.0,-157.0,-157.0,-156.5,-153.0,-153.0,-155.5,-157.0,-157.0,-157.0,-157.0,-157.0,-157.0,-153.5,-155.0,-157.0,-152.0,-153.0,-155.0,-157.0,-156.5,-154.0,-153.0,-157.0,-157.0,-157.0,-157.0,-157.0,-157.0,-157.0,-157.0,-157.0,-157.0,-157.0,-155.0,-157.0,-157.0,-157.0,-153.0,-153.0,-152.5,-151.5,-150.0,-149.0,-155.0,-156.5,-156.5,-153.0,-157.0,-156.0,-155.0,-150.5,-156.5,-157.0,-156.0,-153.5,-152.5,-157.0,-156.0
2026-01-17 14:13:45.436,143.049967,5,-77,-157.0,-157.0,-155.0,-157.0,-157.0,-156.0,-155.5,-157.0,-157.0,-154.5,-152.5,-156.5,-156.0,-155.5,-156.0,-150.5,-150.0,-157.0,-157.0,-157.0,-152.5,-151.5,-157.0,-157.0,-157.0,-155.5,-155.0,-157.0,-157.0,-157.0,-156.0,-157.0,-154.0,-155.0,-151.5,-151.5,-155.5,-156.5,-154.0,-154.0,-154.0,-152.5,-157.0,-157.0,-157.0,-154.0,-153.0,-157.0,-155.0,-157.0,-152.5,-155.5,-152.5,-153.0,-151.5,-155.5,-157.0,-157.0,-155.0,-155.5,-151.5,-153.0,-157.0,-154.0,-151.0,-149.5,-156.5,-155.5,-157.0,-157.0,-157.0,-157.0,-155.5,-154.5,-157.0,-157.0,-155.0,-154.0,-155.0,-155.5,-151.5,-150.0,-157.0,-157.0,-156.0,-153.5,-154.0,-156.0,-155.0,-157.0,-153.0,-154.5,-157.0,-153.0,-154.0,-150.5,-149.5,-157.0,-154.5,-152.0,-155.0,-156.5,-152.0,-150.5,-157.0,-157.0,-155.0,-157.0,-157.0,-157.0,-157.0,-157.0,-152.5,-156.0,-156.5,-157.0,-155.0,-157.0,-154.0,-153.0,-155.0,-157.0,-154.5,-155.0,-155.0,-157.0,-157.0,-157.0,-157.0,-153.5,-156.0,-157.0,-153.5,-156.5,-157.0,-156.0,-152.5,-154.5,-157.0,-152.0,-157.0,-157.0,-156.0,-154.5,-150.5,-156.0,-157.0,-157.0,-157.0,-156.5,-157.0,-154.5,-157.0,-155.0,-153.0,-157.0,-157.0,-157.0,-155.0,-154.0,-154.5,-156.5,-155.5,-157.0,-153.0,-157.0,-157.0,-157.0,-156.0,-157.0,-157.0,-157.0,-154.0,-153.5,-150.5,-153.5,-157.0,-157.0,-157.0,-155.5,-157.0,-157.0,-157.0,-157.0,-154.5,-157.0,-152.0,-153.5,-157.0,-157.0,-157.0,-153.5,-153.0,-157.0,-157.0,-157.0,-154.5,-153.0,-153.0,-156.0,-157.0,-157.0,-157.0,-157.0,-154.0,-150.5,-154.0,-157.0,-156.5,-157.0,-157.0,-157.0,-157.0,-154.5,-156.5,-156.5,-153.5,-157.0,-157.0,-153.5,-152.0,-157.0,-157.0,-157.0,-152.0,-152.0,-157.0,-157.0,-155.5,-154.5,-157.0,-157.0,-153.0,-151.5,-157.0,-155.5,-157.0,-153.5,-152.5,-156.5,-156.0,-157.0,-148.5,-146.5,-156.0,-154.0,-157.0,-157.0,-157.0,-155.5,-153.5,-155.0,-157.0,-154.0,-157.0,-157.0,-155.0,-157.0,-156.5,-157.0,-157.0,-157.0,-157.0,-156.0,-155.5,-152.5,-153.0,-157.0,-157.0,-157.0,-152.0,-151.5,-155.5,-157.0,-157.0,-157.0,-157.0,-154.5,-149.0,-150.0,-156.5,-154.5,-157.0,-155.0,-157.0,-154.5,-155.0,-151.0,-155.0,-157.0,-152.0,-153.5,-157.0,-157.0,-154.5,-157.0,-154.5,-157.0,-157.0,-157.0,-157.0,-154.5,-153.0,-153.5,-152.0,-154.5,-157.0,-157.0,-157.0,-151.0,-153.0,-157.0,-157.0,-157.0,-157.0,-155.0,-157.0,-155.0,-156.0,-157.0,-157.0,-157.0,-157.0,-157.0,-157.0,-157.0,-157.0,-157.0,-152.5,-154.0,-155.0,-157.0,-157.0,-157.0,-157.0,-153.5,-157.0,-157.0,-156.5,-155.0,-157.0,-155.5,-154.0,-157.0,-156.0,-157.0,-154.0,-154.5,-152.5,-154.5,-155.0,-155.0,-156.0,-157.0,-156.0,-152.5,-157.0,-151.5,-146.5,-149.0,-155.0,-155.5,-157.0,-150.5,-151.5,-157.0,-153.5,-150.0,-151.0,-154.0,-156.0,-156.5,-157.0,-157.0,-153.5,-156.5,-150.5,-150.5,-157.0,-156.5,-157.0,-157.0,-157.0,-152.5,-153.0,-157.0,-157.0,-157.0,-157.0,-157.0,-155.0,-151.5,-154.5,-156.5,-156.0,-151.0,-154.5,-157.0,-157.0,-155.0,-155.5,-155.5,-154.0,-150.5,-151.0,-156.0,-154.0,-157.0,-157.0,-157.0,-157.0,-157.0,-150.5,-150.5,-157.0,-157.0,-157.0,-157.0,-152.5,-152.5,-157.0,-153.0,-155.0,-157.0,-157.0,-155.5,-157.0,-157.0,-155.0,-154.5,-155.0,-153.5,-153.0,-154.5,-155.5,-157.0,-157.0,-157.0,-156.0,-157.0,-156.5,-157.0,-157.0,-157.0,-157.0,-155.0,-154.0,-155.0,-157.0,-157.0,-157.0,-157.0,-155.5,-156.0,-156.0,-157.0,-155.5,-157.0,-149.0,-150.5,-157.0,-157.0,-157.0,-154.0,-157.0,-155.5,-156.5,-152.5,-156.0,-156.5,-151.0,-151.0,-152.5,-153.0,-153.0
2026-01-17 14:13:45.466,143.049967,5,-77,-157.0,-157.0,-157.0,-157.0,-156.0,-153.5,-157.0,-157.0,-157.0,-157.0,-155.5,-155.5,-152.0,-154.0,-157.0,-154.0,-152.5,-157.0,-157.0,-157.0,-156.5,-154.5,-157.0,-157.0,-157.0,-157.0,-154.0,-157.0,-157.0,-157.0,-157.0,-157.0,-157.0,-156.0,-150.0,-151.5,-157.0,-157.0,-156.5,-157.0,-155.5,-153.0,-157.0,-157.0,-157.0,-152.5,-156.5,-157.0,-156.5,-153.0,-150.0,-154.0,-154.5,-154.0,-151.0,-153.0,-155.0,-157.0,-156.5,-157.0,-154.0,-151.0,-155.0,-153.0,-157.0,-153.5,-157.0,-156.0,-157.0,-157.0,-157.0,-157.0,-154.0,-153.0,-155.5,-157.0,-157.0,-154.0,-155.5,-157.0,-154.0,-155.5,-157.0,-157.0,-153.5,-153.0,-157.0,-156.0,-157.0,-157.0,-151.5,-153.0,-157.0,-153.0,-156.0,-156.5,-152.0,-157.0,-155.5,-156.5,-157.0,-157.0,-153.5,-153.0,-156.0,-157.0,-157.0,-157.0,-156.0,-157.0,-155.0,-157.0,-154.0,-153.0,-151.5,-153.0,-156.0,-157.0,-152.5,-156.5,-153.5,-155.5,-151.5,-156.5,-154.0,-153.5,-157.0,-155.0,-155.5,-152.5,-153.5,-156.0,-154.5,-153.0,-157.0,-153.0,-156.5,-157.0,-153.0,-151.0,-157.0,-154.5,-155.0,-154.5,-149.5,-157.0,-157.0,-157.0,-156.5,-154.5,-157.0,-157.0,-157.0,-151.0,-152.0,-155.0,-155.5,-157.0,-157.0,-157.0,-157.0,-156.5,-152.5,-156.5,-154.0,-156.0,-155.5,-155.0,-155.0,-156.5,-157.0,-157.0,-156.0,-157.0,-155.0,-153.0,-157.0,-157.0,-156.5,-154.0,-153.5,-152.5,-157.0,-157.0,-153.5,-155.5,-153.0,-154.5,-157.0,-157.0,-157.0,-154.5,-152.0,-157.0,-155.5,-152.5,-154.5,-155.0,-156.0,-157.0,-157.0,-157.0,-157.0,-157.0,-154.0,-151.0,-155.5,-157.0,-153.5,-154.5,-157.0,-157.0,-157.0,-155.5,-156.0,-157.0,-155.5,-157.0,-157.0,-157.0,-151.5,-157.0,-157.0,-157.0,-156.0,-157.0,-157.0,-156.5,-157.0,-157.0,-157.0,-156.5,-157.0,-154.0,-157.0,-157.0,-155.0,-153.0,-157.0,-157.0,-157.0,-157.0,-149.0,-147.5,-152.0,-153.0,-154.5,-153.0,-156.5,-156.5,-153.0,-157.0,-157.0,-154.0,-157.0,-157.0,-156.5,-157.0,-156.0,-157.0,-157.0,-157.0,-155.5,-155.5,-157.0,-153.0,-153.5,-157.0,-157.0,-157.0,-152.5,-152.5,-156.0,-157.0,-157.0,-155.0,-154.0,-150.5,-150.5,-155.0,-152.0,-155.5,-157.0,-155.0,-157.0,-157.0,-157.0,-154.5,-157.0,-157.0,-152.5,-155.5,-157.0,-157.0,-157.0,-157.0,-157.0,-157.0,-157.0,-157.0,-155.0,-153.5,-152.5,-156.0,-150.5,-151.0,-157.0,-157.0,-154.5,-156.0,-157.0,-157.0,-157.0,-154.0,-154.0,-152.5,-153.0,-157.0,-156.5,-157.0,-156.0,-156.0,-156.5,-157.0,-157.0,-157.0,-157.0,-157.0,-157.0,-157.0,-151.0,-153.0,-155.5,-157.0,-157.0,-152.5,-157.0,-157.0,-154.0,-153.5,-157.0,-154.0,-154.0,-156.5,-155.0,-157.0,-154.0,-157.0,-155.5,-154.0,-157.0,-157.0,-156.5,-157.0,-153.0,-151.0,-154.0,-149.0,-145.0,-152.0,-155.5,-152.0,-157.0,-151.0,-153.5,-157.0,-156.0,-152.0,-149.5,-153.5,-154.0,-152.0,-154.0,-157.0,-154.5,-156.5,-151.0,-151.0,-157.0,-157.0,-157.0,-157.0,-157.0,-155.0,-153.5,-157.0,-156.5,-156.5,-156.0,-157.0,-156.5,-152.0,-157.0,-157.0,-157.0,-151.0,-152.0,-157.0,-157.0,-157.0,-151.0,-151.5,-156.0,-153.0,-155.5,-153.0,-154.5,-157.0,-157.0,-157.0,-157.0,-157.0,-152.0,-152.5,-157.0,-157.0,-157.0,-150.0,-152.0,-153.0,-155.5,-152.0,-154.0,-157.0,-157.0,-154.5,-157.0,-156.0,-157.0,-157.0,-157.0,-153.0,-154.0,-157.0,-157.0,-157.0,-157.0,-157.0,-157.0,-157.0,-156.0,-157.0,-157.0,-157.0,-157.0,-157.0,-151.0,-151.0,-155.0,-157.0,-156.5,-154.5,-151.5,-154.0,-157.0,-157.0,-157.0,-157.0,-151.0,-155.5,-157.0,-157.0,-157.0,-155.5,-157.0,-157.0,-157.0,-157.0,-157.0,-152.0,-151.0,-154.0,-156.0,-155.0,-153.0
2026-01-17 14:13:45.499,143.049967,5,-77,-157.0,-157.0,-155.0,-156.0,-157.0,-157.0,-157.0,-157.0,-154.0,-154.0,-157.0,-157.0,-154.0,-156.0,-157.0,-156.0,-154.0,-156.5,-157.0,-157.0,-157.0,-157.0,-157.0,-157.0,-157.0,-157.0,-151.0,-155.5,-157.0,-157.0,-157.0,-157.0,-156.0,-157.0,-152.5,-157.0,-157.0,-157.0,-157.0,-157.0,-153.5,-154.0,-157.0,-157.0,-157.0,-155.0,-157.0,-157.0,-157.0,-154.0,-152.0,-157.0,-156.0,-155.5,-154.0,-157.0,-154.5,-152.5,-156.5,-153.5,-155.5,-151.5,-154.5,-152.5,-156.5,-157.0,-157.0,-157.0,-157.0,-157.0,-157.0,-157.0,-157.0,-157.0,-157.0,-157.0,-157.0,-157.0,-157.0,-156.5,-155.5,-157.0,-157.0,-155.5,-154.0,-155.5,-157.0,-157.0,-157.0,-157.0,-153.0,-155.5,-157.0,-151.0,-153.5,-157.0,-152.5,-152.5,-155.0,-157.0,-157.0,-157.0,-154.5,-157.0,-154.5,-157.0,-157.0,-156.5,-154.0,-157.0,-154.5,-157.0,-156.0,-152.0,-152.5,-153.0,-154.5,-157.0,-151.5,-154.5,-155.5,-151.0,-153.0,-155.5,-157.0,-155.5,-157.0,-155.0,-155.5,-154.0,-157.0,-157.0,-157.0,-157.0,-153.0,-152.0,-157.0,-157.0,-153.0,-153.5,-155.5,-156.5,-153.0,-147.5,-147.5,-155.5,-154.5,-156.5,-157.0,-154.5,-156.5,-157.0,-157.0,-154.0,-155.5,-153.5,-153.5,-157.0,-157.0,-155.5,-157.0,-149.5,-150.0,-155.5,-157.0,-156.0,-154.0,-154.5,-153.5,-153.5,-154.5,-155.0,-157.0,-157.0,-157.0,-153.5,-156.5,-156.5,-155.5,-156.5,-153.0,-153.5,-155.5,-154.5,-154.0,-157.0,-156.5,-156.0,-153.5,-154.0,-157.0,-155.5,-152.5,-153.0,-151.0,-152.0,-157.0,-157.0,-157.0,-157.0,-156.5,-156.0,-155.0,-154.5,-152.0,-157.0,-157.0,-156.5,-151.0,-153.0,-156.5,-157.0,-157.0,-155.5,-151.5,-156.5,-156.0,-157.0,-157.0,-153.5,-153.0,-157.0,-157.0,-157.0,-155.0,-157.0,-157.0,-157.0,-157.0,-156.0,-157.0,-157.0,-157.0,-153.0,-154.0,-157.0,-157.0,-154.5,-157.0,-157.0,-157.0,-157.0,-147.5,-146.5,-153.0,-156.0,-157.0,-152.5,-155.5,-157.0,-151.0,-153.5,-157.0,-152.5,-157.0,-155.0,-156.0,-157.0,-156.5,-157.0,-157.0,-153.5,-153.0,-157.0,-155.0,-154.5,-154.5,-157.0,-156.5,-157.0,-153.5,-151.5,-151.5,-157.0,-154.5,-151.5,-154.0,-153.5,-157.0,-152.5,-149.0,-153.5,-156.0,-157.0,-157.0,-157.0,-157.0,-156.0,-157.0,-157.0,-154.0,-156.0,-157.0,-157.0,-157.0,-157.0,-157.0,-157.0,-156.5,-157.0,-153.5,-153.0,-154.0,-157.0,-152.5,-152.0,-157.0,-155.0,-152.0,-156.0,-157.0,-157.0,-157.0,-156.0,-153.0,-156.5,-155.0,-157.0,-157.0,-157.0,-153.5,-155.0,-152.5,-157.0,-157.0,-157.0,-154.5,-153.5,-157.0,-154.0,-150.0,-156.0,-155.5,-157.0,-157.0,-154.0,-157.0,-157.0,-156.0,-154.0,-156.5,-157.0,-157.0,-151.5,-153.0,-156.5,-153.5,-157.0,-157.0,-156.0,-157.0,-157.0,-157.0,-157.0,-157.0,-154.0,-155.5,-149.5,-145.0,-155.5,-154.0,-151.5,-153.5,-153.0,-157.0,-157.0,-157.0,-155.0,-150.0,-152.0,-154.0,-152.5,-155.0,-157.0,-156.0,-157.0,-152.0,-156.0,-156.0,-154.0,-155.0,-157.0,-157.0,-156.0,-157.0,-157.0,-154.5,-157.0,-154.5,-155.5,-156.5,-154.0,-157.0,-157.0,-157.0,-155.5,-156.5,-157.0,-154.0,-156.5,-153.5,-152.0,-157.0,-157.0,-157.0,-154.0,-157.0,-157.0,-157.0,-157.0,-157.0,-157.0,-154.5,-157.0,-157.0,-154.5,-151.5,-148.0,-152.5,-153.5,-157.0,-151.0,-153.0,-157.0,-157.0,-152.5,-154.5,-152.0,-156.5,-156.5,-157.0,-153.5,-157.0,-157.0,-157.0,-157.0,-157.0,-157.0,-155.0,-156.5,-157.0,-157.0,-156.0,-156.0,-157.0,-157.0,-155.5,-155.0,-155.0,-156.5,-157.0,-155.0,-153.5,-157.0,-157.0,-156.0,-156.5,-155.5,-150.0,-156.5,-157.0,-157.0,-157.0,-157.0,-155.5,-157.0,-157.0,-157.0,-157.0,-154.5,-154.5,-157.0,-157.0,-157.0,-153.5
2026-01-17 14:13:45.531,143.049967,5,-77,-157.0,-157.0,-155.0,-154.0,-157.0,-157.0,-157.0,-157.0,-157.0,-151.5,-152.0,-157.0,-157.0,-157.0,-155.5,-155.5,-155.5,-157.0,-157.0,-157.0,-154.5,-156.0,-157.0,-157.0,-157.0,-155.5,-152.5,-157.0,-157.0,-157.0,-157.0,-155.5,-151.5,-152.5,-155.0,-154.0,-157.0,-157.0,-157.0,-157.0,-150.5,-153.0,-157.0,-157.0,-157.0,-157.0,-157.0,-157.0,-157.0,-156.0,-157.0,-157.0,-157.0,-157.0,-154.5,-155.5,-155.5,-153.0,-155.0,-151.5,-155.0,-154.5,-157.0,-152.0,-153.5,-157.0,-157.0,-157.0,-157.0,-157.0,-157.0,-157.0,-157.0,-157.0,-154.5,-154.5,-157.0,-157.0,-157.0,-157.0,-157.0,-157.0,-157.0,-155.0,-156.5,-157.0,-157.0,-157.0,-157.0,-157.0,-153.0,-152.0,-154.0,-151.0,-154.0,-153.0,-153.5,-152.0,-153.5,-155.5,-157.0,-157.0,-155.5,-156.5,-153.5,-153.0,-157.0,-157.0,-155.5,-156.0,-155.0,-152.5,-156.5,-154.5,-153.0,-154.5,-156.5,-156.0,-150.0,-150.5,-157.0,-153.0,-157.0,-153.5,-157.0,-157.0,-157.0,-157.0,-157.0,-152.5,-157.0,-157.0,-157.0,-157.0,-157.0,-155.0,-157.0,-157.0,-157.0,-156.0,-156.5,-157.0,-151.0,-148.5,-151.5,-157.0,-157.0,-157.0,-157.0,-154.0,-153.5,-156.5,-157.0,-157.0,-157.0,-157.0,-157.0,-157.0,-157.0,-157.0,-156.0,-147.0,-148.5,-152.0,-154.5,-157.0,-154.0,-156.0,-157.0,-155.0,-155.0,-154.0,-157.0,-157.0,-157.0,-151.5,-152.0,-157.0,-157.0,-156.5,-157.0,-157.0,-157.0,-157.0,-157.0,-157.0,-157.0,-157.0,-152.0,-152.5,-157.0,-157.0,-157.0,-151.0,-153.0,-157.0,-156.5,-157.0,-157.0,-157.0,-154.0,-155.0,-157.0,-157.0,-153.5,-157.0,-153.0,-155.5,-151.5,-152.0,-155.0,-157.0,-155.0,-155.5,-152.0,-152.5,-157.0,-157.0,-157.0,-152.5,-154.0,-157.0,-157.0,-155.5,-153.0,-155.0,-157.0,-157.0,-157.0,-155.5,-157.0,-157.0,-157.0,-151.0,-152.5,-154.5,-157.0,-157.0,-155.0,-156.5,-155.0,-153.0,-146.0,-145.5,-151.0,-157.0,-157.0,-157.0,-155.5,-155.0,-151.5,-152.0,-157.0,-151.5,-154.0,-155.0,-157.0,-157.0,-155.5,-155.0,-156.5,-149.0,-151.5,-157.0,-153.5,-156.5,-157.0,-157.0,-154.5,-157.0,-154.0,-153.0,-152.0,-157.0,-154.5,-151.0,-153.0,-155.5,-157.0,-148.0,-148.0,-153.5,-154.5,-157.0,-155.0,-156.5,-157.0,-157.0,-155.5,-157.0,-156.0,-157.0,-157.0,-157.0,-157.0,-157.0,-157.0,-157.0,-157.0,-157.0,-152.0,-151.5,-155.0,-157.0,-157.0,-157.0,-157.0,-157.0,-153.0,-157.0,-157.0,-157.0,-157.0,-157.0,-153.5,-157.0,-157.0,-157.0,-157.0,-157.0,-156.0,-157.0,-151.5,-154.5,-157.0,-157.0,-151.0,-149.5,-157.0,-153.0,-152.5,-155.0,-155.0,-157.0,-157.0,-154.0,-157.0,-157.0,-157.0,-155.0,-152.5,-155.5,-152.5,-151.5,-151.0,-154.0,-154.5,-156.0,-155.5,-157.0,-157.0,-157.0,-157.0,-157.0,-157.0,-157.0,-157.0,-148.0,-146.5,-153.5,-154.0,-151.0,-154.5,-156.5,-157.0,-157.0,-157.0,-157.0,-156.0,-155.5,-154.0,-157.0,-157.0,-157.0,-154.5,-157.0,-155.0,-157.0,-157.0,-153.0,-154.0,-157.0,-157.0,-156.5,-157.0,-157.0,-155.5,-152.5,-151.5,-151.0,-156.5,-154.0,-154.0,-157.0,-157.0,-157.0,-157.0,-157.0,-153.5,-155.5,-157.0,-154.5,-157.0,-157.0,-154.5,-151.5,-157.0,-157.0,-156.5,-156.5,-157.0,-157.0,-157.0,-157.0,-157.0,-157.0,-155.5,-150.0,-151.5,-155.5,-157.0,-155.5,-157.0,-157.0,-153.5,-149.0,-150.5,-151.5,-155.0,-154.5,-157.0,-152.0,-152.0,-154.5,-157.0,-157.0,-154.5,-155.0,-156.5,-157.0,-157.0,-157.0,-156.5,-155.0,-157.0,-157.0,-157.0,-157.0,-153.5,-157.0,-155.5,-157.0,-157.0,-157.0,-157.0,-157.0,-156.5,-154.0,-152.5,-156.0,-157.0,-154.5,-155.0,-157.0,-154.5,-153.5,-157.0,-153.5,-156.0,-157.0,-157.0,-157.0,-157.0,-157.0,-154.5
2026-01-17 14:13:45.566,143.049967,5,-77,-157.0,-157.0,-157.0,-155.0,-157.0,-157.0,-157.0,-157.0,-155.5,-152.0,-151.5,-156.5,-157.0,-157.0,-157.0,-157.0,-154.0,-156.0,-157.0,-157.0,-153.0,-157.0,-156.0,-157.0,-157.0,-157.0,-153.0,-153.5,-155.5,-157.0,-155.0,-153.0,-152.0,-154.5,-156.0,-153.0,-153.5,-156.5,-157.0,-153.5,-152.5,-155.5,-155.5,-153.5,-156.0,-157.0,-157.0,-157.0,-156.0,-155.5,-157.0,-157.0,-157.0,-157.0,-153.5,-155.5,-157.0,-157.0,-153.5,-151.0,-157.0,-157.0,-157.0,-156.5,-157.0,-154.0,-157.0,-157.0,-155.0,-156.5,-157.0,-157.0,-157.0,-157.0,-152.0,-151.5,-155.5,-156.5,-157.0,-157.0,-155.5,-157.0,-157.0,-157.0,-157.0,-156.5,-156.0,-157.0,-157.0,-157.0,-154.5,-152.5,-157.0,-155.0,-157.0,-150.5,-154.5,-156.0,-157.0,-157.0,-157.0,-157.0,-157.0,-157.0,-157.0,-155.5,-157.0,-157.0,-157.0,-154.5,-157.0,-152.0,-155.5,-151.5,-150.0,-154.5,-157.0,-157.0,-152.5,-151.0,-157.0,-157.0,-157.0,-156.0,-157.0,-157.0,-156.0,-157.0,-151.5,-150.0,-157.0,-157.0,-157.0,-157.0,-157.0,-157.0,-156.5,-157.0,-157.0,-154.5,-156.5,-157.0,-150.5,-151.0,-156.0,-157.0,-157.0,-157.0,-157.0,-155.5,-152.5,-155.0,-157.0,-157.0,-156.0,-157.0,-157.0,-157.0,-157.0,-155.0,-157.0,-149.0,-149.0,-150.5,-154.5,-157.0,-152.5,-155.0,-157.0,-156.0,-152.5,-153.0,-157.0,-157.0,-157.0,-153.5,-153.5,-157.0,-157.0,-155.0,-157.0,-157.0,-157.0,-157.0,-157.0,-157.0,-157.0,-156.0,-154.5,-157.0,-156.0,-157.0,-154.5,-152.0,-156.5,-155.5,-156.5,-157.0,-156.5,-157.0,-151.0,-154.0,-157.0,-157.0,-155.0,-157.0,-151.5,-157.0,-157.0,-151.0,-152.5,-157.0,-153.5,-153.5,-154.0,-157.0,-157.0,-154.0,-156.0,-156.5,-156.0,-157.0,-157.0,-157.0,-156.5,-157.0,-157.0,-157.0,-157.0,-154.0,-155.0,-156.5,-155.5,-154.5,-157.0,-154.0,-157.0,-155.5,-154.5,-155.5,-151.0,-150.0,-147.0,-147.5,-154.0,-157.0,-157.0,-157.0,-153.5,-153.5,-155.5,-154.5,-157.0,-153.0,-157.0,-157.0,-157.0,-157.0,-157.0,-155.5,-154.5,-149.5,-153.5,-157.0,-154.0,-149.5,-150.0,-154.0,-153.0,-157.0,-154.5,-156.5,-157.0,-157.0,-153.5,-153.0,-150.5,-151.0,-153.0,-148.5,-149.5,-152.5,-152.0,-157.0,-149.0,-149.0,-154.5,-157.0,-152.5,-152.5,-155.5,-156.0,-156.5,-155.5,-157.0,-157.0,-157.0,-157.0,-157.0,-157.0,-152.0,-149.5,-155.5,-157.0,-157.0,-154.5,-154.5,-157.0,-154.0,-157.0,-157.0,-157.0,-157.0,-156.5,-151.0,-157.0,-155.0,-157.0,-157.0,-157.0,-157.0,-157.0,-154.5,-156.0,-156.5,-157.0,-152.0,-151.0,-155.5,-154.0,-157.0,-152.5,-155.5,-155.0,-157.0,-153.0,-157.0,-157.0,-157.0,-156.0,-152.5,-151.0,-151.5,-156.5,-154.5,-157.0,-157.0,-156.0,-154.0,-157.0,-157.0,-156.5,-157.0,-157.0,-157.0,-157.0,-157.0,-145.5,-147.5,-156.0,-156.5,-152.0,-157.0,-157.0,-157.0,-157.0,-157.0,-157.0,-157.0,-157.0,-151.0,-153.5,-157.0,-155.5,-155.0,-157.0,-156.5,-157.0,-156.5,-155.0,-157.0,-157.0,-157.0,-157.0,-157.0,-155.0,-157.0,-151.0,-156.5,-152.5,-154.5,-156.5,-153.5,-154.0,-157.0,-156.5,-157.0,-157.0,-154.0,-157.0,-157.0,-152.5,-155.0,-157.0,-155.0,-152.0,-157.0,-156.5,-157.0,-157.0,-157.0,-156.0,-154.5,-153.0,-157.0,-157.0,-157.0,-153.0,-153.5,-155.5,-157.0,-154.5,-157.0,-156.5,-149.0,-148.0,-152.5,-154.0,-155.5,-152.5,-157.0,-154.0,-152.5,-155.0,-154.0,-157.0,-155.0,-156.0,-157.0,-157.0,-156.5,-156.5,-157.0,-157.0,-157.0,-157.0,-157.0,-157.0,-151.5,-151.0,-151.0,-157.0,-157.0,-157.0,-154.5,-154.5,-157.0,-157.0,-157.0,-156.5,-157.0,-153.5,-157.0,-157.0,-157.0,-151.5,-153.5,-154.0,-154.5,-157.0,-157.0,-157.0,-157.0,-157.0,-154.0
2026-01-17 14:13:45.599,143.049967,5,-77,-157.0,-157.0,-157.0,-154.5,-154.0,-157.0,-155.0,-157.0,-157.0,-157.0,-152.5,-153.0,-157.0,-155.0,-157.0,-157.0,-154.5,-153.0,-156.0,-157.0,-152.5,-155.5,-152.0,-153.0,-156.0,-157.0,-155.0,-157.0,-155.0,-156.0,-157.0,-154.0,-156.0,-155.5,-156.5,-157.0,-157.0,-157.0,-157.0,-152.0,-157.0,-157.0,-152.0,-155.0,-153.0,-157.0,-153.0,-154.5,-157.0,-157.0,-153.5,-157.0,-157.0,-156.5,-154.5,-157.0,-157.0,-157.0,-157.0,-153.5,-157.0,-157.0,-157.0,-157.0,-156.5,-153.0,-157.0,-157.0,-155.0,-157.0,-157.0,-156.5,-157.0,-155.5,-156.5,-150.5,-153.5,-157.0,-157.0,-152.0,-150.5,-157.0,-157.0,-157.0,-157.0,-153.5,-153.0,-157.0,-157.0,-157.0,-157.0,-156.0,-157.0,-157.0,-154.5,-151.0,-152.5,-155.0,-156.0,-155.0,-157.0,-157.0,-157.0,-157.0,-157.0,-157.0,-157.0,-157.0,-157.0,-157.0,-151.5,-154.0,-153.5,-154.0,-152.5,-157.0,-157.0,-157.0,-157.0,-154.5,-157.0,-157.0,-157.0,-157.0,-156.0,-155.0,-154.0,-156.5,-151.0,-153.5,-154.0,-155.0,-156.0,-157.0,-157.0,-157.0,-157.0,-157.0,-157.0,-155.5,-157.0,-152.5,-151.0,-155.5,-153.5,-156.5,-157.0,-157.0,-157.0,-154.5,-152.0,-155.0,-157.0,-154.5,-152.0,-157.0,-157.0,-157.0,-155.5,-154.5,-157.0,-156.5,-153.5,-151.0,-150.5,-154.0,-153.0,-155.5,-151.5,-157.0,-156.0,-152.5,-153.5,-157.0,-157.0,-157.0,-157.0,-157.0,-157.0,-154.0,-156.5,-156.5,-155.5,-155.0,-157.0,-157.0,-156.0,-157.0,-157.0,-157.0,-153.5,-156.5,-151.5,-151.5,-154.5,-156.0,-157.0,-157.0,-154.0,-155.5,-150.0,-152.5,-157.0,-156.5,-154.5,-156.5,-153.0,-155.0,-154.0,-149.5,-155.5,-157.0,-157.0,-156.5,-155.0,-157.0,-157.0,-150.5,-150.0,-156.0,-154.5,-157.0,-157.0,-157.0,-157.0,-157.0,-156.5,-157.0,-157.0,-154.5,-154.0,-154.0,-157.0,-157.0,-157.0,-154.5,-157.0,-151.0,-154.5,-155.5,-155.5,-155.0,-150.0,-149.0,-156.0,-157.0,-157.0,-156.5,-157.0,-157.0,-157.0,-157.0,-157.0,-154.5,-157.0,-157.0,-157.0,-155.0,-157.0,-156.0,-155.5,-154.0,-157.0,-157.0,-155.0,-149.5,-148.5,-150.0,-155.0,-157.0,-156.5,-157.0,-157.0,-157.0,-154.0,-157.0,-152.0,-154.5,-155.0,-154.5,-155.5,-153.5,-150.0,-152.0,-148.5,-148.5,-157.0,-157.0,-151.0,-154.5,-155.5,-157.0,-155.5,-154.5,-157.0,-157.0,-157.0,-157.0,-156.5,-157.0,-152.5,-151.0,-157.0,-157.0,-156.0,-149.5,-152.5,-155.5,-157.0,-156.0,-157.0,-157.0,-157.0,-153.0,-150.0,-153.0,-153.0,-152.5,-157.0,-157.0,-157.0,-157.0,-154.5,-157.0,-155.0,-156.5,-155.0,-155.0,-156.0,-153.0,-154.5,-152.0,-156.5,-152.5,-157.0,-154.5,-157.0,-156.5,-157.0,-157.0,-156.5,-151.5,-152.0,-154.0,-157.0,-152.5,-154.0,-157.0,-157.0,-154.0,-154.0,-157.0,-157.0,-157.0,-157.0,-150.0,-147.5,-144.5,-147.5,-157.0,-157.0,-154.5,-157.0,-157.0,-157.0,-157.0,-157.0,-157.0,-157.0,-155.5,-153.0,-152.5,-156.5,-154.0,-156.0,-157.0,-157.0,-157.0,-157.0,-152.5,-152.5,-156.0,-157.0,-157.0,-157.0,-155.5,-155.0,-151.5,-153.0,-157.0,-156.0,-157.0,-156.5,-156.0,-156.0,-154.5,-157.0,-154.0,-153.0,-157.0,-157.0,-151.5,-152.5,-157.0,-157.0,-154.5,-154.5,-157.0,-157.0,-157.0,-157.0,-155.0,-151.0,-153.0,-157.0,-157.0,-157.0,-154.5,-154.5,-155.5,-157.0,-152.5,-152.5,-154.5,-150.5,-152.5,-157.0,-155.5,-151.5,-151.0,-157.0,-157.0,-154.5,-155.0,-156.5,-157.0,-154.5,-157.0,-157.0,-157.0,-153.5,-152.0,-157.0,-157.0,-157.0,-155.5,-154.0,-157.0,-153.5,-153.0,-152.5,-157.0,-157.0,-157.0,-151.0,-151.0,-154.0,-157.0,-157.0,-157.0,-157.0,-151.0,-153.0,-154.5,-155.0,-151.0,-154.5,-157.0,-157.0,-157.0,-157.0,-156.5,-156.0,-156.5,-151.5
2026-01-17 14:13:45.632,143.049967,5,-77,-157.0,-157.0,-157.0,-157.0,-157.0,-155.5,-151.0,-152.5,-157.0,-157.0,-156.0,-156.5,-157.0,-152.5,-157.0,-157.0,-157.0,-157.0,-157.0,-157.0,-154.5,-153.5,-153.0,-155.5,-152.0,-152.5,-155.5,-157.0,-157.0,-155.5,-157.0,-155.5,-153.0,-154.0,-152.5,-153.5,-154.5,-157.0,-156.0,-151.5,-156.5,-154.5,-152.5,-156.0,-151.5,-154.0,-153.0,-154.5,-155.5,-155.0,-151.5,-155.0,-157.0,-157.0,-157.0,-157.0,-157.0,-153.0,-157.0,-154.0,-157.0,-156.0,-157.0,-157.0,-151.5,-151.0,-155.5,-155.0,-153.0,-157.0,-157.0,-157.0,-157.0,-157.0,-157.0,-153.5,-156.0,-157.0,-157.0,-154.5,-152.0,-153.5,-157.0,-157.0,-157.0,-157.0,-155.0,-157.0,-157.0,-157.0,-157.0,-157.0,-157.0,-156.0,-157.0,-157.0,-152.5,-153.0,-156.0,-153.0,-155.5,-157.0,-154.5,-153.0,-157.0,-157.0,-157.0,-157.0,-157.0,-156.5,-150.0,-157.0,-154.0,-157.0,-156.5,-157.0,-157.0,-157.0,-157.0,-157.0,-156.0,-155.5,-157.0,-157.0,-155.5,-157.0,-157.0,-157.0,-153.0,-151.0,-150.5,-152.0,-151.5,-153.5,-152.5,-157.0,-157.0,-157.0,-157.0,-156.0,-156.5,-156.5,-154.0,-157.0,-154.5,-154.5,-157.0,-157.0,-152.5,-153.0,-155.0,-157.0,-157.0,-153.5,-150.5,-154.5,-157.0,-155.0,-153.5,-153.5,-157.0,-157.0,-153.5,-156.5,-150.5,-152.0,-156.5,-153.0,-149.0,-156.0,-157.0,-149.5,-149.5,-157.0,-157.0,-157.0,-157.0,-157.0,-157.0,-152.5,-154.5,-157.0,-157.0,-155.0,-157.0,-155.5,-157.0,-157.0,-157.0,-157.0,-157.0,-157.0,-154.0,-151.0,-150.0,-152.0,-154.0,-157.0,-157.0,-157.0,-151.5,-154.0,-150.0,-149.5,-151.5,-157.0,-157.0,-156.5,-151.5,-149.5,-157.0,-157.0,-157.0,-157.0,-156.0,-157.0,-157.0,-154.5,-149.5,-151.5,-152.5,-157.0,-157.0,-157.0,-157.0,-157.0,-151.0,-153.0,-157.0,-157.0,-157.0,-156.5,-157.0,-157.0,-157.0,-152.5,-156.5,-151.5,-152.5,-152.5,-156.5,-157.0,-147.0,-147.0,-157.0,-157.0,-157.0,-154.5,-157.0,-157.0,-157.0,-157.0,-157.0,-156.5,-157.0,-156.5,-157.0,-157.0,-154.0,-157.0,-157.0,-157.0,-157.0,-157.0,-157.0,-157.0,-154.5,-155.0,-157.0,-153.5,-151.5,-157.0,-157.0,-157.0,-157.0,-153.5,-157.0,-157.0,-157.0,-157.0,-157.0,-157.0,-152.5,-154.0,-151.5,-152.0,-157.0,-152.5,-149.5,-155.0,-152.5,-155.0,-154.5,-156.5,-154.0,-154.0,-157.0,-157.0,-155.5,-152.5,-153.0,-157.0,-155.0,-157.0,-153.0,-149.5,-153.5,-156.5,-157.0,-153.0,-157.0,-157.0,-157.0,-157.0,-155.0,-151.5,-154.0,-152.0,-157.0,-157.0,-157.0,-156.5,-153.0,-157.0,-157.0,-157.0,-157.0,-156.0,-151.0,-153.0,-152.5,-154.0,-153.5,-155.0,-156.0,-157.0,-156.0,-152.5,-157.0,-157.0,-155.5,-156.0,-154.0,-156.0,-152.5,-149.5,-152.5,-157.0,-157.0,-155.5,-154.5,-157.0,-157.0,-157.0,-155.0,-147.0,-145.5,-144.5,-153.0,-155.5,-154.0,-157.0,-157.0,-157.0,-157.0,-157.0,-157.0,-157.0,-157.0,-157.0,-157.0,-155.5,-155.5,-154.5,-156.0,-157.0,-157.0,-157.0,-157.0,-154.5,-152.5,-151.5,-156.5,-157.0,-157.0,-157.0,-156.0,-157.0,-154.0,-157.0,-156.5,-156.5,-155.0,-157.0,-154.5,-156.5,-156.0,-155.0,-155.5,-157.0,-157.0,-155.5,-157.0,-157.0,-157.0,-156.0,-153.5,-157.0,-157.0,-157.0,-155.0,-157.0,-152.5,-153.5,-157.0,-157.0,-157.0,-157.0,-154.5,-154.5,-154.0,-153.0,-157.0,-157.0,-155.0,-157.0,-157.0,-157.0,-152.0,-152.5,-157.0,-155.0,-154.5,-155.0,-157.0,-155.0,-152.0,-155.5,-157.0,-156.0,-155.0,-152.0,-157.0,-154.5,-154.0,-156.0,-156.5,-157.0,-156.0,-156.5,-152.5,-153.5,-157.0,-154.0,-155.0,-155.5,-155.5,-157.0,-157.0,-157.0,-157.0,-150.5,-152.0,-149.5,-151.0,-150.5,-157.0,-157.0,-157.0,-157.0,-156.0,-154.5,-151.5,-157.0,-154.0
2026-01-17 14:13:45.668,143.049967,5,-77,-157.0,-157.0,-157.0,-157.0,-157.0,-157.0,-152.5,-153.5,-157.0,-156.0,-156.0,-157.0,-157.0,-150.5,-153.0,-157.0,-157.0,-157.0,-157.0,-157.0,-157.0,-155.5,-153.5,-155.5,-153.5,-151.5,-154.5,-156.5,-157.0,-157.0,-157.0,-155.5,-151.5,-157.0,-152.0,-153.5,-153.0,-155.0,-152.5,-155.0,-155.0,-155.0,-157.0,-155.5,-155.0,-156.0,-157.0,-157.0,-154.5,-157.0,-151.0,-152.0,-150.5,-157.0,-155.5,-157.0,-154.5,-150.5,-157.0,-154.5,-157.0,-152.0,-153.0,-157.0,-154.0,-151.5,-155.0,-157.0,-153.0,-154.0,-157.0,-157.0,-156.5,-157.0,-153.5,-157.0,-157.0,-157.0,-157.0,-157.0,-155.5,-155.0,-157.0,-156.0,-155.5,-157.0,-157.0,-157.0,-157.0,-157.0,-157.0,-157.0,-156.0,-154.0,-157.0,-157.0,-157.0,-156.0,-157.0,-157.0,-155.5,-157.0,-151.0,-150.5,-157.0,-156.5,-157.0,-157.0,-157.0,-153.0,-154.0,-155.0,-152.5,-157.0,-157.0,-157.0,-157.0,-157.0,-156.0,-157.0,-155.0,-155.0,-157.0,-157.0,-156.5,-157.0,-157.0,-157.0,-152.5,-153.5,-154.5,-157.0,-150.5,-151.0,-150.5,-152.0,-155.0,-153.0,-152.0,-157.0,-157.0,-157.0,-155.5,-154.0,-157.0,-155.0,-157.0,-153.5,-151.0,-157.0,-157.0,-157.0,-154.5,-152.5,-151.0,-150.0,-157.0,-151.0,-150.0,-152.0,-155.0,-157.0,-153.5,-157.0,-157.0,-156.0,-157.0,-155.0,-153.0,-156.0,-152.0,-150.5,-153.5,-157.0,-157.0,-157.0,-157.0,-157.0,-156.0,-157.0,-157.0,-157.0,-157.0,-156.0,-157.0,-156.0,-157.0,-155.5,-157.0,-157.0,-157.0,-157.0,-157.0,-156.5,-150.5,-150.0,-156.0,-153.5,-156.0,-157.0,-155.0,-151.5,-154.0,-149.5,-155.5,-157.0,-157.0,-157.0,-155.0,-150.5,-157.0,-157.0,-157.0,-155.0,-154.0,-156.5,-157.0,-155.0,-151.5,-152.5,-152.0,-155.0,-157.0,-157.0,-155.5,-155.5,-149.5,-151.0,-152.5,-157.0,-157.0,-155.0,-157.0,-157.0,-154.5,-152.0,-156.5,-157.0,-157.0,-152.0,-154.0,-157.0,-146.0,-145.0,-153.0,-157.0,-152.0,-151.0,-155.5,-157.0,-157.0,-157.0,-157.0,-157.0,-157.0,-155.0,-157.0,-156.5,-154.0,-155.5,-157.0,-157.0,-157.0,-156.0,-157.0,-157.0,-157.0,-157.0,-157.0,-151.0,-149.0,-157.0,-157.0,-157.0,-153.5,-151.0,-156.5,-155.5,-153.0,-154.0,-155.0,-157.0,-153.5,-152.0,-152.5,-156.5,-157.0,-154.5,-151.0,-156.5,-152.0,-154.0,-150.5,-152.5,-155.5,-153.5,-157.0,-157.0,-157.0,-150.5,-150.5,-157.0,-154.5,-157.0,-153.5,-153.5,-155.5,-157.0,-156.5,-151.0,-153.5,-157.0,-157.0,-157.0,-157.0,-152.0,-157.0,-153.5,-153.0,-156.0,-157.0,-155.5,-154.0,-157.0,-155.0,-155.0,-155.5,-156.0,-153.5,-155.5,-153.5,-156.0,-157.0,-157.0,-157.0,-157.0,-152.0,-149.5,-150.0,-156.5,-157.0,-157.0,-157.0,-157.0,-155.0,-151.5,-157.0,-157.0,-157.0,-157.0,-157.0,-157.0,-157.0,-157.0,-157.0,-150.5,-153.0,-146.0,-153.0,-157.0,-153.5,-156.5,-157.0,-157.0,-156.0,-154.5,-157.0,-157.0,-156.5,-157.0,-157.0,-157.0,-157.0,-155.5,-157.0,-157.0,-157.0,-157.0,-154.5,-156.0,-154.0,-150.5,-155.0,-157.0,-157.0,-157.0,-157.0,-157.0,-157.0,-157.0,-157.0,-154.5,-153.5,-157.0,-156.0,-157.0,-156.0,-157.0,-157.0,-157.0,-157.0,-157.0,-157.0,-157.0,-157.0,-156.0,-157.0,-152.5,-152.0,-157.0,-155.5,-157.0,-157.0,-156.5,-157.0,-157.0,-157.0,-157.0,-154.0,-154.5,-157.0,-152.0,-157.0,-157.0,-157.0,-157.0,-157.0,-157.0,-156.5,-156.0,-157.0,-150.5,-150.5,-155.5,-157.0,-157.0,-151.5,-157.0,-157.0,-157.0,-157.0,-154.5,-157.0,-157.0,-153.0,-151.5,-155.5,-157.0,-155.5,-157.0,-156.0,-156.5,-155.5,-153.0,-157.0,-157.0,-156.5,-157.0,-157.0,-156.0,-153.0,-156.5,-153.0,-150.5,-152.0,-154.0,-155.5,-157.0,-157.0,-157.0,-157.0,-154.0,-150.0,-156.0,-157.0
2026-01-17 14:13:45.698,143.049967,5,-77,-157.0,-157.0,-157.0,-153.5,-154.5,-157.0,-157.0,-153.5,-154.5,-157.0,-157.0,-155.5,-157.0,-150.5,-151.0,-156.5,-154.0,-157.0,-157.0,-157.0,-157.0,-157.0,-157.0,-157.0,-157.0,-153.0,-154.5,-151.5,-155.0,-157.0,-157.0,-157.0,-151.5,-151.0,-156.0,-157.0,-156.0,-157.0,-155.5,-155.5,-154.5,-153.0,-157.0,-157.0,-157.0,-155.0,-156.0,-153.5,-152.0,-157.0,-153.5,-152.0,-147.0,-156.0,-151.5,-152.5,-156.0,-150.5,-153.5,-156.0,-157.0,-153.0,-152.0,-156.5,-157.0,-154.0,-156.5,-157.0,-157.0,-155.0,-155.0,-153.5,-157.0,-154.5,-149.5,-152.5,-157.0,-157.0,-157.0,-157.0,-156.0,-157.0,-157.0,-153.5,-153.0,-157.0,-157.0,-157.0,-157.0,-156.5,-156.0,-157.0,-151.0,-155.5,-153.5,-157.0,-157.0,-153.0,-154.5,-157.0,-155.5,-157.0,-156.0,-153.0,-157.0,-157.0,-152.5,-151.0,-157.0,-156.0,-152.0,-153.5,-151.5,-153.5,-157.0,-157.0,-156.5,-153.5,-151.5,-157.0,-157.0,-157.0,-157.0,-157.0,-153.0,-154.0,-151.5,-153.5,-153.0,-157.0,-157.0,-157.0,-153.5,-153.5,-150.0,-151.5,-154.5,-153.5,-151.5,-157.0,-157.0,-157.0,-153.0,-153.5,-157.0,-157.0,-157.0,-155.5,-153.0,-157.0,-157.0,-157.0,-153.5,-152.0,-153.0,-154.0,-157.0,-155.5,-150.5,-153.0,-157.0,-157.0,-157.0,-153.5,-157.0,-157.0,-155.5,-155.5,-157.0,-157.0,-156.0,-152.5,-156.5,-157.0,-157.0,-156.0,-156.0,-157.0,-157.0,-157.0,-157.0,-154.0,-157.0,-156.0,-155.0,-157.0,-157.0,-154.0,-157.0,-157.0,-157.0,-157.0,-157.0,-155.0,-155.0,-153.0,-157.0,-152.0,-152.0,-157.0,-156.0,-151.0,-154.5,-152.0,-157.0,-157.0,-157.0,-157.0,-150.0,-150.0,-157.0,-157.0,-157.0,-152.0,-153.0,-155.0,-157.0,-153.5,-157.0,-157.0,-154.0,-153.5,-157.0,-157.0,-157.0,-157.0,-153.0,-151.0,-149.5,-153.0,-153.5,-154.5,-157.0,-157.0,-155.5,-155.5,-153.0,-155.0,-157.0,-154.0,-157.0,-157.0,-146.5,-146.5,-156.5,-153.5,-154.0,-154.5,-155.0,-157.0,-157.0,-157.0,-157.0,-157.0,-157.0,-154.5,-155.5,-157.0,-156.5,-154.0,-157.0,-157.0,-157.0,-154.0,-157.0,-157.0,-157.0,-157.0,-157.0,-152.0,-152.0,-157.0,-157.0,-157.0,-150.5,-151.0,-156.0,-157.0,-151.5,-152.5,-154.5,-150.5,-150.5,-150.0,-151.5,-155.5,-157.0,-157.0,-155.0,-157.0,-154.0,-157.0,-151.5,-152.0,-157.0,-152.0,-152.5,-157.0,-157.0,-152.0,-150.0,-154.5,-155.0,-157.0,-157.0,-155.5,-152.0,-154.0,-157.0,-151.5,-156.0,-154.5,-154.5,-157.0,-157.0,-154.5,-157.0,-155.5,-156.5,-157.0,-157.0,-155.5,-155.5,-156.0,-151.0,-152.0,-157.0,-152.0,-154.5,-157.0,-157.0,-154.5,-157.0,-157.0,-157.0,-155.0,-154.5,-153.0,-150.0,-155.0,-156.5,-156.0,-157.0,-157.0,-157.0,-155.5,-154.5,-155.0,-156.0,-157.0,-156.0,-153.5,-155.5,-157.0,-157.0,-155.0,-151.0,-147.5,-149.5,-157.0,-153.0,-153.5,-157.0,-157.0,-153.0,-154.5,-157.0,-156.0,-155.0,-155.0,-157.0,-157.0,-157.0,-157.0,-157.0,-156.5,-157.0,-153.5,-150.5,-154.0,-155.0,-153.5,-157.0,-157.0,-157.0,-157.0,-157.0,-157.0,-157.0,-157.0,-155.0,-154.5,-157.0,-155.5,-157.0,-157.0,-157.0,-151.5,-152.0,-155.0,-154.5,-157.0,-157.0,-156.0,-153.5,-153.5,-157.0,-149.5,-148.5,-157.0,-157.0,-157.0,-157.0,-156.0,-157.0,-156.0,-157.0,-157.0,-155.0,-156.5,-157.0,-151.5,-154.0,-157.0,-157.0,-157.0,-155.5,-157.0,-154.5,-153.0,-155.5,-149.0,-151.5,-157.0,-157.0,-156.5,-152.5,-157.0,-156.5,-157.0,-153.5,-157.0,-153.0,-157.0,-157.0,-151.0,-151.5,-157.0,-156.5,-157.0,-157.0,-157.0,-155.0,-152.0,-157.0,-157.0,-155.5,-157.0,-157.0,-157.0,-153.5,-154.0,-152.5,-154.5,-154.0,-157.0,-154.0,-157.0,-157.0,-157.0,-156.0,-153.5,-151.5,-157.0,-154.0
2026-01-17 14:13:45.736,143.049967,5,-77,-157.0,-157.0,-157.0,-152.5,-151.5,-153.0,-156.5,-156.0,-156.0,-157.0,-157.0,-153.5,-154.0,-155.5,-153.5,-154.5,-150.0,-152.0,-157.0,-157.0,-155.0,-156.5,-157.0,-157.0,-157.0,-156.0,-151.5,-149.0,-150.0,-156.0,-157.0,-157.0,-153.5,-151.0,-157.0,-157.0,-154.0,-157.0,-157.0,-154.0,-156.5,-154.5,-157.0,-156.5,-157.0,-157.0,-154.5,-154.5,-151.0,-152.5,-157.0,-152.0,-147.0,-153.5,-153.5,-151.0,-154.0,-153.0,-153.0,-154.5,-155.0,-157.0,-156.0,-157.0,-156.5,-157.0,-153.0,-155.0,-157.0,-154.5,-157.0,-154.5,-155.0,-156.5,-148.0,-151.0,-157.0,-157.0,-157.0,-155.5,-154.5,-154.5,-156.5,-151.5,-154.5,-157.0,-157.0,-155.0,-157.0,-157.0,-154.0,-152.5,-149.5,-154.0,-153.0,-157.0,-157.0,-152.5,-153.0,-157.0,-154.5,-157.0,-157.0,-157.0,-157.0,-157.0,-150.5,-148.0,-151.0,-157.0,-154.0,-155.5,-151.5,-157.0,-157.0,-157.0,-157.0,-157.0,-150.0,-152.0,-155.0,-157.0,-157.0,-157.0,-151.0,-150.5,-150.0,-151.5,-153.5,-156.5,-157.0,-157.0,-157.0,-157.0,-150.5,-154.0,-157.0,-157.0,-155.5,-157.0,-155.0,-157.0,-152.0,-157.0,-157.0,-157.0,-157.0,-157.0,-154.0,-151.0,-157.0,-157.0,-157.0,-156.0,-154.5,-157.0,-157.0,-157.0,-152.0,-153.0,-157.0,-157.0,-157.0,-152.0,-154.0,-157.0,-154.5,-156.5,-154.5,-157.0,-156.5,-151.5,-156.0,-157.0,-154.0,-153.5,-156.5,-157.0,-157.0,-155.5,-157.0,-151.5,-157.0,-157.0,-156.5,-157.0,-157.0,-156.5,-157.0,-157.0,-156.0,-157.0,-157.0,-151.0,-152.0,-155.5,-154.0,-157.0,-155.5,-157.0,-157.0,-153.0,-156.5,-156.0,-157.0,-154.0,-155.0,-155.0,-151.0,-151.5,-157.0,-157.0,-157.0,-155.0,-156.0,-153.0,-156.5,-153.5,-157.0,-157.0,-151.5,-151.0,-153.5,-157.0,-157.0,-157.0,-155.5,-154.0,-148.5,-151.0,-155.5,-154.5,-156.5,-157.0,-157.0,-157.0,-155.0,-154.5,-157.0,-157.0,-157.0,-157.0,-146.5,-146.5,-156.0,-152.5,-153.5,-156.5,-155.0,-157.0,-157.0,-157.0,-157.0,-154.5,-157.0,-155.5,-156.0,-155.5,-157.0,-155.0,-157.0,-157.0,-157.0,-151.5,-153.5,-157.0,-157.0,-156.0,-157.0,-154.5,-157.0,-157.0,-157.0,-157.0,-152.5,-151.5,-157.0,-157.0,-151.0,-153.0,-156.5,-152.5,-153.5,-156.5,-153.5,-154.0,-156.0,-156.5,-157.0,-157.0,-157.0,-157.0,-155.5,-155.5,-157.0,-151.5,-152.0,-155.5,-156.5,-152.5,-151.0,-154.5,-157.0,-157.0,-157.0,-155.5,-150.5,-153.0,-157.0,-153.0,-156.5,-152.0,-152.0,-157.0,-157.0,-157.0,-156.0,-157.0,-157.0,-157.0,-155.5,-153.5,-156.5,-157.0,-152.0,-153.5,-157.0,-153.0,-151.0,-156.5,-157.0,-156.0,-155.0,-155.5,-157.0,-154.5,-157.0,-157.0,-151.0,-150.0,-152.5,-157.0,-155.0,-157.0,-157.0,-152.5,-152.5,-153.5,-155.0,-152.5,-152.0,-150.5,-157.0,-157.0,-157.0,-157.0,-152.0,-154.5,-152.5,-157.0,-155.5,-154.5,-155.0,-153.0,-155.0,-157.0,-157.0,-155.0,-157.0,-157.0,-153.5,-151.0,-157.0,-157.0,-157.0,-157.0,-157.0,-153.0,-152.0,-157.0,-157.0,-157.0,-157.0,-157.0,-157.0,-157.0,-157.0,-157.0,-156.0,-157.0,-155.5,-157.0,-157.0,-154.5,-157.0,-157.0,-157.0,-150.0,-152.5,-153.5,-152.5,-156.5,-154.0,-153.5,-152.0,-153.5,-155.0,-149.0,-148.5,-157.0,-157.0,-157.0,-157.0,-157.0,-157.0,-154.5,-157.0,-157.0,-157.0,-157.0,-152.5,-151.5,-155.0,-154.5,-157.0,-153.5,-154.5,-157.0,-152.5,-151.5,-153.5,-151.0,-155.5,-157.0,-155.5,-157.0,-154.0,-154.0,-154.0,-156.5,-150.5,-151.5,-155.0,-157.0,-157.0,-152.5,-151.0,-157.0,-157.0,-157.0,-157.0,-157.0,-153.5,-153.0,-157.0,-157.0,-154.5,-152.5,-157.0,-157.0,-156.5,-151.5,-157.0,-157.0,-151.5,-152.5,-152.0,-156.5,-156.0,-151.0,-151.5,-155.0,-157.0,-156.5,-154.5
2026-01-17 14:13:45.770,143.049967,5,-77,-157.0,-157.0,-157.0,-156.5,-156.0,-154.0,-151.5,-157.0,-157.0,-157.0,-157.0,-157.0,-156.0,-157.0,-154.5,-156.5,-150.5,-154.0,-154.0,-157.0,-152.5,-151.0,-155.0,-155.5,-157.0,-157.0,-153.5,-154.5,-153.5,-156.5,-154.0,-155.0,-157.0,-153.0,-157.0,-156.5,-152.0,-157.0,-157.0,-156.0,-157.0,-157.0,-157.0,-156.5,-157.0,-157.0,-157.0,-157.0,-153.0,-152.0,-157.0,-156.5,-151.0,-157.0,-154.5,-150.0,-151.0,-154.5,-155.5,-155.5,-156.0,-157.0,-157.0,-155.5,-153.0,-155.5,-153.5,-156.5,-157.0,-155.0,-157.0,-156.5,-155.0,-152.5,-150.0,-152.5,-157.0,-157.0,-153.5,-150.5,-157.0,-155.0,-155.0,-151.0,-155.0,-153.5,-154.0,-154.5,-157.0,-157.0,-152.0,-153.0,-150.5,-156.0,-154.5,-157.0,-157.0,-157.0,-154.5,-157.0,-153.0,-154.5,-157.0,-157.0,-157.0,-157.0,-151.5,-151.5,-153.5,-154.0,-155.5,-154.0,-151.0,-157.0,-157.0,-157.0,-157.0,-157.0,-152.5,-154.0,-154.0,-157.0,-157.0,-157.0,-153.0,-157.0,-154.5,-154.5,-157.0,-157.0,-157.0,-157.0,-157.0,-157.0,-151.5,-155.0,-157.0,-157.0,-157.0,-157.0,-152.5,-156.0,-151.5,-157.0,-157.0,-157.0,-157.0,-157.0,-154.0,-150.0,-157.0,-157.0,-157.0,-157.0,-154.5,-157.0,-155.5,-157.0,-154.0,-157.0,-157.0,-157.0,-156.0,-153.5,-157.0,-155.5,-154.5,-157.0,-152.5,-153.0,-151.5,-151.5,-157.0,-157.0,-153.5,-156.0,-155.5,-157.0,-157.0,-157.0,-157.0,-151.5,-156.5,-156.5,-157.0,-157.0,-157.0,-157.0,-155.0,-157.0,-153.0,-157.0,-157.0,-153.0,-150.5,-155.0,-153.0,-157.0,-157.0,-157.0,-156.5,-155.5,-157.0,-156.5,-157.0,-152.5,-153.0,-156.5,-156.5,-154.0,-157.0,-156.5,-157.0,-157.0,-154.5,-155.5,-154.0,-153.0,-157.0,-157.0,-152.5,-153.0,-152.0,-152.5,-153.5,-157.0,-155.0,-157.0,-151.5,-156.0,-157.0,-150.5,-153.0,-157.0,-157.0,-157.0,-157.0,-156.5,-157.0,-157.0,-156.5,-154.0,-146.0,-146.5,-156.5,-155.5,-153.0,-157.0,-151.5,-154.0,-156.5,-157.0,-157.0,-154.0,-155.0,-157.0,-157.0,-155.0,-157.0,-157.0,-157.0,-156.5,-157.0,-155.5,-156.0,-156.0,-156.0,-153.0,-153.5,-157.0,-153.5,-154.5,-157.0,-157.0,-155.5,-154.0,-157.0,-157.0,-154.5,-153.0,-151.5,-153.5,-157.0,-157.0,-157.0,-155.0,-157.0,-157.0,-157.0,-157.0,-157.0,-157.0,-157.0,-157.0,-157.0,-151.5,-153.0,-157.0,-157.0,-154.0,-153.5,-155.0,-157.0,-157.0,-156.5,-157.0,-153.5,-154.5,-157.0,-155.5,-155.0,-156.0,-154.5,-157.0,-157.0,-153.5,-154.5,-157.0,-157.0,-157.0,-152.5,-153.5,-153.5,-156.5,-157.0,-157.0,-157.0,-157.0,-150.5,-155.0,-155.5,-156.0,-154.5,-153.0,-154.0,-154.0,-157.0,-157.0,-155.5,-151.5,-156.0,-157.0,-155.5,-157.0,-156.0,-154.0,-157.0,-157.0,-150.0,-149.5,-153.0,-151.5,-154.5,-154.5,-156.5,-157.0,-154.0,-157.0,-157.0,-157.0,-155.0,-154.5,-157.0,-157.0,-156.5,-155.0,-149.5,-149.0,-156.5,-157.0,-157.0,-148.5,-150.5,-157.0,-157.0,-157.0,-157.0,-156.0,-157.0,-157.0,-157.0,-157.0,-157.0,-155.5,-157.0,-151.0,-151.0,-154.5,-155.5,-157.0,-155.0,-157.0,-155.0,-150.5,-153.5,-157.0,-157.0,-152.0,-154.5,-156.5,-153.5,-157.0,-151.0,-150.0,-156.0,-157.0,-156.5,-155.5,-151.5,-153.5,-155.5,-157.0,-157.0,-157.0,-157.0,-154.5,-157.0,-157.0,-157.0,-157.0,-156.0,-156.0,-156.5,-155.0,-157.0,-156.0,-154.5,-157.0,-156.0,-151.5,-151.5,-156.5,-150.0,-151.5,-150.0,-156.0,-155.5,-152.5,-154.5,-157.0,-154.0,-153.5,-157.0,-157.0,-157.0,-157.0,-153.5,-157.0,-157.0,-154.0,-157.0,-155.5,-156.5,-156.5,-157.0,-153.0,-151.0,-151.0,-157.0,-155.5,-152.0,-150.0,-157.0,-157.0,-154.0,-156.5,-156.0,-156.5,-153.5,-151.0,-153.0,-153.5,-157.0,-157.0,-155.5
2026-01-17 14:13:45.800,143.049967,5,-77,-157.0,-157.0,-157.0,-155.5,-157.0,-157.0,-153.0,-157.0,-157.0,-157.0,-157.0,-157.0,-156.5,-156.5,-154.0,-152.5,-150.5,-154.5,-153.0,-157.0,-156.0,-152.5,-157.0,-151.5,-154.0,-157.0,-157.0,-157.0,-157.0,-157.0,-154.0,-157.0,-157.0,-153.5,-156.5,-157.0,-152.5,-156.5,-157.0,-157.0,-157.0,-157.0,-157.0,-153.5,-154.0,-154.5,-157.0,-157.0,-154.0,-154.5,-154.0,-157.0,-153.5,-157.0,-152.0,-151.5,-154.5,-157.0,-156.0,-156.0,-155.5,-153.0,-154.5,-154.0,-155.0,-157.0,-157.0,-157.0,-157.0,-156.5,-157.0,-156.5,-157.0,-154.5,-156.0,-156.5,-157.0,-157.0,-155.5,-149.5,-153.0,-156.5,-153.5,-153.5,-156.0,-152.0,-154.0,-157.0,-156.0,-155.0,-154.0,-155.0,-151.5,-153.0,-157.0,-157.0,-157.0,-157.0,-156.5,-156.5,-154.0,-154.0,-157.0,-157.0,-157.0,-155.5,-155.0,-157.0,-157.0,-153.0,-151.0,-151.0,-154.0,-157.0,-157.0,-157.0,-157.0,-157.0,-157.0,-157.0,-157.0,-157.0,-157.0,-157.0,-154.0,-157.0,-157.0,-157.0,-157.0,-157.0,-157.0,-157.0,-153.5,-152.0,-156.0,-156.0,-157.0,-157.0,-157.0,-157.0,-152.5,-153.0,-154.0,-157.0,-157.0,-157.0,-157.0,-157.0,-155.5,-153.0,-157.0,-157.0,-157.0,-157.0,-153.0,-154.0,-153.5,-157.0,-156.5,-157.0,-157.0,-157.0,-152.0,-155.5,-157.0,-152.0,-153.5,-157.0,-152.5,-155.0,-152.5,-157.0,-157.0,-157.0,-154.0,-157.0,-155.0,-156.5,-157.0,-157.0,-157.0,-151.0,-151.0,-152.0,-157.0,-157.0,-157.0,-157.0,-157.0,-152.0,-150.5,-157.0,-157.0,-157.0,-153.0,-154.5,-157.0,-157.0,-157.0,-151.5,-154.0,-157.0,-157.0,-154.5,-157.0,-157.0,-157.0,-156.5,-154.5,-154.5,-157.0,-152.0,-151.5,-156.5,-154.5,-157.0,-157.0,-156.5,-157.0,-157.0,-154.0,-154.5,-156.0,-157.0,-153.5,-157.0,-156.0,-156.0,-154.5,-157.0,-155.0,-150.5,-149.5,-155.0,-156.0,-157.0,-155.0,-156.5,-157.0,-157.0,-156.5,-153.5,-148.0,-146.0,-153.0,-157.0,-156.0,-156.0,-151.0,-151.5,-156.5,-157.0,-157.0,-157.0,-155.0,-157.0,-154.5,-157.0,-157.0,-157.0,-157.0,-157.0,-157.0,-157.0,-156.5,-157.0,-157.0,-157.0,-154.5,-153.0,-151.5,-156.0,-157.0,-157.0,-157.0,-157.0,-157.0,-157.0,-157.0,-157.0,-150.0,-150.0,-153.5,-157.0,-155.5,-152.5,-157.0,-157.0,-157.0,-157.0,-153.0,-150.5,-157.0,-155.5,-154.0,-153.0,-157.0,-156.0,-157.0,-154.5,-157.0,-156.5,-157.0,-154.0,-155.0,-157.0,-157.0,-156.5,-154.0,-157.0,-157.0,-157.0,-157.0,-157.0,-157.0,-153.0,-155.5,-157.0,-157.0,-157.0,-157.0,-157.0,-153.0,-157.0,-157.0,-157.0,-157.0,-157.0,-151.0,-152.5,-156.0,-154.0,-157.0,-155.0,-151.0,-152.0,-157.0,-157.0,-157.0,-155.0,-156.5,-157.0,-157.0,-157.0,-155.5,-156.0,-157.0,-157.0,-148.5,-149.5,-154.5,-152.0,-157.0,-156.0,-154.5,-155.5,-154.5,-155.5,-156.5,-155.0,-155.0,-152.5,-154.0,-156.5,-153.0,-157.0,-147.5,-147.5,-152.5,-152.5,-151.5,-148.5,-152.0,-155.0,-157.0,-157.0,-155.0,-156.0,-157.0,-157.0,-157.0,-157.0,-157.0,-157.0,-157.0,-149.5,-150.5,-157.0,-155.5,-157.0,-157.0,-157.0,-153.5,-148.0,-153.0,-157.0,-157.0,-156.0,-157.0,-157.0,-153.0,-157.0,-152.0,-150.0,-157.0,-157.0,-157.0,-157.0,-157.0,-153.5,-154.5,-155.5,-157.0,-157.0,-157.0,-157.0,-157.0,-157.0,-157.0,-157.0,-157.0,-157.0,-157.0,-157.0,-157.0,-155.5,-157.0,-157.0,-156.0,-153.5,-153.0,-157.0,-148.5,-148.0,-151.0,-150.5,-157.0,-152.5,-157.0,-157.0,-157.0,-157.0,-156.5,-157.0,-155.5,-157.0,-152.5,-153.0,-156.0,-151.5,-156.5,-153.0,-157.0,-157.0,-157.0,-149.5,-152.0,-154.0,-157.0,-157.0,-154.0,-151.5,-155.0,-154.0,-154.0,-157.0,-157.0,-157.0,-157.0,-156.5,-153.0,-150.5,-151.0,-156.0,-157.0
2026-01-17 14:13:45.832,143.049967,5,-77,-157.0,-157.0,-154.5,-153.5,-154.0,-157.0,-155.5,-157.0,-157.0,-157.0,-157.0,-157.0,-157.0,-157.0,-156.5,-155.0,-153.0,-157.0,-153.5,-153.5,-157.0,-157.0,-151.0,-150.5,-157.0,-157.0,-157.0,-157.0,-155.0,-155.0,-155.0,-157.0,-157.0,-155.0,-154.5,-157.0,-154.0,-157.0,-157.0,-157.0,-157.0,-157.0,-157.0,-152.5,-152.0,-154.0,-155.0,-155.0,-153.5,-155.5,-155.0,-157.0,-155.5,-157.0,-154.0,-152.5,-157.0,-157.0,-156.0,-157.0,-157.0,-153.5,-154.5,-155.0,-157.0,-157.0,-157.0,-155.0,-157.0,-157.0,-157.0,-153.5,-157.0,-156.5,-157.0,-157.0,-157.0,-157.0,-156.5,-151.0,-152.0,-154.0,-152.0,-152.0,-155.0,-151.0,-150.5,-157.0,-155.0,-156.0,-157.0,-155.0,-152.0,-154.5,-157.0,-157.0,-157.0,-157.0,-155.5,-154.0,-157.0,-156.5,-153.5,-153.0,-156.5,-154.5,-157.0,-155.5,-157.0,-154.0,-153.0,-151.0,-152.5,-157.0,-153.5,-156.5,-157.0,-157.0,-157.0,-157.0,-156.0,-154.5,-157.0,-157.0,-153.0,-155.5,-157.0,-157.0,-157.0,-157.0,-157.0,-157.0,-154.0,-152.5,-157.0,-156.5,-157.0,-157.0,-155.5,-156.5,-155.5,-157.0,-156.5,-157.0,-157.0,-155.5,-155.0,-155.5,-155.0,-157.0,-157.0,-157.0,-157.0,-154.5,-153.0,-152.5,-152.0,-152.0,-157.0,-157.0,-156.5,-157.0,-154.5,-155.0,-157.0,-154.5,-156.5,-155.0,-155.0,-154.5,-151.5,-156.0,-156.0,-156.5,-157.0,-157.0,-153.0,-152.0,-156.5,-157.0,-157.0,-154.0,-153.5,-151.5,-157.0,-157.0,-157.0,-157.0,-157.0,-151.5,-149.5,-157.0,-157.0,-157.0,-157.0,-153.5,-157.0,-157.0,-152.5,-149.0,-152.5,-157.0,-154.0,-151.5,-157.0,-157.0,-157.0,-157.0,-155.0,-157.0,-157.0,-151.0,-150.5,-153.0,-153.0,-157.0,-157.0,-157.0,-157.0,-157.0,-154.0,-153.0,-157.0,-157.0,-154.5,-156.5,-157.0,-154.0,-157.0,-157.0,-157.0,-157.0,-150.0,-150.5,-157.0,-157.0,-157.0,-157.0,-157.0,-157.0,-157.0,-156.0,-148.5,-145.5,-152.0,-155.0,-157.0,-157.0,-157.0,-157.0,-157.0,-157.0,-157.0,-157.0,-153.0,-154.5,-152.0,-154.0,-156.0,-157.0,-155.5,-157.0,-157.0,-154.5,-155.0,-157.0,-157.0,-157.0,-157.0,-151.5,-154.0,-157.0,-157.0,-157.0,-157.0,-156.5,-155.0,-151.0,-152.5,-157.0,-151.5,-151.5,-153.5,-157.0,-149.5,-149.5,-155.0,-157.0,-157.0,-155.0,-154.5,-148.5,-152.5,-152.5,-151.0,-157.0,-157.0,-156.0,-157.0,-155.5,-156.0,-157.0,-156.5,-153.5,-157.0,-157.0,-157.0,-157.0,-152.5,-157.0,-157.0,-157.0,-155.0,-155.5,-157.0,-157.0,-157.0,-156.5,-157.0,-156.5,-157.0,-156.5,-155.5,-157.0,-154.5,-154.5,-157.0,-157.0,-155.5,-154.5,-155.0,-155.5,-155.0,-155.5,-154.0,-157.0,-157.0,-157.0,-155.5,-156.5,-156.5,-157.0,-157.0,-157.0,-157.0,-157.0,-157.0,-157.0,-150.5,-150.0,-149.5,-154.5,-155.5,-153.5,-154.5,-149.0,-151.0,-154.5,-156.0,-157.0,-157.0,-155.5,-155.0,-152.0,-151.0,-157.0,-151.0,-153.5,-154.0,-153.0,-151.5,-150.5,-155.5,-157.0,-157.0,-156.0,-153.0,-157.0,-154.5,-157.0,-157.0,-157.0,-157.0,-157.0,-157.0,-154.5,-157.0,-157.0,-155.0,-157.0,-157.0,-155.0,-156.0,-151.0,-157.0,-157.0,-157.0,-157.0,-157.0,-157.0,-153.5,-157.0,-156.0,-154.5,-157.0,-157.0,-157.0,-157.0,-157.0,-157.0,-157.0,-155.5,-157.0,-157.0,-157.0,-157.0,-157.0,-156.5,-157.0,-157.0,-156.0,-157.0,-157.0,-157.0,-153.5,-152.0,-157.0,-157.0,-157.0,-157.0,-157.0,-157.0,-154.0,-151.0,-156.0,-153.0,-152.5,-151.5,-157.0,-156.5,-157.0,-157.0,-156.5,-157.0,-152.0,-154.0,-153.0,-151.5,-156.0,-153.0,-157.0,-149.5,-151.0,-152.5,-153.5,-150.5,-155.0,-157.0,-156.0,-157.0,-157.0,-155.0,-157.0,-151.5,-152.0,-155.5,-157.0,-157.0,-157.0,-153.0,-152.0,-151.5,-150.5,-156.5,-157.0
2026-01-17 14:13:45.864,143.049967,5,-77,-157.0,-157.0,-154.5,-157.0,-155.5,-157.0,-157.0,-156.0,-157.0,-157.0,-157.0,-154.0,-154.0,-154.5,-157.0,-154.0,-154.5,-157.0,-150.5,-151.5,-157.0,-157.0,-152.0,-151.5,-157.0,-157.0,-157.0,-157.0,-153.0,-157.0,-156.0,-157.0,-157.0,-156.0,-155.5,-157.0,-155.5,-156.0,-157.0,-156.5,-157.0,-157.0,-157.0,-154.0,-157.0,-157.0,-154.5,-153.5,-157.0,-155.5,-157.0,-157.0,-157.0,-157.0,-157.0,-153.5,-157.0,-157.0,-154.5,-157.0,-157.0,-157.0,-157.0,-157.0,-157.0,-155.5,-157.0,-154.0,-156.0,-157.0,-157.0,-153.5,-157.0,-157.0,-157.0,-157.0,-157.0,-157.0,-157.0,-153.0,-154.0,-156.0,-153.5,-153.0,-152.0,-154.5,-150.0,-153.5,-155.5,-157.0,-157.0,-152.0,-153.0,-157.0,-157.0,-157.0,-157.0,-157.0,-155.5,-154.0,-157.0,-155.0,-152.0,-153.0,-157.0,-157.0,-155.5,-153.5,-157.0,-157.0,-157.0,-152.0,-148.5,-155.5,-155.0,-156.5,-157.0,-156.5,-155.0,-157.0,-154.0,-151.5,-157.0,-156.5,-152.0,-154.5,-157.0,-157.0,-157.0,-157.0,-157.0,-157.0,-155.5,-154.5,-157.0,-157.0,-157.0,-157.0,-157.0,-156.5,-157.0,-157.0,-155.5,-157.0,-156.0,-154.5,-156.0,-154.5,-152.0,-157.0,-157.0,-157.0,-157.0,-154.0,-154.5,-154.0,-155.0,-151.0,-151.5,-157.0,-153.5,-154.5,-153.5,-156.0,-157.0,-155.5,-157.0,-153.5,-157.0,-153.5,-152.0,-153.0,-153.5,-157.0,-157.0,-157.0,-155.5,-153.0,-154.5,-157.0,-157.0,-157.0,-157.0,-155.5,-157.0,-157.0,-157.0,-157.0,-157.0,-151.5,-151.5,-157.0,-157.0,-157.0,-157.0,-153.5,-156.5,-156.0,-150.5,-150.5,-154.0,-157.0,-151.5,-150.5,-152.0,-153.0,-153.5,-154.5,-157.0,-157.0,-157.0,-154.5,-157.0,-153.5,-155.5,-157.0,-153.0,-156.5,-156.5,-157.0,-157.0,-152.0,-152.5,-157.0,-156.0,-156.5,-155.0,-152.5,-157.0,-157.0,-157.0,-157.0,-152.5,-154.0,-154.5,-155.0,-157.0,-151.5,-155.0,-157.0,-157.0,-157.0,-149.5,-148.0,-157.0,-156.0,-157.0,-157.0,-157.0,-157.0,-152.5,-154.5,-157.0,-157.0,-155.0,-152.5,-152.5,-149.5,-157.0,-152.0,-153.5,-157.0,-157.0,-155.0,-156.0,-154.5,-157.0,-157.0,-157.0,-155.5,-156.0,-157.0,-157.0,-157.0,-157.0,-157.0,-151.5,-151.0,-151.5,-157.0,-154.0,-154.5,-154.5,-155.0,-152.0,-153.0,-157.0,-157.0,-154.5,-151.5,-155.5,-149.0,-150.0,-156.0,-154.0,-157.0,-157.0,-156.0,-156.5,-155.0,-155.0,-157.0,-157.0,-152.5,-157.0,-157.0,-157.0,-157.0,-154.5,-157.0,-156.5,-157.0,-149.5,-151.5,-157.0,-157.0,-157.0,-157.0,-157.0,-154.5,-157.0,-157.0,-157.0,-157.0,-157.0,-154.0,-157.0,-157.0,-155.0,-157.0,-154.5,-155.5,-153.0,-150.5,-153.0,-157.0,-156.0,-154.0,-152.5,-156.5,-157.0,-157.0,-157.0,-156.0,-157.0,-157.0,-157.0,-157.0,-156.0,-156.0,-150.5,-157.0,-156.5,-154.5,-154.0,-146.5,-151.5,-157.0,-157.0,-157.0,-157.0,-157.0,-154.5,-155.5,-152.0,-157.0,-153.5,-157.0,-157.0,-155.0,-156.0,-152.0,-151.0,-156.5,-157.0,-157.0,-154.5,-157.0,-153.5,-157.0,-156.5,-157.0,-156.5,-157.0,-157.0,-157.0,-157.0,-156.5,-155.5,-157.0,-157.0,-154.5,-157.0,-156.0,-157.0,-157.0,-157.0,-157.0,-157.0,-157.0,-154.5,-157.0,-157.0,-157.0,-155.0,-157.0,-157.0,-157.0,-157.0,-157.0,-155.5,-153.0,-155.5,-157.0,-157.0,-157.0,-157.0,-156.0,-157.0,-157.0,-155.5,-157.0,-157.0,-157.0,-153.0,-155.0,-157.0,-157.0,-157.0,-157.0,-157.0,-157.0,-157.0,-154.5,-157.0,-157.0,-153.5,-155.5,-156.5,-154.5,-155.0,-157.0,-156.5,-157.0,-149.5,-151.5,-157.0,-156.0,-157.0,-156.5,-157.0,-151.0,-154.0,-150.5,-157.0,-155.0,-157.0,-156.5,-154.0,-157.0,-157.0,-157.0,-157.0,-151.5,-153.0,-156.0,-157.0,-153.5,-153.0,-153.0,-153.0,-157.0,-156.0,-156.0,-157.0
2026-01-17 14:13:45.899,143.049967,5,-77,-157.0,-157.0,-154.5,-153.5,-154.5,-157.0,-154.0,-151.5,-154.0,-157.0,-154.0,-150.5,-151.0,-150.5,-156.5,-157.0,-156.0,-153.5,-150.0,-157.0,-157.0,-157.0,-152.5,-151.5,-157.0,-157.0,-154.5,-154.0,-155.0,-154.5,-154.5,-155.0,-156.0,-157.0,-157.0,-157.0,-157.0,-155.0,-157.0,-156.0,-157.0,-157.0,-157.0,-153.0,-157.0,-155.0,-152.5,-152.5,-157.0,-157.0,-157.0,-157.0,-157.0,-157.0,-157.0,-153.5,-153.5,-157.0,-155.5,-157.0,-157.0,-157.0,-157.0,-156.5,-156.5,-153.5,-152.0,-153.0,-153.0,-154.5,-155.0,-155.5,-153.5,-157.0,-155.5,-153.5,-156.0,-157.0,-157.0,-152.5,-154.5,-157.0,-157.0,-157.0,-152.5,-151.0,-151.5,-151.0,-157.0,-157.0,-157.0,-153.5,-157.0,-157.0,-157.0,-157.0,-157.0,-157.0,-157.0,-154.5,-157.0,-155.0,-153.0,-157.0,-157.0,-157.0,-157.0,-155.0,-157.0,-157.0,-156.0,-153.5,-148.5,-151.0,-157.0,-157.0,-157.0,-155.5,-152.5,-154.5,-154.0,-154.0,-157.0,-155.5,-154.5,-157.0,-152.0,-153.0,-157.0,-157.0,-157.0,-157.0,-155.0,-154.5,-154.5,-154.5,-157.0,-157.0,-157.0,-153.5,-153.5,-155.5,-152.5,-157.0,-151.0,-151.5,-153.5,-156.0,-152.5,-152.5,-157.0,-157.0,-157.0,-156.5,-157.0,-156.5,-157.0,-150.0,-149.5,-154.0,-156.0,-157.0,-154.0,-156.0,-157.0,-151.0,-152.5,-152.0,-154.0,-157.0,-156.0,-156.0,-157.0,-157.0,-157.0,-157.0,-157.0,-157.0,-157.0,-157.0,-157.0,-157.0,-157.0,-157.0,-157.0,-154.5,-155.5,-156.0,-157.0,-154.5,-157.0,-157.0,-153.0,-155.5,-153.0,-154.0,-155.0,-151.0,-154.0,-155.5,-156.5,-155.5,-153.5,-154.5,-151.0,-151.5,-155.5,-155.0,-157.0,-157.0,-157.0,-157.0,-157.0,-156.0,-157.0,-154.5,-152.5,-157.0,-156.5,-157.0,-157.0,-152.5,-153.5,-156.5,-157.0,-153.5,-154.0,-150.0,-152.0,-153.0,-155.5,-157.0,-153.0,-157.0,-151.5,-153.0,-157.0,-150.5,-153.0,-157.0,-157.0,-157.0,-150.5,-150.5,-155.5,-156.0,-157.0,-157.0,-157.0,-154.0,-151.0,-150.5,-154.5,-157.0,-157.0,-153.5,-154.0,-151.5,-157.0,-156.0,-153.0,-154.5,-157.0,-155.5,-157.0,-157.0,-156.5,-157.0,-157.0,-157.0,-156.5,-157.0,-155.0,-154.5,-156.5,-157.0,-153.0,-154.0,-152.0,-157.0,-157.0,-154.0,-157.0,-154.0,-153.5,-157.0,-157.0,-155.5,-157.0,-152.0,-154.0,-155.0,-152.5,-154.5,-154.5,-157.0,-157.0,-156.0,-155.0,-151.0,-153.0,-157.0,-156.5,-152.0,-157.0,-157.0,-157.0,-157.0,-157.0,-152.5,-152.0,-153.5,-149.0,-152.0,-157.0,-157.0,-157.0,-157.0,-157.0,-156.0,-156.5,-157.0,-157.0,-157.0,-157.0,-155.5,-157.0,-157.0,-150.5,-155.0,-154.0,-154.5,-153.5,-152.0,-154.5,-157.0,-151.5,-151.5,-152.5,-153.5,-157.0,-157.0,-157.0,-154.5,-157.0,-154.0,-154.5,-153.0,-153.5,-157.0,-152.0,-151.5,-157.0,-157.0,-157.0,-147.0,-149.0,-157.0,-157.0,-157.0,-157.0,-154.0,-153.0,-157.0,-151.0,-152.0,-151.0,-155.0,-157.0,-154.0,-156.5,-155.5,-151.0,-152.5,-156.5,-157.0,-156.0,-157.0,-154.5,-157.0,-156.0,-157.0,-157.0,-157.0,-157.0,-157.0,-157.0,-157.0,-157.0,-157.0,-157.0,-157.0,-157.0,-157.0,-157.0,-157.0,-157.0,-157.0,-157.0,-157.0,-154.0,-157.0,-157.0,-157.0,-154.5,-157.0,-157.0,-155.5,-157.0,-157.0,-154.0,-151.5,-153.5,-157.0,-157.0,-157.0,-157.0,-157.0,-157.0,-157.0,-157.0,-157.0,-157.0,-157.0,-157.0,-157.0,-157.0,-157.0,-157.0,-157.0,-157.0,-157.0,-157.0,-156.0,-157.0,-153.0,-153.0,-157.0,-153.5,-157.0,-153.5,-154.0,-157.0,-156.5,-152.5,-154.5,-157.0,-157.0,-157.0,-157.0,-157.0,-154.5,-153.5,-153.0,-157.0,-157.0,-157.0,-153.0,-154.5,-157.0,-157.0,-157.0,-157.0,-156.0,-156.5,-155.5,-155.5,-150.5,-154.5,-157.0,-154.5,-157.0,-157.0,-155.0,-154.0
2026-01-17 14:13:45.931,143.049967,5,-77,-157.0,-157.0,-157.0,-154.5,-154.5,-157.0,-157.0,-152.0,-155.0,-157.0,-156.5,-154.5,-153.5,-149.5,-157.0,-156.0,-154.0,-155.0,-152.0,-157.0,-157.0,-157.0,-154.5,-152.5,-156.0,-157.0,-154.0,-154.5,-157.0,-152.5,-152.0,-154.0,-151.0,-157.0,-157.0,-157.0,-155.0,-155.0,-155.5,-155.5,-155.5,-156.0,-152.0,-150.5,-156.0,-156.0,-154.0,-154.5,-155.0,-157.0,-157.0,-157.0,-157.0,-157.0,-157.0,-154.5,-156.5,-156.0,-156.0,-157.0,-157.0,-157.0,-151.0,-152.5,-157.0,-151.5,-149.5,-150.0,-157.0,-153.0,-150.5,-154.5,-154.0,-155.5,-156.0,-154.5,-157.0,-157.0,-152.5,-152.0,-154.5,-156.5,-157.0,-157.0,-153.0,-150.0,-157.0,-154.5,-157.0,-157.0,-157.0,-152.0,-155.5,-157.0,-157.0,-154.0,-156.5,-157.0,-156.0,-154.0,-153.0,-156.5,-157.0,-156.5,-156.0,-157.0,-157.0,-156.0,-157.0,-153.5,-153.5,-154.5,-152.0,-155.0,-157.0,-154.0,-154.5,-157.0,-153.0,-154.0,-156.5,-157.0,-157.0,-157.0,-157.0,-157.0,-151.5,-153.0,-157.0,-157.0,-154.5,-157.0,-157.0,-156.5,-151.5,-152.0,-157.0,-157.0,-153.5,-150.0,-150.5,-151.0,-154.0,-157.0,-151.0,-153.0,-152.5,-154.5,-156.5,-153.0,-157.0,-157.0,-157.0,-157.0,-157.0,-157.0,-157.0,-152.5,-155.5,-157.0,-157.0,-157.0,-157.0,-155.0,-154.0,-149.0,-153.5,-151.5,-157.0,-157.0,-156.0,-157.0,-157.0,-155.5,-157.0,-157.0,-157.0,-157.0,-157.0,-157.0,-157.0,-153.5,-156.0,-157.0,-157.0,-156.0,-157.0,-157.0,-157.0,-154.0,-156.0,-155.0,-153.5,-152.0,-152.0,-157.0,-150.5,-149.0,-157.0,-154.5,-155.5,-153.5,-157.0,-157.0,-155.0,-157.0,-157.0,-157.0,-155.5,-157.0,-157.0,-157.0,-157.0,-157.0,-157.0,-157.0,-157.0,-156.5,-154.5,-157.0,-154.0,-154.0,-157.0,-157.0,-157.0,-152.5,-153.5,-149.5,-150.0,-151.5,-153.5,-157.0,-152.0,-154.5,-152.0,-151.0,-152.5,-153.5,-152.5,-157.0,-154.5,-154.5,-150.0,-148.0,-152.0,-157.0,-157.0,-157.0,-157.0,-153.0,-154.5,-153.0,-155.0,-154.5,-155.0,-154.0,-154.5,-157.0,-157.0,-157.0,-149.5,-150.5,-157.0,-152.5,-157.0,-157.0,-157.0,-157.0,-157.0,-155.5,-157.0,-155.5,-153.0,-152.0,-156.0,-156.0,-154.5,-155.0,-151.0,-152.0,-152.5,-153.5,-157.0,-153.5,-156.5,-156.0,-157.0,-153.5,-154.0,-153.0,-157.0,-157.0,-157.0,-153.0,-156.5,-157.0,-153.5,-153.5,-155.5,-150.0,-154.0,-157.0,-156.0,-153.5,-157.0,-157.0,-157.0,-157.0,-157.0,-151.0,-151.0,-152.0,-150.5,-157.0,-157.0,-157.0,-157.0,-157.0,-157.0,-157.0,-153.5,-153.5,-155.5,-157.0,-157.0,-155.0,-157.0,-156.5,-151.5,-153.0,-157.0,-157.0,-157.0,-157.0,-157.0,-157.0,-151.0,-152.5,-152.5,-152.0,-157.0,-157.0,-157.0,-157.0,-154.0,-156.0,-157.0,-152.5,-152.0,-157.0,-156.0,-153.5,-152.0,-155.5,-153.5,-149.5,-151.0,-155.5,-157.0,-157.0,-157.0,-155.5,-156.0,-156.0,-152.0,-151.5,-154.5,-155.0,-153.5,-156.0,-154.0,-157.0,-157.0,-156.5,-156.0,-153.0,-156.5,-156.0,-157.0,-157.0,-156.0,-157.0,-155.5,-157.0,-157.0,-154.5,-157.0,-154.5,-155.0,-157.0,-157.0,-157.0,-157.0,-155.5,-157.0,-157.0,-156.5,-156.5,-157.0,-156.5,-154.0,-157.0,-157.0,-157.0,-156.0,-157.0,-157.0,-152.0,-153.5,-157.0,-156.0,-152.5,-157.0,-153.5,-154.5,-157.0,-157.0,-156.0,-157.0,-157.0,-157.0,-157.0,-152.5,-151.0,-155.5,-157.0,-156.0,-157.0,-157.0,-157.0,-157.0,-157.0,-157.0,-154.0,-153.0,-152.5,-157.0,-156.0,-154.0,-157.0,-154.5,-157.0,-157.0,-157.0,-157.0,-157.0,-154.5,-156.5,-157.0,-157.0,-157.0,-157.0,-155.5,-154.5,-157.0,-157.0,-157.0,-154.5,-157.0,-157.0,-157.0,-157.0,-155.5,-155.0,-156.5,-157.0,-157.0,-150.5,-155.0,-153.0,-152.5,-157.0,-157.0,-157.0,-152.0
2026-01-17 14:13:45.966,143.049967,5,-77,-157.0,-157.0,-155.5,-157.0,-156.5,-157.0,-157.0,-156.5,-154.0,-157.0,-157.0,-157.0,-157.0,-149.0,-153.0,-153.5,-152.5,-157.0,-157.0,-157.0,-157.0,-157.0,-157.0,-157.0,-157.0,-157.0,-153.5,-156.0,-157.0,-155.0,-155.0,-157.0,-153.5,-157.0,-157.0,-157.0,-157.0,-155.0,-157.0,-156.0,-156.0,-156.0,-153.0,-151.5,-154.5,-152.5,-156.5,-157.0,-155.5,-156.5,-157.0,-152.0,-155.0,-155.5,-154.5,-156.0,-157.0,-155.5,-153.5,-155.5,-157.0,-157.0,-151.0,-155.5,-157.0,-155.0,-152.5,-152.0,-154.0,-150.5,-149.5,-153.0,-155.0,-153.0,-153.5,-157.0,-157.0,-157.0,-155.0,-153.5,-153.0,-157.0,-157.0,-157.0,-157.0,-152.5,-157.0,-157.0,-157.0,-155.5,-154.5,-152.0,-153.5,-154.0,-156.0,-154.5,-157.0,-153.0,-153.0,-157.0,-154.0,-155.5,-157.0,-157.0,-157.0,-157.0,-155.5,-155.0,-157.0,-154.5,-152.0,-155.0,-154.0,-157.0,-157.0,-151.0,-150.5,-153.5,-157.0,-155.5,-157.0,-157.0,-157.0,-157.0,-157.0,-157.0,-153.0,-151.0,-154.0,-157.0,-154.5,-157.0,-157.0,-153.5,-151.0,-154.5,-157.0,-156.5,-152.0,-151.0,-155.5,-152.5,-157.0,-157.0,-154.5,-157.0,-156.5,-157.0,-157.0,-154.5,-157.0,-157.0,-156.0,-154.0,-156.0,-154.0,-157.0,-155.0,-157.0,-157.0,-153.0,-154.5,-157.0,-154.0,-151.5,-150.0,-152.5,-151.5,-153.0,-157.0,-156.5,-157.0,-156.0,-152.5,-156.0,-156.5,-157.0,-157.0,-157.0,-157.0,-157.0,-152.0,-156.0,-155.5,-157.0,-156.0,-157.0,-157.0,-156.0,-153.0,-155.5,-154.5,-155.0,-150.5,-151.0,-151.5,-149.5,-154.0,-157.0,-156.5,-157.0,-152.5,-157.0,-156.0,-157.0,-157.0,-157.0,-157.0,-155.5,-157.0,-156.0,-156.5,-157.0,-157.0,-157.0,-157.0,-157.0,-156.0,-157.0,-153.0,-155.0,-156.5,-157.0,-157.0,-155.0,-152.0,-152.0,-152.5,-155.0,-154.5,-154.5,-157.0,-155.0,-154.5,-156.5,-154.5,-152.0,-155.5,-151.5,-157.0,-152.5,-156.5,-151.5,-147.5,-154.5,-157.0,-154.0,-156.5,-157.0,-152.5,-154.0,-157.0,-157.0,-152.0,-154.0,-156.0,-155.0,-157.0,-153.0,-155.5,-150.5,-153.5,-156.5,-152.0,-151.5,-157.0,-157.0,-157.0,-157.0,-154.0,-157.0,-156.0,-153.5,-153.5,-157.0,-155.5,-157.0,-157.0,-156.5,-156.5,-153.0,-157.0,-157.0,-152.5,-157.0,-155.5,-157.0,-156.5,-153.5,-150.5,-157.0,-157.0,-157.0,-157.0,-157.0,-153.5,-153.0,-155.5,-157.0,-151.0,-157.0,-157.0,-157.0,-156.0,-157.0,-157.0,-157.0,-157.0,-157.0,-154.5,-155.5,-157.0,-155.5,-155.5,-157.0,-157.0,-157.0,-157.0,-157.0,-157.0,-152.0,-151.0,-157.0,-157.0,-157.0,-153.5,-157.0,-154.0,-156.5,-157.0,-157.0,-157.0,-157.0,-157.0,-157.0,-157.0,-155.0,-157.0,-152.0,-151.0,-157.0,-157.0,-157.0,-156.5,-154.0,-157.0,-157.0,-154.5,-153.5,-156.0,-157.0,-157.0,-150.0,-153.0,-151.5,-148.5,-151.5,-155.5,-157.0,-153.5,-156.0,-155.5,-157.0,-154.5,-156.5,-157.0,-157.0,-156.0,-152.0,-157.0,-153.5,-155.5,-157.0,-157.0,-152.5,-150.5,-157.0,-157.0,-157.0,-157.0,-156.0,-155.0,-155.5,-157.0,-155.0,-152.5,-155.5,-153.0,-154.0,-157.0,-157.0,-157.0,-157.0,-153.5,-152.0,-157.0,-155.5,-157.0,-157.0,-155.0,-157.0,-157.0,-157.0,-157.0,-157.0,-157.0,-157.0,-152.5,-153.0,-157.0,-151.5,-149.5,-156.0,-151.0,-152.0,-157.0,-154.5,-154.0,-155.0,-157.0,-157.0,-156.0,-150.0,-149.5,-153.0,-152.5,-151.0,-149.5,-152.5,-157.0,-157.0,-157.0,-155.5,-153.5,-151.5,-153.5,-157.0,-157.0,-156.0,-157.0,-156.5,-157.0,-153.5,-154.5,-157.0,-157.0,-156.0,-157.0,-157.0,-157.0,-157.0,-157.0,-157.0,-153.5,-155.0,-156.5,-156.0,-154.0,-157.0,-157.0,-157.0,-157.0,-157.0,-152.5,-152.0,-157.0,-155.5,-151.0,-150.0,-154.0,-154.0,-157.0,-156.0,-157.0,-154.5
2026-01-17 14:13:45.999,143.049967,5,-77,-157.0,-157.0,-153.5,-150.5,-152.0,-157.0,-157.0,-157.0,-154.5,-157.0,-157.0,-157.0,-157.0,-150.0,-156.5,-157.0,-151.5,-157.0,-157.0,-157.0,-157.0,-157.0,-157.0,-157.0,-155.5,-157.0,-155.0,-154.5,-157.0,-157.0,-157.0,-156.5,-157.0,-154.0,-152.5,-156.0,-157.0,-157.0,-157.0,-157.0,-157.0,-156.0,-157.0,-155.5,-152.0,-153.0,-155.5,-153.5,-157.0,-154.5,-154.5,-150.0,-152.0,-156.5,-153.5,-157.0,-152.5,-153.5,-154.0,-154.0,-153.5,-155.5,-152.5,-157.0,-154.0,-157.0,-157.0,-156.5,-152.5,-150.5,-152.5,-156.0,-154.5,-154.0,-151.5,-157.0,-153.0,-154.5,-157.0,-155.5,-154.5,-157.0,-157.0,-157.0,-157.0,-156.5,-157.0,-156.0,-157.0,-154.5,-156.5,-155.5,-156.5,-152.5,-153.0,-154.0,-154.5,-153.5,-156.5,-157.0,-157.0,-157.0,-157.0,-157.0,-157.0,-157.0,-157.0,-157.0,-157.0,-157.0,-157.0,-157.0,-153.0,-154.5,-154.5,-154.5,-152.0,-151.5,-154.0,-155.5,-157.0,-157.0,-157.0,-157.0,-157.0,-157.0,-153.0,-149.5,-150.5,-157.0,-157.0,-157.0,-157.0,-155.0,-154.0,-156.0,-157.0,-157.0,-157.0,-156.0,-157.0,-153.0,-154.0,-155.5,-157.0,-157.0,-157.0,-157.0,-156.0,-157.0,-157.0,-156.0,-157.0,-156.0,-157.0,-153.5,-157.0,-157.0,-153.0,-151.5,-149.0,-149.5,-157.0,-157.0,-157.0,-156.0,-154.5,-154.0,-156.5,-157.0,-157.0,-157.0,-157.0,-153.5,-157.0,-156.5,-157.0,-157.0,-156.0,-157.0,-157.0,-152.0,-152.0,-157.0,-151.0,-154.5,-157.0,-157.0,-157.0,-157.0,-157.0,-155.5,-151.0,-151.0,-152.5,-152.0,-152.0,-154.5,-153.0,-157.0,-157.0,-150.0,-154.5,-154.5,-157.0,-157.0,-157.0,-157.0,-155.5,-157.0,-157.0,-155.0,-156.0,-157.0,-156.0,-157.0,-157.0,-157.0,-157.0,-151.5,-152.5,-157.0,-157.0,-157.0,-156.5,-156.5,-157.0,-156.0,-157.0,-157.0,-157.0,-156.5,-157.0,-153.5,-156.5,-157.0,-154.5,-156.5,-150.5,-157.0,-151.5,-155.5,-149.0,-148.0,-157.0,-157.0,-154.5,-157.0,-157.0,-155.5,-157.0,-157.0,-157.0,-154.0,-157.0,-157.0,-155.5,-154.0,-150.5,-157.0,-153.5,-157.0,-155.5,-153.0,-152.5,-157.0,-157.0,-157.0,-157.0,-156.5,-157.0,-157.0,-157.0,-157.0,-157.0,-157.0,-155.5,-154.0,-157.0,-157.0,-154.5,-157.0,-157.0,-156.5,-157.0,-157.0,-157.0,-157.0,-157.0,-153.0,-154.0,-157.0,-157.0,-157.0,-152.0,-150.5,-154.0,-157.0,-157.0,-150.5,-151.5,-157.0,-157.0,-157.0,-154.0,-156.0,-157.0,-153.0,-153.0,-157.0,-157.0,-157.0,-157.0,-155.0,-154.0,-153.5,-157.0,-157.0,-157.0,-157.0,-152.5,-155.0,-157.0,-157.0,-156.0,-152.5,-156.5,-156.0,-157.0,-157.0,-156.5,-155.5,-155.0,-156.5,-157.0,-157.0,-157.0,-156.5,-156.5,-154.0,-154.0,-157.0,-156.5,-152.0,-152.5,-157.0,-157.0,-157.0,-155.0,-155.0,-157.0,-157.0,-153.0,-153.5,-148.0,-147.0,-153.0,-157.0,-156.0,-154.0,-153.0,-153.0,-157.0,-154.5,-157.0,-157.0,-153.5,-155.5,-155.0,-157.0,-157.0,-154.5,-157.0,-157.0,-155.0,-152.5,-154.5,-157.0,-157.0,-157.0,-157.0,-154.5,-157.0,-154.5,-154.5,-154.5,-157.0,-157.0,-157.0,-157.0,-157.0,-157.0,-157.0,-153.0,-150.5,-157.0,-154.5,-157.0,-157.0,-157.0,-157.0,-157.0,-157.0,-157.0,-157.0,-155.0,-155.5,-152.5,-152.5,-154.5,-153.5,-149.5,-155.0,-155.0,-154.0,-157.0,-156.0,-157.0,-153.0,-154.0,-157.0,-154.0,-153.0,-153.5,-153.5,-153.5,-151.5,-150.5,-150.0,-157.0,-157.0,-157.0,-157.0,-157.0,-156.5,-157.0,-157.0,-157.0,-157.0,-157.0,-157.0,-155.0,-151.0,-151.0,-157.0,-155.5,-157.0,-157.0,-157.0,-157.0,-154.5,-157.0,-157.0,-154.0,-153.5,-157.0,-155.0,-152.5,-157.0,-157.0,-157.0,-156.5,-157.0,-154.0,-154.0,-154.0,-153.0,-152.0,-149.0,-156.5,-157.0,-157.0,-157.0,-153.5,-156.5
2026-01-17 14:13:46.033,143.049967,5,-77,-157.0,-157.0,-156.0,-149.0,-151.0,-157.0,-157.0,-157.0,-156.5,-156.5,-157.0,-154.0,-154.0,-151.5,-151.5,-152.5,-150.5,-154.5,-157.0,-157.0,-157.0,-154.0,-152.0,-152.5,-152.5,-154.5,-157.0,-154.5,-154.0,-157.0,-157.0,-157.0,-156.5,-156.5,-152.0,-157.0,-157.0,-157.0,-157.0,-157.0,-157.0,-157.0,-157.0,-155.5,-153.0,-157.0,-157.0,-152.5,-157.0,-157.0,-157.0,-153.5,-151.0,-153.0,-156.0,-157.0,-153.5,-151.5,-155.5,-154.0,-153.0,-157.0,-156.5,-157.0,-150.5,-153.0,-157.0,-157.0,-157.0,-157.0,-157.0,-157.0,-157.0,-157.0,-152.0,-155.5,-153.5,-155.5,-157.0,-155.0,-157.0,-157.0,-157.0,-157.0,-156.5,-157.0,-157.0,-157.0,-157.0,-153.5,-157.0,-157.0,-154.0,-153.5,-153.5,-151.5,-151.5,-154.0,-157.0,-157.0,-154.5,-154.0,-157.0,-157.0,-157.0,-157.0,-157.0,-157.0,-157.0,-157.0,-157.0,-156.0,-153.5,-151.0,-150.5,-156.5,-157.0,-153.5,-151.5,-151.0,-154.0,-155.0,-157.0,-157.0,-157.0,-156.5,-157.0,-156.0,-152.5,-156.5,-157.0,-155.0,-155.5,-156.5,-157.0,-155.0,-156.0,-157.0,-157.0,-157.0,-157.0,-155.5,-156.0,-153.5,-155.5,-156.0,-157.0,-157.0,-154.5,-156.5,-157.0,-156.0,-157.0,-157.0,-157.0,-153.0,-157.0,-157.0,-155.0,-153.5,-150.5,-149.5,-153.5,-153.5,-157.0,-157.0,-157.0,-154.5,-154.5,-157.0,-157.0,-157.0,-157.0,-156.0,-154.0,-154.5,-157.0,-156.5,-155.5,-155.0,-154.0,-157.0,-151.5,-150.0,-148.5,-153.0,-155.5,-156.5,-157.0,-157.0,-157.0,-157.0,-153.0,-157.0,-155.0,-157.0,-157.0,-150.5,-150.0,-157.0,-154.0,-149.0,-150.5,-152.0,-156.5,-154.5,-154.0,-155.5,-155.5,-156.5,-157.0,-156.5,-154.5,-157.0,-154.0,-157.0,-157.0,-157.0,-157.0,-153.5,-153.5,-157.0,-157.0,-157.0,-155.5,-156.5,-157.0,-155.5,-157.0,-157.0,-157.0,-157.0,-157.0,-152.5,-151.5,-152.5,-154.5,-157.0,-153.0,-157.0,-151.5,-155.0,-145.5,-147.0,-157.0,-157.0,-157.0,-157.0,-157.0,-157.0,-157.0,-157.0,-157.0,-157.0,-157.0,-157.0,-157.0,-154.0,-152.0,-157.0,-155.5,-154.0,-157.0,-155.0,-157.0,-157.0,-157.0,-157.0,-157.0,-157.0,-157.0,-153.5,-154.0,-157.0,-157.0,-157.0,-155.0,-155.0,-157.0,-157.0,-151.5,-152.0,-157.0,-157.0,-157.0,-157.0,-155.0,-156.0,-157.0,-156.5,-157.0,-152.5,-154.5,-157.0,-154.5,-153.5,-152.5,-153.0,-157.0,-152.5,-151.5,-157.0,-157.0,-154.5,-152.0,-157.0,-157.0,-155.0,-153.5,-155.0,-157.0,-157.0,-156.5,-157.0,-151.5,-149.0,-152.0,-152.5,-157.0,-156.5,-154.5,-157.0,-154.0,-154.5,-153.5,-153.0,-157.0,-157.0,-156.5,-153.0,-151.5,-157.0,-150.0,-150.5,-154.5,-157.0,-157.0,-154.5,-157.0,-157.0,-157.0,-157.0,-157.0,-155.0,-155.5,-157.0,-157.0,-157.0,-155.5,-157.0,-157.0,-157.0,-157.0,-152.0,-146.0,-148.0,-153.0,-157.0,-157.0,-157.0,-157.0,-155.5,-152.5,-152.0,-155.0,-153.0,-152.5,-157.0,-157.0,-157.0,-157.0,-155.5,-155.5,-157.0,-156.0,-156.0,-156.5,-157.0,-157.0,-157.0,-157.0,-153.0,-154.5,-156.5,-157.0,-157.0,-157.0,-157.0,-157.0,-157.0,-157.0,-157.0,-157.0,-155.0,-152.5,-157.0,-153.0,-153.5,-155.5,-157.0,-157.0,-157.0,-153.0,-150.0,-152.0,-157.0,-152.0,-150.5,-151.5,-154.5,-157.0,-151.0,-156.5,-157.0,-157.0,-157.0,-157.0,-157.0,-153.5,-153.5,-157.0,-157.0,-157.0,-156.0,-155.0,-157.0,-155.0,-157.0,-151.5,-157.0,-157.0,-157.0,-157.0,-157.0,-157.0,-157.0,-157.0,-156.0,-157.0,-157.0,-157.0,-154.5,-157.0,-153.0,-157.0,-154.5,-157.0,-157.0,-157.0,-157.0,-155.5,-157.0,-157.0,-157.0,-153.5,-156.5,-153.0,-152.0,-157.0,-157.0,-156.5,-153.0,-157.0,-155.5,-157.0,-156.5,-156.0,-150.5,-149.0,-155.5,-157.0,-156.5,-155.5,-153.5,-156.0
2026-01-17 14:13:46.067,143.049967,5,-77,-157.0,-157.0,-157.0,-153.0,-154.5,-157.0,-157.0,-157.0,-157.0,-155.5,-155.5,-154.0,-152.5,-156.0,-154.0,-157.0,-154.5,-157.0,-157.0,-154.0,-154.5,-157.0,-153.5,-155.0,-152.5,-152.0,-157.0,-157.0,-157.0,-155.0,-157.0,-157.0,-157.0,-157.0,-154.0,-155.5,-157.0,-154.5,-157.0,-157.0,-157.0,-157.0,-155.5,-152.0,-153.5,-157.0,-157.0,-152.5,-157.0,-157.0,-157.0,-154.0,-151.0,-155.0,-157.0,-154.5,-157.0,-152.5,-157.0,-157.0,-157.0,-157.0,-157.0,-157.0,-150.5,-154.0,-157.0,-157.0,-157.0,-157.0,-157.0,-157.0,-157.0,-157.0,-153.5,-153.0,-157.0,-157.0,-157.0,-154.5,-157.0,-157.0,-156.0,-157.0,-157.0,-157.0,-157.0,-157.0,-157.0,-155.5,-157.0,-157.0,-153.0,-157.0,-156.5,-153.0,-157.0,-155.5,-157.0,-156.0,-152.5,-152.5,-157.0,-157.0,-155.0,-151.0,-154.0,-157.0,-157.0,-156.5,-157.0,-156.5,-154.0,-150.5,-152.5,-157.0,-157.0,-151.5,-151.0,-151.0,-149.5,-154.5,-157.0,-157.0,-157.0,-157.0,-157.0,-157.0,-154.5,-157.0,-157.0,-153.5,-155.5,-154.5,-154.5,-157.0,-157.0,-157.0,-156.5,-157.0,-156.0,-157.0,-157.0,-156.0,-157.0,-156.0,-157.0,-155.5,-157.0,-156.5,-157.0,-157.0,-157.0,-155.0,-156.5,-153.0,-157.0,-157.0,-157.0,-157.0,-153.0,-152.5,-152.5,-151.5,-157.0,-157.0,-157.0,-155.0,-150.5,-155.5,-155.5,-154.0,-156.0,-157.0,-152.0,-152.5,-154.5,-157.0,-156.5,-156.0,-151.5,-153.5,-157.0,-151.5,-152.0,-157.0,-155.0,-157.0,-157.0,-155.5,-153.5,-154.5,-155.5,-155.5,-157.0,-157.0,-157.0,-154.0,-149.5,-152.0,-153.5,-153.5,-151.5,-151.0,-157.0,-155.0,-153.0,-152.5,-155.5,-154.5,-154.0,-157.0,-155.5,-155.0,-153.0,-157.0,-157.0,-157.0,-157.0,-157.0,-157.0,-157.0,-157.0,-157.0,-154.5,-157.0,-156.0,-153.0,-157.0,-157.0,-157.0,-154.0,-156.0,-149.5,-148.5,-152.0,-155.0,-157.0,-157.0,-157.0,-153.0,-157.0,-144.0,-144.5,-157.0,-157.0,-157.0,-157.0,-154.5,-155.5,-157.0,-157.0,-157.0,-157.0,-156.5,-157.0,-157.0,-157.0,-157.0,-157.0,-157.0,-153.5,-157.0,-157.0,-157.0,-157.0,-157.0,-157.0,-157.0,-157.0,-157.0,-154.0,-154.0,-157.0,-155.0,-154.5,-157.0,-157.0,-157.0,-154.5,-155.0,-154.0,-157.0,-157.0,-157.0,-154.5,-155.0,-154.5,-157.0,-157.0,-155.5,-151.5,-154.0,-155.5,-156.5,-155.0,-154.0,-153.0,-157.0,-157.0,-155.5,-157.0,-157.0,-154.5,-155.0,-157.0,-156.0,-157.0,-156.5,-155.0,-157.0,-157.0,-157.0,-157.0,-157.0,-150.0,-153.5,-151.0,-157.0,-157.0,-156.5,-157.0,-156.0,-157.0,-157.0,-155.0,-156.0,-155.5,-154.5,-157.0,-152.5,-154.5,-153.0,-153.5,-154.5,-157.0,-154.5,-152.5,-157.0,-157.0,-156.0,-157.0,-157.0,-157.0,-157.0,-157.0,-157.0,-157.0,-157.0,-157.0,-157.0,-157.0,-157.0,-152.5,-149.0,-155.0,-151.0,-151.5,-156.5,-157.0,-157.0,-155.0,-152.0,-156.0,-154.0,-155.5,-155.5,-157.0,-157.0,-154.0,-152.0,-157.0,-153.5,-156.5,-155.0,-157.0,-154.0,-154.0,-157.0,-157.0,-157.0,-156.0,-157.0,-156.5,-156.5,-156.5,-153.5,-157.0,-157.0,-156.0,-157.0,-157.0,-157.0,-157.0,-156.0,-157.0,-157.0,-156.5,-157.0,-157.0,-156.0,-151.5,-147.5,-147.5,-155.0,-157.0,-154.5,-154.0,-157.0,-157.0,-157.0,-150.5,-150.5,-157.0,-157.0,-153.0,-156.0,-157.0,-156.5,-157.0,-157.0,-157.0,-156.0,-157.0,-157.0,-157.0,-157.0,-155.0,-155.5,-157.0,-157.0,-157.0,-157.0,-157.0,-157.0,-157.0,-157.0,-155.0,-155.5,-156.0,-152.0,-151.5,-157.0,-153.5,-157.0,-155.5,-156.5,-157.0,-157.0,-157.0,-157.0,-155.5,-152.0,-153.5,-151.5,-153.5,-151.0,-154.5,-157.0,-157.0,-153.0,-151.0,-157.0,-154.5,-154.5,-157.0,-156.5,-153.5,-152.5,-157.0,-157.0,-157.0,-154.5,-157.0,-157.0
2026-01-17 14:13:46.104,143.049967,5,-77,-157.0,-157.0,-157.0,-157.0,-154.0,-156.0,-157.0,-157.0,-157.0,-156.0,-156.0,-157.0,-155.5,-157.0,-157.0,-157.0,-157.0,-157.0,-157.0,-154.5,-157.0,-157.0,-157.0,-156.0,-154.0,-155.0,-155.5,-157.0,-157.0,-157.0,-157.0,-157.0,-157.0,-157.0,-156.0,-157.0,-156.0,-153.5,-157.0,-157.0,-157.0,-157.0,-157.0,-155.0,-153.5,-154.0,-157.0,-152.5,-156.0,-157.0,-157.0,-150.5,-151.5,-157.0,-157.0,-155.5,-152.0,-154.5,-157.0,-157.0,-157.0,-157.0,-157.0,-157.0,-153.5,-157.0,-157.0,-157.0,-155.5,-153.5,-152.0,-154.0,-157.0,-154.5,-157.0,-155.5,-154.0,-156.5,-157.0,-154.5,-156.0,-156.0,-153.0,-157.0,-157.0,-157.0,-157.0,-157.0,-157.0,-157.0,-157.0,-157.0,-153.0,-153.5,-154.5,-156.0,-157.0,-156.5,-157.0,-156.0,-154.5,-155.0,-157.0,-157.0,-156.0,-148.0,-149.0,-157.0,-157.0,-155.5,-154.5,-157.0,-157.0,-152.5,-157.0,-157.0,-154.0,-154.0,-155.5,-157.0,-151.0,-156.0,-156.5,-157.0,-157.0,-157.0,-157.0,-152.0,-152.5,-157.0,-156.0,-154.5,-157.0,-156.0,-157.0,-157.0,-157.0,-157.0,-157.0,-157.0,-155.5,-157.0,-157.0,-157.0,-157.0,-157.0,-157.0,-157.0,-157.0,-157.0,-157.0,-157.0,-157.0,-156.5,-156.5,-155.0,-157.0,-156.5,-155.0,-157.0,-157.0,-155.0,-152.0,-154.5,-157.0,-157.0,-157.0,-155.5,-152.5,-154.0,-153.5,-151.5,-157.0,-157.0,-153.5,-157.0,-156.5,-157.0,-157.0,-157.0,-151.0,-156.0,-157.0,-157.0,-157.0,-157.0,-156.0,-156.0,-157.0,-150.5,-150.0,-154.0,-157.0,-157.0,-157.0,-157.0,-157.0,-157.0,-149.0,-151.0,-157.0,-157.0,-157.0,-155.5,-157.0,-157.0,-155.0,-157.0,-157.0,-157.0,-152.5,-153.5,-157.0,-157.0,-157.0,-157.0,-157.0,-157.0,-157.0,-156.5,-157.0,-155.5,-154.5,-155.0,-155.0,-154.5,-152.0,-154.0,-157.0,-155.5,-157.0,-154.5,-153.0,-151.5,-149.0,-156.0,-152.5,-157.0,-157.0,-157.0,-154.0,-157.0,-144.0,-143.5,-156.0,-157.0,-157.0,-157.0,-153.5,-157.0,-157.0,-157.0,-157.0,-157.0,-157.0,-157.0,-157.0,-157.0,-157.0,-157.0,-157.0,-153.0,-155.0,-156.0,-157.0,-157.0,-157.0,-157.0,-157.0,-157.0,-156.5,-157.0,-157.0,-157.0,-156.5,-157.0,-156.0,-157.0,-155.5,-152.0,-155.5,-157.0,-157.0,-157.0,-157.0,-155.0,-157.0,-157.0,-157.0,-157.0,-155.0,-156.0,-156.5,-157.0,-157.0,-157.0,-150.5,-151.5,-157.0,-157.0,-157.0,-157.0,-157.0,-154.0,-157.0,-157.0,-155.0,-155.5,-157.0,-154.0,-157.0,-157.0,-157.0,-157.0,-156.0,-153.0,-155.0,-151.0,-152.0,-151.5,-154.0,-153.5,-154.0,-157.0,-157.0,-154.0,-157.0,-155.0,-157.0,-157.0,-155.5,-155.0,-157.0,-157.0,-155.5,-157.0,-157.0,-151.0,-153.5,-152.0,-150.5,-155.0,-157.0,-157.0,-157.0,-157.0,-157.0,-157.0,-157.0,-157.0,-154.0,-152.5,-153.0,-152.0,-150.0,-157.0,-153.5,-149.5,-153.0,-157.0,-157.0,-155.5,-155.0,-157.0,-157.0,-157.0,-157.0,-157.0,-157.0,-157.0,-152.5,-155.0,-155.0,-157.0,-155.0,-157.0,-155.0,-154.5,-157.0,-157.0,-157.0,-157.0,-154.5,-156.0,-153.5,-154.0,-153.5,-153.5,-155.5,-153.0,-157.0,-157.0,-157.0,-157.0,-157.0,-157.0,-157.0,-157.0,-157.0,-154.5,-156.0,-152.5,-153.0,-151.0,-157.0,-157.0,-157.0,-157.0,-157.0,-157.0,-157.0,-154.5,-151.5,-157.0,-156.0,-155.5,-155.5,-157.0,-157.0,-156.0,-157.0,-154.0,-152.0,-156.0,-156.5,-155.5,-157.0,-157.0,-157.0,-155.0,-157.0,-157.0,-157.0,-157.0,-157.0,-156.0,-157.0,-153.0,-152.0,-152.0,-151.0,-149.5,-155.0,-152.0,-156.5,-154.5,-157.0,-157.0,-157.0,-157.0,-155.5,-154.0,-149.5,-147.5,-150.0,-155.5,-155.0,-157.0,-155.0,-157.0,-155.0,-153.0,-156.5,-157.0,-155.0,-152.5,-152.5,-156.5,-156.0,-155.5,-156.0,-156.5,-156.5,-157.0,-156.0
2026-01-17 14:13:46.132,143.049967,5,-77,-157.0,-157.0,-157.0,-154.5,-153.5,-157.0,-157.0,-157.0,-157.0,-157.0,-157.0,-157.0,-156.0,-157.0,-157.0,-156.5,-157.0,-157.0,-156.0,-155.0,-157.0,-155.5,-156.5,-157.0,-155.0,-154.5,-153.5,-157.0,-157.0,-157.0,-154.5,-153.0,-157.0,-157.0,-156.0,-157.0,-153.5,-155.5,-157.0,-157.0,-157.0,-157.0,-157.0,-157.0,-157.0,-153.0,-152.0,-152.0,-157.0,-157.0,-157.0,-150.5,-155.5,-157.0,-157.0,-157.0,-153.0,-155.5,-157.0,-157.0,-157.0,-157.0,-157.0,-157.0,-157.0,-157.0,-156.5,-157.0,-153.5,-154.5,-151.0,-155.0,-156.0,-151.0,-156.5,-156.0,-153.5,-154.5,-156.0,-157.0,-157.0,-154.5,-152.5,-157.0,-157.0,-157.0,-157.0,-157.0,-157.0,-157.0,-157.0,-157.0,-157.0,-156.0,-156.0,-157.0,-157.0,-155.5,-157.0,-157.0,-157.0,-157.0,-156.5,-157.0,-157.0,-149.5,-148.5,-157.0,-156.0,-157.0,-153.5,-157.0,-157.0,-156.0,-157.0,-155.5,-151.0,-153.0,-155.5,-157.0,-153.5,-157.0,-157.0,-157.0,-157.0,-157.0,-157.0,-151.0,-151.0,-155.5,-157.0,-157.0,-157.0,-157.0,-157.0,-157.0,-157.0,-157.0,-157.0,-156.5,-154.5,-157.0,-157.0,-157.0,-157.0,-157.0,-157.0,-157.0,-157.0,-157.0,-157.0,-154.5,-153.0,-157.0,-156.0,-157.0,-156.5,-155.5,-153.0,-157.0,-157.0,-157.0,-152.0,-155.0,-157.0,-157.0,-157.0,-157.0,-157.0,-157.0,-153.5,-152.0,-157.0,-153.5,-151.0,-157.0,-156.5,-152.5,-157.0,-153.5,-151.0,-156.0,-157.0,-157.0,-157.0,-157.0,-157.0,-156.5,-152.0,-148.5,-153.0,-157.0,-157.0,-157.0,-157.0,-155.5,-151.0,-152.0,-151.5,-157.0,-157.0,-154.5,-155.0,-157.0,-157.0,-157.0,-157.0,-157.0,-157.0,-157.0,-150.5,-153.0,-157.0,-157.0,-157.0,-157.0,-155.0,-154.0,-155.0,-155.0,-157.0,-155.0,-151.5,-153.5,-157.0,-152.0,-150.0,-157.0,-157.0,-153.0,-157.0,-157.0,-154.5,-154.5,-152.0,-152.0,-152.0,-157.0,-157.0,-157.0,-153.5,-153.0,-145.5,-146.0,-155.5,-157.0,-157.0,-157.0,-155.0,-157.0,-157.0,-157.0,-157.0,-156.5,-157.0,-157.0,-157.0,-154.5,-157.0,-157.0,-157.0,-154.0,-151.0,-156.5,-157.0,-157.0,-154.5,-156.0,-157.0,-157.0,-154.5,-157.0,-157.0,-155.0,-153.0,-153.0,-151.5,-155.5,-157.0,-153.0,-153.5,-157.0,-157.0,-156.0,-157.0,-156.5,-157.0,-157.0,-157.0,-155.0,-152.0,-157.0,-157.0,-157.0,-157.0,-157.0,-146.5,-147.0,-150.0,-153.0,-154.5,-157.0,-157.0,-154.0,-157.0,-157.0,-156.5,-154.0,-153.0,-152.5,-152.5,-155.0,-156.0,-157.0,-153.0,-153.5,-157.0,-152.5,-150.0,-148.0,-156.0,-153.0,-152.5,-157.0,-157.0,-152.0,-154.5,-157.0,-157.0,-157.0,-154.5,-154.5,-155.0,-154.5,-156.0,-157.0,-157.0,-150.0,-151.0,-149.0,-150.0,-156.5,-157.0,-153.5,-150.5,-151.5,-157.0,-156.0,-154.5,-153.0,-155.0,-153.0,-151.5,-155.0,-149.0,-157.0,-157.0,-150.5,-150.5,-157.0,-157.0,-157.0,-157.0,-157.0,-153.5,-154.5,-157.0,-157.0,-154.5,-153.5,-154.0,-157.0,-157.0,-155.5,-154.0,-157.0,-157.0,-157.0,-157.0,-154.5,-155.0,-154.5,-152.5,-155.0,-157.0,-157.0,-155.0,-151.5,-153.5,-153.5,-157.0,-153.0,-154.0,-157.0,-157.0,-157.0,-155.5,-154.0,-157.0,-153.0,-157.0,-157.0,-157.0,-154.0,-157.0,-157.0,-157.0,-157.0,-157.0,-157.0,-157.0,-157.0,-152.5,-157.0,-157.0,-157.0,-156.0,-157.0,-157.0,-154.5,-156.0,-157.0,-152.5,-155.5,-157.0,-152.5,-153.5,-154.5,-154.5,-154.0,-157.0,-157.0,-157.0,-157.0,-157.0,-157.0,-157.0,-152.0,-152.0,-154.5,-156.0,-150.0,-156.5,-153.5,-152.0,-154.0,-156.5,-151.5,-150.5,-156.5,-153.5,-154.0,-154.0,-149.5,-151.0,-157.0,-157.0,-157.0,-154.5,-157.0,-155.5,-154.0,-157.0,-157.0,-157.0,-151.0,-151.5,-157.0,-156.0,-154.5,-153.0,-157.0,-155.0,-156.0,-150.5
2026-01-17 14:13:46.166,143.049967,5,-77,-157.0,-157.0,-157.0,-157.0,-156.0,-157.0,-155.0,-155.0,-157.0,-157.0,-155.0,-154.5,-153.5,-157.0,-157.0,-157.0,-157.0,-157.0,-157.0,-157.0,-155.0,-153.5,-157.0,-157.0,-155.5,-152.0,-153.0,-156.5,-157.0,-157.0,-154.0,-153.0,-157.0,-157.0,-155.0,-155.5,-154.0,-157.0,-157.0,-157.0,-157.0,-157.0,-157.0,-157.0,-157.0,-155.5,-151.0,-154.5,-157.0,-157.0,-154.0,-151.0,-152.0,-157.0,-157.0,-157.0,-157.0,-157.0,-155.0,-157.0,-157.0,-157.0,-157.0,-157.0,-157.0,-152.5,-150.5,-156.0,-153.0,-154.0,-154.5,-157.0,-156.0,-148.5,-153.5,-157.0,-157.0,-157.0,-157.0,-157.0,-157.0,-157.0,-154.0,-157.0,-157.0,-157.0,-157.0,-157.0,-157.0,-157.0,-157.0,-157.0,-157.0,-157.0,-157.0,-157.0,-157.0,-154.5,-156.0,-157.0,-157.0,-157.0,-154.0,-153.5,-157.0,-152.0,-152.5,-157.0,-156.5,-157.0,-155.0,-157.0,-157.0,-157.0,-157.0,-153.0,-151.5,-152.0,-151.0,-154.5,-157.0,-154.5,-156.5,-157.0,-156.5,-157.0,-157.0,-152.5,-153.0,-153.5,-157.0,-157.0,-157.0,-157.0,-157.0,-157.0,-156.0,-156.5,-157.0,-157.0,-156.0,-157.0,-157.0,-157.0,-157.0,-157.0,-157.0,-157.0,-157.0,-156.0,-157.0,-152.5,-152.0,-153.0,-157.0,-157.0,-154.5,-157.0,-153.0,-154.5,-157.0,-157.0,-154.0,-157.0,-157.0,-154.0,-156.0,-157.0,-156.0,-157.0,-154.0,-157.0,-157.0,-154.5,-152.0,-154.0,-156.5,-151.0,-155.5,-152.0,-155.5,-150.5,-157.0,-157.0,-156.5,-157.0,-157.0,-156.0,-150.0,-148.5,-156.0,-157.0,-157.0,-152.5,-151.5,-157.0,-150.5,-153.0,-154.0,-157.0,-157.0,-157.0,-154.0,-157.0,-156.5,-157.0,-157.0,-157.0,-157.0,-151.5,-148.0,-149.0,-155.0,-157.0,-155.5,-157.0,-157.0,-152.5,-151.5,-155.5,-157.0,-155.5,-153.0,-157.0,-157.0,-156.0,-152.0,-157.0,-157.0,-153.0,-152.5,-157.0,-157.0,-152.0,-153.0,-153.0,-153.0,-157.0,-155.5,-157.0,-152.5,-154.0,-145.5,-147.0,-155.5,-155.5,-155.0,-157.0,-156.5,-157.0,-157.0,-157.0,-155.0,-152.0,-155.0,-157.0,-157.0,-156.0,-157.0,-157.0,-155.5,-157.0,-151.5,-157.0,-157.0,-157.0,-154.5,-152.5,-152.5,-154.0,-155.5,-157.0,-157.0,-151.5,-152.5,-154.0,-154.0,-156.5,-156.5,-153.5,-153.5,-157.0,-157.0,-156.5,-156.0,-154.0,-157.0,-157.0,-157.0,-151.0,-150.0,-157.0,-156.0,-157.0,-157.0,-157.0,-149.5,-150.0,-153.0,-157.0,-152.5,-155.5,-157.0,-157.0,-157.0,-157.0,-156.0,-155.5,-154.5,-157.0,-153.5,-157.0,-157.0,-156.0,-157.0,-154.0,-157.0,-157.0,-153.0,-149.0,-157.0,-157.0,-153.0,-157.0,-155.5,-153.5,-153.5,-157.0,-157.0,-155.5,-154.0,-155.0,-157.0,-153.0,-155.0,-154.0,-157.0,-151.5,-151.5,-150.0,-152.0,-155.5,-157.0,-154.0,-148.5,-149.5,-157.0,-157.0,-154.0,-151.5,-157.0,-155.5,-152.0,-150.0,-150.5,-156.5,-157.0,-155.5,-152.5,-155.5,-157.0,-155.5,-157.0,-154.5,-153.5,-152.0,-156.0,-154.0,-152.5,-150.0,-153.0,-157.0,-157.0,-157.0,-157.0,-157.0,-157.0,-157.0,-152.0,-152.0,-150.0,-152.0,-152.5,-153.0,-157.0,-157.0,-150.5,-150.0,-153.0,-157.0,-155.0,-152.0,-155.0,-157.0,-157.0,-157.0,-155.0,-156.0,-155.5,-154.0,-157.0,-157.0,-157.0,-154.5,-157.0,-157.0,-157.0,-157.0,-155.5,-157.0,-157.0,-154.5,-150.5,-155.0,-155.5,-157.0,-156.5,-157.0,-157.0,-155.5,-157.0,-157.0,-152.5,-151.5,-151.0,-153.0,-150.5,-152.0,-151.5,-153.0,-157.0,-157.0,-154.5,-157.0,-157.0,-157.0,-157.0,-155.0,-157.0,-157.0,-157.0,-150.5,-152.5,-157.0,-153.5,-157.0,-157.0,-151.5,-150.5,-156.5,-155.0,-156.5,-156.0,-157.0,-157.0,-157.0,-157.0,-157.0,-152.5,-151.5,-156.0,-152.0,-153.5,-157.0,-157.0,-154.0,-154.5,-157.0,-156.0,-154.0,-154.0,-156.0,-152.5,-151.5,-151.0
2026-01-17 14:13:46.211,143.049967,5,-77,-157.0,-157.0,-157.0,-156.5,-157.0,-155.0,-157.0,-156.5,-157.0,-154.5,-152.5,-157.0,-152.5,-155.0,-157.0,-157.0,-156.5,-157.0,-157.0,-155.5,-155.0,-155.0,-157.0,-155.5,-155.0,-151.0,-152.0,-154.5,-157.0,-156.5,-156.0,-157.0,-157.0,-157.0,-153.5,-156.5,-157.0,-157.0,-157.0,-157.0,-157.0,-157.0,-155.0,-155.0,-157.0,-157.0,-153.0,-155.5,-154.0,-154.0,-155.0,-157.0,-154.0,-157.0,-157.0,-157.0,-157.0,-156.0,-153.5,-154.5,-157.0,-154.5,-155.5,-157.0,-157.0,-154.5,-149.5,-152.5,-154.5,-152.5,-157.0,-157.0,-156.5,-149.0,-152.0,-157.0,-157.0,-157.0,-157.0,-153.0,-153.0,-157.0,-154.0,-154.5,-157.0,-157.0,-157.0,-157.0,-157.0,-157.0,-156.5,-155.0,-157.0,-157.0,-157.0,-157.0,-157.0,-157.0,-157.0,-155.0,-157.0,-157.0,-154.5,-153.5,-156.0,-155.0,-155.0,-155.0,-157.0,-155.5,-157.0,-157.0,-157.0,-156.0,-157.0,-157.0,-156.0,-156.5,-151.0,-149.5,-151.5,-154.5,-157.0,-157.0,-154.0,-155.0,-157.0,-156.5,-156.5,-155.5,-154.5,-154.5,-156.0,-157.0,-157.0,-157.0,-155.5,-157.0,-155.0,-156.0,-156.5,-157.0,-157.0,-157.0,-157.0,-157.0,-157.0,-157.0,-155.0,-153.5,-156.5,-153.0,-156.0,-156.0,-157.0,-157.0,-151.5,-154.5,-157.0,-157.0,-153.0,-153.0,-157.0,-155.0,-157.0,-153.0,-151.5,-157.0,-153.5,-151.5,-153.5,-157.0,-157.0,-157.0,-157.0,-151.5,-154.5,-152.5,-152.5,-156.5,-153.5,-149.5,-157.0,-157.0,-157.0,-155.0,-157.0,-153.0,-150.5,-150.5,-157.0,-157.0,-157.0,-156.5,-151.5,-155.5,-154.5,-153.5,-154.5,-157.0,-157.0,-156.5,-153.0,-157.0,-156.5,-157.0,-157.0,-157.0,-154.0,-157.0,-151.0,-150.5,-156.0,-155.0,-155.5,-155.0,-156.5,-157.0,-153.0,-157.0,-157.0,-157.0,-156.0,-155.0,-156.0,-157.0,-156.5,-157.0,-157.0,-157.0,-154.5,-156.5,-157.0,-154.5,-157.0,-157.0,-155.5,-157.0,-153.5,-155.0,-152.5,-157.0,-146.0,-146.0,-154.0,-157.0,-157.0,-157.0,-157.0,-157.0,-152.5,-157.0,-157.0,-151.0,-150.5,-157.0,-157.0,-157.0,-157.0,-157.0,-152.5,-154.0,-150.0,-153.5,-156.5,-156.5,-156.0,-156.5,-152.0,-152.5,-157.0,-157.0,-156.0,-153.0,-157.0,-157.0,-157.0,-157.0,-154.5,-154.5,-156.0,-157.0,-156.0,-153.0,-154.5,-153.5,-156.5,-155.5,-157.0,-153.0,-153.5,-153.5,-154.0,-157.0,-157.0,-157.0,-157.0,-157.0,-157.0,-157.0,-154.5,-153.5,-157.0,-157.0,-157.0,-157.0,-157.0,-154.0,-156.0,-155.0,-155.0,-155.0,-157.0,-154.0,-153.5,-155.5,-157.0,-157.0,-152.0,-152.0,-157.0,-157.0,-151.5,-157.0,-153.0,-154.0,-157.0,-156.5,-154.0,-152.5,-156.5,-157.0,-156.5,-151.0,-152.0,-154.0,-155.5,-154.5,-157.0,-154.0,-155.5,-156.5,-157.0,-154.5,-153.0,-152.0,-152.5,-157.0,-154.5,-155.5,-157.0,-157.0,-157.0,-148.0,-151.0,-157.0,-156.0,-157.0,-157.0,-157.0,-153.0,-151.0,-157.0,-155.0,-155.0,-150.5,-151.5,-154.0,-157.0,-153.0,-156.0,-157.0,-157.0,-157.0,-157.0,-157.0,-157.0,-157.0,-153.5,-154.5,-152.0,-154.5,-157.0,-155.0,-157.0,-157.0,-153.0,-152.5,-155.0,-156.0,-151.0,-152.0,-157.0,-157.0,-157.0,-157.0,-156.5,-157.0,-155.0,-155.5,-157.0,-157.0,-157.0,-157.0,-155.5,-155.0,-155.5,-157.0,-153.5,-155.5,-157.0,-153.0,-152.0,-155.0,-157.0,-157.0,-157.0,-157.0,-153.0,-151.5,-157.0,-155.5,-152.5,-151.0,-152.5,-151.5,-149.0,-156.5,-154.0,-157.0,-157.0,-157.0,-156.0,-157.0,-155.5,-157.0,-157.0,-157.0,-157.0,-157.0,-157.0,-155.0,-155.0,-157.0,-154.0,-155.0,-157.0,-153.0,-153.5,-157.0,-152.0,-149.0,-149.5,-156.0,-157.0,-157.0,-157.0,-157.0,-153.5,-152.5,-156.0,-153.0,-155.0,-157.0,-156.0,-157.0,-155.5,-157.0,-157.0,-153.5,-156.5,-157.0,-154.5,-154.0,-152.5
2026-01-17 14:13:46.234,143.049967,5,-77,-157.0,-157.0,-156.5,-156.0,-157.0,-151.0,-153.5,-155.5,-157.0,-157.0,-153.5,-156.0,-156.5,-156.0,-157.0,-157.0,-154.5,-157.0,-157.0,-154.5,-153.5,-152.5,-157.0,-157.0,-157.0,-157.0,-152.0,-156.0,-157.0,-157.0,-157.0,-157.0,-157.0,-157.0,-154.0,-154.0,-157.0,-157.0,-157.0,-157.0,-157.0,-157.0,-156.5,-154.0,-157.0,-157.0,-153.0,-153.0,-152.0,-151.5,-157.0,-153.5,-155.0,-157.0,-157.0,-155.5,-155.5,-155.0,-150.0,-149.0,-157.0,-157.0,-157.0,-157.0,-157.0,-157.0,-153.0,-154.5,-157.0,-157.0,-157.0,-157.0,-154.5,-154.5,-153.5,-157.0,-157.0,-157.0,-157.0,-151.5,-152.0,-157.0,-157.0,-157.0,-156.0,-157.0,-157.0,-157.0,-157.0,-156.0,-155.5,-157.0,-152.5,-154.0,-157.0,-157.0,-157.0,-157.0,-157.0,-155.5,-157.0,-157.0,-157.0,-157.0,-156.0,-154.5,-152.5,-157.0,-156.0,-153.0,-157.0,-156.5,-157.0,-156.5,-157.0,-157.0,-157.0,-157.0,-157.0,-151.5,-152.5,-154.0,-155.0,-152.0,-151.0,-155.5,-157.0,-157.0,-157.0,-156.0,-154.0,-157.0,-153.5,-157.0,-157.0,-157.0,-157.0,-154.0,-155.5,-150.5,-155.0,-157.0,-157.0,-157.0,-157.0,-157.0,-154.5,-153.5,-154.5,-156.5,-156.5,-152.0,-155.0,-157.0,-157.0,-157.0,-151.5,-153.5,-157.0,-157.0,-150.0,-153.5,-157.0,-152.5,-156.5,-156.5,-153.0,-154.5,-154.0,-152.5,-154.0,-152.0,-152.0,-157.0,-157.0,-148.5,-149.0,-157.0,-155.0,-157.0,-154.0,-151.0,-157.0,-157.0,-157.0,-157.0,-155.0,-152.5,-156.0,-153.5,-157.0,-157.0,-157.0,-157.0,-157.0,-157.0,-156.0,-153.5,-155.5,-155.5,-153.0,-155.5,-154.0,-157.0,-156.0,-157.0,-157.0,-151.5,-150.0,-157.0,-156.0,-155.0,-157.0,-152.5,-151.5,-150.5,-153.5,-157.0,-153.0,-155.5,-157.0,-157.0,-157.0,-154.0,-153.0,-157.0,-157.0,-157.0,-157.0,-157.0,-157.0,-154.5,-155.5,-157.0,-157.0,-157.0,-155.0,-157.0,-152.5,-154.0,-156.5,-157.0,-149.0,-147.0,-156.0,-157.0,-157.0,-157.0,-156.5,-156.0,-152.5,-157.0,-157.0,-153.0,-152.5,-157.0,-154.5,-157.0,-157.0,-157.0,-152.5,-155.0,-151.0,-155.0,-157.0,-157.0,-157.0,-157.0,-157.0,-156.5,-155.5,-154.5,-157.0,-155.0,-153.5,-157.0,-157.0,-157.0,-152.5,-153.5,-157.0,-157.0,-154.5,-152.5,-154.5,-155.0,-157.0,-154.5,-154.0,-154.0,-157.0,-155.5,-157.0,-157.0,-157.0,-153.0,-153.0,-156.5,-154.0,-155.0,-157.0,-154.0,-155.0,-157.0,-154.0,-153.5,-157.0,-152.5,-157.0,-155.5,-157.0,-157.0,-157.0,-152.0,-152.0,-157.0,-157.0,-157.0,-155.5,-153.5,-157.0,-157.0,-151.0,-154.0,-151.5,-151.5,-154.5,-157.0,-151.5,-150.0,-154.5,-157.0,-157.0,-155.0,-156.0,-155.0,-156.5,-155.0,-157.0,-153.0,-153.0,-157.0,-157.0,-156.0,-157.0,-156.0,-152.0,-156.0,-155.0,-157.0,-157.0,-157.0,-157.0,-148.0,-151.0,-156.0,-156.0,-157.0,-157.0,-157.0,-153.0,-151.5,-157.0,-155.0,-156.0,-151.5,-151.0,-151.5,-157.0,-154.5,-157.0,-157.0,-157.0,-157.0,-157.0,-155.5,-157.0,-157.0,-156.0,-157.0,-157.0,-157.0,-157.0,-154.5,-157.0,-157.0,-157.0,-156.0,-152.5,-153.0,-152.0,-151.5,-157.0,-157.0,-157.0,-156.0,-155.5,-157.0,-155.0,-154.0,-157.0,-157.0,-157.0,-157.0,-157.0,-157.0,-157.0,-157.0,-154.0,-154.0,-157.0,-157.0,-155.0,-157.0,-157.0,-157.0,-157.0,-157.0,-152.5,-150.5,-155.5,-154.5,-153.0,-154.0,-157.0,-149.5,-150.0,-154.5,-154.0,-157.0,-157.0,-156.5,-157.0,-157.0,-156.0,-155.5,-157.0,-157.0,-157.0,-157.0,-157.0,-157.0,-157.0,-157.0,-157.0,-157.0,-155.0,-155.5,-157.0,-155.5,-149.0,-147.5,-150.5,-157.0,-157.0,-157.0,-157.0,-156.0,-154.0,-154.5,-154.5,-156.0,-157.0,-157.0,-155.0,-157.0,-156.0,-157.0,-156.5,-154.5,-157.0,-157.0,-157.0,-154.5,-155.5
2026-01-17 14:13:46.266,143.049967,5,-77,-157.0,-157.0,-154.5,-157.0,-154.5,-149.5,-152.0,-151.5,-155.0,-157.0,-157.0,-157.0,-157.0,-157.0,-157.0,-157.0,-154.5,-157.0,-157.0,-157.0,-150.5,-149.5,-152.5,-157.0,-157.0,-157.0,-152.0,-157.0,-157.0,-156.5,-157.0,-157.0,-157.0,-157.0,-157.0,-153.5,-153.5,-157.0,-157.0,-157.0,-156.5,-153.5,-153.5,-157.0,-157.0,-157.0,-154.5,-157.0,-154.5,-154.5,-154.5,-150.0,-156.5,-157.0,-154.0,-154.5,-156.0,-155.5,-151.0,-150.0,-155.5,-157.0,-157.0,-157.0,-157.0,-157.0,-157.0,-157.0,-157.0,-157.0,-152.5,-154.5,-154.5,-157.0,-157.0,-157.0,-154.5,-154.0,-155.5,-152.0,-157.0,-156.5,-155.0,-155.5,-152.5,-153.0,-156.0,-157.0,-156.5,-156.0,-157.0,-156.5,-149.0,-151.5,-157.0,-157.0,-157.0,-155.0,-157.0,-157.0,-157.0,-157.0,-157.0,-154.5,-155.0,-155.5,-152.5,-157.0,-157.0,-152.0,-156.0,-154.0,-156.0,-157.0,-157.0,-156.0,-157.0,-157.0,-157.0,-157.0,-157.0,-155.5,-153.5,-150.0,-149.0,-155.0,-157.0,-154.0,-157.0,-156.5,-156.5,-152.5,-152.5,-157.0,-154.5,-152.5,-154.0,-152.0,-152.5,-149.0,-156.0,-157.0,-157.0,-157.0,-157.0,-157.0,-156.0,-154.0,-153.0,-157.0,-157.0,-150.5,-151.0,-157.0,-157.0,-155.0,-157.0,-157.0,-157.0,-153.5,-151.5,-154.0,-156.0,-153.5,-155.5,-157.0,-157.0,-154.0,-153.0,-157.0,-155.0,-151.0,-150.5,-153.0,-152.5,-150.0,-150.0,-157.0,-157.0,-157.0,-157.0,-152.5,-156.0,-155.0,-153.0,-156.0,-157.0,-154.5,-157.0,-154.0,-157.0,-156.5,-154.5,-157.0,-157.0,-157.0,-152.5,-153.0,-151.0,-151.0,-153.5,-157.0,-157.0,-157.0,-154.0,-153.5,-153.0,-152.5,-149.5,-156.0,-155.0,-155.5,-157.0,-155.5,-151.0,-152.0,-153.5,-157.0,-152.0,-155.5,-156.5,-157.0,-155.0,-153.0,-156.0,-157.0,-157.0,-157.0,-156.0,-157.0,-157.0,-155.0,-157.0,-156.5,-157.0,-157.0,-157.0,-157.0,-152.5,-151.5,-157.0,-157.0,-149.5,-149.0,-157.0,-157.0,-157.0,-155.0,-156.5,-157.0,-156.0,-157.0,-157.0,-155.0,-157.0,-155.5,-155.0,-155.5,-157.0,-157.0,-154.0,-156.0,-156.5,-157.0,-157.0,-157.0,-157.0,-157.0,-157.0,-157.0,-157.0,-154.0,-156.5,-156.0,-149.0,-150.0,-152.5,-153.0,-151.0,-153.5,-157.0,-155.5,-153.0,-155.5,-154.0,-157.0,-157.0,-153.5,-151.0,-153.5,-156.0,-157.0,-157.0,-157.0,-157.0,-151.5,-150.0,-157.0,-154.0,-157.0,-156.5,-156.0,-157.0,-157.0,-153.0,-152.5,-157.0,-151.5,-154.0,-157.0,-157.0,-157.0,-156.5,-152.0,-157.0,-157.0,-157.0,-157.0,-157.0,-153.5,-154.0,-155.0,-153.0,-150.5,-153.0,-155.0,-154.0,-155.5,-152.5,-151.5,-157.0,-157.0,-157.0,-157.0,-154.5,-151.5,-157.0,-157.0,-157.0,-152.0,-152.0,-156.5,-157.0,-156.5,-156.0,-157.0,-152.0,-153.0,-157.0,-157.0,-157.0,-157.0,-157.0,-147.0,-150.0,-153.5,-156.0,-157.0,-157.0,-156.0,-157.0,-156.5,-157.0,-157.0,-155.5,-153.0,-151.0,-149.5,-154.0,-154.0,-153.5,-157.0,-157.0,-157.0,-157.0,-152.0,-155.0,-157.0,-155.5,-157.0,-156.5,-156.0,-157.0,-154.0,-157.0,-156.5,-156.5,-156.5,-151.0,-152.0,-154.5,-154.5,-157.0,-155.0,-155.0,-157.0,-157.0,-157.0,-157.0,-154.5,-154.5,-157.0,-157.0,-155.5,-156.0,-157.0,-157.0,-157.0,-157.0,-157.0,-157.0,-156.0,-153.0,-155.5,-157.0,-155.5,-154.5,-155.0,-153.5,-152.5,-157.0,-157.0,-151.0,-151.5,-154.5,-149.5,-150.0,-155.0,-155.0,-157.0,-157.0,-157.0,-157.0,-157.0,-157.0,-155.0,-154.5,-153.0,-153.5,-157.0,-157.0,-154.0,-156.0,-157.0,-157.0,-157.0,-156.5,-157.0,-157.0,-157.0,-153.0,-150.5,-154.0,-157.0,-157.0,-155.5,-154.5,-154.5,-153.0,-154.0,-156.5,-157.0,-157.0,-157.0,-154.0,-155.0,-154.0,-154.0,-155.0,-154.5,-157.0,-157.0,-157.0,-156.0,-156.5
2026-01-17 14:13:46.297,143.049967,5,-77,-157.0,-157.0,-155.5,-157.0,-155.5,-150.0,-153.0,-150.0,-157.0,-157.0,-157.0,-157.0,-157.0,-157.0,-157.0,-156.0,-156.5,-157.0,-155.0,-154.0,-154.5,-152.0,-152.0,-152.0,-157.0,-157.0,-155.0,-156.5,-152.5,-152.0,-155.5,-157.0,-157.0,-153.5,-153.0,-155.5,-155.5,-155.5,-157.0,-157.0,-151.0,-155.0,-153.5,-157.0,-157.0,-155.0,-155.0,-157.0,-156.0,-156.0,-149.5,-149.0,-156.5,-152.5,-152.0,-157.0,-157.0,-157.0,-157.0,-154.5,-153.5,-155.5,-157.0,-155.0,-152.5,-156.5,-157.0,-157.0,-154.5,-149.5,-149.5,-155.5,-156.5,-157.0,-157.0,-157.0,-157.0,-155.0,-154.5,-152.5,-157.0,-153.0,-156.5,-151.5,-153.0,-155.5,-155.0,-157.0,-156.0,-157.0,-157.0,-157.0,-150.0,-152.5,-157.0,-157.0,-157.0,-155.5,-155.5,-157.0,-157.0,-157.0,-155.0,-154.0,-157.0,-157.0,-154.5,-157.0,-152.5,-150.0,-157.0,-156.0,-157.0,-157.0,-157.0,-153.0,-153.0,-155.0,-157.0,-157.0,-157.0,-157.0,-151.5,-152.5,-154.5,-155.0,-157.0,-154.0,-157.0,-153.5,-156.0,-149.5,-154.5,-157.0,-151.5,-151.0,-153.0,-155.0,-150.5,-151.0,-157.0,-156.0,-154.0,-157.0,-155.5,-155.5,-157.0,-157.0,-156.0,-157.0,-157.0,-153.0,-152.0,-157.0,-157.0,-153.5,-157.0,-157.0,-157.0,-157.0,-157.0,-157.0,-155.0,-154.0,-154.0,-153.5,-156.0,-157.0,-155.5,-154.5,-150.5,-152.5,-154.5,-156.5,-153.0,-152.0,-154.5,-157.0,-157.0,-157.0,-157.0,-153.5,-157.0,-150.5,-148.0,-150.5,-157.0,-156.5,-155.5,-152.0,-157.0,-153.5,-152.5,-156.5,-157.0,-155.0,-155.5,-157.0,-151.5,-150.5,-156.0,-157.0,-157.0,-157.0,-153.5,-156.5,-155.0,-155.5,-153.0,-157.0,-157.0,-156.0,-157.0,-154.0,-150.5,-153.0,-154.0,-156.0,-152.0,-154.5,-157.0,-157.0,-157.0,-152.0,-153.5,-152.5,-157.0,-157.0,-157.0,-157.0,-157.0,-157.0,-157.0,-155.5,-157.0,-157.0,-157.0,-157.0,-155.5,-155.5,-157.0,-157.0,-146.5,-147.0,-155.0,-157.0,-156.0,-154.5,-157.0,-157.0,-157.0,-157.0,-157.0,-156.5,-157.0,-157.0,-157.0,-157.0,-157.0,-157.0,-157.0,-154.0,-157.0,-157.0,-152.5,-154.0,-157.0,-157.0,-157.0,-157.0,-157.0,-157.0,-157.0,-154.5,-152.5,-149.5,-149.5,-153.0,-155.0,-153.0,-154.0,-157.0,-156.5,-154.0,-153.0,-156.5,-157.0,-154.0,-153.0,-153.5,-157.0,-157.0,-157.0,-157.0,-157.0,-153.0,-151.0,-157.0,-155.0,-157.0,-154.0,-155.5,-156.0,-155.0,-157.0,-156.5,-157.0,-155.5,-156.5,-157.0,-153.5,-156.0,-155.5,-151.5,-155.0,-157.0,-157.0,-157.0,-157.0,-157.0,-156.0,-157.0,-154.0,-151.5,-152.5,-154.5,-152.0,-154.0,-157.0,-157.0,-157.0,-157.0,-155.0,-156.0,-152.0,-149.0,-152.5,-155.0,-154.0,-153.5,-153.5,-155.0,-157.0,-155.0,-155.5,-157.0,-155.0,-157.0,-157.0,-157.0,-157.0,-157.0,-150.0,-147.5,-149.5,-153.5,-151.5,-152.5,-157.0,-155.5,-157.0,-157.0,-157.0,-157.0,-152.5,-151.0,-153.5,-154.0,-154.0,-154.0,-152.0,-157.0,-155.5,-157.0,-157.0,-153.0,-153.5,-154.5,-153.5,-157.0,-155.5,-157.0,-156.5,-156.5,-157.0,-157.0,-157.0,-153.5,-153.0,-156.5,-156.5,-155.5,-157.0,-151.0,-150.0,-152.0,-156.5,-157.0,-157.0,-152.5,-152.5,-154.5,-155.0,-153.5,-152.5,-152.5,-157.0,-157.0,-157.0,-157.0,-156.0,-154.0,-155.5,-157.0,-157.0,-157.0,-157.0,-152.5,-155.0,-156.5,-157.0,-157.0,-151.5,-153.5,-155.0,-151.5,-153.0,-157.0,-157.0,-157.0,-157.0,-155.5,-154.5,-157.0,-157.0,-157.0,-154.0,-154.0,-154.5,-157.0,-157.0,-151.5,-153.5,-156.5,-155.5,-153.5,-157.0,-157.0,-157.0,-157.0,-157.0,-155.0,-153.5,-155.0,-157.0,-157.0,-155.0,-157.0,-157.0,-156.0,-157.0,-157.0,-157.0,-157.0,-154.5,-157.0,-151.5,-151.0,-152.0,-152.5,-156.0,-157.0,-157.0,-157.0,-153.0
2026-01-17 14:13:46.331,143.049967,5,-77,-157.0,-157.0,-157.0,-154.5,-153.5,-152.0,-154.0,-153.0,-157.0,-157.0,-156.0,-157.0,-157.0,-155.5,-157.0,-157.0,-157.0,-156.5,-153.0,-150.5,-157.0,-155.0,-154.0,-152.5,-157.0,-157.0,-156.5,-157.0,-152.0,-153.0,-153.0,-155.5,-153.0,-157.0,-152.0,-155.0,-157.0,-157.0,-157.0,-156.0,-150.5,-153.0,-157.0,-157.0,-157.0,-153.5,-157.0,-157.0,-156.0,-152.5,-149.5,-152.0,-157.0,-155.5,-157.0,-157.0,-157.0,-155.0,-155.5,-153.5,-156.0,-156.5,-157.0,-157.0,-149.5,-150.5,-157.0,-157.0,-151.5,-148.5,-151.5,-157.0,-157.0,-157.0,-156.0,-157.0,-157.0,-157.0,-154.0,-156.5,-157.0,-154.5,-157.0,-152.5,-157.0,-156.5,-157.0,-157.0,-154.0,-156.5,-157.0,-157.0,-154.5,-154.0,-157.0,-157.0,-157.0,-157.0,-154.5,-157.0,-157.0,-157.0,-157.0,-156.5,-157.0,-157.0,-157.0,-156.0,-152.5,-149.5,-157.0,-157.0,-157.0,-157.0,-157.0,-152.0,-151.5,-152.5,-154.5,-157.0,-157.0,-157.0,-150.5,-151.5,-157.0,-157.0,-157.0,-156.5,-157.0,-152.5,-151.5,-149.0,-152.0,-153.5,-153.5,-157.0,-155.5,-157.0,-156.0,-157.0,-157.0,-157.0,-155.0,-157.0,-151.5,-150.5,-154.0,-154.5,-157.0,-155.5,-157.0,-157.0,-157.0,-157.0,-157.0,-153.5,-152.0,-153.0,-156.0,-157.0,-156.0,-157.0,-154.5,-153.5,-154.5,-152.0,-151.0,-157.0,-157.0,-157.0,-152.0,-152.5,-157.0,-157.0,-157.0,-154.5,-157.0,-157.0,-157.0,-157.0,-157.0,-157.0,-157.0,-151.0,-147.5,-150.5,-157.0,-155.0,-154.0,-154.5,-157.0,-157.0,-156.5,-157.0,-157.0,-153.5,-154.5,-157.0,-157.0,-153.5,-154.5,-157.0,-154.0,-153.0,-155.5,-157.0,-157.0,-157.0,-157.0,-157.0,-157.0,-157.0,-157.0,-157.0,-150.5,-152.0,-156.5,-155.5,-153.5,-152.5,-157.0,-157.0,-157.0,-153.5,-154.0,-152.0,-152.5,-153.5,-157.0,-153.5,-154.5,-157.0,-154.0,-153.5,-157.0,-157.0,-155.5,-157.0,-155.5,-155.5,-154.5,-157.0,-145.5,-145.0,-153.5,-157.0,-157.0,-155.5,-157.0,-155.0,-154.0,-157.0,-157.0,-157.0,-156.5,-157.0,-157.0,-156.0,-156.5,-157.0,-157.0,-153.5,-153.5,-153.0,-152.0,-157.0,-156.5,-157.0,-157.0,-157.0,-157.0,-157.0,-157.0,-156.5,-157.0,-149.0,-150.5,-152.5,-157.0,-151.5,-151.5,-157.0,-157.0,-152.0,-153.5,-157.0,-157.0,-156.5,-157.0,-157.0,-157.0,-157.0,-157.0,-157.0,-157.0,-157.0,-155.5,-156.0,-153.5,-157.0,-154.0,-155.0,-152.5,-152.5,-157.0,-157.0,-157.0,-157.0,-157.0,-154.5,-154.5,-156.5,-157.0,-153.5,-155.0,-157.0,-156.0,-157.0,-157.0,-157.0,-157.0,-157.0,-155.5,-157.0,-157.0,-157.0,-153.0,-157.0,-157.0,-157.0,-157.0,-157.0,-154.0,-152.0,-153.5,-154.0,-154.0,-151.5,-152.5,-154.0,-152.0,-152.0,-154.0,-155.5,-153.5,-157.0,-157.0,-157.0,-157.0,-153.5,-155.5,-156.0,-147.0,-148.0,-153.0,-152.0,-152.0,-155.0,-155.0,-157.0,-157.0,-151.5,-150.5,-153.0,-152.5,-154.0,-157.0,-156.0,-151.5,-155.0,-154.5,-154.0,-154.5,-157.0,-157.0,-157.0,-157.0,-151.0,-151.5,-157.0,-157.0,-157.0,-156.0,-157.0,-157.0,-157.0,-157.0,-154.5,-155.0,-157.0,-157.0,-152.5,-155.5,-150.5,-150.5,-151.0,-152.5,-157.0,-157.0,-152.0,-157.0,-153.5,-151.0,-154.0,-156.0,-152.0,-153.5,-157.0,-157.0,-157.0,-156.5,-155.0,-157.0,-157.0,-157.0,-157.0,-157.0,-155.0,-157.0,-157.0,-157.0,-157.0,-153.5,-157.0,-157.0,-153.5,-157.0,-157.0,-157.0,-157.0,-157.0,-151.5,-152.0,-156.5,-157.0,-156.0,-157.0,-157.0,-157.0,-156.5,-157.0,-153.0,-157.0,-157.0,-157.0,-153.5,-155.0,-157.0,-157.0,-157.0,-157.0,-157.0,-156.5,-157.0,-157.0,-155.5,-155.5,-157.0,-157.0,-157.0,-157.0,-157.0,-157.0,-157.0,-155.5,-152.0,-152.0,-156.5,-152.5,-153.0,-157.0,-157.0,-157.0,-157.0,-152.5
2026-01-17 14:13:46.366,143.049967,5,-77,-157.0,-157.0,-153.5,-155.5,-157.0,-155.5,-157.0,-157.0,-155.5,-155.0,-155.0,-157.0,-157.0,-155.5,-157.0,-157.0,-157.0,-157.0,-153.0,-152.0,-154.0,-157.0,-157.0,-157.0,-157.0,-157.0,-152.5,-157.0,-153.5,-157.0,-154.5,-154.0,-151.5,-155.0,-154.5,-157.0,-157.0,-157.0,-157.0,-156.0,-155.0,-153.0,-157.0,-157.0,-156.5,-154.0,-157.0,-157.0,-157.0,-155.0,-155.0,-157.0,-157.0,-157.0,-157.0,-157.0,-157.0,-154.5,-153.5,-153.5,-157.0,-157.0,-156.5,-155.0,-153.5,-152.0,-157.0,-157.0,-151.5,-151.0,-155.5,-157.0,-156.5,-157.0,-152.5,-157.0,-157.0,-157.0,-155.5,-157.0,-156.0,-153.0,-156.5,-154.5,-156.0,-157.0,-157.0,-157.0,-153.0,-152.5,-157.0,-157.0,-157.0,-157.0,-157.0,-157.0,-157.0,-152.0,-151.0,-157.0,-157.0,-157.0,-155.5,-154.5,-157.0,-157.0,-157.0,-155.0,-157.0,-151.0,-157.0,-157.0,-157.0,-154.0,-153.5,-156.0,-156.0,-155.0,-155.5,-155.5,-157.0,-154.0,-153.0,-154.0,-157.0,-157.0,-157.0,-155.0,-156.5,-157.0,-153.5,-152.0,-150.5,-155.5,-157.0,-156.0,-155.5,-157.0,-157.0,-157.0,-155.0,-155.5,-157.0,-157.0,-151.5,-151.0,-154.0,-153.5,-157.0,-152.0,-157.0,-157.0,-157.0,-157.0,-157.0,-155.0,-155.0,-154.5,-156.0,-154.0,-152.0,-155.0,-154.5,-157.0,-156.5,-156.5,-150.5,-153.0,-154.5,-155.5,-157.0,-156.0,-157.0,-157.0,-157.0,-155.0,-155.0,-157.0,-157.0,-156.0,-157.0,-157.0,-157.0,-151.5,-151.5,-157.0,-157.0,-155.0,-153.5,-157.0,-157.0,-157.0,-157.0,-157.0,-157.0,-153.0,-153.5,-155.5,-157.0,-155.5,-154.5,-157.0,-154.0,-152.5,-157.0,-157.0,-154.5,-155.5,-157.0,-157.0,-157.0,-157.0,-157.0,-157.0,-155.5,-156.0,-157.0,-157.0,-156.0,-154.0,-155.0,-153.5,-157.0,-157.0,-157.0,-154.5,-156.0,-154.5,-157.0,-155.0,-155.5,-157.0,-151.0,-149.5,-157.0,-157.0,-157.0,-157.0,-153.5,-154.0,-155.5,-157.0,-149.0,-147.0,-157.0,-157.0,-157.0,-152.0,-152.0,-153.0,-154.5,-156.0,-157.0,-157.0,-157.0,-157.0,-155.0,-153.5,-157.0,-157.0,-155.5,-153.0,-155.0,-152.5,-155.5,-157.0,-157.0,-157.0,-157.0,-157.0,-153.5,-154.0,-157.0,-157.0,-157.0,-148.5,-150.5,-154.0,-157.0,-152.0,-153.5,-157.0,-154.5,-152.5,-154.5,-157.0,-157.0,-157.0,-157.0,-157.0,-157.0,-157.0,-157.0,-157.0,-157.0,-157.0,-157.0,-155.0,-151.5,-156.0,-156.0,-152.5,-151.5,-154.0,-157.0,-157.0,-157.0,-157.0,-157.0,-153.5,-157.0,-157.0,-154.5,-155.5,-157.0,-157.0,-153.5,-157.0,-156.5,-157.0,-157.0,-153.5,-155.0,-156.5,-155.5,-157.0,-156.0,-157.0,-153.0,-153.5,-153.0,-157.0,-157.0,-151.0,-151.0,-157.0,-157.0,-152.5,-154.0,-155.0,-154.5,-155.5,-157.0,-155.0,-151.5,-157.0,-157.0,-154.5,-154.0,-151.5,-157.0,-157.0,-147.0,-146.0,-150.0,-153.5,-157.0,-156.0,-155.0,-157.0,-157.0,-151.0,-151.0,-156.5,-153.5,-157.0,-157.0,-151.5,-149.0,-157.0,-157.0,-157.0,-157.0,-157.0,-157.0,-157.0,-157.0,-151.5,-153.0,-157.0,-157.0,-157.0,-157.0,-157.0,-153.0,-153.5,-157.0,-157.0,-157.0,-157.0,-157.0,-152.0,-154.0,-151.5,-157.0,-154.0,-157.0,-155.0,-154.0,-154.5,-157.0,-154.0,-149.0,-151.5,-157.0,-153.5,-154.5,-153.0,-151.0,-152.5,-156.5,-157.0,-157.0,-157.0,-157.0,-157.0,-157.0,-154.5,-157.0,-157.0,-157.0,-157.0,-153.0,-153.5,-156.5,-154.5,-155.5,-156.0,-157.0,-157.0,-155.5,-152.0,-155.0,-154.5,-156.5,-152.5,-156.5,-157.0,-157.0,-155.5,-155.0,-155.0,-157.0,-157.0,-157.0,-157.0,-155.5,-157.0,-157.0,-157.0,-157.0,-154.0,-156.0,-157.0,-157.0,-151.5,-154.0,-157.0,-153.5,-157.0,-157.0,-157.0,-155.5,-157.0,-154.5,-149.5,-152.0,-157.0,-155.0,-155.5,-157.0,-157.0,-157.0,-154.5,-154.5
2026-01-17 14:13:46.398,143.049967,5,-77,-157.0,-157.0,-152.0,-157.0,-157.0,-157.0,-157.0,-157.0,-154.0,-156.5,-155.5,-157.0,-157.0,-153.5,-157.0,-157.0,-157.0,-157.0,-155.5,-153.0,-151.5,-153.5,-157.0,-157.0,-157.0,-154.5,-147.5,-156.5,-156.5,-157.0,-156.5,-156.5,-154.5,-157.0,-156.5,-157.0,-157.0,-156.5,-156.5,-156.0,-157.0,-156.5,-157.0,-157.0,-157.0,-154.5,-157.0,-155.5,-157.0,-157.0,-156.0,-155.5,-157.0,-157.0,-156.0,-157.0,-157.0,-156.0,-156.0,-153.0,-151.5,-157.0,-152.5,-152.0,-157.0,-157.0,-157.0,-157.0,-156.5,-156.5,-155.0,-155.0,-155.0,-157.0,-152.5,-154.5,-157.0,-157.0,-157.0,-157.0,-155.0,-155.0,-154.5,-157.0,-155.5,-157.0,-154.5,-156.0,-155.0,-152.5,-157.0,-157.0,-157.0,-157.0,-157.0,-157.0,-157.0,-150.5,-151.0,-157.0,-157.0,-157.0,-151.5,-153.0,-155.5,-157.0,-157.0,-156.5,-156.0,-152.0,-157.0,-157.0,-157.0,-150.0,-151.5,-157.0,-154.5,-155.0,-157.0,-157.0,-157.0,-157.0,-157.0,-156.0,-157.0,-157.0,-157.0,-155.5,-155.5,-157.0,-156.0,-157.0,-152.0,-155.0,-156.0,-153.5,-155.0,-157.0,-157.0,-157.0,-152.0,-155.0,-157.0,-157.0,-155.0,-157.0,-157.0,-153.0,-152.5,-150.5,-157.0,-157.0,-157.0,-157.0,-156.5,-154.5,-157.0,-157.0,-157.0,-152.5,-155.0,-156.0,-153.0,-155.0,-157.0,-157.0,-153.0,-152.5,-155.0,-155.0,-156.0,-157.0,-155.5,-156.5,-155.5,-155.5,-154.0,-153.5,-149.5,-150.5,-157.0,-157.0,-157.0,-154.5,-154.0,-157.0,-157.0,-157.0,-157.0,-157.0,-157.0,-157.0,-157.0,-157.0,-157.0,-154.5,-157.0,-157.0,-157.0,-156.5,-155.5,-157.0,-157.0,-154.5,-154.5,-157.0,-152.5,-151.5,-157.0,-157.0,-157.0,-157.0,-156.5,-157.0,-157.0,-157.0,-155.0,-154.0,-157.0,-157.0,-155.5,-156.5,-157.0,-157.0,-155.0,-155.0,-157.0,-156.5,-155.5,-157.0,-155.0,-155.5,-151.0,-151.5,-157.0,-157.0,-157.0,-157.0,-154.5,-157.0,-155.0,-153.0,-152.5,-150.0,-157.0,-157.0,-157.0,-153.0,-152.0,-156.0,-152.0,-151.0,-157.0,-157.0,-157.0,-152.5,-151.5,-152.5,-156.0,-157.0,-155.5,-154.0,-157.0,-152.5,-156.5,-154.5,-157.0,-157.0,-157.0,-157.0,-150.0,-149.0,-156.5,-157.0,-157.0,-152.5,-153.0,-157.0,-155.0,-154.5,-157.0,-153.0,-151.5,-154.5,-153.0,-157.0,-155.0,-156.0,-155.0,-154.5,-157.0,-156.0,-153.5,-154.5,-157.0,-157.0,-151.5,-156.0,-150.0,-150.5,-155.0,-154.5,-151.5,-157.0,-157.0,-157.0,-157.0,-157.0,-157.0,-153.0,-157.0,-157.0,-154.5,-157.0,-157.0,-157.0,-154.0,-157.0,-153.5,-155.0,-157.0,-154.0,-156.5,-155.5,-154.5,-157.0,-157.0,-157.0,-153.5,-155.5,-153.0,-157.0,-157.0,-154.0,-155.0,-155.5,-157.0,-152.0,-157.0,-155.0,-157.0,-157.0,-157.0,-155.0,-151.5,-157.0,-157.0,-155.0,-155.0,-152.5,-157.0,-154.0,-149.0,-150.5,-153.0,-152.0,-155.5,-157.0,-155.0,-155.5,-157.0,-157.0,-157.0,-157.0,-152.0,-155.5,-156.5,-151.5,-152.0,-156.5,-157.0,-157.0,-157.0,-157.0,-157.0,-157.0,-157.0,-156.5,-155.5,-154.5,-157.0,-157.0,-157.0,-157.0,-153.5,-156.0,-156.0,-156.5,-157.0,-157.0,-157.0,-154.0,-155.0,-151.0,-157.0,-154.0,-157.0,-157.0,-153.5,-157.0,-155.5,-156.5,-150.5,-151.5,-157.0,-154.0,-150.5,-151.5,-150.0,-151.0,-156.5,-156.0,-157.0,-157.0,-156.0,-154.5,-157.0,-156.0,-157.0,-156.0,-157.0,-155.0,-156.5,-156.5,-157.0,-157.0,-154.0,-157.0,-150.5,-151.0,-153.5,-154.5,-157.0,-152.5,-152.5,-154.0,-155.5,-156.5,-156.5,-157.0,-154.5,-157.0,-157.0,-157.0,-153.5,-155.5,-153.5,-154.5,-154.5,-152.5,-156.0,-152.0,-154.0,-157.0,-157.0,-153.5,-157.0,-157.0,-155.0,-157.0,-157.0,-157.0,-155.5,-156.5,-155.5,-151.5,-155.5,-157.0,-157.0,-157.0,-157.0,-157.0,-157.0,-154.5,-155.5
2026-01-17 14:13:46.432,143.049967,5,-77,-157.0,-157.0,-156.0,-154.5,-157.0,-157.0,-155.5,-157.0,-157.0,-157.0,-153.0,-154.0,-157.0,-155.0,-156.0,-155.5,-157.0,-157.0,-156.0,-155.0,-157.0,-152.0,-157.0,-157.0,-157.0,-155.5,-146.5,-152.5,-157.0,-154.5,-154.5,-155.5,-157.0,-152.0,-151.5,-153.0,-153.5,-156.5,-156.5,-156.5,-157.0,-157.0,-157.0,-157.0,-157.0,-157.0,-156.5,-154.0,-152.5,-156.0,-152.0,-153.0,-155.0,-157.0,-157.0,-157.0,-157.0,-157.0,-157.0,-151.0,-149.0,-157.0,-156.0,-157.0,-156.5,-157.0,-157.0,-157.0,-157.0,-157.0,-153.0,-152.5,-157.0,-157.0,-153.5,-154.5,-157.0,-157.0,-157.0,-157.0,-157.0,-157.0,-157.0,-156.5,-155.0,-155.5,-157.0,-155.0,-157.0,-155.0,-157.0,-156.0,-155.5,-154.5,-157.0,-157.0,-157.0,-151.5,-156.5,-154.5,-157.0,-157.0,-154.0,-154.5,-157.0,-157.0,-157.0,-157.0,-156.0,-154.0,-157.0,-156.5,-151.0,-149.0,-156.0,-157.0,-157.0,-154.5,-157.0,-157.0,-156.0,-155.5,-157.0,-157.0,-155.5,-156.5,-157.0,-157.0,-157.0,-157.0,-157.0,-154.0,-150.5,-154.0,-152.5,-157.0,-157.0,-157.0,-157.0,-157.0,-152.5,-153.0,-153.0,-157.0,-156.0,-157.0,-156.0,-155.0,-154.0,-151.5,-155.0,-157.0,-157.0,-157.0,-156.5,-157.0,-155.5,-154.0,-156.5,-152.0,-155.5,-157.0,-153.0,-153.0,-157.0,-156.5,-153.5,-150.0,-154.0,-157.0,-156.5,-153.5,-153.5,-157.0,-155.0,-156.5,-157.0,-157.0,-147.5,-150.0,-157.0,-157.0,-156.0,-157.0,-155.0,-156.0,-157.0,-157.0,-157.0,-156.0,-156.0,-156.5,-157.0,-157.0,-157.0,-156.5,-157.0,-156.5,-157.0,-157.0,-157.0,-157.0,-157.0,-157.0,-154.5,-157.0,-157.0,-152.5,-157.0,-157.0,-157.0,-156.0,-157.0,-155.5,-153.0,-152.5,-155.5,-154.0,-157.0,-157.0,-153.5,-157.0,-157.0,-153.5,-154.0,-157.0,-154.5,-154.0,-154.5,-157.0,-153.0,-155.5,-155.5,-157.0,-157.0,-157.0,-156.5,-157.0,-154.0,-157.0,-155.5,-157.0,-148.0,-147.5,-153.5,-157.0,-157.0,-156.5,-157.0,-157.0,-155.0,-152.0,-155.0,-157.0,-155.0,-151.0,-151.5,-157.0,-157.0,-157.0,-157.0,-157.0,-157.0,-151.5,-155.0,-152.0,-154.5,-156.5,-157.0,-157.0,-149.0,-147.0,-157.0,-157.0,-150.5,-149.0,-153.5,-153.5,-152.5,-157.0,-157.0,-153.5,-152.0,-157.0,-154.5,-157.0,-153.0,-156.5,-151.5,-152.0,-157.0,-157.0,-155.0,-153.5,-157.0,-157.0,-149.5,-157.0,-155.5,-153.5,-153.5,-157.0,-153.0,-157.0,-157.0,-157.0,-153.5,-155.0,-156.5,-154.5,-157.0,-157.0,-154.5,-156.5,-155.0,-150.5,-150.5,-155.0,-157.0,-154.5,-157.0,-157.0,-153.5,-156.5,-153.5,-157.0,-157.0,-157.0,-154.5,-157.0,-156.5,-157.0,-155.5,-154.5,-157.0,-157.0,-153.0,-151.5,-152.5,-155.5,-154.5,-154.5,-157.0,-157.0,-154.0,-157.0,-157.0,-157.0,-155.0,-154.5,-153.5,-154.5,-149.5,-157.0,-157.0,-152.5,-157.0,-157.0,-157.0,-156.0,-157.0,-157.0,-157.0,-151.5,-149.5,-152.5,-155.5,-152.0,-157.0,-155.5,-157.0,-157.0,-157.0,-157.0,-157.0,-157.0,-157.0,-157.0,-154.0,-154.5,-155.0,-156.5,-157.0,-157.0,-157.0,-156.0,-156.0,-156.5,-157.0,-157.0,-157.0,-157.0,-157.0,-152.0,-156.5,-151.5,-154.0,-157.0,-153.5,-155.5,-156.5,-155.0,-156.0,-155.0,-156.5,-153.0,-149.0,-157.0,-155.0,-153.5,-157.0,-155.0,-156.0,-156.0,-154.5,-156.5,-157.0,-157.0,-157.0,-157.0,-157.0,-154.0,-157.0,-157.0,-157.0,-157.0,-157.0,-155.0,-150.5,-152.5,-157.0,-157.0,-157.0,-152.5,-155.5,-157.0,-154.0,-157.0,-157.0,-157.0,-153.5,-156.0,-157.0,-153.5,-149.5,-152.0,-152.5,-154.0,-157.0,-154.0,-152.5,-152.5,-152.5,-157.0,-157.0,-157.0,-157.0,-154.5,-155.0,-156.5,-157.0,-155.0,-157.0,-157.0,-154.0,-153.0,-157.0,-156.0,-157.0,-157.0,-157.0,-157.0,-157.0,-155.0,-157.0
2026-01-17 14:13:46.471,143.049967,5,-77,-157.0,-157.0,-157.0,-155.5,-157.0,-154.0,-151.5,-157.0,-157.0,-155.5,-151.5,-152.0,-157.0,-157.0,-157.0,-154.5,-157.0,-157.0,-155.5,-153.5,-156.0,-154.5,-157.0,-157.0,-157.0,-157.0,-150.5,-153.5,-157.0,-156.0,-157.0,-157.0,-157.0,-150.5,-150.5,-153.5,-152.5,-157.0,-157.0,-157.0,-157.0,-157.0,-156.5,-154.0,-157.0,-157.0,-155.0,-157.0,-151.0,-156.0,-154.0,-157.0,-155.5,-157.0,-157.0,-157.0,-153.5,-154.5,-154.5,-152.5,-151.5,-154.0,-155.5,-157.0,-157.0,-156.0,-155.0,-157.0,-157.0,-154.0,-152.0,-153.0,-157.0,-157.0,-154.0,-155.0,-156.5,-157.0,-157.0,-157.0,-157.0,-157.0,-157.0,-157.0,-156.0,-157.0,-157.0,-156.5,-157.0,-155.0,-157.0,-155.0,-157.0,-156.5,-157.0,-152.5,-153.0,-150.0,-153.5,-154.5,-157.0,-157.0,-157.0,-157.0,-157.0,-157.0,-157.0,-157.0,-154.0,-155.5,-157.0,-155.5,-152.5,-151.5,-155.5,-157.0,-157.0,-157.0,-157.0,-157.0,-154.5,-156.5,-157.0,-157.0,-155.5,-157.0,-157.0,-157.0,-157.0,-157.0,-157.0,-152.5,-151.0,-157.0,-154.0,-157.0,-157.0,-157.0,-157.0,-157.0,-156.0,-153.5,-153.0,-157.0,-155.5,-156.5,-153.5,-157.0,-157.0,-152.0,-154.0,-157.0,-157.0,-157.0,-157.0,-157.0,-155.5,-153.5,-154.5,-151.5,-157.0,-157.0,-157.0,-155.5,-154.5,-156.5,-155.5,-151.5,-156.0,-157.0,-157.0,-150.0,-153.5,-157.0,-156.0,-155.0,-157.0,-154.5,-149.5,-156.0,-154.0,-157.0,-154.5,-157.0,-157.0,-155.0,-154.0,-157.0,-154.5,-152.5,-154.0,-157.0,-157.0,-157.0,-157.0,-157.0,-157.0,-155.5,-154.5,-156.5,-157.0,-157.0,-156.5,-155.0,-153.0,-157.0,-157.0,-157.0,-157.0,-157.0,-151.5,-150.5,-157.0,-156.0,-153.0,-151.5,-157.0,-157.0,-156.5,-152.5,-153.0,-151.5,-155.0,-151.0,-153.0,-157.0,-155.0,-154.5,-156.5,-157.0,-155.0,-152.5,-154.0,-157.0,-157.0,-157.0,-157.0,-156.5,-156.0,-155.5,-155.0,-157.0,-146.0,-145.0,-151.0,-157.0,-157.0,-154.5,-154.0,-157.0,-157.0,-155.5,-154.0,-157.0,-157.0,-155.0,-157.0,-157.0,-157.0,-157.0,-157.0,-157.0,-152.5,-152.5,-153.0,-153.0,-156.0,-153.5,-157.0,-157.0,-148.0,-148.5,-157.0,-157.0,-146.5,-146.0,-151.5,-152.5,-153.5,-154.0,-157.0,-157.0,-154.0,-157.0,-157.0,-155.5,-155.0,-155.5,-155.0,-156.0,-157.0,-157.0,-157.0,-153.5,-154.5,-157.0,-150.0,-152.5,-157.0,-157.0,-157.0,-156.5,-155.0,-157.0,-157.0,-151.5,-150.0,-157.0,-157.0,-157.0,-157.0,-157.0,-151.5,-153.5,-153.5,-148.0,-153.5,-152.0,-156.0,-156.5,-155.5,-157.0,-150.5,-152.5,-153.0,-152.5,-154.0,-157.0,-154.5,-157.0,-157.0,-157.0,-153.0,-155.5,-157.0,-156.0,-152.0,-157.0,-154.5,-157.0,-153.0,-153.5,-157.0,-157.0,-157.0,-157.0,-155.0,-157.0,-153.5,-157.0,-153.5,-150.5,-149.0,-154.5,-157.0,-153.0,-152.5,-157.0,-157.0,-157.0,-157.0,-157.0,-157.0,-152.5,-152.5,-157.0,-157.0,-157.0,-157.0,-157.0,-157.0,-157.0,-157.0,-157.0,-154.5,-157.0,-157.0,-157.0,-154.0,-157.0,-157.0,-157.0,-157.0,-157.0,-157.0,-153.0,-154.5,-157.0,-157.0,-157.0,-157.0,-157.0,-153.5,-156.5,-155.0,-151.0,-153.0,-157.0,-154.0,-157.0,-157.0,-157.0,-157.0,-156.5,-153.0,-154.0,-153.0,-157.0,-157.0,-157.0,-157.0,-157.0,-151.5,-150.0,-152.5,-157.0,-157.0,-157.0,-157.0,-153.5,-157.0,-157.0,-154.5,-157.0,-157.0,-156.5,-156.5,-152.5,-156.0,-154.5,-157.0,-154.5,-154.0,-154.5,-155.5,-157.0,-153.0,-154.5,-157.0,-157.0,-154.5,-155.0,-157.0,-152.5,-150.0,-154.0,-152.5,-154.0,-157.0,-157.0,-155.0,-156.0,-153.5,-156.0,-157.0,-157.0,-157.0,-155.0,-154.0,-151.0,-151.0,-150.0,-152.5,-157.0,-156.0,-152.5,-155.5,-151.0,-153.5,-157.0,-157.0,-154.0,-155.5,-156.0,-157.0
2026-01-17 14:13:46.501,143.049967,5,-77,-157.0,-157.0,-157.0,-157.0,-157.0,-157.0,-152.0,-157.0,-153.5,-157.0,-157.0,-155.5,-157.0,-154.5,-154.0,-154.0,-154.5,-157.0,-154.5,-153.0,-155.0,-156.0,-154.5,-154.0,-157.0,-157.0,-156.0,-155.5,-155.0,-157.0,-157.0,-157.0,-157.0,-154.0,-154.0,-157.0,-154.5,-157.0,-157.0,-157.0,-157.0,-157.0,-153.5,-152.0,-157.0,-157.0,-155.5,-153.5,-151.5,-157.0,-152.5,-155.0,-157.0,-157.0,-151.5,-148.5,-149.0,-155.0,-151.0,-157.0,-156.5,-149.5,-151.5,-157.0,-154.0,-155.0,-149.0,-149.0,-153.0,-156.5,-156.0,-157.0,-157.0,-157.0,-157.0,-157.0,-155.5,-157.0,-157.0,-157.0,-157.0,-157.0,-157.0,-157.0,-157.0,-157.0,-157.0,-157.0,-157.0,-153.5,-156.5,-157.0,-157.0,-157.0,-157.0,-150.5,-150.0,-148.5,-156.0,-156.0,-157.0,-157.0,-157.0,-154.0,-154.5,-157.0,-155.5,-157.0,-154.5,-153.0,-156.5,-157.0,-157.0,-157.0,-157.0,-157.0,-157.0,-157.0,-157.0,-156.5,-152.5,-155.0,-157.0,-157.0,-153.5,-155.0,-157.0,-157.0,-157.0,-154.5,-157.0,-157.0,-157.0,-157.0,-157.0,-157.0,-155.0,-157.0,-157.0,-157.0,-157.0,-157.0,-154.5,-155.5,-157.0,-157.0,-153.0,-155.5,-157.0,-153.5,-156.5,-157.0,-153.5,-153.0,-157.0,-157.0,-157.0,-157.0,-157.0,-151.0,-157.0,-157.0,-157.0,-155.5,-152.5,-157.0,-157.0,-157.0,-157.0,-157.0,-150.5,-150.5,-157.0,-157.0,-153.0,-151.0,-153.5,-157.0,-151.0,-156.0,-153.0,-156.5,-154.5,-156.5,-157.0,-157.0,-155.5,-157.0,-155.5,-157.0,-155.0,-157.0,-155.5,-157.0,-157.0,-157.0,-157.0,-156.5,-155.0,-155.5,-157.0,-152.0,-157.0,-152.5,-153.5,-157.0,-157.0,-157.0,-157.0,-157.0,-151.5,-150.0,-157.0,-157.0,-157.0,-155.0,-153.0,-157.0,-157.0,-151.5,-153.0,-150.0,-153.0,-154.5,-153.5,-157.0,-154.5,-157.0,-155.5,-157.0,-157.0,-150.5,-150.5,-157.0,-157.0,-157.0,-157.0,-154.5,-157.0,-153.0,-153.5,-155.5,-144.5,-145.5,-152.5,-155.0,-156.5,-150.5,-152.0,-157.0,-156.0,-157.0,-157.0,-157.0,-157.0,-157.0,-157.0,-157.0,-157.0,-155.5,-157.0,-157.0,-150.5,-151.0,-151.0,-155.0,-157.0,-156.0,-157.0,-153.5,-150.0,-152.5,-157.0,-157.0,-147.0,-149.0,-157.0,-154.0,-156.5,-155.0,-157.0,-155.0,-156.0,-157.0,-157.0,-157.0,-157.0,-151.0,-156.0,-157.0,-157.0,-154.5,-156.0,-154.5,-157.0,-157.0,-151.5,-152.5,-157.0,-157.0,-157.0,-157.0,-156.0,-157.0,-156.5,-155.0,-150.0,-152.5,-157.0,-156.5,-157.0,-157.0,-153.0,-156.0,-151.0,-148.5,-157.0,-151.0,-151.5,-157.0,-157.0,-157.0,-152.5,-157.0,-157.0,-150.5,-150.5,-156.0,-152.5,-156.5,-155.5,-157.0,-155.0,-154.5,-157.0,-154.0,-152.5,-157.0,-157.0,-157.0,-157.0,-155.0,-155.5,-157.0,-157.0,-157.0,-155.0,-157.0,-152.5,-156.5,-157.0,-149.5,-151.5,-155.0,-156.5,-157.0,-151.0,-153.5,-156.5,-157.0,-157.0,-157.0,-157.0,-157.0,-157.0,-157.0,-157.0,-157.0,-156.5,-157.0,-157.0,-157.0,-157.0,-154.5,-149.0,-152.0,-155.0,-157.0,-155.0,-157.0,-157.0,-157.0,-157.0,-157.0,-157.0,-153.5,-154.0,-157.0,-155.0,-157.0,-157.0,-156.0,-154.0,-157.0,-154.0,-154.0,-153.5,-156.5,-157.0,-157.0,-157.0,-157.0,-157.0,-157.0,-156.5,-157.0,-157.0,-157.0,-157.0,-155.5,-157.0,-157.0,-153.5,-151.0,-154.0,-157.0,-157.0,-157.0,-156.0,-150.5,-157.0,-157.0,-152.5,-153.0,-155.0,-153.5,-157.0,-152.5,-152.5,-151.5,-157.0,-153.0,-153.5,-157.0,-157.0,-157.0,-156.5,-153.5,-156.5,-157.0,-157.0,-157.0,-157.0,-157.0,-154.5,-157.0,-155.0,-155.5,-154.0,-152.5,-155.0,-156.0,-152.5,-154.5,-152.5,-154.5,-156.5,-155.0,-156.0,-150.5,-153.5,-152.0,-152.0,-152.0,-157.0,-153.5,-154.5,-151.5,-156.0,-157.0,-157.0,-152.5,-157.0,-157.0,-157.0
2026-01-17 14:13:46.501,143.049967,5,-77,-157.0,-157.0,-157.0,-157.0,-157.0,-157.0,-152.0,-157.0,-153.5,-157.0,-157.0,-155.5,-157.0,-154.5,-154.0,-154.0,-154.5,-157.0,-154.5,-153.0,-155.0,-156.0,-154.5,-154.0,-157.0,-157.0,-156.0,-155.5,-155.0,-157.0,-157.0,-157.0,-157.0,-154.0,-154.0,-157.0,-154.5,-157.0,-157.0,-157.0,-157.0,-157.0,-153.5,-152.0,-157.0,-157.0,-155.5,-153.5,-151.5,-157.0,-152.5,-155.0,-157.0,-157.0,-151.5,-148.5,-149.0,-155.0,-151.0,-157.0,-156.5,-149.5,-151.5,-157.0,-154.0,-155.0,-149.0,-149.0,-153.0,-156.5,-156.0,-157.0,-157.0,-157.0,-157.0,-157.0,-155.5,-157.0,-157.0,-157.0,-157.0,-157.0,-157.0,-157.0,-157.0,-157.0,-157.0,-157.0,-157.0,-153.5,-156.5,-157.0,-157.0,-157.0,-157.0,-150.5,-150.0,-148.5,-156.0,-156.0,-157.0,-157.0,-157.0,-154.0,-154.5,-157.0,-155.5,-157.0,-154.5,-153.0,-156.5,-157.0,-157.0,-157.0,-157.0,-157.0,-157.0,-157.0,-157.0,-156.5,-152.5,-155.0,-157.0,-157.0,-153.5,-155.0,-157.0,-157.0,-157.0,-154.5,-157.0,-157.0,-157.0,-157.0,-157.0,-157.0,-155.0,-157.0,-157.0,-157.0,-157.0,-157.0,-154.5,-155.5,-157.0,-157.0,-153.0,-155.5,-157.0,-153.5,-156.5,-157.0,-153.5,-153.0,-157.0,-157.0,-157.0,-157.0,-157.0,-151.0,-157.0,-157.0,-157.0,-155.5,-152.5,-157.0,-157.0,-157.0,-157.0,-157.0,-150.5,-150.5,-157.0,-157.0,-153.0,-151.0,-153.5,-157.0,-151.0,-156.0,-153.0,-156.5,-154.5,-156.5,-157.0,-157.0,-155.5,-157.0,-155.5,-157.0,-155.0,-157.0,-155.5,-157.0,-157.0,-157.0,-157.0,-156.5,-155.0,-155.5,-157.0,-152.0,-157.0,-152.5,-153.5,-157.0,-157.0,-157.0,-157.0,-157.0,-151.5,-150.0,-157.0,-157.0,-157.0,-155.0,-153.0,-157.0,-157.0,-151.5,-153.0,-150.0,-153.0,-154.5,-153.5,-157.0,-154.5,-157.0,-155.5,-157.0,-157.0,-150.5,-150.5,-157.0,-157.0,-157.0,-157.0,-154.5,-157.0,-153.0,-153.5,-155.5,-144.5,-145.5,-152.5,-155.0,-156.5,-150.5,-152.0,-157.0,-156.0,-157.0,-157.0,-157.0,-157.0,-157.0,-157.0,-157.0,-157.0,-155.5,-157.0,-157.0,-150.5,-151.0,-151.0,-155.0,-157.0,-156.0,-157.0,-153.5,-150.0,-152.5,-157.0,-157.0,-147.0,-149.0,-157.0,-154.0,-156.5,-155.0,-157.0,-155.0,-156.0,-157.0,-157.0,-157.0,-157.0,-151.0,-156.0,-157.0,-157.0,-154.5,-156.0,-154.5,-157.0,-157.0,-151.5,-152.5,-157.0,-157.0,-157.0,-157.0,-156.0,-157.0,-156.5,-155.0,-150.0,-152.5,-157.0,-156.5,-157.0,-157.0,-153.0,-156.0,-151.0,-148.5,-157.0,-151.0,-151.5,-157.0,-157.0,-157.0,-152.5,-157.0,-157.0,-150.5,-150.5,-156.0,-152.5,-156.5,-155.5,-157.0,-155.0,-154.5,-157.0,-154.0,-152.5,-157.0,-157.0,-157.0,-157.0,-155.0,-155.5,-157.0,-157.0,-157.0,-155.0,-157.0,-152.5,-156.5,-157.0,-149.5,-151.5,-155.0,-156.5,-157.0,-151.0,-153.5,-156.5,-157.0,-157.0,-157.0,-157.0,-157.0,-157.0,-157.0,-157.0,-157.0,-156.5,-157.0,-157.0,-157.0,-157.0,-154.5,-149.0,-152.0,-155.0,-157.0,-155.0,-157.0,-157.0,-157.0,-157.0,-157.0,-157.0,-153.5,-154.0,-157.0,-155.0,-157.0,-157.0,-156.0,-154.0,-157.0,-154.0,-154.0,-153.5,-156.5,-157.0,-157.0,-157.0,-157.0,-157.0,-157.0,-156.5,-157.0,-157.0,-157.0,-157.0,-155.5,-157.0,-157.0,-153.5,-151.0,-154.0,-157.0,-157.0,-157.0,-156.0,-150.5,-157.0,-157.0,-152.5,-153.0,-155.0,-153.5,-157.0,-152.5,-152.5,-151.5,-157.0,-153.0,-153.5,-157.0,-157.0,-157.0,-156.5,-153.5,-156.5,-157.0,-157.0,-157.0,-157.0,-157.0,-154.5,-157.0,-155.0,-155.5,-154.0,-152.5,-155.0,-156.0,-152.5,-154.5,-152.5,-154.5,-156.5,-155.0,-156.0,-150.5,-153.5,-152.0,-152.0,-152.0,-157.0,-153.5,-154.5,-151.5,-156.0,-157.0,-157.0,-152.5,-157.0,-157.0,-157.0
2026-01-17 14:13:46.535,143.049967,5,-77,-157.0,-157.0,-157.0,-157.0,-157.0,-157.0,-153.0,-153.5,-150.0,-157.0,-157.0,-157.0,-157.0,-151.5,-151.5,-156.5,-157.0,-157.0,-155.5,-152.0,-151.0,-152.0,-156.0,-156.5,-155.0,-156.0,-157.0,-157.0,-154.5,-157.0,-156.0,-155.5,-157.0,-155.5,-155.0,-157.0,-156.5,-157.0,-157.0,-156.5,-157.0,-155.5,-150.5,-152.5,-157.0,-157.0,-157.0,-154.0,-154.0,-157.0,-152.5,-153.0,-157.0,-157.0,-150.5,-148.0,-152.0,-153.5,-150.0,-154.0,-153.0,-149.5,-150.0,-157.0,-151.0,-152.5,-148.0,-147.5,-157.0,-157.0,-157.0,-157.0,-157.0,-156.5,-157.0,-157.0,-157.0,-157.0,-156.5,-156.5,-157.0,-157.0,-157.0,-157.0,-157.0,-157.0,-157.0,-156.0,-157.0,-153.0,-151.5,-157.0,-155.5,-157.0,-157.0,-154.0,-152.5,-150.5,-157.0,-154.5,-155.5,-157.0,-157.0,-153.5,-153.0,-155.5,-151.5,-154.5,-157.0,-156.5,-150.5,-157.0,-157.0,-157.0,-154.5,-154.5,-157.0,-157.0,-157.0,-152.5,-153.5,-151.0,-156.5,-157.0,-155.0,-154.0,-157.0,-157.0,-157.0,-153.5,-157.0,-157.0,-157.0,-157.0,-157.0,-157.0,-157.0,-157.0,-157.0,-157.0,-157.0,-155.5,-155.0,-154.0,-157.0,-157.0,-153.0,-157.0,-155.5,-155.5,-154.5,-153.5,-153.0,-152.0,-155.0,-153.0,-157.0,-157.0,-154.5,-151.0,-151.0,-154.0,-157.0,-156.5,-153.5,-156.5,-157.0,-157.0,-155.5,-157.0,-151.5,-155.5,-157.0,-157.0,-153.0,-153.0,-151.0,-152.5,-151.5,-156.5,-157.0,-156.5,-156.5,-157.0,-157.0,-157.0,-156.5,-156.0,-157.0,-157.0,-157.0,-157.0,-153.0,-153.5,-155.0,-154.5,-157.0,-157.0,-152.5,-152.5,-157.0,-150.0,-155.0,-157.0,-154.5,-157.0,-157.0,-155.0,-153.0,-157.0,-155.0,-153.0,-157.0,-155.5,-155.5,-157.0,-151.0,-154.0,-154.5,-155.5,-154.0,-152.0,-157.0,-157.0,-157.0,-157.0,-153.0,-157.0,-155.5,-157.0,-157.0,-153.0,-151.5,-157.0,-156.0,-157.0,-157.0,-157.0,-157.0,-153.0,-154.0,-151.0,-147.0,-146.0,-150.5,-154.0,-157.0,-150.0,-153.0,-157.0,-153.5,-157.0,-157.0,-153.0,-155.0,-157.0,-157.0,-157.0,-156.0,-153.0,-154.5,-157.0,-150.0,-150.5,-154.5,-157.0,-157.0,-157.0,-157.0,-153.0,-152.0,-150.0,-150.0,-157.0,-150.0,-156.0,-157.0,-153.5,-157.0,-155.5,-153.0,-155.0,-157.0,-153.5,-154.5,-157.0,-157.0,-149.0,-152.0,-155.5,-153.0,-154.5,-151.5,-153.5,-157.0,-153.0,-152.0,-156.0,-157.0,-157.0,-157.0,-157.0,-152.5,-156.0,-156.5,-157.0,-153.0,-151.5,-155.5,-152.5,-153.0,-157.0,-155.5,-157.0,-155.0,-153.0,-157.0,-154.5,-156.0,-155.5,-157.0,-157.0,-157.0,-157.0,-157.0,-154.5,-154.0,-157.0,-150.5,-154.0,-153.5,-157.0,-157.0,-152.0,-155.0,-156.5,-157.0,-155.0,-157.0,-157.0,-157.0,-157.0,-152.5,-153.5,-157.0,-157.0,-156.5,-152.0,-152.0,-157.0,-155.5,-149.0,-152.0,-154.5,-153.5,-154.5,-152.5,-155.0,-152.0,-155.5,-157.0,-153.5,-154.5,-157.0,-156.5,-157.0,-157.0,-157.0,-153.5,-157.0,-157.0,-157.0,-157.0,-152.5,-150.5,-156.0,-156.5,-157.0,-155.5,-153.5,-153.5,-154.0,-157.0,-155.5,-157.0,-157.0,-157.0,-157.0,-154.0,-157.0,-156.5,-157.0,-156.5,-153.5,-154.0,-157.0,-157.0,-156.0,-157.0,-157.0,-157.0,-157.0,-157.0,-157.0,-156.5,-157.0,-157.0,-155.0,-157.0,-153.5,-157.0,-157.0,-156.5,-155.0,-157.0,-157.0,-156.0,-157.0,-153.5,-150.0,-157.0,-157.0,-154.0,-152.0,-152.0,-152.5,-156.0,-153.0,-154.0,-151.5,-157.0,-155.5,-156.0,-157.0,-157.0,-157.0,-157.0,-157.0,-157.0,-157.0,-157.0,-157.0,-157.0,-157.0,-157.0,-155.0,-154.5,-156.0,-157.0,-148.5,-150.0,-153.0,-153.0,-157.0,-154.0,-157.0,-157.0,-155.0,-157.0,-153.0,-157.0,-157.0,-157.0,-153.0,-157.0,-157.0,-157.0,-156.0,-157.0,-157.0,-157.0,-154.0,-157.0,-157.0,-156.5
2026-01-17 14:13:46.567,143.049967,5,-77,-157.0,-157.0,-157.0,-157.0,-157.0,-157.0,-155.0,-153.0,-150.0,-155.0,-156.5,-155.0,-154.0,-153.5,-152.5,-156.5,-156.0,-157.0,-156.5,-151.0,-153.5,-152.5,-157.0,-157.0,-155.5,-157.0,-157.0,-157.0,-153.0,-156.0,-155.5,-157.0,-157.0,-157.0,-157.0,-157.0,-157.0,-157.0,-155.5,-157.0,-157.0,-156.0,-151.0,-157.0,-157.0,-157.0,-157.0,-157.0,-157.0,-157.0,-156.5,-155.5,-156.0,-153.5,-151.0,-149.5,-150.5,-153.5,-153.0,-157.0,-155.5,-156.5,-152.0,-157.0,-152.0,-151.5,-150.5,-150.0,-157.0,-157.0,-157.0,-157.0,-153.5,-153.0,-157.0,-157.0,-155.5,-155.5,-156.5,-157.0,-156.5,-154.5,-155.5,-157.0,-155.5,-157.0,-151.5,-152.5,-157.0,-157.0,-152.0,-157.0,-152.0,-157.0,-157.0,-157.0,-157.0,-156.0,-157.0,-156.0,-156.5,-157.0,-157.0,-157.0,-157.0,-153.5,-150.0,-149.0,-157.0,-157.0,-150.0,-152.5,-157.0,-157.0,-155.5,-155.0,-157.0,-157.0,-156.5,-154.0,-156.5,-149.5,-153.0,-155.0,-154.5,-153.0,-157.0,-156.5,-155.5,-154.0,-157.0,-155.5,-154.5,-157.0,-157.0,-157.0,-155.5,-157.0,-157.0,-153.0,-153.0,-152.5,-152.0,-153.0,-157.0,-157.0,-154.5,-157.0,-153.0,-157.0,-157.0,-154.0,-157.0,-151.5,-152.0,-152.0,-154.5,-155.5,-157.0,-155.5,-150.5,-153.5,-156.5,-157.0,-157.0,-157.0,-157.0,-157.0,-154.5,-157.0,-155.5,-157.0,-157.0,-157.0,-155.5,-157.0,-152.5,-150.0,-150.5,-157.0,-157.0,-157.0,-156.0,-157.0,-157.0,-154.5,-155.5,-153.0,-157.0,-157.0,-157.0,-157.0,-154.5,-151.0,-155.5,-157.0,-157.0,-157.0,-154.0,-156.0,-154.5,-149.5,-152.5,-157.0,-155.5,-157.0,-157.0,-152.5,-153.0,-157.0,-157.0,-157.0,-157.0,-157.0,-157.0,-157.0,-152.0,-152.0,-153.0,-157.0,-157.0,-154.0,-155.5,-157.0,-157.0,-155.5,-153.5,-157.0,-157.0,-157.0,-156.5,-157.0,-155.5,-155.0,-150.0,-151.5,-154.0,-156.0,-157.0,-157.0,-157.0,-151.0,-149.0,-148.0,-152.0,-156.0,-157.0,-152.5,-153.0,-157.0,-155.5,-157.0,-157.0,-152.0,-153.0,-157.0,-157.0,-157.0,-156.5,-157.0,-155.5,-157.0,-151.0,-151.5,-157.0,-154.0,-152.0,-157.0,-157.0,-157.0,-157.0,-150.0,-149.0,-157.0,-152.0,-157.0,-157.0,-154.5,-156.0,-150.5,-149.5,-157.0,-157.0,-151.5,-155.5,-157.0,-152.5,-151.5,-154.5,-157.0,-155.0,-157.0,-154.5,-154.5,-157.0,-153.5,-151.0,-157.0,-157.0,-157.0,-157.0,-157.0,-152.0,-153.5,-156.5,-157.0,-157.0,-153.0,-152.0,-152.0,-152.0,-156.5,-157.0,-157.0,-157.0,-155.5,-157.0,-157.0,-157.0,-157.0,-157.0,-157.0,-155.5,-157.0,-157.0,-157.0,-157.0,-157.0,-151.5,-157.0,-157.0,-155.5,-157.0,-152.0,-153.5,-156.5,-157.0,-151.5,-153.0,-157.0,-157.0,-157.0,-154.0,-155.5,-157.0,-157.0,-157.0,-152.5,-156.0,-156.5,-156.5,-148.5,-155.0,-153.5,-152.5,-152.5,-153.5,-155.5,-151.5,-153.5,-157.0,-152.5,-152.5,-154.5,-157.0,-153.0,-154.5,-156.0,-154.5,-157.0,-157.0,-154.5,-156.0,-157.0,-153.5,-154.0,-157.0,-156.5,-155.5,-149.5,-149.5,-153.5,-157.0,-153.0,-157.0,-157.0,-156.0,-157.0,-152.0,-153.0,-153.0,-156.5,-154.5,-152.0,-157.0,-155.5,-157.0,-157.0,-157.0,-157.0,-157.0,-157.0,-157.0,-157.0,-152.5,-156.5,-154.5,-156.5,-155.0,-152.0,-157.0,-157.0,-157.0,-157.0,-157.0,-157.0,-155.5,-155.5,-154.5,-150.5,-152.0,-157.0,-157.0,-151.5,-149.5,-155.0,-157.0,-156.0,-156.5,-153.5,-153.0,-153.5,-157.0,-157.0,-157.0,-157.0,-157.0,-157.0,-157.0,-157.0,-155.0,-157.0,-157.0,-157.0,-156.0,-157.0,-153.5,-157.0,-151.0,-148.0,-154.0,-157.0,-155.0,-156.5,-157.0,-157.0,-157.0,-156.0,-157.0,-154.5,-156.5,-157.0,-157.0,-153.0,-154.5,-157.0,-157.0,-157.0,-157.0,-157.0,-157.0,-157.0,-157.0,-156.5,-157.0
2026-01-17 14:13:46.601,143.049967,5,-77,-157.0,-157.0,-157.0,-154.5,-157.0,-152.0,-154.5,-157.0,-152.0,-157.0,-149.0,-149.5,-154.0,-157.0,-151.5,-155.5,-152.5,-157.0,-157.0,-152.5,-157.0,-156.0,-157.0,-157.0,-157.0,-157.0,-157.0,-155.0,-156.0,-153.0,-152.5,-155.5,-156.0,-157.0,-157.0,-157.0,-157.0,-157.0,-155.5,-157.0,-157.0,-155.5,-155.0,-156.0,-157.0,-153.5,-157.0,-157.0,-157.0,-157.0,-157.0,-157.0,-150.5,-152.5,-151.5,-150.0,-151.5,-157.0,-157.0,-156.0,-157.0,-157.0,-155.0,-155.0,-154.5,-156.0,-154.5,-152.5,-157.0,-157.0,-157.0,-157.0,-156.0,-152.0,-152.5,-152.0,-153.5,-156.5,-157.0,-157.0,-157.0,-155.0,-157.0,-157.0,-154.5,-157.0,-148.0,-150.5,-157.0,-157.0,-151.0,-153.5,-149.0,-150.5,-157.0,-157.0,-157.0,-154.0,-155.5,-157.0,-157.0,-155.5,-156.5,-157.0,-157.0,-155.5,-151.0,-148.5,-152.0,-153.0,-152.5,-154.0,-155.0,-156.0,-157.0,-154.5,-157.0,-157.0,-154.5,-157.0,-155.0,-151.5,-152.5,-151.5,-150.5,-155.5,-157.0,-156.0,-157.0,-157.0,-157.0,-155.5,-151.0,-153.0,-157.0,-157.0,-153.0,-151.5,-153.5,-154.0,-152.5,-155.5,-153.0,-157.0,-157.0,-155.0,-155.0,-157.0,-152.0,-152.5,-155.5,-153.5,-157.0,-149.5,-153.5,-153.5,-151.5,-157.0,-157.0,-153.5,-153.0,-157.0,-157.0,-157.0,-156.0,-157.0,-157.0,-157.0,-155.5,-156.5,-157.0,-157.0,-157.0,-154.5,-153.0,-154.0,-157.0,-157.0,-152.5,-156.0,-154.5,-156.0,-153.0,-152.5,-155.5,-154.5,-153.5,-151.5,-150.5,-157.0,-157.0,-157.0,-156.5,-151.5,-157.0,-157.0,-157.0,-157.0,-157.0,-155.5,-151.5,-152.0,-154.5,-157.0,-156.5,-157.0,-156.5,-156.0,-155.5,-157.0,-157.0,-157.0,-157.0,-157.0,-157.0,-152.5,-155.0,-152.5,-152.0,-157.0,-157.0,-155.0,-157.0,-157.0,-157.0,-157.0,-157.0,-157.0,-157.0,-157.0,-155.0,-155.5,-155.0,-150.5,-151.0,-153.0,-157.0,-154.0,-155.0,-157.0,-157.0,-153.5,-146.5,-146.0,-154.0,-157.0,-156.5,-156.5,-156.0,-155.0,-155.5,-157.0,-157.0,-155.5,-152.5,-157.0,-157.0,-157.0,-157.0,-157.0,-157.0,-157.0,-155.0,-156.0,-155.5,-151.5,-151.0,-156.5,-157.0,-157.0,-157.0,-157.0,-153.5,-155.0,-154.5,-157.0,-157.0,-157.0,-154.5,-151.0,-152.5,-156.0,-157.0,-150.0,-157.0,-157.0,-153.0,-157.0,-157.0,-157.0,-157.0,-157.0,-157.0,-157.0,-157.0,-157.0,-153.5,-155.5,-156.5,-157.0,-157.0,-157.0,-155.5,-157.0,-155.5,-157.0,-157.0,-157.0,-155.5,-152.0,-156.5,-157.0,-157.0,-157.0,-157.0,-155.0,-157.0,-157.0,-157.0,-157.0,-157.0,-157.0,-154.0,-157.0,-157.0,-157.0,-157.0,-155.5,-152.5,-157.0,-156.0,-155.0,-157.0,-157.0,-153.5,-157.0,-157.0,-150.5,-155.5,-157.0,-157.0,-157.0,-157.0,-157.0,-157.0,-157.0,-157.0,-156.0,-156.5,-157.0,-151.5,-147.5,-157.0,-155.0,-157.0,-155.0,-154.0,-153.0,-153.5,-155.0,-156.0,-151.0,-151.5,-157.0,-157.0,-151.0,-153.5,-156.5,-157.0,-157.0,-157.0,-154.5,-152.5,-157.0,-150.0,-150.0,-157.0,-157.0,-157.0,-151.0,-152.5,-155.0,-157.0,-152.0,-153.5,-156.5,-154.0,-157.0,-154.0,-157.0,-152.5,-157.0,-150.5,-149.0,-155.0,-153.5,-157.0,-157.0,-157.0,-157.0,-156.5,-154.5,-157.0,-157.0,-149.5,-148.5,-149.0,-156.5,-157.0,-154.5,-157.0,-157.0,-157.0,-157.0,-157.0,-157.0,-153.0,-154.5,-156.0,-152.5,-155.5,-153.0,-157.0,-154.0,-151.0,-157.0,-157.0,-157.0,-156.5,-157.0,-153.0,-157.0,-157.0,-157.0,-157.0,-152.5,-150.5,-151.5,-154.0,-154.0,-153.5,-157.0,-157.0,-157.0,-157.0,-156.5,-154.0,-157.0,-150.5,-149.0,-157.0,-157.0,-157.0,-157.0,-157.0,-157.0,-154.0,-153.5,-157.0,-154.0,-157.0,-157.0,-157.0,-157.0,-156.0,-156.5,-157.0,-157.0,-157.0,-157.0,-157.0,-157.0,-157.0,-151.5,-157.0
2026-01-17 14:13:46.635,143.049967,5,-77,-157.0,-157.0,-155.5,-155.0,-153.5,-152.5,-155.5,-153.5,-153.0,-157.0,-148.0,-149.5,-157.0,-157.0,-149.5,-149.0,-154.0,-157.0,-157.0,-152.0,-152.0,-157.0,-157.0,-157.0,-157.0,-157.0,-157.0,-157.0,-157.0,-154.0,-154.0,-153.0,-154.0,-154.0,-154.5,-157.0,-157.0,-157.0,-156.0,-157.0,-157.0,-157.0,-157.0,-155.0,-157.0,-152.0,-157.0,-157.0,-157.0,-157.0,-157.0,-156.0,-150.5,-157.0,-157.0,-153.0,-157.0,-157.0,-157.0,-153.5,-155.0,-155.5,-157.0,-151.5,-153.5,-157.0,-157.0,-154.5,-157.0,-157.0,-157.0,-157.0,-157.0,-154.0,-153.0,-152.0,-157.0,-157.0,-157.0,-157.0,-156.0,-154.5,-157.0,-157.0,-152.5,-153.0,-150.0,-150.0,-153.5,-153.5,-152.5,-156.0,-153.0,-150.0,-154.0,-157.0,-157.0,-155.0,-157.0,-157.0,-157.0,-155.0,-155.0,-157.0,-157.0,-155.0,-156.0,-152.5,-154.0,-153.0,-156.5,-152.0,-150.5,-152.5,-154.5,-154.0,-157.0,-157.0,-154.5,-155.5,-157.0,-157.0,-157.0,-151.5,-152.0,-157.0,-157.0,-157.0,-157.0,-154.5,-155.5,-157.0,-153.5,-150.0,-155.0,-157.0,-155.0,-153.0,-157.0,-157.0,-155.0,-154.5,-157.0,-156.0,-152.0,-151.0,-157.0,-157.0,-155.0,-152.5,-151.0,-153.5,-157.0,-150.0,-151.0,-153.0,-153.5,-157.0,-157.0,-153.5,-157.0,-155.0,-156.5,-157.0,-153.5,-156.5,-157.0,-157.0,-156.0,-156.0,-157.0,-157.0,-155.0,-153.5,-156.5,-155.0,-156.0,-157.0,-155.5,-154.5,-151.5,-155.5,-157.0,-152.5,-152.5,-156.0,-157.0,-154.0,-148.5,-157.0,-157.0,-157.0,-154.5,-154.5,-157.0,-157.0,-157.0,-157.0,-157.0,-151.0,-149.5,-154.5,-154.0,-156.0,-157.0,-157.0,-151.0,-154.5,-154.5,-155.0,-157.0,-157.0,-155.0,-152.0,-153.0,-152.0,-152.5,-157.0,-154.5,-152.0,-157.0,-155.5,-157.0,-157.0,-157.0,-157.0,-157.0,-157.0,-157.0,-154.5,-154.5,-153.0,-154.5,-149.0,-153.5,-154.0,-157.0,-153.5,-152.0,-157.0,-157.0,-157.0,-146.5,-144.5,-156.0,-157.0,-157.0,-157.0,-157.0,-156.0,-154.5,-157.0,-157.0,-157.0,-153.5,-157.0,-157.0,-155.5,-157.0,-157.0,-157.0,-157.0,-157.0,-157.0,-154.5,-151.5,-154.0,-155.5,-157.0,-157.0,-157.0,-157.0,-157.0,-157.0,-157.0,-157.0,-157.0,-154.5,-152.5,-156.5,-157.0,-154.5,-157.0,-151.0,-155.0,-152.5,-153.0,-157.0,-157.0,-157.0,-157.0,-157.0,-156.5,-155.5,-157.0,-157.0,-154.5,-155.5,-157.0,-157.0,-157.0,-157.0,-157.0,-157.0,-151.5,-151.0,-154.5,-157.0,-157.0,-153.0,-157.0,-157.0,-157.0,-156.0,-154.0,-154.5,-157.0,-157.0,-157.0,-157.0,-157.0,-157.0,-156.0,-157.0,-157.0,-157.0,-157.0,-156.5,-156.0,-153.0,-153.5,-157.0,-157.0,-157.0,-152.5,-155.0,-157.0,-149.5,-154.5,-157.0,-157.0,-157.0,-154.5,-155.0,-153.5,-155.5,-157.0,-156.0,-153.5,-157.0,-146.5,-146.5,-157.0,-157.0,-157.0,-157.0,-155.5,-154.5,-154.5,-157.0,-156.5,-151.0,-152.5,-157.0,-154.5,-151.5,-157.0,-157.0,-157.0,-157.0,-157.0,-155.5,-153.5,-157.0,-151.0,-150.0,-156.0,-157.0,-154.5,-154.0,-154.5,-155.5,-157.0,-151.0,-150.0,-157.0,-154.5,-157.0,-157.0,-157.0,-153.0,-157.0,-154.5,-151.0,-152.0,-154.5,-154.5,-156.5,-157.0,-157.0,-154.5,-153.5,-157.0,-157.0,-150.5,-149.5,-150.5,-157.0,-157.0,-156.0,-154.0,-155.5,-157.0,-157.0,-157.0,-157.0,-152.5,-155.5,-157.0,-155.0,-157.0,-152.5,-157.0,-155.0,-154.5,-157.0,-157.0,-157.0,-157.0,-157.0,-157.0,-157.0,-156.0,-157.0,-153.0,-150.5,-149.5,-152.5,-153.0,-156.5,-157.0,-157.0,-157.0,-153.5,-154.5,-157.0,-157.0,-157.0,-154.0,-152.0,-157.0,-155.5,-157.0,-157.0,-157.0,-157.0,-155.0,-156.0,-155.5,-151.5,-155.5,-157.0,-157.0,-157.0,-157.0,-157.0,-155.5,-156.0,-157.0,-157.0,-157.0,-157.0,-152.0,-149.5,-157.0
2026-01-17 14:13:46.664,143.049967,5,-77,-157.0,-157.0,-157.0,-157.0,-153.5,-157.0,-152.5,-154.0,-157.0,-157.0,-151.0,-152.5,-155.5,-155.5,-153.0,-148.5,-157.0,-157.0,-157.0,-157.0,-152.5,-157.0,-155.5,-157.0,-157.0,-157.0,-157.0,-157.0,-157.0,-156.5,-156.5,-156.5,-156.5,-157.0,-155.0,-157.0,-157.0,-157.0,-157.0,-157.0,-157.0,-157.0,-157.0,-154.0,-157.0,-153.5,-157.0,-157.0,-157.0,-156.0,-157.0,-155.5,-150.0,-151.0,-157.0,-154.0,-157.0,-157.0,-152.5,-153.0,-154.0,-155.0,-155.0,-151.5,-157.0,-155.5,-157.0,-157.0,-157.0,-157.0,-157.0,-155.5,-157.0,-157.0,-157.0,-155.5,-157.0,-157.0,-155.5,-157.0,-155.5,-157.0,-157.0,-157.0,-151.0,-155.5,-157.0,-153.0,-150.5,-153.0,-157.0,-157.0,-155.0,-149.5,-152.5,-157.0,-153.0,-153.5,-157.0,-157.0,-157.0,-157.0,-157.0,-157.0,-157.0,-157.0,-157.0,-156.0,-157.0,-157.0,-157.0,-150.5,-150.5,-157.0,-157.0,-157.0,-153.5,-155.0,-156.5,-154.5,-154.5,-157.0,-157.0,-153.0,-156.5,-157.0,-157.0,-157.0,-157.0,-155.0,-157.0,-157.0,-155.5,-149.0,-151.5,-157.0,-157.0,-157.0,-157.0,-157.0,-155.0,-152.5,-157.0,-157.0,-154.0,-151.5,-157.0,-157.0,-157.0,-152.5,-149.5,-157.0,-157.0,-151.5,-150.5,-157.0,-157.0,-157.0,-157.0,-156.5,-156.0,-152.0,-153.0,-157.0,-153.5,-153.5,-157.0,-157.0,-156.5,-157.0,-153.5,-157.0,-155.5,-153.5,-157.0,-156.0,-156.5,-157.0,-157.0,-157.0,-152.5,-157.0,-154.5,-154.5,-150.0,-151.5,-157.0,-153.0,-151.0,-157.0,-157.0,-155.0,-155.0,-154.0,-154.0,-157.0,-157.0,-157.0,-157.0,-153.5,-150.5,-155.5,-154.5,-153.0,-156.5,-157.0,-149.5,-152.5,-155.0,-157.0,-157.0,-157.0,-157.0,-153.5,-154.0,-157.0,-152.0,-155.5,-157.0,-151.0,-156.5,-157.0,-157.0,-157.0,-157.0,-157.0,-157.0,-157.0,-152.5,-149.5,-151.5,-156.5,-155.0,-152.0,-152.0,-157.0,-157.0,-157.0,-154.5,-157.0,-157.0,-157.0,-144.5,-143.5,-153.5,-157.0,-157.0,-157.0,-157.0,-154.5,-152.5,-157.0,-157.0,-157.0,-153.5,-155.0,-157.0,-151.5,-157.0,-157.0,-157.0,-157.0,-157.0,-157.0,-156.5,-150.5,-154.5,-157.0,-156.0,-157.0,-157.0,-157.0,-157.0,-157.0,-157.0,-157.0,-154.0,-152.5,-154.5,-157.0,-157.0,-153.0,-157.0,-153.0,-157.0,-155.0,-157.0,-157.0,-157.0,-157.0,-157.0,-156.5,-157.0,-154.0,-153.5,-155.0,-157.0,-157.0,-157.0,-154.5,-153.5,-157.0,-155.0,-157.0,-153.5,-154.0,-155.5,-157.0,-157.0,-150.5,-155.5,-156.5,-157.0,-153.5,-152.0,-155.5,-152.5,-157.0,-157.0,-156.5,-157.0,-155.5,-157.0,-157.0,-156.5,-156.0,-157.0,-157.0,-157.0,-156.0,-157.0,-157.0,-157.0,-157.0,-154.5,-152.5,-154.5,-149.0,-151.0,-157.0,-157.0,-152.0,-151.0,-151.0,-155.5,-154.0,-157.0,-155.0,-154.5,-157.0,-148.0,-149.0,-157.0,-157.0,-157.0,-155.0,-155.0,-154.0,-157.0,-157.0,-157.0,-156.0,-155.0,-157.0,-156.0,-153.5,-157.0,-157.0,-157.0,-155.0,-153.5,-155.0,-156.0,-157.0,-156.0,-155.5,-157.0,-155.5,-150.5,-154.0,-154.5,-157.0,-157.0,-150.5,-150.5,-152.5,-153.0,-157.0,-157.0,-157.0,-154.0,-156.0,-157.0,-153.0,-152.5,-157.0,-152.5,-153.5,-154.0,-154.0,-157.0,-157.0,-157.0,-156.0,-155.0,-156.0,-156.0,-157.0,-157.0,-154.5,-155.0,-157.0,-157.0,-156.5,-157.0,-156.0,-156.0,-157.0,-157.0,-157.0,-154.5,-153.0,-157.0,-157.0,-157.0,-154.5,-153.0,-157.0,-157.0,-155.5,-157.0,-156.0,-154.5,-157.0,-153.5,-154.0,-153.5,-156.0,-157.0,-157.0,-157.0,-157.0,-157.0,-152.0,-151.5,-156.5,-157.0,-157.0,-155.0,-156.0,-157.0,-152.5,-157.0,-157.0,-157.0,-157.0,-156.5,-157.0,-155.5,-152.5,-157.0,-155.5,-154.5,-157.0,-157.0,-157.0,-157.0,-157.0,-155.0,-157.0,-157.0,-157.0,-152.0,-151.5,-157.0
2026-01-17 14:13:46.697,143.049967,5,-77,-157.0,-157.0,-157.0,-157.0,-156.5,-157.0,-154.0,-155.5,-157.0,-157.0,-157.0,-157.0,-157.0,-155.5,-151.5,-149.0,-156.0,-157.0,-157.0,-157.0,-154.0,-151.5,-152.0,-157.0,-157.0,-156.0,-157.0,-157.0,-157.0,-156.5,-157.0,-157.0,-156.0,-157.0,-154.5,-155.0,-155.5,-157.0,-157.0,-156.5,-156.0,-157.0,-157.0,-154.0,-157.0,-152.5,-156.5,-157.0,-156.0,-154.0,-157.0,-156.0,-150.0,-152.0,-157.0,-155.0,-157.0,-157.0,-155.5,-154.5,-154.0,-157.0,-154.5,-154.5,-153.0,-151.5,-157.0,-157.0,-157.0,-157.0,-155.5,-155.5,-157.0,-157.0,-154.0,-153.0,-156.0,-157.0,-153.5,-157.0,-154.0,-156.0,-157.0,-154.0,-151.0,-156.5,-157.0,-157.0,-152.0,-154.0,-157.0,-156.5,-152.5,-150.0,-157.0,-156.5,-153.0,-153.0,-157.0,-152.5,-152.0,-157.0,-157.0,-157.0,-155.5,-156.5,-155.5,-155.0,-156.5,-157.0,-157.0,-155.0,-155.5,-157.0,-157.0,-156.0,-154.0,-154.5,-157.0,-157.0,-155.5,-152.0,-154.5,-157.0,-156.5,-157.0,-157.0,-157.0,-157.0,-157.0,-157.0,-155.0,-157.0,-152.0,-155.5,-156.0,-155.0,-157.0,-157.0,-157.0,-155.5,-153.0,-156.5,-157.0,-156.0,-157.0,-157.0,-157.0,-157.0,-157.0,-151.5,-157.0,-157.0,-155.5,-154.5,-157.0,-157.0,-154.5,-153.5,-157.0,-152.0,-150.5,-152.0,-152.5,-157.0,-154.5,-157.0,-157.0,-155.5,-153.5,-152.0,-157.0,-155.0,-152.0,-152.5,-151.0,-155.0,-157.0,-157.0,-155.0,-152.5,-157.0,-151.5,-153.5,-149.5,-150.0,-157.0,-154.5,-152.0,-153.0,-157.0,-154.0,-156.5,-152.0,-153.5,-151.5,-156.5,-157.0,-157.0,-155.0,-156.0,-153.5,-154.5,-154.0,-156.5,-155.5,-151.0,-153.5,-155.0,-157.0,-156.5,-157.0,-154.0,-155.5,-157.0,-157.0,-153.5,-156.0,-154.5,-150.0,-151.0,-157.0,-156.5,-157.0,-157.0,-157.0,-157.0,-157.0,-152.5,-149.0,-153.5,-157.0,-153.5,-157.0,-155.5,-157.0,-157.0,-157.0,-157.0,-157.0,-157.0,-155.5,-145.5,-147.5,-153.0,-157.0,-157.0,-157.0,-154.0,-151.5,-151.5,-157.0,-157.0,-157.0,-156.5,-156.0,-156.0,-151.0,-157.0,-157.0,-157.0,-157.0,-155.0,-157.0,-152.0,-150.0,-152.0,-157.0,-154.0,-157.0,-157.0,-157.0,-157.0,-157.0,-156.0,-153.5,-153.0,-151.5,-153.0,-154.0,-157.0,-155.0,-157.0,-156.5,-157.0,-157.0,-157.0,-157.0,-157.0,-157.0,-157.0,-157.0,-157.0,-157.0,-157.0,-157.0,-157.0,-157.0,-157.0,-152.0,-154.0,-156.0,-153.5,-157.0,-155.5,-156.5,-156.5,-157.0,-153.5,-152.5,-153.5,-156.5,-156.5,-155.5,-154.0,-153.5,-150.5,-157.0,-152.0,-152.5,-157.0,-157.0,-157.0,-157.0,-157.0,-157.0,-157.0,-157.0,-156.0,-157.0,-157.0,-157.0,-156.5,-156.5,-155.0,-153.5,-156.0,-155.0,-153.0,-156.5,-157.0,-149.5,-148.0,-151.0,-157.0,-156.0,-157.0,-157.0,-156.5,-155.5,-148.5,-152.0,-157.0,-154.0,-155.5,-153.5,-157.0,-156.0,-157.0,-157.0,-157.0,-154.5,-154.5,-154.0,-155.0,-153.0,-156.5,-155.5,-153.5,-153.5,-154.5,-157.0,-157.0,-157.0,-157.0,-157.0,-157.0,-157.0,-151.0,-152.5,-154.0,-157.0,-157.0,-153.5,-157.0,-151.5,-154.0,-157.0,-157.0,-157.0,-157.0,-156.0,-157.0,-151.0,-150.5,-157.0,-154.5,-157.0,-152.0,-153.0,-157.0,-157.0,-157.0,-152.5,-156.0,-154.0,-155.0,-157.0,-157.0,-157.0,-157.0,-157.0,-155.5,-157.0,-154.5,-151.5,-157.0,-157.0,-156.0,-157.0,-157.0,-155.0,-157.0,-157.0,-157.0,-157.0,-155.0,-157.0,-153.0,-151.5,-155.5,-154.0,-154.5,-157.0,-157.0,-155.5,-151.0,-151.5,-157.0,-154.0,-157.0,-157.0,-157.0,-155.5,-156.0,-153.5,-157.0,-154.0,-156.0,-157.0,-157.0,-154.5,-157.0,-157.0,-155.0,-157.0,-154.0,-157.0,-157.0,-157.0,-157.0,-157.0,-157.0,-157.0,-157.0,-157.0,-157.0,-157.0,-157.0,-157.0,-155.0,-157.0,-157.0,-157.0,-157.0
2026-01-17 14:13:46.732,143.049967,5,-77,-157.0,-157.0,-157.0,-157.0,-154.0,-157.0,-157.0,-157.0,-157.0,-157.0,-155.0,-156.0,-157.0,-157.0,-154.5,-153.0,-157.0,-157.0,-155.0,-154.0,-153.0,-151.5,-152.5,-155.0,-157.0,-157.0,-154.0,-154.0,-154.5,-157.0,-157.0,-157.0,-155.0,-157.0,-153.5,-152.0,-152.0,-157.0,-157.0,-157.0,-157.0,-157.0,-157.0,-153.5,-157.0,-152.0,-156.5,-155.5,-155.5,-153.5,-157.0,-154.5,-152.5,-156.0,-157.0,-155.5,-157.0,-157.0,-157.0,-156.5,-154.5,-156.5,-154.5,-157.0,-153.0,-151.0,-157.0,-157.0,-157.0,-157.0,-155.5,-157.0,-157.0,-157.0,-154.0,-155.0,-153.0,-157.0,-154.0,-157.0,-152.5,-155.0,-153.5,-153.5,-155.0,-157.0,-157.0,-156.0,-155.5,-153.5,-154.0,-153.5,-155.0,-152.5,-157.0,-157.0,-157.0,-155.0,-154.0,-153.0,-153.0,-157.0,-157.0,-157.0,-156.0,-155.0,-157.0,-157.0,-157.0,-157.0,-155.5,-154.5,-156.0,-157.0,-155.0,-156.0,-157.0,-157.0,-157.0,-157.0,-157.0,-150.0,-151.5,-156.5,-157.0,-157.0,-157.0,-157.0,-157.0,-157.0,-156.5,-152.0,-157.0,-154.0,-157.0,-157.0,-156.5,-157.0,-157.0,-157.0,-157.0,-154.0,-156.5,-155.5,-153.0,-157.0,-157.0,-157.0,-156.0,-155.5,-153.5,-157.0,-157.0,-157.0,-156.5,-157.0,-157.0,-153.5,-154.0,-157.0,-153.5,-151.0,-153.5,-154.0,-156.5,-155.5,-157.0,-157.0,-157.0,-156.5,-153.5,-152.5,-152.5,-154.5,-155.5,-149.5,-154.0,-157.0,-156.5,-152.5,-154.5,-157.0,-153.5,-155.0,-150.5,-151.0,-157.0,-157.0,-154.0,-155.0,-152.5,-151.5,-154.0,-154.5,-150.0,-151.5,-157.0,-157.0,-157.0,-155.5,-157.0,-152.5,-157.0,-156.5,-157.0,-156.0,-151.5,-151.5,-156.5,-157.0,-157.0,-154.5,-151.5,-157.0,-154.5,-157.0,-156.5,-157.0,-157.0,-156.0,-155.5,-157.0,-152.5,-154.0,-157.0,-157.0,-157.0,-150.5,-154.5,-152.0,-157.0,-157.0,-153.5,-157.0,-157.0,-157.0,-155.5,-157.0,-157.0,-155.5,-154.5,-154.0,-148.5,-154.0,-152.5,-157.0,-157.0,-152.0,-152.5,-155.5,-154.0,-155.0,-156.5,-157.0,-157.0,-157.0,-153.5,-152.5,-152.0,-156.5,-156.0,-157.0,-151.5,-153.5,-153.0,-155.5,-154.0,-153.0,-152.5,-157.0,-154.0,-155.0,-155.0,-156.0,-157.0,-156.0,-152.0,-149.5,-154.0,-155.5,-157.0,-157.0,-156.0,-155.0,-157.0,-157.0,-157.0,-157.0,-157.0,-157.0,-157.0,-157.0,-157.0,-157.0,-157.0,-157.0,-154.5,-152.5,-157.0,-153.5,-155.5,-157.0,-153.5,-156.0,-157.0,-156.0,-157.0,-156.0,-152.0,-157.0,-155.5,-154.5,-157.0,-157.0,-156.5,-151.0,-150.0,-157.0,-156.5,-156.0,-157.0,-157.0,-157.0,-157.0,-157.0,-155.5,-157.0,-157.0,-155.5,-154.5,-157.0,-157.0,-157.0,-157.0,-155.5,-157.0,-157.0,-157.0,-152.5,-153.0,-157.0,-151.5,-149.5,-156.0,-157.0,-157.0,-157.0,-157.0,-153.0,-143.5,-142.0,-148.5,-151.5,-154.0,-153.0,-153.0,-157.0,-155.0,-155.5,-155.0,-155.5,-156.0,-155.5,-155.0,-154.0,-152.0,-157.0,-157.0,-156.5,-156.5,-157.0,-157.0,-154.0,-153.0,-157.0,-157.0,-156.0,-157.0,-157.0,-156.0,-157.0,-157.0,-157.0,-157.0,-153.0,-151.0,-157.0,-157.0,-157.0,-157.0,-157.0,-157.0,-157.0,-156.0,-153.5,-157.0,-156.0,-157.0,-153.5,-157.0,-154.0,-153.5,-157.0,-151.0,-151.0,-153.5,-157.0,-157.0,-156.0,-157.0,-157.0,-156.0,-155.0,-155.0,-151.0,-150.0,-157.0,-157.0,-154.5,-157.0,-157.0,-157.0,-157.0,-157.0,-157.0,-157.0,-157.0,-157.0,-153.0,-150.5,-157.0,-155.5,-154.0,-157.0,-157.0,-155.5,-156.5,-154.0,-153.5,-153.0,-153.5,-157.0,-157.0,-156.5,-157.0,-152.0,-153.0,-152.5,-157.0,-154.0,-151.0,-153.0,-157.0,-157.0,-151.5,-151.0,-151.0,-157.0,-157.0,-157.0,-157.0,-157.0,-157.0,-157.0,-157.0,-154.5,-157.0,-157.0,-157.0,-157.0,-151.0,-155.0,-157.0,-155.5,-157.0
2026-01-17 14:13:46.766,143.049967,5,-77,-157.0,-157.0,-157.0,-154.5,-151.0,-155.0,-156.0,-157.0,-157.0,-157.0,-150.5,-155.0,-156.0,-154.5,-154.5,-157.0,-156.0,-157.0,-151.0,-151.5,-155.0,-153.0,-155.0,-154.5,-154.0,-155.0,-157.0,-153.0,-153.0,-157.0,-157.0,-157.0,-154.5,-157.0,-157.0,-156.5,-153.5,-157.0,-157.0,-157.0,-157.0,-157.0,-156.0,-154.0,-152.5,-151.0,-153.5,-152.5,-156.5,-156.0,-153.5,-152.5,-153.0,-157.0,-157.0,-153.5,-157.0,-157.0,-157.0,-157.0,-157.0,-157.0,-156.5,-155.0,-157.0,-153.0,-157.0,-157.0,-157.0,-157.0,-157.0,-155.5,-157.0,-157.0,-157.0,-157.0,-150.0,-152.5,-153.0,-157.0,-154.0,-157.0,-152.5,-153.0,-156.0,-157.0,-157.0,-157.0,-157.0,-156.0,-149.0,-151.0,-157.0,-157.0,-157.0,-157.0,-156.5,-153.5,-153.0,-153.5,-154.5,-156.5,-157.0,-156.5,-155.5,-157.0,-157.0,-157.0,-157.0,-156.0,-156.5,-154.5,-157.0,-155.0,-157.0,-157.0,-157.0,-157.0,-157.0,-157.0,-157.0,-152.5,-157.0,-156.0,-157.0,-157.0,-157.0,-157.0,-156.5,-155.5,-151.5,-150.0,-157.0,-155.0,-157.0,-157.0,-157.0,-157.0,-157.0,-157.0,-157.0,-153.5,-154.5,-156.0,-152.5,-156.0,-157.0,-157.0,-153.0,-157.0,-157.0,-157.0,-156.0,-157.0,-157.0,-157.0,-157.0,-157.0,-156.0,-157.0,-156.0,-155.0,-152.5,-152.0,-156.5,-156.0,-157.0,-157.0,-157.0,-157.0,-153.0,-151.0,-152.5,-157.0,-155.5,-150.5,-153.0,-157.0,-157.0,-155.0,-157.0,-157.0,-156.0,-157.0,-153.0,-154.5,-157.0,-157.0,-153.0,-154.5,-150.5,-154.0,-155.5,-157.0,-150.5,-154.0,-157.0,-157.0,-157.0,-156.0,-157.0,-153.0,-156.0,-157.0,-157.0,-154.0,-150.0,-154.0,-156.0,-156.0,-157.0,-157.0,-152.0,-155.5,-154.0,-154.5,-157.0,-157.0,-157.0,-157.0,-157.0,-156.0,-152.0,-153.0,-157.0,-153.0,-153.0,-148.0,-148.0,-154.5,-157.0,-157.0,-156.5,-157.0,-156.5,-157.0,-157.0,-157.0,-153.5,-152.0,-154.5,-151.5,-149.0,-148.0,-157.0,-157.0,-157.0,-151.5,-156.5,-157.0,-153.0,-154.5,-155.5,-157.0,-157.0,-157.0,-155.0,-154.5,-151.5,-156.0,-153.5,-157.0,-152.0,-153.0,-155.0,-157.0,-157.0,-153.0,-154.0,-157.0,-156.0,-156.0,-155.0,-157.0,-157.0,-154.0,-152.5,-150.0,-157.0,-156.5,-157.0,-157.0,-151.0,-150.5,-151.0,-157.0,-157.0,-157.0,-157.0,-156.5,-151.0,-152.0,-157.0,-156.0,-157.0,-157.0,-154.0,-152.0,-154.5,-157.0,-156.0,-156.0,-152.5,-156.5,-157.0,-157.0,-157.0,-157.0,-153.5,-152.5,-157.0,-152.0,-157.0,-154.0,-155.0,-155.0,-151.5,-157.0,-157.0,-157.0,-155.5,-154.5,-154.0,-151.0,-154.0,-153.0,-157.0,-157.0,-157.0,-153.0,-156.5,-156.0,-157.0,-157.0,-157.0,-157.0,-157.0,-157.0,-156.5,-155.5,-157.0,-157.0,-154.5,-157.0,-156.5,-157.0,-157.0,-157.0,-155.5,-139.5,-139.0,-154.0,-155.0,-157.0,-156.0,-157.0,-157.0,-157.0,-157.0,-152.5,-154.0,-157.0,-155.5,-157.0,-157.0,-154.0,-156.0,-157.0,-157.0,-157.0,-154.5,-152.5,-152.5,-153.5,-157.0,-157.0,-153.5,-154.5,-156.5,-156.0,-157.0,-157.0,-157.0,-157.0,-153.5,-152.0,-156.0,-157.0,-157.0,-157.0,-157.0,-155.5,-157.0,-154.5,-157.0,-157.0,-156.5,-157.0,-153.0,-156.0,-154.0,-151.0,-155.5,-155.0,-152.0,-155.0,-157.0,-157.0,-157.0,-156.0,-157.0,-157.0,-157.0,-155.5,-152.0,-154.0,-157.0,-157.0,-155.0,-155.0,-157.0,-154.0,-157.0,-156.5,-155.5,-157.0,-157.0,-157.0,-155.0,-153.5,-156.0,-157.0,-155.5,-156.5,-155.5,-155.0,-157.0,-157.0,-154.5,-157.0,-150.5,-152.5,-157.0,-154.5,-153.0,-153.5,-154.0,-152.0,-152.0,-152.5,-151.5,-151.5,-156.0,-155.0,-153.0,-149.0,-151.5,-157.0,-154.5,-157.0,-157.0,-155.0,-156.0,-157.0,-157.0,-153.5,-154.5,-152.0,-154.5,-156.0,-149.5,-152.0,-152.5,-151.5,-157.0
2026-01-17 14:13:46.801,143.049967,5,-77,-157.0,-157.0,-157.0,-157.0,-151.0,-157.0,-155.5,-157.0,-157.0,-156.0,-150.0,-153.5,-156.0,-154.0,-152.5,-157.0,-157.0,-157.0,-151.5,-155.0,-157.0,-153.0,-155.5,-152.0,-151.5,-152.5,-154.5,-157.0,-154.0,-156.0,-153.5,-157.0,-152.5,-157.0,-157.0,-157.0,-157.0,-157.0,-157.0,-157.0,-153.5,-153.5,-157.0,-157.0,-150.0,-149.0,-154.0,-153.0,-157.0,-156.5,-154.5,-156.0,-154.0,-157.0,-156.0,-154.0,-155.5,-157.0,-155.0,-156.5,-156.0,-155.0,-154.0,-151.5,-156.5,-156.5,-157.0,-157.0,-157.0,-157.0,-157.0,-156.5,-157.0,-157.0,-157.0,-154.5,-151.0,-154.0,-151.5,-153.5,-153.0,-157.0,-155.5,-153.0,-153.5,-156.5,-156.5,-157.0,-156.0,-157.0,-149.5,-150.0,-157.0,-157.0,-157.0,-157.0,-154.5,-154.0,-157.0,-155.5,-155.5,-157.0,-157.0,-157.0,-154.5,-157.0,-157.0,-157.0,-157.0,-157.0,-157.0,-154.5,-157.0,-156.5,-157.0,-157.0,-157.0,-157.0,-157.0,-157.0,-157.0,-154.5,-155.5,-152.0,-157.0,-157.0,-157.0,-157.0,-157.0,-152.5,-153.5,-151.5,-157.0,-155.5,-157.0,-157.0,-157.0,-157.0,-157.0,-157.0,-157.0,-156.5,-156.5,-157.0,-155.5,-157.0,-157.0,-157.0,-153.5,-157.0,-157.0,-157.0,-157.0,-157.0,-157.0,-154.5,-157.0,-157.0,-157.0,-157.0,-157.0,-157.0,-150.0,-152.5,-156.5,-156.5,-157.0,-157.0,-157.0,-157.0,-152.0,-152.5,-156.5,-155.0,-150.0,-151.5,-152.0,-157.0,-155.0,-151.5,-153.5,-157.0,-157.0,-157.0,-157.0,-157.0,-157.0,-157.0,-153.5,-157.0,-149.0,-151.0,-157.0,-157.0,-152.5,-155.5,-157.0,-157.0,-153.0,-156.0,-157.0,-157.0,-154.0,-157.0,-157.0,-155.5,-150.0,-152.0,-157.0,-152.0,-153.0,-157.0,-154.0,-157.0,-157.0,-152.0,-153.5,-157.0,-157.0,-157.0,-156.0,-157.0,-157.0,-157.0,-157.0,-150.5,-151.0,-150.5,-149.0,-157.0,-155.5,-157.0,-157.0,-153.5,-154.5,-152.5,-155.0,-156.5,-153.0,-153.0,-157.0,-150.5,-147.0,-148.5,-157.0,-157.0,-157.0,-152.0,-157.0,-156.5,-152.0,-157.0,-157.0,-157.0,-157.0,-157.0,-154.5,-154.5,-151.0,-153.0,-157.0,-157.0,-154.0,-157.0,-157.0,-157.0,-157.0,-157.0,-155.0,-157.0,-157.0,-157.0,-157.0,-154.0,-153.5,-152.5,-157.0,-155.0,-157.0,-157.0,-157.0,-157.0,-151.5,-152.5,-150.0,-150.0,-154.5,-157.0,-154.5,-151.5,-150.0,-152.5,-157.0,-152.5,-152.0,-157.0,-157.0,-157.0,-157.0,-157.0,-155.0,-157.0,-153.0,-157.0,-157.0,-153.0,-151.0,-157.0,-152.5,-149.0,-152.0,-149.5,-157.0,-155.5,-156.0,-155.0,-152.5,-157.0,-157.0,-157.0,-157.0,-157.0,-149.5,-149.5,-150.5,-154.0,-157.0,-151.5,-150.5,-152.0,-151.5,-157.0,-157.0,-155.5,-157.0,-156.0,-157.0,-157.0,-157.0,-153.0,-152.5,-157.0,-155.5,-157.0,-157.0,-157.0,-157.0,-157.0,-157.0,-138.5,-139.5,-157.0,-156.5,-157.0,-157.0,-157.0,-157.0,-157.0,-157.0,-154.0,-155.0,-157.0,-155.0,-157.0,-157.0,-157.0,-152.5,-157.0,-157.0,-155.5,-151.0,-150.0,-157.0,-154.0,-152.0,-156.0,-151.0,-151.5,-154.0,-155.5,-157.0,-155.0,-155.5,-157.0,-155.5,-157.0,-156.0,-155.0,-152.0,-152.0,-153.5,-157.0,-154.0,-153.0,-157.0,-157.0,-156.5,-157.0,-154.5,-151.0,-157.0,-150.0,-151.5,-157.0,-153.5,-155.5,-155.5,-157.0,-157.0,-157.0,-156.5,-157.0,-157.0,-157.0,-157.0,-157.0,-155.0,-152.0,-154.0,-157.0,-152.0,-151.5,-157.0,-154.0,-157.0,-157.0,-154.5,-153.5,-157.0,-157.0,-157.0,-155.5,-154.0,-157.0,-154.5,-155.0,-157.0,-157.0,-153.5,-157.0,-150.0,-153.5,-157.0,-154.5,-155.0,-155.0,-157.0,-152.0,-152.5,-153.0,-156.0,-154.0,-155.0,-155.0,-157.0,-152.5,-155.0,-157.0,-152.0,-154.0,-157.0,-153.0,-156.5,-157.0,-157.0,-156.0,-154.0,-151.5,-153.0,-157.0,-154.5,-154.0,-154.0,-152.0,-155.0
2026-01-17 14:13:46.832,143.049967,5,-77,-157.0,-157.0,-157.0,-157.0,-152.5,-156.5,-157.0,-157.0,-153.5,-152.0,-152.0,-155.0,-157.0,-157.0,-153.0,-156.5,-157.0,-155.5,-152.5,-153.5,-157.0,-157.0,-157.0,-155.0,-153.0,-152.0,-151.5,-157.0,-157.0,-157.0,-153.0,-152.5,-151.0,-157.0,-157.0,-157.0,-157.0,-157.0,-157.0,-157.0,-153.5,-156.5,-157.0,-157.0,-153.5,-151.5,-157.0,-157.0,-157.0,-157.0,-155.5,-154.5,-154.0,-156.0,-157.0,-157.0,-156.0,-157.0,-155.0,-154.0,-157.0,-153.5,-154.5,-153.5,-157.0,-157.0,-157.0,-157.0,-157.0,-154.5,-155.0,-156.5,-153.5,-153.5,-155.5,-154.0,-154.5,-157.0,-152.5,-157.0,-153.5,-157.0,-157.0,-154.0,-156.0,-157.0,-157.0,-157.0,-157.0,-157.0,-153.0,-151.5,-157.0,-157.0,-155.0,-156.0,-157.0,-157.0,-154.0,-156.5,-157.0,-157.0,-157.0,-155.0,-153.5,-157.0,-157.0,-157.0,-157.0,-157.0,-157.0,-157.0,-157.0,-157.0,-154.5,-154.0,-157.0,-157.0,-157.0,-157.0,-155.0,-153.0,-152.5,-150.0,-157.0,-157.0,-157.0,-157.0,-157.0,-152.0,-155.5,-153.0,-157.0,-153.0,-154.0,-157.0,-157.0,-156.5,-157.0,-157.0,-156.5,-155.0,-157.0,-156.5,-157.0,-157.0,-157.0,-157.0,-157.0,-157.0,-154.0,-155.0,-157.0,-157.0,-157.0,-153.5,-157.0,-155.5,-155.5,-157.0,-157.0,-157.0,-150.5,-156.5,-157.0,-157.0,-156.0,-157.0,-157.0,-154.5,-155.0,-157.0,-157.0,-153.5,-148.5,-149.5,-153.0,-156.5,-156.0,-152.0,-152.0,-155.0,-157.0,-157.0,-157.0,-157.0,-157.0,-157.0,-156.5,-154.0,-152.0,-153.5,-155.0,-152.5,-151.0,-155.0,-157.0,-155.5,-151.0,-151.5,-153.5,-157.0,-153.5,-153.5,-156.5,-154.0,-151.0,-152.5,-156.0,-153.0,-156.0,-154.5,-153.5,-157.0,-156.0,-154.5,-154.0,-153.5,-155.5,-155.0,-154.0,-156.0,-157.0,-157.0,-155.5,-152.0,-155.0,-153.5,-154.5,-154.5,-154.0,-157.0,-150.0,-149.0,-157.0,-153.5,-155.0,-156.0,-152.5,-157.0,-157.0,-155.5,-147.5,-148.0,-154.5,-157.0,-156.0,-153.0,-154.0,-157.0,-154.0,-157.0,-157.0,-157.0,-157.0,-157.0,-156.5,-157.0,-152.0,-153.5,-157.0,-154.0,-152.0,-154.5,-157.0,-157.0,-157.0,-157.0,-156.5,-157.0,-157.0,-157.0,-156.5,-152.0,-151.5,-155.5,-157.0,-157.0,-157.0,-157.0,-157.0,-157.0,-156.5,-157.0,-153.0,-150.0,-152.5,-157.0,-150.5,-153.5,-151.5,-157.0,-157.0,-152.0,-149.0,-149.5,-152.0,-157.0,-157.0,-151.5,-151.5,-157.0,-156.5,-157.0,-157.0,-149.5,-148.5,-154.5,-151.0,-149.5,-150.0,-149.5,-156.0,-157.0,-157.0,-152.0,-153.0,-157.0,-157.0,-157.0,-157.0,-157.0,-150.0,-153.5,-152.0,-157.0,-157.0,-150.5,-148.5,-157.0,-154.5,-157.0,-152.0,-150.5,-155.5,-154.0,-155.5,-155.5,-157.0,-152.5,-153.0,-156.5,-154.5,-157.0,-157.0,-157.0,-157.0,-157.0,-148.5,-138.5,-142.5,-156.5,-155.5,-157.0,-154.0,-152.5,-157.0,-157.0,-157.0,-157.0,-157.0,-154.5,-154.5,-153.0,-157.0,-155.0,-150.5,-152.5,-157.0,-157.0,-154.0,-152.0,-157.0,-155.0,-151.0,-153.0,-155.0,-155.5,-154.5,-157.0,-157.0,-152.5,-150.5,-155.0,-156.0,-157.0,-157.0,-157.0,-152.5,-153.0,-156.5,-157.0,-156.0,-157.0,-155.0,-155.5,-156.5,-156.5,-154.5,-152.0,-157.0,-154.0,-154.0,-153.5,-154.0,-157.0,-153.0,-157.0,-157.0,-157.0,-155.0,-154.0,-154.5,-156.5,-157.0,-155.5,-155.5,-152.5,-153.5,-157.0,-155.5,-154.5,-153.0,-151.5,-157.0,-157.0,-154.5,-152.5,-157.0,-157.0,-157.0,-154.5,-154.0,-157.0,-157.0,-157.0,-157.0,-157.0,-153.5,-155.5,-152.0,-153.5,-154.0,-154.5,-157.0,-156.5,-157.0,-153.5,-157.0,-155.5,-157.0,-157.0,-155.5,-157.0,-157.0,-155.5,-157.0,-157.0,-154.0,-150.5,-152.0,-154.5,-156.5,-157.0,-157.0,-157.0,-157.0,-157.0,-154.0,-157.0,-157.0,-154.5,-156.5,-151.0,-157.0
2026-01-17 14:13:46.866,143.049967,5,-77,-157.0,-157.0,-157.0,-155.5,-156.0,-157.0,-157.0,-155.0,-155.5,-153.5,-157.0,-155.0,-157.0,-157.0,-155.5,-157.0,-157.0,-157.0,-157.0,-152.5,-154.5,-157.0,-157.0,-157.0,-155.5,-156.0,-152.5,-154.0,-157.0,-157.0,-155.0,-156.5,-154.5,-157.0,-157.0,-157.0,-157.0,-157.0,-157.0,-157.0,-156.0,-156.0,-157.0,-156.5,-157.0,-152.0,-157.0,-154.5,-155.5,-157.0,-154.5,-151.0,-150.0,-150.0,-157.0,-157.0,-157.0,-157.0,-157.0,-156.5,-157.0,-156.0,-154.0,-153.5,-157.0,-157.0,-157.0,-157.0,-157.0,-156.0,-157.0,-157.0,-153.0,-152.5,-153.0,-152.5,-155.0,-156.5,-155.5,-157.0,-156.5,-157.0,-157.0,-154.0,-154.5,-157.0,-155.5,-153.0,-157.0,-153.5,-156.5,-154.5,-157.0,-157.0,-155.0,-153.0,-156.5,-155.5,-151.5,-157.0,-157.0,-157.0,-157.0,-157.0,-157.0,-157.0,-157.0,-157.0,-157.0,-153.5,-153.0,-157.0,-157.0,-157.0,-153.0,-154.0,-157.0,-157.0,-157.0,-157.0,-152.0,-152.0,-156.0,-154.5,-157.0,-157.0,-157.0,-157.0,-157.0,-155.0,-154.0,-153.5,-157.0,-154.0,-154.0,-152.5,-155.0,-154.5,-155.5,-157.0,-152.0,-154.0,-153.0,-156.0,-157.0,-157.0,-157.0,-157.0,-157.0,-153.5,-151.5,-154.5,-154.0,-157.0,-156.5,-154.5,-157.0,-153.5,-153.0,-157.0,-157.0,-157.0,-151.0,-154.0,-157.0,-157.0,-155.0,-156.0,-153.5,-156.0,-155.5,-157.0,-157.0,-156.0,-155.5,-152.0,-156.5,-155.0,-157.0,-156.5,-154.0,-156.5,-157.0,-157.0,-156.0,-154.0,-156.0,-157.0,-157.0,-154.5,-154.0,-157.0,-153.5,-157.0,-152.0,-156.0,-157.0,-151.0,-152.0,-155.0,-153.5,-157.0,-157.0,-157.0,-157.0,-156.5,-155.0,-157.0,-153.5,-155.0,-157.0,-155.5,-153.0,-157.0,-156.5,-157.0,-157.0,-157.0,-157.0,-157.0,-155.5,-152.5,-156.5,-154.0,-151.0,-150.5,-154.5,-152.0,-153.5,-151.0,-157.0,-153.0,-148.0,-147.0,-157.0,-157.0,-153.5,-155.5,-153.5,-156.0,-156.5,-157.0,-146.5,-144.5,-152.0,-157.0,-156.0,-157.0,-155.5,-156.0,-153.0,-157.0,-157.0,-157.0,-157.0,-157.0,-157.0,-157.0,-157.0,-155.5,-155.5,-152.5,-152.0,-152.0,-153.5,-157.0,-156.0,-157.0,-157.0,-154.0,-155.0,-157.0,-157.0,-157.0,-154.0,-157.0,-157.0,-157.0,-157.0,-157.0,-157.0,-157.0,-157.0,-153.5,-156.0,-153.5,-152.0,-155.5,-151.0,-156.0,-151.0,-153.5,-154.0,-155.5,-153.0,-152.0,-156.0,-154.5,-157.0,-152.5,-151.5,-157.0,-157.0,-154.5,-157.0,-152.5,-152.5,-155.0,-156.0,-154.0,-153.0,-156.0,-157.0,-154.5,-155.5,-155.0,-152.0,-155.0,-157.0,-157.0,-155.0,-157.0,-153.5,-156.5,-154.5,-156.0,-154.5,-154.0,-153.0,-157.0,-155.5,-154.0,-152.5,-152.5,-156.5,-153.5,-157.0,-157.0,-157.0,-156.5,-157.0,-157.0,-153.5,-153.0,-157.0,-157.0,-155.5,-157.0,-145.0,-139.5,-146.0,-157.0,-156.5,-155.5,-154.5,-151.5,-157.0,-156.5,-157.0,-156.0,-155.0,-154.5,-153.0,-151.0,-155.0,-157.0,-154.0,-152.5,-157.0,-154.0,-155.0,-153.5,-152.0,-152.0,-151.0,-157.0,-157.0,-153.0,-152.5,-157.0,-157.0,-156.0,-152.0,-153.0,-155.5,-152.5,-154.5,-157.0,-155.5,-156.5,-155.0,-157.0,-155.0,-157.0,-153.0,-155.0,-155.5,-157.0,-157.0,-157.0,-157.0,-157.0,-157.0,-157.0,-157.0,-157.0,-152.5,-157.0,-157.0,-157.0,-155.0,-155.0,-156.0,-153.0,-153.5,-155.0,-157.0,-154.0,-153.5,-153.0,-157.0,-157.0,-152.5,-150.0,-152.5,-155.5,-157.0,-155.5,-157.0,-157.0,-157.0,-157.0,-157.0,-157.0,-157.0,-157.0,-154.0,-154.5,-157.0,-155.5,-154.5,-153.5,-154.0,-157.0,-157.0,-157.0,-151.5,-150.5,-157.0,-157.0,-157.0,-154.5,-152.0,-154.5,-155.0,-156.0,-157.0,-157.0,-157.0,-151.5,-151.5,-151.5,-154.5,-157.0,-157.0,-157.0,-157.0,-157.0,-153.0,-150.5,-150.0,-149.5,-149.0,-148.0,-157.0
2026-01-17 14:13:46.899,143.049967,5,-77,-157.0,-157.0,-157.0,-156.0,-157.0,-157.0,-157.0,-157.0,-157.0,-157.0,-157.0,-152.5,-151.0,-157.0,-157.0,-157.0,-157.0,-157.0,-156.5,-153.5,-152.5,-157.0,-157.0,-156.5,-157.0,-157.0,-154.5,-154.5,-157.0,-157.0,-154.0,-157.0,-157.0,-157.0,-155.5,-155.0,-155.5,-157.0,-156.0,-157.0,-157.0,-156.0,-157.0,-155.5,-157.0,-150.5,-151.0,-154.0,-156.5,-157.0,-155.0,-151.0,-152.5,-150.0,-157.0,-157.0,-157.0,-157.0,-157.0,-157.0,-156.0,-152.0,-152.5,-154.5,-154.5,-155.0,-157.0,-157.0,-157.0,-157.0,-157.0,-157.0,-157.0,-153.0,-154.0,-154.0,-154.5,-155.5,-157.0,-157.0,-157.0,-157.0,-154.5,-154.5,-156.5,-157.0,-156.5,-151.5,-154.0,-151.5,-154.0,-157.0,-157.0,-153.5,-150.0,-151.5,-154.0,-150.5,-151.0,-157.0,-157.0,-157.0,-157.0,-156.5,-154.0,-155.0,-157.0,-156.0,-156.5,-153.5,-153.0,-157.0,-157.0,-157.0,-157.0,-157.0,-156.5,-157.0,-157.0,-157.0,-151.5,-152.0,-157.0,-157.0,-157.0,-154.5,-153.5,-153.5,-153.0,-154.5,-157.0,-157.0,-157.0,-157.0,-153.0,-150.5,-157.0,-157.0,-155.5,-154.0,-154.0,-157.0,-155.0,-157.0,-157.0,-157.0,-155.0,-152.0,-151.5,-152.0,-151.5,-155.5,-153.0,-157.0,-157.0,-152.0,-156.0,-154.0,-155.0,-157.0,-157.0,-157.0,-156.0,-152.5,-153.5,-153.0,-154.5,-157.0,-154.5,-157.0,-156.0,-154.0,-152.0,-152.5,-157.0,-154.0,-157.0,-153.0,-154.5,-157.0,-155.0,-157.0,-157.0,-155.0,-153.5,-157.0,-157.0,-155.5,-156.5,-156.5,-154.0,-156.5,-154.5,-153.5,-152.5,-157.0,-157.0,-151.0,-153.0,-157.0,-153.5,-157.0,-157.0,-157.0,-157.0,-157.0,-157.0,-157.0,-154.5,-157.0,-157.0,-156.5,-154.5,-152.5,-154.0,-157.0,-157.0,-157.0,-157.0,-157.0,-156.0,-153.0,-154.0,-152.0,-153.5,-152.0,-155.5,-149.5,-155.0,-153.5,-156.5,-155.5,-155.5,-151.0,-157.0,-155.5,-157.0,-155.0,-155.5,-153.5,-156.0,-157.0,-146.5,-144.5,-154.0,-154.5,-153.0,-154.5,-154.5,-157.0,-152.5,-152.5,-157.0,-157.0,-157.0,-157.0,-157.0,-156.0,-154.0,-156.0,-154.0,-153.5,-155.5,-152.5,-155.0,-157.0,-154.0,-156.0,-155.5,-157.0,-154.0,-156.5,-157.0,-157.0,-154.0,-156.0,-157.0,-157.0,-157.0,-157.0,-157.0,-155.0,-157.0,-152.0,-155.5,-156.0,-154.0,-157.0,-152.5,-156.5,-151.0,-154.5,-154.0,-153.5,-157.0,-157.0,-157.0,-155.0,-155.5,-157.0,-152.5,-154.0,-155.5,-153.0,-157.0,-157.0,-157.0,-152.0,-154.5,-155.0,-154.5,-157.0,-157.0,-151.5,-151.0,-156.0,-150.5,-151.0,-157.0,-157.0,-154.5,-157.0,-157.0,-157.0,-157.0,-155.5,-153.5,-153.5,-157.0,-157.0,-157.0,-153.5,-154.0,-157.0,-157.0,-157.0,-157.0,-157.0,-155.0,-155.0,-157.0,-155.5,-153.0,-152.0,-157.0,-157.0,-154.5,-157.0,-141.5,-139.5,-149.0,-157.0,-153.5,-156.0,-155.0,-155.0,-156.0,-157.0,-157.0,-152.5,-154.0,-153.5,-154.5,-153.5,-152.0,-157.0,-156.5,-153.0,-155.5,-154.0,-155.5,-154.0,-153.0,-151.0,-152.5,-157.0,-157.0,-155.5,-155.0,-157.0,-157.0,-157.0,-157.0,-157.0,-155.5,-152.0,-156.5,-154.5,-155.5,-154.5,-153.5,-154.0,-151.5,-154.0,-154.0,-156.5,-153.5,-156.5,-157.0,-157.0,-157.0,-157.0,-157.0,-157.0,-157.0,-154.0,-151.0,-157.0,-155.0,-156.0,-157.0,-157.0,-157.0,-154.5,-153.5,-156.0,-157.0,-157.0,-156.0,-151.5,-153.5,-155.5,-157.0,-150.5,-150.5,-157.0,-157.0,-157.0,-156.0,-157.0,-157.0,-157.0,-157.0,-157.0,-157.0,-156.0,-154.0,-154.5,-157.0,-153.5,-157.0,-155.0,-155.5,-157.0,-157.0,-154.5,-154.0,-149.0,-152.0,-157.0,-155.0,-152.5,-151.5,-152.0,-153.5,-155.0,-157.0,-155.5,-157.0,-154.0,-156.0,-152.0,-153.0,-157.0,-155.0,-157.0,-155.0,-155.0,-152.0,-148.5,-152.0,-152.0,-148.5,-146.5,-157.0
2026-01-17 14:13:46.933,143.049967,5,-77,-157.0,-157.0,-154.5,-156.5,-157.0,-157.0,-157.0,-157.0,-157.0,-157.0,-157.0,-153.0,-152.0,-151.5,-157.0,-157.0,-157.0,-157.0,-154.5,-157.0,-151.5,-154.0,-156.0,-157.0,-157.0,-157.0,-154.0,-155.0,-156.0,-151.5,-149.5,-157.0,-155.0,-157.0,-157.0,-151.0,-150.0,-154.5,-157.0,-157.0,-157.0,-157.0,-157.0,-152.5,-153.0,-154.5,-150.5,-152.5,-157.0,-157.0,-156.5,-151.0,-152.5,-151.5,-157.0,-156.0,-157.0,-157.0,-155.5,-154.0,-157.0,-152.0,-153.5,-157.0,-155.5,-153.5,-157.0,-157.0,-157.0,-157.0,-157.0,-157.0,-156.0,-156.0,-157.0,-155.5,-155.5,-157.0,-157.0,-157.0,-157.0,-156.5,-156.5,-157.0,-157.0,-157.0,-156.5,-154.5,-157.0,-154.0,-156.5,-152.0,-152.5,-154.5,-149.0,-150.5,-157.0,-154.0,-153.5,-156.5,-155.5,-157.0,-157.0,-157.0,-153.5,-154.5,-157.0,-155.5,-157.0,-157.0,-156.5,-157.0,-157.0,-154.0,-157.0,-157.0,-154.0,-157.0,-156.0,-156.5,-153.5,-155.5,-157.0,-157.0,-157.0,-157.0,-153.5,-149.5,-151.0,-153.0,-153.0,-157.0,-157.0,-157.0,-157.0,-151.5,-156.5,-157.0,-151.0,-152.0,-157.0,-157.0,-157.0,-157.0,-157.0,-157.0,-154.5,-151.0,-150.5,-155.0,-157.0,-152.5,-154.0,-157.0,-157.0,-152.5,-152.5,-157.0,-157.0,-157.0,-157.0,-151.5,-151.5,-152.0,-155.0,-153.5,-156.0,-156.5,-157.0,-155.5,-157.0,-157.0,-155.0,-151.5,-157.0,-157.0,-154.5,-152.0,-154.0,-154.5,-157.0,-155.5,-155.5,-156.0,-151.5,-155.0,-157.0,-156.5,-157.0,-157.0,-157.0,-157.0,-157.0,-154.0,-157.0,-157.0,-157.0,-154.0,-156.5,-152.0,-151.5,-155.0,-153.0,-156.5,-157.0,-157.0,-157.0,-157.0,-155.0,-157.0,-157.0,-157.0,-156.0,-152.0,-153.5,-154.5,-153.5,-156.5,-157.0,-157.0,-157.0,-157.0,-157.0,-156.0,-157.0,-156.0,-157.0,-148.5,-154.5,-157.0,-157.0,-157.0,-157.0,-153.5,-157.0,-157.0,-156.0,-157.0,-153.0,-154.0,-157.0,-157.0,-149.0,-147.5,-156.0,-152.0,-150.5,-157.0,-152.5,-156.5,-156.5,-155.0,-157.0,-157.0,-157.0,-157.0,-155.5,-151.5,-151.5,-157.0,-156.0,-157.0,-156.0,-156.0,-157.0,-156.0,-157.0,-156.0,-154.0,-157.0,-154.0,-154.0,-154.0,-157.0,-155.5,-157.0,-155.5,-157.0,-157.0,-157.0,-157.0,-157.0,-157.0,-155.0,-156.0,-157.0,-156.0,-157.0,-152.0,-153.0,-151.0,-157.0,-157.0,-153.0,-157.0,-153.0,-154.5,-157.0,-156.0,-157.0,-154.5,-151.5,-154.0,-152.5,-153.0,-156.0,-157.0,-150.5,-151.5,-156.0,-156.0,-157.0,-157.0,-153.5,-152.5,-154.5,-152.5,-154.0,-157.0,-157.0,-157.0,-157.0,-157.0,-157.0,-157.0,-155.5,-157.0,-153.5,-157.0,-157.0,-157.0,-157.0,-153.0,-154.5,-157.0,-157.0,-157.0,-157.0,-153.0,-151.5,-154.5,-152.5,-157.0,-155.0,-157.0,-153.0,-151.5,-157.0,-139.0,-140.5,-155.5,-151.0,-150.5,-156.0,-156.0,-156.0,-155.5,-157.0,-153.0,-150.0,-155.0,-152.0,-153.5,-157.0,-155.0,-153.0,-153.5,-155.0,-157.0,-157.0,-157.0,-157.0,-157.0,-155.5,-157.0,-157.0,-157.0,-157.0,-157.0,-157.0,-154.5,-155.0,-157.0,-157.0,-156.0,-154.0,-157.0,-157.0,-157.0,-157.0,-153.5,-152.0,-152.0,-154.5,-155.0,-155.0,-153.0,-153.5,-157.0,-157.0,-153.5,-153.5,-157.0,-155.5,-154.0,-152.5,-152.0,-157.0,-154.5,-157.0,-157.0,-155.0,-155.5,-157.0,-157.0,-157.0,-157.0,-157.0,-157.0,-154.5,-154.0,-150.5,-153.0,-156.5,-156.0,-157.0,-157.0,-157.0,-154.0,-155.5,-156.0,-157.0,-152.0,-156.0,-157.0,-155.0,-156.5,-154.5,-157.0,-156.0,-156.0,-157.0,-156.0,-157.0,-157.0,-154.0,-157.0,-149.0,-149.5,-157.0,-152.0,-152.5,-153.0,-151.0,-154.0,-154.5,-157.0,-155.5,-157.0,-155.5,-156.0,-155.0,-157.0,-151.0,-151.5,-157.0,-154.5,-154.5,-155.0,-152.5,-157.0,-157.0,-151.5,-148.0,-157.0
2026-01-17 14:13:46.966,143.049967,5,-77,-157.0,-157.0,-154.0,-157.0,-157.0,-157.0,-157.0,-157.0,-157.0,-157.0,-157.0,-156.0,-155.5,-151.0,-157.0,-157.0,-157.0,-155.0,-153.0,-156.5,-152.0,-153.5,-154.0,-157.0,-157.0,-157.0,-155.5,-156.5,-155.5,-151.5,-149.0,-153.5,-152.5,-157.0,-157.0,-153.0,-151.0,-157.0,-157.0,-157.0,-157.0,-157.0,-157.0,-151.5,-152.0,-157.0,-157.0,-157.0,-157.0,-157.0,-157.0,-153.0,-153.0,-153.0,-155.5,-157.0,-156.0,-155.5,-153.5,-154.5,-157.0,-154.0,-152.5,-153.5,-154.5,-152.0,-155.0,-157.0,-156.5,-157.0,-155.5,-157.0,-154.5,-157.0,-157.0,-155.5,-155.5,-157.0,-157.0,-156.0,-157.0,-157.0,-157.0,-157.0,-157.0,-155.0,-157.0,-157.0,-154.0,-153.5,-157.0,-153.5,-152.0,-157.0,-154.5,-154.0,-157.0,-157.0,-157.0,-155.5,-157.0,-157.0,-157.0,-157.0,-157.0,-157.0,-157.0,-157.0,-157.0,-156.5,-153.5,-157.0,-157.0,-154.5,-155.5,-157.0,-154.0,-155.0,-154.5,-157.0,-153.5,-155.5,-157.0,-157.0,-157.0,-157.0,-157.0,-153.0,-153.0,-150.0,-153.0,-154.0,-156.0,-157.0,-157.0,-149.5,-149.5,-157.0,-152.5,-150.0,-157.0,-157.0,-157.0,-157.0,-157.0,-157.0,-156.0,-157.0,-154.0,-156.5,-157.0,-155.5,-156.5,-157.0,-157.0,-155.0,-157.0,-157.0,-157.0,-157.0,-156.0,-151.5,-152.5,-157.0,-157.0,-157.0,-157.0,-157.0,-157.0,-151.5,-153.5,-157.0,-157.0,-153.5,-155.5,-157.0,-151.0,-151.0,-153.0,-152.5,-157.0,-154.5,-156.5,-157.0,-149.0,-150.0,-154.0,-157.0,-156.0,-157.0,-157.0,-157.0,-157.0,-155.5,-157.0,-154.5,-157.0,-155.5,-157.0,-154.5,-155.0,-149.5,-148.5,-157.0,-157.0,-157.0,-157.0,-157.0,-154.5,-154.0,-157.0,-157.0,-153.0,-154.0,-153.5,-150.5,-151.0,-151.5,-156.0,-157.0,-156.0,-157.0,-157.0,-157.0,-156.5,-157.0,-157.0,-148.0,-154.0,-157.0,-157.0,-157.0,-157.0,-154.5,-157.0,-157.0,-157.0,-157.0,-151.5,-156.0,-155.0,-157.0,-147.0,-149.0,-157.0,-155.0,-152.5,-155.0,-153.5,-152.0,-152.5,-156.0,-156.0,-157.0,-157.0,-155.0,-156.5,-153.0,-153.5,-157.0,-157.0,-157.0,-152.5,-155.0,-157.0,-156.5,-156.5,-152.5,-156.5,-157.0,-155.0,-156.0,-154.5,-153.5,-155.5,-157.0,-156.0,-157.0,-156.5,-154.5,-157.0,-157.0,-155.5,-157.0,-155.5,-154.5,-157.0,-157.0,-152.5,-149.5,-148.5,-155.0,-157.0,-151.0,-152.5,-151.0,-153.0,-156.5,-155.0,-155.5,-157.0,-154.5,-154.5,-155.0,-155.5,-155.0,-157.0,-151.5,-151.5,-157.0,-156.0,-157.0,-157.0,-157.0,-156.0,-157.0,-153.0,-152.5,-156.0,-157.0,-156.5,-157.0,-157.0,-157.0,-156.0,-155.5,-157.0,-153.0,-151.0,-157.0,-156.0,-156.0,-152.5,-154.5,-157.0,-157.0,-157.0,-157.0,-157.0,-150.5,-153.0,-154.0,-157.0,-154.5,-157.0,-153.5,-152.0,-157.0,-137.5,-140.0,-155.5,-151.5,-150.0,-157.0,-157.0,-155.5,-157.0,-156.0,-150.5,-150.5,-157.0,-150.0,-149.0,-157.0,-152.5,-151.0,-154.5,-157.0,-157.0,-157.0,-157.0,-157.0,-157.0,-157.0,-157.0,-157.0,-157.0,-157.0,-157.0,-157.0,-156.0,-154.0,-157.0,-157.0,-155.0,-152.5,-156.0,-157.0,-155.0,-154.5,-153.5,-151.0,-155.0,-157.0,-157.0,-157.0,-156.0,-152.5,-152.5,-157.0,-152.5,-153.0,-157.0,-151.5,-153.0,-157.0,-157.0,-157.0,-156.0,-157.0,-157.0,-156.0,-155.5,-157.0,-157.0,-157.0,-156.0,-153.5,-154.0,-155.0,-155.5,-150.5,-152.5,-157.0,-157.0,-157.0,-157.0,-157.0,-154.5,-156.0,-157.0,-156.5,-151.5,-152.0,-155.0,-157.0,-153.5,-153.5,-157.0,-157.0,-157.0,-157.0,-156.0,-154.0,-157.0,-153.0,-155.0,-151.5,-151.0,-152.5,-150.5,-153.5,-157.0,-154.5,-151.5,-151.0,-157.0,-153.5,-153.0,-156.5,-157.0,-154.5,-154.5,-152.5,-152.5,-157.0,-153.5,-153.5,-157.0,-157.0,-156.0,-157.0,-152.0,-151.5,-157.0
2026-01-17 14:13:46.998,143.049967,5,-77,-157.0,-157.0,-154.5,-156.0,-156.5,-157.0,-157.0,-156.0,-156.0,-157.0,-157.0,-157.0,-155.5,-156.0,-157.0,-155.0,-156.5,-157.0,-154.5,-153.0,-153.0,-157.0,-152.5,-154.5,-157.0,-157.0,-157.0,-157.0,-155.5,-155.5,-154.0,-157.0,-156.0,-157.0,-157.0,-156.5,-154.0,-157.0,-157.0,-152.5,-155.5,-157.0,-155.5,-155.0,-156.5,-157.0,-157.0,-157.0,-157.0,-157.0,-156.0,-157.0,-157.0,-157.0,-157.0,-157.0,-153.5,-154.0,-153.5,-157.0,-157.0,-157.0,-155.0,-150.5,-152.5,-151.5,-154.0,-154.5,-157.0,-157.0,-150.5,-151.0,-155.5,-154.0,-151.5,-155.0,-154.5,-156.5,-157.0,-155.5,-157.0,-157.0,-155.0,-157.0,-152.0,-151.0,-157.0,-154.5,-151.5,-153.5,-157.0,-157.0,-154.5,-157.0,-157.0,-157.0,-153.0,-154.0,-157.0,-156.5,-157.0,-157.0,-157.0,-157.0,-157.0,-157.0,-157.0,-157.0,-157.0,-155.0,-150.5,-153.5,-157.0,-156.0,-154.0,-155.0,-153.5,-155.0,-157.0,-155.0,-152.0,-151.0,-157.0,-157.0,-157.0,-157.0,-157.0,-157.0,-157.0,-152.0,-155.5,-156.0,-157.0,-157.0,-155.5,-151.0,-151.5,-157.0,-156.5,-149.5,-152.0,-157.0,-156.5,-157.0,-157.0,-157.0,-157.0,-156.5,-152.5,-152.0,-157.0,-157.0,-155.5,-154.5,-157.0,-151.0,-152.0,-152.5,-157.0,-157.0,-156.0,-156.5,-157.0,-157.0,-157.0,-157.0,-157.0,-157.0,-152.5,-152.0,-155.0,-153.0,-157.0,-157.0,-157.0,-157.0,-152.0,-155.5,-154.0,-154.0,-157.0,-151.5,-154.0,-155.5,-150.0,-154.5,-152.5,-154.5,-157.0,-156.5,-154.0,-154.0,-155.5,-154.0,-157.0,-149.5,-150.0,-157.0,-157.0,-157.0,-157.0,-150.0,-148.0,-155.0,-155.0,-155.0,-157.0,-156.5,-157.0,-154.5,-157.0,-157.0,-154.5,-153.5,-157.0,-153.5,-157.0,-154.0,-156.5,-157.0,-155.5,-157.0,-157.0,-150.5,-152.5,-157.0,-153.0,-149.5,-157.0,-157.0,-157.0,-157.0,-157.0,-157.0,-157.0,-157.0,-157.0,-157.0,-150.0,-152.0,-151.5,-151.0,-145.0,-146.0,-157.0,-156.0,-156.5,-155.0,-157.0,-157.0,-151.5,-157.0,-154.0,-152.5,-155.5,-157.0,-155.5,-156.0,-157.0,-157.0,-156.5,-153.5,-154.0,-151.5,-157.0,-157.0,-155.0,-152.0,-157.0,-156.5,-155.5,-156.0,-157.0,-154.0,-157.0,-157.0,-156.0,-157.0,-153.0,-153.5,-157.0,-153.0,-155.0,-156.5,-157.0,-153.0,-154.0,-156.5,-157.0,-151.0,-150.0,-157.0,-157.0,-153.0,-152.5,-152.5,-156.0,-152.5,-156.0,-155.5,-157.0,-157.0,-157.0,-155.0,-156.0,-152.5,-156.5,-156.0,-155.0,-157.0,-157.0,-157.0,-157.0,-157.0,-157.0,-153.0,-149.0,-151.5,-154.0,-154.5,-156.5,-157.0,-157.0,-157.0,-155.5,-157.0,-157.0,-151.0,-149.5,-157.0,-156.0,-157.0,-157.0,-155.5,-154.5,-154.0,-156.5,-157.0,-156.5,-150.5,-155.0,-157.0,-157.0,-152.0,-153.0,-157.0,-157.0,-157.0,-138.5,-144.0,-153.0,-157.0,-153.0,-157.0,-154.5,-154.0,-157.0,-157.0,-155.5,-155.5,-157.0,-150.5,-148.5,-154.0,-154.0,-151.5,-157.0,-157.0,-157.0,-157.0,-156.5,-157.0,-157.0,-157.0,-157.0,-157.0,-157.0,-157.0,-154.5,-155.5,-157.0,-157.0,-157.0,-153.5,-154.0,-155.0,-153.0,-157.0,-156.5,-157.0,-157.0,-153.5,-155.0,-157.0,-157.0,-155.5,-154.0,-154.5,-154.5,-157.0,-156.0,-157.0,-156.5,-154.0,-156.5,-157.0,-157.0,-157.0,-155.5,-156.0,-157.0,-155.5,-155.5,-155.5,-157.0,-157.0,-155.5,-152.0,-152.0,-153.5,-154.5,-154.5,-153.5,-157.0,-155.5,-156.5,-157.0,-157.0,-155.0,-155.5,-157.0,-157.0,-154.5,-151.0,-154.5,-156.5,-156.0,-153.0,-153.5,-157.0,-157.0,-157.0,-157.0,-154.5,-157.0,-151.0,-150.0,-157.0,-152.5,-153.0,-153.5,-154.0,-157.0,-157.0,-151.0,-151.0,-157.0,-155.5,-153.5,-153.0,-157.0,-154.5,-151.5,-157.0,-156.5,-156.0,-153.0,-156.0,-157.0,-156.5,-157.0,-151.0,-150.5,-155.5,-157.0
2026-01-17 14:13:47.033,143.049967,5,-77,-157.0,-157.0,-155.0,-157.0,-157.0,-157.0,-157.0,-157.0,-157.0,-156.0,-155.0,-157.0,-156.5,-157.0,-154.5,-154.5,-154.0,-157.0,-157.0,-153.5,-155.5,-155.5,-154.0,-157.0,-157.0,-156.0,-156.0,-157.0,-157.0,-157.0,-157.0,-157.0,-157.0,-157.0,-157.0,-157.0,-157.0,-157.0,-157.0,-150.0,-153.5,-157.0,-153.5,-155.5,-157.0,-157.0,-157.0,-157.0,-156.5,-153.5,-153.0,-157.0,-157.0,-157.0,-157.0,-151.5,-153.0,-156.0,-153.0,-154.0,-157.0,-157.0,-157.0,-155.0,-156.5,-153.5,-150.5,-151.5,-157.0,-157.0,-151.0,-151.5,-157.0,-149.0,-147.5,-152.0,-154.0,-155.0,-157.0,-157.0,-157.0,-157.0,-153.5,-154.5,-154.0,-152.5,-155.5,-157.0,-155.0,-157.0,-157.0,-157.0,-156.0,-157.0,-157.0,-153.5,-149.5,-151.0,-157.0,-155.5,-157.0,-157.0,-157.0,-157.0,-157.0,-157.0,-157.0,-157.0,-157.0,-157.0,-152.5,-153.5,-157.0,-155.5,-153.0,-156.0,-155.5,-157.0,-157.0,-157.0,-157.0,-152.0,-157.0,-157.0,-154.5,-153.5,-157.0,-157.0,-157.0,-152.5,-152.0,-157.0,-157.0,-155.5,-151.0,-154.5,-157.0,-157.0,-155.0,-152.5,-153.0,-157.0,-153.0,-157.0,-157.0,-157.0,-156.0,-153.0,-154.0,-156.0,-156.5,-157.0,-153.0,-151.0,-157.0,-151.5,-149.5,-155.0,-157.0,-157.0,-157.0,-157.0,-152.0,-152.5,-156.0,-154.0,-152.5,-157.0,-157.0,-157.0,-157.0,-152.5,-157.0,-157.0,-157.0,-152.5,-153.0,-156.0,-157.0,-156.0,-157.0,-154.0,-157.0,-157.0,-155.0,-153.0,-155.0,-156.0,-156.5,-150.5,-151.5,-154.5,-156.5,-155.5,-156.5,-149.0,-148.5,-157.0,-157.0,-157.0,-157.0,-153.0,-151.5,-157.0,-155.0,-155.0,-157.0,-157.0,-157.0,-157.0,-157.0,-157.0,-156.0,-153.5,-157.0,-156.0,-157.0,-157.0,-157.0,-157.0,-157.0,-157.0,-154.0,-148.0,-151.5,-152.0,-150.5,-150.0,-154.5,-157.0,-157.0,-157.0,-157.0,-156.0,-157.0,-156.5,-157.0,-157.0,-153.0,-151.5,-151.0,-150.5,-146.5,-145.0,-154.5,-157.0,-157.0,-156.0,-154.5,-156.5,-154.0,-157.0,-154.0,-153.5,-156.0,-157.0,-155.0,-156.0,-157.0,-153.0,-151.5,-151.0,-154.5,-152.0,-157.0,-157.0,-157.0,-156.5,-155.5,-157.0,-154.0,-151.5,-154.0,-155.0,-156.0,-155.0,-157.0,-157.0,-156.0,-155.5,-157.0,-155.0,-155.5,-154.5,-155.0,-154.0,-153.5,-152.0,-155.0,-154.5,-157.0,-156.5,-157.0,-157.0,-153.0,-154.0,-154.0,-154.5,-157.0,-157.0,-157.0,-157.0,-153.0,-152.5,-152.5,-150.5,-157.0,-157.0,-155.5,-157.0,-157.0,-157.0,-157.0,-155.0,-151.5,-148.0,-148.0,-155.5,-153.0,-157.0,-157.0,-157.0,-156.5,-157.0,-153.5,-154.0,-157.0,-150.0,-150.5,-157.0,-157.0,-157.0,-157.0,-157.0,-152.0,-151.5,-150.0,-154.5,-155.0,-155.0,-154.5,-157.0,-157.0,-154.0,-154.0,-157.0,-157.0,-156.0,-138.5,-150.5,-156.5,-157.0,-154.0,-157.0,-150.5,-150.5,-152.5,-157.0,-157.0,-154.5,-155.0,-154.5,-152.5,-152.5,-154.5,-157.0,-157.0,-154.5,-155.0,-154.5,-153.5,-157.0,-157.0,-157.0,-157.0,-157.0,-157.0,-157.0,-155.5,-154.5,-157.0,-157.0,-156.5,-150.5,-154.5,-157.0,-155.5,-157.0,-157.0,-157.0,-157.0,-155.5,-157.0,-157.0,-157.0,-157.0,-154.0,-157.0,-157.0,-157.0,-157.0,-157.0,-157.0,-157.0,-157.0,-156.0,-157.0,-157.0,-157.0,-157.0,-157.0,-156.5,-157.0,-157.0,-157.0,-157.0,-154.0,-151.5,-152.0,-157.0,-157.0,-157.0,-157.0,-157.0,-154.0,-153.0,-157.0,-157.0,-157.0,-153.0,-155.5,-157.0,-154.0,-152.0,-153.5,-151.5,-153.0,-153.5,-155.5,-155.5,-153.5,-157.0,-154.0,-155.0,-157.0,-156.5,-151.5,-153.5,-154.0,-155.5,-155.5,-152.5,-157.0,-153.5,-152.0,-157.0,-157.0,-155.0,-156.5,-153.0,-157.0,-154.0,-154.0,-155.5,-154.0,-155.0,-155.0,-157.0,-153.0,-152.5,-157.0,-150.0,-151.0,-157.0,-157.0
2026-01-17 14:13:47.067,143.049967,5,-77,-157.0,-157.0,-156.5,-157.0,-157.0,-155.5,-155.0,-157.0,-157.0,-157.0,-157.0,-154.0,-153.0,-153.5,-155.5,-157.0,-153.0,-154.0,-157.0,-155.5,-157.0,-155.5,-155.0,-157.0,-154.0,-151.5,-153.0,-157.0,-157.0,-157.0,-157.0,-157.0,-157.0,-157.0,-157.0,-157.0,-157.0,-157.0,-157.0,-150.5,-152.5,-153.0,-155.0,-157.0,-155.0,-156.5,-157.0,-156.5,-157.0,-157.0,-155.0,-156.0,-157.0,-157.0,-157.0,-151.5,-154.5,-157.0,-157.0,-157.0,-156.5,-154.0,-157.0,-157.0,-157.0,-156.5,-152.5,-151.5,-157.0,-156.5,-156.5,-157.0,-156.5,-151.5,-149.5,-155.5,-154.0,-155.5,-157.0,-157.0,-157.0,-157.0,-155.0,-152.5,-157.0,-157.0,-155.5,-157.0,-156.5,-157.0,-157.0,-157.0,-157.0,-157.0,-155.5,-153.5,-150.5,-153.5,-157.0,-155.0,-155.5,-157.0,-156.5,-155.0,-157.0,-156.0,-157.0,-157.0,-157.0,-155.5,-153.5,-154.0,-156.5,-157.0,-156.0,-157.0,-156.5,-157.0,-157.0,-157.0,-157.0,-154.5,-157.0,-157.0,-157.0,-155.5,-157.0,-157.0,-157.0,-154.0,-150.5,-154.5,-157.0,-154.5,-152.0,-157.0,-157.0,-157.0,-157.0,-157.0,-155.5,-157.0,-151.5,-153.5,-157.0,-156.0,-157.0,-157.0,-157.0,-157.0,-156.0,-157.0,-150.5,-149.5,-157.0,-157.0,-152.0,-156.0,-157.0,-154.5,-157.0,-157.0,-149.0,-150.0,-157.0,-151.0,-151.5,-157.0,-157.0,-157.0,-157.0,-152.0,-154.5,-157.0,-157.0,-149.0,-152.5,-151.5,-157.0,-157.0,-156.5,-154.0,-157.0,-157.0,-157.0,-153.5,-157.0,-157.0,-152.0,-151.5,-151.5,-155.0,-157.0,-153.5,-153.0,-151.0,-154.0,-155.5,-154.5,-153.5,-156.0,-155.0,-155.5,-157.0,-156.0,-157.0,-157.0,-157.0,-157.0,-157.0,-157.0,-157.0,-155.5,-157.0,-157.0,-156.5,-157.0,-157.0,-157.0,-157.0,-157.0,-157.0,-156.0,-150.5,-150.5,-150.0,-151.0,-150.5,-152.5,-156.0,-153.5,-157.0,-155.0,-156.0,-157.0,-155.0,-156.5,-157.0,-155.5,-152.0,-153.0,-152.0,-148.5,-147.0,-157.0,-157.0,-157.0,-157.0,-155.0,-155.5,-157.0,-157.0,-156.0,-157.0,-157.0,-157.0,-157.0,-157.0,-157.0,-155.0,-153.5,-153.5,-151.5,-153.5,-157.0,-157.0,-157.0,-156.0,-152.0,-157.0,-154.0,-153.0,-153.5,-157.0,-157.0,-150.0,-151.0,-157.0,-157.0,-156.5,-157.0,-157.0,-157.0,-157.0,-155.0,-153.0,-157.0,-152.0,-151.5,-151.0,-157.0,-156.0,-157.0,-157.0,-157.0,-157.0,-152.0,-157.0,-155.0,-157.0,-156.5,-157.0,-155.5,-154.5,-155.0,-151.5,-157.0,-154.5,-153.0,-155.5,-157.0,-157.0,-153.5,-148.0,-146.5,-148.5,-150.5,-152.0,-150.0,-157.0,-157.0,-157.0,-157.0,-156.5,-155.5,-155.5,-156.0,-155.0,-154.0,-157.0,-157.0,-153.0,-157.0,-157.0,-153.5,-150.0,-149.5,-151.5,-154.0,-157.0,-155.0,-157.0,-157.0,-157.0,-157.0,-156.0,-152.5,-145.0,-139.5,-149.0,-155.0,-157.0,-153.5,-157.0,-151.5,-153.5,-152.0,-157.0,-154.5,-153.0,-155.5,-157.0,-157.0,-154.0,-154.0,-157.0,-157.0,-154.0,-151.0,-151.0,-153.5,-157.0,-157.0,-153.5,-154.5,-157.0,-157.0,-157.0,-157.0,-155.5,-157.0,-157.0,-157.0,-152.0,-157.0,-155.5,-157.0,-157.0,-157.0,-157.0,-157.0,-157.0,-157.0,-157.0,-157.0,-157.0,-154.5,-156.5,-157.0,-157.0,-157.0,-157.0,-157.0,-157.0,-156.0,-153.0,-155.0,-157.0,-157.0,-157.0,-155.5,-157.0,-155.5,-157.0,-157.0,-155.0,-154.0,-154.0,-157.0,-157.0,-157.0,-157.0,-157.0,-157.0,-157.0,-153.0,-157.0,-157.0,-157.0,-152.5,-157.0,-157.0,-155.0,-156.5,-154.0,-152.5,-156.5,-154.0,-153.0,-150.5,-152.0,-154.5,-154.5,-156.0,-157.0,-154.5,-157.0,-151.0,-151.5,-154.0,-157.0,-156.5,-157.0,-152.5,-154.0,-157.0,-155.0,-154.5,-153.5,-155.5,-157.0,-154.0,-155.0,-155.5,-156.0,-157.0,-155.0,-155.5,-157.0,-153.5,-157.0,-154.5,-157.0,-156.0,-157.0
2026-01-17 14:13:47.097,143.049967,5,-77,-157.0,-157.0,-157.0,-155.0,-156.5,-155.5,-157.0,-157.0,-157.0,-157.0,-157.0,-152.0,-156.5,-157.0,-157.0,-157.0,-152.5,-153.5,-157.0,-152.5,-154.0,-157.0,-154.5,-152.5,-155.5,-154.0,-156.5,-157.0,-157.0,-157.0,-157.0,-157.0,-157.0,-153.5,-155.5,-157.0,-157.0,-157.0,-157.0,-151.0,-154.0,-152.5,-157.0,-157.0,-154.5,-157.0,-157.0,-157.0,-157.0,-157.0,-157.0,-157.0,-156.5,-157.0,-157.0,-152.0,-153.0,-157.0,-157.0,-157.0,-154.5,-152.0,-157.0,-157.0,-155.0,-153.5,-157.0,-155.5,-157.0,-157.0,-157.0,-157.0,-156.5,-157.0,-157.0,-157.0,-156.0,-157.0,-157.0,-157.0,-157.0,-157.0,-154.5,-151.5,-155.0,-157.0,-152.5,-152.5,-153.5,-155.0,-157.0,-157.0,-157.0,-156.5,-155.0,-157.0,-153.0,-156.0,-157.0,-155.5,-157.0,-157.0,-157.0,-157.0,-154.5,-154.0,-157.0,-154.5,-157.0,-157.0,-152.5,-155.0,-153.5,-157.0,-157.0,-157.0,-151.0,-152.0,-157.0,-157.0,-157.0,-157.0,-157.0,-157.0,-157.0,-157.0,-157.0,-157.0,-157.0,-157.0,-153.0,-154.5,-153.0,-152.5,-155.0,-156.5,-156.0,-157.0,-157.0,-155.5,-154.0,-157.0,-153.0,-153.5,-157.0,-157.0,-157.0,-157.0,-157.0,-155.0,-157.0,-156.5,-154.5,-152.0,-157.0,-157.0,-152.5,-153.0,-157.0,-152.0,-153.0,-157.0,-149.5,-150.5,-157.0,-152.0,-153.0,-155.0,-156.0,-157.0,-157.0,-157.0,-156.0,-157.0,-151.5,-149.0,-152.5,-151.0,-157.0,-157.0,-157.0,-156.5,-157.0,-157.0,-157.0,-157.0,-157.0,-157.0,-156.0,-157.0,-155.5,-156.5,-156.5,-149.0,-149.0,-151.5,-155.5,-156.5,-152.0,-157.0,-157.0,-157.0,-157.0,-157.0,-153.5,-154.5,-157.0,-157.0,-157.0,-157.0,-157.0,-156.5,-151.5,-156.5,-157.0,-155.5,-157.0,-157.0,-157.0,-157.0,-157.0,-157.0,-155.0,-157.0,-154.0,-155.0,-148.5,-150.0,-157.0,-151.0,-150.5,-154.0,-152.0,-157.0,-156.5,-157.0,-157.0,-155.0,-153.5,-154.0,-152.0,-152.5,-149.5,-149.0,-156.0,-157.0,-157.0,-157.0,-157.0,-157.0,-157.0,-157.0,-157.0,-155.0,-156.0,-157.0,-157.0,-157.0,-157.0,-157.0,-156.0,-156.5,-154.5,-153.0,-157.0,-157.0,-157.0,-151.0,-150.0,-153.5,-155.5,-157.0,-156.5,-157.0,-157.0,-152.0,-151.5,-157.0,-157.0,-157.0,-157.0,-157.0,-156.0,-157.0,-155.0,-153.0,-157.0,-155.0,-155.0,-153.0,-154.5,-153.5,-157.0,-157.0,-157.0,-157.0,-150.5,-150.5,-152.0,-155.5,-155.5,-157.0,-156.5,-157.0,-157.0,-155.0,-157.0,-157.0,-155.5,-157.0,-157.0,-156.0,-155.0,-148.0,-147.0,-153.5,-153.0,-153.5,-149.5,-150.5,-155.0,-157.0,-157.0,-157.0,-157.0,-157.0,-156.5,-157.0,-157.0,-157.0,-155.0,-150.5,-157.0,-157.0,-156.5,-155.0,-157.0,-153.5,-155.0,-157.0,-154.5,-157.0,-157.0,-157.0,-157.0,-155.5,-156.5,-142.5,-139.0,-153.5,-156.5,-153.5,-156.0,-157.0,-157.0,-157.0,-155.5,-157.0,-153.5,-155.5,-157.0,-151.0,-154.0,-156.5,-156.0,-153.0,-157.0,-157.0,-157.0,-154.5,-153.0,-151.5,-154.5,-155.0,-154.5,-155.0,-157.0,-157.0,-157.0,-155.5,-155.0,-156.5,-157.0,-153.5,-157.0,-153.0,-153.0,-157.0,-157.0,-156.0,-157.0,-157.0,-157.0,-157.0,-157.0,-157.0,-155.5,-153.5,-156.5,-155.0,-154.5,-157.0,-157.0,-157.0,-153.0,-154.0,-153.5,-155.5,-157.0,-155.5,-154.5,-157.0,-153.0,-157.0,-157.0,-156.0,-154.0,-157.0,-157.0,-156.5,-157.0,-156.5,-157.0,-153.5,-153.0,-155.0,-157.0,-157.0,-157.0,-151.5,-155.5,-157.0,-157.0,-157.0,-157.0,-154.5,-157.0,-154.5,-150.5,-150.5,-157.0,-157.0,-157.0,-157.0,-154.5,-154.5,-157.0,-153.5,-153.0,-153.5,-153.5,-155.0,-155.0,-156.0,-156.5,-153.0,-153.0,-157.0,-154.5,-157.0,-157.0,-156.5,-157.0,-154.0,-155.5,-157.0,-157.0,-157.0,-157.0,-151.5,-154.0,-157.0,-157.0,-157.0,-154.0
2026-01-17 14:13:47.133,143.049967,5,-77,-157.0,-157.0,-155.0,-153.5,-154.5,-154.5,-157.0,-157.0,-157.0,-157.0,-153.5,-151.0,-157.0,-157.0,-156.0,-154.0,-151.5,-157.0,-157.0,-151.5,-154.0,-157.0,-157.0,-154.5,-157.0,-157.0,-157.0,-157.0,-157.0,-155.0,-154.5,-157.0,-156.0,-153.0,-153.0,-157.0,-157.0,-157.0,-157.0,-151.0,-157.0,-157.0,-157.0,-157.0,-154.0,-157.0,-157.0,-157.0,-157.0,-154.0,-155.0,-157.0,-157.0,-155.0,-155.0,-153.5,-157.0,-155.0,-157.0,-154.5,-154.5,-155.0,-157.0,-156.5,-153.5,-152.5,-157.0,-157.0,-157.0,-157.0,-154.5,-155.0,-156.0,-157.0,-157.0,-157.0,-157.0,-155.5,-156.5,-157.0,-157.0,-157.0,-157.0,-153.0,-152.5,-157.0,-153.0,-154.0,-157.0,-155.5,-156.5,-154.0,-156.5,-156.0,-157.0,-154.0,-151.5,-153.0,-154.0,-155.0,-155.5,-153.5,-157.0,-157.0,-157.0,-157.0,-155.5,-151.5,-153.0,-157.0,-155.5,-157.0,-155.0,-157.0,-155.5,-156.5,-149.0,-150.0,-157.0,-157.0,-157.0,-157.0,-157.0,-157.0,-157.0,-157.0,-157.0,-156.5,-157.0,-156.0,-157.0,-155.5,-152.5,-153.0,-154.0,-157.0,-154.5,-157.0,-157.0,-157.0,-157.0,-157.0,-157.0,-151.0,-157.0,-157.0,-157.0,-157.0,-157.0,-152.5,-152.5,-150.5,-157.0,-157.0,-157.0,-157.0,-153.5,-153.0,-156.5,-152.0,-153.0,-157.0,-151.0,-151.5,-156.0,-152.0,-156.5,-156.0,-153.0,-157.0,-157.0,-157.0,-154.0,-157.0,-149.5,-151.5,-154.5,-151.0,-153.0,-157.0,-157.0,-157.0,-157.0,-157.0,-157.0,-157.0,-157.0,-157.0,-157.0,-157.0,-156.5,-155.0,-157.0,-149.5,-150.0,-151.0,-149.5,-156.5,-150.5,-154.5,-157.0,-157.0,-157.0,-157.0,-154.0,-157.0,-157.0,-157.0,-156.0,-154.5,-156.5,-155.5,-149.0,-150.5,-156.5,-157.0,-157.0,-156.0,-157.0,-157.0,-157.0,-157.0,-156.0,-157.0,-156.0,-157.0,-146.0,-147.5,-157.0,-149.5,-152.0,-154.0,-154.0,-155.0,-152.0,-155.0,-157.0,-155.5,-156.0,-156.5,-151.0,-151.5,-147.5,-149.0,-153.0,-157.0,-157.0,-155.5,-155.5,-157.0,-157.0,-156.5,-157.0,-152.5,-156.5,-157.0,-157.0,-155.0,-157.0,-155.5,-156.0,-152.5,-155.5,-155.0,-157.0,-155.0,-157.0,-152.0,-154.0,-157.0,-155.5,-153.0,-157.0,-157.0,-157.0,-157.0,-155.0,-157.0,-157.0,-157.0,-157.0,-156.0,-152.0,-157.0,-155.0,-157.0,-153.0,-154.5,-153.5,-157.0,-157.0,-153.5,-156.5,-157.0,-157.0,-154.0,-153.5,-151.0,-154.0,-155.0,-153.0,-154.5,-157.0,-157.0,-157.0,-157.0,-157.0,-157.0,-152.5,-153.5,-157.0,-157.0,-154.5,-151.5,-150.5,-157.0,-153.5,-155.5,-151.0,-154.0,-153.5,-157.0,-157.0,-154.5,-156.5,-152.5,-151.0,-157.0,-157.0,-157.0,-155.0,-150.0,-156.0,-152.5,-153.0,-155.0,-157.0,-157.0,-156.0,-157.0,-153.0,-154.5,-157.0,-157.0,-157.0,-157.0,-157.0,-141.0,-139.0,-157.0,-157.0,-156.5,-157.0,-156.5,-157.0,-157.0,-157.0,-153.5,-157.0,-154.0,-152.0,-148.0,-155.5,-155.0,-153.0,-152.5,-157.0,-157.0,-157.0,-157.0,-154.0,-151.5,-155.5,-157.0,-157.0,-153.5,-155.0,-154.5,-157.0,-157.0,-152.0,-157.0,-157.0,-154.5,-157.0,-153.0,-149.0,-157.0,-154.0,-153.0,-152.5,-151.5,-157.0,-157.0,-157.0,-157.0,-157.0,-157.0,-155.0,-153.0,-153.5,-157.0,-157.0,-155.5,-153.0,-157.0,-157.0,-157.0,-157.0,-154.5,-156.0,-157.0,-154.5,-157.0,-157.0,-157.0,-153.5,-157.0,-157.0,-156.5,-157.0,-156.5,-157.0,-154.5,-152.0,-155.0,-157.0,-157.0,-157.0,-150.0,-153.5,-157.0,-157.0,-157.0,-157.0,-156.0,-156.5,-157.0,-152.5,-153.5,-157.0,-157.0,-157.0,-155.0,-157.0,-157.0,-157.0,-157.0,-156.0,-154.5,-151.0,-152.0,-156.5,-157.0,-157.0,-152.5,-154.0,-157.0,-157.0,-157.0,-156.0,-156.5,-157.0,-153.5,-155.5,-157.0,-157.0,-157.0,-157.0,-152.5,-157.0,-157.0,-155.5,-157.0,-153.5
2026-01-17 14:13:47.166,143.049967,5,-77,-157.0,-157.0,-155.5,-155.0,-155.5,-156.0,-157.0,-157.0,-157.0,-157.0,-153.0,-152.5,-157.0,-157.0,-153.5,-157.0,-149.5,-151.5,-154.5,-152.0,-157.0,-157.0,-157.0,-157.0,-157.0,-155.5,-154.5,-157.0,-157.0,-156.0,-150.5,-155.0,-156.0,-157.0,-154.0,-157.0,-153.5,-153.0,-155.5,-153.5,-157.0,-157.0,-157.0,-157.0,-156.5,-155.5,-155.0,-157.0,-157.0,-152.0,-155.0,-157.0,-157.0,-157.0,-157.0,-156.5,-157.0,-154.0,-154.0,-151.0,-155.0,-156.0,-153.0,-157.0,-154.0,-155.0,-157.0,-157.0,-157.0,-155.5,-153.5,-154.0,-157.0,-157.0,-154.0,-157.0,-154.0,-153.5,-157.0,-157.0,-157.0,-157.0,-157.0,-153.5,-153.5,-157.0,-157.0,-157.0,-157.0,-157.0,-157.0,-154.5,-157.0,-157.0,-155.0,-154.5,-155.5,-154.5,-155.5,-153.0,-155.0,-153.0,-155.5,-153.5,-155.5,-154.5,-152.0,-153.0,-153.5,-157.0,-155.0,-154.0,-154.5,-156.5,-156.0,-156.0,-152.5,-151.5,-157.0,-156.0,-152.0,-153.0,-157.0,-157.0,-157.0,-157.0,-157.0,-157.0,-157.0,-153.0,-155.0,-153.0,-151.5,-153.5,-151.0,-152.0,-156.0,-157.0,-157.0,-157.0,-157.0,-157.0,-152.0,-149.0,-157.0,-157.0,-157.0,-157.0,-155.5,-151.5,-149.5,-150.5,-157.0,-157.0,-155.0,-157.0,-157.0,-155.0,-151.5,-152.5,-156.5,-157.0,-154.5,-157.0,-152.5,-150.5,-157.0,-157.0,-150.0,-155.0,-157.0,-157.0,-152.5,-157.0,-151.5,-151.5,-154.5,-156.0,-156.0,-157.0,-157.0,-154.0,-154.5,-157.0,-156.5,-157.0,-157.0,-157.0,-154.0,-157.0,-157.0,-153.0,-152.5,-157.0,-156.5,-151.0,-148.5,-157.0,-152.0,-151.5,-155.0,-157.0,-157.0,-156.0,-153.5,-157.0,-157.0,-150.5,-150.5,-155.0,-156.0,-157.0,-151.0,-151.0,-155.5,-157.0,-157.0,-153.5,-157.0,-157.0,-157.0,-157.0,-157.0,-157.0,-157.0,-156.0,-148.0,-148.0,-152.0,-149.0,-157.0,-157.0,-157.0,-155.5,-150.5,-153.0,-157.0,-157.0,-157.0,-157.0,-153.0,-155.0,-146.0,-145.5,-151.5,-157.0,-157.0,-156.5,-157.0,-157.0,-157.0,-157.0,-156.0,-151.5,-152.0,-153.5,-152.0,-151.5,-154.5,-153.0,-157.0,-151.0,-153.0,-156.0,-157.0,-156.5,-157.0,-153.5,-154.5,-157.0,-155.0,-154.0,-157.0,-156.5,-157.0,-157.0,-157.0,-157.0,-153.0,-151.5,-155.5,-152.5,-151.0,-153.5,-155.5,-153.5,-150.5,-154.0,-153.0,-157.0,-157.0,-157.0,-157.0,-157.0,-157.0,-157.0,-154.0,-152.0,-154.5,-156.5,-154.5,-153.0,-154.0,-152.5,-157.0,-157.0,-157.0,-156.5,-155.5,-156.5,-157.0,-157.0,-157.0,-155.0,-152.5,-157.0,-155.5,-157.0,-154.5,-157.0,-155.5,-157.0,-157.0,-151.5,-155.0,-151.0,-150.5,-157.0,-157.0,-157.0,-155.0,-151.5,-157.0,-152.5,-155.5,-152.5,-157.0,-157.0,-154.0,-155.0,-155.0,-155.0,-157.0,-157.0,-157.0,-157.0,-148.0,-138.5,-141.0,-151.0,-153.0,-157.0,-157.0,-153.0,-153.5,-157.0,-152.5,-151.5,-153.5,-154.0,-151.5,-147.0,-156.0,-155.5,-157.0,-157.0,-157.0,-155.0,-156.0,-157.0,-157.0,-157.0,-157.0,-157.0,-157.0,-155.0,-157.0,-153.0,-154.0,-155.0,-151.5,-157.0,-157.0,-155.5,-157.0,-152.0,-148.5,-157.0,-154.0,-155.5,-152.0,-149.0,-157.0,-154.0,-157.0,-157.0,-157.0,-157.0,-157.0,-153.0,-152.0,-157.0,-157.0,-157.0,-154.5,-157.0,-155.5,-154.5,-154.5,-157.0,-157.0,-157.0,-156.0,-157.0,-156.5,-156.0,-155.0,-156.5,-157.0,-156.5,-157.0,-157.0,-157.0,-157.0,-155.5,-156.0,-157.0,-154.5,-150.5,-149.5,-157.0,-157.0,-156.0,-155.0,-156.5,-157.0,-157.0,-157.0,-154.5,-155.5,-157.0,-157.0,-154.5,-152.5,-157.0,-157.0,-156.0,-157.0,-155.5,-156.5,-154.0,-155.0,-157.0,-157.0,-155.0,-153.5,-156.5,-156.0,-157.0,-156.0,-155.0,-155.5,-157.0,-156.5,-157.0,-156.0,-157.0,-156.5,-154.5,-152.5,-157.0,-156.5,-153.5,-152.5,-157.0
2026-01-17 14:13:47.199,143.049967,5,-77,-157.0,-157.0,-155.0,-156.5,-157.0,-157.0,-156.0,-157.0,-155.5,-154.0,-153.5,-157.0,-157.0,-153.0,-153.0,-155.5,-149.5,-148.0,-153.5,-150.0,-152.0,-155.5,-157.0,-157.0,-157.0,-157.0,-152.5,-153.5,-157.0,-153.0,-150.5,-156.5,-154.5,-156.0,-154.0,-157.0,-152.0,-149.5,-157.0,-157.0,-157.0,-157.0,-157.0,-157.0,-157.0,-157.0,-154.5,-157.0,-157.0,-154.0,-155.0,-152.0,-157.0,-157.0,-157.0,-157.0,-157.0,-157.0,-156.0,-152.0,-157.0,-152.0,-151.5,-157.0,-157.0,-157.0,-157.0,-157.0,-156.0,-157.0,-157.0,-153.5,-157.0,-157.0,-152.0,-157.0,-151.5,-152.0,-156.5,-157.0,-157.0,-157.0,-157.0,-151.5,-152.5,-157.0,-156.0,-157.0,-155.5,-157.0,-157.0,-157.0,-157.0,-157.0,-155.0,-157.0,-157.0,-155.5,-154.5,-154.0,-157.0,-157.0,-152.0,-151.0,-156.0,-154.5,-157.0,-157.0,-149.5,-149.5,-151.0,-153.0,-151.0,-154.5,-156.0,-153.5,-156.5,-157.0,-157.0,-157.0,-152.0,-152.5,-153.0,-157.0,-156.0,-157.0,-157.0,-157.0,-156.5,-151.0,-151.5,-154.5,-150.0,-155.0,-152.5,-150.5,-157.0,-157.0,-155.0,-157.0,-156.5,-155.0,-156.0,-150.5,-156.0,-155.0,-157.0,-157.0,-154.5,-156.5,-154.5,-157.0,-157.0,-157.0,-156.0,-154.5,-157.0,-157.0,-155.5,-157.0,-155.0,-156.5,-157.0,-157.0,-157.0,-151.0,-156.5,-155.5,-152.5,-157.0,-157.0,-157.0,-153.0,-153.5,-152.0,-151.5,-157.0,-157.0,-155.0,-153.5,-154.0,-154.0,-157.0,-156.5,-155.5,-157.0,-157.0,-156.5,-153.0,-156.5,-157.0,-152.5,-151.5,-157.0,-157.0,-153.0,-152.0,-156.0,-156.0,-154.0,-155.0,-157.0,-157.0,-157.0,-155.0,-157.0,-157.0,-146.5,-147.0,-153.5,-157.0,-157.0,-155.0,-155.5,-156.5,-157.0,-153.0,-150.5,-154.5,-157.0,-154.0,-153.5,-154.0,-154.5,-156.0,-157.0,-154.0,-154.0,-150.0,-149.5,-153.0,-155.5,-154.5,-156.5,-151.5,-155.5,-157.0,-155.0,-157.0,-157.0,-157.0,-157.0,-146.5,-144.5,-150.5,-153.0,-157.0,-157.0,-157.0,-157.0,-157.0,-155.5,-155.5,-152.5,-151.0,-150.5,-150.0,-152.5,-156.5,-157.0,-153.5,-156.0,-155.5,-157.0,-157.0,-157.0,-157.0,-156.5,-156.0,-157.0,-154.5,-157.0,-157.0,-157.0,-157.0,-157.0,-155.5,-157.0,-154.0,-154.0,-155.0,-153.0,-154.5,-153.5,-157.0,-153.5,-151.0,-155.0,-157.0,-156.0,-157.0,-157.0,-157.0,-157.0,-157.0,-157.0,-157.0,-150.5,-150.0,-155.5,-157.0,-155.5,-153.5,-150.5,-154.5,-154.5,-157.0,-157.0,-157.0,-155.0,-156.5,-156.5,-157.0,-152.0,-149.5,-155.0,-157.0,-156.0,-157.0,-155.5,-155.0,-157.0,-155.0,-152.0,-155.5,-157.0,-155.0,-156.0,-157.0,-157.0,-157.0,-156.5,-157.0,-156.5,-155.0,-153.0,-157.0,-157.0,-151.5,-152.0,-157.0,-157.0,-157.0,-157.0,-157.0,-157.0,-147.0,-138.0,-143.0,-149.5,-156.5,-156.5,-152.0,-150.0,-151.5,-157.0,-152.5,-156.0,-152.5,-157.0,-155.5,-147.5,-157.0,-155.0,-157.0,-157.0,-157.0,-157.0,-157.0,-157.0,-157.0,-157.0,-156.0,-157.0,-156.5,-154.5,-157.0,-156.5,-156.0,-156.0,-153.5,-154.5,-155.5,-155.5,-157.0,-152.5,-150.5,-154.0,-153.0,-157.0,-152.5,-149.0,-152.5,-152.0,-156.0,-156.0,-153.0,-155.0,-157.0,-153.5,-153.5,-155.5,-157.0,-157.0,-155.0,-157.0,-152.0,-155.5,-156.5,-157.0,-157.0,-157.0,-155.0,-157.0,-157.0,-156.5,-157.0,-154.0,-155.5,-151.5,-156.0,-157.0,-157.0,-157.0,-156.5,-157.0,-156.5,-155.0,-152.0,-152.5,-157.0,-157.0,-157.0,-152.0,-153.5,-157.0,-154.0,-153.0,-151.5,-153.5,-157.0,-157.0,-154.0,-152.0,-157.0,-157.0,-156.5,-157.0,-155.5,-152.0,-154.0,-157.0,-157.0,-157.0,-157.0,-154.5,-153.5,-153.0,-157.0,-155.5,-154.5,-154.0,-157.0,-157.0,-153.5,-155.0,-157.0,-157.0,-157.0,-157.0,-156.5,-151.5,-155.0,-154.0,-157.0
2026-01-17 14:13:47.231,143.049967,5,-77,-157.0,-157.0,-154.0,-154.5,-155.5,-157.0,-153.5,-157.0,-155.5,-151.5,-151.5,-157.0,-157.0,-150.5,-156.5,-153.5,-152.0,-149.5,-150.5,-150.5,-154.5,-154.0,-157.0,-156.0,-157.0,-157.0,-157.0,-154.5,-157.0,-154.0,-156.5,-153.5,-155.0,-154.0,-155.0,-157.0,-154.0,-151.0,-155.5,-157.0,-157.0,-157.0,-157.0,-157.0,-157.0,-157.0,-157.0,-157.0,-157.0,-157.0,-153.0,-150.0,-151.5,-157.0,-155.0,-155.0,-157.0,-157.0,-156.0,-155.5,-157.0,-154.0,-156.0,-156.0,-157.0,-157.0,-157.0,-156.0,-154.0,-157.0,-157.0,-153.0,-157.0,-157.0,-150.5,-156.5,-153.0,-153.0,-153.5,-157.0,-157.0,-155.0,-153.0,-151.5,-153.0,-156.5,-154.5,-154.0,-153.5,-156.5,-154.5,-154.0,-157.0,-157.0,-157.0,-157.0,-157.0,-154.5,-154.0,-157.0,-157.0,-157.0,-152.5,-153.5,-157.0,-157.0,-157.0,-156.5,-151.0,-150.0,-151.5,-153.5,-151.0,-156.0,-153.0,-155.5,-155.5,-157.0,-157.0,-157.0,-157.0,-156.5,-154.5,-155.0,-153.5,-153.5,-156.5,-155.5,-156.0,-154.0,-156.0,-157.0,-150.5,-154.5,-157.0,-153.0,-157.0,-157.0,-155.5,-157.0,-157.0,-153.0,-157.0,-151.5,-151.5,-155.0,-157.0,-157.0,-156.0,-153.0,-157.0,-157.0,-154.5,-155.0,-157.0,-157.0,-157.0,-157.0,-157.0,-157.0,-155.5,-157.0,-157.0,-155.5,-155.0,-152.0,-152.0,-157.0,-157.0,-157.0,-157.0,-157.0,-154.0,-154.5,-152.5,-151.5,-157.0,-157.0,-154.5,-149.5,-151.5,-156.5,-155.5,-157.0,-156.0,-157.0,-154.5,-157.0,-157.0,-156.0,-157.0,-156.0,-154.5,-157.0,-154.5,-156.0,-155.0,-151.0,-154.0,-154.5,-156.0,-157.0,-157.0,-156.0,-153.0,-157.0,-157.0,-148.0,-149.0,-155.0,-157.0,-157.0,-154.0,-155.5,-157.0,-157.0,-155.5,-151.0,-151.5,-157.0,-151.0,-151.0,-149.0,-152.5,-153.5,-153.0,-152.5,-155.5,-154.0,-157.0,-152.5,-153.5,-151.5,-155.5,-152.5,-157.0,-157.0,-153.0,-157.0,-157.0,-157.0,-157.0,-146.5,-144.5,-150.5,-155.0,-157.0,-157.0,-156.5,-156.0,-157.0,-153.0,-157.0,-154.5,-151.5,-154.5,-152.5,-157.0,-157.0,-157.0,-153.5,-157.0,-157.0,-156.0,-156.0,-157.0,-157.0,-157.0,-157.0,-151.0,-152.0,-157.0,-157.0,-157.0,-157.0,-153.0,-151.5,-157.0,-156.0,-157.0,-152.0,-151.0,-157.0,-157.0,-157.0,-157.0,-154.5,-156.5,-157.0,-155.5,-157.0,-155.0,-155.0,-154.0,-157.0,-154.0,-157.0,-156.0,-151.0,-157.0,-157.0,-157.0,-157.0,-151.5,-151.5,-152.5,-157.0,-157.0,-157.0,-152.5,-151.0,-157.0,-157.0,-150.5,-148.5,-152.0,-157.0,-155.0,-156.0,-157.0,-157.0,-157.0,-154.0,-155.5,-157.0,-157.0,-154.0,-154.0,-157.0,-156.5,-157.0,-157.0,-156.0,-157.0,-157.0,-153.5,-156.5,-152.5,-152.0,-155.5,-157.0,-157.0,-157.0,-157.0,-157.0,-157.0,-144.5,-138.5,-147.0,-154.0,-157.0,-157.0,-153.0,-151.5,-153.5,-153.5,-155.5,-154.5,-153.0,-156.5,-151.0,-148.5,-157.0,-157.0,-157.0,-157.0,-157.0,-157.0,-157.0,-156.5,-157.0,-157.0,-153.5,-155.0,-156.0,-154.5,-155.5,-157.0,-157.0,-157.0,-153.5,-152.5,-156.0,-155.0,-154.5,-155.5,-156.0,-156.0,-156.0,-156.0,-157.0,-150.5,-149.5,-151.5,-151.5,-152.0,-153.0,-152.0,-155.5,-156.5,-157.0,-157.0,-157.0,-157.0,-154.5,-154.0,-155.5,-157.0,-157.0,-157.0,-156.0,-157.0,-155.5,-157.0,-157.0,-157.0,-157.0,-152.5,-151.0,-150.5,-153.0,-157.0,-155.0,-157.0,-157.0,-153.0,-152.5,-157.0,-157.0,-157.0,-153.5,-154.5,-157.0,-153.0,-154.0,-153.5,-152.5,-155.5,-156.0,-156.0,-157.0,-157.0,-157.0,-156.0,-157.0,-157.0,-157.0,-157.0,-157.0,-152.5,-151.5,-153.0,-154.5,-157.0,-157.0,-157.0,-153.0,-153.5,-156.5,-157.0,-153.0,-152.0,-157.0,-157.0,-154.0,-156.5,-156.0,-157.0,-157.0,-157.0,-154.0,-150.0,-157.0,-157.0,-157.0
2026-01-17 14:13:47.268,143.049967,5,-77,-157.0,-157.0,-155.5,-156.5,-152.0,-155.5,-152.5,-157.0,-157.0,-157.0,-154.5,-153.5,-154.0,-150.5,-153.5,-156.0,-154.5,-151.0,-152.5,-155.0,-157.0,-155.5,-157.0,-155.0,-157.0,-157.0,-157.0,-153.5,-154.5,-157.0,-157.0,-155.5,-149.5,-150.0,-154.5,-154.5,-152.5,-151.0,-153.0,-157.0,-157.0,-157.0,-156.0,-156.5,-157.0,-157.0,-157.0,-157.0,-157.0,-157.0,-157.0,-154.5,-152.5,-155.5,-156.5,-157.0,-156.0,-157.0,-156.0,-157.0,-157.0,-157.0,-157.0,-154.5,-157.0,-157.0,-156.0,-149.5,-151.0,-157.0,-155.5,-154.0,-157.0,-152.0,-148.5,-157.0,-157.0,-157.0,-157.0,-157.0,-157.0,-157.0,-157.0,-153.0,-151.5,-153.5,-154.5,-157.0,-157.0,-157.0,-151.5,-149.5,-154.5,-157.0,-157.0,-156.5,-157.0,-157.0,-157.0,-157.0,-157.0,-155.0,-154.5,-157.0,-157.0,-157.0,-156.0,-157.0,-157.0,-157.0,-153.0,-153.5,-154.5,-152.0,-152.0,-157.0,-157.0,-157.0,-157.0,-157.0,-157.0,-157.0,-157.0,-154.0,-154.5,-152.5,-157.0,-154.5,-157.0,-157.0,-157.0,-157.0,-153.5,-153.5,-153.0,-156.5,-157.0,-157.0,-157.0,-157.0,-156.0,-153.5,-157.0,-155.5,-157.0,-157.0,-157.0,-157.0,-155.0,-152.0,-157.0,-154.5,-152.5,-151.0,-154.0,-157.0,-157.0,-157.0,-157.0,-157.0,-156.0,-157.0,-157.0,-152.0,-150.0,-157.0,-151.5,-155.0,-156.5,-157.0,-157.0,-156.0,-154.5,-157.0,-152.5,-151.5,-155.0,-157.0,-157.0,-150.5,-153.0,-157.0,-156.5,-157.0,-152.5,-154.0,-154.0,-156.0,-157.0,-151.0,-153.0,-157.0,-157.0,-152.5,-151.5,-157.0,-156.5,-153.0,-157.0,-157.0,-157.0,-152.5,-153.5,-152.5,-152.0,-154.5,-155.0,-152.5,-152.5,-157.0,-157.0,-156.0,-155.5,-153.0,-157.0,-157.0,-157.0,-157.0,-157.0,-157.0,-154.5,-157.0,-150.0,-157.0,-154.5,-154.5,-153.5,-155.0,-157.0,-156.5,-155.0,-152.5,-151.0,-157.0,-154.5,-157.0,-156.0,-154.5,-154.5,-157.0,-157.0,-157.0,-146.5,-146.5,-157.0,-157.0,-157.0,-157.0,-157.0,-157.0,-156.0,-154.0,-157.0,-157.0,-153.5,-157.0,-156.0,-156.5,-156.5,-157.0,-154.5,-157.0,-155.5,-152.5,-156.0,-156.5,-157.0,-157.0,-154.0,-149.5,-154.5,-156.0,-157.0,-157.0,-157.0,-155.0,-151.5,-155.5,-156.5,-157.0,-154.0,-151.5,-157.0,-157.0,-157.0,-157.0,-157.0,-154.0,-156.0,-152.5,-155.5,-154.0,-156.0,-155.5,-157.0,-154.0,-157.0,-157.0,-153.5,-157.0,-153.0,-154.0,-157.0,-157.0,-156.0,-155.0,-156.5,-157.0,-157.0,-155.0,-151.0,-157.0,-157.0,-153.0,-153.0,-154.5,-157.0,-157.0,-157.0,-157.0,-156.5,-157.0,-154.0,-154.0,-157.0,-157.0,-154.0,-156.5,-157.0,-157.0,-156.0,-154.0,-152.0,-157.0,-157.0,-153.5,-157.0,-150.5,-153.0,-157.0,-157.0,-157.0,-157.0,-157.0,-157.0,-156.5,-140.0,-138.5,-148.5,-156.5,-157.0,-157.0,-157.0,-156.0,-153.5,-153.0,-157.0,-156.5,-154.5,-155.5,-151.0,-153.5,-157.0,-157.0,-157.0,-155.0,-157.0,-157.0,-156.5,-154.5,-156.0,-157.0,-155.0,-157.0,-157.0,-157.0,-157.0,-157.0,-157.0,-157.0,-154.5,-153.0,-157.0,-155.5,-155.0,-157.0,-157.0,-157.0,-157.0,-155.0,-155.5,-154.0,-151.0,-154.5,-156.0,-152.5,-157.0,-157.0,-157.0,-156.0,-157.0,-157.0,-157.0,-157.0,-157.0,-156.0,-157.0,-157.0,-156.0,-154.0,-155.0,-157.0,-152.5,-154.0,-157.0,-157.0,-157.0,-156.5,-154.5,-152.5,-154.0,-156.5,-154.0,-157.0,-157.0,-156.5,-154.5,-155.0,-157.0,-157.0,-151.5,-154.0,-157.0,-157.0,-154.5,-155.5,-157.0,-157.0,-157.0,-155.5,-156.5,-156.0,-157.0,-157.0,-157.0,-155.0,-157.0,-157.0,-157.0,-157.0,-155.5,-152.5,-156.5,-157.0,-157.0,-157.0,-157.0,-157.0,-157.0,-157.0,-156.0,-153.5,-157.0,-157.0,-155.5,-155.5,-155.0,-155.5,-153.0,-151.5,-153.0,-152.0,-157.0,-157.0,-157.0
2026-01-17 14:13:47.299,143.049967,5,-77,-157.0,-157.0,-155.5,-157.0,-151.5,-154.5,-153.5,-157.0,-157.0,-157.0,-157.0,-152.5,-153.0,-153.0,-152.5,-155.5,-155.0,-151.5,-155.5,-154.0,-153.5,-154.0,-157.0,-156.5,-157.0,-157.0,-157.0,-153.5,-155.5,-155.0,-157.0,-157.0,-150.0,-152.5,-156.0,-153.5,-150.0,-150.5,-154.0,-156.0,-156.0,-157.0,-155.5,-155.0,-154.5,-157.0,-157.0,-157.0,-154.0,-157.0,-157.0,-157.0,-154.5,-156.5,-157.0,-157.0,-156.0,-157.0,-157.0,-157.0,-155.5,-157.0,-152.5,-154.0,-153.5,-152.0,-157.0,-150.0,-150.0,-152.5,-152.5,-156.0,-156.0,-152.0,-150.0,-157.0,-157.0,-156.5,-157.0,-152.5,-152.0,-157.0,-157.0,-154.5,-153.5,-157.0,-157.0,-157.0,-157.0,-156.5,-156.0,-150.5,-153.0,-157.0,-157.0,-157.0,-157.0,-157.0,-157.0,-156.5,-155.5,-155.5,-157.0,-157.0,-157.0,-157.0,-155.0,-157.0,-157.0,-157.0,-156.0,-157.0,-156.0,-152.0,-154.5,-157.0,-157.0,-153.5,-157.0,-157.0,-153.5,-153.5,-157.0,-152.0,-157.0,-157.0,-153.5,-157.0,-157.0,-157.0,-157.0,-157.0,-155.0,-152.5,-152.0,-157.0,-156.5,-157.0,-157.0,-157.0,-155.0,-157.0,-157.0,-157.0,-157.0,-156.0,-154.0,-151.0,-151.0,-154.0,-157.0,-157.0,-157.0,-151.5,-154.0,-157.0,-157.0,-152.5,-154.0,-153.0,-152.0,-157.0,-157.0,-157.0,-151.5,-156.5,-149.5,-151.0,-155.0,-157.0,-157.0,-156.0,-155.0,-155.5,-154.5,-151.0,-157.0,-157.0,-155.5,-154.0,-157.0,-157.0,-157.0,-157.0,-153.0,-153.0,-157.0,-156.0,-154.0,-149.5,-152.0,-157.0,-155.0,-155.5,-154.5,-157.0,-157.0,-157.0,-157.0,-157.0,-157.0,-149.5,-150.0,-153.0,-152.0,-154.0,-152.5,-154.0,-155.5,-157.0,-157.0,-155.5,-157.0,-153.5,-157.0,-157.0,-156.0,-157.0,-157.0,-157.0,-157.0,-152.5,-152.5,-157.0,-157.0,-157.0,-157.0,-157.0,-157.0,-157.0,-157.0,-157.0,-154.5,-157.0,-155.5,-156.0,-157.0,-156.5,-152.5,-157.0,-154.5,-156.5,-147.5,-147.0,-157.0,-157.0,-156.0,-157.0,-157.0,-157.0,-153.5,-157.0,-157.0,-153.5,-156.0,-156.5,-156.5,-154.0,-152.0,-157.0,-157.0,-157.0,-156.0,-153.0,-157.0,-156.5,-157.0,-157.0,-152.5,-149.5,-154.5,-154.5,-157.0,-157.0,-157.0,-157.0,-152.0,-155.5,-157.0,-157.0,-157.0,-153.5,-156.0,-157.0,-157.0,-157.0,-157.0,-156.0,-153.5,-153.5,-153.5,-157.0,-157.0,-157.0,-157.0,-157.0,-157.0,-157.0,-151.0,-154.0,-148.0,-148.5,-157.0,-157.0,-157.0,-156.0,-155.0,-157.0,-156.5,-157.0,-152.0,-151.5,-157.0,-154.0,-154.5,-156.5,-157.0,-157.0,-157.0,-157.0,-153.5,-157.0,-153.5,-151.5,-155.5,-157.0,-157.0,-157.0,-157.0,-157.0,-153.5,-152.0,-152.0,-157.0,-157.0,-152.5,-155.5,-153.0,-154.5,-157.0,-157.0,-154.5,-157.0,-157.0,-157.0,-156.0,-139.5,-140.5,-151.0,-151.5,-157.0,-157.0,-157.0,-157.0,-152.0,-156.0,-157.0,-157.0,-152.5,-150.0,-149.0,-156.0,-156.5,-157.0,-157.0,-152.0,-153.5,-157.0,-157.0,-155.5,-157.0,-157.0,-155.5,-157.0,-157.0,-157.0,-157.0,-157.0,-157.0,-154.0,-151.5,-153.5,-156.0,-157.0,-155.0,-157.0,-157.0,-155.0,-157.0,-157.0,-155.5,-154.0,-156.0,-155.5,-157.0,-156.5,-157.0,-157.0,-157.0,-155.5,-157.0,-157.0,-157.0,-157.0,-157.0,-157.0,-151.0,-151.0,-154.5,-156.0,-157.0,-157.0,-152.0,-155.5,-157.0,-157.0,-157.0,-157.0,-157.0,-155.0,-157.0,-157.0,-153.5,-153.0,-157.0,-157.0,-157.0,-157.0,-157.0,-157.0,-150.5,-150.5,-156.0,-157.0,-156.5,-157.0,-157.0,-157.0,-153.5,-153.5,-153.0,-157.0,-157.0,-157.0,-156.5,-156.5,-156.0,-154.5,-156.0,-155.5,-157.0,-157.0,-157.0,-156.5,-154.5,-154.0,-157.0,-157.0,-155.5,-156.5,-157.0,-155.0,-157.0,-157.0,-154.0,-157.0,-156.0,-157.0,-154.5,-153.0,-153.0,-155.0,-157.0,-152.0,-157.0
2026-01-17 14:13:47.331,143.049967,5,-77,-157.0,-157.0,-157.0,-157.0,-152.5,-157.0,-154.0,-157.0,-157.0,-157.0,-157.0,-155.0,-154.0,-152.0,-152.0,-153.0,-157.0,-152.5,-154.5,-151.5,-155.0,-153.0,-157.0,-156.5,-154.5,-156.0,-155.0,-153.5,-157.0,-156.5,-157.0,-157.0,-154.0,-154.0,-154.5,-157.0,-155.0,-156.0,-157.0,-155.0,-152.5,-156.5,-157.0,-154.0,-153.5,-156.0,-157.0,-151.0,-151.5,-157.0,-156.5,-157.0,-155.0,-157.0,-157.0,-157.0,-156.5,-157.0,-156.0,-156.0,-156.0,-153.5,-153.0,-157.0,-153.0,-151.5,-157.0,-153.0,-155.0,-153.0,-153.5,-156.0,-157.0,-155.5,-153.5,-157.0,-155.5,-153.5,-157.0,-150.0,-149.5,-156.5,-156.0,-155.5,-157.0,-157.0,-157.0,-157.0,-155.5,-154.0,-157.0,-154.5,-155.5,-157.0,-157.0,-155.5,-156.5,-157.0,-157.0,-155.5,-157.0,-157.0,-157.0,-157.0,-157.0,-157.0,-157.0,-157.0,-157.0,-157.0,-157.0,-157.0,-157.0,-155.5,-155.5,-156.0,-157.0,-154.0,-153.5,-152.0,-152.5,-151.5,-157.0,-150.0,-157.0,-155.0,-154.0,-157.0,-157.0,-157.0,-157.0,-157.0,-156.0,-154.5,-155.5,-154.5,-152.0,-157.0,-157.0,-157.0,-156.0,-157.0,-157.0,-156.5,-157.0,-154.5,-153.5,-150.5,-151.0,-156.0,-157.0,-156.5,-154.5,-155.0,-157.0,-157.0,-157.0,-153.0,-155.0,-150.5,-152.0,-157.0,-156.0,-157.0,-154.0,-155.5,-151.5,-157.0,-157.0,-157.0,-154.5,-154.0,-156.5,-155.5,-157.0,-152.5,-157.0,-155.5,-154.5,-157.0,-157.0,-156.5,-157.0,-157.0,-157.0,-157.0,-157.0,-157.0,-153.0,-153.5,-154.0,-155.0,-156.0,-157.0,-157.0,-157.0,-157.0,-157.0,-157.0,-157.0,-153.5,-152.0,-152.0,-154.5,-152.0,-153.0,-153.0,-155.0,-157.0,-157.0,-156.5,-157.0,-157.0,-155.0,-157.0,-154.0,-152.5,-154.5,-157.0,-155.0,-154.5,-152.0,-157.0,-153.0,-153.5,-157.0,-157.0,-157.0,-157.0,-157.0,-157.0,-157.0,-157.0,-153.5,-157.0,-156.5,-155.0,-157.0,-152.0,-157.0,-155.0,-151.5,-146.5,-147.0,-157.0,-157.0,-157.0,-156.5,-157.0,-155.5,-151.5,-157.0,-155.0,-152.0,-157.0,-157.0,-153.5,-153.0,-151.0,-157.0,-157.0,-154.5,-154.0,-154.5,-152.5,-155.0,-157.0,-157.0,-157.0,-151.5,-155.0,-151.0,-153.0,-157.0,-157.0,-157.0,-155.5,-154.0,-155.5,-157.0,-157.0,-154.0,-157.0,-155.5,-157.0,-157.0,-157.0,-157.0,-156.0,-157.0,-153.5,-157.0,-155.5,-157.0,-157.0,-155.5,-155.0,-155.0,-149.5,-153.0,-148.0,-148.5,-157.0,-157.0,-157.0,-157.0,-153.0,-153.5,-154.5,-157.0,-154.5,-156.5,-154.5,-157.0,-153.0,-156.5,-157.0,-157.0,-157.0,-156.5,-153.0,-157.0,-155.0,-154.5,-157.0,-156.5,-157.0,-157.0,-157.0,-157.0,-156.0,-157.0,-157.0,-157.0,-157.0,-155.0,-154.0,-154.0,-156.5,-155.0,-157.0,-155.5,-154.5,-155.5,-157.0,-153.0,-140.5,-145.0,-149.0,-151.0,-157.0,-157.0,-157.0,-157.0,-150.0,-157.0,-154.0,-155.5,-153.0,-153.5,-152.5,-154.0,-156.5,-157.0,-155.5,-154.0,-154.5,-156.5,-154.0,-153.0,-157.0,-157.0,-156.0,-154.5,-156.5,-157.0,-154.5,-154.5,-155.5,-155.0,-152.0,-157.0,-156.5,-157.0,-153.0,-157.0,-155.0,-153.5,-157.0,-157.0,-157.0,-157.0,-157.0,-152.5,-157.0,-157.0,-155.0,-154.0,-157.0,-157.0,-157.0,-157.0,-157.0,-157.0,-157.0,-154.0,-152.5,-151.5,-151.0,-157.0,-157.0,-155.0,-153.0,-157.0,-157.0,-157.0,-157.0,-155.5,-157.0,-156.5,-157.0,-157.0,-157.0,-154.0,-157.0,-153.5,-153.0,-156.0,-157.0,-155.5,-156.0,-151.0,-154.0,-154.5,-156.5,-157.0,-156.0,-154.5,-151.5,-157.0,-154.5,-157.0,-157.0,-155.0,-153.5,-157.0,-157.0,-155.0,-154.5,-153.5,-155.5,-157.0,-157.0,-157.0,-157.0,-155.5,-156.5,-157.0,-155.0,-157.0,-157.0,-156.0,-155.0,-152.5,-153.5,-156.5,-157.0,-157.0,-156.5,-157.0,-151.5,-156.0,-157.0,-151.0,-154.5
2026-01-17 14:13:47.366,143.049967,5,-77,-157.0,-157.0,-157.0,-157.0,-153.0,-157.0,-152.0,-155.5,-157.0,-157.0,-157.0,-157.0,-157.0,-151.5,-157.0,-156.5,-157.0,-155.0,-153.5,-150.5,-155.5,-156.0,-157.0,-156.5,-152.5,-154.0,-153.0,-157.0,-157.0,-157.0,-157.0,-157.0,-155.5,-152.5,-153.0,-155.5,-157.0,-157.0,-157.0,-153.0,-151.0,-157.0,-157.0,-156.0,-156.0,-156.0,-153.5,-151.0,-152.5,-157.0,-155.5,-154.0,-154.5,-154.0,-156.0,-157.0,-157.0,-157.0,-157.0,-157.0,-157.0,-154.0,-156.5,-157.0,-156.5,-153.0,-157.0,-155.5,-157.0,-155.0,-153.5,-157.0,-157.0,-153.0,-152.5,-154.5,-153.0,-153.5,-154.0,-153.5,-155.5,-156.5,-157.0,-154.0,-153.0,-157.0,-156.5,-157.0,-157.0,-154.0,-157.0,-156.0,-157.0,-157.0,-157.0,-151.5,-153.5,-155.0,-157.0,-155.5,-157.0,-157.0,-157.0,-156.5,-157.0,-157.0,-155.5,-156.0,-157.0,-157.0,-155.5,-157.0,-155.5,-157.0,-157.0,-156.0,-157.0,-155.5,-152.5,-151.0,-157.0,-153.0,-153.0,-150.0,-157.0,-152.0,-155.5,-153.0,-155.0,-157.0,-157.0,-157.0,-157.0,-157.0,-157.0,-155.0,-150.5,-157.0,-157.0,-157.0,-157.0,-157.0,-157.0,-156.0,-157.0,-154.0,-153.0,-156.0,-157.0,-157.0,-157.0,-155.0,-153.0,-157.0,-157.0,-157.0,-155.5,-153.5,-157.0,-155.0,-155.5,-157.0,-156.5,-157.0,-157.0,-155.5,-152.5,-156.5,-157.0,-157.0,-157.0,-156.5,-157.0,-157.0,-157.0,-157.0,-157.0,-157.0,-157.0,-157.0,-157.0,-157.0,-156.0,-157.0,-157.0,-157.0,-157.0,-156.0,-156.0,-156.0,-154.0,-155.0,-157.0,-154.5,-157.0,-157.0,-157.0,-157.0,-157.0,-157.0,-155.0,-154.0,-156.5,-156.0,-154.0,-156.5,-154.0,-156.0,-157.0,-157.0,-153.0,-157.0,-157.0,-155.0,-157.0,-155.5,-154.5,-152.0,-157.0,-157.0,-156.5,-153.0,-152.5,-152.5,-153.5,-150.0,-151.5,-156.5,-157.0,-157.0,-157.0,-156.5,-155.5,-152.0,-157.0,-155.5,-153.0,-156.0,-154.5,-156.5,-157.0,-151.0,-147.5,-147.0,-157.0,-157.0,-157.0,-154.5,-157.0,-155.0,-152.0,-157.0,-156.0,-153.0,-156.0,-153.5,-150.5,-151.5,-155.5,-157.0,-153.5,-153.5,-157.0,-157.0,-149.5,-151.5,-157.0,-157.0,-157.0,-154.0,-157.0,-150.5,-151.5,-157.0,-157.0,-155.0,-157.0,-151.5,-152.0,-155.0,-157.0,-153.0,-156.0,-150.0,-154.5,-157.0,-157.0,-157.0,-157.0,-155.0,-154.5,-157.0,-156.5,-156.5,-157.0,-156.0,-156.5,-157.0,-151.5,-153.5,-152.0,-152.5,-157.0,-157.0,-156.5,-157.0,-155.5,-154.0,-155.0,-154.5,-155.0,-157.0,-155.0,-157.0,-151.5,-154.5,-157.0,-156.5,-156.0,-157.0,-155.5,-154.0,-151.5,-157.0,-157.0,-157.0,-156.5,-157.0,-155.5,-157.0,-157.0,-157.0,-157.0,-157.0,-157.0,-152.5,-152.0,-153.5,-157.0,-153.0,-157.0,-157.0,-153.5,-154.5,-157.0,-148.5,-141.0,-147.0,-150.5,-154.0,-157.0,-157.0,-157.0,-153.0,-151.5,-154.0,-153.0,-154.5,-153.5,-157.0,-156.5,-157.0,-157.0,-157.0,-157.0,-157.0,-156.5,-157.0,-155.0,-153.0,-157.0,-157.0,-157.0,-156.5,-157.0,-154.5,-151.5,-154.5,-157.0,-155.5,-154.0,-157.0,-157.0,-155.5,-151.0,-157.0,-154.0,-156.0,-157.0,-157.0,-157.0,-157.0,-154.5,-153.5,-157.0,-157.0,-154.5,-156.0,-157.0,-156.5,-157.0,-157.0,-154.5,-157.0,-157.0,-156.0,-157.0,-156.5,-153.5,-157.0,-157.0,-153.5,-153.0,-157.0,-157.0,-157.0,-154.5,-152.5,-157.0,-157.0,-157.0,-157.0,-157.0,-157.0,-157.0,-154.5,-153.0,-157.0,-157.0,-156.0,-157.0,-154.5,-157.0,-154.5,-157.0,-156.0,-156.5,-154.0,-152.5,-155.5,-153.5,-157.0,-157.0,-154.0,-153.5,-156.0,-157.0,-155.5,-154.0,-157.0,-157.0,-154.0,-153.0,-156.0,-157.0,-157.0,-157.0,-157.0,-157.0,-157.0,-157.0,-157.0,-153.5,-153.5,-157.0,-155.5,-157.0,-157.0,-155.0,-154.5,-152.5,-157.0,-155.5,-153.5,-155.5
2026-01-17 14:13:47.398,143.049967,5,-77,-157.0,-157.0,-152.5,-157.0,-157.0,-157.0,-154.5,-156.5,-157.0,-157.0,-157.0,-157.0,-152.5,-152.0,-157.0,-157.0,-157.0,-155.5,-151.0,-152.5,-157.0,-157.0,-157.0,-157.0,-155.5,-157.0,-156.5,-156.0,-155.5,-157.0,-156.5,-157.0,-154.0,-154.0,-155.5,-155.0,-157.0,-155.5,-154.5,-153.0,-153.0,-157.0,-157.0,-156.5,-157.0,-157.0,-155.0,-153.5,-156.5,-157.0,-157.0,-157.0,-156.5,-157.0,-153.0,-155.5,-157.0,-157.0,-157.0,-157.0,-157.0,-156.0,-156.5,-157.0,-156.0,-153.0,-155.0,-155.5,-157.0,-156.0,-157.0,-157.0,-157.0,-153.5,-151.0,-155.0,-157.0,-157.0,-151.0,-150.5,-157.0,-157.0,-155.5,-156.0,-152.5,-156.0,-157.0,-156.5,-157.0,-155.0,-157.0,-153.0,-157.0,-157.0,-153.0,-150.0,-156.5,-154.5,-157.0,-157.0,-153.5,-154.0,-157.0,-155.0,-157.0,-157.0,-155.0,-157.0,-157.0,-157.0,-154.0,-157.0,-157.0,-157.0,-157.0,-157.0,-154.5,-157.0,-153.0,-157.0,-157.0,-154.5,-153.5,-152.5,-156.5,-151.5,-152.0,-152.5,-154.0,-153.0,-154.0,-157.0,-157.0,-157.0,-157.0,-156.0,-149.5,-155.5,-157.0,-157.0,-157.0,-157.0,-157.0,-156.0,-157.0,-157.0,-156.0,-157.0,-157.0,-157.0,-157.0,-154.5,-153.5,-157.0,-157.0,-157.0,-156.0,-155.0,-157.0,-157.0,-156.0,-154.5,-155.0,-157.0,-157.0,-157.0,-154.0,-152.0,-153.5,-157.0,-157.0,-157.0,-152.0,-153.0,-156.0,-157.0,-157.0,-157.0,-157.0,-157.0,-157.0,-154.0,-152.5,-153.0,-156.0,-155.0,-157.0,-155.5,-156.0,-153.5,-153.5,-153.0,-152.0,-152.0,-154.0,-157.0,-157.0,-157.0,-157.0,-157.0,-157.0,-156.0,-155.0,-154.5,-155.5,-156.5,-155.0,-157.0,-157.0,-157.0,-154.0,-156.5,-157.0,-154.5,-157.0,-156.0,-155.5,-151.0,-152.5,-156.0,-157.0,-155.5,-157.0,-157.0,-152.5,-147.0,-151.5,-156.0,-157.0,-157.0,-157.0,-155.0,-151.0,-151.5,-157.0,-156.0,-157.0,-157.0,-155.5,-155.0,-149.5,-150.0,-149.5,-150.0,-153.5,-157.0,-155.0,-156.0,-157.0,-156.0,-155.5,-154.5,-157.0,-154.0,-156.0,-156.0,-154.5,-154.5,-157.0,-157.0,-157.0,-154.5,-157.0,-153.5,-149.5,-152.5,-157.0,-157.0,-154.0,-151.5,-157.0,-150.0,-151.5,-157.0,-157.0,-153.0,-154.5,-153.0,-157.0,-157.0,-155.0,-154.0,-157.0,-150.0,-154.5,-157.0,-157.0,-156.0,-157.0,-157.0,-157.0,-156.0,-156.5,-157.0,-157.0,-155.0,-156.0,-157.0,-155.0,-155.5,-156.5,-155.5,-157.0,-157.0,-155.5,-154.5,-157.0,-156.5,-157.0,-153.5,-157.0,-157.0,-151.5,-152.0,-151.5,-154.0,-157.0,-157.0,-156.5,-157.0,-157.0,-151.5,-151.0,-156.5,-157.0,-157.0,-153.5,-157.0,-153.0,-156.5,-157.0,-157.0,-157.0,-157.0,-154.0,-149.5,-150.5,-157.0,-155.0,-152.0,-157.0,-157.0,-152.5,-155.5,-156.5,-143.0,-140.0,-149.5,-151.0,-151.5,-156.5,-157.0,-155.5,-153.5,-153.0,-155.5,-157.0,-157.0,-153.0,-156.0,-154.5,-157.0,-157.0,-157.0,-157.0,-157.0,-154.5,-154.0,-153.5,-152.0,-156.0,-157.0,-155.5,-154.0,-152.5,-153.5,-153.0,-155.0,-157.0,-157.0,-153.0,-156.0,-157.0,-156.0,-149.5,-154.0,-157.0,-157.0,-157.0,-157.0,-157.0,-153.0,-150.5,-154.5,-157.0,-154.5,-156.0,-154.0,-153.5,-156.5,-156.0,-157.0,-151.0,-151.5,-156.0,-157.0,-155.5,-153.0,-157.0,-157.0,-157.0,-155.5,-156.0,-157.0,-157.0,-155.5,-155.5,-155.0,-154.0,-156.0,-157.0,-156.5,-152.5,-155.5,-155.0,-157.0,-157.0,-157.0,-157.0,-157.0,-157.0,-156.0,-157.0,-156.0,-157.0,-154.0,-157.0,-157.0,-156.5,-156.0,-156.0,-156.0,-157.0,-154.0,-155.0,-157.0,-156.0,-153.5,-156.0,-156.0,-157.0,-157.0,-151.5,-152.0,-156.5,-157.0,-157.0,-156.5,-157.0,-156.0,-157.0,-157.0,-157.0,-157.0,-157.0,-157.0,-157.0,-157.0,-156.0,-157.0,-157.0,-157.0,-157.0,-157.0,-157.0
2026-01-17 14:13:47.432,143.049967,5,-77,-157.0,-157.0,-152.5,-156.0,-157.0,-154.0,-152.5,-154.5,-157.0,-157.0,-157.0,-154.5,-153.0,-157.0,-157.0,-157.0,-156.5,-156.0,-154.5,-157.0,-157.0,-157.0,-157.0,-157.0,-157.0,-157.0,-157.0,-151.0,-149.5,-155.0,-157.0,-156.0,-156.5,-157.0,-157.0,-154.5,-152.5,-152.5,-150.5,-152.5,-156.0,-157.0,-157.0,-154.5,-155.5,-157.0,-157.0,-156.0,-156.5,-157.0,-157.0,-157.0,-155.0,-156.0,-151.5,-155.5,-157.0,-157.0,-157.0,-157.0,-157.0,-156.5,-155.5,-153.5,-152.5,-156.5,-155.0,-154.5,-157.0,-156.0,-157.0,-157.0,-156.5,-156.5,-154.0,-157.0,-157.0,-157.0,-151.0,-151.0,-153.5,-157.0,-156.0,-157.0,-153.0,-154.0,-157.0,-154.0,-155.0,-157.0,-157.0,-151.5,-157.0,-157.0,-151.5,-154.0,-157.0,-155.0,-157.0,-157.0,-152.5,-153.0,-157.0,-157.0,-157.0,-157.0,-157.0,-157.0,-157.0,-157.0,-157.0,-157.0,-157.0,-157.0,-157.0,-157.0,-155.5,-157.0,-156.5,-157.0,-157.0,-154.5,-153.5,-152.5,-152.0,-156.0,-155.0,-154.5,-155.5,-151.0,-150.0,-151.5,-155.0,-155.5,-157.0,-157.0,-150.5,-157.0,-157.0,-157.0,-157.0,-157.0,-157.0,-157.0,-157.0,-157.0,-157.0,-154.5,-155.0,-156.5,-155.5,-153.5,-155.0,-156.0,-157.0,-157.0,-157.0,-157.0,-157.0,-157.0,-154.0,-152.0,-152.0,-157.0,-157.0,-157.0,-157.0,-154.0,-154.5,-157.0,-156.0,-157.0,-151.0,-153.0,-157.0,-157.0,-157.0,-156.5,-157.0,-157.0,-157.0,-152.0,-157.0,-152.0,-152.0,-156.0,-154.0,-156.5,-157.0,-157.0,-155.5,-154.0,-155.5,-153.0,-152.0,-157.0,-157.0,-152.5,-152.5,-157.0,-157.0,-156.5,-152.5,-154.5,-154.5,-154.0,-155.0,-157.0,-156.0,-157.0,-157.0,-157.0,-157.0,-156.0,-157.0,-157.0,-155.5,-155.5,-155.0,-157.0,-157.0,-157.0,-157.0,-157.0,-149.5,-146.0,-157.0,-155.0,-157.0,-157.0,-153.0,-153.5,-154.0,-155.0,-157.0,-157.0,-157.0,-152.5,-156.5,-157.0,-149.5,-152.0,-151.0,-152.5,-151.5,-157.0,-157.0,-157.0,-157.0,-156.5,-156.0,-155.5,-157.0,-154.0,-155.0,-157.0,-157.0,-157.0,-157.0,-157.0,-155.0,-157.0,-157.0,-153.5,-153.5,-154.5,-157.0,-157.0,-154.5,-154.0,-157.0,-151.0,-154.5,-157.0,-157.0,-154.5,-152.0,-154.0,-157.0,-157.0,-155.5,-157.0,-157.0,-153.0,-155.5,-157.0,-153.0,-154.5,-157.0,-157.0,-156.0,-151.5,-153.0,-157.0,-157.0,-156.0,-156.0,-157.0,-157.0,-157.0,-155.0,-154.0,-157.0,-157.0,-156.0,-155.5,-156.0,-156.5,-157.0,-152.5,-152.5,-154.0,-153.0,-152.5,-156.0,-157.0,-155.0,-155.0,-156.0,-156.0,-157.0,-157.0,-157.0,-153.0,-152.0,-154.0,-152.5,-157.0,-152.0,-154.0,-157.0,-156.5,-152.5,-153.5,-157.0,-153.5,-154.0,-157.0,-153.5,-152.5,-157.0,-155.5,-150.5,-156.0,-157.0,-141.5,-142.0,-155.5,-154.5,-151.5,-154.5,-157.0,-154.5,-157.0,-153.0,-156.5,-157.0,-155.0,-153.0,-155.5,-152.0,-157.0,-157.0,-157.0,-157.0,-157.0,-151.5,-154.5,-149.5,-150.5,-157.0,-157.0,-153.0,-151.0,-151.5,-155.5,-154.5,-157.0,-157.0,-157.0,-150.5,-153.0,-157.0,-156.0,-148.0,-149.5,-157.0,-157.0,-157.0,-157.0,-157.0,-151.0,-149.0,-154.5,-155.5,-157.0,-157.0,-151.0,-152.0,-157.0,-157.0,-157.0,-153.0,-152.0,-157.0,-157.0,-152.5,-150.5,-156.5,-157.0,-157.0,-154.0,-157.0,-157.0,-157.0,-155.5,-156.5,-154.0,-154.0,-157.0,-157.0,-157.0,-151.5,-154.0,-151.0,-157.0,-157.0,-156.0,-156.0,-156.0,-157.0,-157.0,-157.0,-157.0,-156.5,-154.0,-157.0,-157.0,-157.0,-157.0,-157.0,-155.5,-157.0,-153.0,-152.5,-157.0,-153.5,-150.5,-157.0,-156.5,-157.0,-157.0,-152.5,-151.0,-152.5,-154.5,-157.0,-154.5,-154.0,-155.0,-155.5,-157.0,-157.0,-157.0,-157.0,-157.0,-157.0,-155.5,-155.5,-157.0,-157.0,-157.0,-157.0,-157.0,-157.0
2026-01-17 14:13:47.468,143.049967,5,-77,-157.0,-157.0,-157.0,-157.0,-157.0,-150.5,-150.0,-154.5,-157.0,-157.0,-157.0,-157.0,-153.0,-157.0,-153.5,-153.5,-156.5,-157.0,-157.0,-156.5,-157.0,-157.0,-157.0,-154.5,-157.0,-154.5,-156.0,-151.5,-150.5,-155.0,-157.0,-156.5,-157.0,-157.0,-157.0,-153.0,-152.5,-152.5,-152.0,-151.5,-157.0,-157.0,-156.0,-157.0,-153.5,-155.0,-157.0,-157.0,-155.5,-157.0,-157.0,-157.0,-152.0,-151.0,-151.5,-157.0,-157.0,-157.0,-157.0,-157.0,-157.0,-156.5,-157.0,-149.0,-148.0,-154.5,-155.5,-153.5,-155.5,-154.5,-157.0,-156.5,-155.5,-157.0,-156.0,-154.5,-153.0,-153.0,-153.5,-157.0,-156.5,-157.0,-157.0,-157.0,-157.0,-153.0,-157.0,-154.5,-157.0,-157.0,-157.0,-153.5,-157.0,-151.5,-150.5,-157.0,-157.0,-152.5,-156.5,-157.0,-155.0,-155.5,-157.0,-157.0,-157.0,-157.0,-157.0,-157.0,-155.0,-157.0,-157.0,-157.0,-157.0,-157.0,-157.0,-157.0,-157.0,-157.0,-157.0,-154.5,-155.5,-156.0,-157.0,-152.5,-156.5,-157.0,-157.0,-155.5,-157.0,-155.5,-150.5,-149.5,-156.5,-154.0,-157.0,-157.0,-152.0,-157.0,-155.5,-157.0,-157.0,-156.0,-155.0,-155.5,-157.0,-157.0,-157.0,-151.5,-151.0,-155.5,-157.0,-156.5,-157.0,-157.0,-154.5,-154.0,-154.5,-155.5,-157.0,-154.0,-157.0,-157.0,-153.0,-157.0,-157.0,-157.0,-157.0,-157.0,-157.0,-157.0,-154.0,-151.5,-154.0,-157.0,-157.0,-157.0,-156.5,-153.0,-154.0,-157.0,-157.0,-153.5,-157.0,-157.0,-154.0,-154.5,-156.0,-157.0,-157.0,-156.5,-154.0,-154.5,-157.0,-154.5,-152.5,-152.5,-157.0,-150.5,-151.5,-152.5,-154.5,-157.0,-157.0,-157.0,-155.5,-156.5,-153.5,-153.5,-152.5,-155.0,-154.5,-157.0,-157.0,-157.0,-157.0,-157.0,-157.0,-157.0,-157.0,-157.0,-157.0,-156.0,-157.0,-156.5,-152.5,-148.0,-154.0,-155.5,-157.0,-157.0,-150.5,-153.5,-157.0,-157.0,-157.0,-157.0,-156.5,-152.0,-154.5,-157.0,-154.5,-157.0,-149.0,-147.0,-152.5,-157.0,-157.0,-157.0,-156.5,-157.0,-153.0,-157.0,-157.0,-157.0,-151.5,-151.0,-154.5,-157.0,-157.0,-152.5,-150.5,-157.0,-157.0,-153.5,-154.0,-154.0,-157.0,-157.0,-157.0,-157.0,-157.0,-153.0,-157.0,-157.0,-157.0,-157.0,-154.0,-154.0,-157.0,-157.0,-156.5,-157.0,-157.0,-155.0,-152.0,-157.0,-154.0,-154.0,-157.0,-156.0,-157.0,-151.5,-152.0,-154.5,-155.5,-157.0,-157.0,-157.0,-157.0,-157.0,-155.5,-153.0,-157.0,-155.0,-154.5,-157.0,-157.0,-153.5,-153.0,-152.5,-152.5,-155.0,-157.0,-156.0,-157.0,-157.0,-157.0,-151.5,-154.0,-156.5,-157.0,-157.0,-157.0,-155.5,-152.5,-157.0,-155.5,-154.0,-151.5,-157.0,-156.0,-156.5,-149.0,-151.5,-157.0,-157.0,-157.0,-157.0,-151.5,-152.5,-157.0,-153.5,-150.0,-155.5,-157.0,-142.0,-144.5,-157.0,-157.0,-156.0,-157.0,-153.0,-151.0,-157.0,-155.0,-157.0,-157.0,-155.5,-156.0,-152.0,-153.0,-153.5,-152.5,-155.0,-157.0,-156.5,-151.0,-152.5,-149.0,-157.0,-157.0,-153.0,-156.0,-152.5,-152.0,-157.0,-155.5,-157.0,-157.0,-157.0,-153.0,-153.0,-157.0,-157.0,-150.5,-151.0,-157.0,-157.0,-157.0,-157.0,-157.0,-152.5,-151.5,-157.0,-156.5,-157.0,-157.0,-155.0,-154.0,-157.0,-157.0,-157.0,-156.5,-157.0,-157.0,-157.0,-152.5,-154.5,-157.0,-157.0,-157.0,-152.5,-152.5,-157.0,-157.0,-157.0,-156.5,-151.0,-153.5,-157.0,-157.0,-157.0,-152.5,-155.5,-152.0,-154.5,-157.0,-156.5,-153.0,-152.0,-155.5,-157.0,-157.0,-157.0,-157.0,-156.0,-157.0,-155.0,-157.0,-157.0,-156.5,-154.5,-157.0,-152.5,-153.5,-157.0,-155.5,-152.5,-153.5,-155.0,-157.0,-157.0,-156.0,-152.5,-154.0,-155.5,-156.0,-157.0,-157.0,-156.5,-156.0,-157.0,-157.0,-157.0,-157.0,-157.0,-157.0,-157.0,-157.0,-153.5,-155.0,-157.0,-157.0,-157.0,-157.0
2026-01-17 14:13:47.510,143.049967,5,-77,-157.0,-157.0,-157.0,-157.0,-157.0,-153.5,-152.0,-157.0,-155.0,-156.0,-157.0,-157.0,-152.5,-155.0,-155.5,-154.5,-156.5,-157.0,-157.0,-156.0,-157.0,-157.0,-157.0,-154.5,-157.0,-155.5,-155.5,-152.0,-154.5,-157.0,-157.0,-154.0,-156.5,-157.0,-157.0,-155.0,-155.0,-153.5,-156.0,-151.5,-151.5,-157.0,-151.0,-153.0,-152.0,-155.5,-157.0,-157.0,-152.5,-152.0,-157.0,-157.0,-153.0,-151.5,-157.0,-157.0,-157.0,-157.0,-156.0,-157.0,-157.0,-157.0,-157.0,-153.0,-150.5,-153.5,-157.0,-153.0,-151.5,-154.0,-155.5,-154.5,-157.0,-157.0,-154.5,-152.0,-154.5,-151.5,-154.0,-157.0,-157.0,-157.0,-157.0,-157.0,-155.0,-154.0,-157.0,-157.0,-157.0,-157.0,-157.0,-156.0,-156.5,-150.0,-151.0,-157.0,-156.0,-151.5,-157.0,-157.0,-157.0,-157.0,-154.0,-153.5,-157.0,-157.0,-157.0,-157.0,-156.5,-156.5,-154.0,-157.0,-157.0,-157.0,-157.0,-157.0,-157.0,-157.0,-157.0,-152.5,-150.5,-152.0,-154.5,-154.5,-157.0,-157.0,-155.5,-153.5,-152.5,-153.5,-153.0,-153.5,-155.5,-152.5,-157.0,-157.0,-152.0,-156.5,-154.5,-155.0,-155.0,-152.0,-151.5,-153.5,-154.0,-157.0,-157.0,-154.5,-154.0,-157.0,-157.0,-154.5,-152.5,-153.5,-154.0,-152.0,-154.0,-154.0,-152.0,-153.0,-157.0,-157.0,-154.0,-156.0,-156.0,-156.5,-155.5,-157.0,-155.5,-157.0,-157.0,-153.0,-155.0,-157.0,-157.0,-151.5,-150.0,-151.5,-154.0,-156.0,-157.0,-156.0,-157.0,-157.0,-155.5,-155.5,-157.0,-154.5,-155.0,-152.0,-151.5,-155.0,-153.5,-155.5,-154.0,-155.0,-157.0,-153.0,-157.0,-154.5,-155.0,-157.0,-157.0,-157.0,-157.0,-155.0,-154.0,-154.0,-157.0,-150.0,-150.5,-157.0,-157.0,-157.0,-157.0,-157.0,-157.0,-157.0,-157.0,-157.0,-157.0,-157.0,-157.0,-155.5,-157.0,-150.0,-151.0,-156.5,-157.0,-157.0,-153.0,-156.5,-157.0,-157.0,-157.0,-157.0,-157.0,-154.5,-153.0,-157.0,-157.0,-157.0,-147.5,-145.5,-157.0,-157.0,-157.0,-157.0,-156.5,-157.0,-151.0,-157.0,-157.0,-157.0,-156.5,-151.5,-157.0,-156.5,-157.0,-149.5,-149.5,-156.5,-157.0,-155.5,-153.0,-154.5,-154.0,-155.0,-157.0,-157.0,-157.0,-155.0,-155.0,-156.0,-157.0,-157.0,-157.0,-156.0,-157.0,-157.0,-157.0,-157.0,-157.0,-153.0,-153.0,-156.0,-157.0,-155.5,-152.0,-153.0,-154.0,-153.0,-153.5,-150.0,-153.5,-157.0,-157.0,-157.0,-154.5,-157.0,-157.0,-155.5,-157.0,-155.5,-152.0,-157.0,-157.0,-155.0,-156.5,-153.5,-153.0,-157.0,-157.0,-154.0,-156.5,-157.0,-157.0,-151.0,-152.0,-157.0,-155.0,-157.0,-157.0,-157.0,-156.5,-157.0,-156.5,-149.5,-152.5,-157.0,-157.0,-157.0,-149.0,-151.0,-157.0,-157.0,-154.5,-156.5,-155.5,-156.5,-157.0,-157.0,-153.5,-157.0,-150.0,-142.5,-148.5,-153.5,-157.0,-157.0,-157.0,-152.0,-152.0,-156.0,-153.0,-156.5,-155.5,-157.0,-157.0,-154.0,-157.0,-152.5,-149.5,-153.0,-157.0,-157.0,-153.5,-153.5,-150.5,-156.5,-151.5,-151.5,-153.0,-157.0,-155.5,-157.0,-154.5,-156.0,-157.0,-154.5,-157.0,-157.0,-157.0,-157.0,-155.0,-155.5,-157.0,-156.0,-156.0,-156.5,-155.5,-153.0,-157.0,-155.0,-157.0,-157.0,-157.0,-157.0,-156.0,-157.0,-155.5,-157.0,-157.0,-157.0,-156.0,-157.0,-155.5,-157.0,-157.0,-157.0,-157.0,-154.0,-151.5,-157.0,-157.0,-157.0,-157.0,-151.5,-151.5,-157.0,-157.0,-155.5,-153.0,-152.0,-157.0,-157.0,-157.0,-156.5,-153.0,-153.5,-157.0,-157.0,-157.0,-157.0,-155.5,-157.0,-155.5,-155.0,-155.5,-157.0,-157.0,-157.0,-157.0,-152.5,-156.5,-155.5,-155.0,-157.0,-155.0,-153.5,-157.0,-157.0,-157.0,-156.5,-157.0,-154.0,-151.5,-155.5,-157.0,-157.0,-157.0,-157.0,-157.0,-156.5,-157.0,-157.0,-157.0,-157.0,-156.5,-153.0,-152.0,-154.5,-157.0,-157.0,-156.5
2026-01-17 14:13:47.546,143.049967,5,-77,-157.0,-157.0,-157.0,-157.0,-157.0,-155.0,-157.0,-157.0,-156.5,-157.0,-155.0,-157.0,-154.5,-154.0,-155.0,-155.5,-154.0,-156.5,-156.0,-156.5,-157.0,-157.0,-157.0,-156.0,-157.0,-155.5,-157.0,-154.0,-157.0,-157.0,-157.0,-154.0,-157.0,-157.0,-157.0,-157.0,-157.0,-157.0,-157.0,-155.0,-152.0,-152.5,-151.5,-151.5,-152.0,-156.5,-157.0,-157.0,-152.0,-150.5,-153.0,-157.0,-157.0,-155.0,-157.0,-157.0,-157.0,-157.0,-157.0,-157.0,-157.0,-157.0,-155.5,-157.0,-154.5,-157.0,-157.0,-153.5,-153.5,-155.0,-153.5,-154.0,-157.0,-157.0,-156.5,-153.5,-157.0,-154.0,-156.0,-157.0,-157.0,-157.0,-157.0,-157.0,-152.0,-157.0,-157.0,-157.0,-157.0,-157.0,-157.0,-153.5,-156.0,-155.5,-155.5,-157.0,-157.0,-153.5,-156.5,-157.0,-157.0,-157.0,-156.5,-154.5,-157.0,-157.0,-156.0,-157.0,-157.0,-157.0,-156.0,-156.5,-157.0,-157.0,-157.0,-157.0,-157.0,-157.0,-157.0,-153.0,-153.0,-152.0,-153.5,-154.5,-153.5,-157.0,-157.0,-153.0,-151.0,-156.5,-155.5,-157.0,-157.0,-151.5,-155.5,-157.0,-149.5,-152.0,-157.0,-156.5,-157.0,-156.5,-155.5,-157.0,-152.0,-153.5,-154.5,-156.0,-157.0,-155.5,-157.0,-151.0,-151.5,-153.5,-157.0,-153.0,-155.0,-151.5,-152.0,-157.0,-157.0,-150.5,-149.0,-149.5,-157.0,-154.0,-152.5,-157.0,-155.0,-157.0,-157.0,-157.0,-151.5,-150.5,-156.0,-150.5,-150.5,-152.5,-156.5,-154.0,-154.0,-156.5,-157.0,-157.0,-157.0,-157.0,-156.0,-150.5,-154.5,-151.5,-157.0,-157.0,-151.5,-156.5,-157.0,-157.0,-157.0,-157.0,-156.5,-157.0,-157.0,-157.0,-157.0,-157.0,-157.0,-156.5,-157.0,-156.0,-157.0,-153.5,-152.5,-154.0,-157.0,-157.0,-155.5,-157.0,-157.0,-157.0,-153.0,-152.0,-157.0,-157.0,-157.0,-157.0,-153.0,-156.5,-153.5,-157.0,-157.0,-157.0,-155.0,-157.0,-157.0,-157.0,-155.5,-152.5,-153.5,-157.0,-155.0,-157.0,-157.0,-156.5,-146.5,-145.5,-155.0,-157.0,-157.0,-155.5,-152.5,-153.0,-152.0,-157.0,-157.0,-157.0,-157.0,-152.5,-157.0,-157.0,-153.5,-152.5,-148.5,-154.5,-156.5,-157.0,-153.5,-157.0,-155.0,-154.0,-157.0,-157.0,-154.5,-157.0,-157.0,-156.0,-155.5,-157.0,-157.0,-155.0,-157.0,-157.0,-157.0,-156.5,-157.0,-151.0,-155.5,-155.0,-157.0,-157.0,-150.5,-152.0,-152.5,-153.5,-155.5,-149.5,-155.0,-157.0,-157.0,-157.0,-154.5,-154.0,-156.5,-157.0,-157.0,-155.5,-152.0,-157.0,-157.0,-156.5,-157.0,-156.0,-155.5,-157.0,-157.0,-153.0,-154.0,-157.0,-154.0,-153.0,-152.5,-157.0,-153.0,-155.0,-154.5,-156.0,-157.0,-157.0,-154.0,-147.5,-151.0,-157.0,-157.0,-157.0,-152.5,-155.0,-156.0,-152.0,-150.5,-157.0,-157.0,-157.0,-156.5,-154.0,-157.0,-157.0,-148.0,-142.5,-150.5,-153.0,-157.0,-157.0,-154.5,-150.5,-154.5,-152.0,-151.5,-154.0,-156.0,-157.0,-155.5,-151.0,-151.5,-154.0,-153.0,-156.0,-156.0,-157.0,-155.5,-155.0,-154.0,-157.0,-153.5,-155.5,-150.5,-157.0,-157.0,-157.0,-156.5,-156.0,-156.0,-156.5,-154.5,-153.0,-153.5,-157.0,-157.0,-157.0,-157.0,-151.5,-152.5,-153.5,-155.0,-152.0,-152.5,-154.0,-157.0,-157.0,-157.0,-151.5,-153.0,-157.0,-154.5,-157.0,-157.0,-156.0,-156.0,-157.0,-157.0,-157.0,-157.0,-155.5,-154.0,-152.5,-153.5,-157.0,-157.0,-157.0,-157.0,-154.5,-156.0,-157.0,-157.0,-152.0,-156.0,-154.5,-157.0,-157.0,-157.0,-153.0,-152.0,-157.0,-157.0,-157.0,-157.0,-157.0,-155.5,-156.5,-153.5,-157.0,-157.0,-157.0,-157.0,-157.0,-157.0,-152.5,-153.0,-152.5,-154.0,-157.0,-157.0,-155.0,-157.0,-157.0,-157.0,-154.5,-157.0,-153.5,-149.0,-154.5,-157.0,-157.0,-156.0,-153.0,-154.0,-153.5,-157.0,-157.0,-157.0,-153.5,-153.5,-157.0,-152.5,-151.0,-153.0,-157.0,-154.0
2026-01-17 14:13:47.567,143.049967,5,-77,-157.0,-157.0,-157.0,-157.0,-157.0,-153.5,-156.5,-157.0,-155.0,-156.0,-155.0,-153.0,-157.0,-153.5,-153.0,-157.0,-155.5,-153.0,-156.5,-153.5,-153.5,-157.0,-157.0,-156.0,-153.0,-152.0,-157.0,-156.5,-156.0,-153.5,-151.0,-157.0,-157.0,-157.0,-157.0,-157.0,-157.0,-156.5,-157.0,-156.5,-157.0,-153.0,-155.0,-157.0,-157.0,-157.0,-157.0,-155.5,-155.5,-155.0,-156.5,-155.5,-157.0,-156.0,-157.0,-157.0,-157.0,-157.0,-157.0,-157.0,-157.0,-157.0,-157.0,-157.0,-156.0,-157.0,-156.5,-156.0,-157.0,-157.0,-156.0,-157.0,-157.0,-157.0,-157.0,-154.5,-157.0,-154.5,-156.0,-157.0,-157.0,-156.0,-157.0,-157.0,-154.0,-157.0,-157.0,-157.0,-157.0,-157.0,-156.5,-153.0,-155.0,-157.0,-157.0,-157.0,-157.0,-157.0,-156.0,-157.0,-157.0,-154.0,-157.0,-152.5,-152.5,-157.0,-153.5,-153.0,-157.0,-157.0,-157.0,-157.0,-157.0,-155.0,-157.0,-155.0,-155.0,-157.0,-157.0,-154.5,-156.0,-155.5,-157.0,-153.5,-154.5,-151.5,-152.5,-156.5,-152.5,-157.0,-153.5,-157.0,-157.0,-153.5,-155.0,-157.0,-151.0,-155.0,-157.0,-157.0,-157.0,-157.0,-157.0,-154.0,-151.0,-153.5,-157.0,-154.5,-157.0,-152.5,-154.0,-151.0,-153.0,-156.0,-157.0,-155.0,-152.5,-154.0,-157.0,-157.0,-149.5,-146.5,-148.5,-152.0,-154.5,-153.5,-153.5,-157.0,-153.0,-156.5,-157.0,-157.0,-153.0,-149.0,-151.5,-156.5,-157.0,-152.5,-156.5,-157.0,-156.0,-157.0,-153.5,-155.5,-155.5,-157.0,-157.0,-150.5,-153.0,-152.0,-157.0,-154.0,-149.5,-152.0,-157.0,-157.0,-157.0,-157.0,-154.5,-157.0,-154.0,-157.0,-153.5,-154.0,-157.0,-157.0,-155.5,-155.0,-155.5,-157.0,-156.5,-152.0,-156.5,-157.0,-155.5,-157.0,-157.0,-157.0,-154.5,-153.5,-157.0,-155.0,-155.0,-153.5,-151.0,-154.0,-154.0,-155.5,-157.0,-157.0,-152.0,-155.0,-157.0,-156.0,-155.0,-151.0,-153.5,-157.0,-156.0,-157.0,-157.0,-155.0,-146.0,-147.0,-153.5,-157.0,-156.5,-157.0,-154.5,-152.0,-153.0,-157.0,-156.0,-157.0,-157.0,-151.5,-153.0,-155.5,-149.5,-148.5,-147.5,-157.0,-155.5,-156.5,-153.0,-157.0,-157.0,-157.0,-157.0,-152.0,-151.5,-157.0,-157.0,-156.5,-155.5,-154.5,-155.0,-153.5,-155.5,-157.0,-156.5,-155.5,-155.0,-152.0,-153.5,-155.5,-157.0,-157.0,-153.0,-156.0,-157.0,-157.0,-152.0,-153.5,-156.5,-157.0,-157.0,-152.0,-152.5,-153.5,-156.5,-157.0,-152.5,-153.0,-154.5,-157.0,-155.5,-157.0,-153.5,-155.0,-157.0,-156.0,-155.5,-155.0,-157.0,-152.5,-150.0,-153.0,-156.0,-157.0,-153.5,-155.5,-155.0,-154.5,-157.0,-157.0,-157.0,-149.0,-151.0,-157.0,-155.0,-156.5,-157.0,-157.0,-156.0,-153.0,-150.5,-154.5,-157.0,-157.0,-157.0,-152.5,-155.5,-156.0,-143.5,-143.0,-152.5,-157.0,-157.0,-156.0,-149.5,-149.0,-157.0,-156.0,-157.0,-155.5,-155.5,-157.0,-152.0,-148.5,-152.5,-157.0,-157.0,-157.0,-157.0,-157.0,-157.0,-154.0,-156.5,-157.0,-155.5,-153.0,-151.0,-157.0,-157.0,-157.0,-156.5,-155.5,-157.0,-157.0,-151.5,-153.0,-156.5,-157.0,-157.0,-156.5,-153.5,-149.5,-151.5,-153.5,-157.0,-155.5,-153.0,-157.0,-157.0,-157.0,-154.5,-149.5,-152.5,-157.0,-156.5,-155.0,-153.0,-157.0,-157.0,-157.0,-157.0,-155.0,-156.5,-155.0,-154.0,-152.0,-157.0,-157.0,-157.0,-157.0,-157.0,-156.0,-157.0,-157.0,-157.0,-153.5,-156.0,-157.0,-157.0,-157.0,-157.0,-151.5,-151.0,-157.0,-157.0,-157.0,-157.0,-157.0,-157.0,-156.0,-154.5,-157.0,-157.0,-157.0,-157.0,-157.0,-157.0,-157.0,-156.0,-154.5,-154.5,-156.0,-153.5,-155.0,-156.5,-154.5,-157.0,-155.0,-157.0,-153.0,-152.0,-154.5,-157.0,-157.0,-153.5,-154.0,-155.0,-154.0,-155.0,-157.0,-157.0,-155.0,-157.0,-156.0,-153.0,-152.0,-157.0,-157.0,-155.0
2026-01-17 14:13:47.605,143.049967,5,-77,-157.0,-157.0,-157.0,-157.0,-157.0,-154.0,-156.5,-157.0,-154.0,-152.0,-157.0,-153.5,-157.0,-155.5,-156.0,-157.0,-157.0,-151.0,-153.5,-154.0,-151.5,-155.5,-157.0,-153.5,-155.0,-153.0,-155.5,-157.0,-153.5,-154.0,-150.0,-151.0,-155.5,-157.0,-157.0,-157.0,-157.0,-153.5,-153.5,-157.0,-157.0,-157.0,-157.0,-157.0,-157.0,-157.0,-157.0,-157.0,-157.0,-156.0,-155.0,-154.5,-157.0,-155.5,-157.0,-155.5,-157.0,-157.0,-155.5,-157.0,-157.0,-157.0,-157.0,-157.0,-154.5,-157.0,-156.0,-157.0,-157.0,-157.0,-157.0,-157.0,-157.0,-157.0,-157.0,-156.0,-153.5,-155.5,-155.0,-156.5,-157.0,-155.0,-157.0,-157.0,-157.0,-157.0,-153.5,-154.5,-157.0,-157.0,-157.0,-157.0,-157.0,-154.0,-154.5,-157.0,-157.0,-157.0,-157.0,-157.0,-157.0,-153.0,-155.0,-153.5,-154.0,-157.0,-156.5,-157.0,-154.0,-155.0,-157.0,-157.0,-155.5,-154.0,-157.0,-153.0,-151.5,-157.0,-157.0,-155.5,-154.5,-154.5,-157.0,-156.5,-157.0,-152.0,-150.0,-154.5,-152.5,-157.0,-152.5,-154.0,-157.0,-157.0,-156.5,-157.0,-156.0,-157.0,-157.0,-156.5,-157.0,-157.0,-156.0,-156.5,-153.5,-153.0,-155.0,-155.0,-157.0,-157.0,-152.5,-154.5,-155.5,-157.0,-157.0,-157.0,-153.0,-156.5,-157.0,-155.5,-147.5,-148.0,-157.0,-156.0,-151.5,-157.0,-154.5,-152.0,-149.5,-155.5,-157.0,-157.0,-156.0,-153.0,-151.0,-157.0,-153.0,-151.0,-157.0,-157.0,-157.0,-156.5,-151.5,-152.5,-152.5,-157.0,-152.0,-152.0,-156.5,-157.0,-157.0,-151.5,-150.0,-156.5,-157.0,-152.5,-154.0,-152.0,-150.5,-155.0,-151.0,-154.0,-153.0,-152.5,-157.0,-157.0,-156.5,-155.5,-153.5,-156.0,-157.0,-154.5,-155.0,-157.0,-155.5,-153.5,-157.0,-157.0,-157.0,-157.0,-156.5,-155.5,-154.5,-151.5,-151.5,-157.0,-157.0,-157.0,-157.0,-154.5,-151.0,-157.0,-157.0,-153.5,-154.5,-152.0,-152.5,-157.0,-156.0,-157.0,-157.0,-157.0,-149.0,-148.5,-155.0,-155.5,-153.5,-155.5,-155.0,-151.0,-152.0,-157.0,-156.0,-157.0,-157.0,-154.0,-153.5,-156.0,-147.5,-146.5,-150.0,-157.0,-157.0,-157.0,-157.0,-154.0,-152.5,-155.5,-157.0,-153.0,-155.5,-156.0,-156.5,-156.5,-157.0,-153.0,-154.5,-156.5,-155.0,-153.0,-152.0,-157.0,-157.0,-157.0,-154.5,-157.0,-157.0,-157.0,-157.0,-157.0,-157.0,-157.0,-151.0,-157.0,-155.0,-156.5,-157.0,-152.0,-152.5,-151.0,-155.5,-153.0,-151.0,-155.0,-157.0,-154.0,-151.5,-157.0,-152.0,-152.5,-157.0,-154.0,-155.0,-157.0,-157.0,-150.0,-149.5,-153.0,-156.0,-157.0,-157.0,-157.0,-157.0,-157.0,-157.0,-157.0,-157.0,-151.5,-151.5,-157.0,-153.5,-153.0,-157.0,-157.0,-157.0,-157.0,-150.0,-152.0,-157.0,-157.0,-157.0,-157.0,-154.5,-150.0,-140.5,-143.0,-157.0,-157.0,-156.0,-151.0,-150.5,-153.5,-157.0,-157.0,-157.0,-157.0,-157.0,-157.0,-153.0,-149.0,-157.0,-157.0,-157.0,-157.0,-156.0,-157.0,-157.0,-154.0,-157.0,-157.0,-157.0,-157.0,-156.5,-157.0,-157.0,-157.0,-152.5,-152.0,-157.0,-157.0,-155.0,-157.0,-157.0,-157.0,-156.0,-154.5,-153.0,-153.0,-157.0,-154.0,-153.0,-157.0,-157.0,-157.0,-157.0,-157.0,-157.0,-151.5,-157.0,-155.0,-157.0,-156.0,-152.5,-157.0,-156.5,-157.0,-154.0,-150.0,-151.0,-155.0,-157.0,-156.5,-157.0,-157.0,-157.0,-156.5,-155.5,-157.0,-157.0,-155.5,-157.0,-157.0,-154.0,-156.0,-157.0,-157.0,-156.5,-155.5,-153.0,-156.0,-157.0,-157.0,-157.0,-156.5,-157.0,-157.0,-157.0,-157.0,-157.0,-157.0,-155.5,-157.0,-157.0,-157.0,-157.0,-156.0,-157.0,-156.5,-155.0,-156.0,-157.0,-156.0,-157.0,-157.0,-157.0,-156.5,-157.0,-155.5,-157.0,-157.0,-157.0,-157.0,-155.5,-157.0,-151.5,-155.0,-157.0,-157.0,-157.0,-152.0,-151.0,-153.0,-156.5,-155.0,-157.0
2026-01-17 14:13:47.632,143.049967,5,-77,-157.0,-157.0,-157.0,-157.0,-155.5,-157.0,-156.5,-157.0,-155.0,-155.5,-156.0,-153.0,-157.0,-157.0,-157.0,-157.0,-157.0,-153.5,-152.0,-157.0,-150.5,-150.5,-154.5,-151.0,-157.0,-157.0,-157.0,-153.5,-150.5,-153.5,-155.0,-150.5,-155.0,-157.0,-157.0,-157.0,-157.0,-153.5,-153.5,-154.0,-155.0,-157.0,-157.0,-157.0,-157.0,-157.0,-157.0,-157.0,-157.0,-157.0,-153.0,-157.0,-154.5,-154.5,-157.0,-157.0,-157.0,-157.0,-153.0,-151.5,-157.0,-157.0,-157.0,-156.0,-153.0,-156.5,-157.0,-157.0,-157.0,-155.0,-152.0,-154.0,-157.0,-157.0,-155.0,-157.0,-156.0,-157.0,-153.5,-157.0,-157.0,-156.0,-157.0,-157.0,-157.0,-157.0,-152.5,-153.0,-155.0,-157.0,-157.0,-157.0,-157.0,-152.5,-156.5,-157.0,-155.5,-155.5,-155.5,-153.0,-157.0,-152.5,-152.5,-155.5,-157.0,-157.0,-157.0,-156.0,-153.0,-154.5,-155.5,-155.0,-156.5,-156.5,-157.0,-154.5,-150.5,-150.5,-154.0,-157.0,-157.0,-156.0,-154.5,-154.0,-154.0,-157.0,-153.5,-157.0,-153.0,-154.0,-153.5,-153.5,-157.0,-156.0,-155.0,-157.0,-157.0,-157.0,-157.0,-154.0,-153.5,-154.5,-156.5,-157.0,-155.0,-152.0,-152.0,-156.0,-157.0,-157.0,-155.5,-157.0,-157.0,-157.0,-157.0,-157.0,-154.5,-157.0,-156.5,-157.0,-149.5,-156.0,-153.5,-157.0,-152.5,-157.0,-154.0,-156.0,-150.0,-155.5,-157.0,-157.0,-155.5,-157.0,-152.0,-154.0,-156.5,-151.5,-157.0,-157.0,-156.5,-156.0,-156.0,-157.0,-155.5,-156.0,-154.0,-156.0,-157.0,-157.0,-157.0,-155.0,-154.5,-157.0,-157.0,-153.0,-157.0,-151.0,-149.5,-157.0,-152.5,-152.5,-156.5,-155.0,-157.0,-157.0,-151.5,-153.5,-157.0,-155.0,-155.5,-157.0,-157.0,-154.5,-157.0,-150.5,-151.5,-157.0,-157.0,-157.0,-152.0,-155.5,-157.0,-152.0,-153.5,-157.0,-157.0,-157.0,-157.0,-155.0,-155.0,-156.0,-157.0,-157.0,-157.0,-156.0,-157.0,-152.0,-152.0,-157.0,-157.0,-157.0,-153.5,-149.0,-155.0,-154.5,-155.5,-152.5,-153.0,-152.5,-155.5,-157.0,-157.0,-157.0,-157.0,-156.0,-157.0,-157.0,-152.5,-152.5,-155.5,-157.0,-157.0,-157.0,-157.0,-151.5,-151.0,-155.5,-157.0,-155.5,-157.0,-157.0,-157.0,-157.0,-157.0,-154.0,-155.0,-157.0,-156.5,-153.0,-153.5,-157.0,-157.0,-157.0,-154.5,-155.5,-157.0,-157.0,-157.0,-157.0,-157.0,-151.0,-150.5,-156.5,-151.0,-153.5,-156.5,-153.5,-157.0,-152.5,-154.5,-153.5,-153.0,-157.0,-157.0,-150.5,-150.0,-157.0,-157.0,-153.0,-152.5,-150.5,-157.0,-157.0,-154.5,-149.5,-148.5,-154.5,-157.0,-157.0,-157.0,-157.0,-157.0,-157.0,-157.0,-157.0,-157.0,-151.5,-151.0,-157.0,-152.5,-154.5,-157.0,-155.5,-157.0,-155.5,-153.5,-154.5,-157.0,-157.0,-157.0,-157.0,-157.0,-156.5,-140.5,-143.0,-157.0,-155.0,-153.0,-153.5,-152.5,-157.0,-157.0,-157.0,-157.0,-157.0,-157.0,-156.0,-157.0,-152.5,-157.0,-153.0,-155.5,-154.5,-155.0,-157.0,-154.0,-151.0,-157.0,-157.0,-157.0,-157.0,-157.0,-157.0,-157.0,-156.0,-152.0,-153.5,-154.0,-153.0,-157.0,-156.0,-154.0,-157.0,-156.5,-153.5,-153.0,-157.0,-157.0,-155.5,-150.0,-151.5,-157.0,-155.0,-157.0,-156.5,-157.0,-155.5,-156.0,-155.5,-157.0,-153.5,-155.5,-157.0,-157.0,-157.0,-157.0,-151.0,-155.5,-155.0,-157.0,-157.0,-157.0,-157.0,-157.0,-157.0,-157.0,-155.5,-156.0,-155.5,-156.5,-157.0,-152.0,-152.5,-157.0,-157.0,-157.0,-157.0,-157.0,-156.0,-157.0,-157.0,-153.0,-151.0,-152.0,-157.0,-157.0,-157.0,-157.0,-156.0,-157.0,-157.0,-157.0,-157.0,-156.0,-157.0,-157.0,-156.0,-157.0,-155.5,-155.5,-157.0,-157.0,-157.0,-157.0,-157.0,-157.0,-156.5,-153.0,-157.0,-156.5,-157.0,-153.5,-157.0,-152.0,-154.0,-157.0,-155.5,-154.0,-153.5,-151.5,-154.0,-153.5,-150.5,-156.0
2026-01-17 14:13:47.666,143.049967,5,-77,-157.0,-157.0,-153.5,-157.0,-154.0,-156.0,-154.0,-155.0,-156.0,-157.0,-157.0,-152.5,-153.0,-154.5,-157.0,-157.0,-157.0,-157.0,-155.5,-156.5,-152.5,-150.0,-151.0,-150.5,-156.0,-157.0,-157.0,-153.0,-149.5,-150.5,-152.5,-151.5,-157.0,-157.0,-157.0,-156.5,-157.0,-156.0,-151.0,-154.0,-157.0,-157.0,-157.0,-157.0,-157.0,-157.0,-157.0,-157.0,-157.0,-157.0,-153.5,-157.0,-154.5,-156.0,-157.0,-157.0,-157.0,-157.0,-154.5,-151.0,-154.5,-157.0,-157.0,-155.0,-153.5,-157.0,-157.0,-157.0,-157.0,-156.5,-151.5,-153.5,-157.0,-155.5,-157.0,-157.0,-155.5,-156.5,-152.5,-155.0,-157.0,-157.0,-157.0,-157.0,-157.0,-157.0,-156.0,-157.0,-157.0,-157.0,-153.0,-151.0,-155.0,-153.5,-157.0,-157.0,-157.0,-152.0,-155.5,-152.5,-154.0,-154.0,-150.0,-151.0,-157.0,-156.5,-157.0,-155.0,-155.5,-156.5,-157.0,-155.5,-157.0,-157.0,-157.0,-157.0,-151.0,-150.0,-157.0,-157.0,-157.0,-157.0,-157.0,-153.0,-157.0,-152.5,-157.0,-154.0,-157.0,-156.0,-157.0,-157.0,-157.0,-155.0,-156.0,-155.5,-155.5,-157.0,-157.0,-155.5,-153.5,-154.0,-157.0,-155.0,-154.5,-156.5,-153.5,-153.5,-155.0,-157.0,-157.0,-156.5,-155.0,-155.0,-157.0,-157.0,-155.5,-155.5,-152.0,-155.5,-148.0,-149.5,-152.0,-156.5,-152.0,-156.0,-156.0,-157.0,-151.0,-154.0,-157.0,-157.0,-155.0,-154.5,-152.0,-153.0,-157.0,-152.0,-156.0,-157.0,-152.5,-154.0,-156.5,-155.0,-157.0,-157.0,-157.0,-157.0,-157.0,-156.0,-157.0,-157.0,-157.0,-157.0,-157.0,-155.0,-157.0,-154.5,-153.5,-157.0,-157.0,-154.5,-157.0,-157.0,-157.0,-156.5,-149.0,-150.5,-157.0,-157.0,-157.0,-155.0,-155.5,-155.0,-152.0,-150.0,-155.0,-151.5,-153.0,-157.0,-152.5,-155.0,-152.5,-150.5,-153.0,-157.0,-157.0,-157.0,-156.5,-157.0,-157.0,-155.5,-157.0,-157.0,-157.0,-157.0,-157.0,-152.5,-152.0,-156.0,-157.0,-152.0,-146.0,-146.5,-154.5,-156.5,-157.0,-152.5,-156.0,-152.0,-151.5,-157.0,-157.0,-157.0,-157.0,-155.0,-155.0,-150.5,-152.0,-157.0,-157.0,-157.0,-155.5,-152.0,-154.0,-153.0,-155.5,-157.0,-157.0,-154.5,-157.0,-157.0,-157.0,-157.0,-157.0,-156.0,-154.0,-157.0,-157.0,-157.0,-157.0,-157.0,-157.0,-157.0,-157.0,-157.0,-157.0,-157.0,-157.0,-156.5,-157.0,-153.0,-152.5,-157.0,-152.0,-157.0,-151.5,-153.0,-157.0,-153.5,-154.0,-157.0,-154.0,-157.0,-155.0,-151.0,-154.0,-157.0,-156.5,-152.0,-152.0,-149.5,-153.5,-157.0,-151.0,-147.5,-150.0,-154.5,-157.0,-157.0,-157.0,-157.0,-157.0,-157.0,-157.0,-156.5,-157.0,-155.5,-153.5,-157.0,-153.0,-155.0,-157.0,-152.5,-154.5,-154.5,-157.0,-157.0,-157.0,-157.0,-157.0,-154.5,-156.5,-147.0,-142.0,-148.0,-155.5,-154.5,-153.5,-152.0,-151.0,-157.0,-157.0,-155.0,-152.0,-157.0,-157.0,-154.5,-157.0,-154.0,-157.0,-150.0,-151.0,-154.5,-157.0,-157.0,-155.0,-149.5,-157.0,-157.0,-157.0,-157.0,-157.0,-155.0,-157.0,-157.0,-157.0,-157.0,-153.0,-152.0,-157.0,-153.0,-150.5,-151.0,-153.0,-153.0,-151.5,-157.0,-157.0,-157.0,-152.5,-153.0,-157.0,-154.5,-154.0,-153.0,-156.0,-157.0,-157.0,-157.0,-157.0,-155.0,-157.0,-157.0,-157.0,-157.0,-157.0,-154.0,-156.5,-154.5,-154.5,-155.5,-157.0,-157.0,-157.0,-155.0,-157.0,-155.0,-154.5,-155.5,-157.0,-153.5,-154.0,-157.0,-157.0,-157.0,-157.0,-157.0,-157.0,-157.0,-157.0,-155.0,-150.5,-152.0,-151.0,-152.5,-155.5,-156.0,-157.0,-157.0,-157.0,-157.0,-152.0,-151.5,-156.5,-157.0,-157.0,-156.0,-154.5,-157.0,-156.5,-154.0,-157.0,-156.0,-152.5,-155.0,-157.0,-153.5,-152.0,-157.0,-155.0,-155.0,-152.5,-157.0,-155.0,-157.0,-157.0,-155.0,-154.5,-155.5,-154.5,-155.5,-155.5,-152.0,-151.0
2026-01-17 14:13:47.701,143.049967,5,-77,-157.0,-157.0,-153.0,-152.5,-156.5,-156.5,-152.5,-155.5,-157.0,-157.0,-157.0,-149.0,-147.5,-151.5,-157.0,-157.0,-157.0,-157.0,-157.0,-157.0,-157.0,-152.0,-154.5,-154.5,-157.0,-157.0,-157.0,-157.0,-152.5,-157.0,-154.5,-155.5,-157.0,-155.0,-153.5,-153.0,-157.0,-153.5,-151.0,-157.0,-157.0,-157.0,-157.0,-157.0,-157.0,-157.0,-157.0,-157.0,-157.0,-154.5,-153.0,-156.5,-156.5,-157.0,-157.0,-157.0,-157.0,-157.0,-157.0,-153.5,-157.0,-157.0,-157.0,-155.5,-152.5,-154.0,-155.5,-155.5,-157.0,-157.0,-157.0,-157.0,-156.0,-153.0,-157.0,-154.0,-152.5,-153.5,-154.5,-157.0,-157.0,-154.5,-156.5,-157.0,-157.0,-157.0,-157.0,-157.0,-157.0,-157.0,-152.0,-150.5,-157.0,-157.0,-157.0,-157.0,-157.0,-155.0,-157.0,-150.5,-150.0,-155.5,-150.0,-149.5,-157.0,-155.0,-156.5,-157.0,-157.0,-155.5,-157.0,-155.0,-157.0,-157.0,-157.0,-156.0,-154.0,-152.0,-157.0,-157.0,-157.0,-156.0,-155.0,-152.5,-155.5,-149.0,-149.5,-153.5,-157.0,-154.0,-155.5,-157.0,-156.5,-157.0,-157.0,-157.0,-155.5,-157.0,-157.0,-157.0,-157.0,-157.0,-157.0,-153.0,-152.0,-154.0,-153.5,-154.0,-157.0,-156.5,-157.0,-157.0,-153.5,-154.5,-157.0,-157.0,-154.5,-150.0,-149.0,-154.5,-148.5,-152.5,-156.5,-157.0,-155.5,-155.5,-156.0,-157.0,-155.5,-157.0,-157.0,-155.5,-157.0,-155.0,-152.0,-152.0,-157.0,-155.0,-157.0,-155.0,-155.0,-154.0,-152.0,-152.5,-155.5,-154.0,-157.0,-157.0,-156.0,-156.0,-157.0,-157.0,-155.5,-157.0,-157.0,-157.0,-157.0,-157.0,-153.0,-153.5,-157.0,-152.5,-157.0,-157.0,-157.0,-157.0,-151.0,-151.5,-156.0,-157.0,-157.0,-153.0,-152.5,-157.0,-151.0,-152.5,-157.0,-151.5,-153.0,-157.0,-155.0,-157.0,-155.5,-150.5,-153.0,-157.0,-157.0,-157.0,-156.5,-155.5,-152.0,-152.5,-157.0,-155.5,-157.0,-157.0,-157.0,-156.0,-154.0,-155.5,-157.0,-155.0,-143.5,-143.0,-152.5,-157.0,-154.0,-152.0,-157.0,-149.5,-147.5,-154.5,-152.5,-157.0,-157.0,-155.5,-151.5,-151.0,-154.5,-153.5,-157.0,-156.5,-153.5,-152.5,-152.5,-157.0,-157.0,-157.0,-155.5,-154.0,-155.0,-156.0,-156.0,-157.0,-157.0,-157.0,-156.0,-157.0,-157.0,-157.0,-157.0,-157.0,-157.0,-157.0,-157.0,-157.0,-157.0,-155.0,-157.0,-157.0,-157.0,-157.0,-156.5,-154.0,-152.0,-157.0,-151.0,-157.0,-157.0,-151.5,-150.5,-157.0,-153.5,-157.0,-152.5,-155.0,-157.0,-157.0,-154.0,-153.5,-154.0,-154.5,-154.0,-152.5,-154.0,-149.0,-156.5,-157.0,-157.0,-154.5,-155.5,-157.0,-157.0,-157.0,-157.0,-155.0,-157.0,-157.0,-153.0,-152.5,-157.0,-157.0,-157.0,-153.0,-155.5,-155.0,-157.0,-157.0,-157.0,-157.0,-157.0,-152.5,-153.0,-144.0,-142.0,-157.0,-152.0,-156.0,-156.5,-151.0,-151.5,-157.0,-157.0,-156.0,-148.0,-156.0,-157.0,-157.0,-151.0,-154.5,-157.0,-151.0,-156.5,-156.0,-157.0,-157.0,-154.5,-150.5,-157.0,-157.0,-157.0,-157.0,-156.5,-151.0,-153.0,-157.0,-157.0,-157.0,-154.5,-153.0,-157.0,-156.5,-156.5,-154.5,-151.0,-153.5,-152.5,-155.5,-157.0,-154.0,-156.5,-157.0,-157.0,-157.0,-156.5,-157.0,-157.0,-157.0,-157.0,-157.0,-157.0,-157.0,-157.0,-157.0,-157.0,-157.0,-157.0,-157.0,-157.0,-157.0,-153.0,-153.0,-156.0,-157.0,-157.0,-152.5,-151.5,-153.5,-157.0,-150.5,-151.0,-156.5,-157.0,-157.0,-157.0,-157.0,-157.0,-156.0,-153.0,-155.5,-157.0,-156.0,-153.0,-156.5,-152.5,-154.5,-157.0,-157.0,-157.0,-156.5,-157.0,-157.0,-153.0,-153.0,-154.0,-157.0,-157.0,-157.0,-155.0,-157.0,-157.0,-153.5,-157.0,-152.5,-150.0,-157.0,-157.0,-151.5,-153.0,-157.0,-152.5,-157.0,-155.5,-157.0,-156.5,-157.0,-157.0,-157.0,-157.0,-157.0,-157.0,-155.0,-150.5,-153.0,-151.5
2026-01-17 14:13:47.732,143.049967,5,-77,-157.0,-157.0,-156.5,-155.5,-157.0,-157.0,-150.5,-152.0,-157.0,-157.0,-157.0,-151.5,-149.5,-150.0,-157.0,-157.0,-157.0,-157.0,-156.5,-154.5,-152.5,-152.5,-157.0,-156.5,-157.0,-157.0,-157.0,-157.0,-153.0,-154.5,-157.0,-157.0,-155.5,-153.0,-153.0,-151.5,-156.5,-156.5,-153.0,-154.0,-157.0,-157.0,-157.0,-157.0,-156.0,-155.5,-157.0,-157.0,-157.0,-154.5,-153.5,-156.0,-154.0,-157.0,-157.0,-157.0,-156.0,-157.0,-155.5,-153.5,-157.0,-157.0,-154.5,-151.5,-150.0,-150.0,-154.0,-152.0,-157.0,-157.0,-157.0,-153.5,-150.0,-151.0,-153.5,-149.5,-153.5,-154.5,-155.5,-157.0,-157.0,-153.5,-157.0,-155.5,-157.0,-157.0,-155.5,-155.0,-157.0,-157.0,-153.5,-156.5,-157.0,-157.0,-155.5,-157.0,-157.0,-157.0,-157.0,-152.0,-152.0,-157.0,-153.5,-153.5,-157.0,-157.0,-157.0,-157.0,-157.0,-153.0,-153.0,-155.0,-157.0,-157.0,-157.0,-157.0,-152.0,-154.0,-156.0,-153.5,-157.0,-155.5,-155.5,-152.5,-157.0,-152.0,-148.5,-157.0,-154.5,-152.5,-152.0,-157.0,-157.0,-157.0,-157.0,-157.0,-157.0,-157.0,-157.0,-157.0,-157.0,-157.0,-157.0,-154.5,-156.5,-151.5,-155.5,-155.5,-157.0,-155.5,-157.0,-157.0,-155.0,-157.0,-157.0,-157.0,-151.0,-151.0,-151.5,-157.0,-151.0,-157.0,-157.0,-157.0,-157.0,-155.5,-152.5,-155.0,-156.0,-157.0,-157.0,-156.5,-157.0,-157.0,-157.0,-154.5,-157.0,-157.0,-157.0,-157.0,-157.0,-151.5,-150.5,-153.5,-152.0,-150.5,-157.0,-155.0,-156.5,-157.0,-157.0,-157.0,-153.5,-154.5,-157.0,-157.0,-157.0,-152.0,-150.5,-153.5,-157.0,-151.0,-153.0,-157.0,-157.0,-157.0,-157.0,-153.5,-156.5,-157.0,-157.0,-153.0,-156.0,-154.5,-152.0,-154.0,-157.0,-155.5,-157.0,-155.5,-154.5,-157.0,-157.0,-150.5,-149.5,-154.5,-157.0,-157.0,-155.0,-157.0,-155.5,-152.0,-154.5,-151.0,-155.0,-157.0,-157.0,-154.5,-157.0,-157.0,-157.0,-157.0,-143.0,-143.5,-156.5,-157.0,-157.0,-155.5,-157.0,-151.0,-148.5,-156.0,-153.0,-157.0,-157.0,-157.0,-154.5,-155.5,-157.0,-154.0,-156.5,-157.0,-155.5,-155.0,-155.5,-157.0,-157.0,-157.0,-154.5,-157.0,-151.5,-154.0,-154.5,-153.0,-157.0,-157.0,-157.0,-157.0,-155.0,-157.0,-157.0,-155.5,-156.0,-157.0,-156.0,-157.0,-155.0,-150.0,-153.0,-157.0,-154.0,-155.0,-154.5,-149.0,-154.5,-153.5,-149.0,-152.0,-153.0,-155.5,-152.5,-157.0,-150.0,-153.0,-153.5,-155.5,-157.0,-157.0,-154.0,-152.0,-153.0,-157.0,-152.5,-150.5,-157.0,-157.0,-155.5,-157.0,-153.5,-151.0,-153.5,-157.0,-157.0,-157.0,-157.0,-157.0,-157.0,-157.0,-152.5,-150.5,-157.0,-157.0,-154.0,-154.0,-157.0,-157.0,-157.0,-157.0,-157.0,-157.0,-157.0,-150.5,-150.5,-144.0,-144.0,-154.5,-150.5,-156.0,-157.0,-157.0,-156.0,-157.0,-157.0,-151.5,-148.0,-157.0,-157.0,-153.5,-149.5,-155.5,-153.0,-153.5,-156.0,-155.0,-157.0,-157.0,-154.5,-151.0,-152.0,-157.0,-157.0,-157.0,-157.0,-153.0,-154.5,-157.0,-157.0,-157.0,-156.0,-155.0,-154.0,-157.0,-157.0,-156.5,-150.5,-157.0,-154.5,-155.5,-154.0,-154.5,-153.0,-157.0,-157.0,-157.0,-157.0,-157.0,-157.0,-157.0,-157.0,-157.0,-157.0,-157.0,-156.0,-156.5,-157.0,-157.0,-157.0,-157.0,-157.0,-157.0,-155.5,-153.0,-153.5,-157.0,-157.0,-155.5,-150.5,-153.0,-155.5,-149.5,-150.5,-157.0,-157.0,-157.0,-157.0,-157.0,-154.0,-156.5,-151.0,-154.0,-157.0,-157.0,-155.0,-157.0,-153.5,-157.0,-157.0,-157.0,-153.5,-153.5,-157.0,-157.0,-156.0,-157.0,-156.0,-157.0,-157.0,-157.0,-155.0,-157.0,-157.0,-152.5,-155.0,-155.0,-150.5,-157.0,-157.0,-153.5,-155.0,-150.5,-151.0,-157.0,-155.5,-157.0,-155.0,-156.0,-157.0,-157.0,-156.0,-157.0,-155.0,-156.0,-151.0,-156.0,-156.0
2026-01-17 14:13:47.770,143.049967,5,-77,-157.0,-157.0,-157.0,-156.0,-156.0,-157.0,-150.0,-154.0,-157.0,-157.0,-157.0,-153.5,-157.0,-154.5,-157.0,-157.0,-157.0,-157.0,-157.0,-155.5,-152.5,-157.0,-157.0,-157.0,-157.0,-157.0,-157.0,-156.0,-154.5,-155.5,-157.0,-157.0,-157.0,-153.5,-155.0,-153.0,-156.5,-157.0,-157.0,-156.0,-157.0,-157.0,-157.0,-157.0,-157.0,-156.0,-157.0,-157.0,-157.0,-155.0,-155.0,-157.0,-153.5,-155.5,-157.0,-153.5,-153.0,-157.0,-154.5,-152.5,-157.0,-157.0,-157.0,-154.5,-156.0,-152.5,-157.0,-151.5,-155.0,-153.0,-156.0,-155.5,-153.0,-155.0,-156.0,-150.0,-154.0,-154.5,-152.5,-152.0,-153.5,-152.0,-154.0,-151.5,-152.5,-157.0,-156.5,-155.5,-157.0,-157.0,-153.5,-157.0,-157.0,-157.0,-155.0,-155.0,-157.0,-155.5,-157.0,-157.0,-156.5,-157.0,-157.0,-157.0,-155.5,-157.0,-157.0,-157.0,-157.0,-153.0,-152.5,-157.0,-157.0,-157.0,-155.0,-153.5,-147.0,-157.0,-153.5,-151.0,-154.5,-154.5,-155.5,-153.0,-157.0,-157.0,-152.0,-155.0,-155.0,-154.0,-152.0,-157.0,-157.0,-157.0,-154.5,-154.0,-157.0,-157.0,-156.5,-157.0,-157.0,-157.0,-157.0,-155.5,-154.0,-151.5,-157.0,-152.5,-153.5,-156.0,-157.0,-153.5,-152.5,-157.0,-155.0,-157.0,-154.5,-156.5,-156.0,-154.0,-153.5,-153.0,-156.5,-157.0,-157.0,-154.5,-151.0,-157.0,-154.0,-157.0,-157.0,-157.0,-157.0,-157.0,-157.0,-156.0,-157.0,-157.0,-157.0,-157.0,-157.0,-151.0,-151.5,-154.0,-155.0,-154.0,-157.0,-157.0,-157.0,-157.0,-156.0,-157.0,-157.0,-152.5,-153.5,-157.0,-157.0,-151.0,-150.5,-157.0,-157.0,-153.0,-157.0,-156.5,-157.0,-157.0,-157.0,-155.5,-157.0,-157.0,-157.0,-153.5,-153.5,-155.0,-156.0,-155.0,-157.0,-155.5,-157.0,-157.0,-154.5,-157.0,-157.0,-149.5,-150.5,-157.0,-157.0,-154.5,-153.0,-157.0,-157.0,-153.0,-157.0,-150.5,-152.0,-157.0,-157.0,-152.5,-156.0,-157.0,-157.0,-156.0,-142.5,-143.5,-154.0,-154.0,-157.0,-155.0,-154.0,-157.0,-153.0,-154.0,-152.5,-155.0,-157.0,-156.5,-157.0,-156.0,-157.0,-157.0,-156.0,-155.0,-157.0,-155.5,-156.5,-157.0,-157.0,-152.5,-153.5,-157.0,-155.0,-156.0,-157.0,-152.5,-155.0,-157.0,-157.0,-155.5,-154.5,-153.0,-153.0,-152.5,-153.0,-157.0,-157.0,-157.0,-157.0,-150.5,-156.5,-157.0,-154.5,-154.0,-150.5,-148.5,-153.5,-152.0,-150.0,-151.0,-154.5,-157.0,-156.5,-156.5,-151.0,-152.0,-153.5,-153.0,-155.5,-151.0,-155.0,-154.0,-157.0,-157.0,-156.5,-154.0,-157.0,-157.0,-157.0,-153.0,-154.5,-153.0,-157.0,-157.0,-157.0,-157.0,-157.0,-157.0,-155.0,-153.5,-156.5,-151.5,-157.0,-155.5,-156.0,-157.0,-157.0,-157.0,-154.5,-154.0,-157.0,-157.0,-157.0,-150.5,-150.5,-142.0,-146.5,-149.5,-151.0,-155.0,-157.0,-157.0,-157.0,-157.0,-156.0,-151.5,-150.5,-157.0,-157.0,-152.0,-149.5,-157.0,-152.0,-152.5,-154.5,-155.5,-154.5,-157.0,-157.0,-149.5,-150.5,-154.5,-155.0,-157.0,-157.0,-157.0,-155.5,-157.0,-157.0,-157.0,-154.5,-155.5,-157.0,-157.0,-156.0,-152.0,-149.5,-154.0,-156.5,-157.0,-157.0,-157.0,-151.0,-155.5,-157.0,-157.0,-157.0,-154.5,-154.0,-157.0,-157.0,-157.0,-155.5,-153.0,-153.0,-157.0,-157.0,-157.0,-157.0,-157.0,-154.0,-157.0,-153.5,-152.0,-155.0,-157.0,-155.5,-157.0,-156.0,-154.5,-152.0,-152.5,-150.5,-157.0,-157.0,-157.0,-157.0,-154.5,-152.5,-157.0,-154.0,-156.0,-157.0,-157.0,-154.0,-154.0,-153.0,-157.0,-157.0,-157.0,-152.5,-157.0,-157.0,-157.0,-153.5,-155.0,-156.0,-157.0,-156.0,-154.0,-153.0,-157.0,-157.0,-151.5,-150.5,-154.5,-153.5,-157.0,-157.0,-154.5,-155.0,-153.0,-152.5,-156.5,-153.5,-157.0,-157.0,-157.0,-157.0,-153.5,-152.0,-154.5,-154.5,-156.0,-154.5,-157.0,-157.0
