timestamp,freq_mhz,span_khz,ref_level_dbm,dbm_0,dbm_1,dbm_2,dbm_3,dbm_4,dbm_5,dbm_6,dbm_7,dbm_8,dbm_9,dbm_10,dbm_11,dbm_12,dbm_13,dbm_14,dbm_15,dbm_16,dbm_17,dbm_18,dbm_19,dbm_20,dbm_21,dbm_22,dbm_23,dbm_24,dbm_25,dbm_26,dbm_27,dbm_28,dbm_29,dbm_30,dbm_31,dbm_32,dbm_33,dbm_34,dbm_35,dbm_36,dbm_37,dbm_38,dbm_39,dbm_40,dbm_41,dbm_42,dbm_43,dbm_44,dbm_45,dbm_46,dbm_47,dbm_48,dbm_49,dbm_50,dbm_51,dbm_52,dbm_53,dbm_54,dbm_55,dbm_56,dbm_57,dbm_58,dbm_59,dbm_60,dbm_61,dbm_62,dbm_63,dbm_64,dbm_65,dbm_66,dbm_67,dbm_68,dbm_69,dbm_70,dbm_71,dbm_72,dbm_73,dbm_74,dbm_75,dbm_76,dbm_77,dbm_78,dbm_79,dbm_80,dbm_81,dbm_82,dbm_83,dbm_84,dbm_85,dbm_86,dbm_87,dbm_88,dbm_89,dbm_90,dbm_91,dbm_92,dbm_93,dbm_94,dbm_95,dbm_96,dbm_97,dbm_98,dbm_99,dbm_100,dbm_101,dbm_102,dbm_103,dbm_104,dbm_105,dbm_106,dbm_107,dbm_108,dbm_109,dbm_110,dbm_111,dbm_112,dbm_113,dbm_114,dbm_115,dbm_116,dbm_117,dbm_118,dbm_119,dbm_120,dbm_121,dbm_122,dbm_123,dbm_124,dbm_125,dbm_126,dbm_127,dbm_128,dbm_129,dbm_130,dbm_131,dbm_132,dbm_133,dbm_134,dbm_135,dbm_136,dbm_137,dbm_138,dbm_139,dbm_140,dbm_141,dbm_142,dbm_143,dbm_144,dbm_145,dbm_146,dbm_147,dbm_148,dbm_149,dbm_150,dbm_151,dbm_152,dbm_153,dbm_154,dbm_155,dbm_156,dbm_157,dbm_158,dbm_159,dbm_160,dbm_161,dbm_162,dbm_163,dbm_164,dbm_165,dbm_166,dbm_167,dbm_168,dbm_169,dbm_170,dbm_171,dbm_172,dbm_173,dbm_174,dbm_175,dbm_176,dbm_177,dbm_178,dbm_179,dbm_180,dbm_181,dbm_182,dbm_183,dbm_184,dbm_185,dbm_186,dbm_187,dbm_188,dbm_189,dbm_190,dbm_191,dbm_192,dbm_193,dbm_194,dbm_195,dbm_196,dbm_197,dbm_198,dbm_199,dbm_200,dbm_201,dbm_202,dbm_203,dbm_204,dbm_205,dbm_206,dbm_207,dbm_208,dbm_209,dbm_210,dbm_211,dbm_212,dbm_213,dbm_214,dbm_215,dbm_216,dbm_217,dbm_218,dbm_219,dbm_220,dbm_221,dbm_222,dbm_223,dbm_224,dbm_225,dbm_226,dbm_227,dbm_228,dbm_229,dbm_230,dbm_231,dbm_232,dbm_233,dbm_234,dbm_235,dbm_236,dbm_237,dbm_238,dbm_239,dbm_240,dbm_241,dbm_242,dbm_243,dbm_244,dbm_245,dbm_246,dbm_247,dbm_248,dbm_249,dbm_250,dbm_251,dbm_252,dbm_253,dbm_254,dbm_255,dbm_256,dbm_257,dbm_258,dbm_259,dbm_260,dbm_261,dbm_262,dbm_263,dbm_264,dbm_265,dbm_266,dbm_267,dbm_268,dbm_269,dbm_270,dbm_271,dbm_272,dbm_273,dbm_274,dbm_275,dbm_276,dbm_277,dbm_278,dbm_279,dbm_280,dbm_281,dbm_282,dbm_283,dbm_284,dbm_285,dbm_286,dbm_287,dbm_288,dbm_289,dbm_290,dbm_291,dbm_292,dbm_293,dbm_294,dbm_295,dbm_296,dbm_297,dbm_298,dbm_299,dbm_300,dbm_301,dbm_302,dbm_303,dbm_304,dbm_305,dbm_306,dbm_307,dbm_308,dbm_309,dbm_310,dbm_311,dbm_312,dbm_313,dbm_314,dbm_315,dbm_316,dbm_317,dbm_318,dbm_319,dbm_320,dbm_321,dbm_322,dbm_323,dbm_324,dbm_325,dbm_326,dbm_327,dbm_328,dbm_329,dbm_330,dbm_331,dbm_332,dbm_333,dbm_334,dbm_335,dbm_336,dbm_337,dbm_338,dbm_339,dbm_340,dbm_341,dbm_342,dbm_343,dbm_344,dbm_345,dbm_346,dbm_347,dbm_348,dbm_349,dbm_350,dbm_351,dbm_352,dbm_353,dbm_354,dbm_355,dbm_356,dbm_357,dbm_358,dbm_359,dbm_360,dbm_361,dbm_362,dbm_363,dbm_364,dbm_365,dbm_366,dbm_367,dbm_368,dbm_369,dbm_370,dbm_371,dbm_372,dbm_373,dbm_374,dbm_375,dbm_376,dbm_377,dbm_378,dbm_379,dbm_380,dbm_381,dbm_382,dbm_383,dbm_384,dbm_385,dbm_386,dbm_387,dbm_388,dbm_389,dbm_390,dbm_391,dbm_392,dbm_393,dbm_394,dbm_395,dbm_396,dbm_397,dbm_398,dbm_399,dbm_400,dbm_401,dbm_402,dbm_403,dbm_404,dbm_405,dbm_406,dbm_407,dbm_408,dbm_409,dbm_410,dbm_411,dbm_412,dbm_413,dbm_414,dbm_415,dbm_416,dbm_417,dbm_418,dbm_419,dbm_420,dbm_421,dbm_422,dbm_423,dbm_424,dbm_425,dbm_426,dbm_427,dbm_428,dbm_429,dbm_430,dbm_431,dbm_432,dbm_433,dbm_434,dbm_435,dbm_436,dbm_437,dbm_438,dbm_439,dbm_440,dbm_441,dbm_442,dbm_443,dbm_444,dbm_445,dbm_446,dbm_447,dbm_448,dbm_449,dbm_450,dbm_451,dbm_452,dbm_453,dbm_454,dbm_455,dbm_456,dbm_457,dbm_458,dbm_459,dbm_460,dbm_461,dbm_462,dbm_463,dbm_464,dbm_465,dbm_466,dbm_467,dbm_468,dbm_469,dbm_470,dbm_471,dbm_472,dbm_473,dbm_474
2026-01-17 13:48:24.343,143.049967,5,-77,-157.0,-157.0,-157.0,-152.5,-152.0,-157.0,-152.0,-150.5,-152.5,-157.0,-157.0,-157.0,-154.0,-152.0,-157.0,-157.0,-157.0,-155.0,-152.5,-157.0,-153.0,-152.0,-156.0,-157.0,-157.0,-157.0,-154.5,-153.0,-155.5,-155.0,-156.0,-157.0,-156.0,-157.0,-157.0,-157.0,-153.0,-157.0,-157.0,-156.0,-157.0,-157.0,-155.0,-154.0,-155.5,-150.0,-156.0,-156.0,-156.5,-157.0,-157.0,-157.0,-157.0,-155.0,-157.0,-157.0,-154.5,-152.5,-154.5,-157.0,-152.0,-153.5,-157.0,-157.0,-157.0,-157.0,-157.0,-157.0,-157.0,-156.0,-157.0,-154.5,-157.0,-157.0,-156.5,-152.0,-155.0,-153.0,-156.0,-155.0,-157.0,-152.0,-153.5,-156.5,-156.0,-157.0,-157.0,-153.5,-153.5,-157.0,-154.0,-152.0,-157.0,-152.5,-153.5,-157.0,-154.0,-153.5,-157.0,-157.0,-155.0,-152.5,-151.5,-157.0,-157.0,-156.0,-154.0,-154.5,-157.0,-157.0,-155.0,-157.0,-157.0,-154.0,-151.5,-155.0,-154.0,-155.5,-154.0,-157.0,-157.0,-155.0,-157.0,-157.0,-157.0,-156.0,-157.0,-157.0,-154.0,-154.0,-156.0,-152.0,-153.5,-155.0,-157.0,-155.0,-155.0,-157.0,-153.0,-153.5,-153.0,-151.0,-155.0,-157.0,-153.5,-157.0,-153.5,-152.5,-157.0,-157.0,-155.0,-157.0,-153.5,-153.5,-153.5,-155.5,-157.0,-157.0,-156.0,-157.0,-155.0,-157.0,-157.0,-157.0,-155.5,-155.5,-157.0,-157.0,-154.5,-153.5,-157.0,-155.5,-157.0,-157.0,-157.0,-149.5,-157.0,-157.0,-157.0,-157.0,-156.5,-156.0,-157.0,-157.0,-155.5,-157.0,-151.5,-149.0,-155.5,-153.0,-152.0,-155.5,-157.0,-151.0,-152.5,-153.0,-157.0,-157.0,-157.0,-157.0,-157.0,-157.0,-157.0,-157.0,-153.5,-156.5,-157.0,-157.0,-152.0,-153.0,-156.5,-157.0,-157.0,-156.5,-154.0,-151.0,-151.0,-153.0,-157.0,-152.5,-152.5,-155.0,-157.0,-157.0,-157.0,-157.0,-156.0,-155.0,-153.5,-156.0,-153.0,-151.5,-157.0,-157.0,-152.0,-149.5,-149.5,-156.5,-154.0,-154.0,-154.0,-155.5,-155.0,-155.0,-153.0,-150.0,-154.0,-154.5,-155.5,-155.0,-157.0,-156.0,-153.5,-151.5,-152.5,-157.0,-157.0,-157.0,-157.0,-155.5,-157.0,-155.0,-153.5,-157.0,-157.0,-157.0,-154.5,-153.0,-154.0,-151.0,-152.0,-157.0,-154.0,-153.0,-153.0,-157.0,-155.0,-152.5,-152.0,-152.5,-156.0,-153.5,-157.0,-157.0,-157.0,-157.0,-153.0,-151.5,-153.0,-152.0,-157.0,-157.0,-155.5,-157.0,-157.0,-157.0,-151.5,-155.5,-157.0,-157.0,-157.0,-157.0,-157.0,-153.5,-157.0,-157.0,-155.0,-153.5,-153.0,-151.5,-156.5,-153.0,-152.5,-157.0,-154.0,-151.5,-155.0,-154.0,-157.0,-157.0,-157.0,-155.0,-157.0,-152.0,-151.5,-157.0,-155.0,-154.0,-154.0,-150.0,-154.0,-157.0,-157.0,-156.0,-153.5,-153.0,-152.5,-153.5,-154.0,-155.5,-153.0,-152.0,-155.5,-157.0,-156.5,-153.5,-153.0,-157.0,-156.0,-153.0,-155.0,-155.0,-154.0,-157.0,-153.5,-153.5,-157.0,-157.0,-157.0,-157.0,-157.0,-153.0,-153.5,-157.0,-151.5,-151.5,-153.0,-152.5,-155.0,-157.0,-157.0,-153.5,-153.0,-157.0,-157.0,-157.0,-157.0,-157.0,-157.0,-156.0,-155.0,-156.0,-153.5,-156.5,-157.0,-157.0,-157.0,-154.5,-152.0,-154.5,-157.0,-157.0,-157.0,-155.5,-155.5,-154.0,-157.0,-153.5,-153.0,-150.5,-157.0,-157.0,-157.0,-157.0,-156.0,-157.0,-157.0,-157.0,-157.0,-157.0,-155.0,-156.5,-154.0,-152.5,-153.0,-157.0,-157.0,-157.0,-153.0,-154.0,-151.0,-154.5,-157.0,-153.0,-155.0,-156.0,-157.0,-155.5,-151.0,-152.0,-154.0,-152.0,-150.0,-149.5,-156.5,-155.0,-152.5,-156.0,-156.0,-157.0,-157.0,-154.0,-152.0,-157.0,-154.0,-155.0,-157.0,-157.0,-157.0,-157.0,-154.5,-151.5,-152.5,-154.5,-153.5,-155.5,-152.0,-151.0,-154.0,-149.5,-151.0,-154.0,-156.5,-157.0,-155.0,-152.5,-154.5,-154.5,-152.5,-152.0,-154.5,-155.5,-154.0,-157.0,-152.5
2026-01-17 13:48:24.370,143.049967,5,-77,-157.0,-157.0,-157.0,-151.0,-154.0,-157.0,-156.0,-151.5,-155.5,-157.0,-157.0,-157.0,-156.5,-154.5,-157.0,-152.0,-152.0,-153.0,-154.5,-157.0,-155.5,-155.5,-157.0,-155.5,-157.0,-157.0,-155.5,-156.0,-157.0,-154.5,-157.0,-155.5,-155.0,-156.0,-155.0,-157.0,-151.0,-152.5,-156.0,-157.0,-157.0,-157.0,-157.0,-155.0,-156.0,-153.5,-157.0,-155.0,-153.5,-157.0,-155.0,-157.0,-157.0,-157.0,-157.0,-157.0,-155.5,-153.5,-151.0,-156.0,-154.5,-157.0,-157.0,-157.0,-157.0,-157.0,-157.0,-157.0,-157.0,-157.0,-157.0,-155.5,-156.0,-155.5,-152.0,-151.0,-155.5,-154.5,-155.0,-155.5,-157.0,-148.0,-147.5,-154.0,-157.0,-157.0,-157.0,-153.0,-157.0,-155.5,-155.5,-151.0,-157.0,-156.0,-155.0,-153.0,-153.0,-157.0,-157.0,-157.0,-157.0,-157.0,-157.0,-157.0,-157.0,-157.0,-157.0,-157.0,-157.0,-157.0,-153.5,-157.0,-157.0,-156.0,-152.5,-153.0,-153.5,-151.0,-152.0,-157.0,-155.5,-154.0,-157.0,-155.5,-155.5,-154.5,-156.5,-156.5,-156.0,-157.0,-157.0,-156.0,-156.5,-156.0,-157.0,-157.0,-150.5,-155.5,-155.0,-157.0,-153.5,-149.0,-151.5,-156.5,-150.5,-151.5,-157.0,-157.0,-157.0,-157.0,-153.5,-155.0,-153.5,-152.0,-156.0,-157.0,-157.0,-154.0,-154.5,-152.5,-151.0,-157.0,-155.5,-156.5,-157.0,-155.5,-157.0,-157.0,-153.0,-154.5,-154.0,-152.5,-157.0,-157.0,-156.5,-150.0,-157.0,-157.0,-157.0,-157.0,-154.5,-154.5,-157.0,-157.0,-153.5,-152.5,-153.5,-153.0,-153.5,-154.5,-155.0,-153.0,-157.0,-150.5,-153.0,-155.5,-157.0,-157.0,-157.0,-155.0,-157.0,-157.0,-155.5,-156.0,-152.5,-153.0,-157.0,-151.5,-151.0,-157.0,-157.0,-157.0,-157.0,-157.0,-155.5,-156.5,-155.5,-157.0,-157.0,-157.0,-149.5,-155.5,-157.0,-157.0,-157.0,-156.5,-154.5,-155.0,-154.0,-157.0,-157.0,-156.5,-157.0,-153.5,-154.5,-153.0,-151.0,-157.0,-152.5,-152.5,-150.5,-157.0,-157.0,-157.0,-155.0,-153.0,-154.5,-153.0,-154.0,-157.0,-157.0,-155.0,-153.0,-155.5,-157.0,-157.0,-157.0,-156.5,-155.5,-152.5,-157.0,-153.0,-152.0,-157.0,-157.0,-157.0,-150.5,-150.5,-157.0,-156.0,-153.0,-156.5,-157.0,-156.5,-153.0,-152.0,-156.0,-154.0,-152.0,-151.0,-154.0,-151.5,-155.0,-153.5,-157.0,-157.0,-156.0,-153.0,-152.0,-153.5,-154.5,-157.0,-157.0,-157.0,-157.0,-156.5,-152.5,-153.5,-157.0,-157.0,-157.0,-157.0,-156.0,-152.5,-156.0,-156.5,-154.5,-155.0,-152.0,-149.5,-157.0,-151.0,-152.5,-157.0,-155.5,-149.5,-155.5,-154.5,-157.0,-157.0,-157.0,-157.0,-153.0,-151.5,-154.0,-155.0,-151.5,-152.0,-153.5,-149.0,-151.5,-157.0,-156.5,-157.0,-156.0,-152.5,-156.5,-150.5,-152.5,-154.0,-154.5,-156.0,-154.0,-157.0,-157.0,-157.0,-157.0,-157.0,-155.5,-155.5,-152.5,-157.0,-156.0,-157.0,-152.5,-153.0,-157.0,-157.0,-157.0,-157.0,-154.5,-149.0,-151.5,-157.0,-152.0,-152.0,-157.0,-157.0,-153.0,-157.0,-157.0,-152.0,-151.5,-156.0,-154.0,-157.0,-157.0,-156.0,-157.0,-157.0,-153.5,-157.0,-155.0,-153.5,-156.0,-157.0,-157.0,-157.0,-155.5,-154.0,-157.0,-157.0,-157.0,-156.5,-157.0,-157.0,-157.0,-152.0,-150.5,-149.5,-157.0,-157.0,-155.5,-157.0,-150.5,-150.5,-155.0,-157.0,-157.0,-154.0,-152.5,-156.5,-154.0,-157.0,-152.0,-157.0,-157.0,-154.0,-151.5,-157.0,-153.0,-154.5,-155.5,-153.0,-151.0,-155.5,-157.0,-157.0,-151.0,-152.5,-155.5,-153.5,-150.5,-154.0,-153.0,-153.0,-152.5,-157.0,-154.0,-156.5,-157.0,-156.0,-153.5,-157.0,-156.0,-155.0,-157.0,-157.0,-157.0,-157.0,-155.0,-152.5,-151.0,-152.0,-156.5,-156.0,-152.0,-151.0,-157.0,-155.5,-154.5,-157.0,-157.0,-157.0,-155.0,-153.0,-157.0,-155.5,-153.5,-151.0,-152.5,-157.0,-156.5,-157.0,-153.5
2026-01-17 13:48:24.406,143.049967,5,-77,-157.0,-157.0,-156.0,-155.0,-157.0,-157.0,-156.5,-157.0,-157.0,-155.5,-156.0,-157.0,-157.0,-157.0,-157.0,-149.0,-148.0,-153.5,-155.5,-155.0,-157.0,-157.0,-157.0,-156.5,-157.0,-157.0,-154.5,-156.5,-157.0,-152.5,-153.0,-154.0,-157.0,-151.5,-151.5,-156.5,-149.5,-149.5,-152.0,-155.0,-157.0,-157.0,-155.5,-153.5,-155.5,-157.0,-157.0,-154.5,-151.5,-152.5,-153.0,-157.0,-157.0,-157.0,-157.0,-152.0,-153.5,-155.5,-149.5,-156.5,-151.5,-153.5,-154.0,-155.5,-157.0,-157.0,-157.0,-152.0,-154.0,-157.0,-155.5,-156.0,-157.0,-152.0,-149.5,-156.0,-156.0,-157.0,-154.5,-154.0,-153.5,-147.5,-149.0,-154.0,-157.0,-157.0,-151.5,-151.0,-150.5,-156.0,-152.5,-151.5,-157.0,-154.5,-157.0,-157.0,-154.5,-155.0,-156.5,-157.0,-154.5,-157.0,-157.0,-157.0,-155.0,-157.0,-157.0,-156.0,-157.0,-157.0,-153.0,-154.5,-154.0,-157.0,-149.0,-150.0,-152.0,-150.0,-150.5,-157.0,-157.0,-156.0,-156.0,-153.0,-157.0,-153.0,-151.5,-153.0,-156.5,-157.0,-157.0,-157.0,-153.0,-157.0,-155.0,-155.5,-150.5,-157.0,-157.0,-157.0,-156.5,-151.0,-154.5,-157.0,-153.0,-151.5,-157.0,-157.0,-154.0,-154.5,-154.0,-156.5,-154.0,-154.5,-152.5,-153.5,-157.0,-157.0,-154.0,-152.5,-152.5,-155.5,-157.0,-152.5,-153.5,-155.5,-157.0,-157.0,-154.5,-156.0,-151.0,-151.5,-157.0,-157.0,-153.0,-151.5,-157.0,-157.0,-157.0,-157.0,-157.0,-155.0,-157.0,-157.0,-156.5,-150.5,-155.0,-154.5,-153.5,-157.0,-157.0,-155.0,-154.5,-150.0,-151.0,-157.0,-157.0,-153.5,-155.0,-154.0,-150.5,-150.5,-153.5,-157.0,-156.5,-155.0,-157.0,-153.0,-153.0,-157.0,-157.0,-157.0,-157.0,-157.0,-153.5,-157.0,-157.0,-157.0,-157.0,-157.0,-152.0,-154.5,-157.0,-157.0,-157.0,-155.5,-155.0,-155.5,-153.5,-157.0,-157.0,-157.0,-157.0,-152.0,-156.5,-157.0,-156.5,-157.0,-152.0,-154.0,-150.5,-157.0,-157.0,-157.0,-153.0,-157.0,-157.0,-154.0,-152.5,-153.5,-156.0,-157.0,-153.5,-155.5,-157.0,-157.0,-155.0,-157.0,-156.5,-152.5,-157.0,-156.0,-155.5,-155.5,-157.0,-157.0,-154.5,-155.5,-157.0,-156.5,-152.5,-156.0,-157.0,-157.0,-157.0,-152.5,-153.5,-155.5,-157.0,-153.0,-157.0,-152.5,-150.5,-149.0,-157.0,-157.0,-157.0,-157.0,-154.0,-153.5,-152.0,-157.0,-153.5,-154.0,-155.5,-157.0,-157.0,-157.0,-157.0,-157.0,-157.0,-156.0,-152.5,-151.5,-152.0,-156.5,-155.5,-157.0,-152.0,-152.0,-157.0,-153.0,-154.5,-157.0,-154.5,-149.0,-151.5,-156.5,-157.0,-156.5,-157.0,-157.0,-152.5,-153.5,-152.0,-157.0,-155.5,-156.0,-157.0,-153.0,-157.0,-155.5,-153.0,-156.5,-153.0,-151.0,-156.5,-152.5,-156.5,-154.0,-157.0,-157.0,-154.5,-157.0,-157.0,-157.0,-157.0,-157.0,-155.5,-157.0,-154.5,-153.5,-155.5,-157.0,-155.5,-155.5,-157.0,-157.0,-156.0,-157.0,-156.0,-153.0,-153.5,-157.0,-152.5,-153.5,-157.0,-152.5,-150.0,-155.5,-156.5,-151.0,-153.5,-157.0,-153.5,-156.0,-157.0,-153.0,-157.0,-157.0,-152.5,-157.0,-155.0,-152.0,-155.0,-154.5,-156.0,-157.0,-157.0,-156.5,-157.0,-157.0,-157.0,-157.0,-157.0,-157.0,-157.0,-156.5,-157.0,-151.5,-157.0,-157.0,-154.5,-153.0,-148.0,-150.0,-155.5,-157.0,-155.0,-157.0,-152.0,-154.0,-152.0,-152.5,-151.5,-157.0,-157.0,-153.0,-151.5,-157.0,-157.0,-157.0,-157.0,-151.0,-151.5,-157.0,-155.5,-157.0,-154.5,-156.0,-157.0,-157.0,-151.0,-157.0,-157.0,-157.0,-156.0,-155.5,-153.0,-157.0,-157.0,-156.0,-157.0,-156.5,-157.0,-157.0,-157.0,-157.0,-157.0,-157.0,-157.0,-154.0,-152.5,-152.5,-156.5,-155.5,-157.0,-154.0,-155.0,-157.0,-157.0,-157.0,-157.0,-157.0,-154.5,-152.0,-153.5,-154.0,-155.0,-152.0,-156.0,-157.0,-156.5,-157.0,-157.0
2026-01-17 13:48:24.441,143.049967,5,-77,-157.0,-157.0,-156.5,-157.0,-157.0,-156.0,-152.5,-157.0,-157.0,-152.0,-154.0,-157.0,-157.0,-157.0,-157.0,-152.0,-152.0,-155.0,-155.0,-151.5,-157.0,-154.0,-154.5,-157.0,-157.0,-157.0,-157.0,-157.0,-157.0,-154.0,-155.0,-156.0,-154.5,-152.0,-153.0,-156.0,-154.0,-154.5,-157.0,-157.0,-157.0,-157.0,-157.0,-153.0,-157.0,-155.5,-157.0,-157.0,-154.5,-157.0,-157.0,-157.0,-157.0,-156.5,-156.0,-153.0,-154.5,-154.5,-152.0,-153.0,-148.0,-150.0,-157.0,-153.0,-157.0,-156.5,-155.5,-154.0,-156.0,-157.0,-152.5,-155.0,-157.0,-151.5,-151.5,-157.0,-157.0,-155.5,-154.5,-153.5,-156.0,-151.5,-157.0,-157.0,-157.0,-153.0,-150.5,-157.0,-150.5,-152.0,-150.0,-153.5,-156.0,-154.0,-157.0,-157.0,-155.0,-152.5,-152.5,-152.0,-152.5,-154.0,-154.5,-154.0,-154.0,-156.0,-155.5,-153.0,-157.0,-157.0,-153.0,-155.0,-153.0,-155.0,-151.0,-149.0,-152.0,-152.5,-151.5,-155.0,-157.0,-157.0,-157.0,-150.0,-156.5,-156.5,-154.5,-157.0,-155.0,-155.0,-155.5,-153.5,-152.5,-157.0,-151.5,-154.0,-152.0,-157.0,-157.0,-157.0,-157.0,-154.5,-157.0,-157.0,-157.0,-152.0,-152.5,-157.0,-154.0,-155.0,-157.0,-157.0,-157.0,-157.0,-152.5,-152.5,-155.0,-157.0,-154.5,-155.0,-157.0,-157.0,-157.0,-152.0,-154.5,-157.0,-157.0,-157.0,-157.0,-156.5,-151.5,-155.0,-155.0,-154.5,-153.0,-157.0,-157.0,-157.0,-157.0,-157.0,-156.0,-155.5,-157.0,-157.0,-152.0,-150.5,-154.5,-152.0,-157.0,-157.0,-157.0,-156.5,-157.0,-155.5,-155.5,-157.0,-157.0,-152.0,-152.5,-157.0,-152.0,-152.0,-153.0,-156.5,-157.0,-157.0,-154.5,-157.0,-157.0,-157.0,-157.0,-156.5,-157.0,-154.0,-150.5,-154.0,-157.0,-157.0,-154.0,-150.0,-150.5,-152.5,-156.5,-157.0,-156.5,-156.0,-154.0,-155.0,-153.5,-156.0,-157.0,-157.0,-157.0,-155.0,-157.0,-157.0,-157.0,-157.0,-151.5,-156.0,-151.5,-151.5,-157.0,-155.0,-150.0,-157.0,-157.0,-157.0,-156.0,-156.5,-155.5,-157.0,-151.0,-153.0,-156.0,-157.0,-157.0,-157.0,-157.0,-156.0,-157.0,-157.0,-157.0,-151.5,-154.5,-157.0,-157.0,-157.0,-157.0,-157.0,-157.0,-157.0,-157.0,-157.0,-157.0,-157.0,-154.5,-153.0,-157.0,-154.0,-157.0,-153.0,-148.5,-148.0,-157.0,-157.0,-154.5,-156.5,-152.0,-154.0,-152.0,-152.5,-153.5,-157.0,-157.0,-157.0,-157.0,-157.0,-157.0,-157.0,-157.0,-152.5,-151.5,-155.0,-153.0,-157.0,-157.0,-157.0,-156.0,-157.0,-156.5,-156.0,-157.0,-157.0,-153.5,-153.0,-157.0,-157.0,-157.0,-155.0,-157.0,-157.0,-152.0,-151.0,-151.5,-156.5,-156.5,-154.5,-156.5,-157.0,-157.0,-155.0,-154.5,-154.5,-155.5,-151.0,-155.0,-156.5,-157.0,-154.5,-157.0,-154.0,-152.0,-153.5,-157.0,-157.0,-157.0,-157.0,-157.0,-154.0,-153.5,-149.5,-151.5,-155.0,-154.5,-154.5,-156.0,-153.5,-153.5,-157.0,-157.0,-157.0,-157.0,-156.0,-153.0,-151.0,-154.5,-154.0,-153.5,-157.0,-156.5,-152.5,-157.0,-156.5,-154.0,-157.0,-154.5,-151.0,-157.0,-157.0,-152.5,-155.0,-157.0,-153.5,-157.0,-155.5,-155.5,-157.0,-157.0,-157.0,-157.0,-156.5,-157.0,-152.0,-155.5,-157.0,-157.0,-157.0,-157.0,-149.0,-151.0,-157.0,-156.0,-154.5,-149.0,-155.0,-153.5,-157.0,-151.5,-152.0,-154.0,-155.5,-153.0,-153.0,-151.0,-157.0,-157.0,-157.0,-157.0,-157.0,-157.0,-156.5,-157.0,-152.5,-154.5,-157.0,-155.0,-156.0,-155.5,-155.5,-157.0,-157.0,-151.5,-154.5,-157.0,-156.0,-157.0,-155.0,-154.5,-152.5,-154.5,-152.0,-157.0,-156.5,-157.0,-157.0,-157.0,-155.0,-156.0,-157.0,-157.0,-154.0,-157.0,-157.0,-157.0,-157.0,-157.0,-157.0,-155.5,-157.0,-157.0,-157.0,-157.0,-156.0,-154.5,-152.0,-157.0,-157.0,-153.5,-153.5,-157.0,-153.5,-153.0,-156.5,-155.5
2026-01-17 13:48:24.470,143.049967,5,-77,-157.0,-157.0,-154.5,-155.0,-155.5,-152.5,-154.0,-157.0,-157.0,-151.5,-156.5,-157.0,-157.0,-157.0,-156.0,-155.0,-155.0,-156.0,-157.0,-152.0,-152.5,-149.0,-149.5,-157.0,-157.0,-157.0,-157.0,-157.0,-157.0,-157.0,-157.0,-157.0,-153.0,-152.0,-154.5,-157.0,-157.0,-157.0,-157.0,-155.5,-157.0,-157.0,-157.0,-153.5,-157.0,-152.5,-157.0,-157.0,-157.0,-157.0,-157.0,-157.0,-157.0,-157.0,-155.5,-152.0,-156.5,-154.0,-157.0,-149.5,-150.0,-154.0,-157.0,-152.0,-154.0,-156.0,-157.0,-157.0,-157.0,-152.0,-150.5,-150.5,-152.5,-154.0,-156.0,-157.0,-157.0,-153.0,-155.0,-152.5,-152.5,-157.0,-157.0,-157.0,-157.0,-151.0,-151.5,-157.0,-155.0,-154.5,-151.5,-152.0,-157.0,-157.0,-157.0,-157.0,-154.0,-156.5,-153.5,-154.0,-155.5,-155.0,-152.0,-153.5,-157.0,-157.0,-157.0,-156.0,-157.0,-156.0,-154.5,-155.5,-154.0,-153.5,-157.0,-152.5,-153.5,-153.0,-152.5,-152.5,-157.0,-154.0,-152.5,-149.0,-152.5,-157.0,-157.0,-157.0,-157.0,-153.5,-157.0,-157.0,-157.0,-153.5,-150.0,-153.0,-154.0,-157.0,-157.0,-156.5,-157.0,-157.0,-157.0,-155.0,-154.5,-155.5,-153.0,-154.0,-153.0,-154.5,-156.0,-157.0,-157.0,-157.0,-156.5,-157.0,-156.0,-156.5,-154.5,-154.0,-157.0,-156.5,-153.5,-154.0,-157.0,-157.0,-157.0,-157.0,-157.0,-157.0,-155.0,-157.0,-153.5,-153.0,-155.5,-157.0,-157.0,-157.0,-155.5,-153.0,-155.5,-156.5,-155.5,-157.0,-154.0,-153.5,-151.5,-149.5,-157.0,-157.0,-156.0,-157.0,-157.0,-157.0,-156.5,-157.0,-157.0,-155.0,-154.0,-155.0,-156.5,-157.0,-152.5,-152.5,-157.0,-157.0,-154.0,-155.0,-157.0,-154.0,-152.5,-154.5,-157.0,-154.5,-152.0,-154.5,-155.0,-157.0,-150.0,-150.0,-153.5,-150.5,-157.0,-157.0,-157.0,-157.0,-152.5,-153.5,-156.5,-154.5,-156.5,-157.0,-157.0,-157.0,-157.0,-157.0,-157.0,-152.5,-151.5,-157.0,-156.5,-153.5,-157.0,-157.0,-149.5,-157.0,-157.0,-157.0,-157.0,-157.0,-156.5,-157.0,-151.5,-157.0,-153.5,-157.0,-157.0,-157.0,-155.5,-156.5,-153.5,-157.0,-157.0,-152.5,-154.5,-156.0,-157.0,-157.0,-157.0,-156.0,-157.0,-157.0,-157.0,-157.0,-157.0,-157.0,-152.5,-151.5,-157.0,-153.0,-151.5,-154.0,-149.0,-152.0,-155.0,-154.5,-151.5,-152.5,-150.0,-153.5,-153.0,-151.0,-155.0,-157.0,-157.0,-157.0,-155.5,-157.0,-157.0,-157.0,-156.0,-155.5,-155.0,-157.0,-155.0,-157.0,-157.0,-156.5,-157.0,-157.0,-155.0,-157.0,-157.0,-157.0,-153.0,-156.0,-157.0,-157.0,-154.5,-154.5,-157.0,-157.0,-154.0,-154.5,-157.0,-156.0,-157.0,-156.5,-151.0,-152.0,-157.0,-157.0,-157.0,-154.0,-157.0,-153.0,-154.5,-157.0,-156.5,-156.5,-157.0,-152.0,-152.0,-152.5,-154.5,-156.5,-157.0,-157.0,-157.0,-155.5,-150.5,-150.0,-152.5,-157.0,-151.0,-156.0,-153.5,-157.0,-153.5,-157.0,-157.0,-154.5,-157.0,-154.0,-156.5,-148.5,-151.0,-156.5,-157.0,-157.0,-157.0,-156.5,-157.0,-149.5,-149.5,-157.0,-154.0,-151.5,-157.0,-157.0,-152.5,-156.0,-155.0,-154.5,-157.0,-157.0,-157.0,-157.0,-156.5,-153.5,-157.0,-157.0,-153.5,-151.0,-150.5,-157.0,-157.0,-157.0,-157.0,-148.5,-151.5,-157.0,-157.0,-155.5,-150.0,-151.5,-149.5,-156.5,-154.5,-155.0,-157.0,-155.5,-155.5,-151.5,-149.0,-151.0,-157.0,-157.0,-157.0,-157.0,-157.0,-152.0,-154.0,-157.0,-157.0,-157.0,-156.5,-153.0,-151.5,-157.0,-153.5,-154.0,-154.0,-157.0,-157.0,-155.0,-157.0,-157.0,-157.0,-150.5,-150.5,-149.5,-154.0,-151.5,-155.5,-152.5,-157.0,-157.0,-157.0,-157.0,-157.0,-156.5,-157.0,-157.0,-157.0,-157.0,-157.0,-157.0,-157.0,-157.0,-157.0,-157.0,-157.0,-154.5,-154.5,-154.5,-155.0,-157.0,-157.0,-157.0,-157.0,-156.0,-152.0,-155.0,-151.5
2026-01-17 13:48:24.505,143.049967,5,-77,-157.0,-157.0,-157.0,-157.0,-157.0,-154.5,-157.0,-156.5,-155.5,-153.5,-154.5,-155.5,-157.0,-157.0,-157.0,-157.0,-154.0,-157.0,-154.0,-152.0,-151.0,-149.0,-152.5,-155.0,-157.0,-156.0,-157.0,-157.0,-157.0,-157.0,-157.0,-157.0,-157.0,-153.0,-156.5,-157.0,-157.0,-155.5,-151.5,-153.5,-157.0,-157.0,-154.5,-152.0,-156.5,-156.0,-157.0,-157.0,-157.0,-157.0,-152.5,-151.0,-153.5,-157.0,-157.0,-155.0,-157.0,-157.0,-157.0,-151.5,-156.5,-157.0,-157.0,-152.0,-151.5,-157.0,-157.0,-157.0,-157.0,-156.5,-155.0,-152.5,-151.0,-151.5,-157.0,-157.0,-156.5,-154.0,-154.5,-157.0,-153.5,-157.0,-157.0,-156.0,-157.0,-152.0,-154.5,-157.0,-157.0,-157.0,-156.5,-153.5,-157.0,-157.0,-157.0,-153.5,-151.0,-152.5,-153.5,-157.0,-155.5,-156.5,-152.5,-157.0,-157.0,-157.0,-157.0,-157.0,-157.0,-153.5,-153.0,-155.5,-157.0,-157.0,-152.5,-154.0,-152.5,-152.0,-157.0,-157.0,-157.0,-153.0,-152.5,-152.5,-156.5,-157.0,-157.0,-157.0,-157.0,-152.5,-157.0,-157.0,-157.0,-154.0,-153.0,-155.5,-155.0,-157.0,-157.0,-153.0,-155.0,-157.0,-157.0,-155.5,-154.0,-157.0,-157.0,-155.0,-152.5,-152.0,-152.0,-157.0,-157.0,-157.0,-156.5,-157.0,-157.0,-157.0,-157.0,-153.0,-155.5,-154.5,-156.0,-156.5,-157.0,-157.0,-157.0,-157.0,-157.0,-157.0,-157.0,-154.5,-153.5,-154.5,-152.5,-154.0,-157.0,-157.0,-152.5,-151.0,-157.0,-157.0,-157.0,-157.0,-157.0,-157.0,-153.5,-151.5,-154.0,-153.5,-154.5,-157.0,-157.0,-157.0,-154.5,-154.0,-153.0,-157.0,-157.0,-155.5,-157.0,-157.0,-156.0,-153.5,-156.5,-157.0,-152.5,-152.0,-157.0,-150.5,-153.0,-157.0,-157.0,-157.0,-157.0,-157.0,-156.0,-157.0,-150.5,-154.5,-155.0,-150.0,-154.5,-157.0,-156.5,-157.0,-149.5,-149.0,-157.0,-153.0,-153.5,-157.0,-157.0,-157.0,-155.5,-157.0,-153.0,-157.0,-154.5,-153.5,-152.0,-155.5,-156.5,-157.0,-150.5,-157.0,-157.0,-157.0,-157.0,-157.0,-154.0,-157.0,-151.5,-152.5,-151.5,-157.0,-157.0,-155.0,-157.0,-150.5,-151.0,-157.0,-155.0,-152.5,-152.5,-150.5,-157.0,-157.0,-155.5,-153.0,-155.0,-157.0,-157.0,-157.0,-157.0,-157.0,-155.5,-152.5,-157.0,-156.5,-151.5,-154.5,-150.0,-150.5,-157.0,-154.5,-150.5,-155.5,-153.0,-157.0,-157.0,-157.0,-156.0,-157.0,-157.0,-157.0,-155.0,-157.0,-157.0,-157.0,-156.5,-157.0,-156.5,-153.0,-153.5,-155.5,-153.5,-152.5,-157.0,-157.0,-157.0,-157.0,-157.0,-156.0,-153.0,-156.0,-157.0,-157.0,-157.0,-154.5,-157.0,-156.0,-151.0,-156.0,-156.0,-157.0,-157.0,-157.0,-152.0,-153.0,-155.0,-155.0,-157.0,-152.0,-153.0,-157.0,-155.0,-157.0,-157.0,-157.0,-157.0,-152.5,-152.0,-152.5,-157.0,-153.5,-154.5,-157.0,-157.0,-152.0,-152.5,-156.5,-157.0,-157.0,-150.5,-155.0,-153.5,-155.0,-154.0,-157.0,-157.0,-152.5,-157.0,-155.5,-151.5,-148.5,-157.0,-157.0,-157.0,-157.0,-156.0,-156.5,-153.5,-151.0,-151.5,-157.0,-157.0,-152.0,-154.5,-153.5,-154.5,-155.5,-157.0,-157.0,-157.0,-157.0,-155.5,-156.0,-152.5,-152.5,-154.0,-154.0,-152.0,-153.0,-151.5,-157.0,-157.0,-155.5,-157.0,-151.0,-157.0,-157.0,-157.0,-150.5,-152.5,-157.0,-151.0,-155.0,-155.5,-153.0,-154.5,-153.0,-153.5,-157.0,-153.0,-152.0,-157.0,-153.5,-156.0,-156.0,-152.5,-150.0,-152.0,-156.5,-157.0,-157.0,-157.0,-151.5,-150.5,-157.0,-154.0,-154.0,-156.5,-157.0,-156.5,-156.0,-157.0,-157.0,-156.0,-156.0,-157.0,-149.5,-148.0,-148.5,-154.0,-150.5,-155.5,-155.0,-157.0,-157.0,-155.5,-157.0,-157.0,-157.0,-157.0,-157.0,-156.0,-156.0,-154.0,-157.0,-157.0,-156.5,-156.0,-152.0,-152.5,-157.0,-155.5,-157.0,-157.0,-157.0,-157.0,-157.0,-154.0,-154.5,-151.0
2026-01-17 13:48:24.538,143.049967,5,-77,-157.0,-157.0,-157.0,-157.0,-157.0,-157.0,-156.5,-156.0,-155.5,-157.0,-154.5,-152.0,-155.5,-154.0,-157.0,-157.0,-153.5,-157.0,-152.5,-153.5,-152.0,-153.5,-154.5,-154.5,-157.0,-157.0,-156.0,-153.5,-156.0,-157.0,-157.0,-157.0,-155.0,-154.0,-157.0,-153.5,-153.0,-157.0,-152.0,-155.5,-156.5,-157.0,-155.5,-153.5,-154.0,-155.5,-157.0,-157.0,-157.0,-157.0,-154.5,-150.5,-151.5,-157.0,-157.0,-157.0,-157.0,-156.0,-156.5,-157.0,-154.5,-157.0,-157.0,-151.0,-150.5,-155.5,-157.0,-157.0,-157.0,-157.0,-157.0,-157.0,-149.5,-149.0,-157.0,-157.0,-157.0,-157.0,-153.0,-152.5,-157.0,-157.0,-157.0,-155.0,-155.5,-156.0,-157.0,-157.0,-157.0,-155.5,-155.5,-156.0,-157.0,-157.0,-156.0,-154.0,-155.5,-148.5,-152.5,-155.5,-153.0,-155.5,-155.0,-154.5,-157.0,-157.0,-157.0,-157.0,-157.0,-152.0,-151.0,-154.0,-157.0,-155.0,-153.0,-157.0,-154.0,-155.5,-157.0,-157.0,-156.0,-155.0,-157.0,-157.0,-157.0,-157.0,-157.0,-157.0,-154.0,-151.5,-157.0,-157.0,-157.0,-157.0,-157.0,-157.0,-157.0,-157.0,-157.0,-155.0,-154.0,-157.0,-157.0,-157.0,-157.0,-157.0,-157.0,-157.0,-156.0,-154.0,-152.5,-157.0,-157.0,-156.5,-154.5,-157.0,-156.5,-155.0,-157.0,-155.5,-152.0,-151.0,-157.0,-154.5,-154.0,-157.0,-157.0,-157.0,-154.5,-156.0,-154.0,-151.0,-154.5,-157.0,-153.5,-153.0,-157.0,-156.0,-153.5,-150.0,-156.5,-157.0,-157.0,-157.0,-157.0,-157.0,-157.0,-157.0,-154.5,-153.0,-152.0,-157.0,-157.0,-157.0,-156.5,-154.0,-152.0,-157.0,-157.0,-153.0,-156.0,-157.0,-157.0,-157.0,-157.0,-157.0,-152.5,-154.0,-153.5,-151.5,-157.0,-157.0,-156.5,-155.0,-157.0,-157.0,-153.0,-156.0,-153.5,-153.5,-154.5,-151.5,-157.0,-157.0,-155.5,-154.5,-149.5,-148.0,-157.0,-157.0,-156.5,-157.0,-156.5,-152.0,-151.5,-154.5,-151.5,-157.0,-157.0,-154.0,-149.0,-157.0,-155.5,-153.5,-151.5,-157.0,-156.0,-157.0,-157.0,-155.5,-152.5,-154.0,-155.5,-152.5,-154.0,-157.0,-155.0,-152.0,-152.0,-152.0,-155.5,-157.0,-152.5,-152.0,-152.5,-151.0,-152.5,-157.0,-157.0,-153.0,-157.0,-157.0,-157.0,-157.0,-157.0,-156.5,-153.0,-152.0,-157.0,-154.0,-154.5,-155.0,-157.0,-151.5,-153.5,-157.0,-152.0,-157.0,-157.0,-154.5,-157.0,-157.0,-157.0,-157.0,-157.0,-157.0,-157.0,-156.5,-157.0,-157.0,-157.0,-157.0,-156.5,-151.5,-150.0,-150.5,-154.5,-151.0,-157.0,-155.5,-157.0,-157.0,-156.0,-154.5,-157.0,-156.0,-153.5,-155.5,-153.5,-152.5,-157.0,-156.0,-149.5,-150.0,-152.0,-155.0,-157.0,-157.0,-155.0,-157.0,-153.5,-156.0,-157.0,-152.0,-155.5,-157.0,-153.0,-156.5,-157.0,-157.0,-157.0,-155.0,-156.5,-153.5,-157.0,-155.0,-156.5,-157.0,-155.0,-154.0,-156.0,-157.0,-157.0,-157.0,-151.5,-152.5,-157.0,-151.5,-154.0,-157.0,-155.5,-150.5,-157.0,-157.0,-157.0,-151.5,-157.0,-157.0,-157.0,-157.0,-155.0,-157.0,-154.5,-156.0,-151.5,-152.5,-155.5,-153.5,-154.0,-157.0,-154.0,-151.5,-157.0,-157.0,-157.0,-157.0,-154.5,-155.5,-153.0,-157.0,-155.0,-157.0,-155.0,-156.0,-157.0,-155.5,-154.0,-154.0,-157.0,-155.5,-156.0,-152.0,-153.0,-152.0,-153.5,-157.0,-155.0,-154.0,-149.0,-149.0,-152.0,-152.0,-153.0,-157.0,-157.0,-156.5,-156.0,-150.0,-154.0,-157.0,-154.5,-154.5,-156.0,-157.0,-157.0,-157.0,-156.0,-155.0,-156.0,-157.0,-156.0,-157.0,-157.0,-155.5,-157.0,-156.0,-153.5,-154.0,-157.0,-157.0,-157.0,-152.5,-152.0,-152.0,-152.5,-150.0,-151.5,-152.5,-157.0,-154.5,-157.0,-157.0,-157.0,-157.0,-157.0,-157.0,-153.5,-151.5,-154.5,-157.0,-157.0,-151.5,-153.5,-152.5,-152.5,-154.5,-154.5,-157.0,-157.0,-157.0,-154.5,-154.5,-153.5,-150.0,-152.5
2026-01-17 13:48:24.570,143.049967,5,-77,-157.0,-157.0,-157.0,-157.0,-157.0,-154.0,-152.0,-157.0,-154.0,-157.0,-151.5,-151.0,-156.0,-155.5,-157.0,-156.5,-154.5,-157.0,-155.0,-156.0,-155.0,-156.0,-153.5,-157.0,-157.0,-157.0,-156.0,-153.0,-157.0,-157.0,-157.0,-157.0,-154.0,-156.0,-157.0,-152.5,-153.0,-157.0,-156.0,-153.0,-152.0,-157.0,-156.0,-153.5,-154.0,-154.0,-157.0,-157.0,-157.0,-155.0,-157.0,-154.5,-154.5,-157.0,-157.0,-157.0,-157.0,-155.5,-157.0,-157.0,-154.5,-156.5,-151.5,-152.5,-155.0,-156.0,-157.0,-157.0,-157.0,-152.5,-157.0,-157.0,-152.0,-152.0,-155.0,-157.0,-157.0,-157.0,-150.0,-150.5,-157.0,-157.0,-157.0,-156.0,-153.0,-157.0,-157.0,-156.0,-157.0,-156.5,-156.0,-156.5,-154.0,-157.0,-153.5,-155.5,-157.0,-151.0,-157.0,-155.5,-153.5,-157.0,-157.0,-154.0,-156.5,-156.5,-157.0,-157.0,-156.0,-152.0,-151.5,-155.0,-157.0,-155.0,-154.5,-156.5,-153.5,-157.0,-157.0,-157.0,-155.0,-157.0,-157.0,-155.0,-157.0,-157.0,-154.0,-157.0,-153.0,-152.0,-157.0,-157.0,-154.0,-157.0,-157.0,-157.0,-157.0,-157.0,-157.0,-157.0,-155.5,-157.0,-157.0,-157.0,-157.0,-157.0,-157.0,-157.0,-157.0,-156.0,-155.0,-157.0,-155.5,-157.0,-156.0,-157.0,-157.0,-155.0,-157.0,-157.0,-151.0,-149.5,-157.0,-153.0,-150.5,-157.0,-157.0,-157.0,-153.5,-157.0,-153.0,-154.0,-157.0,-155.5,-156.0,-155.5,-157.0,-154.0,-157.0,-149.0,-153.0,-157.0,-157.0,-157.0,-157.0,-157.0,-157.0,-157.0,-156.0,-155.5,-154.5,-156.0,-157.0,-157.0,-157.0,-157.0,-155.0,-157.0,-154.0,-151.5,-154.5,-157.0,-156.5,-157.0,-157.0,-157.0,-156.0,-157.0,-151.0,-152.0,-157.0,-157.0,-152.0,-150.5,-153.5,-153.0,-152.5,-156.5,-154.5,-154.0,-155.0,-154.0,-155.5,-157.0,-157.0,-157.0,-155.0,-151.5,-157.0,-157.0,-157.0,-155.5,-153.0,-152.5,-152.5,-157.0,-152.5,-155.5,-157.0,-150.5,-147.5,-154.5,-156.5,-152.5,-151.0,-151.5,-154.5,-157.0,-157.0,-157.0,-155.5,-156.5,-157.0,-157.0,-157.0,-156.0,-151.0,-154.5,-151.0,-157.0,-157.0,-154.0,-155.0,-153.0,-157.0,-156.5,-152.5,-154.0,-157.0,-155.0,-157.0,-157.0,-157.0,-157.0,-157.0,-157.0,-152.0,-154.0,-157.0,-153.5,-157.0,-157.0,-154.5,-151.0,-151.5,-154.0,-156.0,-157.0,-157.0,-155.5,-155.5,-157.0,-157.0,-156.5,-154.5,-157.0,-155.5,-157.0,-156.5,-157.0,-155.0,-153.5,-157.0,-157.0,-149.0,-150.5,-152.5,-149.5,-154.5,-153.5,-156.0,-154.5,-153.0,-157.0,-157.0,-157.0,-154.0,-157.0,-150.0,-152.0,-157.0,-157.0,-152.5,-150.5,-154.5,-157.0,-156.0,-157.0,-150.5,-151.5,-157.0,-157.0,-157.0,-157.0,-154.5,-154.0,-155.0,-155.5,-157.0,-157.0,-152.0,-153.0,-156.0,-155.5,-157.0,-157.0,-157.0,-157.0,-157.0,-157.0,-157.0,-157.0,-157.0,-157.0,-157.0,-156.0,-157.0,-153.5,-157.0,-155.5,-151.0,-149.5,-156.5,-157.0,-157.0,-153.5,-157.0,-157.0,-157.0,-154.5,-152.5,-157.0,-157.0,-157.0,-151.0,-152.5,-157.0,-157.0,-155.5,-157.0,-152.0,-151.0,-154.5,-155.0,-156.5,-157.0,-153.5,-151.0,-151.5,-157.0,-154.5,-155.0,-157.0,-157.0,-157.0,-157.0,-155.0,-157.0,-157.0,-156.5,-151.0,-151.0,-151.5,-157.0,-157.0,-156.5,-155.0,-153.0,-149.5,-153.5,-153.5,-152.0,-152.5,-157.0,-157.0,-157.0,-154.0,-151.0,-155.5,-157.0,-157.0,-157.0,-157.0,-157.0,-157.0,-157.0,-156.5,-157.0,-157.0,-157.0,-157.0,-157.0,-157.0,-154.5,-155.0,-157.0,-155.0,-155.0,-157.0,-157.0,-157.0,-155.5,-157.0,-157.0,-153.5,-150.0,-149.5,-157.0,-157.0,-154.5,-157.0,-156.5,-153.5,-155.5,-157.0,-157.0,-157.0,-153.5,-157.0,-156.0,-152.0,-151.5,-156.0,-157.0,-157.0,-152.0,-153.5,-157.0,-157.0,-157.0,-152.0,-153.5,-157.0,-150.0,-155.0
2026-01-17 13:48:24.603,143.049967,5,-77,-157.0,-157.0,-157.0,-157.0,-152.5,-153.0,-151.0,-157.0,-154.0,-155.0,-149.5,-151.5,-157.0,-156.5,-157.0,-155.0,-156.5,-157.0,-153.5,-157.0,-157.0,-152.5,-151.5,-156.0,-154.5,-155.5,-157.0,-155.5,-157.0,-157.0,-157.0,-154.5,-155.0,-157.0,-157.0,-156.0,-157.0,-157.0,-157.0,-152.0,-152.0,-157.0,-155.0,-149.5,-153.0,-155.0,-157.0,-157.0,-157.0,-154.5,-157.0,-157.0,-153.0,-154.0,-157.0,-157.0,-157.0,-157.0,-156.0,-152.5,-154.5,-157.0,-153.0,-153.0,-157.0,-157.0,-157.0,-156.0,-155.0,-150.0,-153.0,-157.0,-157.0,-157.0,-157.0,-157.0,-157.0,-157.0,-150.5,-157.0,-157.0,-157.0,-157.0,-157.0,-154.5,-153.5,-154.5,-154.5,-157.0,-157.0,-155.5,-154.5,-152.0,-154.5,-153.0,-155.5,-152.0,-151.0,-157.0,-157.0,-155.5,-157.0,-157.0,-155.0,-156.0,-155.0,-156.0,-154.5,-154.0,-157.0,-154.5,-155.5,-156.0,-157.0,-157.0,-157.0,-151.0,-157.0,-157.0,-157.0,-153.0,-157.0,-157.0,-155.0,-157.0,-153.0,-151.5,-157.0,-154.5,-156.5,-157.0,-154.5,-154.0,-154.5,-154.0,-157.0,-157.0,-157.0,-157.0,-155.0,-153.0,-157.0,-157.0,-157.0,-157.0,-157.0,-157.0,-156.0,-156.0,-153.0,-155.5,-152.5,-151.0,-157.0,-157.0,-157.0,-157.0,-155.0,-157.0,-157.0,-150.5,-153.0,-156.0,-153.5,-152.0,-155.5,-157.0,-157.0,-156.0,-157.0,-155.0,-157.0,-152.5,-149.0,-150.5,-157.0,-154.0,-151.0,-157.0,-150.0,-150.0,-157.0,-157.0,-157.0,-155.0,-154.0,-157.0,-157.0,-156.5,-153.5,-156.0,-153.0,-157.0,-157.0,-157.0,-157.0,-157.0,-157.0,-157.0,-156.0,-156.5,-157.0,-156.0,-155.0,-157.0,-157.0,-157.0,-157.0,-153.0,-153.5,-154.5,-157.0,-155.0,-153.5,-153.0,-152.0,-155.5,-155.0,-152.0,-152.5,-157.0,-157.0,-157.0,-157.0,-157.0,-156.0,-157.0,-153.5,-155.0,-157.0,-157.0,-155.0,-153.5,-155.5,-152.5,-155.5,-149.5,-152.0,-157.0,-153.5,-150.0,-155.5,-156.0,-156.5,-151.5,-150.0,-156.5,-157.0,-156.0,-157.0,-157.0,-156.5,-157.0,-157.0,-154.5,-156.0,-149.5,-157.0,-152.5,-157.0,-157.0,-150.5,-150.5,-149.0,-157.0,-157.0,-154.5,-157.0,-157.0,-155.0,-155.5,-157.0,-157.0,-157.0,-153.0,-152.5,-153.0,-154.5,-155.5,-152.5,-157.0,-157.0,-152.5,-150.5,-153.5,-157.0,-154.0,-153.0,-152.5,-157.0,-157.0,-157.0,-157.0,-157.0,-153.0,-154.0,-153.5,-157.0,-157.0,-157.0,-154.5,-154.0,-154.5,-157.0,-152.0,-157.0,-151.0,-150.0,-157.0,-155.5,-157.0,-156.0,-154.0,-157.0,-157.0,-157.0,-157.0,-154.5,-152.5,-155.0,-157.0,-157.0,-157.0,-157.0,-157.0,-157.0,-154.0,-157.0,-149.0,-150.5,-156.5,-156.5,-157.0,-157.0,-156.0,-152.0,-157.0,-157.0,-157.0,-157.0,-154.0,-151.5,-152.0,-155.5,-157.0,-156.0,-156.5,-157.0,-157.0,-153.5,-155.0,-157.0,-155.5,-155.5,-157.0,-157.0,-157.0,-156.5,-157.0,-153.0,-150.5,-153.0,-157.0,-157.0,-157.0,-154.5,-156.5,-157.0,-157.0,-152.5,-152.0,-155.0,-157.0,-157.0,-154.0,-157.0,-157.0,-157.0,-157.0,-157.0,-153.0,-153.5,-153.0,-155.5,-157.0,-157.0,-154.5,-151.5,-153.0,-155.0,-152.0,-152.0,-157.0,-157.0,-157.0,-155.0,-154.0,-156.5,-153.5,-155.0,-149.0,-152.5,-152.0,-155.5,-157.0,-157.0,-154.0,-154.5,-151.5,-155.5,-157.0,-152.5,-155.0,-157.0,-156.5,-157.0,-154.5,-155.5,-156.5,-157.0,-157.0,-157.0,-157.0,-157.0,-157.0,-156.5,-155.5,-157.0,-157.0,-157.0,-157.0,-157.0,-157.0,-157.0,-153.5,-157.0,-157.0,-156.5,-157.0,-157.0,-157.0,-156.0,-154.0,-157.0,-152.5,-151.5,-151.5,-155.0,-156.5,-157.0,-157.0,-154.5,-153.5,-156.5,-157.0,-156.5,-157.0,-157.0,-157.0,-157.0,-151.5,-154.0,-157.0,-157.0,-157.0,-154.5,-156.0,-157.0,-157.0,-157.0,-151.5,-157.0,-157.0,-154.5,-156.0
2026-01-17 13:48:24.639,143.049967,5,-77,-157.0,-157.0,-157.0,-153.0,-149.0,-150.5,-151.5,-157.0,-155.5,-157.0,-152.5,-151.0,-150.5,-154.0,-153.5,-152.5,-156.5,-157.0,-152.5,-157.0,-157.0,-152.5,-153.0,-157.0,-155.0,-153.0,-156.5,-157.0,-157.0,-157.0,-157.0,-150.5,-150.5,-157.0,-157.0,-156.0,-157.0,-157.0,-157.0,-152.5,-157.0,-157.0,-156.5,-151.0,-151.0,-154.5,-157.0,-157.0,-157.0,-153.5,-154.5,-157.0,-151.5,-152.0,-157.0,-157.0,-157.0,-157.0,-156.5,-152.5,-157.0,-157.0,-157.0,-151.5,-154.5,-153.5,-157.0,-153.5,-156.5,-152.0,-153.5,-154.0,-157.0,-157.0,-157.0,-157.0,-157.0,-157.0,-154.5,-157.0,-156.0,-156.5,-157.0,-157.0,-155.0,-151.5,-150.5,-155.5,-157.0,-157.0,-154.0,-156.5,-150.5,-152.0,-157.0,-155.5,-152.5,-153.5,-157.0,-157.0,-156.5,-152.5,-151.5,-154.0,-157.0,-157.0,-150.0,-149.0,-157.0,-157.0,-152.5,-154.5,-157.0,-157.0,-157.0,-155.5,-152.5,-157.0,-157.0,-155.0,-152.0,-157.0,-156.5,-154.0,-154.5,-157.0,-153.0,-157.0,-155.0,-156.5,-157.0,-154.0,-156.5,-157.0,-155.0,-157.0,-157.0,-155.5,-157.0,-153.0,-154.0,-155.5,-155.5,-156.0,-157.0,-157.0,-157.0,-157.0,-151.5,-151.5,-155.0,-150.0,-150.0,-157.0,-157.0,-154.0,-152.5,-150.5,-151.0,-152.5,-149.5,-152.0,-153.5,-157.0,-155.5,-157.0,-153.5,-154.0,-155.0,-154.5,-157.0,-157.0,-153.0,-151.5,-150.0,-157.0,-150.5,-149.0,-154.5,-156.5,-152.0,-152.5,-157.0,-157.0,-153.5,-154.0,-157.0,-157.0,-157.0,-152.0,-156.0,-152.5,-152.5,-157.0,-157.0,-157.0,-156.0,-157.0,-157.0,-157.0,-155.5,-153.5,-154.0,-153.0,-154.0,-157.0,-155.0,-157.0,-157.0,-157.0,-153.0,-154.5,-157.0,-157.0,-157.0,-156.0,-157.0,-157.0,-154.0,-152.5,-157.0,-157.0,-157.0,-157.0,-157.0,-154.5,-157.0,-152.0,-149.0,-155.0,-157.0,-157.0,-157.0,-157.0,-152.0,-153.0,-152.0,-154.0,-153.0,-156.5,-155.0,-157.0,-157.0,-157.0,-153.5,-157.0,-157.0,-157.0,-156.0,-157.0,-157.0,-150.0,-149.5,-157.0,-149.5,-148.0,-148.0,-154.5,-154.5,-157.0,-156.5,-152.5,-152.0,-148.5,-157.0,-157.0,-153.5,-154.0,-157.0,-157.0,-157.0,-157.0,-157.0,-154.5,-155.5,-155.0,-153.5,-156.5,-153.5,-153.5,-157.0,-157.0,-157.0,-153.5,-156.0,-157.0,-151.5,-152.0,-151.0,-155.5,-157.0,-157.0,-157.0,-157.0,-156.0,-156.0,-157.0,-157.0,-155.5,-152.0,-156.0,-157.0,-157.0,-156.0,-153.5,-154.0,-156.5,-155.0,-157.0,-157.0,-157.0,-157.0,-157.0,-154.0,-157.0,-152.0,-157.0,-157.0,-156.5,-157.0,-157.0,-157.0,-155.0,-157.0,-157.0,-157.0,-153.0,-152.5,-154.0,-155.0,-155.0,-157.0,-157.0,-157.0,-157.0,-152.5,-157.0,-157.0,-157.0,-157.0,-157.0,-153.5,-153.5,-157.0,-154.5,-153.0,-153.5,-156.5,-152.0,-152.5,-154.0,-157.0,-154.0,-153.0,-157.0,-157.0,-157.0,-157.0,-157.0,-157.0,-156.5,-157.0,-157.0,-157.0,-157.0,-157.0,-157.0,-157.0,-157.0,-156.0,-157.0,-157.0,-157.0,-157.0,-157.0,-157.0,-157.0,-157.0,-157.0,-157.0,-157.0,-157.0,-154.5,-155.5,-155.0,-157.0,-157.0,-154.5,-152.0,-152.5,-153.0,-155.5,-154.0,-154.0,-157.0,-151.5,-153.0,-157.0,-155.0,-154.0,-152.5,-152.5,-152.5,-154.0,-152.0,-153.0,-155.5,-155.0,-153.5,-154.0,-157.0,-155.0,-157.0,-157.0,-157.0,-156.0,-153.5,-157.0,-156.0,-157.0,-157.0,-157.0,-157.0,-157.0,-157.0,-155.0,-157.0,-157.0,-155.5,-157.0,-154.0,-157.0,-157.0,-157.0,-152.5,-157.0,-157.0,-157.0,-157.0,-157.0,-157.0,-157.0,-154.5,-157.0,-152.5,-151.0,-154.5,-154.5,-155.5,-157.0,-157.0,-153.0,-155.5,-157.0,-157.0,-157.0,-157.0,-157.0,-156.0,-156.5,-152.0,-153.5,-154.5,-155.0,-157.0,-157.0,-157.0,-157.0,-157.0,-154.5,-151.0,-151.5,-155.0,-157.0,-152.0
2026-01-17 13:48:24.670,143.049967,5,-77,-157.0,-157.0,-157.0,-153.0,-151.0,-153.0,-151.5,-155.0,-157.0,-157.0,-157.0,-155.0,-150.0,-157.0,-154.5,-154.0,-157.0,-157.0,-155.0,-157.0,-157.0,-154.0,-156.0,-157.0,-155.5,-154.0,-157.0,-156.5,-156.5,-153.5,-157.0,-152.0,-154.0,-157.0,-157.0,-155.0,-157.0,-155.0,-154.5,-151.0,-152.5,-157.0,-157.0,-157.0,-155.5,-157.0,-156.5,-154.5,-157.0,-157.0,-157.0,-157.0,-155.0,-154.5,-157.0,-156.0,-157.0,-157.0,-155.0,-153.5,-157.0,-157.0,-156.0,-150.5,-157.0,-152.5,-155.0,-155.0,-157.0,-154.0,-155.0,-154.5,-154.0,-154.0,-153.5,-157.0,-157.0,-157.0,-156.5,-153.0,-154.0,-157.0,-157.0,-157.0,-157.0,-155.5,-152.5,-157.0,-157.0,-157.0,-157.0,-157.0,-151.0,-157.0,-157.0,-157.0,-157.0,-157.0,-157.0,-152.0,-152.0,-152.0,-152.5,-157.0,-157.0,-157.0,-151.0,-149.0,-152.5,-154.5,-154.0,-156.5,-157.0,-157.0,-157.0,-154.0,-156.0,-157.0,-157.0,-154.0,-155.5,-156.5,-154.0,-153.5,-153.5,-157.0,-150.0,-152.0,-157.0,-157.0,-157.0,-155.0,-155.5,-157.0,-157.0,-157.0,-157.0,-155.5,-157.0,-154.5,-157.0,-155.5,-155.5,-157.0,-155.0,-157.0,-157.0,-157.0,-153.0,-152.5,-153.5,-153.5,-152.0,-151.5,-157.0,-153.0,-155.0,-152.0,-150.0,-150.0,-149.5,-153.5,-151.5,-157.0,-153.5,-156.5,-156.5,-156.0,-156.0,-154.5,-157.0,-157.0,-157.0,-157.0,-150.5,-152.0,-152.0,-152.0,-150.5,-157.0,-155.5,-152.0,-154.0,-156.0,-155.0,-157.0,-157.0,-157.0,-154.0,-150.0,-157.0,-153.5,-153.0,-156.5,-154.0,-153.5,-153.0,-157.0,-157.0,-157.0,-155.0,-152.5,-156.0,-152.5,-152.0,-157.0,-152.5,-152.0,-157.0,-157.0,-155.5,-157.0,-157.0,-157.0,-157.0,-155.5,-153.5,-154.0,-156.0,-156.5,-157.0,-157.0,-157.0,-157.0,-153.0,-151.5,-157.0,-151.5,-149.5,-153.0,-157.0,-157.0,-157.0,-157.0,-156.0,-157.0,-157.0,-157.0,-152.0,-157.0,-155.5,-156.5,-157.0,-157.0,-157.0,-157.0,-157.0,-157.0,-157.0,-157.0,-154.0,-150.0,-148.0,-155.0,-149.5,-150.0,-151.5,-153.5,-154.5,-155.0,-157.0,-157.0,-154.5,-152.5,-157.0,-157.0,-155.5,-152.0,-155.5,-157.0,-154.5,-154.5,-157.0,-156.0,-157.0,-157.0,-157.0,-157.0,-157.0,-157.0,-157.0,-157.0,-157.0,-154.5,-154.5,-157.0,-154.0,-157.0,-152.0,-151.5,-157.0,-157.0,-157.0,-157.0,-157.0,-157.0,-157.0,-157.0,-151.5,-151.0,-157.0,-157.0,-157.0,-157.0,-153.5,-153.5,-155.5,-155.5,-157.0,-156.0,-156.5,-154.0,-153.5,-150.0,-150.0,-150.0,-156.5,-157.0,-157.0,-157.0,-155.0,-157.0,-154.0,-156.0,-157.0,-157.0,-157.0,-155.0,-157.0,-157.0,-155.0,-155.5,-156.5,-156.0,-151.5,-152.5,-157.0,-157.0,-155.5,-157.0,-153.5,-153.0,-153.5,-157.0,-152.0,-154.0,-157.0,-157.0,-152.0,-152.0,-153.5,-157.0,-154.0,-154.0,-153.0,-157.0,-156.5,-157.0,-157.0,-157.0,-157.0,-155.5,-157.0,-157.0,-156.0,-157.0,-157.0,-157.0,-157.0,-157.0,-157.0,-157.0,-157.0,-157.0,-157.0,-157.0,-154.0,-154.0,-157.0,-157.0,-157.0,-157.0,-157.0,-153.0,-151.0,-155.5,-157.0,-157.0,-154.0,-152.5,-156.0,-157.0,-157.0,-157.0,-157.0,-153.5,-156.0,-154.0,-152.5,-155.0,-157.0,-157.0,-157.0,-157.0,-153.5,-153.0,-157.0,-157.0,-157.0,-157.0,-157.0,-156.0,-157.0,-157.0,-157.0,-155.0,-152.5,-157.0,-157.0,-157.0,-157.0,-157.0,-157.0,-157.0,-157.0,-152.5,-157.0,-157.0,-154.0,-151.5,-149.0,-154.0,-157.0,-156.5,-154.5,-156.5,-157.0,-157.0,-157.0,-157.0,-157.0,-154.0,-155.0,-157.0,-157.0,-153.5,-157.0,-157.0,-156.0,-157.0,-156.5,-153.5,-155.0,-157.0,-157.0,-157.0,-157.0,-157.0,-155.0,-157.0,-154.5,-151.5,-151.5,-156.5,-155.5,-157.0,-157.0,-157.0,-157.0,-153.5,-154.5,-150.0,-151.0,-157.0,-152.5
2026-01-17 13:48:24.704,143.049967,5,-77,-157.0,-157.0,-157.0,-154.5,-155.0,-157.0,-152.0,-152.5,-157.0,-154.0,-155.0,-156.5,-152.0,-157.0,-157.0,-157.0,-157.0,-157.0,-157.0,-157.0,-157.0,-157.0,-157.0,-157.0,-156.0,-154.5,-157.0,-153.5,-152.0,-153.0,-157.0,-156.5,-157.0,-157.0,-157.0,-153.0,-157.0,-151.5,-151.0,-153.5,-151.5,-153.5,-157.0,-157.0,-157.0,-155.5,-150.0,-149.0,-154.5,-157.0,-157.0,-157.0,-157.0,-155.5,-157.0,-155.0,-157.0,-157.0,-152.0,-153.0,-157.0,-157.0,-152.0,-151.5,-157.0,-155.5,-157.0,-157.0,-157.0,-156.0,-156.0,-156.5,-154.0,-152.5,-152.5,-157.0,-156.5,-156.5,-153.5,-152.5,-157.0,-157.0,-157.0,-157.0,-157.0,-157.0,-157.0,-157.0,-157.0,-157.0,-157.0,-156.0,-152.0,-152.5,-157.0,-156.5,-157.0,-157.0,-157.0,-150.0,-148.5,-152.0,-157.0,-157.0,-157.0,-157.0,-153.5,-153.5,-153.0,-156.0,-155.0,-157.0,-157.0,-157.0,-153.5,-157.0,-156.0,-157.0,-157.0,-155.0,-157.0,-156.5,-157.0,-155.0,-151.5,-152.5,-150.5,-151.5,-157.0,-157.0,-157.0,-157.0,-157.0,-157.0,-156.0,-157.0,-156.0,-157.0,-157.0,-157.0,-157.0,-155.5,-153.0,-152.0,-156.0,-157.0,-157.0,-157.0,-156.5,-153.5,-157.0,-157.0,-154.0,-150.0,-157.0,-155.0,-157.0,-157.0,-153.5,-152.0,-150.5,-156.5,-154.0,-157.0,-151.0,-152.0,-157.0,-157.0,-156.0,-154.5,-155.5,-157.0,-156.0,-157.0,-151.0,-153.5,-155.0,-157.0,-152.0,-157.0,-157.0,-156.0,-152.5,-149.5,-155.0,-157.0,-154.0,-156.5,-153.0,-149.0,-154.0,-155.0,-157.0,-152.0,-149.0,-152.0,-153.5,-152.5,-154.0,-156.5,-157.0,-156.0,-157.0,-154.5,-154.5,-157.0,-151.5,-152.5,-157.0,-153.5,-154.5,-157.0,-157.0,-155.5,-157.0,-151.0,-150.5,-155.0,-157.0,-157.0,-157.0,-157.0,-157.0,-157.0,-148.5,-150.0,-157.0,-157.0,-155.5,-154.5,-156.5,-154.5,-156.0,-157.0,-157.0,-155.5,-155.5,-152.5,-155.5,-157.0,-151.0,-152.5,-157.0,-157.0,-157.0,-157.0,-157.0,-155.5,-157.0,-157.0,-155.0,-156.0,-149.5,-157.0,-155.0,-157.0,-155.5,-154.0,-155.0,-153.0,-152.5,-157.0,-156.0,-155.5,-157.0,-157.0,-157.0,-152.5,-150.0,-154.5,-154.0,-157.0,-157.0,-157.0,-157.0,-157.0,-156.0,-157.0,-157.0,-157.0,-157.0,-157.0,-157.0,-157.0,-157.0,-155.0,-157.0,-157.0,-157.0,-153.0,-157.0,-157.0,-157.0,-157.0,-157.0,-157.0,-156.0,-156.5,-151.5,-155.5,-153.5,-155.0,-157.0,-157.0,-150.0,-150.5,-157.0,-156.5,-155.0,-155.5,-157.0,-154.0,-152.5,-149.5,-149.5,-150.5,-157.0,-157.0,-156.0,-155.0,-154.0,-154.0,-157.0,-157.0,-157.0,-157.0,-157.0,-154.5,-155.5,-156.5,-157.0,-157.0,-157.0,-155.0,-152.0,-156.0,-157.0,-157.0,-157.0,-157.0,-155.5,-154.5,-151.5,-151.0,-151.0,-157.0,-157.0,-157.0,-155.5,-151.5,-151.5,-153.0,-151.0,-153.5,-153.5,-157.0,-155.5,-156.0,-154.5,-155.5,-157.0,-153.5,-157.0,-157.0,-155.0,-156.0,-157.0,-156.0,-157.0,-157.0,-157.0,-157.0,-156.0,-157.0,-157.0,-157.0,-154.5,-153.0,-157.0,-157.0,-154.5,-157.0,-154.0,-152.0,-151.5,-152.0,-154.0,-157.0,-157.0,-153.5,-153.5,-157.0,-157.0,-157.0,-157.0,-156.0,-157.0,-155.5,-152.0,-153.5,-154.5,-155.5,-157.0,-157.0,-156.5,-156.0,-157.0,-157.0,-157.0,-157.0,-157.0,-153.0,-152.5,-155.5,-153.0,-149.5,-152.0,-156.0,-155.5,-157.0,-157.0,-157.0,-156.5,-154.0,-153.0,-151.0,-157.0,-157.0,-157.0,-154.0,-149.0,-152.5,-155.0,-154.5,-157.0,-157.0,-157.0,-157.0,-156.0,-157.0,-157.0,-152.0,-157.0,-157.0,-157.0,-153.5,-155.5,-157.0,-157.0,-157.0,-157.0,-157.0,-156.0,-157.0,-156.5,-157.0,-155.5,-157.0,-154.5,-156.5,-154.5,-149.0,-150.5,-157.0,-157.0,-156.0,-155.0,-157.0,-157.0,-156.0,-157.0,-155.5,-151.0,-153.5,-156.0
2026-01-17 13:48:24.738,143.049967,5,-77,-157.0,-157.0,-157.0,-151.5,-153.5,-156.5,-155.0,-156.0,-157.0,-150.0,-150.0,-155.5,-155.0,-157.0,-157.0,-157.0,-157.0,-157.0,-157.0,-157.0,-157.0,-157.0,-157.0,-157.0,-155.0,-157.0,-157.0,-157.0,-154.5,-157.0,-156.0,-157.0,-157.0,-157.0,-157.0,-151.5,-153.5,-156.5,-153.5,-156.5,-156.5,-150.5,-152.0,-155.5,-157.0,-150.0,-150.0,-151.0,-152.5,-154.0,-154.0,-155.0,-157.0,-151.5,-153.0,-151.5,-154.5,-151.5,-152.0,-156.0,-157.0,-157.0,-150.0,-154.0,-157.0,-157.0,-157.0,-157.0,-154.5,-156.0,-156.5,-153.5,-154.5,-153.5,-155.0,-157.0,-157.0,-157.0,-152.5,-152.5,-157.0,-157.0,-155.0,-153.0,-154.0,-157.0,-157.0,-157.0,-157.0,-157.0,-157.0,-156.0,-151.5,-151.5,-157.0,-156.0,-157.0,-156.0,-157.0,-151.5,-150.5,-154.0,-156.0,-157.0,-157.0,-157.0,-155.0,-157.0,-157.0,-157.0,-155.0,-153.0,-154.0,-157.0,-155.0,-155.0,-154.0,-157.0,-157.0,-155.0,-152.0,-152.0,-157.0,-155.0,-154.5,-155.5,-157.0,-155.0,-153.5,-153.5,-157.0,-157.0,-157.0,-157.0,-151.5,-151.5,-156.0,-154.0,-157.0,-157.0,-156.0,-154.5,-155.0,-152.0,-154.5,-157.0,-157.0,-157.0,-155.0,-152.5,-157.0,-157.0,-155.0,-150.0,-157.0,-156.5,-157.0,-157.0,-153.0,-149.5,-149.5,-150.5,-157.0,-157.0,-151.5,-152.5,-157.0,-157.0,-157.0,-151.0,-150.5,-157.0,-153.0,-153.0,-152.5,-157.0,-156.5,-155.0,-155.5,-157.0,-157.0,-157.0,-153.5,-149.5,-152.0,-154.0,-152.5,-152.0,-152.5,-149.5,-153.5,-157.0,-157.0,-154.0,-151.0,-152.5,-157.0,-150.0,-151.0,-152.5,-157.0,-157.0,-157.0,-157.0,-157.0,-157.0,-153.5,-156.0,-157.0,-152.5,-152.0,-157.0,-154.0,-154.5,-157.0,-153.0,-152.5,-155.0,-155.0,-157.0,-157.0,-157.0,-157.0,-157.0,-150.0,-155.0,-157.0,-157.0,-157.0,-157.0,-155.0,-155.0,-152.5,-157.0,-155.0,-155.0,-155.5,-150.5,-157.0,-155.0,-150.5,-154.5,-157.0,-157.0,-157.0,-157.0,-154.5,-155.5,-157.0,-157.0,-157.0,-150.0,-149.5,-157.0,-157.0,-157.0,-153.5,-154.0,-155.5,-153.5,-151.5,-157.0,-157.0,-155.0,-157.0,-157.0,-156.0,-155.0,-150.0,-153.0,-152.5,-155.0,-157.0,-157.0,-156.5,-156.5,-156.5,-157.0,-157.0,-157.0,-157.0,-157.0,-157.0,-157.0,-157.0,-153.5,-157.0,-157.0,-157.0,-153.5,-157.0,-156.5,-155.5,-157.0,-157.0,-157.0,-157.0,-157.0,-152.0,-156.5,-152.0,-154.0,-157.0,-157.0,-150.0,-148.5,-154.0,-157.0,-157.0,-152.5,-157.0,-156.5,-157.0,-154.0,-157.0,-153.0,-157.0,-156.5,-153.5,-154.0,-157.0,-157.0,-157.0,-156.5,-157.0,-157.0,-157.0,-152.0,-153.5,-156.0,-157.0,-157.0,-157.0,-157.0,-154.0,-155.0,-157.0,-154.5,-157.0,-155.5,-157.0,-157.0,-157.0,-151.5,-154.5,-157.0,-157.0,-157.0,-157.0,-157.0,-154.0,-153.0,-152.0,-157.0,-157.0,-156.0,-152.5,-154.5,-151.5,-154.0,-157.0,-155.0,-155.5,-157.0,-153.5,-155.5,-157.0,-153.5,-157.0,-157.0,-156.5,-157.0,-157.0,-157.0,-157.0,-157.0,-157.0,-156.0,-157.0,-154.0,-151.5,-154.0,-152.5,-152.5,-157.0,-152.0,-154.0,-157.0,-157.0,-156.5,-152.5,-157.0,-157.0,-157.0,-155.5,-156.0,-157.0,-157.0,-156.5,-151.0,-150.5,-153.5,-157.0,-157.0,-153.0,-152.5,-156.0,-153.0,-157.0,-157.0,-157.0,-153.0,-151.0,-151.5,-152.5,-151.5,-151.5,-157.0,-154.0,-154.5,-157.0,-154.5,-152.5,-153.0,-157.0,-155.0,-157.0,-157.0,-157.0,-157.0,-153.5,-153.5,-156.0,-153.5,-154.5,-156.0,-154.0,-156.0,-150.5,-157.0,-155.0,-153.0,-157.0,-157.0,-157.0,-151.5,-151.5,-157.0,-157.0,-157.0,-157.0,-157.0,-157.0,-157.0,-156.0,-157.0,-156.0,-157.0,-156.0,-152.0,-153.0,-151.5,-153.0,-154.5,-157.0,-155.0,-154.0,-157.0,-155.5,-157.0,-157.0,-157.0,-154.5,-154.5,-157.0
2026-01-17 13:48:24.777,143.049967,5,-77,-157.0,-157.0,-154.0,-151.0,-156.5,-155.0,-153.5,-157.0,-157.0,-150.5,-150.0,-154.5,-157.0,-157.0,-157.0,-157.0,-157.0,-157.0,-157.0,-157.0,-157.0,-157.0,-154.5,-156.5,-157.0,-155.5,-154.5,-157.0,-157.0,-157.0,-157.0,-157.0,-157.0,-157.0,-157.0,-154.0,-152.5,-157.0,-157.0,-157.0,-157.0,-151.0,-151.0,-157.0,-157.0,-153.0,-157.0,-157.0,-152.0,-153.5,-157.0,-153.0,-157.0,-152.0,-153.0,-153.5,-154.0,-152.0,-157.0,-157.0,-154.5,-153.5,-151.0,-153.5,-157.0,-157.0,-157.0,-157.0,-156.0,-156.0,-152.0,-151.5,-151.0,-152.0,-157.0,-157.0,-157.0,-155.5,-154.5,-154.5,-157.0,-157.0,-151.5,-150.5,-153.0,-157.0,-157.0,-157.0,-157.0,-155.0,-157.0,-152.5,-151.0,-152.5,-157.0,-157.0,-157.0,-154.0,-155.0,-157.0,-155.5,-151.5,-151.0,-156.5,-157.0,-157.0,-157.0,-154.5,-157.0,-155.0,-153.5,-151.0,-154.0,-157.0,-157.0,-154.0,-152.5,-157.0,-157.0,-157.0,-156.0,-151.5,-155.0,-155.0,-157.0,-157.0,-156.0,-157.0,-156.0,-154.0,-157.0,-157.0,-157.0,-157.0,-152.5,-157.0,-153.0,-150.5,-157.0,-157.0,-152.5,-157.0,-157.0,-154.0,-154.5,-157.0,-157.0,-157.0,-157.0,-152.0,-157.0,-157.0,-153.0,-151.5,-157.0,-156.5,-157.0,-157.0,-157.0,-152.5,-154.0,-152.0,-155.0,-157.0,-154.5,-156.0,-157.0,-157.0,-157.0,-150.0,-151.0,-157.0,-157.0,-156.5,-156.0,-157.0,-157.0,-157.0,-157.0,-156.0,-153.0,-154.5,-156.5,-154.0,-153.0,-157.0,-155.0,-154.0,-153.5,-152.0,-156.5,-153.5,-157.0,-157.0,-155.5,-152.0,-157.0,-153.0,-157.0,-153.5,-157.0,-155.5,-157.0,-157.0,-157.0,-156.5,-157.0,-157.0,-157.0,-153.0,-151.5,-157.0,-157.0,-156.0,-155.0,-157.0,-157.0,-152.5,-151.0,-155.5,-156.5,-157.0,-157.0,-157.0,-153.5,-156.0,-156.0,-157.0,-157.0,-157.0,-153.0,-153.5,-155.0,-154.5,-153.0,-154.5,-157.0,-154.0,-157.0,-157.0,-153.5,-157.0,-157.0,-157.0,-156.5,-155.0,-155.5,-157.0,-157.0,-157.0,-156.5,-148.5,-152.0,-154.0,-156.0,-156.0,-152.5,-153.5,-157.0,-155.0,-155.0,-154.5,-157.0,-153.0,-155.0,-157.0,-154.5,-154.5,-152.0,-155.0,-154.0,-154.0,-157.0,-157.0,-157.0,-157.0,-155.5,-157.0,-156.5,-157.0,-157.0,-157.0,-157.0,-157.0,-155.0,-155.5,-157.0,-157.0,-157.0,-154.0,-157.0,-157.0,-155.5,-154.5,-155.0,-155.0,-157.0,-153.5,-152.0,-157.0,-152.5,-155.5,-156.0,-157.0,-152.5,-151.0,-152.5,-157.0,-157.0,-152.0,-152.0,-156.5,-157.0,-156.5,-157.0,-157.0,-157.0,-153.0,-152.0,-157.0,-157.0,-157.0,-157.0,-156.5,-157.0,-156.5,-155.5,-152.0,-154.5,-157.0,-157.0,-157.0,-155.5,-156.0,-151.0,-151.5,-157.0,-150.5,-152.5,-154.0,-153.5,-157.0,-157.0,-156.5,-157.0,-157.0,-157.0,-157.0,-157.0,-157.0,-157.0,-155.0,-157.0,-157.0,-152.5,-152.0,-155.0,-157.0,-152.5,-154.0,-154.5,-157.0,-157.0,-157.0,-152.5,-154.0,-154.5,-151.0,-157.0,-157.0,-157.0,-157.0,-157.0,-157.0,-156.0,-157.0,-157.0,-156.5,-157.0,-157.0,-154.0,-155.0,-157.0,-155.5,-157.0,-157.0,-157.0,-157.0,-157.0,-157.0,-152.0,-156.5,-154.5,-153.0,-157.0,-156.0,-154.5,-155.0,-157.0,-153.0,-151.0,-154.5,-157.0,-154.5,-157.0,-153.0,-155.5,-150.5,-154.0,-157.0,-157.0,-154.0,-154.5,-152.5,-157.0,-157.0,-151.5,-155.5,-155.5,-153.5,-157.0,-157.0,-156.5,-153.5,-154.0,-157.0,-157.0,-157.0,-157.0,-154.5,-157.0,-153.5,-155.0,-156.5,-155.5,-156.5,-154.0,-150.5,-148.0,-157.0,-157.0,-157.0,-157.0,-156.0,-157.0,-150.0,-151.0,-156.5,-157.0,-157.0,-157.0,-157.0,-156.0,-157.0,-157.0,-157.0,-157.0,-153.5,-152.5,-152.0,-156.0,-157.0,-151.0,-150.5,-157.0,-155.5,-157.0,-157.0,-153.0,-156.0,-157.0,-157.0,-156.0,-156.5,-156.0
2026-01-17 13:48:24.800,143.049967,5,-77,-157.0,-157.0,-155.5,-152.5,-157.0,-157.0,-151.5,-155.0,-157.0,-156.5,-155.5,-157.0,-157.0,-157.0,-157.0,-153.5,-151.0,-153.0,-157.0,-157.0,-157.0,-157.0,-154.5,-157.0,-157.0,-157.0,-152.5,-156.0,-154.0,-153.5,-156.5,-154.5,-155.0,-157.0,-157.0,-157.0,-154.0,-157.0,-157.0,-156.0,-157.0,-157.0,-152.5,-154.5,-156.0,-157.0,-157.0,-156.5,-153.5,-157.0,-157.0,-153.0,-157.0,-154.0,-155.0,-157.0,-152.0,-150.5,-154.5,-157.0,-157.0,-156.0,-155.5,-156.5,-156.0,-157.0,-157.0,-157.0,-157.0,-155.0,-151.5,-154.5,-153.0,-154.5,-157.0,-157.0,-157.0,-151.5,-152.5,-156.0,-157.0,-157.0,-155.5,-157.0,-155.0,-157.0,-157.0,-157.0,-157.0,-150.5,-152.0,-154.0,-154.0,-157.0,-157.0,-157.0,-157.0,-152.5,-154.0,-157.0,-157.0,-153.5,-149.5,-151.5,-157.0,-157.0,-156.0,-152.5,-154.5,-156.0,-152.5,-150.5,-157.0,-157.0,-154.5,-155.5,-150.5,-154.0,-157.0,-157.0,-157.0,-152.5,-151.0,-152.0,-157.0,-152.0,-150.5,-157.0,-157.0,-153.5,-156.5,-157.0,-157.0,-157.0,-155.5,-156.5,-154.0,-150.0,-153.5,-152.5,-151.0,-157.0,-157.0,-154.0,-155.5,-157.0,-156.0,-153.5,-154.5,-154.5,-157.0,-157.0,-153.0,-157.0,-155.0,-155.5,-156.0,-154.0,-156.5,-154.0,-157.0,-157.0,-155.5,-157.0,-157.0,-156.5,-157.0,-157.0,-157.0,-152.0,-157.0,-157.0,-157.0,-157.0,-157.0,-157.0,-154.5,-154.0,-157.0,-156.5,-151.5,-152.0,-154.0,-157.0,-154.5,-157.0,-157.0,-157.0,-154.0,-154.0,-155.0,-150.0,-154.5,-157.0,-156.0,-153.5,-157.0,-155.5,-157.0,-157.0,-157.0,-156.0,-156.5,-156.5,-154.5,-156.0,-157.0,-157.0,-157.0,-153.5,-153.0,-157.0,-154.5,-151.0,-153.0,-157.0,-157.0,-157.0,-154.0,-157.0,-155.0,-157.0,-157.0,-157.0,-157.0,-157.0,-157.0,-157.0,-157.0,-157.0,-151.5,-151.0,-157.0,-154.5,-156.0,-154.5,-157.0,-157.0,-157.0,-157.0,-154.5,-157.0,-157.0,-157.0,-153.5,-156.0,-154.5,-156.0,-157.0,-157.0,-153.0,-150.0,-153.5,-151.0,-152.5,-153.0,-152.5,-155.5,-157.0,-155.0,-155.5,-151.5,-156.0,-155.0,-154.5,-157.0,-153.0,-152.0,-151.0,-152.0,-152.5,-154.0,-157.0,-157.0,-157.0,-157.0,-151.5,-154.0,-152.5,-154.0,-154.0,-156.5,-157.0,-157.0,-154.5,-157.0,-157.0,-153.5,-155.5,-153.5,-154.0,-157.0,-151.0,-149.5,-155.0,-153.0,-157.0,-152.5,-153.0,-157.0,-152.0,-153.5,-154.5,-157.0,-157.0,-156.0,-154.0,-157.0,-155.5,-154.5,-154.0,-157.0,-157.0,-156.0,-157.0,-157.0,-157.0,-155.5,-154.5,-157.0,-157.0,-157.0,-157.0,-154.0,-157.0,-151.0,-149.0,-151.5,-157.0,-157.0,-157.0,-157.0,-157.0,-154.5,-150.5,-152.0,-157.0,-151.0,-152.0,-154.5,-153.0,-157.0,-157.0,-157.0,-155.5,-155.5,-157.0,-157.0,-156.0,-157.0,-157.0,-157.0,-156.0,-157.0,-152.5,-154.0,-157.0,-157.0,-150.5,-151.5,-152.5,-157.0,-153.5,-155.0,-155.0,-157.0,-156.0,-153.5,-157.0,-157.0,-157.0,-157.0,-157.0,-157.0,-155.0,-157.0,-155.5,-153.5,-157.0,-157.0,-153.5,-154.0,-157.0,-157.0,-157.0,-157.0,-157.0,-157.0,-157.0,-150.5,-150.0,-154.5,-151.5,-150.0,-157.0,-154.5,-157.0,-153.0,-157.0,-151.0,-149.0,-151.5,-157.0,-156.5,-157.0,-154.0,-153.5,-151.5,-152.5,-155.0,-153.5,-154.5,-157.0,-157.0,-157.0,-157.0,-151.5,-153.0,-157.0,-156.0,-157.0,-157.0,-157.0,-151.5,-151.0,-157.0,-157.0,-157.0,-153.5,-152.0,-156.5,-155.5,-155.0,-157.0,-157.0,-157.0,-156.0,-152.5,-150.0,-157.0,-157.0,-157.0,-157.0,-154.5,-155.0,-151.0,-153.0,-154.0,-155.0,-157.0,-157.0,-156.5,-153.5,-155.0,-156.0,-157.0,-157.0,-154.5,-153.5,-155.0,-154.5,-157.0,-151.0,-151.5,-151.5,-151.5,-157.0,-157.0,-155.5,-157.0,-157.0,-156.5,-155.0,-155.0,-154.5
2026-01-17 13:48:24.842,143.049967,5,-77,-157.0,-157.0,-157.0,-154.0,-157.0,-154.5,-151.5,-153.0,-157.0,-157.0,-157.0,-156.0,-157.0,-153.0,-155.0,-155.5,-151.0,-156.5,-157.0,-157.0,-157.0,-154.5,-155.0,-157.0,-157.0,-157.0,-153.5,-151.5,-150.5,-150.0,-152.0,-154.0,-156.5,-157.0,-157.0,-157.0,-153.0,-154.0,-155.5,-155.0,-154.5,-157.0,-151.5,-151.5,-154.0,-154.0,-155.5,-157.0,-157.0,-157.0,-157.0,-153.0,-157.0,-151.5,-152.0,-155.5,-156.5,-154.5,-150.5,-157.0,-156.0,-157.0,-156.0,-154.0,-151.5,-154.5,-157.0,-157.0,-157.0,-152.5,-153.0,-155.5,-157.0,-157.0,-157.0,-157.0,-155.5,-152.0,-157.0,-157.0,-157.0,-157.0,-157.0,-157.0,-157.0,-155.0,-155.5,-157.0,-154.0,-154.0,-152.0,-157.0,-155.5,-157.0,-157.0,-157.0,-157.0,-157.0,-157.0,-156.5,-157.0,-157.0,-151.5,-155.0,-157.0,-157.0,-157.0,-152.0,-152.0,-157.0,-154.0,-152.5,-157.0,-152.0,-151.5,-155.0,-149.5,-150.5,-152.5,-154.0,-157.0,-157.0,-153.5,-153.5,-157.0,-150.5,-151.0,-153.5,-157.0,-155.5,-154.5,-157.0,-157.0,-157.0,-157.0,-153.5,-151.5,-153.5,-152.5,-151.5,-153.5,-155.0,-157.0,-155.5,-157.0,-157.0,-154.5,-154.0,-156.5,-157.0,-157.0,-157.0,-154.0,-155.0,-157.0,-157.0,-157.0,-155.5,-157.0,-153.0,-154.5,-155.5,-156.0,-157.0,-155.0,-154.0,-154.0,-155.5,-157.0,-154.0,-157.0,-157.0,-157.0,-157.0,-157.0,-157.0,-152.0,-151.5,-156.0,-156.0,-154.5,-149.5,-151.0,-157.0,-153.5,-152.5,-157.0,-157.0,-157.0,-157.0,-152.5,-149.5,-155.0,-155.0,-155.5,-153.5,-154.0,-152.5,-157.0,-157.0,-157.0,-157.0,-153.5,-151.0,-152.5,-157.0,-157.0,-153.5,-154.5,-155.5,-157.0,-157.0,-149.5,-150.0,-155.5,-157.0,-157.0,-157.0,-156.0,-156.5,-155.0,-157.0,-157.0,-157.0,-154.0,-156.0,-157.0,-157.0,-157.0,-157.0,-153.0,-154.5,-157.0,-157.0,-157.0,-157.0,-156.5,-157.0,-157.0,-157.0,-155.0,-155.5,-157.0,-156.5,-152.5,-155.5,-149.0,-149.5,-157.0,-157.0,-153.5,-155.0,-151.0,-150.0,-157.0,-148.5,-148.0,-154.0,-154.0,-156.0,-151.5,-151.5,-156.5,-157.0,-156.5,-153.0,-152.5,-153.0,-156.5,-153.5,-151.0,-152.0,-152.0,-155.5,-157.0,-157.0,-149.5,-153.5,-153.0,-157.0,-153.0,-157.0,-157.0,-157.0,-153.0,-154.0,-153.5,-152.5,-155.0,-150.5,-150.0,-157.0,-149.5,-150.0,-150.5,-150.5,-157.0,-157.0,-157.0,-157.0,-152.0,-157.0,-156.5,-156.0,-157.0,-155.5,-155.5,-157.0,-153.0,-157.0,-154.0,-157.0,-152.5,-150.5,-156.0,-157.0,-155.0,-156.5,-157.0,-154.0,-156.5,-157.0,-154.5,-152.5,-157.0,-152.0,-150.5,-156.0,-157.0,-155.0,-156.5,-157.0,-154.5,-154.0,-156.0,-154.0,-157.0,-154.0,-156.0,-157.0,-157.0,-155.0,-157.0,-157.0,-155.5,-157.0,-157.0,-157.0,-155.5,-157.0,-155.5,-157.0,-154.0,-152.0,-153.5,-157.0,-157.0,-155.0,-150.0,-152.0,-152.0,-154.5,-151.0,-152.5,-157.0,-157.0,-157.0,-157.0,-157.0,-157.0,-157.0,-157.0,-156.5,-157.0,-153.5,-155.0,-156.0,-154.0,-157.0,-156.5,-152.5,-155.5,-156.5,-157.0,-157.0,-157.0,-154.0,-157.0,-157.0,-151.0,-153.0,-157.0,-150.5,-149.0,-157.0,-151.5,-154.5,-153.5,-155.0,-151.5,-152.0,-155.5,-156.5,-157.0,-157.0,-157.0,-156.0,-157.0,-155.0,-153.0,-152.0,-156.5,-157.0,-157.0,-157.0,-154.5,-154.0,-153.0,-153.5,-152.0,-152.5,-157.0,-157.0,-155.5,-152.5,-157.0,-157.0,-157.0,-154.5,-154.0,-157.0,-155.0,-157.0,-157.0,-157.0,-154.0,-156.5,-157.0,-153.5,-157.0,-154.5,-152.5,-157.0,-155.5,-153.0,-151.0,-151.0,-157.0,-156.0,-153.5,-154.0,-153.0,-156.5,-151.5,-154.5,-157.0,-157.0,-153.0,-156.0,-157.0,-154.0,-157.0,-155.0,-157.0,-151.5,-152.0,-157.0,-155.0,-156.0,-157.0,-157.0,-157.0,-157.0,-157.0,-157.0
2026-01-17 13:48:24.867,143.049967,5,-77,-157.0,-157.0,-157.0,-155.0,-157.0,-154.5,-156.5,-157.0,-157.0,-156.5,-157.0,-157.0,-151.5,-151.0,-155.0,-157.0,-153.5,-156.0,-157.0,-155.5,-157.0,-156.0,-154.5,-153.5,-157.0,-156.0,-157.0,-151.0,-155.5,-152.5,-157.0,-157.0,-157.0,-157.0,-157.0,-157.0,-156.0,-157.0,-154.5,-156.0,-152.0,-157.0,-155.0,-153.5,-154.5,-154.5,-155.0,-157.0,-157.0,-157.0,-157.0,-155.0,-157.0,-150.0,-153.5,-157.0,-157.0,-156.5,-150.5,-157.0,-152.0,-154.5,-155.0,-154.0,-152.0,-154.5,-156.5,-157.0,-157.0,-151.0,-155.5,-154.5,-157.0,-157.0,-157.0,-157.0,-156.0,-155.0,-154.5,-157.0,-157.0,-156.5,-157.0,-157.0,-156.5,-156.5,-157.0,-157.0,-155.5,-157.0,-152.0,-157.0,-153.5,-156.5,-157.0,-157.0,-157.0,-157.0,-157.0,-155.0,-157.0,-157.0,-155.0,-152.0,-153.5,-157.0,-157.0,-154.5,-154.5,-157.0,-154.0,-153.0,-153.5,-149.5,-149.5,-157.0,-152.5,-154.0,-152.0,-151.0,-157.0,-157.0,-154.5,-155.0,-157.0,-152.5,-155.0,-155.0,-157.0,-157.0,-157.0,-157.0,-157.0,-154.0,-154.5,-152.5,-151.5,-157.0,-157.0,-153.0,-157.0,-152.5,-151.0,-155.5,-157.0,-157.0,-153.5,-157.0,-157.0,-156.0,-154.5,-154.5,-157.0,-154.5,-155.0,-157.0,-157.0,-157.0,-156.5,-157.0,-155.5,-157.0,-157.0,-152.5,-150.5,-155.5,-155.0,-154.5,-155.5,-154.0,-157.0,-157.0,-157.0,-157.0,-157.0,-157.0,-152.5,-154.5,-157.0,-156.0,-157.0,-152.5,-151.5,-153.5,-154.5,-151.0,-157.0,-157.0,-157.0,-157.0,-156.0,-154.0,-157.0,-156.5,-152.5,-152.0,-150.5,-150.0,-154.0,-157.0,-155.0,-157.0,-155.0,-153.5,-157.0,-157.0,-156.5,-153.0,-157.0,-157.0,-157.0,-155.5,-152.0,-157.0,-154.0,-157.0,-157.0,-157.0,-156.5,-157.0,-154.5,-157.0,-154.0,-153.0,-150.0,-151.5,-157.0,-156.5,-155.5,-157.0,-156.5,-157.0,-157.0,-157.0,-157.0,-156.0,-153.5,-154.0,-153.5,-157.0,-157.0,-154.0,-154.5,-155.5,-154.0,-156.5,-150.5,-149.0,-153.5,-156.5,-151.5,-154.0,-150.0,-150.0,-156.5,-149.0,-149.0,-157.0,-151.0,-152.5,-153.0,-155.0,-155.0,-157.0,-157.0,-157.0,-153.5,-153.0,-153.5,-155.0,-154.5,-157.0,-151.0,-151.5,-155.5,-157.0,-151.5,-154.0,-154.5,-156.0,-155.5,-157.0,-154.0,-156.0,-157.0,-156.5,-156.5,-156.5,-157.0,-152.0,-152.0,-156.5,-156.0,-157.0,-152.0,-153.5,-155.5,-157.0,-157.0,-157.0,-153.0,-157.0,-157.0,-156.5,-154.5,-157.0,-157.0,-157.0,-153.5,-157.0,-150.5,-151.0,-150.0,-150.0,-157.0,-153.5,-150.0,-151.5,-157.0,-154.5,-152.5,-157.0,-157.0,-151.5,-152.5,-154.5,-154.5,-157.0,-156.5,-157.0,-157.0,-155.5,-155.0,-154.5,-157.0,-153.5,-152.5,-153.5,-157.0,-157.0,-157.0,-156.5,-157.0,-155.5,-154.0,-157.0,-157.0,-157.0,-155.0,-156.0,-154.5,-152.5,-157.0,-155.0,-156.0,-157.0,-156.0,-151.5,-151.5,-154.0,-154.0,-153.0,-155.5,-155.0,-157.0,-157.0,-157.0,-157.0,-157.0,-157.0,-157.0,-157.0,-156.5,-155.0,-155.0,-155.5,-157.0,-157.0,-157.0,-156.0,-157.0,-156.0,-156.5,-157.0,-157.0,-154.0,-152.0,-157.0,-157.0,-155.0,-157.0,-157.0,-152.5,-151.5,-153.0,-151.5,-156.5,-157.0,-152.0,-155.0,-157.0,-157.0,-154.0,-157.0,-157.0,-157.0,-157.0,-157.0,-157.0,-157.0,-157.0,-157.0,-155.0,-152.5,-155.0,-155.0,-157.0,-151.5,-153.0,-151.5,-150.5,-157.0,-157.0,-157.0,-155.5,-156.0,-154.5,-157.0,-157.0,-157.0,-155.5,-153.5,-157.0,-157.0,-154.5,-153.5,-157.0,-157.0,-153.0,-157.0,-153.0,-152.0,-157.0,-155.5,-153.5,-154.5,-154.0,-157.0,-156.5,-153.0,-154.5,-153.0,-155.5,-153.0,-154.5,-156.0,-154.0,-150.5,-153.5,-157.0,-153.5,-157.0,-157.0,-156.0,-152.5,-156.0,-150.0,-152.0,-156.5,-154.0,-154.0,-154.0,-157.0,-157.0,-157.0
2026-01-17 13:48:24.902,143.049967,5,-77,-157.0,-157.0,-156.0,-153.5,-157.0,-157.0,-157.0,-156.5,-155.5,-156.5,-157.0,-157.0,-153.0,-155.5,-156.5,-157.0,-157.0,-156.0,-152.0,-150.5,-157.0,-157.0,-151.0,-151.5,-157.0,-155.0,-155.0,-152.5,-153.0,-155.0,-157.0,-157.0,-157.0,-157.0,-157.0,-157.0,-157.0,-157.0,-157.0,-152.0,-150.5,-156.0,-153.5,-154.5,-154.0,-156.5,-157.0,-156.0,-156.5,-155.5,-156.5,-155.0,-154.0,-151.0,-153.0,-155.0,-157.0,-154.0,-152.5,-155.0,-151.5,-157.0,-155.0,-157.0,-156.5,-157.0,-157.0,-157.0,-157.0,-150.0,-153.0,-152.0,-151.5,-155.0,-157.0,-153.0,-157.0,-153.0,-154.0,-157.0,-157.0,-157.0,-154.5,-154.5,-154.0,-155.5,-157.0,-157.0,-157.0,-157.0,-150.5,-151.5,-156.5,-157.0,-157.0,-157.0,-157.0,-157.0,-157.0,-157.0,-155.0,-154.0,-154.0,-154.0,-153.5,-157.0,-157.0,-157.0,-155.5,-154.0,-151.5,-153.5,-153.0,-151.0,-152.5,-157.0,-156.5,-153.0,-156.0,-154.5,-157.0,-157.0,-152.0,-154.0,-157.0,-152.5,-152.0,-156.5,-157.0,-153.0,-156.5,-157.0,-157.0,-154.5,-155.5,-153.0,-157.0,-154.5,-152.0,-151.0,-154.0,-153.0,-151.5,-157.0,-157.0,-155.5,-153.0,-153.5,-157.0,-157.0,-153.5,-153.5,-157.0,-156.0,-155.0,-153.0,-157.0,-156.0,-154.5,-157.0,-157.0,-157.0,-157.0,-152.5,-149.5,-157.0,-157.0,-156.0,-150.0,-151.0,-157.0,-156.0,-157.0,-157.0,-157.0,-157.0,-156.5,-155.0,-154.5,-153.5,-157.0,-157.0,-157.0,-156.0,-157.0,-152.5,-157.0,-157.0,-156.0,-154.5,-157.0,-157.0,-157.0,-157.0,-152.5,-154.5,-153.0,-154.0,-155.5,-157.0,-152.0,-153.5,-157.0,-157.0,-157.0,-157.0,-157.0,-154.5,-157.0,-157.0,-157.0,-157.0,-157.0,-155.0,-157.0,-157.0,-157.0,-157.0,-156.0,-157.0,-156.0,-156.0,-152.0,-154.0,-153.0,-153.0,-157.0,-157.0,-154.5,-156.5,-157.0,-157.0,-157.0,-155.0,-155.0,-155.5,-153.5,-156.5,-155.5,-157.0,-157.0,-152.0,-150.5,-152.5,-157.0,-157.0,-157.0,-151.5,-154.5,-157.0,-154.0,-157.0,-150.0,-156.0,-152.0,-154.0,-155.0,-155.0,-153.5,-151.0,-152.5,-156.0,-156.5,-156.0,-157.0,-157.0,-156.0,-156.5,-153.0,-157.0,-155.5,-157.0,-156.5,-155.0,-154.0,-153.5,-156.5,-157.0,-155.5,-155.0,-157.0,-155.5,-152.5,-156.5,-157.0,-157.0,-155.5,-157.0,-157.0,-154.0,-157.0,-155.0,-157.0,-157.0,-152.5,-152.5,-150.5,-156.5,-155.5,-157.0,-156.0,-157.0,-157.0,-157.0,-154.0,-157.0,-157.0,-156.0,-155.0,-157.0,-152.0,-149.5,-152.0,-154.5,-157.0,-157.0,-150.5,-153.0,-157.0,-156.5,-154.0,-155.0,-157.0,-150.5,-153.0,-157.0,-157.0,-157.0,-157.0,-157.0,-157.0,-157.0,-157.0,-151.0,-155.0,-157.0,-151.0,-151.0,-157.0,-155.0,-156.5,-157.0,-157.0,-154.5,-154.5,-157.0,-157.0,-157.0,-152.5,-154.0,-157.0,-152.5,-157.0,-157.0,-157.0,-157.0,-157.0,-155.5,-157.0,-155.0,-156.5,-154.5,-157.0,-157.0,-157.0,-157.0,-157.0,-157.0,-157.0,-156.5,-155.0,-157.0,-157.0,-157.0,-156.0,-157.0,-157.0,-157.0,-157.0,-157.0,-156.5,-153.0,-157.0,-157.0,-154.0,-150.0,-150.5,-156.5,-155.5,-153.5,-155.0,-155.0,-157.0,-157.0,-157.0,-155.0,-157.0,-157.0,-153.0,-154.5,-157.0,-157.0,-154.0,-154.5,-155.5,-157.0,-155.5,-154.5,-152.5,-154.5,-157.0,-157.0,-150.0,-150.0,-155.5,-152.5,-152.0,-151.0,-155.0,-157.0,-152.5,-157.0,-157.0,-157.0,-157.0,-151.5,-151.5,-157.0,-157.0,-157.0,-155.5,-154.0,-157.0,-157.0,-156.0,-156.0,-157.0,-156.5,-154.5,-157.0,-156.0,-155.5,-156.0,-157.0,-153.5,-153.5,-157.0,-157.0,-157.0,-156.5,-156.0,-153.5,-157.0,-157.0,-157.0,-156.5,-150.0,-150.5,-151.5,-151.5,-153.5,-154.5,-157.0,-151.0,-151.5,-157.0,-150.5,-152.0,-157.0,-157.0,-152.0,-151.0,-157.0,-156.0,-156.5
2026-01-17 13:48:24.938,143.049967,5,-77,-157.0,-157.0,-152.5,-152.0,-157.0,-157.0,-157.0,-157.0,-157.0,-157.0,-157.0,-157.0,-157.0,-157.0,-154.5,-155.5,-157.0,-153.5,-150.0,-151.5,-157.0,-157.0,-152.5,-156.0,-157.0,-156.0,-155.0,-155.5,-153.0,-157.0,-157.0,-157.0,-157.0,-157.0,-151.0,-151.5,-155.0,-157.0,-155.5,-150.5,-153.5,-154.5,-151.0,-152.0,-154.5,-154.0,-156.0,-154.0,-155.0,-151.5,-153.5,-155.0,-156.0,-153.5,-151.5,-153.5,-156.0,-157.0,-157.0,-154.0,-154.0,-157.0,-155.5,-157.0,-154.0,-155.0,-156.5,-155.0,-157.0,-151.5,-154.0,-153.0,-153.5,-157.0,-156.5,-151.5,-155.5,-149.5,-153.5,-157.0,-157.0,-157.0,-156.5,-155.0,-157.0,-153.0,-152.5,-153.5,-153.0,-157.0,-156.0,-151.5,-157.0,-157.0,-154.5,-154.0,-153.5,-154.5,-157.0,-157.0,-157.0,-156.0,-153.0,-154.0,-157.0,-157.0,-156.5,-157.0,-155.0,-154.5,-153.5,-157.0,-155.5,-152.5,-157.0,-157.0,-157.0,-150.5,-154.5,-157.0,-157.0,-151.5,-154.0,-157.0,-157.0,-154.5,-154.5,-157.0,-154.5,-149.0,-150.5,-157.0,-157.0,-157.0,-157.0,-154.0,-154.5,-157.0,-157.0,-152.0,-153.5,-155.0,-157.0,-157.0,-157.0,-157.0,-153.0,-155.0,-157.0,-157.0,-153.5,-157.0,-157.0,-157.0,-156.5,-154.0,-157.0,-155.5,-157.0,-157.0,-157.0,-157.0,-157.0,-157.0,-152.0,-152.5,-157.0,-157.0,-152.0,-152.0,-157.0,-157.0,-157.0,-157.0,-156.0,-155.0,-157.0,-153.5,-157.0,-153.0,-157.0,-156.5,-157.0,-157.0,-157.0,-152.0,-154.5,-157.0,-155.0,-152.0,-153.0,-157.0,-157.0,-157.0,-153.5,-157.0,-156.0,-157.0,-156.0,-156.0,-155.5,-154.5,-157.0,-157.0,-156.0,-157.0,-157.0,-157.0,-157.0,-154.5,-153.5,-155.5,-156.5,-153.0,-155.0,-157.0,-154.0,-155.0,-154.0,-154.5,-157.0,-157.0,-155.5,-155.0,-157.0,-155.0,-153.5,-156.0,-156.0,-154.5,-154.5,-157.0,-157.0,-153.0,-155.0,-157.0,-157.0,-157.0,-157.0,-157.0,-157.0,-156.5,-151.5,-153.5,-153.5,-157.0,-157.0,-154.5,-157.0,-153.5,-154.0,-154.0,-151.0,-155.0,-156.5,-156.0,-157.0,-157.0,-157.0,-154.5,-153.5,-157.0,-157.0,-155.0,-157.0,-157.0,-155.0,-157.0,-155.0,-157.0,-153.0,-157.0,-157.0,-155.0,-154.0,-156.5,-157.0,-157.0,-153.0,-151.5,-153.0,-154.5,-155.5,-157.0,-157.0,-157.0,-154.5,-155.0,-153.0,-153.0,-156.0,-154.0,-157.0,-157.0,-149.5,-149.0,-151.0,-152.0,-155.0,-157.0,-157.0,-157.0,-157.0,-157.0,-154.0,-157.0,-157.0,-157.0,-157.0,-157.0,-157.0,-153.5,-157.0,-155.0,-154.5,-157.0,-155.5,-157.0,-157.0,-157.0,-156.5,-155.5,-155.0,-148.5,-150.5,-157.0,-157.0,-157.0,-157.0,-156.5,-157.0,-157.0,-153.5,-148.0,-151.0,-156.5,-157.0,-153.0,-157.0,-153.0,-156.5,-154.0,-155.0,-157.0,-157.0,-157.0,-156.0,-157.0,-156.0,-154.0,-155.0,-153.5,-157.0,-156.5,-155.0,-154.0,-155.0,-156.5,-157.0,-154.0,-153.5,-155.0,-157.0,-157.0,-157.0,-157.0,-157.0,-156.0,-156.5,-157.0,-154.0,-157.0,-157.0,-157.0,-154.5,-154.0,-155.0,-157.0,-157.0,-157.0,-150.5,-151.5,-155.0,-156.5,-155.5,-154.5,-154.5,-152.0,-151.5,-153.5,-152.5,-155.0,-157.0,-157.0,-157.0,-155.5,-157.0,-157.0,-157.0,-155.0,-157.0,-157.0,-157.0,-153.0,-152.5,-155.5,-156.0,-157.0,-151.0,-152.0,-154.5,-157.0,-153.0,-157.0,-156.5,-153.0,-150.5,-157.0,-157.0,-157.0,-155.0,-155.0,-157.0,-157.0,-155.5,-153.5,-151.0,-157.0,-157.0,-157.0,-157.0,-156.0,-157.0,-153.0,-154.0,-157.0,-155.5,-156.5,-157.0,-156.5,-156.0,-155.0,-154.5,-157.0,-154.0,-154.5,-155.5,-155.0,-155.0,-154.0,-154.0,-151.0,-154.0,-157.0,-155.0,-151.5,-150.5,-157.0,-151.0,-152.0,-156.5,-156.0,-155.5,-154.0,-154.5,-156.5,-157.0,-157.0,-157.0,-157.0,-154.5,-151.0,-157.0,-157.0,-149.0
2026-01-17 13:48:24.967,143.049967,5,-77,-157.0,-157.0,-156.0,-155.0,-154.5,-156.5,-157.0,-157.0,-157.0,-157.0,-157.0,-157.0,-157.0,-157.0,-153.0,-152.5,-157.0,-154.5,-155.0,-157.0,-157.0,-156.5,-154.0,-157.0,-157.0,-155.5,-155.5,-153.5,-155.5,-155.5,-154.5,-157.0,-157.0,-155.0,-149.5,-151.0,-152.0,-157.0,-152.0,-151.5,-153.0,-156.5,-155.0,-154.0,-156.5,-156.0,-155.0,-153.0,-155.5,-153.0,-154.5,-157.0,-154.0,-151.5,-150.5,-150.5,-153.5,-156.5,-157.0,-155.5,-156.0,-157.0,-157.0,-157.0,-152.0,-156.0,-155.0,-153.0,-152.5,-151.0,-155.0,-154.0,-155.0,-155.0,-157.0,-152.0,-153.5,-149.5,-150.5,-155.5,-157.0,-155.5,-153.5,-156.5,-157.0,-153.5,-152.0,-152.0,-153.5,-157.0,-157.0,-155.5,-157.0,-157.0,-156.0,-157.0,-152.0,-152.0,-157.0,-157.0,-157.0,-157.0,-156.0,-155.0,-157.0,-157.0,-155.5,-152.0,-154.0,-156.5,-157.0,-157.0,-157.0,-154.0,-157.0,-155.0,-153.0,-150.0,-150.5,-156.0,-155.5,-151.0,-156.0,-157.0,-156.5,-157.0,-157.0,-157.0,-151.5,-149.0,-151.5,-157.0,-156.0,-157.0,-157.0,-156.0,-153.5,-157.0,-157.0,-154.0,-156.5,-156.5,-157.0,-157.0,-157.0,-153.5,-151.0,-157.0,-157.0,-157.0,-150.5,-152.0,-154.0,-157.0,-156.0,-157.0,-157.0,-157.0,-157.0,-154.0,-157.0,-157.0,-157.0,-157.0,-157.0,-155.0,-157.0,-157.0,-157.0,-156.5,-157.0,-157.0,-157.0,-157.0,-157.0,-154.0,-156.5,-153.0,-155.0,-154.5,-157.0,-155.5,-157.0,-157.0,-157.0,-152.0,-156.0,-157.0,-154.5,-151.0,-151.5,-155.5,-157.0,-157.0,-153.0,-157.0,-157.0,-157.0,-157.0,-156.5,-156.5,-156.0,-157.0,-157.0,-155.5,-156.5,-157.0,-155.5,-157.0,-153.5,-153.0,-155.5,-151.5,-154.0,-154.0,-157.0,-155.0,-155.5,-153.0,-150.5,-153.5,-157.0,-157.0,-157.0,-157.0,-157.0,-154.0,-155.0,-154.5,-154.5,-157.0,-157.0,-155.0,-152.5,-157.0,-155.0,-157.0,-157.0,-157.0,-152.0,-153.0,-157.0,-153.5,-153.5,-154.5,-157.0,-157.0,-157.0,-153.0,-151.0,-154.0,-156.5,-156.5,-156.0,-157.0,-151.5,-152.5,-157.0,-157.0,-157.0,-157.0,-155.5,-155.5,-155.0,-157.0,-157.0,-151.0,-153.5,-156.5,-155.0,-151.0,-157.0,-156.5,-156.5,-157.0,-157.0,-153.0,-153.0,-156.0,-150.5,-154.0,-157.0,-157.0,-157.0,-157.0,-157.0,-157.0,-153.0,-153.5,-157.0,-157.0,-155.0,-157.0,-151.5,-150.5,-152.5,-153.5,-149.0,-153.5,-157.0,-157.0,-155.0,-156.5,-157.0,-156.5,-157.0,-157.0,-157.0,-157.0,-157.0,-156.0,-154.5,-155.0,-157.0,-155.0,-155.5,-156.0,-157.0,-157.0,-157.0,-154.0,-156.5,-152.0,-150.0,-152.0,-157.0,-157.0,-157.0,-157.0,-157.0,-157.0,-157.0,-151.5,-149.0,-149.5,-153.0,-154.0,-155.0,-156.0,-152.0,-157.0,-152.5,-153.5,-156.5,-156.0,-157.0,-156.0,-157.0,-157.0,-152.5,-150.0,-154.5,-157.0,-156.5,-156.0,-152.0,-152.0,-153.0,-157.0,-153.5,-156.5,-155.0,-156.5,-157.0,-157.0,-157.0,-156.0,-157.0,-157.0,-157.0,-154.0,-157.0,-157.0,-156.0,-157.0,-153.5,-156.0,-157.0,-157.0,-157.0,-152.5,-156.0,-153.0,-157.0,-157.0,-157.0,-154.5,-153.0,-153.5,-157.0,-154.5,-157.0,-157.0,-152.0,-150.0,-151.5,-153.0,-151.5,-153.5,-152.5,-157.0,-157.0,-157.0,-157.0,-155.0,-155.0,-154.0,-157.0,-154.0,-155.5,-153.5,-156.5,-155.5,-157.0,-157.0,-157.0,-153.0,-157.0,-157.0,-155.5,-153.0,-153.0,-157.0,-157.0,-156.0,-155.0,-152.0,-156.0,-157.0,-157.0,-157.0,-154.0,-154.0,-154.0,-154.5,-157.0,-157.0,-157.0,-156.5,-156.0,-157.0,-156.0,-155.5,-155.5,-154.0,-156.0,-156.5,-154.5,-154.0,-154.5,-154.0,-151.0,-150.0,-154.5,-157.0,-152.5,-152.0,-157.0,-154.5,-156.5,-157.0,-157.0,-153.0,-155.5,-157.0,-157.0,-157.0,-157.0,-157.0,-157.0,-157.0,-154.0,-152.5,-157.0,-149.5
2026-01-17 13:48:25.002,143.049967,5,-77,-157.0,-157.0,-157.0,-157.0,-157.0,-156.0,-157.0,-157.0,-157.0,-157.0,-155.0,-157.0,-157.0,-157.0,-155.5,-152.5,-155.0,-155.0,-157.0,-157.0,-157.0,-154.5,-152.5,-154.0,-152.0,-153.5,-157.0,-155.0,-157.0,-157.0,-153.0,-154.0,-157.0,-157.0,-152.5,-157.0,-153.0,-155.0,-151.5,-153.0,-155.0,-156.5,-155.0,-151.5,-152.0,-157.0,-157.0,-154.0,-157.0,-157.0,-154.5,-155.0,-153.5,-150.5,-155.0,-151.0,-157.0,-156.5,-153.0,-154.5,-154.5,-154.0,-157.0,-157.0,-153.0,-155.5,-157.0,-157.0,-156.0,-154.0,-154.0,-157.0,-155.0,-156.5,-157.0,-156.5,-153.0,-153.5,-153.5,-154.5,-153.0,-152.5,-151.5,-157.0,-157.0,-157.0,-157.0,-157.0,-157.0,-157.0,-156.0,-154.0,-155.5,-157.0,-157.0,-157.0,-156.5,-154.5,-157.0,-157.0,-157.0,-157.0,-157.0,-156.0,-157.0,-154.5,-154.0,-150.0,-156.5,-154.5,-157.0,-155.5,-157.0,-155.0,-157.0,-153.0,-151.5,-151.5,-150.0,-154.0,-157.0,-153.0,-156.5,-150.5,-152.0,-157.0,-157.0,-157.0,-151.5,-150.5,-156.5,-157.0,-154.0,-156.0,-157.0,-156.0,-155.5,-154.0,-156.5,-153.5,-154.5,-156.5,-154.0,-155.0,-155.0,-153.5,-152.0,-157.0,-157.0,-157.0,-151.0,-150.5,-149.0,-154.0,-157.0,-157.0,-157.0,-157.0,-152.5,-150.0,-156.0,-157.0,-157.0,-153.0,-156.5,-157.0,-157.0,-157.0,-154.5,-153.5,-157.0,-157.0,-156.5,-157.0,-157.0,-154.0,-154.0,-153.0,-157.0,-157.0,-156.5,-154.0,-157.0,-157.0,-157.0,-153.5,-157.0,-154.5,-152.0,-149.5,-152.0,-154.0,-157.0,-154.5,-152.5,-156.5,-154.5,-155.5,-154.0,-151.5,-150.5,-157.0,-157.0,-156.5,-154.0,-152.5,-153.0,-154.5,-154.5,-152.5,-156.5,-157.0,-152.5,-154.0,-155.0,-157.0,-157.0,-157.0,-151.0,-151.0,-154.5,-156.0,-156.5,-157.0,-157.0,-155.5,-157.0,-153.5,-154.5,-155.5,-157.0,-156.5,-155.0,-154.0,-156.0,-153.5,-157.0,-157.0,-157.0,-150.5,-154.0,-157.0,-157.0,-157.0,-157.0,-157.0,-157.0,-157.0,-153.0,-152.0,-157.0,-157.0,-157.0,-157.0,-154.0,-153.5,-152.0,-157.0,-157.0,-156.0,-156.5,-151.5,-151.5,-153.0,-157.0,-156.0,-150.5,-155.0,-157.0,-152.0,-151.0,-157.0,-157.0,-157.0,-157.0,-157.0,-152.0,-151.0,-157.0,-154.0,-157.0,-157.0,-157.0,-157.0,-157.0,-157.0,-155.5,-154.0,-157.0,-157.0,-157.0,-155.0,-157.0,-154.0,-154.0,-157.0,-153.0,-150.0,-153.5,-157.0,-157.0,-152.5,-154.0,-157.0,-157.0,-157.0,-157.0,-157.0,-157.0,-153.0,-152.0,-154.0,-155.0,-157.0,-157.0,-155.5,-152.5,-156.5,-157.0,-157.0,-154.5,-157.0,-154.5,-153.5,-157.0,-157.0,-157.0,-157.0,-156.5,-152.5,-151.0,-155.5,-153.5,-155.0,-150.5,-152.0,-149.5,-153.5,-152.0,-150.0,-154.5,-154.0,-156.5,-153.5,-157.0,-157.0,-156.0,-155.5,-155.0,-150.5,-148.5,-152.5,-157.0,-157.0,-157.0,-156.0,-155.0,-157.0,-152.5,-153.0,-157.0,-152.0,-153.5,-157.0,-157.0,-156.0,-153.5,-157.0,-157.0,-154.0,-152.5,-156.5,-152.0,-152.0,-157.0,-157.0,-156.5,-157.0,-154.5,-153.0,-156.5,-156.0,-150.5,-153.0,-157.0,-157.0,-155.0,-156.0,-152.5,-154.0,-154.0,-157.0,-155.5,-154.0,-150.0,-152.0,-154.0,-154.0,-150.0,-150.5,-156.0,-157.0,-157.0,-157.0,-153.0,-151.5,-153.0,-157.0,-155.5,-154.0,-156.0,-153.5,-155.5,-157.0,-157.0,-157.0,-153.0,-157.0,-157.0,-155.0,-151.5,-153.5,-157.0,-157.0,-157.0,-154.5,-157.0,-157.0,-156.5,-157.0,-155.5,-152.5,-151.5,-153.0,-153.0,-157.0,-157.0,-157.0,-155.0,-156.0,-157.0,-157.0,-157.0,-157.0,-156.0,-152.5,-154.5,-156.5,-155.0,-157.0,-155.0,-153.0,-152.0,-157.0,-157.0,-157.0,-155.0,-153.5,-154.0,-155.5,-155.0,-157.0,-153.5,-154.5,-156.5,-157.0,-157.0,-155.5,-156.5,-157.0,-157.0,-157.0,-153.0,-155.5,-153.5
2026-01-17 13:48:25.036,143.049967,5,-77,-157.0,-157.0,-153.5,-157.0,-157.0,-157.0,-157.0,-156.5,-156.5,-157.0,-154.0,-155.0,-157.0,-157.0,-156.5,-156.0,-157.0,-157.0,-157.0,-157.0,-157.0,-157.0,-152.5,-157.0,-151.5,-157.0,-153.0,-156.0,-157.0,-157.0,-156.0,-153.0,-157.0,-157.0,-152.0,-157.0,-155.5,-154.0,-155.5,-156.0,-157.0,-157.0,-153.0,-151.5,-151.5,-157.0,-154.5,-154.0,-157.0,-157.0,-154.5,-153.5,-153.0,-152.0,-156.0,-154.0,-157.0,-157.0,-155.5,-154.5,-157.0,-153.5,-157.0,-155.5,-153.5,-152.5,-157.0,-157.0,-157.0,-157.0,-157.0,-157.0,-157.0,-157.0,-156.5,-154.0,-151.5,-157.0,-157.0,-155.0,-155.5,-153.5,-154.5,-157.0,-157.0,-157.0,-157.0,-157.0,-157.0,-157.0,-157.0,-150.0,-150.0,-157.0,-157.0,-153.5,-155.0,-151.0,-157.0,-157.0,-154.0,-155.5,-157.0,-157.0,-156.5,-153.5,-155.5,-152.0,-151.5,-153.5,-156.0,-154.5,-156.5,-156.5,-157.0,-157.0,-154.5,-153.5,-153.5,-157.0,-157.0,-157.0,-157.0,-150.5,-151.0,-157.0,-157.0,-157.0,-155.5,-156.0,-156.0,-153.0,-153.0,-154.5,-152.0,-155.5,-157.0,-152.5,-151.0,-156.0,-153.5,-155.5,-157.0,-153.5,-150.5,-150.5,-153.0,-155.5,-157.0,-153.5,-152.0,-154.5,-150.0,-154.0,-157.0,-154.5,-156.0,-157.0,-152.5,-151.0,-155.5,-157.0,-156.0,-152.0,-154.0,-155.5,-155.0,-151.5,-152.5,-154.5,-154.5,-157.0,-154.0,-157.0,-154.0,-153.0,-157.0,-154.0,-157.0,-153.0,-155.0,-151.5,-157.0,-157.0,-157.0,-154.0,-155.5,-153.0,-153.0,-151.5,-151.5,-153.0,-157.0,-156.0,-155.0,-152.5,-151.0,-156.0,-154.5,-151.0,-152.0,-154.5,-157.0,-156.5,-154.0,-152.5,-157.0,-157.0,-151.5,-150.5,-152.5,-157.0,-156.0,-156.0,-156.5,-157.0,-157.0,-157.0,-153.0,-153.0,-157.0,-155.5,-157.0,-157.0,-155.0,-154.0,-157.0,-150.5,-154.0,-155.0,-155.5,-153.0,-154.5,-157.0,-157.0,-154.0,-157.0,-157.0,-155.0,-151.5,-157.0,-157.0,-157.0,-157.0,-157.0,-157.0,-157.0,-157.0,-155.5,-152.0,-157.0,-157.0,-153.5,-154.5,-155.5,-157.0,-153.0,-157.0,-154.0,-155.5,-151.5,-147.5,-146.5,-151.5,-157.0,-154.5,-153.0,-155.5,-156.5,-154.5,-155.5,-157.0,-157.0,-157.0,-157.0,-157.0,-157.0,-151.5,-156.0,-156.0,-157.0,-156.5,-157.0,-155.5,-157.0,-157.0,-156.0,-157.0,-157.0,-157.0,-154.5,-155.5,-157.0,-157.0,-157.0,-156.5,-157.0,-156.5,-157.0,-157.0,-157.0,-151.5,-152.0,-157.0,-157.0,-157.0,-155.5,-157.0,-157.0,-153.5,-154.0,-157.0,-157.0,-155.0,-157.0,-157.0,-152.0,-153.0,-152.0,-156.0,-157.0,-156.0,-154.5,-157.0,-157.0,-157.0,-157.0,-157.0,-152.0,-149.0,-150.0,-153.5,-157.0,-157.0,-150.5,-154.0,-152.5,-157.0,-157.0,-153.0,-155.0,-154.5,-157.0,-154.5,-157.0,-157.0,-154.0,-157.0,-154.5,-155.0,-153.0,-155.5,-154.5,-157.0,-157.0,-156.0,-155.5,-157.0,-157.0,-156.0,-157.0,-155.0,-154.0,-153.5,-154.5,-156.5,-156.5,-157.0,-157.0,-155.0,-155.0,-157.0,-152.0,-155.5,-157.0,-157.0,-157.0,-157.0,-149.0,-149.5,-157.0,-155.0,-152.0,-153.0,-155.5,-157.0,-157.0,-157.0,-153.5,-157.0,-152.0,-152.0,-153.5,-157.0,-156.0,-157.0,-155.5,-157.0,-154.5,-152.5,-151.5,-157.0,-157.0,-157.0,-150.5,-152.0,-154.0,-157.0,-157.0,-154.5,-153.5,-153.5,-157.0,-157.0,-157.0,-152.5,-152.0,-157.0,-157.0,-157.0,-157.0,-154.5,-157.0,-157.0,-157.0,-155.5,-157.0,-156.5,-157.0,-157.0,-153.0,-156.0,-154.5,-156.5,-150.5,-155.5,-157.0,-157.0,-156.0,-156.5,-156.5,-157.0,-157.0,-157.0,-155.5,-151.0,-154.5,-157.0,-154.5,-157.0,-152.0,-154.0,-155.5,-157.0,-154.5,-155.0,-156.5,-153.5,-154.5,-151.5,-154.0,-157.0,-154.5,-154.5,-156.5,-156.0,-157.0,-153.0,-154.0,-157.0,-157.0,-154.5,-156.5,-157.0,-157.0
2026-01-17 13:48:25.068,143.049967,5,-77,-157.0,-157.0,-151.5,-157.0,-157.0,-157.0,-157.0,-157.0,-155.0,-157.0,-156.0,-153.0,-154.5,-157.0,-157.0,-157.0,-157.0,-157.0,-157.0,-152.0,-157.0,-157.0,-155.0,-157.0,-151.0,-150.5,-150.0,-157.0,-157.0,-157.0,-157.0,-153.0,-156.0,-157.0,-151.5,-153.5,-157.0,-157.0,-157.0,-157.0,-157.0,-157.0,-153.5,-157.0,-155.5,-156.0,-154.5,-155.5,-157.0,-157.0,-156.0,-157.0,-152.0,-155.0,-157.0,-157.0,-157.0,-157.0,-157.0,-157.0,-157.0,-154.0,-153.5,-152.0,-153.5,-154.0,-157.0,-156.0,-157.0,-157.0,-157.0,-156.0,-156.0,-157.0,-155.0,-157.0,-154.0,-157.0,-155.0,-157.0,-157.0,-156.0,-155.0,-155.0,-157.0,-157.0,-157.0,-157.0,-157.0,-153.0,-154.0,-152.5,-150.5,-157.0,-157.0,-156.0,-156.0,-149.0,-151.0,-154.5,-152.5,-157.0,-157.0,-157.0,-156.5,-152.5,-152.0,-153.0,-150.0,-152.0,-154.5,-154.5,-152.5,-157.0,-157.0,-157.0,-157.0,-157.0,-153.5,-155.0,-156.5,-157.0,-157.0,-156.5,-155.0,-157.0,-157.0,-157.0,-157.0,-157.0,-152.0,-149.5,-155.5,-155.0,-148.5,-151.0,-157.0,-157.0,-152.0,-152.5,-153.5,-157.0,-157.0,-157.0,-152.5,-149.5,-151.5,-157.0,-157.0,-154.0,-157.0,-157.0,-152.5,-157.0,-157.0,-152.0,-152.0,-153.5,-157.0,-157.0,-157.0,-157.0,-151.5,-155.0,-157.0,-155.5,-155.5,-150.5,-152.0,-157.0,-157.0,-157.0,-156.5,-156.0,-157.0,-156.5,-157.0,-155.5,-152.5,-150.0,-155.5,-153.0,-157.0,-157.0,-156.5,-153.5,-157.0,-155.5,-157.0,-156.0,-153.5,-154.0,-157.0,-155.5,-153.5,-154.0,-151.5,-155.5,-157.0,-153.5,-153.5,-156.5,-156.5,-153.5,-154.5,-155.5,-157.0,-157.0,-155.5,-153.0,-153.5,-157.0,-157.0,-156.0,-155.0,-157.0,-157.0,-157.0,-157.0,-157.0,-157.0,-156.0,-157.0,-157.0,-156.5,-156.0,-157.0,-151.5,-157.0,-157.0,-156.0,-155.0,-155.5,-157.0,-157.0,-153.0,-157.0,-153.5,-152.5,-153.0,-157.0,-157.0,-157.0,-157.0,-157.0,-157.0,-157.0,-154.5,-153.5,-153.0,-157.0,-155.5,-151.5,-153.5,-157.0,-157.0,-152.5,-155.0,-155.5,-157.0,-154.0,-150.5,-148.5,-153.5,-157.0,-157.0,-157.0,-157.0,-157.0,-157.0,-156.5,-157.0,-156.5,-157.0,-157.0,-157.0,-157.0,-151.0,-154.5,-157.0,-157.0,-157.0,-156.0,-153.5,-157.0,-157.0,-157.0,-157.0,-154.0,-157.0,-157.0,-157.0,-157.0,-157.0,-157.0,-157.0,-157.0,-156.0,-154.0,-156.5,-157.0,-151.5,-150.5,-157.0,-154.0,-154.0,-157.0,-157.0,-157.0,-157.0,-157.0,-157.0,-157.0,-155.0,-157.0,-157.0,-157.0,-157.0,-150.5,-155.0,-157.0,-154.5,-154.0,-157.0,-155.5,-157.0,-157.0,-157.0,-151.0,-149.0,-155.0,-154.5,-157.0,-157.0,-151.5,-150.5,-156.5,-157.0,-157.0,-157.0,-157.0,-154.5,-156.0,-152.5,-157.0,-156.5,-151.5,-153.5,-157.0,-157.0,-157.0,-157.0,-154.0,-156.5,-156.5,-157.0,-156.0,-157.0,-157.0,-156.5,-157.0,-157.0,-157.0,-155.5,-157.0,-157.0,-157.0,-157.0,-156.0,-155.5,-157.0,-157.0,-157.0,-157.0,-156.0,-155.5,-157.0,-156.0,-149.0,-151.0,-157.0,-157.0,-155.0,-154.0,-157.0,-157.0,-157.0,-157.0,-155.5,-156.5,-154.0,-153.0,-157.0,-157.0,-157.0,-157.0,-154.0,-157.0,-157.0,-152.0,-150.0,-157.0,-157.0,-157.0,-153.0,-157.0,-155.5,-157.0,-157.0,-157.0,-154.5,-155.0,-154.0,-155.5,-156.0,-153.5,-156.0,-157.0,-157.0,-157.0,-157.0,-154.5,-156.0,-157.0,-157.0,-157.0,-151.5,-151.5,-157.0,-157.0,-154.5,-157.0,-157.0,-157.0,-150.0,-153.5,-157.0,-157.0,-156.0,-155.5,-157.0,-157.0,-157.0,-153.5,-152.0,-154.0,-156.0,-153.0,-154.5,-157.0,-151.0,-154.5,-157.0,-157.0,-154.5,-156.0,-156.5,-154.5,-153.0,-154.0,-156.5,-157.0,-151.5,-152.5,-154.5,-156.0,-157.0,-154.5,-157.0,-157.0,-157.0,-152.0,-156.5,-157.0,-157.0
2026-01-17 13:48:25.102,143.049967,5,-77,-157.0,-157.0,-150.0,-151.5,-157.0,-157.0,-156.0,-156.5,-153.0,-154.5,-157.0,-156.0,-154.0,-154.5,-157.0,-157.0,-157.0,-157.0,-156.0,-152.0,-155.5,-157.0,-153.0,-151.5,-152.0,-154.0,-154.5,-157.0,-155.5,-157.0,-157.0,-153.5,-155.5,-157.0,-154.0,-152.0,-157.0,-157.0,-157.0,-157.0,-155.0,-151.5,-153.0,-157.0,-157.0,-157.0,-157.0,-157.0,-157.0,-157.0,-157.0,-157.0,-154.5,-157.0,-157.0,-157.0,-157.0,-157.0,-157.0,-157.0,-157.0,-155.0,-155.5,-154.0,-157.0,-154.5,-156.5,-152.5,-156.5,-157.0,-157.0,-157.0,-155.5,-155.5,-152.5,-157.0,-157.0,-157.0,-155.0,-157.0,-154.0,-154.0,-153.5,-151.5,-157.0,-157.0,-157.0,-157.0,-154.0,-151.5,-155.0,-156.0,-153.5,-157.0,-155.5,-157.0,-157.0,-151.0,-150.0,-153.5,-153.5,-157.0,-155.0,-153.5,-153.0,-153.0,-154.0,-153.5,-152.0,-156.0,-153.5,-157.0,-153.5,-157.0,-154.5,-155.0,-157.0,-157.0,-153.0,-157.0,-157.0,-157.0,-157.0,-157.0,-157.0,-157.0,-157.0,-157.0,-157.0,-156.5,-156.5,-150.5,-155.5,-151.5,-151.0,-151.5,-157.0,-157.0,-156.0,-153.5,-157.0,-157.0,-157.0,-157.0,-154.5,-152.5,-154.0,-157.0,-157.0,-154.5,-156.5,-156.5,-153.5,-152.5,-157.0,-152.5,-152.5,-150.5,-157.0,-157.0,-157.0,-157.0,-150.5,-157.0,-157.0,-157.0,-157.0,-153.5,-154.0,-154.5,-157.0,-157.0,-157.0,-157.0,-157.0,-157.0,-157.0,-157.0,-154.5,-150.0,-154.5,-156.0,-157.0,-157.0,-154.0,-153.0,-155.5,-155.5,-157.0,-157.0,-153.5,-153.0,-156.5,-151.5,-151.0,-155.5,-155.0,-157.0,-154.0,-149.5,-150.5,-157.0,-156.5,-156.0,-155.5,-157.0,-154.5,-151.0,-151.5,-157.0,-157.0,-155.0,-154.5,-150.0,-150.5,-157.0,-157.0,-157.0,-157.0,-157.0,-156.5,-155.5,-156.5,-157.0,-157.0,-157.0,-157.0,-156.0,-157.0,-157.0,-156.5,-157.0,-157.0,-156.0,-156.5,-153.0,-155.5,-154.5,-152.0,-157.0,-155.5,-157.0,-157.0,-157.0,-156.0,-157.0,-153.5,-153.0,-157.0,-155.5,-157.0,-157.0,-154.0,-153.0,-157.0,-154.0,-151.0,-154.5,-157.0,-153.0,-153.5,-157.0,-154.0,-157.0,-156.0,-156.0,-157.0,-157.0,-157.0,-157.0,-156.0,-157.0,-153.0,-152.5,-157.0,-157.0,-157.0,-152.0,-157.0,-157.0,-157.0,-157.0,-156.5,-149.5,-151.0,-157.0,-157.0,-154.5,-153.0,-156.5,-157.0,-156.0,-157.0,-157.0,-157.0,-157.0,-154.5,-152.5,-153.0,-157.0,-157.0,-155.0,-151.5,-157.0,-152.5,-152.0,-157.0,-155.0,-157.0,-157.0,-157.0,-157.0,-157.0,-156.0,-157.0,-153.0,-157.0,-155.0,-153.0,-154.5,-157.0,-157.0,-156.0,-157.0,-155.0,-157.0,-157.0,-157.0,-152.5,-150.5,-157.0,-157.0,-157.0,-157.0,-157.0,-150.5,-152.5,-157.0,-157.0,-157.0,-154.5,-154.0,-154.5,-150.5,-151.5,-155.0,-153.0,-153.5,-155.0,-157.0,-157.0,-157.0,-155.0,-157.0,-157.0,-157.0,-157.0,-156.5,-154.0,-154.0,-154.0,-152.0,-157.0,-157.0,-157.0,-157.0,-157.0,-155.5,-153.0,-154.5,-157.0,-155.5,-157.0,-157.0,-152.0,-152.0,-154.0,-155.5,-152.5,-156.0,-157.0,-155.5,-153.0,-155.0,-155.5,-156.5,-157.0,-157.0,-155.0,-157.0,-157.0,-157.0,-157.0,-157.0,-157.0,-154.0,-154.0,-157.0,-155.5,-152.5,-152.0,-157.0,-157.0,-156.5,-154.5,-157.0,-157.0,-152.0,-152.0,-157.0,-157.0,-157.0,-156.0,-157.0,-156.0,-157.0,-153.0,-153.0,-157.0,-157.0,-157.0,-157.0,-157.0,-157.0,-157.0,-157.0,-153.5,-155.5,-157.0,-157.0,-157.0,-157.0,-157.0,-155.0,-151.0,-154.0,-157.0,-157.0,-157.0,-155.0,-157.0,-157.0,-157.0,-156.0,-154.5,-155.0,-156.0,-154.5,-157.0,-157.0,-151.5,-153.5,-157.0,-157.0,-157.0,-157.0,-155.5,-157.0,-154.5,-157.0,-157.0,-157.0,-150.0,-150.0,-153.5,-157.0,-157.0,-157.0,-157.0,-157.0,-157.0,-152.0,-157.0,-157.0,-157.0
2026-01-17 13:48:25.141,143.049967,5,-77,-157.0,-157.0,-150.5,-154.0,-157.0,-157.0,-155.5,-156.5,-152.5,-157.0,-157.0,-157.0,-155.5,-150.5,-152.5,-157.0,-157.0,-157.0,-157.0,-157.0,-155.0,-157.0,-153.0,-151.0,-153.0,-157.0,-157.0,-157.0,-155.0,-157.0,-157.0,-154.5,-153.0,-157.0,-154.5,-153.5,-157.0,-157.0,-157.0,-157.0,-157.0,-153.5,-157.0,-157.0,-154.5,-157.0,-157.0,-157.0,-157.0,-157.0,-157.0,-157.0,-155.0,-155.5,-157.0,-157.0,-155.5,-157.0,-157.0,-157.0,-157.0,-156.0,-157.0,-156.5,-157.0,-155.0,-157.0,-152.0,-155.5,-157.0,-157.0,-157.0,-157.0,-155.0,-153.5,-155.0,-156.5,-157.0,-157.0,-156.5,-154.5,-157.0,-157.0,-153.5,-157.0,-157.0,-157.0,-155.5,-151.5,-151.5,-157.0,-157.0,-157.0,-157.0,-157.0,-157.0,-157.0,-157.0,-149.5,-152.0,-157.0,-157.0,-151.0,-150.5,-156.0,-154.0,-157.0,-157.0,-154.0,-153.5,-151.5,-157.0,-153.5,-157.0,-152.0,-156.5,-157.0,-157.0,-153.0,-157.0,-157.0,-157.0,-156.0,-157.0,-156.5,-157.0,-156.0,-155.0,-157.0,-153.5,-156.5,-153.5,-152.5,-157.0,-157.0,-157.0,-157.0,-157.0,-157.0,-157.0,-156.5,-152.0,-153.0,-157.0,-155.0,-154.0,-155.5,-156.0,-155.5,-154.0,-155.0,-157.0,-157.0,-151.5,-152.0,-151.0,-154.0,-150.5,-157.0,-157.0,-156.5,-155.5,-151.0,-157.0,-157.0,-157.0,-156.5,-157.0,-156.5,-154.0,-155.0,-157.0,-157.0,-157.0,-154.5,-152.5,-157.0,-157.0,-156.5,-153.5,-157.0,-157.0,-157.0,-157.0,-157.0,-156.5,-155.0,-152.5,-156.0,-156.5,-157.0,-155.5,-157.0,-156.5,-155.5,-155.0,-153.5,-157.0,-153.5,-150.0,-154.0,-155.5,-156.5,-157.0,-157.0,-157.0,-155.0,-149.5,-151.0,-154.0,-157.0,-156.0,-157.0,-151.5,-151.0,-156.5,-157.0,-157.0,-157.0,-157.0,-157.0,-156.0,-155.5,-157.0,-157.0,-157.0,-157.0,-157.0,-157.0,-154.5,-154.0,-157.0,-157.0,-152.5,-155.5,-156.5,-156.5,-156.5,-154.5,-157.0,-156.5,-157.0,-157.0,-157.0,-156.5,-157.0,-155.5,-157.0,-157.0,-157.0,-157.0,-156.5,-157.0,-157.0,-156.0,-156.0,-151.5,-154.5,-155.5,-155.5,-153.5,-157.0,-157.0,-157.0,-157.0,-157.0,-157.0,-157.0,-157.0,-157.0,-156.5,-157.0,-153.0,-153.0,-157.0,-157.0,-155.5,-152.5,-157.0,-157.0,-157.0,-157.0,-157.0,-149.0,-150.5,-157.0,-157.0,-157.0,-157.0,-157.0,-157.0,-157.0,-157.0,-157.0,-157.0,-154.5,-150.5,-154.5,-157.0,-157.0,-157.0,-156.5,-154.0,-155.0,-154.5,-156.0,-157.0,-153.0,-157.0,-157.0,-157.0,-155.0,-157.0,-157.0,-155.0,-149.5,-156.5,-153.5,-157.0,-157.0,-157.0,-157.0,-156.0,-157.0,-154.0,-155.5,-154.5,-157.0,-156.0,-154.5,-157.0,-157.0,-154.0,-153.5,-156.0,-151.5,-150.5,-157.0,-157.0,-157.0,-157.0,-155.0,-157.0,-154.0,-154.0,-156.5,-157.0,-157.0,-154.0,-157.0,-157.0,-157.0,-157.0,-157.0,-157.0,-157.0,-157.0,-157.0,-157.0,-157.0,-151.5,-148.5,-157.0,-157.0,-157.0,-157.0,-157.0,-152.5,-156.0,-154.0,-157.0,-156.0,-152.0,-153.5,-154.5,-156.0,-154.5,-157.0,-157.0,-154.5,-151.0,-152.5,-152.5,-156.5,-151.0,-157.0,-157.0,-157.0,-157.0,-154.5,-157.0,-157.0,-157.0,-154.0,-157.0,-153.0,-157.0,-157.0,-155.5,-157.0,-157.0,-156.0,-157.0,-153.0,-154.5,-157.0,-156.5,-150.5,-151.5,-157.0,-154.5,-156.5,-157.0,-157.0,-157.0,-157.0,-154.5,-153.0,-157.0,-155.0,-155.5,-155.0,-152.5,-152.5,-157.0,-156.0,-155.5,-157.0,-157.0,-157.0,-157.0,-157.0,-157.0,-153.5,-153.5,-157.0,-157.0,-157.0,-157.0,-152.5,-155.0,-157.0,-157.0,-157.0,-157.0,-152.5,-152.5,-157.0,-157.0,-155.0,-154.0,-155.0,-155.5,-156.5,-157.0,-157.0,-155.0,-157.0,-155.0,-157.0,-156.5,-156.5,-154.5,-150.5,-155.0,-157.0,-157.0,-157.0,-157.0,-154.5,-154.0,-152.5,-157.0,-157.0,-157.0
2026-01-17 13:48:25.168,143.049967,5,-77,-157.0,-157.0,-155.0,-157.0,-157.0,-157.0,-154.0,-152.5,-152.0,-157.0,-157.0,-157.0,-156.5,-151.5,-153.5,-153.0,-157.0,-157.0,-157.0,-156.5,-155.0,-157.0,-157.0,-156.5,-154.0,-154.5,-157.0,-157.0,-153.5,-157.0,-157.0,-157.0,-152.5,-157.0,-155.5,-155.0,-157.0,-157.0,-157.0,-157.0,-157.0,-155.5,-157.0,-157.0,-153.0,-155.5,-157.0,-157.0,-155.5,-157.0,-156.0,-157.0,-154.0,-153.5,-154.0,-155.0,-151.5,-155.5,-157.0,-156.5,-156.5,-153.0,-154.5,-153.5,-156.5,-153.0,-157.0,-154.0,-155.5,-157.0,-157.0,-157.0,-157.0,-157.0,-157.0,-154.0,-153.5,-157.0,-156.5,-155.0,-157.0,-157.0,-154.0,-157.0,-156.0,-155.5,-157.0,-152.5,-153.0,-153.0,-157.0,-157.0,-157.0,-157.0,-157.0,-157.0,-157.0,-157.0,-151.0,-155.5,-157.0,-155.5,-152.5,-151.0,-157.0,-153.5,-155.0,-153.5,-155.5,-151.0,-149.0,-156.5,-155.0,-156.0,-152.5,-155.5,-157.0,-156.5,-153.0,-153.5,-157.0,-157.0,-154.5,-155.5,-156.5,-156.0,-157.0,-154.0,-154.5,-152.0,-152.5,-153.0,-153.5,-157.0,-157.0,-157.0,-157.0,-157.0,-157.0,-157.0,-157.0,-152.5,-154.5,-157.0,-157.0,-154.5,-156.0,-154.0,-150.5,-155.0,-154.5,-154.0,-154.5,-151.5,-152.0,-152.5,-151.5,-153.5,-157.0,-157.0,-156.5,-154.5,-151.5,-157.0,-157.0,-157.0,-156.5,-157.0,-157.0,-157.0,-152.5,-154.0,-156.5,-157.0,-153.0,-153.0,-157.0,-154.0,-157.0,-157.0,-157.0,-157.0,-157.0,-157.0,-157.0,-157.0,-155.5,-151.0,-156.0,-153.5,-155.5,-157.0,-156.5,-157.0,-157.0,-152.0,-152.5,-157.0,-153.0,-153.0,-157.0,-154.5,-156.5,-154.5,-156.5,-157.0,-157.0,-153.5,-157.0,-153.5,-153.5,-153.0,-157.0,-157.0,-155.0,-152.0,-152.5,-157.0,-157.0,-156.0,-157.0,-151.0,-150.0,-151.5,-154.0,-157.0,-156.0,-157.0,-157.0,-157.0,-156.5,-155.5,-157.0,-153.5,-155.5,-157.0,-155.0,-150.5,-153.5,-157.0,-157.0,-157.0,-157.0,-157.0,-157.0,-157.0,-157.0,-157.0,-157.0,-157.0,-157.0,-154.5,-157.0,-157.0,-154.5,-157.0,-153.5,-157.0,-152.5,-154.5,-153.0,-155.5,-155.0,-157.0,-157.0,-157.0,-157.0,-157.0,-157.0,-157.0,-157.0,-157.0,-156.0,-155.0,-157.0,-157.0,-153.5,-155.5,-157.0,-157.0,-157.0,-157.0,-157.0,-151.5,-151.5,-157.0,-157.0,-157.0,-157.0,-157.0,-157.0,-155.0,-156.0,-157.0,-157.0,-150.0,-148.5,-157.0,-157.0,-157.0,-157.0,-157.0,-154.5,-157.0,-153.0,-155.5,-157.0,-154.5,-156.5,-157.0,-157.0,-154.5,-155.5,-157.0,-152.0,-148.0,-157.0,-154.0,-157.0,-157.0,-157.0,-157.0,-155.0,-157.0,-155.5,-156.5,-155.0,-154.0,-153.0,-157.0,-157.0,-157.0,-156.0,-154.5,-152.5,-153.5,-152.5,-157.0,-157.0,-157.0,-157.0,-157.0,-157.0,-157.0,-156.0,-153.5,-155.0,-155.5,-155.5,-157.0,-157.0,-157.0,-157.0,-157.0,-157.0,-157.0,-157.0,-157.0,-157.0,-157.0,-154.5,-149.0,-157.0,-157.0,-157.0,-157.0,-155.5,-153.0,-157.0,-154.5,-157.0,-157.0,-151.0,-152.5,-156.0,-157.0,-155.0,-157.0,-157.0,-152.0,-152.0,-152.5,-152.5,-154.5,-149.0,-157.0,-157.0,-157.0,-156.0,-152.0,-156.0,-157.0,-155.5,-153.0,-157.0,-152.5,-155.0,-157.0,-157.0,-157.0,-157.0,-156.0,-157.0,-151.0,-152.0,-157.0,-157.0,-154.0,-156.0,-151.0,-150.0,-155.5,-157.0,-157.0,-155.5,-157.0,-156.5,-154.0,-153.5,-152.0,-157.0,-157.0,-150.0,-152.0,-157.0,-157.0,-157.0,-153.0,-156.5,-157.0,-155.5,-157.0,-157.0,-154.5,-155.5,-157.0,-156.5,-157.0,-157.0,-152.5,-153.5,-157.0,-157.0,-157.0,-157.0,-153.0,-157.0,-157.0,-157.0,-153.0,-153.5,-154.0,-155.0,-154.5,-155.0,-157.0,-153.5,-152.5,-152.0,-157.0,-156.5,-157.0,-152.5,-152.0,-157.0,-157.0,-157.0,-157.0,-157.0,-156.0,-157.0,-153.5,-157.0,-157.0,-157.0
2026-01-17 13:48:25.201,143.049967,5,-77,-157.0,-157.0,-157.0,-153.5,-157.0,-157.0,-157.0,-154.0,-152.0,-156.5,-157.0,-157.0,-154.0,-152.0,-157.0,-154.0,-157.0,-157.0,-155.0,-156.5,-157.0,-155.0,-157.0,-155.0,-152.5,-155.5,-153.5,-153.0,-153.0,-157.0,-157.0,-157.0,-154.0,-157.0,-155.0,-157.0,-157.0,-157.0,-157.0,-157.0,-157.0,-157.0,-156.5,-157.0,-157.0,-155.5,-156.0,-155.0,-155.0,-157.0,-153.0,-154.0,-154.5,-156.5,-151.5,-150.0,-148.5,-152.5,-154.0,-155.5,-156.0,-153.0,-154.5,-154.5,-154.0,-151.0,-157.0,-156.5,-154.5,-156.5,-157.0,-157.0,-157.0,-153.0,-153.5,-157.0,-156.5,-157.0,-153.0,-155.0,-157.0,-154.0,-151.0,-157.0,-154.0,-157.0,-157.0,-157.0,-157.0,-155.5,-157.0,-157.0,-157.0,-157.0,-157.0,-157.0,-157.0,-157.0,-153.5,-156.5,-157.0,-153.0,-152.0,-154.0,-157.0,-155.0,-154.0,-156.0,-157.0,-153.5,-151.5,-154.0,-157.0,-157.0,-156.5,-157.0,-157.0,-157.0,-157.0,-154.0,-157.0,-157.0,-153.5,-157.0,-157.0,-157.0,-157.0,-157.0,-156.0,-155.5,-156.0,-152.5,-155.0,-156.0,-157.0,-157.0,-157.0,-157.0,-157.0,-157.0,-157.0,-157.0,-156.0,-157.0,-157.0,-157.0,-157.0,-154.0,-149.5,-152.0,-154.5,-154.5,-150.5,-153.0,-155.5,-154.5,-153.0,-157.0,-157.0,-157.0,-157.0,-157.0,-156.0,-157.0,-157.0,-157.0,-156.5,-153.5,-157.0,-157.0,-154.0,-151.5,-157.0,-157.0,-154.0,-156.5,-155.0,-152.5,-154.0,-157.0,-157.0,-157.0,-157.0,-157.0,-157.0,-157.0,-157.0,-151.5,-156.5,-154.0,-155.5,-157.0,-155.5,-156.5,-155.5,-153.0,-153.5,-157.0,-157.0,-156.0,-154.5,-153.5,-157.0,-154.0,-154.0,-157.0,-157.0,-154.5,-157.0,-156.0,-154.5,-151.5,-154.5,-157.0,-154.0,-155.0,-155.0,-156.5,-154.0,-153.5,-153.5,-153.0,-150.5,-151.0,-156.0,-157.0,-155.5,-157.0,-157.0,-157.0,-157.0,-155.5,-157.0,-157.0,-157.0,-157.0,-154.5,-149.5,-152.0,-157.0,-155.5,-156.0,-157.0,-156.5,-157.0,-157.0,-157.0,-157.0,-154.5,-157.0,-157.0,-153.0,-156.0,-157.0,-154.5,-157.0,-157.0,-151.0,-151.0,-153.0,-152.0,-151.0,-152.5,-157.0,-157.0,-157.0,-157.0,-157.0,-155.0,-157.0,-155.0,-155.5,-154.0,-152.5,-154.5,-153.0,-151.0,-157.0,-157.0,-157.0,-155.0,-155.0,-155.0,-152.0,-153.5,-157.0,-157.0,-157.0,-157.0,-157.0,-155.0,-150.0,-151.5,-155.5,-157.0,-151.0,-150.0,-157.0,-157.0,-157.0,-157.0,-157.0,-154.0,-153.0,-153.0,-154.5,-157.0,-157.0,-157.0,-156.0,-155.5,-156.5,-155.0,-154.5,-149.5,-149.0,-157.0,-156.5,-155.5,-155.5,-157.0,-157.0,-157.0,-157.0,-154.5,-156.0,-157.0,-157.0,-152.0,-157.0,-157.0,-157.0,-155.5,-153.5,-152.0,-157.0,-157.0,-156.5,-154.5,-157.0,-157.0,-157.0,-157.0,-157.0,-157.0,-152.0,-151.5,-154.5,-157.0,-152.5,-156.5,-153.5,-154.0,-151.5,-156.0,-157.0,-157.0,-157.0,-157.0,-157.0,-152.5,-151.0,-155.0,-157.0,-157.0,-157.0,-154.0,-153.5,-157.0,-157.0,-155.5,-155.5,-155.0,-157.0,-153.0,-153.5,-152.5,-153.5,-155.0,-151.5,-152.5,-153.0,-155.0,-154.5,-147.0,-149.5,-156.5,-157.0,-154.0,-152.0,-155.5,-153.5,-156.5,-153.0,-153.5,-153.5,-155.5,-157.0,-157.0,-157.0,-157.0,-154.5,-155.5,-153.0,-152.5,-157.0,-157.0,-156.0,-154.5,-151.0,-150.0,-157.0,-154.0,-157.0,-154.0,-156.0,-154.0,-157.0,-157.0,-154.0,-157.0,-157.0,-151.5,-157.0,-157.0,-157.0,-156.0,-153.0,-152.0,-157.0,-156.0,-154.5,-157.0,-154.5,-157.0,-157.0,-157.0,-157.0,-156.5,-157.0,-157.0,-157.0,-157.0,-157.0,-154.5,-151.5,-157.0,-157.0,-157.0,-157.0,-153.0,-153.5,-157.0,-153.5,-155.0,-157.0,-155.0,-156.0,-154.0,-157.0,-156.5,-157.0,-150.5,-154.5,-157.0,-157.0,-157.0,-157.0,-154.0,-154.5,-157.0,-157.0,-157.0,-156.5,-157.0
2026-01-17 13:48:25.235,143.049967,5,-77,-157.0,-157.0,-155.5,-152.0,-156.5,-157.0,-157.0,-157.0,-155.0,-154.5,-157.0,-157.0,-154.0,-155.0,-157.0,-156.0,-157.0,-157.0,-154.5,-157.0,-156.5,-153.5,-157.0,-156.0,-154.0,-157.0,-152.0,-154.5,-157.0,-157.0,-157.0,-156.5,-157.0,-155.0,-157.0,-157.0,-157.0,-155.0,-153.5,-157.0,-157.0,-157.0,-157.0,-156.5,-155.0,-153.5,-157.0,-157.0,-156.5,-157.0,-154.5,-152.0,-154.0,-156.5,-153.0,-153.5,-151.0,-157.0,-155.0,-154.0,-155.5,-157.0,-157.0,-156.0,-155.5,-153.0,-157.0,-157.0,-156.5,-157.0,-157.0,-157.0,-157.0,-152.5,-151.0,-157.0,-157.0,-155.5,-153.5,-152.5,-157.0,-152.5,-151.0,-157.0,-155.0,-157.0,-152.0,-156.0,-156.5,-156.5,-157.0,-157.0,-156.5,-157.0,-157.0,-157.0,-157.0,-157.0,-155.5,-157.0,-157.0,-155.5,-152.0,-157.0,-154.5,-154.0,-157.0,-157.0,-157.0,-157.0,-150.0,-149.5,-157.0,-157.0,-157.0,-157.0,-157.0,-157.0,-157.0,-153.5,-156.5,-153.5,-150.5,-156.5,-157.0,-156.0,-157.0,-157.0,-157.0,-157.0,-157.0,-155.5,-156.0,-157.0,-157.0,-157.0,-157.0,-157.0,-157.0,-157.0,-156.5,-157.0,-155.5,-157.0,-155.5,-155.0,-157.0,-157.0,-152.5,-151.5,-156.0,-154.0,-151.5,-157.0,-155.0,-153.5,-154.5,-154.5,-157.0,-157.0,-156.5,-157.0,-153.5,-155.0,-157.0,-157.0,-157.0,-152.5,-155.5,-157.0,-154.5,-151.5,-157.0,-156.5,-157.0,-155.5,-157.0,-154.5,-157.0,-157.0,-157.0,-157.0,-157.0,-156.0,-157.0,-157.0,-157.0,-153.5,-156.5,-155.5,-156.0,-157.0,-157.0,-157.0,-157.0,-157.0,-155.5,-157.0,-157.0,-154.0,-154.0,-155.5,-153.5,-157.0,-155.0,-157.0,-157.0,-157.0,-153.5,-157.0,-157.0,-154.0,-157.0,-157.0,-152.5,-157.0,-157.0,-151.5,-150.5,-154.0,-156.0,-153.5,-157.0,-156.0,-156.0,-155.0,-153.0,-157.0,-157.0,-157.0,-157.0,-157.0,-157.0,-157.0,-157.0,-157.0,-155.5,-151.0,-151.0,-157.0,-153.5,-153.5,-157.0,-157.0,-157.0,-157.0,-157.0,-157.0,-156.5,-157.0,-156.0,-155.5,-157.0,-157.0,-156.0,-156.0,-157.0,-152.0,-155.5,-157.0,-151.5,-150.0,-152.0,-157.0,-157.0,-154.5,-156.5,-156.0,-152.0,-157.0,-152.5,-154.0,-153.0,-151.0,-155.0,-150.5,-151.0,-157.0,-157.0,-157.0,-152.0,-150.5,-156.0,-151.0,-153.0,-157.0,-157.0,-154.0,-153.0,-153.5,-155.0,-149.5,-154.5,-157.0,-157.0,-154.5,-155.0,-157.0,-157.0,-157.0,-157.0,-157.0,-154.0,-152.5,-157.0,-153.5,-154.0,-157.0,-155.0,-154.0,-156.0,-157.0,-152.5,-151.5,-152.0,-152.5,-157.0,-157.0,-154.5,-157.0,-157.0,-157.0,-157.0,-157.0,-157.0,-153.0,-157.0,-155.0,-151.0,-157.0,-155.0,-157.0,-153.0,-153.0,-154.0,-157.0,-157.0,-157.0,-153.5,-155.5,-156.5,-157.0,-157.0,-157.0,-157.0,-155.5,-157.0,-155.5,-156.5,-149.5,-152.5,-154.5,-151.5,-150.0,-154.0,-155.5,-157.0,-157.0,-157.0,-157.0,-156.0,-157.0,-156.5,-155.0,-156.0,-157.0,-157.0,-156.0,-157.0,-157.0,-156.0,-155.5,-157.0,-157.0,-155.0,-153.0,-153.0,-152.5,-157.0,-153.0,-149.0,-150.0,-157.0,-153.5,-150.0,-151.0,-150.0,-157.0,-153.0,-152.0,-154.0,-151.5,-157.0,-153.0,-155.0,-154.0,-155.5,-157.0,-157.0,-157.0,-157.0,-157.0,-156.5,-156.5,-157.0,-157.0,-157.0,-157.0,-156.0,-157.0,-152.5,-154.0,-153.0,-152.0,-157.0,-153.5,-152.5,-157.0,-157.0,-157.0,-157.0,-157.0,-154.5,-154.5,-153.0,-155.5,-154.5,-155.5,-155.5,-157.0,-157.0,-154.5,-157.0,-154.0,-157.0,-157.0,-157.0,-157.0,-155.5,-155.5,-156.5,-157.0,-157.0,-157.0,-157.0,-153.0,-157.0,-157.0,-157.0,-157.0,-156.5,-156.5,-157.0,-155.5,-157.0,-157.0,-157.0,-157.0,-155.0,-157.0,-156.5,-153.0,-150.0,-157.0,-157.0,-155.0,-157.0,-156.0,-149.0,-148.5,-152.0,-157.0,-157.0,-157.0,-157.0
2026-01-17 13:48:25.269,143.049967,5,-77,-157.0,-157.0,-157.0,-153.0,-157.0,-157.0,-155.5,-154.0,-157.0,-154.5,-157.0,-154.5,-154.0,-157.0,-157.0,-154.0,-154.5,-157.0,-156.5,-157.0,-155.5,-155.5,-157.0,-157.0,-157.0,-157.0,-153.0,-157.0,-157.0,-157.0,-154.5,-152.5,-157.0,-154.0,-157.0,-154.0,-150.0,-149.5,-150.0,-157.0,-157.0,-157.0,-157.0,-153.0,-151.5,-154.0,-157.0,-157.0,-157.0,-157.0,-157.0,-154.0,-154.5,-155.0,-152.0,-152.5,-155.5,-157.0,-152.5,-152.0,-153.5,-157.0,-155.5,-150.5,-151.5,-154.0,-152.5,-155.0,-157.0,-157.0,-157.0,-157.0,-157.0,-155.5,-153.5,-156.0,-157.0,-153.5,-157.0,-151.0,-152.5,-151.5,-151.0,-157.0,-157.0,-153.0,-151.0,-153.5,-157.0,-153.0,-154.5,-157.0,-156.0,-157.0,-155.5,-155.5,-156.5,-156.5,-155.0,-157.0,-157.0,-157.0,-154.5,-156.0,-151.5,-152.5,-153.5,-156.0,-157.0,-157.0,-149.0,-152.0,-157.0,-157.0,-157.0,-157.0,-157.0,-157.0,-155.5,-157.0,-154.5,-153.0,-151.5,-154.0,-153.0,-154.5,-157.0,-157.0,-154.0,-153.0,-152.5,-157.0,-157.0,-157.0,-157.0,-154.5,-155.0,-155.0,-153.0,-157.0,-155.5,-157.0,-155.0,-157.0,-155.0,-154.0,-156.0,-157.0,-156.0,-154.5,-157.0,-155.5,-156.5,-157.0,-157.0,-156.5,-157.0,-155.0,-157.0,-154.0,-155.5,-157.0,-155.0,-152.5,-157.0,-157.0,-157.0,-156.0,-153.5,-157.0,-154.5,-155.5,-155.0,-157.0,-157.0,-154.5,-157.0,-157.0,-157.0,-157.0,-157.0,-154.5,-155.5,-155.5,-157.0,-157.0,-157.0,-157.0,-155.5,-152.0,-152.0,-157.0,-157.0,-157.0,-155.0,-157.0,-156.5,-156.5,-157.0,-154.0,-153.0,-157.0,-153.5,-156.5,-154.5,-157.0,-157.0,-157.0,-152.0,-153.5,-155.0,-157.0,-157.0,-157.0,-151.0,-154.0,-153.5,-151.5,-153.5,-157.0,-157.0,-150.0,-152.0,-154.0,-152.5,-153.5,-152.0,-156.0,-157.0,-157.0,-157.0,-157.0,-157.0,-157.0,-157.0,-157.0,-157.0,-156.5,-151.5,-153.5,-154.0,-154.5,-157.0,-156.5,-157.0,-157.0,-157.0,-157.0,-157.0,-157.0,-157.0,-157.0,-157.0,-157.0,-157.0,-157.0,-157.0,-157.0,-157.0,-153.0,-157.0,-153.5,-155.0,-154.0,-157.0,-150.5,-154.0,-152.5,-152.0,-157.0,-155.5,-157.0,-151.0,-152.5,-157.0,-154.5,-156.0,-157.0,-157.0,-157.0,-152.5,-151.5,-156.5,-154.5,-155.0,-157.0,-157.0,-157.0,-151.0,-152.5,-155.5,-151.5,-153.5,-154.5,-157.0,-155.0,-152.5,-153.5,-156.0,-154.0,-153.5,-156.0,-157.0,-157.0,-157.0,-157.0,-154.5,-157.0,-151.0,-151.0,-157.0,-157.0,-155.0,-154.5,-157.0,-155.0,-154.5,-157.0,-153.5,-156.5,-157.0,-157.0,-157.0,-153.0,-155.0,-154.0,-157.0,-157.0,-154.0,-154.5,-156.5,-152.5,-154.5,-157.0,-157.0,-156.0,-157.0,-157.0,-157.0,-157.0,-157.0,-156.5,-155.0,-154.5,-156.0,-157.0,-157.0,-157.0,-157.0,-149.0,-152.0,-157.0,-157.0,-152.5,-151.0,-153.5,-150.5,-153.0,-154.5,-157.0,-157.0,-157.0,-156.0,-153.5,-154.0,-157.0,-157.0,-157.0,-157.0,-157.0,-157.0,-157.0,-157.0,-157.0,-155.5,-153.0,-155.0,-154.0,-155.5,-157.0,-150.0,-152.5,-154.5,-155.0,-157.0,-157.0,-151.0,-155.0,-154.0,-152.5,-154.5,-153.5,-155.5,-154.5,-156.5,-152.0,-153.0,-157.0,-157.0,-157.0,-157.0,-157.0,-157.0,-157.0,-157.0,-157.0,-157.0,-157.0,-156.5,-156.5,-152.0,-152.0,-153.5,-152.5,-157.0,-157.0,-156.0,-157.0,-157.0,-157.0,-157.0,-157.0,-157.0,-156.0,-151.5,-153.0,-152.0,-156.0,-157.0,-157.0,-156.5,-155.0,-157.0,-153.5,-157.0,-157.0,-157.0,-157.0,-157.0,-154.0,-155.5,-156.5,-154.5,-157.0,-157.0,-152.5,-154.0,-157.0,-157.0,-157.0,-157.0,-157.0,-153.0,-152.5,-157.0,-157.0,-157.0,-157.0,-156.0,-155.0,-154.0,-154.0,-150.5,-157.0,-157.0,-152.0,-154.0,-157.0,-153.0,-147.0,-149.0,-157.0,-157.0,-157.0,-157.0
2026-01-17 13:48:25.305,143.049967,5,-77,-157.0,-157.0,-157.0,-157.0,-157.0,-157.0,-156.5,-152.5,-156.0,-157.0,-157.0,-155.5,-155.5,-157.0,-157.0,-154.5,-154.5,-157.0,-157.0,-157.0,-157.0,-157.0,-157.0,-157.0,-157.0,-157.0,-152.0,-156.5,-157.0,-157.0,-157.0,-154.0,-157.0,-155.0,-157.0,-154.5,-149.0,-152.5,-152.0,-157.0,-156.0,-157.0,-157.0,-157.0,-155.5,-157.0,-157.0,-157.0,-157.0,-155.5,-154.0,-156.0,-156.0,-157.0,-153.0,-156.0,-153.5,-153.0,-153.0,-156.5,-156.0,-155.5,-156.5,-152.0,-155.0,-153.0,-154.0,-156.0,-157.0,-157.0,-157.0,-157.0,-157.0,-157.0,-157.0,-154.0,-157.0,-153.0,-157.0,-152.0,-156.5,-154.0,-152.0,-157.0,-157.0,-156.5,-156.0,-157.0,-157.0,-151.0,-151.5,-153.0,-155.0,-157.0,-157.0,-157.0,-157.0,-151.0,-154.5,-157.0,-156.5,-157.0,-157.0,-152.0,-153.5,-157.0,-154.5,-153.5,-156.0,-152.5,-151.0,-156.5,-157.0,-157.0,-155.0,-153.5,-155.5,-157.0,-153.5,-155.5,-157.0,-157.0,-157.0,-151.0,-150.0,-156.0,-154.0,-152.0,-153.5,-150.5,-153.0,-157.0,-157.0,-157.0,-157.0,-154.5,-156.5,-156.0,-153.0,-156.0,-155.0,-156.0,-154.0,-157.0,-157.0,-155.5,-154.0,-157.0,-157.0,-157.0,-157.0,-157.0,-157.0,-157.0,-157.0,-157.0,-156.5,-157.0,-157.0,-152.5,-154.0,-157.0,-155.5,-153.5,-156.0,-157.0,-156.0,-157.0,-155.5,-157.0,-157.0,-157.0,-157.0,-157.0,-156.5,-155.5,-154.5,-156.5,-157.0,-157.0,-157.0,-151.0,-154.0,-154.5,-153.5,-157.0,-157.0,-157.0,-157.0,-152.5,-154.0,-154.0,-154.5,-156.5,-152.5,-157.0,-157.0,-157.0,-157.0,-157.0,-153.0,-153.5,-157.0,-154.5,-155.5,-157.0,-156.5,-154.0,-154.0,-154.5,-157.0,-157.0,-157.0,-157.0,-152.5,-154.0,-149.0,-150.0,-156.5,-156.5,-156.5,-149.5,-148.5,-153.5,-152.5,-154.0,-153.5,-153.0,-157.0,-157.0,-157.0,-157.0,-157.0,-157.0,-157.0,-157.0,-157.0,-156.5,-151.0,-154.0,-155.0,-153.0,-156.0,-153.5,-156.5,-157.0,-157.0,-157.0,-157.0,-153.0,-154.5,-157.0,-157.0,-157.0,-157.0,-157.0,-157.0,-157.0,-157.0,-152.0,-153.0,-157.0,-157.0,-151.5,-155.0,-151.0,-152.0,-155.0,-154.5,-157.0,-155.5,-156.0,-152.0,-156.0,-157.0,-157.0,-157.0,-157.0,-157.0,-157.0,-157.0,-152.5,-153.5,-154.0,-157.0,-157.0,-155.5,-155.5,-152.5,-157.0,-153.0,-153.5,-156.5,-155.5,-157.0,-157.0,-154.5,-154.5,-157.0,-154.5,-151.0,-154.5,-156.5,-157.0,-157.0,-155.0,-152.5,-157.0,-154.0,-153.5,-157.0,-152.0,-151.5,-156.0,-155.5,-154.0,-152.0,-157.0,-154.5,-156.0,-157.0,-157.0,-153.0,-151.0,-152.5,-157.0,-155.5,-157.0,-156.5,-150.0,-152.0,-154.5,-157.0,-157.0,-156.0,-156.5,-157.0,-157.0,-155.5,-157.0,-157.0,-157.0,-154.0,-154.0,-154.0,-157.0,-157.0,-157.0,-157.0,-150.5,-152.5,-156.0,-157.0,-157.0,-153.0,-151.5,-147.0,-147.5,-150.5,-152.0,-157.0,-155.5,-153.5,-155.5,-157.0,-155.5,-155.5,-157.0,-157.0,-157.0,-157.0,-156.0,-157.0,-157.0,-156.0,-157.0,-153.5,-156.0,-156.5,-157.0,-151.0,-152.5,-153.0,-153.5,-157.0,-156.0,-154.0,-156.0,-157.0,-154.0,-157.0,-157.0,-156.0,-157.0,-157.0,-152.5,-153.5,-157.0,-157.0,-155.5,-157.0,-157.0,-156.5,-157.0,-157.0,-155.5,-154.0,-157.0,-155.5,-156.5,-155.0,-157.0,-154.0,-155.0,-157.0,-157.0,-157.0,-157.0,-157.0,-156.5,-157.0,-157.0,-157.0,-156.0,-154.5,-157.0,-152.0,-155.5,-157.0,-156.5,-153.0,-155.5,-156.0,-152.0,-156.5,-157.0,-157.0,-155.5,-156.0,-157.0,-157.0,-155.5,-154.0,-154.5,-157.0,-151.0,-151.5,-157.0,-154.0,-156.0,-157.0,-157.0,-154.5,-155.0,-156.5,-157.0,-157.0,-157.0,-157.0,-155.5,-153.0,-157.0,-154.0,-157.0,-151.0,-152.0,-157.0,-157.0,-156.0,-149.0,-150.0,-157.0,-157.0,-157.0,-157.0
2026-01-17 13:48:25.335,143.049967,5,-77,-157.0,-157.0,-154.0,-157.0,-157.0,-157.0,-157.0,-152.5,-157.0,-156.5,-157.0,-157.0,-157.0,-156.0,-157.0,-155.0,-156.0,-157.0,-157.0,-157.0,-157.0,-156.5,-157.0,-157.0,-157.0,-157.0,-153.0,-153.0,-157.0,-157.0,-157.0,-157.0,-154.5,-157.0,-157.0,-151.5,-151.0,-156.0,-155.5,-157.0,-156.0,-157.0,-156.5,-157.0,-157.0,-157.0,-157.0,-157.0,-157.0,-157.0,-153.5,-157.0,-154.0,-153.5,-156.0,-157.0,-150.0,-151.5,-157.0,-157.0,-156.0,-153.0,-157.0,-155.5,-157.0,-154.5,-157.0,-155.0,-157.0,-157.0,-156.0,-157.0,-157.0,-157.0,-157.0,-157.0,-157.0,-155.5,-157.0,-154.0,-156.5,-154.0,-157.0,-157.0,-153.0,-157.0,-157.0,-157.0,-157.0,-154.0,-156.0,-152.5,-156.5,-157.0,-156.0,-157.0,-152.5,-150.0,-157.0,-157.0,-156.0,-155.5,-157.0,-153.5,-157.0,-157.0,-157.0,-153.5,-157.0,-153.0,-153.5,-157.0,-154.0,-156.5,-153.5,-155.5,-154.5,-154.5,-156.0,-154.5,-157.0,-157.0,-155.5,-149.5,-151.0,-155.0,-150.5,-151.0,-157.0,-152.0,-155.0,-157.0,-155.5,-157.0,-157.0,-157.0,-157.0,-157.0,-155.5,-154.0,-156.0,-155.0,-154.5,-155.0,-154.0,-152.5,-155.0,-157.0,-156.5,-156.0,-157.0,-157.0,-157.0,-157.0,-155.5,-157.0,-153.5,-154.0,-153.5,-157.0,-154.0,-157.0,-151.0,-156.5,-157.0,-157.0,-154.5,-154.0,-157.0,-157.0,-154.5,-155.0,-157.0,-157.0,-157.0,-157.0,-152.5,-157.0,-157.0,-156.0,-155.0,-152.5,-153.0,-152.0,-156.5,-157.0,-157.0,-157.0,-157.0,-157.0,-157.0,-154.5,-156.5,-157.0,-153.5,-157.0,-157.0,-157.0,-157.0,-157.0,-154.0,-153.5,-157.0,-153.5,-154.5,-157.0,-156.5,-152.0,-155.0,-157.0,-157.0,-157.0,-157.0,-157.0,-156.0,-157.0,-152.0,-152.0,-154.5,-157.0,-157.0,-155.0,-150.0,-157.0,-157.0,-157.0,-154.5,-153.5,-157.0,-157.0,-154.0,-155.0,-157.0,-156.5,-157.0,-157.0,-157.0,-152.5,-152.0,-157.0,-156.0,-153.0,-154.0,-152.0,-152.5,-157.0,-157.0,-157.0,-157.0,-153.5,-153.5,-157.0,-157.0,-157.0,-157.0,-157.0,-157.0,-157.0,-157.0,-155.0,-152.5,-157.0,-157.0,-153.0,-153.5,-157.0,-153.0,-157.0,-153.0,-153.5,-156.5,-155.0,-153.5,-157.0,-157.0,-157.0,-156.5,-157.0,-157.0,-157.0,-157.0,-153.5,-157.0,-155.5,-157.0,-157.0,-157.0,-154.5,-154.0,-157.0,-155.5,-157.0,-157.0,-157.0,-155.5,-155.5,-157.0,-155.5,-157.0,-154.5,-155.0,-157.0,-156.5,-157.0,-155.5,-151.0,-152.5,-155.0,-156.5,-157.0,-157.0,-148.0,-147.5,-156.0,-151.5,-150.0,-150.5,-157.0,-157.0,-157.0,-156.5,-157.0,-155.5,-156.5,-157.0,-156.0,-156.5,-157.0,-152.0,-149.5,-154.0,-157.0,-157.0,-157.0,-157.0,-157.0,-157.0,-155.5,-153.5,-157.0,-157.0,-157.0,-155.5,-155.0,-153.0,-157.0,-156.5,-156.0,-156.0,-152.5,-157.0,-153.0,-157.0,-157.0,-156.0,-152.5,-149.0,-150.5,-156.0,-152.0,-155.5,-152.5,-152.0,-157.0,-157.0,-157.0,-156.0,-156.0,-157.0,-153.0,-152.5,-153.5,-155.0,-157.0,-157.0,-157.0,-154.5,-157.0,-157.0,-156.5,-151.0,-152.5,-156.5,-154.5,-154.5,-157.0,-156.0,-153.5,-154.0,-154.0,-157.0,-157.0,-156.5,-155.5,-155.5,-154.0,-157.0,-155.0,-157.0,-155.5,-157.0,-157.0,-156.0,-157.0,-157.0,-150.5,-150.5,-154.0,-156.5,-157.0,-157.0,-157.0,-156.5,-155.5,-156.5,-157.0,-157.0,-157.0,-156.5,-157.0,-157.0,-157.0,-157.0,-152.0,-151.0,-157.0,-155.0,-154.5,-157.0,-153.0,-154.0,-157.0,-153.0,-153.0,-157.0,-157.0,-157.0,-157.0,-157.0,-157.0,-157.0,-155.0,-154.5,-153.0,-156.0,-152.5,-155.0,-157.0,-152.0,-154.0,-157.0,-157.0,-157.0,-157.0,-157.0,-157.0,-157.0,-157.0,-156.0,-157.0,-152.5,-154.0,-156.0,-157.0,-151.5,-153.0,-156.0,-157.0,-156.5,-156.0,-154.0,-157.0,-157.0,-157.0,-157.0
2026-01-17 13:48:25.372,143.049967,5,-77,-157.0,-157.0,-153.0,-157.0,-157.0,-157.0,-157.0,-152.5,-154.5,-153.5,-155.5,-155.5,-157.0,-156.5,-154.5,-157.0,-157.0,-157.0,-154.5,-155.0,-157.0,-156.0,-157.0,-157.0,-156.0,-154.5,-157.0,-154.0,-157.0,-157.0,-157.0,-153.5,-151.5,-157.0,-157.0,-154.0,-157.0,-154.5,-155.0,-157.0,-157.0,-157.0,-156.0,-153.5,-154.5,-153.0,-154.0,-157.0,-157.0,-157.0,-155.0,-157.0,-151.0,-150.0,-157.0,-153.5,-151.5,-155.5,-156.5,-157.0,-157.0,-154.5,-157.0,-157.0,-157.0,-157.0,-156.5,-153.0,-156.5,-155.5,-154.0,-157.0,-157.0,-157.0,-157.0,-157.0,-157.0,-157.0,-157.0,-155.5,-155.5,-155.5,-157.0,-156.5,-151.5,-154.5,-157.0,-157.0,-157.0,-157.0,-156.0,-155.0,-157.0,-157.0,-152.0,-151.5,-155.5,-151.0,-157.0,-157.0,-157.0,-154.5,-153.0,-152.5,-157.0,-157.0,-152.0,-151.0,-154.0,-155.0,-152.0,-156.0,-152.5,-157.0,-155.0,-157.0,-154.0,-152.0,-157.0,-157.0,-157.0,-157.0,-149.0,-148.0,-153.0,-155.5,-153.0,-153.5,-157.0,-153.5,-155.0,-157.0,-154.5,-155.0,-157.0,-157.0,-157.0,-157.0,-157.0,-155.5,-157.0,-157.0,-154.5,-152.0,-150.5,-150.0,-155.5,-156.5,-157.0,-153.0,-153.5,-156.5,-155.0,-157.0,-153.5,-153.0,-153.0,-153.5,-152.0,-157.0,-156.0,-157.0,-150.0,-153.5,-154.5,-152.0,-153.5,-154.0,-157.0,-152.5,-151.5,-154.5,-157.0,-157.0,-156.5,-157.0,-152.5,-152.5,-154.0,-152.5,-152.0,-153.5,-151.5,-151.0,-157.0,-157.0,-157.0,-155.5,-155.0,-157.0,-157.0,-156.0,-157.0,-156.0,-157.0,-157.0,-157.0,-157.0,-157.0,-157.0,-155.0,-157.0,-156.5,-155.5,-157.0,-154.5,-155.5,-154.0,-153.5,-157.0,-157.0,-156.5,-157.0,-152.0,-152.0,-157.0,-157.0,-157.0,-156.5,-157.0,-154.5,-156.0,-151.5,-157.0,-157.0,-157.0,-157.0,-155.5,-154.5,-156.0,-154.0,-156.5,-157.0,-157.0,-157.0,-157.0,-156.5,-156.5,-157.0,-157.0,-157.0,-155.0,-154.0,-155.5,-156.5,-157.0,-156.0,-157.0,-157.0,-156.0,-153.0,-157.0,-157.0,-157.0,-157.0,-157.0,-157.0,-157.0,-157.0,-157.0,-155.0,-157.0,-155.5,-155.5,-157.0,-154.5,-152.5,-157.0,-153.0,-153.5,-157.0,-157.0,-157.0,-157.0,-157.0,-157.0,-152.5,-152.5,-152.0,-154.5,-157.0,-154.5,-157.0,-155.5,-157.0,-157.0,-157.0,-156.5,-157.0,-155.0,-157.0,-157.0,-157.0,-156.5,-152.5,-152.5,-156.5,-155.0,-154.0,-155.5,-157.0,-157.0,-156.5,-157.0,-154.5,-156.0,-155.0,-157.0,-155.0,-157.0,-156.5,-150.5,-150.0,-156.5,-155.5,-149.5,-152.0,-157.0,-157.0,-156.5,-152.5,-157.0,-155.0,-157.0,-157.0,-156.0,-155.5,-156.0,-153.5,-152.5,-156.5,-157.0,-157.0,-156.0,-156.0,-153.0,-157.0,-157.0,-153.5,-157.0,-157.0,-157.0,-156.5,-152.0,-157.0,-157.0,-157.0,-152.5,-157.0,-153.5,-153.0,-152.0,-157.0,-157.0,-153.0,-154.0,-151.5,-156.5,-157.0,-157.0,-157.0,-154.0,-154.0,-157.0,-157.0,-157.0,-157.0,-156.0,-157.0,-156.0,-154.0,-157.0,-156.5,-157.0,-157.0,-156.5,-157.0,-157.0,-157.0,-157.0,-154.5,-155.5,-157.0,-155.5,-154.0,-157.0,-156.5,-153.0,-150.0,-155.5,-157.0,-157.0,-157.0,-156.5,-155.0,-156.0,-157.0,-155.5,-156.5,-157.0,-157.0,-157.0,-157.0,-157.0,-157.0,-148.5,-148.5,-155.0,-157.0,-157.0,-157.0,-157.0,-157.0,-152.5,-155.5,-157.0,-157.0,-152.5,-151.5,-156.5,-157.0,-157.0,-157.0,-150.0,-148.0,-152.5,-157.0,-157.0,-154.5,-157.0,-157.0,-157.0,-157.0,-157.0,-157.0,-157.0,-157.0,-157.0,-157.0,-154.5,-157.0,-157.0,-151.0,-153.0,-156.5,-153.5,-157.0,-157.0,-153.0,-155.0,-155.5,-156.5,-155.5,-157.0,-156.0,-157.0,-157.0,-153.0,-150.5,-157.0,-155.0,-155.5,-157.0,-157.0,-157.0,-157.0,-156.5,-157.0,-157.0,-157.0,-156.0,-157.0,-157.0,-157.0,-157.0
2026-01-17 13:48:25.401,143.049967,5,-77,-157.0,-157.0,-156.5,-157.0,-157.0,-157.0,-155.0,-152.5,-154.5,-155.5,-157.0,-154.5,-157.0,-156.5,-151.5,-156.5,-157.0,-156.5,-154.5,-154.0,-157.0,-157.0,-157.0,-157.0,-154.0,-155.5,-153.0,-151.0,-157.0,-157.0,-157.0,-153.0,-152.0,-155.5,-157.0,-157.0,-157.0,-157.0,-152.5,-151.5,-157.0,-157.0,-157.0,-150.0,-150.5,-150.0,-152.5,-157.0,-156.5,-157.0,-157.0,-156.0,-155.0,-153.0,-157.0,-155.5,-153.0,-154.5,-154.0,-157.0,-157.0,-157.0,-155.0,-157.0,-157.0,-156.5,-157.0,-154.5,-157.0,-153.0,-154.5,-157.0,-157.0,-154.5,-157.0,-157.0,-157.0,-157.0,-157.0,-157.0,-157.0,-157.0,-154.0,-157.0,-155.0,-154.0,-157.0,-156.5,-157.0,-157.0,-154.0,-155.5,-154.0,-155.0,-156.0,-151.0,-156.0,-152.0,-156.0,-157.0,-157.0,-157.0,-155.5,-155.0,-157.0,-156.5,-153.0,-151.5,-154.5,-157.0,-152.5,-155.0,-154.5,-157.0,-153.5,-154.5,-153.0,-153.5,-157.0,-157.0,-157.0,-157.0,-150.5,-150.0,-151.5,-157.0,-157.0,-157.0,-157.0,-157.0,-157.0,-157.0,-154.0,-152.5,-156.0,-157.0,-156.0,-156.5,-157.0,-157.0,-157.0,-157.0,-154.5,-156.0,-154.0,-154.5,-157.0,-152.0,-155.0,-154.0,-153.5,-157.0,-153.5,-156.0,-157.0,-152.0,-152.0,-154.0,-154.0,-157.0,-154.5,-156.5,-153.0,-155.0,-152.0,-152.0,-155.5,-152.5,-155.0,-155.5,-154.5,-157.0,-156.0,-154.5,-154.5,-157.0,-155.0,-153.5,-150.5,-152.0,-157.0,-157.0,-157.0,-156.5,-157.0,-156.0,-154.5,-157.0,-154.5,-156.0,-156.5,-155.5,-154.5,-154.0,-157.0,-155.0,-155.0,-157.0,-154.5,-157.0,-157.0,-157.0,-156.5,-157.0,-157.0,-154.5,-153.5,-154.5,-151.5,-155.5,-157.0,-155.5,-157.0,-150.0,-149.0,-155.0,-157.0,-157.0,-156.0,-157.0,-153.0,-152.5,-154.0,-157.0,-157.0,-157.0,-157.0,-157.0,-154.0,-153.5,-157.0,-157.0,-157.0,-157.0,-157.0,-155.5,-155.5,-157.0,-155.5,-157.0,-157.0,-154.0,-156.0,-157.0,-157.0,-157.0,-156.0,-157.0,-156.0,-157.0,-152.0,-157.0,-156.5,-154.5,-157.0,-157.0,-156.5,-156.5,-157.0,-157.0,-157.0,-157.0,-157.0,-155.0,-157.0,-153.0,-151.5,-157.0,-157.0,-157.0,-157.0,-157.0,-157.0,-157.0,-156.0,-157.0,-154.0,-156.5,-149.5,-149.0,-154.5,-157.0,-157.0,-154.5,-157.0,-157.0,-157.0,-153.5,-157.0,-154.0,-157.0,-157.0,-157.0,-156.5,-157.0,-156.0,-156.5,-157.0,-157.0,-157.0,-157.0,-157.0,-155.5,-154.0,-153.0,-154.5,-150.5,-154.5,-153.0,-156.0,-157.0,-156.0,-154.5,-157.0,-157.0,-154.0,-157.0,-157.0,-157.0,-155.0,-152.0,-156.5,-151.5,-154.0,-157.0,-155.0,-150.5,-152.0,-154.0,-150.0,-152.5,-157.0,-157.0,-155.0,-152.5,-152.5,-157.0,-157.0,-153.5,-155.5,-157.0,-157.0,-152.0,-150.5,-157.0,-157.0,-155.0,-149.0,-151.0,-154.0,-154.0,-153.5,-157.0,-157.0,-149.5,-151.5,-154.5,-156.0,-157.0,-157.0,-157.0,-156.5,-157.0,-157.0,-157.0,-157.0,-157.0,-157.0,-157.0,-157.0,-157.0,-157.0,-157.0,-156.5,-157.0,-155.0,-157.0,-157.0,-157.0,-157.0,-155.0,-157.0,-157.0,-152.5,-154.5,-157.0,-155.0,-154.5,-152.5,-157.0,-157.0,-157.0,-157.0,-157.0,-157.0,-157.0,-157.0,-157.0,-151.5,-152.0,-157.0,-157.0,-157.0,-157.0,-152.0,-150.0,-153.0,-157.0,-156.5,-157.0,-156.5,-157.0,-154.5,-153.5,-155.5,-155.5,-153.0,-153.5,-151.5,-157.0,-157.0,-157.0,-152.5,-152.0,-150.5,-152.5,-157.0,-157.0,-152.5,-157.0,-157.0,-157.0,-157.0,-157.0,-157.0,-157.0,-157.0,-154.5,-156.5,-153.5,-157.0,-157.0,-151.5,-155.0,-156.5,-156.5,-157.0,-157.0,-156.0,-157.0,-156.0,-155.5,-156.0,-154.5,-157.0,-155.5,-157.0,-154.5,-153.0,-155.0,-157.0,-157.0,-157.0,-157.0,-157.0,-157.0,-157.0,-157.0,-157.0,-157.0,-157.0,-157.0,-157.0,-157.0,-157.0
2026-01-17 13:48:25.437,143.049967,5,-77,-157.0,-157.0,-157.0,-157.0,-157.0,-157.0,-155.0,-153.5,-153.5,-156.5,-156.0,-153.0,-154.0,-153.0,-153.0,-153.5,-157.0,-157.0,-156.5,-155.0,-157.0,-157.0,-157.0,-157.0,-156.0,-157.0,-149.5,-149.5,-156.0,-157.0,-156.5,-156.5,-153.5,-151.5,-157.0,-155.5,-157.0,-156.5,-152.5,-150.5,-157.0,-157.0,-152.5,-154.5,-153.0,-149.5,-152.0,-152.0,-157.0,-157.0,-155.5,-156.0,-157.0,-156.5,-157.0,-157.0,-152.5,-153.0,-155.0,-157.0,-153.0,-154.5,-154.0,-157.0,-156.5,-157.0,-157.0,-157.0,-157.0,-154.0,-156.5,-157.0,-151.5,-151.5,-157.0,-157.0,-157.0,-157.0,-157.0,-157.0,-154.5,-153.5,-157.0,-157.0,-157.0,-152.0,-153.5,-157.0,-157.0,-157.0,-152.5,-154.0,-157.0,-155.0,-157.0,-151.0,-156.0,-154.5,-157.0,-155.5,-155.5,-156.0,-157.0,-154.0,-157.0,-157.0,-155.0,-154.5,-157.0,-157.0,-152.5,-154.0,-157.0,-157.0,-155.0,-149.0,-149.0,-157.0,-157.0,-157.0,-157.0,-155.0,-156.5,-156.5,-150.5,-153.0,-157.0,-156.5,-157.0,-155.5,-156.5,-156.5,-155.5,-153.5,-154.5,-152.0,-152.0,-155.5,-157.0,-157.0,-157.0,-157.0,-153.0,-155.0,-153.0,-154.5,-157.0,-150.5,-151.0,-154.5,-156.5,-157.0,-153.0,-153.5,-157.0,-150.5,-151.5,-153.0,-153.5,-157.0,-150.0,-152.0,-157.0,-157.0,-155.5,-157.0,-157.0,-155.0,-156.5,-157.0,-157.0,-157.0,-156.0,-156.0,-156.0,-157.0,-156.5,-157.0,-155.0,-154.5,-157.0,-155.0,-157.0,-157.0,-157.0,-153.5,-152.0,-155.5,-154.0,-157.0,-157.0,-154.5,-153.0,-155.5,-157.0,-155.0,-152.0,-157.0,-150.5,-152.5,-157.0,-157.0,-154.0,-157.0,-157.0,-155.0,-155.5,-153.0,-154.5,-152.0,-157.0,-157.0,-156.5,-151.0,-150.0,-154.5,-154.5,-157.0,-152.5,-150.5,-156.0,-157.0,-157.0,-157.0,-156.5,-156.5,-157.0,-157.0,-156.0,-157.0,-157.0,-157.0,-157.0,-157.0,-157.0,-153.5,-157.0,-157.0,-155.0,-155.5,-152.0,-155.0,-157.0,-157.0,-157.0,-157.0,-157.0,-157.0,-157.0,-157.0,-151.0,-157.0,-155.5,-157.0,-157.0,-157.0,-157.0,-157.0,-157.0,-157.0,-157.0,-157.0,-157.0,-157.0,-154.0,-156.0,-152.0,-155.5,-157.0,-157.0,-155.5,-155.0,-157.0,-157.0,-154.5,-157.0,-153.5,-154.0,-154.5,-150.0,-153.5,-157.0,-157.0,-154.0,-157.0,-153.5,-152.0,-150.5,-156.5,-157.0,-157.0,-157.0,-157.0,-157.0,-157.0,-157.0,-155.0,-157.0,-157.0,-157.0,-155.0,-152.0,-157.0,-157.0,-155.5,-151.5,-148.0,-154.0,-155.5,-157.0,-157.0,-157.0,-154.5,-154.5,-156.0,-157.0,-157.0,-156.5,-157.0,-153.0,-154.0,-155.0,-153.0,-157.0,-157.0,-153.0,-150.5,-155.5,-151.5,-150.0,-156.5,-157.0,-156.5,-157.0,-156.0,-157.0,-157.0,-155.5,-153.5,-157.0,-157.0,-156.0,-149.5,-153.0,-155.0,-157.0,-153.0,-150.5,-152.5,-155.5,-157.0,-157.0,-154.0,-152.5,-150.5,-150.0,-157.0,-156.0,-157.0,-157.0,-157.0,-154.5,-154.5,-150.0,-154.5,-157.0,-156.5,-155.5,-157.0,-156.5,-157.0,-156.0,-154.0,-151.0,-156.5,-152.5,-152.5,-157.0,-155.5,-157.0,-152.0,-157.0,-155.5,-154.5,-156.0,-157.0,-154.0,-154.5,-157.0,-157.0,-157.0,-157.0,-153.0,-152.5,-157.0,-157.0,-156.0,-157.0,-150.0,-149.5,-155.0,-154.0,-156.0,-155.5,-151.5,-153.5,-157.0,-157.0,-157.0,-157.0,-154.0,-154.5,-155.5,-156.5,-157.0,-156.5,-153.5,-157.0,-153.5,-156.0,-157.0,-154.5,-153.0,-155.5,-152.0,-155.5,-153.0,-153.5,-152.0,-157.0,-157.0,-157.0,-157.0,-157.0,-157.0,-156.0,-156.5,-151.5,-153.5,-154.5,-157.0,-157.0,-155.0,-157.0,-157.0,-156.0,-157.0,-154.5,-156.0,-157.0,-157.0,-157.0,-157.0,-154.5,-157.0,-154.0,-154.5,-157.0,-157.0,-156.5,-157.0,-157.0,-155.0,-157.0,-157.0,-157.0,-157.0,-155.5,-154.0,-157.0,-157.0,-157.0,-157.0,-157.0,-156.0
2026-01-17 13:48:25.469,143.049967,5,-77,-157.0,-157.0,-157.0,-157.0,-154.5,-155.5,-156.5,-156.0,-153.5,-156.5,-154.5,-153.0,-152.0,-152.0,-157.0,-153.0,-156.5,-157.0,-156.5,-156.0,-156.0,-157.0,-156.0,-157.0,-157.0,-157.0,-154.0,-154.0,-152.5,-156.0,-157.0,-154.5,-154.0,-148.5,-157.0,-152.0,-155.5,-157.0,-157.0,-154.5,-157.0,-157.0,-153.5,-157.0,-155.0,-154.0,-155.0,-154.0,-157.0,-157.0,-154.5,-156.5,-157.0,-157.0,-157.0,-157.0,-157.0,-155.0,-155.5,-153.0,-150.0,-151.0,-156.0,-156.5,-157.0,-157.0,-157.0,-157.0,-157.0,-156.0,-157.0,-155.0,-151.5,-155.5,-157.0,-157.0,-157.0,-157.0,-156.5,-154.5,-154.5,-153.0,-157.0,-157.0,-157.0,-151.5,-154.5,-156.5,-157.0,-157.0,-154.5,-155.5,-157.0,-156.5,-155.5,-155.5,-153.5,-157.0,-157.0,-156.5,-157.0,-154.0,-156.5,-153.5,-157.0,-156.0,-155.5,-153.5,-156.5,-157.0,-152.0,-151.0,-155.5,-155.5,-157.0,-153.0,-150.5,-157.0,-157.0,-155.0,-157.0,-155.0,-157.0,-157.0,-152.5,-152.5,-157.0,-151.5,-153.0,-153.5,-157.0,-155.5,-155.5,-157.0,-157.0,-155.5,-156.0,-157.0,-157.0,-157.0,-157.0,-155.5,-154.5,-157.0,-150.5,-150.5,-157.0,-156.5,-157.0,-157.0,-157.0,-157.0,-155.5,-156.5,-157.0,-153.5,-152.5,-155.5,-154.5,-155.5,-152.0,-152.5,-157.0,-157.0,-157.0,-157.0,-157.0,-157.0,-157.0,-154.0,-152.5,-155.5,-154.5,-151.5,-151.5,-154.5,-155.0,-155.5,-157.0,-156.5,-157.0,-154.0,-153.5,-157.0,-157.0,-156.0,-154.5,-156.0,-155.5,-157.0,-156.5,-155.0,-156.5,-155.5,-157.0,-152.0,-148.5,-152.5,-152.0,-154.0,-157.0,-157.0,-154.0,-154.5,-156.0,-153.5,-157.0,-153.5,-157.0,-154.0,-157.0,-157.0,-157.0,-157.0,-156.5,-156.5,-157.0,-155.5,-153.5,-150.0,-151.5,-157.0,-157.0,-157.0,-155.0,-154.0,-157.0,-157.0,-155.5,-157.0,-156.0,-156.0,-154.5,-153.5,-153.5,-150.5,-157.0,-157.0,-157.0,-152.5,-150.5,-157.0,-157.0,-157.0,-157.0,-157.0,-154.5,-154.5,-157.0,-157.0,-152.5,-157.0,-152.5,-157.0,-157.0,-157.0,-157.0,-157.0,-157.0,-157.0,-157.0,-157.0,-156.5,-157.0,-152.5,-153.0,-154.0,-153.5,-157.0,-157.0,-155.5,-153.5,-156.5,-153.5,-151.5,-157.0,-152.5,-153.0,-157.0,-154.5,-157.0,-157.0,-157.0,-154.5,-157.0,-153.0,-153.0,-152.5,-157.0,-157.0,-157.0,-157.0,-157.0,-157.0,-157.0,-157.0,-156.5,-155.5,-153.5,-157.0,-151.0,-150.0,-156.5,-157.0,-157.0,-154.0,-150.0,-155.0,-157.0,-157.0,-155.5,-157.0,-156.0,-155.0,-153.5,-157.0,-157.0,-157.0,-157.0,-154.0,-157.0,-154.0,-157.0,-157.0,-156.5,-157.0,-154.5,-157.0,-157.0,-153.5,-157.0,-157.0,-157.0,-157.0,-157.0,-157.0,-157.0,-152.5,-151.5,-154.5,-154.0,-152.5,-151.5,-154.5,-154.5,-157.0,-157.0,-157.0,-157.0,-156.5,-157.0,-157.0,-151.0,-150.5,-157.0,-152.0,-157.0,-153.0,-157.0,-157.0,-157.0,-152.5,-151.0,-148.0,-150.0,-157.0,-152.5,-155.0,-157.0,-157.0,-152.0,-151.0,-152.5,-151.0,-157.0,-156.0,-152.5,-152.0,-153.5,-151.0,-151.5,-157.0,-157.0,-157.0,-157.0,-156.5,-155.0,-155.0,-155.5,-156.0,-157.0,-157.0,-149.5,-151.0,-157.0,-157.0,-153.5,-154.5,-152.0,-153.0,-152.0,-151.5,-154.0,-157.0,-153.0,-157.0,-157.0,-157.0,-157.0,-157.0,-153.0,-157.0,-157.0,-157.0,-157.0,-157.0,-156.5,-157.0,-156.0,-152.5,-153.5,-156.0,-156.5,-153.5,-151.0,-155.5,-149.0,-149.5,-157.0,-157.0,-153.5,-156.5,-157.0,-157.0,-157.0,-156.5,-157.0,-152.0,-155.0,-157.0,-154.0,-154.5,-155.0,-157.0,-157.0,-152.5,-153.0,-150.0,-151.0,-157.0,-157.0,-157.0,-157.0,-155.5,-157.0,-157.0,-156.5,-153.0,-157.0,-157.0,-157.0,-157.0,-155.5,-156.0,-157.0,-157.0,-155.0,-153.5,-156.5,-156.0,-157.0,-157.0,-157.0,-157.0,-155.0
2026-01-17 13:48:25.501,143.049967,5,-77,-157.0,-157.0,-157.0,-155.5,-153.5,-157.0,-153.0,-157.0,-157.0,-157.0,-153.0,-154.0,-157.0,-155.5,-156.0,-154.0,-155.0,-157.0,-157.0,-157.0,-157.0,-157.0,-154.5,-157.0,-157.0,-155.0,-157.0,-157.0,-156.0,-157.0,-157.0,-155.0,-150.5,-147.5,-151.0,-149.0,-152.0,-157.0,-156.5,-153.0,-156.5,-157.0,-157.0,-157.0,-154.5,-157.0,-155.0,-154.5,-152.5,-157.0,-156.5,-157.0,-157.0,-157.0,-157.0,-157.0,-157.0,-157.0,-156.0,-151.5,-153.5,-155.0,-157.0,-154.0,-156.0,-157.0,-157.0,-157.0,-151.0,-150.5,-156.5,-157.0,-152.0,-154.5,-157.0,-157.0,-157.0,-157.0,-156.0,-156.5,-157.0,-157.0,-157.0,-157.0,-157.0,-155.0,-151.0,-152.0,-157.0,-157.0,-157.0,-153.0,-157.0,-154.0,-155.5,-157.0,-154.0,-153.0,-154.0,-151.5,-154.5,-155.0,-154.0,-155.5,-157.0,-154.0,-154.0,-152.0,-157.0,-154.5,-149.0,-151.0,-157.0,-155.5,-157.0,-157.0,-154.0,-157.0,-157.0,-156.5,-157.0,-154.5,-157.0,-157.0,-157.0,-156.5,-157.0,-151.5,-157.0,-157.0,-157.0,-157.0,-154.5,-156.0,-157.0,-157.0,-155.5,-153.5,-152.0,-157.0,-157.0,-156.5,-156.0,-157.0,-153.5,-151.5,-157.0,-157.0,-157.0,-157.0,-157.0,-157.0,-157.0,-155.5,-157.0,-154.5,-156.5,-157.0,-156.5,-157.0,-153.5,-154.5,-155.5,-157.0,-157.0,-157.0,-157.0,-157.0,-157.0,-152.5,-150.5,-157.0,-156.5,-150.0,-149.5,-151.5,-157.0,-157.0,-157.0,-156.5,-157.0,-157.0,-155.5,-157.0,-157.0,-157.0,-157.0,-157.0,-157.0,-157.0,-151.5,-151.5,-155.0,-155.0,-153.5,-152.5,-149.0,-151.0,-156.5,-156.0,-157.0,-157.0,-153.5,-157.0,-153.5,-150.0,-152.5,-157.0,-157.0,-157.0,-156.0,-153.0,-157.0,-157.0,-156.0,-157.0,-155.5,-152.5,-157.0,-154.5,-157.0,-157.0,-157.0,-157.0,-157.0,-155.0,-154.5,-156.0,-154.0,-157.0,-155.0,-154.0,-157.0,-157.0,-150.5,-150.0,-154.0,-155.0,-157.0,-156.5,-153.5,-156.0,-157.0,-157.0,-155.0,-157.0,-150.0,-151.5,-157.0,-157.0,-152.5,-154.5,-149.0,-154.5,-157.0,-157.0,-157.0,-155.5,-157.0,-157.0,-157.0,-157.0,-155.5,-157.0,-155.5,-152.0,-156.0,-152.5,-156.0,-157.0,-155.5,-152.0,-156.5,-155.0,-153.5,-157.0,-154.5,-157.0,-157.0,-155.5,-157.0,-157.0,-157.0,-156.0,-154.0,-154.5,-157.0,-157.0,-157.0,-157.0,-157.0,-157.0,-157.0,-156.5,-157.0,-157.0,-157.0,-156.0,-155.5,-157.0,-150.5,-151.5,-156.5,-157.0,-157.0,-157.0,-153.0,-157.0,-157.0,-157.0,-153.5,-155.0,-156.0,-156.0,-154.5,-157.0,-157.0,-157.0,-157.0,-155.5,-157.0,-154.0,-155.5,-157.0,-157.0,-157.0,-154.5,-156.0,-157.0,-155.0,-157.0,-157.0,-157.0,-157.0,-154.5,-154.5,-156.0,-157.0,-152.0,-154.5,-155.0,-153.0,-151.5,-153.5,-153.0,-157.0,-157.0,-157.0,-155.5,-156.5,-157.0,-154.5,-152.0,-155.0,-157.0,-153.5,-157.0,-151.0,-154.0,-157.0,-157.0,-157.0,-157.0,-152.5,-151.0,-156.5,-153.0,-155.5,-157.0,-157.0,-152.0,-150.5,-155.5,-155.5,-157.0,-157.0,-156.0,-153.0,-154.5,-150.5,-153.5,-157.0,-154.5,-157.0,-157.0,-155.5,-154.5,-157.0,-153.0,-154.0,-157.0,-157.0,-150.5,-157.0,-157.0,-155.0,-155.0,-154.5,-155.5,-157.0,-155.5,-154.5,-157.0,-154.0,-151.0,-154.5,-155.0,-157.0,-157.0,-157.0,-151.5,-156.5,-157.0,-157.0,-157.0,-157.0,-157.0,-157.0,-157.0,-153.0,-151.5,-153.0,-156.0,-157.0,-153.5,-156.5,-154.5,-150.5,-157.0,-154.5,-149.5,-150.5,-155.0,-157.0,-157.0,-157.0,-157.0,-156.5,-155.5,-154.0,-154.5,-154.5,-154.0,-157.0,-157.0,-152.5,-150.5,-152.5,-153.5,-155.5,-156.5,-157.0,-157.0,-157.0,-157.0,-157.0,-157.0,-152.0,-153.5,-157.0,-157.0,-156.5,-157.0,-157.0,-156.0,-157.0,-154.5,-156.5,-157.0,-157.0,-157.0,-157.0,-157.0,-157.0,-157.0
2026-01-17 13:48:25.540,143.049967,5,-77,-157.0,-157.0,-157.0,-157.0,-154.5,-156.0,-153.5,-156.5,-157.0,-155.5,-153.5,-157.0,-157.0,-157.0,-154.0,-156.0,-157.0,-157.0,-157.0,-157.0,-157.0,-157.0,-156.5,-154.0,-154.5,-156.5,-155.0,-157.0,-157.0,-157.0,-157.0,-157.0,-151.0,-151.5,-148.5,-148.0,-151.5,-157.0,-151.0,-151.0,-156.5,-157.0,-157.0,-157.0,-154.5,-155.0,-155.5,-157.0,-152.5,-155.5,-157.0,-157.0,-157.0,-156.5,-156.5,-157.0,-157.0,-157.0,-157.0,-154.0,-157.0,-154.0,-152.5,-155.0,-153.0,-157.0,-156.0,-157.0,-153.0,-148.5,-150.0,-157.0,-149.5,-150.5,-157.0,-157.0,-157.0,-157.0,-157.0,-157.0,-157.0,-157.0,-157.0,-157.0,-157.0,-157.0,-149.0,-151.5,-157.0,-157.0,-157.0,-152.5,-155.5,-152.5,-157.0,-157.0,-156.5,-151.5,-156.5,-149.5,-152.5,-155.5,-154.5,-157.0,-157.0,-157.0,-150.5,-149.0,-156.0,-157.0,-152.5,-154.0,-155.5,-154.5,-157.0,-157.0,-154.5,-155.5,-157.0,-157.0,-156.5,-155.0,-156.0,-152.0,-157.0,-157.0,-157.0,-152.5,-156.5,-157.0,-156.0,-156.0,-152.5,-154.0,-156.0,-157.0,-153.0,-156.0,-152.0,-157.0,-157.0,-157.0,-155.5,-157.0,-157.0,-154.5,-155.5,-156.5,-157.0,-157.0,-157.0,-157.0,-155.5,-153.0,-157.0,-152.0,-157.0,-157.0,-157.0,-155.5,-150.5,-157.0,-154.5,-155.5,-157.0,-157.0,-157.0,-155.0,-157.0,-157.0,-154.5,-155.0,-152.5,-153.5,-155.0,-157.0,-157.0,-157.0,-157.0,-155.0,-156.0,-157.0,-157.0,-156.5,-157.0,-157.0,-157.0,-157.0,-157.0,-157.0,-151.0,-149.5,-157.0,-157.0,-152.5,-157.0,-155.0,-157.0,-157.0,-157.0,-152.5,-152.5,-152.5,-154.5,-153.5,-150.5,-155.0,-157.0,-157.0,-157.0,-154.0,-151.5,-154.0,-157.0,-155.0,-157.0,-152.0,-150.0,-157.0,-157.0,-156.5,-157.0,-157.0,-157.0,-157.0,-157.0,-155.5,-157.0,-154.0,-157.0,-157.0,-156.0,-157.0,-157.0,-155.0,-155.5,-156.0,-154.5,-157.0,-157.0,-157.0,-155.5,-157.0,-157.0,-154.5,-155.0,-152.0,-150.5,-157.0,-153.5,-151.5,-151.5,-147.5,-151.0,-156.0,-157.0,-157.0,-154.5,-157.0,-157.0,-157.0,-157.0,-157.0,-157.0,-156.0,-152.0,-149.5,-149.5,-155.0,-154.0,-157.0,-151.0,-155.0,-157.0,-157.0,-157.0,-153.5,-157.0,-157.0,-155.5,-154.0,-155.0,-157.0,-157.0,-157.0,-156.0,-157.0,-157.0,-157.0,-157.0,-156.5,-157.0,-152.0,-150.0,-155.0,-152.5,-153.5,-157.0,-157.0,-157.0,-154.5,-156.5,-157.0,-157.0,-155.5,-154.0,-153.5,-157.0,-155.5,-157.0,-152.0,-153.0,-155.0,-157.0,-157.0,-157.0,-157.0,-157.0,-157.0,-155.5,-157.0,-157.0,-155.5,-157.0,-156.0,-156.5,-157.0,-153.0,-153.5,-156.0,-157.0,-157.0,-157.0,-155.0,-152.5,-154.5,-152.0,-156.0,-156.0,-154.5,-153.5,-151.0,-150.5,-153.5,-151.5,-156.5,-154.5,-157.0,-152.5,-157.0,-157.0,-155.5,-156.0,-157.0,-157.0,-152.5,-154.0,-152.0,-154.5,-157.0,-157.0,-157.0,-157.0,-157.0,-157.0,-157.0,-156.0,-157.0,-157.0,-157.0,-157.0,-154.0,-155.5,-155.5,-153.0,-156.5,-157.0,-157.0,-154.0,-150.5,-150.5,-157.0,-152.0,-157.0,-156.0,-157.0,-157.0,-157.0,-154.5,-157.0,-156.0,-152.0,-150.0,-157.0,-157.0,-155.0,-156.5,-157.0,-157.0,-157.0,-154.0,-154.5,-157.0,-157.0,-149.0,-149.5,-154.5,-157.0,-156.0,-157.0,-152.0,-153.5,-155.0,-156.5,-156.0,-157.0,-157.0,-155.0,-155.5,-157.0,-154.5,-155.0,-156.0,-157.0,-156.5,-157.0,-157.0,-152.0,-157.0,-157.0,-150.5,-149.0,-152.5,-157.0,-157.0,-157.0,-155.0,-155.5,-152.5,-151.5,-154.5,-155.0,-156.0,-157.0,-157.0,-157.0,-153.0,-156.0,-154.0,-154.0,-157.0,-157.0,-157.0,-157.0,-157.0,-157.0,-156.0,-155.0,-156.5,-157.0,-157.0,-155.0,-157.0,-157.0,-155.5,-157.0,-155.5,-157.0,-157.0,-157.0,-157.0,-153.0,-154.0,-156.0,-157.0
2026-01-17 13:48:25.569,143.049967,5,-77,-157.0,-157.0,-157.0,-157.0,-157.0,-155.5,-157.0,-157.0,-155.0,-153.5,-156.0,-156.5,-157.0,-152.5,-152.5,-156.5,-157.0,-157.0,-157.0,-155.0,-155.0,-157.0,-156.5,-155.5,-154.5,-156.0,-154.0,-157.0,-157.0,-157.0,-157.0,-157.0,-155.5,-155.5,-150.5,-152.0,-156.0,-157.0,-150.5,-154.0,-157.0,-156.5,-157.0,-157.0,-155.5,-150.5,-157.0,-156.0,-154.5,-157.0,-157.0,-157.0,-154.0,-156.0,-151.0,-152.0,-154.5,-157.0,-156.5,-155.5,-157.0,-154.0,-151.5,-153.0,-153.0,-154.5,-154.5,-157.0,-157.0,-148.0,-150.0,-157.0,-154.0,-152.0,-153.5,-154.0,-157.0,-155.5,-155.5,-157.0,-157.0,-157.0,-157.0,-156.5,-157.0,-157.0,-153.5,-153.0,-157.0,-154.5,-154.0,-155.5,-153.0,-153.5,-154.5,-157.0,-157.0,-155.0,-157.0,-152.0,-151.5,-156.0,-156.5,-157.0,-157.0,-157.0,-155.0,-151.5,-154.0,-157.0,-157.0,-157.0,-153.5,-156.5,-157.0,-157.0,-154.0,-155.5,-154.0,-157.0,-157.0,-156.5,-152.5,-150.5,-157.0,-153.0,-155.0,-152.5,-157.0,-155.0,-151.5,-151.0,-155.5,-157.0,-153.5,-155.5,-152.0,-157.0,-151.0,-154.0,-157.0,-157.0,-157.0,-157.0,-157.0,-157.0,-151.5,-151.0,-151.0,-156.0,-157.0,-157.0,-154.0,-154.0,-157.0,-152.0,-157.0,-157.0,-157.0,-150.5,-148.0,-150.5,-153.0,-154.0,-157.0,-156.5,-153.5,-151.5,-157.0,-157.0,-157.0,-156.5,-150.5,-155.0,-157.0,-157.0,-156.5,-157.0,-157.0,-157.0,-153.0,-152.0,-157.0,-156.5,-157.0,-157.0,-157.0,-157.0,-157.0,-157.0,-157.0,-152.0,-156.0,-155.5,-152.5,-155.0,-157.0,-157.0,-157.0,-156.5,-150.0,-149.5,-153.0,-155.0,-156.0,-155.0,-157.0,-157.0,-157.0,-157.0,-157.0,-155.0,-156.0,-155.0,-154.5,-157.0,-157.0,-151.0,-153.5,-157.0,-151.5,-153.0,-157.0,-157.0,-157.0,-156.0,-157.0,-157.0,-154.5,-157.0,-157.0,-153.5,-157.0,-152.5,-153.0,-156.0,-154.5,-153.0,-157.0,-157.0,-156.5,-152.0,-151.5,-156.5,-151.5,-152.5,-157.0,-151.5,-152.5,-153.0,-155.0,-154.5,-150.5,-155.0,-157.0,-157.0,-157.0,-153.5,-152.0,-157.0,-157.0,-157.0,-157.0,-157.0,-156.0,-157.0,-153.5,-153.0,-155.0,-151.5,-157.0,-152.5,-157.0,-157.0,-157.0,-157.0,-152.5,-157.0,-153.0,-153.0,-148.5,-150.0,-157.0,-157.0,-157.0,-155.5,-157.0,-157.0,-157.0,-156.0,-153.0,-157.0,-154.0,-150.5,-155.5,-153.0,-154.5,-157.0,-157.0,-157.0,-157.0,-157.0,-157.0,-157.0,-151.0,-151.5,-155.0,-153.5,-155.5,-156.5,-153.5,-157.0,-155.5,-157.0,-157.0,-157.0,-157.0,-157.0,-155.0,-157.0,-157.0,-157.0,-157.0,-156.5,-155.0,-151.5,-153.0,-157.0,-153.5,-157.0,-156.0,-157.0,-155.5,-152.5,-154.5,-157.0,-152.0,-152.0,-156.0,-152.0,-153.0,-154.5,-153.5,-156.0,-152.5,-155.5,-152.5,-157.0,-153.5,-157.0,-157.0,-155.0,-156.5,-157.0,-157.0,-153.5,-153.5,-157.0,-157.0,-157.0,-156.5,-157.0,-157.0,-157.0,-157.0,-157.0,-157.0,-157.0,-157.0,-157.0,-157.0,-157.0,-157.0,-154.5,-150.5,-155.0,-155.0,-156.0,-151.0,-152.0,-151.5,-157.0,-150.0,-152.0,-152.0,-152.0,-157.0,-155.0,-155.0,-157.0,-155.0,-152.5,-152.0,-157.0,-157.0,-157.0,-155.5,-157.0,-157.0,-154.0,-155.0,-155.0,-157.0,-157.0,-151.5,-156.0,-155.5,-157.0,-156.5,-157.0,-156.5,-151.5,-152.5,-157.0,-157.0,-157.0,-157.0,-154.0,-156.0,-157.0,-157.0,-157.0,-157.0,-157.0,-157.0,-157.0,-154.0,-154.5,-157.0,-157.0,-157.0,-152.5,-155.0,-157.0,-157.0,-152.5,-151.0,-150.5,-153.0,-152.5,-154.5,-156.0,-156.5,-157.0,-157.0,-155.5,-150.5,-151.5,-154.0,-157.0,-157.0,-155.0,-157.0,-157.0,-157.0,-157.0,-153.0,-152.5,-156.0,-157.0,-156.5,-151.5,-154.5,-157.0,-154.5,-155.5,-155.0,-157.0,-157.0,-157.0,-155.5,-153.5,-152.5,-157.0,-157.0
2026-01-17 13:48:25.602,143.049967,5,-77,-157.0,-157.0,-157.0,-157.0,-157.0,-157.0,-157.0,-157.0,-155.5,-154.0,-153.0,-156.0,-157.0,-152.5,-153.5,-157.0,-157.0,-157.0,-157.0,-156.5,-157.0,-156.0,-156.0,-157.0,-157.0,-153.5,-156.0,-155.0,-157.0,-157.0,-157.0,-157.0,-157.0,-155.0,-154.0,-155.5,-157.0,-157.0,-155.5,-156.5,-156.5,-156.0,-157.0,-157.0,-157.0,-149.0,-157.0,-153.0,-156.0,-157.0,-157.0,-157.0,-154.0,-154.0,-150.0,-149.5,-154.5,-157.0,-157.0,-154.5,-156.5,-157.0,-157.0,-150.5,-151.5,-152.5,-153.5,-156.5,-155.5,-150.5,-151.5,-157.0,-157.0,-151.5,-150.0,-153.5,-157.0,-156.0,-157.0,-157.0,-157.0,-154.0,-152.0,-151.0,-152.0,-157.0,-157.0,-157.0,-157.0,-157.0,-155.5,-157.0,-151.0,-155.5,-153.0,-157.0,-157.0,-157.0,-157.0,-157.0,-154.0,-155.0,-152.5,-151.0,-152.0,-157.0,-157.0,-156.5,-157.0,-157.0,-157.0,-157.0,-154.0,-157.0,-157.0,-156.0,-153.0,-154.0,-152.5,-157.0,-157.0,-157.0,-153.5,-155.5,-157.0,-152.0,-151.5,-151.5,-157.0,-157.0,-153.5,-152.0,-157.0,-157.0,-150.5,-152.5,-155.0,-157.0,-150.5,-151.0,-156.5,-157.0,-157.0,-157.0,-156.5,-157.0,-152.0,-155.0,-153.5,-153.0,-157.0,-156.0,-155.0,-157.0,-154.5,-154.0,-157.0,-157.0,-157.0,-152.0,-152.0,-149.0,-153.5,-157.0,-157.0,-157.0,-156.0,-152.0,-155.0,-155.0,-156.5,-156.5,-153.0,-156.0,-157.0,-157.0,-153.5,-157.0,-157.0,-157.0,-154.0,-150.0,-154.0,-154.5,-157.0,-157.0,-157.0,-155.5,-157.0,-157.0,-157.0,-153.0,-154.5,-156.0,-156.5,-157.0,-157.0,-157.0,-155.0,-155.0,-155.0,-152.0,-157.0,-157.0,-157.0,-157.0,-157.0,-155.0,-156.5,-156.5,-156.5,-157.0,-156.5,-151.5,-151.0,-157.0,-157.0,-154.0,-155.0,-157.0,-151.0,-151.5,-156.5,-154.0,-157.0,-157.0,-157.0,-157.0,-156.5,-156.5,-157.0,-152.5,-157.0,-151.5,-151.0,-154.5,-151.0,-151.0,-156.5,-157.0,-157.0,-155.5,-153.0,-155.0,-152.5,-154.0,-157.0,-157.0,-150.5,-150.0,-157.0,-157.0,-156.0,-156.0,-157.0,-157.0,-157.0,-150.5,-148.5,-157.0,-157.0,-155.0,-156.5,-157.0,-157.0,-157.0,-157.0,-157.0,-152.0,-151.0,-157.0,-155.0,-155.5,-157.0,-157.0,-157.0,-156.5,-157.0,-155.0,-154.0,-148.5,-149.5,-157.0,-154.0,-154.0,-153.0,-157.0,-157.0,-157.0,-154.0,-152.5,-157.0,-157.0,-153.0,-157.0,-157.0,-156.0,-157.0,-157.0,-157.0,-157.0,-157.0,-156.0,-157.0,-153.0,-155.0,-157.0,-154.5,-157.0,-157.0,-155.5,-155.5,-153.0,-155.0,-157.0,-151.5,-152.0,-154.0,-154.5,-157.0,-157.0,-157.0,-157.0,-154.5,-157.0,-150.0,-150.0,-157.0,-149.5,-150.5,-154.0,-157.0,-157.0,-157.0,-157.0,-157.0,-154.5,-155.5,-151.0,-152.0,-157.0,-157.0,-153.5,-157.0,-155.5,-154.0,-154.5,-157.0,-157.0,-157.0,-152.5,-151.5,-154.0,-157.0,-157.0,-156.0,-155.5,-157.0,-157.0,-157.0,-156.0,-157.0,-157.0,-157.0,-157.0,-157.0,-156.0,-156.0,-157.0,-154.0,-152.5,-155.5,-157.0,-157.0,-153.5,-157.0,-153.0,-154.0,-152.0,-152.5,-152.5,-152.5,-151.5,-155.0,-155.0,-153.5,-156.5,-155.0,-157.0,-157.0,-155.0,-157.0,-157.0,-157.0,-157.0,-157.0,-157.0,-156.0,-157.0,-156.0,-157.0,-157.0,-154.5,-157.0,-154.0,-157.0,-157.0,-157.0,-157.0,-157.0,-157.0,-153.0,-152.5,-157.0,-157.0,-157.0,-157.0,-156.0,-157.0,-157.0,-157.0,-157.0,-157.0,-157.0,-157.0,-157.0,-157.0,-157.0,-157.0,-157.0,-157.0,-157.0,-156.0,-156.5,-157.0,-153.5,-156.5,-151.0,-153.5,-156.0,-153.0,-157.0,-157.0,-157.0,-157.0,-152.0,-152.0,-157.0,-157.0,-157.0,-157.0,-157.0,-157.0,-157.0,-157.0,-157.0,-151.0,-150.5,-151.0,-151.5,-154.0,-151.0,-154.0,-157.0,-156.0,-156.5,-157.0,-157.0,-157.0,-157.0,-154.5,-157.0,-157.0,-157.0,-157.0
2026-01-17 13:48:25.637,143.049967,5,-77,-157.0,-157.0,-157.0,-157.0,-157.0,-157.0,-157.0,-155.0,-157.0,-157.0,-152.5,-156.0,-157.0,-157.0,-154.0,-155.0,-157.0,-157.0,-156.5,-157.0,-157.0,-153.0,-153.0,-157.0,-157.0,-156.0,-156.5,-154.5,-157.0,-157.0,-157.0,-157.0,-157.0,-157.0,-157.0,-153.5,-157.0,-157.0,-157.0,-155.5,-151.5,-151.0,-157.0,-157.0,-157.0,-149.0,-157.0,-155.0,-156.5,-157.0,-157.0,-157.0,-157.0,-157.0,-154.5,-153.0,-157.0,-157.0,-157.0,-153.0,-153.0,-157.0,-157.0,-153.5,-152.5,-152.5,-156.5,-156.5,-157.0,-157.0,-156.5,-157.0,-157.0,-153.5,-153.5,-156.5,-154.5,-154.5,-155.0,-152.5,-153.5,-154.0,-152.0,-151.5,-150.0,-152.5,-157.0,-157.0,-157.0,-157.0,-155.0,-150.5,-150.5,-155.5,-152.0,-152.0,-151.5,-156.5,-157.0,-157.0,-157.0,-154.0,-153.0,-150.5,-153.0,-156.5,-157.0,-155.0,-154.5,-152.5,-156.0,-152.5,-153.0,-157.0,-157.0,-157.0,-154.5,-153.0,-156.0,-157.0,-157.0,-157.0,-156.5,-154.0,-155.0,-157.0,-155.5,-154.0,-153.5,-157.0,-152.5,-153.5,-157.0,-153.5,-152.0,-157.0,-157.0,-155.5,-152.5,-153.5,-154.0,-152.5,-151.5,-156.5,-157.0,-157.0,-155.5,-157.0,-157.0,-153.5,-157.0,-153.5,-156.0,-155.5,-154.5,-154.5,-155.5,-157.0,-157.0,-155.5,-156.5,-153.0,-157.0,-157.0,-157.0,-157.0,-157.0,-152.5,-150.5,-150.0,-155.0,-155.5,-157.0,-157.0,-157.0,-151.5,-150.5,-157.0,-157.0,-157.0,-154.5,-154.5,-154.0,-152.0,-156.0,-154.5,-157.0,-152.5,-153.0,-154.0,-157.0,-157.0,-157.0,-157.0,-157.0,-157.0,-157.0,-157.0,-154.5,-152.5,-157.0,-154.0,-157.0,-157.0,-157.0,-157.0,-157.0,-153.5,-154.5,-157.0,-154.5,-157.0,-155.0,-155.0,-151.5,-157.0,-157.0,-157.0,-157.0,-157.0,-155.5,-152.5,-157.0,-153.0,-156.5,-157.0,-157.0,-157.0,-157.0,-157.0,-157.0,-154.5,-155.0,-156.5,-153.5,-156.0,-153.0,-153.5,-156.5,-157.0,-157.0,-156.5,-157.0,-157.0,-157.0,-157.0,-154.0,-157.0,-151.5,-149.5,-157.0,-157.0,-157.0,-154.0,-156.5,-157.0,-157.0,-150.5,-150.0,-153.0,-157.0,-151.5,-153.5,-157.0,-157.0,-157.0,-156.5,-157.0,-153.5,-153.0,-153.0,-155.5,-153.5,-157.0,-153.5,-157.0,-157.0,-156.0,-157.0,-157.0,-156.5,-151.5,-155.5,-153.0,-152.5,-151.0,-157.0,-157.0,-157.0,-156.0,-153.5,-157.0,-157.0,-154.5,-157.0,-157.0,-153.0,-153.0,-156.5,-157.0,-157.0,-157.0,-157.0,-157.0,-157.0,-157.0,-157.0,-157.0,-154.5,-154.0,-154.0,-157.0,-156.0,-153.0,-156.5,-151.0,-151.5,-154.0,-157.0,-157.0,-157.0,-157.0,-157.0,-157.0,-157.0,-151.0,-155.0,-157.0,-149.0,-152.0,-157.0,-157.0,-157.0,-157.0,-156.0,-154.0,-153.5,-155.5,-150.0,-154.0,-157.0,-157.0,-153.0,-157.0,-157.0,-152.5,-152.5,-155.5,-157.0,-157.0,-150.0,-151.5,-157.0,-157.0,-157.0,-157.0,-157.0,-157.0,-157.0,-157.0,-157.0,-154.5,-157.0,-157.0,-157.0,-157.0,-157.0,-157.0,-157.0,-154.0,-152.5,-157.0,-156.0,-154.5,-156.0,-154.5,-153.5,-152.5,-156.5,-156.0,-152.5,-153.0,-157.0,-157.0,-157.0,-157.0,-157.0,-157.0,-157.0,-157.0,-156.5,-155.5,-157.0,-157.0,-157.0,-157.0,-157.0,-157.0,-157.0,-157.0,-157.0,-153.5,-151.0,-155.0,-155.0,-157.0,-154.0,-157.0,-157.0,-157.0,-157.0,-157.0,-154.5,-157.0,-157.0,-155.5,-155.5,-155.0,-157.0,-157.0,-157.0,-155.0,-157.0,-157.0,-154.5,-157.0,-157.0,-157.0,-157.0,-157.0,-154.0,-155.5,-156.5,-157.0,-157.0,-157.0,-157.0,-152.5,-153.0,-157.0,-151.5,-157.0,-157.0,-157.0,-157.0,-155.0,-157.0,-157.0,-157.0,-157.0,-157.0,-157.0,-157.0,-157.0,-157.0,-157.0,-156.0,-154.5,-151.0,-152.0,-157.0,-155.5,-157.0,-157.0,-157.0,-157.0,-157.0,-157.0,-154.5,-153.0,-153.5,-156.5,-157.0,-157.0,-157.0
2026-01-17 13:48:25.668,143.049967,5,-77,-157.0,-157.0,-157.0,-157.0,-157.0,-157.0,-157.0,-154.5,-155.0,-154.0,-153.5,-157.0,-157.0,-156.5,-154.5,-154.5,-154.5,-157.0,-157.0,-156.0,-157.0,-153.0,-149.5,-152.0,-157.0,-157.0,-157.0,-156.5,-156.0,-154.0,-155.0,-157.0,-157.0,-157.0,-157.0,-151.5,-157.0,-157.0,-152.5,-153.0,-150.0,-152.0,-157.0,-157.0,-157.0,-150.5,-154.0,-156.0,-154.0,-157.0,-157.0,-157.0,-157.0,-157.0,-157.0,-157.0,-157.0,-157.0,-154.5,-152.0,-152.5,-157.0,-157.0,-157.0,-157.0,-156.5,-157.0,-157.0,-157.0,-157.0,-157.0,-157.0,-157.0,-156.5,-155.5,-154.0,-155.5,-155.5,-157.0,-153.0,-157.0,-157.0,-152.5,-155.0,-156.5,-156.5,-157.0,-157.0,-157.0,-151.5,-151.5,-151.5,-155.0,-157.0,-157.0,-149.5,-151.0,-155.0,-155.5,-153.5,-156.5,-154.0,-153.5,-155.0,-157.0,-157.0,-157.0,-156.0,-157.0,-152.5,-153.0,-151.5,-155.5,-156.5,-156.5,-157.0,-157.0,-157.0,-157.0,-157.0,-157.0,-157.0,-157.0,-157.0,-156.0,-157.0,-157.0,-157.0,-156.5,-157.0,-153.5,-157.0,-157.0,-153.5,-154.5,-154.5,-155.5,-155.0,-154.0,-156.5,-156.0,-149.0,-148.5,-154.5,-154.0,-157.0,-156.0,-152.5,-154.5,-157.0,-157.0,-154.0,-155.5,-157.0,-156.0,-155.0,-157.0,-157.0,-157.0,-157.0,-154.5,-153.0,-153.5,-157.0,-154.5,-155.0,-155.5,-152.5,-150.5,-150.0,-154.5,-157.0,-157.0,-154.5,-157.0,-152.5,-152.5,-157.0,-157.0,-157.0,-155.0,-155.5,-156.0,-154.5,-156.5,-151.5,-154.5,-157.0,-154.5,-152.0,-157.0,-157.0,-156.0,-155.5,-157.0,-157.0,-157.0,-157.0,-155.5,-154.5,-157.0,-157.0,-157.0,-157.0,-157.0,-153.5,-154.5,-156.0,-155.5,-157.0,-155.0,-157.0,-153.5,-153.0,-149.5,-155.5,-157.0,-157.0,-157.0,-157.0,-157.0,-154.5,-154.5,-156.5,-157.0,-157.0,-157.0,-157.0,-157.0,-157.0,-156.5,-157.0,-153.0,-155.5,-157.0,-157.0,-154.0,-157.0,-156.0,-154.0,-152.0,-152.0,-154.0,-155.5,-157.0,-157.0,-152.0,-155.0,-154.5,-153.0,-157.0,-153.0,-152.5,-153.5,-155.0,-157.0,-157.0,-156.5,-157.0,-154.5,-157.0,-153.5,-154.0,-156.5,-157.0,-156.0,-154.0,-157.0,-157.0,-157.0,-151.5,-152.5,-155.5,-157.0,-151.0,-151.0,-154.5,-156.0,-157.0,-157.0,-157.0,-150.5,-154.5,-157.0,-157.0,-152.5,-153.0,-152.0,-155.0,-154.0,-150.5,-152.0,-154.5,-155.5,-157.0,-157.0,-155.5,-153.5,-152.5,-157.0,-157.0,-157.0,-157.0,-157.0,-157.0,-157.0,-156.5,-153.5,-153.0,-151.5,-154.0,-157.0,-157.0,-154.0,-154.5,-155.0,-156.0,-157.0,-157.0,-157.0,-157.0,-157.0,-157.0,-157.0,-157.0,-152.5,-154.5,-157.0,-152.0,-157.0,-156.5,-154.5,-157.0,-155.0,-151.5,-152.5,-156.0,-151.0,-152.5,-149.5,-153.5,-157.0,-153.5,-157.0,-157.0,-155.0,-152.0,-154.5,-157.0,-157.0,-151.5,-152.0,-157.0,-157.0,-157.0,-155.0,-157.0,-156.5,-156.0,-157.0,-157.0,-152.0,-157.0,-157.0,-157.0,-157.0,-157.0,-157.0,-154.0,-154.0,-157.0,-154.5,-151.5,-157.0,-157.0,-153.5,-150.5,-151.5,-157.0,-157.0,-151.5,-156.5,-157.0,-157.0,-153.0,-153.5,-157.0,-157.0,-157.0,-157.0,-157.0,-155.0,-157.0,-157.0,-157.0,-157.0,-157.0,-157.0,-157.0,-156.5,-157.0,-153.0,-152.5,-157.0,-157.0,-157.0,-151.5,-154.5,-157.0,-157.0,-157.0,-157.0,-157.0,-154.0,-154.5,-155.5,-157.0,-153.5,-155.5,-157.0,-157.0,-156.5,-156.0,-154.0,-153.0,-157.0,-156.0,-157.0,-157.0,-157.0,-155.5,-155.0,-152.5,-157.0,-157.0,-157.0,-157.0,-151.0,-150.5,-154.0,-151.0,-157.0,-157.0,-157.0,-157.0,-157.0,-155.5,-152.5,-153.0,-157.0,-155.5,-157.0,-157.0,-157.0,-157.0,-157.0,-157.0,-157.0,-157.0,-157.0,-157.0,-157.0,-157.0,-155.5,-157.0,-157.0,-157.0,-157.0,-151.0,-149.5,-155.5,-154.5,-157.0,-157.0,-154.5
2026-01-17 13:48:25.671,143.049967,5,-77,-157.0,-157.0,-157.0,-157.0,-157.0,-157.0,-157.0,-154.5,-155.0,-154.0,-153.5,-157.0,-157.0,-156.5,-154.5,-154.5,-154.5,-157.0,-157.0,-156.0,-157.0,-153.0,-149.5,-152.0,-157.0,-157.0,-157.0,-156.5,-156.0,-154.0,-155.0,-157.0,-157.0,-157.0,-157.0,-151.5,-157.0,-157.0,-152.5,-153.0,-150.0,-152.0,-157.0,-157.0,-157.0,-150.5,-154.0,-156.0,-154.0,-157.0,-157.0,-157.0,-157.0,-157.0,-157.0,-157.0,-157.0,-157.0,-154.5,-152.0,-152.5,-157.0,-157.0,-157.0,-157.0,-156.5,-157.0,-157.0,-157.0,-157.0,-157.0,-157.0,-157.0,-156.5,-155.5,-154.0,-155.5,-155.5,-157.0,-153.0,-157.0,-157.0,-152.5,-155.0,-156.5,-156.5,-157.0,-157.0,-157.0,-151.5,-151.5,-151.5,-155.0,-157.0,-157.0,-149.5,-151.0,-155.0,-155.5,-153.5,-156.5,-154.0,-153.5,-155.0,-157.0,-157.0,-157.0,-156.0,-157.0,-152.5,-153.0,-151.5,-155.5,-156.5,-156.5,-157.0,-157.0,-157.0,-157.0,-157.0,-157.0,-157.0,-157.0,-157.0,-156.0,-157.0,-157.0,-157.0,-156.5,-157.0,-153.5,-157.0,-157.0,-153.5,-154.5,-154.5,-155.5,-155.0,-154.0,-156.5,-156.0,-149.0,-148.5,-154.5,-154.0,-157.0,-156.0,-152.5,-154.5,-157.0,-157.0,-154.0,-155.5,-157.0,-156.0,-155.0,-157.0,-157.0,-157.0,-157.0,-154.5,-153.0,-153.5,-157.0,-154.5,-155.0,-155.5,-152.5,-150.5,-150.0,-154.5,-157.0,-157.0,-154.5,-157.0,-152.5,-152.5,-157.0,-157.0,-157.0,-155.0,-155.5,-156.0,-154.5,-156.5,-151.5,-154.5,-157.0,-154.5,-152.0,-157.0,-157.0,-156.0,-155.5,-157.0,-157.0,-157.0,-157.0,-155.5,-154.5,-157.0,-157.0,-157.0,-157.0,-157.0,-153.5,-154.5,-156.0,-155.5,-157.0,-155.0,-157.0,-153.5,-153.0,-149.5,-155.5,-157.0,-157.0,-157.0,-157.0,-157.0,-154.5,-154.5,-156.5,-157.0,-157.0,-157.0,-157.0,-157.0,-157.0,-156.5,-157.0,-153.0,-155.5,-157.0,-157.0,-154.0,-157.0,-156.0,-154.0,-152.0,-152.0,-154.0,-155.5,-157.0,-157.0,-152.0,-155.0,-154.5,-153.0,-157.0,-153.0,-152.5,-153.5,-155.0,-157.0,-157.0,-156.5,-157.0,-154.5,-157.0,-153.5,-154.0,-156.5,-157.0,-156.0,-154.0,-157.0,-157.0,-157.0,-151.5,-152.5,-155.5,-157.0,-151.0,-151.0,-154.5,-156.0,-157.0,-157.0,-157.0,-150.5,-154.5,-157.0,-157.0,-152.5,-153.0,-152.0,-155.0,-154.0,-150.5,-152.0,-154.5,-155.5,-157.0,-157.0,-155.5,-153.5,-152.5,-157.0,-157.0,-157.0,-157.0,-157.0,-157.0,-157.0,-156.5,-153.5,-153.0,-151.5,-154.0,-157.0,-157.0,-154.0,-154.5,-155.0,-156.0,-157.0,-157.0,-157.0,-157.0,-157.0,-157.0,-157.0,-157.0,-152.5,-154.5,-157.0,-152.0,-157.0,-156.5,-154.5,-157.0,-155.0,-151.5,-152.5,-156.0,-151.0,-152.5,-149.5,-153.5,-157.0,-153.5,-157.0,-157.0,-155.0,-152.0,-154.5,-157.0,-157.0,-151.5,-152.0,-157.0,-157.0,-157.0,-155.0,-157.0,-156.5,-156.0,-157.0,-157.0,-152.0,-157.0,-157.0,-157.0,-157.0,-157.0,-157.0,-154.0,-154.0,-157.0,-154.5,-151.5,-157.0,-157.0,-153.5,-150.5,-151.5,-157.0,-157.0,-151.5,-156.5,-157.0,-157.0,-153.0,-153.5,-157.0,-157.0,-157.0,-157.0,-157.0,-155.0,-157.0,-157.0,-157.0,-157.0,-157.0,-157.0,-157.0,-156.5,-157.0,-153.0,-152.5,-157.0,-157.0,-157.0,-151.5,-154.5,-157.0,-157.0,-157.0,-157.0,-157.0,-154.0,-154.5,-155.5,-157.0,-153.5,-155.5,-157.0,-157.0,-156.5,-156.0,-154.0,-153.0,-157.0,-156.0,-157.0,-157.0,-157.0,-155.5,-155.0,-152.5,-157.0,-157.0,-157.0,-157.0,-151.0,-150.5,-154.0,-151.0,-157.0,-157.0,-157.0,-157.0,-157.0,-155.5,-152.5,-153.0,-157.0,-155.5,-157.0,-157.0,-157.0,-157.0,-157.0,-157.0,-157.0,-157.0,-157.0,-157.0,-157.0,-157.0,-155.5,-157.0,-157.0,-157.0,-157.0,-151.0,-149.5,-155.5,-154.5,-157.0,-157.0,-154.5
2026-01-17 13:48:25.672,143.049967,5,-77,-157.0,-157.0,-157.0,-157.0,-157.0,-157.0,-157.0,-154.5,-155.0,-154.0,-153.5,-157.0,-157.0,-156.5,-154.5,-154.5,-154.5,-157.0,-157.0,-156.0,-157.0,-153.0,-149.5,-152.0,-157.0,-157.0,-157.0,-156.5,-156.0,-154.0,-155.0,-157.0,-157.0,-157.0,-157.0,-151.5,-157.0,-157.0,-152.5,-153.0,-150.0,-152.0,-157.0,-157.0,-157.0,-150.5,-154.0,-156.0,-154.0,-157.0,-157.0,-157.0,-157.0,-157.0,-157.0,-157.0,-157.0,-157.0,-154.5,-152.0,-152.5,-157.0,-157.0,-157.0,-157.0,-156.5,-157.0,-157.0,-157.0,-157.0,-157.0,-157.0,-157.0,-156.5,-155.5,-154.0,-155.5,-155.5,-157.0,-153.0,-157.0,-157.0,-152.5,-155.0,-156.5,-156.5,-157.0,-157.0,-157.0,-151.5,-151.5,-151.5,-155.0,-157.0,-157.0,-149.5,-151.0,-155.0,-155.5,-153.5,-156.5,-154.0,-153.5,-155.0,-157.0,-157.0,-157.0,-156.0,-157.0,-152.5,-153.0,-151.5,-155.5,-156.5,-156.5,-157.0,-157.0,-157.0,-157.0,-157.0,-157.0,-157.0,-157.0,-157.0,-156.0,-157.0,-157.0,-157.0,-156.5,-157.0,-153.5,-157.0,-157.0,-153.5,-154.5,-154.5,-155.5,-155.0,-154.0,-156.5,-156.0,-149.0,-148.5,-154.5,-154.0,-157.0,-156.0,-152.5,-154.5,-157.0,-157.0,-154.0,-155.5,-157.0,-156.0,-155.0,-157.0,-157.0,-157.0,-157.0,-154.5,-153.0,-153.5,-157.0,-154.5,-155.0,-155.5,-152.5,-150.5,-150.0,-154.5,-157.0,-157.0,-154.5,-157.0,-152.5,-152.5,-157.0,-157.0,-157.0,-155.0,-155.5,-156.0,-154.5,-156.5,-151.5,-154.5,-157.0,-154.5,-152.0,-157.0,-157.0,-156.0,-155.5,-157.0,-157.0,-157.0,-157.0,-155.5,-154.5,-157.0,-157.0,-157.0,-157.0,-157.0,-153.5,-154.5,-156.0,-155.5,-157.0,-155.0,-157.0,-153.5,-153.0,-149.5,-155.5,-157.0,-157.0,-157.0,-157.0,-157.0,-154.5,-154.5,-156.5,-157.0,-157.0,-157.0,-157.0,-157.0,-157.0,-156.5,-157.0,-153.0,-155.5,-157.0,-157.0,-154.0,-157.0,-156.0,-154.0,-152.0,-152.0,-154.0,-155.5,-157.0,-157.0,-152.0,-155.0,-154.5,-153.0,-157.0,-153.0,-152.5,-153.5,-155.0,-157.0,-157.0,-156.5,-157.0,-154.5,-157.0,-153.5,-154.0,-156.5,-157.0,-156.0,-154.0,-157.0,-157.0,-157.0,-151.5,-152.5,-155.5,-157.0,-151.0,-151.0,-154.5,-156.0,-157.0,-157.0,-157.0,-150.5,-154.5,-157.0,-157.0,-152.5,-153.0,-152.0,-155.0,-154.0,-150.5,-152.0,-154.5,-155.5,-157.0,-157.0,-155.5,-153.5,-152.5,-157.0,-157.0,-157.0,-157.0,-157.0,-157.0,-157.0,-156.5,-153.5,-153.0,-151.5,-154.0,-157.0,-157.0,-154.0,-154.5,-155.0,-156.0,-157.0,-157.0,-157.0,-157.0,-157.0,-157.0,-157.0,-157.0,-152.5,-154.5,-157.0,-152.0,-157.0,-156.5,-154.5,-157.0,-155.0,-151.5,-152.5,-156.0,-151.0,-152.5,-149.5,-153.5,-157.0,-153.5,-157.0,-157.0,-155.0,-152.0,-154.5,-157.0,-157.0,-151.5,-152.0,-157.0,-157.0,-157.0,-155.0,-157.0,-156.5,-156.0,-157.0,-157.0,-152.0,-157.0,-157.0,-157.0,-157.0,-157.0,-157.0,-154.0,-154.0,-157.0,-154.5,-151.5,-157.0,-157.0,-153.5,-150.5,-151.5,-157.0,-157.0,-151.5,-156.5,-157.0,-157.0,-153.0,-153.5,-157.0,-157.0,-157.0,-157.0,-157.0,-155.0,-157.0,-157.0,-157.0,-157.0,-157.0,-157.0,-157.0,-156.5,-157.0,-153.0,-152.5,-157.0,-157.0,-157.0,-151.5,-154.5,-157.0,-157.0,-157.0,-157.0,-157.0,-154.0,-154.5,-155.5,-157.0,-153.5,-155.5,-157.0,-157.0,-156.5,-156.0,-154.0,-153.0,-157.0,-156.0,-157.0,-157.0,-157.0,-155.5,-155.0,-152.5,-157.0,-157.0,-157.0,-157.0,-151.0,-150.5,-154.0,-151.0,-157.0,-157.0,-157.0,-157.0,-157.0,-155.5,-152.5,-153.0,-157.0,-155.5,-157.0,-157.0,-157.0,-157.0,-157.0,-157.0,-157.0,-157.0,-157.0,-157.0,-157.0,-157.0,-155.5,-157.0,-157.0,-157.0,-157.0,-151.0,-149.5,-155.5,-154.5,-157.0,-157.0,-154.5
2026-01-17 13:48:25.703,143.049967,5,-77,-157.0,-157.0,-157.0,-157.0,-157.0,-157.0,-157.0,-157.0,-157.0,-154.5,-157.0,-157.0,-156.5,-153.0,-157.0,-157.0,-153.5,-157.0,-155.0,-152.5,-157.0,-151.0,-149.5,-153.5,-157.0,-157.0,-154.0,-157.0,-157.0,-153.0,-150.5,-155.0,-157.0,-157.0,-157.0,-149.5,-150.5,-157.0,-152.5,-152.0,-152.5,-157.0,-157.0,-157.0,-157.0,-152.0,-156.0,-154.0,-152.5,-157.0,-154.5,-157.0,-157.0,-157.0,-157.0,-157.0,-157.0,-157.0,-153.5,-153.5,-157.0,-157.0,-157.0,-156.5,-157.0,-157.0,-155.0,-157.0,-157.0,-154.0,-152.5,-155.5,-157.0,-157.0,-151.5,-151.5,-157.0,-157.0,-157.0,-153.0,-155.0,-157.0,-154.5,-155.0,-157.0,-157.0,-157.0,-157.0,-157.0,-150.5,-153.5,-153.5,-157.0,-156.5,-156.0,-153.0,-157.0,-156.5,-153.5,-154.5,-154.5,-157.0,-154.5,-157.0,-157.0,-157.0,-156.0,-157.0,-156.0,-155.5,-151.5,-152.5,-153.0,-155.0,-157.0,-154.5,-157.0,-157.0,-157.0,-153.5,-153.0,-157.0,-157.0,-157.0,-155.5,-157.0,-157.0,-157.0,-157.0,-157.0,-155.5,-157.0,-154.5,-153.5,-152.5,-153.5,-157.0,-157.0,-154.5,-154.5,-157.0,-150.0,-151.0,-157.0,-153.5,-156.5,-153.5,-153.0,-155.0,-157.0,-157.0,-155.0,-157.0,-156.0,-153.0,-154.5,-154.5,-157.0,-157.0,-156.0,-153.5,-155.0,-155.5,-157.0,-156.0,-155.5,-154.5,-154.0,-154.5,-153.0,-155.0,-157.0,-153.5,-150.5,-155.0,-152.0,-157.0,-157.0,-157.0,-157.0,-157.0,-151.5,-157.0,-157.0,-157.0,-149.5,-148.5,-156.0,-155.0,-153.0,-156.5,-156.5,-157.0,-154.0,-157.0,-157.0,-157.0,-157.0,-157.0,-157.0,-157.0,-157.0,-155.0,-157.0,-157.0,-152.0,-154.5,-156.0,-157.0,-155.5,-157.0,-157.0,-154.5,-152.5,-148.5,-156.0,-157.0,-157.0,-157.0,-155.5,-157.0,-154.5,-151.5,-157.0,-157.0,-154.5,-157.0,-157.0,-154.0,-155.5,-153.5,-157.0,-150.0,-150.5,-157.0,-157.0,-156.5,-157.0,-156.0,-150.5,-149.0,-156.5,-157.0,-154.0,-157.0,-157.0,-152.0,-153.5,-157.0,-157.0,-157.0,-154.0,-151.5,-153.5,-155.0,-154.0,-156.5,-157.0,-157.0,-155.0,-157.0,-157.0,-154.0,-152.0,-157.0,-151.5,-151.5,-157.0,-155.5,-157.0,-154.0,-152.5,-156.0,-157.0,-153.0,-149.5,-153.5,-157.0,-157.0,-157.0,-155.5,-150.5,-152.0,-157.0,-157.0,-157.0,-153.0,-151.5,-151.5,-154.0,-149.5,-154.0,-154.5,-155.5,-157.0,-157.0,-157.0,-153.5,-152.5,-157.0,-157.0,-155.5,-155.0,-154.5,-157.0,-155.0,-155.5,-152.5,-157.0,-152.5,-157.0,-157.0,-157.0,-157.0,-157.0,-156.0,-155.0,-154.0,-152.5,-157.0,-157.0,-157.0,-157.0,-157.0,-157.0,-157.0,-153.5,-157.0,-154.0,-157.0,-151.0,-152.0,-157.0,-153.0,-152.5,-153.5,-151.5,-149.0,-150.5,-149.5,-151.0,-154.5,-157.0,-153.5,-153.5,-154.5,-153.5,-156.5,-157.0,-157.0,-157.0,-154.0,-157.0,-157.0,-153.5,-152.5,-157.0,-153.0,-151.0,-157.0,-157.0,-155.5,-155.5,-157.0,-157.0,-157.0,-156.5,-157.0,-152.5,-151.5,-154.5,-151.0,-149.5,-156.0,-157.0,-157.0,-152.0,-157.0,-157.0,-157.0,-152.0,-157.0,-157.0,-157.0,-154.0,-152.5,-153.0,-154.5,-155.0,-156.0,-152.0,-152.0,-157.0,-156.5,-155.0,-157.0,-157.0,-157.0,-157.0,-154.5,-157.0,-157.0,-157.0,-157.0,-157.0,-155.0,-152.0,-150.5,-152.0,-156.5,-157.0,-157.0,-156.5,-154.5,-157.0,-156.0,-157.0,-157.0,-157.0,-157.0,-157.0,-157.0,-153.5,-156.0,-156.5,-157.0,-153.0,-154.0,-155.0,-157.0,-157.0,-157.0,-149.0,-156.5,-155.5,-156.0,-157.0,-154.0,-155.5,-153.0,-153.0,-157.0,-155.5,-153.5,-157.0,-157.0,-157.0,-154.0,-152.0,-157.0,-152.5,-157.0,-157.0,-157.0,-154.0,-154.5,-157.0,-154.0,-155.0,-157.0,-157.0,-157.0,-153.0,-154.0,-157.0,-157.0,-155.5,-157.0,-153.0,-149.5,-157.0,-152.0,-152.0,-157.0,-150.5
2026-01-17 13:48:25.736,143.049967,5,-77,-157.0,-157.0,-157.0,-157.0,-157.0,-153.5,-155.5,-157.0,-156.5,-156.5,-157.0,-157.0,-157.0,-153.5,-155.0,-153.0,-151.0,-157.0,-154.5,-154.0,-157.0,-152.0,-153.0,-154.0,-154.5,-156.0,-151.5,-157.0,-157.0,-153.0,-150.0,-155.5,-154.5,-154.5,-155.0,-152.5,-152.5,-155.0,-157.0,-152.0,-155.5,-157.0,-157.0,-157.0,-156.0,-154.0,-157.0,-155.0,-154.0,-153.0,-150.0,-157.0,-157.0,-157.0,-157.0,-157.0,-157.0,-156.5,-156.0,-157.0,-157.0,-155.5,-157.0,-152.5,-154.5,-154.0,-157.0,-157.0,-156.5,-152.5,-152.5,-152.0,-151.5,-157.0,-152.5,-151.0,-157.0,-157.0,-153.5,-152.0,-152.0,-153.0,-157.0,-157.0,-157.0,-157.0,-156.0,-157.0,-155.5,-154.0,-157.0,-157.0,-157.0,-157.0,-157.0,-157.0,-157.0,-156.0,-154.0,-157.0,-153.5,-156.5,-154.0,-156.0,-154.5,-156.5,-153.5,-153.0,-151.5,-153.5,-155.0,-156.5,-154.5,-155.0,-155.0,-153.0,-157.0,-157.0,-156.0,-152.5,-153.5,-157.0,-157.0,-157.0,-157.0,-157.0,-152.0,-150.5,-153.0,-157.0,-157.0,-151.0,-154.0,-157.0,-156.0,-157.0,-157.0,-157.0,-157.0,-157.0,-157.0,-154.0,-155.0,-157.0,-151.5,-153.5,-157.0,-157.0,-157.0,-157.0,-157.0,-157.0,-157.0,-154.5,-152.0,-152.5,-154.0,-155.0,-151.5,-154.5,-154.5,-157.0,-157.0,-157.0,-157.0,-154.0,-155.5,-155.0,-154.0,-157.0,-157.0,-156.5,-151.5,-151.0,-150.0,-150.5,-157.0,-155.5,-155.5,-157.0,-157.0,-154.5,-157.0,-156.5,-154.0,-151.0,-149.5,-154.5,-155.0,-157.0,-154.5,-155.0,-157.0,-155.5,-157.0,-157.0,-157.0,-157.0,-157.0,-157.0,-157.0,-156.5,-157.0,-156.0,-156.0,-152.0,-156.0,-157.0,-157.0,-157.0,-157.0,-157.0,-154.5,-153.0,-152.0,-153.0,-156.0,-153.5,-153.5,-157.0,-157.0,-156.0,-153.0,-156.5,-157.0,-150.0,-153.0,-157.0,-152.5,-152.5,-154.5,-156.0,-148.5,-148.5,-153.0,-154.5,-153.5,-153.5,-152.5,-153.0,-150.5,-155.0,-156.5,-156.5,-154.0,-154.0,-156.5,-157.0,-157.0,-157.0,-156.0,-157.0,-155.0,-157.0,-157.0,-157.0,-157.0,-157.0,-157.0,-154.5,-157.0,-156.0,-153.5,-153.0,-157.0,-156.0,-152.0,-157.0,-152.0,-152.5,-156.5,-153.5,-155.5,-157.0,-157.0,-153.0,-154.5,-157.0,-157.0,-157.0,-155.5,-155.0,-154.0,-157.0,-157.0,-157.0,-156.5,-156.5,-153.5,-153.5,-151.5,-157.0,-154.5,-154.0,-157.0,-156.5,-155.0,-155.5,-154.0,-157.0,-157.0,-153.0,-150.0,-150.5,-154.0,-155.5,-153.5,-155.5,-154.5,-153.5,-157.0,-157.0,-157.0,-157.0,-157.0,-157.0,-155.5,-153.0,-150.0,-152.0,-157.0,-153.0,-152.5,-157.0,-155.5,-157.0,-151.0,-151.5,-155.5,-154.5,-150.0,-152.5,-157.0,-157.0,-157.0,-151.5,-149.5,-150.5,-152.0,-154.5,-153.0,-153.5,-157.0,-152.0,-153.5,-156.0,-153.5,-157.0,-157.0,-157.0,-157.0,-157.0,-157.0,-155.5,-152.5,-153.5,-156.5,-150.0,-150.5,-153.5,-157.0,-157.0,-154.5,-157.0,-157.0,-157.0,-157.0,-157.0,-157.0,-157.0,-156.5,-155.0,-152.5,-153.5,-157.0,-157.0,-152.0,-157.0,-157.0,-157.0,-152.0,-155.0,-157.0,-154.0,-156.5,-155.5,-154.0,-156.5,-157.0,-157.0,-152.5,-151.0,-151.5,-157.0,-156.0,-157.0,-157.0,-157.0,-157.0,-155.0,-157.0,-157.0,-157.0,-157.0,-157.0,-154.0,-154.0,-155.0,-152.0,-154.0,-157.0,-157.0,-154.5,-153.0,-157.0,-156.5,-156.0,-157.0,-157.0,-155.5,-155.0,-157.0,-156.5,-157.0,-157.0,-156.0,-155.5,-154.0,-152.5,-155.5,-157.0,-154.5,-149.0,-149.5,-149.5,-153.5,-157.0,-157.0,-157.0,-153.0,-153.5,-157.0,-151.5,-150.0,-152.0,-156.5,-157.0,-157.0,-156.0,-152.5,-152.5,-154.0,-157.0,-157.0,-153.0,-154.5,-154.5,-156.0,-155.5,-155.5,-157.0,-157.0,-153.0,-157.0,-157.0,-149.5,-150.5,-157.0,-153.0,-152.5,-157.0,-155.0,-153.5,-157.0,-151.0
2026-01-17 13:48:25.767,143.049967,5,-77,-157.0,-157.0,-157.0,-154.5,-152.5,-152.5,-157.0,-153.5,-154.0,-157.0,-154.0,-155.0,-154.5,-152.5,-153.5,-152.5,-150.5,-153.5,-157.0,-157.0,-157.0,-157.0,-157.0,-157.0,-154.5,-157.0,-152.0,-156.0,-157.0,-151.5,-151.5,-156.0,-152.5,-155.5,-157.0,-157.0,-156.5,-157.0,-157.0,-153.0,-153.5,-156.0,-157.0,-156.5,-155.5,-157.0,-157.0,-154.0,-157.0,-149.5,-148.0,-152.5,-156.0,-157.0,-155.0,-155.0,-154.5,-151.0,-152.0,-157.0,-156.5,-155.0,-153.0,-152.0,-156.5,-153.0,-157.0,-157.0,-156.5,-157.0,-155.5,-150.5,-150.5,-152.5,-152.0,-154.0,-157.0,-155.5,-154.0,-155.0,-156.5,-152.0,-154.0,-157.0,-157.0,-155.0,-153.5,-157.0,-156.5,-157.0,-155.0,-157.0,-157.0,-157.0,-157.0,-157.0,-157.0,-155.0,-154.5,-156.0,-153.5,-153.0,-152.0,-157.0,-156.0,-157.0,-155.0,-157.0,-155.0,-155.5,-157.0,-157.0,-157.0,-151.5,-150.0,-157.0,-155.5,-157.0,-157.0,-154.0,-157.0,-154.0,-157.0,-157.0,-157.0,-157.0,-152.0,-151.0,-152.5,-154.5,-151.0,-149.5,-155.5,-157.0,-157.0,-157.0,-157.0,-155.0,-157.0,-157.0,-157.0,-157.0,-156.5,-157.0,-154.0,-157.0,-157.0,-157.0,-157.0,-156.5,-157.0,-157.0,-157.0,-157.0,-153.0,-152.5,-155.5,-157.0,-150.0,-150.5,-154.0,-157.0,-157.0,-157.0,-150.5,-151.5,-157.0,-154.0,-153.0,-157.0,-156.0,-151.5,-153.0,-156.0,-148.0,-150.5,-156.0,-154.5,-152.5,-153.5,-156.5,-154.5,-157.0,-157.0,-154.5,-157.0,-155.5,-156.5,-157.0,-157.0,-157.0,-157.0,-157.0,-157.0,-157.0,-157.0,-157.0,-156.5,-157.0,-156.5,-157.0,-157.0,-157.0,-152.0,-154.5,-154.5,-155.5,-157.0,-157.0,-157.0,-157.0,-157.0,-157.0,-155.0,-154.5,-154.0,-156.5,-152.0,-157.0,-157.0,-157.0,-157.0,-157.0,-157.0,-157.0,-151.0,-151.0,-151.5,-154.0,-157.0,-157.0,-157.0,-152.5,-152.0,-154.0,-154.0,-154.5,-155.5,-152.0,-157.0,-157.0,-153.5,-154.5,-157.0,-152.0,-152.0,-156.0,-157.0,-157.0,-157.0,-152.5,-157.0,-155.5,-156.5,-157.0,-157.0,-157.0,-157.0,-152.5,-152.0,-153.5,-151.5,-157.0,-157.0,-157.0,-157.0,-153.5,-153.5,-155.0,-152.5,-154.0,-156.0,-157.0,-157.0,-157.0,-157.0,-157.0,-157.0,-157.0,-157.0,-154.0,-154.5,-154.5,-157.0,-157.0,-157.0,-157.0,-157.0,-155.5,-155.0,-157.0,-157.0,-153.0,-152.0,-157.0,-155.5,-154.0,-157.0,-157.0,-157.0,-155.0,-154.0,-150.5,-152.5,-154.0,-157.0,-153.0,-156.5,-151.0,-153.0,-154.5,-152.5,-156.0,-157.0,-157.0,-157.0,-152.5,-154.5,-150.0,-152.0,-156.5,-157.0,-153.5,-155.0,-154.5,-156.5,-148.0,-149.5,-155.5,-156.0,-154.5,-155.5,-157.0,-157.0,-154.0,-152.0,-153.5,-157.0,-157.0,-157.0,-157.0,-151.5,-152.0,-152.0,-157.0,-157.0,-156.0,-157.0,-155.5,-157.0,-157.0,-157.0,-157.0,-156.0,-155.5,-153.0,-154.0,-151.0,-153.0,-152.5,-157.0,-154.5,-155.0,-157.0,-157.0,-157.0,-157.0,-157.0,-157.0,-157.0,-157.0,-157.0,-157.0,-157.0,-156.0,-157.0,-150.5,-154.0,-157.0,-157.0,-155.0,-154.0,-157.0,-154.0,-157.0,-156.0,-154.5,-157.0,-157.0,-157.0,-157.0,-154.0,-150.5,-156.5,-157.0,-157.0,-157.0,-157.0,-157.0,-154.5,-157.0,-157.0,-157.0,-157.0,-154.0,-155.0,-154.0,-157.0,-155.5,-157.0,-157.0,-157.0,-157.0,-154.0,-157.0,-157.0,-157.0,-157.0,-155.5,-154.0,-154.0,-155.5,-157.0,-157.0,-157.0,-157.0,-157.0,-157.0,-155.0,-157.0,-157.0,-157.0,-152.5,-150.0,-151.0,-155.0,-157.0,-157.0,-155.5,-150.5,-152.0,-157.0,-154.0,-154.0,-151.5,-157.0,-157.0,-152.5,-154.0,-156.0,-157.0,-151.0,-157.0,-157.0,-155.0,-152.0,-153.5,-157.0,-155.0,-155.5,-154.0,-152.5,-152.0,-155.0,-156.5,-148.0,-151.5,-157.0,-154.5,-157.0,-157.0,-157.0,-157.0,-155.0,-151.5
2026-01-17 13:48:25.803,143.049967,5,-77,-157.0,-157.0,-156.5,-152.0,-152.0,-155.5,-156.5,-153.0,-157.0,-157.0,-154.0,-151.0,-150.0,-151.5,-155.0,-157.0,-154.5,-155.0,-155.0,-156.5,-157.0,-157.0,-157.0,-157.0,-154.0,-154.5,-155.5,-153.5,-157.0,-154.0,-152.0,-155.5,-155.5,-157.0,-154.5,-157.0,-157.0,-157.0,-157.0,-153.5,-154.0,-156.5,-157.0,-156.0,-155.0,-157.0,-153.5,-152.0,-153.0,-148.5,-151.5,-152.5,-152.5,-155.5,-155.0,-157.0,-150.5,-150.0,-154.0,-156.0,-154.5,-157.0,-153.5,-155.5,-157.0,-156.5,-157.0,-157.0,-157.0,-156.5,-155.5,-155.5,-156.5,-151.0,-150.5,-157.0,-157.0,-155.0,-157.0,-157.0,-157.0,-153.5,-157.0,-157.0,-157.0,-151.5,-151.5,-157.0,-155.0,-157.0,-154.0,-157.0,-157.0,-157.0,-157.0,-157.0,-155.5,-153.5,-154.0,-157.0,-157.0,-152.5,-150.0,-153.5,-157.0,-157.0,-157.0,-157.0,-157.0,-157.0,-157.0,-157.0,-157.0,-150.5,-149.0,-152.0,-154.0,-157.0,-154.0,-152.0,-152.0,-154.5,-154.0,-157.0,-155.0,-157.0,-156.5,-157.0,-157.0,-152.5,-147.5,-150.0,-157.0,-157.0,-157.0,-157.0,-154.0,-154.5,-153.0,-157.0,-157.0,-157.0,-157.0,-157.0,-157.0,-157.0,-153.0,-154.0,-157.0,-156.0,-157.0,-157.0,-157.0,-157.0,-152.0,-154.5,-153.5,-157.0,-154.5,-154.0,-157.0,-157.0,-154.5,-151.5,-151.0,-152.0,-157.0,-157.0,-156.0,-152.5,-149.5,-150.0,-155.0,-157.0,-149.0,-152.0,-152.5,-155.5,-156.0,-152.0,-153.0,-156.0,-153.5,-157.0,-154.0,-157.0,-156.5,-156.0,-157.0,-157.0,-157.0,-157.0,-156.5,-157.0,-157.0,-157.0,-157.0,-156.0,-154.0,-154.5,-157.0,-157.0,-156.5,-152.5,-157.0,-157.0,-157.0,-155.0,-157.0,-157.0,-157.0,-157.0,-157.0,-157.0,-153.5,-155.5,-157.0,-151.0,-154.5,-157.0,-156.0,-157.0,-157.0,-157.0,-153.5,-157.0,-154.5,-150.0,-154.5,-157.0,-156.0,-156.0,-157.0,-157.0,-152.5,-152.0,-156.5,-157.0,-153.5,-157.0,-157.0,-157.0,-157.0,-157.0,-153.0,-156.5,-157.0,-157.0,-157.0,-153.0,-152.0,-157.0,-157.0,-157.0,-157.0,-157.0,-157.0,-157.0,-151.0,-152.0,-153.0,-152.0,-157.0,-156.0,-156.0,-154.0,-157.0,-157.0,-157.0,-155.0,-152.0,-152.5,-157.0,-157.0,-156.5,-154.5,-156.0,-157.0,-157.0,-157.0,-157.0,-154.5,-156.5,-157.0,-155.5,-157.0,-156.5,-156.0,-154.5,-157.0,-157.0,-155.0,-157.0,-151.5,-157.0,-157.0,-157.0,-155.5,-157.0,-157.0,-157.0,-157.0,-153.5,-153.5,-153.5,-157.0,-154.0,-157.0,-149.5,-155.0,-152.5,-150.0,-153.5,-157.0,-157.0,-151.5,-150.0,-152.0,-152.5,-157.0,-157.0,-157.0,-155.0,-154.5,-155.0,-154.5,-147.5,-149.5,-155.0,-157.0,-157.0,-157.0,-157.0,-156.0,-154.5,-152.0,-155.0,-157.0,-157.0,-157.0,-155.0,-150.0,-148.0,-152.5,-155.0,-157.0,-157.0,-156.5,-153.0,-157.0,-157.0,-157.0,-157.0,-153.5,-155.5,-156.0,-157.0,-156.0,-155.5,-151.0,-154.5,-157.0,-157.0,-157.0,-157.0,-157.0,-157.0,-157.0,-157.0,-153.5,-154.0,-157.0,-157.0,-157.0,-156.5,-157.0,-150.5,-153.5,-157.0,-157.0,-154.5,-151.0,-155.5,-156.0,-157.0,-157.0,-156.5,-157.0,-157.0,-157.0,-156.0,-152.0,-154.5,-157.0,-157.0,-157.0,-156.0,-154.5,-157.0,-155.5,-157.0,-157.0,-157.0,-157.0,-154.0,-157.0,-152.5,-155.0,-157.0,-157.0,-156.5,-157.0,-157.0,-153.5,-157.0,-157.0,-157.0,-153.0,-152.0,-155.0,-152.0,-153.5,-155.0,-157.0,-156.0,-157.0,-157.0,-157.0,-157.0,-157.0,-153.0,-156.5,-157.0,-155.0,-157.0,-157.0,-157.0,-157.0,-152.5,-151.0,-156.0,-157.0,-157.0,-157.0,-153.0,-154.0,-157.0,-151.5,-154.5,-155.5,-153.5,-151.5,-157.0,-157.0,-157.0,-153.0,-156.0,-157.0,-157.0,-157.0,-153.0,-152.0,-152.5,-155.5,-153.0,-150.0,-152.5,-157.0,-154.0,-157.0,-157.0,-154.0,-157.0,-150.0,-153.0
2026-01-17 13:48:25.841,143.049967,5,-77,-157.0,-157.0,-157.0,-157.0,-157.0,-157.0,-157.0,-152.0,-157.0,-157.0,-157.0,-154.5,-153.0,-152.0,-157.0,-157.0,-156.5,-157.0,-152.0,-155.5,-157.0,-155.0,-156.5,-157.0,-156.0,-154.5,-156.5,-154.5,-152.5,-155.0,-151.5,-157.0,-157.0,-157.0,-150.0,-152.5,-157.0,-157.0,-157.0,-157.0,-157.0,-157.0,-157.0,-157.0,-157.0,-157.0,-155.5,-156.5,-155.0,-151.0,-157.0,-157.0,-156.5,-154.0,-157.0,-157.0,-150.5,-151.0,-150.0,-154.0,-155.5,-157.0,-155.5,-156.5,-157.0,-157.0,-157.0,-155.5,-157.0,-154.5,-153.0,-157.0,-155.0,-154.0,-150.0,-150.5,-157.0,-156.0,-157.0,-157.0,-157.0,-154.0,-155.5,-155.5,-154.5,-154.0,-154.0,-155.5,-153.0,-154.0,-155.5,-153.5,-157.0,-157.0,-157.0,-152.5,-151.0,-157.0,-157.0,-157.0,-155.5,-152.0,-153.5,-152.5,-152.0,-154.0,-157.0,-154.5,-156.0,-157.0,-157.0,-157.0,-157.0,-156.5,-154.5,-151.5,-157.0,-153.5,-153.0,-153.5,-154.0,-157.0,-152.0,-156.5,-152.0,-155.0,-157.0,-157.0,-157.0,-155.5,-150.5,-152.5,-155.5,-156.0,-155.5,-157.0,-154.5,-157.0,-152.0,-154.5,-157.0,-157.0,-157.0,-157.0,-157.0,-152.0,-151.5,-155.0,-157.0,-154.0,-153.5,-153.0,-155.0,-157.0,-152.0,-156.0,-156.0,-157.0,-157.0,-157.0,-157.0,-157.0,-151.0,-149.0,-157.0,-157.0,-157.0,-156.0,-154.0,-153.0,-150.5,-156.5,-157.0,-155.5,-149.5,-150.5,-150.0,-157.0,-157.0,-153.0,-150.0,-155.5,-152.0,-154.0,-154.0,-157.0,-154.5,-157.0,-157.0,-157.0,-152.0,-152.5,-153.0,-157.0,-153.0,-154.0,-157.0,-157.0,-155.5,-157.0,-157.0,-157.0,-154.5,-155.0,-157.0,-157.0,-157.0,-155.0,-157.0,-157.0,-157.0,-157.0,-157.0,-157.0,-153.0,-155.0,-157.0,-150.5,-152.0,-155.5,-154.5,-153.0,-156.0,-157.0,-152.0,-157.0,-157.0,-155.0,-157.0,-156.5,-157.0,-155.0,-157.0,-157.0,-154.5,-152.5,-153.5,-157.0,-152.5,-153.0,-155.5,-157.0,-157.0,-157.0,-157.0,-157.0,-155.5,-156.0,-157.0,-154.5,-155.0,-157.0,-157.0,-157.0,-157.0,-157.0,-157.0,-157.0,-155.5,-155.0,-155.0,-156.5,-157.0,-155.0,-157.0,-152.5,-153.0,-157.0,-157.0,-153.0,-150.0,-154.5,-157.0,-157.0,-153.5,-156.5,-157.0,-157.0,-157.0,-157.0,-157.0,-155.0,-157.0,-157.0,-156.5,-157.0,-157.0,-157.0,-157.0,-157.0,-157.0,-154.0,-154.5,-154.0,-156.0,-157.0,-153.0,-152.0,-155.5,-157.0,-157.0,-157.0,-154.5,-154.0,-153.5,-153.5,-152.5,-155.5,-150.0,-150.5,-150.0,-150.5,-153.5,-157.0,-157.0,-152.5,-155.0,-157.0,-155.0,-157.0,-155.5,-157.0,-157.0,-157.0,-155.0,-157.0,-152.5,-150.5,-152.5,-154.0,-153.0,-157.0,-157.0,-154.0,-157.0,-154.0,-156.5,-157.0,-157.0,-157.0,-154.0,-155.0,-150.5,-153.5,-152.5,-157.0,-157.0,-157.0,-154.0,-157.0,-157.0,-155.5,-157.0,-151.5,-149.5,-157.0,-157.0,-157.0,-157.0,-151.0,-156.0,-157.0,-157.0,-157.0,-155.0,-157.0,-157.0,-157.0,-155.5,-150.5,-153.0,-157.0,-157.0,-156.0,-156.0,-157.0,-152.0,-157.0,-156.0,-157.0,-152.0,-149.5,-153.5,-154.0,-157.0,-157.0,-156.5,-156.0,-157.0,-157.0,-152.5,-150.5,-152.5,-155.0,-157.0,-156.5,-153.0,-152.5,-157.0,-156.0,-157.0,-157.0,-156.5,-157.0,-156.5,-157.0,-151.0,-157.0,-157.0,-156.5,-157.0,-156.0,-153.0,-150.0,-151.5,-157.0,-157.0,-152.5,-154.5,-156.0,-151.5,-156.0,-157.0,-157.0,-151.5,-153.5,-157.0,-157.0,-157.0,-157.0,-149.0,-151.0,-157.0,-157.0,-156.0,-156.5,-152.5,-157.0,-154.5,-153.5,-154.5,-157.0,-157.0,-155.0,-154.5,-153.0,-157.0,-156.0,-157.0,-151.5,-152.5,-157.0,-157.0,-157.0,-157.0,-157.0,-157.0,-157.0,-157.0,-157.0,-156.5,-157.0,-157.0,-157.0,-153.0,-157.0,-154.5,-157.0,-153.5,-153.5,-155.5,-155.0,-157.0,-149.5,-153.5
2026-01-17 13:48:25.872,143.049967,5,-77,-157.0,-157.0,-157.0,-157.0,-157.0,-155.0,-155.0,-153.0,-155.5,-157.0,-153.0,-152.0,-155.0,-154.0,-154.0,-157.0,-156.5,-154.5,-152.5,-156.5,-157.0,-152.0,-153.5,-157.0,-157.0,-156.5,-157.0,-156.5,-150.5,-152.5,-153.0,-157.0,-157.0,-152.0,-150.0,-153.0,-157.0,-157.0,-157.0,-157.0,-157.0,-157.0,-157.0,-157.0,-154.5,-154.0,-153.0,-157.0,-155.5,-152.5,-157.0,-157.0,-157.0,-154.5,-157.0,-155.5,-151.5,-153.0,-149.5,-157.0,-157.0,-157.0,-157.0,-157.0,-157.0,-154.0,-153.0,-152.5,-157.0,-155.5,-154.5,-156.0,-155.0,-155.5,-151.0,-152.0,-157.0,-157.0,-157.0,-155.5,-157.0,-154.5,-155.5,-157.0,-152.5,-155.0,-154.0,-154.5,-153.0,-153.5,-157.0,-153.5,-157.0,-157.0,-157.0,-151.0,-150.0,-153.0,-157.0,-155.0,-155.5,-152.0,-157.0,-154.0,-151.0,-154.0,-157.0,-155.0,-157.0,-157.0,-157.0,-157.0,-157.0,-157.0,-157.0,-156.0,-157.0,-152.5,-154.5,-157.0,-157.0,-152.5,-150.0,-157.0,-152.0,-157.0,-157.0,-157.0,-157.0,-157.0,-155.5,-156.5,-157.0,-156.0,-157.0,-157.0,-156.0,-157.0,-156.0,-156.0,-157.0,-155.0,-154.0,-157.0,-153.5,-151.5,-153.5,-157.0,-157.0,-153.0,-152.0,-152.5,-152.5,-154.0,-154.0,-156.5,-157.0,-157.0,-157.0,-157.0,-157.0,-157.0,-148.0,-149.0,-157.0,-157.0,-157.0,-155.5,-153.0,-157.0,-154.5,-157.0,-157.0,-150.5,-150.5,-152.0,-154.0,-157.0,-157.0,-151.5,-153.0,-154.5,-154.5,-153.5,-152.0,-155.0,-155.5,-156.5,-157.0,-157.0,-151.0,-154.0,-155.5,-157.0,-153.0,-153.0,-157.0,-157.0,-157.0,-157.0,-157.0,-157.0,-157.0,-157.0,-157.0,-157.0,-157.0,-156.0,-157.0,-157.0,-155.0,-157.0,-157.0,-157.0,-152.5,-153.0,-157.0,-153.5,-155.5,-157.0,-155.0,-152.5,-154.0,-157.0,-151.5,-153.5,-157.0,-156.0,-157.0,-157.0,-157.0,-154.5,-157.0,-157.0,-157.0,-157.0,-156.0,-157.0,-155.0,-155.5,-153.5,-151.5,-154.5,-157.0,-157.0,-157.0,-155.5,-153.5,-156.0,-157.0,-154.0,-155.0,-157.0,-155.5,-156.0,-157.0,-154.0,-154.0,-157.0,-155.0,-156.0,-157.0,-157.0,-157.0,-157.0,-153.0,-154.5,-157.0,-154.5,-156.5,-149.5,-155.0,-157.0,-157.0,-154.0,-157.0,-157.0,-157.0,-153.5,-153.5,-157.0,-153.0,-154.0,-157.0,-157.0,-155.5,-155.5,-157.0,-157.0,-154.0,-157.0,-157.0,-154.0,-157.0,-157.0,-157.0,-152.5,-154.0,-157.0,-157.0,-157.0,-157.0,-154.0,-157.0,-155.5,-151.5,-151.0,-156.5,-155.5,-151.0,-153.0,-153.0,-149.5,-152.5,-157.0,-156.5,-157.0,-157.0,-156.0,-157.0,-152.5,-155.0,-157.0,-157.0,-154.5,-157.0,-157.0,-153.0,-156.0,-154.0,-153.0,-152.5,-155.5,-152.0,-156.0,-156.5,-157.0,-157.0,-156.0,-157.0,-157.0,-154.0,-155.5,-151.5,-151.0,-157.0,-157.0,-157.0,-154.0,-157.0,-152.0,-153.5,-157.0,-152.5,-150.0,-152.0,-157.0,-157.0,-157.0,-151.5,-153.5,-157.0,-157.0,-157.0,-151.0,-153.5,-157.0,-156.0,-150.0,-149.5,-156.0,-157.0,-156.5,-157.0,-149.5,-149.5,-151.5,-157.0,-155.5,-157.0,-157.0,-154.0,-157.0,-155.0,-157.0,-157.0,-157.0,-153.5,-154.0,-157.0,-157.0,-156.5,-151.5,-152.5,-153.0,-154.0,-156.5,-153.5,-154.5,-157.0,-157.0,-153.5,-151.0,-156.0,-157.0,-157.0,-150.5,-155.5,-157.0,-157.0,-157.0,-154.0,-155.5,-152.0,-151.5,-157.0,-157.0,-155.0,-157.0,-156.0,-155.0,-157.0,-157.0,-157.0,-150.5,-152.0,-157.0,-155.0,-153.5,-156.0,-151.0,-152.0,-154.5,-156.5,-155.0,-151.0,-151.0,-151.0,-153.5,-152.0,-153.0,-157.0,-154.5,-154.0,-156.5,-155.5,-157.0,-157.0,-157.0,-152.5,-157.0,-157.0,-157.0,-157.0,-157.0,-157.0,-157.0,-156.0,-155.0,-157.0,-156.5,-157.0,-157.0,-155.0,-151.5,-157.0,-157.0,-155.0,-157.0,-150.5,-153.5,-157.0,-156.0,-151.5,-157.0
2026-01-17 13:48:25.877,143.049967,5,-77,-157.0,-157.0,-157.0,-157.0,-157.0,-155.0,-155.0,-153.0,-155.5,-157.0,-153.0,-152.0,-155.0,-154.0,-154.0,-157.0,-156.5,-154.5,-152.5,-156.5,-157.0,-152.0,-153.5,-157.0,-157.0,-156.5,-157.0,-156.5,-150.5,-152.5,-153.0,-157.0,-157.0,-152.0,-150.0,-153.0,-157.0,-157.0,-157.0,-157.0,-157.0,-157.0,-157.0,-157.0,-154.5,-154.0,-153.0,-157.0,-155.5,-152.5,-157.0,-157.0,-157.0,-154.5,-157.0,-155.5,-151.5,-153.0,-149.5,-157.0,-157.0,-157.0,-157.0,-157.0,-157.0,-154.0,-153.0,-152.5,-157.0,-155.5,-154.5,-156.0,-155.0,-155.5,-151.0,-152.0,-157.0,-157.0,-157.0,-155.5,-157.0,-154.5,-155.5,-157.0,-152.5,-155.0,-154.0,-154.5,-153.0,-153.5,-157.0,-153.5,-157.0,-157.0,-157.0,-151.0,-150.0,-153.0,-157.0,-155.0,-155.5,-152.0,-157.0,-154.0,-151.0,-154.0,-157.0,-155.0,-157.0,-157.0,-157.0,-157.0,-157.0,-157.0,-157.0,-156.0,-157.0,-152.5,-154.5,-157.0,-157.0,-152.5,-150.0,-157.0,-152.0,-157.0,-157.0,-157.0,-157.0,-157.0,-155.5,-156.5,-157.0,-156.0,-157.0,-157.0,-156.0,-157.0,-156.0,-156.0,-157.0,-155.0,-154.0,-157.0,-153.5,-151.5,-153.5,-157.0,-157.0,-153.0,-152.0,-152.5,-152.5,-154.0,-154.0,-156.5,-157.0,-157.0,-157.0,-157.0,-157.0,-157.0,-148.0,-149.0,-157.0,-157.0,-157.0,-155.5,-153.0,-157.0,-154.5,-157.0,-157.0,-150.5,-150.5,-152.0,-154.0,-157.0,-157.0,-151.5,-153.0,-154.5,-154.5,-153.5,-152.0,-155.0,-155.5,-156.5,-157.0,-157.0,-151.0,-154.0,-155.5,-157.0,-153.0,-153.0,-157.0,-157.0,-157.0,-157.0,-157.0,-157.0,-157.0,-157.0,-157.0,-157.0,-157.0,-156.0,-157.0,-157.0,-155.0,-157.0,-157.0,-157.0,-152.5,-153.0,-157.0,-153.5,-155.5,-157.0,-155.0,-152.5,-154.0,-157.0,-151.5,-153.5,-157.0,-156.0,-157.0,-157.0,-157.0,-154.5,-157.0,-157.0,-157.0,-157.0,-156.0,-157.0,-155.0,-155.5,-153.5,-151.5,-154.5,-157.0,-157.0,-157.0,-155.5,-153.5,-156.0,-157.0,-154.0,-155.0,-157.0,-155.5,-156.0,-157.0,-154.0,-154.0,-157.0,-155.0,-156.0,-157.0,-157.0,-157.0,-157.0,-153.0,-154.5,-157.0,-154.5,-156.5,-149.5,-155.0,-157.0,-157.0,-154.0,-157.0,-157.0,-157.0,-153.5,-153.5,-157.0,-153.0,-154.0,-157.0,-157.0,-155.5,-155.5,-157.0,-157.0,-154.0,-157.0,-157.0,-154.0,-157.0,-157.0,-157.0,-152.5,-154.0,-157.0,-157.0,-157.0,-157.0,-154.0,-157.0,-155.5,-151.5,-151.0,-156.5,-155.5,-151.0,-153.0,-153.0,-149.5,-152.5,-157.0,-156.5,-157.0,-157.0,-156.0,-157.0,-152.5,-155.0,-157.0,-157.0,-154.5,-157.0,-157.0,-153.0,-156.0,-154.0,-153.0,-152.5,-155.5,-152.0,-156.0,-156.5,-157.0,-157.0,-156.0,-157.0,-157.0,-154.0,-155.5,-151.5,-151.0,-157.0,-157.0,-157.0,-154.0,-157.0,-152.0,-153.5,-157.0,-152.5,-150.0,-152.0,-157.0,-157.0,-157.0,-151.5,-153.5,-157.0,-157.0,-157.0,-151.0,-153.5,-157.0,-156.0,-150.0,-149.5,-156.0,-157.0,-156.5,-157.0,-149.5,-149.5,-151.5,-157.0,-155.5,-157.0,-157.0,-154.0,-157.0,-155.0,-157.0,-157.0,-157.0,-153.5,-154.0,-157.0,-157.0,-156.5,-151.5,-152.5,-153.0,-154.0,-156.5,-153.5,-154.5,-157.0,-157.0,-153.5,-151.0,-156.0,-157.0,-157.0,-150.5,-155.5,-157.0,-157.0,-157.0,-154.0,-155.5,-152.0,-151.5,-157.0,-157.0,-155.0,-157.0,-156.0,-155.0,-157.0,-157.0,-157.0,-150.5,-152.0,-157.0,-155.0,-153.5,-156.0,-151.0,-152.0,-154.5,-156.5,-155.0,-151.0,-151.0,-151.0,-153.5,-152.0,-153.0,-157.0,-154.5,-154.0,-156.5,-155.5,-157.0,-157.0,-157.0,-152.5,-157.0,-157.0,-157.0,-157.0,-157.0,-157.0,-157.0,-156.0,-155.0,-157.0,-156.5,-157.0,-157.0,-155.0,-151.5,-157.0,-157.0,-155.0,-157.0,-150.5,-153.5,-157.0,-156.0,-151.5,-157.0
2026-01-17 13:48:25.908,143.049967,5,-77,-157.0,-157.0,-157.0,-157.0,-154.0,-157.0,-157.0,-157.0,-157.0,-157.0,-151.0,-151.5,-157.0,-153.0,-153.0,-157.0,-157.0,-152.5,-154.0,-154.0,-157.0,-154.5,-154.5,-157.0,-157.0,-153.5,-153.0,-150.0,-151.5,-157.0,-157.0,-155.5,-156.0,-150.5,-155.0,-155.0,-157.0,-157.0,-157.0,-157.0,-157.0,-157.0,-157.0,-154.5,-151.5,-151.0,-150.5,-154.5,-152.5,-151.0,-155.5,-155.5,-156.0,-154.5,-155.0,-153.5,-151.5,-152.0,-151.0,-157.0,-157.0,-157.0,-156.5,-157.0,-157.0,-154.0,-153.0,-153.5,-157.0,-157.0,-157.0,-156.0,-155.5,-154.5,-156.5,-157.0,-157.0,-157.0,-156.5,-154.5,-157.0,-154.5,-157.0,-157.0,-150.5,-151.5,-153.0,-154.0,-154.5,-157.0,-157.0,-157.0,-157.0,-157.0,-157.0,-155.5,-155.5,-153.5,-153.0,-156.0,-157.0,-155.5,-156.0,-151.0,-152.5,-157.0,-157.0,-157.0,-157.0,-157.0,-157.0,-157.0,-157.0,-157.0,-157.0,-157.0,-156.0,-157.0,-156.5,-157.0,-157.0,-151.5,-151.0,-156.5,-150.0,-152.0,-157.0,-157.0,-157.0,-157.0,-157.0,-157.0,-157.0,-157.0,-157.0,-157.0,-157.0,-157.0,-157.0,-157.0,-157.0,-154.0,-150.5,-154.5,-152.5,-156.5,-157.0,-155.5,-156.5,-153.5,-152.0,-157.0,-155.5,-157.0,-157.0,-156.5,-154.5,-154.0,-155.5,-157.0,-157.0,-157.0,-150.0,-149.0,-157.0,-157.0,-157.0,-157.0,-155.5,-157.0,-152.5,-154.0,-156.5,-152.0,-157.0,-157.0,-157.0,-157.0,-156.5,-153.5,-157.0,-157.0,-157.0,-155.5,-152.0,-156.0,-157.0,-155.0,-157.0,-157.0,-154.0,-157.0,-156.0,-157.0,-156.5,-156.5,-157.0,-155.5,-157.0,-154.5,-156.0,-157.0,-157.0,-155.0,-157.0,-157.0,-157.0,-152.0,-154.5,-157.0,-154.5,-157.0,-157.0,-157.0,-156.0,-154.5,-156.0,-152.0,-152.0,-153.0,-153.0,-157.0,-153.5,-157.0,-154.0,-149.5,-157.0,-153.0,-157.0,-157.0,-157.0,-151.0,-152.0,-153.5,-157.0,-154.5,-152.5,-156.0,-153.0,-157.0,-153.5,-152.5,-157.0,-157.0,-154.0,-153.0,-157.0,-153.5,-157.0,-156.5,-153.5,-155.0,-157.0,-157.0,-157.0,-157.0,-157.0,-155.5,-153.0,-151.5,-156.0,-157.0,-155.5,-157.0,-154.0,-154.5,-157.0,-153.0,-149.5,-154.0,-151.0,-154.0,-157.0,-157.0,-155.0,-157.0,-157.0,-157.0,-155.0,-154.0,-156.5,-155.5,-154.0,-157.0,-157.0,-154.5,-152.0,-153.5,-157.0,-152.5,-155.5,-154.5,-152.5,-156.0,-157.0,-157.0,-157.0,-157.0,-157.0,-156.5,-157.0,-157.0,-153.0,-157.0,-155.0,-155.5,-153.0,-155.0,-155.5,-156.0,-155.5,-154.5,-151.0,-150.0,-153.5,-155.0,-156.5,-157.0,-152.5,-154.5,-154.0,-157.0,-157.0,-157.0,-152.5,-157.0,-157.0,-157.0,-157.0,-157.0,-157.0,-151.0,-152.0,-154.5,-156.5,-155.0,-157.0,-153.0,-152.5,-155.0,-157.0,-153.0,-157.0,-157.0,-153.5,-157.0,-152.5,-152.5,-151.0,-152.0,-151.5,-157.0,-156.5,-157.0,-152.5,-151.0,-157.0,-155.5,-155.5,-155.5,-154.0,-154.0,-157.0,-155.5,-152.0,-155.5,-157.0,-157.0,-153.0,-152.0,-157.0,-157.0,-153.0,-156.5,-147.0,-147.5,-148.5,-157.0,-157.0,-157.0,-157.0,-157.0,-157.0,-157.0,-156.0,-153.5,-156.5,-155.5,-157.0,-157.0,-157.0,-157.0,-155.5,-156.5,-150.5,-153.5,-157.0,-153.0,-151.0,-157.0,-157.0,-154.0,-151.0,-157.0,-152.0,-153.5,-152.5,-156.5,-157.0,-157.0,-153.0,-152.0,-154.5,-154.5,-155.0,-157.0,-157.0,-157.0,-157.0,-157.0,-157.0,-157.0,-157.0,-157.0,-152.0,-151.5,-157.0,-152.0,-152.0,-157.0,-157.0,-157.0,-156.0,-157.0,-157.0,-153.0,-153.5,-149.0,-153.5,-156.0,-157.0,-157.0,-155.5,-154.5,-156.0,-157.0,-157.0,-157.0,-157.0,-153.0,-157.0,-157.0,-157.0,-157.0,-157.0,-157.0,-157.0,-157.0,-151.5,-157.0,-155.5,-157.0,-154.5,-149.5,-151.0,-157.0,-157.0,-154.5,-152.0,-149.5,-153.0,-157.0,-157.0,-156.0,-157.0
2026-01-17 13:48:25.938,143.049967,5,-77,-157.0,-157.0,-156.0,-156.0,-152.5,-157.0,-157.0,-156.0,-157.0,-157.0,-154.0,-157.0,-156.0,-152.0,-151.5,-154.5,-157.0,-157.0,-157.0,-154.5,-157.0,-157.0,-157.0,-157.0,-157.0,-153.0,-156.0,-151.5,-155.5,-157.0,-157.0,-157.0,-153.0,-151.0,-154.0,-153.0,-157.0,-153.5,-157.0,-157.0,-154.5,-153.0,-151.5,-152.0,-151.5,-149.0,-155.0,-153.5,-154.0,-153.0,-155.0,-154.0,-157.0,-156.5,-153.0,-157.0,-153.0,-150.5,-150.0,-150.5,-151.5,-157.0,-153.0,-157.0,-155.5,-153.0,-157.0,-155.5,-155.0,-155.0,-157.0,-157.0,-157.0,-156.0,-157.0,-157.0,-157.0,-157.0,-156.0,-156.5,-157.0,-151.5,-152.5,-157.0,-150.5,-150.0,-155.0,-157.0,-157.0,-156.5,-157.0,-157.0,-157.0,-157.0,-155.0,-157.0,-157.0,-157.0,-154.0,-156.5,-156.0,-157.0,-157.0,-153.5,-156.0,-157.0,-156.5,-157.0,-157.0,-157.0,-157.0,-157.0,-157.0,-157.0,-157.0,-154.0,-153.5,-157.0,-156.0,-157.0,-156.5,-156.0,-157.0,-154.5,-152.5,-152.5,-154.5,-157.0,-157.0,-157.0,-157.0,-157.0,-157.0,-157.0,-157.0,-157.0,-157.0,-156.5,-157.0,-154.0,-152.5,-157.0,-153.5,-152.0,-149.5,-155.5,-157.0,-157.0,-157.0,-154.5,-155.0,-157.0,-156.0,-157.0,-157.0,-157.0,-151.0,-153.0,-154.5,-157.0,-156.0,-157.0,-156.5,-151.0,-154.5,-157.0,-154.5,-156.0,-156.5,-154.5,-152.0,-151.0,-157.0,-155.0,-157.0,-157.0,-157.0,-157.0,-154.5,-157.0,-157.0,-157.0,-156.0,-154.5,-152.5,-157.0,-157.0,-157.0,-157.0,-157.0,-154.0,-157.0,-153.0,-153.0,-153.0,-157.0,-157.0,-157.0,-157.0,-155.0,-157.0,-156.0,-155.5,-152.5,-157.0,-156.5,-155.0,-150.5,-153.5,-157.0,-153.0,-151.5,-153.0,-155.5,-157.0,-157.0,-154.0,-156.0,-153.0,-151.0,-151.5,-156.0,-151.5,-157.0,-151.5,-148.5,-149.0,-149.0,-157.0,-156.5,-155.5,-147.5,-149.5,-156.0,-155.5,-153.5,-151.5,-153.5,-154.0,-157.0,-157.0,-155.0,-154.5,-152.5,-149.5,-149.5,-157.0,-153.5,-153.0,-155.0,-153.0,-157.0,-157.0,-157.0,-157.0,-157.0,-157.0,-155.5,-154.0,-153.0,-157.0,-157.0,-154.0,-157.0,-153.0,-157.0,-156.5,-152.0,-148.5,-152.5,-152.0,-157.0,-157.0,-157.0,-157.0,-157.0,-157.0,-157.0,-157.0,-155.0,-154.0,-157.0,-156.0,-157.0,-157.0,-157.0,-154.0,-157.0,-156.5,-152.0,-157.0,-149.5,-151.0,-157.0,-154.5,-155.5,-157.0,-157.0,-157.0,-155.0,-152.5,-154.0,-152.0,-157.0,-155.5,-155.5,-155.5,-156.0,-154.5,-156.0,-157.0,-152.5,-157.0,-153.0,-151.0,-152.5,-157.0,-157.0,-151.0,-150.5,-153.0,-157.0,-157.0,-155.5,-152.0,-154.5,-157.0,-157.0,-157.0,-157.0,-157.0,-154.5,-157.0,-157.0,-155.5,-155.0,-154.5,-152.0,-157.0,-157.0,-156.0,-152.5,-156.5,-157.0,-156.5,-155.5,-153.0,-152.0,-150.5,-157.0,-155.0,-157.0,-155.5,-157.0,-152.0,-152.5,-157.0,-157.0,-157.0,-157.0,-156.0,-150.0,-155.5,-155.0,-153.0,-157.0,-157.0,-157.0,-157.0,-155.5,-154.5,-155.5,-151.5,-152.5,-150.5,-152.0,-153.0,-157.0,-157.0,-157.0,-157.0,-157.0,-157.0,-157.0,-157.0,-156.0,-157.0,-156.5,-157.0,-155.5,-155.0,-155.0,-156.5,-157.0,-153.0,-154.0,-157.0,-153.0,-151.5,-157.0,-157.0,-157.0,-156.0,-157.0,-150.5,-151.5,-153.0,-157.0,-157.0,-153.0,-152.5,-155.5,-155.5,-157.0,-157.0,-157.0,-157.0,-157.0,-157.0,-156.5,-157.0,-153.5,-152.0,-157.0,-153.5,-154.0,-154.0,-152.0,-155.0,-157.0,-157.0,-157.0,-157.0,-156.0,-155.0,-156.0,-149.5,-149.0,-151.0,-157.0,-157.0,-157.0,-156.0,-154.5,-152.5,-157.0,-157.0,-157.0,-157.0,-154.5,-154.5,-157.0,-157.0,-157.0,-157.0,-157.0,-157.0,-157.0,-151.5,-157.0,-157.0,-157.0,-153.5,-149.5,-157.0,-155.0,-154.5,-157.0,-151.0,-152.0,-157.0,-157.0,-154.0,-154.5,-156.5
2026-01-17 13:48:25.968,143.049967,5,-77,-157.0,-157.0,-157.0,-152.5,-152.5,-157.0,-156.5,-151.0,-151.0,-155.0,-155.0,-157.0,-156.0,-156.5,-155.5,-157.0,-157.0,-157.0,-157.0,-157.0,-157.0,-157.0,-157.0,-156.0,-157.0,-153.5,-154.5,-153.0,-156.0,-155.5,-157.0,-157.0,-152.0,-151.5,-152.0,-154.0,-157.0,-149.5,-151.5,-154.5,-153.5,-152.5,-151.5,-154.5,-150.5,-148.0,-157.0,-151.5,-151.5,-156.5,-157.0,-155.5,-155.5,-157.0,-153.5,-157.0,-151.0,-150.5,-152.0,-148.0,-149.0,-155.5,-152.0,-156.5,-157.0,-152.0,-157.0,-157.0,-155.0,-152.0,-157.0,-157.0,-155.5,-154.5,-156.5,-157.0,-156.0,-157.0,-155.0,-154.5,-157.0,-153.0,-156.0,-157.0,-155.0,-153.0,-157.0,-157.0,-157.0,-154.5,-155.5,-154.0,-157.0,-155.5,-152.0,-154.0,-157.0,-157.0,-151.5,-151.5,-157.0,-157.0,-155.0,-157.0,-157.0,-157.0,-157.0,-157.0,-157.0,-157.0,-157.0,-155.5,-157.0,-157.0,-157.0,-155.0,-156.5,-157.0,-155.0,-155.0,-157.0,-157.0,-157.0,-157.0,-157.0,-157.0,-157.0,-157.0,-157.0,-157.0,-155.0,-153.0,-157.0,-157.0,-154.5,-157.0,-153.5,-152.0,-157.0,-151.0,-153.5,-155.0,-154.5,-151.0,-151.0,-153.0,-157.0,-157.0,-157.0,-156.0,-155.0,-156.0,-153.5,-154.5,-157.0,-156.0,-151.5,-151.5,-153.5,-155.0,-153.0,-157.0,-156.0,-154.5,-157.0,-157.0,-153.5,-157.0,-152.5,-152.5,-157.0,-153.0,-157.0,-157.0,-157.0,-157.0,-157.0,-157.0,-152.5,-157.0,-157.0,-157.0,-155.5,-157.0,-151.5,-155.0,-157.0,-157.0,-157.0,-152.5,-152.0,-156.5,-153.5,-157.0,-153.0,-153.5,-154.5,-157.0,-155.0,-153.5,-157.0,-153.5,-157.0,-152.5,-150.0,-151.0,-154.5,-152.0,-155.5,-157.0,-157.0,-151.0,-151.5,-157.0,-156.0,-156.0,-157.0,-157.0,-157.0,-157.0,-156.0,-153.5,-148.5,-152.0,-153.0,-154.5,-152.5,-149.5,-157.0,-155.5,-157.0,-148.5,-151.0,-154.0,-152.0,-151.5,-157.0,-155.5,-157.0,-157.0,-152.0,-151.5,-157.0,-150.5,-151.0,-149.0,-157.0,-157.0,-151.5,-157.0,-155.5,-157.0,-157.0,-157.0,-157.0,-157.0,-153.5,-151.5,-157.0,-157.0,-157.0,-157.0,-153.5,-155.0,-151.5,-156.5,-152.5,-150.0,-152.5,-157.0,-152.0,-156.0,-157.0,-157.0,-157.0,-157.0,-155.5,-157.0,-157.0,-157.0,-155.5,-157.0,-153.0,-157.0,-157.0,-157.0,-156.5,-157.0,-157.0,-153.0,-157.0,-151.5,-154.0,-157.0,-157.0,-157.0,-154.5,-156.5,-156.0,-153.5,-151.5,-150.0,-155.5,-157.0,-154.0,-151.5,-157.0,-156.5,-157.0,-156.5,-153.0,-152.5,-155.5,-155.5,-153.0,-156.5,-157.0,-157.0,-153.0,-150.0,-148.5,-154.5,-150.5,-152.0,-152.5,-154.0,-157.0,-157.0,-157.0,-157.0,-157.0,-157.0,-156.5,-157.0,-153.5,-155.5,-156.5,-154.5,-157.0,-157.0,-157.0,-154.0,-157.0,-157.0,-157.0,-157.0,-157.0,-154.0,-149.0,-150.0,-155.5,-153.0,-155.5,-157.0,-154.0,-157.0,-157.0,-157.0,-157.0,-157.0,-157.0,-150.5,-155.0,-156.0,-152.5,-153.0,-157.0,-156.0,-157.0,-155.5,-155.5,-157.0,-153.5,-153.0,-154.0,-155.0,-157.0,-157.0,-156.5,-157.0,-157.0,-156.5,-157.0,-155.0,-152.5,-154.0,-155.0,-157.0,-157.0,-149.0,-148.5,-152.5,-157.0,-157.0,-157.0,-154.5,-156.5,-153.5,-155.0,-157.0,-157.0,-157.0,-157.0,-157.0,-153.0,-153.5,-151.5,-152.5,-157.0,-154.5,-155.5,-157.0,-157.0,-157.0,-157.0,-157.0,-157.0,-156.5,-157.0,-157.0,-157.0,-155.0,-152.0,-157.0,-153.5,-154.5,-152.0,-156.5,-155.0,-157.0,-156.5,-157.0,-154.5,-151.0,-152.0,-157.0,-150.0,-152.5,-154.5,-157.0,-157.0,-156.5,-154.5,-155.0,-151.5,-156.5,-152.5,-154.5,-157.0,-155.5,-153.0,-155.5,-155.0,-157.0,-157.0,-157.0,-157.0,-157.0,-156.5,-157.0,-157.0,-155.0,-153.5,-150.5,-157.0,-154.0,-156.0,-157.0,-156.5,-157.0,-157.0,-156.0,-154.0,-154.0,-157.0
2026-01-17 13:48:26.003,143.049967,5,-77,-157.0,-157.0,-157.0,-153.5,-157.0,-157.0,-153.0,-150.5,-150.0,-157.0,-154.5,-156.0,-155.0,-157.0,-156.5,-157.0,-157.0,-157.0,-155.5,-156.0,-157.0,-157.0,-157.0,-157.0,-157.0,-157.0,-151.0,-151.5,-157.0,-157.0,-156.5,-157.0,-157.0,-151.0,-152.5,-157.0,-157.0,-149.0,-149.0,-152.5,-150.5,-151.5,-157.0,-157.0,-153.0,-150.0,-157.0,-149.5,-149.0,-154.0,-157.0,-157.0,-153.5,-153.5,-152.0,-156.5,-152.0,-157.0,-155.5,-151.0,-154.0,-157.0,-154.0,-157.0,-157.0,-153.0,-157.0,-155.5,-152.5,-151.5,-157.0,-157.0,-154.0,-152.0,-157.0,-157.0,-152.0,-155.0,-155.0,-155.0,-151.5,-153.0,-157.0,-154.5,-155.0,-156.0,-157.0,-157.0,-157.0,-155.5,-154.0,-152.5,-157.0,-156.5,-156.5,-153.0,-152.0,-152.0,-150.5,-150.5,-157.0,-156.5,-152.0,-152.5,-157.0,-157.0,-157.0,-156.5,-157.0,-156.0,-157.0,-153.5,-154.0,-157.0,-156.5,-153.5,-157.0,-157.0,-157.0,-155.5,-157.0,-155.5,-156.0,-157.0,-157.0,-157.0,-157.0,-157.0,-152.0,-153.0,-152.0,-150.5,-156.5,-155.0,-155.0,-152.0,-152.5,-153.0,-157.0,-152.5,-157.0,-154.5,-154.5,-155.0,-157.0,-157.0,-157.0,-157.0,-157.0,-157.0,-152.5,-157.0,-156.5,-155.5,-156.0,-153.5,-153.0,-151.0,-155.5,-152.5,-153.0,-157.0,-156.0,-157.0,-157.0,-157.0,-152.0,-157.0,-153.5,-155.5,-157.0,-156.0,-157.0,-156.0,-157.0,-157.0,-157.0,-155.5,-152.0,-153.5,-157.0,-157.0,-157.0,-157.0,-153.5,-155.5,-155.5,-155.0,-157.0,-154.0,-154.0,-156.5,-157.0,-157.0,-156.5,-154.0,-151.0,-150.0,-150.5,-154.5,-156.5,-154.0,-157.0,-157.0,-148.5,-151.0,-156.0,-157.0,-152.5,-152.0,-157.0,-155.0,-154.5,-156.5,-155.5,-155.0,-157.0,-157.0,-157.0,-157.0,-157.0,-152.5,-149.0,-152.0,-157.0,-157.0,-157.0,-153.5,-154.0,-155.5,-157.0,-151.0,-154.5,-151.0,-153.5,-149.5,-153.5,-157.0,-157.0,-154.5,-148.0,-148.5,-157.0,-154.5,-154.0,-150.0,-157.0,-157.0,-151.5,-154.5,-157.0,-157.0,-157.0,-156.0,-157.0,-157.0,-155.5,-152.0,-157.0,-157.0,-157.0,-157.0,-156.0,-154.0,-150.0,-153.5,-152.5,-149.0,-157.0,-157.0,-150.5,-157.0,-153.5,-157.0,-157.0,-155.0,-154.0,-157.0,-157.0,-157.0,-157.0,-151.5,-151.5,-152.5,-157.0,-157.0,-154.0,-155.5,-157.0,-153.0,-157.0,-156.0,-157.0,-157.0,-157.0,-157.0,-153.0,-154.5,-154.5,-154.5,-157.0,-152.0,-155.0,-156.5,-154.0,-152.0,-157.0,-153.5,-155.5,-153.5,-152.0,-154.0,-157.0,-156.0,-156.5,-157.0,-157.0,-157.0,-157.0,-157.0,-148.5,-156.5,-151.5,-153.5,-153.5,-157.0,-157.0,-157.0,-157.0,-157.0,-157.0,-157.0,-153.0,-156.0,-154.0,-152.5,-153.0,-157.0,-154.0,-155.5,-154.0,-156.0,-157.0,-157.0,-157.0,-157.0,-157.0,-157.0,-150.0,-149.5,-155.0,-153.5,-157.0,-157.0,-156.5,-157.0,-157.0,-157.0,-157.0,-157.0,-157.0,-154.5,-157.0,-156.5,-151.5,-151.5,-154.5,-154.0,-157.0,-153.5,-154.0,-157.0,-157.0,-157.0,-154.5,-153.5,-157.0,-157.0,-157.0,-157.0,-153.5,-153.5,-157.0,-152.0,-150.5,-156.5,-151.5,-156.5,-156.0,-150.0,-149.0,-156.0,-157.0,-153.5,-153.0,-157.0,-154.0,-155.5,-157.0,-157.0,-157.0,-157.0,-157.0,-157.0,-157.0,-155.5,-152.5,-152.0,-157.0,-157.0,-157.0,-157.0,-157.0,-157.0,-156.5,-157.0,-157.0,-154.5,-156.5,-155.5,-155.5,-157.0,-152.5,-154.5,-155.5,-151.0,-156.0,-152.0,-151.0,-155.0,-155.5,-157.0,-152.0,-153.0,-157.0,-157.0,-155.0,-157.0,-156.0,-156.5,-156.0,-156.0,-157.0,-157.0,-152.0,-152.0,-150.0,-153.5,-157.0,-154.5,-152.5,-157.0,-156.0,-157.0,-157.0,-157.0,-157.0,-157.0,-157.0,-157.0,-155.5,-156.5,-151.5,-154.0,-156.0,-156.5,-156.5,-154.0,-157.0,-157.0,-155.5,-157.0,-157.0,-157.0,-156.0
2026-01-17 13:48:26.039,143.049967,5,-77,-157.0,-157.0,-157.0,-155.0,-157.0,-157.0,-152.5,-154.0,-156.5,-155.5,-155.0,-157.0,-155.0,-155.5,-156.5,-157.0,-157.0,-157.0,-156.0,-155.0,-157.0,-157.0,-157.0,-157.0,-157.0,-157.0,-154.0,-156.0,-157.0,-157.0,-153.5,-153.0,-157.0,-150.0,-155.5,-157.0,-157.0,-152.5,-153.5,-154.0,-153.0,-152.5,-156.5,-157.0,-157.0,-152.0,-157.0,-152.0,-154.0,-157.0,-157.0,-157.0,-157.0,-157.0,-154.0,-154.5,-152.0,-152.0,-152.5,-153.5,-157.0,-157.0,-157.0,-157.0,-157.0,-154.5,-155.5,-152.5,-151.0,-155.5,-157.0,-157.0,-156.5,-151.5,-157.0,-155.0,-151.5,-152.5,-153.0,-157.0,-152.5,-152.5,-153.0,-151.5,-157.0,-157.0,-157.0,-157.0,-157.0,-153.0,-150.5,-152.5,-157.0,-157.0,-157.0,-156.5,-154.5,-150.5,-154.0,-156.0,-156.5,-157.0,-154.5,-151.5,-157.0,-157.0,-157.0,-155.5,-157.0,-157.0,-154.0,-153.0,-152.0,-157.0,-157.0,-153.5,-154.5,-155.5,-156.0,-153.5,-157.0,-152.5,-152.5,-157.0,-157.0,-157.0,-157.0,-157.0,-150.0,-151.0,-151.5,-151.0,-157.0,-152.0,-155.0,-153.5,-156.5,-157.0,-153.0,-152.0,-154.0,-154.5,-156.0,-157.0,-155.5,-157.0,-155.0,-154.5,-157.0,-157.0,-150.5,-152.0,-157.0,-156.5,-153.5,-153.0,-154.0,-156.5,-155.5,-157.0,-156.5,-157.0,-153.5,-153.0,-153.5,-151.0,-149.5,-153.0,-155.5,-157.0,-157.0,-157.0,-155.0,-155.5,-156.0,-157.0,-157.0,-157.0,-154.5,-154.5,-157.0,-157.0,-157.0,-157.0,-154.0,-157.0,-157.0,-157.0,-157.0,-157.0,-157.0,-157.0,-157.0,-157.0,-157.0,-153.5,-149.5,-150.0,-150.0,-156.0,-151.5,-152.5,-157.0,-155.5,-151.5,-157.0,-153.0,-154.0,-151.5,-151.5,-157.0,-155.0,-155.0,-157.0,-157.0,-155.5,-157.0,-157.0,-157.0,-157.0,-157.0,-154.0,-152.0,-154.5,-155.5,-157.0,-157.0,-156.5,-156.5,-157.0,-154.5,-154.0,-157.0,-150.0,-156.0,-153.5,-152.0,-157.0,-155.5,-157.0,-152.5,-151.0,-157.0,-157.0,-154.0,-153.0,-155.5,-155.5,-155.0,-154.5,-156.0,-152.5,-153.0,-153.0,-157.0,-154.5,-157.0,-153.5,-153.0,-157.0,-157.0,-157.0,-157.0,-156.5,-149.5,-153.0,-157.0,-151.5,-157.0,-157.0,-153.0,-153.5,-150.0,-151.5,-157.0,-155.5,-157.0,-157.0,-157.0,-157.0,-157.0,-154.0,-157.0,-156.5,-157.0,-155.5,-153.0,-152.5,-157.0,-151.5,-157.0,-157.0,-157.0,-157.0,-157.0,-157.0,-157.0,-157.0,-155.0,-157.0,-157.0,-153.0,-152.0,-157.0,-157.0,-155.5,-157.0,-152.5,-153.5,-153.0,-157.0,-157.0,-157.0,-155.5,-155.5,-153.5,-156.5,-157.0,-157.0,-151.5,-148.5,-157.0,-155.0,-156.5,-156.5,-156.5,-157.0,-157.0,-153.5,-153.5,-157.0,-154.0,-152.0,-157.0,-157.0,-155.5,-152.5,-153.0,-156.0,-157.0,-156.0,-157.0,-157.0,-157.0,-157.0,-157.0,-157.0,-157.0,-157.0,-157.0,-155.0,-153.5,-157.0,-157.0,-157.0,-157.0,-157.0,-157.0,-157.0,-157.0,-157.0,-156.5,-155.5,-155.0,-154.5,-156.0,-154.5,-157.0,-157.0,-157.0,-154.5,-156.0,-157.0,-157.0,-157.0,-157.0,-157.0,-157.0,-154.0,-155.0,-153.5,-154.0,-156.5,-153.0,-154.5,-156.0,-152.0,-156.5,-157.0,-157.0,-157.0,-157.0,-157.0,-153.0,-153.0,-157.0,-154.5,-157.0,-155.5,-157.0,-157.0,-157.0,-153.0,-152.0,-157.0,-157.0,-154.0,-155.0,-157.0,-154.5,-155.5,-157.0,-157.0,-156.0,-153.0,-157.0,-157.0,-153.0,-154.0,-152.5,-157.0,-157.0,-157.0,-151.5,-155.5,-150.0,-150.5,-150.0,-152.5,-156.0,-156.5,-154.0,-153.0,-157.0,-157.0,-157.0,-157.0,-157.0,-155.0,-154.5,-157.0,-157.0,-157.0,-157.0,-151.0,-151.0,-155.0,-157.0,-157.0,-153.0,-150.5,-154.0,-154.5,-157.0,-157.0,-157.0,-157.0,-157.0,-157.0,-155.5,-152.5,-157.0,-152.5,-156.0,-157.0,-157.0,-155.0,-152.0,-156.0,-157.0,-155.0,-157.0,-157.0,-157.0,-153.0
2026-01-17 13:48:26.072,143.049967,5,-77,-157.0,-157.0,-154.5,-157.0,-154.5,-155.0,-154.0,-154.5,-157.0,-156.5,-157.0,-157.0,-155.5,-152.0,-155.5,-157.0,-157.0,-157.0,-157.0,-156.5,-157.0,-156.0,-157.0,-157.0,-157.0,-157.0,-154.5,-157.0,-157.0,-155.0,-155.0,-153.0,-157.0,-151.5,-151.0,-157.0,-157.0,-157.0,-157.0,-157.0,-157.0,-151.0,-153.5,-157.0,-157.0,-153.0,-157.0,-154.0,-157.0,-157.0,-157.0,-157.0,-157.0,-157.0,-157.0,-154.5,-152.0,-153.0,-152.0,-154.0,-157.0,-157.0,-157.0,-157.0,-157.0,-155.0,-154.0,-155.0,-156.0,-157.0,-157.0,-155.5,-150.5,-152.0,-157.0,-157.0,-157.0,-154.5,-154.0,-157.0,-154.0,-155.5,-150.0,-153.0,-156.5,-153.5,-154.5,-153.5,-157.0,-149.5,-149.5,-152.5,-157.0,-157.0,-157.0,-157.0,-153.0,-150.5,-157.0,-157.0,-154.0,-157.0,-156.5,-153.0,-157.0,-157.0,-157.0,-157.0,-156.5,-155.5,-152.0,-155.0,-152.0,-153.5,-155.0,-154.0,-156.5,-154.0,-152.5,-155.0,-157.0,-152.0,-152.0,-157.0,-155.0,-157.0,-157.0,-157.0,-151.5,-153.0,-157.0,-156.0,-155.5,-151.5,-154.0,-157.0,-155.0,-156.5,-155.5,-152.5,-150.5,-153.0,-152.5,-150.5,-151.0,-157.0,-157.0,-154.0,-157.0,-157.0,-151.5,-152.0,-153.0,-157.0,-151.0,-154.0,-155.0,-157.0,-157.0,-157.0,-157.0,-156.0,-155.0,-154.0,-153.0,-152.5,-152.5,-157.0,-157.0,-157.0,-157.0,-157.0,-156.0,-157.0,-156.0,-157.0,-157.0,-157.0,-155.5,-154.5,-154.5,-155.0,-157.0,-157.0,-151.5,-153.0,-157.0,-157.0,-157.0,-157.0,-156.5,-157.0,-157.0,-151.0,-151.0,-156.0,-152.0,-155.5,-151.5,-155.5,-151.5,-154.0,-157.0,-155.0,-154.0,-157.0,-155.0,-154.0,-155.5,-154.5,-157.0,-153.5,-154.5,-157.0,-157.0,-155.0,-157.0,-154.5,-156.5,-157.0,-157.0,-157.0,-154.5,-150.5,-151.0,-157.0,-157.0,-156.0,-157.0,-157.0,-155.5,-156.0,-155.5,-152.5,-157.0,-157.0,-154.0,-157.0,-157.0,-155.0,-157.0,-152.5,-153.0,-157.0,-157.0,-157.0,-157.0,-155.5,-156.5,-155.0,-154.5,-154.0,-154.0,-154.5,-153.5,-152.5,-157.0,-157.0,-153.0,-156.5,-157.0,-157.0,-157.0,-155.5,-150.5,-157.0,-157.0,-153.0,-155.0,-157.0,-156.5,-157.0,-153.0,-154.0,-157.0,-155.0,-157.0,-156.0,-157.0,-155.5,-157.0,-157.0,-155.0,-156.5,-154.5,-155.0,-156.0,-153.0,-157.0,-152.0,-156.0,-157.0,-157.0,-157.0,-157.0,-157.0,-156.5,-153.5,-152.0,-157.0,-157.0,-154.0,-156.0,-157.0,-156.5,-157.0,-156.5,-156.0,-154.0,-150.5,-155.0,-157.0,-154.5,-156.0,-153.5,-152.0,-156.5,-157.0,-157.0,-151.0,-150.5,-156.0,-155.5,-153.5,-156.0,-156.0,-157.0,-157.0,-152.5,-153.0,-157.0,-155.0,-154.0,-155.5,-157.0,-157.0,-156.5,-152.5,-154.0,-157.0,-157.0,-155.0,-157.0,-154.0,-155.5,-157.0,-157.0,-154.5,-154.0,-154.5,-152.5,-156.5,-155.0,-157.0,-157.0,-157.0,-157.0,-157.0,-157.0,-157.0,-157.0,-156.0,-153.5,-156.5,-157.0,-157.0,-155.0,-157.0,-157.0,-157.0,-156.0,-156.0,-157.0,-157.0,-157.0,-157.0,-157.0,-156.0,-153.0,-156.5,-157.0,-157.0,-153.5,-156.5,-157.0,-152.5,-154.0,-157.0,-156.5,-156.0,-157.0,-157.0,-157.0,-154.0,-157.0,-153.0,-156.5,-155.0,-157.0,-157.0,-157.0,-157.0,-151.0,-152.0,-157.0,-157.0,-152.0,-153.0,-155.0,-154.0,-154.5,-157.0,-157.0,-155.0,-153.5,-155.0,-152.5,-155.5,-153.5,-154.0,-157.0,-157.0,-157.0,-151.5,-152.0,-152.0,-148.5,-151.0,-155.5,-157.0,-154.0,-152.5,-154.5,-154.5,-156.0,-154.5,-157.0,-157.0,-157.0,-155.0,-156.5,-157.0,-157.0,-153.0,-154.5,-153.5,-157.0,-156.5,-155.5,-154.5,-152.0,-157.0,-152.5,-151.0,-155.0,-157.0,-157.0,-155.5,-155.0,-157.0,-151.5,-152.0,-156.0,-156.5,-157.0,-157.0,-156.5,-155.0,-157.0,-157.0,-157.0,-157.0,-157.0,-157.0,-156.5
2026-01-17 13:48:26.104,143.049967,5,-77,-157.0,-157.0,-152.0,-157.0,-156.5,-154.5,-155.0,-157.0,-154.5,-157.0,-157.0,-157.0,-157.0,-149.5,-151.0,-157.0,-157.0,-157.0,-157.0,-155.0,-157.0,-152.5,-154.0,-156.5,-157.0,-157.0,-149.5,-150.5,-154.0,-155.0,-155.5,-156.0,-156.5,-156.5,-150.0,-155.0,-156.5,-156.0,-157.0,-157.0,-155.0,-150.0,-151.0,-157.0,-157.0,-152.5,-157.0,-152.5,-155.0,-157.0,-157.0,-157.0,-153.5,-157.0,-157.0,-157.0,-153.5,-154.5,-154.5,-152.0,-151.0,-153.0,-155.0,-157.0,-157.0,-157.0,-157.0,-157.0,-157.0,-157.0,-157.0,-156.0,-150.0,-155.0,-157.0,-157.0,-157.0,-157.0,-157.0,-152.0,-152.0,-157.0,-151.0,-156.0,-157.0,-151.0,-149.5,-153.0,-157.0,-151.5,-151.5,-153.0,-153.5,-154.5,-156.5,-157.0,-153.5,-152.5,-155.5,-157.0,-155.0,-157.0,-157.0,-154.5,-154.0,-155.0,-157.0,-157.0,-156.5,-152.5,-154.5,-154.0,-154.0,-151.0,-151.5,-152.0,-153.5,-155.5,-153.0,-157.0,-157.0,-154.5,-156.5,-154.0,-152.0,-156.5,-155.5,-157.0,-153.0,-154.5,-157.0,-157.0,-155.5,-156.0,-156.0,-155.5,-157.0,-155.5,-157.0,-154.0,-155.0,-151.5,-153.0,-149.5,-155.0,-157.0,-157.0,-154.5,-155.0,-155.0,-153.0,-153.5,-152.5,-157.0,-150.5,-150.0,-157.0,-157.0,-157.0,-157.0,-157.0,-154.5,-155.5,-157.0,-157.0,-157.0,-157.0,-157.0,-157.0,-157.0,-156.5,-157.0,-153.0,-157.0,-153.5,-154.5,-156.0,-157.0,-157.0,-149.5,-151.5,-153.5,-157.0,-157.0,-153.0,-153.0,-154.5,-157.0,-157.0,-153.0,-153.0,-157.0,-157.0,-150.5,-150.5,-155.0,-153.5,-153.5,-154.0,-155.0,-156.5,-153.0,-157.0,-157.0,-157.0,-157.0,-157.0,-157.0,-157.0,-154.0,-153.0,-156.0,-157.0,-157.0,-156.5,-154.5,-157.0,-153.0,-151.5,-154.0,-154.5,-155.0,-155.0,-150.0,-153.5,-157.0,-154.5,-155.0,-157.0,-157.0,-157.0,-156.5,-157.0,-157.0,-157.0,-157.0,-156.0,-157.0,-157.0,-157.0,-157.0,-157.0,-153.5,-157.0,-157.0,-157.0,-157.0,-155.5,-155.0,-157.0,-157.0,-157.0,-157.0,-157.0,-155.5,-154.5,-153.0,-152.5,-154.0,-157.0,-157.0,-157.0,-156.5,-149.0,-149.0,-156.5,-155.5,-157.0,-156.5,-157.0,-157.0,-157.0,-157.0,-157.0,-157.0,-155.0,-152.0,-152.5,-157.0,-154.0,-156.5,-155.0,-152.0,-152.5,-157.0,-157.0,-157.0,-152.0,-152.5,-156.0,-157.0,-157.0,-157.0,-155.5,-157.0,-157.0,-154.5,-155.5,-152.0,-153.0,-157.0,-155.0,-153.5,-153.0,-150.5,-157.0,-157.0,-157.0,-157.0,-153.0,-156.5,-157.0,-154.5,-157.0,-157.0,-155.5,-157.0,-155.5,-152.5,-152.5,-153.5,-155.0,-152.5,-152.5,-157.0,-157.0,-157.0,-157.0,-157.0,-157.0,-157.0,-157.0,-154.0,-150.5,-153.5,-154.5,-155.0,-149.0,-148.5,-157.0,-157.0,-152.0,-155.0,-152.0,-153.5,-157.0,-157.0,-155.5,-152.5,-151.0,-156.0,-156.0,-152.5,-156.5,-157.0,-157.0,-157.0,-157.0,-157.0,-157.0,-157.0,-157.0,-155.0,-157.0,-157.0,-155.5,-150.5,-152.5,-155.5,-157.0,-157.0,-157.0,-155.5,-157.0,-153.0,-155.0,-157.0,-152.5,-153.5,-157.0,-157.0,-157.0,-154.5,-157.0,-157.0,-154.5,-157.0,-157.0,-150.5,-150.0,-157.0,-157.0,-153.5,-150.5,-150.5,-152.0,-157.0,-154.5,-156.0,-157.0,-157.0,-157.0,-153.5,-157.0,-155.0,-157.0,-155.0,-151.5,-154.0,-157.0,-157.0,-157.0,-155.5,-157.0,-157.0,-153.0,-153.0,-157.0,-157.0,-157.0,-156.5,-157.0,-157.0,-157.0,-155.0,-154.0,-153.0,-154.0,-156.0,-156.0,-155.5,-156.5,-157.0,-153.5,-157.0,-152.5,-153.5,-155.5,-157.0,-154.0,-156.5,-154.0,-152.5,-151.5,-157.0,-157.0,-157.0,-155.5,-157.0,-157.0,-156.5,-157.0,-157.0,-150.5,-154.0,-157.0,-157.0,-157.0,-155.0,-157.0,-150.5,-150.0,-156.0,-157.0,-156.5,-157.0,-157.0,-157.0,-157.0,-157.0,-157.0,-157.0,-157.0,-157.0,-156.5
2026-01-17 13:48:26.136,143.049967,5,-77,-157.0,-157.0,-150.5,-152.5,-157.0,-153.0,-153.0,-157.0,-155.0,-157.0,-157.0,-157.0,-153.0,-152.0,-153.5,-156.0,-157.0,-157.0,-157.0,-153.0,-156.0,-153.0,-157.0,-154.5,-156.5,-157.0,-148.0,-149.5,-155.0,-157.0,-153.0,-156.0,-157.0,-155.0,-151.0,-156.5,-157.0,-156.5,-157.0,-156.5,-155.5,-156.0,-152.5,-157.0,-155.5,-152.5,-154.0,-154.5,-153.0,-157.0,-157.0,-156.0,-152.5,-157.0,-156.0,-157.0,-152.5,-153.5,-157.0,-150.0,-149.0,-153.5,-154.5,-157.0,-157.0,-157.0,-157.0,-157.0,-156.0,-157.0,-157.0,-157.0,-151.0,-152.0,-155.0,-156.0,-157.0,-157.0,-151.5,-151.5,-155.0,-157.0,-150.5,-152.5,-156.5,-157.0,-151.0,-153.5,-157.0,-157.0,-151.0,-152.5,-151.0,-150.0,-155.5,-157.0,-157.0,-154.5,-155.0,-156.5,-157.0,-157.0,-157.0,-151.5,-151.0,-157.0,-155.5,-157.0,-154.5,-152.0,-157.0,-154.5,-153.0,-154.0,-157.0,-155.0,-153.5,-152.5,-153.0,-155.5,-157.0,-157.0,-157.0,-152.0,-150.0,-155.0,-154.0,-157.0,-154.0,-156.5,-152.0,-153.5,-157.0,-157.0,-153.0,-151.5,-157.0,-157.0,-155.0,-153.5,-155.5,-152.5,-152.0,-151.0,-157.0,-155.0,-156.0,-155.5,-150.5,-151.0,-153.5,-150.5,-149.5,-157.0,-150.0,-149.5,-157.0,-157.0,-157.0,-157.0,-157.0,-157.0,-156.5,-154.0,-154.0,-157.0,-153.0,-154.5,-157.0,-157.0,-155.0,-151.5,-150.5,-157.0,-153.0,-153.0,-157.0,-157.0,-153.5,-147.5,-153.5,-157.0,-157.0,-157.0,-157.0,-157.0,-157.0,-157.0,-157.0,-152.0,-152.0,-157.0,-157.0,-156.0,-157.0,-156.0,-152.5,-150.5,-153.0,-156.0,-156.0,-152.5,-156.5,-157.0,-157.0,-157.0,-157.0,-157.0,-157.0,-156.5,-156.5,-157.0,-157.0,-157.0,-154.0,-156.5,-154.0,-153.0,-153.5,-155.5,-153.0,-157.0,-152.0,-150.0,-157.0,-156.5,-155.0,-151.5,-151.5,-157.0,-156.5,-155.0,-157.0,-157.0,-157.0,-157.0,-157.0,-157.0,-157.0,-157.0,-157.0,-157.0,-154.0,-155.5,-154.0,-153.0,-153.0,-157.0,-157.0,-157.0,-157.0,-156.0,-157.0,-156.5,-153.5,-153.5,-151.5,-150.0,-154.5,-157.0,-157.0,-157.0,-154.0,-149.0,-149.5,-154.0,-151.5,-155.5,-156.0,-155.5,-154.5,-153.0,-154.0,-157.0,-157.0,-157.0,-150.5,-157.0,-157.0,-155.5,-155.5,-151.0,-155.0,-153.5,-154.5,-157.0,-157.0,-151.0,-150.0,-157.0,-156.5,-157.0,-157.0,-152.0,-153.5,-156.0,-156.5,-157.0,-155.5,-152.5,-155.0,-154.5,-154.0,-148.0,-147.5,-152.5,-157.0,-157.0,-156.5,-155.5,-157.0,-157.0,-157.0,-157.0,-157.0,-157.0,-157.0,-155.0,-153.0,-155.0,-151.5,-153.5,-152.0,-152.0,-155.0,-157.0,-157.0,-157.0,-157.0,-157.0,-156.0,-157.0,-155.0,-150.0,-150.0,-157.0,-152.0,-147.5,-149.0,-154.5,-154.5,-153.0,-157.0,-154.5,-157.0,-157.0,-157.0,-157.0,-154.0,-151.5,-157.0,-155.0,-154.5,-156.0,-157.0,-157.0,-157.0,-157.0,-157.0,-157.0,-157.0,-157.0,-157.0,-157.0,-157.0,-151.5,-152.0,-150.0,-154.0,-157.0,-157.0,-155.5,-155.0,-157.0,-153.5,-157.0,-157.0,-153.5,-157.0,-157.0,-157.0,-157.0,-156.5,-157.0,-157.0,-157.0,-157.0,-157.0,-150.5,-150.5,-156.5,-157.0,-155.5,-152.5,-153.0,-156.5,-157.0,-152.0,-149.5,-152.0,-157.0,-157.0,-155.0,-155.5,-157.0,-157.0,-157.0,-152.5,-157.0,-157.0,-157.0,-157.0,-153.5,-155.5,-157.0,-157.0,-157.0,-157.0,-156.5,-155.5,-153.0,-157.0,-157.0,-157.0,-157.0,-156.0,-157.0,-157.0,-157.0,-157.0,-157.0,-156.5,-150.5,-150.5,-157.0,-153.5,-156.0,-157.0,-155.0,-153.0,-155.0,-157.0,-155.5,-156.0,-157.0,-157.0,-156.5,-157.0,-157.0,-157.0,-157.0,-157.0,-157.0,-151.5,-152.0,-157.0,-157.0,-157.0,-153.0,-156.5,-152.0,-152.0,-155.5,-155.0,-155.5,-157.0,-157.0,-157.0,-157.0,-155.0,-156.0,-156.0,-157.0,-155.0,-151.5
2026-01-17 13:48:26.166,143.049967,5,-77,-157.0,-157.0,-151.0,-148.0,-151.5,-155.0,-157.0,-155.0,-155.0,-157.0,-157.0,-157.0,-151.0,-153.0,-157.0,-156.5,-155.5,-157.0,-157.0,-152.0,-157.0,-156.0,-157.0,-156.0,-156.5,-155.5,-152.0,-152.0,-157.0,-154.5,-153.0,-157.0,-157.0,-155.5,-153.0,-157.0,-157.0,-157.0,-156.0,-153.5,-157.0,-157.0,-153.0,-157.0,-154.5,-157.0,-157.0,-156.5,-154.5,-157.0,-157.0,-156.0,-154.0,-157.0,-152.5,-153.5,-151.0,-156.5,-156.5,-151.0,-153.0,-155.5,-156.0,-157.0,-157.0,-157.0,-154.5,-156.0,-153.5,-156.5,-157.0,-157.0,-153.0,-155.0,-151.5,-156.5,-157.0,-154.0,-151.5,-157.0,-157.0,-154.0,-153.5,-153.5,-155.0,-157.0,-157.0,-155.5,-153.5,-154.0,-152.0,-154.0,-156.0,-153.0,-154.0,-157.0,-156.0,-152.0,-157.0,-157.0,-157.0,-157.0,-157.0,-152.5,-154.5,-155.0,-156.5,-157.0,-151.0,-150.0,-155.5,-155.5,-155.5,-157.0,-157.0,-157.0,-155.5,-154.5,-157.0,-157.0,-157.0,-157.0,-157.0,-152.0,-151.0,-157.0,-157.0,-155.5,-154.5,-157.0,-152.0,-151.5,-157.0,-157.0,-157.0,-150.0,-151.5,-157.0,-152.5,-155.5,-155.5,-154.0,-149.5,-151.5,-157.0,-153.0,-156.5,-157.0,-152.5,-152.5,-154.5,-151.5,-147.5,-152.5,-150.5,-151.0,-157.0,-157.0,-157.0,-157.0,-157.0,-157.0,-157.0,-154.5,-152.5,-157.0,-153.0,-155.0,-157.0,-157.0,-157.0,-149.0,-149.0,-157.0,-155.5,-152.0,-157.0,-157.0,-150.5,-147.5,-152.0,-157.0,-157.0,-157.0,-157.0,-157.0,-157.0,-157.0,-157.0,-155.0,-153.5,-157.0,-157.0,-157.0,-157.0,-157.0,-152.0,-149.5,-150.5,-156.0,-157.0,-154.5,-155.5,-156.5,-156.5,-153.0,-152.5,-157.0,-155.0,-156.5,-157.0,-157.0,-157.0,-157.0,-155.0,-157.0,-151.0,-152.0,-157.0,-157.0,-152.5,-157.0,-153.0,-150.5,-157.0,-157.0,-157.0,-151.5,-150.0,-156.0,-151.5,-154.0,-157.0,-157.0,-157.0,-155.0,-157.0,-156.0,-157.0,-157.0,-157.0,-157.0,-157.0,-156.0,-155.0,-152.0,-151.0,-154.5,-154.0,-154.0,-153.0,-153.5,-152.0,-150.5,-152.0,-154.5,-157.0,-153.0,-157.0,-157.0,-157.0,-154.5,-152.5,-150.5,-151.5,-156.0,-151.5,-155.5,-157.0,-155.0,-155.5,-152.0,-153.5,-157.0,-157.0,-156.0,-153.0,-157.0,-157.0,-157.0,-157.0,-152.0,-156.0,-151.0,-151.0,-157.0,-157.0,-152.0,-150.5,-151.5,-152.5,-154.0,-154.5,-154.5,-153.5,-154.0,-153.5,-157.0,-157.0,-156.0,-151.0,-151.5,-157.0,-152.0,-152.0,-156.5,-157.0,-157.0,-151.0,-151.0,-156.5,-157.0,-157.0,-157.0,-153.5,-154.5,-157.0,-157.0,-157.0,-157.0,-149.5,-149.5,-154.0,-153.5,-150.0,-151.0,-154.0,-157.0,-157.0,-157.0,-154.5,-154.5,-157.0,-154.0,-150.0,-156.0,-155.0,-149.0,-155.0,-149.0,-156.0,-156.0,-157.0,-157.0,-156.0,-154.5,-157.0,-157.0,-157.0,-156.0,-157.0,-157.0,-157.0,-153.5,-154.0,-157.0,-157.0,-157.0,-157.0,-157.0,-157.0,-157.0,-157.0,-157.0,-157.0,-154.5,-155.5,-150.5,-154.5,-157.0,-153.0,-155.0,-154.5,-156.0,-157.0,-157.0,-155.5,-154.5,-157.0,-157.0,-157.0,-156.5,-156.5,-157.0,-157.0,-157.0,-154.5,-155.5,-151.5,-153.5,-157.0,-157.0,-157.0,-157.0,-157.0,-157.0,-156.5,-152.5,-150.5,-155.5,-157.0,-157.0,-156.5,-155.5,-157.0,-154.0,-153.5,-153.5,-157.0,-157.0,-155.0,-154.5,-155.5,-155.5,-157.0,-155.0,-157.0,-157.0,-154.0,-154.5,-153.5,-156.0,-157.0,-157.0,-155.5,-152.5,-154.0,-157.0,-157.0,-157.0,-155.0,-155.5,-152.0,-150.5,-157.0,-155.0,-156.0,-157.0,-157.0,-157.0,-157.0,-155.0,-157.0,-157.0,-157.0,-153.5,-154.0,-157.0,-153.5,-157.0,-157.0,-155.5,-156.5,-150.0,-152.0,-157.0,-157.0,-157.0,-150.5,-153.0,-157.0,-157.0,-155.0,-154.5,-157.0,-157.0,-154.5,-154.0,-157.0,-153.5,-151.0,-153.0,-154.5,-157.0,-150.0
2026-01-17 13:48:26.202,143.049967,5,-77,-157.0,-157.0,-157.0,-148.5,-149.5,-157.0,-156.5,-156.5,-157.0,-157.0,-157.0,-157.0,-152.0,-156.0,-154.5,-157.0,-157.0,-157.0,-157.0,-151.0,-153.5,-157.0,-156.5,-157.0,-157.0,-152.0,-154.0,-156.5,-157.0,-157.0,-157.0,-157.0,-156.0,-157.0,-156.5,-157.0,-157.0,-154.5,-155.5,-155.0,-157.0,-157.0,-152.0,-153.0,-152.0,-157.0,-157.0,-157.0,-157.0,-157.0,-157.0,-157.0,-156.5,-152.0,-151.0,-157.0,-151.0,-156.0,-154.5,-154.5,-157.0,-155.0,-157.0,-154.5,-157.0,-157.0,-153.5,-155.5,-152.0,-157.0,-153.0,-149.5,-150.0,-157.0,-151.5,-155.0,-157.0,-152.5,-154.0,-157.0,-157.0,-155.5,-157.0,-152.5,-151.5,-156.5,-157.0,-157.0,-155.0,-151.5,-153.5,-157.0,-157.0,-157.0,-155.5,-157.0,-154.0,-151.0,-157.0,-157.0,-151.5,-151.5,-154.0,-155.5,-155.0,-155.5,-157.0,-157.0,-153.5,-151.5,-150.5,-157.0,-156.0,-155.5,-157.0,-155.0,-152.5,-155.5,-156.5,-157.0,-157.0,-156.5,-157.0,-156.0,-156.5,-154.0,-153.5,-157.0,-155.5,-157.0,-154.0,-153.5,-157.0,-157.0,-156.5,-150.5,-150.5,-156.0,-153.0,-155.5,-155.5,-155.5,-149.5,-154.5,-157.0,-153.5,-157.0,-157.0,-155.5,-153.0,-153.5,-152.0,-149.5,-156.0,-156.0,-152.0,-155.0,-157.0,-157.0,-157.0,-157.0,-157.0,-157.0,-157.0,-157.0,-153.0,-155.0,-157.0,-154.0,-157.0,-157.0,-153.0,-149.5,-156.0,-157.0,-154.5,-156.0,-157.0,-154.5,-151.0,-157.0,-157.0,-157.0,-156.5,-155.0,-157.0,-157.0,-157.0,-157.0,-157.0,-155.0,-156.5,-155.0,-157.0,-156.5,-154.5,-154.5,-154.5,-155.5,-156.5,-157.0,-157.0,-157.0,-155.0,-154.5,-154.5,-154.0,-153.5,-150.0,-152.5,-157.0,-157.0,-157.0,-157.0,-157.0,-157.0,-152.0,-152.5,-157.0,-157.0,-154.5,-157.0,-153.0,-152.5,-155.0,-153.0,-154.5,-156.0,-154.5,-157.0,-153.0,-157.0,-155.0,-154.5,-155.0,-154.0,-157.0,-152.0,-154.0,-154.5,-157.0,-157.0,-155.5,-155.5,-154.5,-157.0,-152.5,-151.5,-151.0,-152.0,-150.0,-157.0,-151.0,-151.5,-153.5,-157.0,-156.5,-154.0,-157.0,-157.0,-156.0,-153.5,-150.5,-150.5,-156.0,-157.0,-153.0,-157.0,-157.0,-157.0,-157.0,-154.0,-157.0,-157.0,-157.0,-153.0,-155.0,-157.0,-157.0,-157.0,-157.0,-155.0,-153.0,-154.0,-153.5,-154.5,-154.5,-157.0,-150.0,-150.5,-152.5,-151.5,-153.5,-156.5,-155.5,-157.0,-152.0,-157.0,-157.0,-157.0,-152.0,-151.5,-157.0,-157.0,-157.0,-155.0,-153.5,-152.5,-150.0,-153.0,-154.5,-157.0,-157.0,-157.0,-156.5,-152.5,-156.0,-156.0,-157.0,-156.5,-153.0,-153.0,-152.0,-151.5,-148.5,-151.0,-154.0,-157.0,-154.5,-156.0,-154.0,-152.5,-157.0,-157.0,-152.0,-153.0,-157.0,-152.0,-149.0,-147.5,-153.5,-157.0,-157.0,-157.0,-152.0,-151.5,-157.0,-157.0,-157.0,-157.0,-157.0,-153.5,-154.0,-155.5,-155.0,-157.0,-157.0,-157.0,-157.0,-157.0,-157.0,-157.0,-157.0,-157.0,-156.5,-157.0,-157.0,-152.0,-153.5,-157.0,-151.0,-152.0,-153.0,-153.0,-154.0,-156.5,-156.5,-157.0,-156.5,-157.0,-157.0,-155.5,-155.0,-157.0,-156.5,-157.0,-156.5,-157.0,-156.0,-153.0,-155.0,-157.0,-157.0,-157.0,-157.0,-156.0,-155.0,-157.0,-154.5,-156.5,-157.0,-156.5,-157.0,-157.0,-155.0,-152.0,-152.0,-156.0,-156.5,-157.0,-157.0,-156.5,-157.0,-157.0,-156.5,-154.5,-155.0,-156.0,-155.0,-154.0,-156.5,-155.5,-157.0,-155.5,-155.0,-152.5,-152.5,-157.0,-157.0,-153.5,-154.5,-157.0,-157.0,-154.5,-157.0,-157.0,-157.0,-154.5,-156.0,-157.0,-157.0,-154.0,-156.5,-155.5,-155.0,-153.0,-156.5,-155.5,-154.0,-155.0,-157.0,-153.0,-151.5,-151.0,-156.0,-154.5,-155.5,-157.0,-152.5,-153.0,-157.0,-157.0,-157.0,-157.0,-157.0,-157.0,-155.5,-157.0,-157.0,-156.5,-152.0,-157.0,-154.0,-156.0,-157.0
2026-01-17 13:48:26.236,143.049967,5,-77,-157.0,-157.0,-154.0,-154.0,-154.5,-157.0,-155.5,-157.0,-157.0,-155.5,-157.0,-157.0,-152.5,-154.0,-153.0,-156.0,-157.0,-157.0,-157.0,-152.5,-157.0,-156.0,-156.0,-157.0,-157.0,-151.0,-153.0,-155.0,-153.5,-157.0,-157.0,-157.0,-152.5,-156.0,-157.0,-157.0,-157.0,-156.5,-157.0,-154.0,-154.5,-156.5,-155.5,-155.5,-150.0,-150.5,-154.5,-157.0,-157.0,-157.0,-157.0,-157.0,-157.0,-153.5,-153.5,-157.0,-154.0,-157.0,-152.5,-156.0,-154.0,-157.0,-151.5,-151.0,-153.0,-152.5,-156.0,-155.5,-151.5,-155.5,-154.5,-149.5,-152.5,-156.0,-154.0,-156.0,-157.0,-154.5,-157.0,-157.0,-156.5,-157.0,-157.0,-154.0,-151.5,-153.5,-157.0,-157.0,-156.0,-152.5,-156.5,-157.0,-157.0,-157.0,-153.0,-155.0,-156.0,-151.0,-157.0,-157.0,-151.5,-152.5,-156.0,-157.0,-153.0,-157.0,-156.5,-156.5,-153.0,-157.0,-150.5,-157.0,-154.5,-154.0,-157.0,-157.0,-151.0,-152.0,-152.5,-153.0,-157.0,-155.5,-157.0,-154.0,-155.0,-152.0,-150.5,-154.0,-152.5,-155.5,-157.0,-157.0,-157.0,-152.5,-151.0,-153.5,-157.0,-157.0,-156.5,-154.0,-157.0,-157.0,-153.0,-153.5,-157.0,-155.0,-155.0,-154.0,-153.0,-154.0,-156.0,-153.5,-154.0,-157.0,-157.0,-152.0,-157.0,-157.0,-157.0,-157.0,-157.0,-157.0,-157.0,-157.0,-157.0,-152.5,-151.5,-155.0,-152.5,-152.0,-157.0,-157.0,-151.5,-157.0,-156.5,-154.5,-157.0,-154.5,-155.5,-153.0,-157.0,-157.0,-157.0,-156.0,-156.0,-157.0,-153.5,-155.0,-157.0,-154.0,-154.5,-157.0,-153.5,-156.0,-154.0,-154.0,-157.0,-157.0,-157.0,-152.5,-154.0,-157.0,-157.0,-155.0,-157.0,-157.0,-157.0,-154.0,-151.0,-154.5,-157.0,-157.0,-157.0,-155.5,-157.0,-157.0,-153.0,-154.5,-157.0,-154.0,-154.5,-157.0,-155.5,-156.5,-150.0,-149.5,-150.5,-157.0,-157.0,-157.0,-155.0,-157.0,-154.0,-154.0,-155.0,-155.5,-154.5,-152.0,-156.0,-157.0,-157.0,-154.5,-155.0,-157.0,-155.0,-156.0,-155.5,-156.5,-153.0,-157.0,-151.5,-157.0,-157.0,-157.0,-154.0,-157.0,-156.0,-156.0,-157.0,-155.0,-153.5,-152.0,-150.0,-150.5,-157.0,-157.0,-153.5,-156.0,-153.0,-156.0,-157.0,-155.5,-156.0,-157.0,-154.5,-151.5,-155.0,-157.0,-157.0,-157.0,-157.0,-157.0,-155.5,-157.0,-157.0,-153.0,-151.5,-157.0,-150.5,-150.5,-156.5,-151.0,-153.0,-152.0,-155.5,-157.0,-153.0,-155.5,-157.0,-157.0,-157.0,-155.0,-156.5,-157.0,-157.0,-153.0,-153.5,-151.5,-151.5,-155.0,-157.0,-157.0,-154.5,-152.5,-157.0,-153.0,-156.0,-156.5,-155.0,-157.0,-154.0,-153.5,-151.0,-152.0,-150.5,-157.0,-157.0,-157.0,-149.5,-155.5,-157.0,-155.0,-157.0,-157.0,-157.0,-157.0,-157.0,-154.0,-154.5,-150.0,-155.0,-157.0,-155.5,-155.5,-155.0,-152.0,-157.0,-157.0,-157.0,-157.0,-157.0,-152.5,-153.5,-157.0,-157.0,-157.0,-157.0,-157.0,-157.0,-157.0,-157.0,-157.0,-157.0,-156.5,-154.5,-157.0,-156.5,-155.0,-153.5,-157.0,-152.0,-150.5,-153.0,-153.0,-154.0,-151.5,-153.5,-157.0,-153.0,-155.5,-157.0,-157.0,-157.0,-157.0,-154.5,-153.0,-157.0,-157.0,-157.0,-153.0,-154.0,-156.5,-156.5,-157.0,-154.0,-154.5,-155.5,-157.0,-155.0,-156.5,-156.0,-157.0,-156.0,-156.0,-157.0,-157.0,-153.0,-156.0,-155.0,-153.0,-155.0,-157.0,-156.5,-157.0,-157.0,-156.0,-153.5,-153.5,-157.0,-155.0,-157.0,-151.5,-151.5,-154.5,-157.0,-157.0,-157.0,-157.0,-157.0,-152.5,-157.0,-156.5,-157.0,-157.0,-157.0,-157.0,-154.0,-151.0,-153.5,-157.0,-157.0,-153.0,-153.5,-155.0,-154.5,-155.5,-157.0,-155.5,-157.0,-157.0,-157.0,-153.5,-155.0,-157.0,-157.0,-155.5,-157.0,-156.5,-156.0,-153.0,-153.0,-153.5,-156.5,-155.0,-153.0,-157.0,-156.5,-157.0,-156.0,-157.0,-154.5,-157.0,-157.0,-155.0,-157.0
2026-01-17 13:48:26.266,143.049967,5,-77,-157.0,-157.0,-156.5,-156.0,-156.5,-157.0,-156.5,-157.0,-155.5,-153.0,-156.5,-157.0,-153.5,-157.0,-157.0,-157.0,-157.0,-157.0,-155.5,-155.0,-157.0,-157.0,-157.0,-155.5,-157.0,-155.0,-153.0,-153.5,-150.5,-152.5,-154.0,-153.0,-154.0,-154.0,-157.0,-156.0,-157.0,-157.0,-153.5,-150.5,-150.5,-151.5,-157.0,-157.0,-155.0,-151.0,-157.0,-157.0,-157.0,-157.0,-155.5,-157.0,-156.0,-157.0,-157.0,-157.0,-154.5,-155.5,-152.5,-157.0,-155.5,-155.0,-149.5,-155.5,-156.0,-154.5,-157.0,-157.0,-154.5,-156.0,-157.0,-153.5,-157.0,-156.0,-157.0,-154.5,-154.5,-152.0,-155.5,-157.0,-153.0,-155.0,-157.0,-156.5,-155.5,-157.0,-157.0,-157.0,-154.5,-154.5,-157.0,-157.0,-157.0,-152.5,-151.0,-157.0,-152.0,-151.5,-157.0,-157.0,-153.5,-157.0,-157.0,-157.0,-151.5,-157.0,-152.5,-157.0,-151.5,-152.5,-153.0,-157.0,-154.5,-154.5,-157.0,-157.0,-152.5,-151.0,-152.5,-153.0,-157.0,-157.0,-157.0,-151.5,-152.5,-157.0,-152.0,-157.0,-151.5,-154.5,-157.0,-156.5,-157.0,-153.0,-153.0,-157.0,-156.0,-157.0,-157.0,-156.5,-157.0,-157.0,-157.0,-154.5,-157.0,-153.0,-151.0,-152.0,-152.5,-152.5,-157.0,-157.0,-157.0,-157.0,-157.0,-154.5,-157.0,-157.0,-157.0,-157.0,-157.0,-156.5,-157.0,-157.0,-157.0,-152.0,-150.5,-157.0,-153.0,-152.5,-157.0,-155.0,-150.5,-155.0,-155.5,-152.5,-157.0,-155.0,-157.0,-153.5,-157.0,-157.0,-157.0,-157.0,-157.0,-157.0,-149.5,-149.0,-157.0,-156.5,-157.0,-157.0,-152.0,-153.0,-156.5,-153.5,-157.0,-157.0,-156.5,-149.0,-150.5,-156.5,-150.5,-151.0,-154.5,-157.0,-157.0,-157.0,-154.0,-157.0,-157.0,-156.0,-155.0,-154.0,-154.0,-154.0,-153.5,-156.0,-157.0,-156.5,-155.5,-157.0,-157.0,-155.0,-151.0,-154.5,-154.5,-157.0,-156.5,-157.0,-157.0,-156.5,-157.0,-157.0,-154.5,-153.5,-155.5,-153.5,-154.0,-157.0,-157.0,-155.5,-157.0,-157.0,-157.0,-154.0,-154.0,-157.0,-156.0,-156.5,-153.0,-157.0,-157.0,-157.0,-152.5,-156.0,-154.5,-157.0,-155.0,-155.5,-153.5,-153.0,-153.5,-148.5,-156.0,-155.5,-152.5,-151.0,-151.0,-157.0,-157.0,-157.0,-157.0,-156.0,-157.0,-154.5,-157.0,-157.0,-157.0,-157.0,-157.0,-157.0,-155.5,-157.0,-157.0,-156.0,-153.5,-157.0,-152.0,-151.0,-154.5,-152.0,-153.0,-154.5,-157.0,-155.5,-151.5,-156.5,-157.0,-157.0,-157.0,-157.0,-152.5,-157.0,-157.0,-154.0,-157.0,-157.0,-152.5,-150.0,-157.0,-154.0,-152.5,-152.5,-153.5,-152.0,-157.0,-157.0,-153.0,-154.5,-152.5,-155.0,-152.0,-154.5,-153.0,-157.0,-157.0,-157.0,-150.5,-157.0,-157.0,-157.0,-157.0,-157.0,-157.0,-157.0,-153.0,-152.0,-157.0,-150.5,-152.0,-157.0,-157.0,-157.0,-157.0,-154.5,-157.0,-157.0,-157.0,-157.0,-157.0,-154.5,-156.0,-155.0,-157.0,-157.0,-157.0,-157.0,-157.0,-157.0,-157.0,-157.0,-157.0,-157.0,-155.0,-157.0,-157.0,-156.5,-154.0,-157.0,-156.5,-154.0,-152.0,-152.0,-157.0,-152.5,-155.5,-156.5,-154.5,-155.0,-153.0,-155.0,-157.0,-157.0,-155.0,-152.0,-157.0,-157.0,-157.0,-155.0,-157.0,-157.0,-157.0,-157.0,-154.0,-157.0,-157.0,-157.0,-153.5,-156.0,-156.5,-157.0,-154.0,-156.0,-157.0,-157.0,-156.0,-154.5,-157.0,-150.0,-152.0,-157.0,-154.5,-157.0,-157.0,-157.0,-155.0,-157.0,-157.0,-157.0,-157.0,-152.0,-152.0,-156.5,-157.0,-157.0,-157.0,-156.5,-155.5,-151.5,-151.5,-157.0,-157.0,-157.0,-157.0,-157.0,-152.5,-153.0,-156.0,-157.0,-154.5,-154.0,-157.0,-157.0,-157.0,-157.0,-157.0,-157.0,-157.0,-157.0,-157.0,-156.5,-157.0,-157.0,-157.0,-157.0,-157.0,-157.0,-157.0,-153.0,-153.5,-156.5,-151.5,-153.5,-153.5,-157.0,-157.0,-157.0,-154.5,-157.0,-155.5,-156.5,-157.0,-157.0,-154.0
2026-01-17 13:48:26.299,143.049967,5,-77,-157.0,-157.0,-157.0,-156.0,-157.0,-157.0,-156.5,-157.0,-157.0,-153.0,-157.0,-155.5,-153.5,-157.0,-157.0,-157.0,-157.0,-157.0,-154.5,-157.0,-157.0,-157.0,-155.5,-153.5,-157.0,-154.0,-151.5,-157.0,-153.0,-154.0,-153.5,-156.5,-157.0,-157.0,-157.0,-154.5,-157.0,-153.0,-152.5,-152.5,-154.0,-155.0,-157.0,-157.0,-157.0,-155.0,-157.0,-157.0,-153.5,-151.0,-150.0,-156.0,-154.0,-157.0,-157.0,-153.0,-151.0,-152.5,-156.0,-156.0,-157.0,-154.0,-150.5,-156.5,-157.0,-157.0,-156.5,-157.0,-157.0,-157.0,-157.0,-154.5,-155.0,-153.5,-157.0,-151.5,-151.0,-151.0,-153.0,-154.5,-153.5,-157.0,-157.0,-157.0,-157.0,-157.0,-157.0,-157.0,-157.0,-157.0,-157.0,-157.0,-157.0,-154.0,-153.5,-157.0,-154.5,-154.5,-157.0,-153.5,-152.5,-157.0,-157.0,-157.0,-150.5,-151.5,-150.0,-153.0,-154.5,-156.5,-156.5,-157.0,-157.0,-153.5,-155.0,-157.0,-155.0,-151.5,-157.0,-156.5,-157.0,-157.0,-157.0,-151.0,-149.5,-153.5,-155.0,-156.5,-152.0,-152.5,-151.0,-153.0,-157.0,-154.0,-154.5,-156.0,-154.5,-157.0,-157.0,-157.0,-155.5,-157.0,-157.0,-157.0,-154.5,-156.0,-152.0,-154.0,-155.0,-153.5,-157.0,-157.0,-157.0,-156.0,-157.0,-156.0,-157.0,-157.0,-157.0,-157.0,-157.0,-157.0,-156.5,-157.0,-157.0,-153.5,-154.0,-157.0,-156.0,-157.0,-157.0,-157.0,-152.0,-153.0,-157.0,-152.0,-156.5,-155.0,-157.0,-154.0,-157.0,-154.0,-157.0,-157.0,-157.0,-156.0,-153.0,-148.0,-151.0,-157.0,-157.0,-157.0,-154.0,-154.5,-152.0,-152.0,-157.0,-157.0,-154.0,-148.0,-149.5,-157.0,-151.0,-151.5,-157.0,-157.0,-156.5,-156.0,-156.0,-156.5,-157.0,-156.5,-155.0,-157.0,-152.0,-155.5,-157.0,-157.0,-157.0,-157.0,-157.0,-157.0,-156.5,-151.5,-155.5,-157.0,-157.0,-157.0,-154.0,-154.0,-157.0,-157.0,-157.0,-157.0,-157.0,-155.5,-157.0,-156.5,-157.0,-157.0,-157.0,-155.0,-157.0,-157.0,-157.0,-155.0,-156.5,-157.0,-157.0,-157.0,-153.5,-157.0,-157.0,-157.0,-155.5,-155.0,-153.5,-157.0,-153.5,-157.0,-157.0,-157.0,-157.0,-151.5,-157.0,-155.5,-157.0,-153.5,-156.5,-157.0,-157.0,-157.0,-157.0,-155.0,-157.0,-157.0,-157.0,-156.5,-157.0,-154.5,-157.0,-153.0,-152.5,-157.0,-157.0,-157.0,-157.0,-157.0,-157.0,-154.0,-154.5,-151.5,-153.0,-157.0,-157.0,-151.5,-152.0,-157.0,-157.0,-157.0,-157.0,-156.0,-153.0,-157.0,-155.5,-156.5,-157.0,-156.0,-153.0,-148.5,-151.5,-150.5,-153.5,-157.0,-156.0,-150.5,-153.0,-157.0,-152.5,-152.0,-152.5,-157.0,-156.5,-157.0,-155.0,-157.0,-157.0,-157.0,-150.5,-152.5,-156.0,-155.5,-157.0,-155.5,-157.0,-157.0,-153.0,-156.0,-152.5,-149.0,-150.0,-157.0,-157.0,-157.0,-157.0,-156.5,-155.5,-156.0,-157.0,-157.0,-157.0,-154.5,-155.0,-155.5,-157.0,-157.0,-157.0,-157.0,-157.0,-157.0,-157.0,-155.5,-157.0,-157.0,-155.5,-157.0,-156.5,-155.0,-155.0,-155.0,-157.0,-156.0,-150.5,-153.5,-154.0,-155.5,-157.0,-157.0,-157.0,-156.5,-152.0,-153.0,-157.0,-153.5,-152.5,-157.0,-157.0,-157.0,-157.0,-157.0,-157.0,-157.0,-157.0,-156.5,-155.0,-157.0,-157.0,-157.0,-155.5,-157.0,-157.0,-157.0,-156.0,-157.0,-157.0,-157.0,-157.0,-157.0,-156.5,-153.5,-155.5,-157.0,-155.5,-157.0,-157.0,-157.0,-156.0,-157.0,-157.0,-157.0,-157.0,-157.0,-155.5,-157.0,-157.0,-156.0,-157.0,-153.0,-152.0,-150.5,-149.5,-157.0,-157.0,-157.0,-157.0,-157.0,-157.0,-156.0,-157.0,-157.0,-157.0,-155.0,-157.0,-157.0,-157.0,-157.0,-157.0,-157.0,-157.0,-157.0,-157.0,-156.0,-154.5,-157.0,-157.0,-156.0,-156.5,-157.0,-157.0,-153.5,-154.5,-157.0,-152.5,-155.5,-156.0,-155.5,-155.0,-157.0,-153.5,-156.5,-155.5,-157.0,-157.0,-157.0,-154.5
2026-01-17 13:48:26.344,143.049967,5,-77,-157.0,-157.0,-157.0,-157.0,-157.0,-157.0,-154.5,-157.0,-157.0,-156.5,-157.0,-157.0,-157.0,-157.0,-157.0,-154.0,-155.0,-157.0,-157.0,-156.0,-157.0,-157.0,-157.0,-154.5,-157.0,-151.0,-149.5,-157.0,-157.0,-157.0,-157.0,-157.0,-157.0,-157.0,-153.5,-151.5,-157.0,-153.0,-155.0,-154.5,-157.0,-157.0,-157.0,-157.0,-157.0,-156.0,-157.0,-157.0,-156.5,-151.5,-150.5,-153.5,-153.5,-157.0,-157.0,-153.5,-154.0,-153.5,-157.0,-157.0,-157.0,-157.0,-152.5,-153.5,-156.0,-156.5,-152.5,-153.5,-157.0,-157.0,-157.0,-154.5,-153.0,-153.0,-154.5,-153.0,-157.0,-157.0,-157.0,-154.5,-156.5,-157.0,-157.0,-157.0,-157.0,-154.5,-154.0,-157.0,-157.0,-157.0,-157.0,-157.0,-157.0,-156.0,-157.0,-156.0,-157.0,-156.5,-155.5,-153.5,-153.5,-155.0,-152.5,-157.0,-151.5,-154.0,-150.0,-157.0,-157.0,-157.0,-156.0,-157.0,-157.0,-155.0,-155.5,-157.0,-154.5,-152.5,-156.0,-156.0,-155.5,-157.0,-157.0,-151.5,-151.5,-153.5,-153.5,-157.0,-153.0,-155.5,-152.0,-152.0,-157.0,-155.5,-154.5,-155.0,-157.0,-157.0,-157.0,-155.5,-151.5,-154.5,-154.5,-157.0,-153.5,-157.0,-152.5,-153.5,-156.0,-155.5,-157.0,-157.0,-157.0,-157.0,-155.5,-155.5,-155.0,-157.0,-157.0,-157.0,-157.0,-157.0,-152.0,-153.5,-157.0,-157.0,-157.0,-154.5,-153.5,-157.0,-156.5,-154.0,-157.0,-157.0,-154.0,-152.0,-154.5,-157.0,-153.0,-151.0,-157.0,-152.5,-153.5,-151.5,-152.0,-152.0,-156.0,-150.0,-151.0,-157.0,-157.0,-157.0,-157.0,-154.5,-153.5,-157.0,-156.5,-154.5,-150.0,-150.0,-152.5,-157.0,-156.0,-157.0,-157.0,-157.0,-157.0,-156.0,-157.0,-156.5,-157.0,-157.0,-157.0,-155.5,-153.0,-157.0,-157.0,-157.0,-157.0,-157.0,-157.0,-155.0,-150.0,-148.5,-154.0,-157.0,-156.5,-157.0,-155.0,-156.5,-155.0,-157.0,-157.0,-157.0,-157.0,-157.0,-157.0,-157.0,-154.0,-155.0,-155.5,-155.0,-157.0,-157.0,-157.0,-157.0,-157.0,-157.0,-157.0,-153.5,-156.0,-157.0,-157.0,-157.0,-157.0,-157.0,-154.0,-157.0,-152.0,-153.5,-157.0,-157.0,-157.0,-156.5,-157.0,-157.0,-157.0,-156.0,-156.5,-156.0,-157.0,-157.0,-157.0,-154.0,-155.5,-157.0,-157.0,-156.5,-155.5,-153.0,-152.0,-154.5,-151.5,-157.0,-157.0,-157.0,-157.0,-157.0,-157.0,-157.0,-155.0,-153.0,-157.0,-157.0,-157.0,-152.5,-157.0,-157.0,-157.0,-157.0,-157.0,-156.5,-157.0,-157.0,-156.5,-157.0,-156.0,-154.0,-155.0,-150.0,-153.5,-152.0,-152.5,-156.5,-157.0,-152.5,-151.0,-156.5,-153.0,-156.5,-155.0,-157.0,-157.0,-157.0,-156.5,-156.5,-157.0,-157.0,-149.0,-148.5,-157.0,-153.0,-153.0,-153.5,-157.0,-154.0,-154.0,-157.0,-152.0,-154.5,-152.0,-157.0,-157.0,-154.5,-154.0,-157.0,-156.0,-154.5,-153.0,-157.0,-157.0,-157.0,-154.0,-154.5,-156.5,-157.0,-157.0,-157.0,-157.0,-157.0,-157.0,-153.0,-157.0,-157.0,-156.5,-155.5,-157.0,-153.0,-157.0,-157.0,-157.0,-157.0,-152.0,-152.5,-148.5,-156.5,-157.0,-157.0,-157.0,-157.0,-153.0,-156.0,-157.0,-153.5,-153.0,-157.0,-155.5,-156.0,-157.0,-157.0,-157.0,-157.0,-154.5,-156.0,-157.0,-157.0,-156.0,-157.0,-157.0,-157.0,-156.5,-156.0,-154.5,-157.0,-157.0,-157.0,-157.0,-157.0,-157.0,-157.0,-156.0,-155.0,-157.0,-157.0,-155.5,-154.5,-157.0,-157.0,-157.0,-157.0,-157.0,-157.0,-156.5,-157.0,-157.0,-154.0,-156.5,-152.5,-153.0,-150.0,-149.5,-157.0,-157.0,-157.0,-157.0,-155.5,-155.0,-154.5,-157.0,-157.0,-157.0,-157.0,-157.0,-156.0,-155.0,-154.5,-157.0,-157.0,-157.0,-157.0,-157.0,-155.5,-157.0,-157.0,-155.5,-157.0,-153.5,-153.5,-155.5,-153.5,-154.0,-157.0,-154.5,-157.0,-157.0,-157.0,-153.0,-154.0,-155.5,-153.5,-155.0,-157.0,-157.0,-157.0,-156.5
2026-01-17 13:48:26.369,143.049967,5,-77,-157.0,-157.0,-157.0,-157.0,-157.0,-154.0,-152.5,-152.5,-152.0,-157.0,-153.0,-157.0,-157.0,-157.0,-157.0,-153.0,-155.5,-157.0,-157.0,-157.0,-157.0,-157.0,-157.0,-155.5,-157.0,-152.0,-151.0,-157.0,-157.0,-157.0,-156.0,-157.0,-157.0,-152.5,-150.0,-150.0,-157.0,-155.5,-156.0,-151.5,-157.0,-157.0,-157.0,-154.0,-154.5,-152.5,-154.5,-157.0,-157.0,-155.5,-157.0,-152.5,-153.0,-157.0,-153.5,-153.5,-157.0,-154.5,-157.0,-157.0,-157.0,-157.0,-157.0,-156.5,-154.0,-152.5,-153.5,-157.0,-157.0,-157.0,-156.0,-157.0,-157.0,-157.0,-154.5,-154.0,-157.0,-157.0,-157.0,-155.0,-156.0,-157.0,-157.0,-157.0,-157.0,-156.5,-154.0,-157.0,-157.0,-155.5,-155.5,-157.0,-156.5,-157.0,-157.0,-157.0,-154.0,-155.5,-153.0,-157.0,-157.0,-152.0,-152.0,-157.0,-155.0,-154.5,-150.0,-152.5,-157.0,-157.0,-152.0,-155.0,-156.0,-157.0,-157.0,-154.0,-154.0,-153.5,-157.0,-157.0,-156.5,-157.0,-154.5,-155.5,-157.0,-157.0,-152.5,-155.5,-152.5,-152.5,-156.5,-156.0,-157.0,-157.0,-157.0,-157.0,-157.0,-157.0,-157.0,-157.0,-152.0,-157.0,-152.0,-157.0,-151.0,-152.5,-153.5,-154.5,-157.0,-154.0,-154.5,-157.0,-157.0,-157.0,-156.5,-157.0,-154.0,-156.0,-157.0,-157.0,-157.0,-157.0,-151.5,-151.0,-157.0,-157.0,-157.0,-156.5,-153.0,-153.5,-157.0,-154.5,-155.5,-155.0,-151.5,-155.5,-154.5,-157.0,-151.5,-152.0,-152.5,-152.0,-150.5,-150.5,-154.0,-152.5,-156.5,-157.0,-155.5,-157.0,-157.0,-157.0,-154.0,-154.0,-155.0,-157.0,-154.0,-157.0,-153.0,-157.0,-157.0,-157.0,-156.5,-157.0,-154.0,-154.5,-157.0,-157.0,-154.5,-155.0,-157.0,-155.5,-157.0,-154.0,-157.0,-157.0,-157.0,-156.5,-157.0,-157.0,-153.0,-152.5,-153.5,-151.0,-157.0,-157.0,-157.0,-157.0,-157.0,-156.5,-152.0,-152.5,-157.0,-156.0,-155.5,-157.0,-157.0,-157.0,-154.0,-157.0,-156.0,-157.0,-157.0,-157.0,-157.0,-157.0,-157.0,-157.0,-157.0,-155.0,-157.0,-153.0,-157.0,-157.0,-157.0,-156.0,-156.0,-157.0,-152.5,-153.5,-157.0,-157.0,-154.0,-153.5,-157.0,-157.0,-157.0,-155.5,-156.5,-157.0,-156.5,-157.0,-157.0,-157.0,-152.0,-153.0,-155.0,-157.0,-157.0,-157.0,-150.5,-152.5,-155.0,-154.0,-155.0,-157.0,-155.5,-157.0,-157.0,-157.0,-157.0,-154.0,-157.0,-157.0,-157.0,-155.0,-157.0,-157.0,-157.0,-157.0,-157.0,-156.5,-157.0,-157.0,-156.5,-157.0,-154.0,-154.5,-153.0,-152.0,-154.5,-157.0,-154.0,-157.0,-157.0,-157.0,-150.0,-152.5,-152.5,-153.5,-157.0,-157.0,-157.0,-157.0,-155.0,-153.0,-157.0,-156.5,-151.0,-151.5,-157.0,-154.5,-157.0,-154.0,-155.5,-155.0,-155.0,-156.0,-153.0,-156.0,-157.0,-157.0,-156.5,-156.0,-153.5,-157.0,-156.0,-156.5,-152.5,-157.0,-155.0,-154.5,-155.5,-154.0,-154.0,-157.0,-156.5,-157.0,-157.0,-157.0,-157.0,-153.0,-156.5,-157.0,-157.0,-157.0,-157.0,-154.5,-156.0,-155.0,-154.0,-154.0,-156.0,-153.0,-148.5,-155.5,-153.5,-157.0,-157.0,-157.0,-156.5,-157.0,-157.0,-157.0,-157.0,-155.0,-157.0,-153.0,-154.0,-155.0,-157.0,-153.5,-152.5,-156.5,-157.0,-157.0,-157.0,-157.0,-157.0,-157.0,-157.0,-153.0,-154.0,-157.0,-157.0,-157.0,-157.0,-157.0,-157.0,-157.0,-152.5,-155.0,-157.0,-157.0,-156.0,-156.0,-157.0,-156.0,-157.0,-157.0,-157.0,-155.0,-156.5,-157.0,-157.0,-157.0,-157.0,-155.0,-156.5,-154.0,-153.5,-156.0,-157.0,-157.0,-156.0,-155.0,-155.0,-157.0,-157.0,-153.5,-153.0,-153.5,-152.5,-151.5,-153.0,-156.5,-157.0,-157.0,-157.0,-157.0,-157.0,-157.0,-157.0,-157.0,-154.5,-157.0,-155.0,-154.5,-154.5,-154.0,-157.0,-155.0,-154.0,-157.0,-154.0,-155.0,-156.0,-154.0,-157.0,-154.0,-155.5,-156.5,-155.0,-156.5,-156.0
2026-01-17 13:48:26.402,143.049967,5,-77,-157.0,-157.0,-157.0,-157.0,-157.0,-152.5,-151.5,-154.5,-154.0,-150.0,-149.5,-156.5,-157.0,-156.5,-157.0,-157.0,-157.0,-157.0,-157.0,-157.0,-157.0,-157.0,-157.0,-152.0,-157.0,-151.5,-156.5,-157.0,-157.0,-155.0,-154.5,-157.0,-155.5,-153.0,-155.5,-153.0,-157.0,-157.0,-151.0,-152.0,-157.0,-157.0,-154.5,-150.5,-151.0,-153.0,-154.0,-155.5,-157.0,-155.0,-154.0,-153.0,-152.5,-155.0,-155.0,-155.5,-153.5,-152.5,-153.5,-154.0,-157.0,-156.0,-157.0,-157.0,-157.0,-153.5,-153.5,-157.0,-157.0,-157.0,-157.0,-157.0,-157.0,-157.0,-153.5,-154.0,-153.0,-153.5,-154.0,-154.0,-153.5,-157.0,-157.0,-157.0,-157.0,-157.0,-157.0,-157.0,-156.5,-153.0,-152.5,-155.0,-157.0,-157.0,-157.0,-157.0,-154.5,-156.5,-150.5,-153.5,-157.0,-153.0,-156.0,-155.5,-156.0,-157.0,-152.5,-151.0,-157.0,-157.0,-153.5,-151.0,-152.0,-157.0,-156.0,-153.0,-157.0,-153.5,-154.5,-157.0,-157.0,-157.0,-155.0,-157.0,-157.0,-157.0,-153.5,-157.0,-155.0,-153.5,-157.0,-157.0,-157.0,-157.0,-157.0,-157.0,-152.5,-154.5,-157.0,-157.0,-155.0,-157.0,-151.5,-152.0,-154.0,-153.0,-156.0,-155.5,-157.0,-155.0,-157.0,-155.5,-157.0,-155.5,-155.0,-154.5,-152.5,-152.5,-155.0,-157.0,-157.0,-157.0,-155.5,-154.5,-157.0,-157.0,-157.0,-157.0,-155.0,-157.0,-157.0,-157.0,-156.5,-151.5,-151.5,-157.0,-155.5,-156.5,-153.5,-154.0,-151.0,-153.5,-155.5,-157.0,-157.0,-155.5,-157.0,-157.0,-157.0,-157.0,-157.0,-155.5,-154.0,-157.0,-157.0,-157.0,-155.0,-155.0,-154.5,-157.0,-157.0,-157.0,-157.0,-157.0,-151.0,-149.5,-157.0,-157.0,-155.5,-157.0,-157.0,-153.5,-157.0,-153.5,-157.0,-156.0,-153.5,-157.0,-157.0,-156.5,-154.5,-155.0,-157.0,-153.5,-157.0,-157.0,-157.0,-157.0,-157.0,-154.0,-152.0,-150.5,-153.0,-154.0,-156.5,-156.0,-157.0,-157.0,-157.0,-157.0,-157.0,-157.0,-157.0,-157.0,-157.0,-157.0,-157.0,-157.0,-157.0,-157.0,-157.0,-151.5,-152.5,-157.0,-157.0,-157.0,-157.0,-154.5,-153.5,-157.0,-157.0,-157.0,-151.0,-151.5,-157.0,-157.0,-156.0,-155.5,-154.0,-153.0,-153.5,-157.0,-157.0,-157.0,-151.0,-150.5,-151.0,-157.0,-157.0,-157.0,-151.0,-151.0,-157.0,-151.5,-151.5,-155.5,-154.0,-157.0,-157.0,-153.0,-155.5,-154.0,-157.0,-157.0,-157.0,-157.0,-154.5,-156.5,-157.0,-157.0,-157.0,-157.0,-154.0,-154.5,-156.5,-155.0,-153.0,-157.0,-152.5,-153.5,-155.0,-157.0,-152.0,-157.0,-155.0,-155.5,-151.5,-155.5,-157.0,-156.0,-157.0,-157.0,-157.0,-157.0,-154.5,-154.0,-156.5,-154.5,-151.0,-157.0,-157.0,-157.0,-157.0,-157.0,-157.0,-157.0,-157.0,-155.5,-153.5,-155.5,-157.0,-157.0,-155.5,-157.0,-155.0,-157.0,-155.5,-157.0,-155.0,-157.0,-157.0,-154.5,-157.0,-153.0,-150.5,-157.0,-157.0,-157.0,-157.0,-156.5,-154.5,-154.5,-157.0,-157.0,-157.0,-157.0,-153.5,-157.0,-152.0,-150.5,-151.0,-152.0,-153.0,-157.0,-152.5,-156.0,-155.5,-157.0,-157.0,-157.0,-154.5,-155.0,-154.5,-157.0,-155.0,-153.0,-155.5,-156.0,-152.5,-152.5,-154.0,-151.5,-155.0,-157.0,-157.0,-157.0,-157.0,-157.0,-154.0,-155.0,-157.0,-157.0,-157.0,-157.0,-157.0,-157.0,-154.5,-155.5,-157.0,-156.0,-152.5,-155.5,-157.0,-157.0,-157.0,-156.5,-153.5,-157.0,-157.0,-157.0,-157.0,-156.5,-157.0,-154.0,-153.0,-155.5,-157.0,-157.0,-157.0,-157.0,-157.0,-153.5,-157.0,-157.0,-156.0,-157.0,-157.0,-157.0,-157.0,-156.5,-156.0,-153.5,-154.0,-153.0,-157.0,-157.0,-157.0,-157.0,-157.0,-157.0,-157.0,-157.0,-157.0,-157.0,-153.0,-152.5,-155.5,-157.0,-151.0,-152.5,-157.0,-156.0,-157.0,-157.0,-153.0,-157.0,-157.0,-157.0,-157.0,-156.5,-153.5,-157.0,-152.0,-152.5,-157.0
2026-01-17 13:48:26.435,143.049967,5,-77,-157.0,-157.0,-152.0,-153.5,-157.0,-156.5,-152.5,-157.0,-157.0,-151.5,-152.0,-157.0,-157.0,-155.5,-152.5,-153.5,-155.5,-157.0,-157.0,-157.0,-157.0,-157.0,-154.0,-149.0,-153.0,-150.5,-156.0,-152.5,-154.0,-155.5,-157.0,-157.0,-156.0,-155.5,-157.0,-157.0,-157.0,-157.0,-152.5,-157.0,-157.0,-157.0,-154.0,-152.0,-157.0,-157.0,-155.5,-153.5,-153.5,-156.5,-154.0,-155.0,-155.5,-155.5,-157.0,-157.0,-154.5,-156.5,-156.0,-154.5,-157.0,-157.0,-157.0,-157.0,-157.0,-157.0,-152.5,-155.0,-157.0,-157.0,-157.0,-157.0,-157.0,-157.0,-151.5,-153.5,-149.5,-153.5,-153.0,-152.0,-154.0,-154.0,-152.5,-154.5,-157.0,-157.0,-157.0,-157.0,-151.0,-152.0,-156.0,-157.0,-157.0,-157.0,-157.0,-157.0,-157.0,-157.0,-150.0,-149.0,-157.0,-154.5,-157.0,-152.0,-157.0,-157.0,-157.0,-153.0,-157.0,-157.0,-156.0,-152.5,-154.0,-157.0,-154.0,-153.5,-157.0,-155.0,-157.0,-157.0,-157.0,-157.0,-157.0,-157.0,-157.0,-156.0,-157.0,-157.0,-154.5,-154.0,-156.0,-157.0,-157.0,-157.0,-157.0,-156.5,-151.5,-157.0,-154.5,-156.0,-157.0,-155.5,-152.5,-150.5,-154.0,-153.5,-155.0,-154.0,-157.0,-156.0,-157.0,-156.5,-155.5,-157.0,-152.0,-150.0,-157.0,-156.5,-157.0,-157.0,-157.0,-157.0,-157.0,-157.0,-157.0,-157.0,-157.0,-156.0,-157.0,-157.0,-157.0,-157.0,-157.0,-156.5,-155.5,-156.5,-157.0,-157.0,-155.0,-152.5,-152.5,-153.0,-156.5,-157.0,-157.0,-157.0,-157.0,-157.0,-157.0,-157.0,-151.0,-151.5,-154.0,-157.0,-157.0,-157.0,-157.0,-153.0,-153.5,-156.5,-156.5,-155.0,-157.0,-157.0,-153.0,-150.0,-151.0,-155.5,-154.0,-157.0,-157.0,-151.0,-150.5,-157.0,-157.0,-153.5,-152.0,-157.0,-157.0,-154.0,-154.0,-154.5,-155.5,-156.0,-154.5,-157.0,-156.5,-157.0,-157.0,-157.0,-155.0,-151.5,-153.5,-154.5,-157.0,-153.0,-157.0,-157.0,-157.0,-156.5,-157.0,-155.5,-156.0,-153.0,-155.0,-155.5,-157.0,-157.0,-157.0,-157.0,-155.0,-155.0,-157.0,-153.5,-157.0,-157.0,-156.0,-152.5,-154.5,-157.0,-156.0,-157.0,-153.0,-153.0,-156.5,-157.0,-156.5,-155.0,-155.0,-152.5,-153.0,-157.0,-157.0,-154.5,-152.0,-152.0,-153.0,-157.0,-157.0,-155.0,-154.0,-155.0,-157.0,-151.0,-153.0,-157.0,-153.5,-155.0,-153.0,-152.0,-156.5,-156.5,-156.5,-157.0,-157.0,-157.0,-154.5,-157.0,-157.0,-157.0,-155.0,-155.0,-157.0,-154.0,-157.0,-156.0,-152.0,-157.0,-156.0,-157.0,-153.0,-151.0,-149.5,-152.5,-151.5,-151.0,-157.0,-157.0,-157.0,-157.0,-157.0,-157.0,-156.0,-156.5,-157.0,-157.0,-157.0,-157.0,-151.0,-157.0,-156.0,-157.0,-157.0,-157.0,-157.0,-157.0,-155.0,-153.0,-154.5,-157.0,-155.0,-156.0,-157.0,-155.5,-154.5,-157.0,-156.0,-157.0,-157.0,-157.0,-157.0,-156.0,-157.0,-154.5,-152.5,-157.0,-157.0,-157.0,-153.0,-153.0,-155.5,-156.5,-157.0,-157.0,-157.0,-154.5,-154.0,-157.0,-155.5,-153.5,-157.0,-154.0,-154.0,-157.0,-155.5,-156.0,-157.0,-157.0,-157.0,-157.0,-153.5,-152.0,-154.5,-157.0,-155.5,-152.0,-156.5,-157.0,-157.0,-152.0,-154.5,-153.5,-157.0,-157.0,-157.0,-157.0,-157.0,-157.0,-154.0,-153.0,-157.0,-157.0,-157.0,-155.0,-153.0,-156.5,-156.5,-155.0,-157.0,-156.5,-154.5,-151.0,-155.5,-157.0,-157.0,-153.0,-154.0,-157.0,-157.0,-157.0,-157.0,-154.5,-157.0,-155.0,-157.0,-155.0,-155.5,-155.0,-157.0,-155.0,-151.5,-153.5,-154.5,-157.0,-157.0,-157.0,-157.0,-157.0,-157.0,-157.0,-156.0,-153.0,-157.0,-157.0,-157.0,-157.0,-157.0,-157.0,-157.0,-156.0,-157.0,-157.0,-157.0,-157.0,-157.0,-152.0,-155.0,-157.0,-155.0,-152.0,-155.5,-156.0,-157.0,-157.0,-153.0,-157.0,-157.0,-157.0,-157.0,-157.0,-151.5,-154.0,-155.5,-153.0,-156.0
2026-01-17 13:48:26.469,143.049967,5,-77,-157.0,-157.0,-152.0,-152.0,-156.0,-157.0,-153.5,-154.5,-155.0,-157.0,-157.0,-156.5,-157.0,-154.0,-150.5,-151.5,-154.0,-156.0,-157.0,-157.0,-157.0,-157.0,-157.0,-147.0,-148.0,-153.0,-157.0,-151.0,-152.0,-157.0,-157.0,-155.0,-154.0,-155.0,-156.0,-157.0,-157.0,-154.5,-156.5,-157.0,-157.0,-157.0,-153.5,-153.5,-157.0,-157.0,-157.0,-157.0,-157.0,-157.0,-153.0,-152.0,-153.5,-157.0,-156.0,-157.0,-156.0,-157.0,-157.0,-156.0,-157.0,-157.0,-157.0,-157.0,-157.0,-157.0,-153.0,-151.0,-154.0,-157.0,-157.0,-157.0,-157.0,-157.0,-151.0,-150.0,-149.5,-157.0,-156.0,-153.0,-157.0,-153.0,-152.5,-153.5,-153.5,-157.0,-155.5,-155.0,-153.0,-152.5,-157.0,-157.0,-154.5,-157.0,-157.0,-157.0,-157.0,-157.0,-152.5,-149.0,-157.0,-157.0,-154.0,-152.5,-153.5,-157.0,-157.0,-154.0,-157.0,-157.0,-157.0,-156.5,-157.0,-157.0,-157.0,-157.0,-156.5,-157.0,-157.0,-157.0,-157.0,-155.5,-155.5,-157.0,-154.5,-151.5,-156.0,-157.0,-155.0,-155.5,-157.0,-157.0,-156.5,-157.0,-156.5,-155.0,-152.5,-157.0,-153.0,-155.0,-157.0,-154.5,-157.0,-151.5,-153.5,-152.5,-157.0,-152.5,-152.0,-154.5,-157.0,-157.0,-156.5,-157.0,-153.5,-150.5,-157.0,-157.0,-157.0,-157.0,-157.0,-157.0,-157.0,-157.0,-156.5,-157.0,-155.5,-154.5,-157.0,-155.5,-154.0,-157.0,-157.0,-157.0,-156.5,-157.0,-157.0,-157.0,-157.0,-155.5,-156.5,-155.0,-153.0,-157.0,-157.0,-157.0,-157.0,-157.0,-157.0,-157.0,-153.5,-152.5,-153.5,-157.0,-155.5,-157.0,-156.5,-154.0,-154.5,-154.5,-151.5,-151.5,-157.0,-157.0,-156.0,-157.0,-150.5,-152.5,-153.0,-156.0,-157.0,-152.0,-151.0,-157.0,-157.0,-154.0,-154.0,-155.0,-157.0,-156.0,-157.0,-155.5,-155.5,-156.5,-152.0,-157.0,-155.5,-157.0,-155.5,-157.0,-156.0,-154.0,-155.5,-156.0,-157.0,-152.5,-155.0,-155.5,-157.0,-156.5,-156.0,-152.5,-152.5,-150.5,-155.0,-157.0,-156.5,-157.0,-157.0,-157.0,-157.0,-157.0,-157.0,-154.5,-157.0,-151.5,-150.0,-151.0,-157.0,-157.0,-156.5,-157.0,-157.0,-155.0,-157.0,-157.0,-157.0,-156.0,-157.0,-156.0,-154.5,-157.0,-153.5,-152.0,-151.0,-156.0,-157.0,-156.0,-157.0,-152.5,-156.0,-153.0,-155.0,-153.5,-155.0,-157.0,-155.0,-156.0,-157.0,-156.5,-157.0,-157.0,-154.5,-153.5,-157.0,-157.0,-154.0,-157.0,-157.0,-157.0,-156.5,-156.5,-157.0,-155.5,-155.0,-157.0,-154.0,-157.0,-157.0,-157.0,-153.0,-151.0,-154.0,-152.5,-150.5,-153.5,-157.0,-156.5,-157.0,-157.0,-157.0,-150.5,-150.5,-157.0,-157.0,-157.0,-157.0,-157.0,-153.0,-157.0,-156.5,-157.0,-157.0,-157.0,-157.0,-157.0,-151.0,-150.0,-157.0,-157.0,-155.0,-155.0,-157.0,-157.0,-155.0,-153.5,-154.0,-157.0,-156.5,-157.0,-157.0,-157.0,-157.0,-157.0,-157.0,-156.5,-157.0,-157.0,-151.0,-151.5,-157.0,-153.0,-156.5,-157.0,-157.0,-157.0,-157.0,-157.0,-157.0,-157.0,-153.0,-151.5,-157.0,-157.0,-157.0,-157.0,-157.0,-156.0,-155.0,-156.0,-157.0,-155.5,-156.0,-157.0,-157.0,-154.0,-157.0,-157.0,-155.0,-154.0,-157.0,-157.0,-157.0,-157.0,-156.5,-154.5,-157.0,-157.0,-157.0,-156.5,-155.5,-157.0,-157.0,-151.0,-153.0,-157.0,-157.0,-156.5,-157.0,-157.0,-155.5,-153.0,-155.0,-157.0,-156.0,-152.0,-155.5,-157.0,-157.0,-157.0,-157.0,-151.5,-154.0,-157.0,-157.0,-157.0,-153.5,-153.0,-152.0,-152.5,-150.5,-157.0,-156.5,-157.0,-155.5,-156.0,-157.0,-157.0,-157.0,-156.0,-151.0,-152.5,-157.0,-157.0,-157.0,-157.0,-155.5,-157.0,-157.0,-154.5,-157.0,-157.0,-157.0,-157.0,-157.0,-154.5,-154.0,-157.0,-157.0,-153.0,-153.5,-157.0,-157.0,-152.5,-152.0,-157.0,-157.0,-156.0,-157.0,-157.0,-153.5,-153.5,-157.0,-153.0,-152.5
2026-01-17 13:48:26.515,143.049967,5,-77,-157.0,-157.0,-156.5,-154.0,-155.0,-157.0,-153.5,-153.5,-154.0,-157.0,-155.5,-155.5,-157.0,-155.0,-154.5,-157.0,-157.0,-155.0,-153.0,-154.0,-157.0,-157.0,-157.0,-150.5,-151.5,-157.0,-157.0,-153.0,-157.0,-155.0,-157.0,-151.5,-152.5,-155.5,-157.0,-157.0,-156.5,-157.0,-157.0,-157.0,-157.0,-157.0,-152.5,-152.5,-156.0,-157.0,-157.0,-157.0,-157.0,-157.0,-154.0,-154.5,-153.5,-157.0,-157.0,-155.5,-153.5,-157.0,-157.0,-157.0,-157.0,-157.0,-157.0,-157.0,-157.0,-157.0,-157.0,-154.0,-157.0,-157.0,-157.0,-157.0,-157.0,-157.0,-154.0,-155.0,-153.0,-157.0,-156.0,-156.0,-157.0,-155.5,-157.0,-154.0,-151.5,-156.0,-153.5,-152.0,-156.0,-154.0,-153.0,-157.0,-154.5,-157.0,-157.0,-157.0,-157.0,-153.0,-150.5,-150.0,-157.0,-157.0,-154.5,-152.5,-151.0,-155.5,-155.5,-155.5,-155.0,-154.0,-157.0,-157.0,-156.0,-155.0,-156.5,-157.0,-157.0,-156.5,-157.0,-157.0,-157.0,-157.0,-155.5,-157.0,-153.0,-151.0,-154.0,-157.0,-157.0,-157.0,-157.0,-157.0,-157.0,-155.0,-154.5,-154.5,-155.5,-153.5,-152.0,-155.5,-157.0,-156.0,-157.0,-157.0,-157.0,-153.5,-157.0,-157.0,-152.0,-155.5,-157.0,-157.0,-156.5,-156.0,-157.0,-156.0,-157.0,-157.0,-157.0,-157.0,-157.0,-157.0,-154.5,-156.5,-154.0,-157.0,-153.5,-152.5,-157.0,-157.0,-152.5,-152.0,-153.5,-157.0,-157.0,-157.0,-157.0,-157.0,-157.0,-157.0,-157.0,-153.0,-152.0,-157.0,-157.0,-154.0,-155.0,-157.0,-156.5,-157.0,-153.5,-151.5,-154.0,-155.0,-154.5,-155.0,-153.5,-152.5,-153.5,-157.0,-157.0,-156.5,-157.0,-154.5,-156.0,-157.0,-153.5,-154.0,-155.0,-154.0,-156.0,-157.0,-156.5,-157.0,-157.0,-156.5,-153.0,-151.0,-156.0,-154.5,-157.0,-157.0,-157.0,-151.0,-151.0,-153.0,-157.0,-152.5,-150.0,-154.0,-157.0,-156.5,-157.0,-156.5,-155.5,-156.5,-156.5,-153.0,-156.0,-156.0,-157.0,-153.5,-157.0,-152.5,-153.0,-154.5,-153.0,-157.0,-157.0,-157.0,-157.0,-157.0,-157.0,-156.0,-157.0,-153.5,-153.5,-152.0,-157.0,-157.0,-155.5,-155.5,-157.0,-156.0,-154.5,-157.0,-157.0,-157.0,-155.0,-157.0,-154.0,-157.0,-154.0,-157.0,-152.5,-157.0,-156.0,-155.5,-156.0,-153.0,-156.0,-151.5,-155.0,-157.0,-154.5,-153.0,-154.0,-157.0,-157.0,-157.0,-157.0,-157.0,-157.0,-156.0,-157.0,-153.5,-154.0,-155.5,-154.0,-154.5,-157.0,-157.0,-156.5,-157.0,-153.0,-155.0,-155.0,-155.0,-157.0,-157.0,-157.0,-157.0,-157.0,-157.0,-153.0,-157.0,-155.5,-155.5,-155.0,-153.5,-156.0,-150.0,-150.5,-157.0,-156.0,-154.5,-156.5,-157.0,-157.0,-157.0,-157.0,-157.0,-157.0,-157.0,-157.0,-157.0,-150.5,-150.5,-157.0,-157.0,-156.5,-157.0,-157.0,-157.0,-157.0,-150.5,-152.0,-157.0,-156.5,-157.0,-157.0,-157.0,-157.0,-155.0,-157.0,-154.5,-154.0,-155.5,-154.5,-155.0,-155.0,-152.5,-157.0,-157.0,-156.5,-157.0,-157.0,-157.0,-153.5,-153.0,-149.0,-148.5,-157.0,-157.0,-157.0,-157.0,-157.0,-157.0,-152.5,-152.5,-157.0,-156.5,-152.0,-154.5,-157.0,-157.0,-157.0,-157.0,-154.5,-157.0,-157.0,-157.0,-157.0,-154.0,-154.5,-153.0,-155.0,-157.0,-157.0,-157.0,-155.5,-157.0,-157.0,-151.5,-152.0,-157.0,-157.0,-155.5,-157.0,-157.0,-157.0,-157.0,-155.5,-157.0,-153.0,-152.0,-155.0,-157.0,-157.0,-157.0,-155.5,-152.5,-152.5,-156.5,-157.0,-157.0,-153.0,-154.5,-150.5,-155.5,-152.0,-157.0,-157.0,-157.0,-157.0,-157.0,-157.0,-157.0,-155.0,-153.5,-152.0,-157.0,-156.0,-156.5,-154.5,-157.0,-157.0,-157.0,-157.0,-157.0,-157.0,-157.0,-157.0,-157.0,-157.0,-157.0,-155.5,-157.0,-157.0,-157.0,-157.0,-157.0,-157.0,-153.0,-156.0,-157.0,-157.0,-155.5,-155.0,-157.0,-157.0,-157.0,-157.0,-152.5,-151.5
2026-01-17 13:48:26.534,143.049967,5,-77,-157.0,-157.0,-154.0,-157.0,-156.5,-154.5,-157.0,-157.0,-155.5,-157.0,-153.5,-153.5,-156.5,-156.0,-157.0,-157.0,-155.0,-157.0,-153.5,-155.0,-156.0,-156.0,-157.0,-157.0,-157.0,-155.0,-155.5,-153.5,-151.0,-150.5,-157.0,-153.0,-154.5,-154.5,-154.0,-152.5,-157.0,-157.0,-156.0,-155.0,-153.5,-155.0,-153.5,-157.0,-155.0,-156.0,-157.0,-157.0,-157.0,-157.0,-157.0,-157.0,-155.5,-157.0,-157.0,-157.0,-152.0,-157.0,-156.5,-157.0,-157.0,-157.0,-154.0,-153.5,-157.0,-157.0,-157.0,-156.0,-156.0,-153.5,-155.0,-155.5,-156.0,-152.5,-154.0,-153.5,-155.5,-157.0,-153.0,-157.0,-157.0,-156.0,-157.0,-154.0,-153.0,-156.5,-157.0,-154.5,-153.0,-154.0,-150.5,-157.0,-157.0,-154.0,-155.5,-157.0,-157.0,-151.5,-153.5,-152.0,-157.0,-157.0,-157.0,-151.0,-155.0,-154.5,-155.0,-155.0,-156.0,-151.5,-152.0,-157.0,-154.0,-154.0,-157.0,-157.0,-157.0,-154.5,-154.0,-157.0,-157.0,-157.0,-157.0,-156.0,-155.0,-155.5,-156.5,-157.0,-157.0,-157.0,-157.0,-157.0,-157.0,-157.0,-154.5,-153.5,-157.0,-152.0,-151.5,-157.0,-157.0,-153.5,-156.5,-157.0,-157.0,-154.0,-157.0,-157.0,-152.5,-154.0,-157.0,-157.0,-155.0,-155.5,-157.0,-156.0,-157.0,-157.0,-157.0,-157.0,-157.0,-155.0,-150.5,-157.0,-154.0,-154.5,-157.0,-152.5,-153.0,-157.0,-157.0,-151.0,-150.5,-153.5,-156.0,-154.0,-157.0,-157.0,-154.0,-153.0,-157.0,-152.5,-154.0,-157.0,-156.0,-154.5,-157.0,-157.0,-154.0,-150.0,-149.5,-151.5,-157.0,-156.5,-157.0,-156.0,-153.0,-155.0,-156.0,-157.0,-157.0,-157.0,-157.0,-157.0,-157.0,-157.0,-157.0,-154.5,-157.0,-151.0,-153.5,-157.0,-157.0,-157.0,-157.0,-156.5,-153.5,-150.0,-152.0,-153.5,-154.0,-152.5,-152.0,-149.0,-155.5,-154.0,-157.0,-152.5,-152.5,-151.5,-153.5,-153.0,-156.5,-157.0,-157.0,-157.0,-157.0,-155.5,-156.0,-152.0,-151.5,-153.5,-157.0,-155.5,-151.0,-153.5,-154.0,-156.5,-157.0,-157.0,-157.0,-157.0,-157.0,-152.5,-153.0,-157.0,-157.0,-156.0,-157.0,-157.0,-157.0,-155.5,-155.5,-155.0,-150.0,-151.5,-157.0,-155.0,-155.5,-157.0,-153.5,-155.5,-156.0,-154.0,-157.0,-157.0,-154.0,-156.5,-154.0,-152.0,-153.0,-152.5,-152.0,-157.0,-153.5,-152.0,-153.0,-157.0,-157.0,-154.5,-155.5,-157.0,-157.0,-157.0,-157.0,-153.5,-155.0,-157.0,-152.0,-150.0,-155.0,-157.0,-157.0,-157.0,-155.0,-153.5,-156.5,-152.0,-153.0,-155.5,-157.0,-157.0,-157.0,-157.0,-154.0,-156.0,-153.5,-154.0,-157.0,-153.5,-155.0,-153.0,-157.0,-157.0,-157.0,-153.5,-157.0,-157.0,-157.0,-157.0,-157.0,-157.0,-157.0,-157.0,-157.0,-157.0,-154.0,-157.0,-154.0,-156.0,-156.0,-157.0,-157.0,-157.0,-157.0,-152.5,-152.5,-156.0,-156.0,-157.0,-157.0,-157.0,-157.0,-155.0,-157.0,-157.0,-153.0,-155.5,-157.0,-157.0,-157.0,-155.5,-155.5,-155.0,-152.0,-153.0,-152.5,-157.0,-151.5,-151.0,-154.0,-151.5,-155.5,-157.0,-157.0,-157.0,-157.0,-151.5,-153.0,-156.0,-157.0,-155.0,-151.0,-156.0,-157.0,-157.0,-155.5,-156.0,-154.5,-154.5,-154.5,-154.0,-154.5,-151.5,-155.5,-153.0,-152.5,-157.0,-157.0,-157.0,-157.0,-157.0,-157.0,-151.0,-149.5,-157.0,-157.0,-155.5,-154.0,-153.5,-155.5,-152.0,-152.0,-154.5,-153.0,-156.5,-155.0,-157.0,-157.0,-157.0,-156.5,-157.0,-154.0,-156.5,-153.0,-154.0,-151.5,-152.0,-155.0,-157.0,-153.5,-154.5,-157.0,-157.0,-157.0,-157.0,-157.0,-157.0,-153.5,-157.0,-157.0,-157.0,-155.5,-153.5,-153.5,-157.0,-156.0,-157.0,-157.0,-157.0,-157.0,-157.0,-157.0,-157.0,-157.0,-157.0,-157.0,-157.0,-157.0,-157.0,-157.0,-157.0,-157.0,-155.0,-157.0,-157.0,-156.5,-157.0,-157.0,-157.0,-155.5,-156.5,-157.0,-157.0,-155.5
2026-01-17 13:48:26.568,143.049967,5,-77,-157.0,-157.0,-153.0,-157.0,-155.5,-153.5,-157.0,-155.5,-152.0,-157.0,-155.0,-155.0,-156.0,-153.5,-157.0,-157.0,-153.5,-153.0,-152.5,-152.0,-156.0,-155.0,-157.0,-157.0,-155.0,-152.0,-154.5,-157.0,-149.5,-149.0,-156.0,-155.0,-157.0,-157.0,-151.5,-151.5,-157.0,-154.5,-155.5,-151.5,-148.0,-150.0,-157.0,-157.0,-154.5,-152.5,-157.0,-157.0,-157.0,-155.5,-157.0,-157.0,-156.0,-156.5,-152.0,-151.5,-154.5,-153.5,-155.5,-154.0,-153.0,-157.0,-153.5,-153.0,-156.0,-153.5,-157.0,-155.5,-155.0,-151.0,-151.5,-156.0,-157.0,-150.0,-156.5,-154.5,-153.5,-157.0,-152.0,-157.0,-157.0,-156.5,-156.5,-152.5,-157.0,-156.5,-157.0,-153.0,-153.5,-150.0,-150.0,-157.0,-157.0,-152.0,-153.5,-157.0,-157.0,-152.0,-157.0,-157.0,-157.0,-157.0,-157.0,-155.0,-153.0,-152.0,-156.5,-156.0,-157.0,-156.5,-152.5,-157.0,-156.5,-156.0,-157.0,-155.5,-154.5,-157.0,-155.5,-157.0,-157.0,-155.0,-157.0,-155.0,-155.5,-153.0,-154.0,-157.0,-157.0,-154.5,-157.0,-157.0,-157.0,-157.0,-156.0,-157.0,-157.0,-157.0,-155.0,-156.5,-157.0,-151.5,-152.0,-157.0,-153.0,-151.0,-157.0,-156.0,-153.0,-155.0,-156.5,-155.5,-155.0,-153.5,-156.0,-152.5,-157.0,-157.0,-157.0,-157.0,-157.0,-157.0,-150.5,-157.0,-157.0,-157.0,-157.0,-154.5,-154.0,-154.5,-157.0,-155.5,-151.0,-153.5,-156.0,-157.0,-157.0,-157.0,-150.0,-149.0,-153.5,-157.0,-157.0,-157.0,-157.0,-157.0,-157.0,-154.5,-156.0,-151.5,-153.5,-157.0,-157.0,-157.0,-157.0,-153.0,-155.0,-157.0,-153.5,-157.0,-157.0,-157.0,-156.0,-157.0,-157.0,-157.0,-157.0,-155.0,-157.0,-151.0,-155.5,-157.0,-152.0,-153.5,-156.5,-156.0,-155.0,-151.0,-151.0,-154.0,-155.5,-149.5,-149.5,-148.5,-151.5,-157.0,-157.0,-156.0,-157.0,-151.0,-152.5,-152.5,-150.0,-155.5,-156.5,-154.5,-156.5,-157.0,-153.5,-150.0,-150.5,-156.0,-157.0,-157.0,-150.5,-156.0,-156.0,-154.0,-153.0,-157.0,-157.0,-157.0,-152.0,-150.5,-152.5,-157.0,-156.5,-154.5,-157.0,-157.0,-157.0,-156.5,-153.0,-155.0,-151.0,-152.5,-153.5,-152.0,-157.0,-157.0,-155.0,-153.5,-156.0,-153.0,-157.0,-157.0,-151.5,-157.0,-152.5,-152.0,-157.0,-155.0,-152.5,-154.5,-157.0,-157.0,-152.0,-151.5,-157.0,-153.0,-153.0,-155.5,-157.0,-157.0,-157.0,-154.5,-151.5,-157.0,-154.5,-151.0,-156.5,-157.0,-157.0,-153.0,-157.0,-155.5,-157.0,-151.5,-153.5,-154.0,-157.0,-157.0,-157.0,-157.0,-154.5,-156.5,-157.0,-154.5,-157.0,-157.0,-157.0,-157.0,-157.0,-157.0,-157.0,-155.0,-155.5,-157.0,-157.0,-157.0,-156.5,-156.5,-157.0,-157.0,-156.5,-157.0,-157.0,-155.0,-151.5,-157.0,-157.0,-157.0,-157.0,-156.5,-154.5,-156.0,-157.0,-154.5,-154.5,-157.0,-157.0,-157.0,-157.0,-154.5,-154.0,-152.5,-152.0,-156.0,-157.0,-157.0,-157.0,-157.0,-151.0,-153.0,-155.0,-157.0,-153.0,-153.0,-155.0,-153.5,-155.0,-152.5,-157.0,-157.0,-156.5,-157.0,-151.0,-148.5,-151.5,-157.0,-157.0,-157.0,-153.5,-157.0,-157.0,-156.5,-154.0,-155.5,-156.0,-153.5,-151.5,-151.5,-154.0,-152.5,-153.0,-153.0,-156.0,-157.0,-156.5,-157.0,-157.0,-157.0,-157.0,-153.0,-151.5,-156.5,-157.0,-157.0,-154.0,-152.5,-153.5,-152.5,-153.0,-152.0,-156.5,-155.5,-154.0,-157.0,-156.0,-157.0,-155.5,-157.0,-157.0,-157.0,-155.0,-155.5,-153.5,-153.0,-157.0,-157.0,-157.0,-154.0,-154.5,-157.0,-157.0,-157.0,-157.0,-157.0,-157.0,-157.0,-157.0,-157.0,-157.0,-157.0,-157.0,-152.5,-151.5,-157.0,-155.5,-156.0,-157.0,-155.0,-157.0,-157.0,-155.5,-157.0,-157.0,-157.0,-156.5,-157.0,-156.0,-153.0,-151.0,-152.5,-157.0,-157.0,-157.0,-157.0,-157.0,-157.0,-155.5,-157.0,-156.0,-157.0,-156.5
2026-01-17 13:48:26.602,143.049967,5,-77,-157.0,-157.0,-155.5,-157.0,-157.0,-155.0,-157.0,-154.5,-150.5,-157.0,-157.0,-157.0,-157.0,-155.0,-157.0,-156.0,-154.0,-155.0,-152.0,-149.0,-153.5,-156.0,-157.0,-157.0,-157.0,-154.0,-157.0,-157.0,-152.0,-149.0,-154.0,-157.0,-157.0,-157.0,-153.5,-153.5,-157.0,-153.5,-156.0,-153.0,-149.0,-152.5,-157.0,-157.0,-157.0,-154.5,-157.0,-157.0,-155.5,-155.5,-157.0,-155.5,-157.0,-152.5,-148.0,-150.5,-157.0,-154.0,-156.5,-157.0,-153.5,-157.0,-156.5,-155.0,-157.0,-153.5,-153.0,-154.5,-154.0,-151.0,-151.5,-154.0,-150.5,-147.5,-154.0,-156.5,-154.5,-153.5,-153.0,-157.0,-155.0,-155.5,-156.5,-154.5,-157.0,-157.0,-157.0,-150.5,-154.5,-153.0,-150.0,-154.5,-157.0,-154.0,-153.0,-157.0,-156.5,-155.5,-157.0,-157.0,-157.0,-157.0,-157.0,-157.0,-152.5,-153.0,-157.0,-152.5,-154.0,-157.0,-152.5,-152.0,-157.0,-156.5,-152.5,-152.0,-153.5,-157.0,-155.5,-156.5,-157.0,-155.0,-157.0,-155.0,-154.5,-152.0,-155.0,-157.0,-154.5,-151.5,-154.0,-155.5,-154.0,-156.5,-152.5,-154.0,-154.0,-157.0,-154.0,-152.5,-157.0,-155.5,-155.5,-157.0,-150.0,-150.5,-157.0,-157.0,-155.0,-154.0,-157.0,-157.0,-153.0,-153.5,-157.0,-153.0,-157.0,-155.5,-157.0,-157.0,-157.0,-157.0,-151.0,-156.5,-157.0,-157.0,-157.0,-157.0,-157.0,-152.0,-156.5,-155.0,-152.5,-157.0,-157.0,-156.5,-156.0,-157.0,-153.5,-152.5,-157.0,-157.0,-157.0,-157.0,-157.0,-157.0,-155.5,-153.5,-155.5,-157.0,-157.0,-157.0,-157.0,-157.0,-157.0,-154.0,-157.0,-157.0,-152.5,-155.0,-154.5,-155.5,-156.0,-157.0,-157.0,-157.0,-157.0,-154.0,-157.0,-153.0,-155.0,-153.0,-151.0,-157.0,-155.0,-153.0,-154.5,-157.0,-155.0,-152.5,-151.5,-153.5,-153.0,-154.0,-154.0,-157.0,-157.0,-157.0,-156.5,-154.5,-157.0,-150.5,-149.0,-156.0,-157.0,-153.0,-153.5,-155.5,-154.0,-153.5,-157.0,-153.0,-152.0,-157.0,-150.5,-152.5,-157.0,-156.0,-155.5,-157.0,-157.0,-157.0,-155.5,-154.5,-157.0,-157.0,-157.0,-154.0,-154.0,-157.0,-157.0,-157.0,-155.5,-157.0,-155.0,-157.0,-150.0,-151.0,-157.0,-154.5,-154.5,-154.0,-157.0,-154.0,-157.0,-157.0,-150.0,-157.0,-157.0,-157.0,-157.0,-157.0,-155.5,-153.5,-155.0,-155.5,-152.5,-151.0,-157.0,-157.0,-153.5,-155.5,-157.0,-155.5,-157.0,-157.0,-153.0,-156.0,-155.5,-157.0,-157.0,-157.0,-155.5,-151.5,-153.5,-157.0,-157.0,-152.5,-157.0,-157.0,-157.0,-157.0,-157.0,-157.0,-156.0,-157.0,-157.0,-157.0,-157.0,-157.0,-157.0,-157.0,-157.0,-157.0,-154.5,-157.0,-155.0,-157.0,-155.0,-155.5,-157.0,-157.0,-157.0,-157.0,-157.0,-157.0,-157.0,-152.5,-152.0,-157.0,-157.0,-157.0,-157.0,-156.5,-157.0,-157.0,-153.0,-154.0,-156.5,-157.0,-157.0,-156.0,-157.0,-155.5,-156.5,-151.5,-152.5,-153.5,-157.0,-156.0,-157.0,-153.5,-151.5,-155.0,-157.0,-154.5,-151.5,-152.0,-155.5,-150.0,-148.5,-150.5,-156.0,-157.0,-155.5,-157.0,-150.5,-152.5,-154.0,-156.5,-157.0,-157.0,-157.0,-157.0,-156.5,-155.5,-155.5,-154.0,-154.0,-153.0,-152.5,-154.5,-155.0,-155.0,-152.5,-155.5,-157.0,-157.0,-156.0,-155.5,-157.0,-154.5,-156.0,-157.0,-157.0,-157.0,-156.5,-157.0,-154.5,-152.0,-157.0,-155.0,-157.0,-153.5,-157.0,-155.0,-152.0,-155.0,-156.5,-157.0,-156.0,-155.5,-157.0,-154.0,-157.0,-157.0,-157.0,-157.0,-157.0,-157.0,-157.0,-157.0,-157.0,-157.0,-157.0,-157.0,-157.0,-157.0,-157.0,-157.0,-157.0,-157.0,-157.0,-157.0,-156.5,-153.0,-151.5,-157.0,-155.0,-154.5,-157.0,-152.0,-157.0,-157.0,-155.5,-157.0,-157.0,-157.0,-157.0,-157.0,-153.0,-153.0,-148.5,-151.5,-156.5,-157.0,-157.0,-157.0,-154.5,-153.0,-157.0,-157.0,-153.0,-151.5,-157.0
2026-01-17 13:48:26.637,143.049967,5,-77,-157.0,-157.0,-157.0,-157.0,-157.0,-157.0,-157.0,-152.5,-152.5,-157.0,-157.0,-157.0,-157.0,-155.5,-154.0,-152.0,-156.0,-156.0,-157.0,-152.0,-154.0,-154.5,-157.0,-157.0,-157.0,-156.0,-157.0,-157.0,-152.5,-152.0,-154.0,-154.0,-152.5,-156.0,-157.0,-157.0,-156.5,-157.0,-153.5,-155.0,-156.0,-157.0,-157.0,-157.0,-157.0,-156.5,-157.0,-157.0,-156.5,-157.0,-157.0,-151.5,-152.5,-152.0,-149.0,-154.5,-157.0,-157.0,-154.5,-157.0,-156.5,-157.0,-156.0,-156.0,-157.0,-157.0,-154.0,-157.0,-153.5,-151.5,-151.5,-154.0,-151.0,-149.0,-150.0,-152.5,-157.0,-157.0,-157.0,-156.5,-152.0,-152.0,-155.5,-157.0,-156.5,-157.0,-150.5,-151.0,-152.5,-155.5,-148.0,-150.0,-157.0,-157.0,-155.5,-157.0,-157.0,-157.0,-157.0,-157.0,-157.0,-157.0,-157.0,-154.0,-156.0,-155.5,-157.0,-154.0,-151.5,-154.0,-151.0,-151.5,-157.0,-157.0,-154.5,-154.0,-157.0,-155.0,-155.5,-155.0,-152.5,-153.0,-157.0,-156.5,-155.5,-155.5,-157.0,-157.0,-152.0,-152.0,-154.0,-157.0,-154.0,-155.5,-152.0,-149.5,-156.0,-157.0,-154.5,-153.0,-157.0,-157.0,-157.0,-156.0,-153.5,-155.0,-157.0,-157.0,-155.5,-156.0,-157.0,-157.0,-154.5,-153.5,-157.0,-155.5,-154.5,-157.0,-157.0,-157.0,-157.0,-157.0,-149.0,-149.0,-157.0,-157.0,-157.0,-157.0,-157.0,-151.5,-153.0,-154.0,-154.5,-155.5,-157.0,-155.5,-153.5,-157.0,-157.0,-156.0,-157.0,-157.0,-153.5,-154.0,-157.0,-157.0,-151.5,-154.5,-156.5,-157.0,-157.0,-157.0,-157.0,-157.0,-157.0,-157.0,-155.5,-155.5,-153.5,-157.0,-155.0,-152.0,-153.5,-157.0,-156.5,-153.5,-152.0,-154.0,-157.0,-157.0,-153.0,-152.5,-155.0,-157.0,-157.0,-155.5,-154.5,-157.0,-154.5,-152.5,-151.5,-157.0,-152.5,-153.5,-156.0,-157.0,-154.5,-156.5,-157.0,-157.0,-154.5,-150.5,-152.5,-154.0,-155.0,-152.5,-151.5,-155.0,-154.0,-157.0,-157.0,-151.5,-150.5,-152.5,-153.0,-154.5,-157.0,-156.5,-157.0,-155.5,-153.5,-157.0,-157.0,-157.0,-157.0,-157.0,-157.0,-157.0,-155.5,-154.5,-152.5,-153.5,-153.0,-157.0,-156.0,-157.0,-153.0,-155.0,-157.0,-155.0,-152.5,-154.0,-156.0,-154.5,-157.0,-157.0,-150.5,-156.0,-156.0,-154.0,-154.5,-157.0,-155.5,-156.5,-153.5,-154.5,-157.0,-155.5,-157.0,-157.0,-155.0,-152.0,-155.5,-154.5,-157.0,-157.0,-156.0,-157.0,-156.5,-157.0,-157.0,-154.5,-153.5,-154.0,-157.0,-157.0,-156.0,-151.5,-153.5,-157.0,-157.0,-157.0,-157.0,-157.0,-156.5,-156.0,-156.0,-157.0,-157.0,-157.0,-157.0,-157.0,-157.0,-154.5,-151.5,-154.5,-157.0,-157.0,-152.5,-157.0,-157.0,-157.0,-157.0,-157.0,-157.0,-157.0,-157.0,-157.0,-157.0,-155.0,-154.0,-152.5,-156.5,-153.5,-155.0,-155.5,-150.5,-152.0,-157.0,-157.0,-157.0,-153.5,-156.0,-157.0,-157.0,-154.0,-157.0,-155.5,-157.0,-154.5,-157.0,-150.5,-154.5,-157.0,-154.5,-148.5,-149.0,-154.0,-157.0,-153.5,-151.0,-153.0,-152.5,-153.0,-157.0,-157.0,-153.5,-157.0,-153.5,-153.5,-155.0,-157.0,-157.0,-157.0,-152.0,-150.0,-150.5,-153.5,-153.5,-157.0,-157.0,-157.0,-157.0,-153.0,-156.5,-155.0,-156.0,-157.0,-157.0,-157.0,-157.0,-154.5,-157.0,-157.0,-157.0,-157.0,-153.0,-156.5,-156.5,-153.0,-157.0,-154.5,-156.0,-154.0,-157.0,-156.5,-155.5,-157.0,-157.0,-157.0,-157.0,-157.0,-156.5,-151.5,-153.5,-157.0,-157.0,-157.0,-157.0,-157.0,-157.0,-157.0,-157.0,-157.0,-157.0,-157.0,-157.0,-154.5,-157.0,-153.0,-155.0,-157.0,-157.0,-157.0,-157.0,-157.0,-153.0,-156.0,-157.0,-156.5,-157.0,-152.0,-153.5,-157.0,-154.5,-156.0,-157.0,-157.0,-157.0,-156.5,-154.5,-152.5,-148.0,-150.0,-155.5,-157.0,-157.0,-156.5,-155.5,-153.5,-157.0,-157.0,-157.0,-152.0,-155.0
2026-01-17 13:48:26.669,143.049967,5,-77,-157.0,-157.0,-157.0,-157.0,-157.0,-157.0,-157.0,-151.5,-157.0,-155.5,-157.0,-155.5,-157.0,-156.5,-157.0,-154.5,-157.0,-155.0,-157.0,-157.0,-157.0,-151.5,-153.5,-157.0,-155.0,-157.0,-157.0,-157.0,-155.0,-157.0,-157.0,-150.5,-150.5,-154.5,-157.0,-157.0,-157.0,-157.0,-153.0,-154.0,-157.0,-157.0,-157.0,-157.0,-155.0,-153.5,-157.0,-157.0,-157.0,-157.0,-156.0,-155.0,-152.5,-150.5,-153.0,-157.0,-157.0,-157.0,-155.0,-157.0,-157.0,-155.0,-157.0,-155.5,-157.0,-157.0,-155.5,-157.0,-153.0,-153.0,-152.5,-157.0,-155.5,-153.0,-156.5,-151.5,-157.0,-157.0,-156.5,-157.0,-151.0,-152.5,-157.0,-156.5,-153.5,-157.0,-149.0,-153.5,-154.0,-153.5,-150.0,-150.5,-156.5,-157.0,-157.0,-154.0,-157.0,-155.0,-154.5,-157.0,-157.0,-157.0,-157.0,-151.5,-152.0,-154.0,-157.0,-157.0,-151.0,-151.0,-151.0,-153.0,-157.0,-157.0,-157.0,-157.0,-157.0,-157.0,-157.0,-157.0,-151.5,-151.5,-157.0,-157.0,-155.5,-157.0,-154.5,-155.0,-155.0,-152.0,-154.5,-157.0,-157.0,-157.0,-157.0,-150.0,-154.5,-157.0,-155.0,-153.0,-157.0,-157.0,-155.5,-157.0,-157.0,-157.0,-157.0,-156.5,-156.5,-157.0,-157.0,-157.0,-157.0,-153.0,-157.0,-157.0,-153.0,-157.0,-152.0,-152.0,-156.5,-156.0,-150.5,-151.5,-153.0,-154.5,-155.0,-157.0,-156.5,-154.5,-157.0,-156.5,-156.5,-157.0,-157.0,-157.0,-156.5,-157.0,-157.0,-153.0,-157.0,-157.0,-156.0,-155.0,-157.0,-157.0,-153.0,-157.0,-152.0,-153.0,-154.5,-157.0,-156.5,-157.0,-157.0,-157.0,-156.5,-157.0,-157.0,-157.0,-157.0,-148.0,-148.5,-157.0,-157.0,-156.5,-152.5,-157.0,-157.0,-157.0,-157.0,-157.0,-156.5,-157.0,-157.0,-157.0,-154.0,-156.0,-155.0,-155.5,-153.5,-157.0,-154.5,-149.5,-150.5,-157.0,-152.5,-153.5,-157.0,-157.0,-155.0,-152.5,-154.0,-154.0,-156.0,-157.0,-156.5,-157.0,-157.0,-151.5,-152.0,-157.0,-155.5,-153.0,-157.0,-157.0,-157.0,-153.5,-151.5,-157.0,-154.5,-157.0,-157.0,-157.0,-156.0,-154.0,-155.5,-157.0,-157.0,-157.0,-150.0,-147.5,-149.0,-156.5,-157.0,-157.0,-155.5,-157.0,-157.0,-157.0,-156.0,-155.5,-157.0,-157.0,-157.0,-157.0,-152.0,-154.5,-153.5,-152.0,-154.0,-153.0,-157.0,-157.0,-157.0,-155.5,-157.0,-157.0,-157.0,-157.0,-157.0,-152.5,-156.0,-155.0,-157.0,-157.0,-157.0,-157.0,-154.5,-157.0,-157.0,-155.5,-151.5,-155.5,-157.0,-157.0,-152.0,-154.5,-153.0,-154.5,-157.0,-157.0,-156.5,-157.0,-157.0,-152.0,-157.0,-157.0,-157.0,-155.0,-157.0,-153.0,-154.5,-156.0,-152.5,-154.0,-157.0,-157.0,-155.0,-157.0,-153.5,-154.0,-157.0,-157.0,-157.0,-157.0,-157.0,-157.0,-157.0,-157.0,-151.0,-149.0,-153.0,-154.5,-150.0,-151.0,-153.5,-157.0,-155.5,-155.5,-157.0,-155.5,-156.5,-157.0,-157.0,-157.0,-157.0,-157.0,-155.5,-151.5,-152.5,-151.0,-157.0,-157.0,-154.5,-148.0,-151.0,-157.0,-157.0,-157.0,-157.0,-155.5,-153.5,-153.5,-157.0,-157.0,-156.0,-157.0,-156.5,-157.0,-153.5,-157.0,-157.0,-157.0,-149.5,-148.0,-150.0,-155.5,-156.5,-157.0,-157.0,-157.0,-153.5,-153.0,-154.5,-157.0,-156.5,-157.0,-157.0,-153.5,-157.0,-154.0,-157.0,-156.5,-157.0,-154.5,-154.5,-156.5,-157.0,-153.0,-154.0,-152.5,-151.5,-151.5,-155.5,-154.5,-157.0,-157.0,-157.0,-155.5,-157.0,-157.0,-156.0,-151.0,-153.0,-157.0,-157.0,-157.0,-156.5,-153.0,-157.0,-157.0,-152.5,-155.0,-155.0,-155.5,-156.0,-152.0,-152.0,-151.5,-156.0,-157.0,-157.0,-157.0,-157.0,-157.0,-155.0,-154.5,-157.0,-156.0,-156.0,-156.0,-156.5,-157.0,-155.5,-155.5,-153.5,-157.0,-157.0,-155.5,-157.0,-157.0,-152.0,-155.5,-156.5,-157.0,-157.0,-156.0,-157.0,-157.0,-157.0,-157.0,-157.0,-156.0,-157.0
2026-01-17 13:48:26.702,143.049967,5,-77,-157.0,-157.0,-157.0,-157.0,-157.0,-157.0,-157.0,-150.5,-153.5,-157.0,-156.5,-154.5,-156.0,-155.5,-157.0,-157.0,-157.0,-155.0,-153.0,-152.0,-151.0,-149.5,-151.0,-156.0,-156.0,-157.0,-157.0,-157.0,-152.0,-155.5,-154.0,-151.5,-150.0,-152.5,-157.0,-156.0,-152.5,-154.0,-155.0,-154.5,-157.0,-157.0,-156.5,-156.5,-157.0,-152.5,-154.0,-157.0,-157.0,-157.0,-157.0,-157.0,-152.5,-152.0,-153.5,-157.0,-157.0,-157.0,-155.0,-157.0,-155.5,-151.5,-155.0,-153.0,-154.0,-155.0,-154.5,-153.0,-151.0,-156.0,-155.5,-157.0,-153.5,-150.0,-153.0,-150.5,-151.5,-152.5,-150.5,-152.5,-152.5,-157.0,-157.0,-157.0,-154.0,-154.5,-148.0,-150.0,-157.0,-157.0,-153.0,-152.0,-157.0,-157.0,-154.5,-155.5,-152.0,-151.5,-157.0,-155.5,-155.0,-154.5,-157.0,-153.5,-155.0,-156.0,-157.0,-157.0,-156.0,-154.0,-154.0,-155.5,-157.0,-157.0,-155.0,-156.0,-157.0,-157.0,-157.0,-157.0,-157.0,-156.5,-157.0,-157.0,-153.5,-156.5,-152.5,-154.5,-157.0,-150.5,-152.5,-157.0,-157.0,-156.0,-152.0,-152.0,-156.5,-156.0,-153.5,-153.0,-157.0,-157.0,-157.0,-157.0,-157.0,-157.0,-154.5,-152.0,-157.0,-157.0,-157.0,-157.0,-151.5,-150.5,-153.0,-154.5,-152.5,-157.0,-148.5,-150.0,-157.0,-157.0,-152.0,-157.0,-151.5,-152.0,-157.0,-156.5,-155.0,-156.5,-157.0,-155.5,-154.5,-157.0,-157.0,-157.0,-157.0,-157.0,-153.5,-151.5,-157.0,-157.0,-157.0,-157.0,-157.0,-155.0,-156.0,-157.0,-155.0,-152.0,-152.0,-157.0,-154.5,-157.0,-154.5,-154.0,-155.0,-157.0,-157.0,-157.0,-157.0,-151.5,-149.0,-153.5,-157.0,-157.0,-156.5,-154.5,-155.5,-157.0,-157.0,-157.0,-155.5,-157.0,-157.0,-157.0,-157.0,-156.5,-157.0,-157.0,-151.0,-157.0,-157.0,-150.5,-151.5,-157.0,-156.0,-154.5,-157.0,-155.0,-157.0,-154.0,-154.0,-153.5,-157.0,-157.0,-157.0,-157.0,-157.0,-149.0,-150.0,-157.0,-157.0,-156.0,-157.0,-156.5,-157.0,-153.0,-151.0,-157.0,-156.0,-157.0,-157.0,-157.0,-157.0,-156.0,-157.0,-157.0,-157.0,-157.0,-157.0,-148.0,-155.5,-157.0,-157.0,-157.0,-154.5,-157.0,-156.5,-155.0,-157.0,-157.0,-157.0,-157.0,-157.0,-157.0,-157.0,-156.0,-156.5,-152.0,-157.0,-154.0,-157.0,-157.0,-155.5,-154.5,-157.0,-157.0,-157.0,-157.0,-151.5,-152.0,-157.0,-153.5,-153.5,-157.0,-157.0,-157.0,-152.5,-156.0,-153.5,-151.5,-152.0,-152.5,-157.0,-157.0,-153.0,-153.5,-157.0,-153.0,-157.0,-157.0,-156.5,-156.5,-157.0,-152.5,-157.0,-157.0,-157.0,-155.0,-156.5,-148.0,-149.5,-157.0,-154.0,-155.0,-157.0,-157.0,-157.0,-157.0,-154.0,-151.5,-155.5,-155.5,-157.0,-157.0,-157.0,-157.0,-157.0,-157.0,-153.5,-151.5,-153.0,-157.0,-150.0,-148.5,-152.5,-157.0,-153.0,-152.5,-157.0,-157.0,-157.0,-156.5,-157.0,-157.0,-157.0,-155.5,-156.5,-154.5,-151.5,-155.0,-157.0,-154.0,-157.0,-150.5,-154.0,-157.0,-156.0,-157.0,-157.0,-157.0,-157.0,-157.0,-156.0,-157.0,-157.0,-157.0,-157.0,-157.0,-153.5,-156.5,-157.0,-157.0,-151.5,-153.0,-156.5,-157.0,-157.0,-157.0,-157.0,-156.5,-154.0,-154.5,-152.5,-154.5,-156.0,-155.5,-155.0,-150.0,-152.5,-155.0,-157.0,-156.0,-157.0,-156.5,-157.0,-157.0,-156.0,-154.0,-155.5,-152.5,-151.5,-153.5,-155.5,-154.0,-156.0,-154.0,-155.5,-156.5,-157.0,-157.0,-157.0,-154.0,-155.0,-156.0,-157.0,-157.0,-153.0,-152.5,-157.0,-157.0,-151.0,-155.5,-153.5,-154.5,-157.0,-154.0,-152.5,-154.0,-157.0,-154.0,-153.0,-157.0,-157.0,-157.0,-157.0,-157.0,-157.0,-157.0,-154.5,-155.0,-156.5,-156.0,-153.5,-155.5,-154.5,-155.5,-156.5,-155.5,-157.0,-157.0,-156.5,-157.0,-156.5,-156.5,-154.5,-156.5,-157.0,-155.5,-155.0,-154.5,-153.0,-152.5,-157.0
2026-01-17 13:48:26.737,143.049967,5,-77,-157.0,-157.0,-155.5,-157.0,-157.0,-155.5,-157.0,-151.0,-155.0,-157.0,-157.0,-157.0,-152.5,-151.5,-154.0,-157.0,-157.0,-157.0,-154.0,-153.0,-151.0,-152.5,-157.0,-152.5,-154.0,-157.0,-157.0,-152.0,-149.5,-152.5,-156.5,-156.5,-152.5,-155.0,-156.5,-155.5,-153.0,-154.0,-157.0,-157.0,-155.5,-153.0,-156.5,-157.0,-157.0,-152.0,-152.0,-157.0,-157.0,-157.0,-157.0,-157.0,-155.5,-154.5,-154.0,-157.0,-157.0,-157.0,-152.0,-153.0,-157.0,-151.5,-157.0,-154.5,-153.5,-157.0,-156.0,-152.5,-153.0,-154.0,-152.0,-152.5,-157.0,-148.5,-150.5,-151.0,-151.0,-153.5,-151.5,-149.0,-153.0,-156.5,-157.0,-157.0,-157.0,-157.0,-150.5,-151.0,-156.5,-157.0,-152.0,-157.0,-157.0,-157.0,-154.0,-157.0,-155.0,-155.0,-157.0,-152.0,-151.5,-153.5,-154.5,-155.5,-157.0,-157.0,-157.0,-157.0,-157.0,-155.5,-157.0,-156.0,-154.0,-154.5,-151.0,-153.0,-155.5,-155.0,-153.5,-157.0,-157.0,-157.0,-155.5,-155.0,-151.5,-156.5,-153.0,-157.0,-157.0,-151.5,-156.5,-157.0,-154.0,-156.5,-152.5,-157.0,-157.0,-157.0,-156.0,-153.5,-155.5,-157.0,-157.0,-157.0,-156.5,-157.0,-154.0,-152.5,-155.5,-154.5,-156.5,-157.0,-149.0,-150.0,-151.5,-155.5,-154.0,-157.0,-149.0,-150.0,-157.0,-157.0,-153.5,-157.0,-156.5,-156.0,-155.0,-157.0,-157.0,-155.5,-156.5,-155.5,-157.0,-154.0,-157.0,-155.0,-156.0,-157.0,-156.5,-154.0,-157.0,-156.5,-152.5,-153.5,-157.0,-155.0,-157.0,-157.0,-157.0,-157.0,-154.5,-157.0,-155.5,-153.5,-156.5,-155.0,-153.5,-155.0,-153.0,-157.0,-157.0,-157.0,-150.5,-157.0,-157.0,-157.0,-157.0,-155.5,-155.0,-156.5,-157.0,-155.0,-153.0,-157.0,-157.0,-157.0,-157.0,-156.5,-157.0,-157.0,-152.5,-156.0,-157.0,-155.0,-157.0,-157.0,-157.0,-157.0,-157.0,-151.5,-152.0,-157.0,-153.5,-151.0,-157.0,-151.0,-150.5,-157.0,-156.0,-151.5,-153.5,-157.0,-157.0,-157.0,-151.5,-152.5,-157.0,-151.5,-152.0,-154.5,-156.0,-157.0,-155.0,-157.0,-156.5,-157.0,-157.0,-157.0,-155.5,-157.0,-149.5,-147.0,-157.0,-157.0,-157.0,-157.0,-151.5,-155.0,-152.5,-152.5,-154.5,-157.0,-157.0,-157.0,-156.0,-156.0,-157.0,-154.5,-151.5,-151.0,-157.0,-157.0,-157.0,-156.5,-153.0,-157.0,-157.0,-157.0,-157.0,-156.0,-152.0,-154.5,-152.0,-152.5,-156.0,-157.0,-156.5,-156.0,-153.0,-157.0,-153.5,-151.5,-151.5,-153.5,-157.0,-157.0,-153.5,-153.0,-157.0,-153.5,-157.0,-157.0,-157.0,-157.0,-155.0,-154.0,-157.0,-157.0,-155.0,-152.5,-154.5,-148.0,-149.5,-154.0,-154.0,-157.0,-157.0,-157.0,-157.0,-157.0,-155.5,-151.5,-152.5,-155.5,-155.5,-157.0,-157.0,-157.0,-157.0,-157.0,-157.0,-156.0,-157.0,-157.0,-156.0,-150.0,-153.0,-155.5,-154.5,-153.0,-155.0,-157.0,-157.0,-155.0,-152.5,-157.0,-156.5,-157.0,-157.0,-157.0,-155.0,-157.0,-157.0,-153.0,-156.0,-155.5,-157.0,-157.0,-155.0,-156.0,-157.0,-157.0,-157.0,-153.5,-153.0,-157.0,-157.0,-157.0,-157.0,-156.5,-155.0,-154.5,-155.5,-157.0,-152.5,-157.0,-157.0,-157.0,-157.0,-157.0,-157.0,-157.0,-156.5,-156.5,-157.0,-157.0,-157.0,-156.0,-156.0,-152.0,-155.0,-157.0,-157.0,-157.0,-157.0,-157.0,-157.0,-157.0,-153.5,-153.5,-157.0,-157.0,-155.5,-157.0,-156.0,-153.0,-157.0,-154.0,-157.0,-156.5,-157.0,-156.5,-157.0,-156.5,-157.0,-156.0,-157.0,-157.0,-156.0,-156.0,-157.0,-157.0,-150.0,-155.0,-157.0,-155.5,-157.0,-157.0,-156.0,-155.5,-157.0,-157.0,-151.5,-157.0,-157.0,-157.0,-157.0,-157.0,-157.0,-157.0,-155.0,-153.5,-154.0,-157.0,-154.5,-154.0,-157.0,-157.0,-151.0,-156.5,-156.0,-153.0,-156.5,-152.0,-152.0,-157.0,-154.5,-157.0,-157.0,-156.5,-157.0,-153.0,-154.0,-154.0,-156.0
2026-01-17 13:48:26.768,143.049967,5,-77,-157.0,-157.0,-155.5,-157.0,-157.0,-153.0,-155.0,-153.0,-156.5,-157.0,-157.0,-157.0,-153.5,-152.5,-152.0,-153.5,-157.0,-156.5,-157.0,-154.5,-151.0,-152.0,-156.5,-150.0,-152.5,-154.5,-155.0,-151.5,-150.5,-157.0,-157.0,-154.0,-154.0,-157.0,-157.0,-155.5,-157.0,-157.0,-157.0,-157.0,-150.5,-149.5,-150.5,-153.0,-157.0,-154.5,-156.5,-157.0,-157.0,-155.5,-156.0,-157.0,-156.5,-156.0,-157.0,-157.0,-157.0,-157.0,-149.0,-148.5,-153.5,-153.0,-157.0,-157.0,-157.0,-157.0,-157.0,-156.5,-157.0,-156.5,-153.5,-153.5,-157.0,-149.0,-151.0,-152.5,-154.0,-157.0,-157.0,-151.5,-155.5,-157.0,-157.0,-157.0,-157.0,-157.0,-157.0,-157.0,-157.0,-155.5,-152.5,-157.0,-157.0,-156.5,-157.0,-157.0,-157.0,-157.0,-155.0,-152.5,-154.0,-157.0,-154.0,-155.0,-154.0,-157.0,-156.0,-157.0,-153.5,-153.5,-157.0,-154.5,-153.0,-157.0,-154.5,-156.5,-154.0,-153.5,-152.5,-157.0,-156.0,-153.5,-152.5,-153.0,-152.5,-153.5,-152.0,-155.0,-157.0,-153.0,-155.5,-155.0,-152.0,-153.5,-154.5,-157.0,-157.0,-157.0,-155.5,-152.5,-156.5,-153.0,-157.0,-157.0,-153.5,-156.5,-153.5,-155.5,-153.5,-157.0,-157.0,-157.0,-150.0,-150.5,-150.0,-153.0,-157.0,-157.0,-154.0,-154.0,-156.5,-155.5,-155.0,-157.0,-157.0,-156.0,-152.5,-156.0,-157.0,-155.5,-156.5,-152.5,-155.0,-152.5,-157.0,-152.5,-150.5,-153.5,-157.0,-157.0,-157.0,-155.0,-151.0,-153.5,-157.0,-157.0,-155.5,-157.0,-157.0,-157.0,-157.0,-157.0,-157.0,-153.5,-154.5,-154.5,-151.5,-154.0,-150.5,-151.0,-157.0,-153.0,-151.0,-152.0,-156.0,-157.0,-155.0,-157.0,-157.0,-157.0,-157.0,-155.0,-154.5,-157.0,-157.0,-157.0,-157.0,-157.0,-156.0,-153.0,-155.0,-157.0,-157.0,-154.5,-153.5,-154.0,-153.5,-157.0,-156.0,-151.5,-149.5,-157.0,-150.0,-149.0,-157.0,-151.5,-151.5,-156.0,-157.0,-157.0,-157.0,-157.0,-157.0,-157.0,-152.5,-155.0,-157.0,-151.0,-151.5,-157.0,-157.0,-157.0,-153.5,-152.5,-153.5,-155.5,-157.0,-157.0,-153.5,-154.0,-146.0,-147.0,-157.0,-154.0,-152.5,-156.0,-150.5,-154.0,-153.5,-157.0,-155.0,-152.0,-151.0,-154.5,-151.5,-152.5,-157.0,-154.0,-150.0,-154.0,-157.0,-157.0,-157.0,-157.0,-154.5,-157.0,-157.0,-157.0,-157.0,-157.0,-155.5,-157.0,-152.0,-152.0,-156.5,-157.0,-157.0,-157.0,-155.0,-157.0,-157.0,-155.0,-154.5,-157.0,-157.0,-155.0,-154.0,-154.0,-156.0,-156.0,-156.0,-157.0,-156.0,-152.5,-152.0,-157.0,-157.0,-157.0,-149.5,-149.5,-156.5,-150.5,-151.5,-152.5,-152.5,-157.0,-156.5,-157.0,-157.0,-156.5,-157.0,-157.0,-157.0,-153.5,-156.5,-157.0,-157.0,-157.0,-157.0,-157.0,-157.0,-154.0,-156.5,-157.0,-157.0,-154.5,-154.0,-150.5,-153.5,-157.0,-157.0,-157.0,-157.0,-157.0,-151.0,-157.0,-153.0,-157.0,-157.0,-157.0,-155.5,-157.0,-157.0,-157.0,-157.0,-157.0,-157.0,-157.0,-155.0,-157.0,-157.0,-157.0,-157.0,-151.0,-153.5,-157.0,-157.0,-157.0,-157.0,-157.0,-157.0,-156.5,-157.0,-157.0,-149.5,-153.5,-156.0,-157.0,-157.0,-157.0,-157.0,-155.5,-155.0,-155.5,-157.0,-157.0,-153.5,-153.5,-157.0,-157.0,-155.5,-155.0,-157.0,-156.0,-157.0,-157.0,-157.0,-155.5,-152.5,-154.0,-157.0,-157.0,-154.5,-157.0,-157.0,-153.0,-153.0,-156.5,-157.0,-156.0,-157.0,-154.5,-157.0,-156.5,-157.0,-157.0,-157.0,-157.0,-157.0,-157.0,-157.0,-154.5,-152.5,-155.0,-157.0,-154.5,-157.0,-157.0,-157.0,-157.0,-157.0,-154.5,-150.0,-157.0,-157.0,-157.0,-157.0,-155.0,-154.5,-157.0,-153.0,-153.5,-157.0,-156.0,-157.0,-156.5,-157.0,-154.0,-151.0,-155.0,-157.0,-152.5,-157.0,-153.0,-150.5,-153.0,-156.5,-154.0,-157.0,-157.0,-157.0,-154.0,-157.0,-157.0,-155.0
2026-01-17 13:48:26.804,143.049967,5,-77,-157.0,-157.0,-157.0,-157.0,-157.0,-156.0,-153.0,-154.5,-157.0,-157.0,-156.5,-157.0,-157.0,-154.5,-155.0,-155.0,-155.0,-157.0,-157.0,-153.5,-153.5,-153.0,-153.0,-152.0,-153.5,-153.0,-153.5,-157.0,-155.0,-157.0,-157.0,-155.0,-157.0,-157.0,-157.0,-155.0,-157.0,-157.0,-157.0,-157.0,-152.0,-154.0,-150.0,-157.0,-157.0,-155.0,-157.0,-157.0,-154.0,-153.0,-152.0,-156.5,-157.0,-155.0,-157.0,-157.0,-156.5,-157.0,-153.5,-151.0,-155.0,-156.0,-157.0,-156.0,-157.0,-157.0,-157.0,-157.0,-155.0,-157.0,-157.0,-157.0,-155.5,-151.5,-152.0,-156.0,-157.0,-153.0,-154.0,-157.0,-155.5,-157.0,-156.0,-157.0,-157.0,-157.0,-157.0,-157.0,-157.0,-157.0,-156.5,-157.0,-157.0,-157.0,-155.0,-152.5,-152.5,-155.5,-155.5,-157.0,-157.0,-157.0,-156.0,-152.0,-151.0,-154.5,-157.0,-157.0,-153.0,-156.0,-157.0,-154.5,-155.0,-156.5,-155.5,-156.5,-154.0,-154.0,-157.0,-157.0,-157.0,-155.0,-153.0,-154.0,-155.0,-155.0,-154.5,-155.0,-157.0,-155.0,-157.0,-156.5,-154.0,-152.0,-157.0,-157.0,-153.5,-157.0,-152.5,-151.5,-157.0,-151.5,-153.0,-157.0,-155.5,-154.0,-153.5,-155.0,-153.0,-157.0,-157.0,-157.0,-153.0,-151.0,-151.5,-151.0,-157.0,-157.0,-155.5,-157.0,-155.0,-153.0,-156.5,-155.5,-157.0,-157.0,-154.5,-153.0,-157.0,-154.5,-153.0,-151.5,-155.5,-152.5,-157.0,-152.5,-152.0,-157.0,-157.0,-155.5,-157.0,-157.0,-156.5,-157.0,-155.5,-153.5,-151.5,-155.0,-155.5,-154.5,-157.0,-157.0,-157.0,-155.5,-151.0,-153.0,-151.5,-154.5,-150.5,-151.0,-157.0,-151.0,-151.0,-148.5,-157.0,-157.0,-156.0,-157.0,-157.0,-157.0,-157.0,-157.0,-157.0,-156.0,-153.5,-157.0,-157.0,-154.5,-154.0,-153.0,-154.5,-157.0,-157.0,-153.5,-152.5,-152.0,-153.0,-157.0,-154.5,-151.5,-150.5,-157.0,-152.5,-150.5,-157.0,-155.5,-157.0,-151.5,-155.0,-155.0,-157.0,-157.0,-157.0,-157.0,-157.0,-157.0,-157.0,-155.0,-155.0,-157.0,-157.0,-153.5,-149.0,-149.5,-156.5,-157.0,-157.0,-157.0,-156.0,-157.0,-147.5,-149.5,-157.0,-153.5,-152.5,-151.5,-149.5,-156.0,-155.0,-157.0,-157.0,-153.0,-150.5,-156.0,-150.5,-152.5,-157.0,-157.0,-151.5,-157.0,-157.0,-157.0,-157.0,-156.5,-157.0,-157.0,-155.0,-157.0,-157.0,-153.0,-155.5,-157.0,-153.5,-153.0,-155.0,-157.0,-154.0,-157.0,-157.0,-155.0,-155.0,-155.0,-156.0,-155.5,-155.5,-153.5,-157.0,-157.0,-157.0,-157.0,-157.0,-157.0,-157.0,-151.5,-154.5,-157.0,-157.0,-157.0,-151.5,-152.5,-151.0,-150.5,-155.5,-157.0,-150.5,-152.5,-157.0,-153.5,-156.5,-155.0,-157.0,-157.0,-157.0,-151.0,-152.0,-157.0,-155.5,-155.5,-157.0,-157.0,-157.0,-154.5,-156.5,-156.0,-152.5,-155.0,-149.5,-150.0,-157.0,-157.0,-156.0,-157.0,-157.0,-157.0,-153.5,-157.0,-151.5,-151.5,-157.0,-157.0,-155.5,-154.0,-154.5,-157.0,-157.0,-157.0,-157.0,-153.0,-152.0,-157.0,-157.0,-157.0,-157.0,-153.0,-154.5,-157.0,-157.0,-157.0,-156.0,-157.0,-157.0,-157.0,-157.0,-149.5,-147.5,-156.0,-153.5,-153.0,-154.0,-153.5,-157.0,-154.0,-157.0,-154.0,-157.0,-157.0,-154.5,-154.5,-157.0,-157.0,-157.0,-155.0,-156.0,-155.5,-156.5,-156.5,-157.0,-157.0,-157.0,-154.0,-157.0,-157.0,-151.0,-156.0,-157.0,-156.5,-155.0,-156.5,-157.0,-157.0,-154.5,-153.5,-157.0,-154.0,-154.5,-157.0,-156.0,-154.5,-157.0,-157.0,-157.0,-157.0,-157.0,-157.0,-157.0,-155.5,-157.0,-157.0,-157.0,-157.0,-157.0,-152.5,-150.0,-155.5,-157.0,-157.0,-157.0,-152.5,-153.5,-157.0,-151.0,-151.5,-157.0,-152.0,-153.0,-156.5,-154.5,-153.0,-152.5,-152.5,-155.0,-153.0,-157.0,-154.5,-151.5,-155.5,-152.5,-153.5,-157.0,-153.5,-154.5,-156.5,-157.0,-157.0,-156.0
2026-01-17 13:48:26.837,143.049967,5,-77,-157.0,-157.0,-157.0,-157.0,-154.0,-154.0,-154.5,-156.5,-155.5,-154.0,-154.5,-156.5,-157.0,-152.5,-156.0,-157.0,-155.5,-156.5,-155.5,-154.0,-157.0,-157.0,-152.0,-152.0,-156.0,-154.5,-157.0,-157.0,-156.0,-157.0,-157.0,-157.0,-157.0,-157.0,-157.0,-155.0,-157.0,-157.0,-157.0,-157.0,-153.5,-156.0,-153.0,-157.0,-156.0,-152.5,-155.5,-157.0,-156.0,-156.0,-151.0,-155.0,-155.0,-152.0,-157.0,-157.0,-155.5,-153.0,-153.5,-157.0,-156.0,-157.0,-157.0,-156.0,-154.5,-157.0,-157.0,-157.0,-156.0,-157.0,-157.0,-156.0,-157.0,-157.0,-157.0,-157.0,-157.0,-151.0,-150.5,-157.0,-157.0,-152.5,-153.5,-157.0,-157.0,-154.0,-153.0,-155.5,-157.0,-157.0,-157.0,-157.0,-157.0,-154.0,-151.5,-155.5,-149.5,-150.5,-157.0,-157.0,-157.0,-157.0,-156.0,-152.0,-150.0,-151.0,-156.0,-157.0,-156.0,-157.0,-154.0,-154.0,-155.0,-155.5,-153.5,-157.0,-157.0,-152.5,-157.0,-157.0,-157.0,-155.5,-154.5,-157.0,-157.0,-157.0,-155.5,-153.5,-157.0,-156.0,-157.0,-156.0,-154.5,-153.0,-157.0,-156.0,-152.0,-155.0,-153.5,-155.0,-156.0,-156.5,-153.5,-157.0,-157.0,-155.0,-155.0,-157.0,-155.5,-157.0,-157.0,-157.0,-157.0,-157.0,-157.0,-150.5,-157.0,-157.0,-151.5,-151.5,-152.5,-150.5,-155.0,-152.0,-154.0,-157.0,-157.0,-150.0,-152.0,-156.5,-155.0,-153.5,-151.5,-155.5,-157.0,-157.0,-157.0,-157.0,-154.0,-151.0,-154.0,-157.0,-157.0,-157.0,-154.0,-152.0,-153.0,-149.0,-149.5,-152.5,-154.0,-154.5,-157.0,-157.0,-151.0,-155.0,-155.5,-157.0,-152.0,-155.5,-157.0,-152.5,-150.0,-149.0,-157.0,-157.0,-155.0,-157.0,-157.0,-157.0,-157.0,-157.0,-155.5,-157.0,-150.5,-157.0,-157.0,-153.0,-154.5,-157.0,-157.0,-157.0,-157.0,-155.0,-157.0,-157.0,-157.0,-154.5,-152.5,-152.5,-154.0,-157.0,-157.0,-150.0,-150.5,-157.0,-157.0,-151.5,-152.5,-148.0,-149.0,-154.0,-152.5,-157.0,-157.0,-156.0,-157.0,-157.0,-157.0,-157.0,-152.0,-151.0,-151.5,-152.0,-157.0,-156.0,-157.0,-157.0,-156.5,-155.0,-146.0,-149.0,-157.0,-157.0,-157.0,-153.5,-153.5,-155.0,-157.0,-157.0,-157.0,-157.0,-154.0,-157.0,-152.5,-151.5,-156.0,-152.0,-152.0,-157.0,-157.0,-157.0,-156.5,-154.5,-157.0,-154.5,-154.5,-157.0,-156.5,-152.0,-152.0,-153.5,-155.5,-157.0,-155.5,-152.5,-152.0,-157.0,-157.0,-156.5,-157.0,-155.0,-154.5,-157.0,-157.0,-154.5,-157.0,-157.0,-157.0,-157.0,-157.0,-157.0,-157.0,-156.0,-157.0,-157.0,-157.0,-157.0,-156.5,-157.0,-151.5,-156.0,-157.0,-155.5,-151.5,-155.5,-157.0,-154.0,-155.5,-155.0,-157.0,-157.0,-157.0,-153.0,-151.5,-153.0,-152.5,-157.0,-157.0,-157.0,-155.5,-153.0,-157.0,-152.0,-150.0,-154.5,-152.5,-155.0,-157.0,-157.0,-154.5,-152.0,-153.0,-157.0,-155.5,-157.0,-156.0,-153.0,-154.5,-157.0,-157.0,-155.5,-154.5,-157.0,-157.0,-157.0,-157.0,-153.5,-150.5,-157.0,-157.0,-157.0,-157.0,-156.0,-157.0,-157.0,-157.0,-153.0,-151.5,-157.0,-157.0,-157.0,-157.0,-150.0,-149.0,-156.5,-155.5,-153.0,-154.5,-153.0,-157.0,-156.0,-156.0,-155.5,-157.0,-157.0,-157.0,-157.0,-157.0,-157.0,-157.0,-157.0,-155.0,-155.5,-157.0,-153.0,-155.5,-157.0,-157.0,-153.0,-154.5,-157.0,-152.0,-152.5,-157.0,-157.0,-154.5,-152.0,-156.0,-157.0,-155.0,-157.0,-157.0,-157.0,-156.0,-157.0,-151.0,-150.5,-157.0,-157.0,-156.0,-157.0,-157.0,-157.0,-157.0,-157.0,-157.0,-157.0,-157.0,-157.0,-157.0,-156.0,-154.5,-157.0,-157.0,-157.0,-157.0,-157.0,-153.5,-151.5,-149.5,-152.5,-152.5,-152.5,-154.0,-157.0,-154.0,-157.0,-154.5,-157.0,-155.0,-155.0,-154.0,-150.0,-150.0,-150.0,-150.5,-157.0,-157.0,-152.0,-153.5,-157.0,-157.0,-157.0,-157.0
2026-01-17 13:48:26.868,143.049967,5,-77,-157.0,-157.0,-157.0,-157.0,-150.5,-149.0,-155.5,-157.0,-157.0,-157.0,-157.0,-155.0,-151.5,-152.0,-157.0,-157.0,-157.0,-154.5,-153.0,-157.0,-157.0,-156.5,-149.0,-149.5,-154.0,-157.0,-157.0,-154.0,-157.0,-157.0,-157.0,-157.0,-157.0,-157.0,-153.5,-157.0,-154.5,-157.0,-157.0,-157.0,-154.5,-155.0,-154.0,-156.0,-153.5,-152.5,-154.5,-157.0,-157.0,-153.0,-152.5,-156.0,-151.5,-153.5,-157.0,-157.0,-155.0,-151.0,-154.0,-153.5,-154.0,-155.5,-153.0,-157.0,-153.5,-157.0,-157.0,-157.0,-157.0,-157.0,-155.0,-152.5,-157.0,-157.0,-157.0,-157.0,-157.0,-155.5,-152.5,-153.5,-153.5,-153.5,-153.0,-153.5,-151.5,-154.0,-157.0,-153.0,-157.0,-157.0,-157.0,-157.0,-157.0,-150.5,-149.5,-157.0,-151.5,-153.5,-156.0,-156.5,-157.0,-157.0,-154.5,-156.0,-151.5,-152.5,-157.0,-157.0,-157.0,-154.5,-155.0,-157.0,-157.0,-157.0,-152.5,-154.0,-156.0,-152.0,-156.0,-157.0,-157.0,-157.0,-157.0,-153.5,-157.0,-157.0,-155.5,-154.5,-157.0,-155.0,-157.0,-157.0,-157.0,-154.0,-156.0,-155.5,-152.5,-152.5,-155.0,-157.0,-156.5,-157.0,-152.5,-157.0,-157.0,-155.0,-157.0,-156.5,-157.0,-157.0,-157.0,-157.0,-157.0,-157.0,-157.0,-149.0,-151.5,-156.5,-152.5,-153.5,-155.5,-152.0,-153.0,-152.5,-150.0,-157.0,-156.0,-149.5,-151.5,-157.0,-157.0,-154.0,-151.5,-157.0,-157.0,-157.0,-157.0,-157.0,-155.5,-153.0,-154.0,-157.0,-156.0,-154.0,-155.0,-157.0,-157.0,-150.5,-152.5,-156.0,-157.0,-156.0,-157.0,-156.5,-152.0,-157.0,-157.0,-156.5,-152.5,-157.0,-157.0,-157.0,-157.0,-153.0,-155.0,-157.0,-155.0,-155.0,-157.0,-151.0,-152.5,-157.0,-152.5,-157.0,-152.5,-153.0,-154.5,-154.5,-154.5,-157.0,-156.0,-157.0,-157.0,-157.0,-157.0,-157.0,-157.0,-155.0,-155.0,-157.0,-157.0,-153.5,-154.0,-150.5,-148.5,-154.0,-155.0,-151.0,-154.5,-147.0,-146.5,-155.5,-151.0,-155.0,-157.0,-157.0,-157.0,-157.0,-157.0,-157.0,-151.0,-151.0,-157.0,-157.0,-157.0,-152.5,-157.0,-157.0,-157.0,-148.5,-144.5,-148.0,-157.0,-157.0,-157.0,-157.0,-157.0,-157.0,-157.0,-157.0,-157.0,-157.0,-157.0,-157.0,-156.0,-151.5,-154.5,-152.5,-156.0,-157.0,-156.5,-157.0,-157.0,-157.0,-156.0,-155.0,-155.0,-155.0,-157.0,-155.0,-157.0,-155.5,-156.0,-157.0,-157.0,-155.0,-157.0,-157.0,-157.0,-157.0,-157.0,-157.0,-156.5,-157.0,-157.0,-153.5,-156.0,-152.5,-154.5,-157.0,-157.0,-155.0,-155.0,-157.0,-157.0,-157.0,-157.0,-154.0,-153.5,-157.0,-152.5,-152.5,-156.5,-155.0,-156.5,-153.0,-155.5,-157.0,-157.0,-157.0,-157.0,-157.0,-157.0,-157.0,-155.0,-151.0,-151.0,-157.0,-157.0,-157.0,-152.0,-151.5,-157.0,-152.5,-151.0,-154.0,-157.0,-157.0,-156.5,-157.0,-157.0,-155.5,-153.5,-153.0,-155.5,-157.0,-157.0,-156.0,-156.0,-155.5,-157.0,-155.0,-155.0,-157.0,-157.0,-157.0,-156.5,-155.5,-152.0,-152.5,-157.0,-156.0,-156.0,-157.0,-155.5,-157.0,-155.5,-155.5,-151.0,-157.0,-157.0,-156.0,-156.5,-157.0,-157.0,-157.0,-157.0,-156.0,-157.0,-157.0,-154.5,-157.0,-156.0,-157.0,-157.0,-157.0,-157.0,-157.0,-157.0,-157.0,-157.0,-157.0,-157.0,-157.0,-155.0,-153.5,-156.5,-157.0,-156.0,-155.0,-156.0,-157.0,-156.5,-156.0,-157.0,-154.5,-154.0,-152.0,-157.0,-151.5,-153.5,-157.0,-157.0,-157.0,-157.0,-152.5,-152.5,-153.0,-157.0,-157.0,-152.5,-155.0,-157.0,-157.0,-157.0,-155.0,-154.5,-155.5,-157.0,-157.0,-157.0,-157.0,-157.0,-157.0,-157.0,-156.5,-154.5,-157.0,-154.0,-149.5,-149.5,-157.0,-151.5,-157.0,-155.0,-155.5,-153.0,-157.0,-155.0,-157.0,-157.0,-157.0,-153.5,-149.5,-150.5,-149.0,-152.0,-157.0,-157.0,-157.0,-154.0,-157.0,-157.0,-155.0,-157.0
2026-01-17 13:48:26.901,143.049967,5,-77,-157.0,-157.0,-157.0,-155.0,-149.0,-150.0,-157.0,-157.0,-157.0,-157.0,-157.0,-153.0,-149.0,-151.5,-157.0,-157.0,-157.0,-155.0,-151.0,-155.0,-157.0,-155.0,-154.0,-152.5,-154.0,-155.0,-153.0,-155.5,-157.0,-156.0,-156.0,-157.0,-157.0,-157.0,-154.5,-152.5,-150.0,-157.0,-157.0,-156.0,-157.0,-156.0,-156.0,-157.0,-154.5,-153.5,-154.0,-157.0,-156.0,-153.5,-156.5,-157.0,-151.0,-157.0,-154.5,-156.5,-156.0,-152.0,-154.5,-157.0,-154.5,-156.5,-152.0,-156.5,-152.5,-157.0,-157.0,-157.0,-157.0,-155.0,-153.5,-155.0,-157.0,-156.0,-156.0,-156.0,-157.0,-157.0,-157.0,-154.5,-153.5,-157.0,-153.5,-151.5,-149.0,-154.5,-156.5,-153.0,-154.0,-153.0,-154.0,-157.0,-157.0,-152.5,-153.0,-156.5,-153.5,-157.0,-154.0,-155.5,-157.0,-157.0,-155.0,-152.0,-155.5,-155.0,-157.0,-157.0,-157.0,-157.0,-157.0,-157.0,-156.0,-156.5,-155.5,-154.5,-154.0,-156.0,-157.0,-157.0,-157.0,-157.0,-157.0,-153.5,-157.0,-157.0,-157.0,-157.0,-157.0,-156.0,-153.0,-154.5,-154.5,-156.5,-157.0,-157.0,-156.5,-153.0,-157.0,-157.0,-157.0,-154.0,-153.0,-153.5,-157.0,-155.5,-154.5,-151.0,-154.0,-157.0,-156.5,-154.5,-156.0,-157.0,-157.0,-152.5,-150.5,-157.0,-157.0,-157.0,-157.0,-156.5,-155.0,-154.5,-150.5,-157.0,-157.0,-153.5,-157.0,-157.0,-157.0,-154.5,-157.0,-153.0,-157.0,-157.0,-157.0,-154.0,-155.0,-157.0,-157.0,-157.0,-157.0,-152.0,-157.0,-157.0,-157.0,-155.5,-157.0,-157.0,-157.0,-157.0,-157.0,-157.0,-156.0,-157.0,-157.0,-155.0,-152.5,-156.5,-157.0,-157.0,-157.0,-157.0,-157.0,-157.0,-157.0,-155.5,-157.0,-148.5,-148.0,-151.5,-150.5,-157.0,-157.0,-153.0,-157.0,-157.0,-157.0,-157.0,-151.5,-157.0,-157.0,-157.0,-157.0,-156.5,-154.5,-154.5,-157.0,-157.0,-155.5,-152.5,-153.5,-154.5,-151.5,-153.0,-157.0,-152.5,-157.0,-152.5,-149.0,-157.0,-152.0,-153.0,-155.5,-157.0,-157.0,-157.0,-157.0,-157.0,-157.0,-152.5,-153.5,-155.0,-157.0,-151.5,-154.5,-157.0,-157.0,-146.5,-144.0,-155.5,-157.0,-157.0,-157.0,-157.0,-157.0,-157.0,-157.0,-157.0,-157.0,-157.0,-157.0,-157.0,-156.0,-153.5,-155.0,-157.0,-157.0,-154.5,-153.5,-157.0,-157.0,-157.0,-157.0,-157.0,-151.0,-153.0,-157.0,-156.0,-157.0,-157.0,-154.0,-154.0,-157.0,-156.5,-156.0,-157.0,-157.0,-156.0,-157.0,-157.0,-154.0,-153.0,-157.0,-153.0,-150.0,-149.5,-150.0,-154.0,-156.0,-153.5,-157.0,-157.0,-156.5,-155.0,-156.5,-157.0,-153.5,-155.5,-152.0,-151.0,-155.0,-155.5,-156.0,-151.0,-155.5,-157.0,-157.0,-157.0,-157.0,-157.0,-157.0,-157.0,-157.0,-155.0,-153.5,-151.0,-154.0,-155.5,-153.0,-156.0,-157.0,-157.0,-154.5,-151.5,-157.0,-153.0,-154.5,-157.0,-157.0,-155.0,-151.5,-152.0,-152.5,-157.0,-155.5,-157.0,-154.5,-150.0,-151.0,-150.0,-157.0,-157.0,-157.0,-157.0,-157.0,-151.0,-157.0,-154.0,-157.0,-154.0,-157.0,-157.0,-153.5,-153.0,-154.5,-153.5,-151.0,-154.5,-156.0,-157.0,-156.5,-157.0,-157.0,-157.0,-157.0,-154.5,-157.0,-157.0,-152.0,-153.5,-155.5,-153.5,-155.5,-157.0,-157.0,-156.0,-156.0,-155.5,-157.0,-156.0,-157.0,-157.0,-152.5,-152.5,-155.0,-157.0,-157.0,-157.0,-157.0,-156.0,-157.0,-157.0,-157.0,-152.0,-152.0,-153.0,-157.0,-154.5,-153.5,-157.0,-157.0,-157.0,-157.0,-155.5,-156.0,-155.0,-157.0,-155.0,-152.0,-152.0,-154.5,-157.0,-157.0,-157.0,-156.5,-157.0,-155.0,-157.0,-154.0,-155.5,-157.0,-157.0,-157.0,-154.0,-150.0,-154.0,-157.0,-153.0,-152.0,-154.5,-153.0,-154.5,-152.5,-155.0,-153.5,-157.0,-156.5,-157.0,-156.0,-156.0,-157.0,-151.5,-153.0,-155.5,-152.0,-157.0,-157.0,-157.0,-154.5,-157.0,-157.0,-156.0,-157.0
2026-01-17 13:48:26.935,143.049967,5,-77,-157.0,-157.0,-157.0,-157.0,-153.0,-154.5,-157.0,-157.0,-157.0,-157.0,-157.0,-153.5,-154.5,-152.5,-157.0,-155.5,-157.0,-154.0,-150.0,-152.0,-157.0,-156.5,-156.0,-155.5,-156.0,-157.0,-153.5,-156.0,-157.0,-157.0,-157.0,-157.0,-157.0,-157.0,-156.5,-151.5,-149.5,-155.0,-157.0,-157.0,-157.0,-154.5,-157.0,-153.0,-152.5,-157.0,-157.0,-157.0,-156.0,-156.0,-157.0,-156.5,-151.0,-156.5,-154.0,-152.5,-151.5,-152.0,-155.5,-157.0,-157.0,-157.0,-152.0,-154.5,-152.0,-156.0,-155.0,-157.0,-157.0,-154.0,-154.5,-153.5,-155.0,-157.0,-155.0,-152.5,-154.0,-157.0,-157.0,-157.0,-157.0,-157.0,-154.0,-153.0,-153.5,-157.0,-157.0,-152.5,-152.5,-152.5,-152.0,-157.0,-157.0,-157.0,-157.0,-155.0,-155.0,-156.5,-155.0,-157.0,-157.0,-155.0,-154.5,-153.0,-156.0,-151.5,-154.0,-157.0,-157.0,-157.0,-157.0,-155.5,-153.5,-150.5,-157.0,-157.0,-154.5,-157.0,-157.0,-157.0,-157.0,-157.0,-156.5,-157.0,-157.0,-157.0,-157.0,-157.0,-157.0,-157.0,-155.0,-153.5,-155.0,-157.0,-157.0,-157.0,-157.0,-154.0,-157.0,-157.0,-157.0,-155.0,-154.0,-152.0,-157.0,-157.0,-154.5,-149.0,-150.0,-156.0,-151.5,-156.0,-157.0,-157.0,-157.0,-157.0,-153.5,-157.0,-157.0,-156.0,-155.5,-157.0,-156.5,-151.5,-151.0,-157.0,-157.0,-156.0,-157.0,-157.0,-155.0,-152.5,-154.5,-152.0,-155.5,-157.0,-157.0,-153.5,-154.0,-155.0,-155.0,-157.0,-153.5,-152.5,-157.0,-157.0,-157.0,-157.0,-156.0,-157.0,-157.0,-155.0,-155.0,-157.0,-157.0,-157.0,-157.0,-156.0,-155.5,-155.0,-157.0,-157.0,-153.5,-157.0,-157.0,-157.0,-157.0,-152.5,-154.5,-150.5,-150.5,-154.0,-153.0,-155.5,-157.0,-156.5,-157.0,-157.0,-157.0,-157.0,-151.0,-157.0,-156.0,-157.0,-157.0,-153.0,-157.0,-154.0,-157.0,-156.5,-153.0,-157.0,-157.0,-157.0,-157.0,-157.0,-157.0,-157.0,-157.0,-157.0,-151.0,-155.0,-155.0,-157.0,-152.0,-157.0,-157.0,-157.0,-157.0,-157.0,-157.0,-152.0,-150.5,-154.0,-157.0,-153.0,-153.5,-157.0,-157.0,-148.0,-147.5,-154.0,-155.0,-156.0,-155.0,-155.0,-155.0,-153.0,-157.0,-157.0,-156.0,-151.5,-152.5,-156.0,-154.5,-156.5,-156.0,-157.0,-157.0,-154.0,-154.0,-157.0,-154.5,-156.0,-157.0,-153.5,-150.5,-153.0,-154.5,-152.5,-156.0,-155.0,-157.0,-157.0,-157.0,-153.5,-154.0,-154.0,-157.0,-156.0,-154.0,-153.0,-152.0,-149.5,-157.0,-153.0,-150.5,-155.0,-151.5,-153.0,-157.0,-155.0,-157.0,-152.5,-153.0,-152.0,-153.0,-157.0,-155.0,-156.0,-150.5,-150.0,-156.0,-157.0,-157.0,-151.5,-154.0,-157.0,-157.0,-157.0,-157.0,-157.0,-157.0,-157.0,-156.5,-157.0,-157.0,-149.5,-150.0,-152.0,-156.5,-157.0,-157.0,-157.0,-156.5,-154.0,-157.0,-153.0,-154.5,-156.5,-157.0,-152.0,-150.5,-152.5,-151.5,-155.5,-154.0,-156.5,-151.5,-149.0,-151.0,-149.5,-152.0,-157.0,-157.0,-155.5,-157.0,-151.0,-157.0,-155.5,-153.5,-153.5,-157.0,-156.0,-154.0,-154.5,-153.5,-153.0,-153.5,-157.0,-155.5,-157.0,-157.0,-155.0,-153.5,-156.5,-157.0,-153.0,-155.0,-155.0,-153.0,-155.5,-157.0,-152.0,-156.0,-155.5,-155.5,-153.5,-157.0,-156.5,-157.0,-156.5,-157.0,-157.0,-153.5,-154.5,-157.0,-155.5,-154.0,-157.0,-157.0,-155.0,-157.0,-157.0,-157.0,-152.5,-155.5,-153.0,-157.0,-157.0,-151.0,-151.5,-157.0,-157.0,-157.0,-157.0,-151.5,-152.0,-157.0,-157.0,-157.0,-155.5,-152.0,-157.0,-155.0,-157.0,-156.0,-155.5,-150.5,-153.0,-151.5,-153.0,-157.0,-156.5,-154.0,-154.0,-150.5,-151.5,-157.0,-157.0,-155.0,-154.5,-155.0,-153.0,-150.5,-155.5,-157.0,-157.0,-157.0,-153.5,-151.0,-151.5,-157.0,-157.0,-156.0,-155.5,-149.0,-151.5,-157.0,-155.5,-154.5,-156.0,-157.0,-157.0,-157.0
2026-01-17 13:48:26.968,143.049967,5,-77,-157.0,-157.0,-155.0,-157.0,-157.0,-157.0,-157.0,-157.0,-157.0,-154.5,-152.5,-153.0,-157.0,-156.0,-156.5,-157.0,-156.5,-152.5,-152.5,-156.0,-157.0,-151.5,-151.0,-156.5,-155.5,-153.5,-154.5,-155.5,-157.0,-157.0,-155.0,-153.0,-154.5,-157.0,-157.0,-156.0,-154.5,-157.0,-157.0,-157.0,-157.0,-154.5,-155.0,-156.0,-155.0,-154.5,-155.5,-155.5,-156.5,-156.0,-157.0,-154.0,-152.5,-154.0,-157.0,-149.5,-149.5,-152.5,-157.0,-157.0,-157.0,-155.0,-154.5,-151.5,-151.0,-157.0,-155.0,-156.0,-155.0,-154.0,-153.0,-153.0,-155.5,-155.5,-155.5,-151.0,-153.0,-157.0,-157.0,-157.0,-157.0,-157.0,-155.5,-156.0,-156.0,-157.0,-157.0,-155.0,-157.0,-156.5,-151.0,-157.0,-157.0,-157.0,-156.0,-154.5,-156.5,-157.0,-157.0,-157.0,-157.0,-155.0,-156.5,-156.0,-153.5,-151.0,-153.5,-157.0,-155.0,-153.5,-156.0,-157.0,-152.0,-151.0,-157.0,-157.0,-154.0,-156.5,-157.0,-157.0,-157.0,-157.0,-157.0,-155.0,-157.0,-156.5,-157.0,-157.0,-157.0,-157.0,-157.0,-157.0,-157.0,-157.0,-157.0,-155.5,-156.0,-153.0,-154.5,-156.5,-157.0,-151.5,-151.0,-151.0,-155.0,-157.0,-157.0,-151.5,-155.0,-152.0,-149.0,-154.0,-157.0,-157.0,-153.5,-155.5,-152.5,-153.0,-157.0,-155.0,-153.0,-157.0,-155.5,-150.0,-151.5,-157.0,-157.0,-157.0,-157.0,-157.0,-155.5,-152.5,-153.0,-154.0,-153.0,-156.0,-157.0,-157.0,-157.0,-155.0,-152.5,-157.0,-157.0,-153.5,-157.0,-154.0,-157.0,-157.0,-155.5,-154.5,-157.0,-152.5,-152.5,-157.0,-157.0,-157.0,-157.0,-155.5,-157.0,-157.0,-155.0,-151.5,-150.5,-155.0,-157.0,-157.0,-157.0,-153.5,-154.0,-153.5,-157.0,-157.0,-157.0,-155.5,-156.5,-157.0,-157.0,-157.0,-157.0,-157.0,-151.0,-157.0,-157.0,-155.5,-157.0,-153.5,-151.5,-150.0,-153.5,-157.0,-152.5,-157.0,-157.0,-157.0,-157.0,-157.0,-156.0,-153.0,-152.5,-157.0,-153.0,-151.5,-157.0,-157.0,-153.5,-155.0,-157.0,-157.0,-157.0,-157.0,-155.5,-153.5,-156.0,-154.5,-157.0,-157.0,-157.0,-157.0,-157.0,-149.5,-151.5,-153.0,-155.5,-156.5,-157.0,-156.0,-157.0,-153.0,-154.0,-157.0,-157.0,-151.0,-153.0,-153.0,-150.5,-151.5,-153.5,-157.0,-157.0,-157.0,-155.0,-155.5,-153.0,-157.0,-157.0,-154.5,-151.5,-153.5,-153.0,-150.5,-150.5,-153.0,-157.0,-157.0,-157.0,-154.0,-157.0,-152.5,-156.0,-157.0,-152.5,-153.5,-154.5,-150.5,-153.5,-151.0,-151.5,-157.0,-157.0,-157.0,-157.0,-155.5,-157.0,-153.5,-155.0,-151.0,-155.5,-155.0,-156.5,-156.0,-151.0,-153.5,-154.5,-157.0,-157.0,-156.0,-152.0,-157.0,-157.0,-157.0,-157.0,-157.0,-155.5,-155.5,-157.0,-157.0,-157.0,-153.0,-154.5,-154.0,-155.0,-156.0,-157.0,-157.0,-157.0,-157.0,-157.0,-154.0,-157.0,-156.0,-154.5,-153.5,-153.5,-156.5,-152.5,-156.5,-154.5,-156.5,-154.5,-151.5,-153.0,-155.5,-149.5,-152.0,-156.5,-152.5,-157.0,-154.5,-157.0,-157.0,-156.0,-157.0,-156.5,-157.0,-154.5,-156.5,-157.0,-156.0,-154.5,-156.0,-156.0,-153.0,-156.0,-155.5,-152.5,-157.0,-155.5,-155.0,-154.0,-153.5,-154.5,-154.0,-157.0,-152.5,-155.0,-155.5,-152.0,-153.0,-156.5,-157.0,-157.0,-157.0,-157.0,-157.0,-155.0,-157.0,-157.0,-153.0,-153.0,-157.0,-156.5,-156.5,-157.0,-157.0,-157.0,-154.5,-157.0,-156.0,-157.0,-156.5,-150.5,-151.5,-155.5,-156.0,-157.0,-155.5,-152.5,-152.5,-157.0,-157.0,-157.0,-157.0,-154.0,-157.0,-151.5,-151.0,-157.0,-154.0,-151.0,-154.5,-150.0,-154.0,-157.0,-157.0,-151.0,-152.0,-152.0,-151.5,-157.0,-157.0,-155.0,-156.5,-157.0,-157.0,-152.5,-157.0,-157.0,-155.0,-157.0,-152.0,-150.0,-156.5,-157.0,-154.5,-152.0,-157.0,-150.0,-150.0,-157.0,-155.5,-156.0,-151.5,-153.5,-157.0,-156.0
2026-01-17 13:48:27.004,143.049967,5,-77,-157.0,-157.0,-157.0,-157.0,-157.0,-155.0,-157.0,-157.0,-156.5,-154.5,-153.5,-155.0,-157.0,-157.0,-156.0,-157.0,-157.0,-153.5,-156.5,-157.0,-157.0,-152.0,-152.5,-157.0,-155.5,-154.5,-154.0,-157.0,-157.0,-157.0,-157.0,-155.5,-157.0,-157.0,-157.0,-157.0,-157.0,-157.0,-157.0,-154.5,-157.0,-157.0,-157.0,-157.0,-157.0,-152.0,-156.0,-157.0,-157.0,-157.0,-154.5,-152.0,-157.0,-156.0,-151.5,-150.0,-151.5,-152.5,-156.5,-152.0,-150.5,-153.0,-157.0,-157.0,-154.0,-156.5,-155.5,-153.5,-151.0,-156.5,-151.5,-151.5,-157.0,-155.5,-157.0,-153.5,-152.5,-157.0,-157.0,-157.0,-156.0,-157.0,-157.0,-157.0,-150.5,-153.5,-154.5,-153.0,-157.0,-156.0,-150.5,-153.5,-157.0,-157.0,-155.5,-153.0,-157.0,-156.5,-157.0,-155.5,-157.0,-157.0,-157.0,-154.0,-153.5,-156.5,-156.0,-157.0,-153.5,-149.5,-151.0,-157.0,-157.0,-155.0,-157.0,-157.0,-157.0,-157.0,-157.0,-157.0,-157.0,-156.5,-157.0,-153.5,-153.0,-154.0,-156.5,-157.0,-157.0,-157.0,-157.0,-157.0,-153.0,-152.5,-157.0,-155.0,-152.5,-152.5,-157.0,-153.0,-153.5,-147.5,-148.5,-152.5,-153.5,-157.0,-157.0,-152.5,-156.5,-148.0,-148.0,-152.0,-155.5,-157.0,-153.0,-154.0,-151.0,-153.0,-157.0,-157.0,-155.5,-154.0,-152.5,-152.5,-157.0,-157.0,-155.5,-157.0,-156.0,-157.0,-157.0,-155.5,-157.0,-155.5,-156.0,-155.5,-157.0,-157.0,-157.0,-157.0,-152.0,-156.0,-155.5,-152.5,-157.0,-154.5,-157.0,-157.0,-157.0,-152.0,-156.5,-154.5,-153.5,-157.0,-157.0,-157.0,-157.0,-154.0,-157.0,-157.0,-154.5,-153.5,-154.0,-157.0,-156.0,-157.0,-156.5,-153.0,-157.0,-153.5,-153.5,-156.0,-157.0,-155.0,-152.0,-157.0,-157.0,-154.0,-157.0,-157.0,-151.0,-156.5,-157.0,-157.0,-157.0,-157.0,-151.0,-148.5,-154.0,-150.5,-149.5,-157.0,-157.0,-157.0,-154.0,-153.5,-157.0,-150.0,-152.0,-157.0,-157.0,-151.0,-152.5,-157.0,-157.0,-156.0,-157.0,-154.5,-157.0,-157.0,-153.5,-154.5,-157.0,-156.5,-157.0,-157.0,-157.0,-157.0,-156.0,-146.5,-148.5,-157.0,-157.0,-157.0,-157.0,-157.0,-157.0,-157.0,-156.5,-157.0,-157.0,-154.5,-156.5,-156.5,-153.5,-153.5,-152.0,-155.5,-157.0,-157.0,-154.0,-153.5,-157.0,-157.0,-157.0,-157.0,-153.5,-154.5,-155.0,-156.0,-154.5,-157.0,-157.0,-157.0,-157.0,-152.0,-156.0,-154.5,-157.0,-157.0,-154.5,-157.0,-153.0,-155.5,-157.0,-153.5,-154.5,-155.0,-157.0,-157.0,-157.0,-157.0,-157.0,-151.5,-154.0,-154.0,-157.0,-154.0,-157.0,-151.5,-149.0,-157.0,-151.5,-152.5,-157.0,-157.0,-150.0,-154.0,-157.0,-154.0,-156.0,-157.0,-153.5,-152.5,-157.0,-156.5,-157.0,-155.5,-154.0,-157.0,-156.0,-154.5,-157.0,-157.0,-157.0,-157.0,-152.5,-154.0,-156.5,-157.0,-154.0,-157.0,-156.0,-157.0,-154.5,-154.5,-154.0,-157.0,-157.0,-155.5,-154.5,-157.0,-149.5,-152.5,-152.5,-152.0,-157.0,-154.0,-157.0,-157.0,-157.0,-157.0,-156.5,-157.0,-155.0,-153.5,-156.0,-152.5,-157.0,-157.0,-157.0,-150.5,-151.0,-156.5,-155.0,-156.5,-153.0,-155.5,-155.5,-151.0,-152.0,-156.0,-157.0,-156.0,-157.0,-157.0,-157.0,-157.0,-155.0,-156.5,-157.0,-157.0,-157.0,-152.0,-153.5,-157.0,-157.0,-156.0,-156.5,-156.0,-157.0,-157.0,-157.0,-156.0,-155.5,-155.5,-157.0,-157.0,-157.0,-152.0,-151.0,-155.0,-153.0,-153.5,-157.0,-156.5,-157.0,-155.5,-157.0,-156.0,-155.5,-157.0,-157.0,-157.0,-151.0,-150.0,-157.0,-157.0,-152.5,-151.0,-149.5,-157.0,-156.0,-155.0,-152.0,-153.0,-152.0,-156.5,-154.5,-155.0,-153.5,-152.5,-157.0,-157.0,-153.0,-156.0,-154.5,-150.0,-150.5,-154.0,-151.5,-157.0,-156.0,-153.0,-153.0,-157.0,-155.5,-154.0,-152.5,-155.5,-156.5,-154.5,-154.5,-157.0,-155.5
2026-01-17 13:48:27.037,143.049967,5,-77,-157.0,-157.0,-155.5,-156.5,-157.0,-156.0,-155.5,-155.0,-156.0,-154.5,-157.0,-157.0,-157.0,-157.0,-154.0,-157.0,-155.5,-156.0,-157.0,-157.0,-155.5,-155.0,-155.0,-156.5,-155.0,-153.5,-154.0,-157.0,-157.0,-157.0,-157.0,-157.0,-157.0,-157.0,-157.0,-157.0,-157.0,-157.0,-157.0,-152.5,-157.0,-157.0,-157.0,-157.0,-154.5,-152.5,-157.0,-157.0,-157.0,-157.0,-153.0,-152.5,-155.5,-156.5,-149.5,-151.0,-152.5,-150.0,-155.0,-156.0,-149.5,-156.5,-157.0,-154.5,-152.0,-156.0,-157.0,-151.5,-148.5,-154.0,-157.0,-155.5,-154.5,-155.5,-157.0,-152.5,-151.0,-157.0,-157.0,-157.0,-155.5,-157.0,-156.5,-154.0,-148.5,-151.5,-157.0,-155.0,-156.5,-157.0,-154.0,-154.5,-156.0,-157.0,-155.0,-156.5,-157.0,-156.0,-157.0,-154.5,-156.0,-157.0,-157.0,-156.5,-154.5,-156.5,-157.0,-157.0,-154.5,-154.0,-150.5,-157.0,-157.0,-154.5,-154.5,-157.0,-157.0,-157.0,-157.0,-157.0,-157.0,-156.0,-157.0,-157.0,-153.5,-155.5,-157.0,-157.0,-157.0,-157.0,-154.5,-157.0,-153.5,-153.5,-157.0,-155.0,-157.0,-155.5,-157.0,-155.5,-156.0,-148.0,-148.5,-155.5,-156.5,-157.0,-157.0,-151.5,-157.0,-152.0,-151.5,-157.0,-157.0,-157.0,-152.5,-154.5,-152.0,-156.0,-157.0,-157.0,-157.0,-157.0,-152.5,-155.5,-157.0,-156.0,-153.5,-157.0,-156.5,-157.0,-155.0,-154.5,-157.0,-155.0,-157.0,-157.0,-157.0,-157.0,-157.0,-156.0,-151.5,-156.5,-153.5,-152.5,-157.0,-157.0,-157.0,-157.0,-156.5,-151.5,-157.0,-156.0,-157.0,-157.0,-157.0,-156.0,-157.0,-153.0,-157.0,-157.0,-157.0,-157.0,-157.0,-157.0,-152.5,-154.0,-151.5,-150.5,-157.0,-157.0,-151.5,-153.5,-157.0,-154.5,-151.0,-155.5,-157.0,-153.0,-155.0,-150.0,-148.5,-153.5,-156.5,-157.0,-157.0,-157.0,-155.0,-151.0,-155.5,-150.5,-151.0,-152.5,-154.0,-150.0,-149.5,-154.5,-157.0,-151.5,-153.5,-157.0,-156.0,-151.5,-153.5,-154.0,-156.0,-155.0,-152.0,-150.0,-152.0,-157.0,-156.5,-157.0,-157.0,-157.0,-157.0,-156.5,-157.0,-157.0,-151.5,-144.5,-148.5,-157.0,-157.0,-154.5,-157.0,-157.0,-157.0,-157.0,-156.0,-157.0,-157.0,-154.0,-157.0,-157.0,-157.0,-156.5,-153.0,-151.5,-153.5,-157.0,-156.5,-153.5,-156.5,-157.0,-156.5,-157.0,-151.5,-156.0,-151.5,-157.0,-157.0,-157.0,-157.0,-156.0,-155.5,-148.5,-149.5,-153.5,-157.0,-155.0,-155.5,-154.0,-151.5,-157.0,-157.0,-157.0,-157.0,-155.5,-157.0,-157.0,-157.0,-157.0,-156.0,-150.5,-150.5,-153.5,-155.0,-152.0,-157.0,-149.0,-150.0,-155.0,-147.0,-147.5,-154.0,-153.0,-150.0,-151.5,-156.5,-152.5,-153.5,-157.0,-157.0,-156.0,-154.5,-152.5,-157.0,-151.5,-152.5,-157.0,-157.0,-152.5,-156.0,-157.0,-157.0,-157.0,-153.5,-157.0,-157.0,-157.0,-154.5,-157.0,-157.0,-156.0,-155.5,-157.0,-155.0,-157.0,-157.0,-157.0,-157.0,-157.0,-151.0,-157.0,-154.0,-155.0,-153.5,-152.5,-157.0,-157.0,-157.0,-157.0,-157.0,-157.0,-152.0,-152.5,-157.0,-153.0,-155.5,-156.0,-154.5,-153.5,-154.0,-157.0,-157.0,-157.0,-154.5,-153.0,-155.5,-152.0,-156.0,-157.0,-157.0,-157.0,-157.0,-157.0,-157.0,-157.0,-157.0,-157.0,-157.0,-157.0,-157.0,-152.0,-155.5,-157.0,-157.0,-157.0,-157.0,-157.0,-157.0,-157.0,-157.0,-156.0,-157.0,-157.0,-157.0,-156.0,-155.0,-154.5,-151.5,-154.5,-154.0,-155.0,-153.0,-151.5,-157.0,-153.5,-152.0,-154.0,-157.0,-157.0,-156.0,-157.0,-154.5,-154.0,-157.0,-157.0,-150.5,-150.5,-151.0,-157.0,-155.5,-155.0,-156.5,-157.0,-155.5,-157.0,-153.5,-150.5,-152.0,-153.5,-157.0,-157.0,-156.0,-156.0,-153.5,-152.0,-149.5,-155.5,-153.0,-157.0,-153.5,-156.5,-156.5,-157.0,-157.0,-157.0,-154.0,-157.0,-157.0,-157.0,-157.0,-157.0,-157.0
2026-01-17 13:48:27.068,143.049967,5,-77,-157.0,-157.0,-150.5,-157.0,-156.0,-157.0,-156.0,-154.0,-157.0,-152.5,-154.5,-157.0,-156.5,-155.5,-154.0,-152.5,-151.0,-152.5,-157.0,-155.0,-152.5,-157.0,-155.5,-154.5,-152.5,-150.0,-156.0,-157.0,-157.0,-157.0,-157.0,-157.0,-157.0,-157.0,-157.0,-157.0,-154.0,-153.0,-157.0,-156.0,-157.0,-154.5,-155.5,-155.5,-154.0,-156.0,-157.0,-154.5,-155.0,-157.0,-157.0,-154.5,-156.0,-157.0,-152.5,-155.5,-157.0,-150.0,-155.0,-156.0,-151.5,-154.0,-152.5,-149.0,-150.0,-157.0,-157.0,-157.0,-150.0,-152.0,-157.0,-153.5,-150.5,-157.0,-157.0,-155.0,-153.0,-155.5,-157.0,-153.5,-151.5,-157.0,-151.5,-149.5,-150.5,-152.0,-156.5,-157.0,-155.0,-157.0,-157.0,-157.0,-155.0,-157.0,-156.5,-157.0,-156.0,-156.0,-154.0,-154.0,-155.5,-156.5,-157.0,-157.0,-154.5,-153.0,-154.5,-157.0,-157.0,-155.0,-150.0,-157.0,-157.0,-155.0,-151.5,-157.0,-157.0,-157.0,-157.0,-156.0,-155.5,-157.0,-155.0,-157.0,-155.5,-152.5,-153.5,-157.0,-157.0,-157.0,-153.5,-155.0,-157.0,-157.0,-157.0,-155.5,-157.0,-153.5,-155.0,-157.0,-157.0,-150.5,-151.5,-155.0,-154.5,-157.0,-155.5,-150.0,-152.0,-155.5,-151.5,-155.0,-157.0,-157.0,-151.0,-156.0,-156.0,-157.0,-157.0,-157.0,-156.5,-157.0,-152.5,-155.5,-157.0,-157.0,-154.5,-157.0,-153.5,-155.0,-155.0,-157.0,-155.5,-153.0,-157.0,-157.0,-157.0,-157.0,-157.0,-155.5,-153.5,-157.0,-156.0,-157.0,-156.5,-157.0,-157.0,-157.0,-155.0,-152.0,-155.5,-156.5,-157.0,-157.0,-157.0,-152.0,-157.0,-152.0,-157.0,-155.5,-155.0,-157.0,-157.0,-157.0,-153.5,-155.5,-149.5,-152.0,-157.0,-157.0,-153.0,-152.5,-154.5,-155.0,-155.0,-152.5,-152.0,-151.5,-152.0,-149.5,-150.0,-154.5,-153.5,-157.0,-157.0,-157.0,-157.0,-152.0,-152.5,-154.0,-153.0,-152.5,-156.0,-151.0,-153.0,-154.0,-154.5,-157.0,-152.0,-156.0,-154.0,-152.5,-155.5,-154.5,-154.5,-153.0,-154.5,-152.0,-152.5,-155.5,-157.0,-157.0,-157.0,-157.0,-157.0,-156.0,-155.0,-155.0,-150.5,-144.0,-154.0,-157.0,-156.0,-151.5,-157.0,-153.5,-157.0,-155.5,-155.0,-157.0,-155.0,-152.5,-157.0,-152.0,-156.0,-156.5,-152.0,-149.0,-151.5,-156.0,-157.0,-151.0,-148.5,-149.0,-153.0,-156.0,-149.5,-148.5,-148.5,-150.0,-155.5,-157.0,-155.0,-151.5,-157.0,-150.0,-153.0,-151.0,-155.0,-157.0,-157.0,-157.0,-153.5,-157.0,-157.0,-156.5,-156.0,-155.0,-155.5,-155.0,-157.0,-157.0,-157.0,-154.0,-151.0,-153.0,-156.5,-150.0,-157.0,-152.5,-153.0,-150.0,-149.5,-150.0,-154.0,-153.5,-156.5,-157.0,-155.5,-153.0,-157.0,-157.0,-157.0,-157.0,-157.0,-153.5,-157.0,-151.0,-153.5,-156.0,-155.5,-152.5,-156.0,-157.0,-157.0,-157.0,-156.0,-157.0,-157.0,-156.0,-154.0,-157.0,-157.0,-156.5,-155.5,-155.0,-156.0,-157.0,-157.0,-154.5,-155.0,-155.0,-152.5,-155.5,-156.0,-157.0,-155.0,-157.0,-157.0,-157.0,-157.0,-157.0,-155.5,-157.0,-152.0,-157.0,-157.0,-157.0,-152.0,-151.0,-154.0,-153.0,-155.5,-157.0,-157.0,-157.0,-157.0,-153.0,-152.5,-155.0,-157.0,-157.0,-157.0,-156.5,-157.0,-157.0,-157.0,-157.0,-157.0,-157.0,-157.0,-157.0,-153.0,-155.0,-156.5,-155.5,-157.0,-154.0,-157.0,-157.0,-157.0,-157.0,-157.0,-156.5,-157.0,-157.0,-157.0,-156.5,-153.5,-157.0,-152.5,-157.0,-154.0,-157.0,-150.0,-148.5,-157.0,-154.0,-150.0,-155.5,-157.0,-157.0,-155.0,-156.5,-157.0,-157.0,-157.0,-157.0,-153.5,-157.0,-157.0,-156.5,-157.0,-157.0,-156.0,-156.0,-157.0,-156.0,-157.0,-149.0,-152.5,-154.0,-156.5,-157.0,-157.0,-156.5,-154.5,-157.0,-151.0,-157.0,-157.0,-157.0,-155.5,-157.0,-153.0,-157.0,-157.0,-157.0,-157.0,-157.0,-157.0,-157.0,-155.0,-154.0,-157.0
2026-01-17 13:48:27.105,143.049967,5,-77,-157.0,-157.0,-150.5,-157.0,-156.5,-157.0,-157.0,-155.0,-157.0,-150.5,-151.0,-157.0,-157.0,-156.5,-157.0,-154.0,-153.5,-154.5,-157.0,-156.5,-151.5,-155.5,-157.0,-155.5,-150.5,-150.5,-157.0,-157.0,-155.5,-155.0,-157.0,-157.0,-157.0,-157.0,-157.0,-157.0,-151.5,-148.5,-156.5,-157.0,-154.0,-153.0,-156.0,-157.0,-154.0,-157.0,-154.0,-153.0,-154.0,-157.0,-157.0,-157.0,-156.0,-157.0,-157.0,-155.0,-154.0,-151.0,-154.5,-152.5,-157.0,-154.0,-154.0,-150.5,-153.5,-156.5,-157.0,-157.0,-156.5,-157.0,-157.0,-152.0,-151.0,-157.0,-154.0,-157.0,-157.0,-156.5,-155.5,-150.0,-150.5,-152.0,-149.0,-149.5,-156.0,-157.0,-151.5,-151.5,-154.0,-157.0,-157.0,-157.0,-155.0,-155.5,-157.0,-157.0,-157.0,-155.0,-153.5,-156.0,-156.5,-157.0,-157.0,-156.5,-156.0,-151.0,-150.0,-152.0,-157.0,-152.0,-150.0,-157.0,-157.0,-157.0,-153.5,-157.0,-155.0,-155.0,-157.0,-153.0,-153.0,-154.5,-152.5,-154.0,-153.0,-151.0,-150.0,-155.5,-157.0,-154.0,-153.0,-152.5,-157.0,-157.0,-157.0,-157.0,-154.0,-152.5,-153.0,-157.0,-157.0,-155.0,-157.0,-153.5,-155.0,-157.0,-155.5,-152.5,-152.0,-157.0,-152.0,-155.5,-157.0,-157.0,-151.0,-151.0,-155.0,-157.0,-156.5,-152.0,-153.0,-157.0,-155.5,-157.0,-157.0,-157.0,-154.5,-155.5,-154.0,-156.0,-154.5,-157.0,-153.5,-151.5,-157.0,-157.0,-157.0,-157.0,-157.0,-157.0,-155.5,-155.0,-153.5,-156.5,-157.0,-157.0,-154.5,-157.0,-153.5,-155.0,-156.5,-155.5,-157.0,-156.5,-156.5,-150.5,-152.0,-150.5,-157.0,-152.5,-152.0,-157.0,-157.0,-156.5,-154.5,-154.5,-150.0,-153.0,-157.0,-157.0,-152.0,-151.5,-152.0,-155.0,-157.0,-155.0,-153.5,-152.5,-153.5,-155.0,-157.0,-155.0,-157.0,-155.5,-157.0,-157.0,-157.0,-156.5,-156.5,-157.0,-153.5,-154.5,-154.5,-151.0,-157.0,-155.0,-157.0,-157.0,-152.0,-156.5,-157.0,-156.0,-157.0,-157.0,-154.0,-151.0,-157.0,-156.5,-152.0,-157.0,-156.0,-156.5,-157.0,-157.0,-157.0,-156.5,-152.5,-152.0,-148.0,-142.5,-149.5,-152.5,-154.0,-150.0,-149.5,-148.0,-155.5,-153.5,-154.0,-157.0,-157.0,-151.5,-151.5,-147.5,-148.5,-149.5,-150.5,-149.5,-150.0,-155.0,-151.5,-151.5,-150.0,-145.5,-148.0,-154.5,-151.0,-149.5,-154.5,-148.5,-155.5,-152.5,-151.0,-153.0,-155.0,-152.5,-157.0,-155.0,-157.0,-157.0,-157.0,-157.0,-157.0,-157.0,-157.0,-154.5,-150.5,-153.5,-151.5,-151.0,-157.0,-157.0,-157.0,-156.5,-157.0,-153.5,-148.0,-147.0,-155.5,-157.0,-156.0,-149.5,-151.5,-155.0,-153.0,-152.5,-157.0,-157.0,-157.0,-154.5,-157.0,-157.0,-154.5,-153.5,-157.0,-157.0,-156.5,-154.5,-156.0,-155.5,-154.5,-155.0,-157.0,-156.5,-157.0,-157.0,-156.5,-155.5,-156.5,-157.0,-157.0,-157.0,-157.0,-157.0,-157.0,-154.5,-153.5,-157.0,-157.0,-152.5,-150.5,-152.5,-157.0,-157.0,-157.0,-156.0,-157.0,-157.0,-157.0,-157.0,-157.0,-157.0,-154.0,-157.0,-152.5,-155.5,-157.0,-157.0,-156.0,-153.5,-156.5,-152.0,-154.5,-157.0,-157.0,-157.0,-157.0,-155.5,-156.5,-157.0,-157.0,-157.0,-155.5,-157.0,-157.0,-157.0,-156.5,-157.0,-157.0,-157.0,-157.0,-157.0,-151.5,-152.5,-153.5,-153.5,-152.0,-150.5,-157.0,-157.0,-156.0,-157.0,-157.0,-155.5,-154.5,-154.0,-157.0,-157.0,-152.5,-152.5,-154.5,-157.0,-157.0,-155.5,-153.5,-151.0,-157.0,-156.0,-151.5,-157.0,-157.0,-157.0,-157.0,-156.0,-156.5,-156.5,-157.0,-157.0,-157.0,-157.0,-154.0,-153.5,-157.0,-153.0,-151.0,-152.0,-157.0,-157.0,-154.5,-152.0,-151.5,-150.5,-151.0,-157.0,-156.0,-154.5,-156.0,-155.5,-155.0,-157.0,-157.0,-157.0,-156.5,-157.0,-150.0,-152.5,-154.5,-157.0,-157.0,-157.0,-157.0,-157.0,-152.5,-151.5,-157.0
2026-01-17 13:48:27.135,143.049967,5,-77,-157.0,-157.0,-151.5,-157.0,-157.0,-157.0,-156.0,-157.0,-157.0,-153.5,-155.0,-157.0,-157.0,-156.0,-157.0,-156.0,-157.0,-157.0,-157.0,-157.0,-154.0,-155.5,-157.0,-156.0,-155.0,-156.5,-154.5,-157.0,-155.5,-155.5,-156.5,-157.0,-157.0,-157.0,-157.0,-157.0,-150.0,-148.5,-152.5,-157.0,-157.0,-157.0,-153.5,-152.5,-152.5,-154.5,-151.5,-156.0,-157.0,-157.0,-157.0,-156.5,-157.0,-157.0,-156.5,-155.5,-153.5,-154.0,-156.5,-153.0,-157.0,-152.5,-153.0,-150.5,-152.0,-155.0,-155.5,-153.0,-157.0,-154.5,-157.0,-155.5,-155.5,-155.0,-150.0,-149.5,-154.5,-157.0,-157.0,-155.0,-153.5,-152.0,-153.5,-153.5,-157.0,-157.0,-152.0,-154.0,-157.0,-157.0,-157.0,-155.5,-155.0,-155.0,-157.0,-157.0,-156.5,-154.5,-155.0,-157.0,-155.5,-157.0,-157.0,-155.5,-157.0,-151.0,-149.5,-156.5,-157.0,-155.5,-152.0,-157.0,-157.0,-156.5,-155.0,-157.0,-154.0,-154.5,-157.0,-156.5,-157.0,-150.5,-152.5,-155.5,-156.0,-157.0,-151.5,-154.0,-156.0,-155.0,-155.5,-154.5,-157.0,-157.0,-157.0,-157.0,-153.5,-156.5,-155.5,-157.0,-157.0,-157.0,-157.0,-157.0,-157.0,-157.0,-157.0,-157.0,-153.5,-157.0,-155.0,-157.0,-157.0,-157.0,-154.0,-153.0,-153.5,-155.5,-152.0,-152.5,-155.0,-156.5,-157.0,-157.0,-157.0,-157.0,-156.0,-155.0,-156.5,-157.0,-157.0,-157.0,-157.0,-152.0,-157.0,-157.0,-157.0,-156.0,-156.5,-157.0,-157.0,-153.5,-150.5,-157.0,-157.0,-157.0,-149.0,-150.0,-154.5,-157.0,-157.0,-157.0,-157.0,-156.5,-157.0,-152.0,-154.5,-149.0,-150.5,-154.0,-155.5,-157.0,-157.0,-156.0,-155.0,-156.0,-151.5,-157.0,-157.0,-156.0,-148.0,-150.0,-155.0,-157.0,-157.0,-156.0,-157.0,-157.0,-157.0,-157.0,-155.5,-152.5,-155.0,-151.0,-155.5,-155.0,-157.0,-157.0,-157.0,-156.5,-155.0,-157.0,-157.0,-150.0,-156.5,-157.0,-157.0,-156.0,-148.5,-149.0,-148.5,-144.5,-141.0,-143.0,-141.5,-141.0,-146.5,-148.0,-144.5,-145.5,-145.5,-146.0,-151.0,-150.0,-151.5,-149.5,-151.0,-148.5,-145.0,-142.0,-144.0,-146.5,-147.5,-148.0,-149.0,-147.5,-155.0,-157.0,-152.0,-152.0,-157.0,-152.5,-153.0,-149.0,-150.5,-149.0,-153.0,-157.0,-153.5,-155.5,-150.5,-157.0,-157.0,-148.5,-150.0,-157.0,-154.5,-157.0,-153.5,-150.5,-154.5,-150.5,-150.5,-157.0,-153.0,-153.5,-156.5,-157.0,-157.0,-157.0,-156.5,-155.5,-157.0,-157.0,-157.0,-157.0,-151.0,-154.0,-151.0,-151.0,-152.0,-155.5,-157.0,-157.0,-157.0,-154.0,-147.0,-148.0,-157.0,-156.0,-157.0,-155.0,-155.5,-152.0,-150.5,-153.0,-157.0,-157.0,-156.5,-154.0,-157.0,-155.0,-156.0,-155.0,-155.0,-157.0,-157.0,-157.0,-157.0,-157.0,-157.0,-155.0,-157.0,-154.5,-156.5,-157.0,-157.0,-153.0,-157.0,-157.0,-157.0,-156.5,-155.0,-156.5,-157.0,-153.0,-153.0,-157.0,-157.0,-155.0,-152.0,-152.5,-157.0,-157.0,-157.0,-155.5,-157.0,-157.0,-155.0,-152.0,-155.0,-157.0,-157.0,-157.0,-154.0,-157.0,-154.0,-153.0,-157.0,-157.0,-157.0,-157.0,-152.5,-155.5,-157.0,-157.0,-157.0,-157.0,-156.0,-153.5,-155.0,-152.0,-153.5,-157.0,-157.0,-157.0,-155.5,-157.0,-157.0,-157.0,-154.5,-157.0,-152.0,-151.0,-156.5,-157.0,-154.5,-151.0,-157.0,-157.0,-157.0,-157.0,-157.0,-151.5,-150.0,-156.0,-157.0,-157.0,-155.5,-152.0,-157.0,-155.5,-157.0,-156.5,-157.0,-157.0,-157.0,-157.0,-154.0,-157.0,-157.0,-157.0,-157.0,-155.0,-157.0,-157.0,-156.5,-157.0,-157.0,-157.0,-152.0,-151.0,-156.5,-151.0,-151.0,-157.0,-157.0,-157.0,-153.0,-157.0,-153.0,-150.5,-151.5,-157.0,-153.5,-154.0,-155.5,-157.0,-157.0,-157.0,-156.0,-154.5,-153.5,-154.5,-151.5,-153.0,-152.5,-155.0,-156.5,-155.5,-157.0,-157.0,-156.5,-154.5,-157.0
2026-01-17 13:48:27.167,143.049967,5,-77,-157.0,-157.0,-155.0,-155.0,-157.0,-157.0,-156.5,-155.5,-155.5,-156.5,-157.0,-156.5,-156.5,-154.0,-154.0,-157.0,-157.0,-157.0,-157.0,-157.0,-157.0,-157.0,-157.0,-157.0,-157.0,-157.0,-154.0,-157.0,-157.0,-157.0,-156.0,-157.0,-157.0,-157.0,-157.0,-154.5,-152.0,-153.5,-151.5,-156.0,-157.0,-157.0,-155.0,-153.5,-155.0,-154.0,-152.5,-157.0,-157.0,-157.0,-157.0,-155.0,-157.0,-157.0,-156.5,-157.0,-157.0,-157.0,-157.0,-152.0,-157.0,-149.0,-148.5,-149.0,-150.5,-157.0,-153.5,-154.0,-153.5,-152.0,-156.5,-157.0,-157.0,-153.5,-146.5,-147.0,-153.0,-156.0,-157.0,-157.0,-157.0,-154.5,-157.0,-154.0,-156.0,-156.0,-154.5,-157.0,-157.0,-157.0,-156.0,-154.0,-156.5,-156.5,-155.0,-157.0,-154.5,-154.5,-153.0,-157.0,-153.5,-155.5,-157.0,-157.0,-157.0,-154.5,-154.0,-154.5,-153.5,-152.5,-152.5,-157.0,-157.0,-155.5,-153.5,-157.0,-156.5,-156.5,-157.0,-157.0,-157.0,-151.5,-154.5,-157.0,-157.0,-154.0,-156.5,-157.0,-154.5,-157.0,-157.0,-157.0,-154.5,-155.5,-157.0,-157.0,-157.0,-157.0,-151.5,-154.0,-157.0,-157.0,-157.0,-157.0,-157.0,-157.0,-157.0,-157.0,-153.5,-157.0,-157.0,-157.0,-154.0,-152.0,-153.5,-157.0,-157.0,-157.0,-154.5,-157.0,-157.0,-157.0,-155.5,-157.0,-157.0,-155.5,-157.0,-157.0,-152.5,-152.0,-157.0,-157.0,-153.0,-151.5,-157.0,-156.5,-154.0,-150.0,-152.5,-157.0,-157.0,-154.0,-150.5,-157.0,-157.0,-157.0,-148.0,-150.0,-157.0,-156.5,-157.0,-157.0,-157.0,-157.0,-153.5,-154.0,-155.0,-151.5,-154.0,-156.0,-155.0,-157.0,-157.0,-157.0,-157.0,-156.5,-153.0,-157.0,-157.0,-153.0,-147.5,-149.5,-157.0,-157.0,-157.0,-157.0,-157.0,-157.0,-157.0,-157.0,-155.0,-152.5,-156.5,-149.5,-154.5,-153.0,-155.5,-157.0,-157.0,-157.0,-155.5,-155.0,-154.0,-150.0,-149.5,-149.0,-148.0,-146.0,-139.5,-136.5,-134.0,-130.0,-127.0,-127.5,-129.5,-134.0,-138.0,-141.0,-140.5,-141.5,-141.5,-142.5,-146.5,-149.0,-148.5,-149.0,-152.0,-145.0,-142.0,-147.0,-149.5,-150.5,-151.5,-151.0,-153.5,-150.5,-157.0,-157.0,-153.0,-155.0,-155.5,-157.0,-157.0,-153.0,-156.5,-154.0,-156.5,-157.0,-156.5,-154.0,-153.0,-156.0,-155.0,-156.0,-157.0,-157.0,-157.0,-157.0,-156.0,-154.0,-154.0,-157.0,-154.5,-157.0,-153.0,-154.5,-149.5,-157.0,-157.0,-157.0,-155.0,-155.0,-157.0,-157.0,-157.0,-152.5,-151.0,-153.5,-152.5,-153.0,-154.0,-156.0,-157.0,-157.0,-155.0,-157.0,-151.5,-157.0,-154.0,-154.0,-155.0,-155.5,-157.0,-151.5,-153.0,-157.0,-157.0,-156.5,-154.5,-154.5,-151.5,-155.0,-157.0,-157.0,-157.0,-157.0,-157.0,-157.0,-157.0,-157.0,-157.0,-157.0,-157.0,-157.0,-155.0,-155.5,-157.0,-152.0,-157.0,-157.0,-157.0,-156.0,-156.0,-157.0,-156.0,-151.0,-155.5,-153.5,-157.0,-157.0,-154.5,-156.0,-157.0,-157.0,-157.0,-153.5,-157.0,-157.0,-157.0,-149.0,-151.0,-157.0,-157.0,-156.5,-157.0,-157.0,-154.0,-152.0,-157.0,-156.5,-157.0,-155.0,-151.5,-156.0,-154.0,-155.5,-156.0,-157.0,-154.0,-152.0,-157.0,-153.0,-156.5,-157.0,-157.0,-155.0,-152.0,-155.5,-157.0,-155.0,-153.0,-154.5,-157.0,-156.5,-157.0,-157.0,-157.0,-153.5,-157.0,-157.0,-157.0,-157.0,-157.0,-151.5,-150.0,-157.0,-157.0,-157.0,-157.0,-152.5,-156.0,-155.0,-156.5,-157.0,-157.0,-157.0,-157.0,-157.0,-156.0,-155.0,-157.0,-157.0,-156.5,-154.5,-157.0,-157.0,-157.0,-157.0,-157.0,-157.0,-152.5,-150.0,-155.0,-156.5,-155.0,-157.0,-154.5,-155.5,-155.5,-157.0,-157.0,-156.0,-157.0,-157.0,-157.0,-157.0,-156.5,-157.0,-157.0,-157.0,-155.5,-155.5,-156.5,-156.0,-156.5,-157.0,-155.0,-155.5,-157.0,-157.0,-157.0,-156.0,-155.5,-154.0,-157.0
2026-01-17 13:48:27.216,143.049967,5,-77,-157.0,-157.0,-157.0,-157.0,-157.0,-155.5,-155.0,-153.0,-157.0,-157.0,-157.0,-157.0,-151.5,-152.0,-154.5,-157.0,-157.0,-157.0,-157.0,-157.0,-157.0,-157.0,-157.0,-157.0,-157.0,-157.0,-154.5,-157.0,-157.0,-157.0,-157.0,-157.0,-157.0,-157.0,-156.5,-155.5,-152.5,-153.0,-150.0,-155.5,-156.5,-156.5,-157.0,-155.5,-156.0,-157.0,-154.0,-157.0,-157.0,-157.0,-156.0,-151.5,-152.0,-157.0,-157.0,-157.0,-157.0,-157.0,-154.0,-149.5,-152.0,-151.0,-148.5,-152.0,-153.5,-157.0,-153.0,-156.5,-157.0,-152.5,-157.0,-156.5,-155.0,-150.0,-147.5,-147.5,-151.5,-152.5,-157.0,-157.0,-157.0,-157.0,-157.0,-153.0,-154.5,-157.0,-155.5,-154.0,-154.5,-156.5,-157.0,-156.0,-157.0,-157.0,-155.0,-157.0,-155.5,-156.5,-151.5,-152.0,-154.5,-154.5,-156.0,-157.0,-156.0,-156.0,-157.0,-154.5,-154.5,-152.5,-152.0,-157.0,-157.0,-157.0,-156.0,-157.0,-157.0,-157.0,-157.0,-157.0,-157.0,-156.0,-153.0,-153.5,-156.5,-153.0,-157.0,-154.5,-155.0,-154.0,-157.0,-157.0,-153.5,-154.5,-156.5,-157.0,-157.0,-157.0,-150.5,-152.0,-157.0,-157.0,-157.0,-157.0,-157.0,-157.0,-157.0,-157.0,-154.0,-155.0,-157.0,-157.0,-152.0,-152.0,-155.5,-157.0,-157.0,-157.0,-154.0,-153.5,-155.5,-157.0,-154.5,-157.0,-155.5,-152.0,-155.0,-157.0,-149.5,-151.5,-156.0,-151.5,-154.5,-153.0,-156.0,-152.5,-150.5,-150.5,-151.5,-157.0,-157.0,-155.0,-152.5,-154.5,-157.0,-157.0,-152.5,-153.0,-156.5,-153.5,-157.0,-157.0,-157.0,-157.0,-154.0,-157.0,-157.0,-156.5,-157.0,-157.0,-156.5,-155.5,-156.0,-157.0,-157.0,-157.0,-152.5,-157.0,-153.5,-153.0,-151.0,-151.5,-157.0,-157.0,-157.0,-157.0,-157.0,-157.0,-157.0,-157.0,-152.5,-153.0,-152.0,-149.5,-157.0,-151.0,-153.5,-150.0,-151.5,-155.5,-148.5,-148.0,-147.5,-148.5,-144.0,-143.5,-144.0,-141.0,-138.5,-135.0,-131.5,-126.5,-123.0,-123.5,-128.0,-136.5,-141.5,-145.5,-145.0,-146.5,-145.5,-147.0,-151.5,-157.0,-155.0,-157.0,-157.0,-146.0,-142.0,-147.0,-157.0,-157.0,-157.0,-157.0,-151.5,-151.0,-157.0,-157.0,-155.5,-157.0,-157.0,-157.0,-156.5,-157.0,-153.5,-154.0,-157.0,-157.0,-156.0,-156.5,-157.0,-152.5,-152.0,-152.5,-157.0,-157.0,-157.0,-156.5,-157.0,-152.5,-152.5,-157.0,-154.0,-157.0,-152.5,-149.0,-146.5,-157.0,-157.0,-157.0,-157.0,-157.0,-157.0,-157.0,-156.5,-151.0,-155.5,-156.0,-155.5,-153.5,-157.0,-157.0,-157.0,-155.0,-154.0,-157.0,-156.0,-154.5,-153.5,-157.0,-153.0,-152.5,-155.5,-155.5,-155.5,-157.0,-157.0,-156.5,-155.0,-153.5,-151.0,-157.0,-156.0,-157.0,-157.0,-155.0,-153.5,-156.5,-157.0,-157.0,-157.0,-157.0,-157.0,-154.5,-152.5,-156.5,-157.0,-152.5,-156.0,-157.0,-157.0,-157.0,-157.0,-155.0,-156.0,-153.0,-151.0,-150.5,-157.0,-156.5,-154.0,-153.5,-157.0,-157.0,-157.0,-152.0,-155.0,-155.0,-157.0,-149.5,-152.0,-157.0,-156.5,-153.5,-157.0,-157.0,-157.0,-156.0,-157.0,-155.0,-156.5,-153.5,-154.5,-157.0,-155.0,-153.0,-154.5,-154.5,-157.0,-154.5,-157.0,-157.0,-157.0,-155.5,-155.5,-155.5,-152.5,-154.0,-157.0,-153.0,-156.0,-152.0,-155.5,-157.0,-157.0,-157.0,-157.0,-157.0,-157.0,-157.0,-157.0,-157.0,-153.0,-155.5,-153.5,-155.0,-157.0,-155.5,-157.0,-155.0,-156.5,-157.0,-157.0,-157.0,-157.0,-157.0,-157.0,-154.5,-155.0,-155.0,-157.0,-157.0,-157.0,-157.0,-157.0,-157.0,-157.0,-157.0,-157.0,-157.0,-156.0,-152.0,-155.0,-157.0,-157.0,-157.0,-153.5,-157.0,-157.0,-157.0,-157.0,-157.0,-157.0,-157.0,-157.0,-157.0,-157.0,-157.0,-156.5,-157.0,-157.0,-153.5,-153.0,-155.0,-155.5,-157.0,-157.0,-157.0,-157.0,-157.0,-157.0,-156.5,-156.5,-155.0,-152.5
2026-01-17 13:48:27.242,143.049967,5,-77,-157.0,-157.0,-157.0,-157.0,-156.5,-153.0,-156.0,-151.5,-157.0,-157.0,-157.0,-157.0,-152.0,-152.5,-157.0,-156.5,-157.0,-155.5,-157.0,-151.0,-152.5,-157.0,-157.0,-157.0,-157.0,-157.0,-156.0,-157.0,-157.0,-155.5,-156.0,-155.0,-154.5,-153.0,-152.5,-157.0,-151.0,-154.5,-150.5,-154.5,-155.0,-157.0,-157.0,-154.5,-154.0,-155.5,-154.0,-156.5,-157.0,-157.0,-153.0,-150.5,-152.0,-157.0,-157.0,-157.0,-157.0,-157.0,-157.0,-150.5,-154.0,-156.5,-155.0,-157.0,-157.0,-157.0,-155.5,-155.0,-157.0,-152.5,-150.5,-152.0,-156.5,-154.0,-155.0,-150.0,-154.5,-150.5,-152.5,-157.0,-157.0,-157.0,-157.0,-156.0,-157.0,-157.0,-152.5,-152.5,-157.0,-157.0,-157.0,-157.0,-157.0,-156.5,-157.0,-157.0,-156.5,-152.0,-152.0,-154.5,-152.5,-156.0,-157.0,-153.5,-155.5,-155.5,-157.0,-157.0,-157.0,-157.0,-154.0,-157.0,-155.5,-157.0,-157.0,-157.0,-157.0,-157.0,-157.0,-157.0,-157.0,-157.0,-151.0,-152.0,-153.0,-156.0,-157.0,-155.5,-157.0,-155.0,-157.0,-157.0,-157.0,-157.0,-156.0,-155.0,-157.0,-156.5,-153.0,-155.0,-155.5,-155.5,-154.0,-157.0,-157.0,-157.0,-157.0,-157.0,-157.0,-157.0,-157.0,-157.0,-157.0,-155.0,-157.0,-155.5,-157.0,-157.0,-156.5,-150.5,-152.0,-157.0,-157.0,-156.0,-157.0,-150.5,-153.0,-155.0,-151.5,-157.0,-154.0,-150.5,-157.0,-154.0,-157.0,-151.5,-150.0,-154.0,-154.0,-156.0,-157.0,-157.0,-152.0,-152.0,-154.5,-152.5,-154.0,-157.0,-154.5,-153.5,-157.0,-157.0,-156.0,-155.5,-157.0,-157.0,-157.0,-157.0,-157.0,-157.0,-155.0,-151.5,-156.0,-157.0,-156.5,-157.0,-153.5,-152.5,-149.5,-149.5,-152.0,-151.0,-151.5,-151.0,-155.5,-157.0,-153.0,-151.0,-151.0,-156.5,-153.5,-151.0,-149.0,-152.5,-157.0,-152.5,-152.5,-147.5,-151.0,-153.5,-149.0,-149.0,-147.0,-153.0,-147.0,-147.0,-149.0,-146.5,-145.0,-143.5,-140.5,-133.5,-126.5,-127.5,-138.0,-151.0,-154.5,-157.0,-156.0,-151.5,-153.0,-153.0,-154.5,-157.0,-157.0,-157.0,-157.0,-152.0,-143.5,-146.5,-156.5,-157.0,-157.0,-157.0,-153.0,-154.0,-157.0,-157.0,-157.0,-157.0,-157.0,-156.0,-156.5,-157.0,-155.0,-155.0,-152.0,-155.5,-156.0,-154.5,-156.5,-156.0,-155.5,-150.5,-154.5,-157.0,-157.0,-157.0,-157.0,-151.0,-153.0,-154.5,-151.0,-157.0,-152.0,-153.0,-148.0,-157.0,-157.0,-157.0,-157.0,-157.0,-157.0,-156.0,-157.0,-152.5,-156.5,-157.0,-156.0,-154.0,-157.0,-157.0,-157.0,-157.0,-157.0,-157.0,-157.0,-157.0,-155.0,-157.0,-157.0,-155.0,-155.5,-157.0,-157.0,-157.0,-157.0,-157.0,-157.0,-152.0,-151.5,-156.5,-151.5,-151.5,-154.5,-157.0,-152.0,-154.5,-157.0,-156.0,-155.0,-155.0,-157.0,-154.0,-155.5,-157.0,-157.0,-153.5,-157.0,-157.0,-157.0,-157.0,-157.0,-150.5,-151.5,-155.0,-149.5,-150.0,-157.0,-155.0,-155.0,-150.5,-157.0,-157.0,-154.5,-152.0,-152.5,-153.0,-154.0,-151.0,-152.0,-157.0,-157.0,-151.0,-151.5,-157.0,-157.0,-156.5,-155.0,-154.0,-154.0,-152.5,-155.0,-155.0,-156.0,-154.0,-155.5,-154.0,-156.5,-157.0,-157.0,-157.0,-157.0,-157.0,-156.5,-156.5,-156.5,-155.0,-157.0,-153.0,-157.0,-152.5,-151.5,-154.0,-157.0,-157.0,-157.0,-157.0,-156.5,-156.0,-153.0,-157.0,-154.5,-157.0,-155.0,-154.0,-157.0,-157.0,-155.5,-157.0,-157.0,-157.0,-157.0,-154.0,-155.0,-155.0,-150.5,-151.0,-153.0,-157.0,-157.0,-157.0,-157.0,-157.0,-155.0,-155.5,-157.0,-157.0,-157.0,-153.5,-156.0,-154.5,-156.5,-156.5,-155.5,-157.0,-155.0,-157.0,-157.0,-157.0,-157.0,-157.0,-157.0,-157.0,-157.0,-157.0,-156.5,-157.0,-157.0,-157.0,-157.0,-155.5,-151.5,-152.0,-151.5,-152.5,-157.0,-157.0,-157.0,-157.0,-157.0,-157.0,-157.0,-157.0,-151.5
2026-01-17 13:48:27.271,143.049967,5,-77,-157.0,-157.0,-157.0,-157.0,-152.0,-152.0,-154.0,-152.0,-157.0,-157.0,-156.0,-155.5,-153.5,-156.0,-157.0,-152.5,-149.5,-153.0,-157.0,-152.0,-154.0,-157.0,-157.0,-157.0,-157.0,-157.0,-157.0,-157.0,-157.0,-155.0,-153.5,-155.5,-154.5,-152.5,-153.0,-157.0,-151.0,-152.0,-152.5,-152.0,-154.5,-157.0,-157.0,-155.5,-155.5,-154.5,-155.0,-154.5,-155.5,-157.0,-157.0,-154.0,-153.5,-157.0,-156.0,-154.0,-152.0,-154.5,-157.0,-152.0,-154.0,-157.0,-157.0,-157.0,-157.0,-153.5,-157.0,-156.5,-157.0,-157.0,-151.0,-153.5,-157.0,-157.0,-156.0,-150.5,-151.5,-152.5,-153.0,-157.0,-157.0,-157.0,-157.0,-157.0,-157.0,-157.0,-153.0,-155.0,-157.0,-157.0,-156.5,-155.5,-153.0,-154.0,-157.0,-157.0,-152.0,-150.5,-154.5,-156.5,-151.5,-156.5,-157.0,-154.0,-157.0,-157.0,-157.0,-155.5,-157.0,-157.0,-156.5,-153.5,-151.5,-157.0,-157.0,-157.0,-156.5,-157.0,-157.0,-157.0,-157.0,-157.0,-153.5,-157.0,-153.0,-157.0,-157.0,-156.5,-157.0,-154.5,-156.5,-157.0,-157.0,-157.0,-157.0,-157.0,-157.0,-157.0,-156.5,-157.0,-155.5,-150.5,-150.5,-157.0,-156.0,-156.0,-156.0,-155.5,-157.0,-157.0,-157.0,-157.0,-154.5,-152.0,-157.0,-152.5,-157.0,-157.0,-155.5,-149.0,-152.5,-157.0,-157.0,-157.0,-157.0,-152.5,-152.5,-151.0,-154.0,-156.0,-153.0,-152.5,-157.0,-157.0,-157.0,-157.0,-152.0,-157.0,-156.0,-154.0,-155.5,-156.0,-152.5,-154.0,-155.5,-154.5,-152.0,-154.0,-157.0,-153.5,-157.0,-157.0,-156.0,-154.5,-157.0,-157.0,-157.0,-157.0,-157.0,-157.0,-157.0,-150.5,-157.0,-157.0,-150.0,-152.0,-157.0,-151.5,-151.0,-150.5,-154.0,-156.0,-153.5,-152.5,-155.0,-156.0,-153.0,-148.0,-150.5,-154.5,-157.0,-151.5,-147.5,-157.0,-157.0,-155.0,-154.5,-151.0,-157.0,-157.0,-152.5,-154.0,-150.0,-157.0,-157.0,-157.0,-154.0,-154.0,-150.5,-157.0,-151.0,-149.0,-136.5,-137.5,-156.0,-153.5,-155.0,-157.0,-157.0,-152.5,-152.0,-157.0,-153.0,-157.0,-156.5,-155.5,-157.0,-147.0,-145.0,-155.5,-157.0,-157.0,-157.0,-156.5,-154.5,-156.0,-156.0,-152.5,-154.5,-157.0,-154.0,-151.5,-155.0,-157.0,-157.0,-157.0,-149.5,-154.0,-157.0,-151.5,-153.0,-157.0,-154.5,-150.5,-156.0,-156.0,-157.0,-157.0,-157.0,-150.5,-152.0,-155.0,-149.5,-150.5,-151.0,-157.0,-152.0,-156.5,-157.0,-157.0,-157.0,-157.0,-156.0,-156.5,-157.0,-155.5,-157.0,-157.0,-157.0,-157.0,-157.0,-157.0,-152.5,-155.0,-157.0,-157.0,-157.0,-157.0,-157.0,-157.0,-157.0,-157.0,-157.0,-157.0,-157.0,-157.0,-157.0,-156.5,-155.5,-153.0,-156.5,-152.5,-151.0,-151.5,-154.0,-157.0,-154.0,-157.0,-156.5,-157.0,-156.0,-155.5,-157.0,-155.0,-157.0,-157.0,-157.0,-155.0,-157.0,-157.0,-157.0,-157.0,-157.0,-151.5,-151.5,-157.0,-150.5,-150.5,-157.0,-153.5,-154.0,-151.0,-154.0,-157.0,-155.0,-157.0,-155.0,-154.5,-152.5,-154.5,-153.0,-155.5,-157.0,-153.5,-152.0,-157.0,-157.0,-157.0,-153.5,-153.0,-154.5,-154.5,-154.0,-157.0,-157.0,-157.0,-157.0,-157.0,-157.0,-157.0,-157.0,-157.0,-157.0,-157.0,-155.0,-155.5,-154.5,-151.0,-155.5,-152.0,-157.0,-153.5,-157.0,-152.5,-155.0,-154.5,-157.0,-157.0,-155.5,-150.0,-150.0,-157.0,-157.0,-157.0,-156.5,-157.0,-157.0,-157.0,-151.5,-152.5,-155.5,-157.0,-153.0,-151.0,-155.5,-157.0,-150.5,-154.0,-154.5,-157.0,-157.0,-157.0,-156.5,-152.0,-151.0,-153.5,-157.0,-157.0,-157.0,-152.5,-151.0,-157.0,-156.0,-156.5,-155.5,-152.5,-153.5,-157.0,-157.0,-155.5,-154.5,-157.0,-157.0,-157.0,-157.0,-156.0,-154.0,-154.5,-156.5,-157.0,-157.0,-155.5,-153.0,-153.0,-152.5,-155.5,-157.0,-157.0,-154.5,-157.0,-157.0,-157.0,-157.0,-157.0,-157.0
2026-01-17 13:48:27.305,143.049967,5,-77,-157.0,-157.0,-152.0,-154.5,-155.5,-155.0,-157.0,-156.5,-157.0,-157.0,-157.0,-156.0,-156.0,-152.0,-154.0,-151.0,-148.5,-155.0,-153.5,-150.5,-157.0,-156.5,-155.5,-156.5,-157.0,-157.0,-157.0,-155.0,-153.5,-153.5,-157.0,-154.5,-155.0,-156.5,-157.0,-157.0,-151.5,-151.5,-155.5,-155.5,-154.5,-157.0,-157.0,-154.0,-154.0,-156.5,-157.0,-156.0,-154.5,-157.0,-157.0,-157.0,-153.5,-154.5,-156.5,-151.5,-152.0,-155.5,-156.0,-153.5,-154.5,-157.0,-157.0,-156.5,-153.5,-154.0,-157.0,-154.5,-157.0,-157.0,-155.0,-157.0,-157.0,-156.0,-156.0,-154.5,-150.0,-153.5,-155.0,-155.0,-156.5,-157.0,-157.0,-156.0,-157.0,-157.0,-156.5,-157.0,-153.5,-157.0,-155.0,-156.0,-153.5,-157.0,-157.0,-153.0,-151.5,-156.0,-157.0,-157.0,-152.5,-155.5,-156.5,-157.0,-157.0,-156.0,-157.0,-151.5,-150.0,-156.5,-156.5,-151.5,-150.5,-157.0,-157.0,-157.0,-153.0,-152.0,-153.0,-157.0,-157.0,-157.0,-154.5,-157.0,-153.5,-157.0,-157.0,-157.0,-155.5,-156.0,-155.0,-157.0,-157.0,-157.0,-157.0,-157.0,-157.0,-154.0,-157.0,-157.0,-157.0,-152.5,-152.0,-155.5,-155.5,-155.0,-157.0,-157.0,-155.0,-157.0,-157.0,-157.0,-151.0,-150.0,-154.5,-151.0,-156.0,-157.0,-155.5,-148.5,-153.0,-156.0,-157.0,-156.0,-157.0,-153.0,-150.0,-150.0,-154.5,-157.0,-157.0,-154.0,-155.5,-157.0,-157.0,-156.0,-154.0,-157.0,-153.5,-153.0,-157.0,-155.0,-157.0,-157.0,-157.0,-157.0,-149.5,-151.5,-156.0,-153.0,-157.0,-157.0,-157.0,-157.0,-157.0,-157.0,-156.5,-157.0,-156.5,-157.0,-157.0,-153.5,-157.0,-156.0,-148.0,-150.0,-157.0,-154.0,-150.0,-149.0,-157.0,-157.0,-157.0,-157.0,-155.0,-153.5,-155.0,-150.0,-153.0,-155.0,-157.0,-154.0,-149.0,-152.0,-157.0,-154.5,-156.5,-157.0,-157.0,-157.0,-154.5,-156.0,-152.5,-155.5,-157.0,-157.0,-152.5,-157.0,-150.0,-152.0,-154.0,-152.0,-146.0,-151.0,-153.0,-154.5,-152.0,-157.0,-157.0,-155.5,-155.5,-154.0,-153.5,-156.5,-156.0,-154.0,-157.0,-144.5,-144.5,-157.0,-157.0,-156.5,-157.0,-153.5,-154.5,-156.0,-153.5,-152.0,-155.0,-157.0,-154.0,-153.0,-153.0,-155.0,-157.0,-157.0,-150.5,-151.5,-151.5,-153.0,-157.0,-153.0,-152.0,-155.0,-155.0,-157.0,-157.0,-157.0,-157.0,-150.5,-154.0,-157.0,-151.5,-155.0,-154.5,-152.0,-155.5,-157.0,-157.0,-155.0,-155.0,-157.0,-156.5,-157.0,-157.0,-156.5,-157.0,-157.0,-157.0,-157.0,-157.0,-156.0,-151.5,-152.5,-157.0,-157.0,-157.0,-157.0,-157.0,-157.0,-157.0,-157.0,-157.0,-157.0,-157.0,-157.0,-156.0,-153.5,-154.5,-153.0,-157.0,-153.5,-150.5,-152.5,-157.0,-155.0,-155.5,-154.5,-155.0,-157.0,-157.0,-156.0,-156.5,-155.0,-157.0,-154.5,-155.0,-157.0,-156.5,-156.5,-156.5,-157.0,-157.0,-157.0,-152.0,-157.0,-154.5,-154.0,-155.0,-154.5,-157.0,-152.5,-154.5,-157.0,-154.5,-156.0,-157.0,-154.5,-155.5,-157.0,-156.5,-154.0,-157.0,-157.0,-155.0,-157.0,-157.0,-157.0,-155.0,-153.5,-157.0,-157.0,-157.0,-157.0,-155.5,-157.0,-157.0,-157.0,-157.0,-157.0,-157.0,-157.0,-157.0,-157.0,-157.0,-157.0,-152.0,-150.5,-155.0,-150.0,-153.5,-152.5,-156.0,-152.5,-157.0,-153.0,-157.0,-157.0,-157.0,-152.0,-153.5,-157.0,-157.0,-157.0,-157.0,-157.0,-152.5,-157.0,-151.5,-150.5,-156.0,-157.0,-155.0,-151.0,-151.0,-153.5,-157.0,-154.0,-153.5,-157.0,-157.0,-156.0,-155.5,-154.0,-156.0,-157.0,-157.0,-157.0,-157.0,-154.0,-151.5,-157.0,-157.0,-157.0,-157.0,-150.0,-154.0,-157.0,-157.0,-155.0,-153.0,-156.0,-157.0,-157.0,-157.0,-155.0,-154.5,-150.0,-151.5,-157.0,-156.0,-154.0,-155.5,-157.0,-157.0,-157.0,-157.0,-154.0,-152.0,-157.0,-157.0,-157.0,-157.0,-157.0,-157.0
2026-01-17 13:48:27.332,143.049967,5,-77,-157.0,-157.0,-149.0,-153.5,-157.0,-156.0,-157.0,-157.0,-156.5,-156.0,-157.0,-157.0,-151.5,-148.0,-151.0,-155.5,-152.0,-157.0,-150.0,-150.0,-157.0,-153.5,-151.5,-157.0,-157.0,-157.0,-157.0,-153.0,-153.5,-152.0,-154.0,-156.5,-155.0,-157.0,-157.0,-157.0,-156.0,-157.0,-157.0,-157.0,-157.0,-157.0,-157.0,-154.5,-154.0,-156.5,-155.0,-157.0,-157.0,-157.0,-157.0,-157.0,-152.0,-157.0,-151.0,-152.5,-157.0,-157.0,-157.0,-154.5,-157.0,-157.0,-157.0,-155.0,-154.5,-155.5,-157.0,-153.5,-153.0,-157.0,-155.0,-157.0,-154.5,-154.0,-157.0,-157.0,-153.5,-156.5,-155.5,-156.0,-157.0,-157.0,-155.5,-156.0,-157.0,-157.0,-157.0,-157.0,-153.0,-154.0,-154.5,-157.0,-157.0,-157.0,-157.0,-151.0,-156.0,-157.0,-157.0,-155.5,-157.0,-155.5,-157.0,-157.0,-155.5,-156.0,-157.0,-151.5,-149.0,-154.0,-155.0,-155.5,-153.0,-154.0,-154.5,-157.0,-156.5,-152.5,-156.0,-153.0,-157.0,-157.0,-155.5,-156.5,-156.5,-157.0,-157.0,-157.0,-153.0,-155.5,-152.5,-153.0,-157.0,-157.0,-157.0,-157.0,-153.0,-150.5,-156.0,-157.0,-157.0,-157.0,-157.0,-156.5,-157.0,-155.5,-155.5,-157.0,-155.0,-157.0,-154.5,-157.0,-153.5,-150.5,-152.0,-155.0,-153.5,-155.0,-157.0,-150.5,-151.5,-156.0,-156.0,-157.0,-157.0,-156.5,-156.0,-152.5,-151.0,-154.0,-157.0,-153.5,-157.0,-157.0,-157.0,-157.0,-157.0,-157.0,-155.0,-156.5,-157.0,-154.5,-157.0,-157.0,-157.0,-157.0,-150.0,-150.5,-156.5,-154.5,-157.0,-157.0,-157.0,-157.0,-155.0,-157.0,-153.5,-152.0,-153.0,-157.0,-151.0,-152.0,-157.0,-157.0,-150.5,-152.0,-157.0,-157.0,-153.0,-150.0,-153.5,-157.0,-157.0,-157.0,-154.5,-153.5,-152.5,-153.0,-157.0,-157.0,-157.0,-157.0,-155.0,-153.0,-155.0,-156.0,-157.0,-157.0,-157.0,-157.0,-157.0,-155.5,-156.0,-157.0,-157.0,-154.0,-154.5,-157.0,-152.5,-152.0,-155.5,-157.0,-152.5,-157.0,-155.0,-153.5,-151.0,-157.0,-157.0,-154.0,-156.0,-156.5,-157.0,-154.5,-153.5,-157.0,-155.5,-145.0,-145.0,-155.5,-154.5,-157.0,-155.5,-153.0,-156.5,-151.5,-150.0,-155.5,-157.0,-157.0,-155.0,-157.0,-154.5,-152.5,-156.5,-157.0,-152.5,-150.5,-152.5,-157.0,-157.0,-154.0,-157.0,-157.0,-154.0,-157.0,-157.0,-157.0,-157.0,-155.0,-155.5,-152.5,-152.0,-157.0,-157.0,-150.5,-156.0,-157.0,-157.0,-150.0,-150.5,-157.0,-157.0,-157.0,-157.0,-156.5,-157.0,-157.0,-157.0,-157.0,-157.0,-156.0,-154.0,-157.0,-157.0,-157.0,-157.0,-157.0,-157.0,-156.5,-156.5,-155.5,-153.0,-157.0,-157.0,-156.5,-157.0,-152.5,-151.0,-153.5,-156.5,-154.5,-152.5,-154.5,-154.0,-153.0,-155.5,-155.0,-155.0,-157.0,-157.0,-157.0,-155.5,-155.5,-157.0,-153.5,-153.5,-157.0,-157.0,-154.5,-155.0,-153.0,-152.5,-155.0,-153.0,-157.0,-157.0,-153.0,-150.5,-152.5,-156.0,-153.0,-150.5,-156.0,-152.5,-157.0,-157.0,-151.5,-152.0,-153.0,-157.0,-156.0,-157.0,-157.0,-156.5,-157.0,-157.0,-156.0,-156.0,-157.0,-155.5,-157.0,-157.0,-157.0,-157.0,-155.5,-156.0,-155.5,-157.0,-157.0,-153.0,-157.0,-157.0,-155.5,-157.0,-154.0,-151.0,-154.0,-157.0,-151.5,-154.5,-154.0,-155.0,-152.0,-153.5,-153.5,-154.5,-157.0,-157.0,-157.0,-157.0,-157.0,-155.5,-157.0,-157.0,-157.0,-150.5,-153.5,-155.0,-153.5,-157.0,-157.0,-157.0,-154.0,-149.0,-152.5,-157.0,-154.0,-157.0,-157.0,-155.5,-153.5,-156.0,-157.0,-156.0,-157.0,-155.0,-152.5,-157.0,-157.0,-153.5,-157.0,-157.0,-157.0,-157.0,-153.0,-157.0,-157.0,-157.0,-156.5,-157.0,-155.0,-157.0,-157.0,-157.0,-152.5,-153.5,-150.5,-153.0,-157.0,-157.0,-157.0,-157.0,-157.0,-157.0,-157.0,-157.0,-154.0,-154.0,-157.0,-157.0,-157.0,-154.5,-156.5,-155.5
2026-01-17 13:48:27.369,143.049967,5,-77,-157.0,-157.0,-152.0,-157.0,-157.0,-157.0,-157.0,-157.0,-152.0,-153.0,-157.0,-157.0,-150.0,-149.5,-152.5,-155.5,-155.0,-157.0,-153.0,-153.5,-157.0,-155.5,-153.0,-157.0,-157.0,-157.0,-157.0,-153.0,-155.5,-152.0,-151.0,-157.0,-152.5,-157.0,-157.0,-157.0,-157.0,-157.0,-157.0,-157.0,-157.0,-156.5,-156.0,-157.0,-153.5,-154.0,-155.0,-151.0,-152.5,-157.0,-157.0,-154.0,-149.5,-157.0,-149.5,-151.5,-157.0,-157.0,-157.0,-153.0,-153.0,-157.0,-157.0,-156.5,-157.0,-154.0,-157.0,-156.0,-154.0,-157.0,-155.5,-152.5,-154.0,-154.5,-157.0,-157.0,-157.0,-157.0,-153.5,-157.0,-156.5,-157.0,-156.0,-157.0,-157.0,-154.0,-153.5,-157.0,-155.0,-157.0,-157.0,-157.0,-157.0,-155.0,-150.5,-149.0,-157.0,-155.5,-155.5,-153.0,-156.0,-152.0,-155.0,-157.0,-157.0,-157.0,-157.0,-157.0,-152.5,-152.0,-155.0,-155.5,-154.0,-152.0,-152.0,-153.5,-155.5,-153.5,-155.0,-152.0,-157.0,-157.0,-157.0,-157.0,-157.0,-157.0,-156.5,-154.5,-152.5,-157.0,-156.0,-154.5,-157.0,-156.5,-157.0,-157.0,-157.0,-148.5,-149.0,-157.0,-157.0,-157.0,-153.5,-155.5,-157.0,-156.0,-153.5,-156.0,-154.0,-151.5,-155.0,-157.0,-157.0,-152.0,-154.0,-157.0,-155.0,-156.5,-157.0,-154.5,-155.0,-155.0,-154.5,-157.0,-157.0,-157.0,-157.0,-155.0,-148.5,-150.5,-154.0,-152.0,-157.0,-157.0,-154.0,-156.5,-157.0,-157.0,-157.0,-157.0,-157.0,-152.0,-157.0,-157.0,-155.0,-155.5,-152.0,-154.0,-156.0,-157.0,-157.0,-157.0,-156.0,-154.0,-152.5,-155.0,-157.0,-153.5,-157.0,-153.5,-154.0,-150.5,-154.5,-157.0,-157.0,-156.0,-157.0,-157.0,-157.0,-153.0,-156.0,-157.0,-157.0,-157.0,-153.0,-153.0,-154.5,-154.0,-157.0,-156.5,-157.0,-157.0,-157.0,-157.0,-155.0,-157.0,-157.0,-157.0,-157.0,-157.0,-157.0,-154.0,-157.0,-157.0,-154.0,-150.5,-152.5,-156.5,-154.0,-157.0,-157.0,-157.0,-153.5,-156.0,-157.0,-153.5,-152.0,-156.5,-151.0,-150.5,-153.5,-157.0,-155.0,-155.0,-154.0,-157.0,-154.0,-146.5,-147.0,-154.5,-157.0,-157.0,-153.5,-151.0,-157.0,-152.0,-152.5,-155.0,-157.0,-154.0,-152.5,-156.5,-156.5,-154.5,-157.0,-152.5,-152.5,-153.5,-157.0,-157.0,-156.5,-153.5,-156.0,-156.0,-154.0,-157.0,-155.0,-157.0,-157.0,-157.0,-157.0,-152.0,-155.0,-157.0,-152.0,-149.0,-155.0,-154.5,-157.0,-150.5,-151.0,-157.0,-157.0,-157.0,-157.0,-156.5,-157.0,-157.0,-157.0,-157.0,-157.0,-157.0,-156.5,-157.0,-157.0,-157.0,-157.0,-157.0,-157.0,-157.0,-155.5,-157.0,-152.5,-157.0,-157.0,-157.0,-157.0,-157.0,-151.5,-156.0,-157.0,-157.0,-157.0,-157.0,-157.0,-152.5,-152.0,-157.0,-156.5,-155.0,-157.0,-157.0,-157.0,-156.5,-157.0,-156.0,-156.0,-157.0,-157.0,-150.0,-150.0,-153.5,-151.5,-152.5,-155.0,-157.0,-157.0,-152.5,-150.0,-155.5,-157.0,-154.5,-150.0,-153.0,-152.5,-157.0,-157.0,-153.0,-150.0,-152.5,-157.0,-157.0,-155.5,-157.0,-155.5,-157.0,-157.0,-156.0,-157.0,-157.0,-154.5,-154.0,-157.0,-157.0,-156.5,-154.0,-155.5,-157.0,-157.0,-152.0,-151.5,-153.5,-157.0,-151.5,-155.5,-152.5,-155.0,-157.0,-153.5,-154.0,-155.0,-157.0,-155.0,-152.5,-157.0,-154.0,-155.0,-157.0,-157.0,-157.0,-155.5,-157.0,-153.0,-155.0,-157.0,-156.5,-152.5,-157.0,-156.0,-157.0,-157.0,-156.0,-156.0,-155.0,-150.5,-154.0,-154.0,-153.5,-157.0,-157.0,-152.5,-152.5,-153.0,-152.0,-152.0,-157.0,-154.5,-150.5,-156.5,-157.0,-154.5,-154.0,-155.5,-155.5,-154.5,-157.0,-155.0,-155.0,-156.0,-157.0,-157.0,-157.0,-157.0,-157.0,-157.0,-154.5,-153.0,-151.0,-157.0,-157.0,-157.0,-157.0,-157.0,-157.0,-155.0,-157.0,-157.0,-157.0,-157.0,-157.0,-157.0,-157.0,-152.0,-154.5,-152.5
2026-01-17 13:48:27.406,143.049967,5,-77,-157.0,-157.0,-157.0,-157.0,-157.0,-157.0,-154.5,-157.0,-151.0,-152.0,-154.5,-157.0,-154.0,-155.0,-152.0,-156.0,-157.0,-157.0,-157.0,-157.0,-157.0,-157.0,-157.0,-157.0,-157.0,-157.0,-154.5,-153.5,-157.0,-157.0,-153.0,-157.0,-154.5,-155.5,-157.0,-157.0,-157.0,-157.0,-157.0,-157.0,-157.0,-157.0,-157.0,-150.5,-149.5,-152.0,-157.0,-149.5,-149.0,-155.5,-157.0,-156.5,-147.5,-150.0,-154.5,-152.0,-157.0,-157.0,-157.0,-152.5,-151.5,-157.0,-157.0,-157.0,-154.5,-155.0,-154.0,-157.0,-156.0,-157.0,-157.0,-152.5,-152.5,-151.5,-154.5,-157.0,-157.0,-157.0,-153.5,-156.5,-155.5,-156.5,-157.0,-153.0,-153.0,-153.5,-153.5,-154.5,-157.0,-157.0,-157.0,-157.0,-157.0,-153.5,-150.0,-151.0,-154.5,-155.0,-156.0,-155.5,-155.5,-151.5,-153.0,-155.0,-157.0,-157.0,-157.0,-157.0,-157.0,-156.0,-157.0,-150.5,-150.5,-155.0,-154.0,-152.0,-157.0,-156.5,-157.0,-153.5,-156.0,-157.0,-157.0,-157.0,-157.0,-156.5,-157.0,-153.0,-154.5,-157.0,-157.0,-157.0,-155.5,-157.0,-157.0,-157.0,-157.0,-151.0,-150.0,-157.0,-157.0,-157.0,-151.0,-155.5,-157.0,-157.0,-156.0,-157.0,-156.5,-153.5,-157.0,-157.0,-157.0,-157.0,-157.0,-156.0,-155.0,-157.0,-157.0,-155.0,-154.0,-154.5,-155.5,-157.0,-157.0,-155.0,-156.5,-157.0,-151.5,-156.0,-157.0,-154.0,-157.0,-156.0,-156.5,-155.0,-157.0,-157.0,-157.0,-156.5,-157.0,-152.0,-157.0,-157.0,-156.0,-154.0,-151.0,-157.0,-156.0,-157.0,-157.0,-157.0,-151.5,-151.5,-152.5,-157.0,-154.5,-154.5,-157.0,-156.0,-157.0,-152.0,-151.0,-157.0,-157.0,-157.0,-155.0,-154.5,-157.0,-154.0,-156.0,-157.0,-157.0,-154.5,-154.0,-153.0,-157.0,-152.0,-151.5,-152.5,-157.0,-157.0,-157.0,-157.0,-153.5,-156.5,-157.0,-157.0,-157.0,-157.0,-157.0,-153.5,-156.0,-157.0,-157.0,-152.5,-156.5,-155.0,-152.0,-157.0,-157.0,-151.0,-151.0,-156.5,-157.0,-156.5,-155.0,-157.0,-151.0,-152.0,-156.0,-154.5,-152.5,-157.0,-157.0,-157.0,-151.5,-148.0,-157.0,-157.0,-156.0,-156.5,-153.5,-151.0,-153.5,-155.5,-157.0,-157.0,-157.0,-150.5,-149.5,-153.0,-156.5,-157.0,-155.5,-156.0,-151.5,-157.0,-155.5,-153.5,-153.5,-156.0,-156.0,-157.0,-154.0,-157.0,-153.0,-157.0,-153.5,-153.5,-154.0,-155.5,-157.0,-156.5,-155.0,-149.0,-157.0,-154.0,-157.0,-156.5,-155.0,-157.0,-157.0,-157.0,-157.0,-155.0,-154.5,-157.0,-157.0,-157.0,-157.0,-157.0,-153.0,-157.0,-156.0,-156.0,-157.0,-157.0,-156.5,-157.0,-153.5,-153.5,-155.0,-157.0,-157.0,-157.0,-157.0,-157.0,-151.5,-157.0,-157.0,-157.0,-157.0,-157.0,-157.0,-156.0,-153.0,-157.0,-157.0,-157.0,-157.0,-157.0,-156.5,-155.5,-154.0,-157.0,-157.0,-152.5,-154.5,-151.0,-151.5,-155.5,-157.0,-152.5,-152.0,-157.0,-157.0,-156.5,-156.5,-156.5,-157.0,-153.0,-153.0,-151.5,-157.0,-155.0,-155.0,-153.5,-153.5,-157.0,-157.0,-157.0,-157.0,-152.5,-152.0,-155.0,-157.0,-156.0,-157.0,-157.0,-157.0,-152.0,-157.0,-157.0,-157.0,-156.0,-157.0,-157.0,-157.0,-155.0,-157.0,-155.0,-155.0,-151.5,-155.0,-153.0,-157.0,-157.0,-153.0,-152.5,-157.0,-157.0,-157.0,-157.0,-157.0,-154.0,-153.5,-157.0,-157.0,-152.0,-150.5,-154.0,-152.5,-157.0,-157.0,-157.0,-157.0,-157.0,-154.5,-155.0,-155.0,-153.5,-154.5,-154.0,-153.5,-156.5,-153.5,-153.0,-157.0,-157.0,-151.0,-152.5,-154.0,-154.5,-154.5,-157.0,-154.5,-153.0,-157.0,-157.0,-157.0,-155.0,-153.0,-154.5,-151.0,-157.0,-156.0,-156.0,-155.5,-157.0,-157.0,-156.5,-157.0,-157.0,-157.0,-157.0,-153.5,-152.0,-156.5,-156.0,-156.5,-156.5,-157.0,-156.0,-156.0,-155.5,-155.0,-157.0,-156.0,-155.5,-157.0,-156.5,-155.0,-157.0,-153.5
2026-01-17 13:48:27.441,143.049967,5,-77,-157.0,-157.0,-157.0,-157.0,-151.5,-153.0,-154.5,-157.0,-155.0,-153.0,-152.5,-152.0,-154.0,-157.0,-154.0,-157.0,-157.0,-157.0,-157.0,-156.0,-152.0,-153.0,-157.0,-155.5,-157.0,-157.0,-156.0,-157.0,-157.0,-157.0,-154.0,-156.0,-156.5,-155.5,-157.0,-157.0,-154.0,-157.0,-157.0,-157.0,-157.0,-157.0,-156.0,-151.5,-149.0,-151.5,-153.0,-153.0,-152.0,-157.0,-156.5,-156.5,-151.5,-150.5,-157.0,-154.0,-154.5,-157.0,-157.0,-154.5,-156.0,-157.0,-155.5,-154.0,-154.5,-155.5,-155.5,-155.0,-157.0,-156.0,-153.0,-152.0,-157.0,-148.5,-149.0,-156.0,-157.0,-157.0,-155.5,-157.0,-157.0,-157.0,-157.0,-152.0,-155.5,-154.0,-157.0,-157.0,-157.0,-157.0,-157.0,-156.0,-157.0,-153.5,-153.5,-157.0,-155.0,-152.5,-155.0,-156.0,-157.0,-157.0,-157.0,-156.5,-157.0,-155.0,-155.5,-155.5,-155.0,-155.0,-155.0,-152.0,-150.0,-151.0,-155.5,-155.5,-157.0,-157.0,-157.0,-156.5,-157.0,-157.0,-157.0,-156.0,-156.0,-155.0,-157.0,-153.5,-155.0,-155.5,-157.0,-157.0,-157.0,-157.0,-156.0,-154.5,-156.5,-157.0,-154.0,-157.0,-157.0,-152.0,-151.5,-157.0,-157.0,-155.5,-155.5,-157.0,-157.0,-157.0,-157.0,-157.0,-157.0,-157.0,-157.0,-154.0,-154.0,-157.0,-157.0,-157.0,-155.0,-153.5,-155.5,-153.0,-157.0,-157.0,-156.5,-157.0,-153.0,-155.5,-157.0,-157.0,-153.5,-153.5,-157.0,-152.5,-157.0,-157.0,-157.0,-157.0,-157.0,-155.5,-157.0,-157.0,-156.0,-154.0,-150.0,-152.5,-156.0,-153.5,-157.0,-157.0,-154.5,-152.0,-151.0,-157.0,-151.0,-149.5,-153.0,-157.0,-153.5,-153.5,-151.0,-157.0,-154.0,-156.0,-157.0,-156.5,-157.0,-151.0,-152.0,-156.5,-157.0,-153.5,-154.0,-154.0,-157.0,-153.0,-155.0,-155.0,-153.5,-157.0,-154.0,-153.5,-151.5,-153.0,-157.0,-157.0,-157.0,-157.0,-157.0,-155.0,-156.5,-157.0,-156.5,-152.5,-157.0,-155.5,-154.5,-157.0,-157.0,-151.0,-151.5,-157.0,-157.0,-156.0,-157.0,-157.0,-154.0,-157.0,-154.5,-155.0,-156.0,-155.0,-157.0,-157.0,-151.0,-145.0,-151.5,-154.5,-152.5,-154.0,-154.5,-157.0,-150.0,-152.0,-157.0,-157.0,-153.0,-150.0,-149.0,-150.5,-157.0,-157.0,-156.0,-154.0,-151.0,-157.0,-156.0,-155.0,-155.0,-156.5,-157.0,-155.0,-153.0,-157.0,-153.5,-154.5,-151.5,-150.5,-152.5,-157.0,-156.5,-157.0,-152.5,-150.5,-157.0,-154.0,-157.0,-157.0,-157.0,-157.0,-157.0,-157.0,-156.5,-153.5,-152.5,-154.0,-157.0,-157.0,-157.0,-157.0,-153.5,-157.0,-157.0,-157.0,-152.5,-153.0,-157.0,-152.5,-148.0,-148.5,-156.5,-157.0,-155.5,-154.5,-157.0,-157.0,-153.5,-156.5,-156.5,-156.0,-157.0,-156.5,-157.0,-157.0,-155.5,-153.5,-157.0,-157.0,-157.0,-157.0,-157.0,-157.0,-156.5,-154.5,-154.5,-151.5,-151.0,-157.0,-157.0,-157.0,-155.5,-150.5,-150.0,-157.0,-157.0,-154.0,-156.5,-156.5,-157.0,-155.5,-157.0,-151.0,-156.5,-157.0,-151.5,-153.5,-153.5,-155.5,-157.0,-156.5,-156.0,-151.0,-150.0,-150.0,-156.0,-156.0,-155.0,-150.5,-150.0,-149.0,-155.5,-154.5,-157.0,-157.0,-157.0,-157.0,-157.0,-157.0,-157.0,-157.0,-157.0,-153.0,-151.0,-153.0,-157.0,-154.5,-156.0,-155.5,-157.0,-156.5,-156.5,-157.0,-157.0,-156.0,-151.0,-157.0,-157.0,-155.0,-150.5,-152.0,-156.0,-156.5,-156.5,-157.0,-157.0,-153.0,-155.5,-154.5,-157.0,-154.0,-153.5,-156.5,-157.0,-157.0,-156.0,-157.0,-157.0,-157.0,-151.5,-152.5,-156.5,-157.0,-157.0,-157.0,-155.5,-155.5,-157.0,-155.5,-157.0,-157.0,-152.0,-152.0,-152.5,-157.0,-157.0,-153.5,-154.5,-154.0,-157.0,-155.5,-157.0,-157.0,-157.0,-157.0,-153.0,-152.5,-157.0,-157.0,-157.0,-155.0,-157.0,-156.0,-157.0,-155.5,-157.0,-157.0,-154.5,-153.0,-157.0,-154.0,-157.0,-157.0,-157.0
2026-01-17 13:48:27.468,143.049967,5,-77,-157.0,-157.0,-154.0,-151.5,-150.0,-154.0,-155.0,-155.5,-153.5,-157.0,-157.0,-151.0,-152.5,-156.5,-157.0,-157.0,-157.0,-155.5,-153.5,-156.5,-152.0,-153.5,-153.0,-153.0,-154.5,-157.0,-157.0,-157.0,-157.0,-157.0,-157.0,-157.0,-154.5,-157.0,-154.0,-152.0,-150.5,-154.5,-157.0,-157.0,-157.0,-157.0,-157.0,-157.0,-152.5,-152.0,-153.0,-152.5,-157.0,-157.0,-151.5,-151.5,-153.0,-152.5,-157.0,-157.0,-155.5,-157.0,-156.0,-155.5,-157.0,-157.0,-157.0,-154.5,-157.0,-157.0,-157.0,-157.0,-157.0,-157.0,-156.5,-153.5,-157.0,-149.0,-149.5,-154.0,-155.0,-157.0,-157.0,-157.0,-157.0,-157.0,-151.5,-152.5,-157.0,-154.5,-157.0,-157.0,-157.0,-157.0,-157.0,-153.5,-153.5,-152.5,-156.5,-156.0,-157.0,-155.5,-152.5,-155.5,-157.0,-157.0,-157.0,-156.0,-153.5,-150.0,-150.5,-154.5,-155.5,-153.0,-154.5,-157.0,-154.0,-153.5,-157.0,-157.0,-157.0,-157.0,-156.0,-155.5,-157.0,-157.0,-157.0,-156.0,-153.0,-152.0,-154.5,-154.0,-151.0,-152.0,-154.5,-157.0,-157.0,-152.0,-151.0,-150.0,-154.5,-157.0,-155.0,-157.0,-154.5,-152.5,-157.0,-157.0,-155.0,-153.0,-157.0,-157.0,-157.0,-157.0,-157.0,-157.0,-157.0,-156.5,-157.0,-157.0,-153.5,-157.0,-157.0,-157.0,-154.0,-151.5,-154.5,-154.0,-157.0,-157.0,-154.5,-153.5,-154.5,-153.5,-157.0,-157.0,-151.0,-151.0,-157.0,-153.5,-157.0,-157.0,-157.0,-157.0,-157.0,-154.0,-156.5,-157.0,-154.5,-157.0,-154.0,-153.5,-156.0,-153.0,-157.0,-155.5,-157.0,-156.0,-151.5,-157.0,-149.5,-148.0,-155.5,-157.0,-154.0,-153.5,-151.5,-157.0,-152.0,-151.5,-157.0,-157.0,-151.5,-150.0,-157.0,-157.0,-157.0,-156.0,-157.0,-157.0,-156.0,-152.0,-155.0,-157.0,-152.0,-157.0,-156.0,-157.0,-155.5,-153.5,-157.0,-157.0,-157.0,-157.0,-156.5,-157.0,-152.0,-153.0,-152.0,-148.5,-151.5,-157.0,-157.0,-157.0,-157.0,-155.5,-153.0,-153.0,-152.0,-153.5,-156.0,-152.0,-154.0,-157.0,-154.5,-157.0,-157.0,-156.5,-157.0,-157.0,-157.0,-145.5,-150.0,-154.0,-155.5,-152.5,-154.0,-153.5,-148.0,-149.0,-157.0,-155.5,-156.5,-150.0,-152.0,-152.0,-156.5,-157.0,-157.0,-151.5,-153.5,-157.0,-157.0,-154.0,-155.0,-157.0,-157.0,-150.5,-152.0,-157.0,-157.0,-157.0,-152.5,-149.0,-152.0,-157.0,-151.5,-150.0,-149.5,-155.0,-155.5,-154.0,-157.0,-157.0,-157.0,-157.0,-157.0,-157.0,-154.0,-155.0,-156.5,-153.0,-155.5,-154.5,-153.5,-153.0,-154.5,-157.0,-157.0,-154.0,-155.0,-151.5,-157.0,-151.5,-148.5,-151.5,-157.0,-157.0,-153.5,-153.0,-157.0,-157.0,-157.0,-157.0,-156.0,-157.0,-157.0,-157.0,-157.0,-157.0,-157.0,-152.5,-156.0,-157.0,-157.0,-157.0,-156.0,-155.0,-157.0,-153.0,-152.5,-153.0,-151.0,-157.0,-156.5,-157.0,-154.5,-153.0,-155.5,-157.0,-157.0,-154.0,-154.5,-157.0,-157.0,-155.5,-150.5,-148.5,-156.0,-157.0,-154.0,-155.0,-154.0,-155.0,-157.0,-151.0,-150.5,-151.0,-151.0,-151.5,-157.0,-156.5,-157.0,-151.5,-148.5,-149.5,-157.0,-154.0,-154.0,-156.5,-157.0,-157.0,-157.0,-157.0,-157.0,-156.0,-157.0,-157.0,-156.0,-154.5,-151.5,-151.0,-157.0,-157.0,-157.0,-152.5,-154.5,-157.0,-157.0,-156.5,-151.5,-152.5,-157.0,-155.0,-155.0,-157.0,-157.0,-157.0,-152.5,-154.0,-157.0,-153.5,-155.0,-154.0,-157.0,-156.0,-157.0,-157.0,-157.0,-156.5,-157.0,-157.0,-157.0,-156.5,-155.5,-157.0,-154.0,-155.0,-157.0,-157.0,-157.0,-153.0,-155.5,-152.5,-154.0,-157.0,-150.5,-150.0,-157.0,-157.0,-157.0,-152.5,-154.5,-151.5,-155.5,-155.0,-157.0,-157.0,-155.5,-157.0,-156.5,-156.0,-157.0,-157.0,-155.5,-154.5,-157.0,-157.0,-153.0,-153.5,-157.0,-155.5,-157.0,-153.5,-154.5,-151.5,-155.5,-157.0,-157.0
2026-01-17 13:48:27.506,143.049967,5,-77,-157.0,-157.0,-156.0,-155.5,-152.0,-157.0,-154.0,-153.0,-153.5,-153.0,-157.0,-155.5,-152.0,-151.5,-157.0,-157.0,-156.5,-151.5,-152.0,-154.5,-151.5,-155.5,-152.0,-154.0,-155.5,-156.5,-156.0,-157.0,-157.0,-157.0,-157.0,-157.0,-155.5,-157.0,-154.0,-151.5,-151.5,-151.5,-156.5,-157.0,-157.0,-157.0,-157.0,-157.0,-157.0,-153.0,-152.5,-150.5,-157.0,-154.5,-154.0,-153.5,-154.0,-156.0,-154.5,-157.0,-156.0,-157.0,-157.0,-156.0,-157.0,-157.0,-157.0,-157.0,-153.5,-155.0,-157.0,-156.5,-154.5,-157.0,-157.0,-157.0,-157.0,-150.5,-150.0,-153.0,-153.0,-157.0,-157.0,-157.0,-157.0,-157.0,-153.0,-155.5,-157.0,-154.5,-157.0,-153.5,-155.0,-156.0,-157.0,-153.0,-156.5,-153.0,-152.0,-150.5,-157.0,-155.5,-151.5,-153.5,-155.5,-157.0,-154.0,-153.5,-157.0,-154.0,-153.0,-157.0,-156.5,-155.5,-157.0,-157.0,-157.0,-157.0,-157.0,-157.0,-157.0,-157.0,-157.0,-157.0,-157.0,-157.0,-157.0,-154.5,-156.5,-155.0,-153.5,-157.0,-152.5,-152.0,-153.5,-154.5,-154.0,-150.0,-151.0,-148.5,-150.0,-155.0,-155.0,-157.0,-157.0,-154.5,-157.0,-157.0,-153.0,-151.5,-157.0,-157.0,-154.0,-157.0,-157.0,-157.0,-156.5,-155.0,-157.0,-155.0,-154.0,-157.0,-157.0,-157.0,-155.5,-153.5,-157.0,-157.0,-157.0,-157.0,-153.5,-152.0,-152.5,-154.0,-157.0,-156.5,-150.5,-151.5,-157.0,-157.0,-157.0,-157.0,-156.0,-156.5,-156.0,-154.0,-157.0,-157.0,-153.5,-153.5,-153.5,-152.5,-154.0,-155.5,-157.0,-156.0,-157.0,-157.0,-154.0,-155.5,-150.0,-151.5,-157.0,-155.0,-152.5,-157.0,-151.5,-153.0,-150.0,-150.5,-157.0,-155.0,-153.0,-151.5,-157.0,-157.0,-157.0,-157.0,-157.0,-157.0,-157.0,-153.5,-154.0,-157.0,-153.5,-156.5,-157.0,-157.0,-157.0,-153.5,-157.0,-157.0,-157.0,-157.0,-154.0,-153.0,-150.0,-153.0,-154.5,-149.0,-154.0,-155.5,-157.0,-157.0,-155.0,-156.5,-153.0,-150.5,-152.5,-152.5,-157.0,-153.0,-154.0,-157.0,-157.0,-157.0,-155.5,-157.0,-157.0,-157.0,-157.0,-148.0,-157.0,-157.0,-157.0,-154.5,-154.0,-154.5,-151.0,-150.0,-157.0,-156.0,-152.0,-148.5,-153.5,-153.0,-157.0,-157.0,-157.0,-153.0,-157.0,-157.0,-157.0,-152.5,-153.0,-157.0,-157.0,-152.5,-157.0,-157.0,-157.0,-157.0,-157.0,-152.0,-154.0,-154.0,-153.0,-149.0,-149.0,-157.0,-157.0,-154.0,-155.5,-155.5,-156.0,-154.5,-154.5,-153.5,-154.0,-157.0,-157.0,-152.0,-155.0,-156.0,-151.5,-150.0,-156.0,-157.0,-157.0,-152.5,-154.0,-153.0,-155.0,-156.5,-155.0,-157.0,-157.0,-157.0,-157.0,-157.0,-157.0,-157.0,-157.0,-157.0,-157.0,-157.0,-157.0,-156.5,-157.0,-157.0,-157.0,-150.5,-154.5,-154.0,-154.5,-157.0,-153.0,-154.0,-155.5,-152.5,-157.0,-150.0,-149.5,-156.5,-153.0,-153.0,-153.5,-157.0,-157.0,-157.0,-157.0,-157.0,-157.0,-155.5,-154.5,-156.0,-151.5,-151.0,-154.0,-157.0,-157.0,-157.0,-157.0,-157.0,-154.0,-152.0,-155.5,-156.5,-151.0,-151.5,-157.0,-157.0,-157.0,-155.0,-154.0,-155.5,-157.0,-157.0,-157.0,-154.5,-156.0,-155.0,-155.5,-157.0,-152.0,-150.5,-156.5,-157.0,-157.0,-153.5,-150.0,-150.0,-155.0,-157.0,-156.0,-155.5,-157.0,-157.0,-157.0,-157.0,-157.0,-154.0,-157.0,-154.0,-156.5,-157.0,-156.0,-157.0,-151.0,-152.5,-157.0,-156.5,-153.5,-152.5,-157.0,-157.0,-157.0,-157.0,-157.0,-157.0,-157.0,-157.0,-157.0,-157.0,-157.0,-157.0,-152.5,-157.0,-157.0,-157.0,-152.5,-151.5,-157.0,-152.5,-153.0,-157.0,-153.5,-152.5,-154.5,-157.0,-152.5,-150.5,-153.5,-155.0,-157.0,-153.0,-156.0,-157.0,-154.0,-157.0,-157.0,-156.0,-154.5,-157.0,-155.0,-152.0,-152.0,-154.5,-155.0,-157.0,-157.0,-157.0,-154.0,-154.0,-157.0,-154.5,-157.0,-156.5,-156.5
2026-01-17 13:48:27.535,143.049967,5,-77,-157.0,-157.0,-157.0,-155.0,-152.0,-157.0,-154.0,-156.5,-156.0,-152.5,-156.5,-157.0,-155.0,-151.0,-157.0,-157.0,-157.0,-153.5,-154.5,-155.5,-153.0,-154.5,-155.5,-157.0,-155.5,-154.5,-151.5,-157.0,-157.0,-157.0,-157.0,-157.0,-157.0,-155.0,-154.5,-156.5,-157.0,-153.0,-157.0,-157.0,-155.5,-157.0,-157.0,-157.0,-155.5,-152.0,-157.0,-151.0,-154.0,-153.5,-157.0,-153.5,-153.0,-157.0,-156.5,-157.0,-153.5,-152.5,-157.0,-155.0,-156.5,-157.0,-157.0,-156.5,-149.5,-149.5,-157.0,-154.0,-151.0,-157.0,-154.0,-157.0,-157.0,-152.0,-152.0,-155.0,-156.5,-156.5,-157.0,-157.0,-157.0,-157.0,-156.5,-157.0,-157.0,-152.5,-153.0,-152.5,-152.5,-155.0,-157.0,-152.0,-153.0,-152.5,-151.5,-151.0,-154.5,-155.5,-153.5,-151.5,-157.0,-157.0,-153.0,-151.0,-157.0,-157.0,-157.0,-152.5,-153.0,-157.0,-157.0,-155.0,-157.0,-157.0,-157.0,-157.0,-155.5,-155.0,-157.0,-157.0,-157.0,-157.0,-157.0,-153.0,-157.0,-157.0,-157.0,-157.0,-157.0,-151.5,-154.0,-153.0,-151.0,-150.5,-150.0,-150.5,-151.5,-154.0,-157.0,-156.0,-157.0,-156.0,-157.0,-156.0,-154.0,-153.0,-157.0,-154.0,-152.0,-157.0,-157.0,-155.5,-153.0,-157.0,-153.5,-152.5,-154.0,-157.0,-157.0,-157.0,-157.0,-157.0,-157.0,-157.0,-157.0,-157.0,-154.0,-154.0,-152.0,-156.0,-152.5,-155.5,-150.5,-150.5,-157.0,-157.0,-157.0,-157.0,-157.0,-157.0,-155.0,-157.0,-152.5,-152.0,-154.0,-155.0,-154.0,-157.0,-155.5,-157.0,-155.5,-157.0,-157.0,-157.0,-153.5,-157.0,-154.0,-154.5,-157.0,-157.0,-153.0,-153.0,-150.0,-147.5,-149.5,-152.5,-157.0,-155.0,-153.5,-154.0,-157.0,-157.0,-157.0,-157.0,-154.5,-155.0,-155.5,-157.0,-157.0,-157.0,-155.0,-156.5,-155.5,-154.0,-157.0,-154.0,-157.0,-157.0,-157.0,-157.0,-156.5,-153.0,-151.0,-157.0,-157.0,-150.5,-153.0,-157.0,-157.0,-157.0,-152.5,-157.0,-156.0,-153.5,-157.0,-153.0,-156.0,-157.0,-157.0,-157.0,-157.0,-156.5,-153.5,-157.0,-157.0,-157.0,-154.0,-148.5,-152.5,-155.0,-157.0,-157.0,-155.5,-150.5,-157.0,-153.0,-155.5,-157.0,-152.0,-149.0,-157.0,-151.5,-152.0,-157.0,-157.0,-154.0,-155.5,-157.0,-157.0,-157.0,-155.5,-157.0,-157.0,-157.0,-157.0,-157.0,-157.0,-157.0,-157.0,-152.5,-152.5,-154.0,-155.0,-154.5,-151.0,-157.0,-157.0,-157.0,-154.5,-155.5,-154.0,-154.5,-150.5,-157.0,-157.0,-157.0,-154.0,-151.0,-157.0,-157.0,-156.5,-152.0,-155.5,-157.0,-157.0,-153.0,-153.0,-157.0,-157.0,-157.0,-157.0,-157.0,-157.0,-157.0,-157.0,-157.0,-157.0,-157.0,-157.0,-157.0,-157.0,-157.0,-157.0,-154.0,-156.0,-157.0,-157.0,-153.0,-154.5,-155.5,-155.5,-157.0,-155.0,-155.0,-156.0,-152.5,-155.5,-154.0,-152.5,-154.0,-155.5,-155.0,-155.0,-157.0,-157.0,-157.0,-156.0,-155.5,-157.0,-151.5,-150.0,-154.0,-157.0,-157.0,-156.0,-157.0,-157.0,-157.0,-156.5,-157.0,-157.0,-157.0,-157.0,-157.0,-153.0,-154.5,-157.0,-157.0,-157.0,-155.5,-153.5,-156.0,-156.0,-157.0,-154.5,-152.5,-151.5,-154.0,-155.5,-157.0,-153.5,-151.5,-157.0,-157.0,-152.0,-151.5,-149.5,-150.5,-152.0,-154.5,-156.5,-157.0,-157.0,-157.0,-156.5,-157.0,-157.0,-157.0,-157.0,-157.0,-157.0,-156.5,-156.0,-156.0,-155.0,-154.5,-157.0,-157.0,-151.5,-151.5,-157.0,-156.5,-153.5,-157.0,-157.0,-156.0,-157.0,-157.0,-157.0,-157.0,-157.0,-157.0,-154.0,-157.0,-157.0,-153.5,-151.5,-155.0,-157.0,-157.0,-157.0,-157.0,-155.0,-152.5,-152.0,-157.0,-154.5,-152.0,-150.0,-157.0,-156.5,-153.0,-152.5,-157.0,-154.5,-157.0,-154.5,-157.0,-156.0,-155.5,-157.0,-152.0,-153.5,-153.0,-157.0,-157.0,-157.0,-157.0,-154.0,-157.0,-157.0,-156.0,-157.0,-156.5,-154.5
2026-01-17 13:48:27.567,143.049967,5,-77,-157.0,-157.0,-151.5,-150.0,-151.0,-157.0,-157.0,-157.0,-154.5,-152.5,-157.0,-157.0,-155.5,-154.0,-157.0,-157.0,-157.0,-157.0,-157.0,-156.5,-157.0,-156.0,-155.0,-154.5,-154.0,-157.0,-153.0,-157.0,-157.0,-157.0,-157.0,-157.0,-157.0,-155.0,-154.5,-157.0,-155.0,-152.0,-157.0,-157.0,-155.0,-153.5,-156.0,-157.0,-152.0,-150.0,-155.5,-153.5,-157.0,-155.5,-157.0,-156.5,-154.0,-157.0,-157.0,-157.0,-153.0,-151.0,-157.0,-157.0,-157.0,-157.0,-156.0,-156.0,-149.5,-149.0,-156.0,-156.0,-151.0,-155.5,-152.5,-157.0,-157.0,-153.5,-157.0,-153.0,-152.5,-157.0,-157.0,-157.0,-156.0,-157.0,-154.5,-154.5,-157.0,-154.5,-157.0,-154.5,-154.0,-152.5,-156.0,-153.5,-155.0,-152.0,-153.0,-157.0,-157.0,-155.0,-154.5,-152.5,-156.5,-155.5,-156.0,-149.5,-151.5,-152.5,-157.0,-151.5,-152.5,-157.0,-157.0,-153.5,-151.5,-157.0,-157.0,-157.0,-153.5,-154.5,-157.0,-157.0,-157.0,-157.0,-157.0,-154.5,-157.0,-157.0,-157.0,-157.0,-156.0,-152.0,-154.5,-157.0,-152.5,-153.0,-151.0,-155.0,-153.5,-151.5,-154.0,-151.5,-157.0,-157.0,-157.0,-157.0,-157.0,-157.0,-157.0,-156.5,-157.0,-157.0,-157.0,-157.0,-152.0,-150.5,-151.0,-155.0,-154.5,-157.0,-155.0,-156.0,-157.0,-157.0,-157.0,-155.5,-155.0,-156.5,-157.0,-153.0,-151.5,-156.5,-154.0,-157.0,-150.0,-150.0,-155.5,-153.5,-157.0,-157.0,-157.0,-157.0,-154.0,-157.0,-151.0,-150.5,-154.5,-157.0,-157.0,-157.0,-155.5,-156.0,-157.0,-157.0,-157.0,-157.0,-154.0,-156.0,-157.0,-155.0,-157.0,-157.0,-157.0,-154.5,-155.5,-150.5,-156.5,-156.0,-156.0,-154.5,-151.5,-154.5,-157.0,-155.5,-156.0,-154.0,-150.5,-154.5,-156.5,-157.0,-157.0,-157.0,-153.0,-155.0,-154.5,-151.0,-157.0,-156.5,-157.0,-156.5,-157.0,-157.0,-157.0,-157.0,-156.5,-157.0,-157.0,-154.0,-151.5,-157.0,-156.5,-154.0,-151.5,-154.0,-157.0,-155.5,-157.0,-157.0,-155.5,-157.0,-157.0,-157.0,-157.0,-156.0,-157.0,-157.0,-157.0,-157.0,-148.0,-146.5,-149.0,-154.5,-155.0,-157.0,-154.5,-148.5,-154.0,-154.5,-153.0,-155.5,-157.0,-152.0,-156.0,-150.5,-149.0,-157.0,-156.0,-153.5,-151.0,-155.5,-157.0,-157.0,-155.0,-157.0,-157.0,-157.0,-157.0,-157.0,-157.0,-156.5,-153.5,-152.5,-153.5,-153.0,-151.0,-152.0,-156.5,-157.0,-157.0,-157.0,-156.0,-157.0,-152.5,-152.5,-150.5,-157.0,-156.5,-153.0,-151.0,-152.5,-156.5,-155.0,-157.0,-157.0,-157.0,-155.0,-154.0,-154.0,-157.0,-154.0,-156.5,-157.0,-154.5,-155.5,-157.0,-157.0,-157.0,-157.0,-157.0,-157.0,-157.0,-156.5,-157.0,-157.0,-155.5,-156.5,-156.5,-157.0,-154.0,-157.0,-156.5,-157.0,-157.0,-157.0,-157.0,-155.5,-157.0,-154.0,-156.5,-157.0,-157.0,-156.0,-157.0,-157.0,-157.0,-157.0,-156.5,-154.0,-153.5,-157.0,-156.5,-154.5,-153.0,-155.0,-156.5,-157.0,-157.0,-157.0,-157.0,-155.5,-152.5,-155.5,-157.0,-157.0,-153.5,-155.0,-155.0,-156.0,-155.5,-157.0,-153.0,-152.5,-151.5,-155.0,-156.5,-154.5,-153.5,-154.0,-153.5,-154.5,-151.0,-152.0,-157.0,-156.5,-157.0,-155.5,-153.0,-152.0,-149.0,-154.0,-154.0,-157.0,-157.0,-155.0,-154.5,-157.0,-154.5,-157.0,-157.0,-157.0,-156.0,-157.0,-157.0,-157.0,-155.5,-154.0,-154.0,-154.5,-156.0,-155.5,-156.0,-156.0,-157.0,-153.0,-151.5,-157.0,-157.0,-151.5,-155.5,-157.0,-154.5,-153.5,-157.0,-157.0,-154.5,-156.0,-155.0,-151.0,-154.5,-157.0,-157.0,-157.0,-157.0,-157.0,-155.5,-155.0,-152.0,-156.0,-153.5,-157.0,-152.0,-153.0,-157.0,-156.5,-151.5,-153.5,-155.0,-157.0,-154.0,-157.0,-157.0,-154.0,-157.0,-153.5,-154.0,-153.5,-157.0,-157.0,-157.0,-157.0,-155.5,-157.0,-157.0,-154.0,-156.5,-157.0,-154.5
2026-01-17 13:48:27.600,143.049967,5,-77,-157.0,-157.0,-156.0,-154.0,-157.0,-157.0,-157.0,-157.0,-155.0,-152.0,-155.0,-157.0,-157.0,-157.0,-157.0,-157.0,-157.0,-157.0,-156.5,-154.0,-157.0,-156.0,-154.0,-153.0,-156.0,-157.0,-155.0,-157.0,-157.0,-157.0,-157.0,-156.0,-157.0,-157.0,-157.0,-157.0,-155.5,-152.0,-152.0,-156.5,-157.0,-153.5,-153.0,-157.0,-156.0,-152.0,-156.5,-155.5,-157.0,-157.0,-157.0,-157.0,-153.5,-152.5,-156.0,-157.0,-157.0,-154.5,-157.0,-157.0,-156.5,-157.0,-154.5,-156.5,-155.5,-153.5,-152.5,-153.0,-153.5,-153.0,-153.0,-153.5,-157.0,-151.0,-152.5,-155.0,-150.5,-157.0,-157.0,-154.5,-154.5,-153.5,-151.5,-154.5,-157.0,-155.5,-157.0,-157.0,-155.0,-152.5,-152.5,-154.0,-155.5,-154.0,-156.5,-157.0,-157.0,-153.0,-153.5,-151.5,-151.5,-155.0,-154.0,-150.5,-154.0,-153.5,-154.0,-152.5,-154.0,-156.0,-153.5,-152.5,-150.0,-154.0,-154.0,-154.5,-156.5,-155.0,-155.0,-154.5,-157.0,-157.0,-153.5,-151.0,-157.0,-157.0,-156.5,-156.0,-150.5,-151.0,-154.0,-157.0,-153.5,-154.5,-152.0,-155.0,-152.0,-150.0,-152.0,-150.0,-157.0,-157.0,-157.0,-157.0,-157.0,-157.0,-157.0,-157.0,-157.0,-157.0,-157.0,-157.0,-151.5,-149.5,-155.0,-157.0,-155.5,-150.0,-149.5,-153.5,-157.0,-157.0,-157.0,-157.0,-157.0,-154.5,-155.0,-157.0,-152.0,-157.0,-157.0,-156.0,-153.0,-153.0,-157.0,-153.5,-157.0,-157.0,-157.0,-157.0,-153.5,-155.0,-156.0,-157.0,-155.5,-154.5,-154.0,-157.0,-155.0,-154.5,-157.0,-157.0,-154.0,-150.5,-154.0,-157.0,-157.0,-153.5,-157.0,-157.0,-157.0,-156.0,-157.0,-155.5,-157.0,-157.0,-152.5,-153.5,-153.0,-157.0,-154.5,-157.0,-153.0,-152.5,-149.5,-150.0,-155.0,-156.0,-157.0,-154.5,-154.0,-157.0,-155.5,-150.5,-153.0,-154.5,-157.0,-156.0,-157.0,-157.0,-157.0,-157.0,-157.0,-157.0,-155.0,-156.5,-156.5,-156.0,-154.5,-157.0,-155.5,-157.0,-154.5,-153.0,-157.0,-157.0,-156.0,-157.0,-157.0,-157.0,-157.0,-154.5,-157.0,-155.5,-155.5,-152.5,-146.0,-147.0,-149.5,-150.0,-151.0,-157.0,-151.5,-151.0,-152.0,-153.5,-153.5,-155.0,-157.0,-157.0,-157.0,-156.5,-150.5,-156.0,-156.0,-154.0,-152.0,-155.0,-157.0,-155.0,-154.5,-157.0,-152.0,-152.5,-157.0,-157.0,-156.5,-157.0,-150.0,-151.0,-157.0,-153.5,-155.0,-152.0,-155.5,-153.5,-157.0,-155.0,-157.0,-157.0,-153.0,-151.5,-150.5,-154.5,-153.0,-151.5,-152.0,-157.0,-154.5,-154.0,-155.5,-156.5,-157.0,-154.0,-154.5,-154.0,-154.0,-153.5,-155.0,-157.0,-155.5,-157.0,-156.0,-155.5,-157.0,-157.0,-157.0,-157.0,-157.0,-155.0,-154.5,-157.0,-157.0,-157.0,-157.0,-153.5,-152.5,-152.5,-156.0,-157.0,-157.0,-154.5,-154.0,-153.5,-152.5,-153.0,-157.0,-157.0,-157.0,-157.0,-157.0,-155.0,-156.0,-157.0,-157.0,-157.0,-153.5,-155.0,-156.5,-157.0,-157.0,-156.0,-155.0,-157.0,-157.0,-157.0,-157.0,-154.0,-154.5,-152.5,-157.0,-157.0,-149.5,-149.5,-154.5,-153.5,-155.5,-157.0,-153.5,-152.5,-152.0,-151.5,-157.0,-157.0,-156.0,-156.5,-157.0,-154.5,-148.5,-149.0,-157.0,-157.0,-157.0,-151.5,-153.5,-153.0,-152.5,-153.0,-155.5,-157.0,-157.0,-157.0,-157.0,-154.0,-152.0,-156.5,-155.5,-157.0,-153.0,-152.5,-156.0,-157.0,-153.5,-156.0,-152.5,-154.5,-157.0,-156.0,-157.0,-156.0,-157.0,-155.5,-151.5,-157.0,-154.0,-151.0,-152.5,-152.0,-152.5,-151.5,-156.5,-155.5,-154.5,-157.0,-150.5,-151.0,-157.0,-157.0,-154.5,-157.0,-157.0,-157.0,-157.0,-156.5,-153.5,-157.0,-155.0,-157.0,-157.0,-157.0,-156.5,-153.5,-155.5,-157.0,-157.0,-157.0,-156.5,-155.5,-157.0,-153.5,-153.5,-150.5,-150.5,-155.0,-154.5,-156.5,-157.0,-157.0,-157.0,-157.0,-157.0,-155.5,-157.0,-155.5,-157.0
2026-01-17 13:48:27.635,143.049967,5,-77,-157.0,-157.0,-157.0,-157.0,-157.0,-156.0,-156.0,-156.5,-153.0,-153.5,-154.0,-157.0,-157.0,-157.0,-157.0,-153.0,-155.0,-157.0,-154.0,-153.5,-157.0,-155.0,-156.0,-155.0,-154.5,-157.0,-155.5,-157.0,-156.5,-157.0,-157.0,-154.0,-157.0,-157.0,-157.0,-157.0,-157.0,-157.0,-154.5,-157.0,-157.0,-154.5,-155.5,-157.0,-157.0,-157.0,-157.0,-156.5,-156.0,-157.0,-157.0,-157.0,-153.5,-153.5,-155.5,-157.0,-157.0,-156.0,-157.0,-154.5,-154.5,-155.0,-156.5,-157.0,-157.0,-153.0,-155.5,-154.0,-157.0,-156.5,-151.5,-152.0,-150.5,-150.0,-151.5,-150.5,-150.5,-157.0,-155.5,-153.5,-157.0,-149.5,-151.0,-157.0,-157.0,-153.5,-157.0,-157.0,-155.5,-157.0,-156.0,-157.0,-157.0,-157.0,-157.0,-157.0,-157.0,-153.5,-151.5,-151.5,-152.0,-157.0,-153.0,-150.0,-157.0,-157.0,-156.5,-154.5,-153.5,-151.0,-149.5,-157.0,-153.0,-157.0,-157.0,-155.5,-157.0,-155.5,-155.0,-153.0,-157.0,-157.0,-153.5,-151.0,-157.0,-157.0,-157.0,-152.0,-148.5,-151.0,-155.5,-155.5,-152.5,-153.0,-150.5,-153.5,-154.5,-151.0,-156.0,-152.5,-155.0,-157.0,-157.0,-157.0,-157.0,-157.0,-156.5,-156.5,-157.0,-153.0,-155.5,-157.0,-152.0,-152.0,-157.0,-157.0,-154.0,-151.5,-150.5,-157.0,-157.0,-157.0,-157.0,-157.0,-157.0,-157.0,-153.5,-157.0,-154.5,-157.0,-157.0,-156.5,-157.0,-157.0,-157.0,-156.5,-153.5,-153.0,-157.0,-156.0,-154.0,-157.0,-157.0,-157.0,-157.0,-151.0,-150.5,-157.0,-157.0,-157.0,-157.0,-157.0,-153.5,-149.5,-151.5,-157.0,-157.0,-152.0,-154.5,-157.0,-154.5,-154.0,-153.5,-155.5,-157.0,-157.0,-151.0,-156.5,-157.0,-157.0,-156.0,-157.0,-155.0,-155.5,-154.0,-146.5,-148.5,-153.0,-157.0,-157.0,-157.0,-157.0,-157.0,-155.0,-149.5,-150.5,-157.0,-154.0,-156.0,-156.0,-155.0,-157.0,-157.0,-149.0,-148.0,-155.5,-157.0,-154.5,-151.5,-156.0,-157.0,-154.5,-154.5,-156.0,-157.0,-155.5,-153.0,-157.0,-157.0,-154.0,-155.0,-154.0,-153.0,-154.5,-156.5,-152.0,-147.5,-149.5,-156.5,-151.5,-153.5,-156.5,-155.0,-157.0,-153.5,-157.0,-153.5,-153.5,-157.0,-157.0,-157.0,-155.5,-150.0,-154.5,-157.0,-157.0,-151.0,-152.0,-157.0,-157.0,-157.0,-157.0,-153.5,-156.0,-154.5,-155.5,-157.0,-157.0,-152.5,-151.0,-157.0,-155.5,-157.0,-157.0,-151.5,-153.5,-157.0,-152.0,-155.5,-157.0,-157.0,-153.5,-151.0,-154.0,-149.0,-149.5,-156.0,-157.0,-157.0,-157.0,-157.0,-154.0,-156.0,-152.0,-153.5,-155.5,-155.0,-156.5,-157.0,-157.0,-157.0,-157.0,-157.0,-153.5,-152.5,-154.0,-155.5,-157.0,-157.0,-154.5,-153.0,-157.0,-157.0,-157.0,-157.0,-153.5,-157.0,-151.5,-153.5,-157.0,-157.0,-157.0,-157.0,-156.0,-156.0,-154.0,-157.0,-157.0,-153.5,-157.0,-157.0,-154.0,-157.0,-157.0,-157.0,-157.0,-152.0,-151.5,-153.0,-154.5,-157.0,-152.5,-156.0,-157.0,-157.0,-156.0,-157.0,-152.0,-157.0,-151.5,-155.0,-157.0,-149.0,-151.0,-157.0,-152.0,-157.0,-155.5,-157.0,-157.0,-154.0,-152.0,-154.0,-157.0,-151.0,-152.5,-155.0,-153.5,-151.5,-154.5,-157.0,-157.0,-157.0,-152.0,-151.5,-150.5,-156.5,-157.0,-157.0,-157.0,-157.0,-157.0,-157.0,-154.5,-154.5,-157.0,-152.0,-156.0,-155.5,-154.5,-155.5,-157.0,-152.0,-157.0,-151.5,-151.0,-157.0,-157.0,-157.0,-154.5,-157.0,-155.0,-156.0,-157.0,-156.5,-155.5,-157.0,-153.0,-157.0,-152.5,-152.5,-156.5,-155.0,-157.0,-152.5,-156.5,-157.0,-154.0,-154.0,-157.0,-157.0,-157.0,-155.5,-157.0,-155.5,-156.0,-157.0,-156.0,-157.0,-157.0,-154.0,-153.0,-157.0,-157.0,-157.0,-157.0,-155.5,-157.0,-154.5,-157.0,-156.5,-150.5,-152.5,-157.0,-150.0,-153.0,-157.0,-156.5,-157.0,-154.5,-157.0,-156.0,-157.0,-153.0,-157.0
2026-01-17 13:48:27.672,143.049967,5,-77,-157.0,-157.0,-157.0,-157.0,-152.0,-151.5,-153.0,-152.5,-151.5,-157.0,-157.0,-157.0,-157.0,-157.0,-153.5,-150.0,-151.0,-157.0,-154.5,-157.0,-157.0,-154.0,-153.0,-152.0,-152.0,-156.5,-157.0,-155.0,-157.0,-154.0,-155.0,-155.5,-157.0,-157.0,-157.0,-157.0,-157.0,-157.0,-157.0,-157.0,-157.0,-156.0,-157.0,-157.0,-156.5,-154.5,-155.5,-157.0,-157.0,-157.0,-157.0,-157.0,-154.0,-155.5,-153.0,-155.5,-157.0,-157.0,-156.5,-153.0,-154.5,-154.5,-156.5,-157.0,-157.0,-155.0,-157.0,-154.5,-157.0,-157.0,-151.0,-153.0,-152.0,-154.5,-151.5,-148.5,-149.5,-157.0,-157.0,-153.0,-157.0,-150.5,-152.0,-157.0,-157.0,-151.0,-151.0,-151.5,-150.5,-152.5,-157.0,-157.0,-157.0,-156.0,-155.5,-157.0,-156.0,-157.0,-152.0,-155.5,-153.0,-156.5,-157.0,-153.5,-157.0,-157.0,-157.0,-157.0,-157.0,-155.0,-149.5,-157.0,-157.0,-157.0,-157.0,-157.0,-156.5,-156.0,-157.0,-156.5,-152.5,-156.5,-157.0,-154.0,-157.0,-157.0,-156.5,-152.0,-149.5,-157.0,-152.5,-152.0,-156.5,-157.0,-150.0,-152.0,-156.5,-154.0,-153.5,-156.5,-154.5,-157.0,-156.0,-155.0,-157.0,-156.5,-154.5,-152.5,-157.0,-155.5,-154.0,-157.0,-157.0,-153.0,-154.0,-156.0,-157.0,-157.0,-156.5,-157.0,-157.0,-157.0,-157.0,-157.0,-154.0,-155.5,-154.5,-154.0,-157.0,-157.0,-157.0,-157.0,-157.0,-157.0,-157.0,-157.0,-152.0,-153.5,-157.0,-157.0,-155.5,-156.5,-157.0,-157.0,-157.0,-151.0,-151.5,-157.0,-157.0,-157.0,-157.0,-157.0,-156.5,-155.5,-154.5,-156.0,-157.0,-155.0,-157.0,-157.0,-152.0,-152.5,-154.5,-157.0,-153.0,-152.0,-151.0,-157.0,-157.0,-157.0,-157.0,-157.0,-157.0,-154.5,-154.5,-147.5,-149.5,-157.0,-157.0,-156.5,-157.0,-157.0,-157.0,-157.0,-150.5,-151.5,-157.0,-155.5,-157.0,-152.0,-151.0,-154.5,-156.0,-149.0,-148.0,-155.5,-157.0,-154.5,-151.0,-153.0,-157.0,-153.5,-153.5,-157.0,-154.0,-157.0,-155.0,-157.0,-154.0,-156.5,-154.5,-157.0,-156.0,-157.0,-157.0,-150.5,-147.0,-152.5,-157.0,-156.0,-155.5,-156.0,-155.0,-157.0,-154.0,-156.0,-157.0,-157.0,-155.5,-157.0,-157.0,-154.5,-151.5,-152.0,-157.0,-157.0,-153.0,-155.5,-157.0,-157.0,-157.0,-157.0,-157.0,-153.0,-156.5,-152.5,-157.0,-156.0,-157.0,-154.0,-155.5,-155.0,-155.0,-157.0,-154.5,-157.0,-157.0,-151.5,-152.0,-157.0,-157.0,-156.0,-155.5,-156.5,-146.5,-149.0,-156.5,-157.0,-157.0,-157.0,-157.0,-157.0,-149.5,-148.5,-151.0,-155.0,-157.0,-156.0,-157.0,-157.0,-155.5,-154.5,-155.5,-157.0,-154.0,-152.0,-156.0,-156.5,-155.5,-154.0,-155.5,-157.0,-156.0,-157.0,-156.5,-152.0,-157.0,-154.0,-155.5,-157.0,-157.0,-155.0,-157.0,-157.0,-157.0,-153.5,-155.5,-157.0,-151.0,-157.0,-157.0,-154.5,-157.0,-156.0,-157.0,-157.0,-155.5,-154.5,-153.0,-155.0,-157.0,-149.5,-157.0,-157.0,-156.0,-152.5,-152.5,-152.5,-155.5,-150.0,-152.0,-153.5,-151.0,-157.0,-157.0,-150.5,-151.5,-156.0,-157.0,-157.0,-156.0,-157.0,-156.5,-157.0,-149.0,-151.5,-153.5,-151.5,-157.0,-157.0,-157.0,-157.0,-157.0,-153.5,-151.0,-149.0,-148.5,-156.5,-157.0,-157.0,-155.0,-157.0,-157.0,-154.0,-154.5,-153.5,-152.0,-155.0,-156.0,-157.0,-157.0,-157.0,-152.5,-154.5,-149.5,-149.5,-156.0,-157.0,-157.0,-155.5,-153.5,-153.5,-157.0,-157.0,-157.0,-157.0,-157.0,-155.5,-156.0,-157.0,-154.0,-157.0,-156.5,-157.0,-152.5,-157.0,-157.0,-157.0,-155.0,-156.0,-155.0,-152.0,-151.0,-156.0,-157.0,-154.5,-157.0,-157.0,-157.0,-157.0,-157.0,-157.0,-157.0,-157.0,-157.0,-157.0,-151.5,-152.0,-150.5,-157.0,-157.0,-154.5,-156.0,-157.0,-151.0,-153.0,-153.0,-153.5,-151.0,-151.0,-157.0,-156.0,-157.0,-155.5,-157.0
2026-01-17 13:48:27.672,143.049967,5,-77,-157.0,-157.0,-157.0,-157.0,-152.0,-151.5,-153.0,-152.5,-151.5,-157.0,-157.0,-157.0,-157.0,-157.0,-153.5,-150.0,-151.0,-157.0,-154.5,-157.0,-157.0,-154.0,-153.0,-152.0,-152.0,-156.5,-157.0,-155.0,-157.0,-154.0,-155.0,-155.5,-157.0,-157.0,-157.0,-157.0,-157.0,-157.0,-157.0,-157.0,-157.0,-156.0,-157.0,-157.0,-156.5,-154.5,-155.5,-157.0,-157.0,-157.0,-157.0,-157.0,-154.0,-155.5,-153.0,-155.5,-157.0,-157.0,-156.5,-153.0,-154.5,-154.5,-156.5,-157.0,-157.0,-155.0,-157.0,-154.5,-157.0,-157.0,-151.0,-153.0,-152.0,-154.5,-151.5,-148.5,-149.5,-157.0,-157.0,-153.0,-157.0,-150.5,-152.0,-157.0,-157.0,-151.0,-151.0,-151.5,-150.5,-152.5,-157.0,-157.0,-157.0,-156.0,-155.5,-157.0,-156.0,-157.0,-152.0,-155.5,-153.0,-156.5,-157.0,-153.5,-157.0,-157.0,-157.0,-157.0,-157.0,-155.0,-149.5,-157.0,-157.0,-157.0,-157.0,-157.0,-156.5,-156.0,-157.0,-156.5,-152.5,-156.5,-157.0,-154.0,-157.0,-157.0,-156.5,-152.0,-149.5,-157.0,-152.5,-152.0,-156.5,-157.0,-150.0,-152.0,-156.5,-154.0,-153.5,-156.5,-154.5,-157.0,-156.0,-155.0,-157.0,-156.5,-154.5,-152.5,-157.0,-155.5,-154.0,-157.0,-157.0,-153.0,-154.0,-156.0,-157.0,-157.0,-156.5,-157.0,-157.0,-157.0,-157.0,-157.0,-154.0,-155.5,-154.5,-154.0,-157.0,-157.0,-157.0,-157.0,-157.0,-157.0,-157.0,-157.0,-152.0,-153.5,-157.0,-157.0,-155.5,-156.5,-157.0,-157.0,-157.0,-151.0,-151.5,-157.0,-157.0,-157.0,-157.0,-157.0,-156.5,-155.5,-154.5,-156.0,-157.0,-155.0,-157.0,-157.0,-152.0,-152.5,-154.5,-157.0,-153.0,-152.0,-151.0,-157.0,-157.0,-157.0,-157.0,-157.0,-157.0,-154.5,-154.5,-147.5,-149.5,-157.0,-157.0,-156.5,-157.0,-157.0,-157.0,-157.0,-150.5,-151.5,-157.0,-155.5,-157.0,-152.0,-151.0,-154.5,-156.0,-149.0,-148.0,-155.5,-157.0,-154.5,-151.0,-153.0,-157.0,-153.5,-153.5,-157.0,-154.0,-157.0,-155.0,-157.0,-154.0,-156.5,-154.5,-157.0,-156.0,-157.0,-157.0,-150.5,-147.0,-152.5,-157.0,-156.0,-155.5,-156.0,-155.0,-157.0,-154.0,-156.0,-157.0,-157.0,-155.5,-157.0,-157.0,-154.5,-151.5,-152.0,-157.0,-157.0,-153.0,-155.5,-157.0,-157.0,-157.0,-157.0,-157.0,-153.0,-156.5,-152.5,-157.0,-156.0,-157.0,-154.0,-155.5,-155.0,-155.0,-157.0,-154.5,-157.0,-157.0,-151.5,-152.0,-157.0,-157.0,-156.0,-155.5,-156.5,-146.5,-149.0,-156.5,-157.0,-157.0,-157.0,-157.0,-157.0,-149.5,-148.5,-151.0,-155.0,-157.0,-156.0,-157.0,-157.0,-155.5,-154.5,-155.5,-157.0,-154.0,-152.0,-156.0,-156.5,-155.5,-154.0,-155.5,-157.0,-156.0,-157.0,-156.5,-152.0,-157.0,-154.0,-155.5,-157.0,-157.0,-155.0,-157.0,-157.0,-157.0,-153.5,-155.5,-157.0,-151.0,-157.0,-157.0,-154.5,-157.0,-156.0,-157.0,-157.0,-155.5,-154.5,-153.0,-155.0,-157.0,-149.5,-157.0,-157.0,-156.0,-152.5,-152.5,-152.5,-155.5,-150.0,-152.0,-153.5,-151.0,-157.0,-157.0,-150.5,-151.5,-156.0,-157.0,-157.0,-156.0,-157.0,-156.5,-157.0,-149.0,-151.5,-153.5,-151.5,-157.0,-157.0,-157.0,-157.0,-157.0,-153.5,-151.0,-149.0,-148.5,-156.5,-157.0,-157.0,-155.0,-157.0,-157.0,-154.0,-154.5,-153.5,-152.0,-155.0,-156.0,-157.0,-157.0,-157.0,-152.5,-154.5,-149.5,-149.5,-156.0,-157.0,-157.0,-155.5,-153.5,-153.5,-157.0,-157.0,-157.0,-157.0,-157.0,-155.5,-156.0,-157.0,-154.0,-157.0,-156.5,-157.0,-152.5,-157.0,-157.0,-157.0,-155.0,-156.0,-155.0,-152.0,-151.0,-156.0,-157.0,-154.5,-157.0,-157.0,-157.0,-157.0,-157.0,-157.0,-157.0,-157.0,-157.0,-157.0,-151.5,-152.0,-150.5,-157.0,-157.0,-154.5,-156.0,-157.0,-151.0,-153.0,-153.0,-153.5,-151.0,-151.0,-157.0,-156.0,-157.0,-155.5,-157.0
2026-01-17 13:48:27.702,143.049967,5,-77,-157.0,-157.0,-157.0,-154.0,-150.5,-152.0,-152.0,-151.0,-155.0,-157.0,-154.0,-157.0,-157.0,-157.0,-156.5,-153.0,-150.0,-156.5,-157.0,-155.5,-154.5,-154.0,-153.0,-155.5,-157.0,-157.0,-157.0,-152.0,-154.5,-154.5,-156.0,-156.5,-157.0,-157.0,-157.0,-157.0,-157.0,-157.0,-157.0,-157.0,-157.0,-157.0,-157.0,-157.0,-157.0,-152.0,-157.0,-157.0,-156.5,-157.0,-157.0,-156.0,-155.0,-157.0,-151.5,-154.0,-157.0,-157.0,-152.0,-152.0,-152.0,-155.0,-153.5,-157.0,-157.0,-155.5,-154.5,-154.5,-157.0,-156.0,-153.5,-157.0,-157.0,-157.0,-154.0,-155.5,-150.0,-154.5,-157.0,-154.5,-156.5,-155.5,-157.0,-157.0,-156.5,-151.5,-148.5,-149.0,-150.0,-150.5,-157.0,-157.0,-157.0,-155.0,-153.0,-157.0,-154.0,-156.0,-151.5,-156.0,-154.0,-153.5,-154.5,-157.0,-153.0,-153.0,-157.0,-157.0,-157.0,-157.0,-153.0,-157.0,-157.0,-157.0,-157.0,-156.5,-156.5,-157.0,-157.0,-153.5,-151.5,-154.5,-157.0,-157.0,-157.0,-155.0,-156.5,-157.0,-153.5,-157.0,-155.5,-152.5,-157.0,-157.0,-153.5,-157.0,-157.0,-157.0,-153.0,-153.0,-154.0,-155.5,-156.5,-156.5,-157.0,-157.0,-157.0,-154.0,-156.5,-156.0,-154.0,-155.5,-157.0,-150.0,-150.0,-155.0,-155.0,-154.5,-157.0,-157.0,-157.0,-156.0,-153.5,-157.0,-155.5,-155.0,-156.0,-156.0,-157.0,-157.0,-157.0,-157.0,-157.0,-154.0,-152.5,-151.5,-151.0,-157.0,-157.0,-157.0,-157.0,-156.0,-157.0,-157.0,-155.0,-155.5,-154.5,-155.5,-157.0,-157.0,-157.0,-155.5,-157.0,-157.0,-157.0,-157.0,-157.0,-157.0,-157.0,-153.5,-151.0,-151.5,-157.0,-157.0,-150.0,-152.5,-155.0,-157.0,-157.0,-157.0,-157.0,-157.0,-157.0,-157.0,-155.5,-151.5,-157.0,-157.0,-153.5,-155.0,-156.5,-157.0,-157.0,-157.0,-153.5,-157.0,-157.0,-157.0,-154.5,-154.5,-153.0,-157.0,-156.0,-156.0,-153.5,-157.0,-154.5,-157.0,-153.0,-157.0,-157.0,-152.5,-150.0,-151.0,-151.5,-157.0,-157.0,-157.0,-156.0,-156.5,-155.0,-157.0,-157.0,-157.0,-157.0,-157.0,-147.0,-150.5,-157.0,-157.0,-152.0,-156.0,-154.5,-153.0,-154.0,-155.5,-157.0,-155.0,-152.0,-157.0,-157.0,-157.0,-157.0,-154.5,-157.0,-157.0,-154.0,-157.0,-157.0,-153.0,-155.5,-157.0,-157.0,-148.5,-149.0,-149.5,-157.0,-155.5,-157.0,-154.5,-154.5,-155.0,-157.0,-157.0,-157.0,-157.0,-157.0,-157.0,-153.0,-157.0,-157.0,-156.5,-157.0,-157.0,-149.0,-151.5,-156.5,-157.0,-157.0,-156.0,-157.0,-156.0,-150.5,-150.0,-151.5,-151.0,-157.0,-157.0,-157.0,-157.0,-154.0,-153.0,-156.5,-157.0,-157.0,-153.5,-153.0,-153.0,-151.0,-152.5,-156.5,-154.0,-153.5,-157.0,-155.5,-150.5,-150.5,-157.0,-157.0,-157.0,-157.0,-153.0,-157.0,-157.0,-157.0,-150.5,-153.0,-156.0,-153.0,-155.5,-156.5,-153.5,-157.0,-154.5,-156.0,-157.0,-157.0,-156.5,-156.0,-157.0,-154.0,-147.5,-157.0,-157.0,-155.5,-156.0,-154.5,-155.0,-154.0,-150.0,-154.0,-157.0,-154.0,-157.0,-157.0,-152.5,-155.0,-157.0,-157.0,-157.0,-155.5,-157.0,-157.0,-155.5,-152.5,-150.5,-151.0,-152.5,-157.0,-157.0,-157.0,-157.0,-157.0,-156.5,-153.5,-150.0,-148.5,-157.0,-157.0,-157.0,-155.5,-157.0,-157.0,-157.0,-152.0,-151.0,-157.0,-157.0,-157.0,-157.0,-157.0,-157.0,-155.0,-154.5,-151.5,-153.0,-157.0,-157.0,-154.5,-156.5,-151.0,-155.0,-157.0,-157.0,-157.0,-157.0,-157.0,-157.0,-156.0,-157.0,-157.0,-157.0,-157.0,-157.0,-154.5,-153.5,-157.0,-157.0,-156.5,-151.0,-149.5,-153.5,-153.0,-156.5,-157.0,-154.0,-155.5,-157.0,-157.0,-157.0,-157.0,-157.0,-157.0,-157.0,-156.5,-157.0,-153.0,-148.5,-150.0,-157.0,-154.0,-152.5,-154.5,-157.0,-156.0,-151.5,-154.0,-153.5,-151.5,-152.0,-156.5,-156.5,-157.0,-157.0,-157.0
2026-01-17 13:48:27.735,143.049967,5,-77,-157.0,-157.0,-154.0,-152.0,-151.0,-157.0,-153.5,-151.0,-155.5,-154.5,-153.0,-155.0,-155.5,-152.5,-156.0,-156.0,-153.5,-152.0,-157.0,-157.0,-156.0,-157.0,-157.0,-157.0,-157.0,-157.0,-153.5,-151.0,-153.5,-157.0,-157.0,-157.0,-157.0,-152.5,-152.5,-157.0,-155.5,-154.0,-157.0,-157.0,-157.0,-157.0,-157.0,-157.0,-157.0,-153.5,-157.0,-157.0,-153.5,-156.5,-154.0,-151.0,-153.0,-157.0,-151.5,-156.5,-157.0,-157.0,-151.5,-154.5,-154.0,-157.0,-156.5,-157.0,-156.0,-154.0,-153.5,-157.0,-157.0,-157.0,-156.0,-153.5,-157.0,-157.0,-157.0,-157.0,-149.5,-151.5,-156.5,-156.0,-157.0,-157.0,-157.0,-157.0,-157.0,-156.0,-151.5,-153.5,-155.5,-152.5,-152.5,-154.5,-157.0,-157.0,-156.5,-156.0,-155.5,-157.0,-150.5,-153.0,-157.0,-157.0,-156.0,-155.0,-153.0,-154.5,-157.0,-157.0,-157.0,-157.0,-157.0,-157.0,-157.0,-154.5,-154.0,-156.0,-157.0,-157.0,-157.0,-151.0,-152.5,-150.5,-150.0,-152.5,-154.0,-152.0,-157.0,-157.0,-157.0,-157.0,-157.0,-154.5,-157.0,-157.0,-155.5,-155.0,-153.5,-157.0,-156.5,-153.5,-153.5,-157.0,-157.0,-157.0,-155.5,-154.0,-157.0,-157.0,-156.0,-155.0,-157.0,-157.0,-157.0,-150.0,-149.5,-154.0,-152.0,-153.0,-157.0,-157.0,-153.5,-157.0,-154.0,-157.0,-156.5,-153.5,-152.5,-154.5,-156.0,-157.0,-154.0,-156.0,-157.0,-155.0,-151.5,-149.0,-150.5,-157.0,-157.0,-155.0,-157.0,-157.0,-157.0,-151.0,-152.0,-157.0,-157.0,-157.0,-157.0,-157.0,-157.0,-152.0,-152.5,-156.0,-157.0,-157.0,-157.0,-157.0,-157.0,-153.0,-156.0,-155.0,-157.0,-157.0,-153.5,-153.5,-156.0,-157.0,-157.0,-157.0,-156.0,-157.0,-157.0,-157.0,-157.0,-156.5,-157.0,-157.0,-152.0,-153.0,-154.5,-157.0,-155.0,-154.0,-154.5,-157.0,-152.5,-154.5,-153.5,-156.5,-156.5,-157.0,-156.5,-157.0,-155.5,-157.0,-151.0,-153.5,-150.5,-156.5,-151.0,-151.0,-149.5,-150.5,-155.0,-157.0,-155.5,-155.5,-157.0,-154.5,-157.0,-156.0,-157.0,-153.0,-155.0,-151.5,-147.0,-157.0,-157.0,-157.0,-152.0,-153.5,-157.0,-151.0,-154.0,-157.0,-157.0,-151.0,-152.5,-157.0,-154.5,-157.0,-157.0,-157.0,-156.5,-153.5,-153.0,-156.5,-151.5,-151.5,-155.0,-157.0,-157.0,-148.0,-148.5,-153.0,-157.0,-153.5,-152.0,-150.5,-156.5,-156.0,-157.0,-157.0,-156.0,-152.0,-155.0,-157.0,-156.5,-155.5,-157.0,-157.0,-157.0,-154.5,-150.5,-154.0,-155.0,-157.0,-157.0,-151.5,-153.0,-153.0,-157.0,-155.5,-153.0,-150.0,-157.0,-157.0,-154.5,-157.0,-154.0,-154.5,-157.0,-157.0,-157.0,-157.0,-151.5,-152.5,-150.5,-153.5,-157.0,-153.5,-153.0,-157.0,-157.0,-154.0,-148.5,-152.5,-157.0,-157.0,-157.0,-153.5,-157.0,-157.0,-156.5,-151.0,-155.5,-156.5,-154.0,-155.0,-157.0,-156.0,-154.5,-157.0,-157.0,-156.5,-156.0,-157.0,-157.0,-157.0,-154.5,-148.0,-153.5,-157.0,-157.0,-157.0,-152.5,-151.5,-157.0,-152.5,-157.0,-157.0,-153.0,-156.5,-157.0,-157.0,-156.5,-157.0,-157.0,-157.0,-157.0,-157.0,-157.0,-157.0,-157.0,-154.0,-153.0,-153.5,-157.0,-157.0,-157.0,-157.0,-157.0,-157.0,-151.5,-151.0,-150.5,-157.0,-155.0,-157.0,-155.0,-153.0,-153.0,-155.5,-157.0,-153.5,-157.0,-157.0,-157.0,-157.0,-157.0,-157.0,-156.5,-153.5,-153.5,-157.0,-156.5,-156.5,-154.5,-157.0,-152.0,-157.0,-156.0,-152.0,-152.5,-157.0,-157.0,-155.0,-155.0,-155.5,-157.0,-157.0,-157.0,-157.0,-157.0,-153.0,-155.5,-156.0,-156.0,-149.0,-149.5,-157.0,-157.0,-157.0,-157.0,-154.5,-153.0,-156.5,-157.0,-156.0,-156.5,-155.0,-154.0,-154.0,-155.5,-153.5,-153.0,-150.5,-151.0,-157.0,-153.5,-151.0,-156.0,-157.0,-156.0,-151.5,-155.5,-157.0,-157.0,-155.0,-156.0,-157.0,-154.5,-154.0,-157.0
2026-01-17 13:48:27.768,143.049967,5,-77,-157.0,-157.0,-157.0,-155.0,-153.0,-155.5,-157.0,-152.5,-157.0,-156.0,-156.5,-157.0,-152.5,-151.5,-152.5,-154.5,-157.0,-151.0,-157.0,-157.0,-155.0,-157.0,-157.0,-157.0,-154.0,-154.0,-157.0,-155.5,-155.0,-157.0,-156.0,-154.5,-155.0,-152.0,-152.0,-157.0,-153.5,-153.0,-157.0,-157.0,-157.0,-157.0,-157.0,-157.0,-156.5,-157.0,-157.0,-157.0,-151.0,-156.5,-154.0,-152.0,-157.0,-157.0,-150.5,-153.0,-157.0,-155.5,-153.0,-153.0,-152.5,-157.0,-157.0,-157.0,-156.0,-154.5,-154.0,-156.5,-154.5,-155.0,-155.5,-155.5,-156.5,-155.0,-157.0,-157.0,-152.5,-152.5,-154.0,-152.5,-157.0,-157.0,-156.0,-151.5,-157.0,-157.0,-156.0,-154.5,-156.0,-156.0,-154.0,-157.0,-157.0,-157.0,-157.0,-156.5,-157.0,-157.0,-156.0,-152.5,-155.0,-157.0,-157.0,-153.5,-153.5,-157.0,-157.0,-157.0,-155.0,-157.0,-157.0,-157.0,-157.0,-153.0,-153.5,-157.0,-157.0,-157.0,-155.5,-154.0,-157.0,-153.5,-151.0,-151.5,-157.0,-153.5,-156.5,-157.0,-157.0,-157.0,-157.0,-157.0,-157.0,-157.0,-157.0,-157.0,-151.0,-152.0,-154.5,-156.0,-157.0,-157.0,-157.0,-157.0,-157.0,-156.0,-157.0,-157.0,-156.0,-157.0,-157.0,-157.0,-157.0,-155.5,-152.5,-154.0,-155.0,-155.0,-155.0,-153.0,-153.5,-157.0,-154.5,-156.0,-156.0,-152.5,-148.5,-156.5,-154.5,-157.0,-153.0,-155.0,-157.0,-157.0,-152.5,-150.5,-154.0,-157.0,-155.5,-155.0,-157.0,-157.0,-155.0,-149.0,-150.0,-157.0,-157.0,-157.0,-154.5,-153.5,-157.0,-153.0,-151.0,-157.0,-155.0,-155.5,-157.0,-157.0,-157.0,-157.0,-157.0,-153.0,-153.5,-157.0,-157.0,-157.0,-157.0,-156.5,-157.0,-155.0,-155.5,-157.0,-156.5,-155.5,-157.0,-157.0,-152.0,-153.0,-156.5,-156.5,-152.5,-154.0,-153.0,-150.0,-152.5,-152.5,-150.5,-157.0,-153.0,-157.0,-157.0,-157.0,-157.0,-157.0,-155.5,-157.0,-151.5,-153.0,-150.0,-157.0,-151.5,-152.0,-155.5,-156.5,-157.0,-153.5,-149.5,-150.0,-157.0,-154.0,-157.0,-157.0,-157.0,-155.0,-154.0,-146.5,-145.0,-157.0,-155.5,-157.0,-155.0,-155.0,-155.5,-149.0,-151.5,-156.5,-157.0,-151.5,-157.0,-156.0,-151.5,-157.0,-157.0,-156.0,-157.0,-155.5,-156.0,-157.0,-152.0,-153.0,-154.0,-155.5,-153.5,-151.5,-155.0,-155.0,-154.0,-157.0,-152.5,-151.0,-157.0,-156.0,-154.0,-157.0,-152.5,-150.0,-156.0,-157.0,-157.0,-153.5,-152.5,-156.5,-155.0,-154.5,-151.0,-153.0,-157.0,-157.0,-157.0,-150.0,-151.0,-151.5,-154.5,-156.0,-155.5,-151.5,-157.0,-157.0,-152.0,-156.0,-155.0,-156.0,-157.0,-157.0,-157.0,-157.0,-155.0,-155.0,-154.5,-156.0,-157.0,-156.0,-155.0,-155.0,-157.0,-156.0,-147.0,-148.5,-154.5,-155.5,-154.5,-153.5,-157.0,-156.5,-157.0,-153.0,-157.0,-157.0,-154.5,-157.0,-157.0,-157.0,-156.5,-157.0,-157.0,-153.0,-151.5,-156.0,-156.0,-157.0,-157.0,-155.0,-155.0,-157.0,-157.0,-157.0,-151.0,-150.0,-156.5,-154.5,-157.0,-157.0,-153.5,-157.0,-156.0,-157.0,-151.5,-152.0,-157.0,-156.0,-155.5,-153.5,-153.5,-157.0,-157.0,-157.0,-157.0,-157.0,-157.0,-157.0,-155.5,-156.0,-153.0,-157.0,-152.5,-157.0,-156.5,-156.5,-151.0,-152.0,-157.0,-150.5,-148.0,-151.0,-157.0,-153.5,-156.0,-157.0,-157.0,-157.0,-157.0,-157.0,-155.5,-155.5,-154.5,-156.0,-153.5,-157.0,-157.0,-155.0,-155.5,-156.5,-151.5,-150.0,-150.5,-157.0,-157.0,-154.0,-153.0,-151.5,-157.0,-157.0,-157.0,-156.0,-152.5,-153.5,-157.0,-157.0,-155.0,-152.5,-155.5,-157.0,-157.0,-152.5,-151.0,-152.5,-153.0,-154.0,-155.0,-156.5,-157.0,-153.0,-156.5,-155.5,-157.0,-155.0,-153.5,-154.5,-151.0,-157.0,-157.0,-153.0,-156.5,-157.0,-157.0,-153.0,-157.0,-154.5,-157.0,-154.5,-156.0,-157.0,-154.0,-156.0,-157.0
2026-01-17 13:48:27.803,143.049967,5,-77,-157.0,-157.0,-154.5,-155.0,-154.5,-153.0,-156.5,-155.0,-155.5,-153.5,-154.5,-157.0,-157.0,-155.0,-151.5,-150.5,-154.0,-149.0,-152.0,-157.0,-155.0,-157.0,-157.0,-157.0,-152.0,-154.0,-157.0,-157.0,-157.0,-157.0,-157.0,-153.5,-157.0,-155.0,-157.0,-157.0,-157.0,-157.0,-157.0,-157.0,-154.0,-153.5,-157.0,-155.0,-156.0,-157.0,-156.0,-157.0,-150.0,-150.5,-156.5,-155.5,-157.0,-156.5,-150.5,-151.5,-157.0,-157.0,-153.0,-148.5,-151.5,-157.0,-157.0,-157.0,-157.0,-157.0,-152.5,-150.5,-153.0,-157.0,-157.0,-157.0,-157.0,-153.0,-155.0,-157.0,-157.0,-156.0,-155.0,-152.5,-157.0,-157.0,-154.0,-150.0,-152.5,-157.0,-156.5,-155.5,-157.0,-157.0,-157.0,-154.5,-155.5,-157.0,-157.0,-155.5,-157.0,-157.0,-157.0,-154.5,-154.0,-155.5,-157.0,-152.5,-152.5,-156.5,-156.0,-157.0,-153.0,-156.5,-157.0,-157.0,-157.0,-153.0,-155.0,-157.0,-154.0,-157.0,-156.5,-156.5,-155.0,-155.0,-157.0,-153.0,-155.0,-156.5,-157.0,-157.0,-156.5,-154.0,-157.0,-157.0,-157.0,-157.0,-157.0,-156.0,-153.0,-152.0,-153.0,-157.0,-157.0,-157.0,-157.0,-157.0,-157.0,-157.0,-157.0,-157.0,-157.0,-155.0,-154.5,-156.0,-157.0,-157.0,-157.0,-157.0,-157.0,-156.5,-154.5,-154.5,-157.0,-157.0,-153.5,-155.0,-157.0,-151.5,-148.5,-155.5,-155.5,-157.0,-157.0,-157.0,-157.0,-157.0,-156.5,-156.0,-157.0,-157.0,-157.0,-155.5,-157.0,-157.0,-157.0,-153.5,-150.0,-154.5,-157.0,-157.0,-157.0,-156.5,-157.0,-157.0,-154.5,-157.0,-153.5,-153.5,-157.0,-157.0,-157.0,-157.0,-157.0,-150.5,-151.0,-157.0,-157.0,-157.0,-157.0,-155.5,-157.0,-157.0,-157.0,-157.0,-157.0,-155.0,-153.5,-157.0,-149.5,-149.0,-157.0,-157.0,-154.5,-153.0,-156.0,-150.5,-154.0,-155.5,-153.5,-157.0,-155.0,-155.5,-157.0,-157.0,-157.0,-157.0,-157.0,-157.0,-154.5,-157.0,-152.5,-157.0,-157.0,-155.0,-157.0,-157.0,-157.0,-153.5,-151.0,-152.5,-153.5,-154.5,-156.5,-157.0,-157.0,-157.0,-157.0,-146.0,-146.0,-154.0,-150.5,-153.5,-157.0,-157.0,-157.0,-152.5,-154.5,-154.0,-155.0,-151.5,-151.5,-151.0,-152.5,-157.0,-157.0,-155.5,-154.0,-156.5,-157.0,-157.0,-155.0,-156.0,-156.0,-157.0,-157.0,-152.5,-157.0,-157.0,-155.5,-157.0,-157.0,-156.0,-157.0,-154.5,-154.5,-157.0,-155.5,-154.0,-157.0,-157.0,-157.0,-152.0,-152.5,-157.0,-153.5,-157.0,-152.5,-152.0,-157.0,-157.0,-155.0,-153.0,-154.0,-153.0,-154.5,-153.0,-153.5,-156.0,-157.0,-157.0,-152.5,-153.0,-157.0,-157.0,-157.0,-157.0,-157.0,-157.0,-157.0,-157.0,-157.0,-157.0,-157.0,-157.0,-154.5,-154.0,-157.0,-155.0,-149.5,-150.0,-151.5,-152.0,-157.0,-153.5,-153.0,-157.0,-155.5,-153.5,-157.0,-156.5,-157.0,-157.0,-157.0,-154.0,-155.0,-152.5,-154.0,-154.5,-152.0,-155.0,-156.0,-157.0,-157.0,-157.0,-157.0,-157.0,-157.0,-157.0,-155.0,-152.0,-151.5,-156.5,-157.0,-154.5,-153.5,-157.0,-153.5,-154.0,-153.5,-154.0,-157.0,-152.0,-154.5,-152.5,-154.0,-157.0,-157.0,-154.0,-154.0,-157.0,-157.0,-157.0,-154.5,-157.0,-151.5,-153.0,-153.5,-157.0,-157.0,-157.0,-153.5,-153.5,-157.0,-154.0,-149.5,-151.5,-157.0,-154.5,-157.0,-157.0,-157.0,-157.0,-156.5,-157.0,-157.0,-157.0,-156.0,-157.0,-154.5,-157.0,-157.0,-156.0,-157.0,-154.0,-156.0,-156.5,-151.0,-154.5,-157.0,-154.0,-152.0,-154.5,-156.0,-155.0,-157.0,-155.0,-152.5,-154.5,-157.0,-157.0,-156.5,-157.0,-157.0,-157.0,-156.5,-151.0,-148.5,-154.5,-157.0,-157.0,-157.0,-157.0,-156.5,-153.0,-156.5,-156.0,-157.0,-157.0,-156.0,-153.5,-151.0,-157.0,-156.0,-153.0,-156.0,-155.5,-156.0,-152.0,-154.0,-154.0,-157.0,-155.5,-154.5,-156.5,-155.0,-156.5,-153.0
2026-01-17 13:48:27.835,143.049967,5,-77,-157.0,-157.0,-153.0,-157.0,-157.0,-157.0,-157.0,-156.5,-156.0,-155.0,-155.0,-157.0,-157.0,-156.0,-151.5,-149.5,-157.0,-150.0,-151.5,-157.0,-156.0,-154.5,-155.5,-157.0,-154.0,-156.5,-156.5,-157.0,-157.0,-157.0,-157.0,-155.0,-157.0,-157.0,-157.0,-157.0,-157.0,-157.0,-157.0,-151.5,-151.0,-154.0,-156.0,-157.0,-157.0,-153.5,-153.5,-157.0,-154.5,-151.5,-154.5,-157.0,-156.0,-154.5,-156.0,-153.0,-157.0,-157.0,-157.0,-148.0,-150.0,-157.0,-157.0,-157.0,-157.0,-156.5,-150.0,-149.0,-155.5,-157.0,-157.0,-157.0,-157.0,-155.5,-157.0,-157.0,-157.0,-156.5,-157.0,-154.0,-157.0,-157.0,-157.0,-153.5,-152.0,-157.0,-155.5,-153.0,-157.0,-157.0,-157.0,-153.5,-157.0,-156.5,-157.0,-156.0,-157.0,-153.5,-155.5,-157.0,-157.0,-157.0,-157.0,-157.0,-157.0,-157.0,-157.0,-154.0,-151.5,-157.0,-157.0,-157.0,-157.0,-154.0,-153.0,-154.5,-155.5,-157.0,-157.0,-157.0,-155.0,-156.0,-157.0,-154.0,-154.0,-157.0,-157.0,-156.0,-154.0,-153.0,-157.0,-157.0,-157.0,-157.0,-157.0,-153.5,-152.0,-157.0,-153.5,-155.5,-154.0,-157.0,-157.0,-157.0,-157.0,-157.0,-157.0,-157.0,-154.5,-154.5,-156.5,-156.5,-155.0,-157.0,-157.0,-157.0,-157.0,-157.0,-157.0,-157.0,-154.0,-156.5,-155.5,-154.5,-156.5,-153.5,-153.5,-157.0,-157.0,-157.0,-157.0,-156.0,-154.0,-157.0,-157.0,-157.0,-153.5,-155.0,-157.0,-156.0,-157.0,-157.0,-157.0,-157.0,-149.0,-150.5,-157.0,-156.0,-157.0,-157.0,-157.0,-156.5,-157.0,-157.0,-157.0,-155.0,-157.0,-155.5,-155.5,-157.0,-155.0,-152.5,-152.0,-157.0,-157.0,-157.0,-157.0,-157.0,-157.0,-157.0,-157.0,-157.0,-157.0,-156.0,-153.5,-157.0,-152.0,-152.0,-154.5,-154.0,-154.5,-157.0,-156.0,-154.0,-157.0,-157.0,-157.0,-156.5,-156.0,-155.5,-157.0,-157.0,-156.5,-152.5,-154.0,-155.0,-155.0,-157.0,-155.0,-157.0,-157.0,-157.0,-157.0,-156.0,-155.0,-151.5,-153.0,-157.0,-156.5,-157.0,-156.5,-157.0,-157.0,-156.5,-153.5,-146.5,-150.0,-154.0,-150.5,-153.5,-153.0,-155.0,-156.0,-157.0,-154.5,-152.0,-157.0,-157.0,-150.5,-152.0,-157.0,-157.0,-157.0,-157.0,-154.0,-154.0,-157.0,-157.0,-156.0,-157.0,-157.0,-157.0,-157.0,-153.0,-154.5,-155.0,-155.5,-157.0,-157.0,-157.0,-157.0,-155.5,-157.0,-157.0,-157.0,-157.0,-156.0,-157.0,-157.0,-156.5,-157.0,-154.5,-150.0,-152.0,-157.0,-157.0,-157.0,-157.0,-154.5,-154.0,-156.5,-157.0,-157.0,-154.0,-157.0,-157.0,-155.5,-157.0,-155.0,-151.5,-154.5,-157.0,-157.0,-157.0,-157.0,-157.0,-157.0,-157.0,-157.0,-157.0,-157.0,-154.5,-150.5,-151.0,-153.5,-155.0,-156.5,-153.0,-152.5,-154.0,-157.0,-154.0,-154.5,-157.0,-154.0,-156.5,-157.0,-153.0,-154.5,-155.0,-157.0,-151.5,-153.0,-150.0,-149.0,-157.0,-155.5,-157.0,-156.5,-154.5,-157.0,-157.0,-157.0,-157.0,-157.0,-156.5,-157.0,-154.0,-152.5,-157.0,-157.0,-155.5,-156.5,-157.0,-155.0,-157.0,-157.0,-157.0,-157.0,-153.0,-156.0,-156.5,-157.0,-157.0,-156.5,-153.5,-155.0,-155.0,-157.0,-157.0,-157.0,-157.0,-156.0,-154.5,-153.5,-157.0,-157.0,-157.0,-157.0,-156.0,-157.0,-157.0,-154.0,-154.5,-157.0,-154.5,-157.0,-157.0,-157.0,-157.0,-153.0,-153.5,-157.0,-157.0,-157.0,-157.0,-157.0,-156.5,-154.5,-157.0,-152.0,-152.0,-157.0,-157.0,-152.0,-152.5,-152.0,-152.5,-152.0,-157.0,-156.5,-153.0,-154.0,-153.0,-154.5,-157.0,-157.0,-157.0,-156.0,-157.0,-157.0,-157.0,-157.0,-157.0,-151.0,-153.0,-157.0,-157.0,-154.0,-153.5,-153.5,-156.0,-157.0,-155.5,-156.5,-156.5,-157.0,-157.0,-154.5,-157.0,-157.0,-154.0,-156.5,-155.5,-151.5,-152.5,-156.5,-154.5,-157.0,-157.0,-156.0,-155.0,-157.0,-155.0,-151.5
2026-01-17 13:48:27.867,143.049967,5,-77,-157.0,-157.0,-157.0,-157.0,-157.0,-157.0,-157.0,-157.0,-157.0,-157.0,-157.0,-157.0,-157.0,-155.0,-154.5,-152.0,-152.0,-155.0,-153.0,-157.0,-157.0,-157.0,-155.0,-157.0,-156.5,-157.0,-153.5,-157.0,-157.0,-157.0,-157.0,-153.5,-156.0,-157.0,-157.0,-154.0,-155.5,-157.0,-157.0,-153.0,-153.5,-157.0,-157.0,-157.0,-157.0,-152.0,-153.0,-157.0,-157.0,-156.5,-156.0,-157.0,-157.0,-155.5,-157.0,-154.5,-156.5,-154.0,-157.0,-150.5,-150.5,-157.0,-157.0,-157.0,-157.0,-155.5,-155.0,-155.0,-157.0,-157.0,-157.0,-157.0,-157.0,-156.0,-154.5,-156.0,-153.5,-156.5,-156.5,-155.0,-156.0,-156.0,-155.0,-157.0,-156.0,-157.0,-157.0,-152.5,-157.0,-155.5,-157.0,-154.0,-157.0,-157.0,-157.0,-155.5,-154.0,-151.0,-155.5,-156.0,-157.0,-157.0,-155.5,-157.0,-157.0,-157.0,-157.0,-153.5,-153.5,-156.5,-156.0,-157.0,-157.0,-153.0,-155.0,-156.0,-154.0,-153.0,-157.0,-157.0,-157.0,-155.5,-154.0,-157.0,-157.0,-156.5,-157.0,-155.5,-157.0,-156.0,-157.0,-157.0,-156.0,-157.0,-157.0,-152.5,-149.0,-157.0,-151.0,-151.5,-151.5,-157.0,-157.0,-157.0,-157.0,-155.0,-157.0,-157.0,-153.5,-154.0,-157.0,-157.0,-157.0,-157.0,-155.0,-155.0,-157.0,-157.0,-157.0,-156.0,-152.0,-154.5,-151.0,-149.5,-151.0,-157.0,-157.0,-155.0,-153.5,-156.5,-157.0,-151.5,-152.0,-157.0,-157.0,-152.5,-155.5,-153.5,-156.0,-157.0,-157.0,-157.0,-156.5,-157.0,-151.0,-152.0,-156.0,-155.5,-151.5,-154.0,-152.5,-150.5,-157.0,-157.0,-157.0,-154.5,-157.0,-155.5,-152.5,-153.5,-153.5,-155.5,-157.0,-157.0,-157.0,-157.0,-157.0,-157.0,-154.5,-157.0,-157.0,-157.0,-157.0,-157.0,-153.5,-157.0,-156.0,-155.5,-153.5,-152.5,-154.0,-157.0,-154.5,-155.0,-156.5,-155.5,-157.0,-155.0,-156.0,-154.0,-157.0,-155.0,-153.5,-150.0,-151.5,-154.0,-154.5,-157.0,-155.0,-157.0,-157.0,-157.0,-157.0,-155.0,-155.5,-153.5,-156.0,-157.0,-153.5,-154.0,-154.0,-157.0,-157.0,-152.5,-152.0,-147.5,-151.0,-157.0,-154.5,-154.0,-152.0,-157.0,-157.0,-157.0,-152.5,-151.5,-157.0,-157.0,-157.0,-157.0,-157.0,-157.0,-157.0,-157.0,-157.0,-156.0,-156.0,-153.5,-153.5,-157.0,-157.0,-157.0,-156.5,-157.0,-150.5,-151.5,-155.5,-157.0,-157.0,-154.5,-152.5,-155.0,-153.5,-157.0,-157.0,-157.0,-156.0,-157.0,-157.0,-157.0,-154.0,-153.5,-150.5,-155.0,-157.0,-157.0,-157.0,-157.0,-157.0,-156.5,-157.0,-157.0,-157.0,-156.5,-157.0,-157.0,-157.0,-157.0,-157.0,-151.0,-151.5,-157.0,-157.0,-157.0,-157.0,-156.5,-154.0,-156.0,-157.0,-157.0,-157.0,-156.0,-152.0,-153.0,-155.0,-157.0,-157.0,-155.0,-157.0,-157.0,-153.0,-157.0,-157.0,-157.0,-154.0,-157.0,-155.5,-155.0,-153.0,-154.5,-154.5,-152.5,-157.0,-150.5,-148.5,-157.0,-156.0,-157.0,-157.0,-157.0,-157.0,-157.0,-157.0,-156.5,-157.0,-154.5,-156.5,-157.0,-155.0,-157.0,-153.5,-157.0,-157.0,-157.0,-157.0,-155.5,-154.0,-157.0,-153.5,-155.0,-157.0,-157.0,-157.0,-157.0,-152.0,-151.5,-157.0,-152.5,-154.5,-157.0,-157.0,-156.0,-155.5,-157.0,-157.0,-157.0,-157.0,-155.0,-154.0,-157.0,-157.0,-157.0,-156.0,-157.0,-157.0,-157.0,-156.0,-157.0,-157.0,-157.0,-155.5,-155.0,-155.0,-157.0,-157.0,-157.0,-157.0,-156.5,-155.0,-157.0,-150.5,-152.0,-157.0,-153.0,-153.0,-150.5,-151.5,-153.0,-155.5,-157.0,-157.0,-154.5,-157.0,-155.0,-157.0,-157.0,-156.0,-157.0,-155.0,-157.0,-157.0,-157.0,-157.0,-157.0,-156.0,-152.5,-153.0,-153.5,-151.0,-150.5,-152.0,-157.0,-157.0,-156.5,-157.0,-155.0,-157.0,-157.0,-157.0,-157.0,-157.0,-156.0,-156.0,-157.0,-151.0,-153.5,-157.0,-154.0,-157.0,-157.0,-157.0,-157.0,-157.0,-153.5,-156.0
2026-01-17 13:48:27.900,143.049967,5,-77,-157.0,-157.0,-157.0,-157.0,-154.5,-157.0,-157.0,-157.0,-155.0,-157.0,-157.0,-157.0,-155.0,-155.5,-153.5,-157.0,-152.5,-154.0,-156.0,-157.0,-157.0,-157.0,-153.5,-157.0,-157.0,-157.0,-153.5,-157.0,-155.5,-157.0,-152.5,-151.5,-156.5,-157.0,-157.0,-153.5,-152.5,-157.0,-157.0,-157.0,-154.0,-155.0,-157.0,-157.0,-157.0,-157.0,-156.5,-152.5,-152.0,-155.5,-154.0,-155.0,-157.0,-157.0,-156.5,-156.0,-155.0,-152.5,-157.0,-154.0,-157.0,-156.5,-157.0,-157.0,-157.0,-157.0,-157.0,-157.0,-157.0,-153.0,-152.0,-155.5,-157.0,-152.5,-150.0,-153.5,-150.0,-154.0,-157.0,-156.5,-154.5,-157.0,-154.5,-157.0,-157.0,-157.0,-157.0,-153.0,-156.0,-154.0,-157.0,-157.0,-157.0,-157.0,-154.0,-154.0,-152.5,-150.0,-155.5,-152.5,-155.0,-149.5,-150.0,-157.0,-157.0,-157.0,-157.0,-154.0,-157.0,-157.0,-157.0,-157.0,-157.0,-154.0,-156.0,-156.0,-152.5,-152.0,-157.0,-157.0,-157.0,-155.5,-153.5,-157.0,-157.0,-154.5,-156.5,-154.0,-157.0,-157.0,-157.0,-157.0,-156.5,-157.0,-156.0,-151.0,-150.0,-157.0,-152.5,-154.0,-153.0,-157.0,-157.0,-157.0,-157.0,-152.0,-155.0,-157.0,-154.5,-150.5,-153.0,-156.0,-157.0,-157.0,-154.0,-153.5,-157.0,-155.0,-154.5,-157.0,-152.5,-155.5,-149.5,-152.0,-149.5,-154.5,-155.5,-154.0,-152.0,-155.5,-157.0,-152.0,-151.0,-153.5,-157.0,-150.0,-154.0,-155.5,-157.0,-157.0,-157.0,-156.0,-153.0,-157.0,-155.5,-156.5,-157.0,-157.0,-150.5,-151.5,-151.0,-150.0,-152.5,-157.0,-157.0,-152.5,-153.0,-157.0,-153.0,-152.0,-155.5,-156.0,-157.0,-157.0,-157.0,-153.0,-155.5,-154.5,-155.5,-156.5,-156.0,-157.0,-157.0,-157.0,-155.0,-157.0,-154.0,-154.5,-154.0,-156.0,-157.0,-157.0,-152.5,-151.0,-156.0,-155.0,-157.0,-154.5,-157.0,-153.0,-157.0,-155.5,-156.0,-151.0,-153.0,-157.0,-157.0,-156.0,-156.0,-157.0,-157.0,-157.0,-157.0,-153.5,-157.0,-157.0,-157.0,-154.5,-149.0,-150.5,-152.0,-157.0,-155.5,-153.0,-150.0,-146.5,-157.0,-155.5,-157.0,-154.0,-152.0,-157.0,-156.5,-154.5,-151.0,-151.5,-157.0,-157.0,-157.0,-157.0,-157.0,-157.0,-157.0,-157.0,-155.0,-155.0,-154.0,-152.0,-153.0,-157.0,-157.0,-157.0,-155.5,-157.0,-150.5,-152.5,-157.0,-157.0,-157.0,-152.0,-151.5,-149.0,-148.0,-151.5,-157.0,-156.5,-157.0,-157.0,-156.0,-154.5,-149.0,-150.0,-151.5,-157.0,-157.0,-157.0,-157.0,-155.5,-157.0,-157.0,-155.5,-156.0,-157.0,-157.0,-153.0,-153.5,-157.0,-157.0,-157.0,-153.5,-153.5,-157.0,-157.0,-157.0,-157.0,-157.0,-154.5,-156.0,-152.5,-157.0,-157.0,-157.0,-157.0,-157.0,-157.0,-157.0,-157.0,-157.0,-157.0,-156.0,-152.5,-157.0,-154.5,-157.0,-154.5,-154.5,-155.5,-156.5,-157.0,-155.5,-151.5,-154.5,-157.0,-153.0,-153.0,-157.0,-154.5,-156.0,-157.0,-157.0,-152.5,-154.5,-152.0,-151.0,-157.0,-157.0,-157.0,-154.0,-155.0,-154.0,-154.0,-153.5,-155.5,-157.0,-157.0,-155.5,-154.5,-155.5,-156.5,-157.0,-157.0,-157.0,-156.0,-155.0,-147.5,-149.0,-157.0,-154.0,-153.5,-155.0,-156.5,-154.0,-154.5,-156.5,-157.0,-153.0,-152.0,-156.5,-155.0,-157.0,-157.0,-155.0,-157.0,-156.0,-157.0,-157.0,-156.5,-157.0,-157.0,-157.0,-155.5,-157.0,-153.0,-156.0,-157.0,-157.0,-157.0,-154.5,-156.0,-157.0,-152.0,-152.5,-154.0,-153.0,-157.0,-154.0,-156.0,-156.5,-153.5,-156.0,-157.0,-156.5,-157.0,-155.5,-157.0,-157.0,-153.5,-154.5,-153.0,-157.0,-157.0,-156.5,-157.0,-157.0,-156.0,-152.5,-157.0,-154.0,-153.0,-156.5,-154.5,-157.0,-157.0,-157.0,-157.0,-157.0,-154.0,-157.0,-157.0,-157.0,-157.0,-157.0,-157.0,-157.0,-154.5,-152.5,-152.5,-156.0,-157.0,-157.0,-157.0,-157.0,-157.0,-155.0,-157.0
2026-01-17 13:48:27.937,143.049967,5,-77,-157.0,-157.0,-153.5,-154.0,-152.5,-154.0,-157.0,-155.5,-155.0,-155.5,-157.0,-156.0,-156.0,-155.5,-153.0,-157.0,-154.0,-154.0,-157.0,-157.0,-157.0,-151.5,-150.5,-157.0,-157.0,-154.5,-153.5,-157.0,-153.0,-155.5,-155.0,-153.5,-153.5,-157.0,-157.0,-155.0,-156.0,-157.0,-157.0,-156.5,-151.5,-151.5,-157.0,-157.0,-156.0,-155.5,-153.5,-151.5,-154.0,-155.0,-153.0,-153.5,-157.0,-157.0,-157.0,-157.0,-155.5,-155.5,-154.0,-154.0,-155.5,-153.5,-157.0,-157.0,-157.0,-157.0,-157.0,-157.0,-156.5,-156.0,-150.5,-154.5,-157.0,-153.0,-149.0,-150.5,-151.5,-152.5,-157.0,-157.0,-157.0,-157.0,-157.0,-157.0,-155.5,-157.0,-157.0,-154.0,-155.5,-153.0,-157.0,-157.0,-157.0,-154.0,-154.5,-157.0,-157.0,-151.5,-156.5,-153.5,-157.0,-147.5,-150.0,-157.0,-157.0,-157.0,-155.5,-155.5,-157.0,-157.0,-157.0,-157.0,-157.0,-154.0,-156.5,-151.5,-155.0,-157.0,-157.0,-157.0,-157.0,-151.5,-149.5,-152.5,-157.0,-155.0,-157.0,-154.5,-155.5,-155.0,-157.0,-152.5,-157.0,-157.0,-154.5,-154.5,-155.5,-157.0,-157.0,-156.0,-154.0,-156.0,-157.0,-157.0,-157.0,-153.0,-155.5,-157.0,-155.5,-149.5,-152.5,-152.0,-153.0,-156.5,-157.0,-153.5,-153.5,-154.0,-154.0,-156.5,-151.5,-152.5,-152.0,-157.0,-152.0,-156.0,-154.0,-152.0,-151.5,-157.0,-157.0,-156.0,-155.0,-151.5,-157.0,-150.5,-150.5,-153.5,-157.0,-156.0,-157.0,-155.0,-152.0,-153.5,-157.0,-154.0,-157.0,-157.0,-154.5,-153.0,-153.0,-152.5,-150.0,-157.0,-157.0,-152.5,-157.0,-157.0,-157.0,-157.0,-157.0,-153.0,-153.5,-157.0,-157.0,-150.0,-152.5,-157.0,-156.0,-153.0,-152.0,-157.0,-157.0,-157.0,-157.0,-156.5,-155.0,-157.0,-157.0,-157.0,-157.0,-157.0,-155.0,-152.0,-155.5,-157.0,-155.5,-154.5,-153.0,-157.0,-157.0,-157.0,-157.0,-153.5,-157.0,-157.0,-157.0,-153.5,-155.0,-156.0,-154.5,-157.0,-152.5,-150.5,-151.5,-154.0,-157.0,-151.0,-149.0,-156.5,-152.0,-152.0,-157.0,-156.0,-148.5,-145.5,-155.5,-154.0,-157.0,-157.0,-152.0,-157.0,-157.0,-153.5,-154.0,-154.0,-157.0,-157.0,-157.0,-157.0,-154.0,-157.0,-157.0,-156.5,-152.0,-157.0,-157.0,-153.0,-152.0,-153.5,-157.0,-157.0,-154.0,-153.5,-150.0,-151.0,-157.0,-156.5,-157.0,-156.5,-152.5,-149.0,-149.0,-154.0,-156.5,-152.5,-156.0,-153.5,-153.0,-153.0,-152.5,-152.0,-151.5,-157.0,-157.0,-157.0,-157.0,-151.5,-150.5,-156.0,-153.5,-155.0,-157.0,-157.0,-151.5,-150.5,-157.0,-157.0,-157.0,-156.0,-155.5,-157.0,-157.0,-157.0,-157.0,-157.0,-155.5,-153.5,-153.0,-157.0,-157.0,-157.0,-157.0,-157.0,-157.0,-157.0,-157.0,-157.0,-155.5,-156.5,-155.0,-157.0,-153.5,-157.0,-157.0,-154.5,-156.5,-157.0,-157.0,-157.0,-152.0,-155.0,-157.0,-157.0,-157.0,-157.0,-157.0,-156.0,-157.0,-157.0,-150.5,-150.5,-150.0,-151.0,-150.5,-153.5,-152.0,-152.0,-156.5,-155.0,-157.0,-153.0,-157.0,-157.0,-157.0,-157.0,-157.0,-157.0,-157.0,-157.0,-157.0,-157.0,-156.5,-151.5,-149.0,-152.0,-157.0,-157.0,-157.0,-155.0,-153.5,-153.5,-157.0,-154.5,-156.5,-154.0,-152.0,-154.0,-157.0,-153.0,-155.5,-154.0,-157.0,-154.5,-157.0,-157.0,-154.0,-154.5,-157.0,-157.0,-153.5,-152.5,-152.5,-157.0,-154.0,-154.0,-154.5,-153.0,-155.0,-157.0,-157.0,-153.0,-157.0,-156.5,-157.0,-157.0,-157.0,-157.0,-152.0,-157.0,-157.0,-157.0,-155.0,-153.5,-157.0,-155.5,-155.0,-156.0,-151.5,-157.0,-157.0,-157.0,-157.0,-157.0,-157.0,-152.0,-153.5,-157.0,-156.0,-157.0,-151.5,-151.5,-157.0,-157.0,-157.0,-157.0,-153.5,-157.0,-154.5,-152.0,-157.0,-157.0,-157.0,-154.5,-157.0,-157.0,-155.0,-157.0,-157.0,-157.0,-156.0,-156.0,-157.0,-157.0,-157.0
2026-01-17 13:48:27.970,143.049967,5,-77,-157.0,-157.0,-152.0,-154.5,-157.0,-155.0,-157.0,-157.0,-157.0,-153.5,-157.0,-154.5,-156.0,-157.0,-155.5,-157.0,-157.0,-157.0,-157.0,-157.0,-155.5,-149.5,-150.5,-157.0,-157.0,-157.0,-154.5,-156.5,-151.5,-157.0,-155.5,-157.0,-154.5,-157.0,-157.0,-157.0,-157.0,-156.5,-153.5,-156.5,-152.5,-150.5,-157.0,-157.0,-157.0,-151.5,-155.0,-154.5,-157.0,-156.0,-154.0,-157.0,-157.0,-157.0,-156.0,-157.0,-155.5,-157.0,-154.0,-153.0,-148.5,-150.0,-157.0,-157.0,-157.0,-156.0,-157.0,-157.0,-155.0,-155.5,-151.5,-157.0,-154.0,-153.5,-150.0,-155.0,-157.0,-153.0,-155.0,-157.0,-157.0,-157.0,-157.0,-157.0,-153.5,-156.0,-156.5,-152.5,-154.0,-154.0,-157.0,-157.0,-157.0,-154.0,-154.5,-157.0,-157.0,-154.0,-152.0,-157.0,-153.0,-149.0,-152.5,-157.0,-157.0,-154.5,-154.0,-157.0,-157.0,-157.0,-157.0,-157.0,-154.0,-152.5,-151.5,-150.5,-152.5,-155.0,-157.0,-157.0,-157.0,-149.5,-151.0,-151.5,-157.0,-157.0,-156.5,-154.5,-157.0,-150.5,-149.0,-148.0,-157.0,-157.0,-153.5,-153.0,-155.5,-157.0,-157.0,-157.0,-155.5,-153.0,-157.0,-157.0,-154.5,-154.0,-153.0,-152.5,-155.5,-151.5,-157.0,-154.5,-154.0,-157.0,-154.5,-152.5,-151.5,-157.0,-157.0,-156.0,-154.0,-155.5,-154.0,-157.0,-155.0,-157.0,-154.0,-152.5,-151.5,-157.0,-157.0,-157.0,-157.0,-152.0,-157.0,-152.0,-155.5,-156.0,-157.0,-153.5,-156.5,-157.0,-157.0,-154.5,-155.5,-151.0,-152.0,-157.0,-156.0,-157.0,-157.0,-153.0,-151.5,-157.0,-157.0,-153.5,-157.0,-157.0,-157.0,-157.0,-157.0,-151.0,-154.0,-157.0,-157.0,-149.0,-152.5,-157.0,-152.0,-149.5,-152.0,-157.0,-157.0,-157.0,-155.0,-157.0,-157.0,-157.0,-157.0,-157.0,-157.0,-157.0,-154.5,-157.0,-155.0,-157.0,-157.0,-156.0,-154.5,-157.0,-157.0,-156.5,-157.0,-154.0,-157.0,-156.5,-155.5,-153.5,-154.0,-157.0,-156.0,-157.0,-155.5,-152.0,-153.0,-151.5,-154.0,-157.0,-152.5,-157.0,-157.0,-153.0,-157.0,-157.0,-147.0,-146.0,-157.0,-155.5,-155.0,-157.0,-152.5,-153.0,-155.0,-154.0,-157.0,-157.0,-157.0,-157.0,-155.5,-157.0,-149.5,-151.0,-156.5,-149.5,-149.0,-157.0,-157.0,-155.5,-153.5,-154.0,-157.0,-157.0,-153.0,-154.0,-152.0,-154.0,-157.0,-155.0,-157.0,-156.5,-151.0,-151.5,-156.5,-157.0,-157.0,-153.0,-154.0,-152.5,-155.5,-153.0,-157.0,-157.0,-157.0,-157.0,-156.0,-155.0,-157.0,-152.5,-150.5,-154.0,-149.5,-150.5,-157.0,-157.0,-153.5,-152.0,-157.0,-155.0,-154.5,-157.0,-157.0,-156.5,-157.0,-157.0,-157.0,-155.0,-157.0,-156.5,-156.5,-157.0,-157.0,-157.0,-157.0,-154.5,-156.0,-157.0,-152.5,-154.5,-156.5,-157.0,-156.5,-155.0,-157.0,-157.0,-154.0,-155.0,-154.5,-156.0,-153.5,-157.0,-152.5,-151.0,-157.0,-157.0,-157.0,-157.0,-157.0,-157.0,-154.0,-156.5,-152.5,-152.5,-153.5,-154.5,-149.0,-152.5,-151.0,-156.0,-157.0,-155.0,-156.5,-155.0,-157.0,-157.0,-157.0,-157.0,-154.0,-154.0,-157.0,-153.5,-155.5,-157.0,-156.5,-152.0,-153.5,-157.0,-156.0,-157.0,-156.0,-151.5,-150.5,-157.0,-157.0,-153.5,-157.0,-157.0,-157.0,-155.0,-157.0,-151.5,-152.5,-156.5,-155.5,-154.0,-157.0,-157.0,-156.0,-154.0,-157.0,-157.0,-153.5,-153.0,-150.5,-157.0,-156.0,-157.0,-156.0,-156.5,-157.0,-157.0,-157.0,-154.5,-156.5,-157.0,-156.0,-157.0,-157.0,-153.0,-150.5,-157.0,-157.0,-157.0,-155.0,-157.0,-153.0,-157.0,-157.0,-151.5,-151.0,-157.0,-157.0,-157.0,-157.0,-157.0,-157.0,-152.0,-156.0,-154.5,-156.0,-157.0,-151.0,-150.5,-154.5,-155.0,-157.0,-157.0,-151.5,-153.0,-151.0,-149.0,-156.5,-157.0,-155.0,-151.5,-156.0,-157.0,-157.0,-157.0,-157.0,-157.0,-156.0,-154.5,-157.0,-157.0,-157.0
2026-01-17 13:48:28.002,143.049967,5,-77,-157.0,-157.0,-151.5,-153.5,-157.0,-157.0,-157.0,-157.0,-153.5,-151.0,-156.5,-154.0,-156.0,-157.0,-155.5,-157.0,-157.0,-157.0,-157.0,-157.0,-155.5,-153.0,-153.5,-157.0,-156.5,-157.0,-153.5,-155.5,-150.5,-153.0,-153.5,-157.0,-155.5,-157.0,-157.0,-157.0,-157.0,-154.0,-148.5,-150.5,-153.5,-153.5,-156.0,-153.5,-157.0,-150.0,-157.0,-154.0,-156.0,-154.0,-154.0,-157.0,-157.0,-157.0,-151.5,-151.0,-155.5,-157.0,-157.0,-153.0,-146.5,-149.5,-156.0,-156.0,-156.0,-152.0,-154.5,-157.0,-155.5,-157.0,-153.5,-154.5,-154.0,-152.5,-152.0,-155.5,-157.0,-155.5,-157.0,-157.0,-157.0,-156.0,-156.5,-157.0,-157.0,-157.0,-156.5,-153.0,-156.0,-157.0,-157.0,-155.0,-155.0,-154.5,-151.5,-156.5,-157.0,-157.0,-152.5,-154.5,-155.5,-151.5,-153.5,-153.0,-157.0,-157.0,-152.0,-151.5,-157.0,-157.0,-157.0,-153.0,-152.5,-157.0,-152.0,-156.5,-154.5,-154.5,-157.0,-157.0,-157.0,-151.0,-151.0,-153.0,-157.0,-156.0,-156.0,-154.5,-157.0,-153.0,-149.5,-149.0,-157.0,-155.0,-154.0,-154.0,-154.0,-157.0,-157.0,-157.0,-155.0,-152.0,-157.0,-157.0,-155.0,-153.5,-153.5,-153.0,-153.0,-151.0,-153.5,-157.0,-157.0,-157.0,-153.0,-155.0,-153.0,-156.0,-157.0,-157.0,-157.0,-157.0,-157.0,-154.5,-156.0,-157.0,-154.5,-154.5,-152.5,-156.5,-157.0,-157.0,-156.0,-153.5,-153.0,-154.5,-157.0,-157.0,-157.0,-154.5,-157.0,-157.0,-157.0,-154.5,-156.0,-154.5,-154.5,-157.0,-156.0,-155.5,-157.0,-157.0,-157.0,-157.0,-157.0,-157.0,-157.0,-157.0,-157.0,-156.5,-157.0,-153.5,-157.0,-157.0,-157.0,-148.5,-151.0,-154.5,-154.0,-149.5,-153.5,-157.0,-157.0,-157.0,-154.0,-155.5,-157.0,-157.0,-154.5,-155.0,-156.0,-156.5,-152.5,-152.0,-156.0,-157.0,-156.0,-157.0,-157.0,-153.0,-152.5,-157.0,-153.5,-155.0,-153.0,-151.5,-152.0,-157.0,-156.5,-157.0,-156.0,-157.0,-157.0,-154.0,-157.0,-151.0,-151.0,-157.0,-153.0,-154.0,-157.0,-155.5,-155.0,-157.0,-147.5,-149.0,-157.0,-157.0,-154.0,-156.5,-156.5,-157.0,-152.0,-151.5,-152.5,-156.0,-157.0,-157.0,-157.0,-157.0,-152.0,-152.5,-154.0,-151.5,-151.0,-156.0,-152.5,-152.5,-157.0,-157.0,-157.0,-155.0,-152.0,-157.0,-156.0,-157.0,-157.0,-156.0,-153.0,-153.0,-153.5,-154.0,-155.0,-154.5,-157.0,-155.0,-157.0,-156.5,-157.0,-152.5,-154.0,-157.0,-157.0,-157.0,-154.0,-153.0,-157.0,-157.0,-157.0,-151.5,-150.0,-152.0,-157.0,-157.0,-157.0,-155.0,-157.0,-151.5,-150.5,-157.0,-154.0,-151.0,-157.0,-157.0,-154.0,-153.5,-157.0,-157.0,-157.0,-157.0,-156.5,-155.5,-156.5,-152.5,-154.5,-157.0,-151.5,-157.0,-157.0,-157.0,-155.5,-157.0,-157.0,-157.0,-152.5,-153.5,-152.0,-151.5,-152.0,-157.0,-154.5,-150.5,-151.0,-157.0,-157.0,-157.0,-157.0,-157.0,-150.5,-152.0,-154.5,-157.0,-157.0,-154.5,-152.5,-156.5,-150.5,-151.5,-154.0,-153.5,-154.5,-156.5,-157.0,-157.0,-157.0,-155.5,-148.5,-148.5,-157.0,-153.0,-154.0,-156.0,-154.0,-151.5,-152.5,-154.0,-154.0,-155.0,-152.5,-154.0,-152.0,-157.0,-157.0,-154.0,-157.0,-157.0,-157.0,-157.0,-157.0,-156.0,-157.0,-153.5,-151.5,-153.5,-157.0,-153.0,-153.5,-155.0,-157.0,-157.0,-155.5,-157.0,-152.0,-157.0,-156.0,-157.0,-157.0,-156.0,-156.0,-155.5,-155.0,-153.5,-151.0,-152.5,-155.5,-156.0,-157.0,-155.0,-151.5,-157.0,-157.0,-155.0,-153.5,-153.5,-151.0,-157.0,-157.0,-152.5,-157.0,-155.5,-156.0,-157.0,-157.0,-157.0,-157.0,-153.0,-157.0,-155.0,-157.0,-157.0,-157.0,-155.0,-152.5,-155.5,-157.0,-157.0,-155.0,-155.5,-154.5,-150.5,-155.5,-157.0,-157.0,-152.0,-154.5,-156.0,-157.0,-154.5,-156.5,-157.0,-157.0,-156.5,-157.0,-157.0,-153.0
2026-01-17 13:48:28.043,143.049967,5,-77,-157.0,-157.0,-151.5,-153.5,-157.0,-157.0,-157.0,-155.5,-155.5,-151.5,-152.5,-155.0,-157.0,-157.0,-155.5,-157.0,-157.0,-157.0,-155.5,-157.0,-156.0,-157.0,-157.0,-153.0,-154.5,-157.0,-157.0,-157.0,-150.5,-153.5,-153.5,-156.5,-157.0,-157.0,-157.0,-157.0,-154.0,-157.0,-150.5,-154.5,-157.0,-157.0,-155.5,-151.5,-153.5,-150.0,-157.0,-155.5,-157.0,-155.0,-157.0,-157.0,-157.0,-157.0,-150.5,-153.0,-155.0,-155.0,-157.0,-153.0,-150.5,-150.5,-150.5,-151.5,-155.0,-151.0,-152.5,-157.0,-157.0,-157.0,-157.0,-152.0,-157.0,-157.0,-156.0,-153.5,-157.0,-157.0,-157.0,-157.0,-156.5,-154.0,-152.5,-157.0,-157.0,-157.0,-155.5,-156.0,-157.0,-157.0,-157.0,-157.0,-155.5,-156.5,-152.0,-154.0,-156.5,-157.0,-155.0,-154.5,-153.5,-150.5,-152.0,-154.0,-157.0,-157.0,-156.5,-150.5,-153.0,-157.0,-157.0,-152.5,-152.5,-157.0,-155.5,-157.0,-157.0,-156.0,-155.5,-156.5,-156.0,-150.0,-148.5,-154.5,-154.0,-154.0,-157.0,-155.0,-155.5,-152.0,-155.0,-157.0,-157.0,-153.5,-155.0,-157.0,-157.0,-156.0,-156.5,-155.5,-157.0,-154.5,-155.5,-154.0,-154.5,-156.0,-156.0,-156.5,-156.0,-150.5,-150.0,-154.0,-156.5,-156.0,-157.0,-154.5,-153.5,-151.0,-155.5,-157.0,-157.0,-156.5,-157.0,-151.0,-152.0,-156.5,-157.0,-157.0,-157.0,-151.0,-151.5,-157.0,-157.0,-157.0,-155.0,-156.5,-153.0,-157.0,-157.0,-155.0,-157.0,-157.0,-153.0,-153.5,-157.0,-157.0,-157.0,-155.5,-156.5,-153.5,-157.0,-157.0,-157.0,-156.5,-157.0,-157.0,-157.0,-157.0,-157.0,-153.5,-152.5,-154.0,-157.0,-157.0,-152.5,-151.0,-153.5,-152.5,-155.0,-155.0,-154.5,-157.0,-154.5,-152.5,-154.0,-153.0,-157.0,-157.0,-153.5,-153.5,-156.0,-157.0,-151.5,-148.5,-154.5,-154.0,-157.0,-157.0,-157.0,-151.0,-151.5,-153.5,-152.5,-157.0,-157.0,-153.0,-157.0,-157.0,-154.5,-152.5,-150.5,-151.5,-155.5,-153.5,-157.0,-150.0,-151.0,-157.0,-156.5,-154.5,-157.0,-157.0,-157.0,-157.0,-147.0,-150.5,-154.5,-157.0,-151.0,-150.5,-157.0,-157.0,-154.5,-150.5,-150.0,-152.5,-152.5,-152.5,-157.0,-157.0,-157.0,-157.0,-157.0,-157.0,-157.0,-157.0,-150.5,-151.0,-157.0,-157.0,-154.5,-151.5,-153.0,-157.0,-157.0,-157.0,-156.0,-156.5,-157.0,-153.0,-157.0,-155.5,-157.0,-151.5,-157.0,-153.5,-157.0,-157.0,-156.5,-155.5,-155.5,-154.0,-157.0,-157.0,-155.5,-155.5,-154.0,-154.0,-157.0,-154.0,-155.5,-157.0,-155.5,-157.0,-157.0,-155.5,-157.0,-155.5,-153.0,-152.5,-150.0,-149.5,-156.5,-153.5,-153.0,-154.0,-156.5,-157.0,-157.0,-157.0,-154.5,-155.0,-154.5,-157.0,-157.0,-153.0,-152.0,-153.5,-157.0,-156.0,-155.0,-157.0,-157.0,-157.0,-155.0,-157.0,-155.5,-155.5,-157.0,-156.5,-156.0,-155.5,-153.0,-156.5,-157.0,-155.0,-156.5,-157.0,-152.0,-156.0,-153.0,-157.0,-157.0,-157.0,-156.0,-157.0,-151.0,-148.5,-157.0,-152.0,-153.5,-157.0,-157.0,-157.0,-157.0,-154.5,-148.5,-148.0,-157.0,-153.0,-155.0,-157.0,-155.5,-152.5,-152.5,-154.5,-154.0,-157.0,-156.0,-157.0,-153.5,-157.0,-157.0,-155.5,-157.0,-157.0,-157.0,-157.0,-156.0,-155.0,-155.5,-154.0,-151.5,-155.5,-156.5,-152.5,-152.5,-155.5,-154.5,-154.5,-157.0,-157.0,-155.5,-157.0,-157.0,-157.0,-154.0,-155.5,-157.0,-156.0,-152.5,-152.0,-151.5,-152.5,-153.5,-157.0,-157.0,-157.0,-155.0,-157.0,-153.0,-152.5,-156.0,-152.5,-151.0,-157.0,-157.0,-154.0,-157.0,-151.0,-151.5,-156.0,-157.0,-155.5,-156.0,-154.5,-157.0,-156.5,-157.0,-157.0,-157.0,-157.0,-152.5,-157.0,-157.0,-157.0,-157.0,-157.0,-157.0,-155.5,-157.0,-157.0,-157.0,-155.5,-157.0,-153.5,-157.0,-151.5,-152.0,-155.0,-154.5,-154.0,-157.0,-157.0,-152.0
2026-01-17 13:48:28.044,143.049967,5,-77,-157.0,-157.0,-151.5,-153.5,-157.0,-157.0,-157.0,-155.5,-155.5,-151.5,-152.5,-155.0,-157.0,-157.0,-155.5,-157.0,-157.0,-157.0,-155.5,-157.0,-156.0,-157.0,-157.0,-153.0,-154.5,-157.0,-157.0,-157.0,-150.5,-153.5,-153.5,-156.5,-157.0,-157.0,-157.0,-157.0,-154.0,-157.0,-150.5,-154.5,-157.0,-157.0,-155.5,-151.5,-153.5,-150.0,-157.0,-155.5,-157.0,-155.0,-157.0,-157.0,-157.0,-157.0,-150.5,-153.0,-155.0,-155.0,-157.0,-153.0,-150.5,-150.5,-150.5,-151.5,-155.0,-151.0,-152.5,-157.0,-157.0,-157.0,-157.0,-152.0,-157.0,-157.0,-156.0,-153.5,-157.0,-157.0,-157.0,-157.0,-156.5,-154.0,-152.5,-157.0,-157.0,-157.0,-155.5,-156.0,-157.0,-157.0,-157.0,-157.0,-155.5,-156.5,-152.0,-154.0,-156.5,-157.0,-155.0,-154.5,-153.5,-150.5,-152.0,-154.0,-157.0,-157.0,-156.5,-150.5,-153.0,-157.0,-157.0,-152.5,-152.5,-157.0,-155.5,-157.0,-157.0,-156.0,-155.5,-156.5,-156.0,-150.0,-148.5,-154.5,-154.0,-154.0,-157.0,-155.0,-155.5,-152.0,-155.0,-157.0,-157.0,-153.5,-155.0,-157.0,-157.0,-156.0,-156.5,-155.5,-157.0,-154.5,-155.5,-154.0,-154.5,-156.0,-156.0,-156.5,-156.0,-150.5,-150.0,-154.0,-156.5,-156.0,-157.0,-154.5,-153.5,-151.0,-155.5,-157.0,-157.0,-156.5,-157.0,-151.0,-152.0,-156.5,-157.0,-157.0,-157.0,-151.0,-151.5,-157.0,-157.0,-157.0,-155.0,-156.5,-153.0,-157.0,-157.0,-155.0,-157.0,-157.0,-153.0,-153.5,-157.0,-157.0,-157.0,-155.5,-156.5,-153.5,-157.0,-157.0,-157.0,-156.5,-157.0,-157.0,-157.0,-157.0,-157.0,-153.5,-152.5,-154.0,-157.0,-157.0,-152.5,-151.0,-153.5,-152.5,-155.0,-155.0,-154.5,-157.0,-154.5,-152.5,-154.0,-153.0,-157.0,-157.0,-153.5,-153.5,-156.0,-157.0,-151.5,-148.5,-154.5,-154.0,-157.0,-157.0,-157.0,-151.0,-151.5,-153.5,-152.5,-157.0,-157.0,-153.0,-157.0,-157.0,-154.5,-152.5,-150.5,-151.5,-155.5,-153.5,-157.0,-150.0,-151.0,-157.0,-156.5,-154.5,-157.0,-157.0,-157.0,-157.0,-147.0,-150.5,-154.5,-157.0,-151.0,-150.5,-157.0,-157.0,-154.5,-150.5,-150.0,-152.5,-152.5,-152.5,-157.0,-157.0,-157.0,-157.0,-157.0,-157.0,-157.0,-157.0,-150.5,-151.0,-157.0,-157.0,-154.5,-151.5,-153.0,-157.0,-157.0,-157.0,-156.0,-156.5,-157.0,-153.0,-157.0,-155.5,-157.0,-151.5,-157.0,-153.5,-157.0,-157.0,-156.5,-155.5,-155.5,-154.0,-157.0,-157.0,-155.5,-155.5,-154.0,-154.0,-157.0,-154.0,-155.5,-157.0,-155.5,-157.0,-157.0,-155.5,-157.0,-155.5,-153.0,-152.5,-150.0,-149.5,-156.5,-153.5,-153.0,-154.0,-156.5,-157.0,-157.0,-157.0,-154.5,-155.0,-154.5,-157.0,-157.0,-153.0,-152.0,-153.5,-157.0,-156.0,-155.0,-157.0,-157.0,-157.0,-155.0,-157.0,-155.5,-155.5,-157.0,-156.5,-156.0,-155.5,-153.0,-156.5,-157.0,-155.0,-156.5,-157.0,-152.0,-156.0,-153.0,-157.0,-157.0,-157.0,-156.0,-157.0,-151.0,-148.5,-157.0,-152.0,-153.5,-157.0,-157.0,-157.0,-157.0,-154.5,-148.5,-148.0,-157.0,-153.0,-155.0,-157.0,-155.5,-152.5,-152.5,-154.5,-154.0,-157.0,-156.0,-157.0,-153.5,-157.0,-157.0,-155.5,-157.0,-157.0,-157.0,-157.0,-156.0,-155.0,-155.5,-154.0,-151.5,-155.5,-156.5,-152.5,-152.5,-155.5,-154.5,-154.5,-157.0,-157.0,-155.5,-157.0,-157.0,-157.0,-154.0,-155.5,-157.0,-156.0,-152.5,-152.0,-151.5,-152.5,-153.5,-157.0,-157.0,-157.0,-155.0,-157.0,-153.0,-152.5,-156.0,-152.5,-151.0,-157.0,-157.0,-154.0,-157.0,-151.0,-151.5,-156.0,-157.0,-155.5,-156.0,-154.5,-157.0,-156.5,-157.0,-157.0,-157.0,-157.0,-152.5,-157.0,-157.0,-157.0,-157.0,-157.0,-157.0,-155.5,-157.0,-157.0,-157.0,-155.5,-157.0,-153.5,-157.0,-151.5,-152.0,-155.0,-154.5,-154.0,-157.0,-157.0,-152.0
2026-01-17 13:48:28.045,143.049967,5,-77,-157.0,-157.0,-151.5,-153.5,-157.0,-157.0,-157.0,-155.5,-155.5,-151.5,-152.5,-155.0,-157.0,-157.0,-155.5,-157.0,-157.0,-157.0,-155.5,-157.0,-156.0,-157.0,-157.0,-153.0,-154.5,-157.0,-157.0,-157.0,-150.5,-153.5,-153.5,-156.5,-157.0,-157.0,-157.0,-157.0,-154.0,-157.0,-150.5,-154.5,-157.0,-157.0,-155.5,-151.5,-153.5,-150.0,-157.0,-155.5,-157.0,-155.0,-157.0,-157.0,-157.0,-157.0,-150.5,-153.0,-155.0,-155.0,-157.0,-153.0,-150.5,-150.5,-150.5,-151.5,-155.0,-151.0,-152.5,-157.0,-157.0,-157.0,-157.0,-152.0,-157.0,-157.0,-156.0,-153.5,-157.0,-157.0,-157.0,-157.0,-156.5,-154.0,-152.5,-157.0,-157.0,-157.0,-155.5,-156.0,-157.0,-157.0,-157.0,-157.0,-155.5,-156.5,-152.0,-154.0,-156.5,-157.0,-155.0,-154.5,-153.5,-150.5,-152.0,-154.0,-157.0,-157.0,-156.5,-150.5,-153.0,-157.0,-157.0,-152.5,-152.5,-157.0,-155.5,-157.0,-157.0,-156.0,-155.5,-156.5,-156.0,-150.0,-148.5,-154.5,-154.0,-154.0,-157.0,-155.0,-155.5,-152.0,-155.0,-157.0,-157.0,-153.5,-155.0,-157.0,-157.0,-156.0,-156.5,-155.5,-157.0,-154.5,-155.5,-154.0,-154.5,-156.0,-156.0,-156.5,-156.0,-150.5,-150.0,-154.0,-156.5,-156.0,-157.0,-154.5,-153.5,-151.0,-155.5,-157.0,-157.0,-156.5,-157.0,-151.0,-152.0,-156.5,-157.0,-157.0,-157.0,-151.0,-151.5,-157.0,-157.0,-157.0,-155.0,-156.5,-153.0,-157.0,-157.0,-155.0,-157.0,-157.0,-153.0,-153.5,-157.0,-157.0,-157.0,-155.5,-156.5,-153.5,-157.0,-157.0,-157.0,-156.5,-157.0,-157.0,-157.0,-157.0,-157.0,-153.5,-152.5,-154.0,-157.0,-157.0,-152.5,-151.0,-153.5,-152.5,-155.0,-155.0,-154.5,-157.0,-154.5,-152.5,-154.0,-153.0,-157.0,-157.0,-153.5,-153.5,-156.0,-157.0,-151.5,-148.5,-154.5,-154.0,-157.0,-157.0,-157.0,-151.0,-151.5,-153.5,-152.5,-157.0,-157.0,-153.0,-157.0,-157.0,-154.5,-152.5,-150.5,-151.5,-155.5,-153.5,-157.0,-150.0,-151.0,-157.0,-156.5,-154.5,-157.0,-157.0,-157.0,-157.0,-147.0,-150.5,-154.5,-157.0,-151.0,-150.5,-157.0,-157.0,-154.5,-150.5,-150.0,-152.5,-152.5,-152.5,-157.0,-157.0,-157.0,-157.0,-157.0,-157.0,-157.0,-157.0,-150.5,-151.0,-157.0,-157.0,-154.5,-151.5,-153.0,-157.0,-157.0,-157.0,-156.0,-156.5,-157.0,-153.0,-157.0,-155.5,-157.0,-151.5,-157.0,-153.5,-157.0,-157.0,-156.5,-155.5,-155.5,-154.0,-157.0,-157.0,-155.5,-155.5,-154.0,-154.0,-157.0,-154.0,-155.5,-157.0,-155.5,-157.0,-157.0,-155.5,-157.0,-155.5,-153.0,-152.5,-150.0,-149.5,-156.5,-153.5,-153.0,-154.0,-156.5,-157.0,-157.0,-157.0,-154.5,-155.0,-154.5,-157.0,-157.0,-153.0,-152.0,-153.5,-157.0,-156.0,-155.0,-157.0,-157.0,-157.0,-155.0,-157.0,-155.5,-155.5,-157.0,-156.5,-156.0,-155.5,-153.0,-156.5,-157.0,-155.0,-156.5,-157.0,-152.0,-156.0,-153.0,-157.0,-157.0,-157.0,-156.0,-157.0,-151.0,-148.5,-157.0,-152.0,-153.5,-157.0,-157.0,-157.0,-157.0,-154.5,-148.5,-148.0,-157.0,-153.0,-155.0,-157.0,-155.5,-152.5,-152.5,-154.5,-154.0,-157.0,-156.0,-157.0,-153.5,-157.0,-157.0,-155.5,-157.0,-157.0,-157.0,-157.0,-156.0,-155.0,-155.5,-154.0,-151.5,-155.5,-156.5,-152.5,-152.5,-155.5,-154.5,-154.5,-157.0,-157.0,-155.5,-157.0,-157.0,-157.0,-154.0,-155.5,-157.0,-156.0,-152.5,-152.0,-151.5,-152.5,-153.5,-157.0,-157.0,-157.0,-155.0,-157.0,-153.0,-152.5,-156.0,-152.5,-151.0,-157.0,-157.0,-154.0,-157.0,-151.0,-151.5,-156.0,-157.0,-155.5,-156.0,-154.5,-157.0,-156.5,-157.0,-157.0,-157.0,-157.0,-152.5,-157.0,-157.0,-157.0,-157.0,-157.0,-157.0,-155.5,-157.0,-157.0,-157.0,-155.5,-157.0,-153.5,-157.0,-151.5,-152.0,-155.0,-154.5,-154.0,-157.0,-157.0,-152.0
2026-01-17 13:48:28.075,143.049967,5,-77,-157.0,-157.0,-155.0,-155.5,-157.0,-157.0,-157.0,-151.5,-152.5,-157.0,-152.5,-152.5,-153.0,-154.0,-155.0,-157.0,-157.0,-153.5,-155.0,-157.0,-157.0,-157.0,-157.0,-151.5,-156.0,-157.0,-157.0,-157.0,-151.0,-152.5,-152.5,-157.0,-157.0,-157.0,-154.0,-152.0,-151.5,-157.0,-155.5,-157.0,-157.0,-157.0,-157.0,-155.0,-151.5,-152.5,-157.0,-157.0,-157.0,-156.5,-157.0,-157.0,-156.0,-157.0,-151.0,-153.0,-153.5,-155.5,-157.0,-156.0,-157.0,-154.5,-152.0,-154.0,-155.5,-154.0,-155.5,-155.5,-157.0,-157.0,-153.5,-153.0,-157.0,-157.0,-157.0,-155.0,-155.0,-154.5,-157.0,-157.0,-156.0,-153.0,-151.5,-157.0,-157.0,-157.0,-157.0,-157.0,-155.0,-156.5,-156.0,-157.0,-157.0,-156.5,-155.0,-157.0,-157.0,-156.0,-157.0,-156.5,-154.0,-152.0,-157.0,-156.5,-154.0,-157.0,-157.0,-153.0,-155.5,-157.0,-157.0,-152.0,-151.5,-157.0,-157.0,-157.0,-157.0,-157.0,-156.5,-156.5,-157.0,-150.5,-150.0,-157.0,-156.0,-157.0,-156.0,-155.5,-155.0,-152.5,-157.0,-157.0,-157.0,-157.0,-157.0,-157.0,-157.0,-152.5,-151.5,-155.0,-157.0,-155.0,-156.0,-152.0,-152.0,-154.0,-157.0,-156.0,-157.0,-152.5,-155.0,-154.0,-151.0,-151.5,-157.0,-155.5,-153.5,-151.5,-156.0,-157.0,-157.0,-157.0,-157.0,-153.5,-154.0,-154.0,-157.0,-157.0,-154.0,-149.5,-150.5,-156.0,-157.0,-157.0,-154.5,-154.0,-149.5,-154.5,-157.0,-157.0,-157.0,-157.0,-154.0,-156.0,-156.0,-157.0,-157.0,-155.5,-157.0,-151.5,-154.5,-157.0,-154.5,-153.5,-154.5,-154.5,-157.0,-157.0,-157.0,-156.5,-154.5,-153.5,-155.0,-157.0,-152.5,-157.0,-156.5,-151.5,-151.0,-156.0,-153.5,-154.5,-152.0,-151.5,-153.5,-152.0,-157.0,-157.0,-157.0,-155.5,-157.0,-157.0,-151.0,-147.5,-153.0,-154.0,-157.0,-157.0,-157.0,-157.0,-156.0,-154.0,-156.5,-155.0,-156.5,-157.0,-157.0,-157.0,-156.5,-152.0,-151.5,-152.0,-153.5,-157.0,-154.5,-151.5,-155.0,-157.0,-157.0,-152.0,-154.0,-157.0,-157.0,-157.0,-147.0,-149.0,-153.0,-155.0,-151.5,-153.0,-155.5,-157.0,-156.5,-156.0,-154.5,-157.0,-152.5,-150.5,-155.5,-157.0,-156.5,-157.0,-157.0,-157.0,-157.0,-157.0,-154.5,-155.0,-154.0,-156.0,-157.0,-153.0,-155.5,-154.5,-156.0,-155.5,-154.0,-155.5,-157.0,-152.5,-151.0,-149.0,-149.5,-150.5,-157.0,-152.0,-150.0,-157.0,-157.0,-155.5,-153.5,-152.5,-157.0,-157.0,-157.0,-157.0,-156.5,-154.5,-154.5,-152.5,-155.5,-157.0,-157.0,-157.0,-156.5,-156.5,-157.0,-157.0,-156.0,-153.5,-156.0,-154.5,-156.5,-156.0,-154.0,-153.0,-152.5,-157.0,-157.0,-157.0,-157.0,-157.0,-152.5,-157.0,-157.0,-156.0,-157.0,-153.5,-155.5,-154.5,-157.0,-157.0,-157.0,-153.5,-152.5,-157.0,-157.0,-157.0,-157.0,-155.5,-155.5,-157.0,-157.0,-157.0,-154.0,-151.0,-152.0,-157.0,-155.5,-156.5,-153.0,-157.0,-157.0,-157.0,-156.0,-157.0,-157.0,-151.0,-155.0,-153.5,-157.0,-157.0,-157.0,-157.0,-157.0,-157.0,-156.5,-150.5,-155.5,-153.5,-155.0,-157.0,-155.5,-156.5,-156.0,-157.0,-154.5,-156.0,-157.0,-155.0,-152.5,-157.0,-157.0,-154.0,-156.5,-157.0,-157.0,-157.0,-156.5,-151.5,-155.0,-157.0,-152.5,-155.0,-157.0,-157.0,-153.5,-157.0,-153.0,-154.0,-157.0,-157.0,-157.0,-157.0,-157.0,-154.5,-153.5,-157.0,-157.0,-154.0,-153.5,-152.5,-157.0,-157.0,-153.0,-157.0,-157.0,-155.5,-157.0,-157.0,-155.5,-156.5,-155.0,-157.0,-155.0,-156.0,-157.0,-154.5,-156.0,-155.0,-153.5,-156.5,-154.5,-155.0,-157.0,-152.5,-157.0,-155.0,-156.5,-156.5,-155.0,-152.5,-151.5,-157.0,-155.5,-157.0,-155.5,-154.5,-157.0,-157.0,-157.0,-157.0,-157.0,-157.0,-156.0,-152.0,-151.0,-151.0,-157.0,-157.0,-153.0,-151.5,-156.0,-157.0,-153.0
2026-01-17 13:48:28.108,143.049967,5,-77,-157.0,-157.0,-156.5,-157.0,-154.0,-156.5,-154.5,-150.5,-151.5,-157.0,-153.5,-157.0,-154.0,-154.0,-153.5,-156.0,-154.5,-155.5,-157.0,-157.0,-157.0,-157.0,-157.0,-151.5,-156.5,-157.0,-153.0,-154.5,-153.5,-154.5,-152.0,-155.0,-157.0,-157.0,-154.5,-150.5,-155.5,-157.0,-157.0,-156.5,-157.0,-157.0,-155.0,-157.0,-155.0,-157.0,-157.0,-157.0,-157.0,-157.0,-157.0,-157.0,-157.0,-157.0,-155.5,-153.5,-157.0,-157.0,-157.0,-157.0,-156.0,-157.0,-157.0,-157.0,-157.0,-157.0,-157.0,-152.0,-154.0,-157.0,-152.0,-154.0,-157.0,-157.0,-157.0,-155.5,-152.5,-154.0,-157.0,-157.0,-157.0,-154.0,-155.0,-157.0,-157.0,-156.0,-157.0,-155.5,-154.0,-155.0,-156.0,-154.5,-157.0,-156.5,-156.5,-157.0,-156.0,-157.0,-157.0,-157.0,-157.0,-155.5,-157.0,-157.0,-151.0,-156.5,-157.0,-156.0,-157.0,-157.0,-157.0,-154.5,-156.0,-157.0,-157.0,-157.0,-157.0,-157.0,-157.0,-156.0,-156.0,-156.0,-153.5,-154.5,-152.5,-157.0,-156.5,-157.0,-157.0,-154.0,-157.0,-157.0,-157.0,-157.0,-157.0,-157.0,-157.0,-156.5,-154.0,-157.0,-153.0,-154.0,-157.0,-156.0,-157.0,-154.5,-157.0,-154.5,-153.5,-153.5,-157.0,-150.5,-150.0,-155.0,-157.0,-151.5,-153.0,-154.0,-157.0,-154.0,-157.0,-157.0,-157.0,-157.0,-157.0,-157.0,-157.0,-157.0,-150.0,-152.5,-156.5,-157.0,-153.5,-154.0,-153.0,-152.0,-149.0,-156.5,-156.5,-157.0,-157.0,-157.0,-157.0,-157.0,-155.5,-157.0,-157.0,-153.5,-157.0,-152.0,-150.0,-153.5,-154.0,-155.5,-155.0,-156.5,-157.0,-157.0,-157.0,-156.0,-157.0,-157.0,-157.0,-157.0,-153.5,-155.5,-157.0,-154.0,-154.0,-153.0,-156.0,-155.0,-156.0,-155.5,-152.0,-153.5,-154.0,-152.0,-157.0,-157.0,-157.0,-157.0,-151.0,-147.5,-155.5,-157.0,-157.0,-157.0,-156.5,-156.0,-154.5,-156.5,-157.0,-156.0,-155.0,-157.0,-154.5,-157.0,-154.5,-154.5,-155.5,-152.0,-154.0,-157.0,-155.0,-154.0,-157.0,-157.0,-157.0,-151.0,-154.0,-157.0,-157.0,-152.0,-147.0,-153.0,-154.0,-154.0,-156.0,-157.0,-153.0,-157.0,-157.0,-156.5,-157.0,-157.0,-157.0,-153.0,-155.5,-157.0,-156.5,-157.0,-157.0,-157.0,-156.5,-157.0,-157.0,-157.0,-151.0,-152.0,-157.0,-153.5,-153.0,-153.0,-156.5,-156.0,-154.5,-157.0,-157.0,-156.5,-147.5,-146.0,-148.5,-150.5,-155.5,-151.5,-149.0,-157.0,-155.5,-149.5,-150.0,-157.0,-157.0,-157.0,-157.0,-157.0,-157.0,-157.0,-153.0,-150.0,-155.0,-157.0,-157.0,-157.0,-156.0,-157.0,-157.0,-157.0,-154.5,-152.5,-157.0,-157.0,-157.0,-157.0,-155.0,-155.5,-154.5,-156.5,-157.0,-157.0,-157.0,-154.0,-154.0,-157.0,-157.0,-156.5,-156.0,-152.5,-156.5,-153.0,-154.5,-156.0,-157.0,-152.0,-151.5,-156.0,-157.0,-157.0,-154.5,-157.0,-153.0,-152.5,-157.0,-157.0,-153.5,-155.0,-157.0,-157.0,-157.0,-157.0,-155.5,-157.0,-157.0,-157.0,-157.0,-155.5,-156.5,-155.0,-156.5,-157.0,-157.0,-157.0,-156.0,-154.0,-157.0,-157.0,-153.5,-153.0,-155.0,-156.0,-155.0,-157.0,-157.0,-157.0,-156.0,-154.5,-157.0,-157.0,-153.5,-153.5,-153.5,-157.0,-156.0,-152.0,-156.0,-156.0,-157.0,-157.0,-157.0,-152.0,-156.5,-157.0,-149.0,-152.0,-157.0,-157.0,-155.5,-157.0,-154.5,-155.5,-152.0,-154.5,-155.5,-157.0,-157.0,-155.0,-157.0,-155.0,-154.0,-154.5,-157.0,-153.5,-155.5,-154.0,-150.5,-153.5,-155.0,-152.5,-156.0,-157.0,-157.0,-157.0,-156.0,-157.0,-157.0,-157.0,-154.5,-152.0,-157.0,-157.0,-157.0,-157.0,-153.0,-154.0,-156.0,-151.0,-157.0,-157.0,-154.0,-153.5,-157.0,-152.5,-154.0,-156.0,-155.0,-157.0,-153.0,-151.5,-157.0,-157.0,-157.0,-157.0,-157.0,-156.0,-154.5,-157.0,-151.0,-156.0,-157.0,-157.0,-156.0,-155.5,-155.5,-157.0,-156.0
2026-01-17 13:48:28.138,143.049967,5,-77,-157.0,-157.0,-153.0,-152.5,-151.0,-153.5,-157.0,-153.5,-152.5,-157.0,-154.0,-157.0,-153.5,-155.0,-151.5,-152.0,-152.0,-155.0,-157.0,-157.0,-157.0,-157.0,-157.0,-152.5,-153.5,-157.0,-152.5,-155.5,-152.5,-153.5,-157.0,-154.5,-153.5,-152.5,-153.5,-151.0,-153.5,-156.5,-157.0,-157.0,-157.0,-157.0,-156.0,-157.0,-156.0,-155.5,-157.0,-157.0,-156.5,-157.0,-157.0,-156.5,-156.5,-157.0,-157.0,-154.5,-157.0,-156.5,-156.0,-155.0,-155.5,-157.0,-157.0,-157.0,-156.5,-157.0,-157.0,-153.0,-153.5,-157.0,-154.5,-156.5,-157.0,-157.0,-157.0,-157.0,-156.5,-154.5,-157.0,-157.0,-157.0,-157.0,-157.0,-157.0,-157.0,-153.5,-154.0,-157.0,-153.5,-154.0,-157.0,-156.5,-157.0,-157.0,-157.0,-157.0,-156.0,-157.0,-155.5,-157.0,-155.5,-153.5,-157.0,-154.5,-150.0,-153.5,-156.0,-156.0,-155.0,-157.0,-156.0,-157.0,-157.0,-150.5,-150.0,-153.5,-157.0,-155.5,-155.5,-153.5,-155.0,-157.0,-155.5,-153.5,-153.0,-157.0,-157.0,-157.0,-157.0,-155.5,-157.0,-156.0,-157.0,-157.0,-154.5,-154.0,-157.0,-157.0,-157.0,-156.5,-151.5,-152.5,-156.0,-157.0,-157.0,-157.0,-157.0,-157.0,-155.0,-157.0,-157.0,-152.5,-154.5,-157.0,-156.5,-150.5,-155.5,-151.5,-157.0,-151.0,-150.5,-156.0,-157.0,-157.0,-157.0,-157.0,-155.5,-157.0,-150.5,-157.0,-157.0,-157.0,-152.0,-153.5,-157.0,-154.5,-149.5,-152.5,-153.5,-157.0,-157.0,-157.0,-157.0,-157.0,-157.0,-157.0,-157.0,-153.5,-157.0,-157.0,-151.5,-154.5,-154.0,-157.0,-157.0,-157.0,-157.0,-157.0,-154.0,-152.0,-155.5,-157.0,-157.0,-153.5,-152.5,-157.0,-157.0,-151.5,-157.0,-157.0,-157.0,-157.0,-157.0,-157.0,-152.0,-155.5,-152.0,-151.5,-157.0,-157.0,-157.0,-151.0,-148.0,-149.0,-153.5,-157.0,-155.5,-157.0,-153.5,-150.5,-151.5,-157.0,-156.0,-155.0,-157.0,-156.5,-152.5,-157.0,-157.0,-156.5,-151.5,-152.0,-157.0,-153.5,-157.0,-157.0,-157.0,-155.5,-157.0,-152.5,-157.0,-157.0,-156.5,-147.5,-146.0,-151.0,-152.5,-151.5,-157.0,-153.5,-153.5,-157.0,-157.0,-151.0,-153.5,-157.0,-156.5,-155.5,-157.0,-157.0,-154.5,-151.0,-151.5,-157.0,-157.0,-157.0,-157.0,-154.5,-154.0,-154.5,-157.0,-152.0,-152.0,-153.0,-154.0,-156.5,-151.5,-152.0,-157.0,-157.0,-151.0,-150.0,-157.0,-153.0,-152.5,-154.5,-152.0,-157.0,-157.0,-150.5,-152.0,-157.0,-157.0,-157.0,-157.0,-157.0,-154.5,-152.0,-149.0,-150.5,-157.0,-157.0,-157.0,-156.0,-153.5,-157.0,-157.0,-157.0,-155.5,-156.0,-154.5,-157.0,-157.0,-157.0,-157.0,-157.0,-157.0,-155.0,-156.0,-157.0,-156.0,-155.0,-157.0,-157.0,-157.0,-157.0,-155.0,-153.0,-152.0,-149.5,-154.0,-155.0,-157.0,-155.0,-155.5,-153.5,-157.0,-153.0,-152.5,-157.0,-155.0,-154.0,-157.0,-157.0,-157.0,-157.0,-157.0,-154.0,-157.0,-157.0,-156.5,-157.0,-157.0,-157.0,-157.0,-155.5,-153.5,-157.0,-157.0,-157.0,-157.0,-157.0,-152.5,-150.5,-152.5,-155.5,-151.0,-152.5,-157.0,-157.0,-155.0,-157.0,-155.0,-155.5,-150.5,-149.0,-156.5,-153.5,-149.0,-152.0,-157.0,-157.0,-157.0,-156.0,-157.0,-153.0,-152.5,-157.0,-157.0,-152.5,-153.5,-154.5,-150.0,-153.5,-155.0,-156.0,-157.0,-157.0,-154.0,-153.0,-152.5,-157.0,-155.0,-157.0,-156.5,-154.5,-157.0,-154.5,-152.0,-157.0,-157.0,-157.0,-155.5,-157.0,-151.0,-157.0,-157.0,-154.0,-156.0,-157.0,-157.0,-155.5,-154.0,-155.0,-154.5,-157.0,-150.0,-150.0,-157.0,-157.0,-155.5,-155.5,-157.0,-152.5,-154.0,-150.5,-154.0,-156.0,-151.5,-151.5,-154.5,-152.0,-157.0,-153.5,-153.5,-157.0,-157.0,-156.0,-157.0,-157.0,-154.0,-153.5,-157.0,-156.5,-155.0,-157.0,-153.5,-157.0,-157.0,-157.0,-157.0,-157.0,-157.0,-157.0,-157.0
2026-01-17 13:48:28.172,143.049967,5,-77,-157.0,-157.0,-151.5,-153.5,-154.5,-157.0,-155.5,-154.5,-155.5,-157.0,-152.5,-151.0,-152.5,-152.5,-150.0,-149.5,-150.5,-152.5,-157.0,-153.0,-154.5,-157.0,-157.0,-155.0,-152.5,-155.5,-152.5,-157.0,-152.5,-154.5,-157.0,-157.0,-157.0,-151.5,-149.5,-151.5,-150.5,-152.0,-155.5,-155.0,-154.5,-157.0,-157.0,-157.0,-155.5,-152.5,-153.5,-157.0,-153.0,-155.0,-156.5,-156.5,-156.0,-152.5,-152.0,-153.0,-157.0,-152.5,-152.0,-154.0,-157.0,-157.0,-157.0,-157.0,-157.0,-157.0,-157.0,-157.0,-157.0,-157.0,-155.5,-155.0,-156.5,-152.0,-152.0,-154.0,-157.0,-157.0,-157.0,-157.0,-157.0,-157.0,-157.0,-157.0,-155.0,-152.0,-152.5,-157.0,-155.0,-155.5,-157.0,-157.0,-157.0,-157.0,-157.0,-156.5,-157.0,-153.5,-154.0,-157.0,-157.0,-153.0,-156.0,-157.0,-153.5,-157.0,-156.5,-154.0,-152.5,-156.5,-153.5,-156.0,-155.0,-148.5,-149.5,-152.5,-157.0,-156.5,-153.5,-153.5,-156.0,-157.0,-156.5,-154.0,-157.0,-154.0,-156.5,-157.0,-157.0,-156.0,-157.0,-154.5,-156.5,-157.0,-153.5,-156.5,-157.0,-157.0,-157.0,-156.5,-157.0,-153.5,-157.0,-157.0,-157.0,-157.0,-157.0,-157.0,-157.0,-156.0,-152.5,-152.5,-157.0,-157.0,-157.0,-152.0,-151.0,-150.5,-155.5,-156.0,-150.5,-152.0,-157.0,-156.0,-155.5,-154.0,-154.5,-154.5,-152.5,-157.0,-157.0,-156.0,-154.0,-152.0,-157.0,-157.0,-149.0,-148.0,-157.0,-157.0,-156.5,-155.5,-153.5,-153.5,-157.0,-155.0,-153.0,-154.5,-157.0,-156.0,-153.0,-156.5,-157.0,-157.0,-152.5,-154.0,-157.0,-157.0,-153.0,-157.0,-155.0,-157.0,-157.0,-153.5,-155.5,-157.0,-156.5,-149.5,-154.0,-157.0,-157.0,-157.0,-156.5,-157.0,-154.5,-151.5,-151.0,-153.5,-157.0,-157.0,-157.0,-152.0,-150.5,-152.0,-153.0,-152.5,-155.0,-157.0,-153.5,-154.0,-152.5,-157.0,-155.5,-151.0,-156.0,-157.0,-154.0,-157.0,-157.0,-155.5,-154.5,-157.0,-157.0,-153.0,-154.5,-157.0,-152.0,-153.5,-157.0,-152.5,-155.0,-157.0,-157.0,-148.0,-148.5,-152.0,-153.0,-151.5,-153.5,-155.0,-157.0,-157.0,-157.0,-150.5,-152.5,-154.0,-154.5,-157.0,-157.0,-156.5,-157.0,-152.0,-150.0,-155.0,-157.0,-157.0,-157.0,-157.0,-157.0,-156.0,-157.0,-154.5,-152.5,-152.5,-152.5,-157.0,-150.0,-151.5,-157.0,-155.5,-152.5,-155.5,-157.0,-157.0,-157.0,-157.0,-155.5,-157.0,-157.0,-154.5,-157.0,-157.0,-157.0,-157.0,-157.0,-157.0,-156.5,-151.0,-153.5,-155.5,-157.0,-157.0,-154.0,-153.5,-155.0,-152.5,-157.0,-157.0,-153.5,-157.0,-157.0,-157.0,-156.5,-154.5,-156.0,-157.0,-157.0,-154.5,-156.0,-152.5,-154.5,-157.0,-157.0,-157.0,-157.0,-157.0,-156.5,-156.5,-149.0,-148.0,-157.0,-154.5,-156.0,-153.0,-153.0,-153.5,-157.0,-153.0,-154.5,-157.0,-157.0,-157.0,-157.0,-157.0,-157.0,-157.0,-152.0,-153.0,-157.0,-152.5,-153.5,-155.5,-157.0,-157.0,-157.0,-154.0,-157.0,-157.0,-157.0,-157.0,-157.0,-155.5,-157.0,-154.0,-154.5,-154.0,-151.5,-152.0,-157.0,-157.0,-157.0,-157.0,-154.0,-149.5,-148.5,-149.5,-157.0,-153.5,-149.5,-154.5,-157.0,-157.0,-157.0,-157.0,-157.0,-152.0,-154.0,-157.0,-157.0,-156.5,-157.0,-153.5,-154.0,-157.0,-152.5,-152.5,-157.0,-157.0,-156.0,-157.0,-154.0,-157.0,-154.0,-155.5,-152.5,-152.5,-155.0,-156.0,-150.5,-157.0,-156.5,-156.5,-155.0,-157.0,-152.0,-157.0,-157.0,-157.0,-157.0,-157.0,-157.0,-157.0,-150.0,-151.0,-153.0,-153.0,-154.0,-152.0,-157.0,-157.0,-152.5,-151.5,-156.0,-150.5,-151.5,-150.5,-151.0,-154.0,-157.0,-157.0,-150.5,-149.5,-157.0,-157.0,-155.5,-157.0,-157.0,-157.0,-157.0,-157.0,-154.5,-151.0,-157.0,-157.0,-156.5,-154.5,-153.5,-157.0,-157.0,-157.0,-157.0,-157.0,-157.0,-157.0,-157.0
2026-01-17 13:48:28.205,143.049967,5,-77,-157.0,-157.0,-153.0,-157.0,-157.0,-157.0,-152.5,-154.5,-156.0,-156.5,-154.5,-153.0,-157.0,-151.5,-151.5,-151.0,-151.5,-153.5,-157.0,-151.5,-156.0,-157.0,-157.0,-157.0,-155.0,-157.0,-153.5,-152.5,-154.0,-157.0,-156.0,-153.5,-157.0,-155.5,-151.0,-156.0,-156.0,-153.0,-156.0,-157.0,-154.0,-155.0,-154.0,-155.0,-157.0,-156.5,-154.0,-157.0,-151.0,-149.5,-153.5,-156.0,-157.0,-152.5,-155.5,-157.0,-157.0,-156.5,-151.5,-150.0,-157.0,-157.0,-156.0,-156.0,-157.0,-157.0,-157.0,-157.0,-157.0,-157.0,-155.0,-153.0,-154.0,-149.0,-148.5,-151.0,-157.0,-157.0,-157.0,-157.0,-156.0,-157.0,-157.0,-157.0,-152.5,-151.0,-152.5,-157.0,-157.0,-157.0,-157.0,-155.0,-156.0,-157.0,-157.0,-157.0,-157.0,-151.5,-157.0,-157.0,-157.0,-154.0,-155.5,-155.5,-157.0,-157.0,-155.0,-154.0,-155.0,-153.0,-152.5,-157.0,-157.0,-151.5,-156.5,-155.5,-157.0,-156.0,-152.0,-157.0,-153.5,-156.5,-157.0,-156.0,-157.0,-151.0,-152.0,-153.5,-157.0,-156.0,-156.5,-155.5,-157.0,-157.0,-156.0,-157.0,-153.5,-152.5,-156.0,-151.5,-152.5,-157.0,-157.0,-157.0,-155.5,-157.0,-154.5,-154.0,-157.0,-153.0,-153.0,-153.5,-157.0,-157.0,-157.0,-156.0,-154.0,-156.0,-157.0,-157.0,-153.0,-151.0,-155.0,-151.0,-149.0,-153.5,-156.5,-153.5,-157.0,-157.0,-152.5,-150.0,-154.0,-150.0,-152.5,-157.0,-154.0,-151.5,-152.5,-157.0,-156.0,-155.5,-154.0,-151.5,-153.0,-151.0,-150.0,-157.0,-156.5,-157.0,-154.5,-157.0,-157.0,-157.0,-149.5,-150.5,-157.0,-156.5,-153.5,-157.0,-157.0,-157.0,-157.0,-157.0,-157.0,-157.0,-154.5,-152.5,-153.5,-157.0,-157.0,-155.0,-152.5,-157.0,-157.0,-147.5,-149.5,-151.5,-152.0,-157.0,-157.0,-157.0,-157.0,-153.5,-157.0,-153.0,-155.0,-154.5,-157.0,-157.0,-156.0,-154.5,-157.0,-152.5,-157.0,-157.0,-155.5,-154.5,-152.5,-153.0,-157.0,-157.0,-157.0,-155.0,-157.0,-157.0,-150.5,-154.0,-157.0,-157.0,-152.0,-154.0,-153.5,-145.5,-146.5,-152.0,-155.0,-153.0,-152.5,-157.0,-157.0,-157.0,-157.0,-150.5,-157.0,-157.0,-155.5,-155.5,-157.0,-153.5,-157.0,-157.0,-153.0,-157.0,-157.0,-157.0,-156.5,-157.0,-157.0,-152.0,-152.5,-157.0,-155.5,-154.5,-153.0,-157.0,-154.5,-157.0,-157.0,-152.0,-149.5,-154.0,-157.0,-157.0,-157.0,-157.0,-154.5,-157.0,-157.0,-153.0,-156.0,-157.0,-157.0,-157.0,-157.0,-154.5,-156.5,-156.0,-157.0,-157.0,-157.0,-157.0,-155.5,-157.0,-157.0,-151.5,-157.0,-157.0,-152.0,-151.5,-157.0,-157.0,-154.5,-154.5,-157.0,-157.0,-157.0,-156.5,-155.5,-153.0,-157.0,-157.0,-157.0,-153.5,-156.5,-157.0,-154.5,-152.0,-151.5,-151.5,-157.0,-155.0,-157.0,-154.0,-150.0,-157.0,-157.0,-157.0,-157.0,-157.0,-157.0,-157.0,-157.0,-157.0,-157.0,-157.0,-154.0,-157.0,-154.0,-153.0,-157.0,-153.0,-157.0,-157.0,-154.0,-152.0,-157.0,-156.0,-157.0,-157.0,-157.0,-154.0,-157.0,-157.0,-157.0,-156.0,-153.5,-154.0,-157.0,-156.5,-156.5,-157.0,-153.0,-150.0,-153.5,-157.0,-155.5,-154.0,-154.0,-153.5,-157.0,-157.0,-156.5,-154.5,-152.5,-154.5,-157.0,-157.0,-157.0,-157.0,-153.0,-151.5,-156.5,-157.0,-151.0,-152.5,-157.0,-157.0,-157.0,-156.0,-153.5,-157.0,-155.5,-156.5,-155.0,-157.0,-152.0,-155.0,-150.0,-153.0,-155.0,-155.5,-154.5,-156.0,-151.5,-156.0,-157.0,-154.5,-157.0,-157.0,-157.0,-157.0,-147.5,-150.0,-157.0,-157.0,-157.0,-155.0,-157.0,-157.0,-153.0,-152.0,-157.0,-152.0,-152.5,-155.5,-155.0,-157.0,-157.0,-157.0,-152.5,-152.5,-154.0,-157.0,-157.0,-157.0,-157.0,-157.0,-157.0,-157.0,-157.0,-153.0,-154.0,-157.0,-157.0,-155.5,-155.5,-157.0,-157.0,-152.0,-152.0,-157.0,-157.0,-157.0,-154.0
2026-01-17 13:48:28.237,143.049967,5,-77,-157.0,-157.0,-157.0,-157.0,-157.0,-157.0,-154.5,-155.5,-157.0,-157.0,-157.0,-157.0,-157.0,-154.0,-157.0,-152.5,-155.0,-155.5,-157.0,-153.0,-153.5,-154.0,-157.0,-157.0,-156.5,-153.0,-152.5,-152.0,-157.0,-157.0,-151.5,-153.0,-157.0,-156.0,-157.0,-155.5,-156.0,-153.0,-156.0,-157.0,-155.0,-157.0,-151.5,-154.0,-157.0,-157.0,-157.0,-157.0,-153.5,-153.0,-156.0,-157.0,-156.0,-154.0,-157.0,-153.5,-154.5,-157.0,-152.0,-149.5,-155.0,-157.0,-155.5,-155.0,-157.0,-157.0,-157.0,-157.0,-157.0,-154.5,-152.0,-152.5,-151.0,-150.0,-154.5,-152.5,-156.5,-157.0,-157.0,-157.0,-154.5,-157.0,-157.0,-153.0,-151.0,-154.0,-157.0,-155.5,-157.0,-157.0,-157.0,-157.0,-154.5,-157.0,-157.0,-156.5,-152.0,-150.5,-157.0,-155.5,-157.0,-157.0,-157.0,-157.0,-157.0,-157.0,-156.0,-153.5,-153.5,-151.0,-155.0,-157.0,-157.0,-157.0,-157.0,-157.0,-154.5,-154.0,-154.0,-153.5,-151.5,-157.0,-157.0,-157.0,-157.0,-152.5,-149.5,-151.0,-157.0,-155.5,-155.5,-157.0,-156.5,-157.0,-155.5,-157.0,-157.0,-153.5,-152.5,-150.5,-149.0,-156.0,-156.0,-155.5,-156.5,-157.0,-157.0,-156.5,-155.0,-152.0,-156.0,-156.5,-157.0,-157.0,-157.0,-157.0,-157.0,-157.0,-157.0,-154.0,-157.0,-152.0,-155.0,-152.0,-150.5,-157.0,-155.0,-155.5,-157.0,-155.5,-155.5,-150.0,-149.0,-152.0,-151.5,-153.5,-157.0,-157.0,-151.5,-157.0,-155.5,-157.0,-157.0,-155.5,-157.0,-150.5,-149.0,-157.0,-155.0,-154.0,-152.5,-157.0,-157.0,-157.0,-151.5,-154.5,-157.0,-155.0,-157.0,-153.5,-157.0,-155.5,-157.0,-157.0,-157.0,-156.0,-157.0,-155.5,-154.0,-157.0,-154.5,-155.0,-151.5,-157.0,-157.0,-148.0,-151.0,-149.0,-149.0,-157.0,-157.0,-157.0,-154.5,-154.5,-157.0,-153.0,-154.5,-151.5,-157.0,-157.0,-157.0,-151.0,-153.5,-154.5,-157.0,-156.5,-154.0,-154.5,-152.5,-153.5,-157.0,-154.0,-153.0,-154.5,-155.5,-152.5,-150.0,-157.0,-157.0,-157.0,-153.0,-155.5,-153.0,-144.5,-146.5,-157.0,-157.0,-154.0,-154.5,-157.0,-153.5,-156.0,-156.0,-151.0,-154.0,-155.5,-156.5,-151.0,-151.0,-151.5,-157.0,-157.0,-156.0,-157.0,-157.0,-157.0,-157.0,-157.0,-155.0,-153.5,-155.0,-155.5,-157.0,-157.0,-154.0,-154.5,-157.0,-157.0,-157.0,-154.0,-150.0,-156.5,-157.0,-155.5,-156.5,-157.0,-153.0,-154.5,-154.5,-152.0,-155.0,-155.5,-157.0,-156.0,-154.5,-155.0,-154.0,-157.0,-157.0,-157.0,-157.0,-157.0,-157.0,-157.0,-157.0,-155.0,-156.5,-157.0,-156.0,-153.0,-157.0,-157.0,-154.0,-157.0,-157.0,-157.0,-157.0,-157.0,-155.0,-157.0,-157.0,-157.0,-152.0,-150.5,-157.0,-157.0,-153.5,-150.0,-151.0,-155.0,-156.0,-157.0,-157.0,-157.0,-149.0,-150.0,-152.0,-157.0,-157.0,-155.5,-157.0,-157.0,-157.0,-157.0,-157.0,-157.0,-155.0,-157.0,-155.0,-157.0,-157.0,-153.5,-153.0,-155.0,-157.0,-154.5,-155.5,-155.5,-157.0,-156.0,-157.0,-153.0,-154.0,-157.0,-157.0,-157.0,-157.0,-157.0,-157.0,-155.5,-155.0,-155.5,-150.5,-152.0,-157.0,-157.0,-153.0,-152.0,-157.0,-157.0,-157.0,-157.0,-157.0,-156.5,-154.0,-157.0,-157.0,-157.0,-157.0,-154.0,-151.5,-151.0,-154.0,-157.0,-152.5,-154.5,-157.0,-157.0,-157.0,-154.0,-153.5,-157.0,-155.5,-155.5,-156.5,-157.0,-153.0,-155.5,-152.0,-157.0,-157.0,-157.0,-153.5,-153.5,-153.5,-157.0,-153.0,-151.5,-155.5,-157.0,-157.0,-153.5,-152.0,-150.0,-157.0,-157.0,-157.0,-157.0,-157.0,-156.5,-156.0,-155.0,-157.0,-156.0,-156.0,-157.0,-157.0,-155.0,-157.0,-157.0,-156.5,-157.0,-157.0,-157.0,-157.0,-157.0,-157.0,-155.0,-154.0,-157.0,-157.0,-157.0,-152.5,-157.0,-156.5,-157.0,-157.0,-157.0,-154.5,-149.0,-150.5,-157.0,-157.0,-157.0,-151.5
2026-01-17 13:48:28.272,143.049967,5,-77,-157.0,-157.0,-157.0,-156.0,-157.0,-156.5,-154.0,-155.0,-156.5,-157.0,-157.0,-157.0,-157.0,-156.5,-152.5,-152.5,-157.0,-150.5,-150.0,-157.0,-157.0,-153.5,-157.0,-157.0,-155.0,-150.5,-150.0,-156.0,-157.0,-157.0,-153.0,-156.5,-157.0,-155.0,-157.0,-155.5,-153.5,-152.0,-156.0,-151.5,-155.0,-157.0,-151.5,-152.5,-157.0,-157.0,-156.0,-152.5,-153.5,-157.0,-155.0,-157.0,-156.0,-156.5,-156.0,-153.0,-154.5,-157.0,-155.5,-155.5,-153.0,-153.0,-157.0,-157.0,-155.0,-151.5,-157.0,-157.0,-157.0,-154.0,-152.0,-153.0,-150.0,-150.5,-157.0,-154.0,-156.0,-157.0,-157.0,-156.0,-152.5,-157.0,-155.0,-156.0,-151.5,-157.0,-157.0,-157.0,-157.0,-157.0,-157.0,-157.0,-156.5,-157.0,-155.5,-150.5,-150.5,-151.5,-153.0,-157.0,-156.0,-157.0,-157.0,-157.0,-156.5,-156.0,-157.0,-157.0,-153.0,-153.0,-157.0,-157.0,-157.0,-157.0,-157.0,-157.0,-156.0,-157.0,-157.0,-155.5,-154.5,-157.0,-157.0,-157.0,-157.0,-157.0,-153.5,-155.5,-156.5,-155.5,-157.0,-157.0,-156.0,-154.0,-155.5,-156.5,-157.0,-157.0,-157.0,-154.5,-151.5,-154.0,-152.5,-152.0,-157.0,-157.0,-157.0,-157.0,-152.5,-154.5,-156.5,-156.5,-157.0,-157.0,-157.0,-156.5,-156.0,-157.0,-157.0,-155.0,-157.0,-153.0,-157.0,-157.0,-151.0,-150.0,-152.5,-151.5,-150.0,-154.5,-157.0,-156.0,-152.0,-157.0,-157.0,-150.5,-157.0,-154.5,-153.0,-157.0,-154.5,-154.5,-157.0,-157.0,-157.0,-154.0,-149.0,-155.0,-153.0,-150.5,-151.5,-151.5,-155.0,-157.0,-157.0,-155.5,-155.5,-154.5,-154.0,-153.5,-156.0,-152.0,-157.0,-157.0,-157.0,-157.0,-157.0,-152.5,-155.5,-154.0,-152.0,-157.0,-154.0,-155.0,-152.5,-150.0,-155.0,-149.0,-147.5,-157.0,-157.0,-157.0,-154.5,-157.0,-152.5,-151.0,-153.5,-152.0,-156.0,-154.5,-151.0,-151.0,-151.5,-157.0,-157.0,-157.0,-156.5,-157.0,-154.5,-156.5,-157.0,-153.5,-152.5,-157.0,-154.0,-150.5,-151.5,-157.0,-156.5,-155.5,-156.5,-157.0,-153.5,-146.0,-155.0,-156.0,-157.0,-157.0,-157.0,-153.0,-150.5,-152.5,-157.0,-150.5,-155.5,-153.5,-157.0,-151.5,-150.5,-152.0,-156.5,-155.5,-155.0,-157.0,-157.0,-157.0,-157.0,-157.0,-155.5,-155.5,-157.0,-156.0,-157.0,-157.0,-157.0,-157.0,-155.0,-157.0,-157.0,-157.0,-151.5,-157.0,-157.0,-155.5,-157.0,-157.0,-153.0,-153.5,-157.0,-155.5,-157.0,-157.0,-155.5,-157.0,-156.5,-157.0,-157.0,-157.0,-157.0,-156.5,-153.0,-155.0,-156.0,-157.0,-157.0,-157.0,-157.0,-157.0,-157.0,-156.0,-157.0,-157.0,-152.5,-157.0,-157.0,-157.0,-157.0,-157.0,-156.5,-157.0,-156.5,-155.0,-154.0,-150.5,-157.0,-157.0,-156.0,-153.5,-153.0,-157.0,-157.0,-157.0,-157.0,-157.0,-150.5,-148.5,-153.5,-157.0,-157.0,-153.0,-152.5,-154.5,-157.0,-157.0,-155.0,-155.5,-153.5,-157.0,-155.0,-157.0,-157.0,-154.0,-152.5,-153.5,-157.0,-157.0,-157.0,-157.0,-155.0,-154.0,-157.0,-157.0,-157.0,-157.0,-157.0,-157.0,-157.0,-157.0,-156.5,-157.0,-157.0,-157.0,-152.0,-153.5,-157.0,-154.5,-151.0,-153.0,-157.0,-157.0,-157.0,-155.5,-157.0,-156.5,-157.0,-156.0,-155.5,-157.0,-155.0,-155.0,-154.0,-156.0,-156.5,-157.0,-157.0,-157.0,-157.0,-157.0,-156.0,-154.5,-157.0,-157.0,-157.0,-152.5,-156.0,-154.5,-155.5,-152.5,-151.0,-154.5,-155.5,-157.0,-155.0,-156.0,-156.0,-156.0,-154.5,-154.0,-157.0,-155.0,-155.0,-156.0,-155.0,-152.0,-157.0,-157.0,-157.0,-156.5,-157.0,-155.5,-157.0,-157.0,-157.0,-157.0,-157.0,-157.0,-157.0,-154.5,-157.0,-157.0,-157.0,-157.0,-157.0,-155.0,-155.5,-157.0,-157.0,-157.0,-154.5,-157.0,-153.0,-152.0,-153.0,-157.0,-155.5,-157.0,-157.0,-157.0,-156.0,-152.5,-154.5,-157.0,-157.0,-157.0,-153.0
2026-01-17 13:48:28.306,143.049967,5,-77,-157.0,-157.0,-157.0,-155.0,-157.0,-157.0,-153.0,-152.0,-152.0,-152.5,-156.5,-157.0,-157.0,-157.0,-154.5,-153.5,-154.5,-148.0,-148.0,-156.5,-157.0,-155.5,-157.0,-157.0,-156.5,-157.0,-152.5,-157.0,-155.5,-157.0,-153.5,-157.0,-157.0,-154.5,-157.0,-157.0,-157.0,-154.5,-154.0,-153.5,-157.0,-157.0,-152.0,-150.5,-157.0,-154.0,-153.0,-151.0,-151.5,-151.5,-151.5,-155.5,-155.5,-155.0,-157.0,-157.0,-157.0,-157.0,-157.0,-157.0,-152.5,-150.5,-151.5,-156.5,-154.0,-153.0,-157.0,-155.0,-157.0,-154.5,-157.0,-156.5,-155.5,-152.0,-157.0,-157.0,-157.0,-157.0,-157.0,-155.0,-151.5,-156.5,-157.0,-157.0,-153.0,-157.0,-157.0,-157.0,-157.0,-157.0,-157.0,-157.0,-156.5,-152.5,-148.5,-148.0,-157.0,-152.5,-153.5,-157.0,-157.0,-157.0,-157.0,-157.0,-157.0,-157.0,-157.0,-157.0,-157.0,-154.5,-157.0,-157.0,-157.0,-156.0,-154.5,-157.0,-157.0,-157.0,-157.0,-157.0,-157.0,-157.0,-157.0,-157.0,-157.0,-157.0,-156.0,-157.0,-152.5,-151.0,-157.0,-157.0,-157.0,-155.5,-157.0,-157.0,-157.0,-157.0,-157.0,-156.0,-155.0,-157.0,-151.5,-152.0,-157.0,-157.0,-157.0,-157.0,-153.0,-155.0,-157.0,-154.5,-157.0,-153.5,-154.0,-157.0,-157.0,-157.0,-157.0,-157.0,-157.0,-154.0,-156.5,-157.0,-151.0,-151.0,-157.0,-151.5,-148.0,-149.0,-153.5,-157.0,-156.5,-157.0,-157.0,-152.0,-157.0,-157.0,-155.0,-153.0,-152.0,-155.0,-155.0,-157.0,-155.5,-151.5,-151.5,-154.5,-154.5,-155.0,-157.0,-148.0,-149.5,-157.0,-157.0,-150.0,-151.5,-157.0,-155.0,-156.5,-156.0,-153.5,-157.0,-157.0,-157.0,-156.0,-157.0,-153.0,-157.0,-157.0,-154.0,-156.5,-157.0,-153.0,-149.5,-151.5,-157.0,-152.5,-149.5,-152.5,-157.0,-154.5,-154.5,-157.0,-150.0,-152.5,-153.5,-153.5,-155.0,-152.5,-151.5,-157.0,-156.5,-157.0,-157.0,-157.0,-157.0,-157.0,-156.5,-157.0,-157.0,-156.5,-156.5,-156.5,-153.5,-157.0,-157.0,-155.5,-154.0,-155.5,-154.0,-157.0,-150.5,-147.0,-151.0,-152.5,-157.0,-157.0,-157.0,-154.5,-153.5,-154.0,-157.0,-151.0,-153.5,-155.0,-157.0,-154.5,-153.5,-151.0,-152.0,-152.5,-157.0,-156.5,-157.0,-157.0,-155.5,-157.0,-156.0,-157.0,-156.5,-154.0,-157.0,-156.0,-157.0,-157.0,-153.5,-157.0,-157.0,-152.5,-150.0,-156.0,-157.0,-154.0,-154.0,-152.5,-152.5,-155.0,-157.0,-157.0,-157.0,-157.0,-155.5,-157.0,-157.0,-157.0,-157.0,-155.5,-157.0,-154.5,-153.0,-154.5,-157.0,-157.0,-157.0,-157.0,-157.0,-157.0,-156.0,-156.0,-157.0,-156.5,-149.0,-155.0,-155.5,-154.0,-156.0,-157.0,-156.5,-156.5,-157.0,-155.5,-151.0,-151.0,-154.5,-154.5,-157.0,-157.0,-156.5,-157.0,-157.0,-157.0,-157.0,-157.0,-157.0,-151.0,-155.5,-157.0,-153.5,-154.0,-153.5,-155.5,-154.5,-156.0,-154.0,-157.0,-154.0,-154.5,-153.5,-154.0,-156.0,-156.5,-156.5,-157.0,-157.0,-157.0,-157.0,-157.0,-157.0,-157.0,-157.0,-157.0,-157.0,-153.5,-153.5,-157.0,-157.0,-156.0,-157.0,-153.5,-154.0,-157.0,-155.5,-157.0,-157.0,-157.0,-153.0,-153.0,-157.0,-157.0,-157.0,-154.5,-157.0,-156.5,-157.0,-154.5,-157.0,-156.0,-157.0,-157.0,-156.0,-157.0,-157.0,-157.0,-157.0,-157.0,-157.0,-157.0,-157.0,-156.5,-157.0,-157.0,-157.0,-155.0,-153.0,-152.0,-157.0,-157.0,-151.0,-154.5,-156.5,-157.0,-157.0,-154.5,-151.0,-151.0,-157.0,-157.0,-153.5,-152.5,-157.0,-157.0,-155.5,-152.5,-157.0,-157.0,-154.5,-152.5,-157.0,-157.0,-157.0,-157.0,-156.5,-157.0,-157.0,-157.0,-157.0,-154.0,-154.5,-157.0,-157.0,-155.0,-155.5,-152.5,-154.0,-157.0,-157.0,-156.5,-155.0,-157.0,-153.5,-153.5,-157.0,-157.0,-157.0,-157.0,-157.0,-157.0,-157.0,-157.0,-157.0,-154.5,-154.0,-157.0,-157.0
2026-01-17 13:48:28.337,143.049967,5,-77,-157.0,-157.0,-153.5,-152.0,-154.5,-157.0,-155.5,-155.0,-154.0,-151.0,-155.0,-157.0,-157.0,-157.0,-156.0,-152.0,-157.0,-150.5,-152.5,-157.0,-157.0,-157.0,-157.0,-156.5,-156.0,-157.0,-153.5,-157.0,-155.0,-156.0,-152.5,-153.0,-157.0,-153.5,-156.0,-155.5,-156.0,-156.0,-156.5,-156.5,-155.5,-155.0,-154.5,-151.5,-153.5,-156.5,-157.0,-155.5,-156.5,-149.5,-152.0,-157.0,-153.0,-152.5,-157.0,-157.0,-157.0,-157.0,-157.0,-157.0,-154.5,-154.5,-150.0,-157.0,-157.0,-157.0,-155.0,-155.0,-156.0,-154.0,-154.5,-155.5,-156.0,-155.5,-155.5,-153.5,-157.0,-157.0,-157.0,-157.0,-154.5,-157.0,-157.0,-153.5,-153.5,-155.5,-157.0,-157.0,-157.0,-157.0,-155.5,-154.0,-153.0,-148.5,-150.5,-151.5,-157.0,-156.5,-157.0,-157.0,-157.0,-157.0,-157.0,-157.0,-157.0,-157.0,-157.0,-157.0,-156.0,-157.0,-157.0,-157.0,-157.0,-157.0,-153.5,-156.0,-157.0,-157.0,-156.0,-157.0,-156.0,-157.0,-157.0,-157.0,-154.0,-157.0,-155.0,-153.5,-154.0,-151.0,-157.0,-156.0,-157.0,-155.5,-154.0,-157.0,-156.0,-157.0,-157.0,-157.0,-153.5,-154.0,-156.5,-157.0,-157.0,-157.0,-157.0,-157.0,-152.5,-156.5,-156.0,-152.5,-157.0,-152.5,-154.0,-157.0,-157.0,-157.0,-157.0,-157.0,-152.5,-153.0,-157.0,-157.0,-154.5,-157.0,-157.0,-157.0,-152.5,-149.5,-151.0,-157.0,-157.0,-157.0,-157.0,-156.0,-155.5,-157.0,-157.0,-150.0,-150.0,-156.0,-154.0,-155.5,-155.5,-152.0,-157.0,-157.0,-156.0,-157.0,-157.0,-148.5,-150.0,-157.0,-156.0,-149.5,-151.0,-156.5,-157.0,-157.0,-157.0,-155.0,-157.0,-157.0,-157.0,-156.5,-155.5,-151.5,-157.0,-157.0,-157.0,-157.0,-157.0,-155.5,-150.5,-154.0,-157.0,-157.0,-152.5,-157.0,-157.0,-153.5,-155.0,-156.0,-151.5,-155.0,-157.0,-153.0,-155.0,-155.5,-154.5,-157.0,-157.0,-157.0,-157.0,-157.0,-153.0,-157.0,-157.0,-157.0,-157.0,-154.5,-153.0,-154.0,-153.0,-157.0,-157.0,-154.0,-153.5,-155.5,-154.0,-157.0,-149.5,-147.0,-151.0,-155.5,-157.0,-154.5,-153.0,-154.0,-156.5,-157.0,-157.0,-154.5,-156.0,-157.0,-157.0,-157.0,-157.0,-151.0,-149.0,-151.5,-152.5,-155.5,-157.0,-157.0,-152.5,-157.0,-157.0,-157.0,-153.5,-155.5,-157.0,-157.0,-157.0,-156.5,-155.0,-157.0,-157.0,-153.5,-152.5,-157.0,-157.0,-154.5,-152.0,-152.5,-153.5,-153.5,-157.0,-157.0,-157.0,-157.0,-156.0,-157.0,-152.5,-152.0,-157.0,-154.5,-155.0,-156.5,-155.5,-154.0,-156.5,-157.0,-157.0,-155.0,-155.0,-154.5,-155.5,-157.0,-157.0,-155.0,-151.0,-151.5,-156.0,-152.0,-154.0,-157.0,-156.0,-155.5,-157.0,-157.0,-149.0,-149.5,-154.5,-151.0,-153.5,-157.0,-153.5,-154.0,-157.0,-156.5,-154.0,-155.5,-155.0,-152.5,-154.5,-150.0,-150.5,-156.5,-154.5,-157.0,-157.0,-156.0,-156.5,-157.0,-157.0,-157.0,-157.0,-156.5,-156.0,-151.5,-155.5,-157.0,-157.0,-157.0,-157.0,-157.0,-157.0,-157.0,-156.0,-157.0,-155.5,-151.5,-155.5,-157.0,-157.0,-155.0,-157.0,-151.5,-150.0,-157.0,-157.0,-157.0,-157.0,-156.5,-157.0,-154.5,-155.5,-156.5,-154.5,-152.0,-157.0,-157.0,-157.0,-152.0,-154.0,-156.0,-157.0,-157.0,-156.0,-157.0,-157.0,-157.0,-157.0,-157.0,-157.0,-157.0,-157.0,-157.0,-154.5,-157.0,-155.5,-157.0,-151.5,-150.5,-157.0,-157.0,-150.5,-152.0,-157.0,-157.0,-157.0,-153.0,-151.0,-151.0,-157.0,-157.0,-152.0,-150.0,-154.5,-157.0,-153.5,-157.0,-157.0,-157.0,-157.0,-153.0,-154.0,-156.0,-157.0,-157.0,-156.0,-157.0,-153.0,-155.5,-157.0,-156.0,-153.5,-156.0,-154.5,-155.0,-156.0,-155.5,-157.0,-157.0,-157.0,-156.0,-157.0,-157.0,-157.0,-157.0,-157.0,-157.0,-157.0,-157.0,-157.0,-157.0,-157.0,-156.5,-157.0,-152.0,-152.5,-155.0,-153.0
2026-01-17 13:48:28.339,143.049967,5,-77,-157.0,-157.0,-153.5,-152.0,-154.5,-157.0,-155.5,-155.0,-154.0,-151.0,-155.0,-157.0,-157.0,-157.0,-156.0,-152.0,-157.0,-150.5,-152.5,-157.0,-157.0,-157.0,-157.0,-156.5,-156.0,-157.0,-153.5,-157.0,-155.0,-156.0,-152.5,-153.0,-157.0,-153.5,-156.0,-155.5,-156.0,-156.0,-156.5,-156.5,-155.5,-155.0,-154.5,-151.5,-153.5,-156.5,-157.0,-155.5,-156.5,-149.5,-152.0,-157.0,-153.0,-152.5,-157.0,-157.0,-157.0,-157.0,-157.0,-157.0,-154.5,-154.5,-150.0,-157.0,-157.0,-157.0,-155.0,-155.0,-156.0,-154.0,-154.5,-155.5,-156.0,-155.5,-155.5,-153.5,-157.0,-157.0,-157.0,-157.0,-154.5,-157.0,-157.0,-153.5,-153.5,-155.5,-157.0,-157.0,-157.0,-157.0,-155.5,-154.0,-153.0,-148.5,-150.5,-151.5,-157.0,-156.5,-157.0,-157.0,-157.0,-157.0,-157.0,-157.0,-157.0,-157.0,-157.0,-157.0,-156.0,-157.0,-157.0,-157.0,-157.0,-157.0,-153.5,-156.0,-157.0,-157.0,-156.0,-157.0,-156.0,-157.0,-157.0,-157.0,-154.0,-157.0,-155.0,-153.5,-154.0,-151.0,-157.0,-156.0,-157.0,-155.5,-154.0,-157.0,-156.0,-157.0,-157.0,-157.0,-153.5,-154.0,-156.5,-157.0,-157.0,-157.0,-157.0,-157.0,-152.5,-156.5,-156.0,-152.5,-157.0,-152.5,-154.0,-157.0,-157.0,-157.0,-157.0,-157.0,-152.5,-153.0,-157.0,-157.0,-154.5,-157.0,-157.0,-157.0,-152.5,-149.5,-151.0,-157.0,-157.0,-157.0,-157.0,-156.0,-155.5,-157.0,-157.0,-150.0,-150.0,-156.0,-154.0,-155.5,-155.5,-152.0,-157.0,-157.0,-156.0,-157.0,-157.0,-148.5,-150.0,-157.0,-156.0,-149.5,-151.0,-156.5,-157.0,-157.0,-157.0,-155.0,-157.0,-157.0,-157.0,-156.5,-155.5,-151.5,-157.0,-157.0,-157.0,-157.0,-157.0,-155.5,-150.5,-154.0,-157.0,-157.0,-152.5,-157.0,-157.0,-153.5,-155.0,-156.0,-151.5,-155.0,-157.0,-153.0,-155.0,-155.5,-154.5,-157.0,-157.0,-157.0,-157.0,-157.0,-153.0,-157.0,-157.0,-157.0,-157.0,-154.5,-153.0,-154.0,-153.0,-157.0,-157.0,-154.0,-153.5,-155.5,-154.0,-157.0,-149.5,-147.0,-151.0,-155.5,-157.0,-154.5,-153.0,-154.0,-156.5,-157.0,-157.0,-154.5,-156.0,-157.0,-157.0,-157.0,-157.0,-151.0,-149.0,-151.5,-152.5,-155.5,-157.0,-157.0,-152.5,-157.0,-157.0,-157.0,-153.5,-155.5,-157.0,-157.0,-157.0,-156.5,-155.0,-157.0,-157.0,-153.5,-152.5,-157.0,-157.0,-154.5,-152.0,-152.5,-153.5,-153.5,-157.0,-157.0,-157.0,-157.0,-156.0,-157.0,-152.5,-152.0,-157.0,-154.5,-155.0,-156.5,-155.5,-154.0,-156.5,-157.0,-157.0,-155.0,-155.0,-154.5,-155.5,-157.0,-157.0,-155.0,-151.0,-151.5,-156.0,-152.0,-154.0,-157.0,-156.0,-155.5,-157.0,-157.0,-149.0,-149.5,-154.5,-151.0,-153.5,-157.0,-153.5,-154.0,-157.0,-156.5,-154.0,-155.5,-155.0,-152.5,-154.5,-150.0,-150.5,-156.5,-154.5,-157.0,-157.0,-156.0,-156.5,-157.0,-157.0,-157.0,-157.0,-156.5,-156.0,-151.5,-155.5,-157.0,-157.0,-157.0,-157.0,-157.0,-157.0,-157.0,-156.0,-157.0,-155.5,-151.5,-155.5,-157.0,-157.0,-155.0,-157.0,-151.5,-150.0,-157.0,-157.0,-157.0,-157.0,-156.5,-157.0,-154.5,-155.5,-156.5,-154.5,-152.0,-157.0,-157.0,-157.0,-152.0,-154.0,-156.0,-157.0,-157.0,-156.0,-157.0,-157.0,-157.0,-157.0,-157.0,-157.0,-157.0,-157.0,-157.0,-154.5,-157.0,-155.5,-157.0,-151.5,-150.5,-157.0,-157.0,-150.5,-152.0,-157.0,-157.0,-157.0,-153.0,-151.0,-151.0,-157.0,-157.0,-152.0,-150.0,-154.5,-157.0,-153.5,-157.0,-157.0,-157.0,-157.0,-153.0,-154.0,-156.0,-157.0,-157.0,-156.0,-157.0,-153.0,-155.5,-157.0,-156.0,-153.5,-156.0,-154.5,-155.0,-156.0,-155.5,-157.0,-157.0,-157.0,-156.0,-157.0,-157.0,-157.0,-157.0,-157.0,-157.0,-157.0,-157.0,-157.0,-157.0,-157.0,-156.5,-157.0,-152.0,-152.5,-155.0,-153.0
2026-01-17 13:48:28.370,143.049967,5,-77,-157.0,-157.0,-150.0,-150.5,-156.5,-157.0,-156.5,-156.5,-157.0,-151.5,-154.0,-157.0,-157.0,-157.0,-150.5,-148.5,-153.0,-151.0,-154.0,-153.5,-152.0,-156.5,-157.0,-156.5,-155.5,-156.0,-156.5,-157.0,-157.0,-157.0,-157.0,-150.0,-150.5,-154.0,-152.0,-154.5,-151.0,-150.5,-154.5,-157.0,-157.0,-151.0,-153.5,-155.0,-154.5,-157.0,-154.0,-155.0,-157.0,-150.0,-152.0,-157.0,-152.5,-157.0,-157.0,-156.0,-157.0,-157.0,-155.0,-154.5,-155.0,-156.5,-152.5,-157.0,-157.0,-157.0,-157.0,-157.0,-153.5,-157.0,-155.5,-157.0,-157.0,-157.0,-157.0,-148.5,-149.5,-152.0,-157.0,-157.0,-157.0,-157.0,-155.0,-154.0,-154.0,-151.0,-157.0,-157.0,-157.0,-157.0,-156.0,-155.5,-154.0,-151.5,-157.0,-155.5,-157.0,-155.0,-157.0,-157.0,-157.0,-157.0,-155.5,-157.0,-154.0,-155.5,-156.0,-157.0,-154.5,-157.0,-157.0,-157.0,-157.0,-157.0,-154.0,-153.5,-157.0,-154.5,-155.5,-157.0,-157.0,-157.0,-157.0,-157.0,-152.5,-156.0,-157.0,-153.0,-157.0,-152.5,-157.0,-154.0,-155.0,-157.0,-153.0,-155.5,-152.0,-154.5,-157.0,-157.0,-154.5,-152.0,-157.0,-157.0,-157.0,-157.0,-157.0,-157.0,-153.5,-154.0,-155.0,-152.0,-153.5,-153.5,-154.5,-155.0,-155.0,-157.0,-157.0,-155.5,-150.0,-151.5,-156.0,-157.0,-154.0,-153.5,-153.0,-157.0,-157.0,-156.0,-154.5,-156.0,-157.0,-154.5,-153.0,-157.0,-153.0,-157.0,-157.0,-152.0,-151.0,-157.0,-157.0,-157.0,-157.0,-153.5,-155.5,-157.0,-157.0,-153.5,-153.0,-152.0,-154.5,-156.0,-154.5,-156.5,-149.5,-151.0,-157.0,-157.0,-157.0,-154.5,-156.5,-157.0,-157.0,-157.0,-155.5,-153.0,-157.0,-157.0,-157.0,-157.0,-154.5,-155.0,-154.0,-151.5,-154.5,-157.0,-154.5,-157.0,-157.0,-153.5,-154.0,-157.0,-155.0,-156.0,-153.5,-151.0,-152.0,-156.0,-154.0,-152.5,-156.5,-154.0,-155.0,-157.0,-149.5,-156.0,-153.0,-156.5,-157.0,-154.5,-149.5,-153.5,-155.0,-157.0,-157.0,-156.5,-155.5,-155.5,-156.0,-155.0,-146.0,-144.5,-149.5,-157.0,-157.0,-157.0,-152.0,-151.5,-157.0,-157.0,-157.0,-153.5,-157.0,-157.0,-157.0,-157.0,-157.0,-151.5,-149.0,-153.0,-152.0,-157.0,-157.0,-156.0,-152.5,-157.0,-156.5,-157.0,-157.0,-157.0,-157.0,-157.0,-157.0,-157.0,-157.0,-157.0,-157.0,-157.0,-157.0,-157.0,-157.0,-157.0,-156.5,-157.0,-152.5,-154.5,-157.0,-157.0,-157.0,-157.0,-157.0,-157.0,-151.0,-149.5,-157.0,-156.0,-154.0,-154.0,-157.0,-156.5,-154.0,-157.0,-156.5,-156.0,-154.0,-154.0,-152.0,-157.0,-156.5,-154.5,-155.0,-152.5,-154.0,-152.5,-155.0,-156.5,-155.0,-156.0,-157.0,-157.0,-155.5,-150.0,-156.0,-151.0,-152.0,-157.0,-153.5,-151.0,-152.5,-154.5,-151.0,-153.0,-157.0,-155.0,-157.0,-150.0,-148.5,-157.0,-152.5,-153.5,-157.0,-157.0,-157.0,-157.0,-156.5,-156.5,-155.5,-155.0,-154.5,-151.5,-154.0,-157.0,-157.0,-157.0,-157.0,-157.0,-156.5,-157.0,-154.0,-157.0,-151.5,-152.0,-157.0,-157.0,-157.0,-155.0,-156.0,-151.0,-148.0,-157.0,-157.0,-157.0,-155.0,-153.5,-154.0,-154.5,-155.0,-157.0,-156.5,-151.0,-152.5,-156.5,-151.5,-148.0,-148.0,-155.5,-157.0,-155.0,-154.0,-157.0,-156.5,-157.0,-155.0,-154.0,-157.0,-157.0,-154.0,-157.0,-156.5,-157.0,-155.5,-157.0,-156.0,-152.5,-155.0,-157.0,-154.5,-157.0,-157.0,-157.0,-157.0,-156.5,-156.0,-152.5,-154.5,-157.0,-154.5,-149.0,-151.5,-152.0,-150.5,-157.0,-156.0,-157.0,-157.0,-156.0,-150.0,-151.5,-157.0,-157.0,-157.0,-154.5,-153.0,-156.5,-155.0,-156.0,-155.5,-151.5,-150.0,-157.0,-157.0,-157.0,-157.0,-157.0,-157.0,-155.0,-155.5,-156.5,-157.0,-157.0,-157.0,-157.0,-155.0,-157.0,-157.0,-156.5,-155.0,-154.5,-155.0,-156.5,-155.5,-152.0,-153.0
2026-01-17 13:48:28.407,143.049967,5,-77,-157.0,-157.0,-152.0,-157.0,-157.0,-155.0,-156.5,-154.0,-157.0,-150.0,-151.5,-157.0,-154.0,-155.0,-151.0,-147.0,-150.0,-151.5,-153.0,-149.5,-148.0,-155.0,-157.0,-157.0,-157.0,-157.0,-157.0,-157.0,-157.0,-157.0,-157.0,-151.0,-150.0,-157.0,-154.0,-157.0,-153.5,-151.0,-153.0,-157.0,-157.0,-151.0,-154.0,-157.0,-157.0,-156.5,-149.0,-149.5,-155.0,-152.0,-151.0,-157.0,-153.5,-157.0,-157.0,-157.0,-157.0,-157.0,-157.0,-157.0,-157.0,-157.0,-157.0,-157.0,-155.0,-154.0,-157.0,-157.0,-156.5,-155.5,-154.0,-157.0,-157.0,-157.0,-157.0,-149.5,-150.5,-152.0,-157.0,-157.0,-157.0,-156.0,-155.0,-154.0,-152.5,-148.0,-152.0,-153.5,-156.0,-157.0,-157.0,-157.0,-157.0,-155.0,-157.0,-156.5,-157.0,-150.5,-154.5,-157.0,-157.0,-157.0,-155.0,-157.0,-154.0,-150.5,-151.0,-157.0,-152.0,-157.0,-157.0,-157.0,-157.0,-157.0,-157.0,-156.5,-153.5,-151.5,-154.5,-157.0,-157.0,-156.0,-155.5,-154.0,-154.5,-155.5,-155.5,-152.5,-157.0,-152.0,-154.5,-157.0,-157.0,-157.0,-154.5,-153.0,-153.0,-152.5,-157.0,-157.0,-157.0,-152.5,-157.0,-157.0,-157.0,-157.0,-157.0,-157.0,-157.0,-153.5,-156.5,-156.5,-153.5,-155.0,-157.0,-153.5,-157.0,-157.0,-157.0,-157.0,-152.0,-156.0,-152.0,-157.0,-152.5,-156.5,-152.0,-157.0,-157.0,-157.0,-153.0,-154.5,-157.0,-150.5,-152.0,-154.5,-153.0,-157.0,-157.0,-156.0,-154.0,-154.5,-157.0,-156.5,-155.0,-151.0,-150.0,-157.0,-157.0,-152.5,-150.0,-155.0,-157.0,-155.0,-157.0,-157.0,-149.5,-151.0,-157.0,-157.0,-157.0,-155.0,-157.0,-157.0,-157.0,-156.0,-156.0,-157.0,-157.0,-157.0,-157.0,-154.5,-155.5,-157.0,-157.0,-151.0,-149.5,-152.5,-157.0,-157.0,-157.0,-156.5,-156.5,-157.0,-155.5,-157.0,-152.5,-154.5,-156.0,-157.0,-154.0,-151.5,-155.0,-155.5,-157.0,-156.0,-153.0,-154.5,-152.0,-157.0,-157.0,-154.0,-151.0,-152.5,-157.0,-157.0,-157.0,-156.5,-153.5,-154.5,-156.0,-156.0,-146.0,-145.5,-153.5,-157.0,-157.0,-157.0,-154.0,-151.0,-157.0,-157.0,-156.0,-149.0,-154.5,-157.0,-156.5,-157.0,-155.0,-150.5,-147.0,-149.0,-154.5,-155.5,-154.0,-157.0,-154.5,-157.0,-155.0,-157.0,-157.0,-157.0,-157.0,-152.5,-153.5,-156.5,-157.0,-157.0,-154.0,-155.0,-157.0,-157.0,-154.5,-157.0,-156.5,-157.0,-156.5,-157.0,-156.0,-157.0,-154.5,-156.0,-157.0,-157.0,-154.5,-152.5,-157.0,-157.0,-154.0,-154.0,-157.0,-157.0,-151.5,-154.0,-153.5,-156.5,-155.0,-156.5,-152.5,-153.0,-150.5,-150.5,-155.0,-152.0,-152.5,-155.5,-157.0,-157.0,-154.5,-153.0,-155.5,-157.0,-157.0,-151.5,-151.0,-152.0,-153.5,-157.0,-157.0,-150.5,-151.0,-155.0,-152.5,-153.5,-157.0,-154.0,-152.0,-156.5,-150.5,-157.0,-155.0,-157.0,-157.0,-157.0,-156.5,-157.0,-156.0,-154.0,-151.5,-151.5,-157.0,-157.0,-155.5,-157.0,-157.0,-156.5,-157.0,-157.0,-153.0,-154.0,-155.5,-154.5,-152.5,-157.0,-157.0,-157.0,-157.0,-154.0,-154.5,-148.5,-147.0,-157.0,-157.0,-156.0,-155.5,-155.0,-157.0,-152.0,-151.5,-157.0,-157.0,-152.0,-150.0,-157.0,-151.5,-149.5,-151.5,-155.5,-157.0,-153.0,-153.5,-157.0,-153.5,-156.5,-157.0,-157.0,-157.0,-157.0,-152.5,-152.0,-157.0,-157.0,-154.0,-157.0,-157.0,-155.5,-155.0,-157.0,-157.0,-157.0,-157.0,-155.5,-156.5,-155.5,-157.0,-156.5,-154.5,-157.0,-153.0,-153.0,-153.5,-152.5,-155.5,-157.0,-154.5,-155.5,-157.0,-157.0,-151.5,-152.0,-156.5,-157.0,-157.0,-157.0,-157.0,-157.0,-155.0,-156.0,-157.0,-151.0,-150.5,-157.0,-157.0,-157.0,-157.0,-157.0,-157.0,-155.5,-152.5,-156.5,-155.5,-157.0,-157.0,-156.0,-154.5,-157.0,-156.5,-154.0,-154.5,-155.0,-153.5,-157.0,-157.0,-157.0,-157.0
2026-01-17 13:48:28.442,143.049967,5,-77,-157.0,-157.0,-157.0,-157.0,-155.0,-156.5,-157.0,-157.0,-157.0,-150.5,-152.0,-152.0,-151.5,-153.5,-154.5,-149.0,-150.5,-155.0,-157.0,-148.5,-149.0,-157.0,-157.0,-157.0,-157.0,-157.0,-157.0,-157.0,-157.0,-157.0,-157.0,-154.5,-154.5,-157.0,-153.0,-157.0,-157.0,-156.0,-153.5,-157.0,-157.0,-153.0,-157.0,-157.0,-157.0,-156.0,-150.5,-150.5,-157.0,-157.0,-154.5,-157.0,-154.0,-157.0,-157.0,-157.0,-157.0,-157.0,-157.0,-157.0,-157.0,-157.0,-157.0,-157.0,-149.5,-149.5,-152.5,-157.0,-157.0,-152.0,-151.0,-157.0,-155.5,-153.5,-157.0,-155.0,-157.0,-157.0,-157.0,-157.0,-157.0,-155.5,-157.0,-157.0,-154.0,-147.5,-150.0,-154.5,-157.0,-157.0,-157.0,-154.5,-157.0,-152.0,-156.5,-154.5,-157.0,-150.5,-153.5,-155.5,-156.0,-156.5,-156.0,-157.0,-157.0,-150.5,-150.5,-154.5,-149.0,-151.5,-153.0,-152.5,-157.0,-155.0,-157.0,-157.0,-156.5,-155.0,-155.0,-157.0,-155.5,-153.0,-152.0,-157.0,-157.0,-157.0,-155.5,-154.5,-155.5,-153.5,-157.0,-157.0,-157.0,-156.0,-156.0,-155.5,-156.5,-155.0,-157.0,-157.0,-153.5,-150.0,-157.0,-157.0,-154.0,-154.0,-156.5,-157.0,-157.0,-155.5,-154.0,-157.0,-157.0,-157.0,-157.0,-156.5,-157.0,-157.0,-157.0,-157.0,-152.5,-153.0,-151.5,-156.0,-151.5,-156.0,-154.5,-157.0,-157.0,-157.0,-156.5,-155.0,-153.5,-150.0,-157.0,-153.5,-157.0,-157.0,-157.0,-157.0,-157.0,-156.5,-157.0,-157.0,-156.5,-151.0,-150.0,-157.0,-157.0,-154.5,-152.5,-157.0,-157.0,-155.0,-156.5,-157.0,-156.5,-157.0,-157.0,-157.0,-157.0,-155.0,-157.0,-157.0,-157.0,-156.0,-155.0,-157.0,-157.0,-157.0,-157.0,-157.0,-156.0,-157.0,-157.0,-157.0,-148.5,-152.0,-157.0,-157.0,-157.0,-154.5,-155.0,-155.0,-153.5,-157.0,-156.0,-157.0,-155.0,-154.5,-157.0,-156.5,-157.0,-157.0,-157.0,-157.0,-157.0,-157.0,-156.5,-156.5,-152.5,-152.5,-157.0,-153.0,-153.5,-156.0,-156.5,-155.0,-153.0,-152.5,-157.0,-153.0,-150.0,-150.5,-153.0,-157.0,-157.0,-156.0,-155.5,-151.5,-153.5,-157.0,-155.0,-149.5,-157.0,-157.0,-157.0,-157.0,-157.0,-150.0,-146.5,-146.0,-156.5,-157.0,-153.0,-157.0,-153.5,-155.5,-153.5,-157.0,-157.0,-157.0,-155.5,-150.5,-155.0,-157.0,-155.5,-157.0,-155.5,-157.0,-156.0,-152.0,-151.5,-155.0,-153.5,-156.0,-155.0,-154.0,-155.0,-157.0,-155.0,-157.0,-157.0,-157.0,-155.0,-157.0,-157.0,-157.0,-154.5,-149.5,-148.5,-154.5,-150.0,-152.5,-152.0,-154.0,-154.0,-154.5,-157.0,-150.0,-150.0,-151.5,-157.0,-153.0,-154.0,-157.0,-157.0,-157.0,-153.0,-151.0,-153.0,-157.0,-157.0,-157.0,-156.0,-155.5,-157.0,-157.0,-156.5,-156.0,-151.0,-157.0,-157.0,-157.0,-155.0,-152.5,-150.0,-157.0,-152.0,-153.0,-157.0,-157.0,-156.5,-152.5,-152.0,-157.0,-155.5,-157.0,-155.5,-154.5,-157.0,-156.0,-152.0,-154.5,-157.0,-156.0,-157.0,-157.0,-154.5,-157.0,-157.0,-155.5,-157.0,-157.0,-157.0,-157.0,-155.0,-155.0,-154.5,-151.0,-150.0,-157.0,-155.0,-151.5,-157.0,-157.0,-155.5,-153.0,-153.0,-157.0,-157.0,-153.0,-153.0,-156.5,-157.0,-156.5,-157.0,-157.0,-157.0,-157.0,-156.5,-156.5,-152.5,-152.5,-157.0,-157.0,-156.0,-154.0,-152.5,-151.0,-157.0,-157.0,-152.5,-157.0,-157.0,-157.0,-157.0,-157.0,-157.0,-157.0,-157.0,-155.5,-157.0,-153.5,-155.5,-157.0,-157.0,-157.0,-156.5,-157.0,-157.0,-153.0,-157.0,-157.0,-157.0,-157.0,-156.5,-157.0,-157.0,-154.0,-153.5,-157.0,-153.0,-157.0,-157.0,-157.0,-157.0,-154.0,-156.0,-153.5,-157.0,-155.0,-157.0,-157.0,-157.0,-154.0,-153.5,-155.5,-155.0,-157.0,-157.0,-157.0,-156.5,-157.0,-155.0,-154.0,-157.0,-153.0,-157.0,-157.0,-156.5,-157.0,-157.0,-157.0,-156.0
2026-01-17 13:48:28.470,143.049967,5,-77,-157.0,-157.0,-157.0,-157.0,-154.0,-157.0,-157.0,-157.0,-157.0,-155.5,-157.0,-151.5,-151.5,-157.0,-152.5,-156.0,-155.0,-157.0,-157.0,-154.0,-153.5,-157.0,-157.0,-156.5,-156.0,-155.0,-153.0,-157.0,-157.0,-157.0,-157.0,-157.0,-157.0,-157.0,-153.5,-155.0,-157.0,-157.0,-154.5,-153.5,-154.5,-156.0,-157.0,-155.0,-157.0,-156.5,-152.5,-154.5,-157.0,-157.0,-157.0,-157.0,-153.5,-157.0,-157.0,-157.0,-156.0,-154.5,-153.5,-157.0,-155.5,-157.0,-155.0,-154.5,-148.0,-148.5,-156.5,-157.0,-155.5,-150.5,-149.5,-157.0,-153.0,-152.0,-157.0,-157.0,-157.0,-157.0,-157.0,-157.0,-157.0,-153.5,-156.5,-157.0,-154.5,-152.0,-157.0,-157.0,-157.0,-157.0,-154.5,-152.0,-154.5,-151.0,-154.0,-154.0,-156.0,-155.5,-157.0,-154.0,-156.0,-156.0,-157.0,-157.0,-154.0,-149.0,-153.0,-153.5,-151.0,-151.0,-152.0,-156.5,-154.5,-155.5,-157.0,-155.5,-155.0,-157.0,-157.0,-157.0,-157.0,-156.0,-151.0,-157.0,-157.0,-157.0,-157.0,-155.5,-156.0,-157.0,-157.0,-154.0,-155.0,-153.5,-154.5,-157.0,-157.0,-154.5,-156.0,-157.0,-150.5,-149.0,-151.0,-155.0,-151.0,-152.5,-157.0,-157.0,-156.5,-154.0,-153.5,-155.5,-157.0,-157.0,-157.0,-157.0,-153.0,-154.5,-157.0,-156.0,-153.5,-154.0,-152.0,-156.0,-151.5,-157.0,-157.0,-157.0,-156.0,-156.0,-157.0,-152.0,-147.5,-149.5,-157.0,-156.0,-157.0,-157.0,-157.0,-157.0,-157.0,-153.0,-151.5,-156.0,-157.0,-156.5,-154.0,-157.0,-157.0,-157.0,-156.0,-157.0,-157.0,-156.0,-156.5,-157.0,-157.0,-157.0,-157.0,-157.0,-157.0,-154.5,-156.5,-157.0,-155.0,-157.0,-157.0,-156.5,-154.0,-154.5,-157.0,-155.0,-157.0,-157.0,-157.0,-155.0,-151.5,-155.0,-157.0,-154.0,-153.5,-154.0,-156.0,-157.0,-155.0,-157.0,-157.0,-157.0,-152.0,-152.0,-157.0,-157.0,-157.0,-156.0,-156.0,-157.0,-155.0,-157.0,-157.0,-153.0,-151.5,-156.5,-157.0,-154.5,-151.5,-157.0,-157.0,-152.5,-152.5,-154.0,-157.0,-151.0,-147.0,-150.0,-150.5,-157.0,-157.0,-154.5,-157.0,-154.5,-154.0,-157.0,-156.5,-152.0,-156.5,-157.0,-157.0,-157.0,-157.0,-149.5,-147.0,-147.5,-157.0,-157.0,-151.5,-156.5,-150.0,-156.0,-156.0,-157.0,-157.0,-156.0,-153.0,-150.0,-157.0,-157.0,-157.0,-157.0,-157.0,-157.0,-153.5,-154.5,-155.5,-156.0,-155.0,-152.0,-153.0,-154.0,-155.0,-152.0,-152.0,-157.0,-157.0,-157.0,-154.0,-154.0,-154.5,-157.0,-157.0,-149.0,-148.5,-153.0,-150.0,-149.0,-153.0,-153.0,-157.0,-156.0,-157.0,-150.0,-151.0,-154.5,-157.0,-155.0,-152.5,-153.0,-155.5,-157.0,-155.5,-153.0,-157.0,-157.0,-157.0,-157.0,-157.0,-157.0,-157.0,-157.0,-151.5,-153.0,-151.0,-157.0,-157.0,-151.5,-150.5,-153.0,-150.5,-154.0,-153.0,-153.5,-157.0,-156.0,-157.0,-153.5,-151.0,-156.0,-152.5,-155.5,-157.0,-151.5,-151.0,-154.0,-151.5,-155.5,-157.0,-157.0,-157.0,-155.5,-157.0,-157.0,-157.0,-154.5,-157.0,-156.0,-157.0,-155.5,-152.0,-157.0,-157.0,-157.0,-157.0,-157.0,-154.5,-151.5,-154.5,-155.0,-157.0,-155.0,-156.0,-156.5,-153.5,-153.0,-157.0,-157.0,-154.5,-156.5,-157.0,-157.0,-157.0,-157.0,-155.5,-156.0,-157.0,-154.5,-152.5,-157.0,-156.0,-152.0,-156.0,-155.0,-157.0,-156.5,-151.5,-157.0,-157.0,-157.0,-157.0,-156.5,-157.0,-157.0,-157.0,-157.0,-156.5,-156.5,-153.0,-154.0,-157.0,-155.0,-155.5,-157.0,-157.0,-153.5,-153.5,-157.0,-157.0,-157.0,-156.5,-157.0,-157.0,-155.0,-156.0,-154.5,-150.5,-154.5,-156.5,-156.5,-157.0,-153.0,-156.0,-154.5,-156.0,-153.5,-157.0,-157.0,-157.0,-153.0,-154.5,-157.0,-154.5,-157.0,-157.0,-152.5,-155.0,-157.0,-156.5,-155.0,-156.5,-152.0,-157.0,-157.0,-157.0,-157.0,-157.0,-157.0,-155.0
2026-01-17 13:48:28.506,143.049967,5,-77,-157.0,-157.0,-157.0,-157.0,-154.5,-157.0,-155.5,-157.0,-157.0,-157.0,-157.0,-157.0,-157.0,-157.0,-151.5,-155.5,-157.0,-157.0,-157.0,-157.0,-157.0,-157.0,-157.0,-153.5,-151.5,-153.5,-153.5,-157.0,-157.0,-155.0,-157.0,-157.0,-157.0,-157.0,-157.0,-157.0,-155.0,-155.0,-156.0,-151.0,-152.5,-157.0,-157.0,-154.5,-155.5,-156.0,-151.5,-154.0,-157.0,-157.0,-157.0,-157.0,-152.5,-157.0,-157.0,-157.0,-153.0,-151.5,-153.5,-157.0,-157.0,-154.5,-152.0,-152.0,-150.0,-155.5,-157.0,-157.0,-151.0,-151.5,-151.0,-153.5,-151.0,-153.0,-157.0,-155.0,-157.0,-157.0,-157.0,-157.0,-157.0,-152.0,-157.0,-157.0,-156.0,-154.0,-156.0,-157.0,-157.0,-157.0,-156.0,-156.0,-153.5,-154.0,-156.5,-155.5,-157.0,-157.0,-155.0,-154.0,-157.0,-157.0,-157.0,-157.0,-151.5,-149.5,-154.5,-157.0,-155.5,-154.0,-153.0,-157.0,-157.0,-157.0,-157.0,-157.0,-154.0,-155.5,-157.0,-157.0,-157.0,-150.5,-150.0,-152.5,-151.0,-152.0,-157.0,-154.5,-156.5,-157.0,-156.0,-151.5,-154.5,-154.5,-154.0,-155.0,-157.0,-156.0,-157.0,-157.0,-154.0,-151.0,-149.5,-157.0,-154.0,-157.0,-157.0,-157.0,-154.0,-155.0,-157.0,-155.5,-154.0,-153.5,-154.0,-151.0,-150.0,-154.5,-154.5,-157.0,-157.0,-156.5,-153.0,-156.0,-153.5,-157.0,-157.0,-157.0,-157.0,-154.5,-153.5,-152.0,-149.0,-151.0,-157.0,-157.0,-152.5,-153.5,-157.0,-157.0,-154.5,-153.5,-152.0,-157.0,-157.0,-155.5,-152.0,-152.5,-157.0,-157.0,-156.0,-154.5,-157.0,-157.0,-157.0,-157.0,-157.0,-157.0,-153.0,-155.0,-157.0,-156.5,-157.0,-155.0,-153.0,-153.0,-157.0,-153.0,-150.5,-152.5,-157.0,-151.5,-156.0,-157.0,-156.0,-153.5,-157.0,-157.0,-157.0,-155.5,-152.5,-154.0,-157.0,-157.0,-157.0,-156.0,-155.5,-154.5,-153.5,-152.5,-157.0,-156.0,-150.0,-150.5,-150.0,-153.0,-153.0,-157.0,-157.0,-155.0,-154.5,-157.0,-157.0,-157.0,-153.5,-157.0,-155.5,-153.5,-157.0,-155.5,-157.0,-148.0,-144.5,-151.0,-154.0,-157.0,-156.5,-157.0,-157.0,-157.0,-157.0,-157.0,-154.5,-153.5,-157.0,-157.0,-154.5,-153.5,-152.5,-149.5,-151.0,-151.5,-157.0,-156.5,-153.5,-157.0,-147.5,-151.0,-157.0,-157.0,-157.0,-156.5,-156.0,-150.0,-157.0,-157.0,-156.5,-157.0,-157.0,-156.0,-156.0,-157.0,-155.5,-153.5,-154.5,-151.0,-154.5,-157.0,-155.5,-152.5,-152.0,-154.0,-157.0,-157.0,-156.5,-152.5,-157.0,-154.5,-157.0,-153.5,-152.5,-152.5,-155.0,-153.0,-157.0,-152.5,-154.5,-157.0,-157.0,-150.5,-148.5,-151.0,-157.0,-156.5,-155.0,-153.5,-152.0,-154.0,-157.0,-155.0,-155.5,-157.0,-156.5,-156.0,-155.5,-154.0,-155.0,-157.0,-151.0,-151.5,-154.5,-157.0,-156.5,-148.0,-149.5,-154.5,-152.5,-154.0,-154.0,-157.0,-157.0,-157.0,-157.0,-155.5,-152.0,-155.0,-153.5,-157.0,-157.0,-151.5,-151.0,-157.0,-157.0,-157.0,-157.0,-157.0,-157.0,-154.5,-157.0,-157.0,-157.0,-154.5,-157.0,-157.0,-152.0,-149.0,-151.0,-157.0,-156.5,-157.0,-157.0,-157.0,-157.0,-154.5,-153.5,-152.5,-156.5,-157.0,-157.0,-157.0,-153.5,-153.5,-157.0,-157.0,-153.5,-151.0,-151.0,-152.5,-155.0,-154.5,-157.0,-157.0,-157.0,-157.0,-152.0,-154.0,-155.0,-151.0,-153.5,-157.0,-157.0,-157.0,-153.5,-157.0,-157.0,-156.0,-157.0,-154.0,-157.0,-157.0,-157.0,-157.0,-155.0,-157.0,-152.0,-150.5,-155.5,-153.5,-156.0,-155.5,-157.0,-157.0,-154.5,-157.0,-157.0,-157.0,-157.0,-156.5,-157.0,-157.0,-157.0,-155.5,-151.5,-156.0,-155.0,-156.0,-154.5,-157.0,-157.0,-155.5,-157.0,-152.5,-157.0,-157.0,-157.0,-155.0,-157.0,-157.0,-151.5,-157.0,-157.0,-153.5,-156.5,-152.5,-154.0,-157.0,-154.5,-152.0,-157.0,-157.0,-157.0,-156.5,-157.0,-155.5,-155.5
2026-01-17 13:48:28.537,143.049967,5,-77,-157.0,-157.0,-157.0,-157.0,-153.0,-153.5,-155.5,-157.0,-155.5,-157.0,-157.0,-157.0,-157.0,-157.0,-153.0,-152.0,-157.0,-157.0,-157.0,-157.0,-157.0,-156.5,-157.0,-152.5,-150.0,-153.0,-151.5,-154.5,-157.0,-153.5,-157.0,-157.0,-156.0,-157.0,-157.0,-156.0,-157.0,-155.0,-157.0,-156.0,-152.0,-154.5,-157.0,-157.0,-157.0,-157.0,-153.5,-157.0,-155.0,-157.0,-157.0,-157.0,-150.5,-152.0,-157.0,-157.0,-157.0,-156.0,-156.0,-157.0,-157.0,-157.0,-154.5,-157.0,-153.5,-157.0,-157.0,-157.0,-153.0,-153.5,-154.0,-157.0,-151.0,-153.5,-156.5,-156.0,-157.0,-156.0,-155.5,-154.5,-155.5,-151.0,-157.0,-157.0,-155.5,-157.0,-155.0,-157.0,-154.0,-156.0,-157.0,-157.0,-157.0,-157.0,-155.0,-153.5,-156.0,-155.0,-154.5,-157.0,-155.5,-156.5,-157.0,-157.0,-157.0,-154.0,-156.5,-156.5,-155.5,-157.0,-155.5,-157.0,-157.0,-157.0,-157.0,-157.0,-154.0,-153.5,-157.0,-157.0,-152.0,-150.5,-152.5,-151.5,-148.0,-150.0,-156.5,-155.5,-157.0,-157.0,-157.0,-153.5,-157.0,-157.0,-155.5,-153.0,-157.0,-157.0,-157.0,-157.0,-156.5,-154.0,-153.0,-157.0,-157.0,-157.0,-157.0,-157.0,-157.0,-157.0,-157.0,-157.0,-155.0,-154.5,-154.0,-149.5,-148.5,-153.5,-154.5,-157.0,-155.5,-152.0,-156.5,-157.0,-157.0,-157.0,-157.0,-156.5,-157.0,-152.0,-155.0,-152.0,-156.5,-154.0,-157.0,-157.0,-152.0,-153.0,-157.0,-157.0,-156.5,-152.5,-154.5,-157.0,-157.0,-152.5,-151.0,-156.5,-157.0,-157.0,-157.0,-157.0,-157.0,-157.0,-156.5,-157.0,-156.5,-154.5,-150.5,-150.5,-155.5,-154.5,-157.0,-150.0,-151.0,-154.5,-157.0,-156.5,-151.5,-156.0,-157.0,-149.5,-156.5,-155.0,-157.0,-153.5,-156.5,-157.0,-156.5,-157.0,-155.0,-153.0,-157.0,-157.0,-154.5,-157.0,-151.5,-150.5,-155.0,-155.0,-154.0,-153.5,-148.5,-149.5,-151.0,-153.5,-155.5,-157.0,-157.0,-157.0,-157.0,-157.0,-157.0,-157.0,-156.5,-157.0,-157.0,-157.0,-157.0,-155.0,-157.0,-147.0,-145.0,-154.5,-155.5,-157.0,-157.0,-157.0,-157.0,-157.0,-157.0,-157.0,-156.0,-157.0,-157.0,-157.0,-153.5,-152.5,-153.0,-153.0,-157.0,-156.5,-154.0,-156.5,-155.0,-156.5,-148.5,-152.5,-156.5,-157.0,-157.0,-157.0,-157.0,-153.5,-157.0,-157.0,-157.0,-157.0,-157.0,-152.5,-156.0,-157.0,-152.5,-152.0,-155.5,-153.5,-153.0,-155.5,-157.0,-157.0,-157.0,-154.5,-153.5,-157.0,-157.0,-154.0,-153.0,-152.5,-155.0,-152.0,-153.5,-153.5,-157.0,-153.0,-154.5,-156.0,-155.5,-157.0,-157.0,-157.0,-148.0,-147.5,-157.0,-157.0,-157.0,-154.5,-153.0,-153.5,-155.5,-156.5,-153.5,-154.5,-156.5,-157.0,-156.5,-151.5,-154.5,-157.0,-156.5,-156.5,-155.5,-157.0,-154.5,-149.5,-157.0,-154.0,-153.0,-157.0,-153.5,-157.0,-157.0,-157.0,-157.0,-154.5,-151.5,-155.0,-157.0,-157.0,-154.0,-152.5,-154.0,-155.5,-157.0,-157.0,-157.0,-157.0,-152.0,-151.5,-156.0,-157.0,-157.0,-157.0,-157.0,-157.0,-147.5,-147.0,-156.0,-157.0,-155.0,-156.5,-157.0,-157.0,-157.0,-156.0,-156.0,-150.0,-151.0,-157.0,-157.0,-157.0,-153.5,-156.5,-157.0,-157.0,-152.0,-148.0,-148.5,-150.0,-153.0,-155.0,-157.0,-156.0,-157.0,-157.0,-155.0,-152.5,-154.5,-152.5,-153.0,-154.5,-153.0,-157.0,-154.0,-155.5,-157.0,-157.0,-152.0,-154.0,-157.0,-155.0,-154.5,-153.5,-154.5,-157.0,-157.0,-152.5,-153.0,-155.0,-157.0,-154.5,-154.0,-152.5,-154.5,-157.0,-157.0,-154.5,-151.0,-153.0,-156.0,-157.0,-157.0,-156.0,-155.5,-156.0,-153.5,-155.5,-153.5,-157.0,-157.0,-156.0,-155.0,-155.0,-157.0,-157.0,-157.0,-156.5,-157.0,-157.0,-154.5,-157.0,-157.0,-155.0,-157.0,-149.5,-152.5,-157.0,-157.0,-157.0,-154.0,-153.5,-157.0,-155.5,-157.0,-157.0,-152.5
2026-01-17 13:48:28.539,143.049967,5,-77,-157.0,-157.0,-157.0,-157.0,-153.0,-153.5,-155.5,-157.0,-155.5,-157.0,-157.0,-157.0,-157.0,-157.0,-153.0,-152.0,-157.0,-157.0,-157.0,-157.0,-157.0,-156.5,-157.0,-152.5,-150.0,-153.0,-151.5,-154.5,-157.0,-153.5,-157.0,-157.0,-156.0,-157.0,-157.0,-156.0,-157.0,-155.0,-157.0,-156.0,-152.0,-154.5,-157.0,-157.0,-157.0,-157.0,-153.5,-157.0,-155.0,-157.0,-157.0,-157.0,-150.5,-152.0,-157.0,-157.0,-157.0,-156.0,-156.0,-157.0,-157.0,-157.0,-154.5,-157.0,-153.5,-157.0,-157.0,-157.0,-153.0,-153.5,-154.0,-157.0,-151.0,-153.5,-156.5,-156.0,-157.0,-156.0,-155.5,-154.5,-155.5,-151.0,-157.0,-157.0,-155.5,-157.0,-155.0,-157.0,-154.0,-156.0,-157.0,-157.0,-157.0,-157.0,-155.0,-153.5,-156.0,-155.0,-154.5,-157.0,-155.5,-156.5,-157.0,-157.0,-157.0,-154.0,-156.5,-156.5,-155.5,-157.0,-155.5,-157.0,-157.0,-157.0,-157.0,-157.0,-154.0,-153.5,-157.0,-157.0,-152.0,-150.5,-152.5,-151.5,-148.0,-150.0,-156.5,-155.5,-157.0,-157.0,-157.0,-153.5,-157.0,-157.0,-155.5,-153.0,-157.0,-157.0,-157.0,-157.0,-156.5,-154.0,-153.0,-157.0,-157.0,-157.0,-157.0,-157.0,-157.0,-157.0,-157.0,-157.0,-155.0,-154.5,-154.0,-149.5,-148.5,-153.5,-154.5,-157.0,-155.5,-152.0,-156.5,-157.0,-157.0,-157.0,-157.0,-156.5,-157.0,-152.0,-155.0,-152.0,-156.5,-154.0,-157.0,-157.0,-152.0,-153.0,-157.0,-157.0,-156.5,-152.5,-154.5,-157.0,-157.0,-152.5,-151.0,-156.5,-157.0,-157.0,-157.0,-157.0,-157.0,-157.0,-156.5,-157.0,-156.5,-154.5,-150.5,-150.5,-155.5,-154.5,-157.0,-150.0,-151.0,-154.5,-157.0,-156.5,-151.5,-156.0,-157.0,-149.5,-156.5,-155.0,-157.0,-153.5,-156.5,-157.0,-156.5,-157.0,-155.0,-153.0,-157.0,-157.0,-154.5,-157.0,-151.5,-150.5,-155.0,-155.0,-154.0,-153.5,-148.5,-149.5,-151.0,-153.5,-155.5,-157.0,-157.0,-157.0,-157.0,-157.0,-157.0,-157.0,-156.5,-157.0,-157.0,-157.0,-157.0,-155.0,-157.0,-147.0,-145.0,-154.5,-155.5,-157.0,-157.0,-157.0,-157.0,-157.0,-157.0,-157.0,-156.0,-157.0,-157.0,-157.0,-153.5,-152.5,-153.0,-153.0,-157.0,-156.5,-154.0,-156.5,-155.0,-156.5,-148.5,-152.5,-156.5,-157.0,-157.0,-157.0,-157.0,-153.5,-157.0,-157.0,-157.0,-157.0,-157.0,-152.5,-156.0,-157.0,-152.5,-152.0,-155.5,-153.5,-153.0,-155.5,-157.0,-157.0,-157.0,-154.5,-153.5,-157.0,-157.0,-154.0,-153.0,-152.5,-155.0,-152.0,-153.5,-153.5,-157.0,-153.0,-154.5,-156.0,-155.5,-157.0,-157.0,-157.0,-148.0,-147.5,-157.0,-157.0,-157.0,-154.5,-153.0,-153.5,-155.5,-156.5,-153.5,-154.5,-156.5,-157.0,-156.5,-151.5,-154.5,-157.0,-156.5,-156.5,-155.5,-157.0,-154.5,-149.5,-157.0,-154.0,-153.0,-157.0,-153.5,-157.0,-157.0,-157.0,-157.0,-154.5,-151.5,-155.0,-157.0,-157.0,-154.0,-152.5,-154.0,-155.5,-157.0,-157.0,-157.0,-157.0,-152.0,-151.5,-156.0,-157.0,-157.0,-157.0,-157.0,-157.0,-147.5,-147.0,-156.0,-157.0,-155.0,-156.5,-157.0,-157.0,-157.0,-156.0,-156.0,-150.0,-151.0,-157.0,-157.0,-157.0,-153.5,-156.5,-157.0,-157.0,-152.0,-148.0,-148.5,-150.0,-153.0,-155.0,-157.0,-156.0,-157.0,-157.0,-155.0,-152.5,-154.5,-152.5,-153.0,-154.5,-153.0,-157.0,-154.0,-155.5,-157.0,-157.0,-152.0,-154.0,-157.0,-155.0,-154.5,-153.5,-154.5,-157.0,-157.0,-152.5,-153.0,-155.0,-157.0,-154.5,-154.0,-152.5,-154.5,-157.0,-157.0,-154.5,-151.0,-153.0,-156.0,-157.0,-157.0,-156.0,-155.5,-156.0,-153.5,-155.5,-153.5,-157.0,-157.0,-156.0,-155.0,-155.0,-157.0,-157.0,-157.0,-156.5,-157.0,-157.0,-154.5,-157.0,-157.0,-155.0,-157.0,-149.5,-152.5,-157.0,-157.0,-157.0,-154.0,-153.5,-157.0,-155.5,-157.0,-157.0,-152.5
2026-01-17 13:48:28.569,143.049967,5,-77,-157.0,-157.0,-156.5,-157.0,-153.5,-152.5,-155.5,-157.0,-157.0,-157.0,-157.0,-157.0,-156.0,-157.0,-156.0,-152.5,-154.5,-153.0,-157.0,-157.0,-157.0,-155.5,-157.0,-151.5,-150.5,-151.0,-148.5,-157.0,-157.0,-152.5,-154.5,-157.0,-153.5,-154.0,-157.0,-156.0,-156.5,-153.5,-157.0,-157.0,-154.0,-155.0,-157.0,-157.0,-157.0,-157.0,-155.5,-154.5,-153.0,-157.0,-153.5,-153.5,-148.0,-148.0,-157.0,-157.0,-157.0,-157.0,-150.5,-151.5,-157.0,-157.0,-156.0,-154.5,-157.0,-157.0,-155.0,-156.5,-157.0,-154.5,-154.0,-157.0,-152.5,-152.0,-157.0,-157.0,-157.0,-155.0,-155.5,-153.0,-151.5,-151.0,-154.0,-157.0,-155.0,-157.0,-157.0,-157.0,-152.5,-153.0,-157.0,-157.0,-157.0,-157.0,-157.0,-154.0,-154.0,-154.5,-157.0,-157.0,-152.0,-155.0,-156.5,-155.5,-157.0,-155.5,-156.5,-157.0,-157.0,-157.0,-152.0,-155.0,-156.5,-157.0,-156.0,-157.0,-157.0,-156.5,-157.0,-152.5,-150.0,-157.0,-157.0,-156.0,-153.0,-154.0,-154.5,-156.0,-157.0,-153.5,-154.0,-157.0,-157.0,-157.0,-157.0,-153.5,-157.0,-157.0,-157.0,-157.0,-157.0,-155.0,-156.0,-155.0,-157.0,-157.0,-157.0,-157.0,-157.0,-157.0,-157.0,-157.0,-155.5,-157.0,-157.0,-154.0,-148.5,-151.5,-155.0,-157.0,-155.0,-150.5,-155.5,-156.0,-157.0,-157.0,-157.0,-155.5,-153.0,-151.0,-153.0,-154.5,-154.0,-157.0,-157.0,-157.0,-155.0,-154.0,-156.0,-155.0,-157.0,-152.5,-154.5,-157.0,-154.5,-153.5,-153.5,-157.0,-155.5,-153.5,-156.5,-157.0,-155.5,-157.0,-156.5,-157.0,-156.5,-152.0,-153.0,-152.0,-157.0,-150.5,-150.5,-147.0,-149.0,-157.0,-157.0,-157.0,-152.5,-157.0,-155.0,-148.0,-151.5,-155.0,-156.0,-153.0,-156.0,-157.0,-155.5,-157.0,-157.0,-155.0,-155.0,-153.5,-152.5,-156.5,-155.0,-153.0,-152.5,-154.0,-151.5,-152.5,-152.0,-152.5,-152.0,-152.0,-154.0,-155.0,-156.0,-157.0,-157.0,-157.0,-157.0,-157.0,-156.0,-157.0,-157.0,-157.0,-157.0,-157.0,-157.0,-148.0,-149.0,-157.0,-156.5,-157.0,-157.0,-156.5,-157.0,-157.0,-157.0,-157.0,-156.0,-157.0,-157.0,-157.0,-157.0,-157.0,-157.0,-157.0,-157.0,-156.0,-151.5,-154.5,-154.5,-154.5,-155.5,-157.0,-157.0,-157.0,-157.0,-157.0,-157.0,-154.0,-157.0,-155.0,-157.0,-157.0,-157.0,-151.5,-154.0,-157.0,-154.0,-156.0,-157.0,-157.0,-152.0,-155.5,-157.0,-156.5,-157.0,-155.0,-153.5,-157.0,-157.0,-157.0,-152.5,-154.0,-151.5,-152.0,-155.0,-155.0,-157.0,-151.0,-151.0,-157.0,-157.0,-154.5,-157.0,-157.0,-150.0,-148.5,-157.0,-157.0,-157.0,-155.5,-157.0,-156.5,-155.0,-156.5,-157.0,-157.0,-157.0,-156.0,-157.0,-151.0,-157.0,-157.0,-157.0,-155.5,-154.0,-157.0,-157.0,-152.0,-157.0,-157.0,-154.5,-157.0,-150.5,-152.5,-157.0,-157.0,-157.0,-156.0,-153.5,-155.5,-157.0,-156.5,-155.0,-152.5,-157.0,-151.5,-152.0,-157.0,-156.0,-154.5,-150.5,-151.5,-155.5,-157.0,-157.0,-157.0,-157.0,-157.0,-149.0,-152.0,-157.0,-156.0,-153.0,-153.0,-157.0,-157.0,-157.0,-157.0,-157.0,-150.0,-148.5,-150.5,-157.0,-156.0,-153.5,-157.0,-157.0,-154.0,-154.5,-152.0,-153.0,-150.5,-150.5,-157.0,-157.0,-157.0,-153.5,-152.0,-154.0,-153.5,-157.0,-157.0,-156.0,-157.0,-154.5,-155.5,-154.5,-157.0,-157.0,-157.0,-154.0,-155.5,-157.0,-153.5,-155.0,-153.0,-155.0,-157.0,-155.0,-155.5,-152.5,-157.0,-155.0,-157.0,-154.0,-149.5,-155.0,-157.0,-157.0,-150.5,-148.5,-154.0,-157.0,-156.5,-157.0,-155.5,-157.0,-154.5,-153.5,-157.0,-156.0,-155.5,-157.0,-157.0,-157.0,-156.5,-157.0,-157.0,-157.0,-156.5,-157.0,-157.0,-156.0,-156.5,-154.5,-155.5,-157.0,-150.0,-151.5,-157.0,-157.0,-157.0,-155.0,-156.5,-157.0,-157.0,-157.0,-157.0,-151.5
2026-01-17 13:48:28.569,143.049967,5,-77,-157.0,-157.0,-156.5,-157.0,-153.5,-152.5,-155.5,-157.0,-157.0,-157.0,-157.0,-157.0,-156.0,-157.0,-156.0,-152.5,-154.5,-153.0,-157.0,-157.0,-157.0,-155.5,-157.0,-151.5,-150.5,-151.0,-148.5,-157.0,-157.0,-152.5,-154.5,-157.0,-153.5,-154.0,-157.0,-156.0,-156.5,-153.5,-157.0,-157.0,-154.0,-155.0,-157.0,-157.0,-157.0,-157.0,-155.5,-154.5,-153.0,-157.0,-153.5,-153.5,-148.0,-148.0,-157.0,-157.0,-157.0,-157.0,-150.5,-151.5,-157.0,-157.0,-156.0,-154.5,-157.0,-157.0,-155.0,-156.5,-157.0,-154.5,-154.0,-157.0,-152.5,-152.0,-157.0,-157.0,-157.0,-155.0,-155.5,-153.0,-151.5,-151.0,-154.0,-157.0,-155.0,-157.0,-157.0,-157.0,-152.5,-153.0,-157.0,-157.0,-157.0,-157.0,-157.0,-154.0,-154.0,-154.5,-157.0,-157.0,-152.0,-155.0,-156.5,-155.5,-157.0,-155.5,-156.5,-157.0,-157.0,-157.0,-152.0,-155.0,-156.5,-157.0,-156.0,-157.0,-157.0,-156.5,-157.0,-152.5,-150.0,-157.0,-157.0,-156.0,-153.0,-154.0,-154.5,-156.0,-157.0,-153.5,-154.0,-157.0,-157.0,-157.0,-157.0,-153.5,-157.0,-157.0,-157.0,-157.0,-157.0,-155.0,-156.0,-155.0,-157.0,-157.0,-157.0,-157.0,-157.0,-157.0,-157.0,-157.0,-155.5,-157.0,-157.0,-154.0,-148.5,-151.5,-155.0,-157.0,-155.0,-150.5,-155.5,-156.0,-157.0,-157.0,-157.0,-155.5,-153.0,-151.0,-153.0,-154.5,-154.0,-157.0,-157.0,-157.0,-155.0,-154.0,-156.0,-155.0,-157.0,-152.5,-154.5,-157.0,-154.5,-153.5,-153.5,-157.0,-155.5,-153.5,-156.5,-157.0,-155.5,-157.0,-156.5,-157.0,-156.5,-152.0,-153.0,-152.0,-157.0,-150.5,-150.5,-147.0,-149.0,-157.0,-157.0,-157.0,-152.5,-157.0,-155.0,-148.0,-151.5,-155.0,-156.0,-153.0,-156.0,-157.0,-155.5,-157.0,-157.0,-155.0,-155.0,-153.5,-152.5,-156.5,-155.0,-153.0,-152.5,-154.0,-151.5,-152.5,-152.0,-152.5,-152.0,-152.0,-154.0,-155.0,-156.0,-157.0,-157.0,-157.0,-157.0,-157.0,-156.0,-157.0,-157.0,-157.0,-157.0,-157.0,-157.0,-148.0,-149.0,-157.0,-156.5,-157.0,-157.0,-156.5,-157.0,-157.0,-157.0,-157.0,-156.0,-157.0,-157.0,-157.0,-157.0,-157.0,-157.0,-157.0,-157.0,-156.0,-151.5,-154.5,-154.5,-154.5,-155.5,-157.0,-157.0,-157.0,-157.0,-157.0,-157.0,-154.0,-157.0,-155.0,-157.0,-157.0,-157.0,-151.5,-154.0,-157.0,-154.0,-156.0,-157.0,-157.0,-152.0,-155.5,-157.0,-156.5,-157.0,-155.0,-153.5,-157.0,-157.0,-157.0,-152.5,-154.0,-151.5,-152.0,-155.0,-155.0,-157.0,-151.0,-151.0,-157.0,-157.0,-154.5,-157.0,-157.0,-150.0,-148.5,-157.0,-157.0,-157.0,-155.5,-157.0,-156.5,-155.0,-156.5,-157.0,-157.0,-157.0,-156.0,-157.0,-151.0,-157.0,-157.0,-157.0,-155.5,-154.0,-157.0,-157.0,-152.0,-157.0,-157.0,-154.5,-157.0,-150.5,-152.5,-157.0,-157.0,-157.0,-156.0,-153.5,-155.5,-157.0,-156.5,-155.0,-152.5,-157.0,-151.5,-152.0,-157.0,-156.0,-154.5,-150.5,-151.5,-155.5,-157.0,-157.0,-157.0,-157.0,-157.0,-149.0,-152.0,-157.0,-156.0,-153.0,-153.0,-157.0,-157.0,-157.0,-157.0,-157.0,-150.0,-148.5,-150.5,-157.0,-156.0,-153.5,-157.0,-157.0,-154.0,-154.5,-152.0,-153.0,-150.5,-150.5,-157.0,-157.0,-157.0,-153.5,-152.0,-154.0,-153.5,-157.0,-157.0,-156.0,-157.0,-154.5,-155.5,-154.5,-157.0,-157.0,-157.0,-154.0,-155.5,-157.0,-153.5,-155.0,-153.0,-155.0,-157.0,-155.0,-155.5,-152.5,-157.0,-155.0,-157.0,-154.0,-149.5,-155.0,-157.0,-157.0,-150.5,-148.5,-154.0,-157.0,-156.5,-157.0,-155.5,-157.0,-154.5,-153.5,-157.0,-156.0,-155.5,-157.0,-157.0,-157.0,-156.5,-157.0,-157.0,-157.0,-156.5,-157.0,-157.0,-156.0,-156.5,-154.5,-155.5,-157.0,-150.0,-151.5,-157.0,-157.0,-157.0,-155.0,-156.5,-157.0,-157.0,-157.0,-157.0,-151.5
2026-01-17 13:48:28.604,143.049967,5,-77,-157.0,-157.0,-154.5,-156.5,-157.0,-156.5,-157.0,-154.0,-157.0,-157.0,-157.0,-154.5,-154.5,-157.0,-157.0,-154.5,-154.0,-153.0,-153.5,-154.5,-154.5,-152.5,-157.0,-151.5,-156.5,-157.0,-149.5,-157.0,-157.0,-156.5,-154.5,-157.0,-155.0,-156.0,-157.0,-157.0,-157.0,-155.0,-155.0,-157.0,-157.0,-153.5,-157.0,-156.0,-155.5,-154.0,-155.0,-154.0,-153.0,-157.0,-153.5,-152.5,-149.0,-149.5,-157.0,-157.0,-157.0,-155.0,-150.0,-152.0,-151.5,-152.5,-151.0,-152.0,-157.0,-157.0,-156.0,-157.0,-157.0,-157.0,-157.0,-157.0,-152.0,-151.5,-157.0,-155.5,-155.5,-155.0,-154.5,-157.0,-153.0,-154.5,-153.5,-157.0,-155.0,-155.5,-157.0,-154.0,-157.0,-157.0,-157.0,-157.0,-157.0,-155.5,-156.0,-157.0,-157.0,-156.5,-157.0,-157.0,-154.5,-153.0,-155.0,-152.0,-153.5,-153.0,-153.0,-157.0,-157.0,-153.0,-148.5,-156.0,-157.0,-155.5,-154.0,-156.0,-157.0,-154.5,-155.0,-157.0,-151.5,-154.0,-154.5,-156.0,-157.0,-157.0,-153.5,-156.0,-157.0,-150.0,-153.0,-157.0,-156.0,-157.0,-157.0,-151.5,-153.5,-157.0,-157.0,-157.0,-154.0,-156.0,-157.0,-157.0,-157.0,-154.5,-152.0,-156.0,-156.5,-155.5,-157.0,-157.0,-157.0,-157.0,-157.0,-153.0,-150.0,-152.0,-156.5,-157.0,-153.0,-152.0,-157.0,-155.0,-153.5,-154.5,-154.5,-157.0,-151.0,-156.0,-150.5,-154.0,-153.0,-156.0,-155.0,-157.0,-157.0,-157.0,-151.5,-151.0,-157.0,-153.0,-157.0,-157.0,-156.5,-151.5,-152.5,-155.5,-151.5,-153.0,-155.0,-157.0,-154.5,-157.0,-157.0,-157.0,-154.0,-153.0,-155.5,-153.5,-154.5,-151.5,-151.0,-150.5,-154.5,-156.0,-157.0,-157.0,-152.0,-152.5,-157.0,-149.0,-150.5,-157.0,-152.5,-153.5,-157.0,-157.0,-156.5,-157.0,-153.0,-152.5,-155.0,-155.5,-156.5,-154.5,-154.0,-154.0,-152.0,-157.0,-152.5,-157.0,-153.5,-150.5,-152.5,-148.5,-151.0,-153.5,-157.0,-157.0,-157.0,-154.5,-153.5,-157.0,-153.0,-152.5,-152.0,-154.5,-157.0,-157.0,-157.0,-149.0,-156.5,-154.0,-157.0,-157.0,-157.0,-154.0,-156.5,-155.5,-157.0,-157.0,-153.5,-153.0,-157.0,-157.0,-157.0,-157.0,-157.0,-157.0,-156.0,-157.0,-153.5,-157.0,-157.0,-154.5,-157.0,-157.0,-157.0,-157.0,-154.5,-156.5,-157.0,-156.0,-157.0,-154.0,-155.0,-154.0,-154.5,-153.0,-156.5,-157.0,-157.0,-157.0,-157.0,-157.0,-153.0,-155.0,-157.0,-155.5,-157.0,-153.0,-156.5,-157.0,-157.0,-155.5,-152.0,-152.0,-150.0,-157.0,-151.0,-151.5,-152.0,-152.0,-153.5,-157.0,-156.0,-153.5,-157.0,-157.0,-153.0,-154.5,-156.5,-154.5,-154.5,-157.0,-157.0,-154.5,-151.5,-152.5,-157.0,-157.0,-157.0,-152.5,-153.5,-152.5,-157.0,-157.0,-157.0,-157.0,-155.0,-154.0,-154.0,-151.5,-157.0,-156.0,-156.0,-157.0,-152.0,-151.0,-154.0,-157.0,-156.5,-154.0,-153.0,-155.0,-157.0,-157.0,-157.0,-153.0,-157.0,-156.0,-151.0,-152.5,-156.0,-155.5,-151.5,-154.0,-153.5,-157.0,-157.0,-157.0,-157.0,-157.0,-154.0,-152.5,-157.0,-157.0,-155.5,-153.0,-157.0,-157.0,-157.0,-157.0,-157.0,-152.0,-150.5,-154.5,-153.0,-153.5,-154.0,-155.5,-157.0,-153.5,-155.5,-157.0,-157.0,-154.5,-152.5,-157.0,-157.0,-156.0,-149.0,-148.5,-150.0,-152.0,-156.5,-157.0,-157.0,-157.0,-157.0,-155.5,-155.5,-155.5,-157.0,-157.0,-157.0,-155.0,-157.0,-154.5,-157.0,-154.0,-153.5,-157.0,-155.5,-150.5,-150.0,-157.0,-156.0,-157.0,-157.0,-149.0,-152.0,-157.0,-157.0,-153.0,-152.5,-157.0,-156.5,-157.0,-157.0,-157.0,-157.0,-157.0,-155.5,-154.5,-157.0,-157.0,-157.0,-157.0,-157.0,-154.0,-157.0,-157.0,-157.0,-157.0,-157.0,-154.5,-153.5,-154.5,-157.0,-157.0,-157.0,-155.0,-154.0,-157.0,-157.0,-157.0,-157.0,-157.0,-157.0,-157.0,-157.0,-157.0,-153.5
2026-01-17 13:48:28.635,143.049967,5,-77,-157.0,-157.0,-155.5,-157.0,-157.0,-157.0,-156.0,-154.0,-157.0,-157.0,-156.0,-154.5,-157.0,-157.0,-157.0,-154.5,-156.5,-157.0,-150.5,-152.0,-156.0,-153.5,-154.0,-151.0,-157.0,-157.0,-152.0,-153.0,-154.0,-157.0,-152.0,-156.0,-157.0,-157.0,-157.0,-157.0,-157.0,-157.0,-157.0,-155.5,-154.5,-150.5,-152.0,-154.0,-154.0,-154.5,-154.5,-157.0,-157.0,-157.0,-155.5,-155.5,-152.5,-156.5,-150.5,-152.0,-157.0,-151.5,-152.5,-152.0,-149.0,-153.0,-151.0,-154.5,-156.5,-156.0,-157.0,-157.0,-153.5,-157.0,-157.0,-157.0,-156.0,-155.0,-157.0,-152.5,-156.5,-153.0,-155.0,-150.5,-151.0,-157.0,-155.5,-156.0,-157.0,-157.0,-157.0,-154.0,-156.0,-157.0,-156.5,-157.0,-157.0,-155.0,-154.0,-157.0,-157.0,-157.0,-157.0,-155.0,-154.0,-153.5,-155.5,-152.5,-157.0,-153.0,-151.5,-157.0,-157.0,-157.0,-149.5,-157.0,-153.5,-152.5,-155.5,-154.5,-157.0,-155.0,-154.0,-157.0,-155.0,-152.0,-150.5,-155.0,-155.5,-156.5,-155.0,-157.0,-157.0,-151.0,-157.0,-153.5,-156.0,-157.0,-157.0,-152.0,-155.0,-153.5,-157.0,-157.0,-157.0,-155.5,-157.0,-156.0,-157.0,-157.0,-149.0,-150.5,-157.0,-154.0,-157.0,-157.0,-157.0,-156.0,-157.0,-153.5,-153.5,-157.0,-157.0,-157.0,-157.0,-156.5,-157.0,-157.0,-155.0,-154.5,-155.0,-156.0,-152.0,-156.5,-150.0,-149.5,-155.5,-155.0,-154.0,-157.0,-157.0,-157.0,-153.0,-153.5,-157.0,-153.0,-157.0,-157.0,-157.0,-149.0,-153.0,-157.0,-152.5,-156.0,-154.5,-157.0,-155.0,-155.5,-157.0,-157.0,-152.0,-155.0,-155.5,-157.0,-157.0,-157.0,-157.0,-157.0,-157.0,-157.0,-157.0,-155.5,-152.0,-151.5,-157.0,-155.0,-153.0,-157.0,-156.0,-157.0,-157.0,-157.0,-155.0,-157.0,-157.0,-151.0,-157.0,-157.0,-157.0,-155.5,-150.5,-152.0,-155.0,-157.0,-155.0,-153.0,-153.5,-153.0,-153.0,-150.5,-154.5,-157.0,-157.0,-157.0,-156.5,-151.0,-152.0,-156.0,-152.0,-155.0,-151.0,-157.0,-157.0,-157.0,-153.0,-148.0,-152.0,-152.5,-157.0,-156.5,-157.0,-155.5,-152.0,-153.5,-156.0,-157.0,-153.0,-155.5,-157.0,-155.0,-157.0,-157.0,-157.0,-156.5,-157.0,-157.0,-154.5,-155.0,-156.0,-151.0,-153.5,-157.0,-157.0,-154.5,-150.5,-152.5,-154.5,-157.0,-154.5,-155.5,-157.0,-152.5,-152.0,-155.5,-157.0,-156.0,-157.0,-157.0,-157.0,-157.0,-153.5,-154.5,-153.0,-154.5,-155.0,-151.0,-155.5,-157.0,-155.0,-155.0,-152.0,-153.5,-151.0,-157.0,-151.0,-153.0,-151.0,-157.0,-153.5,-153.0,-154.0,-155.0,-157.0,-157.0,-157.0,-157.0,-152.5,-153.5,-152.0,-157.0,-155.5,-152.5,-153.0,-152.0,-154.5,-157.0,-157.0,-156.0,-151.5,-153.5,-154.5,-154.5,-157.0,-157.0,-155.0,-150.5,-150.0,-152.5,-155.5,-154.5,-157.0,-156.0,-154.5,-150.0,-153.0,-154.5,-157.0,-155.0,-153.5,-156.0,-157.0,-157.0,-157.0,-153.5,-153.5,-157.0,-156.0,-151.0,-152.0,-157.0,-157.0,-154.0,-151.0,-157.0,-157.0,-157.0,-157.0,-153.0,-151.5,-149.5,-157.0,-157.0,-156.0,-154.5,-157.0,-156.0,-154.5,-157.0,-157.0,-152.5,-153.0,-156.5,-155.0,-157.0,-157.0,-157.0,-157.0,-154.0,-157.0,-157.0,-157.0,-157.0,-157.0,-156.0,-157.0,-157.0,-150.5,-152.0,-151.0,-152.5,-154.5,-157.0,-157.0,-157.0,-157.0,-154.5,-155.0,-154.5,-154.0,-156.0,-157.0,-155.5,-157.0,-157.0,-157.0,-157.0,-157.0,-157.0,-157.0,-150.5,-151.5,-157.0,-154.5,-157.0,-157.0,-151.0,-153.5,-153.5,-152.5,-153.5,-153.0,-156.5,-154.5,-157.0,-157.0,-157.0,-157.0,-157.0,-154.0,-153.0,-157.0,-157.0,-157.0,-157.0,-157.0,-152.0,-157.0,-157.0,-157.0,-157.0,-157.0,-153.5,-156.5,-155.0,-156.0,-157.0,-157.0,-157.0,-157.0,-157.0,-154.5,-152.5,-154.0,-157.0,-157.0,-157.0,-157.0,-157.0,-157.0
2026-01-17 13:48:28.668,143.049967,5,-77,-157.0,-157.0,-154.0,-157.0,-155.5,-157.0,-157.0,-157.0,-157.0,-157.0,-157.0,-157.0,-157.0,-157.0,-156.5,-156.5,-157.0,-155.0,-153.0,-156.5,-157.0,-155.5,-153.5,-152.5,-157.0,-157.0,-153.5,-150.5,-150.0,-151.5,-153.0,-155.5,-157.0,-157.0,-157.0,-157.0,-156.0,-157.0,-157.0,-156.0,-154.5,-152.5,-150.5,-152.5,-155.5,-153.0,-155.0,-157.0,-156.5,-154.0,-156.5,-154.0,-155.0,-151.5,-149.0,-149.0,-155.0,-153.0,-152.5,-151.5,-149.0,-154.0,-153.0,-157.0,-154.0,-154.0,-156.0,-155.0,-153.0,-157.0,-157.0,-157.0,-157.0,-157.0,-155.0,-151.0,-157.0,-154.0,-157.0,-149.5,-149.5,-157.0,-157.0,-154.0,-157.0,-157.0,-157.0,-157.0,-153.5,-154.5,-154.0,-152.5,-157.0,-157.0,-154.5,-157.0,-157.0,-157.0,-157.0,-155.0,-151.5,-157.0,-152.0,-152.0,-157.0,-153.0,-153.0,-157.0,-156.5,-157.0,-155.0,-157.0,-152.5,-152.0,-154.0,-153.5,-157.0,-157.0,-157.0,-157.0,-156.5,-156.0,-154.5,-155.0,-157.0,-152.5,-157.0,-157.0,-154.5,-157.0,-155.0,-153.0,-155.0,-157.0,-157.0,-152.5,-156.0,-152.0,-154.5,-157.0,-157.0,-149.0,-149.5,-152.5,-156.5,-157.0,-150.5,-152.5,-157.0,-157.0,-157.0,-157.0,-156.0,-154.5,-157.0,-156.5,-156.0,-157.0,-157.0,-157.0,-157.0,-157.0,-157.0,-157.0,-157.0,-157.0,-157.0,-154.0,-151.5,-155.5,-155.5,-153.5,-156.0,-157.0,-155.5,-157.0,-157.0,-156.5,-155.5,-157.0,-156.5,-151.5,-153.5,-157.0,-157.0,-149.0,-153.5,-155.0,-153.5,-156.0,-151.5,-155.5,-157.0,-156.5,-157.0,-157.0,-154.0,-156.0,-156.0,-157.0,-157.0,-157.0,-157.0,-157.0,-157.0,-157.0,-157.0,-153.0,-153.0,-155.5,-157.0,-156.0,-153.0,-157.0,-157.0,-157.0,-157.0,-154.5,-154.0,-157.0,-152.5,-149.5,-155.0,-157.0,-157.0,-157.0,-154.0,-155.5,-153.0,-153.5,-157.0,-153.0,-152.5,-155.0,-152.0,-155.5,-157.0,-157.0,-157.0,-156.5,-156.0,-151.0,-155.5,-151.5,-151.0,-154.5,-153.0,-157.0,-157.0,-157.0,-154.5,-147.5,-157.0,-153.5,-157.0,-156.0,-152.5,-155.0,-151.0,-152.5,-154.5,-157.0,-150.5,-152.0,-155.5,-153.0,-157.0,-156.0,-154.5,-156.5,-157.0,-157.0,-157.0,-155.0,-156.0,-153.0,-152.0,-157.0,-157.0,-156.0,-152.0,-151.0,-153.0,-157.0,-155.0,-156.0,-157.0,-149.0,-148.5,-153.0,-157.0,-156.5,-157.0,-157.0,-156.5,-157.0,-154.5,-150.5,-148.5,-153.0,-153.0,-151.5,-157.0,-153.5,-150.5,-156.5,-152.5,-156.0,-151.5,-157.0,-152.5,-154.0,-151.0,-157.0,-153.5,-154.0,-155.5,-157.0,-155.0,-153.0,-157.0,-154.0,-150.5,-156.0,-155.5,-157.0,-155.5,-155.5,-156.0,-156.0,-152.5,-153.5,-155.5,-157.0,-153.0,-157.0,-156.5,-156.0,-157.0,-157.0,-157.0,-153.5,-152.5,-156.0,-155.5,-157.0,-155.0,-156.0,-154.0,-149.5,-153.5,-156.0,-157.0,-157.0,-155.0,-157.0,-157.0,-157.0,-157.0,-157.0,-152.5,-154.5,-157.0,-154.5,-153.0,-157.0,-157.0,-155.0,-151.5,-156.5,-157.0,-157.0,-152.0,-150.5,-151.5,-149.0,-157.0,-157.0,-156.0,-157.0,-153.5,-155.0,-151.5,-150.0,-154.5,-154.0,-155.5,-155.0,-157.0,-157.0,-157.0,-157.0,-157.0,-155.0,-157.0,-154.5,-154.0,-157.0,-157.0,-155.5,-157.0,-155.0,-151.0,-151.5,-157.0,-152.0,-151.0,-157.0,-157.0,-154.0,-157.0,-154.5,-152.5,-157.0,-157.0,-157.0,-155.0,-155.0,-157.0,-157.0,-157.0,-156.0,-157.0,-156.5,-156.0,-155.5,-155.5,-153.5,-153.5,-157.0,-155.5,-153.0,-155.0,-155.0,-153.0,-152.0,-151.5,-157.0,-153.0,-154.5,-157.0,-157.0,-156.5,-154.5,-153.0,-157.0,-156.5,-157.0,-157.0,-157.0,-157.0,-153.0,-156.0,-157.0,-157.0,-157.0,-157.0,-157.0,-157.0,-157.0,-156.5,-156.0,-157.0,-157.0,-157.0,-157.0,-156.0,-151.0,-151.5,-154.5,-157.0,-156.5,-152.0,-152.5,-153.5
2026-01-17 13:48:28.702,143.049967,5,-77,-157.0,-157.0,-152.5,-152.5,-155.5,-157.0,-157.0,-156.0,-157.0,-154.0,-156.0,-157.0,-157.0,-157.0,-157.0,-157.0,-157.0,-157.0,-157.0,-157.0,-157.0,-156.5,-156.0,-157.0,-157.0,-157.0,-157.0,-153.5,-151.5,-152.0,-157.0,-157.0,-157.0,-157.0,-157.0,-157.0,-157.0,-157.0,-157.0,-155.0,-155.0,-156.0,-156.0,-154.0,-157.0,-153.0,-157.0,-156.0,-157.0,-156.0,-157.0,-151.5,-152.0,-152.0,-154.0,-151.5,-157.0,-157.0,-155.0,-157.0,-150.5,-153.0,-153.0,-157.0,-154.0,-150.5,-148.0,-155.5,-153.5,-157.0,-157.0,-157.0,-157.0,-157.0,-153.0,-152.5,-157.0,-154.5,-156.5,-156.0,-152.0,-157.0,-157.0,-152.0,-154.0,-156.5,-157.0,-157.0,-157.0,-154.5,-153.0,-152.0,-155.5,-157.0,-156.5,-157.0,-153.5,-154.0,-157.0,-156.0,-151.0,-157.0,-153.0,-154.5,-156.5,-154.0,-155.5,-157.0,-157.0,-157.0,-157.0,-157.0,-155.5,-153.0,-157.0,-157.0,-157.0,-157.0,-157.0,-156.0,-157.0,-157.0,-157.0,-156.0,-157.0,-152.0,-157.0,-156.5,-152.0,-156.5,-157.0,-157.0,-155.0,-157.0,-157.0,-155.0,-154.5,-156.0,-156.5,-157.0,-154.5,-146.0,-146.0,-151.5,-157.0,-157.0,-156.0,-151.5,-151.5,-157.0,-157.0,-156.0,-154.5,-157.0,-157.0,-156.5,-155.5,-157.0,-155.0,-157.0,-157.0,-157.0,-155.5,-157.0,-157.0,-157.0,-157.0,-157.0,-153.0,-154.0,-156.5,-157.0,-155.5,-157.0,-155.0,-157.0,-157.0,-157.0,-157.0,-153.0,-151.5,-155.0,-157.0,-156.0,-154.0,-152.5,-155.5,-152.5,-150.5,-157.0,-151.5,-153.5,-157.0,-157.0,-157.0,-157.0,-157.0,-157.0,-156.5,-155.5,-157.0,-157.0,-155.0,-151.5,-155.5,-157.0,-157.0,-154.0,-155.0,-157.0,-157.0,-152.0,-153.5,-157.0,-157.0,-157.0,-157.0,-155.5,-155.0,-157.0,-151.0,-152.5,-157.0,-157.0,-157.0,-154.5,-153.0,-157.0,-151.0,-152.0,-155.0,-154.5,-150.0,-156.0,-156.0,-155.0,-157.0,-155.0,-157.0,-156.5,-153.0,-151.0,-154.0,-151.5,-150.0,-157.0,-155.5,-157.0,-157.0,-157.0,-149.0,-147.0,-156.0,-155.0,-157.0,-157.0,-153.0,-153.5,-153.5,-157.0,-155.0,-157.0,-150.0,-149.5,-157.0,-153.0,-157.0,-157.0,-154.0,-155.0,-157.0,-157.0,-157.0,-155.0,-156.0,-157.0,-155.0,-157.0,-157.0,-157.0,-157.0,-151.5,-153.0,-157.0,-157.0,-157.0,-156.5,-148.5,-150.0,-157.0,-157.0,-152.0,-152.5,-153.0,-151.5,-157.0,-155.5,-150.0,-151.0,-156.5,-154.0,-152.0,-157.0,-156.0,-149.5,-157.0,-154.0,-153.5,-153.5,-157.0,-152.0,-151.0,-153.5,-157.0,-155.0,-155.5,-155.0,-155.0,-151.5,-151.5,-156.5,-152.5,-151.5,-157.0,-157.0,-157.0,-157.0,-157.0,-157.0,-157.0,-156.5,-155.0,-156.5,-157.0,-154.5,-157.0,-156.5,-154.5,-157.0,-156.0,-157.0,-155.5,-153.5,-152.5,-155.0,-157.0,-155.0,-157.0,-156.5,-150.5,-153.0,-157.0,-157.0,-156.0,-152.5,-157.0,-157.0,-156.0,-157.0,-154.5,-154.5,-155.0,-157.0,-157.0,-157.0,-156.0,-157.0,-157.0,-156.0,-154.5,-156.5,-157.0,-152.0,-154.0,-152.5,-153.0,-157.0,-157.0,-157.0,-157.0,-153.5,-157.0,-152.5,-147.5,-151.0,-157.0,-157.0,-157.0,-157.0,-157.0,-153.0,-154.5,-157.0,-156.5,-153.5,-152.5,-153.0,-157.0,-157.0,-157.0,-157.0,-155.5,-155.0,-150.0,-157.0,-153.0,-153.5,-155.0,-150.5,-151.0,-157.0,-156.0,-153.0,-157.0,-157.0,-157.0,-156.5,-154.5,-155.5,-156.5,-156.5,-153.0,-157.0,-154.5,-153.0,-157.0,-157.0,-153.5,-157.0,-157.0,-153.0,-155.5,-153.5,-155.5,-153.0,-154.0,-155.5,-157.0,-157.0,-154.5,-157.0,-154.5,-157.0,-154.0,-155.5,-157.0,-153.0,-155.0,-156.0,-157.0,-157.0,-155.5,-157.0,-157.0,-157.0,-157.0,-157.0,-157.0,-157.0,-157.0,-157.0,-157.0,-157.0,-157.0,-157.0,-157.0,-157.0,-157.0,-155.5,-157.0,-157.0,-157.0,-153.0,-156.0,-151.0
2026-01-17 13:48:28.734,143.049967,5,-77,-157.0,-157.0,-156.0,-154.0,-157.0,-157.0,-157.0,-155.0,-155.0,-156.5,-154.5,-157.0,-157.0,-156.5,-157.0,-157.0,-157.0,-157.0,-156.5,-153.0,-157.0,-153.0,-154.5,-157.0,-157.0,-157.0,-157.0,-153.5,-157.0,-152.0,-153.5,-157.0,-157.0,-155.0,-156.5,-157.0,-157.0,-157.0,-157.0,-155.0,-154.5,-156.0,-154.0,-152.5,-157.0,-153.0,-155.0,-155.5,-157.0,-157.0,-153.0,-156.5,-154.0,-153.5,-157.0,-152.5,-153.0,-157.0,-155.5,-157.0,-154.0,-157.0,-154.0,-157.0,-157.0,-150.0,-147.5,-150.0,-152.5,-155.0,-157.0,-157.0,-157.0,-157.0,-155.0,-157.0,-157.0,-157.0,-154.0,-157.0,-154.5,-157.0,-157.0,-153.0,-154.5,-153.0,-153.0,-152.5,-153.5,-155.0,-156.5,-153.5,-155.0,-157.0,-157.0,-157.0,-154.5,-154.0,-157.0,-156.0,-153.0,-157.0,-156.5,-157.0,-156.0,-154.0,-156.5,-157.0,-157.0,-157.0,-155.5,-152.5,-154.5,-151.5,-152.5,-156.0,-157.0,-157.0,-157.0,-157.0,-157.0,-157.0,-157.0,-152.5,-154.0,-153.5,-156.5,-157.0,-152.0,-151.5,-157.0,-157.0,-154.5,-157.0,-157.0,-157.0,-154.5,-157.0,-157.0,-157.0,-154.0,-147.5,-149.5,-153.0,-157.0,-157.0,-157.0,-149.0,-150.0,-157.0,-156.0,-155.5,-153.5,-157.0,-157.0,-157.0,-153.0,-153.5,-156.0,-157.0,-157.0,-157.0,-155.0,-157.0,-153.0,-154.0,-157.0,-157.0,-153.0,-153.0,-152.5,-157.0,-154.5,-154.5,-155.5,-156.5,-157.0,-157.0,-157.0,-152.5,-151.0,-155.0,-157.0,-151.5,-151.0,-157.0,-157.0,-154.0,-153.0,-157.0,-157.0,-157.0,-157.0,-157.0,-154.0,-153.0,-154.0,-154.5,-157.0,-156.0,-155.5,-154.0,-154.0,-150.0,-154.0,-155.5,-154.0,-155.5,-154.0,-157.0,-150.5,-150.0,-157.0,-157.0,-157.0,-152.0,-152.0,-151.0,-155.0,-157.0,-152.0,-156.0,-154.5,-157.0,-157.0,-151.5,-151.5,-154.5,-152.0,-153.0,-151.5,-150.5,-150.5,-157.0,-157.0,-156.5,-157.0,-153.5,-156.5,-156.5,-154.5,-152.0,-154.0,-156.5,-150.5,-157.0,-157.0,-157.0,-157.0,-154.0,-145.5,-147.0,-157.0,-154.5,-157.0,-157.0,-155.0,-155.5,-154.0,-157.0,-157.0,-157.0,-153.0,-152.5,-157.0,-151.5,-155.0,-156.0,-157.0,-155.0,-157.0,-154.5,-153.5,-156.5,-157.0,-157.0,-157.0,-157.0,-157.0,-157.0,-157.0,-157.0,-157.0,-157.0,-157.0,-157.0,-150.0,-149.5,-154.0,-157.0,-153.0,-149.5,-149.5,-151.5,-152.0,-157.0,-157.0,-150.5,-153.0,-157.0,-152.0,-151.5,-156.5,-151.0,-149.5,-157.0,-157.0,-157.0,-153.5,-151.5,-157.0,-156.5,-157.0,-157.0,-154.5,-155.5,-153.0,-151.5,-151.5,-154.0,-154.5,-157.0,-157.0,-156.5,-157.0,-157.0,-156.0,-154.0,-157.0,-157.0,-157.0,-157.0,-157.0,-157.0,-156.5,-153.5,-155.5,-152.5,-156.0,-155.5,-157.0,-154.0,-153.0,-154.5,-154.0,-157.0,-157.0,-155.0,-152.0,-153.5,-157.0,-157.0,-153.5,-155.0,-153.0,-157.0,-156.5,-156.0,-157.0,-154.0,-156.0,-157.0,-157.0,-157.0,-157.0,-157.0,-157.0,-157.0,-157.0,-157.0,-157.0,-157.0,-153.5,-154.5,-153.5,-156.0,-157.0,-156.5,-154.0,-156.0,-157.0,-157.0,-155.5,-149.5,-152.5,-157.0,-155.0,-157.0,-157.0,-153.0,-149.0,-150.5,-157.0,-156.0,-152.5,-156.0,-157.0,-157.0,-157.0,-157.0,-157.0,-157.0,-155.5,-149.5,-150.0,-153.0,-153.5,-153.0,-151.5,-156.0,-157.0,-157.0,-153.5,-157.0,-157.0,-157.0,-156.5,-155.5,-153.5,-157.0,-157.0,-154.5,-157.0,-156.5,-155.5,-157.0,-157.0,-157.0,-157.0,-157.0,-153.5,-157.0,-152.0,-152.0,-154.0,-157.0,-157.0,-156.0,-157.0,-156.0,-155.5,-152.0,-157.0,-156.5,-157.0,-157.0,-152.0,-157.0,-155.0,-156.5,-157.0,-154.5,-157.0,-157.0,-157.0,-156.5,-155.0,-157.0,-155.0,-157.0,-157.0,-157.0,-157.0,-157.0,-155.5,-155.0,-157.0,-157.0,-157.0,-157.0,-156.5,-156.5,-156.0,-157.0,-152.5
2026-01-17 13:48:28.767,143.049967,5,-77,-157.0,-157.0,-156.0,-152.0,-151.5,-153.0,-153.0,-154.5,-157.0,-157.0,-154.5,-157.0,-157.0,-157.0,-157.0,-157.0,-156.5,-157.0,-152.5,-150.5,-157.0,-150.0,-153.0,-157.0,-157.0,-155.0,-154.5,-151.5,-153.5,-156.0,-154.5,-157.0,-155.5,-155.0,-157.0,-157.0,-157.0,-152.0,-156.0,-157.0,-157.0,-157.0,-154.0,-153.5,-153.5,-151.0,-154.5,-157.0,-154.5,-156.5,-153.0,-155.5,-157.0,-153.5,-157.0,-152.5,-151.5,-154.5,-155.5,-157.0,-157.0,-157.0,-151.5,-152.5,-157.0,-157.0,-151.5,-155.0,-157.0,-157.0,-157.0,-155.5,-157.0,-157.0,-157.0,-157.0,-157.0,-157.0,-156.0,-157.0,-154.0,-156.5,-157.0,-156.5,-157.0,-155.0,-153.5,-151.5,-151.5,-157.0,-156.5,-157.0,-157.0,-156.0,-156.5,-157.0,-157.0,-157.0,-157.0,-154.5,-157.0,-157.0,-157.0,-157.0,-157.0,-151.0,-153.5,-157.0,-153.5,-155.5,-157.0,-152.0,-157.0,-153.0,-152.5,-157.0,-154.0,-157.0,-153.0,-154.0,-157.0,-157.0,-157.0,-151.5,-154.5,-157.0,-157.0,-156.5,-157.0,-151.0,-157.0,-157.0,-152.5,-155.5,-157.0,-157.0,-153.0,-157.0,-156.0,-154.0,-151.5,-151.0,-155.5,-153.0,-156.0,-156.0,-157.0,-152.5,-157.0,-157.0,-155.0,-157.0,-154.0,-154.0,-157.0,-155.5,-155.0,-157.0,-157.0,-157.0,-157.0,-157.0,-157.0,-157.0,-150.5,-151.5,-157.0,-157.0,-151.5,-156.0,-151.5,-157.0,-153.5,-151.0,-153.0,-154.0,-157.0,-157.0,-157.0,-157.0,-156.5,-157.0,-157.0,-152.0,-150.5,-151.0,-154.0,-154.0,-157.0,-157.0,-157.0,-157.0,-157.0,-154.5,-154.5,-155.5,-153.5,-154.0,-154.0,-155.0,-155.0,-153.5,-157.0,-152.0,-157.0,-152.5,-151.5,-151.5,-151.5,-153.0,-150.0,-150.0,-156.5,-156.0,-154.0,-153.0,-149.0,-149.5,-157.0,-156.0,-153.5,-151.0,-152.0,-157.0,-157.0,-154.5,-155.0,-155.0,-154.5,-152.5,-153.0,-148.0,-151.5,-157.0,-155.5,-156.5,-157.0,-155.5,-156.5,-157.0,-157.0,-152.0,-151.5,-157.0,-153.0,-157.0,-157.0,-157.0,-152.5,-150.0,-144.5,-146.5,-154.5,-157.0,-157.0,-157.0,-157.0,-157.0,-154.5,-157.0,-157.0,-156.5,-150.5,-151.0,-157.0,-154.0,-153.0,-152.0,-153.0,-152.5,-155.0,-157.0,-152.0,-157.0,-155.5,-157.0,-157.0,-157.0,-154.0,-152.0,-157.0,-157.0,-157.0,-156.5,-157.0,-151.5,-150.0,-156.0,-156.5,-152.5,-151.0,-153.0,-156.5,-157.0,-157.0,-157.0,-157.0,-150.0,-149.5,-156.0,-153.5,-154.0,-157.0,-152.5,-154.5,-157.0,-157.0,-155.5,-152.5,-150.5,-157.0,-157.0,-157.0,-157.0,-155.5,-152.0,-151.0,-151.5,-155.5,-152.0,-151.5,-156.0,-157.0,-155.0,-157.0,-157.0,-155.5,-152.0,-157.0,-157.0,-157.0,-157.0,-156.5,-155.5,-152.5,-152.5,-155.0,-152.5,-150.5,-156.5,-152.0,-154.5,-157.0,-155.5,-151.5,-155.5,-157.0,-154.5,-151.5,-157.0,-154.5,-157.0,-153.5,-155.5,-154.5,-155.5,-155.0,-156.0,-153.5,-154.5,-157.0,-157.0,-157.0,-157.0,-155.5,-157.0,-157.0,-157.0,-157.0,-157.0,-157.0,-157.0,-155.5,-152.0,-151.5,-153.0,-157.0,-154.5,-152.5,-157.0,-157.0,-157.0,-157.0,-157.0,-153.5,-157.0,-152.5,-155.5,-157.0,-150.5,-151.0,-153.5,-157.0,-152.5,-153.5,-155.0,-157.0,-157.0,-157.0,-155.0,-157.0,-157.0,-155.5,-155.5,-153.0,-157.0,-154.0,-153.0,-154.5,-157.0,-157.0,-157.0,-154.0,-157.0,-157.0,-154.5,-157.0,-155.0,-151.5,-152.5,-157.0,-157.0,-157.0,-157.0,-157.0,-157.0,-157.0,-157.0,-156.5,-157.0,-153.0,-152.5,-157.0,-154.0,-153.0,-152.5,-156.5,-157.0,-157.0,-157.0,-151.5,-151.0,-154.0,-156.5,-157.0,-156.0,-155.0,-152.0,-157.0,-157.0,-153.5,-151.0,-157.0,-157.0,-157.0,-157.0,-153.0,-153.5,-155.0,-157.0,-157.0,-157.0,-157.0,-157.0,-151.5,-155.5,-157.0,-157.0,-154.0,-154.5,-156.0,-152.5,-157.0,-150.5,-157.0
2026-01-17 13:48:28.812,143.049967,5,-77,-157.0,-157.0,-153.5,-151.0,-152.5,-153.5,-153.5,-157.0,-157.0,-157.0,-155.5,-154.5,-157.0,-157.0,-157.0,-157.0,-156.5,-154.5,-155.0,-153.5,-155.5,-150.0,-153.5,-157.0,-157.0,-155.5,-153.0,-151.5,-151.0,-157.0,-157.0,-157.0,-155.0,-157.0,-157.0,-157.0,-157.0,-149.5,-151.5,-157.0,-157.0,-157.0,-157.0,-155.0,-150.0,-151.0,-157.0,-157.0,-155.0,-157.0,-157.0,-153.0,-157.0,-152.0,-152.5,-157.0,-157.0,-155.5,-156.0,-156.0,-157.0,-157.0,-152.0,-152.0,-155.5,-157.0,-157.0,-157.0,-157.0,-157.0,-157.0,-154.0,-155.5,-157.0,-157.0,-157.0,-157.0,-157.0,-157.0,-154.0,-157.0,-155.5,-157.0,-157.0,-157.0,-157.0,-157.0,-153.0,-153.0,-156.5,-153.5,-152.5,-157.0,-152.0,-155.0,-157.0,-157.0,-157.0,-156.0,-152.5,-155.0,-157.0,-157.0,-156.0,-156.5,-150.5,-153.0,-157.0,-152.5,-157.0,-157.0,-155.5,-157.0,-157.0,-157.0,-157.0,-155.5,-154.5,-153.5,-151.0,-153.0,-157.0,-157.0,-150.5,-150.5,-157.0,-157.0,-155.5,-155.0,-154.5,-157.0,-153.5,-153.5,-152.5,-156.5,-157.0,-156.0,-155.0,-154.5,-157.0,-156.5,-157.0,-157.0,-156.0,-154.0,-154.5,-155.5,-152.0,-157.0,-157.0,-155.5,-157.0,-157.0,-153.5,-157.0,-156.5,-157.0,-157.0,-156.0,-157.0,-157.0,-155.5,-157.0,-157.0,-151.0,-151.5,-157.0,-157.0,-153.5,-155.5,-153.5,-157.0,-157.0,-151.0,-153.5,-149.0,-150.0,-152.5,-157.0,-157.0,-157.0,-157.0,-157.0,-157.0,-151.5,-149.5,-152.0,-150.5,-153.0,-157.0,-157.0,-157.0,-157.0,-157.0,-154.0,-155.5,-157.0,-156.0,-154.5,-157.0,-157.0,-153.0,-157.0,-153.0,-152.0,-152.0,-157.0,-150.5,-151.0,-154.5,-156.5,-153.5,-152.5,-155.0,-154.0,-157.0,-155.0,-154.0,-157.0,-154.5,-157.0,-151.0,-151.5,-156.0,-157.0,-157.0,-157.0,-152.5,-152.5,-155.0,-157.0,-149.0,-154.0,-157.0,-153.0,-157.0,-157.0,-157.0,-157.0,-157.0,-157.0,-157.0,-154.0,-157.0,-152.5,-157.0,-157.0,-157.0,-153.0,-152.5,-146.5,-151.5,-153.0,-157.0,-156.0,-156.5,-154.5,-157.0,-153.0,-157.0,-157.0,-157.0,-150.0,-151.5,-156.0,-156.5,-155.0,-153.0,-149.5,-151.5,-153.0,-157.0,-152.5,-152.5,-154.0,-157.0,-157.0,-154.5,-151.5,-152.5,-157.0,-157.0,-157.0,-151.0,-152.0,-156.5,-155.5,-157.0,-157.0,-150.0,-151.0,-154.0,-157.0,-157.0,-157.0,-157.0,-152.0,-149.0,-151.5,-153.5,-157.0,-157.0,-157.0,-156.0,-157.0,-157.0,-156.5,-154.5,-157.0,-152.5,-157.0,-153.0,-154.0,-156.5,-157.0,-153.5,-156.0,-153.0,-157.0,-154.5,-156.0,-154.5,-152.5,-152.5,-157.0,-156.0,-157.0,-153.0,-157.0,-157.0,-157.0,-155.0,-154.0,-152.0,-150.0,-154.0,-156.5,-157.0,-152.0,-150.5,-150.5,-155.5,-154.0,-151.0,-152.0,-157.0,-157.0,-156.5,-157.0,-157.0,-154.5,-157.0,-157.0,-156.0,-154.5,-155.5,-152.0,-151.0,-157.0,-157.0,-157.0,-154.5,-157.0,-157.0,-151.5,-151.5,-153.5,-154.0,-155.5,-153.5,-157.0,-157.0,-157.0,-154.5,-148.5,-154.0,-157.0,-154.0,-156.5,-157.0,-154.5,-157.0,-157.0,-157.0,-153.5,-157.0,-157.0,-156.5,-157.0,-153.5,-156.0,-154.5,-157.0,-155.5,-157.0,-153.5,-157.0,-157.0,-155.0,-151.5,-155.0,-157.0,-157.0,-157.0,-157.0,-155.5,-154.0,-152.5,-152.0,-156.0,-157.0,-157.0,-154.0,-157.0,-157.0,-155.0,-154.5,-156.5,-152.5,-152.5,-157.0,-157.0,-157.0,-157.0,-157.0,-157.0,-157.0,-157.0,-151.5,-153.0,-153.0,-153.0,-157.0,-157.0,-156.0,-153.0,-157.0,-157.0,-157.0,-157.0,-155.0,-157.0,-156.0,-157.0,-157.0,-155.0,-154.0,-149.5,-157.0,-157.0,-157.0,-149.5,-153.0,-155.0,-156.0,-153.0,-154.0,-153.5,-156.5,-157.0,-157.0,-157.0,-157.0,-156.0,-151.0,-157.0,-157.0,-157.0,-157.0,-154.5,-157.0,-153.5,-155.0,-149.0,-156.0
2026-01-17 13:48:28.841,143.049967,5,-77,-157.0,-157.0,-152.0,-153.0,-156.0,-157.0,-157.0,-157.0,-157.0,-157.0,-156.5,-151.0,-154.0,-157.0,-157.0,-157.0,-157.0,-157.0,-156.5,-157.0,-156.0,-153.5,-154.0,-156.5,-157.0,-157.0,-153.5,-153.0,-156.5,-157.0,-156.5,-157.0,-157.0,-157.0,-157.0,-157.0,-157.0,-150.5,-151.0,-157.0,-155.0,-155.0,-154.5,-150.5,-149.5,-152.0,-153.0,-156.0,-154.5,-157.0,-153.5,-152.5,-157.0,-153.0,-150.0,-156.5,-157.0,-157.0,-157.0,-155.0,-157.0,-156.5,-157.0,-157.0,-153.5,-155.5,-157.0,-157.0,-157.0,-157.0,-157.0,-151.5,-151.5,-157.0,-157.0,-157.0,-157.0,-157.0,-157.0,-155.0,-156.0,-157.0,-157.0,-155.5,-155.0,-157.0,-157.0,-156.0,-157.0,-157.0,-157.0,-149.5,-150.5,-149.0,-157.0,-153.0,-155.5,-157.0,-157.0,-155.0,-151.5,-154.5,-157.0,-154.0,-154.0,-152.5,-157.0,-157.0,-154.5,-157.0,-154.5,-157.0,-154.5,-157.0,-157.0,-157.0,-156.0,-157.0,-157.0,-152.0,-150.5,-157.0,-155.5,-149.0,-150.0,-157.0,-157.0,-157.0,-157.0,-157.0,-154.5,-151.0,-157.0,-154.0,-155.5,-157.0,-157.0,-152.5,-157.0,-157.0,-157.0,-157.0,-157.0,-157.0,-154.5,-156.0,-153.0,-152.5,-157.0,-157.0,-155.5,-156.0,-153.0,-151.5,-157.0,-157.0,-157.0,-151.5,-149.0,-156.5,-157.0,-156.5,-157.0,-156.0,-156.0,-154.5,-155.5,-157.0,-154.5,-157.0,-157.0,-157.0,-157.0,-153.0,-156.0,-149.0,-147.0,-153.5,-157.0,-157.0,-157.0,-157.0,-157.0,-157.0,-153.0,-154.5,-157.0,-154.5,-153.0,-155.5,-157.0,-155.5,-157.0,-157.0,-151.5,-152.0,-157.0,-157.0,-157.0,-157.0,-157.0,-153.5,-157.0,-155.0,-153.0,-155.5,-157.0,-153.5,-152.5,-157.0,-157.0,-157.0,-155.5,-157.0,-154.5,-156.0,-157.0,-156.0,-157.0,-153.5,-157.0,-153.0,-151.5,-154.0,-153.0,-157.0,-157.0,-155.0,-155.0,-157.0,-157.0,-151.5,-157.0,-157.0,-152.5,-156.0,-157.0,-157.0,-157.0,-155.0,-156.0,-157.0,-155.5,-157.0,-153.5,-155.0,-153.5,-154.5,-156.5,-157.0,-149.0,-157.0,-153.5,-155.5,-154.5,-153.0,-151.0,-151.5,-150.0,-155.0,-157.0,-157.0,-152.0,-153.5,-155.5,-157.0,-155.5,-153.5,-151.5,-157.0,-156.0,-157.0,-157.0,-155.0,-157.0,-157.0,-157.0,-154.5,-156.0,-157.0,-157.0,-157.0,-154.0,-150.5,-155.5,-157.0,-155.0,-152.5,-154.0,-152.0,-155.0,-154.0,-157.0,-157.0,-157.0,-157.0,-149.5,-148.5,-154.5,-153.0,-156.5,-156.5,-157.0,-154.5,-154.5,-157.0,-153.5,-156.0,-157.0,-153.0,-156.5,-156.0,-155.5,-157.0,-157.0,-157.0,-157.0,-156.5,-154.5,-157.0,-157.0,-157.0,-149.5,-150.5,-157.0,-152.0,-154.0,-151.0,-152.0,-157.0,-157.0,-155.0,-155.0,-153.5,-153.0,-156.5,-157.0,-157.0,-154.5,-151.0,-152.0,-157.0,-154.0,-152.5,-157.0,-157.0,-157.0,-157.0,-157.0,-157.0,-154.5,-157.0,-157.0,-157.0,-155.0,-157.0,-151.5,-151.0,-156.5,-157.0,-157.0,-154.0,-156.0,-156.0,-154.5,-151.0,-157.0,-154.0,-152.5,-151.5,-157.0,-157.0,-157.0,-153.0,-153.0,-154.5,-157.0,-154.5,-155.0,-157.0,-150.5,-157.0,-157.0,-154.0,-152.5,-157.0,-156.5,-154.5,-155.5,-157.0,-157.0,-148.0,-150.0,-156.5,-157.0,-153.5,-157.0,-157.0,-152.5,-152.5,-156.5,-157.0,-157.0,-157.0,-157.0,-154.5,-154.0,-152.5,-152.0,-157.0,-157.0,-157.0,-157.0,-157.0,-157.0,-157.0,-153.5,-157.0,-156.0,-157.0,-157.0,-154.5,-155.0,-157.0,-156.5,-156.0,-157.0,-155.0,-150.5,-154.5,-155.5,-157.0,-157.0,-157.0,-157.0,-157.0,-157.0,-157.0,-157.0,-157.0,-157.0,-157.0,-157.0,-157.0,-157.0,-154.0,-147.5,-147.5,-157.0,-157.0,-157.0,-150.5,-155.5,-154.5,-157.0,-152.0,-157.0,-153.5,-154.0,-157.0,-157.0,-157.0,-157.0,-156.0,-153.0,-154.0,-157.0,-157.0,-157.0,-153.5,-157.0,-154.5,-157.0,-152.5,-154.5
2026-01-17 13:48:28.869,143.049967,5,-77,-157.0,-157.0,-149.0,-153.5,-156.0,-157.0,-157.0,-156.5,-157.0,-157.0,-154.5,-151.0,-157.0,-157.0,-156.5,-157.0,-157.0,-157.0,-153.0,-154.0,-156.0,-157.0,-157.0,-157.0,-157.0,-157.0,-156.5,-157.0,-157.0,-157.0,-155.5,-155.0,-157.0,-157.0,-157.0,-157.0,-157.0,-157.0,-154.0,-157.0,-155.0,-157.0,-157.0,-154.0,-153.0,-152.0,-154.5,-152.5,-157.0,-156.5,-153.5,-155.0,-157.0,-154.5,-152.0,-157.0,-157.0,-157.0,-157.0,-155.0,-157.0,-157.0,-157.0,-157.0,-150.5,-152.5,-152.0,-151.5,-157.0,-157.0,-156.5,-155.0,-153.0,-156.0,-157.0,-157.0,-157.0,-157.0,-157.0,-157.0,-154.0,-157.0,-156.0,-152.0,-152.5,-157.0,-157.0,-157.0,-157.0,-157.0,-157.0,-152.0,-152.5,-149.5,-155.0,-155.5,-154.0,-157.0,-157.0,-157.0,-154.0,-155.0,-157.0,-157.0,-152.5,-151.0,-157.0,-157.0,-157.0,-157.0,-153.0,-157.0,-151.5,-152.5,-154.0,-153.0,-151.5,-157.0,-157.0,-155.5,-151.5,-157.0,-153.5,-152.5,-157.0,-154.0,-157.0,-157.0,-157.0,-157.0,-152.0,-149.5,-157.0,-157.0,-157.0,-156.5,-157.0,-152.5,-156.5,-157.0,-157.0,-157.0,-157.0,-157.0,-154.5,-157.0,-156.0,-156.0,-157.0,-157.0,-157.0,-157.0,-150.5,-152.5,-157.0,-156.5,-157.0,-148.0,-146.0,-153.0,-157.0,-157.0,-154.5,-154.5,-153.5,-155.0,-154.0,-153.5,-152.5,-157.0,-156.0,-157.0,-157.0,-154.5,-157.0,-155.0,-150.5,-157.0,-157.0,-157.0,-157.0,-157.0,-157.0,-157.0,-152.0,-155.0,-156.5,-157.0,-153.0,-153.0,-157.0,-153.0,-155.0,-157.0,-151.5,-155.5,-157.0,-157.0,-157.0,-157.0,-157.0,-155.0,-157.0,-157.0,-157.0,-157.0,-153.5,-153.5,-152.5,-154.5,-157.0,-157.0,-157.0,-157.0,-157.0,-153.5,-157.0,-157.0,-152.0,-154.5,-156.0,-157.0,-156.5,-157.0,-152.0,-155.5,-155.0,-154.0,-157.0,-157.0,-157.0,-152.0,-154.0,-155.0,-153.0,-155.0,-156.5,-154.5,-156.0,-154.5,-153.5,-156.0,-153.5,-157.0,-153.5,-154.0,-157.0,-156.5,-156.5,-156.5,-147.5,-151.5,-154.0,-157.0,-156.5,-157.0,-152.0,-151.5,-153.0,-156.0,-157.0,-157.0,-153.0,-153.0,-157.0,-157.0,-157.0,-156.5,-155.5,-157.0,-157.0,-157.0,-157.0,-157.0,-157.0,-156.0,-157.0,-157.0,-157.0,-155.5,-155.0,-155.0,-152.0,-153.0,-157.0,-155.5,-150.0,-151.0,-152.0,-156.0,-156.5,-157.0,-157.0,-157.0,-157.0,-157.0,-157.0,-153.0,-152.0,-156.5,-154.5,-155.0,-154.0,-153.0,-151.0,-157.0,-156.5,-157.0,-157.0,-155.0,-156.0,-157.0,-152.0,-151.5,-157.0,-157.0,-157.0,-157.0,-156.5,-157.0,-157.0,-156.5,-152.0,-153.0,-157.0,-150.0,-151.5,-152.0,-152.5,-157.0,-154.5,-154.0,-156.5,-155.5,-157.0,-157.0,-157.0,-156.0,-155.0,-154.0,-157.0,-157.0,-155.5,-156.0,-157.0,-157.0,-157.0,-157.0,-157.0,-155.0,-150.5,-151.5,-157.0,-157.0,-155.5,-153.5,-151.0,-153.5,-155.0,-157.0,-153.5,-153.5,-152.5,-154.5,-156.5,-151.5,-157.0,-154.5,-153.0,-152.5,-157.0,-157.0,-157.0,-157.0,-157.0,-157.0,-157.0,-157.0,-152.0,-152.5,-149.5,-151.5,-157.0,-157.0,-154.0,-157.0,-153.0,-151.5,-157.0,-155.0,-154.0,-147.5,-146.0,-152.5,-157.0,-153.5,-156.0,-157.0,-152.0,-155.5,-157.0,-157.0,-153.0,-155.0,-157.0,-157.0,-156.5,-155.0,-157.0,-157.0,-157.0,-157.0,-156.0,-153.5,-157.0,-157.0,-151.5,-154.5,-155.0,-157.0,-157.0,-152.5,-155.0,-157.0,-156.0,-157.0,-151.0,-150.5,-152.5,-153.5,-156.5,-157.0,-157.0,-157.0,-157.0,-157.0,-157.0,-157.0,-157.0,-157.0,-157.0,-157.0,-157.0,-157.0,-157.0,-154.5,-149.0,-148.5,-155.5,-155.5,-157.0,-151.0,-157.0,-156.0,-157.0,-152.5,-156.5,-155.5,-156.0,-157.0,-157.0,-157.0,-157.0,-157.0,-150.5,-152.0,-157.0,-157.0,-157.0,-154.5,-155.5,-153.5,-156.0,-157.0,-155.5
2026-01-17 13:48:28.902,143.049967,5,-77,-157.0,-157.0,-151.5,-157.0,-157.0,-157.0,-154.0,-153.5,-157.0,-156.5,-154.0,-153.5,-156.5,-157.0,-157.0,-157.0,-157.0,-157.0,-154.5,-152.0,-157.0,-157.0,-157.0,-156.5,-156.5,-155.0,-156.0,-156.0,-157.0,-157.0,-157.0,-156.0,-156.5,-157.0,-157.0,-157.0,-157.0,-155.0,-154.0,-157.0,-157.0,-157.0,-157.0,-157.0,-153.5,-154.0,-157.0,-151.5,-157.0,-157.0,-157.0,-157.0,-157.0,-155.5,-157.0,-157.0,-157.0,-157.0,-157.0,-156.5,-156.5,-154.0,-153.5,-157.0,-150.0,-152.0,-151.5,-149.5,-156.5,-155.5,-157.0,-156.0,-154.0,-152.0,-154.0,-157.0,-155.5,-154.5,-157.0,-157.0,-153.0,-155.0,-157.0,-152.5,-155.5,-154.5,-155.5,-157.0,-157.0,-153.0,-154.0,-155.5,-154.5,-150.5,-154.5,-157.0,-157.0,-157.0,-157.0,-157.0,-157.0,-155.5,-157.0,-157.0,-154.0,-151.5,-157.0,-156.5,-155.5,-157.0,-153.5,-153.5,-155.5,-154.0,-152.5,-149.0,-150.0,-156.5,-156.5,-155.5,-152.5,-157.0,-156.0,-157.0,-156.5,-151.5,-152.0,-153.0,-157.0,-157.0,-149.0,-149.5,-157.0,-156.0,-153.5,-155.5,-157.0,-152.0,-152.5,-156.5,-155.0,-156.0,-157.0,-157.0,-154.0,-157.0,-157.0,-157.0,-157.0,-157.0,-157.0,-157.0,-153.0,-156.5,-154.5,-154.5,-157.0,-150.0,-147.5,-157.0,-157.0,-155.5,-152.5,-153.5,-148.5,-150.5,-154.5,-151.5,-155.0,-156.0,-154.0,-157.0,-157.0,-157.0,-157.0,-157.0,-155.5,-156.0,-157.0,-157.0,-157.0,-157.0,-157.0,-157.0,-150.0,-151.0,-156.5,-156.5,-157.0,-156.5,-157.0,-155.5,-155.5,-157.0,-154.5,-155.5,-153.5,-157.0,-157.0,-157.0,-154.0,-157.0,-155.5,-155.5,-157.0,-156.5,-155.0,-155.5,-157.0,-157.0,-157.0,-156.0,-157.0,-157.0,-157.0,-150.0,-151.5,-156.0,-152.0,-157.0,-156.5,-157.0,-157.0,-157.0,-153.5,-155.5,-155.0,-156.0,-157.0,-157.0,-157.0,-151.5,-151.5,-155.5,-156.0,-152.0,-153.0,-151.0,-152.5,-152.5,-151.5,-157.0,-152.0,-150.5,-152.0,-153.0,-156.0,-157.0,-157.0,-156.5,-147.5,-152.0,-154.5,-157.0,-157.0,-157.0,-155.0,-157.0,-157.0,-157.0,-157.0,-156.5,-157.0,-156.0,-157.0,-156.5,-157.0,-157.0,-157.0,-157.0,-157.0,-157.0,-157.0,-157.0,-157.0,-154.5,-157.0,-152.5,-153.5,-153.0,-153.0,-157.0,-155.0,-157.0,-157.0,-155.5,-152.5,-157.0,-157.0,-157.0,-157.0,-155.0,-153.0,-153.0,-157.0,-157.0,-157.0,-157.0,-155.5,-156.0,-154.0,-155.0,-154.0,-149.5,-152.0,-157.0,-157.0,-157.0,-157.0,-157.0,-157.0,-156.5,-151.5,-151.5,-155.5,-157.0,-157.0,-157.0,-157.0,-157.0,-157.0,-153.0,-150.5,-155.0,-157.0,-150.5,-153.0,-152.5,-151.5,-151.5,-153.0,-154.5,-156.0,-154.5,-157.0,-157.0,-155.5,-154.0,-155.5,-157.0,-157.0,-157.0,-155.5,-157.0,-157.0,-157.0,-156.0,-157.0,-157.0,-153.5,-152.0,-151.0,-151.5,-156.5,-157.0,-154.0,-149.0,-152.5,-157.0,-157.0,-157.0,-150.0,-152.0,-155.5,-153.0,-152.5,-155.0,-154.0,-155.5,-155.0,-157.0,-157.0,-157.0,-157.0,-157.0,-157.0,-157.0,-157.0,-154.0,-152.5,-152.0,-153.5,-157.0,-157.0,-156.0,-157.0,-155.0,-150.0,-157.0,-153.0,-150.5,-153.5,-147.5,-149.0,-156.0,-152.5,-154.5,-157.0,-154.0,-156.5,-157.0,-157.0,-154.0,-154.0,-153.0,-153.0,-156.0,-152.5,-154.0,-157.0,-157.0,-155.0,-150.0,-150.5,-157.0,-155.5,-149.5,-150.5,-157.0,-157.0,-157.0,-156.0,-155.5,-157.0,-155.0,-157.0,-150.5,-150.5,-157.0,-154.0,-157.0,-157.0,-157.0,-154.5,-152.5,-157.0,-157.0,-157.0,-157.0,-155.5,-157.0,-157.0,-157.0,-156.5,-153.5,-154.0,-154.0,-151.0,-152.5,-154.5,-154.5,-151.0,-157.0,-157.0,-154.0,-151.0,-157.0,-157.0,-156.5,-154.5,-157.0,-155.0,-155.0,-157.0,-148.5,-150.5,-152.5,-155.0,-156.0,-157.0,-156.5,-156.0,-157.0,-157.0,-157.0
2026-01-17 13:48:28.939,143.049967,5,-77,-157.0,-157.0,-157.0,-157.0,-157.0,-157.0,-157.0,-155.5,-157.0,-157.0,-155.0,-152.5,-151.5,-156.0,-157.0,-157.0,-157.0,-157.0,-157.0,-154.0,-157.0,-156.5,-154.0,-152.0,-153.0,-154.5,-155.0,-154.0,-157.0,-157.0,-156.0,-157.0,-152.5,-154.5,-154.0,-153.5,-152.5,-152.5,-157.0,-157.0,-157.0,-157.0,-157.0,-155.5,-150.5,-153.0,-155.5,-152.5,-153.5,-157.0,-157.0,-153.0,-154.5,-155.0,-157.0,-157.0,-154.0,-154.5,-157.0,-153.0,-154.5,-153.5,-152.0,-157.0,-152.0,-155.5,-155.5,-152.5,-157.0,-157.0,-157.0,-155.0,-157.0,-153.5,-154.5,-157.0,-157.0,-154.5,-157.0,-157.0,-155.5,-152.0,-152.0,-157.0,-150.5,-150.0,-152.5,-157.0,-154.0,-153.5,-154.0,-154.0,-156.5,-150.0,-153.0,-156.0,-157.0,-157.0,-157.0,-156.5,-153.5,-155.5,-157.0,-157.0,-157.0,-154.0,-157.0,-153.5,-151.5,-157.0,-153.0,-156.5,-157.0,-157.0,-157.0,-153.0,-156.0,-157.0,-157.0,-157.0,-156.0,-157.0,-157.0,-156.0,-157.0,-154.0,-153.5,-153.5,-153.5,-153.5,-151.5,-153.0,-157.0,-157.0,-153.0,-155.0,-157.0,-154.0,-155.5,-156.0,-155.5,-156.5,-157.0,-157.0,-155.5,-157.0,-156.0,-157.0,-157.0,-156.5,-157.0,-157.0,-157.0,-156.5,-156.0,-157.0,-157.0,-155.5,-150.0,-154.5,-154.5,-156.0,-150.5,-154.0,-149.5,-152.5,-157.0,-155.5,-157.0,-157.0,-157.0,-157.0,-157.0,-157.0,-155.5,-155.5,-153.0,-152.0,-156.0,-155.5,-155.5,-157.0,-157.0,-154.0,-152.5,-155.0,-157.0,-157.0,-157.0,-157.0,-157.0,-157.0,-156.0,-157.0,-156.0,-151.5,-151.0,-157.0,-157.0,-153.5,-150.0,-153.0,-152.0,-155.5,-157.0,-155.5,-157.0,-155.5,-157.0,-157.0,-157.0,-153.0,-157.0,-157.0,-155.5,-150.5,-153.5,-157.0,-155.0,-156.5,-157.0,-157.0,-157.0,-157.0,-157.0,-152.5,-155.0,-157.0,-157.0,-155.0,-154.5,-152.0,-154.5,-157.0,-157.0,-152.5,-154.0,-151.0,-149.5,-148.0,-148.5,-157.0,-153.0,-150.5,-152.0,-153.5,-154.0,-157.0,-157.0,-149.5,-146.5,-153.5,-157.0,-157.0,-157.0,-155.5,-155.0,-152.5,-157.0,-157.0,-157.0,-157.0,-157.0,-157.0,-157.0,-157.0,-157.0,-157.0,-157.0,-157.0,-156.5,-157.0,-157.0,-157.0,-154.0,-154.5,-154.5,-153.0,-153.5,-157.0,-157.0,-157.0,-154.5,-155.0,-157.0,-157.0,-156.5,-156.5,-156.0,-156.5,-157.0,-153.0,-151.0,-152.5,-155.5,-154.0,-157.0,-157.0,-157.0,-154.0,-157.0,-156.5,-152.0,-150.0,-156.0,-154.5,-153.5,-157.0,-157.0,-157.0,-157.0,-157.0,-156.5,-157.0,-157.0,-157.0,-156.5,-156.0,-157.0,-157.0,-157.0,-155.0,-151.0,-151.0,-154.5,-153.5,-157.0,-156.0,-152.5,-151.5,-156.5,-156.0,-155.0,-154.5,-157.0,-156.5,-155.0,-157.0,-153.0,-155.0,-157.0,-156.5,-157.0,-157.0,-157.0,-155.0,-156.0,-157.0,-157.0,-154.0,-155.0,-157.0,-151.0,-152.0,-156.0,-156.5,-147.0,-149.5,-156.5,-157.0,-156.5,-151.0,-157.0,-157.0,-157.0,-154.0,-154.5,-155.0,-153.0,-153.5,-155.0,-155.5,-153.0,-157.0,-157.0,-157.0,-157.0,-157.0,-157.0,-152.5,-152.0,-155.5,-157.0,-156.5,-157.0,-157.0,-150.5,-150.0,-157.0,-157.0,-153.0,-152.5,-153.5,-152.5,-155.0,-154.0,-157.0,-155.0,-156.0,-157.0,-157.0,-157.0,-157.0,-154.5,-154.5,-151.5,-155.0,-151.0,-152.0,-154.5,-157.0,-155.0,-151.0,-152.0,-157.0,-156.5,-151.0,-152.0,-157.0,-157.0,-157.0,-156.0,-152.5,-151.5,-154.0,-156.5,-155.5,-153.5,-157.0,-157.0,-157.0,-157.0,-157.0,-157.0,-151.0,-151.5,-154.5,-157.0,-157.0,-156.5,-157.0,-157.0,-157.0,-156.5,-155.5,-155.0,-157.0,-152.5,-154.5,-157.0,-155.0,-154.5,-157.0,-157.0,-157.0,-151.5,-154.0,-156.5,-156.5,-153.0,-157.0,-156.5,-155.0,-157.0,-151.5,-155.5,-152.5,-151.5,-152.0,-155.5,-156.0,-157.0,-157.0,-157.0,-157.0
2026-01-17 13:48:28.971,143.049967,5,-77,-157.0,-157.0,-157.0,-157.0,-157.0,-153.5,-156.0,-157.0,-157.0,-157.0,-157.0,-155.0,-156.0,-157.0,-155.0,-157.0,-157.0,-156.0,-157.0,-154.0,-156.0,-157.0,-155.0,-151.5,-155.0,-157.0,-151.5,-156.0,-157.0,-157.0,-154.0,-150.5,-150.5,-152.5,-152.0,-154.0,-153.5,-157.0,-157.0,-157.0,-157.0,-157.0,-157.0,-156.5,-153.5,-155.0,-157.0,-156.0,-154.0,-154.0,-152.5,-153.5,-157.0,-155.0,-157.0,-157.0,-149.5,-150.0,-157.0,-151.0,-151.5,-154.0,-151.5,-157.0,-155.5,-157.0,-157.0,-155.0,-157.0,-157.0,-157.0,-157.0,-157.0,-157.0,-157.0,-157.0,-157.0,-156.0,-156.5,-157.0,-157.0,-150.5,-149.5,-152.5,-151.0,-153.0,-157.0,-157.0,-154.0,-157.0,-157.0,-157.0,-157.0,-149.5,-155.0,-157.0,-157.0,-156.5,-155.5,-149.0,-148.5,-153.5,-157.0,-157.0,-157.0,-157.0,-157.0,-153.0,-151.5,-155.5,-151.0,-154.0,-157.0,-157.0,-157.0,-157.0,-157.0,-157.0,-157.0,-154.0,-157.0,-156.5,-157.0,-152.0,-155.0,-157.0,-157.0,-154.5,-154.5,-152.0,-154.0,-157.0,-157.0,-157.0,-155.5,-154.5,-153.5,-157.0,-157.0,-153.5,-152.0,-155.5,-157.0,-157.0,-157.0,-157.0,-154.5,-157.0,-157.0,-157.0,-157.0,-157.0,-157.0,-157.0,-157.0,-156.5,-157.0,-155.0,-151.5,-154.5,-156.0,-157.0,-151.5,-154.0,-154.5,-157.0,-156.5,-157.0,-157.0,-157.0,-157.0,-157.0,-157.0,-154.0,-153.5,-157.0,-153.0,-153.0,-156.0,-157.0,-157.0,-156.0,-157.0,-157.0,-157.0,-157.0,-157.0,-157.0,-157.0,-157.0,-157.0,-157.0,-153.5,-157.0,-153.0,-154.0,-153.0,-157.0,-157.0,-151.0,-149.0,-150.5,-149.5,-156.5,-157.0,-157.0,-156.5,-156.5,-157.0,-157.0,-157.0,-149.5,-150.5,-152.0,-154.5,-154.0,-157.0,-155.5,-157.0,-157.0,-155.0,-157.0,-157.0,-154.0,-152.0,-150.5,-157.0,-152.0,-153.0,-155.5,-151.5,-152.0,-157.0,-157.0,-157.0,-157.0,-157.0,-154.5,-156.0,-151.0,-151.0,-157.0,-156.5,-157.0,-155.0,-154.5,-151.5,-154.5,-155.0,-152.0,-147.5,-153.0,-153.5,-152.5,-151.5,-155.5,-153.5,-154.0,-157.0,-157.0,-157.0,-156.5,-157.0,-153.5,-152.0,-157.0,-157.0,-157.0,-157.0,-157.0,-157.0,-157.0,-157.0,-151.0,-151.0,-157.0,-156.5,-157.0,-157.0,-157.0,-157.0,-155.5,-156.0,-157.0,-157.0,-157.0,-157.0,-153.0,-154.0,-157.0,-157.0,-152.0,-157.0,-154.5,-153.0,-154.5,-156.5,-157.0,-156.5,-155.0,-157.0,-157.0,-155.0,-157.0,-157.0,-151.5,-150.0,-154.5,-156.0,-157.0,-156.0,-156.0,-157.0,-157.0,-157.0,-153.5,-153.5,-153.0,-157.0,-157.0,-157.0,-156.5,-157.0,-153.5,-155.5,-156.0,-153.5,-157.0,-155.5,-155.0,-156.0,-156.5,-157.0,-157.0,-157.0,-155.0,-157.0,-157.0,-155.5,-153.0,-156.5,-155.0,-157.0,-157.0,-157.0,-155.5,-155.5,-157.0,-157.0,-157.0,-157.0,-157.0,-153.5,-157.0,-155.5,-157.0,-149.0,-153.5,-153.0,-157.0,-156.5,-157.0,-157.0,-157.0,-154.5,-154.5,-157.0,-153.5,-152.5,-156.5,-156.0,-150.5,-150.5,-151.5,-156.5,-155.5,-154.0,-154.5,-157.0,-154.5,-156.5,-153.5,-154.5,-157.0,-157.0,-157.0,-153.5,-157.0,-157.0,-157.0,-155.5,-152.0,-157.0,-156.5,-155.5,-156.0,-157.0,-155.5,-156.5,-156.5,-157.0,-156.0,-157.0,-155.0,-157.0,-153.5,-157.0,-153.5,-156.5,-157.0,-157.0,-156.5,-154.0,-151.5,-150.0,-153.5,-153.5,-156.0,-154.5,-154.0,-157.0,-155.5,-155.0,-152.5,-155.0,-154.5,-157.0,-157.0,-154.5,-156.5,-157.0,-157.0,-157.0,-157.0,-154.0,-156.0,-152.0,-157.0,-157.0,-157.0,-157.0,-157.0,-157.0,-156.0,-152.5,-152.0,-157.0,-152.5,-156.0,-157.0,-157.0,-157.0,-155.5,-155.5,-157.0,-153.5,-153.0,-151.5,-155.0,-157.0,-154.5,-157.0,-156.0,-156.0,-154.0,-157.0,-157.0,-156.5,-155.0,-157.0,-156.5,-157.0,-157.0,-157.0,-157.0
2026-01-17 13:48:29.004,143.049967,5,-77,-157.0,-157.0,-157.0,-157.0,-157.0,-152.0,-154.5,-157.0,-157.0,-157.0,-157.0,-157.0,-157.0,-155.0,-154.0,-157.0,-157.0,-157.0,-157.0,-154.0,-154.0,-157.0,-157.0,-152.5,-156.0,-157.0,-150.0,-153.5,-157.0,-155.0,-154.5,-151.5,-153.5,-156.5,-153.5,-157.0,-157.0,-157.0,-154.5,-151.0,-155.0,-157.0,-152.5,-155.5,-154.0,-155.5,-157.0,-152.0,-151.0,-151.5,-153.5,-157.0,-157.0,-154.0,-155.0,-156.5,-150.0,-151.0,-154.5,-156.5,-156.5,-157.0,-153.0,-154.5,-157.0,-157.0,-157.0,-157.0,-157.0,-157.0,-157.0,-157.0,-157.0,-157.0,-155.0,-156.0,-157.0,-157.0,-157.0,-156.5,-155.0,-154.5,-156.5,-151.0,-153.0,-157.0,-157.0,-155.0,-154.0,-157.0,-157.0,-157.0,-157.0,-149.0,-149.0,-157.0,-157.0,-157.0,-157.0,-149.0,-150.0,-154.0,-154.5,-151.5,-157.0,-157.0,-157.0,-153.5,-157.0,-157.0,-153.5,-153.5,-157.0,-157.0,-157.0,-157.0,-157.0,-157.0,-154.0,-150.5,-155.0,-157.0,-154.0,-148.5,-154.0,-157.0,-157.0,-155.5,-157.0,-156.0,-157.0,-157.0,-157.0,-155.5,-153.0,-151.5,-152.5,-157.0,-157.0,-157.0,-151.0,-153.0,-157.0,-157.0,-157.0,-157.0,-156.0,-156.5,-152.0,-152.5,-156.0,-157.0,-152.0,-153.0,-157.0,-151.0,-151.5,-153.0,-154.5,-154.0,-157.0,-154.5,-154.0,-152.5,-157.0,-157.0,-156.0,-156.5,-155.0,-157.0,-157.0,-152.0,-153.0,-155.0,-157.0,-157.0,-157.0,-155.5,-154.0,-157.0,-157.0,-154.0,-157.0,-157.0,-157.0,-157.0,-157.0,-157.0,-157.0,-157.0,-157.0,-157.0,-150.5,-151.5,-149.5,-157.0,-157.0,-157.0,-157.0,-153.0,-152.5,-153.5,-152.5,-157.0,-157.0,-157.0,-157.0,-157.0,-157.0,-157.0,-157.0,-150.0,-153.0,-151.0,-155.0,-156.0,-155.5,-153.5,-156.5,-157.0,-154.0,-157.0,-157.0,-157.0,-152.0,-152.5,-154.5,-152.5,-152.5,-157.0,-152.5,-154.5,-157.0,-153.5,-153.5,-157.0,-157.0,-157.0,-157.0,-157.0,-151.5,-150.5,-157.0,-157.0,-157.0,-156.5,-151.5,-156.0,-157.0,-149.0,-148.0,-154.5,-152.0,-151.5,-152.0,-157.0,-157.0,-157.0,-157.0,-157.0,-157.0,-155.5,-156.5,-156.0,-150.0,-151.0,-157.0,-157.0,-157.0,-154.0,-155.0,-157.0,-157.0,-151.5,-153.0,-157.0,-157.0,-157.0,-157.0,-157.0,-157.0,-153.5,-154.5,-157.0,-157.0,-155.0,-157.0,-154.0,-157.0,-157.0,-151.0,-149.5,-152.0,-154.5,-152.5,-154.5,-153.0,-157.0,-154.0,-156.0,-155.0,-157.0,-157.0,-157.0,-153.5,-154.5,-151.0,-151.5,-152.0,-157.0,-156.5,-155.5,-155.0,-151.5,-152.5,-152.5,-157.0,-154.0,-155.5,-157.0,-157.0,-155.0,-154.0,-151.0,-151.5,-151.0,-152.5,-157.0,-153.5,-155.0,-154.0,-155.0,-157.0,-157.0,-155.0,-154.0,-157.0,-157.0,-157.0,-153.0,-155.0,-154.5,-157.0,-156.0,-157.0,-157.0,-157.0,-157.0,-157.0,-157.0,-157.0,-156.5,-157.0,-157.0,-152.5,-150.0,-149.0,-157.0,-153.5,-157.0,-157.0,-157.0,-157.0,-156.5,-154.5,-157.0,-157.0,-155.5,-157.0,-157.0,-157.0,-152.0,-152.5,-149.5,-155.0,-156.0,-152.5,-156.0,-155.5,-155.5,-157.0,-153.5,-157.0,-157.0,-157.0,-157.0,-157.0,-157.0,-157.0,-157.0,-157.0,-155.5,-157.0,-156.0,-151.5,-154.0,-155.5,-154.5,-156.0,-154.5,-154.0,-154.5,-157.0,-155.0,-156.5,-153.5,-156.5,-154.5,-156.5,-157.0,-157.0,-157.0,-157.0,-153.5,-151.5,-156.0,-156.5,-157.0,-154.0,-152.5,-156.5,-157.0,-157.0,-154.0,-151.0,-150.0,-157.0,-157.0,-155.0,-157.0,-157.0,-157.0,-157.0,-157.0,-157.0,-157.0,-152.5,-155.0,-157.0,-157.0,-153.5,-156.5,-157.0,-157.0,-150.5,-151.5,-154.5,-150.0,-151.0,-156.5,-155.5,-155.5,-156.0,-154.0,-156.5,-155.0,-153.5,-151.5,-157.0,-157.0,-157.0,-155.5,-153.5,-152.0,-153.5,-157.0,-157.0,-157.0,-157.0,-157.0,-157.0,-157.0,-156.0,-157.0,-157.0
2026-01-17 13:48:29.038,143.049967,5,-77,-157.0,-157.0,-157.0,-154.0,-157.0,-155.0,-155.5,-155.0,-157.0,-157.0,-157.0,-157.0,-157.0,-151.0,-152.5,-154.5,-156.0,-157.0,-157.0,-152.0,-153.0,-157.0,-153.5,-151.0,-156.5,-157.0,-151.5,-153.0,-157.0,-154.5,-156.0,-156.5,-154.5,-157.0,-157.0,-157.0,-156.0,-155.5,-154.5,-151.5,-157.0,-153.0,-152.0,-153.5,-149.0,-151.5,-157.0,-152.0,-154.5,-156.5,-157.0,-154.5,-155.0,-156.0,-153.5,-152.0,-154.5,-157.0,-152.5,-154.5,-157.0,-157.0,-156.0,-157.0,-157.0,-157.0,-157.0,-156.5,-154.5,-153.0,-157.0,-157.0,-157.0,-157.0,-152.0,-152.5,-157.0,-157.0,-157.0,-157.0,-157.0,-157.0,-157.0,-155.0,-157.0,-156.0,-157.0,-157.0,-157.0,-157.0,-154.0,-157.0,-157.0,-152.5,-150.0,-154.0,-157.0,-157.0,-156.5,-155.5,-154.0,-155.5,-152.5,-149.5,-157.0,-157.0,-157.0,-153.5,-157.0,-157.0,-156.5,-155.0,-157.0,-157.0,-154.5,-153.5,-157.0,-155.5,-156.5,-150.5,-155.5,-156.5,-153.5,-147.5,-149.5,-157.0,-154.0,-157.0,-157.0,-157.0,-157.0,-157.0,-157.0,-157.0,-154.5,-151.5,-154.0,-157.0,-157.0,-157.0,-153.0,-155.5,-157.0,-155.5,-156.0,-157.0,-157.0,-153.5,-152.0,-153.0,-154.0,-154.0,-150.0,-153.0,-156.5,-149.5,-150.0,-154.0,-157.0,-153.5,-157.0,-154.0,-154.5,-157.0,-157.0,-157.0,-157.0,-157.0,-154.0,-157.0,-156.0,-149.5,-152.0,-154.5,-157.0,-155.5,-156.0,-156.5,-151.0,-152.0,-153.5,-152.5,-157.0,-157.0,-157.0,-153.5,-157.0,-157.0,-157.0,-157.0,-154.0,-154.5,-153.0,-152.5,-153.0,-154.0,-157.0,-157.0,-155.0,-151.0,-156.5,-154.5,-157.0,-157.0,-157.0,-156.0,-155.0,-154.5,-155.5,-157.0,-157.0,-152.5,-156.0,-152.5,-156.5,-155.5,-153.0,-153.5,-157.0,-157.0,-155.5,-157.0,-157.0,-157.0,-157.0,-157.0,-155.0,-157.0,-151.5,-154.0,-153.5,-154.0,-157.0,-154.0,-153.5,-155.5,-155.0,-157.0,-157.0,-157.0,-151.5,-149.5,-157.0,-157.0,-157.0,-157.0,-154.0,-157.0,-151.0,-145.5,-147.5,-157.0,-156.0,-156.5,-154.5,-157.0,-157.0,-157.0,-157.0,-157.0,-157.0,-157.0,-157.0,-157.0,-154.5,-153.5,-153.0,-157.0,-157.0,-149.5,-153.5,-157.0,-157.0,-153.0,-155.0,-154.5,-156.0,-157.0,-157.0,-155.0,-155.5,-150.0,-152.5,-157.0,-151.5,-149.5,-152.5,-157.0,-157.0,-156.5,-149.5,-151.5,-153.5,-156.5,-155.0,-154.0,-151.5,-155.5,-155.5,-156.0,-155.0,-155.5,-154.5,-156.5,-151.0,-155.5,-152.5,-148.5,-151.5,-157.0,-156.5,-157.0,-157.0,-151.0,-150.0,-156.5,-157.0,-157.0,-157.0,-156.5,-155.5,-156.0,-157.0,-152.5,-155.0,-150.5,-154.5,-157.0,-152.5,-156.0,-154.0,-154.0,-157.0,-157.0,-157.0,-154.0,-155.5,-157.0,-157.0,-153.0,-155.5,-154.0,-154.0,-154.0,-157.0,-157.0,-157.0,-157.0,-155.5,-157.0,-157.0,-157.0,-157.0,-153.5,-154.5,-152.5,-151.0,-157.0,-154.5,-157.0,-157.0,-157.0,-157.0,-157.0,-153.0,-157.0,-157.0,-157.0,-157.0,-157.0,-157.0,-153.0,-154.0,-152.0,-155.0,-157.0,-152.0,-156.5,-157.0,-157.0,-157.0,-154.0,-156.0,-157.0,-157.0,-157.0,-154.5,-156.5,-157.0,-157.0,-157.0,-157.0,-156.5,-150.5,-150.5,-154.0,-157.0,-155.5,-153.5,-156.0,-157.0,-154.0,-157.0,-155.0,-155.0,-155.5,-155.5,-153.0,-153.0,-157.0,-156.5,-156.0,-157.0,-157.0,-157.0,-157.0,-157.0,-157.0,-154.0,-154.0,-153.5,-156.5,-155.5,-155.5,-150.0,-150.0,-155.5,-154.0,-157.0,-157.0,-157.0,-157.0,-157.0,-157.0,-157.0,-157.0,-156.5,-154.0,-157.0,-154.5,-152.5,-154.0,-157.0,-157.0,-153.5,-157.0,-152.5,-154.0,-153.0,-157.0,-154.0,-156.5,-157.0,-157.0,-157.0,-154.0,-152.0,-154.5,-155.0,-157.0,-157.0,-157.0,-153.0,-151.5,-157.0,-153.0,-153.5,-157.0,-157.0,-157.0,-157.0,-157.0,-153.5,-157.0,-157.0
2026-01-17 13:48:29.069,143.049967,5,-77,-157.0,-157.0,-157.0,-153.5,-156.5,-157.0,-152.0,-152.5,-157.0,-157.0,-156.0,-157.0,-157.0,-151.0,-154.5,-154.5,-157.0,-157.0,-157.0,-154.5,-156.5,-154.5,-151.5,-153.0,-155.0,-157.0,-157.0,-157.0,-156.0,-157.0,-157.0,-156.0,-153.5,-157.0,-157.0,-157.0,-152.0,-154.5,-156.5,-157.0,-155.0,-157.0,-154.5,-156.0,-149.5,-153.0,-157.0,-156.5,-157.0,-157.0,-152.0,-151.0,-156.5,-157.0,-154.0,-154.0,-157.0,-157.0,-153.0,-151.0,-156.0,-156.0,-155.0,-157.0,-157.0,-157.0,-157.0,-154.5,-154.0,-156.0,-157.0,-157.0,-156.0,-155.5,-149.5,-148.5,-157.0,-157.0,-157.0,-157.0,-157.0,-157.0,-157.0,-157.0,-153.5,-153.0,-157.0,-157.0,-157.0,-157.0,-154.0,-156.0,-157.0,-157.0,-154.5,-152.5,-156.5,-154.0,-154.5,-157.0,-153.0,-154.5,-155.5,-152.0,-157.0,-156.0,-154.5,-153.5,-157.0,-155.0,-153.5,-154.0,-157.0,-157.0,-157.0,-152.0,-153.5,-155.5,-157.0,-152.5,-152.5,-157.0,-157.0,-151.0,-149.5,-153.5,-152.0,-157.0,-157.0,-157.0,-157.0,-156.5,-157.0,-157.0,-157.0,-155.5,-155.0,-157.0,-157.0,-157.0,-152.0,-152.0,-156.0,-151.0,-151.5,-157.0,-157.0,-155.5,-157.0,-155.0,-152.0,-156.0,-152.5,-156.5,-156.0,-152.0,-149.5,-151.0,-156.5,-155.5,-155.5,-156.5,-154.5,-157.0,-157.0,-156.5,-157.0,-157.0,-154.0,-157.0,-152.0,-152.0,-155.0,-153.0,-157.0,-152.0,-153.0,-155.5,-151.0,-153.5,-152.5,-155.0,-157.0,-157.0,-157.0,-153.0,-157.0,-156.5,-155.5,-157.0,-153.5,-155.5,-156.0,-156.0,-157.0,-155.5,-156.0,-157.0,-154.0,-150.0,-150.0,-150.0,-157.0,-157.0,-157.0,-154.0,-152.0,-155.0,-157.0,-157.0,-156.5,-156.5,-157.0,-154.5,-156.5,-157.0,-154.5,-155.0,-157.0,-157.0,-157.0,-157.0,-157.0,-157.0,-157.0,-157.0,-156.0,-153.5,-155.0,-151.5,-157.0,-153.0,-157.0,-153.5,-154.0,-155.0,-157.0,-156.5,-154.5,-156.0,-155.0,-151.0,-157.0,-157.0,-157.0,-157.0,-157.0,-157.0,-152.0,-146.5,-146.5,-154.0,-153.5,-156.5,-155.0,-155.5,-157.0,-157.0,-156.5,-157.0,-157.0,-157.0,-154.5,-153.5,-157.0,-157.0,-154.0,-157.0,-157.0,-148.0,-150.5,-157.0,-157.0,-155.0,-155.5,-154.0,-154.0,-157.0,-157.0,-157.0,-155.0,-148.5,-150.0,-155.0,-152.5,-150.5,-149.5,-153.5,-157.0,-155.0,-151.0,-151.5,-155.5,-157.0,-157.0,-154.0,-152.5,-157.0,-157.0,-157.0,-157.0,-152.5,-154.5,-157.0,-151.0,-151.0,-157.0,-149.0,-152.5,-157.0,-153.5,-153.5,-157.0,-157.0,-154.0,-157.0,-157.0,-157.0,-157.0,-154.0,-153.5,-157.0,-157.0,-155.0,-153.5,-154.5,-157.0,-157.0,-156.0,-157.0,-154.0,-155.0,-157.0,-156.5,-157.0,-154.0,-155.5,-157.0,-157.0,-157.0,-150.5,-153.5,-153.5,-155.0,-157.0,-157.0,-157.0,-157.0,-156.5,-157.0,-157.0,-157.0,-152.5,-149.5,-157.0,-157.0,-154.0,-157.0,-155.0,-153.5,-152.5,-157.0,-156.5,-157.0,-150.5,-151.0,-156.5,-157.0,-157.0,-157.0,-156.0,-154.0,-157.0,-157.0,-157.0,-155.5,-152.0,-157.0,-157.0,-157.0,-157.0,-153.0,-156.5,-157.0,-157.0,-157.0,-151.0,-152.0,-157.0,-157.0,-157.0,-157.0,-156.0,-154.5,-155.5,-153.0,-157.0,-157.0,-153.5,-154.5,-157.0,-155.0,-157.0,-157.0,-154.0,-157.0,-156.5,-154.0,-153.0,-154.5,-156.5,-156.0,-157.0,-157.0,-157.0,-157.0,-157.0,-157.0,-157.0,-157.0,-153.0,-157.0,-155.0,-152.5,-151.0,-151.5,-151.5,-154.5,-154.0,-157.0,-157.0,-157.0,-157.0,-157.0,-157.0,-157.0,-157.0,-156.5,-157.0,-157.0,-156.5,-157.0,-157.0,-157.0,-153.0,-157.0,-154.0,-157.0,-155.5,-157.0,-155.5,-156.0,-157.0,-157.0,-157.0,-151.0,-151.5,-157.0,-156.0,-157.0,-157.0,-157.0,-153.0,-156.0,-151.5,-150.5,-150.5,-154.5,-157.0,-157.0,-156.5,-155.5,-152.5,-157.0,-157.0
2026-01-17 13:48:29.105,143.049967,5,-77,-157.0,-157.0,-157.0,-157.0,-157.0,-156.5,-154.5,-153.5,-155.0,-157.0,-154.0,-157.0,-157.0,-152.0,-157.0,-157.0,-157.0,-157.0,-157.0,-157.0,-157.0,-152.0,-152.0,-157.0,-151.5,-155.0,-157.0,-156.5,-153.0,-154.5,-155.0,-153.5,-153.5,-155.5,-157.0,-151.5,-149.0,-157.0,-156.0,-157.0,-156.5,-157.0,-157.0,-157.0,-152.5,-156.5,-157.0,-157.0,-154.5,-153.0,-154.0,-153.5,-157.0,-157.0,-153.5,-155.0,-154.5,-155.0,-157.0,-151.5,-157.0,-154.0,-157.0,-157.0,-157.0,-155.5,-157.0,-157.0,-157.0,-157.0,-157.0,-157.0,-154.5,-152.5,-152.0,-149.5,-154.5,-156.0,-156.0,-155.0,-157.0,-156.5,-157.0,-157.0,-151.5,-152.0,-157.0,-155.0,-153.5,-153.5,-157.0,-157.0,-157.0,-157.0,-157.0,-155.5,-157.0,-156.0,-153.5,-151.5,-151.0,-157.0,-154.5,-152.5,-157.0,-156.0,-155.5,-155.0,-157.0,-157.0,-155.0,-155.0,-157.0,-157.0,-157.0,-152.0,-151.5,-157.0,-157.0,-157.0,-152.5,-157.0,-157.0,-157.0,-154.0,-151.0,-151.0,-152.5,-157.0,-157.0,-156.5,-157.0,-157.0,-157.0,-157.0,-154.0,-153.5,-154.0,-157.0,-153.5,-151.5,-152.5,-157.0,-150.5,-152.5,-157.0,-156.5,-157.0,-157.0,-154.5,-151.0,-157.0,-156.0,-157.0,-157.0,-153.0,-154.0,-150.0,-154.0,-157.0,-154.5,-155.0,-157.0,-157.0,-154.5,-150.5,-153.5,-155.0,-154.5,-154.5,-152.0,-157.0,-157.0,-152.0,-153.0,-152.0,-156.0,-157.0,-157.0,-154.0,-152.5,-157.0,-157.0,-157.0,-155.5,-151.0,-156.0,-157.0,-152.5,-155.0,-156.5,-157.0,-157.0,-156.5,-157.0,-157.0,-157.0,-157.0,-157.0,-155.0,-152.5,-151.0,-157.0,-157.0,-157.0,-157.0,-156.5,-157.0,-157.0,-157.0,-157.0,-157.0,-157.0,-157.0,-157.0,-157.0,-157.0,-157.0,-157.0,-157.0,-157.0,-157.0,-157.0,-157.0,-157.0,-157.0,-157.0,-152.5,-155.5,-151.0,-157.0,-153.0,-155.0,-152.5,-152.5,-154.5,-157.0,-157.0,-156.0,-154.5,-157.0,-152.5,-155.5,-157.0,-157.0,-157.0,-157.0,-157.0,-153.5,-150.0,-151.0,-153.0,-153.0,-157.0,-157.0,-155.0,-157.0,-155.0,-154.0,-157.0,-157.0,-154.5,-154.0,-153.5,-156.0,-153.0,-156.0,-156.0,-154.5,-149.0,-150.5,-156.0,-155.0,-155.5,-157.0,-157.0,-155.5,-157.0,-157.0,-157.0,-157.0,-149.5,-148.0,-152.0,-157.0,-156.0,-150.5,-153.0,-157.0,-157.0,-154.5,-153.0,-155.5,-154.0,-154.0,-156.0,-153.0,-156.0,-157.0,-157.0,-155.5,-153.5,-157.0,-157.0,-154.0,-150.5,-157.0,-153.0,-157.0,-156.5,-155.5,-154.5,-155.5,-157.0,-157.0,-157.0,-157.0,-157.0,-157.0,-156.0,-157.0,-157.0,-157.0,-153.5,-151.5,-155.5,-157.0,-157.0,-157.0,-156.5,-155.0,-157.0,-157.0,-155.0,-157.0,-154.5,-157.0,-157.0,-157.0,-157.0,-149.5,-152.0,-155.5,-157.0,-157.0,-156.5,-156.0,-157.0,-154.5,-155.5,-157.0,-157.0,-150.5,-149.0,-154.0,-157.0,-154.0,-157.0,-155.0,-153.0,-151.5,-156.5,-155.5,-157.0,-154.5,-151.0,-151.5,-157.0,-157.0,-155.0,-155.0,-155.5,-157.0,-157.0,-157.0,-157.0,-156.0,-154.5,-157.0,-157.0,-152.0,-151.0,-157.0,-156.5,-157.0,-157.0,-152.5,-153.0,-157.0,-157.0,-157.0,-157.0,-155.0,-157.0,-154.5,-152.0,-154.0,-154.0,-154.5,-157.0,-156.0,-157.0,-157.0,-157.0,-155.5,-155.5,-153.0,-154.0,-155.0,-153.5,-157.0,-157.0,-157.0,-157.0,-157.0,-157.0,-157.0,-157.0,-157.0,-157.0,-156.0,-152.5,-151.5,-151.5,-151.0,-153.0,-153.5,-153.5,-152.5,-157.0,-157.0,-154.0,-149.5,-157.0,-157.0,-157.0,-157.0,-157.0,-155.5,-157.0,-157.0,-157.0,-157.0,-153.5,-150.5,-155.0,-155.5,-155.0,-157.0,-157.0,-157.0,-156.0,-157.0,-157.0,-157.0,-152.5,-154.5,-157.0,-157.0,-157.0,-157.0,-156.5,-155.0,-154.5,-151.0,-156.0,-154.5,-153.0,-152.5,-152.0,-153.5,-153.5,-154.5,-155.0,-157.0
2026-01-17 13:48:29.142,143.049967,5,-77,-157.0,-157.0,-157.0,-157.0,-157.0,-152.5,-156.0,-157.0,-152.5,-157.0,-156.5,-157.0,-157.0,-154.0,-157.0,-157.0,-157.0,-157.0,-153.5,-155.0,-157.0,-153.5,-153.5,-155.0,-150.5,-152.0,-157.0,-156.0,-154.5,-154.5,-155.5,-157.0,-156.5,-155.5,-156.5,-149.0,-147.5,-152.5,-157.0,-157.0,-157.0,-157.0,-155.0,-156.5,-154.0,-157.0,-154.0,-157.0,-157.0,-155.5,-157.0,-157.0,-156.5,-156.0,-155.5,-155.5,-150.5,-150.0,-156.5,-151.5,-157.0,-151.5,-155.0,-156.5,-154.5,-152.5,-155.0,-157.0,-157.0,-157.0,-157.0,-157.0,-157.0,-153.0,-157.0,-152.0,-153.5,-157.0,-152.5,-150.5,-156.0,-157.0,-157.0,-156.0,-155.5,-154.0,-155.5,-154.5,-153.0,-152.5,-156.0,-157.0,-157.0,-157.0,-157.0,-154.5,-157.0,-157.0,-156.5,-153.0,-151.5,-157.0,-152.5,-153.5,-157.0,-154.0,-153.0,-157.0,-155.5,-157.0,-157.0,-156.5,-155.5,-157.0,-157.0,-156.5,-154.5,-157.0,-157.0,-157.0,-154.0,-154.5,-157.0,-157.0,-157.0,-154.5,-154.5,-150.0,-153.0,-157.0,-157.0,-156.5,-155.5,-156.0,-152.0,-150.0,-151.5,-151.5,-157.0,-154.0,-157.0,-157.0,-156.0,-152.5,-157.0,-155.5,-157.0,-157.0,-157.0,-157.0,-152.0,-157.0,-157.0,-156.5,-156.5,-156.0,-155.5,-151.0,-157.0,-157.0,-155.5,-151.0,-150.5,-157.0,-157.0,-150.5,-150.0,-153.5,-154.5,-154.5,-151.0,-153.5,-157.0,-155.5,-152.5,-155.5,-157.0,-155.5,-157.0,-151.0,-152.5,-157.0,-157.0,-157.0,-154.5,-151.0,-154.0,-157.0,-154.0,-157.0,-157.0,-153.5,-152.5,-153.5,-154.5,-154.5,-157.0,-157.0,-157.0,-157.0,-157.0,-155.5,-157.0,-157.0,-157.0,-157.0,-157.0,-157.0,-157.0,-157.0,-157.0,-157.0,-157.0,-157.0,-157.0,-157.0,-157.0,-157.0,-157.0,-157.0,-157.0,-157.0,-157.0,-157.0,-157.0,-157.0,-157.0,-152.5,-155.5,-149.0,-150.0,-155.5,-157.0,-152.5,-154.5,-157.0,-156.5,-157.0,-157.0,-154.0,-153.5,-155.5,-157.0,-157.0,-155.5,-157.0,-157.0,-155.5,-152.0,-153.0,-153.0,-153.5,-154.0,-157.0,-157.0,-155.0,-157.0,-156.0,-152.0,-157.0,-157.0,-157.0,-156.5,-156.0,-151.0,-151.0,-156.0,-152.0,-154.5,-154.5,-153.5,-156.5,-157.0,-156.5,-157.0,-156.0,-156.5,-157.0,-156.5,-157.0,-155.0,-150.5,-151.0,-155.5,-157.0,-155.0,-155.0,-157.0,-157.0,-157.0,-157.0,-157.0,-152.5,-151.5,-154.0,-157.0,-153.5,-156.0,-157.0,-156.5,-157.0,-152.5,-157.0,-154.5,-151.5,-149.0,-157.0,-157.0,-157.0,-157.0,-157.0,-157.0,-157.0,-157.0,-157.0,-155.0,-154.5,-157.0,-157.0,-157.0,-157.0,-157.0,-153.5,-151.0,-153.0,-156.0,-157.0,-155.0,-156.5,-157.0,-156.0,-157.0,-157.0,-157.0,-157.0,-153.0,-155.5,-157.0,-157.0,-156.5,-152.5,-150.5,-155.0,-152.0,-154.0,-156.0,-157.0,-157.0,-156.5,-156.5,-157.0,-157.0,-153.0,-155.0,-157.0,-157.0,-156.0,-157.0,-154.0,-157.0,-156.5,-157.0,-157.0,-157.0,-157.0,-156.0,-153.5,-157.0,-157.0,-155.5,-156.0,-155.5,-155.0,-155.5,-157.0,-157.0,-157.0,-155.0,-157.0,-157.0,-150.0,-150.5,-157.0,-156.0,-153.5,-154.5,-154.5,-155.0,-157.0,-157.0,-156.5,-157.0,-155.0,-157.0,-155.0,-154.5,-157.0,-154.0,-152.5,-153.0,-157.0,-157.0,-154.5,-151.5,-154.5,-155.5,-153.0,-154.5,-157.0,-154.0,-156.0,-157.0,-157.0,-157.0,-157.0,-157.0,-157.0,-157.0,-157.0,-157.0,-157.0,-151.0,-154.0,-153.5,-153.0,-152.0,-157.0,-152.5,-153.0,-156.0,-154.5,-152.0,-147.5,-152.0,-157.0,-156.0,-157.0,-157.0,-156.5,-156.5,-157.0,-157.0,-157.0,-151.5,-150.5,-151.5,-153.5,-157.0,-157.0,-157.0,-156.0,-157.0,-157.0,-157.0,-156.0,-157.0,-157.0,-157.0,-157.0,-157.0,-155.5,-155.5,-157.0,-154.0,-153.0,-157.0,-157.0,-152.5,-154.5,-148.5,-151.0,-156.5,-157.0,-154.5,-152.0
2026-01-17 13:48:29.170,143.049967,5,-77,-157.0,-157.0,-157.0,-157.0,-157.0,-153.5,-157.0,-155.0,-151.5,-157.0,-157.0,-157.0,-157.0,-157.0,-156.5,-157.0,-156.5,-157.0,-153.5,-156.0,-157.0,-157.0,-152.5,-157.0,-154.5,-152.0,-157.0,-157.0,-155.5,-155.5,-156.5,-157.0,-157.0,-154.0,-154.0,-150.0,-151.0,-155.5,-157.0,-155.0,-155.0,-156.5,-152.0,-153.0,-152.0,-157.0,-153.0,-157.0,-157.0,-156.0,-157.0,-154.0,-150.5,-157.0,-157.0,-157.0,-153.0,-148.5,-155.0,-151.5,-156.5,-151.0,-153.5,-157.0,-153.5,-152.0,-153.0,-155.0,-157.0,-157.0,-156.0,-156.0,-156.5,-153.0,-155.0,-155.0,-157.0,-157.0,-151.5,-150.5,-157.0,-157.0,-157.0,-157.0,-157.0,-157.0,-155.5,-152.5,-152.5,-153.5,-154.5,-157.0,-157.0,-154.5,-154.5,-153.5,-155.5,-157.0,-157.0,-157.0,-155.5,-153.0,-153.5,-157.0,-157.0,-156.0,-150.0,-150.5,-153.5,-157.0,-156.0,-157.0,-154.5,-154.5,-157.0,-157.0,-157.0,-157.0,-157.0,-157.0,-157.0,-152.5,-152.0,-157.0,-157.0,-155.0,-156.0,-154.0,-154.5,-157.0,-157.0,-153.5,-153.5,-157.0,-150.5,-151.5,-151.0,-157.0,-157.0,-154.5,-157.0,-157.0,-157.0,-155.5,-156.0,-153.0,-157.0,-157.0,-157.0,-157.0,-150.5,-155.0,-157.0,-156.0,-157.0,-157.0,-152.0,-149.5,-154.5,-152.0,-152.5,-148.5,-149.5,-154.5,-157.0,-155.0,-151.5,-157.0,-152.5,-157.0,-153.0,-153.0,-157.0,-157.0,-156.0,-157.0,-153.5,-152.5,-156.0,-154.0,-157.0,-156.0,-156.5,-157.0,-157.0,-153.5,-157.0,-157.0,-153.0,-157.0,-157.0,-156.0,-149.0,-151.0,-150.5,-151.5,-157.0,-157.0,-154.5,-154.5,-157.0,-155.5,-156.5,-157.0,-157.0,-157.0,-157.0,-157.0,-157.0,-155.5,-155.0,-154.5,-154.0,-157.0,-155.5,-157.0,-155.5,-155.5,-156.5,-154.5,-152.5,-157.0,-157.0,-157.0,-157.0,-156.5,-155.0,-154.0,-157.0,-152.5,-151.0,-157.0,-153.0,-151.5,-153.0,-155.0,-157.0,-157.0,-157.0,-156.5,-151.5,-153.5,-155.5,-155.0,-152.5,-157.0,-157.0,-157.0,-157.0,-157.0,-153.0,-156.0,-154.5,-157.0,-157.0,-156.0,-157.0,-156.0,-152.0,-154.5,-157.0,-156.0,-156.5,-157.0,-153.5,-152.5,-151.0,-152.0,-155.5,-155.0,-154.5,-157.0,-157.0,-157.0,-157.0,-152.0,-152.5,-157.0,-154.5,-156.0,-156.0,-155.0,-157.0,-157.0,-157.0,-157.0,-157.0,-155.5,-153.0,-154.0,-154.5,-157.0,-151.5,-154.0,-156.0,-156.5,-155.5,-155.5,-157.0,-157.0,-155.5,-150.5,-152.5,-153.0,-157.0,-149.0,-153.5,-157.0,-157.0,-157.0,-157.0,-157.0,-157.0,-157.0,-157.0,-155.0,-153.0,-155.0,-157.0,-157.0,-155.0,-155.0,-154.0,-150.5,-156.5,-154.5,-157.0,-157.0,-153.0,-157.0,-156.0,-156.0,-157.0,-157.0,-154.5,-152.0,-155.0,-155.5,-152.0,-155.0,-157.0,-153.0,-152.5,-149.0,-149.5,-152.5,-157.0,-157.0,-157.0,-157.0,-157.0,-157.0,-154.5,-156.5,-155.0,-157.0,-157.0,-157.0,-152.5,-155.0,-157.0,-157.0,-157.0,-157.0,-157.0,-157.0,-157.0,-154.5,-157.0,-157.0,-155.5,-154.5,-153.0,-151.5,-157.0,-155.0,-157.0,-154.5,-157.0,-157.0,-151.0,-150.0,-157.0,-157.0,-157.0,-157.0,-155.5,-156.0,-157.0,-157.0,-152.0,-152.5,-155.5,-157.0,-156.5,-153.0,-153.5,-157.0,-149.0,-149.0,-157.0,-157.0,-155.0,-154.0,-153.0,-157.0,-157.0,-157.0,-151.5,-151.0,-157.0,-157.0,-157.0,-157.0,-157.0,-157.0,-157.0,-157.0,-157.0,-157.0,-156.5,-153.0,-155.0,-152.0,-155.0,-153.5,-157.0,-157.0,-157.0,-156.0,-156.5,-157.0,-150.0,-152.0,-153.5,-154.5,-157.0,-157.0,-157.0,-155.5,-157.0,-156.5,-157.0,-155.5,-155.0,-151.5,-157.0,-157.0,-157.0,-155.0,-155.0,-157.0,-157.0,-157.0,-156.5,-157.0,-157.0,-157.0,-157.0,-157.0,-157.0,-157.0,-156.5,-155.0,-157.0,-157.0,-157.0,-150.5,-151.0,-148.0,-150.5,-155.5,-157.0,-156.5,-152.5
2026-01-17 13:48:29.202,143.049967,5,-77,-157.0,-157.0,-157.0,-157.0,-157.0,-156.5,-157.0,-157.0,-153.0,-157.0,-154.0,-157.0,-153.5,-153.5,-155.5,-152.0,-157.0,-157.0,-154.0,-153.0,-157.0,-152.0,-151.0,-157.0,-157.0,-155.0,-157.0,-154.5,-152.5,-154.0,-152.5,-157.0,-157.0,-153.5,-153.5,-152.0,-157.0,-153.0,-157.0,-151.5,-152.0,-151.0,-152.0,-156.5,-155.0,-154.0,-155.5,-157.0,-157.0,-156.0,-157.0,-150.5,-148.5,-153.0,-157.0,-157.0,-153.0,-148.5,-154.0,-154.5,-157.0,-152.5,-156.5,-157.0,-155.0,-157.0,-154.0,-153.5,-153.0,-155.5,-157.0,-157.0,-157.0,-155.5,-156.0,-156.0,-156.0,-157.0,-157.0,-155.5,-157.0,-157.0,-157.0,-157.0,-157.0,-155.5,-157.0,-150.0,-151.5,-155.5,-157.0,-157.0,-155.5,-149.0,-149.0,-157.0,-151.0,-157.0,-157.0,-157.0,-156.0,-152.5,-156.5,-157.0,-157.0,-157.0,-153.0,-152.0,-157.0,-157.0,-153.5,-154.0,-154.0,-157.0,-157.0,-156.0,-152.0,-153.5,-157.0,-157.0,-157.0,-152.5,-152.5,-157.0,-157.0,-157.0,-157.0,-157.0,-157.0,-157.0,-157.0,-156.5,-154.5,-154.0,-151.0,-157.0,-157.0,-157.0,-157.0,-152.0,-157.0,-156.5,-157.0,-156.0,-156.0,-151.0,-152.5,-157.0,-157.0,-157.0,-149.5,-151.0,-157.0,-157.0,-157.0,-157.0,-151.5,-151.0,-153.0,-151.0,-152.5,-151.5,-152.5,-156.5,-154.5,-153.5,-156.5,-156.0,-149.5,-155.0,-157.0,-155.0,-157.0,-157.0,-155.5,-157.0,-152.0,-153.0,-157.0,-157.0,-154.5,-152.5,-157.0,-157.0,-155.0,-155.0,-157.0,-151.0,-148.0,-157.0,-157.0,-157.0,-151.5,-151.5,-150.0,-154.0,-157.0,-157.0,-155.5,-157.0,-152.5,-151.5,-152.5,-155.0,-157.0,-157.0,-157.0,-157.0,-156.5,-157.0,-157.0,-157.0,-156.0,-157.0,-153.0,-157.0,-151.5,-155.0,-157.0,-157.0,-152.0,-157.0,-157.0,-157.0,-157.0,-157.0,-154.5,-155.5,-157.0,-157.0,-157.0,-157.0,-157.0,-155.5,-153.5,-154.0,-157.0,-157.0,-156.0,-157.0,-151.5,-152.5,-152.0,-154.5,-155.0,-157.0,-157.0,-157.0,-157.0,-157.0,-155.0,-157.0,-155.0,-157.0,-157.0,-157.0,-157.0,-155.0,-154.0,-156.0,-157.0,-154.0,-157.0,-153.5,-152.0,-152.0,-151.5,-156.0,-157.0,-157.0,-156.0,-157.0,-157.0,-157.0,-154.0,-149.5,-150.0,-157.0,-156.0,-156.0,-157.0,-157.0,-157.0,-154.5,-157.0,-157.0,-157.0,-157.0,-152.5,-154.5,-152.5,-157.0,-153.0,-154.5,-153.5,-157.0,-156.0,-157.0,-155.5,-157.0,-154.5,-151.5,-152.0,-156.0,-156.0,-150.0,-152.0,-157.0,-156.5,-157.0,-155.5,-155.0,-157.0,-157.0,-157.0,-156.0,-152.5,-155.5,-155.5,-155.0,-152.5,-157.0,-154.5,-152.5,-156.5,-156.0,-154.0,-155.5,-151.5,-157.0,-157.0,-157.0,-157.0,-157.0,-150.5,-151.5,-156.0,-154.0,-152.0,-157.0,-157.0,-153.5,-157.0,-153.0,-154.5,-154.0,-157.0,-157.0,-157.0,-156.5,-156.5,-157.0,-157.0,-150.0,-150.0,-157.0,-155.0,-156.0,-153.0,-156.0,-155.5,-156.5,-157.0,-157.0,-157.0,-157.0,-157.0,-151.0,-157.0,-157.0,-151.0,-151.0,-157.0,-155.0,-153.5,-151.5,-155.0,-151.5,-155.5,-157.0,-154.0,-154.0,-157.0,-157.0,-157.0,-154.0,-152.5,-154.0,-156.0,-157.0,-150.5,-149.0,-157.0,-157.0,-155.0,-152.0,-154.5,-154.5,-151.5,-150.5,-157.0,-157.0,-157.0,-157.0,-153.0,-155.0,-157.0,-157.0,-149.5,-149.5,-156.0,-157.0,-157.0,-157.0,-157.0,-157.0,-157.0,-157.0,-157.0,-157.0,-157.0,-157.0,-152.5,-153.5,-153.0,-152.0,-157.0,-157.0,-157.0,-157.0,-157.0,-156.5,-149.0,-151.0,-154.5,-157.0,-157.0,-154.5,-155.5,-157.0,-152.5,-152.0,-157.0,-157.0,-157.0,-155.0,-157.0,-157.0,-157.0,-153.5,-157.0,-157.0,-157.0,-151.5,-154.0,-157.0,-154.5,-153.0,-154.0,-157.0,-157.0,-157.0,-155.5,-157.0,-157.0,-157.0,-153.0,-154.0,-151.5,-152.0,-150.5,-151.0,-152.5,-157.0,-157.0
2026-01-17 13:48:29.235,143.049967,5,-77,-157.0,-157.0,-156.0,-157.0,-157.0,-157.0,-157.0,-157.0,-155.0,-157.0,-154.5,-157.0,-152.5,-155.0,-157.0,-149.5,-151.5,-157.0,-152.5,-150.5,-155.5,-153.5,-153.0,-157.0,-157.0,-157.0,-157.0,-156.5,-154.5,-155.5,-151.5,-154.0,-156.5,-157.0,-157.0,-152.5,-155.5,-151.0,-154.5,-153.0,-157.0,-152.0,-157.0,-157.0,-157.0,-154.5,-157.0,-157.0,-157.0,-157.0,-154.0,-152.0,-153.5,-151.0,-157.0,-157.0,-152.0,-150.0,-157.0,-157.0,-154.0,-152.5,-157.0,-157.0,-155.0,-156.0,-156.5,-157.0,-155.5,-153.0,-157.0,-156.0,-157.0,-155.5,-157.0,-157.0,-157.0,-155.0,-157.0,-157.0,-157.0,-157.0,-157.0,-157.0,-153.5,-151.0,-154.0,-151.5,-156.0,-155.5,-156.5,-157.0,-157.0,-151.0,-150.5,-151.0,-150.0,-157.0,-157.0,-153.0,-151.5,-152.0,-157.0,-155.5,-157.0,-157.0,-157.0,-157.0,-157.0,-157.0,-156.0,-155.5,-155.0,-157.0,-154.0,-153.0,-151.0,-153.5,-157.0,-157.0,-157.0,-157.0,-157.0,-157.0,-157.0,-157.0,-157.0,-156.0,-157.0,-157.0,-156.0,-156.5,-157.0,-151.5,-149.0,-152.0,-157.0,-156.5,-154.0,-150.5,-157.0,-156.5,-155.0,-153.5,-153.0,-151.0,-153.0,-157.0,-157.0,-157.0,-152.5,-152.5,-157.0,-157.0,-156.0,-157.0,-150.5,-155.5,-157.0,-151.5,-156.5,-154.0,-153.0,-156.0,-151.5,-154.0,-157.0,-157.0,-150.0,-156.5,-157.0,-154.5,-157.0,-157.0,-153.0,-154.0,-156.5,-157.0,-157.0,-157.0,-155.5,-153.5,-157.0,-157.0,-157.0,-156.0,-156.5,-147.5,-146.5,-157.0,-157.0,-157.0,-157.0,-154.5,-152.5,-157.0,-157.0,-157.0,-157.0,-157.0,-152.5,-152.0,-154.0,-157.0,-156.0,-152.5,-155.0,-155.0,-153.0,-156.0,-155.0,-157.0,-157.0,-153.5,-150.0,-150.0,-151.0,-154.5,-154.5,-157.0,-153.5,-157.0,-157.0,-157.0,-157.0,-155.5,-153.0,-157.0,-157.0,-157.0,-157.0,-157.0,-157.0,-156.5,-157.0,-157.0,-157.0,-157.0,-153.0,-155.5,-156.0,-157.0,-152.5,-156.0,-157.0,-157.0,-157.0,-157.0,-155.5,-157.0,-157.0,-156.5,-155.5,-157.0,-157.0,-156.5,-154.5,-154.0,-153.0,-155.5,-157.0,-154.0,-156.5,-154.0,-150.5,-153.5,-157.0,-157.0,-156.5,-157.0,-156.0,-157.0,-157.0,-157.0,-156.5,-153.0,-156.5,-157.0,-157.0,-157.0,-157.0,-157.0,-154.0,-155.5,-157.0,-157.0,-157.0,-157.0,-155.5,-154.5,-151.5,-157.0,-155.5,-153.5,-152.0,-157.0,-155.0,-155.0,-154.0,-154.5,-155.5,-157.0,-155.0,-157.0,-157.0,-154.0,-156.0,-156.5,-150.0,-153.5,-157.0,-154.5,-157.0,-157.0,-157.0,-153.0,-151.5,-157.0,-152.5,-157.0,-153.0,-156.0,-154.5,-156.0,-154.0,-157.0,-151.0,-153.0,-151.0,-157.0,-157.0,-157.0,-156.5,-153.0,-150.0,-153.5,-157.0,-157.0,-153.5,-154.5,-156.0,-156.0,-157.0,-157.0,-157.0,-156.0,-157.0,-157.0,-157.0,-157.0,-153.5,-156.0,-157.0,-153.0,-151.0,-154.5,-154.0,-151.0,-150.5,-154.5,-153.0,-152.0,-157.0,-157.0,-157.0,-157.0,-157.0,-150.5,-157.0,-157.0,-152.0,-150.5,-157.0,-157.0,-156.5,-150.0,-149.0,-151.0,-151.0,-157.0,-157.0,-157.0,-157.0,-157.0,-154.5,-154.5,-152.5,-153.5,-154.5,-157.0,-155.0,-151.5,-157.0,-157.0,-155.5,-153.0,-157.0,-154.5,-157.0,-155.5,-157.0,-157.0,-157.0,-157.0,-153.0,-157.0,-157.0,-157.0,-152.5,-154.5,-154.5,-157.0,-157.0,-157.0,-157.0,-157.0,-157.0,-153.5,-154.5,-157.0,-157.0,-155.0,-152.0,-157.0,-157.0,-153.0,-157.0,-157.0,-153.5,-154.5,-157.0,-157.0,-148.5,-150.0,-154.0,-157.0,-157.0,-157.0,-152.5,-157.0,-155.0,-153.0,-157.0,-157.0,-157.0,-157.0,-157.0,-157.0,-154.0,-150.5,-153.0,-155.5,-152.5,-150.0,-152.0,-157.0,-157.0,-152.5,-153.0,-157.0,-157.0,-157.0,-157.0,-157.0,-157.0,-157.0,-154.5,-157.0,-155.0,-156.5,-156.0,-150.0,-156.5,-157.0,-156.0
2026-01-17 13:48:29.270,143.049967,5,-77,-157.0,-157.0,-156.0,-152.0,-152.5,-155.5,-155.0,-157.0,-157.0,-157.0,-156.5,-157.0,-152.0,-154.0,-157.0,-153.0,-155.0,-157.0,-153.0,-151.0,-153.5,-157.0,-154.5,-153.0,-157.0,-155.0,-154.0,-157.0,-157.0,-152.0,-153.0,-151.0,-154.0,-157.0,-157.0,-155.0,-155.0,-154.0,-155.0,-155.0,-156.5,-153.5,-157.0,-157.0,-157.0,-155.0,-156.0,-157.0,-157.0,-157.0,-152.5,-151.0,-155.0,-153.0,-154.5,-157.0,-155.0,-154.0,-157.0,-156.0,-152.0,-152.5,-157.0,-157.0,-156.5,-153.5,-157.0,-154.0,-155.0,-154.0,-153.5,-151.0,-150.5,-153.5,-157.0,-157.0,-157.0,-154.5,-155.0,-157.0,-157.0,-157.0,-157.0,-157.0,-154.5,-152.0,-150.5,-153.0,-153.0,-152.0,-157.0,-156.0,-156.0,-156.5,-157.0,-153.0,-153.0,-157.0,-157.0,-155.5,-155.0,-154.5,-155.0,-154.0,-157.0,-157.0,-157.0,-157.0,-157.0,-157.0,-157.0,-157.0,-157.0,-157.0,-154.0,-156.0,-154.0,-155.5,-157.0,-157.0,-157.0,-157.0,-157.0,-156.5,-157.0,-157.0,-157.0,-156.5,-157.0,-154.0,-152.5,-157.0,-156.5,-157.0,-152.5,-151.0,-151.0,-157.0,-151.0,-152.0,-157.0,-157.0,-156.0,-155.5,-151.0,-153.0,-157.0,-157.0,-155.5,-157.0,-157.0,-157.0,-157.0,-157.0,-152.5,-153.0,-151.0,-153.5,-155.0,-152.0,-150.5,-151.0,-153.0,-152.5,-151.5,-157.0,-156.0,-155.0,-152.0,-157.0,-154.0,-152.0,-157.0,-157.0,-153.0,-151.5,-157.0,-157.0,-157.0,-157.0,-157.0,-157.0,-157.0,-157.0,-157.0,-156.5,-154.0,-149.5,-149.5,-157.0,-157.0,-157.0,-157.0,-154.5,-155.0,-157.0,-157.0,-157.0,-157.0,-157.0,-155.5,-154.5,-153.0,-157.0,-154.5,-153.0,-152.5,-155.0,-153.0,-153.0,-150.5,-152.5,-157.0,-152.5,-149.5,-151.0,-155.0,-156.5,-156.0,-155.5,-154.5,-157.0,-157.0,-155.5,-157.0,-155.0,-154.5,-157.0,-156.0,-152.5,-152.5,-157.0,-157.0,-157.0,-157.0,-157.0,-157.0,-157.0,-153.5,-154.0,-155.0,-157.0,-156.5,-157.0,-157.0,-157.0,-155.5,-157.0,-153.0,-157.0,-157.0,-156.5,-154.5,-157.0,-157.0,-153.0,-151.0,-156.0,-155.0,-155.0,-157.0,-155.0,-157.0,-155.0,-151.0,-157.0,-157.0,-157.0,-155.5,-157.0,-156.0,-157.0,-157.0,-157.0,-157.0,-156.0,-156.0,-157.0,-157.0,-157.0,-157.0,-157.0,-156.0,-156.0,-155.5,-157.0,-157.0,-157.0,-157.0,-157.0,-153.5,-151.5,-150.5,-155.5,-157.0,-157.0,-157.0,-153.0,-157.0,-156.5,-154.5,-153.0,-153.5,-157.0,-156.5,-155.5,-157.0,-152.0,-149.5,-151.5,-157.0,-156.0,-157.0,-157.0,-157.0,-152.0,-150.5,-157.0,-152.0,-153.0,-157.0,-157.0,-156.0,-157.0,-156.5,-157.0,-151.0,-157.0,-153.5,-157.0,-157.0,-157.0,-156.0,-157.0,-155.0,-153.5,-157.0,-157.0,-156.0,-154.0,-154.0,-154.0,-157.0,-157.0,-156.0,-154.5,-157.0,-154.5,-157.0,-156.0,-157.0,-154.0,-157.0,-157.0,-153.5,-156.5,-154.5,-150.5,-151.5,-155.5,-156.0,-151.0,-157.0,-157.0,-157.0,-157.0,-153.5,-150.5,-154.0,-156.5,-156.5,-151.0,-152.0,-156.5,-157.0,-153.5,-150.0,-157.0,-154.0,-157.0,-155.0,-155.0,-157.0,-157.0,-153.5,-155.5,-155.0,-156.5,-156.0,-157.0,-155.0,-156.5,-157.0,-157.0,-154.5,-153.0,-157.0,-157.0,-157.0,-157.0,-157.0,-157.0,-157.0,-154.5,-151.5,-157.0,-157.0,-157.0,-157.0,-157.0,-153.0,-154.5,-155.5,-155.5,-157.0,-155.0,-157.0,-150.5,-151.0,-154.5,-157.0,-155.0,-154.0,-156.0,-157.0,-153.5,-156.5,-157.0,-157.0,-156.5,-157.0,-157.0,-153.5,-153.0,-154.5,-157.0,-157.0,-157.0,-150.5,-157.0,-157.0,-156.0,-157.0,-157.0,-157.0,-157.0,-157.0,-157.0,-156.0,-151.5,-154.5,-155.0,-153.5,-152.5,-150.5,-151.5,-157.0,-155.0,-153.0,-152.0,-157.0,-157.0,-154.5,-155.0,-157.0,-157.0,-157.0,-157.0,-157.0,-157.0,-157.0,-152.0,-157.0,-157.0,-153.0
2026-01-17 13:48:29.305,143.049967,5,-77,-157.0,-157.0,-157.0,-150.0,-152.0,-155.0,-152.5,-155.0,-157.0,-157.0,-157.0,-155.5,-152.0,-153.0,-155.0,-154.0,-157.0,-157.0,-157.0,-152.0,-154.5,-157.0,-157.0,-155.0,-157.0,-156.0,-154.0,-155.5,-157.0,-157.0,-150.0,-149.0,-155.0,-157.0,-156.5,-157.0,-155.5,-156.5,-156.5,-153.5,-155.5,-157.0,-155.5,-157.0,-151.0,-151.0,-155.0,-156.0,-157.0,-157.0,-152.5,-149.5,-153.0,-157.0,-149.5,-150.0,-156.5,-156.5,-157.0,-157.0,-157.0,-155.5,-153.5,-155.5,-150.0,-150.0,-157.0,-150.5,-151.0,-153.0,-155.0,-152.5,-151.5,-153.0,-157.0,-157.0,-157.0,-155.5,-152.5,-156.5,-156.5,-157.0,-156.0,-154.5,-155.0,-155.0,-156.0,-155.5,-151.5,-154.5,-157.0,-156.0,-154.0,-155.5,-153.0,-153.0,-154.5,-157.0,-154.5,-157.0,-157.0,-157.0,-155.5,-155.5,-155.5,-154.0,-157.0,-157.0,-157.0,-157.0,-156.5,-157.0,-157.0,-157.0,-154.5,-157.0,-157.0,-157.0,-157.0,-157.0,-156.0,-157.0,-157.0,-156.5,-157.0,-157.0,-157.0,-157.0,-157.0,-153.5,-157.0,-157.0,-157.0,-157.0,-157.0,-154.0,-152.0,-157.0,-155.0,-155.0,-157.0,-157.0,-157.0,-152.5,-150.0,-151.0,-157.0,-157.0,-155.0,-155.0,-157.0,-157.0,-157.0,-157.0,-152.0,-153.0,-151.5,-155.0,-155.5,-154.0,-151.5,-154.0,-157.0,-155.0,-153.5,-157.0,-157.0,-155.0,-152.0,-155.5,-153.0,-153.0,-157.0,-157.0,-152.0,-151.5,-157.0,-157.0,-157.0,-157.0,-157.0,-153.5,-153.0,-156.5,-153.5,-155.0,-157.0,-157.0,-156.0,-157.0,-157.0,-157.0,-156.0,-156.5,-157.0,-157.0,-156.0,-157.0,-152.0,-152.0,-156.0,-153.5,-154.0,-157.0,-154.5,-157.0,-154.0,-153.5,-153.5,-150.5,-151.5,-157.0,-157.0,-157.0,-157.0,-154.5,-155.0,-157.0,-157.0,-156.0,-157.0,-157.0,-157.0,-157.0,-156.0,-157.0,-157.0,-157.0,-156.0,-157.0,-152.5,-154.0,-156.5,-157.0,-157.0,-157.0,-157.0,-154.5,-154.0,-153.5,-153.0,-155.5,-157.0,-157.0,-157.0,-157.0,-157.0,-150.5,-148.5,-155.5,-157.0,-152.5,-151.5,-157.0,-157.0,-157.0,-150.5,-155.0,-156.5,-156.5,-157.0,-156.5,-153.0,-153.5,-155.0,-157.0,-156.0,-157.0,-157.0,-157.0,-157.0,-157.0,-157.0,-157.0,-155.5,-155.5,-155.0,-153.0,-152.0,-156.0,-154.0,-154.0,-153.0,-153.5,-156.5,-157.0,-156.0,-155.5,-157.0,-157.0,-157.0,-153.5,-151.5,-153.0,-157.0,-157.0,-157.0,-157.0,-157.0,-157.0,-156.5,-152.5,-154.0,-157.0,-157.0,-157.0,-157.0,-152.5,-154.5,-157.0,-157.0,-157.0,-157.0,-157.0,-157.0,-154.0,-153.0,-157.0,-157.0,-154.5,-157.0,-157.0,-154.5,-156.0,-157.0,-153.0,-150.0,-153.0,-157.0,-157.0,-157.0,-154.5,-155.5,-157.0,-157.0,-156.5,-154.0,-154.5,-157.0,-157.0,-153.0,-153.5,-157.0,-157.0,-153.0,-153.5,-157.0,-151.5,-155.0,-154.0,-157.0,-153.0,-157.0,-157.0,-154.5,-157.0,-157.0,-153.0,-157.0,-157.0,-156.5,-151.0,-157.0,-157.0,-154.5,-153.0,-152.5,-151.5,-155.0,-154.5,-157.0,-153.0,-154.0,-154.5,-155.0,-157.0,-152.0,-156.5,-153.5,-156.5,-154.0,-155.5,-154.5,-156.5,-152.5,-155.0,-157.0,-156.0,-157.0,-156.0,-152.0,-157.0,-157.0,-156.5,-153.0,-155.0,-157.0,-157.0,-157.0,-157.0,-157.0,-157.0,-157.0,-155.5,-152.5,-157.0,-155.0,-156.5,-157.0,-157.0,-153.0,-152.0,-155.0,-153.0,-156.5,-155.5,-152.0,-151.0,-153.0,-155.5,-157.0,-157.0,-157.0,-157.0,-157.0,-152.5,-155.5,-155.5,-157.0,-156.5,-155.5,-155.5,-157.0,-154.5,-156.0,-157.0,-156.0,-157.0,-151.5,-157.0,-157.0,-157.0,-157.0,-155.5,-157.0,-157.0,-156.0,-157.0,-157.0,-155.5,-154.0,-153.5,-157.0,-154.5,-152.5,-150.5,-157.0,-157.0,-151.5,-153.0,-155.5,-151.0,-150.0,-153.5,-156.0,-156.5,-157.0,-156.0,-157.0,-157.0,-157.0,-154.5,-157.0,-157.0,-152.0
2026-01-17 13:48:29.334,143.049967,5,-77,-157.0,-157.0,-157.0,-150.0,-150.5,-153.5,-153.0,-156.0,-157.0,-157.0,-157.0,-154.5,-154.0,-152.5,-150.5,-152.5,-152.0,-157.0,-157.0,-154.5,-154.5,-155.5,-157.0,-156.5,-156.5,-157.0,-156.5,-155.5,-157.0,-156.5,-150.5,-150.0,-154.0,-154.0,-155.0,-156.5,-150.5,-153.5,-157.0,-154.5,-153.0,-157.0,-155.0,-155.0,-150.0,-151.5,-157.0,-155.5,-156.0,-154.0,-156.0,-150.5,-156.0,-157.0,-150.5,-148.5,-155.5,-157.0,-155.5,-157.0,-157.0,-155.0,-151.0,-155.0,-148.0,-150.0,-157.0,-151.5,-157.0,-156.5,-157.0,-157.0,-157.0,-154.5,-157.0,-157.0,-157.0,-156.0,-152.0,-151.0,-151.5,-157.0,-153.0,-151.0,-154.0,-152.5,-157.0,-157.0,-153.5,-157.0,-157.0,-155.5,-152.5,-157.0,-152.5,-156.5,-155.0,-157.0,-150.5,-151.0,-154.5,-154.5,-157.0,-157.0,-154.5,-153.0,-157.0,-156.5,-157.0,-157.0,-156.0,-157.0,-156.5,-157.0,-156.0,-157.0,-156.5,-157.0,-157.0,-155.5,-153.0,-157.0,-157.0,-157.0,-157.0,-157.0,-157.0,-157.0,-157.0,-156.5,-157.0,-153.5,-157.0,-155.0,-157.0,-157.0,-157.0,-157.0,-157.0,-157.0,-157.0,-157.0,-157.0,-155.5,-154.5,-156.5,-157.0,-157.0,-157.0,-157.0,-157.0,-157.0,-157.0,-157.0,-156.5,-157.0,-152.0,-157.0,-156.0,-152.0,-153.0,-157.0,-157.0,-157.0,-157.0,-157.0,-157.0,-155.0,-153.5,-154.0,-154.5,-157.0,-157.0,-157.0,-151.0,-152.5,-157.0,-157.0,-157.0,-157.0,-156.5,-153.5,-150.5,-157.0,-154.5,-156.5,-156.0,-157.0,-157.0,-157.0,-157.0,-157.0,-157.0,-156.0,-157.0,-157.0,-154.5,-154.0,-153.0,-154.0,-157.0,-154.0,-156.0,-156.5,-154.5,-157.0,-157.0,-156.5,-156.0,-152.5,-157.0,-157.0,-157.0,-157.0,-157.0,-153.5,-152.5,-153.5,-155.5,-157.0,-157.0,-155.0,-153.0,-157.0,-156.5,-157.0,-157.0,-155.0,-154.5,-157.0,-156.0,-157.0,-155.5,-157.0,-157.0,-157.0,-155.5,-155.5,-149.0,-151.5,-155.5,-157.0,-155.5,-155.5,-157.0,-157.0,-157.0,-149.5,-146.5,-156.5,-157.0,-153.0,-150.0,-157.0,-157.0,-153.5,-150.5,-152.0,-156.0,-157.0,-154.5,-153.5,-152.5,-151.5,-157.0,-157.0,-157.0,-157.0,-157.0,-156.0,-157.0,-157.0,-157.0,-157.0,-156.0,-155.0,-156.5,-153.5,-151.5,-157.0,-154.5,-151.5,-147.5,-154.5,-156.0,-157.0,-157.0,-156.5,-157.0,-154.5,-154.0,-157.0,-157.0,-155.5,-157.0,-157.0,-155.0,-157.0,-157.0,-157.0,-156.0,-152.5,-157.0,-157.0,-157.0,-157.0,-157.0,-157.0,-157.0,-157.0,-157.0,-157.0,-157.0,-157.0,-157.0,-157.0,-157.0,-157.0,-157.0,-152.5,-156.5,-157.0,-154.5,-153.5,-154.5,-153.5,-153.0,-157.0,-156.0,-157.0,-157.0,-152.5,-154.5,-157.0,-156.5,-157.0,-154.0,-154.5,-157.0,-154.0,-155.0,-157.0,-157.0,-157.0,-151.5,-151.5,-156.0,-151.5,-155.5,-156.0,-154.0,-154.0,-157.0,-157.0,-156.5,-156.0,-157.0,-154.5,-157.0,-156.5,-153.0,-150.5,-157.0,-157.0,-153.0,-149.5,-153.0,-156.5,-157.0,-157.0,-157.0,-154.5,-157.0,-157.0,-152.0,-156.5,-150.5,-150.0,-153.0,-154.0,-155.5,-154.0,-153.0,-152.0,-150.0,-157.0,-157.0,-157.0,-157.0,-155.5,-151.0,-154.0,-157.0,-150.5,-149.5,-157.0,-157.0,-156.5,-154.0,-152.5,-157.0,-157.0,-157.0,-157.0,-153.5,-157.0,-156.5,-156.0,-157.0,-157.0,-157.0,-156.5,-155.5,-151.0,-153.0,-156.5,-153.0,-152.5,-153.0,-157.0,-157.0,-157.0,-157.0,-157.0,-157.0,-154.5,-157.0,-154.0,-157.0,-157.0,-157.0,-154.0,-157.0,-156.0,-157.0,-156.5,-156.5,-156.0,-152.5,-157.0,-157.0,-155.0,-157.0,-154.0,-153.5,-154.5,-156.5,-157.0,-157.0,-157.0,-152.0,-154.0,-157.0,-153.0,-152.0,-153.5,-155.0,-156.0,-153.0,-157.0,-150.5,-150.0,-149.0,-153.0,-155.0,-152.5,-157.0,-153.5,-157.0,-156.5,-153.5,-156.5,-157.0,-157.0,-152.0
2026-01-17 13:48:29.371,143.049967,5,-77,-157.0,-157.0,-157.0,-152.5,-151.5,-156.5,-157.0,-157.0,-157.0,-156.0,-157.0,-154.5,-154.0,-153.0,-150.5,-150.5,-149.0,-157.0,-157.0,-155.0,-157.0,-151.0,-155.0,-153.0,-154.5,-157.0,-157.0,-156.0,-156.0,-151.5,-157.0,-156.0,-156.0,-153.5,-157.0,-151.5,-150.5,-154.5,-157.0,-157.0,-150.5,-154.5,-156.0,-152.0,-152.0,-157.0,-157.0,-154.0,-152.0,-155.5,-157.0,-150.0,-149.5,-157.0,-156.0,-153.0,-157.0,-157.0,-156.5,-157.0,-155.5,-155.5,-151.0,-155.5,-152.5,-152.5,-153.5,-151.0,-157.0,-157.0,-157.0,-155.0,-155.5,-152.5,-157.0,-157.0,-157.0,-157.0,-157.0,-153.0,-151.5,-157.0,-152.0,-153.0,-157.0,-152.0,-152.5,-154.5,-154.0,-157.0,-157.0,-156.5,-153.0,-157.0,-154.0,-156.0,-156.0,-157.0,-152.0,-150.0,-152.5,-156.0,-155.0,-157.0,-157.0,-156.5,-157.0,-156.5,-156.0,-156.0,-156.0,-155.0,-154.0,-157.0,-155.5,-157.0,-154.5,-157.0,-157.0,-153.5,-151.5,-152.5,-157.0,-157.0,-157.0,-156.0,-155.5,-157.0,-157.0,-157.0,-156.0,-153.0,-155.0,-152.0,-157.0,-155.0,-157.0,-154.5,-157.0,-157.0,-157.0,-157.0,-157.0,-156.5,-155.5,-157.0,-157.0,-157.0,-157.0,-156.5,-153.5,-157.0,-157.0,-157.0,-157.0,-154.5,-151.0,-154.5,-152.5,-151.0,-157.0,-157.0,-157.0,-157.0,-157.0,-154.0,-154.5,-155.0,-154.5,-151.5,-156.0,-157.0,-157.0,-155.5,-153.5,-154.5,-157.0,-157.0,-157.0,-157.0,-156.0,-155.5,-152.0,-153.0,-157.0,-157.0,-157.0,-156.0,-157.0,-154.5,-154.5,-157.0,-157.0,-155.0,-154.5,-156.0,-155.0,-154.0,-157.0,-157.0,-157.0,-153.0,-152.0,-156.0,-157.0,-157.0,-157.0,-157.0,-157.0,-155.5,-157.0,-157.0,-157.0,-152.5,-156.5,-157.0,-156.0,-154.0,-154.5,-157.0,-155.0,-150.5,-149.0,-154.5,-157.0,-154.5,-157.0,-152.0,-151.5,-157.0,-157.0,-157.0,-157.0,-157.0,-157.0,-157.0,-157.0,-156.0,-149.5,-152.5,-157.0,-155.5,-153.5,-154.0,-156.5,-157.0,-157.0,-149.5,-146.0,-150.0,-153.0,-156.5,-154.0,-154.0,-156.5,-153.0,-152.0,-153.0,-157.0,-157.0,-153.5,-155.5,-157.0,-153.0,-155.0,-157.0,-157.0,-156.5,-157.0,-157.0,-157.0,-157.0,-157.0,-157.0,-157.0,-154.0,-150.5,-154.5,-152.5,-157.0,-151.0,-148.0,-146.5,-152.0,-157.0,-157.0,-157.0,-157.0,-156.0,-150.0,-152.0,-157.0,-157.0,-154.5,-155.0,-157.0,-152.5,-157.0,-157.0,-157.0,-155.5,-151.5,-157.0,-155.0,-157.0,-157.0,-157.0,-157.0,-155.0,-157.0,-157.0,-157.0,-157.0,-157.0,-157.0,-157.0,-157.0,-157.0,-157.0,-148.5,-148.0,-154.0,-156.0,-152.5,-151.5,-154.0,-157.0,-157.0,-149.5,-150.0,-154.5,-155.5,-157.0,-157.0,-156.0,-157.0,-157.0,-155.5,-157.0,-153.0,-157.0,-157.0,-157.0,-157.0,-153.5,-152.0,-157.0,-154.0,-156.5,-157.0,-155.0,-157.0,-157.0,-153.5,-154.0,-154.0,-152.5,-153.0,-157.0,-156.0,-148.0,-148.5,-157.0,-157.0,-156.0,-153.0,-152.0,-155.0,-157.0,-157.0,-157.0,-156.0,-157.0,-157.0,-154.0,-153.0,-154.5,-152.5,-157.0,-157.0,-154.0,-152.0,-154.0,-152.5,-153.0,-157.0,-157.0,-157.0,-157.0,-156.5,-153.0,-151.0,-154.0,-149.0,-148.5,-154.0,-157.0,-157.0,-153.0,-151.0,-157.0,-156.0,-157.0,-155.0,-152.0,-157.0,-155.5,-154.0,-157.0,-154.5,-157.0,-157.0,-153.5,-151.0,-155.5,-157.0,-157.0,-157.0,-152.5,-154.0,-157.0,-154.5,-152.5,-154.5,-154.0,-157.0,-157.0,-152.5,-156.0,-157.0,-157.0,-153.5,-155.0,-157.0,-155.0,-153.0,-157.0,-157.0,-155.5,-157.0,-157.0,-152.5,-155.0,-157.0,-153.5,-151.0,-157.0,-157.0,-157.0,-157.0,-152.5,-154.5,-156.0,-152.5,-150.0,-157.0,-157.0,-156.5,-157.0,-157.0,-152.5,-157.0,-154.0,-156.0,-156.5,-153.5,-157.0,-154.5,-154.0,-157.0,-151.5,-153.0,-157.0,-157.0,-152.5
2026-01-17 13:48:29.399,143.049967,5,-77,-157.0,-157.0,-157.0,-157.0,-157.0,-157.0,-157.0,-157.0,-157.0,-155.0,-155.0,-154.0,-157.0,-157.0,-154.0,-155.5,-150.0,-152.0,-157.0,-156.5,-157.0,-150.0,-151.5,-152.0,-156.5,-157.0,-157.0,-156.0,-153.5,-151.5,-156.0,-157.0,-157.0,-156.0,-157.0,-154.0,-154.0,-157.0,-157.0,-157.0,-150.5,-152.0,-154.0,-154.5,-154.5,-157.0,-157.0,-152.5,-151.0,-154.5,-157.0,-152.0,-151.0,-156.0,-157.0,-157.0,-156.0,-157.0,-154.5,-157.0,-151.5,-155.5,-153.0,-157.0,-157.0,-152.0,-148.5,-150.0,-157.0,-157.0,-157.0,-156.5,-157.0,-150.5,-157.0,-157.0,-156.5,-155.0,-154.5,-157.0,-152.5,-157.0,-152.0,-153.5,-157.0,-154.0,-151.5,-152.0,-157.0,-155.0,-154.5,-155.5,-154.0,-154.5,-157.0,-155.5,-155.0,-157.0,-156.5,-153.0,-154.0,-157.0,-157.0,-153.5,-154.5,-156.0,-157.0,-157.0,-152.5,-154.5,-157.0,-153.5,-154.5,-152.0,-152.0,-157.0,-152.5,-157.0,-157.0,-157.0,-155.0,-156.0,-157.0,-157.0,-157.0,-151.5,-153.5,-157.0,-153.0,-155.0,-157.0,-154.0,-156.0,-151.0,-156.0,-151.5,-153.0,-151.0,-157.0,-157.0,-157.0,-157.0,-155.0,-157.0,-152.5,-157.0,-157.0,-157.0,-155.5,-154.5,-151.5,-155.0,-155.0,-157.0,-156.0,-152.5,-151.5,-154.0,-154.0,-154.5,-157.0,-157.0,-155.0,-157.0,-157.0,-154.0,-151.5,-155.0,-152.5,-150.5,-157.0,-157.0,-156.0,-155.0,-157.0,-157.0,-157.0,-157.0,-157.0,-152.0,-152.5,-155.0,-157.0,-154.5,-157.0,-155.5,-157.0,-155.0,-151.5,-151.0,-153.5,-153.0,-157.0,-156.0,-155.0,-156.5,-157.0,-155.0,-153.0,-154.5,-156.5,-157.0,-152.0,-157.0,-157.0,-157.0,-157.0,-157.0,-157.0,-155.5,-153.5,-157.0,-156.0,-150.5,-154.0,-157.0,-157.0,-157.0,-156.0,-157.0,-157.0,-154.5,-150.0,-153.0,-157.0,-151.0,-152.0,-154.0,-152.5,-157.0,-157.0,-157.0,-157.0,-157.0,-157.0,-157.0,-157.0,-157.0,-154.5,-157.0,-157.0,-154.5,-157.0,-156.5,-154.0,-155.5,-155.0,-149.5,-148.0,-152.5,-154.0,-156.0,-157.0,-153.0,-156.0,-157.0,-154.5,-150.5,-155.5,-156.0,-157.0,-157.0,-156.5,-155.5,-155.0,-157.0,-155.0,-156.0,-157.0,-157.0,-156.0,-156.0,-157.0,-157.0,-157.0,-157.0,-148.5,-148.5,-151.5,-157.0,-151.5,-148.5,-152.5,-153.0,-157.0,-155.0,-153.5,-155.5,-156.5,-151.5,-152.0,-155.5,-153.5,-153.5,-157.0,-156.0,-153.0,-157.0,-157.0,-156.0,-157.0,-151.0,-153.0,-154.5,-157.0,-157.0,-156.5,-157.0,-153.0,-154.5,-156.0,-157.0,-154.5,-157.0,-157.0,-157.0,-157.0,-157.0,-155.5,-150.0,-148.5,-150.5,-154.0,-155.5,-154.0,-152.0,-157.0,-157.0,-150.0,-153.0,-152.0,-157.0,-157.0,-157.0,-157.0,-157.0,-156.5,-155.5,-157.0,-155.5,-157.0,-154.5,-154.0,-151.5,-157.0,-157.0,-157.0,-156.5,-156.5,-157.0,-155.0,-157.0,-157.0,-151.0,-153.0,-156.5,-154.5,-156.0,-157.0,-156.5,-150.0,-153.0,-157.0,-157.0,-157.0,-157.0,-153.0,-154.0,-157.0,-157.0,-157.0,-156.5,-154.0,-154.0,-154.5,-152.0,-157.0,-157.0,-157.0,-157.0,-157.0,-155.5,-157.0,-156.5,-157.0,-157.0,-156.0,-157.0,-157.0,-157.0,-157.0,-152.0,-151.5,-153.5,-153.0,-154.5,-157.0,-157.0,-157.0,-154.0,-157.0,-157.0,-155.5,-154.5,-152.0,-157.0,-156.0,-153.5,-155.0,-153.0,-157.0,-156.5,-155.0,-155.5,-157.0,-157.0,-157.0,-157.0,-157.0,-157.0,-157.0,-157.0,-150.5,-149.0,-148.0,-154.0,-157.0,-151.5,-155.0,-157.0,-157.0,-157.0,-157.0,-157.0,-153.0,-153.0,-157.0,-157.0,-157.0,-157.0,-155.0,-152.5,-157.0,-157.0,-157.0,-153.5,-157.0,-157.0,-154.0,-154.5,-152.5,-154.0,-152.5,-157.0,-151.0,-157.0,-157.0,-157.0,-157.0,-157.0,-155.0,-157.0,-155.5,-157.0,-157.0,-157.0,-157.0,-157.0,-156.0,-157.0,-154.5,-154.0,-157.0,-153.0,-157.0
2026-01-17 13:48:29.433,143.049967,5,-77,-157.0,-157.0,-157.0,-157.0,-157.0,-157.0,-157.0,-156.5,-157.0,-157.0,-154.0,-155.5,-157.0,-157.0,-157.0,-157.0,-154.0,-153.5,-157.0,-157.0,-157.0,-152.0,-153.5,-152.5,-157.0,-157.0,-156.5,-156.5,-157.0,-157.0,-157.0,-157.0,-157.0,-157.0,-157.0,-151.0,-152.5,-157.0,-157.0,-157.0,-152.0,-153.0,-151.5,-157.0,-155.5,-157.0,-157.0,-154.0,-153.0,-153.5,-154.0,-157.0,-155.0,-153.0,-151.5,-153.5,-154.5,-156.5,-151.5,-152.5,-153.0,-154.0,-154.5,-156.5,-157.0,-157.0,-151.5,-155.0,-157.0,-157.0,-155.5,-153.5,-154.5,-150.0,-157.0,-157.0,-157.0,-157.0,-153.5,-157.0,-153.0,-156.5,-155.5,-154.5,-157.0,-155.0,-156.0,-156.5,-157.0,-157.0,-156.5,-156.5,-157.0,-153.0,-157.0,-155.5,-155.5,-157.0,-157.0,-156.0,-156.0,-157.0,-157.0,-155.0,-157.0,-157.0,-157.0,-155.5,-150.0,-151.0,-155.5,-157.0,-157.0,-150.5,-150.5,-156.0,-151.5,-156.5,-157.0,-157.0,-157.0,-157.0,-157.0,-157.0,-157.0,-152.5,-155.5,-157.0,-153.0,-156.0,-157.0,-155.0,-154.0,-151.5,-157.0,-150.0,-150.5,-150.5,-153.5,-155.0,-152.5,-155.0,-155.0,-150.5,-148.5,-154.5,-157.0,-157.0,-155.0,-157.0,-153.0,-151.5,-150.5,-152.5,-153.5,-155.5,-156.0,-153.5,-157.0,-156.0,-156.0,-157.0,-155.0,-157.0,-157.0,-155.5,-154.5,-157.0,-154.5,-152.5,-157.0,-157.0,-157.0,-155.5,-157.0,-157.0,-157.0,-157.0,-157.0,-154.0,-151.5,-154.0,-157.0,-155.0,-151.5,-150.0,-157.0,-157.0,-150.0,-149.0,-153.0,-156.5,-151.5,-153.0,-156.0,-154.0,-155.5,-157.0,-153.0,-152.0,-151.5,-155.0,-154.5,-157.0,-156.0,-155.0,-157.0,-157.0,-157.0,-156.5,-156.5,-157.0,-153.5,-152.5,-154.5,-157.0,-157.0,-155.5,-157.0,-157.0,-157.0,-157.0,-154.5,-157.0,-157.0,-150.5,-149.0,-157.0,-155.0,-155.0,-154.0,-157.0,-155.5,-155.0,-157.0,-157.0,-156.5,-157.0,-157.0,-157.0,-157.0,-153.5,-154.0,-156.0,-153.0,-155.0,-155.0,-148.5,-150.0,-156.0,-157.0,-155.0,-157.0,-154.0,-157.0,-157.0,-157.0,-149.0,-152.0,-155.5,-157.0,-156.0,-155.5,-156.5,-157.0,-157.0,-157.0,-157.0,-157.0,-157.0,-157.0,-155.5,-157.0,-157.0,-157.0,-157.0,-154.5,-152.5,-153.0,-157.0,-157.0,-152.5,-157.0,-154.0,-155.0,-152.0,-152.0,-151.0,-151.5,-157.0,-154.5,-151.5,-153.0,-156.5,-157.0,-157.0,-157.0,-157.0,-154.5,-154.5,-154.5,-152.5,-152.0,-157.0,-157.0,-157.0,-155.0,-154.0,-154.0,-151.0,-157.0,-157.0,-151.0,-151.5,-157.0,-157.0,-157.0,-157.0,-154.5,-156.0,-153.5,-155.0,-155.0,-157.0,-156.5,-154.5,-157.0,-157.0,-153.5,-157.0,-154.0,-157.0,-157.0,-157.0,-157.0,-156.5,-151.5,-154.5,-157.0,-157.0,-157.0,-154.0,-151.0,-150.5,-155.5,-157.0,-157.0,-157.0,-157.0,-154.0,-152.0,-157.0,-150.0,-149.0,-156.5,-154.5,-157.0,-157.0,-157.0,-157.0,-153.5,-157.0,-157.0,-157.0,-157.0,-157.0,-157.0,-156.5,-154.0,-157.0,-157.0,-157.0,-153.0,-152.0,-156.5,-151.0,-154.5,-155.5,-157.0,-156.5,-157.0,-155.5,-155.5,-157.0,-157.0,-157.0,-154.5,-156.0,-157.0,-157.0,-157.0,-156.5,-156.5,-157.0,-157.0,-157.0,-157.0,-157.0,-157.0,-157.0,-155.5,-157.0,-153.5,-157.0,-153.5,-157.0,-156.0,-153.0,-154.5,-155.0,-156.5,-155.0,-155.0,-157.0,-157.0,-157.0,-157.0,-154.5,-157.0,-157.0,-157.0,-157.0,-154.5,-152.5,-149.5,-154.0,-150.5,-150.5,-157.0,-157.0,-157.0,-157.0,-157.0,-157.0,-156.5,-157.0,-157.0,-157.0,-155.0,-155.5,-157.0,-154.0,-156.5,-157.0,-157.0,-156.0,-157.0,-156.0,-157.0,-156.0,-156.0,-150.5,-150.5,-157.0,-154.5,-157.0,-157.0,-157.0,-157.0,-157.0,-157.0,-157.0,-155.0,-157.0,-157.0,-157.0,-157.0,-157.0,-157.0,-157.0,-157.0,-156.0,-155.5,-154.5,-157.0
2026-01-17 13:48:29.470,143.049967,5,-77,-157.0,-157.0,-157.0,-157.0,-157.0,-157.0,-157.0,-157.0,-157.0,-157.0,-157.0,-157.0,-157.0,-156.0,-155.5,-157.0,-157.0,-157.0,-157.0,-157.0,-157.0,-152.0,-155.0,-157.0,-157.0,-157.0,-154.5,-154.5,-157.0,-157.0,-157.0,-156.5,-155.0,-157.0,-155.5,-151.0,-151.5,-154.0,-156.0,-152.5,-152.5,-150.5,-149.5,-157.0,-157.0,-154.0,-155.5,-154.5,-156.5,-157.0,-154.0,-157.0,-156.0,-153.0,-151.5,-154.5,-154.5,-152.5,-153.0,-151.0,-156.0,-157.0,-156.0,-154.5,-154.0,-155.0,-152.0,-157.0,-157.0,-157.0,-157.0,-152.0,-151.5,-151.5,-156.0,-157.0,-157.0,-157.0,-153.0,-153.0,-152.5,-157.0,-157.0,-157.0,-157.0,-156.0,-157.0,-157.0,-157.0,-157.0,-156.0,-155.5,-157.0,-153.0,-153.5,-157.0,-157.0,-153.5,-157.0,-157.0,-157.0,-157.0,-157.0,-156.5,-156.5,-157.0,-157.0,-153.0,-151.0,-155.0,-154.0,-157.0,-157.0,-155.5,-152.5,-157.0,-153.5,-155.0,-154.0,-157.0,-155.5,-156.5,-157.0,-157.0,-157.0,-157.0,-157.0,-157.0,-157.0,-154.5,-157.0,-157.0,-154.0,-156.5,-157.0,-152.0,-151.5,-155.0,-154.0,-152.0,-149.5,-151.5,-157.0,-150.5,-149.5,-155.5,-154.5,-154.5,-157.0,-157.0,-157.0,-157.0,-151.5,-154.5,-156.5,-155.0,-157.0,-155.0,-157.0,-153.5,-155.0,-157.0,-157.0,-156.0,-154.0,-155.0,-157.0,-157.0,-155.5,-157.0,-155.0,-154.5,-157.0,-157.0,-155.5,-153.0,-154.0,-156.5,-155.0,-157.0,-154.5,-157.0,-157.0,-155.0,-153.5,-149.5,-157.0,-157.0,-151.5,-152.5,-157.0,-157.0,-151.0,-150.0,-153.0,-152.5,-152.0,-157.0,-157.0,-155.5,-147.5,-148.5,-155.0,-157.0,-153.0,-153.5,-156.5,-156.5,-153.0,-155.5,-157.0,-157.0,-154.0,-157.0,-157.0,-157.0,-153.5,-152.5,-157.0,-157.0,-157.0,-157.0,-157.0,-157.0,-155.5,-155.0,-151.5,-157.0,-154.0,-154.5,-154.5,-157.0,-152.0,-156.5,-155.0,-154.0,-157.0,-157.0,-157.0,-157.0,-157.0,-156.5,-153.5,-157.0,-153.0,-157.0,-154.5,-149.0,-157.0,-155.5,-153.0,-154.5,-157.0,-155.5,-157.0,-157.0,-157.0,-149.5,-152.5,-156.0,-157.0,-156.5,-157.0,-156.0,-157.0,-157.0,-157.0,-157.0,-157.0,-154.5,-155.0,-154.0,-153.5,-157.0,-154.5,-157.0,-157.0,-157.0,-157.0,-155.5,-157.0,-153.5,-157.0,-155.5,-156.0,-150.0,-148.5,-151.0,-152.5,-157.0,-154.0,-151.0,-157.0,-157.0,-157.0,-157.0,-157.0,-157.0,-155.0,-157.0,-156.5,-156.5,-157.0,-157.0,-157.0,-157.0,-157.0,-155.0,-155.5,-153.5,-157.0,-157.0,-153.0,-152.0,-157.0,-156.5,-154.5,-154.5,-153.0,-157.0,-157.0,-157.0,-157.0,-157.0,-155.5,-156.5,-157.0,-157.0,-155.0,-157.0,-153.0,-157.0,-157.0,-157.0,-155.0,-157.0,-152.0,-153.5,-157.0,-157.0,-157.0,-155.5,-154.0,-157.0,-157.0,-157.0,-157.0,-157.0,-156.0,-154.5,-151.5,-157.0,-152.5,-149.0,-153.5,-151.5,-157.0,-157.0,-155.5,-153.0,-156.5,-157.0,-157.0,-157.0,-157.0,-155.0,-157.0,-157.0,-152.5,-151.5,-156.5,-157.0,-154.0,-150.0,-153.0,-151.5,-155.0,-153.0,-157.0,-156.0,-155.0,-155.5,-151.5,-157.0,-157.0,-157.0,-157.0,-153.0,-156.0,-157.0,-153.0,-154.0,-157.0,-157.0,-157.0,-157.0,-157.0,-157.0,-156.5,-157.0,-155.0,-157.0,-156.0,-154.0,-156.0,-157.0,-155.5,-153.5,-155.5,-157.0,-155.5,-157.0,-157.0,-156.5,-157.0,-156.5,-155.0,-150.0,-151.5,-156.0,-157.0,-157.0,-157.0,-157.0,-155.5,-153.5,-152.0,-154.0,-157.0,-157.0,-153.5,-151.5,-155.0,-157.0,-156.0,-157.0,-157.0,-155.5,-153.5,-157.0,-157.0,-150.5,-149.5,-157.0,-157.0,-157.0,-153.0,-152.5,-157.0,-157.0,-157.0,-153.5,-150.0,-153.5,-157.0,-157.0,-157.0,-157.0,-153.0,-155.0,-157.0,-156.5,-154.0,-157.0,-154.5,-155.0,-153.0,-155.5,-157.0,-157.0,-157.0,-156.5,-157.0,-157.0,-153.5
2026-01-17 13:48:29.502,143.049967,5,-77,-157.0,-157.0,-157.0,-157.0,-157.0,-157.0,-157.0,-157.0,-154.5,-156.0,-157.0,-157.0,-153.0,-153.5,-156.5,-157.0,-157.0,-157.0,-157.0,-157.0,-157.0,-152.0,-152.5,-157.0,-157.0,-155.0,-156.5,-154.0,-155.0,-154.5,-152.5,-153.5,-157.0,-157.0,-157.0,-157.0,-157.0,-156.0,-153.5,-154.0,-154.5,-150.5,-150.5,-157.0,-157.0,-153.0,-155.5,-154.0,-154.5,-153.5,-150.5,-154.5,-156.5,-154.5,-157.0,-156.5,-155.5,-148.5,-149.5,-153.0,-153.0,-154.5,-155.5,-153.0,-153.5,-153.5,-151.0,-153.5,-157.0,-157.0,-157.0,-151.0,-155.5,-157.0,-157.0,-157.0,-157.0,-157.0,-152.5,-151.0,-150.5,-156.5,-157.0,-157.0,-157.0,-157.0,-157.0,-157.0,-157.0,-154.0,-151.0,-153.0,-157.0,-154.5,-156.0,-157.0,-155.5,-153.5,-156.5,-154.5,-155.0,-157.0,-157.0,-152.0,-151.0,-154.5,-157.0,-156.0,-152.0,-154.0,-154.0,-157.0,-157.0,-157.0,-154.5,-156.5,-157.0,-157.0,-156.5,-157.0,-156.5,-156.0,-157.0,-156.0,-157.0,-157.0,-157.0,-157.0,-157.0,-152.0,-151.0,-153.0,-150.5,-157.0,-157.0,-151.5,-149.5,-156.5,-156.5,-153.0,-153.5,-152.5,-157.0,-157.0,-156.5,-157.0,-154.0,-151.0,-152.5,-157.0,-157.0,-157.0,-155.0,-157.0,-157.0,-151.5,-155.0,-155.5,-157.0,-152.5,-152.0,-157.0,-154.5,-152.0,-157.0,-157.0,-157.0,-157.0,-154.0,-157.0,-154.5,-153.5,-157.0,-155.5,-154.5,-152.0,-155.0,-156.5,-154.5,-157.0,-157.0,-157.0,-157.0,-152.5,-153.5,-152.0,-157.0,-157.0,-153.0,-156.0,-157.0,-157.0,-157.0,-152.0,-154.5,-157.0,-153.5,-157.0,-157.0,-153.5,-148.5,-152.0,-154.5,-151.5,-153.5,-156.5,-151.0,-151.5,-152.0,-157.0,-157.0,-157.0,-155.0,-157.0,-157.0,-157.0,-155.5,-154.0,-157.0,-157.0,-157.0,-155.5,-155.5,-156.5,-151.5,-157.0,-157.0,-157.0,-157.0,-155.0,-155.0,-157.0,-152.5,-155.5,-155.5,-153.0,-156.5,-156.0,-155.5,-153.5,-157.0,-157.0,-157.0,-157.0,-156.5,-156.0,-150.0,-149.0,-157.0,-155.0,-156.0,-157.0,-157.0,-153.5,-157.0,-157.0,-157.0,-151.0,-151.0,-157.0,-157.0,-156.5,-157.0,-155.5,-157.0,-157.0,-157.0,-157.0,-154.5,-155.0,-157.0,-153.0,-151.5,-153.0,-153.5,-157.0,-157.0,-157.0,-157.0,-157.0,-152.5,-154.0,-157.0,-152.5,-152.5,-151.0,-149.0,-155.0,-155.5,-153.0,-155.0,-151.5,-153.5,-156.0,-157.0,-157.0,-157.0,-157.0,-156.5,-154.5,-157.0,-156.5,-157.0,-157.0,-157.0,-154.5,-154.5,-154.5,-157.0,-157.0,-157.0,-157.0,-157.0,-155.0,-157.0,-153.0,-152.5,-152.0,-152.5,-155.5,-154.0,-154.5,-156.5,-152.5,-157.0,-156.5,-156.0,-157.0,-157.0,-155.5,-152.5,-157.0,-157.0,-157.0,-154.0,-155.5,-157.0,-155.5,-155.5,-157.0,-157.0,-155.0,-153.5,-155.5,-157.0,-157.0,-157.0,-157.0,-154.5,-157.0,-153.0,-157.0,-156.5,-150.0,-155.5,-153.0,-157.0,-157.0,-154.0,-153.5,-157.0,-156.5,-157.0,-157.0,-157.0,-152.5,-152.0,-157.0,-152.5,-151.5,-157.0,-157.0,-154.0,-150.0,-152.5,-157.0,-157.0,-150.5,-154.0,-157.0,-154.0,-155.0,-149.5,-150.5,-157.0,-157.0,-154.0,-152.5,-151.0,-153.5,-154.0,-156.5,-157.0,-157.0,-157.0,-157.0,-157.0,-155.0,-151.0,-157.0,-152.0,-155.0,-157.0,-157.0,-157.0,-157.0,-154.5,-156.5,-157.0,-154.5,-153.5,-157.0,-157.0,-157.0,-154.5,-150.5,-149.5,-150.0,-152.5,-154.5,-157.0,-157.0,-157.0,-157.0,-157.0,-153.5,-157.0,-157.0,-157.0,-156.5,-153.5,-152.5,-156.5,-153.5,-151.5,-157.0,-157.0,-157.0,-157.0,-157.0,-157.0,-151.0,-149.0,-154.5,-157.0,-154.5,-157.0,-155.0,-156.5,-157.0,-154.5,-156.5,-150.5,-151.5,-157.0,-157.0,-157.0,-157.0,-152.5,-153.0,-157.0,-154.0,-155.5,-157.0,-154.0,-155.0,-150.5,-152.5,-157.0,-154.5,-157.0,-157.0,-157.0,-157.0,-152.5
2026-01-17 13:48:29.538,143.049967,5,-77,-157.0,-157.0,-157.0,-157.0,-157.0,-157.0,-156.5,-154.0,-151.5,-153.5,-157.0,-157.0,-151.0,-150.5,-156.5,-157.0,-157.0,-157.0,-157.0,-156.5,-157.0,-157.0,-153.5,-155.5,-157.0,-156.0,-154.0,-155.0,-157.0,-157.0,-156.0,-157.0,-156.5,-157.0,-157.0,-157.0,-157.0,-157.0,-153.5,-156.0,-157.0,-153.5,-151.5,-151.0,-155.5,-156.5,-157.0,-156.0,-157.0,-152.0,-150.5,-152.5,-157.0,-155.5,-157.0,-152.5,-153.5,-148.0,-148.5,-157.0,-154.5,-157.0,-157.0,-152.5,-152.5,-157.0,-155.5,-156.0,-157.0,-157.0,-153.0,-149.0,-157.0,-155.0,-154.5,-156.5,-157.0,-155.5,-153.0,-154.0,-152.5,-157.0,-157.0,-157.0,-157.0,-157.0,-157.0,-157.0,-155.5,-153.5,-152.0,-153.0,-153.5,-151.5,-154.0,-157.0,-154.5,-153.0,-156.0,-153.0,-149.5,-150.5,-152.5,-152.5,-151.0,-154.0,-154.0,-154.0,-153.5,-154.5,-155.0,-157.0,-157.0,-157.0,-157.0,-151.5,-154.5,-157.0,-157.0,-157.0,-157.0,-157.0,-156.0,-155.5,-157.0,-157.0,-155.5,-152.5,-153.5,-153.5,-149.5,-148.0,-149.5,-157.0,-155.5,-152.5,-146.0,-152.5,-154.5,-154.0,-157.0,-154.5,-156.5,-157.0,-157.0,-157.0,-157.0,-152.0,-150.5,-153.0,-156.5,-157.0,-157.0,-157.0,-156.0,-151.5,-154.0,-157.0,-155.5,-155.5,-153.0,-155.0,-150.5,-151.5,-157.0,-157.0,-157.0,-157.0,-153.0,-154.5,-157.0,-157.0,-157.0,-157.0,-157.0,-153.5,-157.0,-156.0,-157.0,-157.0,-157.0,-157.0,-154.0,-151.5,-157.0,-157.0,-157.0,-157.0,-155.5,-157.0,-156.5,-157.0,-156.5,-157.0,-156.0,-157.0,-157.0,-157.0,-157.0,-152.0,-151.0,-157.0,-154.5,-150.0,-154.0,-152.5,-151.0,-150.0,-151.0,-157.0,-153.0,-155.0,-157.0,-157.0,-157.0,-157.0,-157.0,-157.0,-157.0,-157.0,-157.0,-151.0,-150.5,-151.5,-148.5,-153.0,-157.0,-154.0,-157.0,-155.5,-157.0,-153.5,-152.5,-157.0,-157.0,-153.5,-157.0,-154.5,-153.5,-153.0,-154.5,-156.0,-157.0,-157.0,-157.0,-151.5,-153.0,-153.0,-154.0,-155.0,-157.0,-157.0,-157.0,-151.5,-154.5,-157.0,-157.0,-155.0,-153.5,-157.0,-157.0,-157.0,-157.0,-154.0,-154.0,-155.0,-157.0,-157.0,-154.0,-157.0,-154.0,-155.0,-156.0,-153.0,-157.0,-157.0,-155.5,-155.0,-157.0,-157.0,-154.5,-157.0,-156.0,-150.0,-150.0,-152.0,-155.5,-155.5,-157.0,-150.5,-154.5,-156.5,-151.0,-153.0,-157.0,-155.5,-153.5,-154.0,-157.0,-153.5,-156.5,-155.5,-155.0,-153.5,-155.0,-153.0,-156.5,-154.5,-157.0,-157.0,-157.0,-153.5,-156.0,-156.5,-157.0,-153.5,-153.0,-152.0,-153.0,-155.0,-157.0,-154.5,-155.0,-151.0,-155.0,-157.0,-157.0,-157.0,-157.0,-157.0,-155.0,-156.5,-157.0,-157.0,-155.0,-157.0,-157.0,-154.5,-154.5,-155.5,-157.0,-154.5,-153.0,-153.5,-157.0,-157.0,-157.0,-155.5,-153.0,-154.0,-154.5,-156.0,-154.0,-152.0,-157.0,-155.5,-157.0,-157.0,-157.0,-155.5,-154.0,-155.0,-156.0,-156.5,-157.0,-153.5,-154.0,-156.0,-155.5,-152.5,-157.0,-157.0,-155.5,-155.0,-156.5,-157.0,-157.0,-149.5,-151.5,-152.5,-153.5,-156.5,-153.0,-151.5,-155.5,-157.0,-152.0,-157.0,-152.5,-154.5,-157.0,-157.0,-157.0,-157.0,-156.5,-157.0,-157.0,-154.0,-148.5,-149.5,-151.5,-154.5,-157.0,-157.0,-157.0,-157.0,-156.0,-157.0,-157.0,-153.5,-154.0,-157.0,-157.0,-157.0,-157.0,-150.5,-152.0,-157.0,-153.0,-151.5,-157.0,-156.0,-157.0,-157.0,-157.0,-154.0,-157.0,-157.0,-155.5,-153.0,-157.0,-157.0,-157.0,-150.5,-150.0,-154.5,-155.0,-157.0,-157.0,-154.5,-154.0,-153.5,-151.5,-151.5,-157.0,-152.5,-157.0,-157.0,-157.0,-157.0,-152.0,-152.0,-154.0,-154.0,-154.5,-157.0,-157.0,-157.0,-155.5,-155.0,-157.0,-156.0,-157.0,-157.0,-154.0,-157.0,-151.5,-153.0,-156.5,-152.0,-157.0,-157.0,-157.0,-157.0,-154.0
2026-01-17 13:48:29.573,143.049967,5,-77,-157.0,-157.0,-157.0,-156.0,-156.0,-157.0,-154.5,-155.0,-154.5,-157.0,-157.0,-157.0,-153.5,-153.0,-155.0,-157.0,-156.0,-157.0,-157.0,-156.0,-155.5,-157.0,-157.0,-157.0,-157.0,-157.0,-152.5,-153.0,-157.0,-157.0,-157.0,-154.5,-152.0,-155.5,-156.5,-157.0,-157.0,-154.5,-151.5,-152.5,-157.0,-154.5,-151.5,-152.0,-155.5,-156.0,-157.0,-157.0,-157.0,-156.0,-157.0,-153.0,-154.5,-154.0,-156.5,-151.0,-149.5,-153.0,-151.0,-157.0,-154.5,-157.0,-157.0,-154.0,-154.5,-157.0,-157.0,-157.0,-157.0,-157.0,-154.0,-151.0,-157.0,-150.5,-152.0,-157.0,-157.0,-157.0,-153.5,-154.5,-157.0,-157.0,-154.5,-157.0,-157.0,-157.0,-156.0,-156.0,-153.0,-155.0,-157.0,-157.0,-154.5,-153.5,-154.5,-157.0,-157.0,-152.0,-153.0,-154.5,-146.5,-148.0,-156.5,-157.0,-151.0,-150.5,-150.5,-153.5,-157.0,-157.0,-155.0,-157.0,-157.0,-157.0,-157.0,-149.0,-150.5,-157.0,-157.0,-157.0,-157.0,-156.0,-157.0,-155.5,-157.0,-152.5,-152.0,-154.0,-152.0,-157.0,-155.0,-151.0,-153.0,-157.0,-155.5,-151.5,-147.5,-154.0,-155.0,-156.0,-156.5,-155.5,-156.0,-157.0,-157.0,-157.0,-157.0,-157.0,-153.5,-153.5,-154.0,-157.0,-157.0,-157.0,-154.0,-153.5,-157.0,-155.0,-154.5,-157.0,-155.0,-153.5,-152.5,-156.0,-156.5,-157.0,-155.0,-155.5,-155.5,-157.0,-157.0,-157.0,-157.0,-157.0,-154.0,-154.0,-154.5,-154.0,-155.5,-157.0,-157.0,-157.0,-157.0,-154.0,-155.0,-157.0,-157.0,-157.0,-157.0,-157.0,-154.0,-157.0,-154.5,-155.0,-154.0,-152.0,-157.0,-157.0,-157.0,-154.0,-155.5,-157.0,-155.0,-154.5,-154.0,-152.5,-157.0,-150.5,-152.0,-157.0,-153.5,-156.0,-157.0,-157.0,-157.0,-157.0,-157.0,-157.0,-156.0,-157.0,-154.0,-151.5,-152.0,-156.5,-149.0,-155.0,-157.0,-152.5,-155.0,-157.0,-157.0,-153.5,-151.5,-153.5,-157.0,-156.5,-155.0,-157.0,-155.5,-156.0,-155.5,-156.5,-156.0,-155.0,-157.0,-155.5,-154.5,-157.0,-156.0,-157.0,-157.0,-156.5,-155.5,-151.5,-157.0,-157.0,-157.0,-157.0,-156.5,-157.0,-157.0,-157.0,-157.0,-155.5,-157.0,-155.5,-157.0,-157.0,-155.0,-157.0,-151.0,-151.5,-155.5,-153.5,-157.0,-157.0,-157.0,-157.0,-157.0,-154.5,-155.5,-152.0,-153.0,-153.0,-152.0,-150.0,-157.0,-157.0,-157.0,-152.0,-155.5,-156.0,-154.0,-156.0,-157.0,-155.5,-152.5,-154.0,-157.0,-154.0,-155.5,-154.0,-155.0,-155.0,-150.0,-153.5,-157.0,-153.5,-155.0,-153.5,-156.0,-151.0,-150.5,-157.0,-157.0,-155.0,-157.0,-153.5,-151.0,-157.0,-157.0,-156.5,-156.5,-153.5,-156.5,-157.0,-157.0,-157.0,-153.5,-157.0,-157.0,-157.0,-157.0,-157.0,-153.0,-154.5,-156.5,-151.0,-155.0,-154.5,-154.0,-151.0,-153.5,-153.0,-157.0,-157.0,-156.5,-156.5,-155.5,-153.5,-155.0,-157.0,-157.0,-156.5,-157.0,-157.0,-157.0,-157.0,-157.0,-154.0,-157.0,-157.0,-157.0,-157.0,-154.0,-155.5,-157.0,-157.0,-157.0,-154.0,-157.0,-157.0,-157.0,-157.0,-157.0,-155.5,-157.0,-152.0,-151.5,-151.5,-151.5,-155.0,-155.5,-154.5,-155.0,-157.0,-152.0,-157.0,-157.0,-157.0,-157.0,-153.5,-154.5,-156.0,-153.5,-154.0,-157.0,-157.0,-150.0,-150.0,-154.5,-157.0,-157.0,-156.5,-153.5,-157.0,-157.0,-157.0,-157.0,-155.5,-154.5,-153.5,-155.0,-156.5,-157.0,-155.0,-157.0,-157.0,-153.0,-154.0,-157.0,-154.5,-156.0,-157.0,-157.0,-154.5,-157.0,-157.0,-150.5,-151.0,-156.0,-156.0,-156.0,-156.0,-154.5,-156.0,-157.0,-157.0,-152.5,-151.5,-152.5,-150.5,-151.0,-149.5,-153.5,-153.5,-152.0,-157.0,-157.0,-156.5,-157.0,-154.5,-157.0,-157.0,-157.0,-157.0,-157.0,-157.0,-155.5,-157.0,-157.0,-157.0,-157.0,-155.5,-154.5,-157.0,-155.5,-154.0,-155.5,-153.0,-157.0,-157.0,-157.0,-156.0,-157.0
2026-01-17 13:48:29.600,143.049967,5,-77,-157.0,-157.0,-157.0,-152.0,-152.5,-155.5,-154.0,-156.0,-157.0,-157.0,-157.0,-156.5,-157.0,-156.5,-152.5,-155.0,-157.0,-157.0,-157.0,-154.0,-152.5,-154.5,-157.0,-157.0,-157.0,-154.5,-152.5,-154.5,-157.0,-157.0,-157.0,-152.0,-151.0,-155.0,-155.5,-155.5,-157.0,-157.0,-155.5,-153.0,-156.5,-157.0,-156.5,-157.0,-157.0,-157.0,-157.0,-157.0,-157.0,-156.0,-157.0,-154.5,-152.5,-154.5,-157.0,-151.5,-149.5,-156.0,-154.5,-156.0,-154.5,-157.0,-157.0,-151.5,-153.0,-157.0,-157.0,-157.0,-157.0,-157.0,-157.0,-157.0,-155.5,-152.0,-153.5,-157.0,-152.5,-155.0,-150.0,-152.0,-157.0,-154.0,-154.0,-157.0,-157.0,-157.0,-157.0,-157.0,-153.0,-157.0,-157.0,-157.0,-157.0,-157.0,-157.0,-157.0,-154.0,-151.0,-154.5,-153.0,-151.0,-152.5,-157.0,-157.0,-152.0,-151.0,-155.0,-157.0,-157.0,-157.0,-152.5,-154.0,-157.0,-157.0,-157.0,-151.0,-150.0,-155.5,-157.0,-157.0,-157.0,-154.5,-153.0,-154.5,-157.0,-155.0,-153.0,-157.0,-155.0,-157.0,-157.0,-157.0,-157.0,-157.0,-157.0,-156.5,-152.0,-153.0,-153.0,-157.0,-155.5,-156.0,-157.0,-157.0,-157.0,-157.0,-157.0,-157.0,-157.0,-153.5,-153.0,-157.0,-157.0,-157.0,-153.5,-151.5,-157.0,-154.0,-156.0,-155.0,-151.0,-152.5,-157.0,-157.0,-157.0,-157.0,-152.5,-151.5,-157.0,-157.0,-156.0,-156.5,-157.0,-157.0,-152.5,-154.5,-155.5,-153.0,-151.0,-157.0,-157.0,-157.0,-157.0,-157.0,-152.5,-154.0,-157.0,-155.0,-157.0,-155.0,-153.0,-157.0,-157.0,-154.5,-153.5,-152.0,-157.0,-150.0,-153.0,-154.0,-156.0,-155.5,-156.5,-157.0,-157.0,-154.5,-157.0,-157.0,-157.0,-157.0,-157.0,-157.0,-157.0,-157.0,-157.0,-157.0,-157.0,-154.0,-152.0,-153.5,-156.5,-152.0,-156.5,-155.0,-151.0,-156.5,-152.5,-155.0,-154.5,-153.0,-152.5,-154.0,-151.0,-151.5,-157.0,-157.0,-157.0,-157.0,-153.5,-155.0,-154.0,-157.0,-156.0,-155.5,-155.0,-157.0,-151.5,-156.0,-157.0,-157.0,-157.0,-157.0,-154.5,-151.5,-152.0,-157.0,-157.0,-155.5,-157.0,-157.0,-157.0,-157.0,-155.5,-155.0,-157.0,-153.0,-153.0,-157.0,-156.0,-155.0,-156.0,-152.0,-155.5,-157.0,-154.5,-157.0,-157.0,-157.0,-157.0,-154.5,-154.0,-150.5,-153.0,-155.0,-154.5,-152.5,-157.0,-157.0,-157.0,-156.5,-157.0,-155.0,-157.0,-157.0,-157.0,-156.5,-154.5,-157.0,-155.0,-153.5,-155.5,-154.0,-155.0,-156.5,-151.0,-155.5,-157.0,-154.0,-149.0,-148.5,-154.5,-150.0,-149.5,-157.0,-157.0,-156.0,-157.0,-155.0,-151.0,-157.0,-157.0,-157.0,-157.0,-157.0,-155.5,-157.0,-157.0,-157.0,-154.5,-154.0,-155.5,-157.0,-157.0,-157.0,-154.0,-154.0,-153.5,-149.5,-150.0,-154.5,-154.5,-151.0,-157.0,-156.0,-157.0,-157.0,-157.0,-157.0,-157.0,-155.0,-153.0,-155.5,-157.0,-157.0,-157.0,-157.0,-157.0,-157.0,-157.0,-153.5,-156.0,-157.0,-157.0,-157.0,-156.0,-157.0,-157.0,-157.0,-157.0,-153.5,-157.0,-157.0,-157.0,-157.0,-157.0,-155.5,-157.0,-157.0,-157.0,-157.0,-153.5,-154.0,-154.0,-156.5,-157.0,-157.0,-153.0,-157.0,-157.0,-157.0,-157.0,-155.5,-157.0,-157.0,-157.0,-157.0,-157.0,-157.0,-154.5,-151.5,-153.0,-156.5,-156.5,-156.5,-155.0,-157.0,-157.0,-157.0,-155.5,-157.0,-157.0,-153.5,-155.0,-157.0,-157.0,-157.0,-157.0,-157.0,-157.0,-157.0,-157.0,-157.0,-153.0,-154.5,-155.0,-154.5,-157.0,-157.0,-149.5,-152.0,-155.5,-153.0,-154.0,-157.0,-157.0,-157.0,-157.0,-157.0,-153.0,-155.0,-157.0,-154.0,-152.0,-151.5,-154.0,-157.0,-152.0,-157.0,-155.0,-153.5,-157.0,-157.0,-157.0,-156.5,-157.0,-157.0,-156.5,-155.0,-153.5,-157.0,-157.0,-157.0,-157.0,-157.0,-157.0,-156.0,-157.0,-154.0,-155.0,-157.0,-157.0,-157.0,-154.5,-152.0,-157.0
2026-01-17 13:48:29.635,143.049967,5,-77,-157.0,-157.0,-157.0,-152.5,-157.0,-153.5,-154.0,-153.0,-154.5,-155.0,-157.0,-157.0,-157.0,-157.0,-152.0,-157.0,-152.5,-153.5,-155.5,-154.5,-157.0,-155.5,-154.0,-156.0,-157.0,-151.5,-150.0,-157.0,-157.0,-157.0,-156.5,-157.0,-154.0,-153.5,-155.5,-152.0,-154.0,-157.0,-157.0,-153.5,-155.0,-157.0,-157.0,-157.0,-157.0,-154.0,-154.0,-157.0,-157.0,-153.0,-154.0,-157.0,-154.5,-156.5,-157.0,-154.0,-155.0,-157.0,-155.5,-157.0,-157.0,-157.0,-154.5,-151.5,-153.5,-155.5,-157.0,-157.0,-155.5,-154.5,-157.0,-157.0,-157.0,-157.0,-157.0,-153.5,-148.0,-148.0,-151.5,-153.0,-157.0,-154.0,-152.5,-155.0,-157.0,-157.0,-157.0,-154.0,-152.5,-157.0,-157.0,-157.0,-157.0,-157.0,-155.0,-157.0,-149.0,-148.0,-157.0,-154.0,-157.0,-157.0,-157.0,-155.5,-157.0,-153.0,-157.0,-157.0,-156.5,-157.0,-153.5,-151.0,-157.0,-157.0,-157.0,-156.5,-151.0,-157.0,-157.0,-157.0,-157.0,-157.0,-151.5,-152.5,-157.0,-157.0,-157.0,-157.0,-157.0,-157.0,-157.0,-157.0,-157.0,-157.0,-157.0,-157.0,-156.0,-156.5,-155.0,-157.0,-157.0,-153.5,-157.0,-157.0,-155.5,-154.0,-157.0,-155.0,-157.0,-153.0,-157.0,-157.0,-157.0,-157.0,-153.0,-149.0,-157.0,-154.5,-156.5,-152.5,-150.0,-157.0,-155.5,-157.0,-155.0,-157.0,-152.5,-152.0,-157.0,-154.5,-153.0,-157.0,-157.0,-157.0,-154.5,-154.5,-154.0,-152.5,-150.0,-157.0,-157.0,-157.0,-155.0,-156.0,-154.0,-151.5,-154.0,-154.0,-157.0,-157.0,-157.0,-157.0,-157.0,-157.0,-154.5,-153.0,-153.5,-148.5,-149.0,-152.5,-153.5,-154.0,-152.5,-157.0,-155.5,-154.5,-157.0,-157.0,-157.0,-157.0,-157.0,-157.0,-157.0,-155.0,-152.0,-156.5,-155.5,-157.0,-154.5,-157.0,-154.5,-151.5,-157.0,-154.0,-151.5,-153.0,-150.0,-154.5,-157.0,-156.5,-153.0,-153.5,-155.5,-157.0,-157.0,-157.0,-157.0,-149.5,-151.5,-157.0,-154.5,-157.0,-157.0,-157.0,-154.5,-157.0,-150.0,-153.0,-157.0,-157.0,-157.0,-157.0,-156.0,-152.0,-149.0,-154.5,-157.0,-155.5,-157.0,-157.0,-155.5,-155.5,-155.0,-157.0,-154.0,-155.0,-154.0,-157.0,-157.0,-156.5,-157.0,-154.0,-157.0,-157.0,-155.0,-157.0,-157.0,-155.5,-157.0,-157.0,-157.0,-154.0,-154.5,-157.0,-157.0,-157.0,-157.0,-157.0,-157.0,-157.0,-156.0,-156.5,-157.0,-157.0,-157.0,-157.0,-154.5,-157.0,-157.0,-157.0,-156.0,-157.0,-154.0,-155.0,-153.5,-152.0,-156.5,-154.0,-150.5,-149.0,-155.0,-155.0,-151.0,-157.0,-157.0,-157.0,-157.0,-157.0,-151.5,-154.5,-154.0,-156.0,-157.0,-154.5,-155.5,-157.0,-157.0,-156.5,-154.5,-154.5,-157.0,-156.5,-157.0,-157.0,-157.0,-156.0,-154.0,-150.5,-152.5,-157.0,-157.0,-154.5,-157.0,-157.0,-157.0,-157.0,-157.0,-157.0,-157.0,-157.0,-156.0,-157.0,-157.0,-157.0,-155.5,-157.0,-157.0,-157.0,-157.0,-157.0,-154.5,-157.0,-157.0,-157.0,-157.0,-157.0,-156.0,-156.0,-157.0,-154.5,-157.0,-155.5,-154.5,-157.0,-156.0,-157.0,-157.0,-157.0,-157.0,-157.0,-154.5,-157.0,-157.0,-157.0,-153.0,-153.5,-153.0,-157.0,-157.0,-157.0,-157.0,-157.0,-157.0,-157.0,-157.0,-157.0,-157.0,-157.0,-154.5,-149.0,-150.5,-155.0,-156.0,-156.5,-157.0,-156.0,-157.0,-154.0,-153.0,-157.0,-157.0,-156.5,-156.0,-157.0,-157.0,-157.0,-157.0,-155.0,-157.0,-154.5,-156.5,-157.0,-152.5,-155.5,-157.0,-157.0,-157.0,-157.0,-152.5,-153.5,-156.0,-156.0,-157.0,-157.0,-156.0,-157.0,-154.0,-155.5,-156.0,-157.0,-153.5,-155.0,-157.0,-156.5,-157.0,-156.0,-155.5,-157.0,-157.0,-156.0,-157.0,-154.5,-156.5,-157.0,-155.5,-154.5,-155.5,-155.5,-154.0,-157.0,-157.0,-154.0,-152.0,-157.0,-157.0,-154.0,-157.0,-155.5,-157.0,-157.0,-157.0,-157.0,-157.0,-154.5,-157.0
2026-01-17 13:48:29.672,143.049967,5,-77,-157.0,-157.0,-152.5,-152.0,-157.0,-156.5,-154.5,-153.0,-156.5,-154.5,-155.0,-157.0,-155.5,-157.0,-154.5,-153.5,-150.5,-154.0,-157.0,-156.5,-157.0,-155.0,-150.0,-152.5,-157.0,-152.0,-150.0,-153.5,-156.0,-155.5,-154.0,-157.0,-151.5,-156.0,-154.0,-153.0,-154.5,-157.0,-157.0,-156.0,-157.0,-157.0,-157.0,-157.0,-156.5,-151.0,-151.5,-157.0,-157.0,-153.5,-152.5,-155.0,-152.0,-152.0,-157.0,-157.0,-157.0,-157.0,-153.5,-157.0,-157.0,-157.0,-153.0,-152.5,-157.0,-155.5,-152.5,-157.0,-154.5,-152.0,-153.0,-157.0,-156.5,-157.0,-157.0,-150.0,-149.0,-151.0,-156.5,-157.0,-155.0,-151.0,-151.0,-154.5,-157.0,-157.0,-157.0,-154.5,-154.0,-157.0,-156.0,-157.0,-157.0,-154.5,-153.5,-155.0,-150.0,-150.5,-155.0,-154.0,-157.0,-157.0,-157.0,-153.0,-152.0,-150.0,-155.0,-157.0,-156.0,-157.0,-150.0,-149.5,-156.5,-157.0,-157.0,-157.0,-153.0,-157.0,-157.0,-157.0,-157.0,-157.0,-157.0,-154.0,-157.0,-157.0,-157.0,-157.0,-155.5,-157.0,-157.0,-157.0,-157.0,-157.0,-157.0,-157.0,-157.0,-157.0,-157.0,-155.5,-155.0,-153.0,-153.5,-157.0,-157.0,-156.0,-156.5,-151.0,-152.5,-154.0,-156.0,-155.0,-155.5,-157.0,-151.0,-151.0,-157.0,-157.0,-157.0,-151.5,-152.0,-157.0,-153.5,-157.0,-154.5,-155.5,-157.0,-157.0,-157.0,-157.0,-154.5,-157.0,-157.0,-157.0,-157.0,-157.0,-151.5,-152.0,-153.0,-157.0,-157.0,-157.0,-157.0,-156.0,-157.0,-153.0,-156.5,-154.0,-157.0,-157.0,-157.0,-157.0,-157.0,-157.0,-156.5,-154.5,-152.0,-155.0,-150.5,-151.0,-154.0,-156.0,-152.5,-152.0,-153.0,-155.5,-156.5,-157.0,-156.5,-157.0,-157.0,-157.0,-157.0,-157.0,-151.0,-157.0,-157.0,-157.0,-156.5,-156.5,-152.0,-150.5,-154.0,-154.0,-152.5,-156.0,-153.5,-155.0,-157.0,-157.0,-156.0,-155.0,-157.0,-157.0,-157.0,-157.0,-157.0,-147.0,-157.0,-157.0,-156.0,-157.0,-157.0,-157.0,-154.5,-154.0,-150.5,-157.0,-157.0,-156.5,-155.0,-157.0,-156.0,-153.5,-151.5,-157.0,-157.0,-156.5,-151.5,-152.0,-155.5,-157.0,-156.0,-157.0,-157.0,-157.0,-157.0,-157.0,-157.0,-156.0,-157.0,-156.0,-155.5,-156.5,-157.0,-157.0,-156.5,-155.5,-157.0,-157.0,-157.0,-157.0,-157.0,-157.0,-156.5,-157.0,-157.0,-155.5,-157.0,-157.0,-154.0,-153.5,-155.0,-157.0,-157.0,-157.0,-156.0,-157.0,-157.0,-157.0,-154.0,-153.0,-151.5,-156.0,-152.5,-151.5,-151.5,-149.5,-157.0,-151.0,-154.5,-157.0,-153.5,-156.0,-157.0,-157.0,-157.0,-156.0,-154.5,-155.5,-151.5,-153.5,-157.0,-155.0,-157.0,-157.0,-157.0,-153.0,-152.5,-154.5,-157.0,-156.0,-155.0,-156.0,-157.0,-157.0,-153.0,-150.5,-157.0,-157.0,-157.0,-157.0,-157.0,-157.0,-157.0,-156.0,-155.0,-157.0,-157.0,-157.0,-156.5,-157.0,-157.0,-157.0,-155.5,-157.0,-151.5,-155.5,-157.0,-157.0,-154.5,-157.0,-157.0,-155.5,-157.0,-157.0,-154.5,-157.0,-157.0,-157.0,-155.5,-155.0,-151.5,-153.0,-157.0,-157.0,-156.5,-157.0,-156.5,-157.0,-152.5,-157.0,-157.0,-157.0,-152.0,-150.0,-153.5,-154.5,-157.0,-157.0,-157.0,-156.0,-153.5,-156.5,-157.0,-157.0,-157.0,-156.0,-155.5,-153.5,-153.0,-154.5,-157.0,-154.5,-154.0,-154.0,-155.5,-153.0,-156.5,-157.0,-157.0,-157.0,-157.0,-157.0,-153.5,-155.0,-152.5,-152.5,-157.0,-150.5,-152.5,-157.0,-153.5,-155.5,-157.0,-157.0,-157.0,-157.0,-157.0,-155.0,-157.0,-157.0,-157.0,-157.0,-154.0,-157.0,-154.5,-157.0,-157.0,-157.0,-153.0,-152.0,-157.0,-154.0,-155.5,-156.5,-156.5,-157.0,-157.0,-157.0,-157.0,-152.0,-152.0,-157.0,-157.0,-156.5,-154.5,-155.0,-154.5,-155.5,-157.0,-152.0,-149.5,-155.0,-157.0,-155.0,-157.0,-157.0,-157.0,-152.5,-152.5,-157.0,-157.0,-157.0,-157.0
2026-01-17 13:48:29.700,143.049967,5,-77,-157.0,-157.0,-151.0,-150.5,-157.0,-153.5,-153.0,-156.5,-157.0,-154.0,-152.5,-155.0,-157.0,-157.0,-157.0,-156.0,-153.0,-157.0,-157.0,-157.0,-157.0,-157.0,-152.0,-152.5,-157.0,-157.0,-154.5,-152.0,-157.0,-157.0,-152.5,-151.5,-148.5,-157.0,-155.0,-157.0,-157.0,-157.0,-157.0,-157.0,-156.5,-157.0,-157.0,-157.0,-156.0,-152.0,-154.0,-157.0,-157.0,-157.0,-157.0,-152.5,-154.5,-154.5,-157.0,-155.5,-157.0,-157.0,-152.0,-156.0,-157.0,-154.5,-153.5,-154.5,-155.0,-155.5,-151.5,-157.0,-157.0,-153.5,-154.5,-156.0,-153.5,-154.5,-155.0,-150.0,-153.0,-157.0,-154.5,-156.0,-151.0,-151.0,-152.5,-157.0,-157.0,-157.0,-157.0,-152.0,-157.0,-154.0,-157.0,-154.5,-152.5,-152.5,-157.0,-157.0,-156.0,-157.0,-157.0,-155.0,-157.0,-157.0,-157.0,-155.0,-155.0,-149.5,-150.5,-154.5,-157.0,-154.5,-152.5,-151.5,-157.0,-157.0,-157.0,-157.0,-154.0,-154.0,-157.0,-157.0,-155.0,-153.5,-157.0,-156.0,-155.0,-157.0,-157.0,-155.0,-153.5,-157.0,-157.0,-157.0,-154.5,-153.5,-157.0,-157.0,-151.5,-157.0,-157.0,-154.0,-156.0,-157.0,-157.0,-157.0,-157.0,-157.0,-157.0,-152.5,-152.0,-154.0,-157.0,-155.0,-152.0,-157.0,-150.0,-151.0,-156.5,-157.0,-157.0,-152.5,-152.0,-157.0,-155.5,-156.0,-156.5,-157.0,-157.0,-157.0,-157.0,-157.0,-157.0,-154.0,-157.0,-154.0,-157.0,-157.0,-153.0,-157.0,-157.0,-154.0,-154.5,-157.0,-157.0,-157.0,-156.0,-155.0,-157.0,-157.0,-157.0,-157.0,-156.5,-154.0,-155.0,-154.5,-155.5,-157.0,-156.0,-155.0,-157.0,-154.5,-154.5,-155.0,-153.5,-154.5,-155.5,-155.5,-155.5,-157.0,-157.0,-157.0,-157.0,-157.0,-156.0,-157.0,-153.0,-155.0,-157.0,-157.0,-157.0,-155.0,-153.5,-153.0,-152.5,-157.0,-155.0,-157.0,-157.0,-154.5,-155.0,-157.0,-154.0,-154.5,-157.0,-157.0,-157.0,-157.0,-157.0,-150.0,-155.0,-154.0,-155.0,-155.5,-157.0,-157.0,-156.0,-155.5,-151.5,-153.5,-153.5,-157.0,-154.5,-157.0,-155.5,-155.5,-157.0,-157.0,-157.0,-153.5,-151.5,-153.0,-156.5,-157.0,-156.5,-156.0,-157.0,-157.0,-157.0,-157.0,-157.0,-157.0,-155.0,-154.5,-155.5,-156.5,-157.0,-157.0,-156.5,-157.0,-157.0,-157.0,-156.0,-156.5,-157.0,-152.5,-152.0,-155.0,-157.0,-156.0,-155.5,-156.0,-150.5,-149.0,-151.0,-154.0,-156.5,-157.0,-157.0,-156.0,-157.0,-157.0,-157.0,-153.5,-152.0,-157.0,-153.0,-155.0,-149.0,-148.0,-153.0,-154.0,-153.5,-157.0,-157.0,-157.0,-156.5,-157.0,-157.0,-157.0,-157.0,-157.0,-155.0,-153.0,-157.0,-157.0,-157.0,-157.0,-156.5,-156.5,-154.5,-155.0,-157.0,-155.0,-155.0,-157.0,-157.0,-157.0,-154.5,-150.5,-157.0,-157.0,-157.0,-157.0,-157.0,-156.0,-157.0,-155.0,-155.0,-154.5,-157.0,-156.0,-156.5,-156.0,-157.0,-157.0,-157.0,-153.5,-148.5,-150.5,-157.0,-156.0,-153.5,-155.5,-155.0,-156.0,-157.0,-153.5,-151.0,-157.0,-157.0,-157.0,-154.5,-154.5,-151.5,-152.0,-156.0,-153.5,-157.0,-157.0,-156.0,-157.0,-151.5,-156.0,-152.0,-153.5,-152.0,-150.0,-157.0,-156.5,-157.0,-155.5,-154.0,-150.5,-150.0,-156.0,-157.0,-157.0,-157.0,-156.0,-155.5,-157.0,-157.0,-157.0,-157.0,-157.0,-157.0,-152.5,-153.5,-152.5,-157.0,-157.0,-154.0,-153.0,-155.0,-157.0,-150.5,-151.0,-153.5,-156.0,-157.0,-152.5,-156.0,-157.0,-156.5,-156.5,-157.0,-157.0,-157.0,-157.0,-157.0,-157.0,-157.0,-156.0,-157.0,-157.0,-152.0,-152.5,-152.0,-157.0,-157.0,-157.0,-157.0,-155.5,-154.0,-152.0,-155.5,-157.0,-156.5,-157.0,-157.0,-157.0,-157.0,-152.5,-152.5,-157.0,-154.5,-154.5,-155.5,-157.0,-157.0,-157.0,-155.0,-154.0,-151.5,-153.5,-157.0,-157.0,-157.0,-157.0,-157.0,-150.5,-151.0,-155.0,-157.0,-157.0,-154.5
2026-01-17 13:48:29.740,143.049967,5,-77,-157.0,-157.0,-154.0,-150.5,-157.0,-151.0,-155.0,-157.0,-157.0,-153.0,-153.0,-153.5,-157.0,-153.0,-154.5,-157.0,-157.0,-157.0,-157.0,-157.0,-157.0,-157.0,-154.5,-157.0,-157.0,-157.0,-157.0,-153.5,-156.0,-157.0,-154.5,-152.5,-149.5,-154.0,-157.0,-157.0,-157.0,-157.0,-156.0,-157.0,-157.0,-157.0,-157.0,-157.0,-154.5,-153.5,-151.0,-150.0,-156.0,-157.0,-157.0,-150.5,-154.5,-157.0,-157.0,-153.0,-154.0,-157.0,-151.5,-150.5,-153.0,-156.0,-154.0,-152.5,-155.0,-154.0,-153.0,-156.5,-157.0,-157.0,-157.0,-157.0,-154.5,-151.5,-152.0,-152.0,-154.5,-157.0,-154.5,-157.0,-156.5,-153.5,-152.5,-157.0,-157.0,-157.0,-157.0,-150.5,-152.5,-154.0,-154.5,-153.0,-151.5,-157.0,-157.0,-157.0,-157.0,-157.0,-157.0,-155.0,-157.0,-157.0,-157.0,-157.0,-157.0,-154.5,-153.5,-157.0,-157.0,-154.5,-157.0,-155.0,-157.0,-157.0,-157.0,-157.0,-157.0,-157.0,-157.0,-157.0,-157.0,-155.0,-157.0,-156.0,-156.0,-157.0,-155.0,-153.0,-154.0,-157.0,-157.0,-157.0,-153.0,-153.5,-157.0,-157.0,-148.5,-150.5,-156.0,-157.0,-155.5,-157.0,-157.0,-157.0,-156.5,-154.0,-157.0,-154.0,-157.0,-155.0,-157.0,-157.0,-150.5,-152.5,-151.0,-148.0,-155.0,-156.5,-157.0,-154.5,-152.5,-157.0,-157.0,-157.0,-157.0,-156.0,-157.0,-157.0,-157.0,-157.0,-157.0,-153.5,-157.0,-153.0,-153.5,-157.0,-154.0,-156.5,-157.0,-154.0,-153.5,-157.0,-154.0,-154.5,-155.5,-157.0,-157.0,-157.0,-157.0,-157.0,-152.5,-153.0,-157.0,-151.0,-152.5,-157.0,-154.5,-152.0,-157.0,-157.0,-157.0,-152.0,-154.0,-157.0,-157.0,-154.0,-154.0,-155.5,-155.5,-156.5,-154.0,-156.0,-154.0,-155.0,-157.0,-157.0,-157.0,-157.0,-157.0,-156.0,-156.0,-157.0,-155.5,-156.0,-153.0,-157.0,-156.5,-157.0,-155.0,-157.0,-154.5,-156.0,-157.0,-157.0,-157.0,-157.0,-156.5,-157.0,-154.5,-157.0,-155.0,-152.5,-157.0,-157.0,-157.0,-157.0,-154.0,-151.0,-152.5,-157.0,-154.5,-156.5,-151.0,-150.5,-155.5,-152.5,-153.0,-156.0,-157.0,-157.0,-157.0,-157.0,-157.0,-157.0,-153.0,-152.0,-154.0,-153.5,-157.0,-157.0,-155.0,-153.0,-157.0,-157.0,-157.0,-157.0,-157.0,-157.0,-156.5,-157.0,-156.0,-157.0,-157.0,-153.0,-153.5,-155.0,-156.5,-157.0,-157.0,-154.5,-150.5,-150.0,-154.0,-156.0,-156.0,-157.0,-157.0,-156.5,-157.0,-157.0,-157.0,-157.0,-157.0,-157.0,-153.5,-155.5,-151.0,-150.5,-150.5,-157.0,-157.0,-157.0,-157.0,-156.0,-153.5,-157.0,-155.5,-157.0,-157.0,-157.0,-157.0,-156.5,-157.0,-157.0,-157.0,-157.0,-157.0,-157.0,-155.0,-155.5,-156.0,-157.0,-157.0,-157.0,-157.0,-157.0,-157.0,-154.5,-156.5,-157.0,-156.5,-157.0,-157.0,-155.0,-152.5,-153.5,-157.0,-152.0,-151.5,-156.0,-155.0,-156.0,-157.0,-157.0,-157.0,-157.0,-150.5,-149.5,-157.0,-156.5,-152.0,-152.5,-156.0,-157.0,-155.5,-151.5,-150.0,-156.0,-157.0,-157.0,-157.0,-157.0,-157.0,-157.0,-151.5,-151.5,-157.0,-157.0,-157.0,-157.0,-154.0,-154.5,-154.5,-157.0,-153.5,-151.0,-157.0,-157.0,-157.0,-155.0,-156.5,-149.5,-151.0,-157.0,-157.0,-156.5,-156.5,-157.0,-157.0,-155.0,-157.0,-156.5,-156.5,-157.0,-157.0,-153.0,-153.5,-153.5,-157.0,-157.0,-154.5,-152.5,-156.0,-157.0,-151.0,-151.5,-157.0,-157.0,-157.0,-157.0,-157.0,-155.5,-157.0,-157.0,-157.0,-156.5,-156.0,-156.5,-157.0,-157.0,-157.0,-156.5,-157.0,-157.0,-154.5,-151.0,-151.0,-156.0,-156.5,-157.0,-157.0,-157.0,-156.0,-154.0,-157.0,-157.0,-157.0,-157.0,-157.0,-157.0,-157.0,-153.5,-156.0,-157.0,-155.0,-155.0,-157.0,-157.0,-155.0,-157.0,-156.5,-156.0,-157.0,-157.0,-157.0,-157.0,-157.0,-155.5,-154.0,-153.0,-157.0,-151.0,-153.5,-154.0,-157.0
2026-01-17 13:48:29.770,143.049967,5,-77,-157.0,-157.0,-153.5,-154.0,-156.5,-151.0,-155.5,-155.5,-157.0,-157.0,-157.0,-156.5,-157.0,-150.5,-157.0,-157.0,-157.0,-157.0,-157.0,-157.0,-157.0,-151.0,-150.5,-157.0,-157.0,-157.0,-157.0,-155.5,-152.0,-155.0,-157.0,-157.0,-153.5,-156.5,-155.0,-157.0,-157.0,-157.0,-157.0,-157.0,-157.0,-157.0,-156.0,-157.0,-157.0,-155.0,-154.0,-149.5,-150.0,-156.5,-157.0,-153.0,-154.5,-157.0,-157.0,-155.0,-157.0,-157.0,-156.0,-152.0,-155.0,-157.0,-152.0,-150.5,-157.0,-157.0,-157.0,-157.0,-157.0,-157.0,-157.0,-157.0,-156.5,-151.5,-155.0,-157.0,-157.0,-155.0,-155.0,-157.0,-156.0,-153.0,-152.5,-152.0,-156.0,-156.5,-157.0,-152.0,-156.0,-157.0,-156.0,-157.0,-153.0,-157.0,-157.0,-157.0,-157.0,-157.0,-157.0,-154.0,-154.5,-157.0,-157.0,-157.0,-157.0,-157.0,-156.5,-157.0,-157.0,-155.5,-155.0,-152.5,-157.0,-157.0,-157.0,-157.0,-157.0,-157.0,-157.0,-157.0,-157.0,-157.0,-157.0,-156.0,-157.0,-157.0,-155.0,-153.5,-155.0,-157.0,-157.0,-157.0,-154.0,-155.0,-157.0,-157.0,-151.5,-153.0,-153.0,-157.0,-156.0,-157.0,-157.0,-155.0,-153.5,-154.5,-155.5,-154.5,-157.0,-157.0,-157.0,-157.0,-151.5,-149.5,-153.5,-147.0,-156.5,-157.0,-157.0,-157.0,-154.5,-157.0,-157.0,-157.0,-157.0,-156.5,-155.0,-157.0,-157.0,-155.0,-154.0,-156.0,-157.0,-157.0,-153.0,-154.5,-157.0,-157.0,-157.0,-157.0,-157.0,-154.0,-152.0,-150.5,-155.5,-156.5,-156.0,-157.0,-157.0,-157.0,-156.0,-156.0,-154.0,-152.0,-157.0,-157.0,-152.0,-152.0,-157.0,-157.0,-154.0,-150.0,-157.0,-157.0,-156.0,-156.5,-157.0,-155.0,-154.0,-157.0,-153.5,-151.5,-156.0,-156.0,-155.5,-157.0,-154.5,-156.5,-157.0,-157.0,-155.0,-157.0,-157.0,-154.0,-154.5,-154.0,-151.5,-157.0,-157.0,-157.0,-154.5,-157.0,-157.0,-157.0,-157.0,-157.0,-157.0,-157.0,-153.5,-157.0,-155.5,-152.0,-157.0,-154.5,-155.0,-151.5,-152.5,-152.0,-156.0,-157.0,-155.0,-157.0,-151.0,-152.5,-155.0,-154.0,-154.5,-157.0,-157.0,-157.0,-157.0,-156.0,-157.0,-157.0,-154.5,-154.0,-153.5,-153.0,-157.0,-157.0,-155.5,-153.5,-157.0,-154.0,-154.5,-157.0,-157.0,-157.0,-156.5,-157.0,-157.0,-157.0,-157.0,-154.5,-157.0,-157.0,-154.5,-157.0,-157.0,-157.0,-154.5,-157.0,-153.0,-153.5,-154.0,-156.0,-156.0,-157.0,-157.0,-157.0,-157.0,-157.0,-157.0,-156.5,-152.0,-154.0,-156.5,-152.0,-151.5,-157.0,-157.0,-157.0,-157.0,-156.5,-153.5,-154.0,-151.5,-153.0,-151.5,-153.0,-156.5,-155.5,-156.5,-157.0,-157.0,-157.0,-157.0,-157.0,-157.0,-156.0,-154.0,-156.5,-157.0,-154.0,-155.0,-157.0,-157.0,-157.0,-157.0,-157.0,-154.0,-155.0,-153.5,-153.0,-151.5,-157.0,-156.5,-151.5,-153.5,-157.0,-157.0,-157.0,-157.0,-157.0,-157.0,-157.0,-157.0,-150.0,-153.5,-157.0,-154.5,-152.5,-156.0,-154.0,-156.5,-157.0,-150.0,-150.5,-157.0,-157.0,-157.0,-157.0,-157.0,-157.0,-153.0,-156.0,-157.0,-157.0,-157.0,-157.0,-157.0,-157.0,-157.0,-157.0,-157.0,-152.0,-155.5,-157.0,-157.0,-155.0,-155.5,-154.0,-157.0,-157.0,-157.0,-156.0,-154.5,-157.0,-157.0,-152.5,-157.0,-157.0,-156.0,-157.0,-157.0,-155.5,-153.5,-156.5,-157.0,-157.0,-154.5,-157.0,-157.0,-152.5,-152.5,-152.5,-156.5,-157.0,-155.5,-157.0,-157.0,-156.0,-157.0,-153.5,-151.5,-157.0,-157.0,-156.0,-157.0,-157.0,-157.0,-157.0,-157.0,-157.0,-157.0,-157.0,-152.5,-154.5,-157.0,-157.0,-157.0,-157.0,-157.0,-155.5,-157.0,-156.5,-157.0,-154.5,-155.0,-157.0,-157.0,-156.5,-157.0,-157.0,-157.0,-157.0,-157.0,-155.0,-150.0,-155.0,-157.0,-157.0,-155.0,-156.0,-157.0,-157.0,-157.0,-157.0,-154.5,-157.0,-157.0,-150.0,-152.5,-152.0,-157.0
2026-01-17 13:48:29.800,143.049967,5,-77,-157.0,-157.0,-157.0,-157.0,-155.5,-151.5,-156.0,-154.5,-156.5,-157.0,-157.0,-154.5,-157.0,-151.5,-157.0,-157.0,-155.5,-156.5,-157.0,-156.5,-156.0,-150.0,-150.0,-156.5,-156.0,-157.0,-157.0,-157.0,-152.5,-157.0,-157.0,-157.0,-155.5,-156.5,-154.0,-157.0,-157.0,-157.0,-155.5,-154.0,-157.0,-157.0,-153.5,-155.0,-153.0,-153.0,-157.0,-151.0,-150.0,-155.5,-153.5,-156.5,-154.0,-157.0,-154.5,-154.5,-155.0,-154.5,-153.5,-154.5,-157.0,-157.0,-155.0,-153.5,-157.0,-157.0,-157.0,-157.0,-157.0,-157.0,-157.0,-157.0,-153.0,-149.5,-153.0,-157.0,-157.0,-153.0,-157.0,-157.0,-153.0,-155.5,-157.0,-153.0,-152.5,-152.0,-157.0,-154.0,-155.0,-157.0,-157.0,-157.0,-155.0,-154.5,-156.5,-153.5,-154.0,-157.0,-157.0,-156.0,-156.0,-156.5,-157.0,-157.0,-157.0,-155.5,-157.0,-157.0,-157.0,-157.0,-155.0,-154.5,-154.5,-154.5,-156.0,-157.0,-157.0,-157.0,-157.0,-157.0,-157.0,-157.0,-157.0,-153.5,-151.0,-151.5,-156.5,-154.5,-153.5,-157.0,-157.0,-157.0,-155.0,-155.0,-157.0,-157.0,-154.0,-157.0,-157.0,-157.0,-155.5,-157.0,-157.0,-154.0,-154.0,-157.0,-153.5,-157.0,-157.0,-157.0,-157.0,-156.0,-153.5,-151.0,-153.0,-149.0,-156.0,-157.0,-157.0,-155.0,-154.5,-157.0,-157.0,-157.0,-157.0,-157.0,-157.0,-156.0,-154.0,-157.0,-157.0,-156.5,-156.5,-157.0,-157.0,-154.0,-157.0,-157.0,-157.0,-157.0,-157.0,-154.5,-155.0,-152.0,-157.0,-157.0,-154.0,-157.0,-157.0,-156.0,-157.0,-156.0,-153.0,-155.0,-157.0,-157.0,-153.5,-152.0,-157.0,-156.5,-154.0,-150.5,-152.5,-153.5,-154.0,-156.5,-157.0,-157.0,-155.5,-157.0,-155.5,-156.0,-157.0,-157.0,-153.0,-154.0,-152.5,-155.0,-157.0,-157.0,-157.0,-157.0,-157.0,-157.0,-157.0,-153.0,-151.0,-156.5,-157.0,-157.0,-155.5,-156.5,-157.0,-157.0,-157.0,-155.5,-157.0,-156.5,-156.0,-154.5,-153.5,-153.5,-155.5,-153.0,-151.0,-150.0,-156.0,-156.0,-157.0,-157.0,-157.0,-156.5,-153.0,-157.0,-157.0,-157.0,-154.5,-157.0,-157.0,-156.5,-152.5,-151.5,-155.5,-157.0,-157.0,-157.0,-156.5,-156.5,-157.0,-157.0,-157.0,-156.5,-157.0,-153.0,-154.5,-157.0,-157.0,-157.0,-155.5,-155.5,-156.5,-157.0,-156.5,-157.0,-157.0,-157.0,-153.5,-157.0,-157.0,-157.0,-157.0,-154.5,-151.5,-156.5,-151.5,-152.5,-157.0,-157.0,-157.0,-157.0,-157.0,-156.0,-155.0,-154.0,-152.0,-157.0,-157.0,-154.0,-152.5,-152.5,-157.0,-157.0,-155.0,-152.0,-156.0,-157.0,-151.5,-151.5,-150.0,-157.0,-156.0,-152.5,-152.0,-157.0,-157.0,-157.0,-157.0,-157.0,-157.0,-156.5,-156.0,-151.5,-154.0,-153.0,-156.5,-157.0,-157.0,-157.0,-157.0,-157.0,-152.5,-153.0,-155.0,-151.5,-149.5,-152.0,-151.5,-153.0,-154.5,-157.0,-157.0,-157.0,-155.5,-155.0,-157.0,-152.0,-153.5,-150.5,-153.0,-157.0,-157.0,-156.5,-155.0,-152.5,-157.0,-157.0,-154.0,-153.5,-157.0,-157.0,-157.0,-157.0,-157.0,-157.0,-156.5,-157.0,-157.0,-156.5,-156.0,-157.0,-157.0,-154.0,-154.5,-157.0,-154.0,-154.0,-157.0,-155.5,-155.5,-154.5,-153.0,-157.0,-157.0,-153.5,-154.5,-157.0,-156.5,-157.0,-154.0,-152.5,-157.0,-157.0,-155.0,-156.0,-157.0,-156.5,-156.0,-157.0,-157.0,-157.0,-154.0,-154.0,-157.0,-149.5,-151.0,-151.5,-152.5,-157.0,-152.0,-154.0,-155.5,-155.0,-157.0,-150.0,-150.5,-157.0,-157.0,-155.0,-157.0,-157.0,-157.0,-156.5,-155.5,-155.0,-156.5,-157.0,-153.5,-156.0,-157.0,-150.0,-151.0,-157.0,-154.5,-155.0,-157.0,-151.0,-157.0,-153.5,-156.5,-156.5,-153.5,-157.0,-156.5,-157.0,-157.0,-157.0,-157.0,-156.0,-152.0,-155.5,-157.0,-157.0,-149.5,-150.5,-156.5,-157.0,-157.0,-155.0,-153.0,-157.0,-156.5,-154.0,-157.0,-154.5,-157.0
2026-01-17 13:48:29.835,143.049967,5,-77,-157.0,-157.0,-157.0,-157.0,-157.0,-155.5,-156.5,-155.0,-153.0,-155.0,-152.0,-151.5,-157.0,-154.0,-157.0,-157.0,-154.0,-154.5,-157.0,-153.0,-155.5,-155.5,-154.0,-156.0,-155.5,-157.0,-157.0,-153.0,-152.0,-153.5,-153.0,-152.5,-153.5,-157.0,-152.5,-156.5,-157.0,-157.0,-152.0,-149.5,-154.0,-154.5,-154.0,-157.0,-150.0,-155.0,-153.5,-151.0,-153.5,-154.5,-157.0,-155.5,-157.0,-156.0,-157.0,-155.5,-152.5,-153.5,-152.0,-156.5,-157.0,-156.5,-153.5,-154.5,-157.0,-154.0,-151.5,-151.5,-155.0,-157.0,-157.0,-157.0,-154.0,-151.0,-151.5,-157.0,-157.0,-151.0,-154.0,-157.0,-154.5,-157.0,-157.0,-154.0,-153.5,-153.5,-157.0,-155.0,-157.0,-157.0,-157.0,-157.0,-157.0,-154.0,-152.0,-150.0,-151.5,-157.0,-155.0,-157.0,-157.0,-156.5,-157.0,-157.0,-157.0,-154.5,-157.0,-155.5,-157.0,-157.0,-156.5,-157.0,-152.5,-150.5,-151.0,-157.0,-157.0,-157.0,-155.0,-157.0,-157.0,-157.0,-156.0,-153.0,-149.0,-150.5,-152.5,-153.0,-152.5,-157.0,-157.0,-157.0,-157.0,-153.5,-152.5,-155.0,-155.5,-157.0,-157.0,-156.5,-157.0,-157.0,-157.0,-154.5,-157.0,-157.0,-156.5,-157.0,-157.0,-157.0,-157.0,-157.0,-157.0,-157.0,-149.0,-150.5,-148.5,-156.5,-157.0,-152.0,-154.0,-157.0,-157.0,-157.0,-157.0,-157.0,-157.0,-157.0,-153.5,-157.0,-157.0,-152.0,-152.0,-157.0,-157.0,-156.5,-157.0,-157.0,-157.0,-157.0,-157.0,-155.0,-155.5,-157.0,-156.0,-153.0,-153.0,-154.5,-155.5,-152.5,-153.5,-153.5,-154.5,-157.0,-157.0,-157.0,-156.5,-151.5,-156.5,-157.0,-157.0,-153.5,-151.5,-155.0,-154.5,-155.0,-154.0,-157.0,-157.0,-157.0,-156.5,-157.0,-156.5,-154.5,-153.0,-154.0,-153.0,-157.0,-157.0,-155.0,-157.0,-157.0,-157.0,-157.0,-157.0,-157.0,-155.0,-157.0,-157.0,-157.0,-157.0,-157.0,-157.0,-157.0,-157.0,-156.0,-157.0,-154.0,-157.0,-154.5,-153.0,-152.0,-150.0,-154.0,-155.5,-153.0,-157.0,-157.0,-157.0,-157.0,-157.0,-151.5,-151.0,-154.0,-152.0,-154.0,-156.0,-152.5,-155.0,-155.5,-152.0,-150.5,-157.0,-157.0,-157.0,-156.0,-154.5,-157.0,-157.0,-155.5,-157.0,-157.0,-157.0,-154.0,-157.0,-157.0,-157.0,-157.0,-156.0,-154.5,-152.0,-157.0,-157.0,-157.0,-157.0,-157.0,-152.5,-155.5,-156.0,-156.5,-157.0,-153.5,-152.5,-157.0,-153.0,-153.5,-157.0,-157.0,-157.0,-157.0,-157.0,-157.0,-155.0,-151.0,-154.0,-157.0,-155.5,-153.0,-156.5,-153.0,-157.0,-157.0,-152.5,-150.0,-156.5,-157.0,-153.0,-154.0,-153.0,-157.0,-155.5,-154.5,-151.5,-157.0,-157.0,-157.0,-157.0,-157.0,-157.0,-157.0,-157.0,-151.0,-152.5,-153.0,-156.0,-152.5,-154.5,-156.0,-156.0,-157.0,-156.0,-156.0,-157.0,-155.5,-151.5,-151.5,-153.5,-156.5,-157.0,-157.0,-157.0,-157.0,-154.5,-154.5,-157.0,-153.5,-153.5,-153.5,-154.5,-156.0,-155.0,-157.0,-157.0,-153.5,-156.5,-157.0,-157.0,-157.0,-157.0,-156.5,-155.5,-152.0,-155.0,-156.5,-154.5,-157.0,-154.0,-153.0,-153.5,-157.0,-157.0,-153.0,-154.0,-157.0,-156.0,-157.0,-157.0,-157.0,-156.0,-157.0,-154.5,-154.0,-154.5,-150.0,-152.0,-157.0,-157.0,-156.0,-156.5,-151.0,-151.5,-157.0,-153.0,-155.0,-157.0,-155.5,-154.0,-157.0,-157.0,-157.0,-157.0,-151.5,-153.5,-152.0,-152.0,-153.0,-153.0,-154.0,-153.0,-155.5,-154.5,-157.0,-157.0,-150.0,-150.0,-157.0,-157.0,-153.5,-155.0,-157.0,-155.0,-152.5,-152.5,-157.0,-156.5,-157.0,-152.0,-155.5,-154.5,-148.5,-149.0,-157.0,-157.0,-157.0,-152.5,-149.0,-157.0,-156.0,-157.0,-156.0,-149.5,-153.5,-157.0,-157.0,-157.0,-157.0,-157.0,-157.0,-156.5,-157.0,-157.0,-157.0,-151.5,-152.5,-157.0,-157.0,-157.0,-155.0,-154.5,-157.0,-152.5,-153.0,-156.5,-157.0,-157.0
2026-01-17 13:48:29.870,143.049967,5,-77,-157.0,-157.0,-156.0,-157.0,-157.0,-157.0,-153.0,-154.5,-151.5,-151.0,-150.5,-150.5,-157.0,-157.0,-155.5,-157.0,-156.0,-157.0,-155.0,-151.5,-154.5,-157.0,-157.0,-157.0,-157.0,-157.0,-151.0,-150.0,-154.5,-154.0,-156.0,-152.0,-153.0,-156.0,-153.0,-157.0,-157.0,-157.0,-152.0,-151.0,-156.5,-152.5,-153.5,-154.5,-151.0,-154.0,-153.5,-154.5,-156.5,-154.5,-156.0,-157.0,-157.0,-157.0,-157.0,-157.0,-152.5,-155.0,-151.0,-154.0,-157.0,-157.0,-152.5,-151.5,-154.0,-149.0,-147.5,-153.5,-152.5,-157.0,-157.0,-157.0,-154.5,-152.0,-153.0,-157.0,-156.5,-151.5,-151.5,-157.0,-156.5,-156.5,-157.0,-154.0,-155.5,-157.0,-157.0,-156.5,-157.0,-157.0,-157.0,-157.0,-156.5,-152.0,-153.5,-153.0,-153.0,-154.5,-154.5,-156.5,-154.0,-153.0,-157.0,-157.0,-157.0,-157.0,-155.0,-155.5,-155.5,-152.5,-150.0,-153.5,-154.0,-151.0,-151.0,-157.0,-157.0,-157.0,-150.0,-152.0,-157.0,-157.0,-154.0,-156.0,-151.5,-155.0,-152.5,-157.0,-155.0,-157.0,-157.0,-157.0,-157.0,-154.0,-151.5,-151.5,-157.0,-157.0,-157.0,-157.0,-157.0,-157.0,-156.5,-155.5,-157.0,-157.0,-157.0,-157.0,-157.0,-157.0,-157.0,-157.0,-157.0,-154.5,-152.5,-148.5,-147.0,-157.0,-157.0,-154.0,-157.0,-156.5,-154.0,-156.0,-157.0,-157.0,-157.0,-157.0,-152.0,-154.0,-156.5,-153.5,-150.5,-150.5,-157.0,-157.0,-157.0,-157.0,-157.0,-156.5,-157.0,-154.0,-152.0,-155.0,-154.0,-152.0,-157.0,-155.0,-155.0,-155.0,-151.0,-152.0,-157.0,-156.5,-157.0,-157.0,-157.0,-151.5,-151.0,-154.5,-154.0,-157.0,-155.5,-157.0,-157.0,-157.0,-157.0,-157.0,-157.0,-157.0,-157.0,-151.5,-153.0,-154.5,-155.5,-157.0,-154.0,-155.5,-154.5,-151.0,-156.0,-157.0,-157.0,-157.0,-157.0,-157.0,-155.0,-155.5,-154.5,-157.0,-157.0,-157.0,-157.0,-157.0,-157.0,-157.0,-156.0,-154.5,-157.0,-153.5,-157.0,-155.5,-150.5,-156.5,-154.5,-157.0,-157.0,-157.0,-157.0,-156.0,-157.0,-149.5,-150.0,-154.0,-151.0,-152.5,-157.0,-153.5,-154.0,-157.0,-155.0,-153.5,-157.0,-157.0,-157.0,-157.0,-154.0,-156.5,-157.0,-157.0,-157.0,-157.0,-156.0,-155.0,-157.0,-157.0,-157.0,-157.0,-154.5,-151.0,-149.5,-154.0,-157.0,-157.0,-157.0,-157.0,-153.0,-156.5,-157.0,-156.0,-157.0,-156.0,-156.5,-156.0,-155.0,-154.5,-157.0,-157.0,-157.0,-157.0,-153.5,-152.0,-151.5,-155.0,-157.0,-156.0,-155.5,-153.0,-157.0,-154.5,-156.5,-156.0,-155.5,-151.5,-156.0,-155.0,-154.0,-156.5,-157.0,-154.5,-153.0,-157.0,-152.5,-156.5,-154.5,-157.0,-157.0,-157.0,-157.0,-157.0,-155.5,-151.5,-156.0,-157.0,-157.0,-149.5,-150.0,-152.5,-152.5,-157.0,-157.0,-157.0,-157.0,-157.0,-157.0,-157.0,-157.0,-152.5,-155.0,-156.5,-157.0,-157.0,-155.0,-152.5,-153.0,-157.0,-156.5,-157.0,-157.0,-156.5,-155.5,-157.0,-154.0,-151.0,-153.5,-154.0,-154.0,-157.0,-157.0,-152.0,-151.0,-150.0,-156.5,-157.0,-151.5,-151.5,-153.5,-156.5,-157.0,-156.0,-153.5,-153.0,-157.0,-157.0,-157.0,-157.0,-157.0,-157.0,-157.0,-157.0,-154.0,-157.0,-154.5,-151.0,-157.0,-157.0,-157.0,-155.5,-157.0,-151.0,-151.0,-157.0,-154.0,-155.5,-153.5,-153.5,-155.0,-157.0,-153.5,-156.0,-157.0,-150.5,-152.0,-157.0,-157.0,-154.0,-157.0,-157.0,-157.0,-156.5,-155.0,-157.0,-157.0,-150.0,-148.0,-157.0,-155.0,-157.0,-155.0,-157.0,-154.0,-155.5,-155.0,-157.0,-157.0,-157.0,-153.0,-155.0,-152.0,-155.0,-153.5,-157.0,-157.0,-157.0,-152.0,-150.0,-157.0,-157.0,-157.0,-152.5,-148.0,-152.0,-156.5,-157.0,-157.0,-157.0,-156.0,-154.0,-152.5,-157.0,-157.0,-156.0,-154.0,-157.0,-155.5,-157.0,-157.0,-156.5,-157.0,-157.0,-152.5,-149.5,-157.0,-157.0,-157.0
2026-01-17 13:48:29.902,143.049967,5,-77,-157.0,-157.0,-156.0,-157.0,-157.0,-157.0,-152.0,-157.0,-154.0,-152.0,-154.5,-152.5,-157.0,-157.0,-156.0,-157.0,-153.5,-154.5,-157.0,-149.5,-150.0,-156.5,-157.0,-157.0,-154.5,-154.5,-152.0,-155.5,-156.0,-157.0,-157.0,-157.0,-157.0,-157.0,-156.0,-157.0,-157.0,-156.0,-156.0,-155.0,-154.0,-156.0,-154.5,-157.0,-156.5,-154.5,-152.5,-154.5,-155.0,-155.0,-154.5,-157.0,-156.5,-157.0,-157.0,-153.5,-153.0,-154.0,-151.0,-153.0,-157.0,-157.0,-153.5,-156.0,-150.5,-151.5,-148.5,-152.5,-157.0,-157.0,-154.0,-154.5,-151.5,-151.0,-157.0,-154.0,-155.5,-157.0,-157.0,-157.0,-157.0,-156.5,-157.0,-157.0,-155.5,-157.0,-157.0,-157.0,-157.0,-157.0,-157.0,-153.5,-152.0,-150.5,-157.0,-157.0,-155.0,-154.5,-155.5,-152.5,-149.5,-153.5,-157.0,-157.0,-156.5,-157.0,-157.0,-153.5,-154.0,-150.5,-149.5,-157.0,-153.5,-151.5,-157.0,-157.0,-157.0,-157.0,-149.5,-150.0,-157.0,-155.5,-157.0,-157.0,-151.0,-153.0,-153.5,-156.0,-157.0,-155.5,-153.5,-157.0,-157.0,-154.5,-153.5,-154.0,-157.0,-157.0,-156.5,-157.0,-157.0,-157.0,-157.0,-157.0,-157.0,-155.5,-157.0,-157.0,-157.0,-157.0,-155.5,-157.0,-153.0,-150.0,-156.0,-156.0,-148.5,-154.5,-157.0,-156.0,-157.0,-157.0,-154.0,-155.0,-157.0,-157.0,-157.0,-157.0,-152.0,-154.0,-156.0,-157.0,-151.5,-148.5,-151.0,-156.5,-157.0,-157.0,-157.0,-154.5,-156.5,-151.0,-149.0,-150.5,-153.5,-152.0,-157.0,-157.0,-155.0,-157.0,-154.0,-157.0,-157.0,-153.0,-154.0,-157.0,-156.5,-150.5,-151.0,-155.5,-151.5,-157.0,-157.0,-157.0,-157.0,-157.0,-157.0,-156.5,-157.0,-154.5,-154.0,-153.5,-152.0,-157.0,-157.0,-157.0,-154.0,-154.0,-153.0,-150.0,-152.5,-153.5,-157.0,-157.0,-157.0,-157.0,-151.0,-153.0,-153.5,-157.0,-157.0,-157.0,-155.0,-157.0,-157.0,-157.0,-153.0,-156.0,-154.5,-152.5,-157.0,-157.0,-151.0,-154.5,-157.0,-157.0,-154.0,-155.5,-157.0,-154.0,-157.0,-149.5,-152.0,-157.0,-156.0,-157.0,-157.0,-156.5,-154.0,-157.0,-157.0,-155.5,-157.0,-156.5,-156.0,-157.0,-156.0,-157.0,-157.0,-157.0,-157.0,-157.0,-157.0,-157.0,-157.0,-157.0,-156.5,-157.0,-152.0,-151.0,-152.5,-153.0,-157.0,-153.5,-157.0,-157.0,-155.5,-157.0,-157.0,-157.0,-157.0,-157.0,-156.0,-155.0,-152.5,-152.0,-154.5,-154.0,-155.5,-157.0,-151.0,-148.0,-150.0,-157.0,-156.0,-152.5,-156.5,-154.0,-157.0,-151.5,-154.5,-157.0,-156.0,-155.0,-157.0,-153.0,-156.0,-157.0,-157.0,-156.0,-155.5,-157.0,-152.0,-154.0,-157.0,-157.0,-157.0,-157.0,-154.0,-154.0,-152.5,-151.0,-154.0,-157.0,-157.0,-149.5,-151.0,-151.0,-153.5,-157.0,-157.0,-157.0,-153.5,-152.0,-155.5,-157.0,-157.0,-149.0,-150.5,-151.5,-151.5,-156.5,-157.0,-152.5,-152.5,-157.0,-157.0,-157.0,-157.0,-156.0,-155.5,-157.0,-152.0,-151.5,-155.0,-150.5,-151.5,-157.0,-153.0,-150.0,-152.0,-154.0,-157.0,-157.0,-152.5,-152.0,-157.0,-157.0,-157.0,-156.5,-152.0,-151.0,-157.0,-157.0,-157.0,-155.5,-157.0,-156.0,-154.5,-157.0,-157.0,-157.0,-154.0,-154.0,-157.0,-157.0,-155.5,-154.5,-156.0,-156.0,-155.0,-157.0,-157.0,-157.0,-153.0,-154.0,-157.0,-157.0,-154.5,-157.0,-157.0,-150.5,-152.0,-157.0,-156.5,-154.0,-155.0,-155.5,-157.0,-157.0,-154.5,-157.0,-157.0,-149.0,-145.5,-152.5,-155.0,-157.0,-157.0,-157.0,-156.5,-157.0,-157.0,-157.0,-157.0,-157.0,-153.5,-155.5,-155.5,-155.5,-155.0,-157.0,-157.0,-157.0,-157.0,-154.5,-156.5,-157.0,-157.0,-157.0,-150.5,-155.5,-152.5,-157.0,-157.0,-157.0,-156.0,-157.0,-150.5,-156.0,-157.0,-153.0,-156.0,-157.0,-155.0,-155.5,-155.0,-153.5,-157.0,-156.5,-151.0,-149.5,-157.0,-157.0,-157.0
2026-01-17 13:48:29.935,143.049967,5,-77,-157.0,-157.0,-157.0,-157.0,-157.0,-154.0,-151.0,-154.0,-157.0,-154.0,-157.0,-156.0,-157.0,-153.5,-155.0,-155.5,-154.0,-154.0,-157.0,-152.0,-151.5,-154.0,-155.0,-156.5,-157.0,-157.0,-154.5,-157.0,-157.0,-157.0,-157.0,-157.0,-157.0,-157.0,-157.0,-157.0,-156.5,-157.0,-157.0,-151.0,-151.0,-154.0,-151.5,-154.5,-156.5,-149.5,-150.0,-155.5,-155.5,-156.0,-157.0,-155.0,-154.0,-157.0,-154.5,-153.5,-157.0,-152.0,-155.0,-155.0,-157.0,-156.5,-152.0,-155.0,-153.0,-154.5,-150.5,-150.5,-157.0,-157.0,-153.0,-153.0,-151.5,-154.0,-157.0,-156.0,-157.0,-157.0,-157.0,-157.0,-157.0,-157.0,-157.0,-157.0,-157.0,-157.0,-156.0,-156.0,-157.0,-157.0,-157.0,-152.5,-156.5,-154.0,-157.0,-157.0,-155.0,-157.0,-156.5,-153.5,-150.5,-153.5,-155.0,-157.0,-157.0,-156.5,-157.0,-152.5,-153.5,-155.0,-157.0,-157.0,-155.5,-152.0,-157.0,-157.0,-157.0,-156.5,-153.5,-155.0,-157.0,-155.0,-157.0,-157.0,-150.0,-150.5,-154.5,-157.0,-157.0,-152.5,-153.0,-157.0,-157.0,-151.0,-150.0,-157.0,-157.0,-157.0,-157.0,-157.0,-157.0,-155.5,-157.0,-157.0,-157.0,-157.0,-157.0,-157.0,-155.5,-156.5,-155.0,-157.0,-151.5,-152.5,-151.0,-154.5,-150.0,-157.0,-157.0,-154.5,-157.0,-154.5,-150.0,-154.5,-157.0,-157.0,-156.5,-157.0,-155.0,-153.0,-151.0,-153.5,-157.0,-152.5,-150.5,-153.0,-157.0,-155.5,-156.0,-156.0,-150.5,-148.0,-153.5,-151.5,-154.5,-154.0,-155.5,-154.5,-155.0,-156.0,-156.0,-157.0,-157.0,-155.5,-153.5,-154.0,-152.5,-151.0,-155.0,-157.0,-151.5,-157.0,-157.0,-157.0,-157.0,-157.0,-157.0,-157.0,-157.0,-153.0,-152.0,-157.0,-155.0,-157.0,-157.0,-157.0,-156.0,-154.0,-153.0,-151.0,-150.5,-153.5,-157.0,-153.5,-155.0,-156.5,-152.5,-154.0,-157.0,-157.0,-157.0,-154.5,-153.5,-157.0,-157.0,-157.0,-157.0,-153.5,-157.0,-153.5,-154.0,-157.0,-151.0,-157.0,-157.0,-153.5,-152.0,-154.0,-157.0,-153.5,-155.5,-152.0,-157.0,-157.0,-157.0,-157.0,-156.5,-156.5,-156.0,-154.5,-156.0,-155.0,-157.0,-157.0,-157.0,-156.0,-157.0,-157.0,-157.0,-157.0,-157.0,-157.0,-157.0,-157.0,-157.0,-156.0,-155.5,-157.0,-153.0,-156.0,-157.0,-156.5,-157.0,-151.0,-153.5,-157.0,-155.0,-157.0,-153.5,-153.0,-154.0,-157.0,-156.5,-155.0,-149.0,-149.5,-154.5,-155.0,-157.0,-154.0,-155.0,-149.5,-153.5,-157.0,-157.0,-152.0,-157.0,-156.5,-157.0,-153.0,-157.0,-157.0,-157.0,-157.0,-157.0,-154.5,-157.0,-157.0,-156.5,-156.5,-157.0,-157.0,-153.5,-157.0,-157.0,-157.0,-156.5,-157.0,-152.0,-153.5,-153.5,-154.5,-152.5,-157.0,-156.5,-151.5,-156.5,-150.5,-153.5,-157.0,-157.0,-157.0,-155.5,-151.0,-156.0,-157.0,-157.0,-150.5,-149.0,-155.5,-153.5,-155.5,-157.0,-153.5,-153.5,-157.0,-156.5,-157.0,-155.0,-152.5,-155.0,-157.0,-152.5,-155.0,-157.0,-154.0,-153.0,-155.5,-157.0,-152.5,-157.0,-157.0,-153.5,-156.5,-157.0,-157.0,-155.5,-154.5,-156.0,-155.0,-152.5,-151.0,-151.0,-157.0,-154.5,-154.5,-157.0,-156.0,-153.0,-157.0,-157.0,-154.5,-152.0,-157.0,-157.0,-157.0,-156.5,-154.5,-156.0,-154.5,-155.0,-156.5,-157.0,-157.0,-156.0,-156.5,-157.0,-157.0,-157.0,-157.0,-157.0,-154.0,-157.0,-155.5,-153.5,-154.5,-150.5,-150.5,-154.0,-157.0,-154.0,-153.5,-157.0,-152.0,-144.0,-145.5,-157.0,-157.0,-157.0,-156.0,-157.0,-157.0,-156.5,-157.0,-156.5,-155.5,-151.5,-152.5,-157.0,-152.5,-150.0,-153.5,-157.0,-157.0,-157.0,-157.0,-154.5,-157.0,-157.0,-157.0,-151.0,-150.5,-150.5,-157.0,-157.0,-157.0,-154.5,-157.0,-150.5,-157.0,-155.0,-151.0,-157.0,-157.0,-157.0,-157.0,-153.5,-153.5,-154.5,-157.0,-154.0,-154.5,-157.0,-157.0,-156.0
2026-01-17 13:48:29.973,143.049967,5,-77,-157.0,-157.0,-157.0,-157.0,-156.5,-153.5,-152.0,-152.0,-157.0,-156.0,-154.5,-157.0,-154.5,-154.0,-157.0,-151.5,-156.0,-156.5,-157.0,-157.0,-155.5,-154.5,-156.0,-157.0,-157.0,-157.0,-157.0,-157.0,-156.5,-157.0,-157.0,-157.0,-157.0,-157.0,-157.0,-157.0,-155.0,-157.0,-157.0,-152.5,-154.5,-157.0,-151.0,-155.5,-151.5,-151.5,-152.5,-157.0,-157.0,-157.0,-157.0,-157.0,-156.0,-157.0,-151.0,-151.5,-153.5,-150.5,-153.5,-157.0,-157.0,-157.0,-152.5,-152.0,-157.0,-157.0,-157.0,-155.0,-156.5,-157.0,-157.0,-155.5,-155.5,-156.5,-157.0,-157.0,-157.0,-157.0,-156.5,-157.0,-157.0,-157.0,-156.5,-156.5,-154.5,-156.5,-155.0,-155.0,-153.0,-157.0,-157.0,-155.5,-157.0,-157.0,-154.5,-157.0,-154.5,-157.0,-153.5,-154.0,-157.0,-156.5,-155.0,-154.5,-157.0,-157.0,-157.0,-155.0,-155.5,-156.5,-154.5,-155.0,-156.0,-152.0,-157.0,-157.0,-157.0,-157.0,-157.0,-157.0,-155.5,-150.5,-152.5,-157.0,-150.0,-151.0,-155.0,-157.0,-153.5,-150.5,-152.0,-153.0,-155.5,-149.5,-148.0,-157.0,-157.0,-157.0,-157.0,-157.0,-155.5,-153.0,-156.5,-152.5,-153.0,-157.0,-157.0,-157.0,-157.0,-157.0,-156.5,-157.0,-152.5,-154.0,-150.0,-152.5,-152.0,-157.0,-157.0,-153.0,-157.0,-151.5,-150.0,-157.0,-157.0,-155.0,-155.5,-155.5,-154.0,-153.0,-151.0,-151.0,-157.0,-157.0,-152.0,-153.0,-157.0,-156.0,-157.0,-157.0,-151.0,-149.5,-155.5,-151.0,-154.5,-155.0,-157.0,-150.5,-153.0,-157.0,-157.0,-157.0,-157.0,-157.0,-152.0,-157.0,-157.0,-155.5,-153.0,-151.5,-150.0,-157.0,-157.0,-157.0,-157.0,-157.0,-157.0,-157.0,-157.0,-153.0,-154.0,-157.0,-155.5,-157.0,-157.0,-157.0,-157.0,-155.5,-153.5,-156.0,-151.0,-155.0,-153.5,-151.5,-157.0,-154.0,-155.0,-155.0,-157.0,-157.0,-153.0,-153.0,-155.0,-153.0,-153.0,-154.5,-153.5,-157.0,-157.0,-154.0,-152.5,-157.0,-150.5,-153.5,-157.0,-153.5,-155.0,-154.5,-156.0,-156.5,-151.5,-153.5,-157.0,-157.0,-157.0,-157.0,-155.0,-152.5,-157.0,-156.5,-152.0,-154.0,-153.0,-153.0,-157.0,-156.0,-157.0,-157.0,-157.0,-157.0,-156.5,-157.0,-154.0,-154.0,-155.0,-153.5,-156.5,-157.0,-157.0,-157.0,-157.0,-156.5,-157.0,-150.0,-150.5,-157.0,-154.5,-157.0,-151.0,-150.5,-153.0,-156.5,-157.0,-157.0,-148.0,-148.0,-157.0,-157.0,-156.5,-152.5,-156.5,-154.0,-156.5,-156.5,-157.0,-151.0,-153.5,-156.0,-157.0,-153.5,-156.0,-156.0,-157.0,-157.0,-157.0,-152.5,-157.0,-157.0,-154.5,-157.0,-157.0,-153.0,-151.5,-157.0,-154.5,-155.0,-157.0,-157.0,-152.5,-156.0,-152.5,-152.5,-155.0,-156.0,-153.5,-155.0,-155.0,-151.5,-157.0,-155.0,-157.0,-157.0,-157.0,-153.5,-152.5,-153.5,-157.0,-154.5,-152.5,-157.0,-157.0,-157.0,-157.0,-157.0,-157.0,-157.0,-151.0,-150.0,-150.0,-152.5,-155.5,-157.0,-153.0,-157.0,-157.0,-157.0,-154.5,-156.0,-153.5,-153.0,-157.0,-150.0,-148.0,-151.0,-155.0,-157.0,-153.5,-154.5,-153.5,-155.0,-153.5,-157.0,-151.0,-155.0,-153.0,-153.5,-157.0,-157.0,-153.5,-157.0,-157.0,-156.0,-151.0,-154.5,-157.0,-157.0,-157.0,-152.0,-155.0,-151.0,-152.5,-157.0,-157.0,-157.0,-157.0,-157.0,-152.0,-152.5,-157.0,-157.0,-157.0,-157.0,-157.0,-154.0,-151.5,-154.0,-151.0,-153.0,-156.0,-157.0,-154.0,-151.5,-153.0,-157.0,-144.0,-145.0,-157.0,-157.0,-157.0,-151.5,-153.5,-157.0,-157.0,-156.0,-152.5,-156.0,-154.5,-157.0,-157.0,-157.0,-147.5,-149.0,-157.0,-157.0,-156.5,-156.0,-157.0,-157.0,-157.0,-157.0,-153.0,-153.0,-153.0,-157.0,-156.0,-155.0,-154.0,-156.5,-152.5,-154.5,-154.0,-150.5,-152.0,-157.0,-157.0,-157.0,-154.0,-153.5,-151.0,-157.0,-156.0,-156.5,-156.5,-157.0,-157.0
2026-01-17 13:48:30.003,143.049967,5,-77,-157.0,-157.0,-157.0,-157.0,-157.0,-157.0,-153.0,-156.0,-157.0,-156.5,-155.5,-157.0,-156.0,-157.0,-154.5,-152.0,-156.0,-157.0,-157.0,-156.5,-157.0,-157.0,-157.0,-157.0,-157.0,-154.5,-157.0,-157.0,-153.0,-153.5,-156.5,-157.0,-157.0,-157.0,-157.0,-157.0,-157.0,-157.0,-157.0,-153.0,-154.5,-156.0,-156.0,-153.0,-151.0,-156.5,-154.5,-157.0,-156.0,-155.5,-154.0,-157.0,-157.0,-157.0,-154.0,-151.0,-155.5,-153.0,-151.0,-157.0,-157.0,-156.5,-157.0,-153.5,-157.0,-157.0,-157.0,-157.0,-157.0,-156.0,-156.0,-153.5,-157.0,-156.5,-157.0,-157.0,-155.5,-157.0,-157.0,-157.0,-157.0,-157.0,-153.5,-156.5,-153.0,-157.0,-156.5,-156.0,-151.0,-157.0,-157.0,-157.0,-154.5,-155.0,-152.5,-157.0,-157.0,-157.0,-151.5,-154.5,-157.0,-157.0,-157.0,-155.0,-157.0,-157.0,-157.0,-156.0,-157.0,-156.0,-148.5,-148.5,-157.0,-151.0,-153.0,-156.0,-156.5,-157.0,-155.0,-154.5,-154.0,-150.0,-152.0,-154.0,-152.0,-154.5,-155.0,-155.0,-152.0,-150.0,-155.0,-151.0,-153.5,-150.5,-149.5,-154.5,-157.0,-157.0,-157.0,-157.0,-157.0,-153.0,-156.5,-149.5,-148.0,-156.5,-157.0,-156.5,-157.0,-157.0,-157.0,-157.0,-153.5,-149.0,-150.5,-156.5,-157.0,-157.0,-157.0,-154.0,-154.5,-155.5,-157.0,-157.0,-157.0,-157.0,-157.0,-157.0,-154.0,-157.0,-157.0,-155.0,-157.0,-155.5,-157.0,-157.0,-157.0,-157.0,-157.0,-156.0,-156.0,-152.5,-154.0,-149.5,-150.5,-155.5,-154.0,-151.0,-155.0,-155.0,-157.0,-157.0,-157.0,-157.0,-154.5,-157.0,-157.0,-152.0,-151.5,-151.5,-153.5,-157.0,-157.0,-157.0,-156.0,-157.0,-157.0,-157.0,-156.5,-155.0,-154.5,-152.5,-157.0,-154.0,-154.0,-157.0,-155.0,-156.5,-155.0,-157.0,-155.0,-154.5,-157.0,-154.0,-157.0,-155.0,-153.5,-154.5,-156.0,-155.5,-153.0,-153.5,-157.0,-151.5,-155.5,-157.0,-153.0,-157.0,-151.0,-153.0,-153.5,-157.0,-152.0,-155.5,-155.5,-157.0,-157.0,-154.5,-154.0,-155.5,-151.5,-155.0,-157.0,-157.0,-157.0,-157.0,-157.0,-153.0,-154.0,-157.0,-153.5,-157.0,-150.0,-151.5,-157.0,-156.5,-157.0,-157.0,-154.0,-154.5,-153.0,-157.0,-155.5,-154.5,-155.0,-151.5,-154.0,-157.0,-157.0,-157.0,-157.0,-153.5,-154.5,-153.0,-152.0,-157.0,-154.0,-156.5,-152.0,-150.5,-151.5,-157.0,-157.0,-157.0,-151.5,-149.5,-157.0,-156.5,-153.5,-152.0,-155.5,-153.0,-153.5,-157.0,-152.0,-150.5,-156.0,-157.0,-153.5,-155.0,-157.0,-156.0,-157.0,-157.0,-157.0,-154.0,-157.0,-157.0,-153.5,-154.5,-154.5,-153.5,-154.5,-155.0,-152.5,-153.5,-156.0,-156.5,-155.5,-152.5,-148.5,-148.0,-157.0,-156.5,-153.0,-157.0,-154.5,-153.0,-156.0,-153.5,-151.5,-153.0,-157.0,-157.0,-152.5,-153.5,-154.0,-155.5,-157.0,-157.0,-157.0,-157.0,-157.0,-157.0,-157.0,-154.5,-151.5,-151.5,-150.0,-157.0,-153.0,-150.5,-154.5,-157.0,-157.0,-157.0,-155.0,-157.0,-153.0,-157.0,-157.0,-151.0,-150.0,-150.0,-151.0,-154.0,-152.5,-156.5,-153.0,-155.5,-154.0,-156.0,-152.5,-156.5,-150.5,-151.0,-155.5,-157.0,-153.0,-155.0,-157.0,-157.0,-152.0,-154.5,-156.0,-157.0,-157.0,-151.0,-152.0,-154.5,-157.0,-157.0,-157.0,-155.5,-157.0,-157.0,-150.5,-150.0,-157.0,-157.0,-157.0,-157.0,-155.5,-157.0,-152.0,-157.0,-152.0,-156.5,-157.0,-153.5,-152.0,-151.0,-152.5,-157.0,-144.5,-147.5,-157.0,-157.0,-152.5,-152.5,-153.0,-157.0,-157.0,-157.0,-154.0,-157.0,-155.5,-157.0,-157.0,-156.0,-148.5,-150.5,-156.5,-157.0,-155.0,-152.0,-157.0,-157.0,-157.0,-155.0,-157.0,-156.5,-155.0,-157.0,-153.5,-152.5,-155.5,-155.0,-156.5,-152.5,-151.5,-156.0,-154.5,-157.0,-157.0,-157.0,-153.5,-151.0,-151.5,-157.0,-155.5,-156.5,-156.5,-157.0,-156.5
2026-01-17 13:48:30.036,143.049967,5,-77,-157.0,-157.0,-155.5,-157.0,-157.0,-157.0,-153.0,-157.0,-157.0,-157.0,-157.0,-157.0,-155.5,-157.0,-157.0,-157.0,-157.0,-157.0,-157.0,-156.0,-156.5,-157.0,-153.5,-152.5,-157.0,-153.0,-155.0,-157.0,-155.0,-156.0,-157.0,-157.0,-157.0,-157.0,-157.0,-155.5,-157.0,-157.0,-157.0,-153.5,-154.5,-155.0,-157.0,-152.0,-156.0,-152.5,-151.5,-157.0,-157.0,-152.0,-151.5,-157.0,-157.0,-157.0,-156.0,-151.0,-157.0,-156.0,-148.5,-152.0,-157.0,-151.0,-153.5,-155.0,-157.0,-157.0,-157.0,-157.0,-157.0,-156.0,-157.0,-157.0,-155.5,-155.0,-157.0,-156.0,-157.0,-157.0,-157.0,-157.0,-156.0,-157.0,-153.0,-153.5,-156.0,-157.0,-157.0,-154.5,-151.0,-154.0,-155.5,-157.0,-154.5,-154.0,-154.5,-157.0,-157.0,-154.0,-153.5,-156.0,-157.0,-156.5,-157.0,-157.0,-157.0,-153.5,-156.5,-156.0,-157.0,-155.0,-148.5,-148.0,-157.0,-153.0,-152.0,-156.5,-155.5,-157.0,-157.0,-154.5,-153.5,-154.0,-157.0,-156.5,-157.0,-156.5,-157.0,-157.0,-154.5,-152.0,-157.0,-153.5,-152.0,-150.0,-153.0,-157.0,-157.0,-157.0,-157.0,-157.0,-157.0,-157.0,-154.5,-150.0,-149.0,-154.5,-156.5,-157.0,-157.0,-157.0,-157.0,-157.0,-155.0,-151.0,-149.0,-157.0,-157.0,-157.0,-157.0,-157.0,-155.5,-157.0,-157.0,-157.0,-157.0,-156.0,-157.0,-157.0,-154.0,-156.0,-157.0,-154.5,-153.5,-153.0,-157.0,-155.0,-157.0,-157.0,-157.0,-154.5,-157.0,-154.0,-157.0,-153.5,-151.5,-157.0,-157.0,-155.0,-157.0,-155.5,-156.5,-154.5,-155.0,-157.0,-157.0,-157.0,-156.5,-151.5,-155.5,-154.5,-157.0,-155.5,-157.0,-157.0,-154.0,-154.0,-157.0,-157.0,-157.0,-157.0,-153.5,-152.0,-157.0,-155.0,-153.0,-157.0,-157.0,-153.5,-152.5,-157.0,-157.0,-155.0,-157.0,-156.0,-157.0,-154.5,-156.0,-157.0,-156.0,-156.5,-157.0,-154.5,-155.5,-151.5,-157.0,-157.0,-157.0,-152.0,-147.5,-150.5,-154.0,-156.0,-155.5,-157.0,-157.0,-157.0,-157.0,-157.0,-153.5,-153.0,-155.5,-156.5,-157.0,-157.0,-157.0,-157.0,-154.5,-155.5,-155.5,-157.0,-154.5,-154.0,-152.5,-157.0,-157.0,-154.0,-154.0,-151.0,-150.5,-155.0,-151.5,-156.0,-157.0,-157.0,-156.0,-154.5,-157.0,-157.0,-157.0,-157.0,-155.5,-156.0,-153.0,-157.0,-157.0,-157.0,-152.0,-150.5,-151.5,-151.5,-153.5,-157.0,-157.0,-156.0,-157.0,-153.5,-157.0,-151.5,-153.0,-156.0,-149.0,-148.0,-155.0,-155.5,-153.5,-155.5,-157.0,-157.0,-153.5,-154.5,-157.0,-157.0,-157.0,-157.0,-156.5,-157.0,-157.0,-153.0,-150.5,-153.0,-157.0,-156.5,-157.0,-155.5,-156.5,-155.0,-152.5,-153.0,-154.0,-151.0,-150.0,-149.5,-157.0,-157.0,-155.0,-154.0,-153.5,-157.0,-157.0,-154.5,-150.0,-150.5,-157.0,-157.0,-155.5,-157.0,-154.0,-154.5,-157.0,-157.0,-157.0,-157.0,-157.0,-157.0,-157.0,-155.0,-154.0,-154.0,-154.5,-157.0,-157.0,-151.5,-156.0,-154.0,-154.5,-157.0,-157.0,-157.0,-155.5,-157.0,-157.0,-156.0,-157.0,-152.5,-151.0,-153.0,-154.5,-157.0,-152.5,-153.0,-153.0,-154.0,-156.5,-157.0,-153.0,-155.5,-155.5,-156.5,-154.0,-157.0,-155.5,-157.0,-157.0,-156.5,-151.0,-151.5,-155.0,-155.5,-155.0,-157.0,-157.0,-157.0,-157.0,-154.5,-156.5,-157.0,-156.0,-152.0,-157.0,-150.5,-151.5,-157.0,-152.5,-152.0,-151.0,-157.0,-151.0,-155.5,-157.0,-152.0,-151.5,-153.0,-157.0,-154.5,-145.0,-149.0,-156.0,-157.0,-153.0,-157.0,-157.0,-157.0,-157.0,-157.0,-155.0,-157.0,-154.0,-157.0,-157.0,-155.0,-151.0,-157.0,-154.5,-157.0,-157.0,-152.0,-157.0,-157.0,-156.5,-153.5,-157.0,-156.5,-155.0,-157.0,-156.0,-154.0,-153.5,-151.5,-157.0,-157.0,-153.0,-157.0,-157.0,-157.0,-157.0,-157.0,-157.0,-152.5,-156.0,-153.5,-157.0,-157.0,-157.0,-157.0,-157.0
2026-01-17 13:48:30.070,143.049967,5,-77,-157.0,-157.0,-155.0,-157.0,-157.0,-157.0,-156.0,-157.0,-157.0,-157.0,-157.0,-156.0,-157.0,-157.0,-157.0,-157.0,-157.0,-157.0,-156.0,-155.5,-157.0,-157.0,-151.5,-151.0,-157.0,-156.5,-157.0,-154.0,-155.5,-157.0,-157.0,-157.0,-156.5,-157.0,-157.0,-153.0,-157.0,-157.0,-157.0,-154.5,-157.0,-157.0,-157.0,-151.0,-156.5,-148.5,-151.5,-157.0,-157.0,-157.0,-154.0,-157.0,-157.0,-157.0,-154.0,-152.0,-157.0,-156.5,-149.5,-155.5,-157.0,-149.5,-148.5,-155.5,-157.0,-157.0,-157.0,-157.0,-156.0,-154.5,-157.0,-157.0,-157.0,-156.0,-157.0,-157.0,-157.0,-157.0,-157.0,-157.0,-157.0,-153.0,-153.5,-155.0,-156.0,-156.5,-157.0,-157.0,-153.0,-153.5,-154.5,-155.0,-156.0,-157.0,-154.0,-157.0,-157.0,-153.5,-157.0,-157.0,-157.0,-157.0,-157.0,-157.0,-157.0,-150.5,-150.5,-157.0,-156.5,-157.0,-154.0,-150.0,-157.0,-157.0,-155.0,-157.0,-156.5,-157.0,-157.0,-157.0,-157.0,-157.0,-157.0,-157.0,-157.0,-157.0,-157.0,-157.0,-156.5,-154.5,-155.5,-157.0,-147.0,-147.0,-154.0,-157.0,-156.5,-157.0,-157.0,-157.0,-155.5,-157.0,-155.5,-153.5,-157.0,-157.0,-156.5,-157.0,-157.0,-157.0,-157.0,-157.0,-154.0,-155.0,-150.0,-151.0,-157.0,-156.5,-157.0,-157.0,-157.0,-156.0,-153.5,-154.0,-157.0,-153.5,-154.5,-153.5,-156.0,-157.0,-156.5,-157.0,-153.5,-153.5,-157.0,-156.0,-157.0,-157.0,-157.0,-155.5,-157.0,-156.0,-157.0,-157.0,-154.5,-156.5,-157.0,-157.0,-154.5,-157.0,-151.5,-151.0,-156.0,-157.0,-157.0,-156.5,-156.0,-153.5,-152.5,-152.0,-157.0,-156.0,-157.0,-157.0,-154.0,-157.0,-157.0,-157.0,-157.0,-157.0,-157.0,-155.5,-154.5,-157.0,-156.0,-154.5,-157.0,-155.5,-154.5,-157.0,-157.0,-157.0,-157.0,-157.0,-153.5,-151.5,-153.0,-157.0,-157.0,-157.0,-157.0,-154.5,-157.0,-154.5,-154.0,-157.0,-156.5,-154.0,-150.0,-152.0,-156.0,-154.0,-156.0,-157.0,-157.0,-157.0,-157.0,-157.0,-157.0,-153.0,-154.0,-157.0,-155.5,-157.0,-157.0,-157.0,-154.5,-156.5,-157.0,-157.0,-155.5,-151.5,-152.5,-154.0,-157.0,-153.5,-152.0,-151.5,-151.0,-157.0,-153.5,-157.0,-156.5,-157.0,-157.0,-157.0,-157.0,-157.0,-157.0,-157.0,-155.0,-156.0,-153.0,-157.0,-157.0,-157.0,-153.0,-154.5,-154.0,-151.5,-154.0,-157.0,-157.0,-157.0,-157.0,-157.0,-155.5,-152.5,-156.5,-157.0,-148.0,-146.5,-157.0,-154.5,-157.0,-157.0,-157.0,-157.0,-151.5,-152.0,-155.5,-157.0,-157.0,-157.0,-155.5,-157.0,-157.0,-151.5,-150.0,-156.5,-155.0,-152.0,-154.0,-157.0,-157.0,-155.5,-157.0,-151.5,-154.0,-157.0,-157.0,-152.0,-155.0,-157.0,-157.0,-154.0,-152.5,-153.5,-153.5,-156.0,-157.0,-153.5,-156.0,-156.0,-155.5,-157.0,-156.5,-157.0,-157.0,-154.5,-153.5,-157.0,-157.0,-155.5,-156.5,-156.0,-157.0,-157.0,-157.0,-157.0,-157.0,-154.5,-155.0,-153.0,-155.5,-154.0,-156.5,-153.5,-157.0,-157.0,-157.0,-157.0,-157.0,-157.0,-151.5,-153.5,-157.0,-157.0,-152.5,-152.5,-154.0,-154.5,-156.0,-153.5,-157.0,-157.0,-157.0,-157.0,-152.5,-155.0,-156.5,-157.0,-157.0,-157.0,-151.5,-152.0,-154.0,-157.0,-157.0,-156.0,-157.0,-157.0,-157.0,-154.0,-152.5,-157.0,-155.0,-157.0,-156.0,-148.0,-147.5,-151.0,-155.5,-148.5,-151.0,-157.0,-151.5,-154.0,-157.0,-149.5,-149.0,-152.5,-157.0,-150.0,-145.5,-156.0,-153.5,-156.0,-152.0,-154.0,-157.0,-156.0,-154.0,-153.0,-156.5,-157.0,-156.0,-157.0,-157.0,-157.0,-154.5,-153.5,-154.5,-157.0,-157.0,-154.0,-156.5,-157.0,-157.0,-154.0,-157.0,-153.5,-154.5,-157.0,-157.0,-156.0,-153.0,-152.0,-152.5,-152.5,-152.0,-157.0,-157.0,-157.0,-157.0,-157.0,-157.0,-152.0,-153.5,-154.0,-157.0,-157.0,-157.0,-156.5,-157.0
2026-01-17 13:48:30.101,143.049967,5,-77,-157.0,-157.0,-157.0,-157.0,-157.0,-157.0,-157.0,-157.0,-157.0,-157.0,-153.5,-155.0,-157.0,-156.0,-157.0,-157.0,-157.0,-157.0,-153.5,-155.0,-157.0,-154.0,-153.0,-154.0,-157.0,-157.0,-154.0,-154.0,-157.0,-157.0,-157.0,-156.5,-156.5,-154.0,-151.5,-149.5,-155.5,-157.0,-157.0,-154.5,-157.0,-157.0,-157.0,-148.5,-149.0,-149.5,-153.5,-157.0,-157.0,-157.0,-156.0,-153.5,-156.5,-153.0,-155.5,-156.0,-157.0,-157.0,-156.0,-157.0,-157.0,-151.5,-150.5,-157.0,-157.0,-157.0,-157.0,-157.0,-153.5,-157.0,-153.5,-157.0,-156.0,-154.5,-157.0,-157.0,-157.0,-157.0,-156.0,-154.5,-155.0,-153.0,-157.0,-157.0,-156.0,-157.0,-157.0,-157.0,-157.0,-157.0,-153.5,-153.0,-157.0,-155.5,-151.0,-154.5,-155.0,-155.5,-157.0,-156.5,-157.0,-157.0,-157.0,-155.5,-157.0,-151.5,-152.5,-153.5,-153.5,-157.0,-157.0,-155.0,-157.0,-157.0,-155.0,-157.0,-156.0,-157.0,-157.0,-157.0,-157.0,-157.0,-156.0,-157.0,-155.0,-157.0,-155.5,-157.0,-157.0,-157.0,-157.0,-154.5,-146.0,-148.0,-157.0,-156.0,-156.5,-157.0,-157.0,-153.0,-153.5,-154.5,-151.5,-151.5,-156.0,-154.0,-156.0,-153.5,-152.0,-156.5,-156.5,-155.5,-153.5,-157.0,-155.5,-155.5,-157.0,-151.5,-152.5,-157.0,-157.0,-157.0,-157.0,-155.5,-157.0,-154.0,-156.0,-153.5,-154.0,-157.0,-157.0,-157.0,-156.5,-153.5,-157.0,-157.0,-157.0,-157.0,-157.0,-156.0,-157.0,-153.5,-155.0,-157.0,-155.0,-157.0,-157.0,-157.0,-152.0,-156.5,-154.5,-155.0,-157.0,-157.0,-157.0,-157.0,-155.0,-157.0,-154.0,-154.5,-157.0,-157.0,-157.0,-153.0,-152.0,-157.0,-157.0,-157.0,-157.0,-157.0,-157.0,-157.0,-150.5,-151.5,-154.5,-153.5,-157.0,-157.0,-157.0,-157.0,-157.0,-157.0,-157.0,-157.0,-154.0,-153.0,-156.0,-157.0,-157.0,-157.0,-157.0,-155.0,-157.0,-157.0,-156.0,-157.0,-153.0,-157.0,-154.5,-152.0,-155.0,-153.5,-157.0,-157.0,-154.0,-153.0,-157.0,-156.0,-157.0,-152.5,-152.0,-157.0,-157.0,-157.0,-157.0,-157.0,-155.0,-152.5,-157.0,-157.0,-156.0,-149.0,-150.5,-152.0,-156.5,-154.5,-157.0,-157.0,-154.0,-157.0,-154.5,-157.0,-156.5,-157.0,-155.5,-157.0,-155.5,-157.0,-157.0,-157.0,-156.0,-150.5,-152.0,-157.0,-155.0,-157.0,-157.0,-157.0,-157.0,-151.0,-156.5,-157.0,-157.0,-157.0,-157.0,-157.0,-154.5,-154.0,-157.0,-154.0,-149.0,-150.5,-156.5,-154.0,-157.0,-157.0,-157.0,-156.5,-154.5,-156.5,-155.0,-155.0,-156.5,-154.5,-157.0,-156.0,-157.0,-152.5,-154.5,-157.0,-151.5,-149.0,-155.5,-157.0,-157.0,-156.0,-155.0,-152.0,-154.0,-157.0,-157.0,-151.5,-152.0,-157.0,-157.0,-157.0,-153.5,-151.5,-152.0,-157.0,-157.0,-156.5,-154.5,-157.0,-156.5,-157.0,-157.0,-156.5,-157.0,-153.5,-152.5,-153.5,-156.0,-153.5,-155.0,-154.0,-154.5,-157.0,-157.0,-157.0,-157.0,-156.5,-157.0,-156.5,-157.0,-154.5,-152.5,-153.0,-157.0,-157.0,-157.0,-157.0,-155.5,-155.0,-152.0,-157.0,-157.0,-157.0,-156.0,-157.0,-155.5,-157.0,-153.5,-153.5,-157.0,-157.0,-155.5,-157.0,-151.0,-152.5,-154.0,-157.0,-157.0,-157.0,-155.5,-157.0,-157.0,-153.5,-151.5,-151.5,-157.0,-157.0,-157.0,-157.0,-153.5,-157.0,-153.5,-157.0,-157.0,-151.0,-151.5,-152.5,-157.0,-150.5,-150.5,-157.0,-153.5,-153.0,-157.0,-149.5,-149.0,-155.5,-157.0,-148.0,-146.5,-151.0,-148.5,-151.5,-150.0,-152.0,-157.0,-153.5,-153.5,-153.5,-157.0,-157.0,-157.0,-157.0,-157.0,-154.5,-157.0,-157.0,-156.5,-156.5,-156.5,-157.0,-157.0,-157.0,-156.5,-153.5,-153.5,-154.5,-157.0,-157.0,-157.0,-154.0,-157.0,-157.0,-156.0,-151.5,-151.0,-154.0,-156.0,-154.0,-155.5,-157.0,-157.0,-153.5,-156.0,-157.0,-157.0,-157.0,-157.0,-157.0,-154.5
2026-01-17 13:48:30.135,143.049967,5,-77,-157.0,-157.0,-157.0,-157.0,-157.0,-157.0,-156.5,-153.0,-154.5,-157.0,-152.5,-157.0,-157.0,-156.0,-157.0,-157.0,-156.5,-156.0,-156.5,-157.0,-157.0,-156.0,-155.5,-155.0,-157.0,-157.0,-154.0,-157.0,-156.0,-157.0,-157.0,-157.0,-157.0,-157.0,-152.5,-151.0,-155.0,-157.0,-156.0,-157.0,-152.5,-154.0,-157.0,-150.0,-150.0,-154.5,-157.0,-155.0,-153.5,-154.0,-157.0,-152.0,-154.5,-151.0,-156.0,-156.5,-157.0,-154.5,-157.0,-155.5,-152.5,-155.0,-156.5,-156.5,-157.0,-157.0,-154.0,-151.5,-150.0,-154.0,-151.0,-157.0,-152.0,-150.5,-157.0,-157.0,-157.0,-157.0,-155.5,-154.5,-153.0,-157.0,-157.0,-157.0,-157.0,-157.0,-157.0,-157.0,-157.0,-157.0,-154.5,-155.5,-157.0,-151.5,-149.5,-154.0,-152.5,-157.0,-157.0,-152.5,-154.0,-157.0,-154.5,-154.5,-155.5,-156.5,-157.0,-150.5,-150.5,-157.0,-157.0,-157.0,-157.0,-155.5,-156.0,-156.5,-155.0,-157.0,-157.0,-157.0,-157.0,-157.0,-154.5,-157.0,-154.0,-157.0,-153.0,-153.5,-155.0,-157.0,-156.5,-156.0,-148.5,-152.0,-157.0,-157.0,-157.0,-157.0,-157.0,-151.5,-153.5,-151.0,-151.5,-153.0,-156.0,-155.0,-157.0,-153.0,-149.0,-149.0,-156.5,-157.0,-153.5,-154.0,-157.0,-157.0,-156.0,-152.0,-150.0,-157.0,-157.0,-156.5,-157.0,-157.0,-157.0,-155.0,-157.0,-157.0,-157.0,-157.0,-157.0,-157.0,-157.0,-154.0,-155.0,-153.0,-157.0,-157.0,-157.0,-154.0,-155.0,-154.5,-155.5,-155.0,-154.5,-157.0,-157.0,-157.0,-154.0,-156.0,-157.0,-157.0,-156.5,-157.0,-156.0,-154.5,-154.5,-157.0,-157.0,-157.0,-157.0,-157.0,-157.0,-155.0,-157.0,-153.5,-155.0,-157.0,-157.0,-156.5,-157.0,-157.0,-151.5,-152.0,-153.0,-153.5,-157.0,-157.0,-157.0,-157.0,-155.5,-157.0,-157.0,-155.0,-157.0,-157.0,-157.0,-156.0,-157.0,-157.0,-157.0,-155.5,-157.0,-157.0,-156.0,-157.0,-153.5,-157.0,-155.5,-151.0,-151.5,-153.5,-155.0,-157.0,-153.5,-153.0,-156.5,-156.0,-157.0,-155.5,-156.0,-153.0,-156.0,-156.5,-157.0,-156.5,-157.0,-151.5,-152.5,-156.5,-157.0,-150.5,-155.0,-156.5,-156.0,-155.5,-157.0,-157.0,-154.5,-153.0,-151.0,-157.0,-154.5,-155.0,-156.5,-157.0,-157.0,-157.0,-156.0,-157.0,-152.0,-150.0,-151.0,-154.0,-156.5,-157.0,-157.0,-157.0,-157.0,-150.5,-157.0,-157.0,-154.5,-155.5,-157.0,-156.5,-155.0,-154.5,-156.5,-154.0,-151.0,-157.0,-157.0,-151.5,-154.0,-157.0,-153.0,-153.0,-156.0,-154.5,-151.0,-154.0,-150.0,-151.0,-154.5,-155.5,-156.0,-154.0,-156.0,-157.0,-155.5,-151.0,-157.0,-157.0,-157.0,-153.0,-155.0,-155.0,-157.0,-157.0,-157.0,-154.0,-154.0,-155.5,-154.5,-157.0,-157.0,-156.5,-156.5,-157.0,-157.0,-155.5,-155.0,-157.0,-157.0,-153.5,-152.0,-152.0,-155.5,-153.5,-157.0,-152.5,-151.5,-152.0,-157.0,-156.5,-153.5,-156.0,-156.0,-157.0,-157.0,-157.0,-155.0,-155.0,-157.0,-155.5,-152.0,-157.0,-157.0,-157.0,-157.0,-157.0,-157.0,-157.0,-153.0,-155.5,-157.0,-157.0,-157.0,-157.0,-157.0,-157.0,-157.0,-155.0,-156.0,-156.5,-156.0,-157.0,-154.5,-152.5,-152.0,-152.5,-157.0,-157.0,-154.0,-155.0,-156.0,-153.5,-153.0,-152.0,-157.0,-157.0,-157.0,-157.0,-152.0,-154.5,-155.5,-157.0,-157.0,-154.0,-156.5,-154.5,-157.0,-157.0,-152.5,-155.0,-157.0,-152.0,-151.5,-154.5,-153.5,-157.0,-157.0,-146.0,-146.5,-153.0,-149.0,-150.0,-147.5,-150.5,-155.5,-154.0,-157.0,-152.5,-153.5,-157.0,-156.0,-157.0,-157.0,-151.5,-156.0,-157.0,-155.5,-157.0,-152.0,-154.0,-157.0,-157.0,-156.5,-152.0,-152.5,-157.0,-157.0,-157.0,-153.5,-153.0,-157.0,-156.0,-157.0,-157.0,-157.0,-157.0,-155.5,-155.0,-157.0,-155.0,-154.0,-153.5,-157.0,-157.0,-157.0,-157.0,-157.0,-157.0,-153.5
2026-01-17 13:48:30.169,143.049967,5,-77,-157.0,-157.0,-157.0,-155.5,-157.0,-157.0,-157.0,-153.5,-153.5,-157.0,-152.5,-155.0,-157.0,-157.0,-157.0,-157.0,-157.0,-153.0,-157.0,-157.0,-157.0,-157.0,-153.0,-152.5,-157.0,-157.0,-156.5,-154.5,-155.5,-157.0,-157.0,-157.0,-157.0,-157.0,-157.0,-157.0,-157.0,-157.0,-157.0,-156.5,-152.5,-155.0,-157.0,-155.0,-157.0,-157.0,-157.0,-157.0,-157.0,-157.0,-157.0,-151.5,-157.0,-151.0,-157.0,-154.0,-154.0,-152.0,-153.5,-155.0,-151.5,-155.5,-157.0,-154.5,-157.0,-154.5,-153.0,-152.5,-149.5,-154.5,-151.0,-157.0,-154.5,-151.5,-157.0,-157.0,-157.0,-156.0,-152.0,-150.0,-151.5,-155.5,-157.0,-157.0,-153.5,-153.5,-155.0,-157.0,-157.0,-155.0,-155.0,-157.0,-157.0,-152.0,-149.0,-154.0,-152.0,-153.0,-157.0,-151.0,-150.5,-156.0,-153.5,-157.0,-155.5,-157.0,-157.0,-150.0,-151.5,-157.0,-156.0,-157.0,-157.0,-155.5,-157.0,-154.5,-157.0,-157.0,-157.0,-157.0,-157.0,-157.0,-151.0,-156.5,-153.0,-156.5,-152.5,-157.0,-157.0,-157.0,-154.5,-157.0,-154.0,-156.0,-156.5,-157.0,-157.0,-157.0,-157.0,-149.0,-149.0,-152.5,-152.5,-153.0,-155.0,-157.0,-157.0,-157.0,-153.5,-148.0,-157.0,-157.0,-151.5,-151.0,-157.0,-157.0,-155.0,-154.0,-151.5,-157.0,-155.5,-155.0,-152.0,-155.5,-154.5,-152.0,-157.0,-156.0,-157.0,-156.5,-157.0,-157.0,-157.0,-154.0,-155.0,-153.5,-155.0,-157.0,-152.5,-154.0,-157.0,-153.5,-152.5,-155.0,-156.0,-156.5,-157.0,-156.5,-153.5,-157.0,-157.0,-155.0,-155.5,-157.0,-157.0,-155.0,-157.0,-157.0,-157.0,-157.0,-157.0,-157.0,-157.0,-157.0,-157.0,-156.0,-156.0,-157.0,-157.0,-157.0,-157.0,-157.0,-151.0,-151.0,-152.0,-156.5,-157.0,-157.0,-157.0,-155.0,-151.5,-157.0,-157.0,-154.0,-156.0,-157.0,-157.0,-155.0,-156.5,-157.0,-157.0,-157.0,-156.5,-156.5,-153.5,-154.0,-155.5,-157.0,-151.0,-157.0,-156.0,-157.0,-156.0,-156.5,-152.5,-156.5,-156.0,-157.0,-156.0,-156.0,-156.5,-152.5,-152.0,-157.0,-157.0,-152.5,-152.0,-154.5,-156.0,-157.0,-157.0,-153.0,-157.0,-153.5,-156.0,-157.0,-157.0,-157.0,-155.5,-151.0,-149.5,-157.0,-157.0,-156.0,-157.0,-157.0,-155.5,-154.0,-152.5,-153.5,-151.0,-155.0,-153.5,-155.0,-157.0,-157.0,-157.0,-157.0,-157.0,-151.0,-157.0,-157.0,-156.5,-157.0,-157.0,-155.5,-157.0,-157.0,-154.0,-156.0,-151.5,-157.0,-156.5,-153.0,-153.5,-156.0,-151.0,-156.5,-156.0,-153.0,-151.5,-150.0,-148.5,-156.0,-155.0,-157.0,-154.0,-154.5,-156.0,-157.0,-157.0,-155.0,-157.0,-157.0,-157.0,-151.0,-151.5,-151.5,-157.0,-157.0,-157.0,-157.0,-157.0,-151.5,-151.0,-153.5,-157.0,-153.5,-154.5,-157.0,-157.0,-157.0,-157.0,-157.0,-156.0,-152.5,-151.0,-153.0,-157.0,-156.5,-157.0,-157.0,-153.0,-152.5,-157.0,-157.0,-154.0,-151.0,-151.5,-156.0,-155.5,-155.5,-153.0,-153.5,-151.5,-155.5,-152.5,-154.5,-157.0,-157.0,-157.0,-157.0,-156.0,-156.0,-153.0,-155.0,-157.0,-157.0,-157.0,-157.0,-157.0,-156.5,-157.0,-153.5,-151.5,-153.0,-157.0,-157.0,-157.0,-154.0,-157.0,-151.0,-157.0,-157.0,-155.0,-157.0,-155.5,-152.5,-154.5,-154.0,-157.0,-157.0,-157.0,-157.0,-154.0,-153.5,-156.0,-157.0,-157.0,-154.5,-157.0,-155.0,-157.0,-157.0,-156.0,-155.0,-157.0,-152.5,-151.5,-153.5,-157.0,-157.0,-156.5,-144.5,-146.0,-156.0,-156.5,-154.5,-149.0,-151.0,-154.5,-154.0,-157.0,-154.0,-152.0,-156.0,-157.0,-157.0,-153.5,-151.5,-155.5,-153.5,-153.0,-157.0,-150.5,-151.0,-157.0,-155.0,-155.0,-156.5,-157.0,-157.0,-157.0,-157.0,-152.5,-153.5,-153.0,-150.5,-152.0,-156.0,-157.0,-157.0,-156.0,-157.0,-157.0,-154.5,-153.5,-152.5,-157.0,-155.5,-157.0,-155.5,-157.0,-155.0,-157.0
2026-01-17 13:48:30.202,143.049967,5,-77,-157.0,-157.0,-157.0,-156.0,-154.5,-154.5,-155.0,-157.0,-157.0,-157.0,-156.5,-157.0,-157.0,-157.0,-156.5,-153.5,-154.5,-151.0,-156.5,-156.5,-157.0,-157.0,-151.0,-150.5,-157.0,-155.5,-155.0,-153.5,-157.0,-157.0,-154.0,-157.0,-156.5,-157.0,-157.0,-157.0,-157.0,-156.5,-157.0,-157.0,-157.0,-157.0,-157.0,-154.0,-154.5,-154.0,-155.0,-157.0,-157.0,-157.0,-157.0,-151.0,-153.0,-151.5,-153.5,-153.0,-150.5,-151.5,-155.0,-152.5,-150.5,-157.0,-154.0,-152.5,-157.0,-157.0,-154.5,-157.0,-155.0,-157.0,-152.5,-156.0,-156.5,-157.0,-157.0,-157.0,-157.0,-152.5,-148.5,-146.5,-153.0,-155.5,-154.0,-157.0,-154.0,-155.0,-154.5,-156.5,-157.0,-155.5,-156.0,-157.0,-157.0,-155.5,-151.0,-152.5,-150.5,-153.0,-156.5,-154.0,-153.0,-155.5,-154.5,-157.0,-155.0,-153.5,-156.0,-153.0,-154.0,-157.0,-152.5,-153.0,-153.5,-152.5,-157.0,-155.5,-157.0,-156.0,-157.0,-157.0,-157.0,-153.5,-148.0,-149.0,-149.5,-157.0,-154.0,-157.0,-157.0,-157.0,-157.0,-153.0,-154.0,-152.5,-152.0,-151.5,-152.0,-154.0,-156.5,-149.0,-151.5,-157.0,-153.5,-154.0,-154.5,-157.0,-157.0,-156.0,-157.0,-148.5,-154.0,-157.0,-151.5,-150.5,-154.5,-155.5,-154.5,-157.0,-156.0,-153.0,-155.0,-154.5,-148.5,-150.5,-156.0,-151.5,-153.0,-151.5,-154.5,-157.0,-156.5,-157.0,-157.0,-151.5,-153.0,-157.0,-153.5,-153.0,-153.0,-157.0,-157.0,-153.0,-149.5,-152.5,-157.0,-156.0,-156.0,-154.0,-152.5,-153.0,-157.0,-155.0,-157.0,-157.0,-157.0,-157.0,-157.0,-157.0,-157.0,-157.0,-157.0,-157.0,-157.0,-157.0,-157.0,-157.0,-157.0,-157.0,-157.0,-155.5,-154.5,-153.5,-151.0,-151.5,-154.0,-157.0,-157.0,-157.0,-156.0,-156.0,-152.5,-157.0,-157.0,-156.5,-157.0,-157.0,-157.0,-155.5,-157.0,-157.0,-157.0,-157.0,-157.0,-153.5,-156.5,-153.0,-156.0,-152.5,-148.0,-156.0,-157.0,-157.0,-154.5,-153.0,-152.5,-155.5,-156.5,-155.0,-154.0,-155.5,-157.0,-157.0,-153.5,-157.0,-154.0,-152.5,-153.0,-154.5,-156.5,-154.5,-157.0,-154.0,-156.0,-151.0,-152.5,-157.0,-157.0,-156.5,-157.0,-157.0,-152.5,-154.5,-155.0,-155.5,-156.0,-157.0,-156.5,-157.0,-157.0,-154.0,-155.5,-156.0,-155.0,-156.5,-152.5,-154.5,-156.0,-157.0,-157.0,-154.0,-156.0,-157.0,-157.0,-157.0,-157.0,-156.0,-157.0,-157.0,-156.0,-150.0,-149.5,-155.5,-157.0,-157.0,-152.0,-149.5,-149.5,-153.0,-157.0,-157.0,-157.0,-151.0,-149.5,-157.0,-157.0,-157.0,-157.0,-155.0,-157.0,-157.0,-156.5,-157.0,-155.0,-153.5,-154.5,-152.0,-150.5,-149.0,-154.0,-155.5,-153.5,-157.0,-157.0,-152.0,-154.0,-157.0,-154.5,-147.5,-148.5,-156.5,-157.0,-154.5,-157.0,-157.0,-155.0,-157.0,-157.0,-157.0,-157.0,-157.0,-157.0,-157.0,-157.0,-157.0,-157.0,-157.0,-157.0,-153.0,-154.5,-157.0,-156.0,-155.5,-152.0,-152.0,-152.0,-157.0,-156.0,-157.0,-157.0,-157.0,-157.0,-157.0,-153.0,-151.5,-151.0,-157.0,-157.0,-157.0,-157.0,-157.0,-152.0,-152.5,-157.0,-157.0,-153.0,-156.5,-157.0,-155.5,-155.0,-153.5,-154.0,-152.0,-156.5,-157.0,-156.0,-157.0,-153.5,-152.0,-152.5,-155.5,-157.0,-155.0,-155.5,-157.0,-156.0,-154.5,-157.0,-157.0,-157.0,-155.5,-157.0,-155.5,-157.0,-157.0,-157.0,-157.0,-157.0,-155.5,-157.0,-155.5,-157.0,-154.0,-154.5,-144.5,-146.0,-151.0,-157.0,-157.0,-153.0,-157.0,-157.0,-155.5,-157.0,-157.0,-155.0,-157.0,-157.0,-157.0,-154.5,-155.0,-157.0,-151.0,-152.5,-157.0,-153.0,-151.5,-157.0,-153.5,-154.5,-157.0,-157.0,-157.0,-157.0,-156.0,-157.0,-157.0,-151.0,-151.0,-154.5,-156.5,-157.0,-157.0,-156.5,-157.0,-155.5,-154.5,-157.0,-154.5,-156.5,-156.5,-157.0,-156.0,-157.0,-157.0,-157.0
2026-01-17 13:48:30.235,143.049967,5,-77,-157.0,-157.0,-157.0,-157.0,-154.0,-154.5,-151.5,-154.5,-157.0,-156.5,-157.0,-157.0,-155.0,-155.5,-157.0,-154.0,-152.0,-151.0,-157.0,-155.5,-156.5,-157.0,-152.5,-152.5,-157.0,-153.5,-155.5,-155.0,-157.0,-153.5,-150.0,-154.0,-157.0,-157.0,-157.0,-157.0,-155.5,-155.5,-157.0,-157.0,-157.0,-155.5,-151.0,-152.5,-154.5,-154.0,-155.5,-154.5,-155.0,-157.0,-157.0,-153.5,-152.0,-155.5,-156.0,-156.0,-155.5,-155.0,-157.0,-154.5,-151.5,-157.0,-155.0,-156.5,-157.0,-157.0,-157.0,-155.5,-155.5,-156.5,-153.0,-156.0,-154.5,-157.0,-157.0,-157.0,-157.0,-152.0,-150.0,-147.5,-149.0,-148.5,-148.0,-153.0,-155.0,-157.0,-153.5,-157.0,-157.0,-157.0,-157.0,-156.5,-157.0,-157.0,-154.0,-154.5,-151.5,-157.0,-157.0,-155.0,-157.0,-157.0,-157.0,-156.5,-151.5,-150.5,-155.5,-153.5,-154.5,-153.0,-152.0,-151.0,-153.5,-152.0,-157.0,-157.0,-157.0,-151.5,-153.0,-157.0,-156.0,-154.5,-152.0,-149.5,-149.5,-157.0,-154.5,-157.0,-157.0,-157.0,-157.0,-157.0,-152.5,-155.0,-154.5,-151.5,-149.5,-152.0,-152.5,-151.0,-154.5,-157.0,-154.0,-157.0,-155.0,-156.0,-156.0,-152.5,-151.5,-151.0,-154.5,-157.0,-155.0,-157.0,-157.0,-157.0,-157.0,-157.0,-157.0,-157.0,-157.0,-152.5,-150.0,-151.0,-155.0,-153.5,-151.0,-149.0,-149.5,-157.0,-156.0,-157.0,-157.0,-153.0,-154.5,-157.0,-157.0,-154.5,-156.0,-157.0,-154.0,-153.5,-151.0,-151.0,-157.0,-153.5,-152.5,-156.5,-153.5,-151.0,-153.0,-154.0,-157.0,-157.0,-157.0,-157.0,-157.0,-157.0,-157.0,-157.0,-157.0,-157.0,-154.5,-157.0,-157.0,-157.0,-157.0,-153.0,-153.0,-151.5,-153.0,-153.0,-152.0,-154.5,-154.0,-154.5,-157.0,-157.0,-154.5,-157.0,-154.5,-157.0,-157.0,-157.0,-157.0,-157.0,-157.0,-157.0,-157.0,-157.0,-157.0,-156.5,-157.0,-152.5,-155.0,-155.5,-155.0,-157.0,-149.5,-151.0,-157.0,-152.5,-150.0,-148.5,-148.5,-153.0,-149.5,-149.5,-152.0,-157.0,-154.0,-156.5,-153.0,-154.0,-152.0,-153.0,-157.0,-155.0,-155.0,-153.5,-157.0,-157.0,-153.5,-152.0,-152.5,-157.0,-157.0,-157.0,-156.0,-155.5,-155.0,-151.5,-150.5,-155.5,-157.0,-157.0,-157.0,-157.0,-157.0,-156.0,-157.0,-157.0,-155.5,-157.0,-150.5,-156.0,-157.0,-157.0,-157.0,-153.5,-152.0,-157.0,-157.0,-157.0,-157.0,-157.0,-157.0,-157.0,-157.0,-152.5,-151.0,-153.0,-157.0,-157.0,-152.5,-150.5,-151.0,-149.5,-157.0,-157.0,-157.0,-157.0,-154.5,-157.0,-156.5,-157.0,-157.0,-156.5,-157.0,-157.0,-157.0,-157.0,-157.0,-154.5,-152.5,-153.0,-152.5,-151.5,-157.0,-156.5,-152.0,-155.0,-155.0,-155.0,-157.0,-157.0,-157.0,-147.0,-148.0,-152.5,-151.5,-150.5,-157.0,-157.0,-155.0,-156.0,-157.0,-157.0,-157.0,-157.0,-157.0,-157.0,-157.0,-157.0,-155.0,-156.5,-157.0,-157.0,-157.0,-157.0,-157.0,-157.0,-153.0,-152.0,-152.5,-156.5,-157.0,-155.5,-157.0,-157.0,-156.5,-157.0,-155.5,-157.0,-152.5,-157.0,-157.0,-157.0,-157.0,-157.0,-150.0,-151.5,-157.0,-157.0,-157.0,-157.0,-156.5,-156.5,-157.0,-156.0,-157.0,-156.0,-151.5,-154.0,-151.5,-152.0,-154.5,-157.0,-152.0,-153.0,-157.0,-154.0,-155.5,-157.0,-155.5,-153.5,-157.0,-156.0,-157.0,-154.0,-155.5,-156.5,-157.0,-154.5,-154.5,-157.0,-157.0,-156.0,-157.0,-157.0,-157.0,-151.5,-153.0,-147.0,-153.0,-151.0,-157.0,-157.0,-154.0,-157.0,-157.0,-155.0,-157.0,-155.0,-153.0,-157.0,-157.0,-157.0,-156.0,-156.0,-156.5,-153.5,-155.0,-157.0,-157.0,-153.5,-157.0,-152.5,-153.5,-157.0,-157.0,-157.0,-157.0,-153.0,-155.0,-157.0,-154.0,-157.0,-157.0,-157.0,-157.0,-154.5,-154.5,-153.5,-157.0,-157.0,-155.0,-157.0,-155.0,-157.0,-157.0,-155.5,-155.0,-157.0,-157.0
2026-01-17 13:48:30.270,143.049967,5,-77,-157.0,-157.0,-155.0,-157.0,-157.0,-156.0,-153.5,-155.5,-156.0,-153.5,-153.5,-157.0,-155.0,-157.0,-157.0,-154.5,-157.0,-156.0,-157.0,-151.5,-151.5,-157.0,-156.5,-157.0,-157.0,-153.5,-156.5,-152.5,-153.0,-155.5,-150.0,-157.0,-157.0,-157.0,-153.5,-155.0,-155.0,-153.5,-153.0,-155.5,-157.0,-154.0,-151.0,-157.0,-157.0,-157.0,-157.0,-153.0,-152.0,-156.5,-152.0,-153.0,-157.0,-157.0,-156.0,-153.0,-157.0,-157.0,-153.0,-155.5,-155.0,-157.0,-157.0,-157.0,-156.5,-155.0,-157.0,-151.5,-154.5,-153.0,-155.5,-157.0,-155.0,-156.5,-157.0,-156.0,-156.0,-151.0,-153.5,-153.5,-150.0,-148.0,-148.5,-152.5,-156.0,-152.5,-152.5,-156.0,-157.0,-157.0,-157.0,-155.0,-157.0,-157.0,-155.5,-155.5,-152.0,-157.0,-157.0,-157.0,-156.5,-157.0,-157.0,-155.0,-153.0,-151.0,-156.0,-155.5,-153.5,-153.0,-154.5,-152.0,-155.5,-151.0,-153.0,-157.0,-157.0,-150.5,-149.5,-157.0,-154.5,-157.0,-157.0,-152.5,-154.0,-156.5,-153.5,-157.0,-157.0,-157.0,-154.0,-155.0,-153.0,-157.0,-155.5,-157.0,-152.0,-155.5,-156.5,-153.5,-151.0,-157.0,-152.0,-157.0,-154.5,-154.0,-157.0,-157.0,-152.5,-154.5,-157.0,-157.0,-153.5,-155.0,-157.0,-157.0,-155.0,-152.5,-152.0,-157.0,-157.0,-157.0,-153.5,-153.0,-155.0,-157.0,-154.5,-152.0,-151.5,-157.0,-157.0,-157.0,-157.0,-157.0,-155.0,-157.0,-157.0,-154.0,-157.0,-156.0,-153.0,-151.0,-157.0,-150.5,-153.5,-154.5,-150.5,-153.0,-153.0,-154.5,-155.5,-157.0,-156.5,-157.0,-156.5,-157.0,-157.0,-157.0,-157.0,-157.0,-157.0,-157.0,-155.0,-156.5,-157.0,-156.5,-157.0,-152.0,-152.0,-152.0,-153.0,-157.0,-157.0,-157.0,-157.0,-154.5,-157.0,-157.0,-153.5,-152.5,-154.0,-157.0,-156.5,-157.0,-157.0,-157.0,-157.0,-157.0,-157.0,-157.0,-157.0,-157.0,-155.5,-151.5,-154.5,-155.5,-156.0,-149.0,-148.0,-147.0,-148.5,-145.0,-141.0,-141.5,-144.5,-146.0,-148.0,-148.0,-148.5,-149.0,-155.0,-154.5,-157.0,-150.5,-152.0,-153.5,-157.0,-155.5,-154.5,-156.5,-157.0,-156.0,-149.5,-151.5,-155.5,-157.0,-155.5,-156.0,-150.0,-151.0,-156.0,-153.5,-154.0,-154.5,-157.0,-157.0,-157.0,-157.0,-155.0,-155.5,-157.0,-157.0,-156.0,-156.0,-150.0,-152.5,-157.0,-157.0,-157.0,-151.0,-150.0,-157.0,-157.0,-157.0,-157.0,-157.0,-157.0,-155.5,-157.0,-152.0,-151.5,-154.5,-157.0,-153.0,-153.5,-153.5,-149.5,-147.5,-157.0,-157.0,-156.5,-157.0,-157.0,-154.0,-153.5,-157.0,-157.0,-157.0,-156.0,-157.0,-157.0,-157.0,-157.0,-157.0,-157.0,-157.0,-157.0,-156.0,-157.0,-157.0,-153.0,-157.0,-154.5,-157.0,-156.5,-157.0,-155.5,-150.5,-154.5,-156.0,-151.5,-151.0,-157.0,-157.0,-152.0,-154.0,-157.0,-157.0,-157.0,-155.0,-157.0,-154.5,-157.0,-155.5,-153.5,-157.0,-157.0,-157.0,-157.0,-157.0,-157.0,-157.0,-157.0,-155.0,-154.0,-154.0,-157.0,-150.5,-153.0,-157.0,-157.0,-157.0,-157.0,-157.0,-156.0,-156.5,-153.5,-157.0,-157.0,-157.0,-154.0,-154.5,-157.0,-155.5,-157.0,-157.0,-157.0,-157.0,-157.0,-157.0,-157.0,-154.0,-151.5,-154.5,-154.0,-149.5,-150.5,-152.5,-152.0,-152.0,-157.0,-153.0,-155.0,-157.0,-155.5,-156.5,-150.5,-150.5,-157.0,-157.0,-153.5,-157.0,-157.0,-155.0,-156.0,-157.0,-157.0,-156.0,-157.0,-157.0,-157.0,-150.5,-150.5,-147.5,-156.0,-154.0,-157.0,-155.0,-157.0,-157.0,-157.0,-156.0,-157.0,-157.0,-153.0,-154.0,-157.0,-157.0,-155.5,-153.5,-155.5,-157.0,-157.0,-153.5,-151.5,-151.0,-157.0,-154.5,-155.0,-157.0,-157.0,-157.0,-157.0,-152.0,-156.0,-152.5,-153.0,-157.0,-157.0,-157.0,-157.0,-152.5,-154.0,-153.0,-153.0,-156.0,-157.0,-154.5,-155.0,-157.0,-156.0,-156.0,-152.0,-157.0,-157.0
2026-01-17 13:48:30.302,143.049967,5,-77,-157.0,-157.0,-151.0,-154.0,-157.0,-155.0,-157.0,-157.0,-157.0,-153.5,-154.5,-156.0,-154.0,-157.0,-157.0,-154.0,-155.0,-157.0,-157.0,-150.0,-151.0,-157.0,-155.0,-156.5,-157.0,-157.0,-157.0,-154.0,-157.0,-153.5,-152.5,-157.0,-156.5,-155.0,-152.0,-154.0,-156.0,-157.0,-154.0,-156.0,-157.0,-157.0,-155.0,-157.0,-157.0,-157.0,-155.5,-154.5,-155.5,-157.0,-149.0,-150.0,-155.5,-155.5,-157.0,-151.0,-151.5,-155.0,-151.0,-152.5,-154.0,-155.0,-155.5,-157.0,-153.0,-153.5,-157.0,-152.0,-156.0,-153.5,-157.0,-157.0,-157.0,-157.0,-157.0,-155.5,-157.0,-150.0,-155.0,-157.0,-156.0,-155.5,-157.0,-157.0,-157.0,-150.5,-151.0,-154.5,-157.0,-157.0,-157.0,-157.0,-157.0,-157.0,-156.0,-155.0,-152.0,-157.0,-156.5,-157.0,-157.0,-156.0,-157.0,-157.0,-157.0,-152.0,-155.5,-157.0,-157.0,-157.0,-157.0,-157.0,-154.5,-149.5,-151.5,-157.0,-156.5,-153.5,-153.0,-153.5,-153.0,-154.5,-157.0,-152.5,-156.5,-157.0,-153.0,-157.0,-157.0,-157.0,-153.0,-150.5,-157.0,-157.0,-155.5,-157.0,-154.5,-157.0,-157.0,-155.5,-152.5,-154.5,-151.0,-157.0,-157.0,-154.0,-157.0,-157.0,-157.0,-153.5,-155.0,-157.0,-149.5,-150.0,-157.0,-156.0,-152.5,-155.0,-150.5,-153.5,-157.0,-157.0,-156.5,-155.0,-157.0,-157.0,-157.0,-157.0,-152.5,-157.0,-157.0,-157.0,-157.0,-153.5,-154.5,-157.0,-155.0,-156.5,-157.0,-155.0,-153.5,-154.5,-151.5,-150.0,-152.0,-155.5,-153.0,-157.0,-152.5,-157.0,-156.0,-157.0,-157.0,-157.0,-156.5,-157.0,-157.0,-157.0,-157.0,-157.0,-155.0,-152.0,-155.0,-157.0,-157.0,-157.0,-157.0,-157.0,-153.0,-153.5,-157.0,-157.0,-157.0,-157.0,-157.0,-156.5,-156.5,-155.0,-154.5,-151.0,-154.5,-156.5,-155.5,-157.0,-157.0,-155.5,-157.0,-157.0,-155.0,-157.0,-157.0,-157.0,-156.5,-149.5,-150.5,-154.5,-157.0,-148.0,-148.0,-148.0,-146.5,-146.0,-139.5,-141.0,-147.5,-148.5,-154.0,-153.0,-152.0,-148.0,-152.0,-157.0,-157.0,-150.0,-151.5,-154.0,-156.0,-157.0,-157.0,-157.0,-157.0,-152.5,-149.5,-152.5,-156.0,-157.0,-152.5,-153.5,-149.0,-152.5,-157.0,-157.0,-157.0,-152.0,-155.5,-157.0,-157.0,-152.0,-153.0,-157.0,-157.0,-157.0,-157.0,-156.0,-152.5,-150.5,-153.0,-151.5,-156.0,-155.5,-154.0,-156.5,-156.5,-157.0,-157.0,-157.0,-157.0,-154.0,-155.5,-150.0,-151.0,-157.0,-157.0,-151.0,-151.0,-152.5,-151.0,-149.0,-150.5,-151.0,-157.0,-156.5,-157.0,-154.0,-153.0,-153.0,-157.0,-157.0,-155.0,-157.0,-157.0,-157.0,-156.5,-157.0,-155.5,-157.0,-157.0,-157.0,-155.5,-157.0,-156.0,-155.0,-156.5,-155.5,-154.5,-153.0,-151.5,-153.0,-157.0,-157.0,-153.0,-154.0,-154.0,-153.0,-152.0,-156.5,-157.0,-157.0,-153.0,-157.0,-157.0,-151.5,-153.0,-157.0,-153.0,-157.0,-157.0,-157.0,-157.0,-157.0,-157.0,-155.0,-157.0,-155.5,-157.0,-156.0,-154.5,-151.0,-154.0,-157.0,-157.0,-157.0,-157.0,-157.0,-156.0,-153.5,-155.0,-154.0,-157.0,-157.0,-157.0,-157.0,-157.0,-157.0,-153.5,-157.0,-157.0,-157.0,-157.0,-157.0,-157.0,-151.0,-152.5,-157.0,-157.0,-154.0,-150.0,-150.5,-157.0,-156.0,-157.0,-154.0,-155.0,-157.0,-153.0,-154.0,-150.0,-148.0,-156.5,-157.0,-154.5,-157.0,-157.0,-157.0,-157.0,-157.0,-157.0,-157.0,-157.0,-156.5,-157.0,-154.0,-145.5,-146.5,-157.0,-157.0,-157.0,-155.0,-157.0,-154.5,-157.0,-157.0,-157.0,-157.0,-155.5,-156.5,-157.0,-157.0,-154.0,-152.5,-157.0,-157.0,-157.0,-154.0,-149.5,-150.5,-157.0,-157.0,-157.0,-157.0,-157.0,-157.0,-157.0,-152.0,-157.0,-155.0,-157.0,-157.0,-157.0,-157.0,-157.0,-154.0,-157.0,-153.5,-149.5,-151.0,-157.0,-156.5,-157.0,-157.0,-156.5,-157.0,-151.0,-156.5,-156.0
2026-01-17 13:48:30.337,143.049967,5,-77,-157.0,-157.0,-151.5,-153.0,-157.0,-155.5,-157.0,-157.0,-157.0,-156.0,-157.0,-154.0,-153.5,-157.0,-155.5,-153.5,-153.5,-152.5,-157.0,-152.5,-154.5,-157.0,-154.5,-155.5,-154.5,-157.0,-157.0,-155.0,-157.0,-156.0,-157.0,-154.0,-152.5,-153.0,-152.5,-157.0,-157.0,-157.0,-157.0,-157.0,-157.0,-157.0,-157.0,-157.0,-154.0,-154.5,-153.5,-152.5,-157.0,-155.5,-151.5,-152.5,-155.5,-154.0,-157.0,-152.5,-152.5,-150.0,-152.5,-150.5,-153.5,-153.0,-152.5,-157.0,-152.0,-150.5,-156.5,-153.0,-155.0,-153.5,-157.0,-157.0,-157.0,-157.0,-156.5,-155.5,-155.0,-150.5,-156.0,-153.0,-153.5,-157.0,-157.0,-157.0,-157.0,-153.0,-153.5,-156.5,-157.0,-157.0,-157.0,-157.0,-157.0,-157.0,-157.0,-156.0,-154.0,-156.0,-157.0,-157.0,-157.0,-157.0,-157.0,-157.0,-157.0,-152.5,-152.5,-155.0,-157.0,-157.0,-157.0,-157.0,-157.0,-152.5,-156.0,-151.5,-153.0,-157.0,-157.0,-156.5,-156.0,-157.0,-157.0,-153.0,-157.0,-157.0,-151.0,-150.5,-155.0,-157.0,-156.5,-151.0,-157.0,-156.5,-157.0,-156.0,-155.5,-157.0,-157.0,-157.0,-157.0,-153.5,-154.0,-157.0,-154.0,-149.5,-152.5,-157.0,-157.0,-152.0,-153.5,-157.0,-149.5,-152.5,-157.0,-157.0,-155.0,-154.5,-152.0,-155.0,-157.0,-157.0,-157.0,-156.5,-157.0,-157.0,-157.0,-157.0,-151.5,-153.0,-156.0,-157.0,-157.0,-150.5,-156.0,-157.0,-154.5,-155.0,-153.5,-156.5,-155.5,-157.0,-153.0,-154.5,-156.5,-157.0,-157.0,-157.0,-150.0,-153.5,-151.5,-157.0,-157.0,-157.0,-156.0,-157.0,-157.0,-157.0,-157.0,-156.5,-154.5,-151.0,-152.0,-157.0,-157.0,-157.0,-157.0,-154.5,-156.5,-153.0,-153.5,-155.0,-155.0,-157.0,-157.0,-157.0,-157.0,-155.5,-157.0,-151.0,-152.0,-157.0,-155.5,-157.0,-156.0,-154.5,-157.0,-157.0,-155.5,-157.0,-157.0,-157.0,-157.0,-152.0,-152.5,-157.0,-157.0,-156.0,-156.0,-152.5,-149.5,-152.0,-144.5,-146.5,-157.0,-157.0,-156.5,-156.0,-157.0,-149.0,-148.5,-157.0,-157.0,-152.5,-151.0,-152.0,-152.5,-157.0,-157.0,-157.0,-156.0,-155.5,-153.5,-157.0,-155.0,-157.0,-155.0,-157.0,-151.5,-153.0,-157.0,-157.0,-153.0,-149.5,-151.5,-157.0,-155.5,-152.0,-157.0,-157.0,-154.5,-156.5,-157.0,-157.0,-155.0,-153.0,-150.0,-149.0,-156.5,-157.0,-157.0,-157.0,-156.5,-157.0,-157.0,-157.0,-157.0,-155.5,-152.5,-156.5,-156.0,-157.0,-157.0,-153.5,-155.5,-153.0,-156.5,-155.0,-153.0,-153.5,-157.0,-155.0,-157.0,-157.0,-157.0,-152.5,-157.0,-155.5,-154.5,-156.0,-157.0,-157.0,-155.0,-157.0,-152.5,-155.0,-157.0,-157.0,-155.5,-157.0,-157.0,-157.0,-155.0,-151.0,-153.5,-155.0,-152.5,-154.5,-157.0,-157.0,-157.0,-157.0,-155.5,-154.0,-155.5,-157.0,-157.0,-157.0,-152.0,-157.0,-157.0,-154.0,-156.5,-157.0,-153.0,-157.0,-157.0,-156.5,-154.0,-155.5,-155.5,-155.0,-157.0,-157.0,-157.0,-157.0,-153.5,-153.0,-157.0,-157.0,-157.0,-157.0,-157.0,-157.0,-153.5,-152.5,-157.0,-157.0,-157.0,-157.0,-156.5,-156.0,-157.0,-157.0,-154.5,-152.0,-156.5,-157.0,-157.0,-157.0,-157.0,-154.0,-155.0,-157.0,-157.0,-157.0,-157.0,-155.0,-157.0,-157.0,-156.0,-157.0,-155.5,-156.0,-154.0,-152.0,-153.5,-150.5,-157.0,-154.0,-154.0,-156.5,-157.0,-157.0,-157.0,-157.0,-157.0,-157.0,-151.0,-152.0,-157.0,-157.0,-145.0,-147.0,-157.0,-157.0,-157.0,-157.0,-153.5,-152.5,-156.0,-157.0,-157.0,-157.0,-156.0,-157.0,-157.0,-157.0,-157.0,-153.5,-157.0,-156.0,-155.0,-157.0,-154.5,-157.0,-157.0,-157.0,-157.0,-157.0,-157.0,-155.5,-155.5,-151.5,-153.5,-157.0,-157.0,-157.0,-157.0,-157.0,-157.0,-155.0,-157.0,-157.0,-154.0,-156.5,-157.0,-157.0,-157.0,-157.0,-157.0,-154.0,-151.0,-156.5,-153.5
2026-01-17 13:48:30.370,143.049967,5,-77,-157.0,-157.0,-157.0,-157.0,-157.0,-154.0,-155.5,-154.5,-153.5,-157.0,-157.0,-152.5,-151.0,-153.5,-157.0,-154.0,-152.5,-151.5,-155.5,-156.0,-157.0,-157.0,-154.5,-156.5,-157.0,-157.0,-157.0,-154.0,-154.0,-154.5,-156.0,-155.5,-153.0,-157.0,-157.0,-156.5,-157.0,-157.0,-157.0,-157.0,-157.0,-157.0,-157.0,-157.0,-152.0,-150.5,-157.0,-151.5,-156.5,-154.5,-155.5,-157.0,-157.0,-157.0,-157.0,-151.5,-151.0,-151.0,-154.0,-152.0,-156.0,-155.5,-150.5,-154.0,-157.0,-152.0,-152.0,-156.0,-152.5,-155.0,-157.0,-154.0,-157.0,-154.0,-157.0,-157.0,-152.0,-151.5,-157.0,-154.5,-155.0,-157.0,-157.0,-157.0,-154.0,-154.5,-157.0,-157.0,-157.0,-157.0,-157.0,-157.0,-157.0,-157.0,-157.0,-157.0,-153.5,-157.0,-157.0,-157.0,-157.0,-156.5,-157.0,-157.0,-157.0,-153.5,-151.0,-151.5,-157.0,-157.0,-157.0,-157.0,-157.0,-155.0,-152.5,-152.5,-157.0,-154.5,-153.0,-157.0,-157.0,-157.0,-156.0,-155.0,-154.5,-157.0,-149.5,-150.5,-156.5,-157.0,-157.0,-150.5,-155.0,-153.0,-157.0,-157.0,-157.0,-154.5,-157.0,-157.0,-157.0,-157.0,-157.0,-157.0,-155.5,-148.0,-151.5,-157.0,-157.0,-154.5,-157.0,-154.0,-149.5,-157.0,-154.0,-153.0,-153.5,-155.0,-157.0,-157.0,-157.0,-156.0,-157.0,-157.0,-157.0,-157.0,-157.0,-156.5,-153.5,-151.5,-152.5,-155.5,-150.5,-148.5,-154.5,-152.0,-154.5,-152.5,-155.5,-157.0,-157.0,-157.0,-156.5,-157.0,-157.0,-157.0,-157.0,-156.5,-150.0,-152.0,-152.0,-156.0,-157.0,-157.0,-157.0,-156.5,-157.0,-154.0,-152.0,-156.0,-153.0,-156.0,-152.0,-153.0,-157.0,-157.0,-156.0,-153.0,-157.0,-154.0,-150.5,-156.5,-152.5,-154.5,-153.5,-157.0,-157.0,-157.0,-157.0,-156.0,-153.0,-156.5,-157.0,-155.5,-156.5,-157.0,-153.5,-154.0,-156.5,-157.0,-157.0,-157.0,-157.0,-156.0,-157.0,-157.0,-157.0,-157.0,-157.0,-154.0,-154.5,-150.0,-152.5,-155.0,-157.0,-156.5,-155.0,-157.0,-157.0,-156.0,-151.5,-157.0,-157.0,-155.5,-155.0,-155.5,-155.0,-157.0,-157.0,-157.0,-157.0,-157.0,-155.5,-157.0,-150.5,-153.0,-157.0,-157.0,-156.5,-157.0,-157.0,-157.0,-154.5,-155.0,-151.5,-155.5,-154.5,-152.5,-157.0,-155.5,-154.5,-157.0,-157.0,-156.5,-155.0,-155.0,-157.0,-154.0,-156.0,-157.0,-157.0,-155.0,-152.5,-157.0,-157.0,-157.0,-157.0,-157.0,-155.0,-157.0,-157.0,-154.0,-155.0,-157.0,-157.0,-156.0,-157.0,-155.5,-152.5,-152.5,-155.5,-152.0,-154.5,-157.0,-156.5,-152.5,-157.0,-157.0,-153.0,-152.5,-154.0,-154.5,-155.5,-156.5,-154.0,-154.5,-156.5,-156.0,-156.5,-157.0,-157.0,-157.0,-155.0,-152.5,-155.0,-157.0,-157.0,-157.0,-157.0,-152.5,-153.0,-157.0,-157.0,-157.0,-157.0,-157.0,-157.0,-157.0,-155.0,-153.5,-152.5,-154.5,-157.0,-155.5,-153.0,-157.0,-156.5,-153.0,-150.0,-157.0,-157.0,-156.5,-157.0,-157.0,-156.5,-157.0,-154.5,-153.5,-155.5,-157.0,-157.0,-157.0,-157.0,-157.0,-155.5,-157.0,-157.0,-157.0,-157.0,-157.0,-155.0,-156.5,-156.0,-155.0,-157.0,-152.5,-154.5,-156.0,-157.0,-156.5,-156.5,-157.0,-154.0,-157.0,-157.0,-157.0,-157.0,-157.0,-157.0,-157.0,-157.0,-157.0,-156.5,-157.0,-157.0,-155.5,-157.0,-156.5,-157.0,-151.5,-154.5,-154.5,-154.5,-157.0,-157.0,-157.0,-157.0,-155.5,-150.0,-153.5,-157.0,-154.5,-144.5,-147.5,-156.0,-156.5,-157.0,-157.0,-157.0,-156.5,-157.0,-157.0,-157.0,-155.0,-156.5,-157.0,-157.0,-157.0,-157.0,-156.0,-153.0,-152.0,-153.0,-157.0,-157.0,-157.0,-157.0,-157.0,-156.5,-157.0,-154.5,-155.0,-153.0,-155.0,-156.0,-156.0,-157.0,-157.0,-155.5,-157.0,-157.0,-153.0,-155.5,-157.0,-157.0,-157.0,-157.0,-157.0,-154.5,-157.0,-157.0,-156.5,-153.0,-152.0,-152.0
2026-01-17 13:48:30.401,143.049967,5,-77,-157.0,-157.0,-157.0,-157.0,-157.0,-154.0,-152.0,-153.0,-152.0,-154.5,-156.0,-154.0,-150.0,-150.0,-154.0,-154.0,-157.0,-155.5,-154.0,-152.5,-155.5,-154.5,-155.0,-157.0,-157.0,-157.0,-157.0,-157.0,-154.0,-155.5,-152.5,-156.5,-157.0,-157.0,-157.0,-156.0,-156.5,-157.0,-157.0,-157.0,-157.0,-156.0,-157.0,-157.0,-153.0,-150.0,-157.0,-152.5,-155.0,-157.0,-157.0,-157.0,-156.0,-155.5,-157.0,-150.5,-148.5,-157.0,-157.0,-156.5,-156.0,-153.0,-151.0,-155.0,-157.0,-152.0,-152.5,-152.0,-150.5,-152.5,-156.5,-153.0,-157.0,-155.5,-156.0,-157.0,-157.0,-157.0,-157.0,-157.0,-157.0,-157.0,-157.0,-157.0,-151.0,-154.5,-157.0,-157.0,-157.0,-157.0,-157.0,-157.0,-157.0,-157.0,-157.0,-156.0,-152.0,-155.5,-155.5,-157.0,-156.5,-155.0,-157.0,-156.5,-157.0,-157.0,-154.0,-157.0,-157.0,-156.5,-157.0,-154.0,-157.0,-154.0,-153.0,-157.0,-157.0,-157.0,-153.5,-157.0,-154.0,-153.0,-153.5,-153.0,-152.5,-154.5,-151.5,-157.0,-157.0,-157.0,-154.5,-151.0,-154.0,-151.0,-157.0,-157.0,-155.0,-157.0,-156.5,-157.0,-157.0,-155.5,-157.0,-157.0,-157.0,-149.5,-152.0,-157.0,-156.0,-154.0,-157.0,-152.0,-148.5,-154.0,-153.0,-153.0,-154.0,-157.0,-156.5,-157.0,-157.0,-156.0,-157.0,-157.0,-154.0,-156.0,-157.0,-157.0,-157.0,-154.0,-157.0,-157.0,-150.0,-151.0,-151.5,-150.5,-155.5,-154.5,-157.0,-157.0,-157.0,-154.0,-156.0,-157.0,-156.5,-157.0,-157.0,-157.0,-150.5,-152.0,-156.5,-157.0,-157.0,-157.0,-157.0,-154.5,-157.0,-152.0,-149.5,-152.0,-153.0,-154.0,-157.0,-155.0,-157.0,-152.0,-153.0,-154.0,-157.0,-157.0,-152.5,-153.5,-152.5,-153.5,-151.0,-157.0,-157.0,-157.0,-157.0,-157.0,-155.5,-157.0,-157.0,-155.0,-156.5,-157.0,-151.0,-152.0,-157.0,-157.0,-153.5,-151.5,-156.0,-153.5,-157.0,-157.0,-157.0,-157.0,-157.0,-157.0,-155.0,-151.5,-155.0,-157.0,-157.0,-154.5,-155.5,-157.0,-157.0,-157.0,-156.0,-157.0,-157.0,-157.0,-157.0,-157.0,-157.0,-157.0,-152.0,-153.0,-157.0,-157.0,-154.5,-157.0,-150.5,-151.5,-156.0,-157.0,-157.0,-157.0,-157.0,-157.0,-157.0,-157.0,-150.0,-150.5,-155.0,-153.0,-157.0,-156.5,-157.0,-157.0,-157.0,-153.5,-156.5,-152.0,-157.0,-157.0,-157.0,-157.0,-157.0,-151.0,-148.5,-155.0,-156.5,-157.0,-157.0,-157.0,-153.0,-154.5,-156.5,-155.0,-156.5,-157.0,-157.0,-157.0,-157.0,-154.5,-153.5,-149.5,-153.5,-152.0,-155.5,-154.0,-153.0,-155.0,-157.0,-157.0,-157.0,-156.5,-157.0,-153.5,-157.0,-155.0,-157.0,-156.5,-157.0,-157.0,-157.0,-154.5,-152.5,-156.5,-157.0,-157.0,-157.0,-154.5,-155.5,-157.0,-155.0,-151.5,-151.0,-155.5,-157.0,-157.0,-157.0,-155.0,-156.5,-157.0,-157.0,-151.5,-149.5,-156.0,-157.0,-157.0,-157.0,-157.0,-157.0,-154.0,-150.5,-152.5,-157.0,-154.0,-156.0,-154.0,-152.0,-157.0,-154.5,-156.5,-157.0,-157.0,-157.0,-157.0,-157.0,-157.0,-156.0,-157.0,-157.0,-157.0,-157.0,-157.0,-157.0,-157.0,-153.5,-152.0,-157.0,-157.0,-157.0,-153.0,-157.0,-156.0,-153.0,-152.5,-153.0,-157.0,-157.0,-155.5,-152.5,-155.5,-157.0,-157.0,-157.0,-157.0,-157.0,-157.0,-157.0,-157.0,-157.0,-156.5,-157.0,-150.0,-154.5,-155.5,-155.5,-157.0,-157.0,-157.0,-157.0,-156.5,-153.0,-157.0,-157.0,-154.0,-145.0,-147.0,-150.5,-153.0,-157.0,-157.0,-156.0,-157.0,-157.0,-157.0,-157.0,-157.0,-157.0,-157.0,-157.0,-157.0,-157.0,-157.0,-153.5,-153.5,-157.0,-157.0,-155.0,-155.5,-156.0,-157.0,-155.5,-153.5,-153.5,-157.0,-156.5,-157.0,-157.0,-157.0,-157.0,-157.0,-157.0,-157.0,-157.0,-154.5,-155.0,-153.5,-156.0,-157.0,-157.0,-155.0,-152.5,-156.0,-157.0,-157.0,-157.0,-155.0,-151.5
2026-01-17 13:48:30.435,143.049967,5,-77,-157.0,-157.0,-157.0,-157.0,-157.0,-157.0,-153.0,-154.5,-157.0,-155.0,-152.0,-157.0,-153.5,-153.5,-155.5,-156.5,-157.0,-157.0,-153.5,-153.0,-156.5,-153.0,-157.0,-157.0,-157.0,-157.0,-157.0,-157.0,-157.0,-155.5,-154.0,-157.0,-157.0,-157.0,-157.0,-157.0,-156.5,-153.5,-156.0,-157.0,-157.0,-157.0,-155.5,-157.0,-155.0,-151.0,-155.0,-155.0,-157.0,-157.0,-157.0,-157.0,-152.0,-153.5,-157.0,-157.0,-150.0,-153.0,-157.0,-157.0,-157.0,-157.0,-156.0,-157.0,-157.0,-155.5,-155.0,-149.0,-152.0,-153.5,-154.0,-157.0,-157.0,-157.0,-156.5,-156.5,-157.0,-157.0,-157.0,-156.5,-155.0,-155.0,-156.5,-157.0,-151.0,-154.5,-154.5,-157.0,-157.0,-156.5,-157.0,-157.0,-155.5,-157.0,-157.0,-157.0,-151.5,-152.5,-155.0,-157.0,-157.0,-156.5,-155.0,-152.5,-155.5,-157.0,-157.0,-157.0,-155.0,-152.5,-152.5,-152.0,-157.0,-154.5,-157.0,-157.0,-157.0,-157.0,-155.0,-157.0,-153.5,-153.5,-157.0,-153.0,-154.5,-154.0,-154.5,-156.0,-155.5,-157.0,-157.0,-153.0,-152.5,-151.5,-157.0,-154.5,-156.0,-157.0,-157.0,-156.0,-157.0,-157.0,-157.0,-157.0,-156.5,-155.5,-156.5,-157.0,-154.0,-152.5,-157.0,-153.0,-149.5,-157.0,-154.0,-157.0,-157.0,-157.0,-150.5,-150.5,-157.0,-156.0,-157.0,-153.0,-153.0,-153.5,-155.5,-157.0,-157.0,-156.5,-157.0,-155.0,-152.5,-157.0,-157.0,-155.5,-154.0,-156.0,-155.5,-154.5,-157.0,-155.5,-157.0,-156.5,-155.5,-157.0,-152.5,-153.5,-153.5,-152.5,-156.5,-157.0,-157.0,-157.0,-157.0,-155.0,-157.0,-154.0,-154.5,-151.5,-154.5,-153.0,-157.0,-157.0,-155.5,-150.5,-152.0,-156.0,-157.0,-153.5,-157.0,-157.0,-151.5,-157.0,-153.0,-157.0,-157.0,-154.5,-154.5,-157.0,-157.0,-157.0,-157.0,-156.5,-157.0,-157.0,-151.0,-151.5,-157.0,-157.0,-157.0,-150.0,-152.0,-153.0,-157.0,-157.0,-157.0,-153.5,-155.5,-157.0,-156.5,-155.0,-153.5,-157.0,-157.0,-156.5,-157.0,-157.0,-157.0,-157.0,-156.5,-157.0,-157.0,-155.5,-157.0,-157.0,-154.5,-151.5,-149.5,-151.0,-157.0,-157.0,-154.0,-155.0,-157.0,-155.0,-154.5,-157.0,-156.5,-157.0,-157.0,-157.0,-157.0,-157.0,-152.0,-151.5,-157.0,-156.0,-157.0,-156.5,-157.0,-157.0,-157.0,-153.5,-153.5,-151.5,-157.0,-157.0,-157.0,-156.0,-157.0,-153.0,-150.5,-152.5,-153.5,-154.5,-157.0,-152.0,-151.5,-153.0,-156.5,-157.0,-157.0,-157.0,-157.0,-157.0,-157.0,-157.0,-157.0,-151.5,-154.5,-156.0,-154.5,-152.5,-155.5,-157.0,-157.0,-157.0,-157.0,-157.0,-156.0,-152.0,-154.0,-154.0,-155.5,-157.0,-157.0,-157.0,-153.5,-150.5,-149.5,-151.0,-157.0,-157.0,-153.0,-152.5,-156.5,-157.0,-152.5,-157.0,-154.5,-157.0,-157.0,-157.0,-154.5,-154.5,-153.5,-157.0,-157.0,-154.0,-153.0,-157.0,-155.5,-157.0,-157.0,-157.0,-157.0,-157.0,-153.5,-153.0,-152.0,-154.5,-155.5,-154.0,-151.5,-155.0,-153.5,-153.5,-157.0,-157.0,-157.0,-157.0,-157.0,-156.0,-151.5,-151.0,-156.0,-157.0,-157.0,-157.0,-157.0,-157.0,-155.0,-154.0,-157.0,-157.0,-155.0,-152.5,-155.0,-157.0,-155.5,-155.5,-157.0,-157.0,-157.0,-156.0,-152.5,-154.5,-155.0,-155.0,-155.5,-157.0,-157.0,-157.0,-156.5,-153.5,-157.0,-154.5,-155.0,-150.5,-154.5,-157.0,-157.0,-157.0,-157.0,-157.0,-157.0,-156.5,-156.0,-153.5,-157.0,-157.0,-149.0,-154.0,-153.5,-157.0,-157.0,-157.0,-153.0,-154.5,-157.0,-157.0,-157.0,-157.0,-157.0,-155.5,-155.5,-157.0,-157.0,-157.0,-155.5,-156.5,-157.0,-157.0,-155.0,-153.0,-153.0,-157.0,-157.0,-157.0,-156.5,-157.0,-157.0,-157.0,-157.0,-157.0,-157.0,-157.0,-157.0,-155.5,-157.0,-154.0,-156.5,-156.0,-154.5,-157.0,-155.0,-155.0,-154.0,-156.5,-154.5,-157.0,-157.0,-157.0,-150.0
2026-01-17 13:48:30.472,143.049967,5,-77,-157.0,-157.0,-157.0,-157.0,-157.0,-156.0,-155.5,-152.5,-157.0,-157.0,-152.0,-157.0,-156.0,-152.5,-155.0,-157.0,-157.0,-157.0,-155.0,-157.0,-157.0,-157.0,-157.0,-157.0,-157.0,-157.0,-157.0,-157.0,-157.0,-157.0,-157.0,-155.0,-153.5,-157.0,-157.0,-157.0,-153.0,-152.5,-156.5,-156.0,-157.0,-157.0,-155.5,-157.0,-157.0,-152.0,-152.5,-151.0,-151.0,-152.5,-157.0,-157.0,-152.0,-152.5,-157.0,-157.0,-152.5,-157.0,-150.5,-152.0,-157.0,-157.0,-157.0,-157.0,-153.5,-156.0,-155.5,-151.5,-156.5,-157.0,-156.5,-157.0,-157.0,-154.0,-154.0,-157.0,-155.5,-153.5,-156.5,-153.5,-152.5,-152.5,-157.0,-157.0,-152.0,-151.5,-150.0,-154.5,-157.0,-155.0,-153.5,-157.0,-156.0,-154.5,-152.5,-155.0,-153.0,-151.5,-152.0,-155.0,-157.0,-157.0,-152.0,-155.0,-157.0,-157.0,-157.0,-157.0,-156.5,-151.0,-152.0,-152.0,-153.0,-154.5,-157.0,-155.0,-155.5,-157.0,-153.5,-155.0,-157.0,-157.0,-157.0,-152.5,-153.5,-153.0,-156.5,-151.0,-151.0,-157.0,-157.0,-157.0,-157.0,-157.0,-151.5,-151.0,-156.5,-156.0,-157.0,-153.0,-156.0,-157.0,-153.5,-155.0,-155.5,-157.0,-156.0,-157.0,-157.0,-155.0,-155.5,-148.5,-150.5,-157.0,-153.0,-156.0,-153.0,-152.5,-148.0,-150.0,-156.5,-152.5,-156.0,-153.0,-156.0,-153.0,-156.0,-154.5,-157.0,-156.5,-157.0,-152.5,-152.0,-154.0,-156.5,-157.0,-152.5,-154.5,-151.5,-152.5,-154.0,-157.0,-157.0,-157.0,-156.5,-155.0,-154.5,-154.5,-156.5,-156.0,-156.5,-157.0,-157.0,-157.0,-157.0,-154.5,-157.0,-157.0,-155.5,-151.0,-151.0,-151.5,-155.5,-157.0,-155.5,-152.0,-152.0,-156.0,-157.0,-150.5,-151.5,-153.0,-151.0,-156.5,-153.5,-157.0,-157.0,-151.5,-150.5,-152.0,-157.0,-156.0,-155.5,-155.0,-157.0,-157.0,-150.5,-150.0,-157.0,-157.0,-157.0,-155.0,-151.0,-157.0,-157.0,-157.0,-157.0,-156.0,-154.0,-155.5,-157.0,-157.0,-157.0,-157.0,-152.5,-154.5,-157.0,-155.0,-154.0,-155.0,-157.0,-157.0,-157.0,-154.5,-155.5,-157.0,-153.0,-149.5,-152.0,-152.0,-157.0,-157.0,-152.0,-154.0,-156.5,-157.0,-157.0,-157.0,-157.0,-157.0,-157.0,-155.0,-152.5,-152.0,-151.5,-151.5,-157.0,-155.5,-155.0,-157.0,-157.0,-157.0,-157.0,-156.5,-152.5,-157.0,-155.5,-157.0,-155.0,-151.5,-153.0,-156.5,-154.5,-151.0,-155.0,-155.0,-157.0,-150.0,-148.5,-152.0,-157.0,-157.0,-157.0,-155.5,-155.0,-157.0,-157.0,-157.0,-157.0,-157.0,-152.5,-157.0,-153.0,-156.5,-157.0,-156.0,-157.0,-157.0,-153.5,-154.5,-156.0,-152.5,-151.0,-156.0,-157.0,-157.0,-157.0,-155.0,-152.5,-151.5,-153.0,-149.5,-152.0,-157.0,-152.0,-154.0,-157.0,-157.0,-154.5,-156.0,-156.0,-157.0,-157.0,-156.5,-149.5,-151.0,-151.5,-153.5,-157.0,-157.0,-157.0,-157.0,-153.0,-152.5,-154.5,-157.0,-157.0,-156.0,-153.0,-157.0,-153.5,-157.0,-157.0,-157.0,-153.0,-157.0,-157.0,-154.5,-157.0,-154.5,-157.0,-157.0,-155.0,-156.0,-155.0,-151.5,-154.0,-157.0,-157.0,-157.0,-157.0,-157.0,-156.5,-156.0,-155.0,-157.0,-157.0,-156.5,-157.0,-157.0,-157.0,-157.0,-157.0,-157.0,-157.0,-157.0,-153.5,-151.0,-152.0,-156.0,-156.5,-157.0,-157.0,-157.0,-152.5,-151.0,-157.0,-152.5,-150.5,-153.0,-157.0,-157.0,-157.0,-157.0,-157.0,-157.0,-157.0,-154.5,-154.0,-153.0,-154.5,-148.5,-147.5,-157.0,-157.0,-157.0,-157.0,-157.0,-153.5,-153.0,-152.0,-153.0,-156.0,-157.0,-157.0,-154.5,-151.0,-157.0,-157.0,-157.0,-154.0,-155.0,-153.5,-156.0,-152.5,-152.0,-152.5,-157.0,-157.0,-157.0,-156.0,-156.5,-156.0,-154.0,-152.5,-157.0,-157.0,-155.0,-157.0,-155.5,-157.0,-151.0,-152.0,-156.5,-154.5,-157.0,-157.0,-156.0,-157.0,-157.0,-152.5,-155.5,-157.0,-157.0,-152.0
2026-01-17 13:48:30.505,143.049967,5,-77,-157.0,-157.0,-157.0,-157.0,-157.0,-153.0,-154.5,-152.0,-153.5,-153.5,-152.5,-157.0,-157.0,-152.0,-155.0,-157.0,-157.0,-157.0,-157.0,-157.0,-155.5,-157.0,-157.0,-156.5,-157.0,-157.0,-157.0,-154.5,-157.0,-157.0,-157.0,-154.0,-153.5,-152.5,-155.5,-153.0,-154.5,-157.0,-157.0,-153.5,-157.0,-157.0,-157.0,-157.0,-157.0,-150.5,-153.0,-153.0,-150.0,-150.5,-157.0,-157.0,-154.5,-152.5,-153.5,-157.0,-154.5,-157.0,-149.0,-149.0,-157.0,-157.0,-156.5,-155.5,-152.5,-155.0,-157.0,-154.5,-152.5,-157.0,-157.0,-157.0,-157.0,-151.0,-151.5,-156.0,-155.5,-155.5,-155.0,-155.5,-156.0,-152.5,-154.5,-157.0,-154.5,-153.0,-150.5,-157.0,-157.0,-156.0,-157.0,-157.0,-154.5,-155.5,-152.5,-157.0,-156.0,-154.0,-152.5,-156.0,-153.0,-152.0,-151.0,-155.5,-157.0,-156.5,-157.0,-157.0,-157.0,-156.5,-157.0,-152.5,-153.5,-154.0,-157.0,-156.0,-157.0,-157.0,-151.0,-153.0,-157.0,-157.0,-152.5,-151.5,-153.5,-155.5,-157.0,-151.5,-155.5,-154.5,-153.5,-157.0,-155.0,-155.0,-153.5,-154.0,-155.0,-156.0,-157.0,-150.5,-153.5,-157.0,-151.5,-157.0,-157.0,-152.5,-151.0,-154.5,-156.0,-156.0,-154.5,-146.0,-149.0,-156.0,-155.0,-153.5,-151.0,-151.5,-151.5,-155.5,-154.0,-152.5,-154.0,-155.0,-157.0,-154.0,-155.5,-152.0,-156.5,-157.0,-157.0,-154.0,-153.0,-150.0,-149.5,-155.0,-151.0,-151.5,-153.0,-157.0,-154.5,-154.5,-157.0,-156.0,-153.5,-153.5,-157.0,-157.0,-155.5,-157.0,-157.0,-157.0,-155.5,-154.0,-156.0,-151.5,-152.5,-156.0,-153.0,-157.0,-151.0,-150.0,-157.0,-155.0,-154.5,-157.0,-156.5,-156.5,-157.0,-150.5,-151.0,-151.0,-152.0,-157.0,-153.0,-157.0,-157.0,-155.0,-153.0,-149.0,-155.5,-152.5,-152.0,-153.0,-156.5,-150.0,-151.0,-154.0,-155.0,-157.0,-157.0,-157.0,-152.5,-154.5,-157.0,-155.5,-157.0,-157.0,-156.5,-156.5,-156.0,-157.0,-157.0,-157.0,-152.5,-154.0,-157.0,-154.0,-155.0,-156.0,-157.0,-157.0,-156.0,-155.5,-157.0,-157.0,-157.0,-152.0,-154.5,-152.0,-154.5,-157.0,-152.5,-152.5,-151.5,-156.5,-157.0,-157.0,-157.0,-157.0,-157.0,-155.5,-155.5,-153.5,-155.5,-153.5,-154.0,-156.0,-157.0,-157.0,-157.0,-157.0,-157.0,-151.0,-150.5,-157.0,-153.0,-154.5,-155.0,-152.5,-154.5,-155.0,-157.0,-152.5,-155.0,-156.0,-157.0,-150.5,-148.5,-151.5,-157.0,-157.0,-157.0,-156.0,-157.0,-157.0,-157.0,-157.0,-157.0,-156.5,-152.0,-157.0,-155.0,-157.0,-157.0,-155.5,-156.0,-157.0,-154.5,-153.0,-157.0,-155.5,-153.5,-155.0,-157.0,-157.0,-156.5,-152.0,-157.0,-155.0,-157.0,-152.0,-152.0,-157.0,-155.0,-156.0,-153.5,-157.0,-155.5,-156.0,-157.0,-156.0,-157.0,-155.0,-148.5,-149.0,-151.0,-149.5,-157.0,-157.0,-157.0,-157.0,-156.0,-151.5,-155.5,-157.0,-157.0,-151.0,-150.5,-157.0,-153.0,-156.0,-157.0,-155.5,-153.5,-156.0,-155.0,-155.5,-157.0,-154.0,-157.0,-156.5,-150.5,-152.0,-157.0,-156.5,-154.5,-157.0,-155.5,-153.0,-155.5,-157.0,-155.5,-150.5,-150.5,-157.0,-157.0,-157.0,-157.0,-157.0,-157.0,-157.0,-157.0,-157.0,-157.0,-156.5,-154.5,-150.0,-155.5,-155.5,-157.0,-157.0,-157.0,-156.0,-155.0,-151.5,-151.0,-151.5,-152.0,-157.0,-157.0,-157.0,-157.0,-157.0,-157.0,-155.5,-157.0,-153.0,-152.0,-157.0,-156.0,-144.0,-146.0,-157.0,-157.0,-157.0,-157.0,-157.0,-157.0,-157.0,-152.0,-157.0,-156.5,-154.5,-155.5,-154.0,-151.0,-155.0,-157.0,-157.0,-152.5,-157.0,-152.5,-155.0,-155.0,-157.0,-155.5,-155.0,-157.0,-157.0,-154.5,-154.0,-153.0,-150.0,-149.0,-157.0,-157.0,-149.0,-149.5,-157.0,-157.0,-152.5,-153.5,-157.0,-157.0,-156.0,-157.0,-157.0,-157.0,-155.5,-154.0,-156.5,-157.0,-157.0,-155.5
2026-01-17 13:48:30.536,143.049967,5,-77,-157.0,-157.0,-155.5,-157.0,-155.5,-155.0,-156.0,-153.0,-156.0,-152.5,-153.0,-157.0,-157.0,-155.0,-157.0,-157.0,-157.0,-157.0,-157.0,-152.5,-151.5,-154.5,-157.0,-155.0,-157.0,-157.0,-155.0,-157.0,-155.0,-157.0,-157.0,-155.0,-157.0,-149.5,-149.0,-151.5,-153.0,-157.0,-157.0,-151.5,-155.0,-155.5,-157.0,-157.0,-150.5,-149.0,-157.0,-157.0,-156.0,-155.5,-155.5,-155.0,-154.0,-154.0,-151.5,-155.0,-152.5,-157.0,-154.0,-150.5,-153.5,-154.0,-156.5,-157.0,-157.0,-157.0,-157.0,-153.0,-152.5,-157.0,-155.0,-154.0,-157.0,-155.0,-156.5,-153.5,-153.0,-157.0,-152.5,-152.0,-154.0,-153.5,-155.0,-157.0,-154.5,-156.5,-153.5,-157.0,-157.0,-157.0,-157.0,-156.0,-153.0,-157.0,-154.5,-157.0,-157.0,-157.0,-157.0,-154.5,-151.5,-154.5,-154.5,-157.0,-157.0,-154.0,-155.0,-157.0,-157.0,-155.5,-157.0,-154.0,-157.0,-157.0,-157.0,-157.0,-157.0,-157.0,-152.0,-152.5,-157.0,-157.0,-153.5,-155.5,-156.5,-157.0,-156.0,-154.0,-156.5,-151.0,-150.5,-157.0,-152.0,-151.5,-152.0,-152.0,-149.5,-151.5,-157.0,-149.5,-151.0,-155.0,-154.0,-157.0,-157.0,-155.0,-150.5,-150.0,-152.0,-152.5,-153.5,-148.0,-150.0,-153.5,-157.0,-154.0,-152.0,-157.0,-155.5,-155.0,-157.0,-157.0,-154.0,-155.5,-157.0,-156.0,-150.0,-153.0,-157.0,-156.5,-157.0,-157.0,-157.0,-153.5,-150.5,-154.0,-157.0,-150.0,-151.0,-157.0,-157.0,-153.5,-153.5,-155.5,-151.5,-151.5,-157.0,-157.0,-153.5,-157.0,-157.0,-157.0,-157.0,-155.0,-155.0,-151.5,-150.5,-157.0,-154.0,-157.0,-156.0,-152.0,-157.0,-157.0,-157.0,-157.0,-157.0,-157.0,-152.5,-152.5,-157.0,-154.5,-153.0,-157.0,-153.0,-157.0,-157.0,-157.0,-154.0,-150.5,-153.0,-154.0,-155.5,-153.5,-151.0,-149.0,-152.5,-157.0,-157.0,-157.0,-157.0,-157.0,-155.5,-153.5,-152.5,-152.5,-155.5,-157.0,-157.0,-157.0,-154.5,-157.0,-157.0,-157.0,-156.0,-157.0,-157.0,-157.0,-157.0,-155.5,-156.0,-157.0,-157.0,-157.0,-157.0,-157.0,-157.0,-155.0,-157.0,-154.0,-156.0,-157.0,-154.0,-152.5,-152.0,-156.0,-156.5,-155.0,-157.0,-155.5,-157.0,-157.0,-157.0,-157.0,-157.0,-157.0,-153.5,-157.0,-157.0,-157.0,-157.0,-157.0,-157.0,-150.0,-151.5,-157.0,-154.5,-153.0,-157.0,-156.5,-157.0,-157.0,-157.0,-157.0,-156.0,-157.0,-155.0,-150.0,-153.5,-156.5,-157.0,-157.0,-157.0,-157.0,-157.0,-157.0,-157.0,-157.0,-152.0,-153.5,-151.5,-157.0,-156.5,-156.0,-153.5,-155.5,-152.0,-156.0,-157.0,-157.0,-157.0,-157.0,-157.0,-152.0,-152.5,-156.0,-156.5,-151.0,-156.0,-155.5,-157.0,-157.0,-156.5,-157.0,-157.0,-157.0,-152.0,-154.5,-150.5,-152.5,-157.0,-155.0,-156.0,-157.0,-151.0,-150.5,-149.5,-149.5,-154.0,-157.0,-157.0,-157.0,-157.0,-153.0,-157.0,-157.0,-154.0,-150.5,-153.0,-151.0,-150.5,-155.5,-157.0,-154.0,-156.5,-157.0,-153.5,-157.0,-157.0,-153.5,-156.5,-156.0,-154.5,-155.0,-157.0,-157.0,-156.0,-157.0,-157.0,-153.0,-155.0,-155.0,-154.0,-151.5,-151.0,-153.5,-157.0,-157.0,-157.0,-157.0,-156.0,-157.0,-157.0,-157.0,-157.0,-156.0,-157.0,-150.0,-151.0,-151.5,-157.0,-155.5,-157.0,-157.0,-157.0,-154.5,-151.0,-151.5,-157.0,-157.0,-153.5,-156.5,-157.0,-155.5,-156.0,-153.0,-154.5,-153.0,-151.0,-153.5,-157.0,-143.0,-146.0,-157.0,-157.0,-157.0,-157.0,-156.0,-157.0,-157.0,-152.5,-157.0,-157.0,-157.0,-157.0,-157.0,-154.0,-157.0,-157.0,-157.0,-152.5,-157.0,-149.5,-151.5,-157.0,-157.0,-157.0,-154.5,-155.5,-157.0,-157.0,-155.0,-155.5,-153.5,-150.0,-150.0,-153.5,-150.0,-148.0,-157.0,-157.0,-157.0,-155.5,-156.0,-155.0,-156.0,-157.0,-157.0,-157.0,-156.0,-157.0,-157.0,-157.0,-155.5,-151.5
2026-01-17 13:48:30.570,143.049967,5,-77,-157.0,-157.0,-155.5,-157.0,-157.0,-157.0,-153.0,-153.5,-157.0,-157.0,-155.5,-157.0,-153.5,-154.5,-157.0,-156.5,-154.5,-154.0,-155.0,-153.5,-152.0,-153.5,-157.0,-153.5,-154.0,-153.0,-151.5,-157.0,-156.0,-157.0,-157.0,-157.0,-155.5,-150.5,-149.5,-151.5,-150.5,-157.0,-157.0,-152.0,-156.0,-157.0,-157.0,-156.5,-151.5,-152.0,-157.0,-157.0,-157.0,-157.0,-157.0,-155.0,-155.0,-157.0,-154.0,-152.0,-151.0,-157.0,-156.0,-152.0,-155.0,-153.5,-157.0,-157.0,-157.0,-157.0,-157.0,-156.5,-157.0,-157.0,-154.5,-155.0,-157.0,-157.0,-157.0,-155.5,-156.0,-154.0,-155.5,-152.5,-156.0,-157.0,-156.5,-157.0,-151.0,-151.5,-152.0,-156.0,-157.0,-157.0,-157.0,-155.5,-152.5,-157.0,-155.0,-157.0,-157.0,-154.5,-153.5,-151.5,-153.0,-157.0,-156.0,-157.0,-157.0,-156.5,-156.0,-156.0,-157.0,-151.5,-151.0,-155.0,-157.0,-157.0,-157.0,-156.5,-155.5,-157.0,-153.0,-154.0,-156.0,-156.0,-154.5,-157.0,-157.0,-157.0,-157.0,-157.0,-151.5,-149.0,-149.0,-157.0,-154.5,-157.0,-149.5,-147.5,-149.5,-152.5,-157.0,-152.5,-151.0,-155.5,-156.0,-157.0,-157.0,-157.0,-155.5,-151.5,-155.5,-153.5,-154.0,-152.0,-157.0,-157.0,-157.0,-157.0,-157.0,-157.0,-152.0,-151.5,-157.0,-156.5,-152.0,-157.0,-157.0,-157.0,-150.5,-153.0,-156.5,-149.5,-152.0,-157.0,-157.0,-157.0,-154.0,-154.5,-156.0,-152.0,-155.5,-157.0,-157.0,-150.0,-151.0,-155.5,-152.5,-154.5,-154.0,-157.0,-152.5,-157.0,-156.0,-157.0,-156.5,-157.0,-154.5,-153.5,-156.0,-157.0,-157.0,-157.0,-157.0,-155.5,-157.0,-157.0,-157.0,-157.0,-157.0,-157.0,-151.0,-154.0,-157.0,-157.0,-155.0,-157.0,-154.0,-157.0,-157.0,-155.5,-157.0,-157.0,-154.5,-152.5,-154.0,-154.5,-154.0,-152.0,-155.0,-157.0,-157.0,-157.0,-157.0,-157.0,-157.0,-154.0,-151.0,-153.5,-157.0,-157.0,-154.5,-154.5,-151.0,-157.0,-157.0,-157.0,-157.0,-157.0,-157.0,-157.0,-157.0,-155.5,-154.5,-157.0,-157.0,-155.5,-156.0,-157.0,-157.0,-153.5,-155.0,-157.0,-157.0,-157.0,-153.5,-152.5,-152.5,-154.5,-154.0,-157.0,-156.0,-153.0,-154.0,-156.0,-157.0,-157.0,-155.0,-157.0,-153.5,-157.0,-157.0,-156.5,-157.0,-157.0,-156.5,-153.5,-153.0,-157.0,-157.0,-157.0,-157.0,-157.0,-157.0,-157.0,-156.0,-154.5,-157.0,-157.0,-151.0,-149.5,-155.5,-157.0,-157.0,-157.0,-157.0,-157.0,-157.0,-157.0,-157.0,-155.5,-152.0,-151.0,-155.0,-155.5,-154.5,-151.5,-155.5,-157.0,-153.0,-155.5,-156.5,-157.0,-156.5,-155.5,-155.0,-151.0,-152.0,-157.0,-155.0,-151.0,-155.5,-154.5,-157.0,-157.0,-157.0,-157.0,-157.0,-157.0,-149.5,-148.0,-148.5,-155.0,-155.5,-151.5,-152.0,-157.0,-152.5,-157.0,-152.5,-157.0,-154.0,-157.0,-157.0,-157.0,-157.0,-153.0,-156.0,-157.0,-155.0,-151.5,-153.0,-150.0,-150.5,-156.5,-157.0,-153.5,-157.0,-157.0,-154.0,-156.5,-157.0,-154.5,-157.0,-157.0,-157.0,-157.0,-157.0,-157.0,-157.0,-157.0,-157.0,-150.5,-152.5,-157.0,-156.5,-157.0,-156.5,-155.5,-157.0,-157.0,-155.0,-152.5,-154.5,-156.5,-157.0,-156.5,-157.0,-157.0,-157.0,-151.0,-148.0,-150.5,-157.0,-156.0,-157.0,-157.0,-157.0,-156.5,-153.0,-151.5,-153.5,-157.0,-155.0,-155.0,-156.0,-157.0,-156.5,-156.5,-157.0,-157.0,-153.0,-151.0,-150.5,-143.0,-146.5,-157.0,-157.0,-156.0,-157.0,-154.5,-153.5,-155.0,-150.5,-153.0,-157.0,-157.0,-157.0,-157.0,-157.0,-157.0,-157.0,-156.0,-153.0,-157.0,-151.5,-153.0,-157.0,-157.0,-157.0,-156.0,-154.5,-155.5,-157.0,-155.0,-152.5,-157.0,-154.5,-150.5,-156.5,-157.0,-151.5,-154.5,-157.0,-157.0,-154.0,-152.0,-155.5,-157.0,-157.0,-157.0,-157.0,-157.0,-156.0,-157.0,-157.0,-156.5,-154.0
2026-01-17 13:48:30.599,143.049967,5,-77,-157.0,-157.0,-157.0,-157.0,-157.0,-157.0,-156.0,-157.0,-157.0,-157.0,-157.0,-157.0,-154.0,-156.0,-155.0,-155.0,-152.5,-157.0,-157.0,-157.0,-157.0,-157.0,-157.0,-153.5,-155.5,-156.0,-154.0,-157.0,-157.0,-157.0,-157.0,-156.5,-157.0,-156.5,-154.5,-152.5,-153.0,-154.0,-153.5,-150.5,-157.0,-157.0,-155.0,-152.5,-154.0,-154.5,-152.5,-154.5,-155.0,-155.5,-155.5,-157.0,-157.0,-157.0,-154.5,-152.0,-152.0,-157.0,-155.5,-152.5,-157.0,-156.5,-157.0,-157.0,-157.0,-157.0,-155.0,-157.0,-157.0,-157.0,-157.0,-157.0,-157.0,-157.0,-157.0,-157.0,-157.0,-151.5,-153.0,-157.0,-157.0,-154.5,-157.0,-152.0,-152.5,-153.5,-154.0,-152.0,-157.0,-157.0,-157.0,-155.0,-154.0,-154.0,-157.0,-157.0,-157.0,-154.0,-152.5,-151.0,-157.0,-157.0,-156.5,-157.0,-157.0,-156.0,-154.0,-157.0,-152.5,-152.0,-155.0,-156.5,-157.0,-157.0,-157.0,-153.5,-152.0,-157.0,-154.0,-154.5,-153.5,-152.0,-152.0,-155.5,-157.0,-157.0,-156.5,-157.0,-153.0,-153.5,-152.0,-157.0,-157.0,-157.0,-152.5,-151.0,-156.5,-157.0,-157.0,-156.5,-151.0,-157.0,-154.5,-153.0,-155.5,-157.0,-153.5,-153.5,-157.0,-152.0,-151.5,-153.0,-156.0,-157.0,-157.0,-157.0,-157.0,-157.0,-151.5,-153.5,-157.0,-154.0,-151.5,-157.0,-157.0,-157.0,-156.0,-153.5,-150.5,-149.0,-151.0,-157.0,-157.0,-157.0,-154.5,-155.5,-154.0,-154.5,-157.0,-156.5,-156.0,-151.0,-153.0,-155.5,-155.0,-155.0,-155.0,-157.0,-153.5,-153.0,-154.5,-154.5,-154.5,-157.0,-153.5,-153.0,-157.0,-157.0,-157.0,-157.0,-157.0,-157.0,-157.0,-157.0,-157.0,-157.0,-157.0,-157.0,-153.0,-156.5,-157.0,-157.0,-156.5,-157.0,-155.5,-156.5,-157.0,-153.5,-154.0,-154.0,-152.0,-151.5,-152.5,-157.0,-157.0,-153.5,-151.5,-152.0,-157.0,-157.0,-157.0,-157.0,-157.0,-150.0,-149.5,-150.5,-153.0,-157.0,-155.0,-157.0,-149.0,-152.0,-152.0,-152.0,-157.0,-157.0,-157.0,-157.0,-157.0,-153.5,-153.0,-157.0,-157.0,-157.0,-157.0,-157.0,-157.0,-156.5,-156.5,-157.0,-157.0,-157.0,-152.0,-150.0,-155.5,-153.5,-153.0,-157.0,-157.0,-153.5,-153.5,-151.5,-152.5,-157.0,-151.5,-153.5,-153.5,-155.0,-156.0,-153.5,-154.0,-157.0,-157.0,-154.0,-152.0,-155.5,-155.0,-155.5,-156.0,-157.0,-157.0,-153.5,-151.0,-151.5,-155.5,-157.0,-151.0,-150.5,-153.5,-153.5,-157.0,-157.0,-157.0,-157.0,-157.0,-157.0,-157.0,-157.0,-153.5,-151.0,-153.0,-154.5,-155.5,-150.5,-155.5,-157.0,-157.0,-155.5,-153.5,-156.0,-153.5,-157.0,-149.0,-154.0,-157.0,-157.0,-154.5,-153.5,-156.5,-157.0,-157.0,-157.0,-157.0,-156.0,-154.5,-155.5,-151.5,-147.5,-150.0,-157.0,-157.0,-153.5,-153.5,-151.0,-149.0,-157.0,-155.5,-157.0,-156.5,-157.0,-157.0,-157.0,-157.0,-153.0,-157.0,-157.0,-157.0,-155.5,-157.0,-157.0,-152.5,-156.5,-156.5,-151.5,-153.0,-157.0,-157.0,-152.5,-153.0,-154.0,-157.0,-157.0,-157.0,-157.0,-157.0,-157.0,-157.0,-157.0,-156.5,-149.0,-150.0,-157.0,-157.0,-157.0,-156.5,-157.0,-157.0,-157.0,-152.0,-150.0,-153.0,-153.5,-157.0,-157.0,-157.0,-157.0,-156.0,-157.0,-151.5,-153.5,-157.0,-156.5,-156.0,-156.0,-153.5,-156.5,-155.0,-151.5,-152.5,-152.5,-157.0,-157.0,-153.5,-157.0,-157.0,-157.0,-157.0,-157.0,-157.0,-153.5,-154.5,-145.0,-151.0,-157.0,-157.0,-156.0,-157.0,-157.0,-152.5,-152.0,-151.0,-153.5,-157.0,-151.5,-151.5,-153.0,-157.0,-157.0,-157.0,-157.0,-157.0,-157.0,-157.0,-157.0,-157.0,-157.0,-156.5,-155.0,-152.5,-155.5,-155.0,-155.5,-152.5,-157.0,-153.5,-156.5,-157.0,-157.0,-153.0,-154.0,-157.0,-157.0,-154.5,-153.0,-157.0,-157.0,-157.0,-157.0,-156.0,-157.0,-157.0,-153.0,-153.0,-157.0,-156.5
2026-01-17 13:48:30.639,143.049967,5,-77,-157.0,-157.0,-157.0,-157.0,-157.0,-157.0,-157.0,-155.0,-154.5,-157.0,-157.0,-157.0,-157.0,-157.0,-156.0,-157.0,-154.5,-157.0,-157.0,-154.0,-156.0,-157.0,-157.0,-157.0,-157.0,-157.0,-155.5,-157.0,-157.0,-157.0,-155.5,-156.0,-157.0,-157.0,-157.0,-155.5,-156.0,-153.0,-155.0,-151.5,-154.0,-157.0,-157.0,-153.5,-157.0,-154.0,-153.0,-152.0,-152.5,-151.5,-156.0,-157.0,-157.0,-157.0,-152.0,-153.0,-157.0,-157.0,-155.5,-157.0,-157.0,-156.0,-157.0,-157.0,-157.0,-154.0,-155.0,-154.5,-157.0,-157.0,-157.0,-157.0,-157.0,-157.0,-157.0,-157.0,-157.0,-152.5,-152.0,-157.0,-157.0,-152.0,-152.0,-152.5,-154.5,-157.0,-157.0,-154.0,-157.0,-157.0,-155.5,-156.5,-157.0,-156.5,-157.0,-156.0,-156.0,-157.0,-157.0,-152.5,-157.0,-157.0,-157.0,-151.5,-157.0,-152.5,-155.5,-150.0,-149.0,-152.5,-154.5,-153.0,-157.0,-157.0,-157.0,-155.0,-151.0,-157.0,-157.0,-154.5,-153.0,-153.0,-153.5,-155.0,-157.0,-157.0,-153.0,-157.0,-155.5,-156.0,-154.0,-157.0,-157.0,-157.0,-155.5,-154.0,-153.5,-157.0,-157.0,-154.5,-152.5,-153.0,-154.5,-153.5,-157.0,-156.5,-153.0,-157.0,-157.0,-155.0,-150.0,-149.5,-157.0,-157.0,-157.0,-154.5,-157.0,-156.5,-156.5,-155.5,-156.0,-157.0,-154.0,-156.0,-153.0,-153.5,-155.5,-156.0,-151.0,-152.5,-156.0,-157.0,-157.0,-157.0,-154.0,-155.0,-157.0,-155.5,-155.0,-152.5,-154.0,-154.0,-157.0,-156.5,-157.0,-156.5,-157.0,-157.0,-157.0,-155.0,-153.5,-152.0,-157.0,-155.5,-155.0,-157.0,-157.0,-157.0,-157.0,-157.0,-157.0,-157.0,-157.0,-157.0,-157.0,-157.0,-156.5,-157.0,-157.0,-157.0,-156.5,-157.0,-157.0,-157.0,-154.5,-157.0,-155.5,-157.0,-151.5,-150.5,-154.5,-157.0,-155.0,-155.0,-155.5,-154.5,-150.0,-151.0,-157.0,-157.0,-157.0,-154.5,-155.5,-152.0,-149.0,-149.5,-151.5,-157.0,-157.0,-155.5,-149.5,-150.0,-151.5,-150.0,-157.0,-157.0,-157.0,-157.0,-154.5,-153.0,-155.5,-157.0,-157.0,-157.0,-157.0,-157.0,-157.0,-157.0,-157.0,-157.0,-155.0,-156.0,-151.5,-150.0,-154.5,-150.5,-152.0,-157.0,-157.0,-153.5,-154.5,-152.5,-150.5,-157.0,-152.5,-153.0,-154.5,-155.5,-152.5,-154.0,-157.0,-157.0,-157.0,-157.0,-154.5,-157.0,-157.0,-157.0,-157.0,-157.0,-157.0,-156.0,-153.5,-157.0,-155.0,-155.0,-152.0,-150.5,-156.0,-153.0,-153.5,-153.0,-157.0,-157.0,-157.0,-157.0,-157.0,-152.5,-152.5,-156.0,-153.5,-154.5,-154.0,-150.5,-154.5,-157.0,-157.0,-156.5,-154.5,-150.5,-150.0,-157.0,-147.5,-155.5,-157.0,-155.5,-156.5,-157.0,-156.5,-157.0,-157.0,-157.0,-157.0,-157.0,-155.0,-154.5,-157.0,-152.0,-154.5,-156.0,-157.0,-156.5,-156.0,-151.0,-150.0,-154.5,-157.0,-157.0,-157.0,-157.0,-157.0,-157.0,-157.0,-154.5,-155.0,-152.0,-154.5,-157.0,-157.0,-157.0,-151.5,-152.5,-157.0,-155.0,-155.5,-157.0,-157.0,-152.0,-149.5,-156.5,-157.0,-157.0,-157.0,-157.0,-157.0,-157.0,-157.0,-156.0,-157.0,-151.5,-150.0,-156.5,-154.5,-153.5,-154.0,-157.0,-157.0,-155.5,-150.5,-150.5,-156.5,-154.0,-156.5,-157.0,-157.0,-156.5,-155.5,-157.0,-157.0,-151.5,-152.5,-152.0,-152.0,-154.5,-153.5,-155.5,-152.0,-150.5,-153.5,-151.5,-155.5,-153.5,-152.5,-157.0,-157.0,-157.0,-157.0,-155.0,-155.0,-157.0,-151.5,-146.5,-155.5,-157.0,-157.0,-153.5,-155.0,-157.0,-156.5,-153.0,-153.5,-157.0,-154.5,-151.5,-153.0,-154.0,-154.5,-157.0,-156.5,-157.0,-157.0,-157.0,-157.0,-157.0,-157.0,-156.5,-155.5,-157.0,-152.0,-155.0,-157.0,-157.0,-157.0,-155.0,-153.0,-156.5,-154.5,-154.5,-154.5,-154.0,-157.0,-157.0,-154.5,-156.5,-157.0,-157.0,-157.0,-154.5,-152.5,-157.0,-157.0,-151.5,-151.5,-157.0,-157.0
2026-01-17 13:48:30.678,143.049967,5,-77,-157.0,-157.0,-154.0,-157.0,-157.0,-157.0,-157.0,-150.5,-152.5,-157.0,-157.0,-157.0,-157.0,-157.0,-154.0,-157.0,-156.0,-157.0,-157.0,-154.5,-155.5,-157.0,-157.0,-157.0,-157.0,-157.0,-153.5,-156.0,-151.5,-152.5,-152.5,-157.0,-156.5,-156.5,-156.0,-154.5,-154.5,-153.5,-157.0,-155.5,-155.5,-157.0,-157.0,-157.0,-157.0,-152.5,-157.0,-157.0,-157.0,-153.5,-156.0,-157.0,-154.5,-157.0,-154.0,-157.0,-157.0,-157.0,-156.0,-157.0,-157.0,-155.0,-157.0,-157.0,-157.0,-155.0,-157.0,-152.5,-156.0,-157.0,-157.0,-157.0,-157.0,-155.5,-154.0,-157.0,-157.0,-156.0,-157.0,-157.0,-157.0,-154.5,-153.5,-156.5,-157.0,-156.5,-156.0,-157.0,-157.0,-156.5,-154.0,-153.0,-157.0,-157.0,-155.5,-157.0,-157.0,-157.0,-157.0,-151.0,-154.5,-155.5,-150.5,-148.5,-151.5,-150.5,-155.5,-149.5,-150.5,-155.5,-150.5,-151.0,-157.0,-156.5,-156.5,-152.0,-150.0,-157.0,-157.0,-155.0,-155.5,-157.0,-157.0,-157.0,-157.0,-150.0,-149.5,-157.0,-156.5,-150.0,-153.0,-157.0,-157.0,-153.5,-152.5,-154.0,-155.0,-155.5,-157.0,-157.0,-157.0,-154.5,-154.5,-155.5,-157.0,-154.5,-154.5,-157.0,-157.0,-155.5,-151.5,-149.5,-157.0,-157.0,-154.0,-152.0,-152.5,-152.5,-157.0,-154.5,-153.5,-157.0,-157.0,-157.0,-148.5,-149.5,-157.0,-157.0,-155.5,-157.0,-157.0,-156.0,-154.0,-153.5,-155.0,-157.0,-157.0,-157.0,-151.0,-151.0,-154.5,-152.5,-152.5,-153.0,-155.5,-157.0,-157.0,-157.0,-157.0,-157.0,-155.5,-151.0,-155.5,-157.0,-157.0,-157.0,-157.0,-157.0,-157.0,-157.0,-154.0,-154.5,-157.0,-157.0,-157.0,-157.0,-156.0,-156.5,-157.0,-157.0,-157.0,-157.0,-156.5,-157.0,-154.5,-156.5,-156.5,-157.0,-153.5,-153.0,-157.0,-157.0,-151.5,-149.5,-151.5,-157.0,-153.5,-151.5,-155.0,-157.0,-153.0,-151.5,-155.5,-150.5,-152.0,-154.0,-155.0,-157.0,-157.0,-157.0,-155.0,-150.0,-156.0,-153.5,-155.5,-155.5,-153.5,-155.5,-157.0,-157.0,-155.5,-157.0,-155.5,-157.0,-157.0,-156.5,-157.0,-154.5,-156.5,-157.0,-156.0,-154.5,-152.0,-151.0,-153.0,-152.0,-155.0,-157.0,-157.0,-154.0,-153.0,-157.0,-153.0,-156.5,-155.5,-157.0,-155.0,-157.0,-153.0,-155.5,-157.0,-157.0,-157.0,-157.0,-157.0,-157.0,-157.0,-157.0,-157.0,-155.5,-157.0,-156.5,-156.5,-157.0,-154.5,-151.5,-149.5,-153.0,-157.0,-154.0,-150.5,-153.0,-156.0,-157.0,-157.0,-157.0,-156.0,-151.0,-154.0,-157.0,-154.5,-157.0,-152.0,-151.5,-156.5,-157.0,-157.0,-153.5,-153.0,-153.0,-149.5,-156.0,-149.5,-157.0,-157.0,-157.0,-157.0,-153.5,-153.0,-157.0,-157.0,-157.0,-157.0,-157.0,-156.5,-154.5,-157.0,-155.0,-155.5,-153.5,-157.0,-153.0,-152.5,-153.5,-153.0,-155.5,-157.0,-157.0,-157.0,-155.5,-157.0,-156.5,-157.0,-157.0,-154.5,-151.0,-154.0,-157.0,-157.0,-157.0,-150.0,-151.0,-157.0,-157.0,-157.0,-157.0,-153.5,-154.0,-153.0,-157.0,-157.0,-157.0,-157.0,-157.0,-156.0,-157.0,-157.0,-156.5,-157.0,-153.0,-152.0,-157.0,-154.5,-154.5,-154.5,-157.0,-157.0,-155.0,-153.0,-155.0,-157.0,-157.0,-157.0,-157.0,-157.0,-153.5,-157.0,-156.0,-157.0,-156.0,-152.0,-149.0,-152.0,-157.0,-157.0,-155.5,-150.0,-150.5,-152.5,-154.0,-156.5,-153.0,-156.5,-157.0,-157.0,-157.0,-157.0,-154.5,-154.0,-154.5,-146.0,-146.0,-153.5,-154.5,-155.5,-155.5,-157.0,-157.0,-156.5,-153.0,-154.0,-157.0,-152.0,-152.5,-157.0,-157.0,-155.5,-157.0,-154.0,-152.5,-157.0,-157.0,-157.0,-157.0,-157.0,-155.5,-156.0,-157.0,-152.0,-156.0,-157.0,-157.0,-157.0,-157.0,-155.5,-155.5,-155.5,-154.0,-154.5,-155.0,-157.0,-157.0,-154.0,-157.0,-157.0,-157.0,-156.5,-153.5,-151.5,-157.0,-157.0,-153.0,-153.5,-157.0,-157.0
2026-01-17 13:48:30.711,143.049967,5,-77,-157.0,-157.0,-154.5,-157.0,-157.0,-155.0,-157.0,-151.5,-157.0,-157.0,-157.0,-157.0,-155.5,-157.0,-153.5,-154.5,-154.0,-156.0,-157.0,-154.5,-157.0,-155.5,-153.5,-156.5,-157.0,-157.0,-155.0,-157.0,-151.5,-153.0,-150.5,-153.5,-154.0,-153.5,-153.0,-153.5,-155.0,-157.0,-157.0,-157.0,-157.0,-157.0,-157.0,-157.0,-157.0,-152.0,-157.0,-157.0,-156.0,-155.5,-155.5,-157.0,-152.5,-157.0,-157.0,-157.0,-157.0,-157.0,-155.0,-157.0,-157.0,-157.0,-153.0,-154.0,-157.0,-154.0,-157.0,-151.5,-152.5,-157.0,-156.0,-157.0,-157.0,-157.0,-152.5,-157.0,-155.5,-157.0,-157.0,-157.0,-157.0,-156.5,-157.0,-157.0,-155.5,-152.5,-152.0,-157.0,-152.5,-154.0,-155.0,-150.5,-157.0,-157.0,-156.0,-156.0,-156.0,-156.5,-154.5,-151.0,-156.5,-157.0,-154.5,-152.5,-151.0,-152.0,-157.0,-155.5,-155.0,-157.0,-155.5,-154.0,-154.0,-154.5,-155.5,-153.5,-151.5,-151.5,-152.5,-157.0,-157.0,-152.5,-156.5,-156.5,-157.0,-151.0,-153.0,-154.5,-152.5,-148.5,-155.5,-157.0,-156.0,-153.5,-157.0,-157.0,-157.0,-157.0,-157.0,-157.0,-156.0,-157.0,-155.5,-154.0,-157.0,-153.5,-157.0,-157.0,-156.0,-156.0,-153.0,-151.5,-156.5,-157.0,-156.5,-153.0,-152.5,-156.5,-156.5,-157.0,-156.5,-157.0,-156.5,-156.0,-151.5,-152.5,-157.0,-157.0,-153.5,-157.0,-157.0,-156.5,-153.0,-153.5,-157.0,-157.0,-157.0,-157.0,-153.5,-154.0,-150.5,-150.5,-153.0,-155.0,-156.0,-157.0,-157.0,-157.0,-153.5,-157.0,-157.0,-152.0,-157.0,-157.0,-157.0,-157.0,-154.5,-157.0,-157.0,-157.0,-156.0,-155.5,-157.0,-157.0,-157.0,-157.0,-154.0,-156.5,-157.0,-157.0,-157.0,-157.0,-157.0,-156.5,-157.0,-153.5,-157.0,-157.0,-154.5,-153.5,-157.0,-157.0,-151.5,-151.0,-151.0,-157.0,-157.0,-152.5,-153.0,-157.0,-151.0,-152.0,-157.0,-153.5,-155.0,-154.5,-155.5,-157.0,-157.0,-157.0,-153.0,-149.0,-157.0,-157.0,-153.0,-154.0,-152.0,-156.5,-157.0,-157.0,-153.5,-153.5,-150.0,-154.5,-155.5,-155.5,-157.0,-155.0,-156.5,-157.0,-157.0,-156.0,-156.0,-154.5,-154.5,-157.0,-157.0,-157.0,-157.0,-157.0,-153.5,-156.0,-155.5,-157.0,-157.0,-157.0,-154.5,-157.0,-156.5,-151.5,-152.5,-155.0,-157.0,-155.5,-156.0,-157.0,-157.0,-157.0,-154.5,-154.0,-157.0,-155.0,-155.0,-157.0,-154.5,-154.5,-146.0,-153.5,-157.0,-157.0,-151.0,-157.0,-157.0,-157.0,-157.0,-156.0,-157.0,-154.5,-157.0,-157.0,-157.0,-157.0,-156.0,-157.0,-157.0,-157.0,-157.0,-153.5,-152.0,-150.5,-151.5,-157.0,-153.0,-154.0,-157.0,-157.0,-155.0,-155.5,-155.5,-157.0,-157.0,-157.0,-157.0,-157.0,-153.0,-154.0,-157.0,-153.5,-157.0,-154.5,-157.0,-152.0,-155.5,-157.0,-153.5,-157.0,-157.0,-157.0,-157.0,-154.5,-157.0,-151.0,-152.5,-154.5,-154.5,-152.0,-157.0,-153.5,-153.5,-156.0,-152.0,-157.0,-157.0,-157.0,-157.0,-154.5,-150.5,-151.5,-157.0,-157.0,-157.0,-155.5,-154.0,-157.0,-154.0,-157.0,-157.0,-157.0,-157.0,-157.0,-155.0,-156.0,-157.0,-155.0,-153.5,-157.0,-157.0,-157.0,-156.0,-157.0,-157.0,-157.0,-154.0,-157.0,-157.0,-153.0,-153.0,-157.0,-157.0,-157.0,-154.5,-149.5,-151.5,-157.0,-157.0,-157.0,-154.5,-150.5,-152.0,-157.0,-157.0,-156.5,-157.0,-157.0,-157.0,-157.0,-157.0,-157.0,-156.0,-157.0,-145.5,-144.5,-151.0,-154.5,-155.0,-156.5,-157.0,-157.0,-157.0,-152.5,-153.5,-157.0,-153.5,-156.5,-157.0,-157.0,-156.5,-157.0,-155.5,-152.0,-156.5,-156.5,-156.0,-157.0,-157.0,-157.0,-157.0,-157.0,-150.5,-151.5,-157.0,-157.0,-157.0,-157.0,-157.0,-157.0,-154.5,-154.5,-157.0,-157.0,-157.0,-156.5,-156.5,-156.5,-155.0,-155.0,-154.0,-157.0,-151.5,-154.0,-157.0,-154.0,-156.5,-157.0,-154.0
2026-01-17 13:48:30.738,143.049967,5,-77,-157.0,-157.0,-154.0,-157.0,-157.0,-154.5,-154.5,-155.5,-157.0,-157.0,-157.0,-157.0,-153.0,-156.5,-156.0,-157.0,-155.5,-157.0,-157.0,-152.0,-153.0,-157.0,-151.0,-152.0,-157.0,-157.0,-155.5,-157.0,-153.5,-157.0,-153.5,-154.5,-157.0,-156.5,-155.5,-157.0,-151.5,-157.0,-157.0,-157.0,-154.5,-157.0,-157.0,-154.0,-151.5,-150.5,-156.5,-157.0,-154.5,-155.5,-154.5,-156.0,-152.5,-157.0,-155.5,-157.0,-157.0,-157.0,-157.0,-157.0,-154.5,-155.5,-154.0,-153.0,-155.5,-156.5,-157.0,-151.5,-152.5,-155.0,-156.5,-154.0,-157.0,-155.5,-151.5,-157.0,-157.0,-157.0,-156.5,-157.0,-157.0,-153.0,-153.5,-157.0,-156.5,-155.0,-153.5,-157.0,-153.5,-157.0,-155.5,-151.5,-157.0,-156.0,-157.0,-153.0,-157.0,-157.0,-155.5,-154.5,-157.0,-157.0,-157.0,-156.5,-155.0,-155.5,-157.0,-157.0,-157.0,-155.0,-153.0,-156.0,-149.5,-151.0,-151.5,-154.0,-153.5,-151.5,-151.0,-157.0,-152.0,-151.0,-155.0,-153.0,-156.5,-157.0,-157.0,-151.5,-154.0,-149.5,-155.0,-157.0,-155.5,-156.0,-157.0,-157.0,-157.0,-157.0,-157.0,-157.0,-152.0,-157.0,-152.5,-152.5,-153.5,-154.0,-153.5,-157.0,-151.5,-154.5,-152.5,-153.5,-153.0,-157.0,-157.0,-155.0,-152.5,-155.5,-157.0,-157.0,-157.0,-157.0,-155.5,-157.0,-157.0,-157.0,-157.0,-157.0,-154.0,-156.0,-156.5,-157.0,-155.0,-157.0,-156.0,-152.0,-157.0,-157.0,-154.5,-153.5,-151.5,-153.0,-157.0,-157.0,-156.0,-157.0,-157.0,-157.0,-153.5,-157.0,-154.0,-154.5,-156.5,-156.0,-152.0,-156.0,-155.0,-154.0,-157.0,-157.0,-157.0,-157.0,-157.0,-156.5,-154.5,-150.5,-151.5,-157.0,-157.0,-157.0,-157.0,-157.0,-157.0,-157.0,-156.0,-153.5,-157.0,-157.0,-154.0,-153.0,-153.5,-157.0,-153.5,-157.0,-154.0,-156.0,-157.0,-156.0,-157.0,-157.0,-152.0,-154.5,-157.0,-157.0,-156.0,-153.5,-154.5,-157.0,-157.0,-155.5,-151.5,-151.0,-156.5,-157.0,-152.0,-151.0,-152.5,-155.0,-155.0,-157.0,-154.5,-152.5,-148.5,-150.5,-157.0,-155.0,-157.0,-157.0,-154.0,-156.0,-157.0,-157.0,-156.0,-156.5,-156.5,-157.0,-157.0,-157.0,-157.0,-157.0,-157.0,-157.0,-157.0,-156.0,-157.0,-154.0,-152.0,-156.0,-153.0,-151.0,-155.5,-157.0,-157.0,-151.0,-154.5,-154.5,-157.0,-157.0,-157.0,-157.0,-157.0,-157.0,-155.5,-153.5,-151.5,-157.0,-146.0,-155.0,-155.0,-154.5,-150.0,-154.0,-157.0,-152.5,-152.0,-151.5,-157.0,-157.0,-157.0,-157.0,-157.0,-157.0,-157.0,-157.0,-157.0,-157.0,-157.0,-153.5,-156.5,-149.5,-155.5,-156.5,-156.5,-152.5,-155.5,-157.0,-157.0,-157.0,-157.0,-157.0,-154.0,-157.0,-157.0,-155.0,-152.0,-156.5,-153.0,-153.5,-156.0,-155.5,-157.0,-157.0,-155.5,-157.0,-153.0,-156.0,-157.0,-157.0,-153.0,-156.5,-154.0,-150.0,-149.5,-154.0,-151.0,-151.0,-157.0,-153.0,-151.0,-156.5,-154.5,-157.0,-157.0,-155.5,-157.0,-156.5,-153.5,-154.0,-156.0,-157.0,-157.0,-157.0,-152.0,-155.5,-156.5,-157.0,-155.0,-157.0,-157.0,-157.0,-151.5,-150.0,-155.5,-150.0,-150.5,-156.0,-154.0,-157.0,-157.0,-157.0,-157.0,-157.0,-152.0,-156.0,-157.0,-157.0,-155.5,-157.0,-157.0,-157.0,-157.0,-154.5,-154.0,-157.0,-154.0,-155.0,-156.0,-149.5,-149.0,-156.0,-157.0,-157.0,-157.0,-157.0,-157.0,-154.0,-154.5,-157.0,-157.0,-157.0,-146.0,-146.0,-151.5,-156.5,-153.0,-152.5,-157.0,-157.0,-157.0,-156.5,-157.0,-157.0,-157.0,-157.0,-157.0,-155.0,-153.0,-155.5,-157.0,-152.0,-156.0,-152.5,-152.0,-154.0,-155.5,-156.5,-156.0,-156.5,-151.5,-154.0,-157.0,-157.0,-157.0,-157.0,-157.0,-154.5,-152.5,-157.0,-157.0,-157.0,-156.0,-157.0,-157.0,-154.0,-157.0,-157.0,-156.5,-157.0,-153.5,-155.5,-157.0,-154.0,-157.0,-157.0,-154.5
2026-01-17 13:48:30.767,143.049967,5,-77,-157.0,-157.0,-154.5,-157.0,-157.0,-157.0,-157.0,-157.0,-156.0,-155.0,-157.0,-152.0,-152.0,-156.5,-156.0,-157.0,-156.5,-157.0,-157.0,-155.0,-155.0,-157.0,-153.5,-155.5,-151.0,-152.0,-152.5,-152.5,-154.5,-157.0,-157.0,-155.5,-156.0,-157.0,-157.0,-152.0,-149.5,-153.0,-155.0,-155.0,-151.0,-153.5,-157.0,-156.0,-149.5,-149.5,-157.0,-157.0,-155.5,-157.0,-157.0,-152.0,-153.5,-155.0,-155.0,-157.0,-155.5,-154.0,-153.5,-150.5,-150.5,-152.0,-157.0,-157.0,-157.0,-156.5,-157.0,-156.5,-153.0,-153.0,-157.0,-150.0,-155.5,-153.5,-150.5,-157.0,-157.0,-157.0,-155.5,-157.0,-157.0,-153.0,-151.5,-154.0,-157.0,-157.0,-152.0,-152.0,-157.0,-157.0,-157.0,-153.5,-155.5,-152.0,-151.5,-152.5,-157.0,-157.0,-157.0,-157.0,-157.0,-157.0,-157.0,-157.0,-157.0,-157.0,-157.0,-157.0,-157.0,-151.5,-151.5,-151.5,-153.0,-155.0,-149.5,-151.0,-153.5,-156.0,-151.5,-153.5,-149.0,-151.5,-155.5,-150.5,-151.0,-157.0,-151.5,-151.0,-152.0,-152.0,-152.0,-155.0,-153.5,-157.0,-155.0,-157.0,-156.5,-157.0,-157.0,-157.0,-148.5,-150.0,-152.5,-154.0,-150.0,-153.0,-154.0,-157.0,-150.0,-151.5,-157.0,-157.0,-153.5,-157.0,-155.5,-157.0,-153.5,-152.0,-155.0,-157.0,-157.0,-157.0,-157.0,-156.5,-157.0,-157.0,-157.0,-157.0,-155.5,-153.5,-152.5,-156.5,-157.0,-157.0,-154.5,-151.0,-157.0,-156.5,-155.0,-153.5,-154.5,-157.0,-157.0,-152.5,-154.5,-157.0,-157.0,-157.0,-157.0,-157.0,-151.5,-154.5,-156.5,-151.5,-149.5,-157.0,-155.0,-154.0,-157.0,-157.0,-157.0,-157.0,-155.5,-157.0,-157.0,-150.5,-151.0,-153.5,-157.0,-156.0,-157.0,-157.0,-157.0,-157.0,-155.0,-157.0,-157.0,-157.0,-153.0,-157.0,-153.5,-155.5,-154.5,-156.0,-157.0,-157.0,-157.0,-153.5,-156.5,-157.0,-154.0,-157.0,-157.0,-157.0,-157.0,-153.5,-157.0,-157.0,-157.0,-155.5,-154.5,-157.0,-154.5,-157.0,-154.0,-157.0,-156.0,-156.0,-157.0,-157.0,-153.0,-153.5,-151.5,-151.0,-156.5,-155.0,-157.0,-154.0,-151.0,-157.0,-157.0,-157.0,-155.5,-155.0,-157.0,-156.0,-157.0,-157.0,-157.0,-157.0,-157.0,-157.0,-155.5,-156.5,-157.0,-156.0,-153.0,-151.5,-150.5,-155.5,-157.0,-157.0,-153.5,-152.0,-155.5,-154.0,-157.0,-157.0,-156.5,-154.0,-154.5,-157.0,-154.5,-155.5,-151.5,-157.0,-148.5,-156.0,-151.0,-149.0,-148.0,-157.0,-154.5,-153.0,-150.0,-151.5,-155.5,-155.0,-154.5,-157.0,-157.0,-157.0,-156.0,-157.0,-155.0,-155.5,-156.0,-153.5,-155.0,-150.5,-151.0,-154.0,-156.5,-156.5,-157.0,-157.0,-157.0,-157.0,-157.0,-157.0,-152.0,-156.5,-156.5,-152.0,-152.5,-156.5,-156.0,-157.0,-152.0,-155.5,-157.0,-157.0,-154.0,-154.0,-153.5,-152.0,-153.0,-154.5,-153.5,-157.0,-156.0,-156.0,-152.5,-157.0,-154.5,-154.0,-157.0,-155.5,-152.0,-157.0,-157.0,-157.0,-157.0,-156.0,-153.5,-156.5,-157.0,-152.5,-153.0,-157.0,-157.0,-157.0,-151.0,-152.0,-157.0,-157.0,-152.0,-152.5,-154.5,-157.0,-150.5,-147.5,-156.5,-152.5,-150.0,-154.0,-155.5,-157.0,-157.0,-157.0,-154.5,-153.0,-150.5,-157.0,-157.0,-157.0,-155.5,-156.5,-157.0,-154.5,-157.0,-155.0,-152.5,-152.0,-152.5,-154.5,-157.0,-153.0,-151.0,-152.0,-154.0,-157.0,-154.5,-157.0,-157.0,-155.0,-152.5,-156.0,-157.0,-155.5,-147.0,-152.5,-156.0,-156.0,-157.0,-154.5,-157.0,-155.5,-155.5,-157.0,-157.0,-155.0,-157.0,-154.5,-155.0,-152.5,-152.5,-153.5,-157.0,-154.0,-153.5,-153.0,-153.0,-155.0,-154.5,-157.0,-156.5,-153.5,-154.5,-157.0,-157.0,-157.0,-157.0,-157.0,-157.0,-155.5,-155.5,-157.0,-157.0,-157.0,-155.5,-157.0,-154.5,-154.0,-157.0,-157.0,-157.0,-157.0,-155.5,-157.0,-157.0,-154.5,-157.0,-157.0,-156.0
2026-01-17 13:48:30.802,143.049967,5,-77,-157.0,-157.0,-154.5,-157.0,-157.0,-157.0,-155.0,-157.0,-157.0,-156.5,-157.0,-154.5,-154.0,-152.5,-157.0,-157.0,-156.0,-157.0,-157.0,-157.0,-157.0,-157.0,-156.0,-157.0,-153.5,-153.5,-154.5,-153.0,-157.0,-156.0,-157.0,-157.0,-155.5,-157.0,-154.5,-149.5,-152.5,-157.0,-150.5,-151.0,-151.0,-156.5,-157.0,-157.0,-155.0,-150.0,-157.0,-156.5,-155.5,-156.0,-157.0,-154.0,-156.5,-157.0,-157.0,-157.0,-155.5,-153.5,-151.0,-150.0,-152.0,-155.5,-157.0,-157.0,-154.0,-152.0,-157.0,-156.5,-154.5,-153.5,-153.5,-151.0,-152.0,-153.5,-150.5,-150.0,-157.0,-157.0,-156.0,-154.0,-157.0,-157.0,-156.0,-157.0,-157.0,-157.0,-152.5,-153.0,-157.0,-157.0,-157.0,-156.5,-155.5,-154.0,-153.0,-154.5,-157.0,-157.0,-157.0,-157.0,-157.0,-157.0,-157.0,-154.5,-157.0,-157.0,-154.5,-153.5,-157.0,-154.0,-152.0,-151.0,-157.0,-157.0,-151.5,-152.0,-157.0,-157.0,-155.5,-149.5,-147.5,-156.5,-154.5,-153.0,-150.5,-156.0,-152.5,-153.0,-149.5,-150.0,-154.0,-152.0,-152.5,-157.0,-154.0,-156.5,-152.5,-153.5,-153.0,-153.5,-151.0,-151.0,-150.5,-151.5,-150.5,-154.5,-157.0,-157.0,-152.0,-154.0,-157.0,-157.0,-156.0,-157.0,-157.0,-157.0,-155.5,-157.0,-155.0,-154.0,-157.0,-157.0,-157.0,-154.5,-157.0,-157.0,-157.0,-156.0,-154.5,-151.0,-148.5,-149.5,-153.5,-157.0,-157.0,-152.5,-157.0,-157.0,-156.0,-157.0,-157.0,-155.0,-157.0,-153.5,-155.5,-155.0,-155.5,-157.0,-157.0,-157.0,-152.5,-156.0,-157.0,-157.0,-152.5,-157.0,-152.5,-156.5,-157.0,-157.0,-157.0,-157.0,-157.0,-156.5,-157.0,-157.0,-155.0,-153.5,-157.0,-152.5,-153.0,-153.0,-157.0,-157.0,-156.5,-157.0,-157.0,-157.0,-153.0,-155.5,-154.5,-153.0,-155.0,-156.0,-157.0,-157.0,-157.0,-150.5,-152.5,-157.0,-155.5,-157.0,-157.0,-156.5,-154.0,-151.5,-156.0,-157.0,-157.0,-157.0,-157.0,-155.5,-148.5,-151.0,-157.0,-157.0,-157.0,-156.5,-157.0,-157.0,-153.5,-157.0,-153.5,-153.5,-157.0,-157.0,-157.0,-151.0,-151.0,-157.0,-157.0,-157.0,-157.0,-155.0,-157.0,-153.0,-153.5,-156.0,-157.0,-157.0,-157.0,-157.0,-154.0,-155.5,-157.0,-157.0,-157.0,-156.0,-154.0,-157.0,-157.0,-154.0,-152.5,-157.0,-153.5,-153.5,-157.0,-157.0,-157.0,-153.0,-154.5,-157.0,-152.5,-153.5,-155.5,-157.0,-152.0,-157.0,-153.0,-153.0,-150.5,-153.0,-153.0,-157.0,-154.0,-153.5,-152.0,-150.0,-151.0,-157.0,-156.5,-156.5,-154.0,-153.0,-151.0,-155.5,-154.0,-152.0,-157.0,-154.0,-152.0,-154.0,-153.5,-157.0,-157.0,-157.0,-154.5,-155.0,-152.0,-153.5,-150.5,-156.5,-152.5,-150.5,-153.0,-157.0,-157.0,-156.5,-153.0,-157.0,-157.0,-154.0,-154.5,-157.0,-152.5,-149.5,-150.5,-157.0,-157.0,-157.0,-153.5,-154.0,-157.0,-157.0,-157.0,-157.0,-157.0,-157.0,-153.5,-154.5,-156.0,-154.5,-156.0,-157.0,-151.0,-152.0,-157.0,-152.5,-153.0,-157.0,-157.0,-157.0,-152.0,-151.0,-157.0,-157.0,-153.0,-150.5,-151.5,-156.5,-151.0,-148.0,-153.5,-157.0,-152.5,-155.5,-157.0,-155.5,-154.5,-157.0,-157.0,-155.0,-151.0,-157.0,-157.0,-157.0,-155.5,-156.0,-152.5,-150.0,-154.5,-152.0,-152.0,-152.0,-155.0,-157.0,-157.0,-155.5,-156.5,-154.5,-157.0,-154.0,-152.0,-157.0,-157.0,-153.0,-153.0,-157.0,-157.0,-153.0,-147.5,-152.5,-157.0,-157.0,-157.0,-157.0,-157.0,-155.5,-154.5,-154.0,-152.0,-152.5,-156.5,-153.0,-157.0,-154.5,-157.0,-157.0,-155.5,-154.5,-157.0,-154.0,-157.0,-157.0,-156.5,-157.0,-157.0,-157.0,-157.0,-157.0,-157.0,-154.0,-157.0,-156.5,-156.5,-156.0,-157.0,-157.0,-154.0,-153.5,-154.0,-157.0,-157.0,-157.0,-157.0,-157.0,-156.0,-156.5,-157.0,-157.0,-157.0,-156.5,-157.0,-154.5,-156.0
2026-01-17 13:48:30.835,143.049967,5,-77,-157.0,-157.0,-156.0,-156.5,-157.0,-157.0,-151.0,-153.5,-157.0,-157.0,-157.0,-156.5,-154.5,-153.0,-157.0,-155.5,-154.0,-157.0,-154.0,-156.5,-157.0,-157.0,-157.0,-157.0,-157.0,-157.0,-157.0,-157.0,-157.0,-157.0,-157.0,-157.0,-155.5,-157.0,-151.0,-149.5,-157.0,-157.0,-151.0,-151.5,-151.5,-157.0,-156.5,-157.0,-157.0,-151.5,-155.0,-157.0,-157.0,-152.0,-157.0,-157.0,-157.0,-157.0,-157.0,-157.0,-157.0,-157.0,-153.5,-157.0,-157.0,-154.5,-157.0,-157.0,-150.5,-149.5,-157.0,-154.0,-157.0,-154.0,-153.0,-157.0,-149.5,-150.5,-153.0,-150.5,-153.0,-153.0,-153.0,-154.0,-157.0,-157.0,-157.0,-157.0,-157.0,-156.5,-154.0,-155.5,-157.0,-157.0,-157.0,-154.0,-153.0,-154.0,-157.0,-157.0,-156.0,-154.0,-157.0,-157.0,-155.0,-156.5,-156.5,-152.0,-152.5,-156.5,-153.5,-151.0,-154.0,-157.0,-155.0,-156.5,-157.0,-157.0,-153.0,-153.5,-156.5,-157.0,-157.0,-153.0,-150.0,-156.5,-157.0,-152.5,-151.5,-153.5,-155.5,-151.5,-148.0,-152.5,-157.0,-156.5,-157.0,-154.0,-156.0,-157.0,-156.5,-152.5,-153.5,-151.5,-157.0,-156.5,-151.0,-157.0,-157.0,-157.0,-157.0,-157.0,-157.0,-152.0,-152.5,-157.0,-157.0,-157.0,-157.0,-156.5,-155.0,-157.0,-154.0,-152.0,-156.0,-157.0,-152.5,-152.0,-157.0,-157.0,-157.0,-155.0,-156.0,-156.5,-151.0,-153.0,-152.0,-153.5,-157.0,-152.5,-157.0,-157.0,-157.0,-157.0,-157.0,-154.0,-157.0,-157.0,-157.0,-155.0,-152.0,-157.0,-155.0,-157.0,-156.5,-157.0,-156.5,-156.0,-155.5,-157.0,-153.5,-157.0,-157.0,-157.0,-157.0,-152.0,-157.0,-154.0,-157.0,-157.0,-156.0,-154.5,-157.0,-152.0,-153.0,-151.0,-155.0,-157.0,-156.5,-157.0,-157.0,-157.0,-153.0,-152.5,-154.5,-155.5,-154.5,-157.0,-157.0,-157.0,-157.0,-153.5,-155.5,-157.0,-157.0,-157.0,-157.0,-157.0,-154.0,-152.0,-153.5,-157.0,-157.0,-157.0,-157.0,-152.0,-146.5,-149.0,-157.0,-157.0,-157.0,-154.5,-155.0,-156.0,-155.5,-157.0,-157.0,-155.5,-157.0,-157.0,-157.0,-155.5,-157.0,-157.0,-157.0,-157.0,-157.0,-156.0,-152.5,-151.0,-155.5,-153.5,-155.5,-157.0,-157.0,-156.0,-157.0,-157.0,-157.0,-157.0,-157.0,-156.5,-152.5,-152.5,-157.0,-152.0,-153.5,-157.0,-156.0,-153.5,-154.5,-157.0,-157.0,-157.0,-157.0,-157.0,-152.0,-151.0,-157.0,-152.5,-152.0,-157.0,-156.0,-157.0,-153.5,-157.0,-154.5,-157.0,-154.5,-156.0,-153.5,-151.0,-150.5,-155.0,-156.0,-153.5,-155.5,-156.5,-152.5,-156.0,-153.5,-150.5,-153.5,-154.5,-154.0,-154.0,-154.0,-151.5,-151.5,-151.5,-156.5,-155.5,-151.5,-151.5,-150.0,-154.5,-154.5,-153.0,-156.5,-157.0,-157.0,-157.0,-157.0,-157.0,-157.0,-156.0,-157.0,-157.0,-152.5,-152.5,-153.5,-157.0,-157.0,-155.5,-153.0,-154.5,-157.0,-157.0,-157.0,-157.0,-157.0,-157.0,-157.0,-153.0,-153.5,-154.0,-156.5,-156.0,-154.5,-157.0,-157.0,-157.0,-156.0,-157.0,-157.0,-156.0,-157.0,-154.0,-157.0,-154.0,-150.5,-150.5,-149.0,-152.0,-154.5,-152.0,-154.0,-157.0,-156.0,-157.0,-157.0,-155.0,-154.0,-157.0,-157.0,-155.5,-153.0,-157.0,-157.0,-157.0,-157.0,-157.0,-153.0,-152.0,-157.0,-152.5,-154.0,-157.0,-157.0,-157.0,-156.0,-155.5,-156.0,-157.0,-157.0,-154.5,-153.0,-157.0,-157.0,-151.5,-152.5,-157.0,-156.5,-149.0,-147.0,-153.5,-157.0,-157.0,-152.0,-153.5,-157.0,-154.5,-152.5,-151.5,-153.5,-157.0,-156.5,-152.5,-157.0,-157.0,-157.0,-157.0,-156.0,-155.0,-157.0,-153.5,-157.0,-157.0,-157.0,-157.0,-157.0,-157.0,-157.0,-157.0,-153.0,-149.0,-150.5,-154.5,-157.0,-157.0,-157.0,-157.0,-153.0,-152.5,-155.0,-157.0,-157.0,-157.0,-157.0,-157.0,-157.0,-152.5,-156.5,-157.0,-157.0,-157.0,-154.5,-151.5,-157.0
2026-01-17 13:48:30.867,143.049967,5,-77,-157.0,-157.0,-154.0,-157.0,-154.5,-157.0,-151.5,-155.0,-155.0,-155.0,-156.0,-152.5,-151.5,-154.5,-155.5,-154.5,-154.5,-157.0,-157.0,-155.5,-156.5,-157.0,-157.0,-157.0,-155.5,-153.5,-157.0,-157.0,-157.0,-157.0,-157.0,-157.0,-156.5,-155.5,-153.0,-152.5,-155.0,-157.0,-155.5,-155.0,-150.5,-154.0,-154.5,-157.0,-154.0,-154.0,-153.0,-157.0,-154.0,-149.5,-156.0,-157.0,-156.0,-155.5,-156.0,-156.5,-157.0,-157.0,-154.0,-157.0,-154.5,-150.5,-152.5,-157.0,-150.5,-149.5,-157.0,-154.5,-157.0,-157.0,-155.0,-157.0,-152.5,-153.0,-157.0,-156.5,-156.5,-149.5,-154.0,-157.0,-157.0,-157.0,-152.0,-153.5,-154.5,-156.5,-156.5,-155.0,-157.0,-155.0,-157.0,-154.0,-157.0,-154.0,-157.0,-157.0,-156.0,-152.0,-152.0,-152.5,-154.0,-157.0,-155.5,-151.0,-152.0,-152.0,-156.5,-153.0,-155.5,-156.0,-157.0,-157.0,-157.0,-157.0,-155.0,-152.0,-151.5,-157.0,-157.0,-157.0,-156.5,-152.5,-153.0,-150.0,-155.0,-153.5,-157.0,-151.5,-150.0,-156.0,-155.0,-157.0,-157.0,-154.5,-157.0,-157.0,-157.0,-155.0,-157.0,-155.5,-157.0,-157.0,-154.0,-157.0,-157.0,-157.0,-156.5,-156.0,-157.0,-148.0,-148.5,-153.0,-157.0,-157.0,-157.0,-156.5,-157.0,-155.5,-156.0,-152.5,-153.5,-157.0,-155.0,-153.5,-157.0,-157.0,-151.5,-149.5,-153.5,-153.5,-152.0,-157.0,-153.5,-151.0,-155.5,-154.0,-155.0,-157.0,-157.0,-157.0,-157.0,-154.0,-157.0,-157.0,-157.0,-155.0,-152.5,-157.0,-152.0,-157.0,-156.5,-157.0,-157.0,-153.0,-155.0,-157.0,-155.5,-156.0,-157.0,-157.0,-153.0,-152.0,-155.0,-154.5,-157.0,-155.5,-154.5,-154.0,-157.0,-153.0,-155.5,-150.0,-152.0,-157.0,-157.0,-155.5,-157.0,-157.0,-155.0,-150.0,-151.0,-157.0,-156.5,-157.0,-157.0,-157.0,-155.5,-157.0,-157.0,-157.0,-157.0,-157.0,-157.0,-157.0,-157.0,-157.0,-156.5,-157.0,-156.5,-157.0,-154.5,-154.0,-149.5,-151.5,-156.5,-157.0,-155.5,-153.0,-151.5,-154.5,-157.0,-157.0,-157.0,-155.0,-157.0,-157.0,-157.0,-153.5,-155.5,-157.0,-157.0,-157.0,-157.0,-157.0,-156.0,-150.0,-154.0,-154.0,-155.0,-157.0,-157.0,-156.0,-157.0,-155.0,-153.5,-154.5,-155.5,-157.0,-155.5,-153.5,-157.0,-154.5,-157.0,-157.0,-157.0,-157.0,-154.0,-157.0,-157.0,-157.0,-157.0,-157.0,-154.5,-156.0,-157.0,-151.5,-149.5,-157.0,-154.5,-155.5,-156.5,-157.0,-156.0,-157.0,-153.5,-156.5,-155.5,-150.0,-149.5,-151.5,-152.0,-152.5,-156.0,-157.0,-155.0,-153.5,-157.0,-154.5,-155.0,-157.0,-153.5,-155.5,-155.5,-153.5,-154.0,-154.5,-157.0,-156.5,-156.0,-154.5,-157.0,-157.0,-157.0,-155.0,-157.0,-157.0,-157.0,-157.0,-157.0,-157.0,-157.0,-157.0,-157.0,-157.0,-154.5,-157.0,-156.5,-157.0,-154.0,-157.0,-154.0,-157.0,-155.5,-157.0,-157.0,-157.0,-157.0,-157.0,-157.0,-157.0,-157.0,-152.0,-157.0,-157.0,-157.0,-157.0,-155.5,-155.0,-157.0,-156.0,-156.0,-157.0,-157.0,-151.5,-155.5,-152.0,-150.5,-153.5,-152.0,-154.5,-155.0,-155.5,-157.0,-157.0,-156.0,-156.0,-157.0,-157.0,-157.0,-157.0,-156.0,-157.0,-154.5,-157.0,-157.0,-157.0,-157.0,-157.0,-156.5,-157.0,-157.0,-155.0,-155.0,-157.0,-156.5,-154.5,-157.0,-157.0,-157.0,-157.0,-157.0,-157.0,-157.0,-154.0,-157.0,-154.5,-153.0,-157.0,-154.0,-148.5,-146.5,-149.0,-157.0,-151.5,-153.0,-153.5,-157.0,-151.5,-154.5,-155.5,-157.0,-157.0,-155.0,-152.0,-156.5,-157.0,-157.0,-157.0,-157.0,-157.0,-157.0,-153.5,-157.0,-157.0,-157.0,-157.0,-157.0,-157.0,-157.0,-157.0,-151.5,-148.0,-154.5,-157.0,-155.5,-157.0,-157.0,-157.0,-151.5,-154.5,-157.0,-157.0,-157.0,-157.0,-157.0,-157.0,-155.5,-153.0,-157.0,-157.0,-157.0,-157.0,-156.0,-153.5,-157.0
2026-01-17 13:48:30.899,143.049967,5,-77,-157.0,-157.0,-155.0,-157.0,-154.0,-157.0,-155.0,-155.0,-152.5,-155.5,-155.0,-150.5,-151.0,-155.5,-155.5,-157.0,-157.0,-157.0,-157.0,-155.0,-157.0,-157.0,-157.0,-153.5,-155.5,-152.5,-155.0,-157.0,-157.0,-157.0,-157.0,-157.0,-157.0,-156.5,-157.0,-156.5,-152.0,-155.0,-157.0,-156.5,-151.5,-151.5,-157.0,-157.0,-157.0,-152.5,-152.5,-157.0,-153.0,-149.0,-157.0,-156.0,-155.0,-155.5,-157.0,-153.0,-152.5,-154.5,-154.5,-157.0,-156.5,-153.0,-153.5,-157.0,-151.0,-150.0,-157.0,-155.5,-157.0,-157.0,-157.0,-156.5,-153.5,-153.5,-155.0,-157.0,-153.5,-150.0,-154.5,-157.0,-157.0,-157.0,-152.5,-157.0,-152.5,-157.0,-157.0,-154.0,-157.0,-152.5,-154.0,-156.5,-157.0,-157.0,-157.0,-155.5,-154.5,-152.5,-153.0,-151.0,-157.0,-157.0,-153.5,-153.0,-155.0,-151.5,-154.0,-154.0,-155.5,-155.0,-157.0,-157.0,-154.0,-156.5,-154.0,-157.0,-153.0,-154.5,-157.0,-157.0,-157.0,-151.5,-150.5,-150.0,-152.5,-153.0,-157.0,-156.0,-156.5,-157.0,-156.5,-157.0,-153.5,-153.0,-157.0,-157.0,-157.0,-157.0,-157.0,-157.0,-157.0,-157.0,-157.0,-157.0,-157.0,-155.5,-156.0,-155.5,-156.5,-150.0,-153.5,-155.0,-157.0,-157.0,-156.0,-157.0,-157.0,-157.0,-157.0,-154.5,-156.5,-157.0,-157.0,-154.0,-157.0,-157.0,-151.5,-147.5,-148.5,-152.0,-151.0,-157.0,-154.5,-150.5,-153.5,-157.0,-156.5,-157.0,-157.0,-156.0,-156.5,-151.5,-156.0,-156.0,-154.0,-152.5,-157.0,-157.0,-151.5,-155.0,-156.5,-157.0,-157.0,-153.5,-154.0,-157.0,-157.0,-157.0,-157.0,-157.0,-151.5,-152.5,-154.5,-157.0,-157.0,-156.0,-154.5,-155.5,-157.0,-155.5,-157.0,-150.5,-151.5,-157.0,-157.0,-156.5,-157.0,-154.0,-151.5,-151.0,-151.5,-157.0,-157.0,-157.0,-157.0,-156.5,-155.0,-157.0,-157.0,-157.0,-157.0,-157.0,-157.0,-157.0,-157.0,-157.0,-157.0,-154.5,-154.0,-157.0,-156.5,-157.0,-153.5,-153.0,-152.5,-156.5,-157.0,-156.0,-153.0,-151.5,-157.0,-156.0,-152.5,-152.5,-157.0,-157.0,-157.0,-152.0,-152.0,-157.0,-157.0,-157.0,-157.0,-156.0,-157.0,-150.0,-154.5,-154.5,-152.5,-153.5,-157.0,-156.0,-157.0,-157.0,-153.0,-157.0,-154.0,-156.0,-153.0,-153.0,-157.0,-157.0,-157.0,-157.0,-156.0,-154.5,-154.0,-157.0,-157.0,-157.0,-155.5,-153.5,-157.0,-157.0,-157.0,-150.0,-149.0,-155.5,-153.0,-155.5,-157.0,-155.5,-156.5,-154.5,-151.5,-152.0,-153.0,-148.5,-151.5,-152.5,-153.0,-151.0,-154.5,-157.0,-157.0,-155.0,-157.0,-157.0,-156.0,-155.5,-151.5,-151.5,-156.5,-157.0,-157.0,-157.0,-157.0,-154.5,-152.5,-151.5,-157.0,-157.0,-155.0,-152.5,-157.0,-157.0,-157.0,-157.0,-157.0,-157.0,-157.0,-157.0,-157.0,-156.5,-157.0,-157.0,-157.0,-156.0,-152.5,-157.0,-155.5,-157.0,-151.0,-156.5,-157.0,-157.0,-157.0,-157.0,-157.0,-157.0,-157.0,-150.0,-155.5,-157.0,-157.0,-157.0,-157.0,-155.5,-157.0,-157.0,-155.5,-155.0,-154.0,-149.0,-151.5,-153.5,-153.0,-154.5,-155.5,-157.0,-151.0,-151.5,-157.0,-157.0,-153.0,-157.0,-157.0,-157.0,-157.0,-157.0,-154.0,-153.5,-153.0,-157.0,-157.0,-157.0,-154.0,-154.5,-153.5,-156.0,-157.0,-157.0,-157.0,-156.0,-157.0,-156.5,-157.0,-155.0,-155.0,-156.5,-156.0,-157.0,-155.0,-150.5,-153.0,-157.0,-156.5,-155.5,-155.5,-153.5,-150.5,-149.5,-155.5,-151.0,-156.0,-155.5,-154.0,-152.0,-154.5,-157.0,-157.0,-157.0,-155.0,-155.5,-157.0,-157.0,-157.0,-153.5,-157.0,-157.0,-157.0,-157.0,-155.5,-157.0,-157.0,-157.0,-157.0,-157.0,-157.0,-157.0,-154.0,-151.0,-157.0,-157.0,-154.5,-157.0,-157.0,-157.0,-152.0,-153.5,-154.5,-156.5,-157.0,-157.0,-157.0,-157.0,-154.5,-157.0,-157.0,-157.0,-157.0,-157.0,-156.5,-156.0,-157.0
2026-01-17 13:48:30.935,143.049967,5,-77,-157.0,-157.0,-157.0,-157.0,-154.5,-157.0,-157.0,-154.5,-154.0,-157.0,-157.0,-154.0,-156.5,-153.5,-157.0,-154.5,-155.5,-157.0,-157.0,-156.0,-157.0,-157.0,-157.0,-153.5,-157.0,-157.0,-157.0,-157.0,-157.0,-157.0,-157.0,-157.0,-156.0,-157.0,-157.0,-157.0,-150.0,-151.5,-154.5,-157.0,-153.0,-152.0,-157.0,-157.0,-157.0,-151.0,-152.5,-157.0,-153.5,-152.0,-157.0,-157.0,-157.0,-157.0,-156.5,-154.5,-155.5,-156.0,-157.0,-157.0,-157.0,-157.0,-157.0,-156.5,-154.0,-152.0,-152.5,-154.5,-155.5,-157.0,-157.0,-157.0,-157.0,-154.0,-155.0,-152.5,-151.0,-153.0,-155.0,-154.5,-155.0,-157.0,-154.5,-154.0,-151.0,-157.0,-157.0,-154.5,-157.0,-151.0,-154.0,-157.0,-157.0,-157.0,-156.0,-152.0,-156.0,-157.0,-157.0,-156.5,-157.0,-157.0,-152.5,-153.0,-152.0,-156.5,-157.0,-154.5,-155.0,-157.0,-157.0,-154.0,-151.5,-157.0,-151.0,-155.0,-157.0,-155.5,-157.0,-157.0,-157.0,-154.0,-150.5,-153.5,-155.5,-154.0,-157.0,-157.0,-157.0,-157.0,-153.0,-154.5,-153.5,-155.5,-156.0,-155.0,-155.0,-157.0,-157.0,-157.0,-157.0,-157.0,-157.0,-156.5,-157.0,-157.0,-157.0,-156.0,-157.0,-155.5,-157.0,-156.0,-157.0,-154.5,-152.0,-154.0,-154.0,-157.0,-157.0,-154.0,-157.0,-157.0,-157.0,-156.0,-157.0,-157.0,-157.0,-152.5,-151.5,-154.0,-154.0,-157.0,-155.5,-153.5,-157.0,-155.0,-156.5,-157.0,-157.0,-157.0,-153.5,-152.5,-152.0,-152.0,-154.0,-151.0,-157.0,-157.0,-151.5,-153.5,-157.0,-156.0,-157.0,-157.0,-156.0,-156.5,-157.0,-157.0,-157.0,-157.0,-154.0,-157.0,-155.0,-156.5,-157.0,-152.0,-153.5,-156.5,-157.0,-157.0,-157.0,-153.5,-154.0,-157.0,-157.0,-157.0,-157.0,-155.5,-151.0,-156.5,-155.5,-157.0,-157.0,-157.0,-157.0,-154.5,-154.0,-154.0,-157.0,-155.5,-156.0,-157.0,-156.0,-157.0,-157.0,-157.0,-157.0,-156.5,-152.5,-155.0,-154.0,-157.0,-152.0,-155.5,-152.0,-153.5,-157.0,-157.0,-157.0,-151.0,-153.0,-154.5,-153.0,-152.5,-157.0,-157.0,-157.0,-154.5,-154.0,-157.0,-154.5,-157.0,-155.5,-155.5,-155.0,-154.0,-153.0,-157.0,-154.5,-154.0,-157.0,-157.0,-153.0,-156.5,-154.5,-157.0,-151.5,-153.0,-150.0,-153.0,-157.0,-157.0,-157.0,-157.0,-153.0,-153.0,-156.0,-157.0,-157.0,-157.0,-153.5,-152.5,-153.5,-156.5,-157.0,-152.5,-154.5,-154.5,-157.0,-157.0,-157.0,-155.5,-157.0,-152.0,-150.0,-152.5,-155.5,-152.0,-153.5,-151.5,-157.0,-150.0,-154.0,-155.5,-157.0,-157.0,-157.0,-157.0,-157.0,-156.0,-157.0,-154.0,-156.5,-157.0,-157.0,-157.0,-157.0,-157.0,-151.5,-154.5,-156.0,-154.5,-156.0,-155.5,-157.0,-157.0,-155.5,-156.0,-154.0,-157.0,-157.0,-157.0,-157.0,-156.5,-157.0,-157.0,-157.0,-157.0,-155.0,-157.0,-155.5,-154.5,-150.5,-153.5,-157.0,-157.0,-157.0,-157.0,-156.0,-156.5,-157.0,-150.0,-149.5,-155.0,-157.0,-155.5,-157.0,-157.0,-157.0,-154.5,-152.0,-153.5,-157.0,-151.0,-151.0,-150.5,-156.0,-155.0,-157.0,-157.0,-152.0,-154.5,-157.0,-157.0,-153.5,-155.5,-157.0,-157.0,-157.0,-157.0,-156.5,-154.5,-154.0,-156.0,-157.0,-157.0,-157.0,-155.5,-154.0,-154.0,-157.0,-157.0,-156.5,-157.0,-154.0,-157.0,-157.0,-152.5,-152.5,-157.0,-157.0,-157.0,-157.0,-151.0,-153.0,-157.0,-157.0,-157.0,-156.5,-153.0,-157.0,-153.5,-153.0,-152.5,-157.0,-153.5,-157.0,-157.0,-155.0,-157.0,-157.0,-156.0,-157.0,-157.0,-157.0,-157.0,-156.0,-151.5,-151.5,-157.0,-157.0,-157.0,-156.5,-154.0,-152.5,-151.5,-153.0,-157.0,-154.5,-154.0,-154.0,-153.5,-154.0,-154.0,-154.5,-157.0,-157.0,-156.5,-156.0,-154.0,-152.5,-157.0,-157.0,-156.5,-157.0,-154.0,-154.0,-157.0,-157.0,-157.0,-154.0,-154.0,-157.0,-157.0,-157.0
2026-01-17 13:48:30.968,143.049967,5,-77,-157.0,-157.0,-157.0,-157.0,-154.5,-157.0,-157.0,-156.0,-157.0,-157.0,-157.0,-156.5,-157.0,-153.0,-155.5,-154.0,-154.5,-155.5,-157.0,-154.5,-157.0,-156.0,-156.0,-154.0,-155.5,-157.0,-157.0,-157.0,-154.0,-157.0,-157.0,-156.0,-154.5,-157.0,-154.0,-157.0,-152.0,-157.0,-152.0,-155.5,-155.5,-153.0,-157.0,-156.0,-153.5,-151.0,-153.0,-157.0,-157.0,-157.0,-157.0,-157.0,-156.5,-157.0,-153.5,-157.0,-157.0,-157.0,-157.0,-157.0,-156.5,-157.0,-155.0,-155.0,-157.0,-157.0,-154.5,-156.5,-152.0,-154.5,-153.5,-157.0,-157.0,-157.0,-157.0,-154.5,-150.0,-156.0,-157.0,-155.0,-157.0,-157.0,-154.5,-157.0,-151.5,-155.0,-157.0,-157.0,-154.5,-152.0,-157.0,-156.5,-157.0,-157.0,-152.5,-152.5,-157.0,-157.0,-157.0,-157.0,-157.0,-157.0,-156.5,-154.0,-152.0,-157.0,-157.0,-156.5,-156.0,-156.0,-157.0,-152.0,-152.5,-156.5,-150.0,-151.5,-155.5,-155.5,-154.5,-154.0,-157.0,-157.0,-152.5,-154.5,-156.0,-157.0,-157.0,-157.0,-157.0,-157.0,-153.5,-156.5,-157.0,-157.0,-157.0,-154.0,-155.0,-157.0,-157.0,-157.0,-157.0,-157.0,-157.0,-157.0,-157.0,-157.0,-157.0,-157.0,-157.0,-157.0,-157.0,-157.0,-155.5,-152.5,-153.0,-156.0,-156.5,-157.0,-157.0,-152.5,-157.0,-157.0,-157.0,-155.5,-156.5,-157.0,-157.0,-157.0,-157.0,-157.0,-157.0,-157.0,-157.0,-157.0,-157.0,-153.0,-157.0,-157.0,-157.0,-157.0,-157.0,-156.0,-147.5,-147.5,-151.5,-153.0,-157.0,-157.0,-151.0,-153.5,-155.0,-157.0,-157.0,-157.0,-157.0,-156.5,-154.5,-152.5,-157.0,-154.5,-157.0,-157.0,-157.0,-157.0,-151.0,-149.0,-157.0,-157.0,-157.0,-157.0,-157.0,-157.0,-157.0,-157.0,-156.0,-157.0,-157.0,-156.0,-153.5,-157.0,-156.0,-157.0,-152.0,-155.0,-156.5,-155.0,-155.5,-153.5,-157.0,-157.0,-157.0,-157.0,-156.5,-155.5,-157.0,-157.0,-157.0,-157.0,-155.0,-148.5,-150.0,-156.5,-151.0,-155.5,-156.0,-152.5,-153.0,-156.5,-156.5,-153.5,-151.0,-156.5,-157.0,-154.0,-157.0,-157.0,-157.0,-157.0,-157.0,-154.5,-154.0,-157.0,-157.0,-155.0,-155.5,-157.0,-154.0,-157.0,-154.5,-153.5,-157.0,-157.0,-151.5,-155.5,-156.0,-157.0,-155.5,-157.0,-152.5,-156.5,-155.5,-156.5,-157.0,-157.0,-151.5,-154.0,-155.0,-157.0,-157.0,-155.5,-157.0,-157.0,-154.0,-157.0,-157.0,-156.5,-157.0,-154.5,-157.0,-157.0,-155.5,-154.5,-157.0,-150.5,-152.5,-156.0,-157.0,-155.0,-153.0,-150.5,-153.0,-150.5,-157.0,-152.0,-154.0,-155.5,-157.0,-156.5,-157.0,-157.0,-157.0,-157.0,-157.0,-157.0,-157.0,-157.0,-157.0,-157.0,-155.0,-157.0,-157.0,-155.0,-156.5,-157.0,-157.0,-157.0,-156.0,-157.0,-150.0,-151.5,-152.0,-157.0,-157.0,-157.0,-157.0,-156.5,-157.0,-157.0,-157.0,-157.0,-157.0,-154.5,-152.0,-155.0,-155.0,-157.0,-157.0,-156.0,-157.0,-157.0,-157.0,-155.5,-151.0,-157.0,-157.0,-156.0,-157.0,-157.0,-157.0,-153.5,-154.0,-157.0,-157.0,-157.0,-154.0,-151.5,-157.0,-157.0,-157.0,-157.0,-157.0,-157.0,-157.0,-157.0,-157.0,-157.0,-156.5,-157.0,-157.0,-157.0,-157.0,-157.0,-156.5,-157.0,-157.0,-156.5,-157.0,-157.0,-157.0,-157.0,-157.0,-157.0,-154.5,-157.0,-151.0,-154.5,-156.5,-157.0,-153.5,-157.0,-157.0,-155.5,-156.5,-155.0,-156.5,-157.0,-157.0,-157.0,-152.5,-147.5,-156.5,-155.5,-152.5,-157.0,-157.0,-152.0,-157.0,-157.0,-152.5,-152.0,-157.0,-154.0,-154.5,-157.0,-157.0,-155.5,-155.0,-153.0,-151.5,-153.5,-157.0,-156.0,-154.0,-153.5,-151.5,-150.5,-155.0,-157.0,-154.0,-157.0,-155.0,-155.5,-154.5,-151.5,-153.5,-157.0,-155.0,-157.0,-157.0,-151.5,-154.5,-157.0,-157.0,-155.0,-153.0,-157.0,-156.5,-156.5,-157.0,-157.0,-157.0,-153.0,-157.0,-157.0,-157.0
2026-01-17 13:48:31.004,143.049967,5,-77,-157.0,-157.0,-157.0,-157.0,-157.0,-157.0,-152.5,-154.5,-157.0,-157.0,-157.0,-156.5,-157.0,-157.0,-157.0,-157.0,-157.0,-157.0,-156.0,-155.0,-157.0,-154.0,-155.5,-157.0,-155.0,-157.0,-157.0,-157.0,-153.0,-154.0,-157.0,-157.0,-156.5,-152.5,-151.5,-157.0,-152.5,-153.5,-152.5,-154.0,-154.5,-154.0,-155.5,-153.0,-151.5,-151.5,-157.0,-155.0,-155.0,-156.0,-154.5,-157.0,-156.5,-157.0,-154.0,-157.0,-154.5,-152.0,-157.0,-157.0,-157.0,-157.0,-156.0,-155.0,-157.0,-155.0,-154.5,-154.5,-151.0,-153.5,-153.5,-157.0,-157.0,-157.0,-157.0,-151.0,-149.5,-157.0,-156.0,-157.0,-155.0,-151.5,-151.0,-155.5,-153.5,-155.0,-157.0,-157.0,-154.5,-155.0,-157.0,-153.0,-157.0,-156.5,-157.0,-157.0,-157.0,-157.0,-157.0,-157.0,-157.0,-154.5,-155.5,-157.0,-152.0,-157.0,-157.0,-157.0,-157.0,-155.0,-157.0,-155.0,-154.0,-154.0,-156.0,-153.0,-156.0,-156.5,-152.0,-153.5,-157.0,-157.0,-157.0,-153.5,-157.0,-157.0,-156.0,-157.0,-157.0,-157.0,-155.5,-157.0,-157.0,-157.0,-157.0,-156.0,-156.0,-156.0,-157.0,-157.0,-156.5,-154.5,-157.0,-157.0,-157.0,-157.0,-157.0,-157.0,-157.0,-155.0,-157.0,-157.0,-157.0,-157.0,-157.0,-157.0,-157.0,-157.0,-154.0,-151.0,-157.0,-157.0,-157.0,-157.0,-157.0,-157.0,-157.0,-157.0,-157.0,-157.0,-157.0,-157.0,-157.0,-157.0,-157.0,-156.0,-157.0,-157.0,-157.0,-156.5,-157.0,-152.5,-150.0,-150.5,-153.0,-157.0,-157.0,-156.0,-154.5,-152.5,-155.0,-157.0,-156.0,-155.5,-156.0,-156.0,-151.5,-148.5,-154.5,-152.5,-155.0,-157.0,-157.0,-157.0,-151.0,-149.0,-154.5,-157.0,-157.0,-155.0,-154.5,-157.0,-157.0,-157.0,-152.0,-155.0,-157.0,-156.5,-156.0,-155.5,-152.5,-151.0,-149.5,-153.5,-155.5,-157.0,-157.0,-157.0,-157.0,-157.0,-157.0,-157.0,-157.0,-154.5,-156.0,-155.5,-157.0,-157.0,-157.0,-147.5,-149.0,-157.0,-152.5,-154.0,-157.0,-152.5,-149.0,-151.0,-157.0,-155.5,-151.0,-152.0,-157.0,-157.0,-157.0,-157.0,-157.0,-157.0,-154.5,-155.5,-157.0,-157.0,-155.5,-152.0,-155.5,-156.0,-154.5,-157.0,-156.5,-152.5,-154.5,-156.5,-151.0,-153.0,-155.0,-157.0,-157.0,-157.0,-156.0,-155.0,-156.5,-157.0,-157.0,-157.0,-152.0,-152.0,-152.5,-157.0,-157.0,-154.0,-157.0,-157.0,-154.0,-153.5,-152.5,-153.5,-157.0,-151.5,-153.0,-157.0,-153.5,-154.5,-157.0,-152.5,-155.0,-157.0,-155.0,-152.0,-155.0,-152.5,-151.5,-151.0,-157.0,-154.0,-154.0,-154.5,-157.0,-156.5,-157.0,-157.0,-157.0,-157.0,-157.0,-157.0,-155.0,-157.0,-157.0,-157.0,-157.0,-157.0,-157.0,-157.0,-155.5,-157.0,-156.5,-155.5,-157.0,-157.0,-150.5,-156.0,-150.0,-153.5,-157.0,-157.0,-156.5,-157.0,-157.0,-157.0,-156.5,-157.0,-157.0,-156.0,-157.0,-157.0,-157.0,-157.0,-156.0,-152.5,-157.0,-157.0,-157.0,-157.0,-156.0,-157.0,-157.0,-157.0,-157.0,-154.5,-152.5,-155.5,-157.0,-157.0,-157.0,-157.0,-157.0,-157.0,-157.0,-157.0,-157.0,-157.0,-157.0,-157.0,-157.0,-157.0,-157.0,-157.0,-157.0,-157.0,-157.0,-157.0,-155.5,-151.5,-152.0,-157.0,-157.0,-157.0,-157.0,-157.0,-157.0,-157.0,-157.0,-157.0,-157.0,-157.0,-150.5,-154.5,-157.0,-157.0,-152.5,-151.5,-157.0,-156.0,-157.0,-157.0,-157.0,-157.0,-157.0,-157.0,-157.0,-147.0,-157.0,-157.0,-153.5,-157.0,-157.0,-153.0,-157.0,-157.0,-151.0,-149.0,-157.0,-157.0,-157.0,-157.0,-157.0,-155.5,-156.5,-154.0,-153.0,-152.5,-157.0,-154.0,-150.0,-151.0,-155.0,-154.0,-157.0,-157.0,-156.0,-157.0,-157.0,-157.0,-157.0,-152.5,-154.0,-157.0,-155.5,-157.0,-152.5,-150.5,-157.0,-154.0,-154.0,-157.0,-153.0,-157.0,-157.0,-155.5,-157.0,-157.0,-157.0,-156.0,-157.0,-157.0,-157.0
2026-01-17 13:48:31.035,143.049967,5,-77,-157.0,-157.0,-157.0,-157.0,-157.0,-155.0,-151.5,-156.0,-157.0,-157.0,-157.0,-152.5,-153.5,-157.0,-157.0,-157.0,-155.0,-156.0,-154.0,-153.5,-155.0,-157.0,-157.0,-157.0,-155.5,-156.5,-157.0,-157.0,-157.0,-154.0,-153.0,-157.0,-155.5,-152.5,-154.0,-157.0,-152.5,-156.5,-154.0,-154.5,-154.5,-154.5,-151.0,-151.0,-152.5,-155.0,-157.0,-157.0,-157.0,-156.0,-152.5,-151.0,-155.5,-157.0,-157.0,-157.0,-154.5,-152.0,-152.5,-157.0,-157.0,-157.0,-156.5,-154.0,-157.0,-149.0,-150.5,-154.5,-151.0,-157.0,-157.0,-155.5,-156.5,-157.0,-157.0,-150.0,-151.5,-157.0,-154.0,-157.0,-156.0,-152.0,-154.0,-157.0,-157.0,-157.0,-157.0,-157.0,-155.5,-152.5,-150.5,-151.5,-156.0,-152.5,-157.0,-157.0,-157.0,-157.0,-157.0,-157.0,-156.0,-153.5,-153.0,-153.0,-151.0,-153.5,-157.0,-153.5,-155.5,-157.0,-157.0,-157.0,-157.0,-157.0,-157.0,-155.5,-156.5,-153.0,-155.5,-157.0,-157.0,-157.0,-157.0,-153.0,-157.0,-157.0,-157.0,-157.0,-157.0,-157.0,-156.5,-157.0,-157.0,-157.0,-154.5,-157.0,-157.0,-157.0,-157.0,-157.0,-156.5,-157.0,-157.0,-157.0,-155.5,-157.0,-157.0,-155.0,-153.5,-151.5,-157.0,-157.0,-157.0,-157.0,-157.0,-157.0,-155.5,-156.5,-154.5,-154.5,-157.0,-155.0,-157.0,-157.0,-157.0,-157.0,-157.0,-157.0,-156.5,-153.0,-153.5,-157.0,-157.0,-157.0,-157.0,-157.0,-157.0,-155.5,-154.5,-154.0,-157.0,-153.0,-157.0,-156.5,-155.5,-157.0,-157.0,-155.0,-157.0,-155.5,-157.0,-157.0,-157.0,-155.5,-156.5,-156.0,-154.0,-148.5,-152.5,-153.0,-153.5,-153.5,-157.0,-157.0,-155.5,-155.5,-156.5,-157.0,-154.5,-152.5,-153.0,-155.5,-157.0,-157.0,-152.5,-150.5,-157.0,-157.0,-157.0,-151.5,-150.0,-152.0,-151.0,-155.5,-153.5,-157.0,-156.0,-157.0,-156.0,-157.0,-157.0,-157.0,-157.0,-156.5,-154.0,-152.0,-151.0,-157.0,-153.5,-153.5,-152.0,-157.0,-157.0,-157.0,-157.0,-157.0,-151.5,-152.5,-157.0,-154.0,-156.0,-156.0,-157.0,-157.0,-153.5,-155.0,-157.0,-154.5,-153.0,-157.0,-157.0,-157.0,-154.5,-153.0,-155.0,-157.0,-157.0,-157.0,-157.0,-155.5,-155.5,-155.0,-151.0,-155.5,-155.5,-157.0,-157.0,-157.0,-157.0,-157.0,-157.0,-156.0,-153.5,-153.5,-157.0,-154.5,-156.5,-157.0,-157.0,-151.0,-156.0,-156.5,-155.0,-156.5,-151.5,-155.0,-153.0,-150.5,-155.5,-157.0,-156.0,-157.0,-157.0,-155.5,-155.5,-157.0,-154.5,-151.0,-157.0,-156.0,-151.0,-152.0,-157.0,-157.0,-154.5,-151.5,-157.0,-156.5,-157.0,-157.0,-157.0,-155.5,-157.0,-154.0,-153.0,-154.5,-155.5,-153.5,-157.0,-157.0,-157.0,-154.5,-153.5,-155.0,-152.0,-149.0,-155.0,-157.0,-154.0,-152.0,-151.0,-157.0,-157.0,-155.0,-153.5,-157.0,-157.0,-157.0,-157.0,-157.0,-157.0,-157.0,-157.0,-157.0,-157.0,-157.0,-153.0,-153.0,-151.0,-155.0,-157.0,-157.0,-157.0,-157.0,-157.0,-157.0,-157.0,-151.5,-151.5,-157.0,-157.0,-157.0,-157.0,-157.0,-157.0,-157.0,-157.0,-157.0,-157.0,-157.0,-157.0,-157.0,-157.0,-157.0,-157.0,-157.0,-157.0,-157.0,-157.0,-157.0,-152.0,-151.5,-153.5,-157.0,-156.0,-157.0,-157.0,-157.0,-157.0,-157.0,-157.0,-157.0,-157.0,-157.0,-154.5,-156.5,-157.0,-157.0,-156.5,-151.0,-153.0,-157.0,-157.0,-157.0,-151.0,-151.0,-156.0,-157.0,-157.0,-146.5,-154.0,-155.0,-154.5,-155.5,-155.0,-152.5,-157.0,-157.0,-152.5,-150.0,-157.0,-157.0,-157.0,-154.0,-157.0,-157.0,-157.0,-156.5,-155.5,-156.0,-157.0,-157.0,-152.5,-150.0,-154.5,-153.0,-157.0,-157.0,-157.0,-157.0,-157.0,-157.0,-157.0,-153.5,-156.0,-157.0,-154.5,-153.0,-151.5,-153.5,-157.0,-152.5,-152.0,-157.0,-153.0,-156.5,-156.5,-156.0,-155.5,-156.0,-157.0,-157.0,-157.0,-157.0,-155.0
2026-01-17 13:48:31.068,143.049967,5,-77,-157.0,-157.0,-157.0,-157.0,-155.5,-157.0,-155.5,-156.5,-154.0,-157.0,-153.0,-150.0,-151.0,-157.0,-157.0,-157.0,-154.0,-155.5,-153.0,-153.0,-157.0,-157.0,-156.0,-154.0,-154.0,-154.5,-157.0,-157.0,-157.0,-154.5,-151.0,-154.5,-155.5,-152.5,-155.0,-157.0,-152.0,-153.0,-156.5,-157.0,-157.0,-153.5,-151.5,-155.5,-151.5,-154.5,-152.5,-157.0,-157.0,-157.0,-155.5,-150.0,-153.0,-157.0,-157.0,-157.0,-155.0,-154.0,-155.0,-157.0,-155.0,-155.0,-153.5,-153.0,-157.0,-150.0,-152.5,-153.5,-153.0,-157.0,-156.5,-152.0,-154.5,-157.0,-156.0,-152.5,-157.0,-157.0,-154.5,-157.0,-157.0,-155.5,-155.0,-156.5,-155.0,-154.5,-153.5,-156.0,-156.5,-150.5,-149.0,-152.5,-155.0,-151.0,-157.0,-156.5,-157.0,-157.0,-157.0,-157.0,-155.5,-157.0,-156.0,-150.5,-153.0,-155.5,-156.5,-153.5,-154.0,-154.5,-153.5,-157.0,-157.0,-157.0,-155.5,-157.0,-157.0,-152.5,-156.5,-157.0,-155.5,-155.5,-153.0,-150.5,-157.0,-157.0,-157.0,-157.0,-157.0,-156.0,-157.0,-157.0,-157.0,-157.0,-153.0,-157.0,-157.0,-157.0,-155.0,-154.5,-154.0,-157.0,-154.0,-155.5,-153.0,-154.0,-157.0,-153.0,-155.0,-148.0,-149.0,-155.5,-157.0,-157.0,-157.0,-157.0,-157.0,-155.0,-155.5,-156.0,-157.0,-151.5,-156.0,-157.0,-157.0,-157.0,-157.0,-155.5,-155.0,-155.0,-154.5,-157.0,-157.0,-157.0,-157.0,-153.0,-151.5,-154.5,-155.5,-155.0,-156.5,-156.0,-157.0,-155.0,-157.0,-157.0,-157.0,-155.5,-157.0,-157.0,-157.0,-157.0,-157.0,-155.5,-155.5,-154.0,-157.0,-150.5,-151.5,-157.0,-157.0,-154.0,-157.0,-157.0,-157.0,-157.0,-157.0,-156.5,-152.5,-157.0,-155.0,-151.0,-155.0,-157.0,-153.0,-149.5,-155.0,-155.0,-157.0,-154.5,-150.5,-152.0,-153.0,-157.0,-155.5,-155.0,-157.0,-157.0,-156.5,-155.5,-157.0,-157.0,-157.0,-157.0,-155.5,-152.5,-153.0,-157.0,-152.5,-157.0,-155.5,-157.0,-157.0,-157.0,-157.0,-157.0,-157.0,-157.0,-157.0,-155.0,-157.0,-157.0,-156.5,-151.5,-151.5,-152.0,-151.5,-155.5,-154.0,-157.0,-157.0,-157.0,-157.0,-156.5,-155.5,-157.0,-157.0,-155.0,-156.0,-157.0,-157.0,-154.5,-152.0,-156.5,-157.0,-157.0,-157.0,-156.5,-157.0,-157.0,-157.0,-154.0,-156.5,-153.5,-156.5,-152.5,-154.0,-157.0,-157.0,-150.5,-152.0,-156.5,-157.0,-157.0,-152.0,-157.0,-153.0,-154.0,-157.0,-157.0,-157.0,-157.0,-157.0,-157.0,-155.0,-157.0,-157.0,-154.0,-155.0,-157.0,-153.0,-157.0,-157.0,-157.0,-151.0,-149.5,-154.5,-152.0,-155.5,-157.0,-154.5,-152.5,-157.0,-157.0,-157.0,-157.0,-152.0,-153.0,-157.0,-156.5,-157.0,-148.5,-149.5,-154.0,-153.5,-147.5,-153.0,-157.0,-157.0,-152.5,-155.0,-156.0,-154.0,-156.0,-154.5,-153.5,-154.0,-157.0,-157.0,-157.0,-155.5,-156.0,-157.0,-157.0,-157.0,-157.0,-154.0,-157.0,-150.5,-154.5,-157.0,-156.0,-157.0,-157.0,-157.0,-157.0,-157.0,-153.0,-157.0,-157.0,-151.5,-151.5,-153.0,-155.0,-157.0,-157.0,-154.5,-155.0,-157.0,-157.0,-157.0,-156.0,-154.5,-153.5,-157.0,-157.0,-157.0,-157.0,-157.0,-157.0,-151.5,-156.5,-157.0,-153.5,-154.5,-157.0,-157.0,-157.0,-157.0,-157.0,-157.0,-157.0,-157.0,-156.0,-157.0,-157.0,-153.5,-153.0,-157.0,-154.5,-154.0,-156.5,-153.5,-157.0,-149.5,-153.0,-155.5,-157.0,-157.0,-147.0,-151.0,-149.5,-155.0,-154.5,-156.5,-153.0,-153.5,-153.0,-154.0,-154.5,-157.0,-154.0,-153.0,-152.0,-154.0,-155.0,-157.0,-157.0,-157.0,-156.0,-156.0,-156.5,-151.5,-150.5,-156.5,-150.0,-157.0,-157.0,-157.0,-157.0,-154.5,-154.0,-157.0,-152.0,-154.5,-157.0,-154.5,-152.0,-152.5,-157.0,-157.0,-151.0,-151.5,-157.0,-151.5,-157.0,-155.5,-157.0,-157.0,-156.0,-155.0,-157.0,-157.0,-157.0,-155.5
2026-01-17 13:48:31.102,143.049967,5,-77,-157.0,-157.0,-157.0,-157.0,-154.0,-155.0,-156.5,-154.0,-153.5,-152.5,-151.5,-155.5,-152.5,-157.0,-154.0,-152.0,-153.5,-154.0,-155.5,-157.0,-154.0,-157.0,-154.5,-154.0,-150.5,-151.5,-154.5,-156.0,-157.0,-155.0,-152.5,-154.0,-154.5,-152.0,-153.0,-155.0,-155.5,-155.5,-157.0,-157.0,-157.0,-156.0,-154.0,-156.5,-152.5,-152.5,-153.0,-157.0,-156.0,-157.0,-153.0,-154.5,-151.0,-157.0,-157.0,-156.5,-156.0,-154.5,-155.0,-157.0,-154.5,-157.0,-155.0,-155.5,-157.0,-155.5,-156.0,-157.0,-154.5,-151.5,-150.5,-150.5,-153.5,-153.0,-148.5,-151.5,-157.0,-157.0,-155.0,-157.0,-157.0,-155.5,-154.5,-157.0,-152.5,-154.0,-154.0,-154.0,-157.0,-157.0,-153.5,-154.5,-151.5,-151.0,-156.5,-155.5,-157.0,-155.5,-155.5,-157.0,-155.5,-154.5,-155.5,-151.0,-156.5,-157.0,-157.0,-156.5,-157.0,-152.0,-154.0,-157.0,-157.0,-157.0,-155.5,-153.5,-156.5,-154.5,-156.0,-157.0,-155.0,-154.0,-150.5,-151.0,-157.0,-153.0,-152.0,-156.0,-157.0,-156.0,-157.0,-156.0,-153.5,-154.5,-151.5,-154.5,-155.5,-153.5,-152.0,-157.0,-152.0,-156.5,-152.5,-157.0,-155.5,-154.0,-157.0,-152.0,-157.0,-150.5,-149.0,-150.5,-153.5,-157.0,-157.0,-157.0,-157.0,-157.0,-157.0,-155.0,-157.0,-150.0,-152.5,-157.0,-157.0,-157.0,-157.0,-155.5,-156.5,-157.0,-157.0,-153.0,-153.5,-153.5,-157.0,-154.0,-150.0,-153.5,-155.0,-152.5,-152.5,-155.0,-154.5,-155.5,-157.0,-157.0,-157.0,-154.0,-153.0,-155.5,-153.0,-154.5,-157.0,-155.5,-157.0,-154.5,-157.0,-152.0,-153.0,-157.0,-157.0,-153.5,-152.0,-155.5,-157.0,-153.0,-153.0,-151.5,-149.5,-157.0,-154.5,-150.0,-153.5,-155.5,-152.5,-150.5,-154.0,-154.0,-157.0,-156.5,-152.5,-151.5,-157.0,-157.0,-157.0,-157.0,-157.0,-157.0,-157.0,-155.5,-157.0,-157.0,-157.0,-157.0,-150.0,-151.0,-157.0,-155.0,-151.5,-157.0,-157.0,-155.0,-157.0,-157.0,-155.5,-156.5,-157.0,-157.0,-157.0,-156.5,-155.5,-154.5,-155.5,-153.0,-156.0,-153.5,-154.0,-157.0,-157.0,-157.0,-157.0,-157.0,-157.0,-156.0,-153.5,-155.0,-153.0,-151.0,-152.5,-157.0,-157.0,-155.0,-157.0,-157.0,-157.0,-157.0,-153.5,-152.0,-153.5,-157.0,-157.0,-155.5,-157.0,-154.5,-156.5,-151.0,-151.0,-157.0,-157.0,-153.0,-153.0,-157.0,-157.0,-150.0,-148.0,-156.5,-156.0,-157.0,-157.0,-157.0,-157.0,-157.0,-157.0,-156.0,-153.5,-153.0,-157.0,-157.0,-157.0,-156.0,-157.0,-157.0,-157.0,-156.5,-153.5,-153.0,-157.0,-153.0,-157.0,-157.0,-152.5,-151.0,-157.0,-157.0,-157.0,-157.0,-154.5,-155.0,-157.0,-157.0,-152.5,-148.5,-148.5,-154.0,-153.5,-150.0,-152.0,-150.5,-152.5,-157.0,-157.0,-157.0,-154.0,-153.5,-156.0,-154.5,-151.5,-154.5,-157.0,-157.0,-157.0,-157.0,-157.0,-157.0,-155.0,-157.0,-157.0,-152.5,-151.5,-157.0,-152.5,-152.5,-157.0,-157.0,-157.0,-156.5,-157.0,-154.5,-157.0,-152.5,-150.0,-151.0,-150.0,-154.0,-157.0,-157.0,-157.0,-156.0,-157.0,-157.0,-154.0,-153.0,-156.0,-156.5,-155.0,-153.0,-157.0,-156.0,-153.0,-155.5,-152.5,-152.5,-155.5,-152.0,-153.0,-152.5,-157.0,-157.0,-157.0,-156.0,-153.0,-153.5,-157.0,-157.0,-157.0,-157.0,-152.5,-151.5,-157.0,-157.0,-157.0,-157.0,-157.0,-155.0,-150.5,-157.0,-157.0,-157.0,-148.0,-146.5,-151.5,-150.0,-153.5,-157.0,-157.0,-153.0,-153.5,-153.5,-153.5,-157.0,-157.0,-157.0,-156.0,-151.0,-150.0,-153.5,-157.0,-157.0,-156.5,-152.0,-149.5,-155.0,-151.0,-157.0,-154.5,-148.5,-154.5,-157.0,-157.0,-157.0,-152.5,-152.5,-152.0,-151.5,-155.5,-156.5,-157.0,-157.0,-154.0,-157.0,-156.0,-152.0,-154.5,-155.5,-149.5,-157.0,-155.5,-157.0,-157.0,-155.5,-157.0,-157.0,-157.0,-157.0,-157.0
2026-01-17 13:48:31.102,143.049967,5,-77,-157.0,-157.0,-157.0,-157.0,-154.0,-155.0,-156.5,-154.0,-153.5,-152.5,-151.5,-155.5,-152.5,-157.0,-154.0,-152.0,-153.5,-154.0,-155.5,-157.0,-154.0,-157.0,-154.5,-154.0,-150.5,-151.5,-154.5,-156.0,-157.0,-155.0,-152.5,-154.0,-154.5,-152.0,-153.0,-155.0,-155.5,-155.5,-157.0,-157.0,-157.0,-156.0,-154.0,-156.5,-152.5,-152.5,-153.0,-157.0,-156.0,-157.0,-153.0,-154.5,-151.0,-157.0,-157.0,-156.5,-156.0,-154.5,-155.0,-157.0,-154.5,-157.0,-155.0,-155.5,-157.0,-155.5,-156.0,-157.0,-154.5,-151.5,-150.5,-150.5,-153.5,-153.0,-148.5,-151.5,-157.0,-157.0,-155.0,-157.0,-157.0,-155.5,-154.5,-157.0,-152.5,-154.0,-154.0,-154.0,-157.0,-157.0,-153.5,-154.5,-151.5,-151.0,-156.5,-155.5,-157.0,-155.5,-155.5,-157.0,-155.5,-154.5,-155.5,-151.0,-156.5,-157.0,-157.0,-156.5,-157.0,-152.0,-154.0,-157.0,-157.0,-157.0,-155.5,-153.5,-156.5,-154.5,-156.0,-157.0,-155.0,-154.0,-150.5,-151.0,-157.0,-153.0,-152.0,-156.0,-157.0,-156.0,-157.0,-156.0,-153.5,-154.5,-151.5,-154.5,-155.5,-153.5,-152.0,-157.0,-152.0,-156.5,-152.5,-157.0,-155.5,-154.0,-157.0,-152.0,-157.0,-150.5,-149.0,-150.5,-153.5,-157.0,-157.0,-157.0,-157.0,-157.0,-157.0,-155.0,-157.0,-150.0,-152.5,-157.0,-157.0,-157.0,-157.0,-155.5,-156.5,-157.0,-157.0,-153.0,-153.5,-153.5,-157.0,-154.0,-150.0,-153.5,-155.0,-152.5,-152.5,-155.0,-154.5,-155.5,-157.0,-157.0,-157.0,-154.0,-153.0,-155.5,-153.0,-154.5,-157.0,-155.5,-157.0,-154.5,-157.0,-152.0,-153.0,-157.0,-157.0,-153.5,-152.0,-155.5,-157.0,-153.0,-153.0,-151.5,-149.5,-157.0,-154.5,-150.0,-153.5,-155.5,-152.5,-150.5,-154.0,-154.0,-157.0,-156.5,-152.5,-151.5,-157.0,-157.0,-157.0,-157.0,-157.0,-157.0,-157.0,-155.5,-157.0,-157.0,-157.0,-157.0,-150.0,-151.0,-157.0,-155.0,-151.5,-157.0,-157.0,-155.0,-157.0,-157.0,-155.5,-156.5,-157.0,-157.0,-157.0,-156.5,-155.5,-154.5,-155.5,-153.0,-156.0,-153.5,-154.0,-157.0,-157.0,-157.0,-157.0,-157.0,-157.0,-156.0,-153.5,-155.0,-153.0,-151.0,-152.5,-157.0,-157.0,-155.0,-157.0,-157.0,-157.0,-157.0,-153.5,-152.0,-153.5,-157.0,-157.0,-155.5,-157.0,-154.5,-156.5,-151.0,-151.0,-157.0,-157.0,-153.0,-153.0,-157.0,-157.0,-150.0,-148.0,-156.5,-156.0,-157.0,-157.0,-157.0,-157.0,-157.0,-157.0,-156.0,-153.5,-153.0,-157.0,-157.0,-157.0,-156.0,-157.0,-157.0,-157.0,-156.5,-153.5,-153.0,-157.0,-153.0,-157.0,-157.0,-152.5,-151.0,-157.0,-157.0,-157.0,-157.0,-154.5,-155.0,-157.0,-157.0,-152.5,-148.5,-148.5,-154.0,-153.5,-150.0,-152.0,-150.5,-152.5,-157.0,-157.0,-157.0,-154.0,-153.5,-156.0,-154.5,-151.5,-154.5,-157.0,-157.0,-157.0,-157.0,-157.0,-157.0,-155.0,-157.0,-157.0,-152.5,-151.5,-157.0,-152.5,-152.5,-157.0,-157.0,-157.0,-156.5,-157.0,-154.5,-157.0,-152.5,-150.0,-151.0,-150.0,-154.0,-157.0,-157.0,-157.0,-156.0,-157.0,-157.0,-154.0,-153.0,-156.0,-156.5,-155.0,-153.0,-157.0,-156.0,-153.0,-155.5,-152.5,-152.5,-155.5,-152.0,-153.0,-152.5,-157.0,-157.0,-157.0,-156.0,-153.0,-153.5,-157.0,-157.0,-157.0,-157.0,-152.5,-151.5,-157.0,-157.0,-157.0,-157.0,-157.0,-155.0,-150.5,-157.0,-157.0,-157.0,-148.0,-146.5,-151.5,-150.0,-153.5,-157.0,-157.0,-153.0,-153.5,-153.5,-153.5,-157.0,-157.0,-157.0,-156.0,-151.0,-150.0,-153.5,-157.0,-157.0,-156.5,-152.0,-149.5,-155.0,-151.0,-157.0,-154.5,-148.5,-154.5,-157.0,-157.0,-157.0,-152.5,-152.5,-152.0,-151.5,-155.5,-156.5,-157.0,-157.0,-154.0,-157.0,-156.0,-152.0,-154.5,-155.5,-149.5,-157.0,-155.5,-157.0,-157.0,-155.5,-157.0,-157.0,-157.0,-157.0,-157.0
2026-01-17 13:48:31.136,143.049967,5,-77,-157.0,-157.0,-157.0,-157.0,-157.0,-154.0,-155.0,-154.5,-157.0,-153.0,-157.0,-157.0,-154.0,-156.0,-157.0,-152.5,-151.0,-154.5,-157.0,-154.0,-149.5,-151.5,-157.0,-157.0,-152.5,-151.5,-152.0,-156.5,-154.0,-153.5,-155.0,-156.0,-152.5,-152.5,-152.0,-154.5,-157.0,-157.0,-157.0,-156.0,-155.0,-157.0,-154.0,-151.0,-153.0,-157.0,-157.0,-157.0,-153.5,-157.0,-151.0,-153.0,-151.5,-157.0,-156.5,-153.0,-157.0,-156.5,-156.0,-157.0,-153.5,-155.5,-157.0,-153.0,-154.5,-154.5,-156.5,-157.0,-156.5,-151.0,-152.5,-153.0,-157.0,-152.0,-148.0,-151.0,-157.0,-154.0,-156.0,-157.0,-157.0,-157.0,-155.0,-157.0,-156.5,-157.0,-157.0,-154.0,-157.0,-157.0,-157.0,-157.0,-157.0,-155.0,-157.0,-157.0,-157.0,-152.0,-151.0,-152.5,-151.0,-151.0,-157.0,-154.5,-157.0,-157.0,-157.0,-157.0,-157.0,-156.0,-155.0,-154.5,-156.0,-157.0,-157.0,-150.0,-155.0,-157.0,-157.0,-157.0,-155.0,-155.5,-153.0,-157.0,-154.0,-150.5,-152.0,-157.0,-157.0,-154.0,-153.5,-153.5,-151.0,-157.0,-151.5,-153.0,-157.0,-156.5,-156.0,-153.5,-151.5,-157.0,-155.0,-157.0,-157.0,-157.0,-157.0,-150.0,-154.0,-152.0,-153.0,-151.5,-150.0,-155.0,-157.0,-157.0,-157.0,-157.0,-157.0,-152.5,-157.0,-152.5,-151.0,-157.0,-157.0,-157.0,-154.5,-155.0,-157.0,-157.0,-157.0,-150.5,-151.5,-150.0,-156.5,-154.0,-151.5,-154.0,-156.5,-150.0,-154.5,-154.0,-151.0,-153.5,-153.5,-154.5,-157.0,-157.0,-153.5,-151.5,-150.5,-157.0,-157.0,-157.0,-157.0,-157.0,-157.0,-153.5,-157.0,-157.0,-157.0,-155.0,-149.5,-153.5,-157.0,-150.0,-149.5,-150.0,-150.0,-154.5,-152.5,-152.5,-156.5,-151.5,-152.5,-153.5,-153.5,-157.0,-157.0,-157.0,-153.0,-153.0,-157.0,-157.0,-157.0,-157.0,-157.0,-157.0,-157.0,-157.0,-155.5,-157.0,-157.0,-154.0,-151.0,-152.5,-157.0,-151.5,-153.0,-157.0,-156.5,-152.5,-152.0,-153.0,-150.5,-157.0,-157.0,-157.0,-157.0,-156.5,-157.0,-153.5,-157.0,-157.0,-156.0,-157.0,-157.0,-157.0,-157.0,-157.0,-157.0,-157.0,-156.0,-155.0,-152.5,-151.5,-153.5,-154.5,-157.0,-157.0,-157.0,-157.0,-157.0,-154.0,-157.0,-157.0,-153.5,-150.5,-151.0,-157.0,-157.0,-155.5,-157.0,-154.0,-157.0,-156.0,-154.0,-154.5,-157.0,-156.5,-157.0,-156.5,-157.0,-146.0,-146.0,-157.0,-153.5,-156.0,-157.0,-157.0,-157.0,-157.0,-154.5,-152.5,-153.0,-151.5,-157.0,-157.0,-157.0,-157.0,-157.0,-157.0,-157.0,-157.0,-157.0,-157.0,-157.0,-155.0,-157.0,-157.0,-157.0,-152.0,-153.5,-157.0,-157.0,-157.0,-157.0,-154.0,-152.5,-157.0,-150.5,-154.0,-154.0,-157.0,-157.0,-153.5,-153.0,-151.0,-150.5,-154.0,-155.5,-154.0,-156.0,-155.0,-150.5,-151.0,-154.0,-153.0,-152.5,-157.0,-157.0,-157.0,-157.0,-157.0,-151.5,-154.0,-157.0,-157.0,-156.0,-156.5,-152.0,-155.5,-157.0,-157.0,-157.0,-152.0,-154.5,-153.0,-156.5,-153.5,-154.0,-157.0,-152.5,-157.0,-157.0,-153.5,-157.0,-157.0,-157.0,-157.0,-153.5,-152.5,-157.0,-157.0,-157.0,-151.5,-156.0,-156.0,-153.0,-157.0,-157.0,-152.0,-153.0,-152.5,-151.5,-152.0,-156.0,-157.0,-157.0,-154.5,-157.0,-153.0,-157.0,-157.0,-155.0,-154.5,-156.0,-153.5,-157.0,-157.0,-157.0,-157.0,-157.0,-157.0,-153.5,-157.0,-155.0,-152.5,-147.0,-147.0,-152.5,-155.5,-156.5,-157.0,-156.5,-154.5,-157.0,-157.0,-157.0,-157.0,-157.0,-157.0,-157.0,-155.0,-154.5,-157.0,-156.0,-154.5,-154.0,-151.0,-149.0,-154.0,-152.0,-157.0,-154.5,-152.0,-152.5,-157.0,-155.0,-152.0,-154.0,-153.5,-150.5,-152.5,-157.0,-156.5,-157.0,-157.0,-154.0,-156.0,-152.5,-156.0,-157.0,-157.0,-151.5,-155.0,-157.0,-157.0,-156.0,-153.0,-157.0,-157.0,-156.0,-157.0,-157.0
2026-01-17 13:48:31.171,143.049967,5,-77,-157.0,-157.0,-157.0,-157.0,-157.0,-156.5,-156.0,-156.0,-157.0,-153.5,-157.0,-157.0,-157.0,-157.0,-157.0,-155.0,-151.5,-157.0,-157.0,-155.0,-150.0,-150.5,-157.0,-157.0,-155.5,-154.0,-152.5,-154.0,-154.5,-155.5,-157.0,-152.0,-152.5,-152.0,-151.5,-154.0,-157.0,-157.0,-157.0,-155.5,-155.5,-157.0,-157.0,-149.0,-150.0,-157.0,-157.0,-156.5,-153.5,-154.5,-154.5,-152.0,-157.0,-156.5,-154.5,-151.5,-156.0,-156.5,-155.5,-157.0,-156.0,-157.0,-157.0,-148.5,-149.0,-155.0,-154.0,-155.5,-157.0,-155.5,-157.0,-155.5,-157.0,-154.5,-151.0,-157.0,-157.0,-155.0,-153.0,-152.0,-153.0,-155.5,-153.5,-156.0,-156.0,-157.0,-155.0,-150.5,-150.5,-156.0,-156.5,-157.0,-157.0,-157.0,-157.0,-157.0,-156.0,-151.0,-151.0,-150.0,-151.5,-156.0,-156.0,-157.0,-157.0,-155.0,-154.5,-154.5,-156.5,-157.0,-154.0,-156.0,-156.0,-157.0,-155.0,-150.0,-152.0,-157.0,-155.5,-155.0,-149.5,-150.5,-156.0,-157.0,-153.5,-154.5,-157.0,-155.0,-156.0,-155.5,-155.5,-156.0,-151.0,-155.5,-152.5,-152.5,-157.0,-157.0,-157.0,-156.0,-154.0,-157.0,-157.0,-156.5,-157.0,-157.0,-153.0,-150.0,-151.5,-150.5,-155.0,-156.0,-152.0,-157.0,-157.0,-157.0,-157.0,-157.0,-153.5,-151.0,-157.0,-154.5,-153.5,-153.0,-153.0,-157.0,-153.5,-154.5,-155.0,-157.0,-154.5,-151.0,-157.0,-149.0,-152.5,-150.0,-151.0,-153.0,-157.0,-150.5,-150.0,-152.0,-151.5,-157.0,-152.0,-157.0,-157.0,-154.5,-151.5,-151.5,-154.0,-157.0,-157.0,-157.0,-154.0,-157.0,-157.0,-155.5,-157.0,-157.0,-157.0,-157.0,-150.5,-152.5,-155.0,-151.0,-151.5,-154.5,-156.0,-156.0,-152.5,-154.0,-155.0,-152.5,-153.0,-157.0,-157.0,-157.0,-157.0,-155.5,-153.5,-154.5,-156.5,-157.0,-155.5,-156.5,-157.0,-157.0,-157.0,-157.0,-155.0,-155.0,-157.0,-151.0,-152.5,-156.5,-157.0,-152.5,-157.0,-156.0,-150.5,-152.0,-149.5,-149.0,-149.5,-157.0,-157.0,-155.0,-155.0,-155.5,-153.5,-152.0,-157.0,-157.0,-153.0,-157.0,-154.0,-157.0,-157.0,-157.0,-157.0,-157.0,-156.0,-156.0,-157.0,-152.5,-155.5,-157.0,-157.0,-157.0,-157.0,-155.0,-153.5,-153.5,-157.0,-154.5,-155.0,-157.0,-154.0,-157.0,-156.0,-155.0,-157.0,-152.5,-157.0,-157.0,-157.0,-157.0,-157.0,-157.0,-157.0,-156.5,-157.0,-145.5,-144.5,-154.5,-155.5,-156.0,-157.0,-157.0,-157.0,-157.0,-154.0,-154.0,-156.0,-154.0,-154.0,-157.0,-157.0,-157.0,-157.0,-157.0,-153.0,-155.5,-157.0,-155.5,-154.5,-154.5,-157.0,-155.0,-157.0,-157.0,-157.0,-157.0,-157.0,-157.0,-157.0,-155.0,-152.5,-153.0,-150.5,-155.0,-157.0,-154.0,-157.0,-152.5,-154.0,-153.0,-153.5,-155.5,-153.5,-154.0,-153.0,-156.5,-151.0,-150.0,-156.5,-155.5,-152.0,-157.0,-157.0,-157.0,-157.0,-157.0,-153.0,-156.0,-157.0,-157.0,-157.0,-155.0,-152.0,-155.5,-157.0,-157.0,-157.0,-151.0,-152.0,-150.5,-153.5,-157.0,-156.5,-154.5,-155.0,-157.0,-152.0,-152.0,-156.0,-157.0,-157.0,-157.0,-156.0,-156.5,-157.0,-157.0,-157.0,-150.5,-153.5,-157.0,-154.0,-157.0,-157.0,-152.5,-153.0,-157.0,-154.5,-157.0,-157.0,-157.0,-157.0,-157.0,-157.0,-151.5,-153.0,-157.0,-156.0,-156.0,-156.0,-157.0,-154.0,-156.0,-157.0,-157.0,-157.0,-157.0,-157.0,-157.0,-155.0,-152.5,-149.5,-148.5,-151.5,-152.5,-157.0,-157.0,-157.0,-157.0,-157.0,-157.0,-157.0,-157.0,-156.5,-157.0,-157.0,-156.5,-157.0,-156.0,-156.5,-153.5,-152.5,-154.5,-152.0,-149.5,-154.0,-157.0,-157.0,-157.0,-154.0,-154.5,-154.5,-151.5,-157.0,-157.0,-154.5,-153.5,-157.0,-157.0,-157.0,-157.0,-157.0,-157.0,-151.5,-157.0,-157.0,-157.0,-157.0,-157.0,-157.0,-156.5,-156.5,-152.5,-157.0,-157.0,-151.5,-153.5,-156.0
2026-01-17 13:48:31.201,143.049967,5,-77,-157.0,-157.0,-152.5,-152.5,-157.0,-157.0,-157.0,-157.0,-154.0,-154.0,-155.0,-157.0,-157.0,-157.0,-154.5,-157.0,-154.0,-157.0,-157.0,-155.0,-155.5,-155.5,-156.0,-155.5,-154.5,-153.5,-153.5,-154.0,-157.0,-157.0,-157.0,-156.0,-154.5,-152.0,-154.0,-157.0,-157.0,-157.0,-157.0,-157.0,-157.0,-156.5,-157.0,-152.0,-148.5,-154.0,-157.0,-157.0,-156.0,-157.0,-157.0,-155.5,-157.0,-156.5,-157.0,-151.5,-157.0,-157.0,-152.5,-157.0,-157.0,-157.0,-154.5,-148.5,-149.0,-151.5,-152.0,-157.0,-157.0,-157.0,-157.0,-155.5,-157.0,-157.0,-155.5,-157.0,-156.0,-157.0,-150.0,-149.0,-153.5,-155.0,-156.5,-157.0,-155.0,-157.0,-157.0,-154.0,-149.5,-154.5,-153.0,-157.0,-157.0,-155.0,-157.0,-157.0,-152.5,-153.0,-157.0,-155.5,-156.5,-157.0,-157.0,-156.5,-155.0,-149.5,-148.0,-154.5,-155.0,-157.0,-156.5,-157.0,-157.0,-157.0,-157.0,-156.5,-154.0,-157.0,-155.0,-157.0,-147.5,-149.5,-157.0,-153.0,-151.0,-157.0,-157.0,-156.5,-157.0,-157.0,-157.0,-154.5,-154.0,-152.5,-156.0,-156.0,-154.5,-157.0,-157.0,-157.0,-156.5,-157.0,-157.0,-153.0,-152.0,-153.0,-156.0,-153.5,-157.0,-152.5,-152.5,-154.0,-155.5,-157.0,-157.0,-157.0,-156.0,-154.0,-153.5,-154.0,-157.0,-155.5,-157.0,-151.0,-151.0,-157.0,-155.5,-156.5,-156.0,-155.5,-157.0,-153.0,-157.0,-147.5,-150.5,-149.0,-151.0,-155.0,-156.5,-155.0,-151.0,-153.5,-154.5,-157.0,-152.0,-153.5,-155.0,-152.5,-154.0,-155.0,-157.0,-156.5,-157.0,-157.0,-154.5,-157.0,-157.0,-157.0,-154.0,-155.5,-157.0,-157.0,-155.5,-153.0,-152.5,-154.5,-157.0,-157.0,-157.0,-157.0,-157.0,-155.5,-157.0,-157.0,-157.0,-156.5,-157.0,-157.0,-157.0,-152.5,-157.0,-155.0,-156.5,-154.5,-149.0,-151.0,-157.0,-153.5,-152.0,-154.0,-157.0,-154.5,-153.5,-149.5,-153.0,-155.5,-157.0,-155.0,-157.0,-157.0,-152.5,-152.5,-151.5,-152.5,-154.0,-154.0,-153.0,-151.5,-151.0,-157.0,-154.0,-153.0,-157.0,-153.5,-152.5,-152.5,-153.5,-157.0,-157.0,-157.0,-157.0,-157.0,-157.0,-156.0,-152.5,-155.5,-157.0,-156.5,-157.0,-155.0,-157.0,-151.0,-151.0,-157.0,-157.0,-155.0,-155.0,-157.0,-157.0,-157.0,-154.0,-157.0,-153.5,-152.0,-156.5,-154.0,-157.0,-157.0,-157.0,-153.0,-155.5,-157.0,-157.0,-147.0,-146.5,-150.5,-157.0,-157.0,-157.0,-155.0,-157.0,-157.0,-157.0,-157.0,-157.0,-157.0,-157.0,-157.0,-157.0,-155.5,-157.0,-156.5,-151.5,-154.5,-157.0,-152.5,-152.5,-157.0,-157.0,-151.5,-152.5,-157.0,-154.5,-157.0,-157.0,-157.0,-157.0,-157.0,-156.0,-155.5,-152.5,-155.5,-152.0,-151.5,-157.0,-151.5,-151.5,-151.0,-150.5,-153.5,-156.5,-157.0,-151.0,-152.0,-154.0,-157.0,-157.0,-157.0,-156.0,-157.0,-157.0,-157.0,-153.5,-152.5,-154.0,-157.0,-157.0,-157.0,-156.5,-157.0,-152.0,-151.0,-154.5,-155.0,-157.0,-156.0,-155.0,-149.0,-152.5,-157.0,-153.0,-153.0,-157.0,-155.5,-151.0,-154.5,-157.0,-157.0,-157.0,-155.0,-157.0,-157.0,-157.0,-156.5,-157.0,-150.0,-152.0,-151.0,-150.5,-157.0,-157.0,-154.0,-153.0,-157.0,-155.5,-157.0,-155.5,-152.5,-152.5,-157.0,-157.0,-153.5,-155.0,-157.0,-157.0,-157.0,-156.5,-157.0,-154.0,-155.0,-154.0,-155.0,-154.5,-157.0,-157.0,-155.5,-157.0,-155.5,-148.5,-149.5,-155.0,-155.0,-157.0,-157.0,-157.0,-156.0,-157.0,-155.0,-157.0,-157.0,-157.0,-155.5,-154.0,-155.0,-157.0,-154.5,-155.5,-153.0,-151.0,-154.5,-157.0,-151.5,-152.5,-157.0,-157.0,-157.0,-157.0,-153.5,-157.0,-155.0,-157.0,-157.0,-157.0,-153.5,-157.0,-157.0,-157.0,-157.0,-156.0,-150.5,-149.0,-157.0,-157.0,-157.0,-157.0,-157.0,-157.0,-157.0,-155.5,-156.5,-157.0,-153.5,-151.0,-156.5,-157.0
2026-01-17 13:48:31.235,143.049967,5,-77,-157.0,-157.0,-154.5,-154.5,-157.0,-157.0,-157.0,-157.0,-157.0,-157.0,-156.0,-157.0,-157.0,-157.0,-154.0,-154.5,-153.5,-157.0,-157.0,-153.5,-157.0,-157.0,-157.0,-157.0,-157.0,-156.5,-157.0,-157.0,-157.0,-157.0,-157.0,-157.0,-156.0,-153.5,-154.5,-157.0,-157.0,-157.0,-155.0,-157.0,-157.0,-155.5,-156.5,-154.0,-151.0,-157.0,-156.0,-154.5,-155.0,-157.0,-157.0,-157.0,-156.0,-157.0,-154.0,-150.5,-154.5,-156.5,-152.0,-151.5,-151.5,-157.0,-153.0,-153.0,-154.0,-152.5,-156.5,-154.5,-155.0,-157.0,-157.0,-155.5,-157.0,-157.0,-157.0,-157.0,-155.0,-157.0,-153.5,-153.5,-155.0,-157.0,-157.0,-157.0,-153.0,-157.0,-157.0,-157.0,-149.0,-149.5,-153.5,-157.0,-156.0,-154.5,-157.0,-157.0,-154.5,-156.0,-157.0,-157.0,-157.0,-157.0,-156.0,-152.0,-152.0,-152.0,-148.5,-157.0,-152.0,-155.5,-157.0,-157.0,-157.0,-157.0,-157.0,-157.0,-157.0,-157.0,-157.0,-156.0,-151.0,-151.5,-157.0,-152.0,-150.5,-154.0,-157.0,-157.0,-157.0,-154.5,-157.0,-153.5,-156.0,-153.5,-157.0,-157.0,-154.5,-154.0,-156.5,-157.0,-157.0,-155.5,-156.5,-154.5,-152.5,-156.0,-157.0,-157.0,-157.0,-155.5,-156.0,-157.0,-157.0,-157.0,-156.0,-157.0,-155.5,-157.0,-157.0,-157.0,-157.0,-156.0,-157.0,-155.5,-154.5,-157.0,-156.0,-157.0,-157.0,-157.0,-157.0,-157.0,-157.0,-149.0,-152.0,-150.0,-152.5,-151.0,-157.0,-153.0,-153.0,-157.0,-153.5,-156.5,-150.0,-149.5,-157.0,-154.0,-156.5,-154.5,-156.5,-157.0,-157.0,-157.0,-157.0,-157.0,-157.0,-157.0,-155.5,-154.0,-157.0,-157.0,-157.0,-155.0,-156.5,-157.0,-157.0,-157.0,-157.0,-157.0,-157.0,-157.0,-157.0,-157.0,-157.0,-157.0,-157.0,-157.0,-157.0,-152.0,-155.0,-154.5,-157.0,-153.0,-149.5,-151.5,-157.0,-155.0,-152.5,-154.5,-156.0,-157.0,-150.5,-148.5,-157.0,-153.5,-154.5,-157.0,-157.0,-157.0,-157.0,-156.0,-156.5,-154.5,-157.0,-152.5,-153.5,-153.0,-153.5,-157.0,-157.0,-154.0,-150.5,-149.5,-156.5,-155.0,-157.0,-157.0,-157.0,-157.0,-157.0,-157.0,-157.0,-154.5,-149.5,-156.0,-157.0,-155.0,-155.0,-152.0,-155.5,-153.5,-154.0,-156.5,-157.0,-154.5,-154.0,-157.0,-157.0,-157.0,-157.0,-157.0,-157.0,-156.5,-153.0,-152.5,-157.0,-157.0,-157.0,-150.5,-156.0,-157.0,-157.0,-151.0,-154.5,-154.5,-157.0,-155.0,-157.0,-152.5,-156.5,-157.0,-156.0,-157.0,-157.0,-157.0,-157.0,-157.0,-154.5,-151.5,-155.0,-156.0,-154.5,-157.0,-157.0,-153.0,-156.5,-157.0,-157.0,-152.0,-153.5,-157.0,-153.5,-157.0,-154.0,-154.5,-157.0,-156.5,-154.0,-152.5,-152.0,-155.5,-154.5,-153.5,-157.0,-156.5,-153.0,-152.0,-151.5,-152.0,-153.5,-153.5,-155.5,-156.0,-156.5,-157.0,-157.0,-157.0,-157.0,-157.0,-156.5,-157.0,-152.5,-152.0,-155.0,-157.0,-156.0,-156.5,-155.0,-157.0,-156.0,-151.0,-152.0,-153.0,-155.5,-157.0,-157.0,-149.5,-149.0,-156.5,-155.0,-157.0,-157.0,-154.0,-152.5,-157.0,-157.0,-157.0,-157.0,-153.0,-154.0,-157.0,-157.0,-157.0,-157.0,-152.0,-154.0,-151.0,-151.5,-157.0,-156.5,-153.0,-151.5,-156.0,-154.0,-157.0,-155.5,-156.5,-152.5,-157.0,-157.0,-155.5,-156.5,-157.0,-157.0,-157.0,-157.0,-157.0,-156.5,-157.0,-156.0,-150.0,-151.0,-157.0,-157.0,-157.0,-156.0,-157.0,-150.0,-151.5,-157.0,-156.0,-156.0,-155.0,-155.0,-155.5,-156.0,-152.0,-156.5,-157.0,-155.5,-152.0,-152.0,-157.0,-157.0,-151.0,-151.0,-152.0,-153.0,-151.5,-157.0,-157.0,-156.0,-157.0,-157.0,-156.0,-157.0,-152.5,-154.5,-157.0,-157.0,-157.0,-157.0,-152.5,-156.0,-155.0,-154.5,-157.0,-157.0,-150.0,-148.5,-151.5,-152.0,-157.0,-154.0,-156.5,-157.0,-157.0,-157.0,-156.0,-153.0,-151.5,-152.0,-157.0,-157.0
2026-01-17 13:48:31.269,143.049967,5,-77,-157.0,-157.0,-157.0,-157.0,-157.0,-157.0,-157.0,-156.0,-157.0,-157.0,-157.0,-157.0,-157.0,-157.0,-157.0,-154.5,-155.0,-155.0,-157.0,-151.0,-153.5,-157.0,-155.5,-154.0,-155.5,-157.0,-156.0,-157.0,-157.0,-156.5,-157.0,-155.0,-155.5,-154.5,-154.5,-154.5,-157.0,-157.0,-156.0,-157.0,-157.0,-157.0,-157.0,-157.0,-155.0,-157.0,-157.0,-150.5,-153.5,-154.0,-153.5,-157.0,-157.0,-157.0,-155.5,-152.5,-156.0,-156.5,-155.0,-151.5,-149.5,-156.5,-156.0,-157.0,-157.0,-157.0,-157.0,-153.0,-153.5,-157.0,-157.0,-155.5,-157.0,-153.0,-157.0,-157.0,-156.5,-157.0,-155.0,-156.0,-154.5,-157.0,-156.5,-157.0,-152.5,-154.0,-150.5,-150.0,-154.0,-154.0,-155.0,-157.0,-157.0,-155.5,-155.5,-157.0,-157.0,-157.0,-152.5,-152.5,-154.0,-157.0,-152.5,-150.5,-152.0,-154.0,-148.5,-152.0,-150.5,-152.5,-157.0,-155.5,-154.5,-157.0,-157.0,-157.0,-157.0,-157.0,-157.0,-157.0,-157.0,-156.0,-156.5,-157.0,-151.5,-151.0,-157.0,-156.5,-152.5,-151.5,-153.0,-154.0,-154.5,-154.0,-156.0,-156.5,-156.5,-155.5,-157.0,-156.0,-157.0,-154.0,-156.0,-156.0,-157.0,-157.0,-157.0,-157.0,-156.5,-154.0,-157.0,-157.0,-152.5,-151.5,-151.0,-156.5,-155.5,-157.0,-157.0,-157.0,-157.0,-157.0,-157.0,-157.0,-157.0,-157.0,-156.5,-157.0,-156.5,-157.0,-157.0,-157.0,-155.0,-153.5,-151.5,-150.0,-154.5,-149.5,-157.0,-152.5,-156.0,-157.0,-151.5,-156.5,-152.0,-152.0,-157.0,-157.0,-154.0,-152.0,-153.0,-157.0,-157.0,-157.0,-156.5,-157.0,-157.0,-157.0,-157.0,-156.0,-157.0,-157.0,-157.0,-157.0,-157.0,-157.0,-154.5,-155.5,-157.0,-157.0,-157.0,-156.5,-153.5,-155.5,-157.0,-157.0,-153.5,-151.5,-153.5,-154.0,-155.0,-157.0,-157.0,-157.0,-153.5,-156.0,-155.5,-154.5,-155.5,-157.0,-157.0,-157.0,-152.5,-151.0,-157.0,-154.5,-157.0,-157.0,-157.0,-157.0,-153.5,-154.5,-152.5,-153.0,-153.5,-153.0,-157.0,-154.5,-157.0,-157.0,-157.0,-152.0,-149.0,-150.5,-156.0,-157.0,-157.0,-157.0,-155.0,-156.5,-156.0,-157.0,-157.0,-151.0,-150.0,-154.5,-157.0,-157.0,-157.0,-153.5,-155.0,-154.5,-152.5,-151.5,-157.0,-149.5,-151.0,-157.0,-157.0,-157.0,-157.0,-157.0,-157.0,-157.0,-153.0,-153.0,-151.5,-154.5,-157.0,-151.5,-157.0,-155.5,-157.0,-156.5,-157.0,-157.0,-155.5,-157.0,-157.0,-152.0,-156.0,-157.0,-151.0,-157.0,-157.0,-157.0,-157.0,-157.0,-153.5,-151.5,-157.0,-157.0,-157.0,-157.0,-157.0,-152.5,-157.0,-157.0,-157.0,-154.0,-157.0,-157.0,-157.0,-157.0,-153.0,-152.5,-152.5,-156.0,-154.0,-152.0,-156.0,-156.5,-157.0,-157.0,-157.0,-157.0,-154.0,-155.5,-157.0,-157.0,-154.5,-152.5,-157.0,-157.0,-156.5,-157.0,-157.0,-157.0,-155.5,-157.0,-157.0,-157.0,-155.5,-154.5,-157.0,-153.0,-151.5,-157.0,-157.0,-156.0,-157.0,-150.5,-150.5,-154.5,-154.0,-155.5,-154.0,-153.0,-149.5,-152.5,-157.0,-157.0,-157.0,-152.0,-150.5,-157.0,-157.0,-157.0,-157.0,-155.0,-154.5,-155.5,-157.0,-157.0,-157.0,-154.5,-152.0,-154.5,-157.0,-157.0,-157.0,-153.0,-153.0,-155.5,-155.0,-157.0,-157.0,-157.0,-152.0,-157.0,-157.0,-157.0,-157.0,-157.0,-157.0,-157.0,-157.0,-157.0,-157.0,-157.0,-157.0,-149.5,-154.0,-156.0,-157.0,-157.0,-157.0,-157.0,-154.5,-153.5,-157.0,-154.0,-155.5,-157.0,-157.0,-157.0,-156.5,-150.0,-152.5,-157.0,-155.0,-157.0,-154.5,-157.0,-157.0,-151.5,-151.0,-155.5,-156.0,-154.0,-155.0,-157.0,-157.0,-157.0,-157.0,-157.0,-157.0,-156.5,-157.0,-157.0,-157.0,-156.5,-156.0,-154.5,-157.0,-157.0,-155.5,-157.0,-156.5,-157.0,-151.5,-148.5,-149.5,-157.0,-152.5,-157.0,-151.5,-152.0,-157.0,-153.0,-151.0,-152.0,-152.0,-157.0,-157.0
2026-01-17 13:48:31.302,143.049967,5,-77,-157.0,-157.0,-157.0,-155.5,-157.0,-157.0,-157.0,-157.0,-157.0,-157.0,-157.0,-157.0,-156.5,-151.5,-154.0,-157.0,-157.0,-157.0,-154.0,-151.5,-151.0,-155.0,-153.5,-150.5,-153.0,-155.5,-153.5,-155.5,-156.0,-155.0,-157.0,-154.5,-154.0,-153.5,-155.0,-154.5,-157.0,-155.5,-157.0,-157.0,-157.0,-157.0,-157.0,-157.0,-157.0,-157.0,-157.0,-150.0,-153.0,-152.0,-151.0,-157.0,-157.0,-157.0,-157.0,-157.0,-157.0,-157.0,-157.0,-155.0,-153.5,-157.0,-157.0,-157.0,-157.0,-155.5,-157.0,-157.0,-153.0,-157.0,-155.5,-157.0,-157.0,-150.0,-152.5,-157.0,-157.0,-157.0,-153.5,-157.0,-155.0,-157.0,-157.0,-155.5,-152.5,-157.0,-148.5,-148.0,-157.0,-157.0,-154.5,-154.0,-157.0,-157.0,-157.0,-156.5,-157.0,-156.5,-152.5,-152.5,-154.5,-152.5,-152.0,-151.5,-157.0,-155.0,-150.5,-149.0,-154.5,-154.5,-155.5,-155.0,-154.5,-157.0,-157.0,-157.0,-154.5,-157.0,-157.0,-157.0,-157.0,-157.0,-157.0,-157.0,-153.5,-150.0,-153.0,-157.0,-153.5,-150.5,-152.5,-153.5,-156.5,-157.0,-154.0,-157.0,-157.0,-157.0,-157.0,-152.5,-154.0,-154.0,-156.5,-154.5,-155.5,-155.0,-157.0,-157.0,-157.0,-153.5,-157.0,-153.0,-152.0,-155.0,-153.0,-156.0,-157.0,-157.0,-157.0,-157.0,-157.0,-157.0,-156.5,-156.5,-157.0,-154.0,-156.0,-154.0,-154.5,-154.0,-154.5,-151.0,-151.5,-156.0,-152.0,-151.0,-152.0,-150.5,-154.5,-156.5,-157.0,-157.0,-149.5,-148.5,-153.5,-151.0,-151.0,-157.0,-155.5,-155.0,-154.5,-153.0,-154.5,-157.0,-155.5,-157.0,-157.0,-157.0,-157.0,-157.0,-156.0,-157.0,-157.0,-156.5,-157.0,-157.0,-153.0,-157.0,-157.0,-154.5,-157.0,-152.5,-152.0,-157.0,-157.0,-157.0,-152.5,-153.5,-150.0,-151.5,-152.0,-157.0,-157.0,-157.0,-155.5,-155.0,-149.5,-151.5,-156.5,-157.0,-157.0,-157.0,-157.0,-156.0,-155.0,-154.5,-157.0,-157.0,-157.0,-154.0,-151.5,-150.5,-148.5,-152.5,-154.5,-157.0,-154.0,-154.0,-157.0,-157.0,-157.0,-155.5,-151.0,-157.0,-157.0,-157.0,-157.0,-154.0,-153.5,-156.0,-156.0,-157.0,-157.0,-153.5,-155.5,-157.0,-157.0,-157.0,-157.0,-157.0,-156.5,-156.5,-153.0,-150.5,-157.0,-149.0,-153.5,-157.0,-156.5,-154.5,-157.0,-157.0,-157.0,-156.0,-152.0,-154.5,-150.5,-155.0,-157.0,-156.5,-153.5,-152.5,-157.0,-157.0,-157.0,-157.0,-156.5,-157.0,-157.0,-156.0,-154.5,-148.5,-147.5,-154.5,-157.0,-153.5,-157.0,-157.0,-155.5,-151.0,-157.0,-155.5,-155.0,-157.0,-154.5,-153.5,-157.0,-157.0,-157.0,-153.5,-157.0,-157.0,-157.0,-157.0,-155.0,-157.0,-154.0,-157.0,-156.0,-157.0,-157.0,-157.0,-157.0,-157.0,-157.0,-157.0,-156.0,-157.0,-157.0,-157.0,-152.5,-153.0,-156.5,-157.0,-154.5,-157.0,-156.0,-157.0,-157.0,-157.0,-157.0,-157.0,-153.0,-151.0,-151.5,-151.0,-149.5,-157.0,-157.0,-154.0,-157.0,-155.5,-154.5,-155.0,-157.0,-157.0,-152.5,-151.5,-156.5,-154.5,-157.0,-157.0,-157.0,-152.5,-152.0,-157.0,-157.0,-157.0,-157.0,-157.0,-157.0,-156.5,-157.0,-157.0,-157.0,-157.0,-153.5,-154.5,-157.0,-157.0,-156.0,-157.0,-156.5,-154.0,-157.0,-157.0,-157.0,-157.0,-151.5,-155.0,-157.0,-157.0,-157.0,-157.0,-157.0,-157.0,-156.5,-157.0,-157.0,-157.0,-157.0,-150.5,-153.5,-155.0,-155.5,-156.0,-157.0,-153.5,-151.5,-154.5,-157.0,-156.0,-156.5,-157.0,-157.0,-157.0,-149.5,-148.5,-157.0,-155.5,-157.0,-157.0,-157.0,-157.0,-157.0,-152.0,-150.0,-153.5,-153.0,-157.0,-154.5,-157.0,-157.0,-156.0,-157.0,-157.0,-157.0,-156.5,-157.0,-155.0,-157.0,-157.0,-156.5,-153.5,-153.0,-157.0,-155.5,-157.0,-154.5,-157.0,-157.0,-153.5,-155.0,-155.0,-151.5,-157.0,-150.0,-150.5,-157.0,-157.0,-152.5,-155.5,-157.0,-157.0,-157.0
2026-01-17 13:48:31.335,143.049967,5,-77,-157.0,-157.0,-153.0,-152.0,-157.0,-157.0,-156.0,-157.0,-154.5,-157.0,-157.0,-155.5,-153.5,-148.5,-150.5,-153.5,-157.0,-157.0,-154.0,-157.0,-157.0,-155.5,-154.0,-151.5,-157.0,-155.0,-156.5,-157.0,-157.0,-155.0,-156.5,-157.0,-153.5,-150.0,-151.0,-152.5,-155.0,-152.0,-154.5,-153.5,-157.0,-157.0,-157.0,-157.0,-156.0,-155.0,-157.0,-152.0,-154.0,-157.0,-153.0,-157.0,-157.0,-154.0,-157.0,-157.0,-157.0,-157.0,-157.0,-157.0,-156.0,-157.0,-157.0,-157.0,-156.0,-151.5,-157.0,-156.5,-155.5,-157.0,-153.0,-154.5,-157.0,-151.0,-150.5,-157.0,-157.0,-155.5,-154.5,-157.0,-157.0,-157.0,-157.0,-157.0,-152.5,-155.0,-151.5,-152.5,-157.0,-155.5,-157.0,-150.0,-157.0,-154.5,-157.0,-157.0,-157.0,-155.0,-157.0,-157.0,-157.0,-152.5,-157.0,-152.0,-157.0,-156.0,-152.5,-152.0,-157.0,-154.5,-152.0,-155.5,-153.0,-157.0,-157.0,-157.0,-155.0,-155.0,-153.5,-157.0,-156.0,-157.0,-156.0,-157.0,-154.5,-152.0,-156.0,-157.0,-153.5,-152.0,-157.0,-152.0,-153.0,-157.0,-156.5,-155.0,-154.5,-156.0,-155.0,-153.0,-156.0,-154.5,-151.0,-156.5,-151.0,-154.0,-157.0,-154.5,-153.0,-154.5,-152.0,-152.0,-154.0,-156.0,-153.0,-155.5,-157.0,-156.5,-156.0,-157.0,-157.0,-155.0,-154.5,-157.0,-153.0,-153.0,-157.0,-154.0,-157.0,-153.5,-151.0,-151.0,-154.5,-156.5,-149.0,-150.0,-154.5,-152.0,-157.0,-157.0,-157.0,-157.0,-148.5,-148.5,-157.0,-151.0,-150.5,-154.0,-154.0,-157.0,-157.0,-156.5,-156.5,-157.0,-156.0,-157.0,-157.0,-157.0,-156.0,-157.0,-153.5,-157.0,-156.5,-152.0,-153.0,-157.0,-154.0,-157.0,-154.5,-152.0,-157.0,-156.5,-155.5,-156.5,-157.0,-157.0,-156.5,-156.0,-148.5,-149.5,-153.5,-157.0,-157.0,-157.0,-155.0,-154.0,-149.5,-152.5,-154.0,-157.0,-157.0,-157.0,-153.5,-153.5,-152.5,-153.5,-154.5,-157.0,-157.0,-155.0,-157.0,-151.5,-149.5,-151.5,-157.0,-154.0,-151.5,-152.5,-157.0,-157.0,-157.0,-157.0,-156.5,-157.0,-152.5,-153.5,-157.0,-155.5,-157.0,-154.5,-154.0,-156.0,-157.0,-154.0,-157.0,-157.0,-157.0,-155.5,-155.0,-152.5,-153.5,-157.0,-152.0,-149.5,-156.0,-151.5,-153.0,-157.0,-153.5,-152.5,-155.0,-157.0,-157.0,-153.5,-152.5,-157.0,-153.0,-157.0,-156.5,-157.0,-156.0,-153.5,-151.5,-152.0,-157.0,-157.0,-156.5,-157.0,-157.0,-157.0,-155.0,-148.0,-151.0,-152.5,-154.5,-152.5,-154.5,-157.0,-153.5,-150.0,-157.0,-152.5,-153.0,-157.0,-154.0,-157.0,-157.0,-157.0,-153.5,-152.5,-153.0,-155.5,-156.5,-157.0,-153.0,-156.5,-156.5,-157.0,-154.5,-157.0,-156.5,-157.0,-157.0,-157.0,-157.0,-157.0,-156.5,-157.0,-157.0,-157.0,-151.5,-153.0,-157.0,-153.0,-152.0,-157.0,-157.0,-157.0,-157.0,-157.0,-155.5,-150.5,-152.0,-150.0,-150.5,-153.0,-151.5,-157.0,-155.5,-153.0,-157.0,-157.0,-157.0,-157.0,-157.0,-157.0,-157.0,-153.5,-157.0,-156.5,-157.0,-157.0,-157.0,-157.0,-157.0,-157.0,-157.0,-157.0,-157.0,-157.0,-157.0,-156.5,-157.0,-157.0,-157.0,-157.0,-155.0,-152.5,-157.0,-154.0,-153.5,-157.0,-154.5,-153.5,-157.0,-157.0,-157.0,-156.0,-154.5,-154.0,-157.0,-156.0,-157.0,-155.5,-157.0,-157.0,-153.5,-157.0,-157.0,-157.0,-157.0,-151.5,-153.5,-156.0,-157.0,-157.0,-157.0,-149.0,-148.5,-153.5,-157.0,-157.0,-157.0,-157.0,-157.0,-152.5,-151.0,-151.0,-157.0,-156.0,-157.0,-157.0,-157.0,-157.0,-157.0,-150.0,-150.0,-153.5,-150.5,-152.5,-156.5,-157.0,-157.0,-157.0,-157.0,-157.0,-155.5,-155.5,-157.0,-156.5,-157.0,-156.0,-156.0,-152.0,-152.5,-157.0,-157.0,-157.0,-157.0,-157.0,-157.0,-157.0,-157.0,-153.0,-155.0,-157.0,-154.5,-156.0,-157.0,-157.0,-152.0,-155.0,-157.0,-157.0,-153.0
2026-01-17 13:48:31.370,143.049967,5,-77,-157.0,-157.0,-151.0,-151.5,-157.0,-157.0,-156.0,-157.0,-153.5,-153.0,-157.0,-151.0,-151.0,-151.0,-157.0,-154.0,-157.0,-157.0,-155.5,-154.0,-157.0,-154.5,-155.0,-155.5,-157.0,-157.0,-156.5,-157.0,-157.0,-157.0,-155.0,-157.0,-154.5,-154.0,-152.0,-152.0,-156.5,-153.5,-154.5,-155.0,-157.0,-157.0,-157.0,-157.0,-155.5,-154.5,-155.0,-157.0,-156.0,-157.0,-152.0,-152.5,-152.5,-151.5,-157.0,-157.0,-157.0,-157.0,-155.5,-156.5,-154.5,-157.0,-157.0,-157.0,-157.0,-153.0,-157.0,-157.0,-157.0,-157.0,-156.0,-156.5,-157.0,-157.0,-151.5,-154.5,-157.0,-156.0,-157.0,-157.0,-157.0,-156.0,-157.0,-157.0,-154.5,-157.0,-153.0,-153.5,-156.5,-157.0,-154.0,-147.5,-152.0,-151.5,-157.0,-157.0,-157.0,-154.0,-157.0,-157.0,-157.0,-153.5,-157.0,-152.5,-157.0,-154.0,-156.5,-156.5,-157.0,-155.0,-154.0,-157.0,-154.5,-156.0,-157.0,-157.0,-157.0,-156.0,-153.0,-157.0,-155.0,-156.5,-151.0,-153.5,-157.0,-157.0,-156.5,-156.0,-152.0,-153.0,-157.0,-155.5,-154.0,-157.0,-157.0,-157.0,-157.0,-156.0,-157.0,-157.0,-157.0,-155.5,-149.5,-157.0,-151.5,-156.0,-157.0,-152.0,-149.5,-150.5,-149.5,-157.0,-155.0,-153.5,-151.0,-153.0,-154.0,-153.5,-157.0,-157.0,-157.0,-157.0,-157.0,-156.0,-150.5,-154.0,-157.0,-154.5,-155.5,-152.0,-150.0,-155.0,-157.0,-157.0,-150.5,-151.5,-155.5,-153.0,-157.0,-157.0,-157.0,-156.5,-151.5,-153.5,-157.0,-154.5,-153.0,-153.0,-157.0,-157.0,-155.5,-156.5,-157.0,-153.5,-156.5,-157.0,-157.0,-157.0,-155.5,-157.0,-155.0,-154.0,-156.5,-153.0,-156.5,-157.0,-157.0,-157.0,-157.0,-152.0,-156.0,-157.0,-155.5,-157.0,-157.0,-157.0,-155.5,-154.5,-154.0,-157.0,-157.0,-157.0,-156.5,-156.5,-155.5,-156.5,-153.0,-151.5,-153.0,-155.0,-157.0,-157.0,-151.5,-153.0,-155.5,-155.0,-153.5,-157.0,-157.0,-157.0,-156.5,-156.5,-157.0,-154.5,-157.0,-155.5,-156.5,-156.0,-157.0,-157.0,-157.0,-157.0,-157.0,-157.0,-151.0,-154.0,-153.5,-155.5,-157.0,-157.0,-154.5,-151.5,-151.5,-153.5,-157.0,-157.0,-157.0,-152.5,-157.0,-152.0,-150.0,-157.0,-154.0,-149.0,-150.5,-157.0,-155.5,-157.0,-151.5,-157.0,-152.0,-157.0,-154.0,-151.5,-157.0,-154.5,-153.5,-157.0,-156.5,-157.0,-157.0,-155.5,-148.5,-148.0,-152.0,-157.0,-157.0,-155.5,-157.0,-154.0,-155.5,-151.0,-157.0,-155.0,-156.0,-156.0,-157.0,-156.5,-151.0,-151.5,-154.5,-153.5,-152.5,-157.0,-153.0,-156.0,-157.0,-157.0,-154.0,-157.0,-152.0,-155.5,-150.5,-154.0,-150.0,-150.5,-157.0,-157.0,-151.5,-154.0,-152.5,-154.5,-154.5,-157.0,-157.0,-157.0,-157.0,-157.0,-154.5,-154.5,-157.0,-155.0,-157.0,-156.5,-154.5,-157.0,-157.0,-157.0,-157.0,-157.0,-156.5,-151.0,-151.5,-154.0,-156.5,-157.0,-157.0,-157.0,-154.5,-156.0,-157.0,-157.0,-157.0,-157.0,-157.0,-157.0,-157.0,-152.0,-157.0,-156.0,-157.0,-155.0,-157.0,-157.0,-157.0,-157.0,-157.0,-157.0,-157.0,-157.0,-157.0,-156.5,-157.0,-156.5,-155.5,-157.0,-153.0,-153.0,-157.0,-156.5,-157.0,-157.0,-157.0,-155.0,-157.0,-157.0,-153.5,-150.5,-156.0,-157.0,-154.5,-152.5,-157.0,-157.0,-155.0,-154.0,-152.5,-157.0,-157.0,-154.5,-155.0,-154.0,-154.0,-154.5,-156.5,-157.0,-157.0,-148.5,-149.5,-155.5,-157.0,-157.0,-157.0,-157.0,-157.0,-153.0,-157.0,-157.0,-155.0,-152.0,-154.0,-157.0,-157.0,-157.0,-155.5,-153.0,-157.0,-157.0,-154.0,-156.0,-157.0,-156.0,-156.0,-157.0,-157.0,-157.0,-157.0,-157.0,-157.0,-157.0,-157.0,-151.0,-155.5,-157.0,-155.5,-157.0,-157.0,-157.0,-157.0,-157.0,-157.0,-157.0,-157.0,-154.5,-153.5,-156.0,-157.0,-157.0,-157.0,-157.0,-153.5,-153.5,-157.0,-157.0,-152.0
2026-01-17 13:48:31.406,143.049967,5,-77,-157.0,-157.0,-150.5,-150.5,-157.0,-157.0,-157.0,-157.0,-154.5,-151.0,-155.0,-154.5,-154.5,-156.0,-153.5,-154.5,-157.0,-157.0,-157.0,-155.5,-152.5,-154.5,-157.0,-157.0,-155.0,-156.0,-155.0,-157.0,-157.0,-157.0,-153.0,-152.5,-155.5,-157.0,-157.0,-156.0,-157.0,-157.0,-157.0,-157.0,-157.0,-157.0,-156.0,-157.0,-156.0,-157.0,-155.0,-157.0,-157.0,-157.0,-150.0,-151.0,-150.0,-151.5,-157.0,-157.0,-156.5,-157.0,-151.0,-150.0,-154.0,-157.0,-156.5,-155.5,-157.0,-157.0,-156.5,-156.0,-156.5,-157.0,-157.0,-157.0,-155.5,-153.5,-154.5,-153.0,-157.0,-157.0,-157.0,-153.0,-156.0,-154.5,-157.0,-153.5,-154.0,-157.0,-150.5,-149.5,-155.0,-157.0,-157.0,-149.5,-154.5,-153.5,-157.0,-156.0,-157.0,-151.5,-155.5,-157.0,-156.5,-154.5,-157.0,-156.0,-152.0,-152.5,-157.0,-154.0,-154.0,-157.0,-157.0,-157.0,-157.0,-157.0,-157.0,-157.0,-154.5,-154.0,-154.0,-157.0,-154.5,-153.0,-151.0,-151.0,-157.0,-157.0,-156.0,-153.0,-152.5,-155.0,-157.0,-157.0,-152.0,-153.5,-157.0,-157.0,-154.0,-153.5,-157.0,-156.0,-157.0,-157.0,-152.0,-157.0,-152.5,-155.0,-157.0,-155.5,-150.0,-151.5,-151.5,-157.0,-157.0,-156.5,-151.0,-152.0,-156.0,-154.5,-157.0,-157.0,-157.0,-157.0,-157.0,-156.5,-152.5,-157.0,-157.0,-156.5,-153.0,-153.5,-150.5,-154.5,-157.0,-157.0,-156.0,-154.5,-153.0,-156.0,-157.0,-157.0,-157.0,-157.0,-156.0,-157.0,-157.0,-155.0,-153.0,-153.0,-157.0,-156.0,-154.5,-157.0,-157.0,-155.0,-157.0,-157.0,-157.0,-157.0,-156.5,-154.0,-157.0,-155.0,-157.0,-157.0,-157.0,-157.0,-157.0,-153.5,-155.0,-154.5,-157.0,-154.5,-154.0,-157.0,-157.0,-157.0,-155.5,-155.0,-157.0,-157.0,-155.0,-156.0,-157.0,-153.5,-157.0,-153.0,-152.0,-152.5,-157.0,-157.0,-157.0,-157.0,-152.0,-156.0,-157.0,-153.0,-152.5,-152.5,-153.5,-157.0,-149.5,-150.5,-157.0,-155.5,-157.0,-156.5,-157.0,-157.0,-153.0,-152.0,-153.5,-157.0,-157.0,-152.0,-150.0,-157.0,-152.5,-152.5,-155.0,-157.0,-153.0,-149.0,-148.5,-157.0,-157.0,-157.0,-157.0,-151.0,-155.0,-157.0,-151.0,-153.5,-155.0,-151.5,-152.0,-157.0,-157.0,-157.0,-151.0,-153.5,-153.5,-154.5,-153.5,-150.0,-157.0,-154.0,-153.0,-157.0,-156.0,-157.0,-155.5,-150.5,-149.5,-152.5,-151.0,-157.0,-156.5,-156.5,-156.5,-154.5,-153.5,-151.5,-154.0,-154.5,-153.0,-154.5,-157.0,-157.0,-153.5,-153.5,-155.5,-157.0,-153.0,-153.0,-153.5,-153.0,-157.0,-157.0,-156.0,-157.0,-156.0,-155.5,-149.5,-154.0,-152.0,-151.5,-155.5,-157.0,-152.5,-152.0,-152.5,-156.5,-152.5,-157.0,-157.0,-157.0,-157.0,-157.0,-152.5,-152.5,-157.0,-155.0,-157.0,-157.0,-157.0,-157.0,-157.0,-153.0,-157.0,-157.0,-157.0,-157.0,-156.0,-157.0,-157.0,-157.0,-157.0,-157.0,-156.0,-157.0,-156.5,-156.5,-157.0,-157.0,-157.0,-157.0,-157.0,-149.5,-157.0,-157.0,-155.0,-157.0,-157.0,-156.0,-155.5,-157.0,-152.5,-154.0,-157.0,-157.0,-156.0,-155.5,-157.0,-157.0,-156.5,-157.0,-154.0,-155.0,-156.5,-157.0,-157.0,-157.0,-156.0,-154.0,-157.0,-157.0,-150.5,-146.0,-151.5,-157.0,-157.0,-153.0,-157.0,-157.0,-154.0,-153.5,-155.0,-157.0,-153.5,-152.0,-157.0,-157.0,-153.0,-155.5,-157.0,-157.0,-150.0,-148.5,-152.5,-157.0,-157.0,-153.5,-154.5,-157.0,-157.0,-155.0,-157.0,-157.0,-151.5,-149.5,-155.0,-156.5,-155.0,-156.5,-157.0,-157.0,-157.0,-157.0,-157.0,-157.0,-156.5,-154.0,-153.0,-157.0,-157.0,-157.0,-157.0,-157.0,-157.0,-157.0,-157.0,-150.5,-154.0,-157.0,-157.0,-157.0,-157.0,-157.0,-157.0,-157.0,-157.0,-154.5,-153.5,-153.5,-151.0,-151.0,-151.5,-157.0,-157.0,-157.0,-157.0,-157.0,-157.0,-157.0,-149.5
2026-01-17 13:48:31.440,143.049967,5,-77,-157.0,-157.0,-153.0,-150.5,-156.5,-154.0,-157.0,-157.0,-154.0,-151.5,-157.0,-157.0,-157.0,-157.0,-154.0,-155.5,-155.0,-155.0,-155.5,-156.5,-154.0,-157.0,-157.0,-157.0,-154.5,-153.0,-156.5,-157.0,-157.0,-155.5,-153.5,-156.0,-150.5,-157.0,-157.0,-157.0,-157.0,-157.0,-157.0,-157.0,-157.0,-153.0,-155.5,-151.5,-150.0,-154.0,-155.5,-157.0,-157.0,-151.5,-149.0,-156.0,-154.0,-156.0,-157.0,-155.5,-157.0,-157.0,-151.5,-151.0,-156.0,-157.0,-156.0,-157.0,-157.0,-157.0,-157.0,-152.0,-155.0,-157.0,-157.0,-157.0,-156.5,-154.5,-156.0,-152.5,-156.0,-157.0,-155.0,-151.0,-153.5,-156.0,-152.5,-150.5,-154.5,-157.0,-149.0,-148.5,-157.0,-157.0,-157.0,-151.5,-155.5,-157.0,-157.0,-154.0,-152.0,-151.0,-150.5,-157.0,-157.0,-157.0,-157.0,-157.0,-154.0,-155.5,-153.5,-153.5,-153.5,-154.0,-157.0,-157.0,-157.0,-157.0,-157.0,-157.0,-154.5,-156.5,-157.0,-157.0,-157.0,-155.0,-157.0,-153.5,-151.5,-152.5,-157.0,-154.0,-155.5,-155.5,-155.5,-157.0,-151.0,-150.5,-154.5,-157.0,-151.5,-153.0,-151.5,-152.0,-156.5,-157.0,-151.0,-153.0,-152.5,-154.0,-157.0,-153.0,-149.0,-155.5,-157.0,-157.0,-157.0,-154.0,-150.5,-157.0,-157.0,-155.5,-157.0,-155.0,-156.0,-157.0,-157.0,-157.0,-156.0,-157.0,-157.0,-157.0,-152.0,-157.0,-154.5,-149.5,-156.0,-157.0,-157.0,-157.0,-154.0,-153.5,-157.0,-157.0,-153.0,-151.5,-157.0,-157.0,-157.0,-152.5,-156.0,-153.0,-151.0,-157.0,-157.0,-157.0,-157.0,-156.0,-157.0,-157.0,-157.0,-156.0,-157.0,-156.0,-157.0,-154.5,-157.0,-157.0,-157.0,-155.5,-157.0,-151.5,-151.0,-156.5,-157.0,-157.0,-157.0,-157.0,-155.5,-156.0,-155.0,-154.5,-157.0,-157.0,-157.0,-155.5,-157.0,-154.5,-157.0,-153.5,-156.0,-152.0,-154.5,-157.0,-157.0,-154.0,-152.5,-154.5,-156.5,-153.5,-151.5,-157.0,-154.0,-154.5,-146.0,-147.5,-153.5,-154.5,-157.0,-157.0,-157.0,-157.0,-150.5,-152.5,-152.0,-157.0,-157.0,-151.0,-151.0,-157.0,-153.5,-156.0,-157.0,-157.0,-153.0,-153.5,-152.0,-157.0,-157.0,-157.0,-156.5,-151.0,-150.0,-153.5,-154.5,-157.0,-152.5,-154.5,-157.0,-157.0,-157.0,-157.0,-154.5,-154.5,-157.0,-157.0,-155.0,-151.5,-151.0,-157.0,-153.0,-155.0,-157.0,-157.0,-157.0,-152.5,-151.5,-157.0,-153.5,-157.0,-154.0,-157.0,-155.5,-157.0,-157.0,-152.0,-152.0,-157.0,-152.5,-154.5,-157.0,-154.5,-151.5,-155.0,-155.0,-155.0,-156.5,-150.0,-151.5,-150.5,-156.5,-157.0,-155.5,-155.5,-156.5,-157.0,-155.0,-157.0,-157.0,-157.0,-157.0,-157.0,-156.5,-157.0,-155.5,-156.0,-153.0,-157.0,-155.0,-154.0,-157.0,-157.0,-157.0,-156.5,-157.0,-156.0,-157.0,-157.0,-154.0,-155.5,-151.5,-150.5,-153.0,-153.5,-157.0,-157.0,-157.0,-157.0,-157.0,-157.0,-157.0,-157.0,-152.5,-152.5,-153.5,-151.0,-157.0,-157.0,-157.0,-155.0,-153.0,-149.5,-152.0,-156.0,-155.5,-157.0,-157.0,-157.0,-154.0,-157.0,-151.5,-149.0,-152.5,-155.5,-154.5,-157.0,-157.0,-157.0,-157.0,-157.0,-154.5,-156.5,-154.0,-157.0,-157.0,-157.0,-152.0,-151.0,-157.0,-156.0,-149.5,-145.5,-152.5,-157.0,-157.0,-153.5,-155.0,-155.5,-157.0,-157.0,-157.0,-157.0,-153.5,-152.0,-157.0,-155.5,-156.0,-157.0,-157.0,-157.0,-151.0,-149.5,-157.0,-157.0,-152.0,-152.0,-157.0,-157.0,-157.0,-157.0,-157.0,-157.0,-155.5,-151.5,-157.0,-157.0,-153.5,-157.0,-157.0,-157.0,-154.5,-154.5,-153.0,-155.0,-155.5,-152.5,-153.5,-157.0,-157.0,-157.0,-157.0,-157.0,-157.0,-157.0,-157.0,-154.0,-157.0,-157.0,-157.0,-157.0,-156.5,-154.5,-155.0,-157.0,-157.0,-150.5,-150.0,-154.0,-151.0,-155.5,-149.5,-153.5,-157.0,-157.0,-157.0,-157.0,-157.0,-156.5,-150.0
2026-01-17 13:48:31.470,143.049967,5,-77,-157.0,-157.0,-157.0,-151.5,-154.0,-153.0,-157.0,-157.0,-153.0,-154.5,-157.0,-157.0,-157.0,-157.0,-157.0,-157.0,-155.0,-152.5,-154.0,-156.5,-156.0,-157.0,-156.0,-155.0,-156.5,-154.5,-157.0,-152.0,-152.5,-157.0,-151.5,-152.0,-149.5,-157.0,-153.5,-157.0,-157.0,-157.0,-157.0,-157.0,-155.0,-151.0,-156.5,-150.0,-149.5,-151.5,-157.0,-157.0,-157.0,-151.0,-150.5,-153.5,-156.5,-156.0,-156.0,-157.0,-157.0,-157.0,-156.5,-157.0,-157.0,-157.0,-154.5,-157.0,-156.0,-154.5,-157.0,-152.5,-156.5,-157.0,-157.0,-153.0,-157.0,-157.0,-157.0,-154.0,-157.0,-157.0,-157.0,-154.5,-155.0,-154.0,-155.5,-152.0,-156.5,-157.0,-148.0,-150.5,-152.5,-153.0,-152.5,-153.0,-157.0,-157.0,-157.0,-153.5,-152.5,-151.0,-150.5,-157.0,-157.0,-153.0,-153.5,-157.0,-157.0,-157.0,-153.0,-157.0,-157.0,-153.5,-157.0,-156.5,-154.5,-157.0,-157.0,-157.0,-157.0,-157.0,-157.0,-157.0,-157.0,-153.5,-157.0,-153.0,-151.0,-154.5,-157.0,-157.0,-157.0,-155.0,-152.5,-157.0,-153.0,-155.0,-157.0,-157.0,-152.0,-156.0,-151.5,-156.5,-157.0,-155.5,-151.5,-154.5,-152.5,-156.0,-157.0,-153.5,-149.5,-152.0,-157.0,-157.0,-157.0,-153.5,-150.0,-153.5,-157.0,-154.0,-157.0,-153.5,-154.0,-155.5,-153.5,-154.0,-157.0,-157.0,-157.0,-156.0,-152.0,-157.0,-151.5,-147.5,-151.5,-157.0,-156.5,-157.0,-157.0,-151.0,-152.5,-156.5,-154.0,-150.5,-157.0,-157.0,-157.0,-153.0,-157.0,-155.5,-151.5,-157.0,-157.0,-157.0,-157.0,-157.0,-157.0,-155.5,-157.0,-153.5,-157.0,-157.0,-157.0,-154.0,-153.0,-156.0,-152.5,-151.0,-154.0,-155.5,-152.5,-156.5,-157.0,-157.0,-157.0,-157.0,-156.5,-155.0,-153.0,-154.5,-157.0,-156.5,-157.0,-154.0,-155.5,-157.0,-157.0,-155.5,-154.0,-154.0,-154.0,-155.5,-157.0,-153.0,-157.0,-157.0,-157.0,-157.0,-154.0,-157.0,-157.0,-152.0,-149.0,-149.0,-152.5,-155.0,-156.0,-157.0,-157.0,-157.0,-151.5,-157.0,-150.5,-155.0,-154.5,-154.0,-157.0,-157.0,-154.0,-156.0,-157.0,-157.0,-157.0,-157.0,-157.0,-157.0,-157.0,-155.0,-153.0,-155.5,-151.0,-153.0,-157.0,-155.5,-152.5,-157.0,-157.0,-157.0,-157.0,-157.0,-157.0,-157.0,-157.0,-154.0,-153.5,-154.5,-151.0,-157.0,-153.0,-157.0,-153.5,-152.0,-157.0,-157.0,-152.0,-152.0,-153.5,-155.0,-153.0,-153.0,-157.0,-157.0,-155.5,-154.0,-155.5,-157.0,-155.0,-157.0,-157.0,-156.0,-151.0,-150.5,-153.0,-151.0,-154.5,-149.5,-149.5,-152.0,-157.0,-157.0,-156.5,-155.5,-155.5,-157.0,-157.0,-157.0,-157.0,-157.0,-157.0,-157.0,-157.0,-157.0,-157.0,-157.0,-154.0,-157.0,-155.5,-155.5,-157.0,-157.0,-157.0,-154.5,-156.5,-157.0,-157.0,-154.0,-154.0,-157.0,-153.0,-156.0,-155.0,-152.5,-157.0,-157.0,-157.0,-157.0,-157.0,-156.0,-155.0,-156.0,-151.0,-153.0,-154.5,-150.0,-157.0,-156.5,-156.5,-157.0,-154.5,-151.5,-155.5,-157.0,-157.0,-153.5,-153.5,-155.5,-154.5,-157.0,-157.0,-146.5,-149.5,-157.0,-157.0,-157.0,-157.0,-157.0,-157.0,-157.0,-156.5,-157.0,-153.0,-157.0,-157.0,-152.5,-154.0,-153.0,-157.0,-157.0,-153.5,-148.5,-151.0,-153.5,-151.5,-155.5,-155.5,-153.0,-156.5,-157.0,-157.0,-157.0,-157.0,-154.5,-157.0,-156.0,-154.0,-155.5,-157.0,-152.5,-155.5,-153.0,-157.0,-157.0,-152.5,-155.5,-157.0,-157.0,-157.0,-157.0,-157.0,-157.0,-155.5,-153.0,-154.5,-157.0,-153.5,-157.0,-157.0,-157.0,-154.5,-155.5,-150.5,-153.0,-157.0,-157.0,-157.0,-157.0,-157.0,-155.5,-157.0,-157.0,-157.0,-157.0,-157.0,-157.0,-157.0,-157.0,-157.0,-154.5,-153.0,-153.0,-154.5,-157.0,-157.0,-152.5,-155.0,-156.5,-150.5,-152.5,-151.0,-157.0,-157.0,-157.0,-155.5,-157.0,-157.0,-157.0,-157.0
2026-01-17 13:48:31.503,143.049967,5,-77,-157.0,-157.0,-153.5,-151.5,-153.5,-157.0,-156.0,-155.5,-153.5,-156.5,-157.0,-157.0,-157.0,-157.0,-157.0,-157.0,-157.0,-150.5,-154.5,-157.0,-155.5,-156.5,-155.0,-157.0,-157.0,-154.0,-153.5,-150.5,-152.0,-154.5,-152.5,-151.5,-153.0,-157.0,-153.5,-155.5,-152.0,-153.5,-155.0,-155.0,-154.5,-153.0,-155.5,-155.5,-155.0,-157.0,-157.0,-157.0,-157.0,-156.5,-157.0,-151.0,-152.0,-152.5,-157.0,-157.0,-157.0,-157.0,-157.0,-156.0,-157.0,-157.0,-156.0,-157.0,-152.0,-150.5,-155.5,-154.5,-157.0,-154.0,-157.0,-153.0,-157.0,-157.0,-157.0,-154.0,-155.0,-157.0,-157.0,-157.0,-157.0,-151.5,-151.5,-152.5,-153.0,-155.0,-149.0,-155.0,-150.5,-151.0,-151.0,-152.5,-157.0,-157.0,-157.0,-154.0,-153.5,-151.5,-154.0,-157.0,-152.5,-151.5,-154.0,-157.0,-157.0,-157.0,-157.0,-157.0,-156.0,-153.0,-157.0,-155.0,-155.0,-156.5,-157.0,-157.0,-157.0,-157.0,-157.0,-157.0,-151.5,-150.0,-152.0,-155.5,-153.5,-157.0,-157.0,-157.0,-157.0,-152.5,-152.0,-157.0,-154.5,-157.0,-157.0,-156.5,-154.5,-157.0,-152.0,-157.0,-157.0,-156.0,-154.0,-157.0,-155.0,-157.0,-157.0,-157.0,-151.5,-151.5,-156.5,-157.0,-157.0,-157.0,-153.5,-153.0,-154.5,-153.0,-154.5,-153.5,-153.0,-154.5,-153.0,-152.0,-157.0,-157.0,-157.0,-157.0,-154.5,-157.0,-151.0,-150.0,-150.5,-157.0,-154.0,-156.5,-157.0,-151.5,-157.0,-155.0,-155.0,-150.5,-157.0,-157.0,-157.0,-154.5,-153.0,-157.0,-152.5,-157.0,-152.5,-153.0,-152.0,-152.0,-152.5,-154.0,-154.5,-151.5,-157.0,-154.5,-157.0,-155.5,-152.5,-152.5,-154.0,-152.0,-157.0,-157.0,-155.0,-157.0,-157.0,-157.0,-157.0,-157.0,-157.0,-156.5,-153.5,-153.0,-157.0,-155.5,-157.0,-154.5,-157.0,-157.0,-157.0,-157.0,-152.0,-155.0,-157.0,-154.5,-155.5,-155.5,-157.0,-157.0,-157.0,-157.0,-157.0,-157.0,-157.0,-154.0,-154.0,-155.0,-157.0,-157.0,-151.0,-157.0,-157.0,-157.0,-150.0,-151.0,-150.5,-157.0,-153.5,-157.0,-157.0,-157.0,-156.0,-157.0,-157.0,-156.5,-157.0,-157.0,-157.0,-157.0,-157.0,-152.0,-152.0,-157.0,-155.0,-157.0,-157.0,-152.0,-151.5,-157.0,-157.0,-157.0,-157.0,-157.0,-157.0,-157.0,-156.0,-151.5,-152.0,-157.0,-153.0,-157.0,-155.0,-153.5,-151.0,-150.5,-157.0,-154.0,-151.0,-152.0,-153.5,-153.0,-153.0,-151.5,-157.0,-157.0,-157.0,-157.0,-157.0,-157.0,-151.5,-153.0,-157.0,-157.0,-155.5,-148.5,-157.0,-151.5,-157.0,-155.0,-153.0,-157.0,-157.0,-157.0,-157.0,-157.0,-156.5,-157.0,-157.0,-157.0,-157.0,-157.0,-157.0,-157.0,-157.0,-157.0,-157.0,-157.0,-153.0,-154.0,-157.0,-155.5,-152.5,-157.0,-152.0,-150.0,-150.0,-156.0,-157.0,-157.0,-156.5,-157.0,-154.0,-157.0,-153.5,-152.0,-157.0,-157.0,-157.0,-157.0,-157.0,-153.0,-157.0,-157.0,-153.0,-157.0,-154.0,-151.5,-157.0,-156.5,-151.0,-154.0,-157.0,-151.5,-156.5,-157.0,-157.0,-156.0,-153.0,-153.5,-156.0,-155.5,-154.5,-148.5,-149.5,-156.0,-157.0,-156.0,-157.0,-156.5,-157.0,-154.5,-155.0,-157.0,-152.5,-154.0,-156.0,-154.0,-157.0,-152.0,-157.0,-156.5,-157.0,-155.5,-157.0,-152.5,-149.0,-152.5,-157.0,-151.5,-154.5,-157.0,-157.0,-157.0,-157.0,-153.0,-155.0,-157.0,-154.5,-153.5,-153.5,-152.0,-153.0,-154.0,-157.0,-157.0,-155.5,-157.0,-157.0,-157.0,-156.0,-157.0,-157.0,-157.0,-152.0,-152.5,-157.0,-157.0,-156.0,-155.0,-155.0,-157.0,-157.0,-157.0,-153.0,-157.0,-157.0,-157.0,-157.0,-157.0,-157.0,-156.5,-155.5,-156.5,-154.0,-156.5,-157.0,-157.0,-157.0,-155.0,-155.5,-156.0,-156.5,-157.0,-156.5,-156.5,-157.0,-153.0,-154.5,-156.5,-151.0,-155.5,-156.5,-155.5,-157.0,-155.0,-155.5,-155.5,-157.0,-157.0,-155.5
2026-01-17 13:48:31.541,143.049967,5,-77,-157.0,-157.0,-155.0,-157.0,-157.0,-157.0,-156.5,-153.5,-153.5,-157.0,-157.0,-157.0,-157.0,-157.0,-155.5,-154.0,-155.0,-150.0,-155.5,-157.0,-153.5,-156.5,-153.5,-156.0,-156.5,-157.0,-154.0,-152.5,-157.0,-156.5,-157.0,-153.5,-153.5,-157.0,-156.0,-157.0,-151.0,-157.0,-153.0,-154.0,-157.0,-157.0,-157.0,-157.0,-157.0,-157.0,-157.0,-157.0,-157.0,-157.0,-155.5,-151.0,-154.0,-153.0,-157.0,-157.0,-157.0,-157.0,-157.0,-153.5,-155.5,-157.0,-157.0,-157.0,-150.0,-150.5,-153.0,-155.0,-157.0,-151.0,-154.5,-155.5,-156.0,-157.0,-157.0,-154.5,-152.5,-157.0,-156.5,-157.0,-157.0,-155.0,-151.0,-156.0,-155.0,-151.5,-149.0,-157.0,-153.0,-152.0,-155.5,-153.0,-157.0,-157.0,-157.0,-157.0,-154.5,-153.5,-157.0,-157.0,-150.0,-154.0,-157.0,-154.0,-157.0,-157.0,-157.0,-157.0,-156.5,-153.0,-155.5,-154.0,-157.0,-157.0,-157.0,-157.0,-157.0,-157.0,-157.0,-155.5,-154.5,-152.5,-151.0,-153.0,-154.5,-157.0,-157.0,-157.0,-157.0,-151.5,-153.0,-157.0,-154.5,-156.5,-156.5,-157.0,-157.0,-157.0,-151.5,-152.5,-157.0,-156.0,-156.0,-155.0,-157.0,-157.0,-157.0,-155.5,-153.0,-151.5,-155.0,-157.0,-157.0,-157.0,-157.0,-157.0,-156.0,-154.0,-151.5,-151.5,-153.5,-154.0,-157.0,-157.0,-154.0,-150.0,-150.0,-156.0,-157.0,-157.0,-155.5,-157.0,-152.5,-156.5,-156.5,-152.5,-150.5,-150.0,-157.0,-157.0,-153.5,-148.0,-150.5,-157.0,-157.0,-155.5,-154.5,-157.0,-153.0,-157.0,-154.0,-154.5,-149.0,-148.0,-155.0,-157.0,-157.0,-151.5,-154.0,-151.5,-157.0,-153.0,-154.5,-151.0,-157.0,-155.5,-157.0,-153.5,-152.0,-155.5,-156.0,-157.0,-157.0,-157.0,-157.0,-154.0,-157.0,-157.0,-157.0,-154.0,-156.5,-157.0,-157.0,-157.0,-157.0,-157.0,-154.5,-152.5,-153.5,-155.5,-157.0,-157.0,-157.0,-156.0,-155.5,-157.0,-157.0,-157.0,-156.0,-157.0,-157.0,-154.0,-157.0,-157.0,-150.5,-156.5,-157.0,-157.0,-152.0,-150.0,-151.5,-157.0,-156.5,-157.0,-157.0,-157.0,-157.0,-157.0,-157.0,-157.0,-156.0,-157.0,-157.0,-154.0,-156.0,-157.0,-154.5,-154.5,-155.5,-156.5,-157.0,-153.0,-152.5,-157.0,-157.0,-157.0,-157.0,-157.0,-156.5,-155.5,-156.0,-155.5,-151.5,-157.0,-155.5,-156.0,-157.0,-156.0,-157.0,-155.5,-157.0,-154.5,-155.5,-157.0,-155.0,-154.5,-152.5,-155.0,-157.0,-157.0,-157.0,-157.0,-154.5,-154.0,-151.0,-151.5,-157.0,-154.0,-157.0,-150.0,-155.5,-153.0,-153.0,-155.5,-153.0,-157.0,-157.0,-157.0,-157.0,-157.0,-156.5,-157.0,-157.0,-156.0,-156.0,-157.0,-157.0,-157.0,-157.0,-157.0,-157.0,-157.0,-157.0,-154.5,-157.0,-155.0,-151.5,-157.0,-152.5,-153.0,-151.0,-155.0,-154.5,-157.0,-157.0,-153.5,-152.0,-155.5,-152.5,-153.5,-157.0,-156.0,-155.5,-157.0,-157.0,-154.0,-157.0,-157.0,-154.0,-157.0,-157.0,-155.5,-157.0,-154.5,-151.5,-155.0,-157.0,-152.0,-155.0,-157.0,-157.0,-157.0,-153.5,-153.0,-152.5,-152.5,-156.5,-154.5,-155.0,-157.0,-157.0,-157.0,-157.0,-157.0,-157.0,-156.5,-155.0,-155.0,-154.5,-152.0,-153.5,-157.0,-156.5,-152.5,-157.0,-157.0,-155.0,-157.0,-157.0,-157.0,-152.5,-155.0,-157.0,-155.5,-153.0,-157.0,-157.0,-157.0,-155.0,-152.5,-154.5,-157.0,-157.0,-157.0,-155.0,-157.0,-157.0,-155.0,-157.0,-155.0,-157.0,-156.0,-157.0,-157.0,-157.0,-156.0,-157.0,-157.0,-151.5,-151.0,-157.0,-157.0,-157.0,-157.0,-156.0,-157.0,-157.0,-157.0,-157.0,-157.0,-157.0,-157.0,-157.0,-157.0,-155.5,-157.0,-157.0,-157.0,-155.5,-154.0,-155.5,-157.0,-157.0,-153.0,-156.5,-154.0,-157.0,-157.0,-156.5,-157.0,-155.0,-153.0,-153.0,-152.5,-151.5,-157.0,-157.0,-152.5,-152.0,-152.5,-156.5,-157.0,-155.5,-153.0,-151.5
2026-01-17 13:48:31.570,143.049967,5,-77,-157.0,-157.0,-157.0,-157.0,-157.0,-157.0,-157.0,-156.5,-154.5,-157.0,-157.0,-156.5,-157.0,-157.0,-153.5,-156.0,-157.0,-150.5,-154.0,-156.0,-153.0,-155.0,-153.5,-155.5,-157.0,-157.0,-156.0,-153.0,-152.5,-155.5,-157.0,-151.5,-151.0,-156.5,-156.0,-157.0,-151.0,-154.5,-157.0,-157.0,-153.0,-157.0,-157.0,-156.0,-157.0,-157.0,-157.0,-157.0,-156.5,-156.5,-155.0,-152.5,-154.5,-157.0,-157.0,-157.0,-157.0,-157.0,-157.0,-156.0,-157.0,-157.0,-157.0,-157.0,-154.0,-155.0,-151.5,-156.0,-156.5,-151.0,-155.5,-157.0,-156.5,-157.0,-157.0,-157.0,-152.5,-152.5,-151.0,-157.0,-157.0,-157.0,-152.5,-157.0,-157.0,-157.0,-153.0,-157.0,-157.0,-152.5,-157.0,-155.0,-157.0,-157.0,-157.0,-157.0,-153.5,-156.0,-157.0,-157.0,-149.0,-152.5,-157.0,-151.0,-153.0,-156.0,-154.5,-157.0,-157.0,-151.5,-154.0,-156.0,-155.5,-157.0,-157.0,-157.0,-157.0,-153.5,-157.0,-154.0,-157.0,-154.5,-150.0,-149.5,-156.5,-157.0,-157.0,-157.0,-157.0,-150.0,-152.5,-157.0,-155.5,-155.0,-156.5,-157.0,-156.5,-156.5,-155.0,-155.5,-157.0,-156.5,-154.0,-155.5,-157.0,-157.0,-157.0,-155.5,-155.0,-154.5,-156.5,-157.0,-157.0,-157.0,-157.0,-157.0,-157.0,-152.5,-155.5,-150.5,-155.5,-152.5,-153.0,-157.0,-150.5,-150.0,-148.5,-153.5,-153.0,-155.5,-157.0,-157.0,-156.5,-157.0,-157.0,-153.0,-154.5,-152.5,-154.5,-157.0,-156.5,-148.5,-151.0,-157.0,-157.0,-156.0,-157.0,-157.0,-157.0,-157.0,-157.0,-156.0,-151.0,-150.5,-155.5,-157.0,-155.0,-152.5,-157.0,-152.0,-155.0,-154.0,-156.0,-152.0,-157.0,-157.0,-157.0,-150.0,-149.5,-152.5,-152.0,-155.5,-157.0,-157.0,-151.0,-151.0,-157.0,-157.0,-157.0,-157.0,-154.5,-157.0,-157.0,-157.0,-157.0,-157.0,-155.5,-153.0,-156.0,-157.0,-152.5,-153.0,-157.0,-153.5,-151.5,-152.0,-154.5,-157.0,-152.5,-157.0,-157.0,-150.0,-152.5,-157.0,-152.5,-152.5,-155.0,-155.5,-157.0,-154.5,-154.0,-154.0,-157.0,-157.0,-157.0,-155.5,-157.0,-157.0,-157.0,-157.0,-152.0,-156.5,-157.0,-152.5,-155.0,-157.0,-157.0,-155.0,-155.0,-153.5,-157.0,-157.0,-157.0,-157.0,-157.0,-157.0,-157.0,-157.0,-154.0,-157.0,-157.0,-155.0,-153.0,-156.0,-154.5,-157.0,-152.0,-156.0,-157.0,-157.0,-157.0,-153.5,-157.0,-157.0,-157.0,-155.0,-150.0,-157.0,-157.0,-157.0,-157.0,-157.0,-152.5,-153.5,-156.5,-154.5,-154.5,-151.5,-157.0,-154.5,-157.0,-154.0,-153.0,-156.5,-154.0,-157.0,-157.0,-157.0,-157.0,-157.0,-157.0,-156.0,-153.5,-153.5,-154.5,-157.0,-156.5,-154.0,-157.0,-157.0,-157.0,-157.0,-157.0,-155.0,-156.5,-157.0,-152.5,-157.0,-152.5,-155.0,-157.0,-155.0,-155.5,-157.0,-157.0,-154.0,-153.5,-157.0,-154.5,-155.0,-157.0,-154.0,-155.0,-157.0,-157.0,-157.0,-156.5,-154.0,-153.0,-157.0,-157.0,-156.0,-156.0,-153.0,-155.5,-157.0,-157.0,-156.5,-157.0,-157.0,-157.0,-156.0,-152.0,-156.5,-153.0,-152.0,-151.5,-156.0,-157.0,-157.0,-157.0,-157.0,-157.0,-157.0,-157.0,-155.0,-154.5,-157.0,-154.5,-151.0,-155.5,-156.0,-155.0,-153.5,-157.0,-157.0,-157.0,-157.0,-157.0,-153.0,-155.5,-157.0,-157.0,-157.0,-153.5,-157.0,-157.0,-155.5,-154.5,-157.0,-156.5,-157.0,-156.0,-157.0,-157.0,-157.0,-157.0,-153.0,-155.0,-152.0,-157.0,-154.0,-157.0,-157.0,-157.0,-155.5,-156.5,-152.0,-153.0,-151.0,-157.0,-157.0,-157.0,-153.5,-154.0,-156.0,-157.0,-157.0,-157.0,-157.0,-157.0,-157.0,-157.0,-155.0,-152.5,-157.0,-154.0,-153.0,-157.0,-153.5,-157.0,-155.0,-155.0,-153.5,-157.0,-153.5,-155.5,-157.0,-156.5,-157.0,-152.5,-155.0,-157.0,-157.0,-155.5,-157.0,-157.0,-152.0,-152.5,-153.0,-155.0,-157.0,-153.0,-154.5,-155.5
2026-01-17 13:48:31.604,143.049967,5,-77,-157.0,-157.0,-155.5,-157.0,-157.0,-157.0,-157.0,-157.0,-157.0,-157.0,-155.0,-154.0,-157.0,-157.0,-157.0,-157.0,-157.0,-148.0,-149.0,-153.5,-155.5,-157.0,-153.5,-156.0,-157.0,-157.0,-155.5,-157.0,-150.5,-150.0,-156.0,-155.5,-156.0,-157.0,-155.0,-157.0,-153.0,-155.5,-157.0,-152.0,-150.5,-156.0,-154.0,-155.5,-156.0,-154.5,-157.0,-157.0,-155.5,-157.0,-156.0,-152.5,-153.5,-157.0,-157.0,-157.0,-157.0,-157.0,-157.0,-156.0,-157.0,-157.0,-157.0,-157.0,-156.0,-151.5,-151.5,-157.0,-157.0,-152.0,-153.5,-157.0,-155.5,-157.0,-157.0,-157.0,-156.0,-156.0,-150.5,-155.5,-155.0,-156.5,-152.5,-157.0,-157.0,-157.0,-151.5,-152.0,-157.0,-151.0,-154.0,-157.0,-157.0,-157.0,-157.0,-156.5,-153.5,-157.0,-157.0,-156.0,-149.5,-153.5,-155.5,-152.0,-154.5,-152.0,-153.0,-157.0,-157.0,-151.5,-154.5,-157.0,-154.0,-157.0,-157.0,-157.0,-157.0,-152.0,-153.5,-153.0,-157.0,-154.0,-153.5,-151.5,-157.0,-156.0,-153.0,-157.0,-157.0,-152.5,-156.0,-157.0,-157.0,-157.0,-157.0,-157.0,-155.5,-157.0,-155.0,-156.5,-156.5,-154.0,-151.5,-153.0,-155.5,-157.0,-153.5,-151.0,-152.5,-157.0,-155.5,-157.0,-157.0,-157.0,-157.0,-157.0,-157.0,-150.5,-152.5,-150.5,-152.0,-156.5,-155.0,-157.0,-152.0,-157.0,-153.0,-157.0,-150.5,-154.0,-157.0,-157.0,-157.0,-157.0,-157.0,-152.0,-152.5,-157.0,-157.0,-156.0,-157.0,-152.5,-157.0,-157.0,-153.5,-153.5,-157.0,-157.0,-157.0,-153.5,-156.5,-157.0,-156.0,-157.0,-153.5,-157.0,-154.0,-155.5,-157.0,-153.5,-153.0,-157.0,-157.0,-151.0,-152.5,-156.0,-153.5,-154.5,-154.0,-150.5,-149.5,-157.0,-157.0,-157.0,-151.5,-152.0,-157.0,-157.0,-156.0,-157.0,-156.0,-157.0,-157.0,-157.0,-157.0,-157.0,-157.0,-153.0,-157.0,-157.0,-152.5,-153.0,-154.5,-156.5,-154.0,-153.5,-154.5,-157.0,-151.5,-157.0,-151.5,-148.5,-153.0,-157.0,-157.0,-156.5,-155.0,-153.0,-155.0,-153.0,-152.5,-152.0,-156.5,-153.5,-151.0,-151.5,-157.0,-157.0,-157.0,-152.5,-149.0,-153.5,-156.5,-154.5,-157.0,-157.0,-157.0,-157.0,-151.0,-149.0,-152.5,-157.0,-157.0,-157.0,-157.0,-157.0,-157.0,-152.5,-151.5,-157.0,-156.0,-153.5,-157.0,-153.0,-154.0,-154.5,-149.5,-152.0,-157.0,-157.0,-155.5,-151.5,-155.0,-157.0,-157.0,-154.5,-149.0,-152.5,-157.0,-157.0,-157.0,-157.0,-154.0,-155.5,-155.5,-157.0,-154.0,-152.0,-157.0,-155.5,-157.0,-157.0,-157.0,-157.0,-157.0,-157.0,-154.0,-154.0,-154.5,-155.5,-157.0,-157.0,-152.5,-154.0,-156.0,-157.0,-157.0,-154.5,-157.0,-157.0,-156.5,-157.0,-157.0,-156.5,-157.0,-157.0,-151.5,-157.0,-152.5,-152.5,-157.0,-157.0,-157.0,-157.0,-156.0,-151.0,-152.5,-157.0,-157.0,-157.0,-157.0,-157.0,-157.0,-157.0,-157.0,-157.0,-154.0,-155.0,-156.5,-155.5,-156.5,-157.0,-157.0,-156.0,-157.0,-157.0,-157.0,-156.0,-151.0,-151.0,-154.0,-154.0,-151.0,-157.0,-154.5,-155.5,-150.0,-151.5,-154.0,-157.0,-157.0,-156.0,-156.5,-157.0,-156.5,-154.5,-155.0,-157.0,-152.5,-152.5,-156.0,-152.5,-155.0,-155.0,-153.5,-153.5,-157.0,-157.0,-157.0,-151.0,-154.5,-156.5,-157.0,-156.5,-157.0,-157.0,-157.0,-156.0,-153.5,-157.0,-156.0,-157.0,-152.0,-154.0,-156.0,-157.0,-157.0,-153.5,-156.0,-150.0,-151.0,-152.0,-152.5,-153.0,-157.0,-157.0,-153.5,-150.5,-155.0,-152.0,-157.0,-157.0,-155.5,-148.0,-150.0,-156.0,-157.0,-157.0,-157.0,-157.0,-157.0,-157.0,-157.0,-154.5,-153.5,-157.0,-150.5,-150.5,-157.0,-152.5,-152.0,-155.0,-154.5,-153.0,-157.0,-157.0,-155.5,-156.0,-156.0,-157.0,-153.5,-157.0,-157.0,-157.0,-157.0,-157.0,-157.0,-153.0,-151.5,-154.0,-157.0,-156.5,-152.5,-157.0,-157.0
2026-01-17 13:48:31.637,143.049967,5,-77,-157.0,-157.0,-154.0,-157.0,-157.0,-154.5,-157.0,-157.0,-157.0,-157.0,-157.0,-154.5,-155.5,-153.5,-157.0,-157.0,-153.0,-148.5,-148.0,-155.0,-155.0,-157.0,-154.0,-153.5,-155.0,-155.0,-157.0,-157.0,-154.5,-151.5,-157.0,-155.5,-157.0,-157.0,-154.5,-157.0,-156.5,-157.0,-152.0,-153.0,-154.0,-151.0,-151.5,-157.0,-153.0,-154.5,-157.0,-157.0,-155.0,-157.0,-157.0,-154.5,-153.0,-157.0,-157.0,-157.0,-155.5,-157.0,-157.0,-152.0,-152.5,-153.5,-157.0,-157.0,-156.0,-154.0,-156.0,-157.0,-156.5,-155.5,-155.5,-157.0,-153.0,-157.0,-155.5,-153.0,-153.0,-154.5,-152.5,-157.0,-153.5,-157.0,-155.5,-157.0,-157.0,-157.0,-150.5,-149.5,-156.0,-152.0,-157.0,-154.0,-157.0,-155.0,-155.0,-153.5,-153.5,-155.0,-157.0,-157.0,-152.0,-157.0,-157.0,-155.0,-157.0,-155.0,-157.0,-157.0,-154.0,-151.0,-157.0,-155.0,-154.0,-156.5,-157.0,-157.0,-157.0,-153.0,-154.5,-156.0,-157.0,-154.0,-156.5,-152.5,-154.5,-149.5,-147.5,-153.5,-157.0,-155.0,-157.0,-157.0,-157.0,-157.0,-157.0,-157.0,-155.0,-157.0,-151.5,-153.5,-157.0,-155.0,-152.5,-153.5,-157.0,-157.0,-149.5,-148.5,-156.0,-157.0,-153.0,-155.5,-157.0,-157.0,-157.0,-157.0,-157.0,-151.0,-152.0,-155.0,-153.0,-157.0,-157.0,-157.0,-151.5,-154.0,-153.5,-154.0,-150.5,-153.5,-157.0,-157.0,-157.0,-157.0,-156.5,-150.5,-149.5,-153.5,-152.0,-152.0,-156.5,-156.0,-157.0,-156.5,-157.0,-155.5,-156.0,-157.0,-157.0,-154.5,-157.0,-157.0,-156.0,-154.5,-156.0,-157.0,-157.0,-157.0,-157.0,-154.5,-150.5,-157.0,-157.0,-152.5,-157.0,-152.0,-152.5,-157.0,-157.0,-155.5,-150.5,-155.5,-156.5,-153.0,-153.5,-152.5,-157.0,-152.0,-152.5,-157.0,-157.0,-157.0,-157.0,-157.0,-152.0,-153.5,-157.0,-156.5,-157.0,-157.0,-157.0,-157.0,-155.0,-156.0,-155.0,-157.0,-156.5,-157.0,-153.5,-155.0,-150.0,-150.0,-157.0,-156.5,-157.0,-153.0,-153.0,-152.0,-151.5,-153.0,-151.5,-152.5,-157.0,-153.5,-152.5,-151.5,-157.0,-155.0,-157.0,-152.5,-150.0,-150.0,-150.0,-155.0,-157.0,-157.0,-157.0,-154.5,-152.5,-149.0,-151.5,-157.0,-157.0,-157.0,-157.0,-156.0,-157.0,-150.5,-154.0,-157.0,-153.5,-156.0,-157.0,-155.5,-157.0,-154.0,-153.0,-154.0,-156.0,-155.0,-156.5,-151.5,-157.0,-156.5,-157.0,-156.0,-153.0,-156.0,-157.0,-157.0,-157.0,-157.0,-155.5,-157.0,-157.0,-157.0,-156.5,-151.5,-154.0,-152.0,-157.0,-157.0,-157.0,-157.0,-157.0,-157.0,-154.0,-156.5,-157.0,-154.0,-157.0,-157.0,-153.5,-153.0,-157.0,-157.0,-157.0,-157.0,-157.0,-156.5,-155.5,-157.0,-157.0,-157.0,-157.0,-152.5,-150.5,-154.0,-155.0,-157.0,-157.0,-157.0,-157.0,-153.5,-154.0,-152.5,-151.5,-154.0,-155.5,-157.0,-157.0,-157.0,-157.0,-157.0,-157.0,-157.0,-155.0,-157.0,-154.0,-149.0,-152.0,-157.0,-157.0,-157.0,-157.0,-157.0,-157.0,-153.5,-149.0,-151.0,-152.0,-155.5,-152.5,-157.0,-152.0,-153.5,-151.5,-154.5,-153.0,-153.5,-157.0,-156.0,-157.0,-157.0,-157.0,-155.5,-153.5,-155.5,-155.5,-157.0,-153.0,-153.0,-156.5,-157.0,-152.0,-156.5,-154.0,-155.5,-157.0,-152.0,-157.0,-154.5,-154.0,-156.0,-157.0,-157.0,-157.0,-155.5,-150.5,-152.0,-153.0,-157.0,-152.5,-156.5,-156.0,-157.0,-157.0,-155.5,-157.0,-151.0,-154.5,-155.0,-152.0,-152.5,-157.0,-157.0,-157.0,-152.5,-151.5,-156.0,-151.5,-152.0,-157.0,-148.5,-148.0,-154.5,-157.0,-157.0,-157.0,-157.0,-157.0,-157.0,-157.0,-157.0,-156.0,-157.0,-152.5,-152.0,-155.0,-152.5,-151.0,-157.0,-157.0,-156.0,-157.0,-157.0,-157.0,-154.0,-155.0,-157.0,-154.5,-157.0,-157.0,-157.0,-157.0,-157.0,-154.5,-151.5,-153.0,-157.0,-157.0,-153.5,-151.0,-157.0,-157.0
2026-01-17 13:48:31.670,143.049967,5,-77,-157.0,-157.0,-153.0,-156.5,-155.5,-151.0,-155.5,-155.5,-155.0,-157.0,-157.0,-157.0,-154.0,-151.0,-155.0,-157.0,-156.0,-154.0,-151.5,-157.0,-153.0,-155.5,-157.0,-154.5,-150.0,-150.5,-157.0,-157.0,-157.0,-152.5,-154.5,-156.0,-157.0,-154.0,-155.5,-157.0,-157.0,-156.0,-152.0,-156.0,-157.0,-152.5,-152.5,-157.0,-154.5,-154.0,-157.0,-157.0,-153.0,-155.0,-155.5,-155.5,-152.0,-154.5,-157.0,-157.0,-157.0,-157.0,-157.0,-149.0,-151.0,-153.0,-152.5,-156.0,-157.0,-157.0,-157.0,-151.0,-151.5,-157.0,-157.0,-154.0,-151.0,-152.5,-155.5,-151.5,-150.5,-153.0,-155.0,-157.0,-153.0,-153.5,-157.0,-157.0,-157.0,-156.0,-152.5,-155.0,-155.0,-154.5,-156.0,-152.5,-152.5,-152.0,-155.5,-152.0,-151.5,-151.0,-157.0,-157.0,-155.0,-157.0,-157.0,-157.0,-157.0,-157.0,-157.0,-157.0,-153.5,-152.0,-154.0,-154.0,-157.0,-157.0,-157.0,-157.0,-156.0,-152.5,-156.0,-157.0,-157.0,-153.5,-150.5,-151.5,-157.0,-149.5,-149.0,-151.0,-157.0,-155.0,-154.0,-153.5,-157.0,-157.0,-157.0,-157.0,-156.5,-154.0,-152.5,-155.5,-152.5,-153.5,-155.0,-154.0,-156.0,-157.0,-150.5,-148.5,-157.0,-155.0,-152.5,-154.5,-157.0,-157.0,-157.0,-157.0,-157.0,-153.0,-157.0,-156.5,-156.5,-157.0,-157.0,-157.0,-155.0,-154.5,-153.5,-156.0,-152.5,-154.0,-157.0,-157.0,-157.0,-157.0,-156.5,-150.5,-152.5,-152.5,-151.0,-154.0,-152.5,-157.0,-156.0,-153.5,-153.0,-154.0,-152.0,-155.0,-156.0,-154.5,-155.5,-157.0,-155.0,-152.5,-157.0,-157.0,-157.0,-157.0,-157.0,-157.0,-150.0,-152.0,-157.0,-154.5,-157.0,-156.5,-157.0,-153.0,-154.0,-157.0,-149.5,-153.5,-154.5,-152.0,-152.0,-157.0,-157.0,-153.0,-157.0,-157.0,-157.0,-154.5,-157.0,-151.0,-150.0,-154.0,-157.0,-155.0,-156.5,-157.0,-157.0,-157.0,-157.0,-153.0,-155.0,-157.0,-156.0,-157.0,-154.0,-152.0,-153.0,-157.0,-156.0,-155.5,-153.0,-152.0,-151.5,-151.0,-155.0,-157.0,-157.0,-155.5,-157.0,-157.0,-157.0,-151.5,-153.5,-155.0,-156.0,-154.5,-154.0,-149.5,-149.0,-157.0,-157.0,-153.5,-156.0,-157.0,-154.5,-152.5,-157.0,-157.0,-156.0,-155.5,-156.5,-156.0,-157.0,-151.0,-156.5,-157.0,-155.5,-157.0,-157.0,-156.5,-155.5,-155.0,-157.0,-153.5,-155.5,-154.0,-151.5,-153.0,-157.0,-152.0,-154.5,-155.5,-157.0,-157.0,-157.0,-157.0,-156.5,-157.0,-155.5,-157.0,-157.0,-157.0,-153.0,-150.0,-150.5,-150.5,-155.5,-155.5,-157.0,-157.0,-157.0,-153.0,-151.0,-155.0,-157.0,-155.5,-157.0,-157.0,-157.0,-156.0,-157.0,-157.0,-157.0,-157.0,-157.0,-157.0,-155.0,-157.0,-157.0,-157.0,-156.5,-152.0,-154.5,-152.0,-152.5,-157.0,-157.0,-157.0,-154.5,-151.5,-153.0,-154.5,-150.0,-150.5,-153.5,-156.5,-155.5,-155.5,-157.0,-155.5,-157.0,-157.0,-157.0,-157.0,-151.5,-147.0,-151.0,-154.5,-157.0,-157.0,-157.0,-157.0,-157.0,-157.0,-154.0,-155.0,-150.0,-150.0,-150.5,-157.0,-151.0,-150.0,-151.5,-157.0,-156.5,-157.0,-157.0,-157.0,-154.5,-155.0,-157.0,-155.5,-154.5,-157.0,-157.0,-157.0,-157.0,-157.0,-157.0,-154.0,-151.5,-156.5,-157.0,-157.0,-157.0,-155.0,-156.5,-157.0,-155.0,-157.0,-157.0,-157.0,-157.0,-155.0,-150.0,-154.5,-157.0,-156.5,-153.0,-157.0,-155.0,-155.5,-156.0,-157.0,-157.0,-151.0,-156.5,-156.0,-156.5,-155.0,-152.5,-154.0,-157.0,-157.0,-155.0,-156.0,-149.0,-152.5,-156.0,-154.0,-151.0,-156.0,-157.0,-157.0,-157.0,-157.0,-157.0,-155.5,-154.0,-152.5,-151.0,-155.0,-157.0,-157.0,-157.0,-155.0,-155.0,-157.0,-157.0,-157.0,-156.0,-157.0,-157.0,-154.5,-157.0,-157.0,-157.0,-157.0,-156.5,-155.0,-157.0,-154.0,-152.0,-151.0,-157.0,-156.5,-157.0,-155.0,-150.0,-154.0,-157.0
2026-01-17 13:48:31.708,143.049967,5,-77,-157.0,-157.0,-153.0,-157.0,-150.0,-148.5,-151.5,-152.5,-151.5,-156.5,-155.0,-154.5,-156.5,-152.5,-156.0,-157.0,-156.0,-152.0,-152.0,-157.0,-155.0,-157.0,-157.0,-157.0,-150.5,-150.5,-155.0,-157.0,-155.0,-155.0,-155.0,-157.0,-157.0,-156.5,-157.0,-157.0,-157.0,-157.0,-155.0,-156.5,-157.0,-156.5,-154.5,-157.0,-156.0,-155.0,-157.0,-154.5,-151.0,-153.5,-151.0,-152.5,-151.0,-153.0,-156.5,-157.0,-157.0,-157.0,-157.0,-149.0,-151.5,-154.5,-153.0,-155.5,-157.0,-156.5,-153.0,-150.0,-155.0,-154.0,-153.5,-155.0,-153.0,-153.5,-153.0,-153.0,-152.0,-157.0,-157.0,-157.0,-154.5,-152.5,-157.0,-157.0,-157.0,-153.5,-155.0,-157.0,-154.5,-157.0,-157.0,-155.5,-157.0,-154.5,-152.0,-151.0,-153.5,-153.0,-157.0,-157.0,-157.0,-157.0,-157.0,-157.0,-157.0,-157.0,-157.0,-154.5,-154.5,-157.0,-153.0,-154.5,-157.0,-157.0,-157.0,-157.0,-157.0,-152.5,-154.0,-157.0,-157.0,-157.0,-149.5,-150.5,-157.0,-154.5,-157.0,-155.5,-155.5,-157.0,-157.0,-151.5,-153.0,-157.0,-157.0,-157.0,-157.0,-157.0,-157.0,-157.0,-153.0,-154.5,-152.0,-150.5,-152.0,-157.0,-154.5,-149.0,-156.5,-157.0,-156.0,-157.0,-157.0,-157.0,-157.0,-152.0,-150.5,-151.0,-157.0,-157.0,-154.5,-157.0,-157.0,-157.0,-157.0,-157.0,-154.5,-156.5,-155.0,-157.0,-157.0,-156.0,-157.0,-157.0,-157.0,-152.0,-157.0,-154.5,-157.0,-155.5,-153.5,-157.0,-156.0,-152.0,-153.0,-149.5,-149.5,-157.0,-156.5,-155.5,-157.0,-157.0,-157.0,-154.5,-157.0,-157.0,-157.0,-157.0,-157.0,-157.0,-154.5,-153.5,-157.0,-157.0,-157.0,-157.0,-157.0,-152.0,-157.0,-155.0,-151.0,-155.0,-156.5,-155.5,-153.0,-157.0,-155.5,-154.5,-157.0,-157.0,-154.5,-151.0,-152.5,-151.0,-152.0,-157.0,-155.5,-153.5,-157.0,-156.0,-156.5,-157.0,-157.0,-154.5,-157.0,-157.0,-157.0,-156.5,-150.5,-148.0,-152.0,-155.5,-157.0,-157.0,-152.5,-157.0,-156.0,-150.0,-151.5,-151.0,-157.0,-154.5,-157.0,-157.0,-157.0,-152.0,-150.5,-153.5,-155.5,-155.0,-157.0,-152.0,-154.0,-157.0,-157.0,-149.5,-150.5,-157.0,-152.0,-152.5,-156.0,-157.0,-156.0,-157.0,-156.5,-153.5,-151.5,-153.0,-157.0,-157.0,-157.0,-157.0,-157.0,-157.0,-157.0,-157.0,-153.5,-154.5,-157.0,-157.0,-152.0,-157.0,-157.0,-151.0,-152.5,-154.0,-156.5,-157.0,-157.0,-157.0,-157.0,-157.0,-154.5,-157.0,-157.0,-157.0,-152.0,-150.0,-154.0,-152.5,-154.5,-156.0,-156.5,-157.0,-157.0,-156.0,-153.0,-155.0,-157.0,-155.0,-156.5,-157.0,-157.0,-157.0,-157.0,-157.0,-157.0,-157.0,-157.0,-157.0,-157.0,-157.0,-157.0,-157.0,-152.5,-149.0,-154.5,-149.5,-150.0,-157.0,-157.0,-156.5,-150.5,-151.5,-156.0,-156.0,-152.0,-151.0,-154.0,-157.0,-157.0,-157.0,-156.0,-157.0,-155.5,-155.0,-157.0,-157.0,-155.5,-149.0,-155.0,-153.5,-157.0,-157.0,-157.0,-157.0,-154.0,-156.0,-157.0,-152.5,-151.0,-149.5,-149.0,-157.0,-153.5,-154.0,-154.5,-157.0,-157.0,-157.0,-157.0,-157.0,-153.5,-152.5,-156.5,-157.0,-157.0,-157.0,-157.0,-157.0,-157.0,-157.0,-157.0,-157.0,-154.5,-154.0,-157.0,-157.0,-157.0,-157.0,-157.0,-157.0,-157.0,-157.0,-157.0,-157.0,-157.0,-154.0,-150.5,-152.5,-157.0,-156.0,-154.0,-155.5,-157.0,-157.0,-154.0,-156.0,-157.0,-152.0,-156.5,-155.0,-157.0,-150.5,-148.5,-154.5,-157.0,-156.5,-157.0,-157.0,-149.5,-156.5,-153.5,-156.0,-152.5,-154.0,-156.0,-157.0,-157.0,-157.0,-157.0,-153.0,-155.0,-148.0,-147.5,-152.5,-157.0,-157.0,-157.0,-157.0,-157.0,-157.0,-157.0,-157.0,-156.0,-153.0,-154.0,-152.5,-157.0,-156.5,-157.0,-157.0,-157.0,-152.0,-155.5,-151.0,-155.0,-152.0,-157.0,-155.0,-155.0,-154.0,-151.5,-153.0,-157.0
2026-01-17 13:48:31.737,143.049967,5,-77,-157.0,-157.0,-157.0,-155.5,-153.0,-153.0,-151.0,-151.5,-154.5,-153.0,-154.0,-156.0,-157.0,-155.0,-155.5,-156.0,-154.0,-153.5,-154.5,-157.0,-154.5,-157.0,-157.0,-157.0,-155.5,-156.0,-155.5,-157.0,-154.0,-154.0,-152.5,-155.0,-157.0,-157.0,-157.0,-157.0,-157.0,-157.0,-157.0,-157.0,-157.0,-157.0,-157.0,-157.0,-157.0,-157.0,-157.0,-156.0,-152.5,-152.5,-151.5,-157.0,-151.5,-154.5,-156.5,-157.0,-157.0,-157.0,-157.0,-152.5,-155.0,-157.0,-157.0,-154.5,-152.5,-153.5,-154.5,-152.5,-157.0,-151.0,-150.5,-153.5,-156.5,-156.5,-157.0,-154.5,-151.5,-154.5,-154.5,-154.5,-157.0,-156.5,-155.5,-157.0,-157.0,-154.5,-157.0,-156.0,-156.5,-157.0,-157.0,-154.0,-157.0,-155.5,-150.5,-154.0,-157.0,-156.0,-157.0,-157.0,-157.0,-157.0,-157.0,-155.0,-157.0,-157.0,-157.0,-156.0,-157.0,-157.0,-155.0,-156.0,-157.0,-157.0,-156.5,-152.5,-154.5,-157.0,-157.0,-156.0,-156.5,-157.0,-153.0,-155.5,-157.0,-157.0,-156.5,-157.0,-156.0,-157.0,-157.0,-153.5,-152.5,-154.0,-154.5,-156.0,-157.0,-157.0,-157.0,-156.5,-157.0,-157.0,-155.0,-151.5,-157.0,-157.0,-152.5,-150.5,-156.5,-157.0,-157.0,-157.0,-157.0,-154.5,-153.0,-154.0,-152.5,-156.5,-157.0,-157.0,-151.5,-154.0,-157.0,-157.0,-157.0,-155.5,-153.5,-152.5,-150.5,-157.0,-157.0,-157.0,-157.0,-157.0,-157.0,-153.0,-157.0,-156.0,-157.0,-152.0,-155.5,-157.0,-157.0,-154.5,-157.0,-151.5,-153.5,-157.0,-156.5,-156.0,-157.0,-157.0,-157.0,-157.0,-157.0,-154.5,-157.0,-157.0,-157.0,-157.0,-157.0,-155.5,-157.0,-157.0,-157.0,-157.0,-156.5,-151.0,-154.0,-157.0,-157.0,-157.0,-157.0,-157.0,-156.0,-157.0,-157.0,-157.0,-155.5,-154.5,-151.5,-154.0,-151.5,-154.0,-157.0,-157.0,-157.0,-155.5,-154.0,-151.5,-153.0,-157.0,-156.0,-153.5,-155.5,-157.0,-157.0,-155.0,-149.5,-148.0,-156.5,-157.0,-157.0,-157.0,-150.0,-154.0,-154.5,-151.5,-151.5,-150.5,-154.5,-151.0,-150.0,-151.0,-157.0,-157.0,-149.5,-150.0,-157.0,-156.0,-156.0,-155.5,-157.0,-157.0,-156.0,-152.0,-151.0,-157.0,-156.0,-154.5,-155.5,-157.0,-157.0,-157.0,-154.5,-151.0,-150.5,-157.0,-157.0,-157.0,-157.0,-157.0,-157.0,-157.0,-157.0,-157.0,-154.0,-157.0,-157.0,-152.5,-153.5,-157.0,-157.0,-152.5,-157.0,-157.0,-151.5,-157.0,-157.0,-157.0,-157.0,-156.5,-155.5,-157.0,-157.0,-157.0,-153.5,-156.0,-155.5,-154.0,-157.0,-157.0,-156.0,-157.0,-157.0,-157.0,-155.0,-157.0,-157.0,-152.0,-154.5,-157.0,-157.0,-157.0,-153.5,-152.0,-157.0,-152.0,-154.0,-157.0,-157.0,-157.0,-154.5,-152.5,-152.0,-149.5,-150.5,-148.0,-151.5,-157.0,-157.0,-155.0,-152.0,-154.0,-157.0,-157.0,-157.0,-156.5,-157.0,-157.0,-156.5,-157.0,-155.5,-157.0,-155.5,-155.5,-157.0,-155.5,-156.0,-154.0,-155.0,-154.0,-157.0,-156.0,-157.0,-155.0,-151.5,-152.0,-157.0,-157.0,-153.0,-155.0,-151.5,-153.5,-157.0,-157.0,-157.0,-157.0,-157.0,-157.0,-157.0,-157.0,-157.0,-153.5,-156.0,-155.5,-157.0,-157.0,-157.0,-157.0,-157.0,-157.0,-157.0,-157.0,-157.0,-155.5,-157.0,-157.0,-155.5,-156.5,-157.0,-157.0,-157.0,-157.0,-157.0,-157.0,-157.0,-157.0,-152.5,-152.0,-154.0,-157.0,-157.0,-157.0,-157.0,-157.0,-156.0,-156.5,-157.0,-152.5,-157.0,-154.0,-157.0,-150.0,-147.5,-155.0,-153.0,-154.0,-155.5,-157.0,-149.5,-152.0,-151.0,-152.0,-155.5,-157.0,-156.0,-155.5,-155.5,-153.0,-153.0,-155.5,-154.5,-151.0,-149.5,-157.0,-157.0,-156.0,-154.5,-156.0,-154.0,-154.0,-157.0,-157.0,-154.5,-152.5,-157.0,-152.0,-154.0,-154.0,-157.0,-157.0,-157.0,-151.0,-157.0,-152.0,-152.5,-151.0,-157.0,-157.0,-157.0,-152.5,-153.5,-155.0,-157.0
2026-01-17 13:48:31.771,143.049967,5,-77,-157.0,-157.0,-157.0,-155.0,-157.0,-157.0,-149.0,-153.5,-157.0,-154.5,-157.0,-157.0,-157.0,-155.5,-157.0,-156.0,-156.5,-157.0,-157.0,-154.5,-152.0,-153.5,-157.0,-157.0,-157.0,-157.0,-154.0,-153.5,-155.5,-151.0,-150.0,-151.0,-156.5,-157.0,-157.0,-157.0,-157.0,-156.5,-157.0,-152.5,-154.5,-154.0,-155.5,-157.0,-157.0,-157.0,-157.0,-157.0,-155.5,-157.0,-156.5,-152.0,-153.5,-156.0,-157.0,-156.0,-157.0,-153.0,-154.0,-156.0,-157.0,-157.0,-157.0,-156.0,-151.0,-155.0,-157.0,-156.0,-157.0,-154.5,-152.5,-151.0,-157.0,-157.0,-154.5,-157.0,-153.5,-156.0,-152.5,-151.0,-157.0,-157.0,-152.0,-151.5,-157.0,-155.0,-157.0,-157.0,-156.5,-152.5,-153.0,-152.5,-157.0,-153.5,-152.5,-157.0,-157.0,-155.5,-152.5,-151.5,-156.5,-157.0,-157.0,-151.0,-153.5,-157.0,-157.0,-154.0,-155.0,-155.0,-154.5,-155.0,-157.0,-157.0,-156.5,-155.5,-157.0,-157.0,-157.0,-154.5,-157.0,-157.0,-153.5,-153.5,-157.0,-157.0,-153.5,-153.5,-153.0,-153.5,-157.0,-157.0,-157.0,-153.5,-150.5,-151.0,-157.0,-155.0,-155.5,-154.5,-156.0,-156.5,-156.0,-157.0,-157.0,-157.0,-154.0,-154.0,-157.0,-157.0,-157.0,-157.0,-157.0,-156.5,-152.0,-156.0,-157.0,-157.0,-157.0,-157.0,-150.5,-151.5,-153.0,-155.0,-157.0,-152.0,-154.0,-152.5,-153.0,-154.5,-156.5,-157.0,-157.0,-157.0,-155.0,-153.0,-156.0,-157.0,-157.0,-150.5,-154.5,-156.0,-157.0,-157.0,-157.0,-155.0,-157.0,-157.0,-157.0,-157.0,-157.0,-157.0,-155.0,-156.0,-157.0,-156.5,-157.0,-157.0,-154.0,-157.0,-152.5,-153.5,-157.0,-157.0,-157.0,-157.0,-152.5,-152.5,-151.5,-157.0,-157.0,-157.0,-157.0,-157.0,-157.0,-157.0,-157.0,-155.5,-153.0,-157.0,-152.0,-157.0,-150.5,-150.5,-156.0,-157.0,-154.0,-155.5,-157.0,-151.5,-157.0,-156.5,-156.5,-155.5,-154.0,-155.0,-155.0,-155.5,-150.0,-150.5,-157.0,-157.0,-157.0,-157.0,-153.0,-154.5,-152.5,-153.5,-157.0,-157.0,-156.5,-156.0,-150.0,-149.0,-157.0,-157.0,-155.5,-154.0,-157.0,-157.0,-154.0,-152.5,-156.5,-156.0,-153.5,-157.0,-155.0,-157.0,-157.0,-157.0,-157.0,-157.0,-157.0,-157.0,-153.0,-154.5,-155.0,-155.5,-157.0,-157.0,-157.0,-157.0,-157.0,-151.5,-150.5,-151.0,-152.0,-157.0,-154.0,-152.0,-157.0,-157.0,-157.0,-155.0,-157.0,-155.0,-150.0,-157.0,-157.0,-157.0,-155.0,-153.0,-154.5,-157.0,-157.0,-155.5,-155.0,-157.0,-157.0,-157.0,-157.0,-157.0,-157.0,-157.0,-157.0,-154.0,-151.5,-152.0,-155.0,-153.5,-157.0,-157.0,-157.0,-156.5,-154.5,-150.0,-150.5,-153.0,-152.5,-155.5,-157.0,-157.0,-157.0,-151.5,-150.5,-152.0,-157.0,-151.0,-151.5,-157.0,-157.0,-155.5,-157.0,-157.0,-157.0,-157.0,-157.0,-157.0,-153.0,-153.5,-150.0,-151.5,-157.0,-157.0,-156.5,-153.0,-157.0,-156.5,-154.5,-157.0,-156.0,-154.0,-157.0,-154.5,-157.0,-153.0,-154.5,-155.5,-157.0,-157.0,-149.5,-150.5,-155.0,-157.0,-157.0,-157.0,-154.0,-155.5,-157.0,-157.0,-157.0,-157.0,-157.0,-156.0,-157.0,-156.0,-157.0,-153.0,-155.5,-157.0,-157.0,-157.0,-153.0,-153.5,-157.0,-157.0,-156.5,-156.5,-157.0,-157.0,-157.0,-157.0,-157.0,-157.0,-157.0,-157.0,-157.0,-157.0,-157.0,-155.5,-152.5,-155.0,-157.0,-155.5,-155.5,-157.0,-157.0,-157.0,-156.0,-153.5,-153.0,-152.0,-157.0,-155.0,-152.5,-156.0,-151.5,-156.5,-154.0,-157.0,-151.5,-155.5,-153.5,-157.0,-157.0,-157.0,-154.5,-157.0,-155.5,-156.0,-156.0,-157.0,-155.0,-157.0,-156.5,-157.0,-157.0,-154.0,-154.0,-152.0,-151.0,-156.5,-157.0,-153.5,-156.0,-156.0,-157.0,-154.5,-153.5,-154.0,-157.0,-157.0,-155.0,-151.5,-157.0,-155.5,-157.0,-152.0,-157.0,-157.0,-157.0,-152.0,-153.5,-153.0,-157.0
2026-01-17 13:48:31.800,143.049967,5,-77,-157.0,-157.0,-152.5,-152.0,-157.0,-155.0,-150.5,-157.0,-154.5,-152.5,-157.0,-157.0,-157.0,-157.0,-157.0,-157.0,-157.0,-157.0,-157.0,-150.5,-150.5,-156.0,-157.0,-157.0,-157.0,-157.0,-155.5,-157.0,-154.5,-155.0,-154.0,-153.0,-153.5,-154.0,-157.0,-157.0,-157.0,-157.0,-157.0,-150.5,-155.5,-157.0,-157.0,-157.0,-157.0,-157.0,-157.0,-157.0,-157.0,-157.0,-157.0,-152.0,-154.0,-157.0,-156.5,-157.0,-157.0,-150.0,-151.5,-157.0,-153.0,-154.0,-157.0,-157.0,-153.0,-152.5,-156.0,-155.5,-157.0,-155.5,-152.5,-149.5,-155.5,-157.0,-152.0,-152.5,-157.0,-157.0,-157.0,-152.0,-155.0,-157.0,-154.5,-150.5,-153.0,-154.0,-157.0,-155.5,-153.5,-152.5,-154.0,-154.0,-155.5,-157.0,-157.0,-157.0,-157.0,-156.0,-151.5,-148.0,-150.0,-157.0,-157.0,-152.5,-155.5,-157.0,-157.0,-154.5,-153.5,-156.5,-155.0,-154.0,-157.0,-157.0,-157.0,-157.0,-157.0,-157.0,-156.5,-156.0,-157.0,-156.5,-156.0,-151.5,-154.5,-157.0,-157.0,-150.5,-151.0,-153.0,-157.0,-156.5,-157.0,-157.0,-155.5,-152.0,-157.0,-156.0,-154.5,-153.0,-154.5,-157.0,-152.5,-157.0,-157.0,-157.0,-156.0,-154.0,-157.0,-157.0,-155.5,-157.0,-157.0,-157.0,-153.5,-155.0,-157.0,-157.0,-157.0,-157.0,-152.5,-153.5,-152.5,-154.0,-151.5,-151.0,-154.0,-151.5,-157.0,-154.5,-157.0,-156.5,-157.0,-157.0,-155.0,-153.5,-153.5,-154.0,-154.0,-149.5,-151.0,-157.0,-157.0,-157.0,-156.0,-157.0,-157.0,-157.0,-157.0,-157.0,-155.5,-153.5,-151.5,-155.5,-157.0,-157.0,-151.5,-152.0,-152.5,-157.0,-155.0,-154.0,-155.0,-156.5,-156.0,-157.0,-151.5,-157.0,-155.0,-157.0,-152.0,-151.0,-154.5,-154.5,-157.0,-155.5,-157.0,-153.0,-152.0,-157.0,-150.5,-153.5,-155.5,-153.5,-155.0,-153.0,-150.0,-153.0,-157.0,-151.5,-153.0,-152.5,-157.0,-157.0,-157.0,-153.5,-155.0,-156.5,-154.0,-155.5,-156.0,-156.5,-157.0,-152.5,-156.5,-154.5,-151.5,-155.5,-157.0,-157.0,-156.0,-157.0,-153.5,-151.0,-157.0,-156.5,-157.0,-157.0,-157.0,-157.0,-157.0,-153.5,-154.0,-153.5,-151.5,-157.0,-157.0,-156.0,-157.0,-157.0,-157.0,-157.0,-157.0,-157.0,-154.5,-157.0,-157.0,-157.0,-157.0,-155.5,-157.0,-157.0,-157.0,-149.5,-151.0,-150.5,-153.0,-153.5,-154.0,-156.0,-157.0,-157.0,-157.0,-157.0,-156.5,-150.5,-150.0,-157.0,-155.0,-153.0,-151.5,-152.0,-152.0,-155.5,-157.0,-155.5,-157.0,-153.5,-156.0,-157.0,-157.0,-157.0,-157.0,-155.5,-154.0,-154.0,-152.0,-153.5,-152.5,-157.0,-157.0,-157.0,-157.0,-157.0,-157.0,-152.0,-150.5,-157.0,-152.5,-153.0,-157.0,-157.0,-156.0,-155.0,-152.5,-149.5,-157.0,-157.0,-154.0,-157.0,-154.0,-157.0,-157.0,-157.0,-157.0,-157.0,-155.5,-154.5,-151.0,-150.5,-151.5,-151.0,-155.0,-155.5,-155.0,-151.5,-154.5,-157.0,-154.5,-154.0,-155.0,-153.0,-152.5,-154.5,-157.0,-155.0,-156.5,-157.0,-155.0,-154.0,-150.5,-150.0,-156.0,-157.0,-157.0,-152.0,-152.5,-157.0,-157.0,-157.0,-157.0,-157.0,-157.0,-157.0,-157.0,-157.0,-155.0,-153.0,-156.5,-157.0,-154.0,-156.0,-154.5,-154.5,-157.0,-157.0,-157.0,-157.0,-157.0,-155.5,-157.0,-157.0,-157.0,-157.0,-157.0,-157.0,-157.0,-157.0,-157.0,-154.5,-154.0,-157.0,-156.5,-157.0,-155.0,-157.0,-157.0,-157.0,-151.5,-154.0,-152.0,-154.0,-157.0,-157.0,-155.5,-157.0,-152.0,-153.5,-152.5,-157.0,-157.0,-157.0,-157.0,-157.0,-156.5,-157.0,-156.5,-157.0,-156.5,-157.0,-157.0,-157.0,-157.0,-157.0,-157.0,-157.0,-157.0,-153.5,-153.5,-154.5,-153.5,-157.0,-157.0,-153.5,-154.0,-154.0,-157.0,-157.0,-157.0,-157.0,-157.0,-157.0,-157.0,-155.5,-157.0,-157.0,-157.0,-152.0,-157.0,-157.0,-157.0,-155.5,-157.0,-152.0,-155.0
2026-01-17 13:48:31.834,143.049967,5,-77,-157.0,-157.0,-152.5,-152.5,-152.5,-157.0,-149.5,-152.0,-155.0,-154.0,-155.5,-157.0,-157.0,-157.0,-156.5,-157.0,-157.0,-157.0,-157.0,-154.5,-153.5,-156.5,-157.0,-155.0,-155.0,-157.0,-155.5,-157.0,-153.5,-155.5,-154.0,-157.0,-155.5,-157.0,-157.0,-157.0,-157.0,-157.0,-157.0,-154.0,-157.0,-157.0,-157.0,-156.0,-156.5,-156.0,-157.0,-157.0,-157.0,-155.5,-157.0,-154.5,-155.0,-157.0,-157.0,-157.0,-152.5,-150.0,-153.0,-156.5,-150.5,-151.0,-156.5,-157.0,-156.0,-153.0,-152.0,-154.0,-156.5,-153.0,-156.5,-150.0,-152.5,-157.0,-153.5,-151.5,-157.0,-157.0,-157.0,-157.0,-157.0,-157.0,-156.5,-153.0,-152.0,-155.0,-157.0,-154.5,-155.5,-157.0,-157.0,-154.0,-153.0,-157.0,-157.0,-157.0,-157.0,-157.0,-152.5,-150.0,-154.5,-156.0,-157.0,-157.0,-157.0,-157.0,-157.0,-157.0,-157.0,-157.0,-156.5,-155.5,-157.0,-157.0,-157.0,-157.0,-157.0,-157.0,-157.0,-157.0,-156.5,-154.5,-157.0,-154.0,-157.0,-157.0,-157.0,-151.0,-152.5,-157.0,-153.5,-154.0,-154.5,-153.0,-155.5,-155.0,-153.5,-154.5,-154.0,-150.5,-155.0,-157.0,-153.5,-157.0,-157.0,-157.0,-153.5,-152.5,-157.0,-156.5,-150.0,-154.5,-157.0,-157.0,-156.5,-157.0,-157.0,-157.0,-157.0,-157.0,-157.0,-157.0,-154.0,-156.5,-152.5,-155.5,-153.5,-152.0,-155.0,-157.0,-156.0,-155.5,-155.5,-157.0,-155.5,-151.5,-156.5,-156.5,-153.5,-152.0,-150.0,-153.0,-155.5,-157.0,-155.5,-157.0,-157.0,-157.0,-157.0,-156.0,-156.0,-157.0,-153.0,-154.5,-157.0,-156.5,-150.5,-151.5,-156.5,-157.0,-157.0,-153.0,-151.5,-152.0,-157.0,-150.0,-150.0,-157.0,-152.0,-154.0,-150.0,-151.0,-152.5,-156.5,-157.0,-153.0,-157.0,-156.5,-154.0,-153.5,-149.0,-149.5,-155.0,-157.0,-156.5,-153.0,-149.5,-152.5,-156.5,-150.0,-148.0,-155.0,-157.0,-157.0,-157.0,-154.5,-157.0,-157.0,-154.0,-157.0,-152.5,-153.0,-151.5,-149.5,-151.0,-153.0,-151.5,-157.0,-157.0,-155.5,-152.5,-154.5,-157.0,-153.0,-157.0,-157.0,-157.0,-157.0,-157.0,-156.5,-157.0,-155.5,-156.5,-153.5,-153.5,-156.5,-156.0,-155.0,-157.0,-157.0,-156.5,-155.5,-157.0,-157.0,-157.0,-157.0,-157.0,-157.0,-157.0,-155.0,-157.0,-157.0,-153.5,-150.0,-157.0,-153.5,-155.0,-152.5,-157.0,-155.5,-156.5,-156.0,-157.0,-154.0,-155.5,-155.0,-155.5,-157.0,-152.0,-152.0,-155.0,-157.0,-151.5,-152.5,-157.0,-156.0,-157.0,-150.5,-154.0,-155.5,-155.5,-157.0,-156.0,-156.5,-154.0,-152.5,-155.0,-157.0,-152.0,-152.5,-157.0,-157.0,-157.0,-157.0,-154.5,-152.0,-154.0,-157.0,-156.0,-156.0,-157.0,-157.0,-154.0,-157.0,-153.0,-150.0,-157.0,-157.0,-156.0,-156.5,-152.0,-153.0,-157.0,-155.0,-155.0,-157.0,-155.0,-152.5,-152.0,-152.5,-156.5,-151.0,-150.5,-154.5,-154.5,-154.5,-157.0,-157.0,-156.5,-155.0,-153.5,-152.5,-154.0,-156.5,-157.0,-157.0,-157.0,-157.0,-152.5,-154.0,-154.0,-152.0,-154.0,-156.5,-153.5,-150.5,-156.0,-157.0,-157.0,-153.5,-153.5,-157.0,-157.0,-157.0,-157.0,-157.0,-157.0,-157.0,-157.0,-154.0,-151.5,-157.0,-157.0,-152.5,-153.0,-157.0,-157.0,-157.0,-157.0,-151.5,-151.0,-157.0,-157.0,-156.0,-155.0,-157.0,-157.0,-157.0,-157.0,-155.0,-154.5,-157.0,-155.0,-155.0,-154.5,-157.0,-154.0,-155.0,-154.0,-156.0,-157.0,-157.0,-157.0,-155.5,-154.0,-157.0,-154.0,-156.0,-155.0,-156.0,-157.0,-157.0,-157.0,-152.0,-150.5,-156.5,-157.0,-157.0,-154.0,-152.5,-157.0,-155.5,-157.0,-156.0,-156.0,-157.0,-157.0,-157.0,-156.5,-157.0,-154.0,-155.0,-156.0,-153.5,-156.0,-151.5,-156.0,-157.0,-157.0,-155.0,-154.5,-157.0,-157.0,-157.0,-157.0,-155.0,-155.5,-150.0,-156.0,-157.0,-157.0,-157.0,-154.0,-149.0,-154.0
2026-01-17 13:48:31.867,143.049967,5,-77,-157.0,-157.0,-156.5,-152.5,-153.0,-157.0,-147.0,-148.5,-157.0,-157.0,-157.0,-157.0,-154.5,-153.5,-152.5,-155.0,-157.0,-157.0,-157.0,-157.0,-157.0,-157.0,-157.0,-157.0,-152.0,-151.5,-157.0,-155.0,-151.0,-154.0,-152.0,-155.0,-155.5,-157.0,-157.0,-157.0,-157.0,-157.0,-157.0,-157.0,-154.5,-156.5,-157.0,-151.5,-151.5,-151.5,-157.0,-157.0,-157.0,-155.5,-151.0,-153.5,-156.0,-157.0,-157.0,-157.0,-153.0,-153.0,-152.5,-153.0,-151.5,-153.5,-157.0,-157.0,-153.5,-154.0,-154.5,-154.5,-152.0,-153.5,-154.5,-150.5,-153.0,-157.0,-154.0,-150.0,-157.0,-152.5,-153.5,-157.0,-155.0,-153.5,-153.5,-156.0,-157.0,-155.5,-157.0,-157.0,-157.0,-157.0,-152.5,-154.0,-151.5,-157.0,-157.0,-157.0,-156.5,-155.5,-152.0,-156.5,-157.0,-156.0,-156.5,-157.0,-157.0,-157.0,-157.0,-157.0,-157.0,-157.0,-157.0,-157.0,-157.0,-157.0,-157.0,-157.0,-155.5,-157.0,-157.0,-157.0,-153.0,-154.0,-157.0,-155.0,-156.0,-157.0,-157.0,-155.0,-157.0,-152.5,-151.0,-157.0,-157.0,-150.5,-151.5,-157.0,-153.5,-155.0,-153.0,-149.5,-157.0,-157.0,-157.0,-157.0,-156.5,-157.0,-157.0,-154.5,-157.0,-150.0,-147.5,-150.5,-155.5,-154.0,-156.5,-157.0,-157.0,-157.0,-155.0,-154.5,-157.0,-156.0,-156.0,-156.0,-155.0,-155.5,-156.0,-155.0,-156.5,-157.0,-154.0,-154.0,-156.0,-157.0,-153.5,-152.0,-155.0,-151.5,-150.5,-157.0,-153.0,-151.5,-157.0,-157.0,-153.0,-155.5,-157.0,-157.0,-157.0,-155.0,-156.0,-157.0,-157.0,-157.0,-156.5,-155.5,-153.5,-156.0,-154.0,-155.5,-157.0,-156.5,-156.0,-157.0,-157.0,-150.0,-151.0,-156.5,-149.0,-149.0,-151.0,-157.0,-154.0,-157.0,-157.0,-153.5,-155.0,-157.0,-157.0,-152.5,-152.0,-151.5,-154.0,-157.0,-157.0,-157.0,-152.0,-153.0,-153.5,-153.0,-150.0,-156.5,-157.0,-157.0,-157.0,-153.0,-157.0,-157.0,-151.5,-152.5,-152.0,-152.5,-152.5,-153.0,-156.5,-155.0,-155.5,-157.0,-157.0,-157.0,-153.5,-157.0,-156.0,-153.5,-157.0,-157.0,-156.0,-156.0,-157.0,-157.0,-153.5,-152.5,-156.5,-152.5,-153.5,-157.0,-156.0,-156.5,-157.0,-154.0,-153.5,-152.5,-152.0,-156.0,-157.0,-157.0,-156.0,-157.0,-156.5,-154.5,-157.0,-157.0,-157.0,-151.5,-157.0,-154.5,-157.0,-155.0,-157.0,-155.0,-151.5,-151.0,-157.0,-154.5,-157.0,-157.0,-157.0,-157.0,-156.0,-153.0,-155.5,-154.0,-153.5,-157.0,-157.0,-153.0,-152.5,-150.0,-155.5,-155.0,-156.0,-157.0,-156.0,-155.5,-157.0,-152.0,-155.5,-157.0,-151.0,-149.5,-155.5,-156.5,-157.0,-155.0,-150.0,-149.0,-157.0,-157.0,-155.5,-157.0,-157.0,-155.5,-156.0,-156.0,-151.5,-152.5,-156.0,-157.0,-156.0,-156.0,-155.0,-152.5,-157.0,-156.5,-156.5,-157.0,-156.0,-154.5,-155.5,-151.0,-153.0,-155.0,-152.0,-157.0,-157.0,-157.0,-157.0,-157.0,-157.0,-157.0,-155.0,-154.0,-156.5,-157.0,-157.0,-157.0,-157.0,-157.0,-155.0,-157.0,-153.0,-157.0,-154.0,-157.0,-154.0,-152.5,-155.0,-156.0,-157.0,-152.5,-152.0,-155.5,-157.0,-155.5,-157.0,-157.0,-157.0,-157.0,-157.0,-155.5,-153.5,-157.0,-157.0,-153.0,-151.0,-157.0,-157.0,-156.0,-157.0,-151.5,-151.0,-157.0,-157.0,-157.0,-155.5,-157.0,-156.5,-156.5,-157.0,-154.0,-153.5,-157.0,-153.5,-152.0,-157.0,-153.0,-153.5,-157.0,-157.0,-156.5,-157.0,-157.0,-157.0,-154.5,-156.0,-155.0,-154.5,-154.0,-157.0,-156.5,-157.0,-157.0,-156.5,-150.0,-150.0,-155.5,-156.0,-156.5,-153.5,-151.5,-157.0,-155.0,-157.0,-157.0,-156.5,-157.0,-157.0,-157.0,-157.0,-157.0,-154.0,-154.0,-156.0,-155.0,-154.0,-149.0,-153.0,-155.0,-157.0,-155.5,-156.5,-157.0,-157.0,-157.0,-151.0,-150.5,-151.0,-151.0,-157.0,-157.0,-157.0,-153.5,-149.5,-148.5,-157.0
2026-01-17 13:48:31.908,143.049967,5,-77,-157.0,-157.0,-157.0,-155.0,-156.0,-157.0,-148.0,-151.0,-155.5,-157.0,-157.0,-157.0,-150.0,-149.5,-155.0,-156.0,-156.0,-157.0,-155.0,-154.0,-157.0,-157.0,-157.0,-156.5,-152.0,-151.0,-157.0,-155.0,-152.0,-157.0,-154.0,-154.5,-155.0,-157.0,-157.0,-157.0,-157.0,-156.0,-157.0,-157.0,-153.0,-154.0,-157.0,-155.0,-153.0,-151.5,-157.0,-157.0,-157.0,-157.0,-150.5,-152.0,-153.5,-156.0,-155.5,-153.0,-152.5,-155.5,-154.0,-152.0,-152.0,-156.0,-156.5,-154.5,-153.5,-153.5,-157.0,-157.0,-154.0,-156.5,-150.5,-155.0,-154.0,-155.0,-152.0,-150.0,-157.0,-152.5,-151.0,-157.0,-149.5,-149.0,-157.0,-153.5,-157.0,-154.0,-157.0,-157.0,-157.0,-154.0,-150.5,-153.0,-152.0,-153.0,-157.0,-157.0,-157.0,-153.5,-152.0,-156.0,-157.0,-157.0,-156.0,-157.0,-155.0,-156.0,-155.0,-156.5,-157.0,-157.0,-157.0,-155.5,-157.0,-157.0,-157.0,-157.0,-154.5,-157.0,-157.0,-156.0,-157.0,-156.0,-155.5,-157.0,-157.0,-157.0,-157.0,-155.5,-151.0,-150.0,-151.5,-152.5,-156.0,-154.5,-153.5,-156.5,-157.0,-156.5,-157.0,-151.5,-157.0,-156.0,-156.5,-157.0,-156.0,-157.0,-157.0,-156.0,-153.5,-153.0,-151.0,-150.0,-152.5,-153.5,-157.0,-153.0,-157.0,-157.0,-152.0,-155.5,-153.5,-153.5,-157.0,-156.5,-154.0,-151.0,-154.0,-156.5,-153.5,-155.5,-152.0,-151.0,-153.5,-154.5,-152.5,-157.0,-155.0,-149.5,-149.0,-156.0,-154.5,-153.5,-154.5,-157.0,-155.0,-155.0,-154.5,-157.0,-157.0,-157.0,-152.5,-157.0,-157.0,-155.5,-157.0,-157.0,-152.5,-155.5,-153.0,-156.0,-152.0,-153.5,-157.0,-157.0,-157.0,-155.0,-151.0,-154.0,-151.5,-151.0,-157.0,-155.0,-153.0,-154.0,-157.0,-155.0,-156.0,-157.0,-157.0,-152.0,-152.5,-153.5,-157.0,-157.0,-157.0,-157.0,-153.5,-152.0,-154.5,-157.0,-155.0,-157.0,-156.0,-155.5,-155.0,-154.5,-155.5,-157.0,-151.5,-150.0,-153.0,-157.0,-157.0,-157.0,-154.0,-156.5,-157.0,-156.5,-153.5,-156.0,-155.5,-157.0,-157.0,-156.5,-157.0,-157.0,-157.0,-157.0,-157.0,-157.0,-152.5,-149.0,-155.5,-154.5,-152.0,-154.5,-157.0,-157.0,-157.0,-157.0,-155.5,-157.0,-150.0,-150.0,-153.5,-151.5,-152.0,-155.0,-156.5,-155.5,-157.0,-157.0,-157.0,-153.0,-157.0,-157.0,-157.0,-156.5,-157.0,-157.0,-150.5,-150.0,-157.0,-153.0,-155.0,-157.0,-157.0,-155.5,-153.0,-153.0,-153.0,-153.0,-157.0,-157.0,-157.0,-152.5,-156.0,-153.5,-156.5,-155.0,-157.0,-157.0,-157.0,-156.5,-157.0,-156.0,-156.0,-157.0,-153.0,-155.5,-157.0,-155.5,-155.5,-154.5,-153.5,-150.0,-152.5,-157.0,-156.0,-157.0,-157.0,-155.5,-157.0,-152.5,-154.0,-157.0,-157.0,-156.5,-157.0,-157.0,-157.0,-155.0,-154.5,-156.0,-155.5,-156.0,-157.0,-157.0,-157.0,-151.5,-151.5,-157.0,-154.0,-157.0,-157.0,-157.0,-157.0,-152.5,-155.0,-157.0,-156.5,-156.5,-157.0,-157.0,-157.0,-157.0,-157.0,-157.0,-157.0,-157.0,-153.0,-154.5,-156.0,-157.0,-156.0,-157.0,-153.0,-156.0,-157.0,-154.5,-152.0,-151.5,-157.0,-155.5,-156.0,-151.5,-154.0,-157.0,-157.0,-157.0,-155.5,-157.0,-157.0,-156.0,-155.0,-157.0,-157.0,-156.5,-157.0,-155.5,-157.0,-157.0,-157.0,-157.0,-155.0,-153.0,-152.0,-155.5,-156.0,-156.0,-157.0,-157.0,-154.0,-153.5,-157.0,-150.5,-152.5,-157.0,-155.5,-156.0,-157.0,-157.0,-156.0,-152.5,-157.0,-151.5,-153.5,-155.5,-156.0,-155.0,-153.0,-154.5,-155.5,-155.5,-153.0,-157.0,-153.0,-157.0,-155.0,-154.5,-154.5,-157.0,-157.0,-157.0,-157.0,-157.0,-155.0,-157.0,-156.0,-154.5,-157.0,-157.0,-157.0,-157.0,-154.0,-148.5,-156.0,-151.5,-156.5,-157.0,-157.0,-157.0,-157.0,-157.0,-149.5,-152.5,-156.5,-157.0,-157.0,-157.0,-157.0,-156.0,-154.0,-154.0,-156.5
2026-01-17 13:48:31.936,143.049967,5,-77,-157.0,-157.0,-157.0,-157.0,-157.0,-157.0,-149.5,-157.0,-157.0,-155.5,-157.0,-154.0,-153.0,-153.0,-157.0,-157.0,-153.0,-157.0,-152.0,-156.5,-154.0,-156.5,-157.0,-155.0,-156.5,-154.5,-157.0,-155.5,-152.5,-157.0,-157.0,-157.0,-156.5,-157.0,-157.0,-157.0,-156.0,-157.0,-157.0,-157.0,-155.5,-153.0,-156.5,-157.0,-154.5,-156.0,-157.0,-157.0,-156.0,-156.0,-151.5,-152.5,-155.0,-157.0,-155.0,-149.5,-149.5,-157.0,-156.5,-149.0,-150.5,-157.0,-157.0,-157.0,-157.0,-154.0,-157.0,-157.0,-156.0,-152.5,-151.0,-148.5,-151.5,-157.0,-152.0,-155.0,-155.0,-157.0,-153.0,-154.5,-152.5,-152.0,-156.0,-152.5,-155.5,-154.0,-157.0,-152.5,-152.5,-152.5,-156.5,-154.5,-156.5,-157.0,-157.0,-154.5,-157.0,-153.5,-156.0,-157.0,-157.0,-157.0,-156.0,-157.0,-152.0,-152.5,-154.0,-157.0,-157.0,-155.0,-155.5,-154.0,-157.0,-156.0,-157.0,-157.0,-155.5,-157.0,-156.5,-157.0,-157.0,-157.0,-153.5,-157.0,-157.0,-157.0,-157.0,-154.5,-151.5,-150.5,-153.5,-151.5,-156.0,-157.0,-156.0,-155.0,-153.0,-155.5,-154.5,-153.5,-153.5,-155.0,-152.0,-156.5,-156.0,-157.0,-152.0,-153.0,-152.0,-153.0,-156.0,-155.0,-156.5,-156.0,-155.0,-154.0,-157.0,-157.0,-154.5,-155.0,-153.0,-157.0,-157.0,-157.0,-156.5,-153.5,-154.5,-154.0,-153.0,-157.0,-155.0,-156.0,-154.5,-150.0,-149.5,-157.0,-157.0,-156.0,-153.0,-154.0,-157.0,-154.5,-151.5,-152.5,-157.0,-157.0,-157.0,-157.0,-157.0,-156.5,-150.5,-155.0,-155.5,-154.0,-157.0,-153.5,-150.0,-156.5,-155.0,-155.5,-151.0,-151.5,-152.0,-153.0,-157.0,-157.0,-151.5,-153.5,-154.0,-157.0,-157.0,-156.0,-151.5,-150.0,-150.5,-157.0,-157.0,-157.0,-154.5,-152.0,-150.5,-150.5,-157.0,-157.0,-157.0,-154.5,-156.5,-152.5,-157.0,-157.0,-155.0,-157.0,-157.0,-154.0,-157.0,-157.0,-155.5,-156.0,-156.0,-152.5,-157.0,-157.0,-156.5,-157.0,-152.0,-157.0,-157.0,-157.0,-153.5,-155.5,-153.0,-157.0,-157.0,-157.0,-157.0,-157.0,-157.0,-157.0,-157.0,-157.0,-155.5,-150.0,-152.5,-157.0,-155.5,-157.0,-156.5,-153.0,-155.5,-157.0,-157.0,-157.0,-151.5,-154.5,-153.5,-150.5,-151.0,-156.0,-157.0,-156.5,-155.0,-157.0,-157.0,-152.0,-155.5,-157.0,-157.0,-157.0,-157.0,-157.0,-155.5,-151.5,-157.0,-151.5,-153.0,-157.0,-157.0,-157.0,-151.0,-155.0,-155.0,-154.5,-157.0,-157.0,-157.0,-156.0,-157.0,-157.0,-155.5,-155.0,-157.0,-157.0,-157.0,-157.0,-157.0,-157.0,-157.0,-157.0,-157.0,-157.0,-157.0,-157.0,-155.0,-157.0,-157.0,-151.5,-150.5,-157.0,-156.0,-155.0,-157.0,-155.0,-157.0,-156.0,-157.0,-157.0,-157.0,-155.0,-157.0,-157.0,-155.0,-154.5,-156.5,-157.0,-157.0,-157.0,-157.0,-157.0,-154.5,-157.0,-153.5,-157.0,-156.0,-157.0,-157.0,-157.0,-154.5,-150.0,-152.5,-157.0,-157.0,-154.0,-155.0,-157.0,-157.0,-157.0,-157.0,-157.0,-157.0,-154.5,-156.0,-157.0,-157.0,-157.0,-157.0,-157.0,-155.5,-156.5,-157.0,-157.0,-151.5,-151.5,-157.0,-157.0,-153.0,-150.5,-154.5,-155.5,-157.0,-157.0,-157.0,-152.0,-152.5,-155.5,-157.0,-157.0,-157.0,-157.0,-157.0,-157.0,-157.0,-157.0,-157.0,-156.5,-155.5,-153.5,-155.0,-157.0,-157.0,-157.0,-157.0,-157.0,-156.5,-155.0,-155.5,-155.0,-153.5,-153.0,-153.5,-157.0,-157.0,-157.0,-155.0,-153.5,-152.0,-151.0,-151.0,-156.5,-157.0,-157.0,-153.0,-156.5,-156.0,-157.0,-153.5,-157.0,-152.0,-155.0,-157.0,-157.0,-157.0,-157.0,-157.0,-155.5,-157.0,-157.0,-156.5,-154.0,-152.5,-156.5,-157.0,-157.0,-157.0,-157.0,-155.5,-149.0,-150.5,-152.0,-156.0,-157.0,-157.0,-157.0,-157.0,-157.0,-150.5,-153.5,-157.0,-157.0,-157.0,-157.0,-157.0,-157.0,-157.0,-156.0,-155.0
2026-01-17 13:48:31.970,143.049967,5,-77,-157.0,-157.0,-157.0,-157.0,-157.0,-157.0,-149.5,-150.0,-152.5,-156.0,-156.0,-155.0,-157.0,-153.5,-155.5,-157.0,-152.5,-150.5,-149.0,-157.0,-154.5,-157.0,-153.0,-152.5,-157.0,-157.0,-157.0,-154.0,-152.5,-155.0,-157.0,-155.0,-154.0,-157.0,-157.0,-157.0,-156.5,-157.0,-157.0,-157.0,-157.0,-152.0,-154.0,-151.0,-150.0,-155.0,-157.0,-157.0,-157.0,-152.5,-156.5,-157.0,-156.5,-157.0,-157.0,-153.5,-152.5,-154.5,-157.0,-149.5,-151.5,-156.5,-153.5,-154.5,-156.5,-155.0,-157.0,-155.5,-152.5,-154.0,-157.0,-147.5,-153.5,-157.0,-152.0,-156.5,-157.0,-157.0,-157.0,-153.0,-157.0,-157.0,-157.0,-153.0,-154.0,-157.0,-157.0,-153.5,-154.0,-155.5,-157.0,-155.0,-157.0,-157.0,-157.0,-153.0,-151.5,-153.5,-157.0,-157.0,-157.0,-155.0,-155.5,-157.0,-157.0,-153.0,-153.5,-157.0,-157.0,-155.0,-154.5,-153.5,-156.5,-153.5,-153.0,-156.0,-157.0,-155.5,-155.5,-157.0,-157.0,-155.5,-151.5,-153.0,-156.5,-157.0,-156.0,-155.0,-155.0,-152.5,-151.0,-152.0,-156.5,-155.0,-157.0,-155.5,-152.5,-154.5,-154.0,-152.5,-149.0,-150.5,-150.0,-157.0,-154.5,-156.5,-151.5,-154.0,-155.5,-153.5,-157.0,-157.0,-152.5,-154.0,-157.0,-157.0,-157.0,-157.0,-157.0,-153.0,-154.5,-157.0,-156.5,-157.0,-157.0,-157.0,-157.0,-153.5,-157.0,-152.5,-152.0,-157.0,-157.0,-154.5,-150.5,-155.0,-157.0,-156.0,-155.5,-157.0,-157.0,-155.0,-154.0,-155.0,-157.0,-157.0,-157.0,-157.0,-157.0,-156.0,-152.5,-155.5,-157.0,-156.5,-156.5,-155.0,-151.5,-157.0,-154.5,-154.5,-157.0,-152.0,-152.5,-152.0,-157.0,-157.0,-157.0,-154.5,-157.0,-157.0,-157.0,-157.0,-151.0,-152.0,-149.0,-156.5,-157.0,-157.0,-156.5,-156.0,-154.0,-155.0,-157.0,-157.0,-155.0,-150.5,-153.5,-153.5,-157.0,-157.0,-153.0,-154.5,-157.0,-153.0,-157.0,-157.0,-153.0,-152.0,-156.5,-152.0,-156.5,-152.0,-151.0,-151.5,-153.0,-157.0,-154.5,-155.0,-153.0,-156.5,-152.0,-157.0,-157.0,-156.5,-157.0,-157.0,-156.5,-157.0,-157.0,-157.0,-157.0,-154.5,-157.0,-157.0,-157.0,-157.0,-153.5,-153.5,-154.0,-153.0,-156.5,-156.5,-152.5,-154.5,-154.0,-154.0,-156.0,-155.0,-157.0,-157.0,-156.0,-156.5,-152.5,-152.5,-156.0,-157.0,-157.0,-157.0,-157.0,-157.0,-157.0,-151.5,-152.5,-156.5,-155.0,-157.0,-157.0,-157.0,-151.5,-155.0,-157.0,-155.0,-155.5,-157.0,-154.0,-157.0,-157.0,-156.5,-151.5,-153.0,-157.0,-157.0,-157.0,-154.5,-156.0,-157.0,-157.0,-157.0,-157.0,-155.5,-156.5,-157.0,-153.0,-156.0,-157.0,-156.0,-152.5,-154.5,-155.5,-154.5,-152.5,-154.5,-157.0,-157.0,-157.0,-151.5,-152.5,-150.5,-151.0,-157.0,-157.0,-155.5,-157.0,-157.0,-155.0,-157.0,-157.0,-152.5,-152.0,-153.0,-153.5,-156.0,-157.0,-157.0,-157.0,-157.0,-157.0,-153.5,-154.5,-157.0,-157.0,-152.5,-152.0,-157.0,-157.0,-157.0,-157.0,-157.0,-157.0,-157.0,-157.0,-157.0,-157.0,-157.0,-157.0,-157.0,-157.0,-157.0,-157.0,-157.0,-152.5,-152.5,-156.5,-157.0,-157.0,-153.5,-157.0,-156.5,-156.5,-157.0,-157.0,-152.0,-153.5,-157.0,-157.0,-157.0,-157.0,-157.0,-156.5,-153.5,-157.0,-157.0,-156.0,-155.0,-157.0,-157.0,-156.5,-157.0,-157.0,-157.0,-156.0,-157.0,-157.0,-151.0,-151.0,-157.0,-152.5,-153.5,-155.0,-157.0,-157.0,-157.0,-156.5,-157.0,-152.0,-151.5,-154.0,-155.0,-155.0,-157.0,-157.0,-157.0,-157.0,-157.0,-149.5,-150.5,-154.5,-157.0,-154.0,-156.0,-157.0,-157.0,-156.5,-154.5,-157.0,-157.0,-157.0,-157.0,-153.5,-157.0,-157.0,-156.0,-157.0,-157.0,-155.5,-151.0,-150.0,-154.0,-157.0,-157.0,-157.0,-156.0,-155.5,-157.0,-154.5,-155.5,-157.0,-157.0,-157.0,-157.0,-157.0,-157.0,-156.0,-152.5,-157.0
2026-01-17 13:48:32.001,143.049967,5,-77,-157.0,-157.0,-154.0,-157.0,-155.0,-157.0,-151.0,-153.5,-152.5,-157.0,-155.0,-157.0,-157.0,-154.0,-156.0,-157.0,-155.0,-153.5,-149.5,-152.0,-154.5,-157.0,-151.0,-151.5,-157.0,-157.0,-157.0,-157.0,-157.0,-155.5,-156.0,-155.0,-154.0,-157.0,-157.0,-157.0,-157.0,-157.0,-157.0,-157.0,-157.0,-152.5,-157.0,-152.5,-151.0,-151.0,-154.0,-157.0,-156.0,-153.0,-157.0,-157.0,-156.0,-157.0,-157.0,-157.0,-157.0,-156.5,-156.5,-153.0,-152.0,-156.0,-153.0,-151.0,-157.0,-155.5,-157.0,-153.5,-151.5,-157.0,-157.0,-151.5,-157.0,-157.0,-154.5,-156.0,-157.0,-157.0,-157.0,-151.0,-154.0,-156.0,-156.0,-156.5,-152.5,-157.0,-157.0,-154.5,-155.5,-156.5,-157.0,-155.0,-157.0,-157.0,-156.0,-155.5,-154.0,-157.0,-156.5,-157.0,-156.5,-154.5,-157.0,-157.0,-157.0,-157.0,-157.0,-157.0,-157.0,-157.0,-157.0,-152.0,-154.5,-153.5,-151.0,-151.5,-156.5,-157.0,-157.0,-157.0,-152.5,-150.0,-150.0,-157.0,-157.0,-157.0,-157.0,-157.0,-156.5,-153.0,-152.0,-156.0,-155.0,-155.0,-157.0,-157.0,-156.0,-154.5,-157.0,-154.0,-150.5,-147.5,-150.0,-157.0,-155.0,-155.5,-154.0,-155.5,-157.0,-155.0,-157.0,-157.0,-152.0,-151.0,-155.5,-156.5,-157.0,-157.0,-157.0,-156.5,-157.0,-157.0,-157.0,-157.0,-157.0,-157.0,-157.0,-154.0,-153.5,-150.0,-152.0,-157.0,-157.0,-157.0,-153.0,-152.0,-157.0,-153.0,-151.5,-157.0,-157.0,-156.5,-157.0,-157.0,-155.0,-153.5,-150.5,-151.5,-157.0,-157.0,-157.0,-152.5,-154.5,-157.0,-157.0,-157.0,-155.5,-157.0,-152.0,-150.5,-152.0,-155.0,-157.0,-154.5,-157.0,-157.0,-156.5,-154.5,-157.0,-156.5,-157.0,-157.0,-153.0,-156.5,-150.0,-152.5,-157.0,-157.0,-157.0,-157.0,-155.0,-157.0,-154.5,-152.0,-150.0,-152.5,-151.0,-154.0,-157.0,-157.0,-154.0,-153.5,-157.0,-152.5,-157.0,-154.0,-151.5,-152.0,-157.0,-150.0,-151.5,-150.5,-152.0,-154.0,-157.0,-157.0,-153.5,-150.5,-149.0,-150.0,-154.0,-153.0,-151.0,-150.0,-153.0,-157.0,-155.5,-155.0,-155.5,-153.5,-157.0,-157.0,-157.0,-157.0,-157.0,-157.0,-157.0,-157.0,-157.0,-151.0,-152.0,-155.5,-155.5,-152.5,-156.5,-156.0,-154.5,-157.0,-152.5,-156.0,-157.0,-155.0,-151.5,-153.5,-157.0,-157.0,-157.0,-157.0,-155.5,-153.5,-157.0,-156.0,-155.0,-157.0,-155.5,-156.5,-157.0,-157.0,-152.0,-152.5,-157.0,-152.5,-153.5,-157.0,-151.0,-151.0,-153.0,-157.0,-150.5,-152.5,-157.0,-157.0,-155.0,-151.0,-151.5,-157.0,-157.0,-157.0,-157.0,-156.5,-152.0,-151.5,-152.5,-153.5,-157.0,-157.0,-157.0,-156.0,-157.0,-157.0,-152.0,-155.5,-156.0,-157.0,-157.0,-152.5,-152.5,-151.5,-149.5,-157.0,-157.0,-157.0,-157.0,-155.0,-154.5,-155.0,-157.0,-151.0,-152.0,-155.0,-151.5,-151.0,-157.0,-157.0,-157.0,-157.0,-157.0,-157.0,-157.0,-157.0,-157.0,-157.0,-155.5,-154.0,-157.0,-154.5,-156.5,-157.0,-157.0,-157.0,-157.0,-157.0,-157.0,-157.0,-157.0,-157.0,-157.0,-157.0,-155.5,-157.0,-156.0,-157.0,-156.0,-156.0,-156.5,-155.0,-157.0,-157.0,-157.0,-157.0,-157.0,-157.0,-157.0,-157.0,-157.0,-157.0,-157.0,-157.0,-154.0,-156.0,-157.0,-157.0,-157.0,-154.5,-157.0,-157.0,-154.0,-155.0,-156.5,-157.0,-154.0,-153.0,-157.0,-149.5,-149.0,-154.0,-152.5,-157.0,-157.0,-157.0,-157.0,-155.5,-155.0,-154.5,-153.0,-152.5,-156.5,-157.0,-153.5,-156.0,-155.5,-157.0,-157.0,-155.0,-148.0,-152.0,-157.0,-157.0,-154.5,-152.5,-157.0,-155.5,-155.5,-156.0,-157.0,-157.0,-155.5,-157.0,-154.5,-154.5,-156.5,-154.5,-157.0,-156.0,-155.0,-150.5,-149.5,-156.5,-157.0,-155.0,-157.0,-157.0,-155.0,-157.0,-157.0,-157.0,-157.0,-157.0,-157.0,-157.0,-157.0,-157.0,-156.5,-153.0,-157.0
2026-01-17 13:48:32.034,143.049967,5,-77,-157.0,-157.0,-156.0,-157.0,-157.0,-157.0,-150.5,-154.5,-152.5,-157.0,-157.0,-157.0,-157.0,-156.5,-156.0,-153.5,-155.0,-157.0,-152.0,-152.5,-152.0,-154.0,-152.0,-151.0,-153.0,-157.0,-157.0,-157.0,-157.0,-153.0,-152.5,-157.0,-153.5,-157.0,-157.0,-157.0,-157.0,-157.0,-157.0,-157.0,-153.0,-154.0,-156.5,-157.0,-157.0,-148.5,-149.0,-156.0,-157.0,-156.0,-157.0,-155.5,-152.5,-157.0,-154.0,-154.0,-157.0,-157.0,-157.0,-157.0,-153.0,-154.0,-155.5,-153.0,-156.5,-152.5,-157.0,-157.0,-154.5,-154.5,-157.0,-154.5,-157.0,-157.0,-157.0,-156.0,-155.0,-156.5,-155.0,-153.5,-153.0,-152.5,-154.0,-153.0,-153.5,-157.0,-157.0,-153.0,-153.0,-156.5,-157.0,-157.0,-157.0,-153.0,-153.5,-157.0,-157.0,-157.0,-155.5,-157.0,-157.0,-157.0,-156.0,-157.0,-157.0,-157.0,-157.0,-155.0,-156.5,-157.0,-157.0,-153.5,-154.5,-157.0,-155.0,-155.0,-156.0,-154.5,-157.0,-157.0,-154.5,-152.5,-153.5,-157.0,-156.0,-154.5,-157.0,-157.0,-154.5,-154.0,-157.0,-157.0,-154.5,-157.0,-157.0,-157.0,-157.0,-154.5,-157.0,-157.0,-156.0,-149.5,-155.0,-153.0,-155.5,-157.0,-153.0,-157.0,-155.5,-151.0,-155.5,-157.0,-154.0,-151.5,-153.5,-152.0,-157.0,-157.0,-155.5,-157.0,-157.0,-157.0,-157.0,-155.5,-157.0,-157.0,-155.0,-152.5,-153.0,-154.0,-156.0,-157.0,-157.0,-157.0,-157.0,-154.0,-155.5,-151.0,-152.5,-156.5,-157.0,-157.0,-156.0,-157.0,-151.5,-147.5,-146.5,-149.5,-152.0,-157.0,-155.0,-149.5,-151.5,-157.0,-156.5,-157.0,-157.0,-157.0,-157.0,-151.5,-153.0,-157.0,-157.0,-156.0,-157.0,-155.5,-153.0,-157.0,-154.5,-153.0,-157.0,-157.0,-155.5,-157.0,-155.0,-155.5,-156.5,-157.0,-157.0,-157.0,-151.0,-154.0,-157.0,-152.5,-150.0,-155.5,-152.0,-157.0,-157.0,-157.0,-157.0,-157.0,-157.0,-155.0,-155.5,-157.0,-153.0,-153.5,-157.0,-150.5,-150.0,-153.0,-157.0,-157.0,-157.0,-157.0,-157.0,-153.0,-151.0,-149.0,-156.5,-154.0,-154.5,-151.5,-156.5,-157.0,-156.0,-155.5,-154.0,-155.0,-157.0,-157.0,-157.0,-156.5,-157.0,-156.0,-157.0,-157.0,-157.0,-154.0,-152.5,-155.5,-157.0,-157.0,-155.0,-151.0,-152.0,-156.5,-152.0,-157.0,-157.0,-154.0,-152.0,-153.0,-157.0,-157.0,-157.0,-157.0,-155.5,-154.5,-157.0,-157.0,-157.0,-157.0,-154.0,-154.5,-157.0,-154.5,-156.0,-154.5,-157.0,-153.0,-157.0,-157.0,-151.5,-152.5,-152.5,-157.0,-153.0,-153.0,-155.5,-157.0,-155.5,-156.0,-154.5,-155.5,-157.0,-155.5,-154.5,-156.0,-150.5,-152.5,-155.5,-151.5,-157.0,-157.0,-157.0,-155.0,-153.0,-157.0,-156.0,-157.0,-152.0,-153.0,-157.0,-157.0,-154.5,-155.5,-150.0,-152.5,-157.0,-155.5,-157.0,-156.5,-153.0,-154.0,-154.5,-155.5,-149.5,-154.5,-150.5,-150.0,-154.0,-157.0,-157.0,-157.0,-153.5,-156.0,-157.0,-157.0,-155.5,-157.0,-156.5,-154.0,-157.0,-153.5,-152.0,-155.5,-155.5,-157.0,-157.0,-157.0,-157.0,-157.0,-157.0,-156.5,-155.5,-153.5,-155.0,-155.0,-155.5,-156.0,-157.0,-157.0,-157.0,-155.5,-157.0,-157.0,-157.0,-157.0,-157.0,-157.0,-157.0,-157.0,-157.0,-157.0,-157.0,-157.0,-155.5,-157.0,-155.5,-154.5,-153.0,-152.0,-157.0,-157.0,-155.0,-155.5,-154.5,-157.0,-154.0,-154.0,-157.0,-150.0,-151.5,-157.0,-155.0,-156.5,-157.0,-157.0,-157.0,-157.0,-152.5,-153.5,-157.0,-154.0,-155.5,-156.5,-152.0,-154.0,-152.5,-156.5,-157.0,-157.0,-149.0,-153.5,-157.0,-155.0,-156.5,-151.5,-156.0,-153.0,-154.0,-157.0,-156.0,-157.0,-154.5,-157.0,-156.5,-152.5,-154.5,-157.0,-157.0,-155.5,-155.0,-154.0,-152.0,-156.5,-154.5,-153.5,-157.0,-155.0,-153.5,-157.0,-157.0,-155.5,-153.5,-153.5,-157.0,-157.0,-157.0,-156.5,-157.0,-153.0,-157.0
2026-01-17 13:48:32.067,143.049967,5,-77,-157.0,-157.0,-157.0,-156.5,-157.0,-152.0,-150.0,-157.0,-153.0,-155.5,-157.0,-157.0,-157.0,-156.0,-153.5,-154.0,-157.0,-155.5,-157.0,-156.0,-155.0,-153.5,-155.5,-151.0,-151.5,-157.0,-155.5,-153.5,-157.0,-153.0,-156.5,-157.0,-154.5,-157.0,-154.5,-155.5,-157.0,-157.0,-156.5,-157.0,-151.5,-157.0,-153.5,-155.0,-157.0,-150.5,-151.0,-154.0,-157.0,-156.0,-155.5,-151.0,-150.0,-155.5,-155.0,-155.5,-157.0,-157.0,-157.0,-157.0,-154.5,-152.5,-152.5,-156.5,-154.0,-151.5,-154.0,-157.0,-156.0,-152.0,-154.0,-154.5,-157.0,-157.0,-155.5,-154.0,-154.5,-157.0,-154.5,-157.0,-155.5,-155.5,-157.0,-152.0,-155.5,-157.0,-157.0,-153.5,-156.0,-157.0,-157.0,-157.0,-157.0,-152.5,-155.5,-157.0,-157.0,-157.0,-154.5,-157.0,-157.0,-156.0,-157.0,-157.0,-157.0,-157.0,-157.0,-152.5,-154.0,-157.0,-157.0,-157.0,-155.5,-157.0,-157.0,-157.0,-153.5,-157.0,-157.0,-157.0,-157.0,-157.0,-157.0,-157.0,-157.0,-154.5,-157.0,-157.0,-155.0,-152.0,-157.0,-157.0,-152.5,-155.5,-157.0,-157.0,-157.0,-156.0,-154.0,-157.0,-150.5,-149.5,-155.0,-153.0,-156.0,-155.5,-152.5,-153.5,-156.5,-150.5,-157.0,-157.0,-157.0,-151.0,-150.0,-154.0,-156.0,-157.0,-154.5,-157.0,-157.0,-157.0,-156.0,-151.5,-157.0,-157.0,-155.5,-153.5,-151.0,-157.0,-157.0,-157.0,-155.0,-153.5,-156.5,-157.0,-157.0,-153.5,-156.0,-152.0,-153.0,-157.0,-156.0,-157.0,-152.0,-147.5,-149.0,-150.5,-150.5,-157.0,-154.5,-151.5,-154.5,-156.0,-153.5,-156.5,-157.0,-157.0,-157.0,-156.5,-157.0,-157.0,-156.0,-153.0,-156.5,-151.0,-151.0,-157.0,-156.5,-154.5,-157.0,-157.0,-156.5,-157.0,-156.0,-154.0,-152.5,-156.5,-157.0,-157.0,-152.5,-155.5,-157.0,-155.0,-157.0,-154.5,-154.5,-156.5,-156.5,-157.0,-154.5,-154.5,-157.0,-157.0,-154.5,-157.0,-155.0,-153.0,-157.0,-156.5,-151.5,-154.5,-157.0,-157.0,-157.0,-157.0,-155.5,-157.0,-152.5,-151.0,-155.5,-157.0,-157.0,-157.0,-157.0,-156.5,-157.0,-157.0,-156.5,-157.0,-156.0,-157.0,-157.0,-157.0,-155.0,-152.0,-157.0,-157.0,-157.0,-157.0,-152.5,-157.0,-157.0,-157.0,-153.0,-147.5,-148.0,-157.0,-153.5,-157.0,-157.0,-155.5,-154.0,-157.0,-157.0,-157.0,-156.5,-157.0,-157.0,-153.5,-153.5,-157.0,-157.0,-157.0,-156.0,-155.0,-154.5,-152.5,-157.0,-156.0,-155.0,-150.5,-157.0,-156.5,-155.5,-157.0,-151.0,-152.5,-156.5,-157.0,-153.0,-157.0,-157.0,-157.0,-157.0,-155.5,-157.0,-153.5,-151.5,-154.5,-155.5,-152.0,-149.5,-150.0,-157.0,-157.0,-156.0,-154.0,-148.0,-156.5,-157.0,-157.0,-151.0,-155.0,-156.0,-156.5,-155.0,-155.5,-152.5,-154.5,-157.0,-154.0,-157.0,-157.0,-152.0,-152.0,-153.5,-155.0,-149.0,-155.5,-156.0,-156.0,-156.5,-155.5,-153.0,-157.0,-151.5,-152.0,-157.0,-157.0,-155.0,-153.5,-150.5,-151.5,-156.0,-157.0,-154.5,-157.0,-157.0,-156.5,-154.5,-157.0,-157.0,-157.0,-157.0,-157.0,-152.5,-152.5,-155.5,-157.0,-154.5,-152.5,-155.5,-157.0,-157.0,-156.0,-157.0,-157.0,-157.0,-157.0,-157.0,-157.0,-157.0,-152.0,-153.5,-157.0,-157.0,-157.0,-156.5,-157.0,-157.0,-156.5,-150.5,-152.5,-157.0,-154.5,-154.5,-157.0,-153.5,-153.5,-153.0,-153.0,-152.0,-150.5,-157.0,-157.0,-157.0,-157.0,-154.0,-154.0,-157.0,-154.5,-152.0,-157.0,-157.0,-156.5,-155.0,-150.0,-151.0,-152.0,-155.0,-157.0,-157.0,-154.0,-151.5,-157.0,-157.0,-157.0,-157.0,-151.5,-150.5,-153.5,-157.0,-157.0,-155.5,-153.0,-157.0,-157.0,-157.0,-153.0,-157.0,-157.0,-157.0,-154.5,-154.5,-157.0,-156.5,-157.0,-155.5,-153.5,-155.0,-152.5,-150.5,-154.0,-157.0,-156.0,-155.0,-153.0,-156.0,-154.5,-154.5,-157.0,-157.0,-157.0,-157.0
2026-01-17 13:48:32.105,143.049967,5,-77,-157.0,-157.0,-155.5,-152.5,-156.0,-151.0,-152.0,-157.0,-155.0,-157.0,-157.0,-157.0,-156.5,-154.0,-154.5,-155.5,-157.0,-156.5,-157.0,-157.0,-157.0,-157.0,-157.0,-153.5,-154.0,-157.0,-157.0,-154.0,-156.0,-154.0,-157.0,-157.0,-156.5,-157.0,-155.0,-153.0,-156.0,-157.0,-157.0,-154.0,-151.5,-157.0,-151.0,-151.5,-156.0,-151.0,-154.5,-157.0,-157.0,-155.5,-155.5,-153.5,-154.0,-154.0,-155.0,-157.0,-155.0,-157.0,-157.0,-157.0,-155.0,-152.5,-151.5,-157.0,-157.0,-153.0,-152.0,-154.0,-157.0,-157.0,-155.5,-154.0,-157.0,-157.0,-157.0,-155.0,-157.0,-157.0,-153.0,-153.0,-157.0,-157.0,-156.0,-153.5,-157.0,-157.0,-155.5,-157.0,-157.0,-157.0,-156.5,-155.5,-154.5,-152.5,-157.0,-157.0,-157.0,-157.0,-152.5,-154.5,-156.0,-151.0,-155.5,-155.5,-157.0,-157.0,-157.0,-153.0,-155.5,-156.0,-156.5,-157.0,-153.5,-156.0,-157.0,-157.0,-156.0,-157.0,-156.5,-157.0,-157.0,-156.5,-157.0,-157.0,-157.0,-155.5,-155.5,-157.0,-155.0,-152.5,-157.0,-157.0,-151.0,-151.5,-157.0,-157.0,-156.5,-157.0,-152.0,-154.5,-152.5,-152.5,-154.5,-157.0,-157.0,-157.0,-155.0,-152.0,-153.5,-153.0,-157.0,-157.0,-157.0,-149.5,-147.0,-154.5,-154.0,-153.0,-154.5,-157.0,-157.0,-155.5,-152.0,-150.0,-153.0,-152.5,-157.0,-157.0,-151.0,-155.0,-157.0,-157.0,-152.0,-150.0,-157.0,-157.0,-156.0,-157.0,-157.0,-150.5,-148.5,-156.5,-155.5,-157.0,-157.0,-155.0,-152.0,-152.5,-151.5,-157.0,-156.0,-156.0,-157.0,-154.0,-153.0,-154.0,-154.0,-157.0,-157.0,-157.0,-155.5,-153.5,-151.0,-152.5,-154.5,-152.0,-153.5,-157.0,-157.0,-157.0,-157.0,-156.5,-157.0,-155.5,-152.5,-156.5,-155.5,-157.0,-155.0,-155.0,-154.5,-152.0,-151.0,-150.5,-152.5,-154.0,-157.0,-153.5,-155.0,-154.5,-149.5,-150.5,-157.0,-157.0,-152.0,-152.5,-152.5,-151.5,-155.5,-157.0,-150.0,-151.0,-157.0,-157.0,-157.0,-153.5,-157.0,-156.5,-150.5,-153.0,-157.0,-157.0,-157.0,-157.0,-156.0,-156.0,-157.0,-157.0,-157.0,-157.0,-156.5,-157.0,-157.0,-157.0,-157.0,-154.0,-157.0,-157.0,-157.0,-157.0,-155.0,-157.0,-157.0,-157.0,-154.5,-151.0,-152.0,-157.0,-157.0,-157.0,-157.0,-156.5,-155.5,-156.0,-152.0,-153.0,-155.0,-153.5,-157.0,-155.5,-153.5,-157.0,-157.0,-157.0,-156.0,-155.0,-155.0,-157.0,-157.0,-156.5,-153.0,-149.0,-152.0,-153.5,-157.0,-157.0,-153.5,-155.5,-156.0,-152.5,-150.5,-157.0,-155.0,-155.0,-157.0,-157.0,-157.0,-153.5,-152.5,-155.5,-157.0,-154.0,-151.0,-151.5,-157.0,-155.0,-157.0,-156.0,-148.0,-152.5,-157.0,-157.0,-152.0,-157.0,-154.5,-153.5,-157.0,-157.0,-157.0,-157.0,-157.0,-151.0,-157.0,-157.0,-156.0,-153.0,-154.0,-154.0,-150.5,-157.0,-157.0,-157.0,-156.5,-150.5,-149.5,-157.0,-156.5,-153.5,-157.0,-157.0,-153.5,-154.5,-151.5,-153.0,-155.5,-156.5,-157.0,-157.0,-157.0,-155.0,-152.0,-155.5,-157.0,-157.0,-157.0,-157.0,-153.5,-155.5,-154.0,-157.0,-157.0,-154.0,-157.0,-157.0,-157.0,-157.0,-157.0,-157.0,-157.0,-157.0,-157.0,-153.0,-154.5,-150.5,-155.5,-157.0,-157.0,-157.0,-157.0,-157.0,-157.0,-157.0,-155.0,-157.0,-157.0,-157.0,-153.0,-153.0,-150.0,-155.0,-155.5,-150.0,-150.5,-153.5,-157.0,-157.0,-157.0,-155.5,-152.5,-156.5,-153.5,-151.5,-152.5,-157.0,-157.0,-157.0,-151.0,-150.5,-157.0,-153.5,-157.0,-157.0,-154.5,-157.0,-156.0,-157.0,-157.0,-157.0,-157.0,-157.0,-152.5,-155.5,-157.0,-157.0,-157.0,-152.5,-157.0,-157.0,-155.5,-153.5,-157.0,-157.0,-157.0,-157.0,-157.0,-157.0,-157.0,-155.5,-154.5,-154.5,-154.5,-157.0,-153.5,-151.5,-155.0,-157.0,-157.0,-152.5,-154.0,-157.0,-156.0,-154.5,-155.0,-156.0,-157.0
2026-01-17 13:48:32.137,143.049967,5,-77,-157.0,-157.0,-153.0,-152.5,-157.0,-155.0,-157.0,-157.0,-153.5,-157.0,-157.0,-154.0,-153.5,-152.0,-157.0,-156.0,-152.5,-155.5,-157.0,-157.0,-157.0,-157.0,-157.0,-155.0,-155.0,-155.0,-155.5,-157.0,-155.0,-154.0,-157.0,-157.0,-155.0,-153.0,-157.0,-152.0,-153.5,-157.0,-157.0,-157.0,-155.5,-157.0,-151.0,-154.5,-155.0,-151.0,-153.0,-157.0,-157.0,-157.0,-157.0,-157.0,-157.0,-157.0,-154.5,-156.5,-155.5,-157.0,-157.0,-154.0,-155.5,-154.0,-153.0,-157.0,-157.0,-152.5,-154.5,-155.5,-157.0,-157.0,-157.0,-154.5,-156.0,-157.0,-156.0,-154.5,-154.5,-155.5,-154.0,-152.5,-157.0,-157.0,-156.0,-155.0,-157.0,-157.0,-154.5,-155.5,-157.0,-157.0,-152.5,-152.0,-157.0,-155.0,-154.5,-157.0,-157.0,-157.0,-151.0,-152.0,-155.0,-149.5,-151.5,-154.0,-157.0,-157.0,-157.0,-153.0,-157.0,-156.0,-157.0,-154.0,-156.5,-153.5,-156.5,-157.0,-157.0,-157.0,-155.5,-157.0,-155.0,-157.0,-155.0,-155.5,-157.0,-157.0,-156.0,-154.5,-155.0,-153.0,-153.5,-157.0,-153.5,-152.5,-157.0,-157.0,-156.0,-155.5,-153.0,-152.0,-155.5,-156.0,-151.5,-157.0,-157.0,-157.0,-154.5,-154.0,-156.0,-156.5,-157.0,-157.0,-157.0,-152.5,-149.5,-152.5,-157.0,-156.0,-157.0,-157.0,-157.0,-156.0,-151.5,-152.5,-154.0,-152.0,-157.0,-157.0,-152.5,-156.0,-157.0,-157.0,-154.0,-151.0,-157.0,-155.5,-153.0,-157.0,-157.0,-153.0,-148.5,-155.0,-155.5,-157.0,-157.0,-153.5,-151.5,-155.5,-152.0,-153.5,-154.0,-155.0,-157.0,-157.0,-154.5,-150.5,-151.5,-157.0,-157.0,-157.0,-157.0,-156.0,-152.5,-156.0,-155.0,-154.0,-154.5,-156.0,-157.0,-157.0,-157.0,-157.0,-157.0,-155.0,-152.0,-157.0,-157.0,-157.0,-155.5,-153.5,-152.5,-151.5,-153.0,-150.5,-152.0,-157.0,-157.0,-155.0,-157.0,-152.5,-151.0,-154.0,-157.0,-157.0,-151.0,-150.0,-150.0,-154.0,-157.0,-157.0,-151.0,-152.0,-157.0,-157.0,-152.5,-149.5,-156.5,-156.0,-151.5,-154.0,-157.0,-157.0,-157.0,-157.0,-157.0,-157.0,-157.0,-157.0,-157.0,-157.0,-153.5,-157.0,-155.0,-154.0,-157.0,-157.0,-157.0,-157.0,-157.0,-153.5,-155.0,-157.0,-157.0,-157.0,-156.0,-152.5,-153.5,-157.0,-157.0,-157.0,-157.0,-157.0,-157.0,-154.5,-148.5,-151.5,-157.0,-154.5,-153.5,-152.0,-151.0,-152.5,-157.0,-156.0,-154.5,-157.0,-154.5,-157.0,-157.0,-157.0,-157.0,-151.5,-153.5,-155.0,-157.0,-157.0,-157.0,-157.0,-156.0,-153.0,-153.5,-156.0,-153.5,-151.5,-157.0,-157.0,-157.0,-154.5,-154.5,-157.0,-157.0,-157.0,-157.0,-157.0,-157.0,-154.0,-157.0,-157.0,-150.5,-157.0,-157.0,-156.0,-152.0,-157.0,-155.5,-156.0,-157.0,-157.0,-157.0,-157.0,-157.0,-152.0,-157.0,-157.0,-157.0,-154.5,-155.5,-152.5,-153.0,-153.0,-157.0,-156.0,-155.5,-153.0,-150.5,-157.0,-157.0,-154.5,-157.0,-157.0,-155.0,-155.0,-157.0,-156.5,-157.0,-157.0,-157.0,-157.0,-153.0,-152.5,-156.0,-154.5,-157.0,-157.0,-154.0,-156.0,-157.0,-157.0,-153.5,-155.0,-156.0,-156.0,-157.0,-157.0,-157.0,-157.0,-155.5,-157.0,-157.0,-157.0,-156.5,-155.0,-155.5,-149.5,-156.5,-157.0,-157.0,-157.0,-157.0,-155.5,-157.0,-157.0,-157.0,-157.0,-157.0,-157.0,-153.0,-150.5,-151.0,-157.0,-157.0,-153.0,-156.0,-156.0,-156.0,-157.0,-157.0,-156.5,-156.0,-157.0,-154.5,-154.5,-155.5,-155.5,-155.5,-157.0,-155.5,-157.0,-157.0,-155.5,-157.0,-157.0,-157.0,-157.0,-157.0,-157.0,-156.5,-157.0,-157.0,-157.0,-157.0,-157.0,-153.5,-155.0,-157.0,-154.5,-156.5,-157.0,-152.0,-152.5,-157.0,-157.0,-157.0,-157.0,-156.5,-154.5,-157.0,-153.5,-152.5,-155.0,-156.0,-157.0,-157.0,-151.5,-155.5,-157.0,-157.0,-155.5,-157.0,-157.0,-157.0,-153.5,-156.0,-152.5,-155.5
2026-01-17 13:48:32.138,143.049967,5,-77,-157.0,-157.0,-153.0,-152.5,-157.0,-155.0,-157.0,-157.0,-153.5,-157.0,-157.0,-154.0,-153.5,-152.0,-157.0,-156.0,-152.5,-155.5,-157.0,-157.0,-157.0,-157.0,-157.0,-155.0,-155.0,-155.0,-155.5,-157.0,-155.0,-154.0,-157.0,-157.0,-155.0,-153.0,-157.0,-152.0,-153.5,-157.0,-157.0,-157.0,-155.5,-157.0,-151.0,-154.5,-155.0,-151.0,-153.0,-157.0,-157.0,-157.0,-157.0,-157.0,-157.0,-157.0,-154.5,-156.5,-155.5,-157.0,-157.0,-154.0,-155.5,-154.0,-153.0,-157.0,-157.0,-152.5,-154.5,-155.5,-157.0,-157.0,-157.0,-154.5,-156.0,-157.0,-156.0,-154.5,-154.5,-155.5,-154.0,-152.5,-157.0,-157.0,-156.0,-155.0,-157.0,-157.0,-154.5,-155.5,-157.0,-157.0,-152.5,-152.0,-157.0,-155.0,-154.5,-157.0,-157.0,-157.0,-151.0,-152.0,-155.0,-149.5,-151.5,-154.0,-157.0,-157.0,-157.0,-153.0,-157.0,-156.0,-157.0,-154.0,-156.5,-153.5,-156.5,-157.0,-157.0,-157.0,-155.5,-157.0,-155.0,-157.0,-155.0,-155.5,-157.0,-157.0,-156.0,-154.5,-155.0,-153.0,-153.5,-157.0,-153.5,-152.5,-157.0,-157.0,-156.0,-155.5,-153.0,-152.0,-155.5,-156.0,-151.5,-157.0,-157.0,-157.0,-154.5,-154.0,-156.0,-156.5,-157.0,-157.0,-157.0,-152.5,-149.5,-152.5,-157.0,-156.0,-157.0,-157.0,-157.0,-156.0,-151.5,-152.5,-154.0,-152.0,-157.0,-157.0,-152.5,-156.0,-157.0,-157.0,-154.0,-151.0,-157.0,-155.5,-153.0,-157.0,-157.0,-153.0,-148.5,-155.0,-155.5,-157.0,-157.0,-153.5,-151.5,-155.5,-152.0,-153.5,-154.0,-155.0,-157.0,-157.0,-154.5,-150.5,-151.5,-157.0,-157.0,-157.0,-157.0,-156.0,-152.5,-156.0,-155.0,-154.0,-154.5,-156.0,-157.0,-157.0,-157.0,-157.0,-157.0,-155.0,-152.0,-157.0,-157.0,-157.0,-155.5,-153.5,-152.5,-151.5,-153.0,-150.5,-152.0,-157.0,-157.0,-155.0,-157.0,-152.5,-151.0,-154.0,-157.0,-157.0,-151.0,-150.0,-150.0,-154.0,-157.0,-157.0,-151.0,-152.0,-157.0,-157.0,-152.5,-149.5,-156.5,-156.0,-151.5,-154.0,-157.0,-157.0,-157.0,-157.0,-157.0,-157.0,-157.0,-157.0,-157.0,-157.0,-153.5,-157.0,-155.0,-154.0,-157.0,-157.0,-157.0,-157.0,-157.0,-153.5,-155.0,-157.0,-157.0,-157.0,-156.0,-152.5,-153.5,-157.0,-157.0,-157.0,-157.0,-157.0,-157.0,-154.5,-148.5,-151.5,-157.0,-154.5,-153.5,-152.0,-151.0,-152.5,-157.0,-156.0,-154.5,-157.0,-154.5,-157.0,-157.0,-157.0,-157.0,-151.5,-153.5,-155.0,-157.0,-157.0,-157.0,-157.0,-156.0,-153.0,-153.5,-156.0,-153.5,-151.5,-157.0,-157.0,-157.0,-154.5,-154.5,-157.0,-157.0,-157.0,-157.0,-157.0,-157.0,-154.0,-157.0,-157.0,-150.5,-157.0,-157.0,-156.0,-152.0,-157.0,-155.5,-156.0,-157.0,-157.0,-157.0,-157.0,-157.0,-152.0,-157.0,-157.0,-157.0,-154.5,-155.5,-152.5,-153.0,-153.0,-157.0,-156.0,-155.5,-153.0,-150.5,-157.0,-157.0,-154.5,-157.0,-157.0,-155.0,-155.0,-157.0,-156.5,-157.0,-157.0,-157.0,-157.0,-153.0,-152.5,-156.0,-154.5,-157.0,-157.0,-154.0,-156.0,-157.0,-157.0,-153.5,-155.0,-156.0,-156.0,-157.0,-157.0,-157.0,-157.0,-155.5,-157.0,-157.0,-157.0,-156.5,-155.0,-155.5,-149.5,-156.5,-157.0,-157.0,-157.0,-157.0,-155.5,-157.0,-157.0,-157.0,-157.0,-157.0,-157.0,-153.0,-150.5,-151.0,-157.0,-157.0,-153.0,-156.0,-156.0,-156.0,-157.0,-157.0,-156.5,-156.0,-157.0,-154.5,-154.5,-155.5,-155.5,-155.5,-157.0,-155.5,-157.0,-157.0,-155.5,-157.0,-157.0,-157.0,-157.0,-157.0,-157.0,-156.5,-157.0,-157.0,-157.0,-157.0,-157.0,-153.5,-155.0,-157.0,-154.5,-156.5,-157.0,-152.0,-152.5,-157.0,-157.0,-157.0,-157.0,-156.5,-154.5,-157.0,-153.5,-152.5,-155.0,-156.0,-157.0,-157.0,-151.5,-155.5,-157.0,-157.0,-155.5,-157.0,-157.0,-157.0,-153.5,-156.0,-152.5,-155.5
2026-01-17 13:48:32.167,143.049967,5,-77,-157.0,-157.0,-157.0,-157.0,-157.0,-157.0,-157.0,-154.5,-154.5,-155.0,-155.0,-153.0,-157.0,-156.0,-157.0,-152.5,-150.5,-157.0,-157.0,-157.0,-157.0,-157.0,-157.0,-157.0,-154.0,-157.0,-154.0,-157.0,-157.0,-156.0,-157.0,-157.0,-149.0,-148.0,-157.0,-155.5,-157.0,-157.0,-156.5,-157.0,-157.0,-157.0,-151.5,-152.0,-153.5,-152.5,-154.5,-157.0,-157.0,-157.0,-157.0,-156.5,-155.5,-157.0,-157.0,-157.0,-157.0,-157.0,-157.0,-153.0,-157.0,-157.0,-156.0,-157.0,-157.0,-155.5,-157.0,-156.5,-157.0,-152.0,-153.0,-153.0,-157.0,-157.0,-154.5,-152.5,-154.0,-156.5,-157.0,-156.0,-157.0,-157.0,-156.5,-152.5,-154.5,-157.0,-157.0,-152.0,-153.0,-157.0,-157.0,-151.5,-156.5,-157.0,-152.0,-157.0,-157.0,-154.5,-151.0,-153.5,-157.0,-152.0,-157.0,-154.0,-154.5,-157.0,-157.0,-155.0,-157.0,-157.0,-157.0,-156.5,-157.0,-154.5,-157.0,-157.0,-157.0,-157.0,-157.0,-157.0,-155.0,-157.0,-155.0,-154.0,-157.0,-154.0,-154.5,-150.0,-151.5,-153.0,-152.0,-157.0,-157.0,-153.5,-157.0,-157.0,-154.0,-157.0,-155.0,-153.5,-156.0,-157.0,-150.5,-156.0,-156.0,-157.0,-153.5,-156.5,-157.0,-157.0,-157.0,-157.0,-157.0,-154.5,-151.5,-152.5,-156.5,-157.0,-157.0,-157.0,-157.0,-157.0,-157.0,-156.5,-157.0,-156.5,-157.0,-157.0,-156.5,-157.0,-155.5,-157.0,-157.0,-153.0,-157.0,-153.0,-154.0,-157.0,-157.0,-153.0,-149.0,-153.5,-156.0,-157.0,-152.0,-148.5,-151.0,-157.0,-150.0,-152.5,-157.0,-154.0,-154.0,-156.0,-153.5,-152.0,-154.0,-153.5,-157.0,-153.0,-153.0,-156.5,-156.0,-157.0,-157.0,-153.5,-155.5,-151.0,-157.0,-155.0,-156.0,-157.0,-154.5,-156.5,-156.0,-157.0,-157.0,-157.0,-157.0,-154.0,-150.5,-157.0,-157.0,-153.5,-157.0,-157.0,-157.0,-157.0,-157.0,-153.5,-155.0,-157.0,-157.0,-157.0,-154.0,-157.0,-150.5,-157.0,-154.0,-153.5,-152.5,-153.5,-152.5,-156.5,-150.5,-150.0,-154.5,-157.0,-153.5,-157.0,-157.0,-157.0,-157.0,-157.0,-157.0,-156.0,-157.0,-157.0,-157.0,-157.0,-152.0,-152.5,-151.5,-155.5,-157.0,-157.0,-157.0,-157.0,-157.0,-149.0,-149.5,-157.0,-155.0,-153.0,-149.5,-151.0,-153.0,-157.0,-157.0,-155.5,-157.0,-155.0,-155.0,-153.0,-151.0,-157.0,-157.0,-156.0,-153.0,-154.0,-152.5,-151.0,-153.5,-154.0,-154.5,-157.0,-154.5,-157.0,-157.0,-157.0,-156.0,-156.0,-152.5,-157.0,-154.0,-157.0,-157.0,-155.5,-155.0,-156.0,-157.0,-155.0,-152.5,-149.0,-152.5,-157.0,-157.0,-157.0,-157.0,-157.0,-157.0,-157.0,-157.0,-157.0,-157.0,-155.0,-157.0,-157.0,-150.0,-154.5,-157.0,-154.5,-154.5,-157.0,-155.5,-157.0,-157.0,-157.0,-157.0,-157.0,-155.0,-151.5,-157.0,-157.0,-157.0,-154.5,-157.0,-153.5,-157.0,-156.0,-154.5,-152.0,-156.0,-152.5,-156.0,-156.0,-156.0,-151.0,-152.5,-157.0,-157.0,-157.0,-157.0,-157.0,-157.0,-157.0,-156.0,-153.0,-154.0,-155.0,-156.5,-152.5,-155.5,-157.0,-153.5,-153.5,-157.0,-157.0,-154.0,-152.5,-156.0,-157.0,-157.0,-157.0,-156.0,-157.0,-155.0,-157.0,-155.0,-156.5,-154.0,-155.5,-154.0,-148.5,-151.5,-154.0,-157.0,-157.0,-156.0,-154.5,-156.5,-157.0,-153.5,-152.0,-156.0,-157.0,-154.0,-151.0,-155.0,-157.0,-156.0,-155.5,-155.5,-152.0,-154.5,-157.0,-157.0,-157.0,-157.0,-157.0,-157.0,-155.5,-155.5,-157.0,-156.0,-157.0,-157.0,-157.0,-157.0,-155.0,-157.0,-157.0,-157.0,-157.0,-157.0,-157.0,-157.0,-157.0,-157.0,-157.0,-157.0,-157.0,-151.0,-152.0,-157.0,-156.0,-157.0,-157.0,-151.0,-149.5,-152.5,-157.0,-157.0,-157.0,-153.0,-150.5,-154.0,-154.0,-155.0,-157.0,-157.0,-157.0,-157.0,-153.5,-156.0,-157.0,-157.0,-157.0,-157.0,-157.0,-157.0,-155.0,-157.0,-154.0,-156.5
2026-01-17 13:48:32.202,143.049967,5,-77,-157.0,-157.0,-157.0,-157.0,-157.0,-157.0,-155.5,-155.0,-157.0,-155.5,-155.0,-154.0,-157.0,-157.0,-157.0,-151.5,-153.0,-157.0,-157.0,-155.0,-157.0,-157.0,-156.5,-156.0,-157.0,-154.5,-153.5,-157.0,-157.0,-152.5,-151.0,-150.0,-148.0,-147.5,-152.5,-157.0,-156.0,-155.0,-155.0,-157.0,-157.0,-157.0,-153.0,-153.0,-157.0,-153.0,-152.5,-157.0,-157.0,-157.0,-157.0,-157.0,-157.0,-152.0,-152.5,-155.0,-157.0,-157.0,-154.5,-152.0,-153.5,-156.0,-157.0,-157.0,-157.0,-157.0,-155.0,-155.0,-155.5,-150.0,-152.5,-155.0,-157.0,-157.0,-157.0,-150.5,-151.0,-157.0,-157.0,-157.0,-157.0,-157.0,-154.5,-150.5,-151.5,-157.0,-157.0,-154.0,-153.5,-157.0,-157.0,-154.0,-153.5,-149.5,-149.0,-157.0,-156.5,-154.0,-154.0,-152.0,-152.0,-155.5,-157.0,-155.0,-157.0,-157.0,-157.0,-157.0,-157.0,-157.0,-155.5,-157.0,-156.5,-157.0,-157.0,-157.0,-157.0,-157.0,-157.0,-157.0,-156.0,-156.0,-157.0,-152.5,-152.5,-151.0,-155.0,-149.5,-150.0,-153.5,-157.0,-157.0,-156.0,-156.5,-157.0,-157.0,-152.0,-157.0,-151.5,-153.5,-157.0,-157.0,-152.0,-154.0,-154.5,-154.5,-155.0,-156.5,-155.5,-155.5,-157.0,-157.0,-157.0,-151.0,-150.5,-149.5,-153.5,-157.0,-157.0,-157.0,-157.0,-157.0,-156.5,-157.0,-157.0,-157.0,-157.0,-157.0,-157.0,-156.0,-154.5,-157.0,-156.0,-152.5,-154.0,-153.0,-155.0,-157.0,-157.0,-156.0,-150.5,-153.0,-156.0,-153.5,-154.5,-150.0,-153.5,-157.0,-151.0,-152.5,-157.0,-157.0,-155.0,-154.5,-156.5,-157.0,-156.0,-151.5,-155.0,-151.5,-149.0,-155.0,-153.0,-154.0,-156.5,-151.0,-154.5,-150.5,-152.5,-154.5,-153.0,-155.0,-153.0,-157.0,-154.5,-157.0,-157.0,-157.0,-157.0,-152.5,-149.0,-157.0,-157.0,-157.0,-157.0,-157.0,-157.0,-157.0,-154.0,-153.5,-156.0,-155.5,-157.0,-157.0,-153.5,-154.0,-151.5,-156.5,-156.0,-155.0,-153.0,-157.0,-151.5,-157.0,-155.5,-156.5,-157.0,-157.0,-152.5,-155.0,-156.0,-157.0,-157.0,-157.0,-157.0,-154.0,-155.0,-157.0,-157.0,-155.5,-152.5,-153.5,-150.5,-157.0,-157.0,-157.0,-157.0,-157.0,-156.0,-149.5,-149.0,-156.5,-157.0,-155.5,-149.0,-151.5,-152.0,-154.5,-155.0,-153.5,-157.0,-156.0,-153.5,-157.0,-157.0,-155.0,-153.5,-155.5,-154.0,-157.0,-157.0,-153.5,-152.5,-155.0,-154.0,-157.0,-154.5,-156.0,-157.0,-157.0,-156.5,-157.0,-150.0,-152.5,-150.5,-152.5,-156.5,-154.5,-154.0,-154.5,-155.0,-156.0,-152.5,-150.0,-151.0,-157.0,-157.0,-157.0,-157.0,-157.0,-157.0,-157.0,-154.0,-157.0,-157.0,-157.0,-157.0,-157.0,-150.0,-153.0,-157.0,-155.0,-157.0,-154.0,-152.5,-157.0,-157.0,-157.0,-157.0,-156.5,-157.0,-152.5,-153.5,-157.0,-157.0,-156.0,-154.5,-157.0,-157.0,-157.0,-155.0,-152.5,-157.0,-151.0,-155.5,-157.0,-157.0,-151.5,-151.5,-157.0,-157.0,-155.5,-157.0,-157.0,-157.0,-157.0,-154.5,-155.5,-157.0,-157.0,-150.5,-151.0,-155.0,-155.5,-156.0,-155.5,-157.0,-157.0,-157.0,-152.5,-152.5,-157.0,-157.0,-157.0,-155.5,-156.5,-157.0,-157.0,-155.5,-157.0,-155.0,-156.0,-157.0,-150.5,-155.0,-155.5,-157.0,-156.0,-156.0,-157.0,-155.0,-155.5,-151.0,-153.5,-156.5,-157.0,-155.0,-152.0,-156.5,-157.0,-157.0,-157.0,-155.0,-152.0,-156.5,-155.5,-157.0,-157.0,-157.0,-157.0,-156.0,-154.5,-156.5,-156.0,-157.0,-157.0,-157.0,-157.0,-157.0,-154.5,-157.0,-157.0,-156.5,-157.0,-157.0,-157.0,-157.0,-157.0,-157.0,-156.5,-157.0,-153.5,-150.0,-153.5,-157.0,-157.0,-154.0,-155.5,-153.5,-152.0,-156.5,-157.0,-157.0,-156.5,-153.0,-151.5,-151.0,-151.0,-155.5,-157.0,-157.0,-157.0,-157.0,-155.5,-155.0,-156.5,-155.5,-157.0,-157.0,-157.0,-157.0,-157.0,-157.0,-153.5,-157.0
2026-01-17 13:48:32.235,143.049967,5,-77,-157.0,-157.0,-157.0,-155.0,-157.0,-154.0,-157.0,-157.0,-155.5,-156.0,-157.0,-157.0,-157.0,-157.0,-157.0,-155.5,-157.0,-157.0,-157.0,-155.0,-157.0,-155.5,-153.0,-157.0,-155.5,-152.5,-155.0,-157.0,-157.0,-152.0,-149.0,-148.0,-152.5,-154.5,-156.5,-153.0,-151.0,-152.5,-157.0,-157.0,-156.0,-157.0,-154.0,-157.0,-155.5,-156.5,-152.5,-153.0,-156.5,-157.0,-157.0,-157.0,-154.0,-149.0,-150.5,-157.0,-157.0,-156.5,-156.0,-153.0,-151.0,-154.0,-157.0,-157.0,-157.0,-156.5,-153.0,-155.0,-156.5,-154.5,-157.0,-153.0,-157.0,-157.0,-157.0,-149.0,-149.5,-157.0,-157.0,-157.0,-156.5,-154.5,-155.5,-155.5,-157.0,-157.0,-155.0,-157.0,-156.5,-157.0,-153.0,-154.5,-157.0,-149.0,-147.5,-153.0,-157.0,-155.5,-155.0,-150.0,-151.0,-154.5,-157.0,-153.5,-157.0,-157.0,-157.0,-157.0,-157.0,-157.0,-153.5,-152.5,-155.0,-157.0,-156.5,-157.0,-157.0,-157.0,-157.0,-156.5,-157.0,-155.5,-156.0,-153.0,-153.0,-154.5,-154.5,-154.0,-157.0,-156.0,-157.0,-157.0,-157.0,-157.0,-156.0,-154.0,-152.0,-157.0,-153.0,-155.0,-157.0,-157.0,-157.0,-156.5,-153.0,-154.0,-157.0,-157.0,-154.0,-154.5,-157.0,-156.0,-151.5,-149.5,-153.5,-151.5,-156.0,-157.0,-157.0,-155.5,-157.0,-157.0,-154.0,-153.0,-157.0,-157.0,-155.0,-157.0,-156.0,-152.5,-153.5,-157.0,-155.0,-152.5,-153.5,-155.5,-157.0,-157.0,-157.0,-157.0,-152.5,-150.0,-150.5,-152.5,-157.0,-155.0,-157.0,-157.0,-157.0,-157.0,-157.0,-157.0,-157.0,-156.5,-155.5,-157.0,-157.0,-156.0,-155.0,-156.0,-149.5,-150.5,-154.5,-154.5,-157.0,-150.5,-151.0,-155.5,-157.0,-157.0,-152.0,-157.0,-154.0,-152.5,-152.0,-153.0,-155.0,-157.0,-157.0,-157.0,-150.0,-157.0,-156.5,-157.0,-157.0,-157.0,-156.5,-157.0,-154.5,-154.0,-153.5,-153.5,-154.5,-156.5,-157.0,-154.5,-153.5,-153.0,-155.5,-157.0,-154.5,-157.0,-152.5,-153.5,-156.5,-155.5,-156.5,-157.0,-152.0,-151.5,-153.5,-157.0,-157.0,-157.0,-157.0,-157.0,-155.5,-157.0,-157.0,-154.5,-155.0,-156.5,-152.5,-157.0,-157.0,-157.0,-157.0,-157.0,-157.0,-157.0,-150.5,-153.5,-155.5,-157.0,-153.0,-157.0,-154.0,-152.5,-157.0,-155.5,-155.5,-157.0,-157.0,-156.5,-156.0,-152.0,-150.0,-157.0,-157.0,-157.0,-157.0,-157.0,-155.5,-156.5,-156.0,-157.0,-154.0,-153.5,-157.0,-157.0,-157.0,-151.5,-149.5,-157.0,-151.0,-153.0,-157.0,-155.0,-155.5,-156.0,-154.5,-154.0,-152.0,-153.0,-152.5,-157.0,-157.0,-157.0,-157.0,-155.0,-156.5,-156.0,-151.0,-157.0,-157.0,-157.0,-157.0,-156.0,-154.0,-157.0,-157.0,-156.0,-156.0,-151.0,-150.5,-157.0,-157.0,-157.0,-155.5,-155.0,-157.0,-155.0,-157.0,-157.0,-155.0,-157.0,-155.0,-157.0,-154.0,-155.5,-157.0,-154.5,-155.5,-151.5,-155.5,-157.0,-157.0,-156.5,-152.0,-151.5,-157.0,-153.5,-156.0,-157.0,-155.0,-154.5,-157.0,-157.0,-157.0,-157.0,-150.5,-149.5,-153.0,-156.5,-157.0,-157.0,-155.5,-154.5,-157.0,-157.0,-156.0,-157.0,-157.0,-157.0,-156.5,-156.5,-157.0,-157.0,-157.0,-157.0,-157.0,-157.0,-157.0,-153.5,-157.0,-157.0,-157.0,-154.5,-156.5,-157.0,-154.0,-156.0,-152.0,-157.0,-156.0,-152.0,-153.0,-155.5,-157.0,-157.0,-157.0,-157.0,-157.0,-153.0,-152.5,-156.5,-157.0,-157.0,-157.0,-157.0,-157.0,-157.0,-157.0,-155.0,-157.0,-157.0,-157.0,-157.0,-157.0,-155.0,-157.0,-156.5,-155.0,-155.5,-155.5,-157.0,-157.0,-157.0,-153.0,-152.0,-156.0,-155.0,-153.5,-157.0,-157.0,-157.0,-153.0,-154.5,-155.5,-157.0,-157.0,-157.0,-157.0,-157.0,-153.5,-157.0,-154.0,-149.5,-157.0,-157.0,-157.0,-157.0,-157.0,-157.0,-156.5,-157.0,-157.0,-157.0,-157.0,-157.0,-156.0,-157.0,-157.0,-157.0,-154.0
2026-01-17 13:48:32.266,143.049967,5,-77,-157.0,-157.0,-156.0,-157.0,-157.0,-152.5,-154.5,-155.0,-155.0,-157.0,-157.0,-157.0,-157.0,-156.0,-156.0,-157.0,-157.0,-157.0,-157.0,-157.0,-157.0,-153.0,-153.0,-157.0,-152.0,-153.0,-155.0,-157.0,-157.0,-155.0,-157.0,-153.0,-157.0,-157.0,-153.5,-153.5,-152.5,-157.0,-157.0,-155.0,-157.0,-157.0,-153.0,-153.0,-151.5,-157.0,-157.0,-153.0,-157.0,-155.0,-157.0,-157.0,-153.0,-151.5,-157.0,-157.0,-156.5,-156.0,-154.0,-157.0,-155.0,-155.5,-157.0,-157.0,-156.5,-157.0,-150.0,-152.0,-157.0,-157.0,-157.0,-151.0,-157.0,-155.0,-154.0,-152.5,-156.0,-157.0,-157.0,-157.0,-157.0,-153.5,-157.0,-157.0,-154.0,-155.5,-157.0,-157.0,-157.0,-155.0,-156.0,-155.5,-157.0,-152.5,-150.0,-154.5,-157.0,-155.5,-151.5,-150.5,-153.0,-152.5,-157.0,-153.5,-157.0,-157.0,-157.0,-157.0,-157.0,-157.0,-156.5,-151.0,-152.5,-157.0,-152.0,-157.0,-157.0,-153.0,-153.0,-155.0,-157.0,-156.0,-152.0,-150.0,-151.5,-157.0,-157.0,-157.0,-157.0,-155.5,-155.5,-157.0,-157.0,-157.0,-157.0,-157.0,-152.0,-153.0,-157.0,-157.0,-157.0,-156.0,-157.0,-157.0,-155.5,-156.0,-156.0,-156.0,-157.0,-156.0,-157.0,-157.0,-153.5,-150.5,-151.5,-157.0,-157.0,-157.0,-157.0,-156.5,-157.0,-157.0,-152.5,-152.0,-153.0,-157.0,-154.0,-153.5,-152.5,-151.0,-153.5,-157.0,-154.0,-157.0,-157.0,-154.0,-157.0,-157.0,-157.0,-157.0,-153.5,-149.0,-151.0,-157.0,-155.0,-154.0,-157.0,-157.0,-157.0,-157.0,-157.0,-157.0,-155.5,-154.5,-154.5,-157.0,-157.0,-157.0,-155.5,-157.0,-155.5,-153.0,-157.0,-157.0,-157.0,-154.5,-154.5,-157.0,-157.0,-157.0,-154.0,-153.0,-153.5,-152.5,-153.5,-154.5,-157.0,-157.0,-157.0,-157.0,-153.0,-157.0,-155.0,-157.0,-157.0,-157.0,-154.0,-157.0,-157.0,-154.5,-155.0,-154.5,-153.0,-153.0,-157.0,-157.0,-156.5,-157.0,-157.0,-155.5,-155.5,-157.0,-157.0,-157.0,-155.5,-152.0,-157.0,-153.0,-152.5,-157.0,-157.0,-157.0,-157.0,-157.0,-157.0,-157.0,-156.0,-156.5,-155.5,-157.0,-157.0,-157.0,-155.0,-156.5,-157.0,-157.0,-156.5,-156.5,-157.0,-157.0,-151.0,-153.5,-152.5,-155.5,-156.5,-157.0,-155.5,-152.5,-157.0,-157.0,-152.5,-155.0,-157.0,-153.5,-151.5,-155.0,-151.5,-155.5,-157.0,-155.5,-157.0,-157.0,-154.5,-157.0,-157.0,-156.5,-154.5,-154.0,-157.0,-155.0,-152.5,-149.5,-151.0,-157.0,-156.5,-157.0,-157.0,-157.0,-157.0,-157.0,-156.0,-155.0,-155.0,-152.5,-155.0,-157.0,-157.0,-157.0,-157.0,-152.5,-157.0,-157.0,-150.5,-157.0,-156.5,-154.5,-153.0,-156.5,-157.0,-157.0,-157.0,-154.0,-153.5,-153.0,-153.0,-157.0,-157.0,-155.0,-154.5,-157.0,-154.5,-154.5,-157.0,-157.0,-155.0,-155.0,-154.0,-157.0,-154.0,-157.0,-157.0,-155.5,-155.0,-156.5,-150.5,-155.0,-154.5,-156.5,-149.0,-148.5,-154.5,-154.0,-151.5,-151.5,-155.0,-153.0,-157.0,-153.5,-157.0,-157.0,-155.5,-150.0,-150.5,-152.5,-156.0,-157.0,-155.5,-153.0,-157.0,-157.0,-157.0,-153.5,-155.0,-157.0,-157.0,-157.0,-154.5,-157.0,-157.0,-157.0,-157.0,-157.0,-155.0,-152.0,-157.0,-157.0,-157.0,-156.0,-157.0,-157.0,-154.0,-157.0,-157.0,-152.5,-154.0,-151.0,-152.5,-157.0,-157.0,-157.0,-157.0,-157.0,-157.0,-157.0,-153.5,-157.0,-157.0,-157.0,-157.0,-157.0,-157.0,-157.0,-157.0,-157.0,-157.0,-157.0,-157.0,-157.0,-157.0,-157.0,-157.0,-156.5,-154.0,-155.0,-157.0,-156.0,-156.0,-157.0,-150.5,-152.0,-157.0,-157.0,-157.0,-157.0,-157.0,-157.0,-155.0,-155.5,-154.0,-157.0,-155.5,-157.0,-156.5,-155.5,-156.5,-157.0,-154.5,-152.5,-153.0,-155.5,-157.0,-157.0,-157.0,-156.5,-152.5,-156.0,-157.0,-157.0,-157.0,-157.0,-157.0,-152.5,-157.0,-157.0,-155.0
2026-01-17 13:48:32.301,143.049967,5,-77,-157.0,-157.0,-157.0,-157.0,-157.0,-155.0,-154.0,-154.5,-157.0,-157.0,-157.0,-156.5,-156.5,-153.5,-156.0,-157.0,-157.0,-157.0,-154.5,-157.0,-157.0,-152.5,-154.5,-157.0,-155.5,-157.0,-152.0,-157.0,-154.5,-154.5,-157.0,-154.0,-154.0,-154.0,-148.0,-150.0,-152.0,-157.0,-157.0,-157.0,-157.0,-157.0,-155.5,-153.5,-151.0,-154.5,-155.5,-154.5,-157.0,-152.0,-157.0,-157.0,-153.5,-155.5,-155.0,-154.5,-156.0,-157.0,-152.0,-157.0,-157.0,-155.5,-156.0,-157.0,-156.0,-153.0,-149.5,-150.0,-156.5,-153.5,-157.0,-151.5,-156.0,-154.0,-154.5,-157.0,-157.0,-157.0,-157.0,-157.0,-157.0,-155.0,-155.5,-156.5,-155.5,-152.5,-157.0,-157.0,-157.0,-154.5,-157.0,-156.0,-156.5,-157.0,-157.0,-157.0,-153.5,-154.5,-157.0,-155.0,-154.5,-155.0,-156.5,-153.5,-157.0,-157.0,-157.0,-157.0,-157.0,-157.0,-156.0,-156.0,-157.0,-154.5,-152.0,-155.0,-155.0,-153.5,-153.0,-153.0,-157.0,-157.0,-149.5,-150.0,-152.0,-156.5,-157.0,-152.0,-154.5,-156.0,-157.0,-157.0,-157.0,-157.0,-155.0,-156.0,-149.0,-156.5,-157.0,-157.0,-157.0,-153.0,-153.0,-157.0,-157.0,-157.0,-154.5,-157.0,-157.0,-153.5,-157.0,-155.5,-156.0,-152.0,-151.5,-157.0,-156.0,-157.0,-155.5,-157.0,-157.0,-157.0,-152.0,-157.0,-157.0,-157.0,-157.0,-156.0,-156.0,-152.0,-153.5,-157.0,-153.5,-154.0,-153.0,-151.5,-153.0,-152.5,-157.0,-155.5,-153.0,-150.0,-152.0,-157.0,-157.0,-152.0,-153.5,-157.0,-157.0,-156.0,-157.0,-157.0,-154.5,-154.0,-157.0,-157.0,-156.5,-157.0,-156.0,-157.0,-157.0,-157.0,-157.0,-156.0,-155.5,-153.5,-157.0,-156.5,-157.0,-157.0,-157.0,-154.5,-153.5,-154.5,-156.0,-154.5,-157.0,-156.5,-154.5,-157.0,-155.0,-157.0,-153.0,-157.0,-157.0,-157.0,-152.5,-156.0,-152.5,-151.0,-154.0,-155.5,-154.5,-151.0,-152.5,-157.0,-157.0,-157.0,-157.0,-157.0,-156.5,-157.0,-157.0,-155.0,-154.0,-151.0,-153.0,-150.0,-153.0,-157.0,-157.0,-157.0,-157.0,-156.5,-157.0,-157.0,-155.0,-153.0,-154.5,-157.0,-157.0,-157.0,-156.0,-154.0,-155.5,-157.0,-154.0,-153.5,-156.0,-157.0,-152.5,-155.5,-152.5,-157.0,-157.0,-152.5,-155.5,-151.5,-153.5,-154.0,-153.0,-156.0,-155.5,-152.0,-151.5,-157.0,-153.5,-154.5,-152.5,-152.0,-157.0,-157.0,-156.0,-157.0,-157.0,-154.5,-157.0,-153.5,-155.5,-151.5,-151.0,-154.0,-157.0,-157.0,-157.0,-157.0,-157.0,-157.0,-157.0,-157.0,-157.0,-157.0,-157.0,-154.5,-157.0,-157.0,-157.0,-157.0,-157.0,-151.0,-151.5,-153.5,-151.5,-157.0,-157.0,-153.0,-151.5,-154.5,-156.0,-157.0,-156.0,-151.5,-153.0,-157.0,-157.0,-157.0,-157.0,-154.5,-157.0,-157.0,-153.0,-151.0,-157.0,-157.0,-153.0,-155.5,-156.0,-153.0,-157.0,-156.5,-157.0,-157.0,-157.0,-155.5,-151.0,-152.5,-155.0,-157.0,-149.0,-150.5,-157.0,-157.0,-150.0,-151.0,-157.0,-153.5,-157.0,-156.0,-154.5,-157.0,-157.0,-155.0,-156.0,-150.0,-151.5,-154.5,-157.0,-156.0,-157.0,-157.0,-151.5,-152.0,-154.0,-157.0,-157.0,-157.0,-151.0,-157.0,-157.0,-157.0,-157.0,-154.5,-153.0,-153.0,-157.0,-157.0,-157.0,-157.0,-156.0,-155.0,-153.0,-154.0,-157.0,-153.0,-157.0,-154.5,-156.5,-157.0,-157.0,-157.0,-157.0,-157.0,-157.0,-157.0,-157.0,-157.0,-157.0,-155.5,-154.5,-157.0,-157.0,-157.0,-157.0,-157.0,-157.0,-156.5,-154.0,-157.0,-157.0,-157.0,-156.5,-155.5,-154.0,-152.5,-156.0,-155.5,-157.0,-154.5,-152.5,-155.5,-157.0,-156.5,-156.5,-157.0,-157.0,-157.0,-157.0,-152.0,-152.5,-157.0,-154.0,-157.0,-157.0,-156.5,-157.0,-157.0,-157.0,-157.0,-150.5,-151.5,-156.0,-154.5,-157.0,-157.0,-149.5,-149.5,-155.5,-155.5,-157.0,-157.0,-157.0,-152.0,-157.0,-156.5,-156.0
2026-01-17 13:48:32.335,143.049967,5,-77,-157.0,-157.0,-157.0,-156.0,-157.0,-157.0,-155.5,-157.0,-157.0,-157.0,-157.0,-157.0,-157.0,-155.0,-157.0,-157.0,-157.0,-154.5,-152.0,-157.0,-157.0,-155.5,-157.0,-157.0,-157.0,-157.0,-151.5,-155.0,-157.0,-157.0,-157.0,-153.5,-155.0,-156.0,-149.0,-150.5,-151.0,-157.0,-157.0,-157.0,-157.0,-157.0,-157.0,-155.0,-152.5,-152.5,-153.0,-157.0,-153.5,-150.0,-157.0,-154.0,-152.5,-156.5,-153.0,-157.0,-156.0,-152.0,-150.0,-156.0,-157.0,-156.0,-155.0,-156.5,-157.0,-152.0,-155.0,-150.5,-156.0,-152.0,-154.5,-155.0,-157.0,-154.0,-154.5,-157.0,-157.0,-157.0,-153.5,-155.0,-157.0,-157.0,-155.0,-157.0,-154.0,-150.5,-157.0,-157.0,-157.0,-156.5,-157.0,-157.0,-157.0,-157.0,-157.0,-157.0,-153.5,-157.0,-157.0,-157.0,-155.0,-152.5,-155.0,-156.0,-157.0,-157.0,-154.5,-154.5,-157.0,-157.0,-154.5,-157.0,-157.0,-155.5,-156.0,-153.5,-154.5,-157.0,-157.0,-157.0,-157.0,-157.0,-151.5,-155.0,-157.0,-156.0,-157.0,-153.0,-153.5,-153.5,-157.0,-157.0,-157.0,-155.0,-153.0,-157.0,-150.0,-157.0,-155.5,-157.0,-157.0,-153.0,-153.5,-157.0,-157.0,-157.0,-153.5,-157.0,-151.0,-148.5,-156.0,-154.0,-157.0,-157.0,-154.5,-156.0,-152.0,-157.0,-157.0,-157.0,-155.5,-157.0,-150.5,-155.0,-157.0,-157.0,-157.0,-157.0,-157.0,-157.0,-157.0,-157.0,-157.0,-154.5,-156.0,-152.0,-155.0,-155.0,-157.0,-153.0,-152.5,-153.5,-152.0,-157.0,-157.0,-155.5,-154.0,-155.5,-157.0,-157.0,-157.0,-157.0,-156.0,-155.0,-157.0,-157.0,-155.5,-157.0,-156.0,-157.0,-157.0,-157.0,-157.0,-154.5,-155.5,-151.5,-155.5,-155.5,-154.5,-157.0,-157.0,-157.0,-156.5,-156.0,-156.0,-155.5,-154.5,-154.5,-155.5,-152.5,-152.0,-150.0,-150.5,-157.0,-157.0,-157.0,-152.0,-153.0,-155.0,-151.0,-151.0,-151.0,-152.5,-153.0,-157.0,-156.5,-153.5,-157.0,-157.0,-157.0,-154.5,-153.0,-151.5,-150.0,-154.5,-154.5,-152.5,-154.5,-153.5,-157.0,-157.0,-154.5,-155.5,-157.0,-157.0,-155.0,-154.5,-153.5,-156.5,-157.0,-157.0,-153.5,-153.0,-157.0,-157.0,-154.0,-154.5,-151.5,-152.0,-156.5,-152.5,-157.0,-152.5,-157.0,-155.5,-150.5,-152.5,-150.5,-149.5,-153.5,-157.0,-157.0,-157.0,-152.0,-156.0,-157.0,-157.0,-153.0,-152.0,-152.0,-155.0,-156.5,-155.0,-157.0,-157.0,-157.0,-157.0,-153.0,-153.0,-152.5,-154.5,-157.0,-157.0,-157.0,-156.5,-155.5,-157.0,-157.0,-157.0,-157.0,-157.0,-156.5,-154.5,-157.0,-156.0,-157.0,-155.5,-155.5,-156.0,-155.5,-152.5,-157.0,-157.0,-157.0,-157.0,-157.0,-151.0,-151.0,-155.0,-157.0,-155.5,-153.0,-154.0,-155.0,-156.5,-155.0,-157.0,-154.5,-155.0,-157.0,-153.5,-152.5,-157.0,-157.0,-151.5,-152.0,-156.0,-154.5,-156.5,-154.5,-157.0,-157.0,-157.0,-155.5,-156.0,-157.0,-157.0,-154.0,-155.0,-152.0,-157.0,-157.0,-152.5,-157.0,-152.5,-153.0,-157.0,-157.0,-153.5,-156.0,-157.0,-157.0,-157.0,-151.5,-152.0,-155.0,-156.0,-157.0,-155.0,-156.5,-152.0,-153.5,-156.5,-157.0,-157.0,-157.0,-152.0,-152.5,-153.0,-153.5,-155.0,-154.0,-155.5,-154.0,-156.5,-157.0,-157.0,-157.0,-157.0,-153.5,-156.0,-152.0,-154.0,-156.0,-157.0,-154.5,-157.0,-157.0,-157.0,-157.0,-155.5,-157.0,-157.0,-157.0,-157.0,-157.0,-157.0,-156.5,-154.5,-157.0,-157.0,-157.0,-157.0,-154.0,-157.0,-155.0,-152.0,-157.0,-156.5,-154.0,-154.5,-157.0,-157.0,-151.0,-152.5,-154.5,-157.0,-152.0,-155.5,-157.0,-157.0,-155.5,-153.5,-157.0,-156.5,-154.5,-156.0,-153.0,-156.5,-157.0,-154.0,-157.0,-157.0,-155.0,-156.5,-157.0,-157.0,-157.0,-153.0,-154.5,-156.0,-152.5,-155.5,-157.0,-149.5,-149.0,-154.0,-154.0,-156.0,-157.0,-157.0,-156.0,-157.0,-153.0,-152.0
2026-01-17 13:48:32.369,143.049967,5,-77,-157.0,-157.0,-153.5,-153.5,-153.0,-157.0,-157.0,-157.0,-157.0,-157.0,-157.0,-155.5,-155.0,-157.0,-157.0,-157.0,-155.0,-152.5,-152.5,-157.0,-157.0,-157.0,-157.0,-157.0,-157.0,-157.0,-156.5,-157.0,-157.0,-157.0,-157.0,-155.5,-155.0,-155.0,-153.5,-157.0,-153.0,-157.0,-157.0,-157.0,-157.0,-154.5,-154.0,-154.5,-153.5,-157.0,-156.0,-155.5,-152.5,-151.0,-154.0,-151.5,-157.0,-157.0,-157.0,-157.0,-157.0,-151.0,-151.5,-157.0,-157.0,-157.0,-157.0,-155.0,-153.5,-152.5,-157.0,-151.0,-154.0,-154.5,-155.0,-155.0,-157.0,-155.5,-156.0,-157.0,-156.0,-156.0,-150.5,-151.0,-157.0,-157.0,-157.0,-156.0,-151.5,-151.0,-157.0,-157.0,-157.0,-157.0,-157.0,-157.0,-157.0,-157.0,-157.0,-157.0,-155.0,-155.5,-157.0,-157.0,-156.0,-148.5,-150.5,-157.0,-157.0,-157.0,-151.5,-153.5,-156.5,-157.0,-154.0,-152.5,-154.0,-156.0,-157.0,-157.0,-155.0,-156.5,-157.0,-157.0,-157.0,-155.5,-153.5,-157.0,-154.0,-154.0,-157.0,-157.0,-157.0,-151.0,-152.0,-157.0,-157.0,-157.0,-155.5,-157.0,-151.0,-153.5,-155.5,-157.0,-157.0,-155.0,-157.0,-157.0,-157.0,-157.0,-153.5,-156.0,-148.5,-146.5,-155.5,-156.0,-156.0,-156.0,-157.0,-153.5,-149.5,-155.5,-157.0,-155.5,-152.5,-154.5,-153.0,-153.0,-157.0,-157.0,-157.0,-157.0,-157.0,-157.0,-157.0,-157.0,-157.0,-157.0,-157.0,-153.0,-157.0,-157.0,-157.0,-154.5,-155.0,-157.0,-154.5,-157.0,-157.0,-157.0,-157.0,-154.0,-155.5,-157.0,-154.0,-157.0,-153.5,-155.5,-155.5,-156.0,-155.0,-157.0,-157.0,-151.5,-155.5,-157.0,-157.0,-157.0,-155.5,-151.5,-150.0,-155.0,-153.5,-157.0,-157.0,-156.5,-154.0,-156.0,-157.0,-157.0,-156.5,-157.0,-156.0,-151.0,-152.5,-149.5,-152.0,-157.0,-157.0,-156.5,-155.5,-155.5,-157.0,-157.0,-152.5,-153.0,-150.5,-156.0,-157.0,-156.0,-154.0,-157.0,-157.0,-157.0,-157.0,-152.0,-152.5,-153.5,-153.5,-157.0,-155.5,-157.0,-154.0,-155.0,-154.5,-155.0,-157.0,-157.0,-157.0,-154.0,-157.0,-157.0,-157.0,-155.0,-156.5,-152.5,-151.5,-157.0,-153.0,-151.5,-157.0,-152.0,-155.0,-157.0,-155.0,-154.0,-152.0,-156.5,-157.0,-151.5,-154.0,-154.0,-154.5,-157.0,-157.0,-156.5,-157.0,-152.5,-154.5,-157.0,-157.0,-154.5,-157.0,-154.0,-153.0,-151.5,-150.5,-154.0,-157.0,-157.0,-156.5,-157.0,-154.0,-153.5,-153.0,-153.0,-157.0,-154.5,-157.0,-155.0,-157.0,-157.0,-157.0,-157.0,-156.5,-152.0,-152.0,-157.0,-152.5,-154.5,-157.0,-157.0,-152.5,-157.0,-156.0,-157.0,-157.0,-157.0,-157.0,-157.0,-154.5,-151.0,-155.0,-157.0,-157.0,-156.5,-155.0,-157.0,-155.5,-153.0,-157.0,-155.5,-154.5,-157.0,-155.5,-157.0,-157.0,-157.0,-153.5,-155.5,-154.0,-157.0,-153.5,-154.5,-157.0,-157.0,-157.0,-157.0,-157.0,-157.0,-157.0,-157.0,-154.5,-151.5,-157.0,-157.0,-154.5,-156.5,-152.5,-155.5,-157.0,-157.0,-157.0,-157.0,-157.0,-157.0,-157.0,-155.0,-157.0,-153.0,-157.0,-152.0,-153.0,-157.0,-155.5,-153.5,-157.0,-157.0,-157.0,-156.5,-156.5,-151.5,-153.5,-153.0,-153.0,-153.0,-156.0,-153.0,-155.0,-157.0,-157.0,-157.0,-157.0,-152.0,-153.5,-155.5,-156.0,-157.0,-157.0,-153.5,-157.0,-155.0,-156.5,-157.0,-153.0,-155.5,-157.0,-157.0,-157.0,-157.0,-156.0,-157.0,-156.0,-157.0,-157.0,-157.0,-152.0,-150.5,-153.0,-157.0,-154.5,-156.5,-157.0,-154.5,-155.5,-157.0,-157.0,-153.0,-156.5,-151.5,-152.5,-154.0,-156.5,-156.0,-157.0,-157.0,-156.0,-157.0,-155.0,-153.0,-157.0,-157.0,-157.0,-156.5,-155.5,-152.5,-153.5,-151.5,-153.5,-151.5,-151.0,-157.0,-155.5,-157.0,-156.5,-157.0,-155.5,-157.0,-152.5,-154.5,-156.0,-157.0,-155.0,-156.5,-157.0,-157.0,-157.0,-153.5,-153.0
2026-01-17 13:48:32.401,143.049967,5,-77,-157.0,-157.0,-155.0,-155.0,-151.0,-153.5,-157.0,-157.0,-157.0,-157.0,-157.0,-156.0,-155.0,-157.0,-156.0,-153.5,-155.5,-157.0,-157.0,-157.0,-156.5,-157.0,-157.0,-157.0,-157.0,-157.0,-157.0,-157.0,-157.0,-157.0,-157.0,-157.0,-157.0,-153.5,-157.0,-153.0,-153.0,-157.0,-157.0,-156.5,-156.0,-148.0,-148.5,-151.5,-152.5,-157.0,-157.0,-156.5,-157.0,-154.0,-151.0,-149.5,-156.5,-157.0,-157.0,-157.0,-157.0,-157.0,-156.0,-157.0,-157.0,-157.0,-157.0,-156.5,-154.0,-154.5,-157.0,-153.0,-153.0,-157.0,-156.0,-154.0,-157.0,-157.0,-155.5,-157.0,-157.0,-155.0,-152.5,-152.0,-153.5,-157.0,-157.0,-157.0,-153.0,-153.5,-157.0,-157.0,-157.0,-157.0,-157.0,-157.0,-157.0,-157.0,-157.0,-157.0,-153.5,-150.5,-157.0,-157.0,-157.0,-149.5,-152.0,-157.0,-157.0,-157.0,-151.0,-152.0,-152.5,-152.5,-154.5,-151.5,-150.5,-153.0,-157.0,-157.0,-157.0,-157.0,-157.0,-157.0,-157.0,-157.0,-154.5,-157.0,-152.5,-157.0,-157.0,-157.0,-157.0,-154.0,-154.5,-157.0,-155.5,-155.5,-156.0,-156.5,-150.5,-152.5,-155.0,-157.0,-157.0,-155.5,-157.0,-155.5,-157.0,-157.0,-155.5,-154.0,-152.5,-150.5,-157.0,-157.0,-154.0,-152.0,-157.0,-153.5,-151.0,-156.5,-155.5,-156.0,-150.5,-149.0,-157.0,-153.5,-157.0,-157.0,-157.0,-156.0,-157.0,-156.0,-155.0,-156.0,-157.0,-157.0,-157.0,-155.5,-157.0,-157.0,-157.0,-157.0,-157.0,-157.0,-155.5,-155.0,-157.0,-157.0,-157.0,-157.0,-156.0,-155.5,-152.5,-153.5,-152.5,-157.0,-156.0,-157.0,-157.0,-157.0,-152.0,-149.0,-153.5,-157.0,-157.0,-157.0,-154.5,-157.0,-150.5,-152.5,-153.5,-154.5,-153.5,-151.5,-151.0,-155.0,-155.5,-155.0,-155.0,-157.0,-153.5,-151.5,-156.5,-154.0,-157.0,-155.5,-152.5,-154.0,-157.0,-155.5,-155.5,-157.0,-152.0,-152.5,-152.0,-157.0,-157.0,-157.0,-157.0,-157.0,-157.0,-157.0,-155.5,-152.5,-157.0,-157.0,-155.5,-154.0,-153.5,-156.0,-155.5,-157.0,-157.0,-156.0,-157.0,-156.0,-154.5,-156.5,-157.0,-157.0,-157.0,-154.5,-154.0,-157.0,-154.5,-157.0,-151.0,-150.0,-155.0,-152.0,-157.0,-155.0,-157.0,-153.5,-155.0,-154.0,-155.0,-156.5,-157.0,-154.5,-157.0,-157.0,-157.0,-157.0,-155.5,-153.0,-157.0,-157.0,-157.0,-153.0,-156.0,-156.5,-155.0,-152.0,-152.0,-153.5,-155.0,-157.0,-155.5,-157.0,-157.0,-155.0,-154.5,-154.5,-153.5,-151.5,-157.0,-155.5,-157.0,-157.0,-157.0,-157.0,-156.0,-151.5,-152.5,-156.0,-154.5,-154.5,-157.0,-157.0,-153.0,-156.5,-157.0,-152.0,-154.5,-155.5,-154.5,-157.0,-157.0,-155.0,-153.5,-157.0,-157.0,-153.0,-152.0,-157.0,-157.0,-153.0,-157.0,-157.0,-157.0,-157.0,-157.0,-157.0,-154.0,-152.5,-152.0,-157.0,-157.0,-157.0,-154.0,-156.0,-157.0,-157.0,-157.0,-157.0,-157.0,-157.0,-157.0,-155.0,-150.5,-156.0,-154.5,-157.0,-156.5,-155.5,-153.5,-157.0,-157.0,-157.0,-157.0,-157.0,-157.0,-157.0,-157.0,-157.0,-151.5,-152.0,-153.5,-151.0,-157.0,-153.5,-150.5,-155.0,-157.0,-154.5,-153.5,-155.5,-153.0,-152.0,-154.5,-156.5,-157.0,-156.5,-154.5,-152.5,-156.5,-157.0,-154.0,-157.0,-157.0,-153.0,-152.5,-157.0,-157.0,-154.5,-155.5,-153.5,-153.5,-155.5,-157.0,-157.0,-152.0,-152.5,-157.0,-157.0,-157.0,-153.0,-152.0,-154.5,-157.0,-157.0,-157.0,-157.0,-153.5,-155.5,-153.0,-157.0,-157.0,-157.0,-155.5,-155.5,-157.0,-156.5,-153.5,-153.0,-157.0,-153.0,-152.0,-155.5,-154.0,-153.0,-154.5,-157.0,-157.0,-156.0,-153.0,-152.0,-157.0,-157.0,-157.0,-157.0,-157.0,-153.0,-157.0,-153.5,-152.5,-151.0,-151.0,-155.0,-157.0,-157.0,-154.0,-157.0,-157.0,-154.0,-152.5,-157.0,-157.0,-157.0,-157.0,-157.0,-156.5,-157.0,-157.0,-153.0,-157.0
2026-01-17 13:48:32.435,143.049967,5,-77,-157.0,-157.0,-156.0,-152.5,-151.5,-153.5,-157.0,-157.0,-157.0,-157.0,-157.0,-157.0,-156.5,-157.0,-152.0,-151.0,-157.0,-157.0,-157.0,-157.0,-155.0,-157.0,-157.0,-157.0,-153.0,-151.5,-157.0,-157.0,-157.0,-157.0,-157.0,-157.0,-153.5,-151.5,-157.0,-152.0,-154.0,-157.0,-157.0,-155.0,-152.5,-150.0,-150.5,-152.0,-154.5,-157.0,-157.0,-157.0,-157.0,-157.0,-153.5,-150.0,-150.5,-157.0,-152.5,-152.5,-157.0,-157.0,-157.0,-157.0,-155.5,-157.0,-153.0,-153.5,-156.5,-157.0,-155.5,-156.5,-156.0,-156.5,-157.0,-151.5,-153.0,-155.0,-154.5,-155.0,-157.0,-157.0,-157.0,-152.0,-151.0,-157.0,-156.5,-157.0,-153.5,-157.0,-157.0,-157.0,-157.0,-157.0,-157.0,-157.0,-157.0,-157.0,-157.0,-157.0,-151.5,-150.0,-157.0,-156.0,-157.0,-153.5,-157.0,-157.0,-157.0,-157.0,-154.0,-154.5,-153.5,-154.0,-151.0,-152.5,-152.0,-153.0,-153.5,-153.0,-154.0,-156.0,-157.0,-157.0,-156.5,-154.0,-152.5,-152.5,-150.5,-157.0,-157.0,-154.0,-157.0,-153.0,-151.0,-150.5,-157.0,-156.0,-154.0,-153.5,-154.5,-156.5,-154.0,-152.5,-153.5,-157.0,-157.0,-156.0,-157.0,-155.5,-157.0,-154.5,-157.0,-153.0,-152.5,-157.0,-153.0,-153.5,-157.0,-157.0,-153.5,-155.5,-155.0,-157.0,-151.0,-147.0,-152.5,-156.0,-157.0,-157.0,-155.0,-151.5,-153.5,-154.0,-153.5,-156.0,-157.0,-157.0,-157.0,-157.0,-157.0,-157.0,-157.0,-157.0,-157.0,-155.0,-151.0,-155.0,-157.0,-157.0,-157.0,-157.0,-157.0,-157.0,-156.0,-156.5,-154.0,-155.5,-157.0,-157.0,-157.0,-156.0,-149.5,-150.5,-157.0,-157.0,-157.0,-157.0,-157.0,-154.5,-151.0,-152.5,-153.5,-152.0,-154.5,-152.0,-151.5,-154.5,-157.0,-153.0,-153.5,-157.0,-154.5,-157.0,-157.0,-157.0,-157.0,-157.0,-150.0,-152.5,-157.0,-157.0,-155.5,-156.5,-151.0,-150.5,-157.0,-155.0,-157.0,-157.0,-157.0,-155.5,-153.5,-157.0,-157.0,-153.5,-157.0,-157.0,-157.0,-152.5,-152.0,-155.5,-157.0,-157.0,-157.0,-157.0,-157.0,-151.5,-152.5,-157.0,-154.5,-157.0,-156.5,-156.5,-154.0,-154.5,-156.0,-157.0,-153.0,-151.5,-157.0,-153.5,-157.0,-152.5,-154.5,-155.5,-157.0,-157.0,-157.0,-157.0,-156.0,-151.5,-154.5,-157.0,-156.0,-157.0,-157.0,-152.5,-157.0,-157.0,-157.0,-154.0,-157.0,-157.0,-157.0,-154.0,-157.0,-157.0,-156.5,-155.5,-155.0,-157.0,-157.0,-157.0,-157.0,-157.0,-154.0,-155.0,-157.0,-157.0,-157.0,-156.5,-151.5,-152.0,-157.0,-157.0,-157.0,-157.0,-157.0,-157.0,-157.0,-157.0,-154.0,-157.0,-153.5,-148.5,-151.5,-151.0,-153.0,-157.0,-157.0,-157.0,-157.0,-157.0,-157.0,-153.5,-153.0,-157.0,-155.0,-152.0,-156.0,-156.0,-157.0,-157.0,-157.0,-153.0,-153.5,-152.5,-155.0,-157.0,-157.0,-157.0,-154.5,-157.0,-157.0,-156.5,-157.0,-157.0,-154.0,-156.0,-154.0,-157.0,-150.5,-153.0,-153.5,-157.0,-157.0,-157.0,-155.5,-157.0,-157.0,-157.0,-157.0,-157.0,-157.0,-157.0,-157.0,-157.0,-151.5,-157.0,-156.0,-152.0,-156.5,-151.5,-148.0,-153.5,-157.0,-157.0,-156.0,-157.0,-155.0,-154.0,-154.0,-157.0,-157.0,-157.0,-157.0,-154.5,-157.0,-154.5,-152.5,-156.5,-157.0,-152.5,-152.0,-152.5,-157.0,-155.0,-157.0,-156.5,-154.0,-157.0,-157.0,-157.0,-153.5,-156.0,-157.0,-154.5,-151.0,-150.0,-157.0,-151.0,-152.5,-153.5,-155.5,-156.5,-157.0,-157.0,-156.5,-157.0,-157.0,-155.5,-152.5,-152.5,-156.0,-157.0,-154.5,-154.0,-157.0,-157.0,-155.0,-157.0,-154.0,-152.5,-154.5,-157.0,-157.0,-155.0,-155.0,-156.0,-157.0,-157.0,-157.0,-157.0,-157.0,-154.0,-154.0,-157.0,-153.5,-156.5,-156.0,-155.5,-157.0,-157.0,-154.5,-155.0,-157.0,-152.0,-156.0,-157.0,-157.0,-157.0,-157.0,-157.0,-156.0,-156.0,-156.5,-154.5,-154.5
2026-01-17 13:48:32.470,143.049967,5,-77,-157.0,-157.0,-154.5,-155.0,-153.0,-152.0,-155.5,-155.0,-156.5,-154.0,-152.0,-157.0,-157.0,-155.0,-153.5,-155.0,-157.0,-157.0,-154.5,-155.0,-157.0,-155.0,-156.5,-155.0,-152.5,-149.5,-151.5,-157.0,-155.0,-157.0,-157.0,-155.5,-154.0,-152.5,-152.5,-155.0,-154.0,-150.5,-150.5,-157.0,-156.0,-157.0,-157.0,-156.5,-157.0,-157.0,-157.0,-154.5,-157.0,-157.0,-157.0,-157.0,-151.5,-157.0,-152.0,-148.5,-149.5,-154.0,-156.5,-154.5,-149.5,-153.5,-154.0,-155.0,-155.0,-153.0,-153.5,-157.0,-157.0,-157.0,-157.0,-152.5,-153.0,-153.5,-155.5,-157.0,-157.0,-157.0,-157.0,-151.0,-154.5,-157.0,-155.5,-157.0,-155.0,-157.0,-157.0,-157.0,-157.0,-157.0,-153.0,-153.0,-156.0,-157.0,-154.0,-154.5,-156.5,-154.0,-157.0,-155.5,-157.0,-155.0,-157.0,-157.0,-157.0,-157.0,-157.0,-157.0,-153.0,-154.5,-149.5,-157.0,-157.0,-157.0,-157.0,-154.5,-152.0,-157.0,-157.0,-157.0,-157.0,-157.0,-153.0,-155.0,-150.5,-153.5,-152.5,-151.5,-157.0,-154.0,-149.0,-150.0,-157.0,-157.0,-155.5,-154.5,-155.5,-157.0,-157.0,-154.5,-155.5,-155.0,-154.0,-157.0,-157.0,-156.0,-157.0,-156.5,-153.0,-155.5,-152.5,-154.5,-155.0,-155.0,-157.0,-157.0,-157.0,-156.5,-155.0,-157.0,-153.0,-148.5,-150.5,-157.0,-157.0,-157.0,-152.0,-150.5,-155.0,-157.0,-157.0,-153.5,-152.5,-154.5,-157.0,-157.0,-157.0,-157.0,-157.0,-155.5,-157.0,-154.0,-147.0,-149.0,-157.0,-157.0,-153.0,-151.5,-157.0,-157.0,-156.5,-157.0,-156.0,-157.0,-157.0,-157.0,-157.0,-151.0,-151.0,-157.0,-157.0,-157.0,-157.0,-157.0,-157.0,-156.5,-155.5,-155.5,-157.0,-153.5,-155.0,-154.5,-157.0,-157.0,-154.0,-155.5,-156.5,-157.0,-156.5,-157.0,-157.0,-157.0,-157.0,-157.0,-149.5,-150.0,-157.0,-157.0,-156.5,-157.0,-152.0,-151.0,-157.0,-152.0,-151.0,-155.0,-157.0,-153.0,-154.0,-156.5,-157.0,-155.0,-157.0,-157.0,-155.5,-152.5,-157.0,-157.0,-153.5,-153.0,-157.0,-157.0,-157.0,-151.0,-151.0,-157.0,-152.5,-153.5,-157.0,-157.0,-157.0,-157.0,-157.0,-157.0,-157.0,-155.5,-156.5,-157.0,-157.0,-152.0,-153.5,-155.0,-157.0,-157.0,-157.0,-157.0,-157.0,-149.0,-150.0,-157.0,-153.5,-155.0,-154.0,-153.5,-155.0,-155.0,-157.0,-155.5,-157.0,-156.5,-157.0,-155.5,-157.0,-157.0,-157.0,-154.0,-156.5,-157.0,-157.0,-155.0,-157.0,-155.5,-152.0,-157.0,-157.0,-157.0,-155.5,-154.0,-153.0,-150.5,-154.5,-157.0,-155.0,-154.5,-157.0,-155.0,-156.5,-157.0,-155.0,-157.0,-157.0,-150.0,-151.5,-152.0,-157.0,-157.0,-157.0,-157.0,-157.0,-156.0,-155.5,-157.0,-155.0,-157.0,-151.0,-150.5,-157.0,-153.0,-154.5,-157.0,-157.0,-154.5,-157.0,-156.0,-157.0,-157.0,-157.0,-157.0,-157.0,-157.0,-157.0,-153.0,-153.5,-155.5,-153.0,-153.0,-156.5,-157.0,-153.0,-151.5,-153.0,-157.0,-156.5,-157.0,-157.0,-157.0,-157.0,-157.0,-153.5,-157.0,-154.5,-157.0,-157.0,-157.0,-155.0,-156.5,-157.0,-154.5,-157.0,-157.0,-152.0,-151.5,-156.0,-156.0,-154.5,-157.0,-156.0,-157.0,-153.5,-156.0,-157.0,-157.0,-157.0,-156.5,-156.5,-157.0,-155.5,-157.0,-156.0,-153.0,-153.0,-153.0,-156.0,-154.5,-154.0,-155.0,-157.0,-157.0,-157.0,-157.0,-157.0,-157.0,-155.0,-155.5,-150.5,-151.5,-157.0,-151.5,-153.0,-157.0,-152.5,-156.0,-157.0,-153.0,-157.0,-157.0,-157.0,-155.0,-157.0,-153.5,-153.5,-157.0,-157.0,-155.0,-154.0,-154.5,-157.0,-157.0,-156.0,-156.5,-156.5,-154.0,-154.5,-157.0,-157.0,-157.0,-157.0,-157.0,-157.0,-157.0,-157.0,-154.0,-152.5,-157.0,-157.0,-157.0,-155.0,-156.0,-156.0,-155.5,-157.0,-157.0,-156.0,-154.0,-156.0,-156.0,-157.0,-153.5,-156.5,-157.0,-154.0,-155.5,-155.5,-157.0,-156.5
2026-01-17 13:48:32.505,143.049967,5,-77,-157.0,-157.0,-153.5,-155.5,-157.0,-152.0,-157.0,-154.5,-153.5,-157.0,-152.5,-154.5,-157.0,-157.0,-157.0,-157.0,-157.0,-153.0,-152.0,-151.5,-153.0,-153.5,-155.0,-154.0,-157.0,-153.0,-152.5,-157.0,-153.5,-154.0,-151.0,-151.0,-157.0,-157.0,-153.5,-157.0,-151.0,-150.5,-150.5,-157.0,-157.0,-157.0,-157.0,-157.0,-156.5,-153.0,-157.0,-151.5,-154.5,-157.0,-157.0,-157.0,-153.5,-156.5,-157.0,-148.5,-150.0,-157.0,-155.0,-149.5,-147.5,-155.0,-157.0,-157.0,-153.5,-153.0,-154.0,-157.0,-157.0,-157.0,-157.0,-156.5,-157.0,-157.0,-157.0,-157.0,-157.0,-157.0,-157.0,-152.0,-157.0,-157.0,-157.0,-157.0,-155.5,-157.0,-157.0,-157.0,-157.0,-153.5,-150.5,-153.0,-156.5,-157.0,-152.0,-155.5,-155.5,-153.5,-156.5,-156.5,-157.0,-156.0,-157.0,-157.0,-157.0,-156.5,-156.5,-157.0,-152.5,-152.5,-152.5,-157.0,-157.0,-157.0,-157.0,-157.0,-156.0,-157.0,-157.0,-157.0,-154.5,-153.0,-152.0,-157.0,-152.0,-152.5,-153.0,-154.0,-156.5,-153.0,-150.5,-154.5,-157.0,-156.5,-157.0,-155.0,-153.5,-157.0,-157.0,-157.0,-156.5,-152.5,-152.5,-156.5,-157.0,-156.5,-157.0,-157.0,-152.0,-155.5,-157.0,-157.0,-157.0,-154.5,-157.0,-157.0,-157.0,-157.0,-157.0,-157.0,-157.0,-152.5,-157.0,-155.5,-156.5,-155.0,-150.5,-152.0,-153.5,-157.0,-157.0,-153.5,-151.5,-153.5,-156.5,-157.0,-157.0,-157.0,-156.5,-151.5,-153.0,-152.5,-148.5,-150.0,-156.5,-157.0,-153.0,-153.0,-156.5,-157.0,-157.0,-157.0,-157.0,-157.0,-157.0,-156.0,-152.5,-150.0,-157.0,-155.5,-156.5,-157.0,-157.0,-157.0,-157.0,-157.0,-157.0,-157.0,-157.0,-157.0,-151.0,-152.0,-157.0,-157.0,-153.5,-157.0,-157.0,-156.5,-155.5,-157.0,-157.0,-157.0,-153.0,-156.5,-152.5,-152.0,-155.0,-155.0,-153.5,-157.0,-155.0,-150.5,-156.5,-153.0,-149.5,-153.5,-157.0,-151.5,-154.5,-157.0,-157.0,-154.0,-154.0,-157.0,-149.0,-149.0,-156.0,-156.0,-152.5,-157.0,-157.0,-157.0,-157.0,-156.0,-151.0,-152.0,-151.5,-152.0,-157.0,-157.0,-157.0,-157.0,-153.0,-154.0,-157.0,-157.0,-156.5,-157.0,-157.0,-156.0,-157.0,-157.0,-156.5,-154.5,-157.0,-157.0,-154.5,-151.5,-149.5,-157.0,-155.5,-157.0,-156.0,-154.0,-152.5,-157.0,-157.0,-153.5,-155.5,-157.0,-154.0,-154.0,-152.0,-156.5,-157.0,-154.0,-153.5,-153.5,-154.0,-156.0,-157.0,-155.0,-151.5,-157.0,-157.0,-156.0,-151.0,-153.5,-157.0,-151.0,-155.5,-157.0,-150.5,-151.0,-157.0,-152.5,-154.5,-157.0,-153.0,-156.5,-156.0,-155.5,-155.5,-156.5,-157.0,-156.5,-157.0,-157.0,-157.0,-157.0,-156.5,-157.0,-153.5,-154.5,-154.0,-153.5,-155.5,-152.5,-153.5,-157.0,-157.0,-157.0,-157.0,-154.0,-157.0,-155.5,-154.5,-157.0,-157.0,-157.0,-156.5,-157.0,-154.5,-152.5,-152.0,-154.5,-157.0,-157.0,-157.0,-157.0,-157.0,-157.0,-156.0,-157.0,-157.0,-155.0,-153.5,-153.5,-151.5,-155.5,-154.0,-155.0,-157.0,-153.5,-152.0,-156.0,-157.0,-154.0,-157.0,-157.0,-156.0,-150.0,-154.0,-154.5,-153.0,-152.5,-153.0,-157.0,-150.0,-151.5,-155.0,-157.0,-152.5,-152.0,-153.5,-157.0,-156.0,-156.0,-157.0,-157.0,-157.0,-153.5,-155.5,-150.0,-151.0,-157.0,-156.5,-157.0,-157.0,-157.0,-157.0,-155.0,-152.0,-157.0,-156.0,-157.0,-153.5,-152.0,-157.0,-157.0,-152.5,-157.0,-154.5,-151.5,-157.0,-157.0,-157.0,-157.0,-157.0,-157.0,-157.0,-157.0,-157.0,-157.0,-156.0,-156.0,-157.0,-157.0,-157.0,-157.0,-156.0,-157.0,-155.0,-157.0,-155.0,-155.5,-156.5,-157.0,-157.0,-157.0,-157.0,-156.5,-156.0,-157.0,-155.5,-157.0,-153.5,-154.5,-152.0,-152.0,-157.0,-157.0,-156.5,-157.0,-154.0,-154.5,-151.0,-150.5,-157.0,-157.0,-151.0,-153.5,-152.0,-155.5,-157.0
2026-01-17 13:48:32.535,143.049967,5,-77,-157.0,-157.0,-155.0,-153.0,-157.0,-154.0,-156.0,-157.0,-154.5,-157.0,-157.0,-153.5,-155.0,-157.0,-157.0,-157.0,-157.0,-151.0,-152.0,-150.0,-152.5,-154.0,-155.0,-157.0,-157.0,-157.0,-157.0,-157.0,-154.5,-155.5,-149.5,-150.5,-157.0,-157.0,-155.0,-157.0,-153.0,-155.5,-154.5,-157.0,-156.5,-157.0,-157.0,-157.0,-152.0,-151.0,-151.5,-151.0,-155.0,-157.0,-157.0,-156.5,-155.0,-155.5,-152.5,-152.0,-157.0,-157.0,-156.0,-149.5,-150.0,-157.0,-157.0,-155.0,-149.5,-154.0,-154.5,-157.0,-157.0,-155.0,-157.0,-157.0,-156.5,-155.0,-157.0,-157.0,-157.0,-155.0,-155.0,-155.5,-152.5,-157.0,-157.0,-157.0,-155.0,-157.0,-157.0,-155.5,-153.0,-151.5,-153.5,-157.0,-157.0,-157.0,-153.0,-153.0,-152.0,-152.0,-157.0,-157.0,-157.0,-157.0,-157.0,-156.0,-156.0,-157.0,-156.5,-157.0,-155.5,-157.0,-154.0,-157.0,-157.0,-157.0,-157.0,-157.0,-157.0,-156.5,-157.0,-157.0,-154.0,-151.0,-152.0,-155.0,-154.5,-157.0,-154.5,-153.0,-153.5,-154.5,-151.0,-153.5,-157.0,-156.5,-157.0,-156.0,-153.5,-157.0,-157.0,-155.0,-154.0,-157.0,-154.5,-152.0,-156.0,-156.5,-154.5,-154.0,-154.5,-157.0,-157.0,-157.0,-156.0,-155.0,-157.0,-154.5,-157.0,-157.0,-157.0,-156.0,-157.0,-154.0,-157.0,-154.0,-157.0,-155.0,-154.0,-153.5,-151.0,-155.5,-157.0,-157.0,-154.5,-153.0,-155.0,-154.0,-157.0,-157.0,-157.0,-155.0,-153.5,-153.0,-153.5,-157.0,-157.0,-152.5,-151.5,-157.0,-155.5,-157.0,-157.0,-157.0,-157.0,-157.0,-157.0,-157.0,-155.0,-151.0,-157.0,-153.0,-156.0,-157.0,-157.0,-157.0,-154.5,-157.0,-157.0,-157.0,-156.5,-155.5,-153.5,-152.0,-157.0,-157.0,-155.5,-157.0,-153.5,-154.0,-157.0,-157.0,-157.0,-152.5,-152.0,-154.0,-157.0,-154.5,-152.0,-154.5,-153.0,-157.0,-157.0,-151.0,-152.5,-154.5,-150.5,-156.5,-157.0,-156.0,-152.5,-157.0,-157.0,-154.5,-155.5,-157.0,-150.0,-153.5,-157.0,-153.0,-152.0,-157.0,-156.0,-156.5,-157.0,-157.0,-157.0,-152.5,-153.0,-151.0,-151.5,-157.0,-157.0,-154.5,-152.0,-153.5,-156.5,-153.5,-155.5,-154.0,-155.5,-155.0,-157.0,-157.0,-155.5,-154.5,-157.0,-157.0,-155.5,-157.0,-153.0,-155.0,-157.0,-157.0,-157.0,-152.0,-155.0,-157.0,-157.0,-151.0,-151.5,-156.5,-152.5,-149.0,-152.0,-157.0,-155.5,-157.0,-156.0,-155.0,-154.5,-157.0,-157.0,-153.5,-153.5,-157.0,-157.0,-156.0,-150.5,-152.5,-157.0,-153.5,-155.0,-154.0,-151.0,-152.5,-157.0,-153.5,-151.0,-157.0,-151.5,-154.5,-154.0,-157.0,-157.0,-157.0,-157.0,-152.0,-151.5,-152.0,-156.0,-157.0,-157.0,-156.0,-154.5,-156.0,-157.0,-149.5,-150.5,-153.0,-153.5,-157.0,-157.0,-157.0,-155.0,-152.5,-151.5,-154.5,-150.0,-157.0,-157.0,-157.0,-155.0,-157.0,-157.0,-157.0,-154.5,-157.0,-157.0,-151.0,-153.5,-157.0,-157.0,-157.0,-157.0,-157.0,-157.0,-154.5,-154.0,-152.0,-152.5,-157.0,-156.0,-156.0,-157.0,-151.0,-149.0,-157.0,-155.0,-154.5,-157.0,-157.0,-152.5,-150.5,-154.5,-155.5,-157.0,-152.0,-152.0,-157.0,-150.5,-148.5,-150.5,-157.0,-153.5,-151.5,-154.5,-157.0,-154.0,-153.5,-157.0,-157.0,-155.5,-155.5,-156.5,-150.0,-152.5,-157.0,-157.0,-157.0,-157.0,-157.0,-157.0,-155.5,-154.0,-157.0,-157.0,-157.0,-153.0,-153.5,-157.0,-157.0,-152.0,-156.0,-155.5,-152.5,-156.5,-157.0,-157.0,-157.0,-157.0,-157.0,-157.0,-157.0,-157.0,-157.0,-157.0,-157.0,-155.5,-157.0,-157.0,-157.0,-157.0,-157.0,-156.0,-157.0,-157.0,-154.5,-157.0,-157.0,-154.0,-156.5,-157.0,-157.0,-157.0,-157.0,-157.0,-157.0,-157.0,-157.0,-155.5,-156.0,-157.0,-157.0,-157.0,-157.0,-153.5,-152.0,-151.5,-151.5,-157.0,-152.0,-151.5,-155.5,-151.5,-152.0,-157.0
2026-01-17 13:48:32.568,143.049967,5,-77,-157.0,-157.0,-157.0,-152.0,-157.0,-157.0,-153.0,-157.0,-155.0,-157.0,-157.0,-153.5,-154.0,-157.0,-157.0,-156.5,-157.0,-154.5,-155.5,-150.5,-155.0,-150.0,-150.5,-157.0,-157.0,-157.0,-157.0,-157.0,-157.0,-155.0,-151.0,-156.0,-154.0,-157.0,-155.0,-154.5,-157.0,-157.0,-157.0,-154.5,-155.5,-155.0,-155.0,-157.0,-153.0,-154.0,-152.0,-154.0,-157.0,-157.0,-156.5,-156.0,-156.0,-154.5,-150.5,-155.5,-157.0,-152.0,-156.0,-152.5,-155.5,-153.5,-155.0,-150.0,-147.0,-153.0,-156.0,-156.0,-157.0,-152.0,-155.0,-157.0,-157.0,-155.0,-157.0,-155.5,-153.5,-153.5,-157.0,-157.0,-151.0,-154.5,-157.0,-156.5,-153.0,-156.5,-151.5,-151.5,-153.5,-155.0,-157.0,-156.5,-157.0,-157.0,-156.5,-154.0,-156.0,-156.5,-157.0,-157.0,-157.0,-157.0,-155.5,-155.0,-156.0,-157.0,-153.5,-156.0,-155.0,-157.0,-152.0,-153.0,-157.0,-157.0,-157.0,-157.0,-156.5,-154.5,-154.5,-157.0,-157.0,-155.5,-157.0,-157.0,-155.5,-154.5,-156.0,-154.5,-155.5,-155.0,-154.0,-153.0,-157.0,-153.5,-153.0,-157.0,-151.0,-153.0,-155.5,-152.5,-153.0,-157.0,-153.5,-150.0,-157.0,-157.0,-157.0,-152.0,-154.0,-156.5,-155.5,-157.0,-157.0,-157.0,-156.5,-152.5,-157.0,-157.0,-157.0,-155.0,-156.5,-156.0,-154.5,-154.5,-153.5,-152.5,-154.5,-153.5,-151.5,-157.0,-157.0,-157.0,-157.0,-152.5,-152.5,-152.5,-155.5,-157.0,-157.0,-157.0,-157.0,-157.0,-157.0,-156.5,-157.0,-152.0,-152.5,-157.0,-153.0,-157.0,-157.0,-157.0,-157.0,-157.0,-154.5,-157.0,-154.0,-151.5,-157.0,-152.5,-157.0,-154.5,-157.0,-157.0,-154.5,-157.0,-157.0,-157.0,-156.5,-156.0,-157.0,-154.0,-157.0,-157.0,-153.5,-157.0,-149.0,-150.0,-157.0,-153.0,-154.0,-153.0,-157.0,-157.0,-157.0,-157.0,-154.0,-156.5,-157.0,-157.0,-157.0,-154.5,-157.0,-156.5,-152.5,-156.5,-157.0,-157.0,-155.0,-157.0,-157.0,-155.5,-153.0,-157.0,-150.0,-156.0,-157.0,-157.0,-154.0,-156.0,-152.0,-154.0,-157.0,-157.0,-157.0,-154.5,-157.0,-149.0,-148.5,-156.0,-156.5,-157.0,-157.0,-157.0,-152.5,-150.0,-151.5,-152.0,-153.0,-150.5,-152.0,-157.0,-157.0,-155.0,-157.0,-156.0,-156.0,-155.0,-157.0,-157.0,-157.0,-157.0,-156.5,-152.5,-155.5,-156.0,-154.5,-153.5,-153.0,-155.5,-157.0,-148.5,-156.0,-157.0,-157.0,-157.0,-157.0,-157.0,-157.0,-157.0,-157.0,-154.0,-154.0,-155.0,-157.0,-156.0,-151.0,-150.5,-157.0,-157.0,-154.0,-152.5,-151.5,-152.5,-157.0,-152.5,-149.5,-157.0,-152.5,-151.0,-151.5,-156.5,-157.0,-157.0,-157.0,-155.0,-153.0,-153.0,-150.5,-156.0,-153.0,-152.5,-157.0,-157.0,-153.5,-149.0,-151.0,-156.5,-153.0,-155.0,-157.0,-155.5,-153.5,-153.5,-150.5,-152.0,-148.0,-152.5,-156.5,-152.5,-152.0,-157.0,-157.0,-157.0,-157.0,-156.5,-154.5,-150.5,-155.5,-156.0,-157.0,-157.0,-157.0,-156.0,-156.5,-155.5,-157.0,-152.0,-154.5,-157.0,-156.0,-156.5,-157.0,-154.5,-152.5,-157.0,-152.5,-156.5,-157.0,-157.0,-154.5,-155.5,-157.0,-155.5,-157.0,-157.0,-157.0,-157.0,-157.0,-150.5,-152.0,-157.0,-157.0,-157.0,-155.0,-157.0,-153.5,-153.0,-157.0,-157.0,-157.0,-157.0,-157.0,-153.5,-153.5,-157.0,-157.0,-157.0,-157.0,-157.0,-153.0,-153.0,-157.0,-157.0,-157.0,-157.0,-155.5,-155.5,-155.5,-156.0,-151.0,-153.0,-155.0,-154.0,-156.0,-157.0,-157.0,-157.0,-156.0,-157.0,-157.0,-157.0,-157.0,-157.0,-152.5,-156.5,-157.0,-157.0,-157.0,-157.0,-157.0,-157.0,-156.0,-156.0,-157.0,-157.0,-157.0,-155.5,-155.5,-157.0,-157.0,-157.0,-157.0,-155.5,-157.0,-157.0,-157.0,-157.0,-156.0,-156.5,-154.5,-153.0,-156.0,-157.0,-157.0,-151.5,-155.5,-155.0,-155.5,-153.0,-157.0,-157.0,-156.5,-157.0,-154.0
2026-01-17 13:48:32.568,143.049967,5,-77,-157.0,-157.0,-157.0,-152.0,-157.0,-157.0,-153.0,-157.0,-155.0,-157.0,-157.0,-153.5,-154.0,-157.0,-157.0,-156.5,-157.0,-154.5,-155.5,-150.5,-155.0,-150.0,-150.5,-157.0,-157.0,-157.0,-157.0,-157.0,-157.0,-155.0,-151.0,-156.0,-154.0,-157.0,-155.0,-154.5,-157.0,-157.0,-157.0,-154.5,-155.5,-155.0,-155.0,-157.0,-153.0,-154.0,-152.0,-154.0,-157.0,-157.0,-156.5,-156.0,-156.0,-154.5,-150.5,-155.5,-157.0,-152.0,-156.0,-152.5,-155.5,-153.5,-155.0,-150.0,-147.0,-153.0,-156.0,-156.0,-157.0,-152.0,-155.0,-157.0,-157.0,-155.0,-157.0,-155.5,-153.5,-153.5,-157.0,-157.0,-151.0,-154.5,-157.0,-156.5,-153.0,-156.5,-151.5,-151.5,-153.5,-155.0,-157.0,-156.5,-157.0,-157.0,-156.5,-154.0,-156.0,-156.5,-157.0,-157.0,-157.0,-157.0,-155.5,-155.0,-156.0,-157.0,-153.5,-156.0,-155.0,-157.0,-152.0,-153.0,-157.0,-157.0,-157.0,-157.0,-156.5,-154.5,-154.5,-157.0,-157.0,-155.5,-157.0,-157.0,-155.5,-154.5,-156.0,-154.5,-155.5,-155.0,-154.0,-153.0,-157.0,-153.5,-153.0,-157.0,-151.0,-153.0,-155.5,-152.5,-153.0,-157.0,-153.5,-150.0,-157.0,-157.0,-157.0,-152.0,-154.0,-156.5,-155.5,-157.0,-157.0,-157.0,-156.5,-152.5,-157.0,-157.0,-157.0,-155.0,-156.5,-156.0,-154.5,-154.5,-153.5,-152.5,-154.5,-153.5,-151.5,-157.0,-157.0,-157.0,-157.0,-152.5,-152.5,-152.5,-155.5,-157.0,-157.0,-157.0,-157.0,-157.0,-157.0,-156.5,-157.0,-152.0,-152.5,-157.0,-153.0,-157.0,-157.0,-157.0,-157.0,-157.0,-154.5,-157.0,-154.0,-151.5,-157.0,-152.5,-157.0,-154.5,-157.0,-157.0,-154.5,-157.0,-157.0,-157.0,-156.5,-156.0,-157.0,-154.0,-157.0,-157.0,-153.5,-157.0,-149.0,-150.0,-157.0,-153.0,-154.0,-153.0,-157.0,-157.0,-157.0,-157.0,-154.0,-156.5,-157.0,-157.0,-157.0,-154.5,-157.0,-156.5,-152.5,-156.5,-157.0,-157.0,-155.0,-157.0,-157.0,-155.5,-153.0,-157.0,-150.0,-156.0,-157.0,-157.0,-154.0,-156.0,-152.0,-154.0,-157.0,-157.0,-157.0,-154.5,-157.0,-149.0,-148.5,-156.0,-156.5,-157.0,-157.0,-157.0,-152.5,-150.0,-151.5,-152.0,-153.0,-150.5,-152.0,-157.0,-157.0,-155.0,-157.0,-156.0,-156.0,-155.0,-157.0,-157.0,-157.0,-157.0,-156.5,-152.5,-155.5,-156.0,-154.5,-153.5,-153.0,-155.5,-157.0,-148.5,-156.0,-157.0,-157.0,-157.0,-157.0,-157.0,-157.0,-157.0,-157.0,-154.0,-154.0,-155.0,-157.0,-156.0,-151.0,-150.5,-157.0,-157.0,-154.0,-152.5,-151.5,-152.5,-157.0,-152.5,-149.5,-157.0,-152.5,-151.0,-151.5,-156.5,-157.0,-157.0,-157.0,-155.0,-153.0,-153.0,-150.5,-156.0,-153.0,-152.5,-157.0,-157.0,-153.5,-149.0,-151.0,-156.5,-153.0,-155.0,-157.0,-155.5,-153.5,-153.5,-150.5,-152.0,-148.0,-152.5,-156.5,-152.5,-152.0,-157.0,-157.0,-157.0,-157.0,-156.5,-154.5,-150.5,-155.5,-156.0,-157.0,-157.0,-157.0,-156.0,-156.5,-155.5,-157.0,-152.0,-154.5,-157.0,-156.0,-156.5,-157.0,-154.5,-152.5,-157.0,-152.5,-156.5,-157.0,-157.0,-154.5,-155.5,-157.0,-155.5,-157.0,-157.0,-157.0,-157.0,-157.0,-150.5,-152.0,-157.0,-157.0,-157.0,-155.0,-157.0,-153.5,-153.0,-157.0,-157.0,-157.0,-157.0,-157.0,-153.5,-153.5,-157.0,-157.0,-157.0,-157.0,-157.0,-153.0,-153.0,-157.0,-157.0,-157.0,-157.0,-155.5,-155.5,-155.5,-156.0,-151.0,-153.0,-155.0,-154.0,-156.0,-157.0,-157.0,-157.0,-156.0,-157.0,-157.0,-157.0,-157.0,-157.0,-152.5,-156.5,-157.0,-157.0,-157.0,-157.0,-157.0,-157.0,-156.0,-156.0,-157.0,-157.0,-157.0,-155.5,-155.5,-157.0,-157.0,-157.0,-157.0,-155.5,-157.0,-157.0,-157.0,-157.0,-156.0,-156.5,-154.5,-153.0,-156.0,-157.0,-157.0,-151.5,-155.5,-155.0,-155.5,-153.0,-157.0,-157.0,-156.5,-157.0,-154.0
2026-01-17 13:48:32.602,143.049967,5,-77,-157.0,-157.0,-156.5,-154.0,-156.5,-156.5,-153.0,-154.5,-155.5,-157.0,-157.0,-154.5,-153.5,-157.0,-157.0,-157.0,-157.0,-157.0,-156.0,-150.5,-155.5,-148.0,-150.0,-155.0,-157.0,-157.0,-155.5,-156.5,-157.0,-153.5,-153.5,-154.0,-152.0,-157.0,-156.0,-155.0,-157.0,-157.0,-157.0,-154.0,-157.0,-157.0,-156.0,-157.0,-157.0,-156.5,-155.5,-155.0,-157.0,-157.0,-156.5,-155.5,-157.0,-157.0,-153.0,-157.0,-154.5,-149.5,-150.5,-150.5,-150.5,-152.0,-153.5,-151.0,-148.5,-155.5,-152.0,-151.0,-157.0,-152.0,-157.0,-157.0,-155.5,-156.5,-155.5,-156.0,-157.0,-157.0,-157.0,-154.5,-151.0,-157.0,-156.5,-155.0,-154.0,-153.5,-152.5,-151.5,-154.0,-157.0,-157.0,-156.0,-157.0,-157.0,-157.0,-154.0,-157.0,-157.0,-157.0,-157.0,-157.0,-157.0,-153.0,-155.0,-157.0,-156.0,-151.0,-153.5,-155.5,-157.0,-153.5,-155.5,-157.0,-157.0,-157.0,-157.0,-155.5,-151.0,-149.5,-155.5,-157.0,-154.5,-156.5,-157.0,-154.5,-156.0,-156.0,-157.0,-157.0,-155.0,-157.0,-155.5,-157.0,-155.5,-152.5,-156.5,-150.0,-156.0,-156.0,-155.0,-156.5,-157.0,-151.5,-149.5,-157.0,-157.0,-156.5,-154.5,-157.0,-157.0,-157.0,-157.0,-157.0,-157.0,-150.0,-150.0,-157.0,-156.0,-157.0,-156.5,-157.0,-157.0,-157.0,-155.5,-151.5,-154.0,-155.5,-157.0,-155.5,-157.0,-157.0,-157.0,-157.0,-157.0,-156.0,-154.5,-156.5,-157.0,-157.0,-157.0,-157.0,-157.0,-156.5,-150.5,-152.0,-154.5,-157.0,-157.0,-152.5,-157.0,-157.0,-157.0,-157.0,-157.0,-153.5,-156.0,-152.5,-154.0,-155.5,-152.0,-154.5,-150.5,-152.5,-154.5,-155.5,-154.5,-156.5,-157.0,-156.0,-157.0,-152.0,-151.0,-157.0,-157.0,-151.5,-157.0,-148.5,-150.0,-155.5,-156.0,-155.0,-154.5,-156.5,-156.0,-153.5,-155.5,-157.0,-157.0,-157.0,-157.0,-157.0,-152.0,-155.0,-151.0,-154.0,-156.0,-157.0,-157.0,-157.0,-155.5,-157.0,-152.0,-151.0,-157.0,-149.0,-152.5,-157.0,-157.0,-153.5,-151.0,-152.5,-154.5,-157.0,-157.0,-153.5,-154.5,-155.5,-152.5,-148.5,-157.0,-157.0,-156.0,-154.5,-157.0,-154.5,-152.0,-156.5,-156.5,-150.5,-152.0,-151.0,-157.0,-155.0,-151.5,-155.0,-154.5,-157.0,-156.0,-157.0,-157.0,-157.0,-157.0,-156.5,-154.0,-152.0,-156.5,-156.0,-156.5,-157.0,-154.5,-149.0,-147.0,-157.0,-157.0,-157.0,-154.5,-156.0,-157.0,-157.0,-156.0,-156.0,-151.5,-151.5,-155.0,-157.0,-157.0,-153.5,-151.5,-157.0,-157.0,-157.0,-154.0,-155.0,-154.0,-155.5,-155.5,-151.0,-156.0,-157.0,-150.5,-153.5,-157.0,-157.0,-157.0,-157.0,-157.0,-157.0,-157.0,-150.5,-154.0,-153.0,-153.5,-156.5,-154.0,-151.0,-154.5,-153.0,-151.5,-150.0,-150.0,-156.0,-156.5,-152.5,-156.0,-155.0,-151.0,-150.0,-157.0,-155.5,-151.5,-151.5,-157.0,-157.0,-157.0,-155.0,-154.0,-157.0,-150.0,-153.5,-152.0,-157.0,-157.0,-157.0,-157.0,-157.0,-157.0,-156.0,-153.0,-157.0,-157.0,-157.0,-157.0,-157.0,-157.0,-157.0,-157.0,-152.0,-155.0,-157.0,-157.0,-157.0,-157.0,-154.0,-153.0,-157.0,-157.0,-157.0,-157.0,-157.0,-155.0,-157.0,-157.0,-157.0,-157.0,-154.0,-157.0,-155.5,-157.0,-157.0,-157.0,-157.0,-157.0,-156.0,-155.0,-153.5,-157.0,-155.0,-157.0,-157.0,-156.5,-156.0,-154.0,-155.5,-154.5,-157.0,-157.0,-157.0,-152.5,-153.0,-151.0,-152.0,-157.0,-153.5,-155.0,-154.0,-157.0,-157.0,-155.5,-155.0,-157.0,-155.5,-157.0,-157.0,-149.5,-149.5,-157.0,-157.0,-157.0,-157.0,-155.5,-157.0,-155.5,-157.0,-157.0,-157.0,-157.0,-157.0,-156.5,-157.0,-156.5,-156.0,-157.0,-157.0,-154.5,-155.5,-157.0,-157.0,-153.0,-153.5,-157.0,-151.0,-149.5,-157.0,-157.0,-157.0,-150.5,-153.0,-157.0,-157.0,-157.0,-157.0,-157.0,-156.5,-157.0,-157.0
2026-01-17 13:48:32.638,143.049967,5,-77,-157.0,-157.0,-153.0,-156.0,-157.0,-157.0,-157.0,-157.0,-157.0,-157.0,-157.0,-156.0,-152.5,-157.0,-157.0,-157.0,-157.0,-155.5,-155.0,-153.5,-151.0,-150.0,-156.0,-157.0,-157.0,-155.0,-156.0,-157.0,-157.0,-156.5,-157.0,-151.0,-152.0,-156.5,-154.0,-153.5,-154.0,-157.0,-151.0,-150.5,-155.5,-155.5,-156.0,-157.0,-157.0,-157.0,-157.0,-155.0,-157.0,-157.0,-157.0,-156.5,-154.5,-154.5,-154.5,-157.0,-157.0,-153.5,-152.5,-150.5,-149.5,-156.5,-155.5,-157.0,-154.0,-153.5,-151.0,-151.5,-157.0,-151.0,-153.0,-157.0,-157.0,-154.5,-154.0,-156.0,-157.0,-157.0,-156.5,-153.5,-154.0,-155.0,-153.0,-157.0,-157.0,-155.0,-156.0,-155.5,-157.0,-157.0,-157.0,-155.0,-157.0,-157.0,-154.0,-153.0,-157.0,-157.0,-157.0,-157.0,-157.0,-157.0,-151.0,-152.0,-157.0,-157.0,-152.0,-157.0,-153.5,-151.0,-151.5,-157.0,-157.0,-156.5,-157.0,-157.0,-152.5,-153.0,-150.0,-157.0,-157.0,-151.5,-151.5,-155.0,-153.0,-157.0,-155.0,-157.0,-157.0,-156.0,-157.0,-154.0,-157.0,-157.0,-155.5,-157.0,-152.5,-151.0,-156.5,-157.0,-157.0,-157.0,-156.5,-153.0,-157.0,-157.0,-155.5,-157.0,-157.0,-156.5,-157.0,-157.0,-157.0,-157.0,-151.0,-150.5,-157.0,-153.5,-153.0,-157.0,-157.0,-157.0,-157.0,-155.0,-152.0,-157.0,-155.5,-155.5,-157.0,-157.0,-157.0,-157.0,-157.0,-157.0,-155.5,-153.5,-155.5,-157.0,-157.0,-156.5,-157.0,-157.0,-155.0,-150.0,-149.5,-155.5,-157.0,-157.0,-154.0,-156.5,-153.5,-155.0,-157.0,-157.0,-153.0,-150.5,-151.0,-157.0,-157.0,-155.0,-154.0,-150.5,-151.0,-153.0,-155.5,-151.0,-153.5,-157.0,-157.0,-156.5,-153.0,-151.5,-153.5,-154.5,-151.5,-157.0,-151.0,-153.5,-157.0,-157.0,-157.0,-156.0,-154.5,-157.0,-151.5,-154.0,-157.0,-157.0,-157.0,-157.0,-151.5,-149.0,-153.0,-151.5,-153.0,-153.0,-154.5,-157.0,-156.5,-157.0,-157.0,-151.0,-154.0,-157.0,-151.0,-153.0,-155.0,-154.5,-157.0,-151.0,-157.0,-154.5,-151.5,-152.0,-155.0,-157.0,-154.0,-154.5,-151.0,-156.0,-157.0,-154.0,-150.0,-152.0,-157.0,-157.0,-157.0,-157.0,-151.0,-156.5,-154.5,-157.0,-154.0,-148.5,-151.5,-154.0,-153.0,-156.0,-157.0,-155.0,-155.0,-157.0,-157.0,-157.0,-152.5,-156.5,-157.0,-156.0,-157.0,-153.0,-151.5,-148.5,-157.0,-157.0,-156.0,-156.0,-157.0,-156.5,-156.5,-153.5,-157.0,-152.0,-151.5,-157.0,-157.0,-157.0,-157.0,-155.5,-156.0,-157.0,-156.0,-155.0,-157.0,-157.0,-157.0,-157.0,-154.0,-154.0,-157.0,-153.5,-157.0,-157.0,-157.0,-157.0,-157.0,-157.0,-157.0,-157.0,-155.0,-152.5,-155.0,-156.0,-155.0,-152.0,-152.5,-156.0,-150.5,-152.0,-152.0,-152.0,-154.0,-153.0,-150.5,-155.5,-154.5,-152.5,-153.0,-157.0,-157.0,-156.0,-154.5,-152.0,-152.0,-157.0,-155.5,-157.0,-157.0,-149.5,-148.5,-155.0,-157.0,-157.0,-157.0,-157.0,-157.0,-157.0,-156.5,-153.5,-157.0,-157.0,-157.0,-157.0,-157.0,-157.0,-157.0,-157.0,-151.0,-157.0,-156.5,-155.5,-156.0,-157.0,-150.0,-152.0,-157.0,-155.5,-156.5,-157.0,-153.5,-154.5,-155.5,-157.0,-157.0,-156.0,-152.5,-156.0,-153.0,-156.5,-153.5,-155.0,-154.5,-157.0,-153.5,-157.0,-154.0,-154.5,-155.0,-157.0,-157.0,-157.0,-157.0,-153.5,-151.5,-152.0,-157.0,-155.0,-157.0,-152.0,-153.5,-150.0,-154.5,-156.5,-155.0,-155.0,-153.0,-154.5,-157.0,-157.0,-156.5,-154.0,-152.5,-157.0,-157.0,-150.0,-153.5,-157.0,-157.0,-157.0,-157.0,-154.0,-157.0,-156.5,-156.5,-157.0,-157.0,-157.0,-157.0,-157.0,-157.0,-157.0,-155.0,-155.5,-155.5,-156.5,-156.5,-157.0,-156.0,-153.0,-157.0,-157.0,-155.0,-151.5,-156.0,-157.0,-154.5,-153.5,-157.0,-157.0,-157.0,-157.0,-157.0,-157.0,-152.5,-153.5,-157.0
2026-01-17 13:48:32.674,143.049967,5,-77,-157.0,-157.0,-154.0,-153.5,-154.5,-157.0,-157.0,-157.0,-157.0,-157.0,-157.0,-153.5,-154.0,-157.0,-157.0,-157.0,-156.5,-157.0,-153.5,-154.0,-153.0,-151.0,-157.0,-157.0,-157.0,-155.0,-155.5,-157.0,-157.0,-157.0,-156.5,-152.0,-157.0,-157.0,-151.0,-152.5,-155.5,-154.0,-150.0,-150.0,-155.0,-154.0,-153.5,-155.0,-157.0,-157.0,-157.0,-151.0,-154.0,-157.0,-157.0,-157.0,-150.0,-153.5,-156.5,-157.0,-157.0,-157.0,-157.0,-156.0,-156.5,-157.0,-155.0,-157.0,-157.0,-156.5,-156.0,-156.0,-157.0,-153.0,-151.0,-154.5,-156.5,-154.0,-157.0,-156.0,-157.0,-157.0,-157.0,-157.0,-157.0,-152.5,-151.0,-157.0,-157.0,-157.0,-156.5,-157.0,-157.0,-157.0,-157.0,-152.5,-157.0,-157.0,-154.0,-154.5,-157.0,-157.0,-157.0,-154.0,-157.0,-155.0,-151.5,-153.0,-152.5,-153.5,-152.0,-155.5,-151.5,-151.5,-153.0,-157.0,-157.0,-154.0,-157.0,-153.5,-151.0,-157.0,-153.5,-155.5,-157.0,-150.5,-150.0,-155.5,-152.5,-154.0,-155.5,-157.0,-157.0,-154.5,-157.0,-153.5,-154.0,-155.5,-157.0,-157.0,-157.0,-150.5,-155.5,-157.0,-157.0,-157.0,-157.0,-154.0,-155.5,-157.0,-157.0,-157.0,-155.0,-155.0,-157.0,-157.0,-157.0,-157.0,-154.5,-155.0,-157.0,-156.0,-151.0,-157.0,-157.0,-157.0,-157.0,-154.0,-157.0,-157.0,-154.5,-153.5,-157.0,-157.0,-157.0,-157.0,-154.5,-152.0,-154.5,-153.5,-157.0,-157.0,-157.0,-154.0,-157.0,-155.0,-157.0,-156.0,-153.0,-157.0,-157.0,-157.0,-157.0,-152.0,-151.0,-152.5,-153.5,-155.5,-157.0,-153.5,-152.0,-157.0,-157.0,-157.0,-155.5,-156.5,-155.5,-153.5,-154.0,-151.5,-157.0,-156.0,-157.0,-157.0,-157.0,-153.5,-157.0,-152.0,-152.5,-156.5,-156.0,-155.5,-157.0,-157.0,-157.0,-157.0,-156.5,-157.0,-155.5,-153.0,-155.0,-157.0,-157.0,-155.0,-151.0,-152.0,-157.0,-157.0,-152.0,-153.5,-156.0,-157.0,-154.0,-157.0,-157.0,-153.5,-156.0,-154.5,-157.0,-157.0,-155.0,-154.0,-154.5,-150.5,-157.0,-157.0,-155.5,-152.0,-157.0,-156.0,-157.0,-157.0,-155.5,-157.0,-157.0,-157.0,-149.5,-151.0,-157.0,-157.0,-157.0,-152.0,-150.5,-155.0,-157.0,-157.0,-155.5,-149.5,-154.5,-154.0,-151.5,-157.0,-157.0,-157.0,-157.0,-157.0,-156.5,-153.5,-150.5,-153.0,-155.0,-157.0,-157.0,-155.5,-157.0,-152.0,-156.5,-157.0,-155.5,-156.0,-157.0,-154.0,-152.0,-152.5,-157.0,-157.0,-153.5,-156.5,-157.0,-157.0,-157.0,-157.0,-155.5,-154.5,-152.0,-155.0,-157.0,-157.0,-157.0,-156.5,-157.0,-154.0,-157.0,-156.5,-157.0,-155.5,-157.0,-157.0,-157.0,-156.0,-157.0,-157.0,-157.0,-153.5,-157.0,-157.0,-153.5,-154.0,-157.0,-151.0,-152.0,-157.0,-157.0,-157.0,-155.5,-153.5,-151.0,-152.0,-151.5,-150.0,-155.5,-156.5,-157.0,-155.0,-151.5,-151.0,-152.0,-157.0,-157.0,-157.0,-157.0,-151.5,-151.5,-155.5,-155.0,-154.0,-157.0,-157.0,-157.0,-157.0,-156.5,-154.5,-157.0,-155.0,-156.5,-157.0,-157.0,-157.0,-154.5,-154.5,-149.0,-152.0,-157.0,-157.0,-155.0,-156.5,-150.0,-151.5,-156.0,-150.5,-150.5,-157.0,-155.5,-157.0,-152.5,-154.0,-157.0,-154.5,-155.0,-151.0,-149.5,-157.0,-153.5,-157.0,-155.0,-157.0,-155.0,-157.0,-157.0,-154.0,-156.0,-157.0,-157.0,-157.0,-157.0,-155.0,-153.0,-153.5,-157.0,-155.0,-155.5,-154.5,-157.0,-150.5,-152.0,-155.0,-153.5,-154.0,-154.0,-156.5,-157.0,-157.0,-157.0,-152.0,-153.5,-157.0,-155.0,-150.5,-157.0,-157.0,-157.0,-157.0,-157.0,-154.5,-157.0,-155.0,-152.5,-156.0,-157.0,-157.0,-152.5,-152.5,-157.0,-157.0,-156.0,-155.5,-153.0,-152.5,-154.5,-157.0,-157.0,-154.5,-157.0,-157.0,-157.0,-157.0,-154.5,-156.0,-157.0,-157.0,-157.0,-157.0,-157.0,-157.0,-157.0,-157.0,-155.5,-155.5,-157.0
2026-01-17 13:48:32.710,143.049967,5,-77,-157.0,-157.0,-153.5,-155.5,-156.0,-157.0,-157.0,-157.0,-156.0,-156.5,-157.0,-153.0,-156.5,-156.0,-157.0,-157.0,-157.0,-157.0,-150.5,-150.0,-154.0,-150.5,-153.5,-157.0,-157.0,-157.0,-157.0,-157.0,-157.0,-157.0,-154.0,-155.0,-157.0,-153.5,-149.5,-157.0,-157.0,-154.0,-152.0,-151.5,-157.0,-156.0,-155.0,-151.0,-156.5,-154.0,-156.5,-148.5,-149.0,-157.0,-156.0,-153.5,-148.5,-154.0,-154.5,-155.0,-155.5,-157.0,-157.0,-157.0,-157.0,-156.5,-155.0,-157.0,-157.0,-157.0,-157.0,-156.5,-157.0,-157.0,-155.5,-156.0,-154.5,-155.5,-157.0,-157.0,-157.0,-157.0,-157.0,-157.0,-157.0,-150.0,-150.0,-157.0,-157.0,-157.0,-157.0,-157.0,-157.0,-157.0,-154.0,-153.0,-155.5,-157.0,-156.5,-153.0,-157.0,-157.0,-156.0,-152.5,-154.5,-157.0,-157.0,-153.5,-152.0,-157.0,-154.0,-156.0,-152.5,-155.5,-157.0,-157.0,-157.0,-152.0,-155.5,-156.5,-153.5,-157.0,-154.0,-156.0,-156.5,-152.5,-154.0,-156.5,-157.0,-152.5,-157.0,-157.0,-157.0,-152.0,-154.5,-157.0,-157.0,-157.0,-154.0,-151.0,-153.5,-151.5,-154.5,-156.5,-157.0,-157.0,-157.0,-153.5,-151.5,-153.0,-157.0,-157.0,-155.5,-157.0,-157.0,-157.0,-156.0,-157.0,-157.0,-156.0,-157.0,-153.0,-150.0,-157.0,-157.0,-156.5,-155.0,-153.5,-157.0,-157.0,-157.0,-157.0,-157.0,-156.5,-157.0,-157.0,-151.5,-149.5,-157.0,-152.5,-154.5,-157.0,-157.0,-154.5,-152.5,-151.5,-157.0,-157.0,-157.0,-157.0,-157.0,-155.0,-157.0,-155.0,-152.5,-153.0,-152.0,-152.5,-157.0,-157.0,-152.0,-157.0,-157.0,-157.0,-152.5,-155.5,-156.0,-152.5,-157.0,-156.0,-157.0,-155.5,-157.0,-157.0,-153.5,-152.5,-157.0,-156.5,-157.0,-157.0,-157.0,-157.0,-157.0,-157.0,-156.5,-156.5,-157.0,-157.0,-157.0,-153.5,-157.0,-157.0,-157.0,-153.0,-156.0,-156.5,-156.0,-157.0,-155.5,-153.5,-152.5,-152.5,-152.0,-156.5,-157.0,-157.0,-155.0,-153.5,-155.5,-157.0,-157.0,-157.0,-150.5,-151.5,-157.0,-157.0,-157.0,-152.0,-154.5,-154.5,-155.0,-155.5,-155.5,-157.0,-156.5,-156.5,-153.5,-153.0,-157.0,-157.0,-156.0,-154.0,-153.0,-152.5,-156.0,-154.0,-154.5,-152.5,-156.0,-157.0,-153.5,-157.0,-157.0,-157.0,-157.0,-157.0,-152.0,-150.5,-150.5,-157.0,-156.0,-157.0,-156.5,-155.0,-157.0,-154.5,-156.0,-157.0,-152.0,-151.0,-153.5,-157.0,-156.0,-157.0,-157.0,-157.0,-157.0,-156.5,-157.0,-156.0,-157.0,-157.0,-157.0,-155.5,-154.5,-154.5,-157.0,-157.0,-156.5,-155.0,-157.0,-155.5,-154.5,-156.0,-155.0,-151.5,-156.0,-157.0,-157.0,-152.5,-153.0,-153.0,-151.5,-157.0,-156.5,-155.0,-152.5,-157.0,-157.0,-155.0,-154.0,-154.0,-156.0,-157.0,-154.0,-153.0,-153.0,-157.0,-153.5,-151.0,-157.0,-156.0,-157.0,-150.5,-150.5,-157.0,-155.0,-157.0,-157.0,-157.0,-157.0,-153.5,-156.5,-157.0,-151.5,-150.0,-157.0,-157.0,-157.0,-157.0,-157.0,-156.0,-157.0,-153.5,-157.0,-155.5,-157.0,-155.5,-154.0,-156.0,-150.5,-150.5,-157.0,-157.0,-156.0,-157.0,-155.0,-156.0,-157.0,-149.5,-152.5,-155.5,-157.0,-157.0,-152.0,-152.0,-152.5,-155.0,-157.0,-152.5,-151.0,-156.5,-156.5,-157.0,-156.5,-157.0,-157.0,-154.0,-154.0,-155.5,-155.5,-157.0,-157.0,-157.0,-157.0,-157.0,-155.5,-157.0,-157.0,-153.5,-156.0,-157.0,-157.0,-154.5,-153.0,-155.5,-154.0,-157.0,-154.5,-157.0,-157.0,-157.0,-157.0,-157.0,-157.0,-157.0,-154.5,-151.0,-153.5,-157.0,-156.5,-157.0,-155.5,-156.0,-157.0,-150.0,-149.0,-154.5,-157.0,-157.0,-153.0,-152.5,-156.5,-157.0,-157.0,-156.5,-157.0,-152.0,-152.0,-157.0,-157.0,-156.0,-156.5,-157.0,-157.0,-157.0,-155.0,-155.5,-157.0,-157.0,-157.0,-157.0,-157.0,-157.0,-157.0,-157.0,-157.0,-157.0,-157.0
2026-01-17 13:48:32.738,143.049967,5,-77,-157.0,-157.0,-150.0,-155.5,-157.0,-157.0,-157.0,-157.0,-157.0,-157.0,-157.0,-152.5,-153.5,-152.5,-157.0,-157.0,-157.0,-157.0,-151.5,-152.0,-151.5,-152.5,-155.5,-157.0,-157.0,-157.0,-157.0,-154.5,-155.5,-157.0,-154.5,-157.0,-153.0,-151.0,-151.5,-154.5,-157.0,-154.0,-157.0,-155.5,-157.0,-155.0,-152.0,-150.0,-157.0,-153.0,-157.0,-152.0,-151.5,-157.0,-153.5,-150.0,-150.5,-157.0,-157.0,-157.0,-153.5,-156.5,-155.5,-153.0,-153.0,-154.0,-154.0,-156.0,-157.0,-153.5,-150.0,-153.5,-157.0,-157.0,-157.0,-157.0,-157.0,-155.5,-156.0,-157.0,-156.0,-155.0,-157.0,-157.0,-155.0,-149.0,-149.5,-157.0,-154.5,-156.5,-157.0,-157.0,-157.0,-157.0,-157.0,-157.0,-157.0,-157.0,-154.0,-151.5,-157.0,-157.0,-157.0,-157.0,-157.0,-157.0,-157.0,-155.0,-157.0,-156.5,-155.5,-156.5,-156.0,-155.0,-156.0,-157.0,-157.0,-153.0,-154.5,-157.0,-157.0,-154.0,-152.0,-153.5,-156.0,-155.5,-157.0,-157.0,-157.0,-154.5,-157.0,-157.0,-157.0,-152.5,-157.0,-157.0,-157.0,-157.0,-151.5,-148.5,-153.5,-152.5,-154.5,-157.0,-157.0,-157.0,-155.0,-155.0,-153.0,-151.0,-157.0,-157.0,-157.0,-157.0,-157.0,-157.0,-155.5,-157.0,-157.0,-151.0,-153.0,-152.5,-150.5,-157.0,-157.0,-157.0,-157.0,-153.5,-157.0,-155.5,-156.5,-157.0,-157.0,-154.0,-156.5,-157.0,-149.5,-149.0,-157.0,-155.0,-152.0,-155.0,-157.0,-156.5,-156.0,-155.5,-157.0,-157.0,-156.0,-157.0,-156.5,-153.5,-157.0,-157.0,-156.5,-156.0,-152.0,-150.5,-157.0,-152.0,-150.0,-157.0,-157.0,-157.0,-150.5,-155.0,-157.0,-150.0,-154.0,-157.0,-157.0,-153.0,-157.0,-156.0,-153.0,-153.5,-157.0,-157.0,-157.0,-157.0,-157.0,-157.0,-157.0,-156.5,-157.0,-157.0,-157.0,-157.0,-154.0,-155.0,-157.0,-157.0,-157.0,-153.5,-157.0,-156.5,-156.0,-155.0,-157.0,-154.0,-151.0,-149.0,-147.0,-157.0,-157.0,-157.0,-157.0,-157.0,-157.0,-157.0,-157.0,-154.5,-152.0,-157.0,-157.0,-156.0,-154.0,-152.0,-157.0,-155.0,-151.5,-152.0,-151.0,-156.0,-157.0,-156.5,-157.0,-157.0,-157.0,-156.5,-157.0,-157.0,-154.0,-151.0,-157.0,-156.5,-157.0,-157.0,-155.0,-157.0,-152.5,-154.5,-157.0,-157.0,-157.0,-157.0,-154.0,-152.5,-153.5,-157.0,-156.5,-157.0,-154.5,-154.0,-155.0,-157.0,-157.0,-157.0,-157.0,-151.0,-154.0,-157.0,-157.0,-157.0,-157.0,-157.0,-155.0,-152.5,-155.0,-153.0,-157.0,-156.0,-157.0,-157.0,-157.0,-157.0,-157.0,-157.0,-154.0,-153.0,-157.0,-157.0,-152.0,-154.5,-153.5,-149.5,-155.0,-154.5,-157.0,-151.0,-149.0,-152.0,-151.0,-157.0,-154.0,-153.0,-150.0,-150.5,-157.0,-157.0,-153.0,-154.0,-157.0,-157.0,-157.0,-154.5,-153.0,-157.0,-157.0,-156.5,-157.0,-154.0,-151.5,-149.0,-149.0,-157.0,-155.5,-154.5,-157.0,-157.0,-157.0,-155.5,-157.0,-157.0,-153.0,-150.5,-157.0,-157.0,-157.0,-157.0,-157.0,-153.5,-153.0,-152.0,-157.0,-156.5,-157.0,-155.5,-154.5,-157.0,-157.0,-151.5,-157.0,-153.0,-151.0,-154.5,-156.0,-156.5,-153.5,-151.0,-157.0,-157.0,-157.0,-154.0,-153.0,-157.0,-154.0,-157.0,-154.5,-156.5,-155.5,-157.0,-157.0,-157.0,-155.5,-153.5,-157.0,-152.0,-152.0,-157.0,-157.0,-156.0,-157.0,-157.0,-157.0,-157.0,-156.5,-157.0,-154.0,-151.5,-157.0,-157.0,-157.0,-157.0,-157.0,-157.0,-153.5,-157.0,-155.5,-155.0,-157.0,-157.0,-157.0,-157.0,-157.0,-155.0,-153.5,-153.5,-151.5,-153.5,-157.0,-157.0,-153.0,-155.5,-155.5,-149.5,-153.0,-157.0,-157.0,-157.0,-156.5,-157.0,-156.5,-156.0,-157.0,-153.0,-154.5,-157.0,-155.0,-157.0,-157.0,-157.0,-153.5,-157.0,-155.0,-151.5,-154.5,-157.0,-157.0,-157.0,-156.5,-152.0,-155.0,-156.5,-153.5,-155.5,-157.0,-157.0,-157.0
2026-01-17 13:48:32.767,143.049967,5,-77,-157.0,-157.0,-149.5,-152.5,-157.0,-157.0,-157.0,-157.0,-155.0,-157.0,-157.0,-151.0,-149.0,-149.5,-157.0,-157.0,-157.0,-157.0,-157.0,-154.5,-155.0,-157.0,-155.0,-157.0,-157.0,-157.0,-157.0,-150.0,-151.0,-157.0,-157.0,-152.5,-152.0,-154.0,-157.0,-149.5,-151.0,-154.5,-157.0,-157.0,-157.0,-153.0,-157.0,-154.0,-156.0,-155.0,-157.0,-157.0,-155.0,-152.0,-151.5,-152.5,-157.0,-157.0,-157.0,-156.5,-153.5,-156.0,-155.0,-155.5,-154.0,-157.0,-150.5,-153.0,-157.0,-149.5,-148.0,-155.0,-157.0,-154.5,-153.5,-157.0,-157.0,-153.5,-156.0,-154.5,-157.0,-157.0,-157.0,-157.0,-157.0,-153.0,-151.5,-157.0,-153.0,-152.5,-156.0,-157.0,-156.0,-157.0,-157.0,-157.0,-157.0,-157.0,-156.5,-153.0,-153.0,-154.5,-157.0,-157.0,-157.0,-156.0,-156.0,-157.0,-157.0,-154.5,-157.0,-154.5,-157.0,-157.0,-154.0,-155.0,-156.0,-156.5,-155.5,-157.0,-157.0,-154.0,-155.5,-156.5,-157.0,-156.0,-157.0,-155.0,-153.0,-154.5,-157.0,-157.0,-155.5,-154.5,-157.0,-157.0,-155.5,-156.5,-153.5,-150.5,-156.0,-152.5,-155.5,-157.0,-154.0,-154.0,-153.0,-156.0,-157.0,-155.5,-156.5,-155.0,-157.0,-157.0,-157.0,-157.0,-157.0,-157.0,-157.0,-151.0,-153.5,-154.0,-153.0,-157.0,-156.0,-157.0,-155.0,-151.5,-153.5,-156.5,-155.5,-156.0,-155.5,-155.0,-157.0,-153.5,-151.0,-152.5,-156.5,-157.0,-152.0,-155.0,-155.5,-154.0,-157.0,-157.0,-156.0,-153.5,-153.5,-157.0,-153.0,-157.0,-157.0,-157.0,-157.0,-157.0,-152.5,-152.0,-157.0,-151.0,-151.0,-157.0,-157.0,-156.0,-150.5,-152.0,-153.0,-150.5,-152.0,-156.0,-155.5,-151.0,-157.0,-157.0,-157.0,-157.0,-157.0,-157.0,-155.5,-155.0,-157.0,-157.0,-157.0,-156.5,-157.0,-157.0,-153.5,-154.0,-157.0,-157.0,-157.0,-157.0,-157.0,-157.0,-157.0,-157.0,-157.0,-153.5,-157.0,-157.0,-152.0,-150.0,-148.0,-157.0,-157.0,-154.5,-153.5,-157.0,-157.0,-157.0,-157.0,-157.0,-155.0,-157.0,-157.0,-157.0,-154.0,-152.0,-157.0,-153.5,-152.5,-154.0,-152.0,-157.0,-157.0,-157.0,-157.0,-157.0,-157.0,-153.0,-156.0,-157.0,-156.5,-154.5,-154.0,-152.0,-153.5,-157.0,-155.0,-156.5,-152.5,-156.0,-157.0,-155.5,-156.5,-157.0,-157.0,-155.0,-154.5,-157.0,-156.5,-157.0,-153.0,-153.5,-151.0,-155.5,-157.0,-157.0,-157.0,-153.0,-152.5,-155.0,-157.0,-157.0,-157.0,-157.0,-156.5,-151.5,-150.5,-153.0,-157.0,-157.0,-155.0,-156.0,-157.0,-157.0,-157.0,-157.0,-153.5,-154.0,-154.0,-157.0,-152.0,-156.0,-157.0,-149.5,-153.5,-157.0,-156.0,-151.0,-151.0,-155.5,-153.0,-157.0,-154.5,-154.5,-150.0,-149.5,-155.5,-155.0,-153.5,-157.0,-157.0,-155.0,-157.0,-157.0,-154.5,-152.5,-157.0,-157.0,-157.0,-157.0,-149.5,-151.0,-148.0,-156.0,-156.5,-157.0,-157.0,-157.0,-157.0,-157.0,-157.0,-157.0,-157.0,-155.5,-157.0,-156.0,-157.0,-157.0,-157.0,-152.5,-155.0,-155.5,-156.0,-157.0,-157.0,-157.0,-154.5,-157.0,-155.5,-153.5,-156.5,-152.5,-148.5,-155.5,-153.0,-152.0,-152.5,-157.0,-157.0,-157.0,-157.0,-157.0,-156.0,-157.0,-157.0,-156.5,-150.0,-152.0,-155.0,-157.0,-157.0,-152.5,-157.0,-151.5,-152.0,-151.5,-156.0,-157.0,-157.0,-154.5,-153.5,-157.0,-157.0,-155.0,-155.0,-157.0,-157.0,-153.0,-157.0,-157.0,-157.0,-157.0,-157.0,-157.0,-153.5,-155.0,-155.0,-154.5,-153.5,-157.0,-156.5,-157.0,-156.0,-154.0,-156.0,-150.5,-149.0,-151.0,-157.0,-157.0,-156.0,-156.0,-151.5,-149.5,-157.0,-157.0,-157.0,-157.0,-155.0,-157.0,-155.0,-153.0,-157.0,-152.5,-157.0,-157.0,-155.0,-153.5,-155.0,-157.0,-152.5,-157.0,-151.0,-151.0,-153.0,-157.0,-157.0,-157.0,-157.0,-151.5,-154.5,-156.5,-154.0,-153.5,-154.5,-157.0,-157.0
2026-01-17 13:48:32.805,143.049967,5,-77,-157.0,-157.0,-152.0,-152.0,-157.0,-157.0,-157.0,-155.5,-152.5,-157.0,-154.5,-152.0,-155.0,-151.0,-157.0,-157.0,-157.0,-156.0,-157.0,-156.0,-157.0,-157.0,-156.5,-157.0,-157.0,-157.0,-157.0,-152.0,-150.0,-155.5,-157.0,-156.5,-152.0,-157.0,-148.5,-148.0,-153.0,-154.5,-153.5,-155.0,-155.0,-153.5,-157.0,-157.0,-157.0,-157.0,-157.0,-155.5,-156.5,-152.0,-151.5,-151.5,-157.0,-156.0,-157.0,-154.0,-153.0,-157.0,-156.5,-157.0,-156.5,-152.0,-150.0,-155.0,-157.0,-150.5,-152.5,-157.0,-157.0,-156.0,-153.0,-157.0,-157.0,-156.0,-153.0,-151.5,-157.0,-157.0,-157.0,-157.0,-157.0,-157.0,-154.0,-156.0,-154.5,-152.5,-157.0,-154.0,-155.0,-153.0,-154.5,-157.0,-157.0,-157.0,-157.0,-157.0,-156.5,-157.0,-157.0,-157.0,-157.0,-156.5,-156.5,-157.0,-154.0,-153.5,-157.0,-150.5,-153.0,-157.0,-156.5,-157.0,-155.5,-155.0,-153.5,-157.0,-157.0,-155.5,-157.0,-157.0,-157.0,-155.5,-157.0,-152.5,-150.5,-153.0,-157.0,-157.0,-155.5,-155.0,-157.0,-157.0,-150.5,-151.0,-157.0,-152.5,-153.0,-153.5,-155.5,-155.0,-150.5,-151.0,-152.0,-156.5,-157.0,-157.0,-156.0,-152.0,-153.5,-157.0,-155.5,-157.0,-152.5,-154.0,-157.0,-154.5,-157.0,-154.0,-154.0,-157.0,-157.0,-157.0,-156.5,-153.5,-154.5,-157.0,-157.0,-157.0,-155.0,-157.0,-157.0,-157.0,-154.0,-155.0,-155.0,-152.0,-152.5,-155.0,-157.0,-154.5,-155.5,-157.0,-157.0,-157.0,-157.0,-155.5,-153.0,-157.0,-157.0,-157.0,-155.5,-157.0,-154.5,-157.0,-157.0,-156.5,-155.5,-157.0,-154.0,-152.0,-153.0,-152.5,-155.5,-154.0,-156.5,-157.0,-157.0,-150.5,-157.0,-157.0,-157.0,-157.0,-157.0,-157.0,-155.0,-155.5,-157.0,-157.0,-157.0,-154.5,-157.0,-157.0,-152.5,-154.0,-157.0,-157.0,-157.0,-157.0,-157.0,-157.0,-157.0,-154.5,-153.0,-154.5,-156.0,-156.5,-154.0,-155.0,-154.5,-157.0,-157.0,-157.0,-151.0,-155.0,-155.5,-157.0,-157.0,-157.0,-156.5,-157.0,-157.0,-157.0,-156.5,-151.5,-157.0,-156.0,-157.0,-157.0,-157.0,-157.0,-157.0,-157.0,-157.0,-157.0,-157.0,-150.5,-152.0,-156.5,-157.0,-157.0,-151.0,-149.5,-150.0,-157.0,-155.5,-157.0,-155.0,-157.0,-157.0,-156.0,-152.5,-154.5,-157.0,-157.0,-157.0,-154.0,-154.0,-156.0,-151.0,-154.0,-152.0,-155.5,-157.0,-157.0,-157.0,-155.0,-151.0,-154.0,-155.5,-157.0,-157.0,-157.0,-157.0,-156.5,-155.0,-157.0,-157.0,-157.0,-154.0,-152.5,-157.0,-157.0,-157.0,-156.0,-152.5,-157.0,-155.5,-156.0,-155.0,-157.0,-157.0,-152.0,-150.5,-157.0,-157.0,-157.0,-157.0,-155.5,-156.0,-157.0,-157.0,-157.0,-155.0,-152.5,-153.5,-154.0,-157.0,-157.0,-157.0,-155.0,-155.5,-156.5,-157.0,-153.0,-157.0,-157.0,-157.0,-157.0,-150.5,-155.0,-148.5,-152.0,-157.0,-157.0,-157.0,-156.0,-157.0,-157.0,-157.0,-157.0,-157.0,-156.0,-156.0,-151.0,-154.0,-157.0,-157.0,-157.0,-157.0,-157.0,-155.5,-157.0,-157.0,-156.0,-157.0,-157.0,-157.0,-155.0,-155.5,-157.0,-153.0,-157.0,-157.0,-152.5,-155.0,-157.0,-155.5,-157.0,-157.0,-157.0,-157.0,-157.0,-155.0,-152.0,-150.5,-154.5,-155.0,-157.0,-157.0,-149.5,-150.5,-151.5,-154.5,-152.5,-155.5,-156.0,-157.0,-156.0,-154.5,-157.0,-155.0,-156.5,-156.0,-156.0,-156.0,-154.0,-157.0,-154.5,-155.5,-157.0,-157.0,-157.0,-157.0,-157.0,-153.5,-157.0,-157.0,-157.0,-157.0,-157.0,-157.0,-157.0,-157.0,-149.5,-150.0,-157.0,-157.0,-157.0,-156.5,-156.5,-150.0,-152.5,-157.0,-157.0,-155.5,-157.0,-155.5,-156.5,-156.5,-151.5,-154.5,-156.5,-157.0,-157.0,-154.0,-157.0,-155.0,-157.0,-152.5,-155.0,-154.0,-154.5,-149.5,-150.5,-153.5,-154.5,-157.0,-153.5,-154.0,-157.0,-157.0,-153.5,-156.0,-157.0,-157.0
2026-01-17 13:48:32.836,143.049967,5,-77,-157.0,-157.0,-152.0,-152.5,-157.0,-157.0,-157.0,-156.5,-154.0,-157.0,-152.5,-157.0,-156.5,-154.5,-157.0,-153.5,-152.5,-150.5,-157.0,-157.0,-155.5,-157.0,-156.0,-157.0,-157.0,-157.0,-157.0,-157.0,-154.0,-152.0,-157.0,-156.0,-152.5,-157.0,-147.0,-148.0,-157.0,-157.0,-155.0,-153.5,-157.0,-157.0,-157.0,-157.0,-157.0,-157.0,-157.0,-150.0,-151.5,-157.0,-153.5,-152.0,-157.0,-156.5,-157.0,-153.5,-154.5,-157.0,-156.0,-156.0,-153.5,-148.0,-151.0,-157.0,-157.0,-150.5,-153.5,-154.5,-157.0,-157.0,-157.0,-156.5,-157.0,-157.0,-154.5,-153.0,-157.0,-157.0,-155.0,-155.0,-157.0,-157.0,-155.0,-156.0,-157.0,-154.0,-154.5,-153.0,-154.0,-152.0,-156.0,-157.0,-156.0,-157.0,-155.5,-155.0,-157.0,-157.0,-157.0,-157.0,-157.0,-156.5,-157.0,-157.0,-156.5,-155.0,-155.0,-150.0,-153.5,-157.0,-154.5,-157.0,-157.0,-153.5,-152.0,-157.0,-156.5,-156.0,-153.0,-154.5,-157.0,-156.0,-157.0,-157.0,-152.5,-153.5,-157.0,-157.0,-156.0,-154.5,-157.0,-153.5,-149.0,-149.5,-157.0,-151.0,-152.5,-157.0,-157.0,-155.0,-153.5,-154.5,-152.5,-157.0,-157.0,-157.0,-157.0,-154.5,-152.0,-155.5,-154.5,-157.0,-148.5,-149.5,-155.5,-155.0,-157.0,-154.0,-154.0,-157.0,-157.0,-157.0,-157.0,-157.0,-157.0,-155.0,-155.0,-157.0,-157.0,-156.5,-157.0,-157.0,-156.0,-157.0,-157.0,-152.5,-157.0,-153.5,-155.5,-157.0,-157.0,-153.5,-157.0,-157.0,-157.0,-156.5,-157.0,-157.0,-157.0,-157.0,-155.5,-154.0,-154.5,-156.5,-157.0,-157.0,-157.0,-153.5,-151.0,-150.5,-156.5,-157.0,-157.0,-156.0,-154.5,-157.0,-157.0,-152.5,-156.5,-157.0,-157.0,-157.0,-156.5,-157.0,-157.0,-157.0,-157.0,-155.0,-155.5,-153.0,-154.0,-157.0,-157.0,-156.0,-157.0,-157.0,-153.5,-152.0,-156.5,-157.0,-157.0,-157.0,-154.0,-157.0,-157.0,-157.0,-157.0,-157.0,-155.5,-157.0,-157.0,-153.5,-149.5,-152.5,-151.5,-155.0,-157.0,-157.0,-157.0,-157.0,-157.0,-157.0,-154.0,-151.0,-157.0,-156.5,-156.5,-156.0,-156.0,-157.0,-156.5,-157.0,-157.0,-157.0,-157.0,-151.5,-155.0,-155.5,-157.0,-157.0,-154.5,-154.5,-153.0,-157.0,-153.0,-154.0,-157.0,-155.5,-154.0,-153.5,-150.0,-154.5,-157.0,-157.0,-157.0,-156.0,-155.0,-157.0,-153.0,-152.5,-152.5,-157.0,-157.0,-157.0,-157.0,-153.5,-153.5,-155.0,-157.0,-157.0,-157.0,-157.0,-157.0,-157.0,-157.0,-157.0,-157.0,-157.0,-153.0,-151.0,-157.0,-157.0,-156.5,-152.5,-153.5,-157.0,-155.0,-154.5,-157.0,-157.0,-157.0,-153.5,-153.5,-156.0,-155.5,-157.0,-157.0,-157.0,-157.0,-155.5,-157.0,-157.0,-157.0,-152.5,-152.5,-152.0,-154.5,-152.0,-154.0,-157.0,-154.0,-157.0,-157.0,-152.0,-154.0,-157.0,-157.0,-157.0,-153.0,-157.0,-151.0,-156.0,-157.0,-156.5,-155.0,-153.5,-157.0,-156.0,-155.0,-156.5,-157.0,-155.0,-157.0,-150.0,-152.0,-157.0,-157.0,-157.0,-157.0,-157.0,-152.5,-157.0,-157.0,-157.0,-157.0,-157.0,-157.0,-156.0,-157.0,-155.0,-157.0,-157.0,-157.0,-157.0,-157.0,-156.5,-154.0,-156.5,-157.0,-157.0,-157.0,-157.0,-154.5,-153.0,-156.5,-153.0,-154.5,-157.0,-157.0,-151.0,-150.0,-155.0,-157.0,-157.0,-156.5,-156.0,-155.5,-157.0,-157.0,-154.0,-153.5,-157.0,-157.0,-155.0,-157.0,-156.5,-157.0,-155.0,-157.0,-157.0,-157.0,-156.5,-157.0,-154.0,-154.0,-157.0,-157.0,-157.0,-155.0,-157.0,-157.0,-157.0,-157.0,-154.5,-151.5,-155.5,-157.0,-157.0,-154.0,-154.5,-150.5,-157.0,-157.0,-157.0,-157.0,-157.0,-157.0,-157.0,-154.0,-151.5,-157.0,-155.5,-157.0,-157.0,-153.0,-157.0,-157.0,-156.0,-155.0,-155.0,-157.0,-157.0,-148.5,-150.5,-154.0,-155.0,-157.0,-157.0,-156.5,-156.0,-157.0,-154.5,-157.0,-155.0,-155.0
2026-01-17 13:48:32.841,143.049967,5,-77,-157.0,-157.0,-152.0,-152.5,-157.0,-157.0,-157.0,-156.5,-154.0,-157.0,-152.5,-157.0,-156.5,-154.5,-157.0,-153.5,-152.5,-150.5,-157.0,-157.0,-155.5,-157.0,-156.0,-157.0,-157.0,-157.0,-157.0,-157.0,-154.0,-152.0,-157.0,-156.0,-152.5,-157.0,-147.0,-148.0,-157.0,-157.0,-155.0,-153.5,-157.0,-157.0,-157.0,-157.0,-157.0,-157.0,-157.0,-150.0,-151.5,-157.0,-153.5,-152.0,-157.0,-156.5,-157.0,-153.5,-154.5,-157.0,-156.0,-156.0,-153.5,-148.0,-151.0,-157.0,-157.0,-150.5,-153.5,-154.5,-157.0,-157.0,-157.0,-156.5,-157.0,-157.0,-154.5,-153.0,-157.0,-157.0,-155.0,-155.0,-157.0,-157.0,-155.0,-156.0,-157.0,-154.0,-154.5,-153.0,-154.0,-152.0,-156.0,-157.0,-156.0,-157.0,-155.5,-155.0,-157.0,-157.0,-157.0,-157.0,-157.0,-156.5,-157.0,-157.0,-156.5,-155.0,-155.0,-150.0,-153.5,-157.0,-154.5,-157.0,-157.0,-153.5,-152.0,-157.0,-156.5,-156.0,-153.0,-154.5,-157.0,-156.0,-157.0,-157.0,-152.5,-153.5,-157.0,-157.0,-156.0,-154.5,-157.0,-153.5,-149.0,-149.5,-157.0,-151.0,-152.5,-157.0,-157.0,-155.0,-153.5,-154.5,-152.5,-157.0,-157.0,-157.0,-157.0,-154.5,-152.0,-155.5,-154.5,-157.0,-148.5,-149.5,-155.5,-155.0,-157.0,-154.0,-154.0,-157.0,-157.0,-157.0,-157.0,-157.0,-157.0,-155.0,-155.0,-157.0,-157.0,-156.5,-157.0,-157.0,-156.0,-157.0,-157.0,-152.5,-157.0,-153.5,-155.5,-157.0,-157.0,-153.5,-157.0,-157.0,-157.0,-156.5,-157.0,-157.0,-157.0,-157.0,-155.5,-154.0,-154.5,-156.5,-157.0,-157.0,-157.0,-153.5,-151.0,-150.5,-156.5,-157.0,-157.0,-156.0,-154.5,-157.0,-157.0,-152.5,-156.5,-157.0,-157.0,-157.0,-156.5,-157.0,-157.0,-157.0,-157.0,-155.0,-155.5,-153.0,-154.0,-157.0,-157.0,-156.0,-157.0,-157.0,-153.5,-152.0,-156.5,-157.0,-157.0,-157.0,-154.0,-157.0,-157.0,-157.0,-157.0,-157.0,-155.5,-157.0,-157.0,-153.5,-149.5,-152.5,-151.5,-155.0,-157.0,-157.0,-157.0,-157.0,-157.0,-157.0,-154.0,-151.0,-157.0,-156.5,-156.5,-156.0,-156.0,-157.0,-156.5,-157.0,-157.0,-157.0,-157.0,-151.5,-155.0,-155.5,-157.0,-157.0,-154.5,-154.5,-153.0,-157.0,-153.0,-154.0,-157.0,-155.5,-154.0,-153.5,-150.0,-154.5,-157.0,-157.0,-157.0,-156.0,-155.0,-157.0,-153.0,-152.5,-152.5,-157.0,-157.0,-157.0,-157.0,-153.5,-153.5,-155.0,-157.0,-157.0,-157.0,-157.0,-157.0,-157.0,-157.0,-157.0,-157.0,-157.0,-153.0,-151.0,-157.0,-157.0,-156.5,-152.5,-153.5,-157.0,-155.0,-154.5,-157.0,-157.0,-157.0,-153.5,-153.5,-156.0,-155.5,-157.0,-157.0,-157.0,-157.0,-155.5,-157.0,-157.0,-157.0,-152.5,-152.5,-152.0,-154.5,-152.0,-154.0,-157.0,-154.0,-157.0,-157.0,-152.0,-154.0,-157.0,-157.0,-157.0,-153.0,-157.0,-151.0,-156.0,-157.0,-156.5,-155.0,-153.5,-157.0,-156.0,-155.0,-156.5,-157.0,-155.0,-157.0,-150.0,-152.0,-157.0,-157.0,-157.0,-157.0,-157.0,-152.5,-157.0,-157.0,-157.0,-157.0,-157.0,-157.0,-156.0,-157.0,-155.0,-157.0,-157.0,-157.0,-157.0,-157.0,-156.5,-154.0,-156.5,-157.0,-157.0,-157.0,-157.0,-154.5,-153.0,-156.5,-153.0,-154.5,-157.0,-157.0,-151.0,-150.0,-155.0,-157.0,-157.0,-156.5,-156.0,-155.5,-157.0,-157.0,-154.0,-153.5,-157.0,-157.0,-155.0,-157.0,-156.5,-157.0,-155.0,-157.0,-157.0,-157.0,-156.5,-157.0,-154.0,-154.0,-157.0,-157.0,-157.0,-155.0,-157.0,-157.0,-157.0,-157.0,-154.5,-151.5,-155.5,-157.0,-157.0,-154.0,-154.5,-150.5,-157.0,-157.0,-157.0,-157.0,-157.0,-157.0,-157.0,-154.0,-151.5,-157.0,-155.5,-157.0,-157.0,-153.0,-157.0,-157.0,-156.0,-155.0,-155.0,-157.0,-157.0,-148.5,-150.5,-154.0,-155.0,-157.0,-157.0,-156.5,-156.0,-157.0,-154.5,-157.0,-155.0,-155.0
2026-01-17 13:48:32.868,143.049967,5,-77,-157.0,-157.0,-153.0,-157.0,-157.0,-157.0,-157.0,-157.0,-157.0,-157.0,-152.5,-154.0,-154.5,-157.0,-157.0,-150.5,-149.0,-150.5,-157.0,-155.0,-150.5,-157.0,-154.0,-155.5,-157.0,-156.0,-151.0,-157.0,-157.0,-153.5,-157.0,-155.0,-155.5,-156.0,-149.5,-150.0,-157.0,-157.0,-157.0,-157.0,-157.0,-157.0,-157.0,-157.0,-157.0,-157.0,-157.0,-149.5,-149.5,-157.0,-155.0,-154.0,-157.0,-157.0,-157.0,-154.5,-157.0,-153.5,-153.5,-157.0,-157.0,-148.5,-152.5,-157.0,-157.0,-151.5,-152.0,-151.5,-155.0,-157.0,-157.0,-156.0,-156.0,-155.0,-157.0,-157.0,-157.0,-157.0,-157.0,-152.5,-153.5,-155.0,-153.5,-154.5,-155.0,-155.0,-154.5,-155.5,-157.0,-153.5,-157.0,-157.0,-157.0,-157.0,-157.0,-156.5,-157.0,-157.0,-157.0,-154.5,-157.0,-157.0,-154.5,-154.0,-157.0,-157.0,-153.5,-151.5,-157.0,-154.5,-150.5,-157.0,-157.0,-152.0,-153.0,-157.0,-155.5,-153.5,-151.0,-152.0,-155.5,-156.0,-157.0,-156.5,-157.0,-154.0,-157.0,-157.0,-157.0,-157.0,-157.0,-153.0,-154.0,-155.0,-157.0,-150.0,-148.5,-155.0,-157.0,-155.0,-157.0,-151.5,-150.5,-157.0,-157.0,-157.0,-157.0,-157.0,-153.5,-157.0,-157.0,-157.0,-147.5,-148.5,-154.0,-154.0,-156.5,-154.0,-154.0,-157.0,-155.0,-155.5,-156.0,-155.5,-157.0,-155.0,-150.5,-151.5,-157.0,-157.0,-157.0,-157.0,-157.0,-157.0,-157.0,-155.5,-157.0,-155.0,-157.0,-157.0,-157.0,-152.5,-157.0,-156.5,-157.0,-157.0,-157.0,-157.0,-157.0,-157.0,-157.0,-154.0,-157.0,-156.5,-157.0,-155.5,-157.0,-155.0,-156.0,-154.5,-157.0,-157.0,-157.0,-154.5,-152.0,-152.5,-154.5,-156.5,-157.0,-157.0,-157.0,-154.5,-154.5,-156.0,-157.0,-157.0,-155.5,-154.5,-157.0,-152.5,-153.0,-157.0,-157.0,-154.0,-154.0,-153.0,-152.5,-150.5,-157.0,-157.0,-157.0,-157.0,-155.0,-156.0,-157.0,-157.0,-156.5,-156.5,-152.5,-157.0,-157.0,-153.0,-152.5,-153.0,-154.5,-157.0,-156.0,-157.0,-157.0,-157.0,-157.0,-157.0,-154.0,-153.0,-156.0,-157.0,-156.0,-153.5,-151.0,-153.5,-157.0,-157.0,-157.0,-154.5,-155.5,-156.0,-153.5,-153.0,-157.0,-156.5,-157.0,-157.0,-152.5,-156.0,-152.5,-152.5,-157.0,-155.0,-155.0,-155.0,-153.0,-153.0,-152.5,-152.0,-157.0,-157.0,-157.0,-157.0,-155.5,-153.0,-155.0,-156.5,-157.0,-157.0,-157.0,-157.0,-156.0,-155.5,-157.0,-157.0,-157.0,-157.0,-157.0,-157.0,-157.0,-155.0,-157.0,-157.0,-155.0,-151.0,-155.5,-153.5,-154.5,-153.0,-156.5,-152.5,-156.0,-154.0,-157.0,-157.0,-157.0,-156.0,-157.0,-153.5,-150.5,-151.0,-155.5,-157.0,-157.0,-153.0,-153.5,-153.5,-157.0,-152.5,-156.5,-153.5,-152.5,-154.5,-154.0,-157.0,-154.5,-157.0,-154.0,-151.5,-157.0,-156.5,-157.0,-157.0,-156.0,-157.0,-156.0,-157.0,-157.0,-155.5,-154.5,-157.0,-156.5,-153.0,-152.0,-155.5,-157.0,-155.0,-157.0,-152.0,-151.0,-155.5,-156.5,-157.0,-156.5,-153.0,-150.5,-157.0,-157.0,-156.0,-153.5,-156.0,-156.5,-154.0,-156.5,-157.0,-157.0,-157.0,-157.0,-157.0,-157.0,-157.0,-155.5,-157.0,-157.0,-157.0,-157.0,-157.0,-156.5,-155.5,-157.0,-152.0,-157.0,-153.0,-154.0,-157.0,-157.0,-157.0,-156.5,-157.0,-157.0,-156.5,-155.5,-157.0,-156.5,-153.5,-154.0,-157.0,-157.0,-156.0,-155.5,-157.0,-157.0,-157.0,-157.0,-157.0,-154.5,-153.0,-155.0,-153.0,-154.5,-155.5,-157.0,-157.0,-151.5,-150.5,-157.0,-157.0,-157.0,-157.0,-153.5,-154.5,-156.5,-156.5,-154.0,-153.0,-153.0,-157.0,-157.0,-157.0,-157.0,-157.0,-157.0,-157.0,-156.0,-155.5,-157.0,-155.0,-155.0,-157.0,-152.5,-155.0,-157.0,-156.0,-155.5,-155.5,-157.0,-156.0,-150.5,-156.5,-157.0,-157.0,-157.0,-157.0,-157.0,-157.0,-157.0,-154.5,-157.0,-151.5,-155.0
2026-01-17 13:48:32.902,143.049967,5,-77,-157.0,-157.0,-154.5,-157.0,-157.0,-157.0,-157.0,-157.0,-157.0,-157.0,-154.5,-154.5,-157.0,-157.0,-156.5,-153.5,-153.0,-154.0,-157.0,-152.5,-150.0,-157.0,-153.0,-156.0,-157.0,-151.0,-148.0,-157.0,-154.5,-153.0,-157.0,-155.0,-156.0,-157.0,-157.0,-152.5,-157.0,-157.0,-157.0,-157.0,-157.0,-154.0,-154.0,-156.5,-157.0,-153.5,-154.0,-156.0,-152.0,-157.0,-157.0,-153.0,-156.5,-157.0,-157.0,-155.5,-157.0,-154.0,-155.0,-157.0,-152.0,-150.0,-156.0,-153.5,-157.0,-155.5,-157.0,-152.5,-154.5,-157.0,-157.0,-157.0,-157.0,-157.0,-157.0,-157.0,-157.0,-157.0,-155.5,-151.5,-153.0,-152.0,-150.5,-157.0,-155.0,-155.0,-154.5,-155.0,-157.0,-157.0,-156.0,-157.0,-157.0,-156.0,-157.0,-157.0,-157.0,-157.0,-157.0,-154.0,-156.5,-157.0,-152.5,-152.5,-154.0,-156.5,-157.0,-155.5,-157.0,-156.0,-148.5,-157.0,-155.5,-153.0,-157.0,-156.0,-155.0,-153.5,-154.0,-154.0,-157.0,-156.5,-153.0,-154.0,-154.0,-152.5,-157.0,-156.5,-157.0,-157.0,-157.0,-156.5,-157.0,-157.0,-157.0,-157.0,-146.5,-152.5,-153.0,-151.0,-157.0,-152.5,-151.5,-155.5,-157.0,-157.0,-157.0,-157.0,-155.5,-155.0,-157.0,-153.0,-151.0,-151.5,-153.5,-156.5,-155.0,-153.0,-152.0,-157.0,-152.0,-152.5,-151.0,-152.0,-157.0,-157.0,-151.0,-151.0,-157.0,-157.0,-157.0,-155.5,-153.5,-151.0,-157.0,-157.0,-157.0,-157.0,-157.0,-157.0,-157.0,-151.5,-157.0,-155.0,-155.0,-157.0,-157.0,-157.0,-157.0,-157.0,-157.0,-154.0,-157.0,-157.0,-152.0,-150.0,-154.0,-152.0,-157.0,-157.0,-157.0,-157.0,-157.0,-157.0,-155.5,-152.0,-154.5,-155.0,-157.0,-156.5,-157.0,-156.0,-157.0,-152.0,-152.5,-157.0,-154.0,-151.5,-152.0,-151.0,-152.0,-157.0,-157.0,-151.5,-153.5,-155.0,-154.5,-152.0,-157.0,-157.0,-157.0,-157.0,-154.0,-152.0,-154.5,-157.0,-156.5,-157.0,-151.5,-157.0,-157.0,-157.0,-157.0,-155.5,-157.0,-157.0,-152.5,-157.0,-156.0,-155.5,-152.0,-157.0,-156.5,-157.0,-153.0,-154.5,-154.5,-155.5,-151.5,-155.5,-157.0,-157.0,-156.0,-154.5,-157.0,-157.0,-157.0,-156.0,-157.0,-157.0,-156.0,-150.5,-149.0,-155.5,-156.5,-151.0,-156.5,-157.0,-157.0,-154.5,-157.0,-154.0,-154.0,-150.5,-154.5,-155.5,-157.0,-157.0,-152.5,-154.0,-157.0,-152.0,-154.0,-154.0,-157.0,-157.0,-157.0,-157.0,-157.0,-157.0,-157.0,-157.0,-157.0,-157.0,-157.0,-151.0,-154.5,-157.0,-153.5,-152.0,-157.0,-153.5,-155.5,-153.0,-151.0,-150.0,-156.5,-156.5,-157.0,-157.0,-157.0,-157.0,-155.5,-155.5,-155.5,-148.5,-148.5,-151.5,-157.0,-156.5,-154.5,-154.5,-157.0,-156.5,-153.5,-154.0,-157.0,-157.0,-153.5,-157.0,-157.0,-157.0,-153.0,-149.5,-155.5,-153.0,-155.5,-155.5,-155.0,-157.0,-156.5,-157.0,-156.5,-157.0,-152.0,-155.5,-152.5,-157.0,-154.5,-157.0,-154.0,-153.5,-154.0,-149.5,-150.0,-157.0,-157.0,-157.0,-157.0,-157.0,-152.5,-157.0,-157.0,-154.5,-155.0,-157.0,-157.0,-155.5,-157.0,-157.0,-157.0,-156.5,-157.0,-157.0,-156.5,-157.0,-157.0,-157.0,-157.0,-157.0,-153.0,-152.0,-157.0,-157.0,-157.0,-153.0,-154.0,-152.5,-152.5,-152.5,-157.0,-152.0,-151.0,-153.0,-157.0,-157.0,-157.0,-157.0,-155.5,-157.0,-157.0,-156.0,-152.0,-157.0,-155.0,-155.5,-157.0,-157.0,-157.0,-157.0,-154.0,-154.5,-156.0,-157.0,-155.5,-153.0,-157.0,-157.0,-151.0,-149.0,-152.0,-156.0,-156.0,-153.5,-157.0,-154.0,-151.5,-156.0,-156.5,-152.5,-154.5,-157.0,-157.0,-157.0,-156.5,-153.0,-154.5,-157.0,-157.0,-157.0,-157.0,-154.5,-154.5,-157.0,-154.0,-153.5,-154.5,-152.0,-154.5,-156.5,-157.0,-151.5,-152.0,-157.0,-157.0,-157.0,-155.0,-153.5,-157.0,-157.0,-157.0,-155.5,-157.0,-154.0,-153.5
2026-01-17 13:48:32.945,143.049967,5,-77,-157.0,-157.0,-153.5,-155.0,-157.0,-157.0,-157.0,-157.0,-157.0,-157.0,-157.0,-157.0,-157.0,-157.0,-155.0,-155.0,-156.0,-154.5,-157.0,-156.5,-153.0,-156.0,-151.0,-152.5,-157.0,-148.0,-148.5,-157.0,-153.0,-153.0,-157.0,-157.0,-157.0,-153.5,-153.0,-152.0,-154.0,-157.0,-157.0,-157.0,-157.0,-153.5,-156.5,-157.0,-157.0,-155.0,-155.5,-157.0,-157.0,-156.0,-155.0,-154.5,-154.5,-157.0,-154.0,-155.5,-157.0,-157.0,-157.0,-157.0,-154.0,-155.0,-151.0,-151.0,-157.0,-156.0,-157.0,-157.0,-157.0,-157.0,-154.5,-154.0,-156.5,-157.0,-157.0,-157.0,-157.0,-157.0,-151.5,-155.5,-155.5,-153.0,-153.0,-153.0,-157.0,-154.5,-154.5,-156.5,-157.0,-156.0,-155.0,-157.0,-157.0,-157.0,-156.0,-157.0,-157.0,-157.0,-157.0,-157.0,-157.0,-157.0,-154.5,-153.0,-152.5,-157.0,-157.0,-157.0,-155.0,-157.0,-149.0,-156.5,-155.0,-153.5,-156.5,-151.0,-153.0,-154.0,-157.0,-157.0,-157.0,-157.0,-153.0,-152.5,-157.0,-152.0,-156.0,-155.5,-157.0,-157.0,-157.0,-157.0,-157.0,-157.0,-155.5,-152.5,-148.5,-157.0,-150.5,-149.0,-157.0,-157.0,-157.0,-156.0,-155.0,-157.0,-155.0,-151.0,-156.5,-151.0,-153.0,-153.5,-156.5,-156.5,-157.0,-153.5,-157.0,-156.0,-150.5,-154.5,-152.5,-153.5,-152.0,-152.5,-157.0,-157.0,-151.5,-153.0,-156.0,-157.0,-157.0,-151.5,-149.0,-148.0,-155.5,-157.0,-157.0,-156.5,-157.0,-156.5,-157.0,-152.0,-157.0,-157.0,-155.5,-157.0,-157.0,-157.0,-157.0,-154.0,-156.5,-152.5,-154.0,-157.0,-147.0,-147.0,-153.0,-153.0,-156.0,-154.0,-155.5,-157.0,-154.5,-155.0,-157.0,-153.5,-157.0,-155.0,-157.0,-154.5,-157.0,-157.0,-154.5,-150.0,-152.5,-157.0,-151.5,-151.5,-151.0,-157.0,-155.0,-157.0,-155.0,-151.0,-151.0,-156.5,-156.5,-152.5,-157.0,-157.0,-157.0,-157.0,-157.0,-150.5,-151.5,-157.0,-157.0,-154.0,-153.0,-157.0,-157.0,-157.0,-152.0,-153.0,-156.5,-155.0,-150.0,-151.5,-155.5,-154.5,-150.0,-157.0,-157.0,-156.5,-153.5,-155.0,-154.5,-156.0,-157.0,-157.0,-151.0,-151.0,-151.5,-156.0,-157.0,-157.0,-157.0,-157.0,-157.0,-157.0,-156.0,-149.0,-150.0,-157.0,-154.0,-150.5,-153.0,-157.0,-157.0,-153.5,-155.0,-157.0,-157.0,-150.5,-151.5,-153.5,-157.0,-157.0,-153.0,-153.0,-157.0,-150.5,-153.0,-150.0,-150.5,-157.0,-157.0,-157.0,-157.0,-157.0,-157.0,-157.0,-152.0,-154.5,-157.0,-150.0,-151.5,-157.0,-153.5,-154.5,-157.0,-157.0,-157.0,-154.0,-156.5,-151.0,-155.0,-157.0,-157.0,-157.0,-156.5,-157.0,-157.0,-157.0,-157.0,-150.5,-151.0,-155.5,-157.0,-157.0,-157.0,-157.0,-157.0,-157.0,-152.0,-151.5,-157.0,-154.5,-153.5,-157.0,-157.0,-154.0,-155.0,-151.5,-153.5,-155.5,-157.0,-155.0,-153.0,-157.0,-155.0,-154.5,-155.5,-157.0,-152.0,-151.0,-152.0,-154.5,-153.0,-152.5,-152.0,-157.0,-150.0,-148.5,-150.0,-156.0,-157.0,-157.0,-157.0,-154.0,-154.5,-157.0,-155.0,-156.5,-156.5,-155.5,-157.0,-157.0,-157.0,-157.0,-155.5,-157.0,-156.5,-155.0,-153.0,-157.0,-156.5,-157.0,-157.0,-157.0,-150.5,-151.5,-157.0,-157.0,-157.0,-157.0,-157.0,-154.5,-152.5,-151.5,-154.5,-152.5,-154.0,-156.5,-157.0,-157.0,-157.0,-156.5,-155.5,-155.0,-157.0,-156.0,-151.5,-154.5,-157.0,-157.0,-157.0,-157.0,-157.0,-152.5,-152.5,-157.0,-157.0,-157.0,-157.0,-154.0,-155.0,-155.0,-151.5,-155.5,-152.0,-157.0,-156.5,-154.5,-157.0,-152.5,-151.0,-157.0,-157.0,-154.5,-155.0,-157.0,-157.0,-157.0,-151.5,-150.5,-151.5,-157.0,-156.5,-157.0,-153.0,-154.0,-154.0,-157.0,-157.0,-156.0,-152.5,-151.0,-157.0,-154.0,-157.0,-154.0,-157.0,-157.0,-156.5,-154.5,-156.0,-153.5,-154.0,-157.0,-155.5,-153.5,-152.0,-155.5,-153.0
2026-01-17 13:48:32.975,143.049967,5,-77,-157.0,-157.0,-157.0,-157.0,-155.0,-156.5,-157.0,-157.0,-153.0,-157.0,-154.5,-152.0,-157.0,-157.0,-150.5,-150.5,-153.5,-153.0,-157.0,-157.0,-155.0,-157.0,-152.0,-153.0,-149.5,-148.0,-154.5,-155.5,-155.0,-153.5,-157.0,-157.0,-157.0,-153.5,-150.5,-156.0,-154.5,-157.0,-157.0,-157.0,-157.0,-154.0,-157.0,-154.0,-154.0,-153.0,-155.5,-157.0,-157.0,-157.0,-156.0,-157.0,-157.0,-157.0,-155.0,-156.5,-157.0,-156.5,-157.0,-157.0,-157.0,-157.0,-153.5,-150.5,-157.0,-156.5,-157.0,-157.0,-157.0,-157.0,-155.0,-155.0,-153.0,-153.0,-157.0,-157.0,-157.0,-153.0,-151.0,-157.0,-157.0,-155.0,-157.0,-153.5,-157.0,-156.5,-157.0,-157.0,-157.0,-156.5,-157.0,-157.0,-157.0,-157.0,-156.0,-155.5,-156.0,-157.0,-157.0,-157.0,-157.0,-156.0,-155.5,-155.0,-153.5,-156.0,-157.0,-157.0,-156.5,-157.0,-151.5,-157.0,-155.0,-154.5,-155.0,-151.0,-152.0,-152.5,-157.0,-157.0,-155.0,-157.0,-157.0,-152.0,-157.0,-153.5,-156.0,-154.5,-156.5,-157.0,-157.0,-157.0,-157.0,-157.0,-157.0,-153.0,-155.0,-157.0,-151.0,-149.0,-157.0,-157.0,-157.0,-157.0,-155.5,-157.0,-157.0,-149.0,-151.0,-151.5,-153.0,-154.0,-155.5,-157.0,-157.0,-153.0,-153.5,-154.0,-154.0,-152.5,-154.5,-155.0,-156.0,-156.0,-157.0,-157.0,-153.5,-157.0,-156.5,-157.0,-157.0,-152.5,-156.5,-150.0,-157.0,-156.0,-157.0,-157.0,-152.0,-152.5,-157.0,-154.0,-155.0,-157.0,-157.0,-157.0,-157.0,-157.0,-155.5,-156.5,-155.0,-153.0,-155.5,-151.5,-150.5,-149.0,-157.0,-157.0,-154.0,-152.5,-153.0,-156.5,-157.0,-156.5,-155.5,-153.0,-157.0,-157.0,-157.0,-157.0,-157.0,-154.5,-152.0,-153.0,-157.0,-157.0,-153.5,-155.0,-152.0,-155.5,-157.0,-157.0,-156.5,-153.5,-153.5,-156.5,-157.0,-155.5,-157.0,-157.0,-157.0,-156.0,-156.5,-153.5,-154.5,-157.0,-157.0,-154.5,-154.5,-157.0,-157.0,-157.0,-150.0,-150.5,-157.0,-152.5,-152.0,-157.0,-157.0,-153.5,-151.5,-157.0,-156.5,-157.0,-154.5,-155.0,-157.0,-157.0,-157.0,-156.5,-150.0,-152.5,-151.5,-154.5,-157.0,-157.0,-157.0,-157.0,-155.0,-155.0,-156.0,-153.0,-157.0,-156.5,-152.5,-155.0,-156.0,-156.5,-155.0,-155.5,-157.0,-157.0,-157.0,-149.5,-151.0,-157.0,-154.5,-156.0,-157.0,-156.0,-156.0,-152.0,-157.0,-150.0,-149.5,-157.0,-157.0,-157.0,-157.0,-157.0,-157.0,-157.0,-154.0,-153.5,-157.0,-150.5,-152.0,-157.0,-157.0,-157.0,-157.0,-157.0,-157.0,-153.0,-153.0,-152.5,-154.5,-157.0,-157.0,-155.0,-157.0,-153.5,-155.5,-157.0,-156.0,-155.0,-157.0,-157.0,-157.0,-157.0,-157.0,-156.0,-157.0,-157.0,-157.0,-153.0,-157.0,-156.0,-155.5,-157.0,-150.5,-148.5,-157.0,-157.0,-157.0,-157.0,-157.0,-155.0,-152.0,-157.0,-156.5,-157.0,-157.0,-156.0,-152.0,-152.0,-154.0,-154.5,-153.5,-152.0,-153.5,-157.0,-153.5,-154.5,-155.5,-157.0,-157.0,-153.0,-157.0,-151.5,-151.5,-155.0,-155.5,-157.0,-157.0,-157.0,-157.0,-157.0,-155.0,-154.5,-153.0,-157.0,-154.5,-155.0,-152.5,-157.0,-157.0,-157.0,-157.0,-157.0,-152.0,-154.0,-157.0,-157.0,-157.0,-157.0,-157.0,-152.5,-153.0,-153.5,-157.0,-155.5,-157.0,-157.0,-157.0,-155.5,-157.0,-157.0,-157.0,-151.0,-152.5,-155.0,-152.0,-155.0,-157.0,-157.0,-157.0,-157.0,-157.0,-153.0,-156.0,-155.0,-157.0,-157.0,-157.0,-155.0,-156.0,-157.0,-154.5,-156.5,-155.0,-157.0,-157.0,-157.0,-157.0,-157.0,-154.0,-157.0,-157.0,-157.0,-157.0,-157.0,-155.5,-157.0,-153.5,-154.5,-154.5,-157.0,-157.0,-157.0,-155.5,-154.0,-157.0,-153.5,-155.0,-157.0,-155.5,-156.5,-153.5,-150.0,-154.0,-156.5,-157.0,-157.0,-154.0,-154.5,-157.0,-157.0,-156.0,-157.0,-153.5,-154.5,-149.0,-150.0,-157.0
2026-01-17 13:48:33.005,143.049967,5,-77,-157.0,-157.0,-157.0,-157.0,-155.5,-157.0,-154.5,-154.0,-149.5,-155.0,-151.0,-150.5,-155.0,-157.0,-149.5,-148.5,-154.0,-153.5,-157.0,-157.0,-155.0,-156.5,-155.0,-154.5,-148.5,-150.5,-157.0,-153.5,-157.0,-153.0,-155.5,-156.5,-157.0,-157.0,-152.0,-155.0,-156.5,-157.0,-157.0,-157.0,-157.0,-156.5,-156.0,-154.5,-152.5,-154.0,-157.0,-157.0,-157.0,-157.0,-157.0,-157.0,-154.5,-157.0,-156.0,-157.0,-157.0,-157.0,-153.5,-155.5,-157.0,-157.0,-157.0,-152.5,-157.0,-157.0,-151.5,-151.0,-157.0,-157.0,-157.0,-157.0,-153.0,-150.5,-154.5,-157.0,-157.0,-152.5,-156.0,-157.0,-155.5,-155.0,-154.0,-156.0,-157.0,-157.0,-157.0,-157.0,-155.5,-155.0,-157.0,-157.0,-157.0,-157.0,-157.0,-157.0,-157.0,-157.0,-157.0,-153.0,-153.5,-155.0,-156.0,-157.0,-157.0,-154.0,-157.0,-157.0,-156.0,-157.0,-152.0,-154.5,-156.0,-157.0,-157.0,-153.0,-151.5,-152.0,-157.0,-157.0,-154.5,-157.0,-157.0,-154.5,-157.0,-157.0,-157.0,-157.0,-157.0,-157.0,-155.0,-157.0,-157.0,-157.0,-157.0,-155.0,-157.0,-153.0,-150.5,-150.5,-157.0,-152.5,-152.5,-157.0,-157.0,-157.0,-157.0,-150.5,-152.0,-157.0,-157.0,-155.0,-152.5,-157.0,-151.0,-153.0,-151.5,-151.5,-155.0,-154.0,-155.0,-157.0,-156.0,-151.5,-152.0,-154.0,-153.0,-156.5,-156.0,-157.0,-157.0,-154.0,-156.5,-151.0,-155.0,-152.5,-157.0,-155.5,-153.5,-153.0,-157.0,-157.0,-154.5,-156.5,-157.0,-157.0,-157.0,-157.0,-152.5,-157.0,-157.0,-155.5,-155.0,-152.0,-155.5,-155.5,-153.5,-154.5,-153.5,-155.5,-156.0,-154.0,-157.0,-156.0,-153.0,-151.5,-153.0,-157.0,-157.0,-157.0,-157.0,-157.0,-153.0,-155.5,-157.0,-156.5,-155.0,-157.0,-155.0,-154.5,-155.5,-157.0,-157.0,-153.0,-157.0,-157.0,-157.0,-157.0,-157.0,-156.5,-156.5,-151.5,-155.5,-157.0,-157.0,-157.0,-157.0,-155.5,-156.0,-157.0,-157.0,-155.0,-153.5,-153.0,-157.0,-156.0,-157.0,-157.0,-157.0,-154.0,-153.5,-155.5,-152.5,-155.0,-156.5,-153.5,-154.5,-156.0,-157.0,-157.0,-152.5,-155.0,-154.5,-154.0,-157.0,-157.0,-157.0,-157.0,-151.5,-153.0,-157.0,-154.5,-157.0,-153.0,-151.0,-155.0,-157.0,-156.5,-157.0,-157.0,-157.0,-157.0,-157.0,-152.5,-157.0,-157.0,-157.0,-154.0,-157.0,-157.0,-153.0,-152.5,-157.0,-151.5,-151.5,-157.0,-152.0,-153.5,-157.0,-157.0,-157.0,-157.0,-157.0,-156.5,-157.0,-152.0,-153.5,-157.0,-157.0,-157.0,-157.0,-157.0,-157.0,-153.0,-152.5,-156.0,-153.0,-153.5,-157.0,-154.5,-153.5,-153.5,-156.0,-157.0,-154.5,-155.5,-157.0,-157.0,-157.0,-157.0,-156.5,-153.5,-157.0,-157.0,-157.0,-155.0,-154.5,-153.5,-153.0,-157.0,-150.5,-149.0,-157.0,-157.0,-154.0,-154.5,-157.0,-156.0,-154.5,-156.5,-156.0,-157.0,-157.0,-156.5,-154.5,-156.0,-156.0,-153.0,-155.5,-154.0,-156.0,-155.5,-157.0,-157.0,-157.0,-157.0,-151.5,-151.5,-157.0,-154.0,-152.0,-154.5,-157.0,-155.0,-157.0,-157.0,-157.0,-157.0,-157.0,-151.0,-152.0,-156.5,-156.0,-155.5,-153.0,-157.0,-157.0,-157.0,-157.0,-157.0,-155.5,-155.5,-157.0,-157.0,-157.0,-157.0,-157.0,-154.0,-157.0,-153.0,-154.5,-157.0,-157.0,-157.0,-157.0,-157.0,-157.0,-156.0,-157.0,-151.5,-149.0,-152.5,-153.0,-157.0,-157.0,-157.0,-157.0,-157.0,-157.0,-152.0,-157.0,-157.0,-152.0,-153.0,-156.0,-157.0,-157.0,-157.0,-157.0,-155.5,-156.0,-155.5,-157.0,-157.0,-157.0,-157.0,-156.0,-157.0,-155.0,-155.5,-157.0,-157.0,-153.0,-155.0,-153.0,-157.0,-157.0,-157.0,-157.0,-157.0,-157.0,-154.5,-155.5,-152.0,-152.5,-156.0,-157.0,-157.0,-151.5,-149.5,-155.5,-154.5,-156.0,-154.5,-155.0,-156.5,-156.0,-157.0,-157.0,-156.5,-151.5,-152.0,-152.5,-152.0,-157.0
2026-01-17 13:48:33.041,143.049967,5,-77,-157.0,-157.0,-157.0,-157.0,-154.5,-157.0,-150.5,-151.0,-150.5,-153.5,-155.5,-156.0,-157.0,-156.5,-150.0,-150.5,-157.0,-156.5,-157.0,-157.0,-157.0,-156.5,-155.5,-151.5,-150.5,-157.0,-157.0,-153.0,-157.0,-154.5,-154.5,-157.0,-156.5,-157.0,-156.0,-157.0,-157.0,-156.0,-157.0,-157.0,-157.0,-157.0,-157.0,-157.0,-157.0,-155.0,-157.0,-157.0,-157.0,-157.0,-157.0,-157.0,-153.0,-157.0,-156.0,-157.0,-157.0,-154.5,-152.5,-153.5,-152.5,-157.0,-157.0,-154.0,-157.0,-156.0,-149.0,-148.5,-151.0,-156.0,-157.0,-157.0,-156.5,-152.5,-156.5,-157.0,-157.0,-152.0,-152.0,-156.0,-153.0,-156.5,-157.0,-155.5,-157.0,-157.0,-157.0,-157.0,-157.0,-157.0,-157.0,-157.0,-157.0,-157.0,-157.0,-157.0,-154.5,-157.0,-156.0,-151.0,-152.0,-157.0,-157.0,-157.0,-157.0,-152.5,-154.5,-156.0,-154.0,-157.0,-153.5,-151.0,-157.0,-157.0,-157.0,-154.0,-157.0,-151.0,-153.5,-157.0,-155.0,-157.0,-156.0,-154.0,-157.0,-156.5,-157.0,-157.0,-157.0,-157.0,-155.5,-157.0,-157.0,-157.0,-157.0,-154.0,-157.0,-154.5,-157.0,-156.5,-157.0,-149.0,-148.0,-156.5,-157.0,-157.0,-157.0,-154.0,-157.0,-157.0,-157.0,-152.5,-152.5,-152.5,-150.0,-155.5,-152.5,-155.0,-153.5,-157.0,-154.5,-155.0,-152.0,-152.5,-151.0,-156.0,-155.5,-153.0,-154.0,-157.0,-157.0,-153.0,-151.5,-150.5,-154.5,-152.5,-157.0,-151.5,-152.5,-154.0,-157.0,-157.0,-157.0,-157.0,-157.0,-157.0,-154.5,-157.0,-152.5,-157.0,-157.0,-157.0,-157.0,-156.5,-157.0,-156.5,-152.0,-153.5,-156.5,-157.0,-157.0,-153.5,-157.0,-155.0,-154.5,-153.0,-151.5,-156.0,-157.0,-157.0,-157.0,-157.0,-151.5,-152.5,-154.5,-157.0,-154.5,-157.0,-157.0,-157.0,-154.0,-157.0,-152.5,-150.5,-157.0,-157.0,-157.0,-157.0,-157.0,-156.5,-150.0,-150.0,-157.0,-157.0,-157.0,-157.0,-157.0,-157.0,-157.0,-157.0,-157.0,-151.5,-153.5,-157.0,-157.0,-156.0,-157.0,-157.0,-157.0,-157.0,-152.5,-154.0,-154.0,-154.5,-157.0,-153.5,-152.5,-154.0,-157.0,-154.0,-154.5,-157.0,-154.5,-152.0,-157.0,-157.0,-157.0,-154.5,-150.5,-153.0,-155.5,-153.5,-157.0,-156.5,-153.0,-152.0,-151.5,-154.5,-157.0,-156.5,-157.0,-157.0,-157.0,-153.0,-157.0,-157.0,-157.0,-154.5,-157.0,-156.5,-152.5,-153.0,-157.0,-155.0,-157.0,-157.0,-150.0,-157.0,-153.0,-154.5,-157.0,-154.5,-155.5,-157.0,-157.0,-157.0,-156.0,-157.0,-157.0,-157.0,-157.0,-157.0,-156.5,-155.5,-157.0,-157.0,-149.5,-149.5,-157.0,-157.0,-151.5,-157.0,-157.0,-157.0,-157.0,-157.0,-157.0,-157.0,-157.0,-157.0,-153.5,-151.5,-157.0,-157.0,-153.5,-156.5,-157.0,-153.0,-153.0,-157.0,-157.0,-155.5,-156.5,-156.5,-154.5,-155.0,-157.0,-156.5,-157.0,-153.0,-152.5,-156.5,-157.0,-150.5,-150.5,-155.0,-154.5,-154.0,-157.0,-154.0,-157.0,-153.5,-155.5,-156.0,-157.0,-157.0,-151.5,-152.0,-152.5,-154.5,-154.0,-155.5,-152.0,-152.5,-154.0,-157.0,-157.0,-157.0,-157.0,-151.5,-156.5,-157.0,-157.0,-157.0,-155.5,-157.0,-157.0,-157.0,-157.0,-157.0,-157.0,-156.0,-154.5,-153.5,-154.0,-157.0,-156.0,-154.0,-157.0,-156.5,-154.0,-156.5,-157.0,-157.0,-157.0,-157.0,-153.0,-151.5,-157.0,-151.5,-149.0,-157.0,-156.5,-157.0,-155.5,-157.0,-157.0,-157.0,-155.5,-151.0,-157.0,-157.0,-151.5,-153.5,-157.0,-157.0,-157.0,-157.0,-153.5,-153.5,-157.0,-153.0,-152.5,-157.0,-157.0,-157.0,-154.5,-155.5,-152.5,-155.0,-155.5,-157.0,-153.5,-150.5,-152.0,-157.0,-157.0,-157.0,-157.0,-157.0,-157.0,-157.0,-157.0,-157.0,-155.5,-156.5,-157.0,-157.0,-157.0,-153.0,-157.0,-156.5,-152.5,-156.5,-156.5,-157.0,-157.0,-155.0,-157.0,-151.5,-150.0,-151.0,-152.5,-152.0,-157.0
2026-01-17 13:48:33.067,143.049967,5,-77,-157.0,-157.0,-157.0,-157.0,-156.5,-155.5,-151.0,-153.0,-157.0,-157.0,-157.0,-156.0,-156.0,-156.5,-154.0,-155.0,-157.0,-157.0,-157.0,-157.0,-157.0,-157.0,-154.5,-152.5,-155.0,-157.0,-156.0,-157.0,-154.0,-157.0,-153.5,-153.5,-154.0,-157.0,-157.0,-157.0,-157.0,-154.0,-157.0,-157.0,-157.0,-157.0,-157.0,-156.5,-154.5,-156.0,-157.0,-156.0,-157.0,-157.0,-157.0,-157.0,-157.0,-157.0,-156.0,-157.0,-156.0,-152.5,-157.0,-156.0,-150.0,-152.5,-152.5,-154.0,-154.0,-157.0,-152.5,-155.5,-151.0,-157.0,-157.0,-157.0,-154.0,-153.5,-153.5,-153.5,-157.0,-153.0,-152.5,-157.0,-152.5,-154.0,-156.0,-153.5,-157.0,-157.0,-157.0,-154.0,-155.5,-157.0,-157.0,-157.0,-157.0,-157.0,-154.5,-155.0,-153.0,-154.5,-157.0,-155.5,-153.0,-157.0,-157.0,-150.0,-150.5,-154.0,-157.0,-156.0,-152.0,-156.0,-157.0,-152.0,-157.0,-157.0,-157.0,-154.5,-153.5,-150.5,-152.0,-157.0,-156.0,-157.0,-157.0,-154.5,-157.0,-157.0,-157.0,-157.0,-157.0,-154.5,-157.0,-157.0,-157.0,-157.0,-157.0,-155.0,-157.0,-157.0,-157.0,-157.0,-154.5,-149.0,-151.0,-153.0,-157.0,-157.0,-157.0,-155.5,-154.0,-154.0,-154.0,-151.0,-154.0,-155.5,-153.5,-155.0,-153.5,-157.0,-157.0,-157.0,-156.0,-151.0,-152.5,-153.5,-154.0,-156.0,-152.0,-152.5,-157.0,-157.0,-157.0,-157.0,-149.5,-149.5,-157.0,-154.5,-157.0,-155.0,-149.5,-151.0,-157.0,-157.0,-157.0,-157.0,-157.0,-157.0,-151.5,-153.5,-154.0,-157.0,-157.0,-157.0,-157.0,-157.0,-157.0,-152.0,-153.5,-157.0,-153.0,-153.0,-157.0,-155.0,-157.0,-157.0,-157.0,-156.0,-157.0,-157.0,-157.0,-157.0,-157.0,-157.0,-154.0,-156.0,-152.5,-156.0,-155.0,-157.0,-155.0,-156.0,-151.5,-156.5,-150.0,-151.0,-155.0,-154.5,-157.0,-157.0,-157.0,-157.0,-152.5,-154.5,-157.0,-154.5,-157.0,-157.0,-157.0,-157.0,-157.0,-157.0,-157.0,-151.5,-153.5,-157.0,-156.0,-157.0,-157.0,-154.5,-157.0,-157.0,-152.5,-155.0,-157.0,-157.0,-157.0,-156.5,-157.0,-157.0,-157.0,-153.5,-156.0,-157.0,-157.0,-152.0,-155.5,-153.0,-153.5,-152.0,-151.5,-157.0,-157.0,-153.0,-156.5,-152.5,-154.0,-156.0,-149.5,-157.0,-154.5,-154.5,-157.0,-157.0,-154.5,-154.0,-157.0,-157.0,-157.0,-156.0,-157.0,-156.5,-155.0,-154.0,-157.0,-157.0,-157.0,-157.0,-152.0,-157.0,-149.5,-154.0,-154.0,-153.0,-157.0,-157.0,-157.0,-157.0,-153.5,-154.5,-157.0,-154.0,-153.0,-157.0,-156.5,-157.0,-157.0,-154.0,-151.5,-149.0,-152.5,-152.0,-150.0,-157.0,-157.0,-157.0,-157.0,-157.0,-153.5,-155.0,-156.5,-155.0,-153.0,-153.5,-157.0,-156.5,-152.0,-157.0,-157.0,-154.0,-153.5,-157.0,-157.0,-157.0,-155.5,-157.0,-156.5,-157.0,-157.0,-153.0,-157.0,-156.0,-153.5,-153.5,-157.0,-148.5,-148.0,-156.0,-155.5,-157.0,-157.0,-156.0,-157.0,-155.5,-157.0,-152.5,-156.5,-157.0,-155.5,-151.0,-150.0,-150.5,-154.0,-151.0,-150.5,-157.0,-157.0,-157.0,-157.0,-157.0,-157.0,-150.5,-153.0,-157.0,-157.0,-157.0,-153.5,-153.0,-154.0,-152.5,-155.5,-157.0,-157.0,-157.0,-152.5,-153.5,-156.5,-157.0,-157.0,-157.0,-155.0,-157.0,-157.0,-155.5,-157.0,-157.0,-157.0,-157.0,-150.5,-151.0,-157.0,-149.0,-150.0,-156.5,-157.0,-155.0,-155.0,-157.0,-157.0,-157.0,-155.5,-153.5,-156.5,-157.0,-155.5,-155.5,-157.0,-157.0,-157.0,-157.0,-155.0,-156.5,-157.0,-153.5,-153.5,-157.0,-157.0,-157.0,-154.5,-156.5,-154.0,-157.0,-157.0,-154.5,-153.5,-156.0,-154.0,-157.0,-157.0,-157.0,-156.0,-157.0,-153.0,-156.0,-157.0,-157.0,-157.0,-157.0,-157.0,-157.0,-157.0,-154.0,-157.0,-155.5,-153.5,-155.5,-157.0,-157.0,-157.0,-154.0,-157.0,-152.0,-155.5,-152.0,-150.5,-154.0,-157.0
2026-01-17 13:48:33.101,143.049967,5,-77,-157.0,-157.0,-154.0,-154.5,-157.0,-157.0,-154.0,-157.0,-157.0,-157.0,-153.5,-151.5,-152.0,-156.5,-157.0,-157.0,-154.0,-156.0,-157.0,-153.0,-152.0,-157.0,-157.0,-153.0,-157.0,-157.0,-157.0,-157.0,-153.0,-153.0,-155.5,-157.0,-154.0,-157.0,-157.0,-157.0,-157.0,-153.5,-157.0,-156.0,-157.0,-157.0,-157.0,-151.0,-151.0,-157.0,-157.0,-154.5,-156.5,-157.0,-157.0,-157.0,-157.0,-157.0,-156.5,-157.0,-154.5,-153.0,-157.0,-152.5,-150.5,-157.0,-151.5,-157.0,-157.0,-157.0,-157.0,-157.0,-153.0,-157.0,-156.5,-155.0,-154.0,-155.5,-154.5,-155.0,-157.0,-156.5,-157.0,-157.0,-155.5,-157.0,-153.5,-154.0,-157.0,-155.5,-153.0,-152.0,-152.0,-157.0,-157.0,-157.0,-155.5,-157.0,-157.0,-157.0,-155.0,-155.5,-157.0,-157.0,-157.0,-157.0,-155.5,-148.0,-149.0,-157.0,-157.0,-156.5,-153.0,-157.0,-151.5,-150.0,-153.5,-153.5,-155.5,-153.0,-151.5,-153.0,-156.0,-157.0,-154.5,-155.5,-156.0,-156.0,-156.0,-157.0,-157.0,-155.0,-157.0,-153.5,-157.0,-157.0,-155.0,-157.0,-157.0,-157.0,-157.0,-157.0,-153.0,-156.0,-155.0,-154.5,-153.0,-153.5,-153.5,-156.0,-156.5,-157.0,-152.0,-152.0,-155.5,-154.0,-152.0,-152.5,-153.5,-156.0,-155.5,-157.0,-157.0,-157.0,-157.0,-150.5,-151.0,-154.0,-156.0,-156.0,-147.5,-149.0,-153.5,-154.5,-157.0,-157.0,-152.0,-152.5,-156.0,-153.5,-157.0,-157.0,-149.5,-151.0,-157.0,-157.0,-157.0,-154.5,-154.5,-157.0,-152.5,-151.5,-154.5,-154.0,-157.0,-157.0,-157.0,-157.0,-152.5,-154.0,-157.0,-157.0,-153.5,-153.0,-152.0,-153.0,-157.0,-157.0,-157.0,-157.0,-157.0,-156.5,-157.0,-157.0,-157.0,-157.0,-157.0,-155.5,-154.5,-157.0,-157.0,-156.0,-153.0,-153.0,-151.5,-157.0,-154.0,-157.0,-152.0,-152.0,-157.0,-157.0,-157.0,-157.0,-156.5,-157.0,-157.0,-155.5,-153.5,-155.0,-154.5,-157.0,-152.0,-154.5,-156.0,-155.5,-157.0,-157.0,-154.5,-156.0,-157.0,-154.5,-155.5,-155.5,-156.0,-157.0,-157.0,-157.0,-157.0,-157.0,-157.0,-157.0,-156.0,-157.0,-157.0,-157.0,-157.0,-155.0,-154.5,-154.0,-154.0,-155.5,-156.0,-157.0,-155.5,-152.5,-155.5,-151.5,-153.5,-156.0,-150.0,-157.0,-154.0,-157.0,-157.0,-157.0,-153.5,-156.0,-157.0,-156.0,-155.5,-154.0,-155.0,-157.0,-157.0,-154.0,-157.0,-157.0,-157.0,-157.0,-153.5,-155.0,-149.0,-151.0,-152.0,-153.0,-157.0,-155.0,-154.5,-156.0,-153.5,-157.0,-157.0,-155.0,-154.0,-150.5,-150.5,-154.5,-157.0,-153.5,-157.0,-149.5,-149.5,-152.5,-152.5,-157.0,-157.0,-157.0,-157.0,-154.5,-150.5,-153.5,-156.5,-153.5,-154.0,-157.0,-157.0,-157.0,-151.5,-154.5,-157.0,-152.0,-151.0,-157.0,-157.0,-157.0,-157.0,-157.0,-154.5,-157.0,-155.0,-152.0,-156.0,-157.0,-154.5,-155.5,-157.0,-151.0,-152.0,-154.5,-157.0,-157.0,-157.0,-157.0,-157.0,-157.0,-157.0,-151.5,-154.0,-157.0,-157.0,-154.0,-156.5,-151.5,-157.0,-154.5,-157.0,-157.0,-157.0,-155.0,-155.0,-156.5,-157.0,-151.5,-150.5,-157.0,-157.0,-157.0,-150.5,-151.0,-154.0,-152.0,-154.5,-157.0,-157.0,-157.0,-152.5,-156.5,-155.0,-154.5,-157.0,-157.0,-157.0,-152.5,-156.5,-157.0,-157.0,-157.0,-157.0,-157.0,-154.5,-156.5,-157.0,-150.0,-150.5,-156.0,-157.0,-153.0,-152.5,-157.0,-157.0,-157.0,-157.0,-154.5,-157.0,-156.5,-157.0,-157.0,-157.0,-157.0,-157.0,-157.0,-157.0,-157.0,-157.0,-156.0,-156.5,-157.0,-157.0,-157.0,-156.5,-157.0,-157.0,-157.0,-157.0,-153.0,-153.5,-157.0,-157.0,-157.0,-157.0,-157.0,-156.0,-157.0,-154.0,-154.0,-155.5,-155.0,-157.0,-157.0,-157.0,-157.0,-157.0,-154.0,-155.5,-150.0,-152.0,-151.0,-153.0,-154.0,-156.5,-155.0,-157.0,-156.0,-155.0,-152.0,-151.0,-157.0,-157.0
2026-01-17 13:48:33.138,143.049967,5,-77,-157.0,-157.0,-157.0,-155.0,-155.0,-157.0,-153.0,-157.0,-157.0,-157.0,-152.5,-154.5,-156.5,-157.0,-157.0,-157.0,-153.5,-155.0,-157.0,-152.0,-153.0,-153.5,-157.0,-154.0,-156.5,-157.0,-157.0,-157.0,-154.5,-156.5,-157.0,-157.0,-157.0,-157.0,-157.0,-157.0,-156.0,-154.0,-157.0,-157.0,-157.0,-157.0,-157.0,-151.5,-151.5,-154.0,-157.0,-157.0,-157.0,-155.0,-155.0,-156.0,-156.5,-157.0,-155.5,-157.0,-157.0,-155.5,-157.0,-154.5,-155.0,-153.0,-152.5,-156.5,-157.0,-154.5,-153.5,-157.0,-153.5,-155.5,-157.0,-156.0,-157.0,-157.0,-155.0,-157.0,-157.0,-157.0,-157.0,-157.0,-157.0,-155.0,-156.5,-157.0,-157.0,-151.5,-151.0,-154.5,-155.5,-156.5,-157.0,-157.0,-155.5,-157.0,-157.0,-157.0,-157.0,-157.0,-155.0,-155.5,-157.0,-157.0,-154.5,-151.0,-149.5,-157.0,-151.0,-151.0,-156.0,-157.0,-152.0,-150.5,-155.0,-155.0,-157.0,-156.0,-154.5,-157.0,-156.5,-157.0,-153.0,-156.5,-154.5,-154.5,-155.0,-157.0,-152.0,-150.0,-157.0,-154.5,-156.5,-157.0,-153.0,-157.0,-157.0,-157.0,-157.0,-157.0,-152.0,-154.5,-155.5,-157.0,-155.0,-155.0,-150.5,-150.0,-154.0,-157.0,-154.5,-157.0,-157.0,-157.0,-151.0,-150.0,-149.5,-150.0,-154.0,-157.0,-157.0,-157.0,-157.0,-153.5,-151.0,-157.0,-157.0,-157.0,-150.0,-151.0,-151.0,-154.0,-157.0,-157.0,-156.0,-156.0,-152.5,-152.0,-157.0,-157.0,-154.5,-154.0,-157.0,-157.0,-157.0,-156.5,-153.5,-154.0,-156.0,-155.5,-153.5,-153.5,-157.0,-157.0,-157.0,-157.0,-154.0,-157.0,-157.0,-156.0,-157.0,-156.5,-150.5,-151.5,-157.0,-157.0,-152.0,-154.5,-157.0,-157.0,-156.5,-157.0,-157.0,-157.0,-157.0,-154.0,-157.0,-157.0,-157.0,-154.0,-151.0,-155.5,-157.0,-157.0,-157.0,-157.0,-151.5,-152.5,-157.0,-157.0,-157.0,-153.5,-152.5,-153.0,-157.0,-155.5,-152.5,-154.5,-157.0,-153.5,-148.5,-157.0,-156.0,-157.0,-156.0,-157.0,-151.5,-152.5,-157.0,-157.0,-154.0,-152.0,-152.5,-156.0,-157.0,-157.0,-157.0,-157.0,-157.0,-154.5,-156.0,-157.0,-155.5,-157.0,-157.0,-153.5,-157.0,-157.0,-154.5,-157.0,-157.0,-157.0,-154.5,-152.5,-157.0,-154.0,-157.0,-156.0,-151.5,-154.5,-156.0,-156.5,-153.5,-154.5,-152.5,-154.0,-157.0,-153.0,-155.0,-157.0,-157.0,-157.0,-155.5,-153.0,-157.0,-157.0,-157.0,-157.0,-155.0,-152.0,-150.0,-151.5,-154.0,-154.5,-156.5,-152.0,-157.0,-157.0,-155.0,-157.0,-156.0,-157.0,-157.0,-150.0,-148.5,-154.0,-155.0,-153.0,-157.0,-156.5,-156.5,-157.0,-156.5,-157.0,-153.0,-156.0,-157.0,-154.5,-151.0,-157.0,-157.0,-154.5,-155.0,-157.0,-157.0,-157.0,-152.0,-154.0,-152.5,-152.5,-153.0,-155.0,-155.5,-156.0,-157.0,-153.5,-151.5,-157.0,-156.0,-156.5,-157.0,-157.0,-154.0,-157.0,-156.0,-152.5,-156.5,-155.0,-157.0,-157.0,-157.0,-157.0,-157.0,-157.0,-157.0,-153.5,-156.5,-156.0,-157.0,-157.0,-157.0,-152.0,-153.0,-157.0,-157.0,-156.0,-153.5,-153.0,-150.5,-151.0,-155.5,-156.5,-153.5,-157.0,-157.0,-156.0,-151.0,-157.0,-155.5,-157.0,-157.0,-157.0,-157.0,-157.0,-153.5,-154.5,-154.5,-153.5,-157.0,-157.0,-157.0,-149.5,-157.0,-157.0,-157.0,-157.0,-157.0,-155.5,-157.0,-157.0,-157.0,-154.0,-156.5,-157.0,-157.0,-154.0,-153.0,-157.0,-157.0,-157.0,-157.0,-155.5,-157.0,-153.0,-154.0,-157.0,-157.0,-157.0,-157.0,-157.0,-157.0,-157.0,-156.5,-157.0,-156.5,-157.0,-157.0,-157.0,-157.0,-157.0,-157.0,-156.5,-152.0,-151.5,-157.0,-157.0,-157.0,-157.0,-157.0,-157.0,-157.0,-157.0,-157.0,-149.5,-150.0,-154.0,-157.0,-157.0,-157.0,-156.5,-155.5,-157.0,-155.5,-150.5,-151.0,-149.5,-150.5,-157.0,-157.0,-156.5,-157.0,-157.0,-153.0,-150.5,-152.5,-157.0,-157.0
2026-01-17 13:48:33.169,143.049967,5,-77,-157.0,-157.0,-157.0,-157.0,-157.0,-157.0,-151.5,-157.0,-156.5,-155.5,-153.0,-157.0,-157.0,-157.0,-157.0,-156.5,-157.0,-157.0,-157.0,-154.0,-157.0,-156.0,-157.0,-157.0,-155.0,-157.0,-157.0,-157.0,-155.5,-157.0,-157.0,-157.0,-157.0,-157.0,-157.0,-157.0,-153.5,-156.5,-157.0,-157.0,-157.0,-154.5,-155.5,-151.5,-153.0,-153.0,-157.0,-157.0,-157.0,-152.0,-152.0,-156.5,-151.0,-152.0,-151.5,-155.0,-157.0,-157.0,-157.0,-157.0,-157.0,-154.0,-154.5,-152.0,-153.0,-151.5,-151.0,-152.0,-150.5,-152.0,-157.0,-157.0,-157.0,-156.5,-153.0,-157.0,-157.0,-155.5,-155.0,-157.0,-154.0,-152.0,-157.0,-157.0,-150.5,-149.5,-156.0,-157.0,-157.0,-157.0,-157.0,-157.0,-157.0,-157.0,-157.0,-157.0,-157.0,-154.0,-154.5,-156.0,-157.0,-157.0,-157.0,-153.0,-152.5,-155.5,-152.0,-153.5,-157.0,-157.0,-157.0,-154.0,-156.5,-157.0,-157.0,-155.5,-155.5,-157.0,-153.5,-157.0,-154.5,-157.0,-156.5,-155.5,-153.0,-156.0,-154.0,-149.0,-152.5,-157.0,-155.5,-155.0,-152.0,-157.0,-157.0,-157.0,-157.0,-157.0,-150.0,-153.0,-151.5,-156.5,-157.0,-157.0,-151.0,-153.5,-154.5,-157.0,-155.5,-157.0,-157.0,-157.0,-152.5,-156.5,-152.0,-151.5,-157.0,-154.5,-157.0,-157.0,-157.0,-157.0,-153.0,-157.0,-157.0,-157.0,-154.5,-157.0,-153.5,-155.0,-157.0,-157.0,-157.0,-154.5,-157.0,-154.5,-157.0,-157.0,-157.0,-156.0,-155.5,-152.5,-157.0,-157.0,-157.0,-155.5,-157.0,-156.5,-153.5,-154.5,-157.0,-157.0,-157.0,-157.0,-153.5,-154.5,-157.0,-155.5,-157.0,-155.5,-152.5,-155.0,-157.0,-157.0,-151.0,-150.5,-156.5,-157.0,-157.0,-156.0,-156.0,-154.0,-153.0,-152.0,-157.0,-157.0,-157.0,-155.5,-151.0,-157.0,-157.0,-155.5,-156.5,-157.0,-152.5,-157.0,-157.0,-157.0,-155.5,-151.5,-151.5,-153.0,-155.0,-155.5,-155.0,-154.0,-156.5,-153.5,-147.5,-157.0,-157.0,-157.0,-154.5,-155.0,-152.5,-155.0,-156.5,-156.0,-153.5,-152.5,-150.0,-154.0,-153.5,-157.0,-157.0,-155.5,-155.5,-150.5,-152.5,-157.0,-151.5,-151.5,-153.0,-154.0,-157.0,-153.5,-153.0,-157.0,-156.5,-155.5,-157.0,-154.5,-153.5,-155.0,-157.0,-154.0,-153.0,-153.5,-157.0,-157.0,-152.0,-152.0,-152.0,-157.0,-156.5,-156.0,-157.0,-157.0,-157.0,-157.0,-157.0,-154.0,-157.0,-157.0,-157.0,-153.5,-151.5,-151.0,-151.0,-155.5,-157.0,-157.0,-153.0,-151.0,-155.5,-157.0,-157.0,-156.5,-157.0,-157.0,-157.0,-156.0,-152.0,-156.0,-152.0,-155.5,-157.0,-157.0,-157.0,-157.0,-157.0,-157.0,-153.0,-155.5,-157.0,-157.0,-153.5,-155.0,-154.0,-155.5,-157.0,-157.0,-153.5,-157.0,-153.5,-153.5,-154.5,-155.5,-154.5,-157.0,-152.5,-151.0,-157.0,-156.0,-154.0,-156.0,-157.0,-157.0,-157.0,-154.0,-153.5,-157.0,-155.0,-153.5,-157.0,-157.0,-157.0,-157.0,-157.0,-156.5,-156.0,-154.5,-157.0,-157.0,-155.0,-153.5,-157.0,-157.0,-157.0,-154.0,-154.5,-157.0,-157.0,-157.0,-152.0,-154.5,-153.0,-155.5,-156.5,-157.0,-156.0,-157.0,-157.0,-157.0,-152.0,-157.0,-157.0,-157.0,-157.0,-157.0,-157.0,-157.0,-157.0,-157.0,-157.0,-153.0,-157.0,-157.0,-155.5,-150.0,-155.5,-157.0,-157.0,-156.5,-157.0,-156.5,-155.5,-157.0,-157.0,-154.5,-156.5,-154.0,-157.0,-157.0,-157.0,-157.0,-157.0,-157.0,-157.0,-157.0,-157.0,-155.5,-157.0,-157.0,-157.0,-157.0,-157.0,-154.5,-157.0,-157.0,-156.0,-157.0,-156.5,-157.0,-157.0,-157.0,-157.0,-157.0,-157.0,-157.0,-153.0,-151.0,-157.0,-157.0,-156.0,-157.0,-156.5,-155.0,-157.0,-157.0,-157.0,-148.0,-151.0,-155.0,-155.0,-157.0,-155.5,-153.5,-154.0,-157.0,-157.0,-157.0,-155.5,-152.0,-157.0,-157.0,-157.0,-157.0,-157.0,-154.5,-154.0,-153.0,-155.5,-155.0,-155.5
2026-01-17 13:48:33.221,143.049967,5,-77,-157.0,-157.0,-157.0,-157.0,-157.0,-157.0,-153.0,-153.5,-157.0,-154.0,-151.0,-155.5,-157.0,-157.0,-157.0,-154.5,-154.5,-154.5,-155.5,-153.5,-157.0,-157.0,-157.0,-157.0,-155.5,-157.0,-157.0,-157.0,-155.0,-153.0,-157.0,-157.0,-157.0,-157.0,-157.0,-156.0,-154.0,-157.0,-156.5,-157.0,-157.0,-154.5,-150.5,-151.0,-157.0,-156.0,-157.0,-157.0,-157.0,-154.5,-152.5,-154.0,-150.5,-150.5,-154.0,-154.5,-156.5,-153.5,-154.5,-157.0,-157.0,-157.0,-155.0,-152.0,-153.5,-154.0,-153.0,-150.5,-149.5,-149.0,-154.0,-157.0,-157.0,-155.5,-152.5,-157.0,-156.5,-157.0,-157.0,-157.0,-152.5,-153.5,-155.5,-155.5,-151.5,-150.5,-155.5,-157.0,-156.0,-157.0,-157.0,-157.0,-157.0,-152.5,-153.0,-154.0,-157.0,-156.0,-157.0,-157.0,-156.0,-157.0,-156.5,-151.5,-157.0,-157.0,-153.5,-155.0,-154.0,-157.0,-156.0,-153.0,-152.0,-157.0,-157.0,-151.5,-153.0,-153.0,-151.5,-157.0,-157.0,-157.0,-154.5,-157.0,-152.0,-153.5,-157.0,-150.5,-152.5,-156.5,-155.0,-154.0,-154.5,-154.0,-157.0,-153.5,-155.0,-154.5,-148.0,-149.0,-148.5,-148.5,-157.0,-154.5,-152.0,-157.0,-157.0,-157.0,-153.0,-157.0,-157.0,-157.0,-151.0,-155.0,-154.0,-156.5,-157.0,-156.5,-155.5,-156.5,-157.0,-156.5,-152.0,-155.5,-153.5,-153.0,-155.5,-157.0,-153.5,-153.0,-157.0,-157.0,-155.5,-155.5,-157.0,-157.0,-157.0,-157.0,-154.0,-153.5,-152.0,-150.0,-155.5,-157.0,-157.0,-157.0,-157.0,-154.5,-154.5,-157.0,-157.0,-157.0,-157.0,-157.0,-153.5,-152.0,-156.5,-157.0,-157.0,-157.0,-157.0,-157.0,-157.0,-157.0,-154.5,-151.0,-152.0,-157.0,-157.0,-153.0,-153.0,-152.5,-152.5,-153.5,-156.0,-157.0,-157.0,-156.0,-152.5,-157.0,-157.0,-153.5,-156.5,-156.0,-152.5,-157.0,-157.0,-157.0,-155.0,-155.0,-153.5,-154.5,-157.0,-157.0,-157.0,-154.5,-154.0,-153.5,-146.5,-156.0,-157.0,-157.0,-157.0,-153.0,-150.5,-154.5,-155.0,-157.0,-155.5,-152.0,-153.0,-157.0,-152.0,-157.0,-157.0,-153.0,-151.0,-150.5,-152.5,-155.0,-149.5,-150.5,-152.0,-157.0,-157.0,-153.0,-156.0,-157.0,-152.5,-152.0,-157.0,-157.0,-151.0,-155.0,-157.0,-149.0,-150.0,-153.5,-153.5,-157.0,-156.0,-157.0,-154.0,-157.0,-153.5,-156.5,-157.0,-157.0,-157.0,-151.5,-152.5,-153.0,-156.0,-157.0,-157.0,-151.0,-149.5,-152.5,-153.5,-157.0,-157.0,-157.0,-157.0,-157.0,-157.0,-157.0,-157.0,-154.5,-157.0,-157.0,-157.0,-155.5,-157.0,-152.0,-149.0,-153.0,-157.0,-157.0,-157.0,-157.0,-157.0,-157.0,-154.5,-157.0,-151.5,-152.0,-153.0,-150.5,-150.0,-156.0,-157.0,-155.0,-152.0,-153.5,-157.0,-156.5,-157.0,-152.0,-150.5,-157.0,-150.5,-150.5,-157.0,-157.0,-157.0,-154.0,-154.5,-157.0,-157.0,-153.5,-154.5,-157.0,-157.0,-157.0,-157.0,-156.0,-155.0,-156.0,-157.0,-154.5,-157.0,-152.5,-156.0,-155.0,-155.5,-153.5,-157.0,-157.0,-157.0,-157.0,-157.0,-157.0,-157.0,-153.5,-152.0,-155.0,-156.5,-157.0,-157.0,-154.0,-154.0,-157.0,-157.0,-156.5,-155.0,-156.5,-154.5,-156.5,-157.0,-154.5,-154.0,-157.0,-157.0,-157.0,-157.0,-150.0,-151.0,-157.0,-157.0,-155.5,-152.5,-157.0,-157.0,-153.5,-155.0,-157.0,-154.0,-154.0,-154.0,-152.0,-152.5,-154.0,-156.5,-157.0,-157.0,-157.0,-157.0,-157.0,-157.0,-157.0,-157.0,-157.0,-157.0,-154.0,-153.5,-153.5,-153.5,-152.0,-157.0,-157.0,-156.5,-155.5,-157.0,-157.0,-156.0,-157.0,-157.0,-157.0,-157.0,-157.0,-157.0,-152.0,-155.5,-157.0,-151.0,-154.5,-155.5,-157.0,-156.0,-155.5,-157.0,-149.5,-154.5,-155.0,-155.0,-157.0,-155.0,-152.0,-153.0,-157.0,-157.0,-157.0,-157.0,-155.5,-157.0,-157.0,-157.0,-157.0,-155.5,-151.5,-153.5,-154.5,-153.5,-152.0,-155.0
2026-01-17 13:48:33.239,143.049967,5,-77,-157.0,-157.0,-157.0,-157.0,-157.0,-157.0,-157.0,-153.5,-157.0,-157.0,-151.5,-152.5,-157.0,-155.0,-155.5,-155.0,-149.5,-151.0,-156.5,-153.5,-157.0,-157.0,-157.0,-156.0,-154.5,-155.5,-157.0,-157.0,-156.5,-155.0,-155.0,-157.0,-157.0,-154.0,-155.0,-156.0,-154.5,-157.0,-157.0,-157.0,-157.0,-157.0,-152.5,-154.0,-157.0,-157.0,-157.0,-157.0,-157.0,-157.0,-151.0,-150.0,-154.0,-154.5,-157.0,-157.0,-151.5,-150.0,-155.0,-157.0,-157.0,-156.0,-155.0,-153.5,-153.0,-154.5,-154.0,-157.0,-157.0,-149.0,-150.0,-157.0,-157.0,-152.5,-154.0,-157.0,-157.0,-155.5,-154.5,-157.0,-152.0,-152.5,-153.0,-155.0,-156.5,-156.5,-157.0,-156.0,-156.0,-153.0,-153.0,-157.0,-157.0,-151.5,-151.0,-152.5,-155.0,-157.0,-157.0,-157.0,-151.0,-151.5,-157.0,-152.0,-157.0,-154.0,-151.5,-150.5,-152.0,-154.0,-157.0,-157.0,-154.0,-156.5,-157.0,-152.0,-154.0,-153.0,-154.0,-157.0,-157.0,-157.0,-152.5,-155.0,-157.0,-155.5,-157.0,-154.5,-155.5,-156.5,-157.0,-157.0,-157.0,-152.0,-152.0,-151.5,-150.5,-156.5,-151.0,-156.0,-153.0,-149.0,-155.5,-157.0,-152.5,-157.0,-157.0,-157.0,-152.5,-156.5,-156.0,-155.5,-148.5,-149.5,-157.0,-157.0,-157.0,-157.0,-152.5,-152.5,-157.0,-155.0,-154.0,-157.0,-155.0,-155.0,-155.5,-157.0,-150.0,-152.0,-152.5,-154.5,-155.5,-157.0,-157.0,-154.5,-157.0,-157.0,-154.5,-152.5,-151.0,-151.0,-152.0,-153.5,-154.0,-153.5,-157.0,-155.0,-157.0,-157.0,-155.5,-153.5,-153.5,-155.5,-157.0,-155.0,-154.5,-154.0,-157.0,-157.0,-157.0,-155.0,-157.0,-157.0,-157.0,-155.5,-154.0,-154.5,-156.0,-150.5,-151.0,-154.0,-157.0,-155.5,-153.0,-157.0,-157.0,-157.0,-152.5,-154.0,-157.0,-154.5,-157.0,-156.0,-155.0,-156.5,-157.0,-157.0,-157.0,-157.0,-156.0,-155.5,-157.0,-155.5,-156.0,-157.0,-156.0,-150.0,-146.5,-153.0,-157.0,-154.5,-155.5,-151.5,-150.0,-151.0,-157.0,-156.5,-157.0,-153.5,-157.0,-154.5,-149.5,-151.0,-156.0,-156.0,-153.0,-153.5,-157.0,-157.0,-150.0,-154.0,-151.5,-157.0,-156.5,-154.5,-155.5,-151.5,-157.0,-155.0,-157.0,-157.0,-153.0,-154.5,-154.0,-150.0,-150.5,-155.0,-152.0,-157.0,-157.0,-155.5,-152.5,-154.5,-153.5,-156.0,-157.0,-157.0,-157.0,-151.0,-150.0,-154.0,-157.0,-157.0,-157.0,-154.0,-153.5,-151.5,-154.5,-157.0,-157.0,-156.0,-157.0,-157.0,-157.0,-157.0,-157.0,-152.0,-152.0,-157.0,-152.0,-150.0,-157.0,-157.0,-147.5,-149.0,-155.5,-156.0,-157.0,-157.0,-157.0,-157.0,-152.5,-154.5,-150.5,-150.0,-152.5,-154.5,-154.5,-157.0,-157.0,-157.0,-157.0,-153.5,-153.0,-157.0,-157.0,-152.5,-149.0,-153.5,-153.5,-156.5,-157.0,-153.5,-154.5,-153.5,-152.5,-157.0,-155.5,-157.0,-156.5,-157.0,-157.0,-157.0,-157.0,-152.5,-151.5,-154.5,-157.0,-157.0,-157.0,-151.0,-154.5,-153.5,-157.0,-157.0,-157.0,-157.0,-157.0,-157.0,-157.0,-157.0,-157.0,-151.5,-151.0,-156.0,-157.0,-157.0,-157.0,-149.5,-150.0,-153.5,-154.5,-154.5,-157.0,-157.0,-155.0,-157.0,-157.0,-153.5,-157.0,-157.0,-154.5,-154.5,-157.0,-151.0,-152.0,-152.5,-155.5,-152.5,-155.5,-157.0,-156.0,-154.5,-156.5,-157.0,-154.5,-155.0,-157.0,-150.0,-150.5,-156.0,-154.5,-156.0,-155.0,-157.0,-157.0,-157.0,-157.0,-155.5,-155.0,-157.0,-157.0,-155.0,-157.0,-156.0,-156.5,-154.0,-157.0,-157.0,-157.0,-157.0,-157.0,-156.0,-157.0,-157.0,-157.0,-157.0,-155.5,-157.0,-157.0,-153.0,-156.5,-157.0,-149.5,-151.0,-156.0,-157.0,-156.5,-157.0,-157.0,-153.0,-157.0,-154.0,-156.5,-156.0,-156.0,-153.5,-156.0,-157.0,-156.5,-157.0,-157.0,-157.0,-157.0,-157.0,-157.0,-157.0,-152.5,-152.0,-157.0,-156.0,-155.0,-152.0,-157.0
2026-01-17 13:48:33.268,143.049967,5,-77,-157.0,-157.0,-157.0,-157.0,-155.5,-157.0,-157.0,-153.5,-157.0,-157.0,-154.5,-152.0,-156.0,-154.5,-153.5,-157.0,-151.5,-151.0,-157.0,-155.0,-157.0,-157.0,-157.0,-156.5,-153.0,-155.0,-157.0,-157.0,-157.0,-157.0,-154.0,-155.0,-155.0,-156.0,-156.5,-157.0,-153.5,-155.5,-157.0,-157.0,-157.0,-157.0,-153.5,-153.5,-157.0,-157.0,-157.0,-157.0,-157.0,-157.0,-155.0,-153.5,-153.0,-155.0,-154.0,-154.0,-151.5,-151.5,-150.5,-152.5,-157.0,-154.5,-156.0,-153.0,-151.0,-153.5,-153.5,-156.5,-156.5,-153.5,-151.5,-157.0,-157.0,-153.5,-155.5,-157.0,-157.0,-155.5,-153.5,-155.5,-149.5,-151.0,-155.0,-156.0,-156.0,-157.0,-157.0,-157.0,-157.0,-153.5,-153.5,-154.0,-157.0,-157.0,-155.0,-153.5,-155.0,-154.5,-156.0,-155.5,-152.0,-150.5,-157.0,-156.0,-157.0,-156.0,-157.0,-152.5,-156.0,-152.5,-157.0,-157.0,-154.0,-151.0,-152.5,-156.0,-155.5,-156.5,-157.0,-157.0,-157.0,-157.0,-155.5,-154.5,-156.0,-153.5,-156.0,-157.0,-154.0,-156.5,-157.0,-157.0,-156.0,-155.0,-151.0,-153.0,-149.5,-155.0,-156.0,-157.0,-157.0,-152.5,-152.0,-155.0,-152.5,-155.5,-154.0,-154.5,-154.5,-157.0,-154.5,-156.5,-150.0,-153.0,-157.0,-157.0,-155.5,-156.0,-155.5,-154.5,-157.0,-156.0,-156.0,-153.5,-157.0,-156.0,-154.0,-151.5,-149.0,-156.5,-151.0,-152.0,-155.0,-157.0,-157.0,-154.0,-157.0,-157.0,-157.0,-151.0,-150.5,-152.0,-150.5,-154.5,-152.5,-152.5,-157.0,-156.0,-157.0,-157.0,-157.0,-152.5,-152.0,-154.5,-157.0,-157.0,-151.5,-151.5,-157.0,-157.0,-152.5,-154.0,-157.0,-157.0,-156.0,-157.0,-157.0,-154.0,-156.5,-150.5,-152.5,-153.0,-156.5,-155.0,-155.0,-157.0,-157.0,-155.0,-152.0,-156.0,-154.5,-154.0,-157.0,-157.0,-157.0,-157.0,-155.0,-157.0,-157.0,-157.0,-157.0,-157.0,-155.0,-153.5,-156.5,-154.5,-154.0,-157.0,-151.5,-156.5,-157.0,-155.5,-157.0,-157.0,-156.0,-151.0,-152.0,-153.5,-157.0,-153.0,-153.0,-155.0,-153.5,-154.5,-157.0,-157.0,-157.0,-154.0,-155.5,-157.0,-151.5,-148.5,-149.5,-157.0,-157.0,-157.0,-152.0,-151.5,-157.0,-157.0,-153.5,-157.0,-157.0,-157.0,-154.5,-152.5,-150.5,-151.5,-152.0,-157.0,-157.0,-153.5,-154.0,-157.0,-155.5,-157.0,-157.0,-157.0,-157.0,-153.5,-149.5,-154.5,-156.0,-155.0,-155.5,-157.0,-157.0,-152.0,-154.5,-157.0,-157.0,-155.0,-154.5,-157.0,-157.0,-154.5,-157.0,-155.0,-155.0,-157.0,-150.5,-149.0,-151.5,-157.0,-151.0,-151.0,-157.0,-155.0,-157.0,-157.0,-157.0,-157.0,-151.0,-152.0,-152.5,-152.5,-152.0,-157.0,-157.0,-157.0,-157.0,-157.0,-157.0,-154.0,-154.0,-155.5,-157.0,-157.0,-149.0,-151.0,-157.0,-157.0,-157.0,-151.0,-152.5,-157.0,-154.5,-157.0,-156.0,-157.0,-157.0,-157.0,-157.0,-157.0,-154.0,-154.0,-153.0,-156.0,-157.0,-157.0,-155.5,-152.0,-157.0,-156.0,-156.0,-156.0,-157.0,-156.5,-157.0,-157.0,-155.5,-157.0,-157.0,-154.5,-153.5,-157.0,-156.5,-157.0,-154.5,-149.0,-152.0,-155.5,-156.0,-155.0,-157.0,-157.0,-157.0,-157.0,-157.0,-156.0,-157.0,-157.0,-156.5,-153.0,-157.0,-153.5,-157.0,-154.0,-150.5,-149.0,-157.0,-157.0,-157.0,-157.0,-155.0,-153.5,-154.0,-154.0,-155.5,-153.0,-155.0,-154.0,-152.0,-157.0,-153.5,-157.0,-157.0,-157.0,-157.0,-153.0,-150.5,-154.5,-157.0,-157.0,-157.0,-157.0,-157.0,-156.0,-157.0,-157.0,-157.0,-157.0,-157.0,-155.0,-156.0,-155.0,-156.5,-157.0,-150.5,-153.0,-153.5,-151.0,-157.0,-157.0,-152.5,-155.0,-157.0,-157.0,-155.5,-157.0,-157.0,-157.0,-157.0,-155.5,-156.0,-152.5,-155.0,-157.0,-157.0,-154.0,-154.5,-157.0,-156.0,-155.0,-156.0,-157.0,-157.0,-157.0,-153.5,-153.5,-157.0,-157.0,-157.0,-153.0,-157.0
2026-01-17 13:48:33.300,143.049967,5,-77,-157.0,-157.0,-157.0,-157.0,-153.5,-155.5,-154.5,-150.5,-157.0,-157.0,-157.0,-155.0,-156.0,-153.5,-155.0,-157.0,-156.0,-152.0,-157.0,-157.0,-157.0,-157.0,-157.0,-153.5,-152.0,-156.5,-157.0,-157.0,-157.0,-157.0,-157.0,-156.5,-157.0,-157.0,-157.0,-155.0,-154.0,-155.5,-157.0,-157.0,-157.0,-157.0,-154.0,-153.5,-156.5,-155.0,-152.5,-155.0,-157.0,-157.0,-157.0,-157.0,-153.0,-157.0,-155.5,-152.0,-151.0,-157.0,-152.0,-151.5,-157.0,-153.0,-154.5,-157.0,-152.0,-152.0,-153.5,-157.0,-154.5,-155.0,-157.0,-154.5,-157.0,-154.5,-157.0,-153.5,-156.0,-157.0,-157.0,-157.0,-151.0,-156.5,-157.0,-157.0,-153.0,-155.0,-157.0,-156.0,-152.0,-153.0,-157.0,-155.0,-157.0,-157.0,-153.5,-151.5,-157.0,-156.0,-157.0,-153.5,-157.0,-155.5,-157.0,-157.0,-157.0,-157.0,-157.0,-153.0,-155.0,-152.5,-155.5,-157.0,-153.0,-152.0,-154.5,-156.5,-156.0,-157.0,-157.0,-157.0,-157.0,-157.0,-157.0,-156.0,-154.0,-152.5,-157.0,-155.5,-152.5,-157.0,-157.0,-157.0,-157.0,-157.0,-154.5,-157.0,-150.5,-155.0,-157.0,-157.0,-157.0,-157.0,-150.0,-152.5,-153.5,-154.5,-152.0,-151.5,-157.0,-155.5,-154.0,-157.0,-151.5,-156.5,-154.0,-155.5,-156.0,-155.5,-157.0,-157.0,-156.0,-157.0,-157.0,-153.5,-157.0,-157.0,-152.5,-151.0,-153.0,-157.0,-156.0,-156.0,-155.5,-157.0,-157.0,-153.5,-157.0,-157.0,-156.5,-151.0,-153.0,-154.5,-150.0,-152.5,-155.0,-155.0,-157.0,-155.5,-157.0,-156.5,-157.0,-157.0,-157.0,-155.0,-157.0,-155.0,-151.5,-151.5,-154.5,-157.0,-150.0,-153.5,-157.0,-155.5,-155.0,-157.0,-156.5,-155.0,-157.0,-153.5,-157.0,-149.5,-152.0,-157.0,-157.0,-157.0,-157.0,-157.0,-154.0,-157.0,-154.0,-157.0,-157.0,-157.0,-156.0,-156.0,-152.5,-153.5,-153.0,-154.5,-157.0,-157.0,-152.5,-153.0,-157.0,-154.5,-154.5,-157.0,-157.0,-157.0,-157.0,-157.0,-157.0,-157.0,-157.0,-153.5,-153.5,-155.0,-154.0,-153.0,-152.5,-157.0,-157.0,-157.0,-157.0,-157.0,-157.0,-152.0,-156.5,-157.0,-152.0,-148.5,-153.5,-155.0,-157.0,-157.0,-154.0,-157.0,-157.0,-156.0,-151.5,-157.0,-157.0,-157.0,-155.5,-153.5,-150.5,-149.5,-155.0,-157.0,-153.0,-154.0,-157.0,-154.0,-155.5,-157.0,-157.0,-157.0,-157.0,-153.0,-151.0,-157.0,-157.0,-153.0,-150.5,-157.0,-157.0,-155.0,-155.5,-157.0,-157.0,-157.0,-154.5,-157.0,-157.0,-152.5,-155.5,-157.0,-157.0,-154.0,-154.5,-155.5,-153.0,-157.0,-156.5,-157.0,-153.5,-153.5,-157.0,-157.0,-157.0,-157.0,-152.0,-157.0,-155.0,-157.0,-153.0,-157.0,-157.0,-157.0,-157.0,-157.0,-157.0,-155.5,-157.0,-154.5,-156.0,-157.0,-154.0,-154.5,-157.0,-156.0,-156.0,-153.0,-156.5,-157.0,-153.0,-153.5,-155.0,-156.5,-157.0,-153.5,-157.0,-151.5,-152.5,-151.5,-155.0,-157.0,-157.0,-154.5,-154.0,-153.5,-157.0,-155.0,-153.5,-155.5,-156.5,-155.5,-157.0,-157.0,-152.5,-152.5,-157.0,-157.0,-156.0,-156.5,-157.0,-157.0,-157.0,-154.5,-154.0,-157.0,-157.0,-157.0,-157.0,-157.0,-157.0,-157.0,-157.0,-157.0,-157.0,-157.0,-155.5,-153.0,-157.0,-153.0,-153.0,-153.5,-149.5,-152.5,-157.0,-157.0,-157.0,-155.5,-154.0,-156.0,-154.0,-152.0,-153.0,-155.5,-157.0,-157.0,-154.0,-157.0,-152.0,-152.5,-157.0,-157.0,-157.0,-157.0,-152.5,-157.0,-157.0,-157.0,-156.5,-154.0,-153.5,-155.5,-153.0,-151.5,-153.5,-157.0,-156.0,-153.5,-153.5,-156.0,-153.0,-157.0,-152.0,-152.0,-155.0,-151.0,-156.0,-154.0,-155.5,-153.0,-156.5,-154.0,-154.5,-154.5,-157.0,-157.0,-154.5,-154.5,-151.5,-150.0,-157.0,-157.0,-157.0,-153.5,-155.5,-157.0,-157.0,-153.5,-153.0,-157.0,-157.0,-157.0,-150.0,-150.0,-157.0,-157.0,-154.5,-156.0,-157.0
2026-01-17 13:48:33.339,143.049967,5,-77,-157.0,-157.0,-157.0,-157.0,-154.0,-156.5,-151.0,-147.5,-150.5,-155.5,-156.5,-157.0,-155.5,-154.5,-157.0,-157.0,-152.5,-150.5,-156.0,-157.0,-157.0,-157.0,-157.0,-151.5,-153.5,-157.0,-157.0,-155.5,-157.0,-157.0,-157.0,-157.0,-157.0,-157.0,-157.0,-152.5,-157.0,-156.5,-157.0,-157.0,-157.0,-157.0,-157.0,-156.0,-157.0,-157.0,-151.5,-151.5,-153.5,-156.0,-157.0,-157.0,-152.0,-157.0,-157.0,-155.0,-153.0,-157.0,-157.0,-157.0,-157.0,-151.0,-152.5,-157.0,-157.0,-154.5,-151.5,-153.0,-157.0,-153.0,-157.0,-154.5,-157.0,-155.5,-156.0,-152.5,-156.0,-157.0,-155.5,-153.5,-152.0,-153.0,-154.0,-154.0,-153.5,-155.5,-154.0,-153.5,-150.0,-151.0,-153.5,-153.5,-156.5,-157.0,-157.0,-150.0,-151.0,-154.0,-157.0,-150.0,-151.5,-157.0,-157.0,-152.0,-155.0,-157.0,-157.0,-152.0,-154.5,-153.5,-157.0,-154.0,-155.0,-157.0,-157.0,-157.0,-157.0,-155.5,-153.0,-156.0,-156.0,-157.0,-157.0,-155.0,-157.0,-154.0,-154.0,-154.5,-156.5,-157.0,-157.0,-157.0,-156.5,-153.0,-157.0,-157.0,-151.0,-156.0,-157.0,-157.0,-157.0,-157.0,-151.5,-152.5,-156.0,-157.0,-154.0,-151.5,-156.5,-155.0,-156.5,-157.0,-155.0,-153.5,-153.5,-156.0,-157.0,-155.5,-154.0,-157.0,-156.5,-157.0,-157.0,-156.0,-156.5,-157.0,-157.0,-155.0,-157.0,-157.0,-157.0,-155.0,-156.0,-157.0,-157.0,-156.0,-157.0,-157.0,-152.5,-151.5,-157.0,-152.5,-151.5,-152.0,-156.0,-157.0,-154.5,-153.5,-155.5,-156.5,-157.0,-157.0,-157.0,-156.0,-156.0,-157.0,-155.0,-152.5,-152.0,-156.0,-151.5,-152.0,-157.0,-155.0,-155.5,-157.0,-152.5,-153.5,-157.0,-155.0,-157.0,-148.5,-150.5,-157.0,-157.0,-157.0,-157.0,-157.0,-157.0,-156.5,-153.5,-157.0,-157.0,-157.0,-154.5,-155.5,-155.0,-150.0,-149.5,-153.0,-157.0,-156.0,-153.5,-155.5,-157.0,-157.0,-157.0,-156.0,-154.5,-155.5,-157.0,-157.0,-157.0,-157.0,-157.0,-157.0,-157.0,-156.0,-149.5,-150.0,-153.0,-155.5,-154.5,-157.0,-157.0,-157.0,-157.0,-154.0,-157.0,-151.5,-149.0,-151.0,-156.0,-154.5,-157.0,-157.0,-157.0,-156.5,-156.0,-154.5,-153.5,-157.0,-157.0,-157.0,-157.0,-156.0,-156.0,-153.5,-153.5,-157.0,-151.0,-152.5,-155.5,-154.5,-157.0,-157.0,-157.0,-157.0,-154.0,-155.0,-156.5,-156.5,-157.0,-151.5,-149.5,-156.5,-153.0,-154.0,-155.5,-157.0,-157.0,-157.0,-157.0,-157.0,-157.0,-153.5,-157.0,-157.0,-157.0,-154.5,-157.0,-157.0,-154.5,-157.0,-157.0,-156.0,-149.0,-150.5,-157.0,-156.0,-154.5,-157.0,-152.5,-154.5,-157.0,-157.0,-155.0,-157.0,-157.0,-157.0,-157.0,-157.0,-157.0,-157.0,-155.5,-155.0,-152.0,-154.0,-157.0,-154.5,-152.5,-152.5,-153.5,-154.5,-155.0,-157.0,-153.5,-153.0,-155.0,-154.5,-157.0,-154.0,-155.5,-151.5,-153.5,-152.0,-154.0,-157.0,-157.0,-154.5,-152.5,-155.5,-157.0,-152.5,-153.0,-157.0,-157.0,-152.0,-157.0,-157.0,-152.5,-153.0,-157.0,-157.0,-153.5,-155.0,-157.0,-156.5,-157.0,-157.0,-153.5,-153.0,-157.0,-155.5,-157.0,-157.0,-157.0,-157.0,-157.0,-157.0,-157.0,-157.0,-152.5,-153.5,-157.0,-154.5,-152.5,-155.0,-152.5,-151.0,-152.0,-157.0,-157.0,-152.0,-155.0,-157.0,-155.0,-154.5,-151.5,-153.0,-157.0,-157.0,-157.0,-157.0,-151.0,-151.0,-157.0,-157.0,-157.0,-157.0,-155.5,-157.0,-154.0,-157.0,-150.5,-150.0,-151.5,-155.0,-152.5,-149.5,-151.0,-153.0,-157.0,-155.5,-155.5,-157.0,-153.5,-157.0,-157.0,-156.5,-157.0,-153.0,-153.5,-154.5,-157.0,-150.0,-152.0,-152.5,-154.0,-156.0,-157.0,-157.0,-151.5,-152.0,-146.5,-146.5,-157.0,-157.0,-157.0,-154.5,-157.0,-157.0,-157.0,-157.0,-156.5,-157.0,-157.0,-156.0,-151.0,-150.5,-155.5,-157.0,-153.5,-157.0,-153.5
2026-01-17 13:48:33.371,143.049967,5,-77,-157.0,-157.0,-155.0,-154.5,-154.5,-157.0,-156.5,-148.0,-151.0,-153.0,-153.0,-157.0,-156.0,-157.0,-157.0,-157.0,-156.0,-150.5,-151.5,-154.0,-156.0,-157.0,-157.0,-151.5,-155.5,-157.0,-155.0,-154.0,-157.0,-155.0,-153.0,-154.5,-155.5,-155.0,-153.5,-153.5,-157.0,-155.5,-157.0,-157.0,-157.0,-157.0,-157.0,-156.0,-155.5,-157.0,-157.0,-157.0,-157.0,-157.0,-157.0,-157.0,-154.0,-157.0,-157.0,-155.5,-157.0,-157.0,-156.5,-155.0,-156.5,-152.5,-157.0,-157.0,-157.0,-157.0,-151.5,-148.5,-156.5,-154.5,-157.0,-155.5,-157.0,-157.0,-157.0,-154.0,-157.0,-151.0,-152.0,-155.0,-157.0,-153.0,-154.0,-152.5,-153.5,-157.0,-155.5,-157.0,-153.0,-154.5,-153.5,-154.0,-153.0,-156.5,-157.0,-153.0,-154.5,-155.0,-154.5,-152.0,-152.5,-156.0,-155.0,-152.0,-155.0,-157.0,-157.0,-152.5,-153.0,-153.0,-154.0,-153.5,-155.5,-157.0,-157.0,-157.0,-157.0,-153.5,-153.0,-154.0,-156.5,-157.0,-157.0,-150.5,-152.0,-156.5,-151.5,-153.5,-157.0,-157.0,-157.0,-156.5,-154.0,-150.5,-157.0,-155.5,-153.0,-157.0,-157.0,-157.0,-157.0,-157.0,-154.5,-151.5,-156.0,-157.0,-154.5,-153.5,-157.0,-156.5,-157.0,-157.0,-157.0,-156.0,-155.0,-157.0,-157.0,-157.0,-154.5,-153.0,-156.5,-157.0,-155.0,-155.0,-152.5,-155.5,-153.5,-154.5,-157.0,-157.0,-156.5,-155.5,-157.0,-157.0,-157.0,-157.0,-157.0,-155.5,-152.0,-154.0,-156.5,-150.0,-153.5,-154.5,-155.0,-157.0,-152.5,-157.0,-157.0,-157.0,-154.5,-155.0,-157.0,-157.0,-157.0,-153.5,-153.0,-157.0,-152.0,-157.0,-157.0,-154.0,-157.0,-157.0,-156.0,-156.5,-154.0,-156.5,-157.0,-153.5,-157.0,-150.0,-157.0,-154.5,-153.0,-152.5,-156.5,-157.0,-157.0,-154.0,-153.0,-157.0,-157.0,-157.0,-157.0,-155.5,-155.5,-150.5,-154.5,-155.0,-155.0,-157.0,-157.0,-157.0,-157.0,-157.0,-157.0,-155.5,-155.0,-155.5,-157.0,-157.0,-157.0,-157.0,-155.0,-157.0,-157.0,-154.5,-151.0,-150.5,-157.0,-157.0,-154.5,-154.5,-157.0,-153.5,-157.0,-154.5,-157.0,-150.0,-150.0,-156.0,-155.0,-155.5,-157.0,-156.5,-156.0,-151.0,-154.0,-157.0,-157.0,-157.0,-156.5,-156.0,-157.0,-155.0,-154.0,-157.0,-152.0,-157.0,-153.5,-153.5,-151.0,-155.0,-157.0,-157.0,-157.0,-154.5,-151.0,-153.0,-157.0,-154.0,-156.0,-156.0,-151.0,-153.0,-154.0,-155.5,-157.0,-157.0,-157.0,-157.0,-157.0,-157.0,-156.0,-153.5,-157.0,-157.0,-157.0,-152.5,-155.0,-154.0,-153.5,-157.0,-157.0,-157.0,-150.5,-149.5,-155.5,-152.0,-150.5,-154.5,-153.0,-156.0,-157.0,-157.0,-157.0,-157.0,-157.0,-154.5,-154.5,-157.0,-157.0,-157.0,-157.0,-156.5,-152.5,-151.0,-154.0,-151.5,-150.5,-149.0,-151.5,-154.0,-153.0,-154.0,-155.5,-157.0,-157.0,-155.5,-157.0,-154.0,-157.0,-157.0,-154.5,-157.0,-155.0,-157.0,-157.0,-157.0,-153.5,-157.0,-154.5,-155.0,-157.0,-157.0,-156.0,-151.5,-157.0,-157.0,-156.0,-153.5,-157.0,-157.0,-153.5,-155.0,-157.0,-157.0,-151.0,-153.0,-157.0,-151.5,-153.0,-157.0,-157.0,-157.0,-157.0,-157.0,-157.0,-157.0,-157.0,-157.0,-152.0,-154.0,-157.0,-157.0,-156.0,-157.0,-157.0,-150.0,-151.0,-157.0,-157.0,-153.5,-157.0,-157.0,-154.5,-155.0,-150.0,-151.5,-157.0,-157.0,-157.0,-157.0,-155.0,-154.0,-157.0,-154.5,-155.0,-157.0,-157.0,-157.0,-152.0,-155.5,-152.0,-153.0,-157.0,-154.5,-151.5,-150.5,-152.5,-156.0,-157.0,-154.0,-154.5,-155.0,-155.0,-153.0,-155.5,-157.0,-156.0,-157.0,-154.5,-154.5,-157.0,-152.0,-154.5,-155.0,-155.5,-157.0,-157.0,-157.0,-152.5,-157.0,-150.0,-149.0,-156.0,-155.0,-155.0,-155.5,-156.0,-157.0,-157.0,-157.0,-157.0,-157.0,-157.0,-153.5,-156.5,-157.0,-157.0,-156.5,-154.5,-157.0,-153.0
2026-01-17 13:48:33.401,143.049967,5,-77,-157.0,-157.0,-157.0,-157.0,-157.0,-157.0,-157.0,-150.5,-151.5,-155.5,-156.5,-157.0,-154.0,-157.0,-157.0,-157.0,-157.0,-155.5,-153.5,-151.5,-156.0,-155.5,-157.0,-153.5,-156.5,-157.0,-157.0,-157.0,-157.0,-157.0,-154.5,-151.0,-151.5,-154.5,-152.0,-157.0,-157.0,-157.0,-157.0,-157.0,-156.5,-155.0,-153.5,-156.0,-156.5,-153.0,-156.5,-157.0,-157.0,-157.0,-157.0,-157.0,-154.5,-154.5,-156.0,-155.5,-157.0,-157.0,-152.0,-153.5,-155.0,-152.5,-157.0,-157.0,-157.0,-156.0,-149.5,-149.5,-157.0,-157.0,-157.0,-155.5,-157.0,-157.0,-157.0,-156.0,-152.5,-150.0,-154.5,-153.5,-153.5,-157.0,-157.0,-157.0,-157.0,-157.0,-157.0,-153.5,-153.5,-156.0,-155.5,-155.0,-154.0,-154.0,-156.0,-157.0,-157.0,-155.5,-153.0,-157.0,-157.0,-157.0,-155.0,-155.0,-155.0,-157.0,-157.0,-155.5,-155.0,-154.5,-152.0,-155.5,-154.0,-157.0,-154.5,-157.0,-155.5,-157.0,-154.0,-156.5,-157.0,-157.0,-157.0,-152.0,-154.5,-155.5,-150.0,-153.0,-157.0,-157.0,-157.0,-154.0,-150.5,-149.5,-157.0,-157.0,-157.0,-157.0,-157.0,-157.0,-157.0,-157.0,-153.5,-149.5,-155.0,-156.5,-157.0,-157.0,-157.0,-157.0,-157.0,-157.0,-157.0,-157.0,-155.5,-155.0,-156.5,-157.0,-157.0,-152.0,-157.0,-157.0,-154.5,-151.5,-152.0,-153.5,-151.5,-157.0,-157.0,-157.0,-157.0,-157.0,-157.0,-157.0,-157.0,-157.0,-155.5,-152.5,-153.0,-154.0,-156.5,-152.0,-156.0,-157.0,-154.5,-157.0,-152.5,-157.0,-157.0,-157.0,-157.0,-152.5,-157.0,-155.0,-156.0,-152.5,-153.0,-153.0,-150.5,-156.0,-156.5,-153.5,-155.0,-157.0,-153.0,-151.5,-155.5,-155.5,-152.0,-151.0,-154.5,-150.5,-151.5,-155.5,-152.0,-152.5,-157.0,-157.0,-157.0,-155.5,-153.0,-157.0,-157.0,-155.5,-157.0,-155.0,-157.0,-152.5,-157.0,-154.0,-155.0,-155.5,-154.0,-153.0,-157.0,-157.0,-157.0,-157.0,-157.0,-156.5,-157.0,-157.0,-156.0,-157.0,-152.0,-157.0,-155.0,-154.5,-153.0,-151.0,-157.0,-157.0,-157.0,-157.0,-157.0,-153.0,-157.0,-154.5,-157.0,-152.0,-154.5,-157.0,-157.0,-155.0,-157.0,-157.0,-157.0,-152.0,-152.0,-157.0,-157.0,-157.0,-154.5,-153.0,-157.0,-156.5,-154.0,-152.5,-151.5,-157.0,-157.0,-156.5,-151.0,-156.5,-157.0,-157.0,-157.0,-157.0,-154.0,-153.5,-157.0,-152.0,-151.5,-157.0,-150.5,-150.5,-157.0,-157.0,-157.0,-157.0,-157.0,-157.0,-153.5,-154.0,-157.0,-153.5,-156.5,-155.0,-154.5,-151.0,-150.5,-157.0,-153.5,-157.0,-157.0,-157.0,-157.0,-151.5,-152.0,-156.5,-152.0,-157.0,-154.0,-156.5,-157.0,-157.0,-155.5,-157.0,-154.5,-151.0,-152.5,-153.5,-153.5,-157.0,-157.0,-156.5,-157.0,-149.5,-152.5,-150.0,-150.0,-151.5,-151.0,-157.0,-156.0,-157.0,-157.0,-157.0,-157.0,-157.0,-157.0,-151.5,-153.0,-157.0,-156.5,-156.0,-153.5,-157.0,-157.0,-157.0,-156.5,-157.0,-153.5,-157.0,-157.0,-157.0,-152.5,-154.5,-155.0,-153.5,-152.0,-151.0,-157.0,-157.0,-157.0,-157.0,-157.0,-156.0,-150.5,-153.5,-157.0,-152.0,-154.5,-157.0,-157.0,-157.0,-157.0,-157.0,-157.0,-157.0,-157.0,-152.0,-151.0,-155.5,-156.0,-157.0,-157.0,-157.0,-152.5,-149.5,-154.0,-156.0,-157.0,-156.5,-157.0,-157.0,-155.5,-157.0,-154.0,-157.0,-157.0,-157.0,-157.0,-157.0,-157.0,-156.5,-154.0,-154.0,-157.0,-157.0,-157.0,-156.5,-156.5,-153.0,-156.0,-156.5,-157.0,-154.0,-150.0,-150.0,-153.0,-155.0,-157.0,-153.5,-152.5,-154.0,-152.5,-153.0,-153.5,-156.5,-157.0,-157.0,-154.5,-153.0,-157.0,-157.0,-157.0,-157.0,-157.0,-157.0,-154.5,-153.0,-154.5,-155.5,-157.0,-150.0,-152.0,-152.5,-152.5,-155.0,-154.0,-157.0,-157.0,-157.0,-157.0,-157.0,-157.0,-156.5,-157.0,-157.0,-157.0,-153.5,-154.5,-157.0,-157.0
2026-01-17 13:48:33.435,143.049967,5,-77,-157.0,-157.0,-157.0,-156.0,-154.0,-154.5,-154.5,-151.0,-154.5,-157.0,-157.0,-154.5,-156.0,-157.0,-157.0,-157.0,-157.0,-157.0,-155.0,-155.0,-157.0,-154.0,-156.0,-154.0,-157.0,-157.0,-157.0,-157.0,-157.0,-157.0,-156.5,-150.5,-151.5,-156.5,-153.5,-157.0,-157.0,-157.0,-157.0,-157.0,-157.0,-156.0,-152.5,-157.0,-155.5,-149.5,-149.5,-155.0,-157.0,-157.0,-157.0,-157.0,-154.5,-155.5,-157.0,-153.0,-153.0,-157.0,-154.0,-155.0,-153.5,-154.0,-155.0,-157.0,-155.0,-157.0,-153.0,-155.0,-157.0,-155.5,-156.0,-156.0,-157.0,-157.0,-157.0,-157.0,-156.0,-152.5,-155.5,-150.5,-151.0,-157.0,-155.0,-156.0,-157.0,-157.0,-157.0,-154.5,-154.0,-155.0,-154.5,-154.0,-155.5,-154.5,-153.5,-154.0,-157.0,-151.5,-154.0,-157.0,-157.0,-157.0,-156.5,-157.0,-151.0,-152.0,-156.5,-157.0,-156.0,-157.0,-155.5,-157.0,-155.5,-157.0,-151.5,-154.5,-157.0,-156.0,-152.5,-156.0,-156.0,-157.0,-156.5,-156.0,-157.0,-156.5,-150.0,-155.0,-156.5,-154.5,-157.0,-156.5,-152.5,-153.5,-157.0,-157.0,-156.0,-155.5,-157.0,-157.0,-157.0,-155.5,-153.5,-149.5,-157.0,-156.0,-156.5,-157.0,-157.0,-157.0,-157.0,-157.0,-157.0,-157.0,-156.5,-152.5,-153.5,-155.0,-151.0,-151.5,-157.0,-157.0,-155.5,-156.0,-157.0,-152.0,-152.0,-157.0,-157.0,-157.0,-157.0,-157.0,-157.0,-155.0,-156.5,-156.0,-157.0,-157.0,-156.5,-153.5,-157.0,-155.0,-155.0,-157.0,-155.5,-154.0,-152.0,-157.0,-157.0,-157.0,-155.0,-151.5,-157.0,-157.0,-155.0,-154.0,-155.5,-154.0,-151.0,-152.5,-156.5,-155.5,-153.5,-156.0,-156.5,-152.5,-154.0,-153.0,-150.0,-151.0,-157.0,-152.5,-151.0,-157.0,-155.5,-153.0,-154.0,-155.5,-157.0,-157.0,-151.5,-156.0,-157.0,-156.5,-157.0,-157.0,-157.0,-157.0,-157.0,-156.0,-156.0,-154.0,-153.0,-149.5,-157.0,-157.0,-157.0,-157.0,-157.0,-157.0,-155.0,-157.0,-155.0,-154.5,-148.5,-157.0,-157.0,-157.0,-151.0,-151.0,-157.0,-157.0,-157.0,-157.0,-157.0,-155.0,-157.0,-156.5,-154.0,-152.5,-157.0,-157.0,-157.0,-155.5,-157.0,-157.0,-157.0,-157.0,-154.5,-157.0,-155.5,-157.0,-157.0,-154.5,-157.0,-157.0,-154.5,-154.5,-155.0,-156.5,-157.0,-156.5,-154.0,-153.0,-157.0,-156.0,-157.0,-157.0,-157.0,-155.5,-155.5,-149.5,-150.0,-154.0,-152.0,-152.0,-157.0,-157.0,-157.0,-157.0,-157.0,-157.0,-148.0,-151.5,-157.0,-154.0,-154.0,-152.0,-153.5,-153.5,-150.0,-157.0,-156.0,-154.0,-154.0,-157.0,-157.0,-157.0,-156.0,-156.5,-155.5,-157.0,-157.0,-154.0,-157.0,-157.0,-156.0,-157.0,-156.0,-153.0,-157.0,-153.5,-151.5,-157.0,-157.0,-156.0,-154.5,-149.0,-153.0,-154.5,-155.0,-157.0,-152.5,-155.5,-155.5,-157.0,-157.0,-157.0,-157.0,-157.0,-157.0,-152.5,-151.5,-152.5,-153.5,-155.5,-150.5,-150.0,-152.0,-157.0,-157.0,-156.5,-153.5,-153.0,-155.5,-157.0,-153.5,-156.5,-154.5,-152.5,-149.5,-148.5,-156.0,-157.0,-157.0,-157.0,-154.5,-157.0,-155.0,-155.0,-156.5,-153.0,-156.5,-157.0,-157.0,-157.0,-157.0,-157.0,-157.0,-157.0,-157.0,-151.5,-151.5,-153.5,-157.0,-157.0,-156.5,-154.5,-156.5,-150.0,-154.5,-157.0,-157.0,-156.0,-157.0,-157.0,-152.0,-156.5,-156.0,-157.0,-157.0,-157.0,-157.0,-157.0,-157.0,-157.0,-156.0,-157.0,-157.0,-157.0,-157.0,-157.0,-157.0,-155.5,-157.0,-156.5,-157.0,-155.0,-152.5,-152.0,-150.0,-149.5,-154.0,-157.0,-155.5,-157.0,-152.0,-155.5,-150.5,-152.5,-157.0,-157.0,-155.5,-155.5,-157.0,-157.0,-157.0,-157.0,-157.0,-157.0,-157.0,-155.5,-154.0,-154.0,-154.0,-150.5,-150.0,-153.5,-153.5,-155.0,-157.0,-153.5,-154.0,-157.0,-155.0,-157.0,-154.5,-157.0,-157.0,-157.0,-157.0,-156.5,-157.0,-157.0,-157.0
2026-01-17 13:48:33.451,143.049967,5,-77,-157.0,-157.0,-157.0,-156.0,-154.0,-154.5,-154.5,-151.0,-154.5,-157.0,-157.0,-154.5,-156.0,-157.0,-157.0,-157.0,-157.0,-157.0,-155.0,-155.0,-157.0,-154.0,-156.0,-154.0,-157.0,-157.0,-157.0,-157.0,-157.0,-157.0,-156.5,-150.5,-151.5,-156.5,-153.5,-157.0,-157.0,-157.0,-157.0,-157.0,-157.0,-156.0,-152.5,-157.0,-155.5,-149.5,-149.5,-155.0,-157.0,-157.0,-157.0,-157.0,-154.5,-155.5,-157.0,-153.0,-153.0,-157.0,-154.0,-155.0,-153.5,-154.0,-155.0,-157.0,-155.0,-157.0,-153.0,-155.0,-157.0,-155.5,-156.0,-156.0,-157.0,-157.0,-157.0,-157.0,-156.0,-152.5,-155.5,-150.5,-151.0,-157.0,-155.0,-156.0,-157.0,-157.0,-157.0,-154.5,-154.0,-155.0,-154.5,-154.0,-155.5,-154.5,-153.5,-154.0,-157.0,-151.5,-154.0,-157.0,-157.0,-157.0,-156.5,-157.0,-151.0,-152.0,-156.5,-157.0,-156.0,-157.0,-155.5,-157.0,-155.5,-157.0,-151.5,-154.5,-157.0,-156.0,-152.5,-156.0,-156.0,-157.0,-156.5,-156.0,-157.0,-156.5,-150.0,-155.0,-156.5,-154.5,-157.0,-156.5,-152.5,-153.5,-157.0,-157.0,-156.0,-155.5,-157.0,-157.0,-157.0,-155.5,-153.5,-149.5,-157.0,-156.0,-156.5,-157.0,-157.0,-157.0,-157.0,-157.0,-157.0,-157.0,-156.5,-152.5,-153.5,-155.0,-151.0,-151.5,-157.0,-157.0,-155.5,-156.0,-157.0,-152.0,-152.0,-157.0,-157.0,-157.0,-157.0,-157.0,-157.0,-155.0,-156.5,-156.0,-157.0,-157.0,-156.5,-153.5,-157.0,-155.0,-155.0,-157.0,-155.5,-154.0,-152.0,-157.0,-157.0,-157.0,-155.0,-151.5,-157.0,-157.0,-155.0,-154.0,-155.5,-154.0,-151.0,-152.5,-156.5,-155.5,-153.5,-156.0,-156.5,-152.5,-154.0,-153.0,-150.0,-151.0,-157.0,-152.5,-151.0,-157.0,-155.5,-153.0,-154.0,-155.5,-157.0,-157.0,-151.5,-156.0,-157.0,-156.5,-157.0,-157.0,-157.0,-157.0,-157.0,-156.0,-156.0,-154.0,-153.0,-149.5,-157.0,-157.0,-157.0,-157.0,-157.0,-157.0,-155.0,-157.0,-155.0,-154.5,-148.5,-157.0,-157.0,-157.0,-151.0,-151.0,-157.0,-157.0,-157.0,-157.0,-157.0,-155.0,-157.0,-156.5,-154.0,-152.5,-157.0,-157.0,-157.0,-155.5,-157.0,-157.0,-157.0,-157.0,-154.5,-157.0,-155.5,-157.0,-157.0,-154.5,-157.0,-157.0,-154.5,-154.5,-155.0,-156.5,-157.0,-156.5,-154.0,-153.0,-157.0,-156.0,-157.0,-157.0,-157.0,-155.5,-155.5,-149.5,-150.0,-154.0,-152.0,-152.0,-157.0,-157.0,-157.0,-157.0,-157.0,-157.0,-148.0,-151.5,-157.0,-154.0,-154.0,-152.0,-153.5,-153.5,-150.0,-157.0,-156.0,-154.0,-154.0,-157.0,-157.0,-157.0,-156.0,-156.5,-155.5,-157.0,-157.0,-154.0,-157.0,-157.0,-156.0,-157.0,-156.0,-153.0,-157.0,-153.5,-151.5,-157.0,-157.0,-156.0,-154.5,-149.0,-153.0,-154.5,-155.0,-157.0,-152.5,-155.5,-155.5,-157.0,-157.0,-157.0,-157.0,-157.0,-157.0,-152.5,-151.5,-152.5,-153.5,-155.5,-150.5,-150.0,-152.0,-157.0,-157.0,-156.5,-153.5,-153.0,-155.5,-157.0,-153.5,-156.5,-154.5,-152.5,-149.5,-148.5,-156.0,-157.0,-157.0,-157.0,-154.5,-157.0,-155.0,-155.0,-156.5,-153.0,-156.5,-157.0,-157.0,-157.0,-157.0,-157.0,-157.0,-157.0,-157.0,-151.5,-151.5,-153.5,-157.0,-157.0,-156.5,-154.5,-156.5,-150.0,-154.5,-157.0,-157.0,-156.0,-157.0,-157.0,-152.0,-156.5,-156.0,-157.0,-157.0,-157.0,-157.0,-157.0,-157.0,-157.0,-156.0,-157.0,-157.0,-157.0,-157.0,-157.0,-157.0,-155.5,-157.0,-156.5,-157.0,-155.0,-152.5,-152.0,-150.0,-149.5,-154.0,-157.0,-155.5,-157.0,-152.0,-155.5,-150.5,-152.5,-157.0,-157.0,-155.5,-155.5,-157.0,-157.0,-157.0,-157.0,-157.0,-157.0,-157.0,-155.5,-154.0,-154.0,-154.0,-150.5,-150.0,-153.5,-153.5,-155.0,-157.0,-153.5,-154.0,-157.0,-155.0,-157.0,-154.5,-157.0,-157.0,-157.0,-157.0,-156.5,-157.0,-157.0,-157.0
2026-01-17 13:48:33.453,143.049967,5,-77,-157.0,-157.0,-157.0,-156.0,-154.0,-154.5,-154.5,-151.0,-154.5,-157.0,-157.0,-154.5,-156.0,-157.0,-157.0,-157.0,-157.0,-157.0,-155.0,-155.0,-157.0,-154.0,-156.0,-154.0,-157.0,-157.0,-157.0,-157.0,-157.0,-157.0,-156.5,-150.5,-151.5,-156.5,-153.5,-157.0,-157.0,-157.0,-157.0,-157.0,-157.0,-156.0,-152.5,-157.0,-155.5,-149.5,-149.5,-155.0,-157.0,-157.0,-157.0,-157.0,-154.5,-155.5,-157.0,-153.0,-153.0,-157.0,-154.0,-155.0,-153.5,-154.0,-155.0,-157.0,-155.0,-157.0,-153.0,-155.0,-157.0,-155.5,-156.0,-156.0,-157.0,-157.0,-157.0,-157.0,-156.0,-152.5,-155.5,-150.5,-151.0,-157.0,-155.0,-156.0,-157.0,-157.0,-157.0,-154.5,-154.0,-155.0,-154.5,-154.0,-155.5,-154.5,-153.5,-154.0,-157.0,-151.5,-154.0,-157.0,-157.0,-157.0,-156.5,-157.0,-151.0,-152.0,-156.5,-157.0,-156.0,-157.0,-155.5,-157.0,-155.5,-157.0,-151.5,-154.5,-157.0,-156.0,-152.5,-156.0,-156.0,-157.0,-156.5,-156.0,-157.0,-156.5,-150.0,-155.0,-156.5,-154.5,-157.0,-156.5,-152.5,-153.5,-157.0,-157.0,-156.0,-155.5,-157.0,-157.0,-157.0,-155.5,-153.5,-149.5,-157.0,-156.0,-156.5,-157.0,-157.0,-157.0,-157.0,-157.0,-157.0,-157.0,-156.5,-152.5,-153.5,-155.0,-151.0,-151.5,-157.0,-157.0,-155.5,-156.0,-157.0,-152.0,-152.0,-157.0,-157.0,-157.0,-157.0,-157.0,-157.0,-155.0,-156.5,-156.0,-157.0,-157.0,-156.5,-153.5,-157.0,-155.0,-155.0,-157.0,-155.5,-154.0,-152.0,-157.0,-157.0,-157.0,-155.0,-151.5,-157.0,-157.0,-155.0,-154.0,-155.5,-154.0,-151.0,-152.5,-156.5,-155.5,-153.5,-156.0,-156.5,-152.5,-154.0,-153.0,-150.0,-151.0,-157.0,-152.5,-151.0,-157.0,-155.5,-153.0,-154.0,-155.5,-157.0,-157.0,-151.5,-156.0,-157.0,-156.5,-157.0,-157.0,-157.0,-157.0,-157.0,-156.0,-156.0,-154.0,-153.0,-149.5,-157.0,-157.0,-157.0,-157.0,-157.0,-157.0,-155.0,-157.0,-155.0,-154.5,-148.5,-157.0,-157.0,-157.0,-151.0,-151.0,-157.0,-157.0,-157.0,-157.0,-157.0,-155.0,-157.0,-156.5,-154.0,-152.5,-157.0,-157.0,-157.0,-155.5,-157.0,-157.0,-157.0,-157.0,-154.5,-157.0,-155.5,-157.0,-157.0,-154.5,-157.0,-157.0,-154.5,-154.5,-155.0,-156.5,-157.0,-156.5,-154.0,-153.0,-157.0,-156.0,-157.0,-157.0,-157.0,-155.5,-155.5,-149.5,-150.0,-154.0,-152.0,-152.0,-157.0,-157.0,-157.0,-157.0,-157.0,-157.0,-148.0,-151.5,-157.0,-154.0,-154.0,-152.0,-153.5,-153.5,-150.0,-157.0,-156.0,-154.0,-154.0,-157.0,-157.0,-157.0,-156.0,-156.5,-155.5,-157.0,-157.0,-154.0,-157.0,-157.0,-156.0,-157.0,-156.0,-153.0,-157.0,-153.5,-151.5,-157.0,-157.0,-156.0,-154.5,-149.0,-153.0,-154.5,-155.0,-157.0,-152.5,-155.5,-155.5,-157.0,-157.0,-157.0,-157.0,-157.0,-157.0,-152.5,-151.5,-152.5,-153.5,-155.5,-150.5,-150.0,-152.0,-157.0,-157.0,-156.5,-153.5,-153.0,-155.5,-157.0,-153.5,-156.5,-154.5,-152.5,-149.5,-148.5,-156.0,-157.0,-157.0,-157.0,-154.5,-157.0,-155.0,-155.0,-156.5,-153.0,-156.5,-157.0,-157.0,-157.0,-157.0,-157.0,-157.0,-157.0,-157.0,-151.5,-151.5,-153.5,-157.0,-157.0,-156.5,-154.5,-156.5,-150.0,-154.5,-157.0,-157.0,-156.0,-157.0,-157.0,-152.0,-156.5,-156.0,-157.0,-157.0,-157.0,-157.0,-157.0,-157.0,-157.0,-156.0,-157.0,-157.0,-157.0,-157.0,-157.0,-157.0,-155.5,-157.0,-156.5,-157.0,-155.0,-152.5,-152.0,-150.0,-149.5,-154.0,-157.0,-155.5,-157.0,-152.0,-155.5,-150.5,-152.5,-157.0,-157.0,-155.5,-155.5,-157.0,-157.0,-157.0,-157.0,-157.0,-157.0,-157.0,-155.5,-154.0,-154.0,-154.0,-150.5,-150.0,-153.5,-153.5,-155.0,-157.0,-153.5,-154.0,-157.0,-155.0,-157.0,-154.5,-157.0,-157.0,-157.0,-157.0,-156.5,-157.0,-157.0,-157.0
2026-01-17 13:48:33.469,143.049967,5,-77,-157.0,-157.0,-157.0,-157.0,-150.5,-151.5,-153.5,-154.5,-156.5,-157.0,-157.0,-157.0,-157.0,-157.0,-155.0,-157.0,-157.0,-157.0,-154.0,-157.0,-151.5,-152.5,-157.0,-157.0,-157.0,-157.0,-157.0,-157.0,-154.0,-155.5,-156.5,-152.5,-150.5,-153.5,-154.5,-155.5,-156.5,-156.5,-157.0,-157.0,-157.0,-157.0,-154.5,-157.0,-157.0,-153.5,-149.5,-157.0,-154.5,-157.0,-157.0,-157.0,-153.5,-157.0,-155.0,-150.0,-153.5,-157.0,-156.5,-154.5,-150.5,-154.5,-155.0,-152.5,-150.0,-151.0,-157.0,-157.0,-157.0,-151.5,-151.5,-157.0,-157.0,-155.0,-157.0,-157.0,-157.0,-156.0,-154.5,-154.0,-153.0,-157.0,-154.0,-153.0,-157.0,-157.0,-157.0,-156.0,-156.0,-157.0,-157.0,-156.0,-157.0,-157.0,-154.5,-151.5,-153.0,-152.0,-154.0,-157.0,-155.0,-157.0,-155.5,-157.0,-150.5,-151.5,-155.5,-157.0,-152.0,-154.0,-154.0,-154.0,-156.0,-157.0,-152.5,-157.0,-157.0,-155.0,-152.5,-151.0,-153.0,-157.0,-157.0,-157.0,-157.0,-150.5,-149.0,-157.0,-157.0,-157.0,-157.0,-155.5,-154.0,-157.0,-157.0,-157.0,-157.0,-154.5,-156.5,-156.5,-157.0,-154.0,-154.5,-150.0,-157.0,-154.0,-154.5,-157.0,-156.5,-157.0,-157.0,-157.0,-154.5,-157.0,-157.0,-153.5,-156.0,-152.0,-152.5,-154.0,-157.0,-156.0,-153.0,-157.0,-156.0,-153.0,-154.0,-157.0,-157.0,-157.0,-157.0,-157.0,-153.5,-152.0,-157.0,-154.5,-154.0,-157.0,-155.0,-151.5,-157.0,-152.5,-154.0,-157.0,-156.0,-157.0,-156.0,-157.0,-157.0,-157.0,-154.0,-153.5,-152.0,-157.0,-153.0,-152.0,-155.5,-157.0,-155.0,-157.0,-157.0,-157.0,-157.0,-157.0,-157.0,-155.0,-157.0,-154.5,-156.5,-157.0,-154.5,-157.0,-150.5,-151.5,-157.0,-152.5,-153.5,-157.0,-153.5,-155.0,-151.5,-155.0,-157.0,-156.5,-157.0,-154.5,-153.5,-157.0,-157.0,-157.0,-157.0,-157.0,-157.0,-147.5,-152.0,-157.0,-157.0,-157.0,-156.0,-157.0,-156.0,-157.0,-154.5,-153.5,-147.5,-157.0,-157.0,-157.0,-155.0,-153.5,-153.0,-155.0,-157.0,-157.0,-156.5,-156.0,-157.0,-157.0,-151.0,-151.0,-157.0,-156.0,-154.5,-153.5,-156.5,-157.0,-155.0,-154.5,-154.0,-157.0,-155.5,-157.0,-157.0,-157.0,-156.5,-156.0,-154.0,-157.0,-157.0,-154.0,-154.0,-154.5,-157.0,-151.0,-153.0,-154.5,-156.5,-153.0,-155.0,-156.0,-155.5,-150.0,-151.5,-154.0,-157.0,-152.0,-156.0,-157.0,-157.0,-153.5,-155.0,-156.0,-147.5,-150.5,-156.5,-157.0,-157.0,-156.0,-157.0,-152.0,-151.0,-157.0,-157.0,-152.5,-154.0,-156.0,-157.0,-157.0,-157.0,-157.0,-156.0,-157.0,-157.0,-156.0,-157.0,-157.0,-157.0,-157.0,-157.0,-157.0,-157.0,-154.0,-151.5,-157.0,-156.0,-157.0,-154.0,-149.5,-153.0,-157.0,-156.5,-156.5,-150.0,-151.0,-151.5,-157.0,-157.0,-157.0,-157.0,-157.0,-157.0,-157.0,-154.5,-152.5,-153.5,-157.0,-152.0,-150.0,-152.5,-155.5,-151.5,-155.5,-156.5,-152.5,-155.0,-157.0,-153.0,-151.0,-153.5,-150.5,-151.0,-150.5,-155.5,-157.0,-157.0,-157.0,-155.5,-157.0,-157.0,-157.0,-154.0,-153.5,-152.0,-157.0,-157.0,-157.0,-153.5,-157.0,-156.5,-157.0,-156.0,-156.0,-154.5,-152.5,-157.0,-157.0,-157.0,-156.0,-157.0,-156.0,-157.0,-157.0,-156.0,-155.0,-152.5,-156.0,-152.5,-157.0,-157.0,-157.0,-157.0,-157.0,-157.0,-157.0,-157.0,-157.0,-157.0,-157.0,-157.0,-154.5,-153.0,-156.0,-157.0,-154.0,-157.0,-157.0,-157.0,-154.5,-156.0,-156.5,-150.5,-151.0,-154.5,-155.5,-157.0,-157.0,-155.0,-156.5,-152.5,-154.5,-156.0,-157.0,-155.5,-157.0,-157.0,-157.0,-155.5,-157.0,-157.0,-153.5,-157.0,-157.0,-154.5,-157.0,-154.5,-156.5,-153.0,-157.0,-152.5,-156.5,-157.0,-157.0,-155.5,-157.0,-153.0,-157.0,-154.0,-153.5,-157.0,-157.0,-157.0,-156.5,-157.0,-157.0,-157.0
2026-01-17 13:48:33.502,143.049967,5,-77,-157.0,-157.0,-157.0,-157.0,-151.0,-150.5,-155.0,-157.0,-156.0,-157.0,-157.0,-157.0,-157.0,-154.5,-152.5,-155.5,-157.0,-153.5,-152.5,-157.0,-150.5,-151.0,-157.0,-157.0,-157.0,-155.5,-157.0,-156.5,-151.5,-152.5,-157.0,-157.0,-153.0,-156.5,-157.0,-157.0,-156.5,-157.0,-157.0,-157.0,-157.0,-157.0,-157.0,-157.0,-157.0,-156.5,-151.5,-154.0,-151.5,-157.0,-157.0,-157.0,-153.0,-155.5,-153.0,-150.0,-156.5,-157.0,-157.0,-157.0,-150.5,-154.0,-157.0,-153.5,-153.5,-152.0,-157.0,-157.0,-154.0,-150.0,-151.5,-157.0,-154.0,-152.5,-157.0,-154.0,-157.0,-157.0,-156.5,-157.0,-157.0,-157.0,-157.0,-154.0,-155.5,-157.0,-157.0,-155.0,-157.0,-157.0,-155.0,-157.0,-157.0,-157.0,-157.0,-150.5,-152.0,-154.0,-152.0,-154.5,-155.5,-157.0,-155.0,-157.0,-151.0,-154.5,-154.5,-157.0,-152.5,-155.0,-153.0,-154.0,-155.5,-157.0,-156.0,-157.0,-155.0,-156.0,-152.5,-150.0,-155.5,-154.0,-153.0,-153.0,-157.0,-149.0,-151.0,-156.0,-155.5,-157.0,-157.0,-151.5,-150.0,-155.0,-157.0,-157.0,-157.0,-156.0,-157.0,-157.0,-157.0,-157.0,-155.0,-150.5,-157.0,-151.0,-151.5,-157.0,-154.5,-156.0,-155.5,-153.0,-154.5,-157.0,-157.0,-157.0,-156.5,-152.5,-157.0,-157.0,-157.0,-155.0,-154.0,-157.0,-155.0,-155.5,-157.0,-157.0,-157.0,-157.0,-157.0,-154.5,-153.5,-156.0,-157.0,-153.0,-151.0,-152.0,-153.5,-151.0,-157.0,-151.5,-156.0,-156.0,-157.0,-157.0,-157.0,-157.0,-153.0,-157.0,-155.0,-155.5,-152.0,-157.0,-153.0,-154.5,-157.0,-157.0,-156.5,-157.0,-157.0,-157.0,-157.0,-157.0,-157.0,-155.0,-157.0,-154.5,-157.0,-156.5,-152.0,-153.0,-151.0,-149.0,-157.0,-156.5,-157.0,-157.0,-153.0,-152.5,-156.5,-157.0,-155.0,-153.0,-157.0,-153.5,-152.5,-155.5,-157.0,-157.0,-157.0,-157.0,-154.0,-148.5,-149.5,-157.0,-157.0,-157.0,-157.0,-157.0,-157.0,-156.5,-156.0,-157.0,-148.5,-150.5,-155.5,-157.0,-157.0,-157.0,-151.5,-151.0,-153.5,-157.0,-156.5,-157.0,-157.0,-157.0,-154.5,-156.0,-155.5,-157.0,-156.5,-150.5,-151.0,-153.0,-157.0,-154.0,-155.0,-154.5,-154.0,-157.0,-157.0,-157.0,-154.0,-155.0,-156.5,-157.0,-157.0,-156.0,-155.0,-155.5,-157.0,-148.5,-150.0,-154.0,-157.0,-154.0,-155.5,-154.5,-154.5,-154.5,-157.0,-155.0,-151.0,-151.0,-157.0,-157.0,-157.0,-153.0,-157.0,-157.0,-151.5,-157.0,-157.0,-157.0,-157.0,-157.0,-157.0,-152.0,-154.5,-157.0,-154.5,-150.0,-153.0,-152.0,-157.0,-157.0,-157.0,-157.0,-152.5,-153.5,-154.0,-157.0,-157.0,-154.0,-157.0,-156.5,-157.0,-157.0,-157.0,-157.0,-154.5,-156.5,-156.5,-156.0,-153.5,-153.5,-157.0,-157.0,-156.5,-152.0,-150.0,-152.0,-149.5,-151.5,-156.0,-157.0,-157.0,-157.0,-157.0,-157.0,-154.0,-154.0,-154.5,-157.0,-156.0,-155.5,-157.0,-151.5,-149.5,-155.5,-156.5,-156.5,-155.0,-157.0,-150.0,-150.5,-151.5,-152.0,-157.0,-157.0,-157.0,-157.0,-156.0,-157.0,-155.5,-154.5,-157.0,-152.5,-150.5,-151.0,-152.5,-157.0,-154.5,-156.0,-153.5,-157.0,-156.5,-153.0,-152.5,-155.0,-153.5,-153.5,-155.0,-157.0,-157.0,-157.0,-155.5,-157.0,-157.0,-157.0,-157.0,-153.0,-151.5,-152.0,-153.0,-157.0,-156.0,-157.0,-154.5,-155.0,-157.0,-157.0,-157.0,-157.0,-157.0,-157.0,-157.0,-150.0,-150.0,-157.0,-151.5,-151.5,-155.5,-156.0,-155.0,-155.5,-157.0,-157.0,-154.5,-157.0,-157.0,-155.5,-157.0,-154.5,-157.0,-157.0,-155.0,-157.0,-152.5,-155.5,-153.0,-157.0,-157.0,-157.0,-157.0,-157.0,-156.5,-152.5,-156.5,-157.0,-157.0,-157.0,-156.5,-157.0,-156.5,-157.0,-153.0,-157.0,-157.0,-155.5,-155.0,-157.0,-155.5,-157.0,-157.0,-155.5,-157.0,-157.0,-157.0,-154.5,-156.5,-157.0,-157.0
