timestamp,freq_mhz,span_khz,ref_level_dbm,dbm_0,dbm_1,dbm_2,dbm_3,dbm_4,dbm_5,dbm_6,dbm_7,dbm_8,dbm_9,dbm_10,dbm_11,dbm_12,dbm_13,dbm_14,dbm_15,dbm_16,dbm_17,dbm_18,dbm_19,dbm_20,dbm_21,dbm_22,dbm_23,dbm_24,dbm_25,dbm_26,dbm_27,dbm_28,dbm_29,dbm_30,dbm_31,dbm_32,dbm_33,dbm_34,dbm_35,dbm_36,dbm_37,dbm_38,dbm_39,dbm_40,dbm_41,dbm_42,dbm_43,dbm_44,dbm_45,dbm_46,dbm_47,dbm_48,dbm_49,dbm_50,dbm_51,dbm_52,dbm_53,dbm_54,dbm_55,dbm_56,dbm_57,dbm_58,dbm_59,dbm_60,dbm_61,dbm_62,dbm_63,dbm_64,dbm_65,dbm_66,dbm_67,dbm_68,dbm_69,dbm_70,dbm_71,dbm_72,dbm_73,dbm_74,dbm_75,dbm_76,dbm_77,dbm_78,dbm_79,dbm_80,dbm_81,dbm_82,dbm_83,dbm_84,dbm_85,dbm_86,dbm_87,dbm_88,dbm_89,dbm_90,dbm_91,dbm_92,dbm_93,dbm_94,dbm_95,dbm_96,dbm_97,dbm_98,dbm_99,dbm_100,dbm_101,dbm_102,dbm_103,dbm_104,dbm_105,dbm_106,dbm_107,dbm_108,dbm_109,dbm_110,dbm_111,dbm_112,dbm_113,dbm_114,dbm_115,dbm_116,dbm_117,dbm_118,dbm_119,dbm_120,dbm_121,dbm_122,dbm_123,dbm_124,dbm_125,dbm_126,dbm_127,dbm_128,dbm_129,dbm_130,dbm_131,dbm_132,dbm_133,dbm_134,dbm_135,dbm_136,dbm_137,dbm_138,dbm_139,dbm_140,dbm_141,dbm_142,dbm_143,dbm_144,dbm_145,dbm_146,dbm_147,dbm_148,dbm_149,dbm_150,dbm_151,dbm_152,dbm_153,dbm_154,dbm_155,dbm_156,dbm_157,dbm_158,dbm_159,dbm_160,dbm_161,dbm_162,dbm_163,dbm_164,dbm_165,dbm_166,dbm_167,dbm_168,dbm_169,dbm_170,dbm_171,dbm_172,dbm_173,dbm_174,dbm_175,dbm_176,dbm_177,dbm_178,dbm_179,dbm_180,dbm_181,dbm_182,dbm_183,dbm_184,dbm_185,dbm_186,dbm_187,dbm_188,dbm_189,dbm_190,dbm_191,dbm_192,dbm_193,dbm_194,dbm_195,dbm_196,dbm_197,dbm_198,dbm_199,dbm_200,dbm_201,dbm_202,dbm_203,dbm_204,dbm_205,dbm_206,dbm_207,dbm_208,dbm_209,dbm_210,dbm_211,dbm_212,dbm_213,dbm_214,dbm_215,dbm_216,dbm_217,dbm_218,dbm_219,dbm_220,dbm_221,dbm_222,dbm_223,dbm_224,dbm_225,dbm_226,dbm_227,dbm_228,dbm_229,dbm_230,dbm_231,dbm_232,dbm_233,dbm_234,dbm_235,dbm_236,dbm_237,dbm_238,dbm_239,dbm_240,dbm_241,dbm_242,dbm_243,dbm_244,dbm_245,dbm_246,dbm_247,dbm_248,dbm_249,dbm_250,dbm_251,dbm_252,dbm_253,dbm_254,dbm_255,dbm_256,dbm_257,dbm_258,dbm_259,dbm_260,dbm_261,dbm_262,dbm_263,dbm_264,dbm_265,dbm_266,dbm_267,dbm_268,dbm_269,dbm_270,dbm_271,dbm_272,dbm_273,dbm_274,dbm_275,dbm_276,dbm_277,dbm_278,dbm_279,dbm_280,dbm_281,dbm_282,dbm_283,dbm_284,dbm_285,dbm_286,dbm_287,dbm_288,dbm_289,dbm_290,dbm_291,dbm_292,dbm_293,dbm_294,dbm_295,dbm_296,dbm_297,dbm_298,dbm_299,dbm_300,dbm_301,dbm_302,dbm_303,dbm_304,dbm_305,dbm_306,dbm_307,dbm_308,dbm_309,dbm_310,dbm_311,dbm_312,dbm_313,dbm_314,dbm_315,dbm_316,dbm_317,dbm_318,dbm_319,dbm_320,dbm_321,dbm_322,dbm_323,dbm_324,dbm_325,dbm_326,dbm_327,dbm_328,dbm_329,dbm_330,dbm_331,dbm_332,dbm_333,dbm_334,dbm_335,dbm_336,dbm_337,dbm_338,dbm_339,dbm_340,dbm_341,dbm_342,dbm_343,dbm_344,dbm_345,dbm_346,dbm_347,dbm_348,dbm_349,dbm_350,dbm_351,dbm_352,dbm_353,dbm_354,dbm_355,dbm_356,dbm_357,dbm_358,dbm_359,dbm_360,dbm_361,dbm_362,dbm_363,dbm_364,dbm_365,dbm_366,dbm_367,dbm_368,dbm_369,dbm_370,dbm_371,dbm_372,dbm_373,dbm_374,dbm_375,dbm_376,dbm_377,dbm_378,dbm_379,dbm_380,dbm_381,dbm_382,dbm_383,dbm_384,dbm_385,dbm_386,dbm_387,dbm_388,dbm_389,dbm_390,dbm_391,dbm_392,dbm_393,dbm_394,dbm_395,dbm_396,dbm_397,dbm_398,dbm_399,dbm_400,dbm_401,dbm_402,dbm_403,dbm_404,dbm_405,dbm_406,dbm_407,dbm_408,dbm_409,dbm_410,dbm_411,dbm_412,dbm_413,dbm_414,dbm_415,dbm_416,dbm_417,dbm_418,dbm_419,dbm_420,dbm_421,dbm_422,dbm_423,dbm_424,dbm_425,dbm_426,dbm_427,dbm_428,dbm_429,dbm_430,dbm_431,dbm_432,dbm_433,dbm_434,dbm_435,dbm_436,dbm_437,dbm_438,dbm_439,dbm_440,dbm_441,dbm_442,dbm_443,dbm_444,dbm_445,dbm_446,dbm_447,dbm_448,dbm_449,dbm_450,dbm_451,dbm_452,dbm_453,dbm_454,dbm_455,dbm_456,dbm_457,dbm_458,dbm_459,dbm_460,dbm_461,dbm_462,dbm_463,dbm_464,dbm_465,dbm_466,dbm_467,dbm_468,dbm_469,dbm_470,dbm_471,dbm_472,dbm_473,dbm_474
2026-01-16 16:42:27.383,143.050000,5,-77,-157.0,-157.0,-155.5,-153.0,-157.0,-157.0,-157.0,-153.0,-153.5,-154.0,-151.5,-151.5,-153.0,-157.0,-154.0,-155.5,-153.0,-154.0,-157.0,-149.0,-157.0,-157.0,-157.0,-157.0,-154.5,-153.0,-155.5,-157.0,-157.0,-157.0,-155.0,-157.0,-153.0,-150.5,-151.5,-155.5,-157.0,-156.5,-155.0,-154.0,-151.5,-155.5,-151.5,-150.0,-153.5,-153.5,-155.0,-151.0,-154.0,-154.5,-153.5,-153.0,-153.0,-157.0,-157.0,-154.5,-154.0,-155.0,-151.5,-155.5,-156.0,-153.5,-152.5,-152.5,-157.0,-157.0,-156.5,-157.0,-155.5,-157.0,-157.0,-154.0,-151.0,-155.5,-149.5,-152.5,-155.5,-157.0,-153.0,-154.5,-157.0,-157.0,-153.0,-157.0,-157.0,-150.5,-151.0,-156.0,-157.0,-155.0,-157.0,-149.0,-148.5,-157.0,-157.0,-149.5,-147.0,-148.5,-151.0,-152.5,-149.0,-155.0,-148.0,-151.5,-156.5,-155.5,-157.0,-156.0,-157.0,-156.0,-154.0,-149.0,-147.5,-147.0,-147.5,-151.0,-154.5,-155.0,-157.0,-157.0,-157.0,-156.5,-157.0,-153.5,-153.5,-153.5,-152.0,-149.0,-150.5,-148.5,-156.0,-157.0,-149.5,-152.5,-153.0,-152.5,-155.5,-153.5,-153.0,-152.0,-150.0,-155.5,-155.5,-151.0,-150.5,-149.0,-153.5,-154.0,-156.0,-150.5,-150.5,-149.5,-154.0,-157.0,-152.0,-153.5,-157.0,-151.5,-155.5,-157.0,-150.5,-153.0,-152.0,-157.0,-157.0,-157.0,-151.5,-150.0,-150.0,-156.5,-151.0,-150.0,-157.0,-152.0,-155.5,-157.0,-156.5,-156.0,-156.0,-157.0,-157.0,-154.5,-157.0,-157.0,-147.5,-144.5,-148.5,-154.5,-151.0,-147.5,-147.0,-147.5,-148.0,-151.0,-152.0,-156.5,-154.0,-154.5,-154.5,-156.0,-155.5,-154.5,-152.5,-150.5,-151.0,-151.5,-152.5,-155.5,-157.0,-151.0,-154.5,-155.5,-155.5,-152.0,-148.0,-154.0,-153.0,-157.0,-156.0,-153.5,-154.5,-153.5,-156.0,-155.5,-157.0,-154.0,-149.5,-149.5,-154.0,-157.0,-157.0,-157.0,-153.0,-152.5,-157.0,-156.0,-157.0,-152.0,-145.5,-142.5,-155.5,-157.0,-157.0,-157.0,-150.5,-151.0,-153.5,-153.0,-155.5,-156.0,-150.5,-157.0,-157.0,-157.0,-147.5,-150.0,-154.5,-154.5,-157.0,-157.0,-157.0,-156.5,-155.5,-155.0,-157.0,-155.0,-153.5,-156.5,-149.5,-148.0,-156.0,-153.5,-148.5,-152.5,-156.0,-157.0,-157.0,-157.0,-157.0,-157.0,-153.0,-154.5,-157.0,-152.5,-151.5,-152.5,-155.0,-157.0,-153.0,-150.5,-147.5,-156.5,-155.5,-153.0,-154.0,-156.0,-154.0,-157.0,-155.5,-157.0,-157.0,-157.0,-157.0,-156.0,-156.5,-156.0,-157.0,-157.0,-155.0,-154.0,-157.0,-157.0,-156.5,-156.5,-157.0,-155.0,-152.0,-152.0,-155.0,-157.0,-153.5,-149.5,-152.0,-150.0,-157.0,-157.0,-157.0,-156.0,-154.5,-154.5,-157.0,-154.0,-152.0,-150.0,-153.0,-151.5,-152.0,-154.0,-157.0,-146.5,-147.0,-157.0,-153.5,-157.0,-157.0,-152.0,-152.0,-152.5,-152.5,-157.0,-151.0,-155.5,-152.5,-157.0,-157.0,-153.5,-150.0,-149.0,-151.5,-156.0,-151.5,-147.0,-150.5,-156.5,-155.0,-157.0,-157.0,-153.0,-157.0,-152.0,-152.0,-153.5,-152.0,-157.0,-157.0,-157.0,-157.0,-157.0,-147.5,-146.0,-152.5,-155.5,-157.0,-154.5,-154.0,-153.5,-157.0,-157.0,-150.0,-151.0,-155.0,-150.0,-150.0,-150.5,-150.5,-154.0,-153.0,-150.0,-155.0,-157.0,-157.0,-157.0,-157.0,-152.0,-156.0,-154.0,-148.0,-151.0,-155.5,-156.5,-152.0,-149.5,-150.0,-155.0,-157.0,-155.5,-152.0,-148.0,-146.5,-148.0,-153.5,-155.0,-157.0,-157.0,-156.5,-154.5,-154.0,-152.5,-152.0,-151.5,-149.5,-151.5,-147.0,-154.5,-157.0,-155.0,-156.5,-157.0,-147.5,-146.5,-154.5,-152.5,-157.0,-154.5,-148.5,-151.5,-152.0,-157.0,-152.5,-156.0,-154.5,-157.0,-157.0,-156.5,-154.5,-150.0,-148.0,-149.0,-152.5,-157.0,-156.5,-157.0,-150.0,-153.5,-147.0,-153.5,-155.0,-157.0,-157.0,-157.0,-157.0,-157.0,-152.5,-150.5,-156.5
2026-01-16 16:42:27.426,143.050000,5,-77,-157.0,-157.0,-154.0,-155.0,-155.0,-152.5,-155.5,-151.0,-150.5,-153.5,-154.0,-156.0,-153.5,-153.0,-156.0,-156.0,-149.5,-148.5,-150.0,-149.5,-157.0,-157.0,-157.0,-155.0,-153.5,-152.5,-153.5,-155.5,-156.0,-153.0,-155.5,-157.0,-156.5,-152.5,-150.5,-155.0,-156.0,-153.5,-152.0,-152.5,-154.0,-151.0,-150.0,-149.5,-154.0,-153.5,-151.5,-148.5,-153.0,-156.0,-157.0,-157.0,-149.5,-154.0,-157.0,-155.5,-155.0,-156.5,-151.5,-153.5,-151.0,-151.5,-154.5,-153.0,-154.5,-154.5,-157.0,-157.0,-154.5,-156.5,-150.0,-147.5,-152.5,-149.0,-149.0,-157.0,-154.0,-154.5,-151.0,-155.0,-157.0,-157.0,-154.0,-157.0,-153.5,-151.5,-155.0,-152.5,-155.0,-153.5,-156.5,-148.0,-147.0,-157.0,-157.0,-155.0,-148.0,-147.0,-151.5,-152.5,-148.5,-148.5,-146.5,-148.5,-156.5,-154.5,-157.0,-157.0,-157.0,-156.0,-157.0,-154.5,-147.5,-145.5,-156.0,-154.0,-154.5,-154.5,-157.0,-156.0,-157.0,-155.0,-157.0,-157.0,-157.0,-157.0,-154.0,-150.0,-152.5,-148.5,-152.5,-152.5,-153.0,-155.0,-155.5,-156.0,-155.5,-157.0,-157.0,-153.5,-149.5,-153.0,-154.5,-148.5,-147.5,-150.0,-151.5,-152.0,-157.0,-154.0,-150.0,-152.5,-154.0,-157.0,-155.5,-151.5,-154.5,-151.0,-150.0,-153.0,-152.5,-157.0,-155.0,-157.0,-154.5,-152.5,-152.0,-157.0,-154.5,-153.5,-154.0,-152.0,-154.5,-153.0,-155.5,-157.0,-157.0,-157.0,-157.0,-157.0,-157.0,-155.0,-157.0,-157.0,-147.5,-146.5,-151.0,-150.0,-149.5,-151.5,-147.5,-148.5,-148.0,-153.5,-148.5,-153.0,-157.0,-156.0,-154.5,-156.5,-157.0,-157.0,-155.5,-153.5,-150.0,-155.5,-155.5,-151.5,-151.5,-152.5,-151.5,-157.0,-157.0,-157.0,-148.5,-149.5,-156.0,-157.0,-157.0,-157.0,-154.0,-157.0,-155.5,-155.5,-157.0,-157.0,-153.0,-150.0,-156.0,-151.5,-151.0,-157.0,-157.0,-155.5,-155.0,-151.5,-155.0,-150.5,-143.0,-141.0,-151.0,-154.5,-157.0,-157.0,-155.0,-155.5,-150.0,-149.5,-157.0,-154.0,-153.5,-157.0,-153.5,-152.0,-149.5,-150.5,-155.0,-157.0,-157.0,-157.0,-156.0,-156.5,-154.5,-156.5,-154.5,-150.0,-151.5,-151.5,-150.0,-149.0,-153.5,-157.0,-150.5,-150.0,-155.5,-157.0,-157.0,-157.0,-157.0,-157.0,-155.5,-154.0,-157.0,-157.0,-157.0,-155.5,-157.0,-153.5,-152.5,-153.0,-149.0,-157.0,-157.0,-154.0,-152.0,-149.5,-150.5,-156.0,-157.0,-157.0,-154.5,-154.5,-157.0,-157.0,-151.0,-150.0,-151.0,-153.5,-154.5,-154.5,-157.0,-157.0,-156.0,-154.5,-153.0,-153.0,-152.5,-150.0,-157.0,-157.0,-154.5,-148.5,-151.0,-149.0,-155.0,-157.0,-157.0,-155.5,-150.0,-156.0,-154.0,-151.5,-149.0,-146.0,-148.0,-150.0,-157.0,-156.0,-157.0,-148.0,-150.0,-153.5,-153.5,-157.0,-150.5,-150.0,-151.0,-156.5,-153.5,-156.0,-152.0,-153.5,-151.5,-157.0,-156.5,-153.5,-153.0,-154.0,-153.5,-155.5,-155.0,-152.5,-157.0,-152.5,-151.0,-157.0,-154.5,-153.0,-157.0,-152.0,-153.5,-150.5,-151.0,-157.0,-157.0,-157.0,-157.0,-155.5,-154.0,-149.5,-148.0,-157.0,-157.0,-150.0,-150.5,-153.5,-156.0,-157.0,-153.0,-150.0,-153.5,-150.5,-149.5,-154.0,-152.0,-157.0,-152.5,-152.5,-153.0,-155.5,-155.5,-157.0,-153.0,-147.5,-150.5,-151.0,-152.0,-150.0,-156.5,-151.5,-152.5,-149.5,-149.0,-150.0,-152.5,-156.5,-151.0,-150.5,-151.0,-150.0,-156.0,-154.0,-157.0,-156.5,-157.0,-157.0,-153.0,-151.5,-155.5,-147.0,-151.0,-156.5,-150.5,-156.5,-157.0,-157.0,-156.0,-150.5,-147.0,-149.5,-153.5,-157.0,-153.5,-152.0,-150.0,-152.0,-151.5,-157.0,-154.5,-157.0,-153.0,-153.0,-157.0,-156.5,-154.0,-153.5,-150.0,-149.0,-153.0,-155.0,-157.0,-157.0,-154.0,-153.0,-149.5,-149.5,-154.0,-157.0,-157.0,-157.0,-157.0,-157.0,-152.0,-151.0,-157.0
2026-01-16 16:42:27.450,143.050000,5,-77,-157.0,-157.0,-149.5,-156.0,-157.0,-152.5,-157.0,-151.5,-149.0,-156.5,-155.0,-157.0,-157.0,-150.5,-151.0,-153.5,-155.0,-149.5,-153.5,-149.5,-152.5,-157.0,-157.0,-148.0,-149.5,-155.5,-151.0,-154.0,-151.5,-151.0,-157.0,-157.0,-157.0,-157.0,-153.0,-153.5,-155.5,-155.0,-148.5,-153.5,-154.0,-154.5,-155.5,-151.5,-155.5,-153.5,-149.5,-151.0,-156.0,-154.5,-157.0,-157.0,-149.5,-154.5,-157.0,-157.0,-156.0,-156.5,-151.5,-150.0,-151.0,-156.0,-157.0,-157.0,-151.0,-148.5,-157.0,-153.0,-152.5,-154.0,-146.0,-146.0,-152.5,-149.5,-153.5,-153.5,-155.0,-157.0,-147.5,-151.0,-157.0,-157.0,-154.5,-152.0,-148.0,-149.0,-157.0,-151.5,-155.0,-154.0,-157.0,-152.5,-150.0,-151.5,-157.0,-155.5,-155.5,-153.5,-155.5,-157.0,-152.5,-148.0,-147.5,-150.0,-156.5,-157.0,-156.0,-157.0,-157.0,-150.0,-151.0,-154.0,-152.0,-148.5,-151.0,-152.5,-155.0,-157.0,-157.0,-152.0,-152.5,-152.0,-157.0,-157.0,-157.0,-154.0,-150.5,-150.0,-150.0,-150.5,-154.5,-154.0,-157.0,-155.0,-157.0,-157.0,-155.5,-155.5,-157.0,-157.0,-152.0,-154.0,-148.5,-152.0,-150.5,-155.0,-151.5,-151.5,-156.0,-157.0,-149.0,-151.5,-152.5,-156.0,-157.0,-154.5,-151.0,-156.0,-149.0,-152.0,-157.0,-153.5,-154.0,-154.5,-153.0,-152.0,-151.0,-157.0,-157.0,-157.0,-157.0,-152.0,-153.0,-153.5,-150.0,-157.0,-155.0,-157.0,-157.0,-154.5,-151.0,-149.5,-156.5,-155.0,-148.0,-148.5,-157.0,-155.0,-151.0,-149.0,-147.0,-151.0,-151.0,-157.0,-150.5,-154.0,-157.0,-157.0,-157.0,-157.0,-157.0,-157.0,-151.5,-153.0,-149.5,-155.0,-157.0,-150.0,-150.0,-155.0,-150.5,-157.0,-156.0,-153.0,-151.0,-149.0,-156.0,-157.0,-157.0,-157.0,-156.0,-157.0,-155.5,-157.0,-156.5,-157.0,-152.5,-152.5,-153.0,-149.0,-148.5,-155.0,-157.0,-157.0,-153.0,-150.0,-151.0,-147.5,-144.0,-140.5,-153.5,-152.5,-157.0,-153.0,-155.5,-157.0,-149.5,-149.5,-156.5,-157.0,-157.0,-154.0,-152.5,-152.0,-157.0,-152.5,-154.5,-153.5,-157.0,-157.0,-155.0,-157.0,-157.0,-152.0,-153.0,-151.5,-146.0,-148.5,-152.5,-157.0,-154.5,-156.0,-157.0,-152.5,-157.0,-157.0,-152.5,-155.0,-155.5,-154.5,-155.5,-152.0,-153.5,-157.0,-157.0,-155.5,-154.0,-157.0,-151.5,-149.0,-152.0,-154.0,-157.0,-153.0,-152.0,-149.5,-151.0,-157.0,-157.0,-157.0,-151.5,-154.5,-157.0,-157.0,-151.0,-152.0,-150.5,-155.0,-153.5,-154.0,-156.0,-157.0,-157.0,-156.5,-154.0,-153.5,-157.0,-152.0,-156.5,-157.0,-157.0,-151.5,-153.5,-150.0,-155.0,-155.5,-157.0,-157.0,-150.5,-157.0,-157.0,-155.0,-147.0,-146.0,-148.0,-149.0,-157.0,-156.5,-155.0,-149.5,-151.5,-152.5,-153.5,-153.5,-148.0,-147.0,-147.5,-152.0,-151.5,-150.0,-150.0,-151.0,-148.5,-157.0,-157.0,-150.0,-153.5,-152.5,-153.5,-155.5,-151.0,-157.0,-157.0,-156.0,-150.5,-152.0,-155.0,-151.0,-150.5,-157.0,-157.0,-149.0,-152.0,-153.0,-152.5,-157.0,-156.5,-156.0,-157.0,-154.0,-147.5,-156.5,-150.0,-148.5,-153.5,-157.0,-157.0,-153.5,-152.5,-149.5,-152.0,-150.5,-151.5,-152.5,-155.5,-157.0,-152.5,-157.0,-156.5,-154.0,-154.0,-157.0,-154.0,-146.5,-150.5,-151.0,-157.0,-153.0,-156.0,-154.0,-155.5,-153.5,-150.5,-151.0,-153.5,-157.0,-150.0,-150.0,-155.5,-149.5,-157.0,-152.0,-157.0,-157.0,-154.0,-154.5,-157.0,-157.0,-150.0,-147.0,-151.5,-157.0,-152.5,-157.0,-157.0,-157.0,-157.0,-150.5,-150.0,-154.0,-155.5,-157.0,-152.0,-152.0,-153.0,-154.0,-155.5,-157.0,-152.5,-157.0,-156.0,-155.5,-156.5,-155.5,-156.0,-157.0,-157.0,-156.5,-152.0,-151.0,-154.5,-153.5,-151.0,-148.5,-155.0,-149.0,-151.5,-157.0,-157.0,-157.0,-157.0,-156.5,-154.5,-157.0,-157.0
2026-01-16 16:42:27.482,143.050000,5,-77,-157.0,-157.0,-147.5,-157.0,-155.5,-152.5,-156.5,-154.5,-153.5,-151.0,-151.5,-155.5,-154.0,-152.5,-151.0,-157.0,-155.0,-151.5,-157.0,-148.5,-152.0,-154.0,-152.0,-146.5,-150.5,-157.0,-151.0,-150.5,-153.0,-155.0,-157.0,-157.0,-153.5,-153.5,-157.0,-157.0,-157.0,-151.0,-149.0,-151.5,-151.5,-157.0,-155.0,-152.5,-154.5,-153.0,-153.0,-157.0,-157.0,-152.5,-150.0,-150.5,-152.5,-156.0,-154.5,-155.5,-151.5,-152.0,-152.5,-150.5,-150.5,-157.0,-157.0,-157.0,-154.0,-148.0,-157.0,-153.0,-157.0,-156.0,-147.5,-148.5,-149.0,-154.0,-156.5,-155.0,-154.0,-151.5,-151.0,-151.5,-157.0,-157.0,-157.0,-154.0,-149.5,-149.5,-157.0,-152.0,-151.0,-152.0,-157.0,-153.5,-157.0,-152.5,-155.0,-153.0,-157.0,-152.5,-152.0,-154.5,-153.5,-155.5,-151.0,-157.0,-157.0,-157.0,-154.0,-154.0,-155.5,-149.0,-150.5,-155.5,-157.0,-154.5,-151.0,-156.0,-157.0,-157.0,-157.0,-153.5,-151.5,-149.5,-151.5,-157.0,-157.0,-151.5,-151.0,-157.0,-151.5,-152.5,-154.0,-153.0,-157.0,-152.0,-157.0,-157.0,-157.0,-157.0,-155.5,-157.0,-152.0,-146.5,-145.5,-157.0,-157.0,-157.0,-157.0,-154.5,-152.0,-157.0,-151.0,-154.0,-153.0,-152.5,-157.0,-157.0,-152.5,-152.5,-154.0,-154.0,-157.0,-150.5,-149.5,-154.5,-154.5,-152.5,-151.5,-156.0,-156.5,-157.0,-157.0,-150.0,-147.5,-150.5,-148.5,-155.0,-151.0,-157.0,-152.0,-153.5,-148.5,-148.0,-152.0,-149.5,-147.5,-146.0,-155.0,-156.0,-153.0,-149.0,-148.0,-149.0,-150.0,-157.0,-157.0,-157.0,-157.0,-157.0,-157.0,-157.0,-157.0,-153.0,-151.5,-154.0,-149.0,-153.0,-157.0,-153.0,-157.0,-150.0,-152.0,-157.0,-156.0,-155.0,-152.0,-149.0,-153.5,-157.0,-152.0,-154.5,-157.0,-157.0,-157.0,-154.5,-154.5,-157.0,-156.5,-157.0,-156.0,-151.0,-152.5,-157.0,-157.0,-157.0,-157.0,-154.5,-155.0,-147.5,-143.5,-140.5,-149.5,-156.0,-155.0,-153.0,-155.0,-157.0,-150.5,-155.0,-153.0,-156.5,-157.0,-155.5,-154.0,-154.0,-151.5,-153.5,-155.5,-151.0,-157.0,-153.5,-155.0,-157.0,-157.0,-152.0,-154.0,-152.0,-145.5,-150.0,-156.5,-155.0,-152.5,-157.0,-157.0,-153.0,-156.5,-155.0,-152.5,-150.5,-148.5,-149.0,-153.0,-151.0,-148.5,-149.0,-155.0,-154.5,-153.0,-157.0,-153.0,-147.5,-157.0,-148.0,-150.5,-153.0,-154.0,-153.0,-152.0,-156.5,-157.0,-157.0,-151.5,-156.0,-156.0,-156.5,-157.0,-157.0,-153.0,-157.0,-154.0,-154.0,-155.0,-156.0,-157.0,-157.0,-157.0,-157.0,-155.5,-151.5,-152.5,-151.5,-155.5,-157.0,-154.5,-149.0,-152.5,-157.0,-152.5,-155.0,-151.5,-154.5,-157.0,-152.0,-149.5,-151.5,-157.0,-149.5,-151.5,-153.5,-151.5,-153.0,-153.5,-154.5,-157.0,-157.0,-154.0,-149.0,-149.0,-157.0,-150.0,-149.0,-150.5,-149.0,-150.0,-157.0,-156.5,-149.5,-153.0,-151.5,-154.5,-149.0,-148.0,-153.0,-157.0,-157.0,-153.5,-149.0,-156.0,-150.5,-149.0,-154.5,-154.5,-151.5,-149.0,-151.5,-151.0,-157.0,-154.0,-156.5,-156.5,-152.5,-148.0,-149.5,-151.0,-149.0,-157.0,-153.0,-153.0,-151.0,-148.0,-148.5,-152.5,-154.5,-157.0,-151.5,-157.0,-157.0,-151.0,-151.5,-157.0,-154.5,-150.5,-152.0,-149.5,-146.5,-155.0,-149.5,-151.0,-151.0,-157.0,-157.0,-156.0,-157.0,-151.0,-153.5,-157.0,-155.5,-157.0,-151.0,-156.0,-151.0,-149.5,-149.5,-157.0,-156.5,-156.0,-148.5,-152.5,-157.0,-150.5,-150.0,-152.0,-154.0,-155.0,-157.0,-157.0,-157.0,-157.0,-153.5,-155.0,-157.0,-157.0,-157.0,-153.0,-157.0,-155.0,-155.5,-157.0,-151.0,-149.0,-153.0,-157.0,-155.5,-157.0,-154.0,-157.0,-156.5,-157.0,-157.0,-153.0,-152.0,-153.5,-153.0,-153.0,-150.0,-156.0,-153.0,-154.0,-156.0,-157.0,-153.5,-152.5,-153.0,-155.5,-157.0,-152.0
2026-01-16 16:42:27.518,143.050000,5,-77,-157.0,-157.0,-152.0,-153.5,-157.0,-154.0,-156.5,-154.0,-156.5,-151.5,-151.0,-150.5,-155.5,-153.5,-152.5,-157.0,-152.0,-153.5,-157.0,-150.0,-154.0,-150.5,-153.0,-149.0,-154.5,-153.5,-154.0,-153.5,-156.5,-156.5,-157.0,-157.0,-152.5,-151.0,-157.0,-157.0,-151.5,-150.0,-156.0,-153.0,-152.5,-157.0,-154.5,-152.0,-153.5,-156.5,-152.5,-156.0,-157.0,-152.0,-150.5,-148.5,-151.0,-150.0,-152.5,-155.5,-151.5,-152.5,-153.0,-157.0,-151.5,-157.0,-157.0,-157.0,-155.0,-149.0,-157.0,-155.5,-157.0,-153.0,-151.5,-151.0,-151.0,-157.0,-154.0,-157.0,-154.5,-149.0,-152.5,-157.0,-156.5,-157.0,-157.0,-157.0,-153.5,-154.5,-157.0,-155.5,-152.5,-153.5,-151.0,-149.0,-157.0,-153.5,-151.5,-154.0,-157.0,-150.5,-154.0,-152.0,-153.0,-149.5,-149.5,-157.0,-156.0,-157.0,-157.0,-155.5,-153.0,-154.5,-155.0,-157.0,-157.0,-157.0,-154.0,-152.0,-151.0,-157.0,-157.0,-157.0,-157.0,-151.0,-149.5,-157.0,-157.0,-154.0,-157.0,-157.0,-152.0,-154.5,-154.5,-151.0,-151.0,-149.5,-153.0,-157.0,-153.0,-154.5,-156.5,-154.0,-152.5,-148.0,-147.0,-157.0,-157.0,-155.5,-155.0,-157.0,-152.5,-154.5,-154.5,-156.5,-154.0,-151.5,-157.0,-157.0,-156.0,-153.0,-153.0,-151.0,-157.0,-150.0,-150.0,-156.0,-153.0,-157.0,-152.5,-154.5,-155.5,-157.0,-157.0,-148.0,-146.5,-151.5,-149.0,-152.5,-149.5,-150.5,-151.5,-157.0,-152.5,-150.0,-152.5,-147.0,-146.5,-145.5,-153.5,-153.0,-157.0,-157.0,-152.0,-147.0,-146.5,-157.0,-157.0,-157.0,-157.0,-156.5,-152.0,-153.5,-156.5,-152.0,-155.5,-151.0,-151.0,-155.5,-157.0,-155.0,-157.0,-152.0,-156.0,-152.5,-154.5,-153.5,-151.5,-153.0,-152.5,-157.0,-154.0,-152.5,-156.5,-157.0,-154.5,-153.0,-156.5,-157.0,-157.0,-153.5,-154.5,-154.5,-157.0,-157.0,-155.5,-155.0,-157.0,-156.5,-153.5,-151.0,-142.5,-140.5,-153.0,-149.5,-153.0,-157.0,-157.0,-157.0,-150.0,-149.5,-150.0,-152.5,-154.0,-156.5,-157.0,-157.0,-151.5,-149.5,-150.0,-150.5,-155.5,-153.0,-154.5,-156.5,-156.5,-155.0,-150.5,-147.5,-147.0,-155.5,-157.0,-152.5,-152.5,-157.0,-157.0,-152.5,-153.5,-157.0,-156.0,-152.0,-148.5,-151.0,-152.0,-157.0,-152.5,-147.5,-150.0,-150.0,-151.5,-155.5,-157.0,-147.5,-148.5,-145.0,-147.0,-149.5,-149.0,-155.5,-154.0,-154.5,-157.0,-157.0,-152.0,-154.5,-153.5,-156.0,-157.0,-152.0,-154.5,-156.0,-155.0,-155.0,-152.5,-155.5,-157.0,-157.0,-157.0,-154.5,-150.0,-147.0,-149.5,-150.0,-157.0,-157.0,-154.0,-148.0,-150.0,-157.0,-152.0,-151.0,-153.5,-151.5,-149.5,-149.5,-156.0,-157.0,-154.0,-152.0,-150.5,-148.5,-150.5,-154.0,-157.0,-153.5,-157.0,-157.0,-157.0,-154.5,-157.0,-152.5,-154.0,-151.5,-157.0,-152.5,-155.0,-153.5,-154.0,-154.5,-152.0,-150.5,-153.5,-151.0,-151.0,-152.0,-157.0,-152.0,-152.5,-149.5,-157.0,-155.5,-154.5,-154.0,-154.0,-154.0,-151.5,-157.0,-155.5,-157.0,-150.0,-152.0,-156.0,-156.5,-147.0,-148.0,-156.0,-149.5,-156.5,-149.0,-150.5,-155.5,-149.5,-154.5,-152.5,-156.5,-157.0,-150.0,-153.0,-157.0,-150.0,-150.0,-157.0,-154.5,-147.5,-149.0,-149.0,-150.0,-150.5,-151.5,-151.0,-149.5,-157.0,-155.0,-152.5,-155.5,-151.0,-150.0,-151.0,-155.5,-154.0,-150.0,-151.0,-152.0,-150.0,-150.5,-155.5,-153.0,-155.5,-146.0,-149.0,-153.5,-152.5,-156.0,-149.5,-152.0,-157.0,-157.0,-157.0,-156.5,-157.0,-152.0,-152.5,-157.0,-157.0,-153.5,-153.5,-156.5,-157.0,-155.5,-155.0,-148.5,-151.5,-154.0,-155.0,-152.0,-154.0,-154.5,-154.5,-157.0,-156.0,-157.0,-154.0,-155.0,-157.0,-155.5,-156.0,-152.0,-157.0,-157.0,-156.0,-157.0,-155.5,-153.0,-152.5,-154.5,-156.0,-157.0,-150.0
2026-01-16 16:42:27.551,143.050000,5,-77,-157.0,-157.0,-152.5,-150.0,-157.0,-155.0,-154.0,-157.0,-157.0,-150.5,-151.0,-150.5,-157.0,-154.5,-154.5,-156.5,-153.0,-157.0,-155.5,-154.5,-153.5,-152.0,-156.0,-153.5,-155.5,-150.0,-152.0,-156.5,-154.5,-153.5,-157.0,-157.0,-151.0,-156.0,-154.0,-156.0,-149.5,-148.0,-157.0,-157.0,-157.0,-156.0,-156.0,-152.5,-153.5,-155.0,-154.0,-152.5,-152.5,-153.0,-154.5,-150.5,-151.0,-149.5,-157.0,-157.0,-153.0,-153.0,-150.5,-153.0,-153.0,-153.5,-154.0,-152.0,-150.5,-148.5,-153.0,-157.0,-157.0,-155.5,-157.0,-155.5,-156.5,-157.0,-153.5,-153.5,-157.0,-150.0,-151.0,-157.0,-154.0,-155.0,-156.5,-154.5,-155.5,-157.0,-152.0,-152.0,-156.0,-157.0,-150.5,-148.5,-157.0,-156.5,-156.5,-156.0,-157.0,-150.0,-154.0,-149.0,-150.0,-149.5,-148.5,-157.0,-154.0,-154.0,-157.0,-152.0,-151.0,-155.5,-157.0,-156.0,-157.0,-156.0,-157.0,-147.5,-147.0,-157.0,-157.0,-157.0,-157.0,-153.0,-150.0,-153.0,-155.5,-155.0,-157.0,-153.5,-150.0,-155.5,-157.0,-153.0,-153.0,-151.0,-157.0,-157.0,-150.5,-150.0,-156.0,-157.0,-154.0,-150.5,-154.0,-152.5,-153.0,-152.0,-152.5,-156.5,-154.5,-155.0,-157.0,-156.5,-151.0,-150.0,-153.5,-153.0,-151.0,-152.0,-149.5,-149.0,-156.0,-152.0,-154.0,-150.5,-151.5,-152.0,-155.0,-153.5,-153.5,-155.0,-157.0,-149.5,-152.5,-153.5,-148.0,-152.5,-152.5,-150.5,-153.0,-157.0,-157.0,-153.0,-156.5,-148.5,-150.0,-144.5,-152.5,-155.5,-154.5,-157.0,-152.0,-147.5,-146.5,-156.0,-152.5,-157.0,-157.0,-157.0,-152.5,-153.0,-155.5,-154.0,-155.0,-154.0,-157.0,-157.0,-157.0,-151.5,-154.5,-153.0,-153.5,-149.0,-155.5,-150.5,-152.5,-153.0,-154.5,-157.0,-157.0,-154.0,-157.0,-154.0,-149.5,-152.0,-156.5,-157.0,-157.0,-152.0,-155.0,-156.0,-157.0,-157.0,-156.0,-151.0,-153.0,-157.0,-151.0,-155.5,-142.5,-142.0,-148.5,-146.0,-151.5,-157.0,-153.0,-154.0,-152.5,-148.0,-147.5,-153.5,-153.0,-157.0,-157.0,-157.0,-157.0,-148.0,-148.5,-153.5,-156.5,-157.0,-154.0,-150.0,-153.0,-154.5,-149.5,-151.5,-154.0,-155.0,-154.0,-157.0,-157.0,-157.0,-157.0,-154.5,-153.5,-157.0,-152.0,-155.0,-150.0,-157.0,-151.5,-152.0,-152.0,-150.0,-147.5,-148.0,-150.5,-150.5,-149.5,-146.5,-151.0,-147.0,-152.5,-149.5,-150.0,-150.0,-157.0,-155.0,-154.0,-156.5,-156.0,-157.0,-156.5,-157.0,-155.0,-151.5,-157.0,-157.0,-156.0,-148.5,-149.5,-157.0,-157.0,-157.0,-157.0,-153.5,-150.5,-146.5,-149.5,-152.5,-152.0,-152.5,-155.5,-152.0,-155.5,-157.0,-157.0,-151.0,-154.5,-153.0,-148.5,-148.5,-155.5,-157.0,-152.0,-151.5,-154.0,-150.0,-152.0,-150.0,-151.5,-152.0,-153.0,-150.5,-150.5,-157.0,-150.5,-151.0,-153.0,-151.5,-154.0,-153.0,-157.0,-157.0,-153.5,-156.5,-153.0,-150.5,-150.5,-155.0,-156.0,-153.5,-149.0,-148.0,-154.5,-151.5,-151.0,-151.5,-157.0,-156.0,-151.5,-152.0,-157.0,-157.0,-157.0,-157.0,-149.0,-152.0,-157.0,-157.0,-148.0,-150.0,-151.5,-148.5,-154.5,-150.0,-156.0,-156.0,-150.0,-151.5,-152.0,-157.0,-155.0,-149.5,-157.0,-155.5,-150.5,-154.5,-155.0,-157.0,-148.0,-149.0,-148.0,-149.5,-150.0,-152.5,-150.5,-150.0,-151.0,-150.0,-153.5,-154.0,-152.0,-148.5,-149.5,-155.0,-155.0,-151.5,-152.5,-154.0,-155.5,-154.5,-152.5,-153.0,-155.5,-149.5,-152.5,-149.0,-151.0,-155.0,-147.5,-149.5,-155.0,-154.5,-157.0,-151.5,-155.0,-154.0,-154.5,-153.5,-150.0,-148.5,-152.5,-156.0,-157.0,-153.0,-152.0,-149.0,-154.0,-152.5,-157.0,-150.0,-153.5,-154.5,-150.0,-153.5,-151.5,-152.5,-157.0,-157.0,-157.0,-157.0,-154.0,-153.5,-155.0,-157.0,-157.0,-155.5,-154.5,-157.0,-156.0,-156.5,-157.0,-157.0,-150.0
2026-01-16 16:42:27.581,143.050000,5,-77,-157.0,-157.0,-151.5,-152.0,-157.0,-152.0,-150.5,-155.0,-153.5,-150.0,-156.0,-156.5,-157.0,-152.0,-157.0,-155.5,-154.0,-155.5,-155.0,-157.0,-157.0,-157.0,-157.0,-157.0,-157.0,-151.5,-156.0,-155.5,-156.0,-152.5,-153.5,-157.0,-151.5,-154.5,-152.5,-154.0,-153.0,-150.5,-157.0,-153.0,-157.0,-155.5,-151.0,-153.5,-153.0,-154.5,-157.0,-151.0,-152.0,-152.5,-151.0,-156.0,-153.0,-151.5,-157.0,-157.0,-156.5,-157.0,-151.5,-153.5,-151.0,-151.5,-156.0,-152.0,-150.0,-148.0,-157.0,-157.0,-156.0,-157.0,-157.0,-156.0,-155.0,-153.5,-151.5,-153.0,-155.5,-154.0,-157.0,-156.5,-157.0,-153.0,-154.0,-154.5,-153.5,-153.0,-151.0,-155.0,-157.0,-157.0,-151.5,-151.5,-154.0,-154.0,-154.5,-153.0,-156.5,-150.5,-157.0,-149.5,-149.0,-152.5,-153.5,-157.0,-156.0,-152.0,-157.0,-151.0,-154.5,-154.0,-156.5,-157.0,-156.0,-154.0,-157.0,-151.0,-149.0,-157.0,-155.5,-152.0,-152.5,-157.0,-154.0,-156.5,-157.0,-154.0,-156.0,-154.5,-150.0,-154.0,-152.5,-152.0,-157.0,-154.0,-157.0,-157.0,-153.0,-151.0,-153.0,-157.0,-155.5,-150.5,-152.5,-153.5,-154.0,-153.0,-154.5,-153.0,-155.0,-154.0,-157.0,-156.5,-157.0,-153.0,-156.0,-151.0,-147.0,-152.5,-155.5,-151.5,-154.0,-154.0,-153.5,-150.5,-154.5,-151.0,-157.0,-155.0,-153.5,-152.0,-154.5,-153.0,-157.0,-151.0,-148.5,-151.0,-157.0,-149.0,-150.0,-157.0,-157.0,-150.5,-151.0,-151.5,-145.0,-143.0,-157.0,-155.0,-148.0,-156.5,-155.0,-153.5,-150.5,-150.0,-149.0,-155.5,-156.0,-157.0,-157.0,-157.0,-157.0,-157.0,-157.0,-157.0,-157.0,-155.0,-152.5,-149.5,-155.0,-157.0,-151.0,-148.5,-150.5,-151.5,-157.0,-151.5,-157.0,-157.0,-157.0,-155.5,-157.0,-149.5,-148.5,-156.5,-157.0,-157.0,-157.0,-154.0,-156.5,-151.0,-155.5,-154.0,-154.5,-152.5,-152.5,-157.0,-151.5,-157.0,-147.5,-143.0,-147.5,-149.5,-151.0,-153.5,-150.5,-155.5,-155.5,-150.0,-151.5,-157.0,-157.0,-157.0,-157.0,-157.0,-157.0,-150.5,-153.0,-154.5,-154.0,-157.0,-151.5,-148.0,-156.0,-152.0,-153.0,-156.5,-155.0,-149.5,-150.0,-157.0,-157.0,-157.0,-157.0,-157.0,-157.0,-154.0,-150.0,-150.0,-150.5,-157.0,-153.5,-146.5,-147.0,-152.5,-151.5,-150.5,-148.5,-149.0,-146.0,-147.5,-155.5,-154.5,-155.0,-150.0,-153.0,-148.5,-150.5,-157.0,-153.5,-153.0,-156.5,-157.0,-157.0,-157.0,-157.0,-152.5,-156.0,-157.0,-157.0,-149.5,-150.5,-156.0,-157.0,-155.0,-155.5,-155.0,-151.5,-151.5,-153.5,-153.5,-154.0,-151.5,-157.0,-151.5,-151.5,-153.5,-153.5,-150.0,-150.5,-152.5,-155.0,-151.5,-153.0,-154.0,-154.0,-147.5,-149.5,-156.5,-152.0,-148.5,-150.5,-153.0,-151.5,-153.0,-150.0,-156.5,-149.0,-148.0,-152.5,-156.5,-152.0,-152.0,-157.0,-157.0,-155.5,-152.5,-153.5,-154.5,-155.0,-151.5,-150.5,-151.0,-151.0,-149.5,-157.0,-157.0,-152.0,-152.5,-157.0,-157.0,-154.0,-153.5,-153.5,-157.0,-157.0,-153.5,-151.0,-155.0,-157.0,-157.0,-150.5,-155.5,-151.0,-152.0,-154.5,-153.0,-157.0,-155.0,-151.0,-152.5,-154.5,-157.0,-151.0,-147.0,-149.0,-153.5,-150.5,-156.0,-153.5,-155.5,-150.5,-157.0,-150.0,-149.5,-150.5,-148.0,-147.0,-149.0,-147.0,-148.5,-154.0,-150.0,-153.0,-152.5,-151.0,-155.5,-157.0,-156.5,-155.5,-153.0,-157.0,-155.0,-156.5,-154.5,-157.0,-157.0,-154.0,-150.5,-152.5,-154.0,-151.0,-149.0,-151.0,-156.0,-153.5,-149.5,-157.0,-157.0,-151.0,-149.0,-150.0,-147.5,-152.0,-157.0,-157.0,-149.5,-157.0,-151.0,-151.0,-152.5,-157.0,-148.0,-152.0,-150.0,-148.0,-151.0,-153.0,-153.5,-154.0,-157.0,-157.0,-155.5,-157.0,-157.0,-156.5,-153.0,-155.0,-149.0,-150.5,-157.0,-157.0,-150.5,-153.0,-157.0,-153.0
2026-01-16 16:42:27.615,143.050000,5,-77,-157.0,-157.0,-157.0,-157.0,-156.0,-150.0,-151.5,-151.5,-157.0,-151.0,-157.0,-157.0,-157.0,-150.0,-149.5,-152.5,-154.0,-155.5,-157.0,-157.0,-157.0,-157.0,-157.0,-157.0,-157.0,-154.0,-156.5,-157.0,-157.0,-151.0,-150.5,-156.0,-155.5,-154.5,-153.5,-152.0,-157.0,-157.0,-156.0,-152.0,-157.0,-156.0,-151.5,-153.5,-151.0,-154.5,-155.5,-150.5,-152.0,-153.0,-152.0,-157.0,-157.0,-154.5,-155.0,-157.0,-157.0,-155.5,-154.0,-151.5,-148.5,-150.5,-156.0,-153.0,-157.0,-150.5,-154.0,-157.0,-155.0,-154.5,-150.5,-152.5,-154.0,-154.0,-151.0,-155.0,-156.5,-156.0,-157.0,-157.0,-157.0,-153.0,-154.5,-154.5,-151.5,-153.0,-154.5,-157.0,-157.0,-153.0,-154.0,-150.0,-149.5,-150.5,-150.0,-149.0,-157.0,-153.5,-157.0,-155.0,-153.0,-155.0,-154.5,-153.0,-157.0,-152.5,-157.0,-151.0,-152.0,-153.0,-157.0,-157.0,-156.0,-154.0,-154.5,-152.5,-152.5,-157.0,-152.5,-151.5,-151.5,-157.0,-154.0,-157.0,-157.0,-153.5,-154.5,-155.0,-153.0,-157.0,-153.5,-150.5,-156.5,-154.0,-157.0,-155.0,-153.5,-153.5,-153.5,-154.0,-156.5,-155.0,-150.5,-154.0,-156.5,-153.0,-153.5,-154.0,-157.0,-152.0,-153.5,-153.0,-157.0,-157.0,-154.0,-154.5,-146.0,-148.0,-155.5,-157.0,-154.0,-152.5,-153.0,-156.5,-151.0,-150.0,-151.5,-152.5,-157.0,-155.5,-149.5,-151.0,-156.0,-151.5,-152.0,-153.0,-153.0,-149.0,-149.0,-157.0,-157.0,-149.0,-149.0,-157.0,-147.0,-143.5,-152.0,-155.5,-146.5,-157.0,-152.0,-155.0,-155.0,-155.0,-148.0,-157.0,-153.5,-157.0,-157.0,-157.0,-156.5,-154.0,-157.0,-156.0,-154.0,-152.5,-156.0,-152.0,-155.0,-156.0,-156.0,-154.0,-154.5,-155.0,-153.0,-150.5,-153.0,-157.0,-157.0,-157.0,-156.0,-148.5,-152.0,-157.0,-156.5,-157.0,-157.0,-157.0,-151.5,-150.5,-150.0,-149.5,-151.5,-153.0,-150.0,-150.5,-153.5,-157.0,-146.5,-141.0,-144.0,-157.0,-154.0,-152.5,-150.5,-151.5,-150.5,-150.5,-155.0,-156.0,-156.0,-151.5,-150.0,-151.0,-154.0,-151.5,-154.5,-157.0,-152.5,-151.5,-149.0,-149.5,-157.0,-153.0,-157.0,-151.5,-152.5,-149.0,-150.5,-157.0,-157.0,-157.0,-157.0,-157.0,-157.0,-152.0,-154.5,-155.5,-157.0,-157.0,-151.5,-148.0,-149.5,-157.0,-154.0,-148.0,-149.0,-148.0,-143.5,-154.5,-155.0,-157.0,-155.5,-149.0,-154.0,-151.0,-150.5,-157.0,-153.5,-155.5,-157.0,-157.0,-157.0,-157.0,-155.0,-149.5,-150.0,-155.5,-156.0,-152.0,-152.5,-157.0,-157.0,-150.0,-149.5,-157.0,-155.0,-155.0,-154.5,-157.0,-157.0,-152.5,-157.0,-152.0,-148.5,-154.0,-150.5,-147.5,-152.0,-148.5,-156.0,-154.0,-150.0,-152.0,-150.5,-148.0,-149.5,-157.0,-157.0,-150.5,-157.0,-157.0,-155.5,-156.0,-155.5,-157.0,-151.0,-147.5,-151.5,-157.0,-157.0,-152.5,-157.0,-156.0,-154.0,-155.0,-157.0,-157.0,-157.0,-153.5,-154.0,-150.5,-157.0,-154.0,-157.0,-157.0,-156.5,-153.0,-151.0,-152.5,-157.0,-150.5,-148.5,-154.0,-155.5,-156.0,-156.0,-157.0,-157.0,-157.0,-151.0,-152.5,-155.5,-157.0,-157.0,-152.5,-154.5,-157.0,-154.0,-157.0,-157.0,-155.5,-148.5,-144.5,-146.5,-155.0,-151.5,-155.5,-154.0,-154.5,-151.5,-155.5,-157.0,-154.5,-157.0,-151.0,-150.5,-150.5,-146.5,-151.0,-155.5,-147.0,-150.5,-157.0,-151.5,-154.0,-157.0,-157.0,-154.0,-152.0,-157.0,-157.0,-157.0,-154.0,-156.5,-154.0,-153.5,-153.0,-157.0,-151.0,-154.5,-154.0,-153.5,-153.0,-154.5,-148.5,-157.0,-157.0,-149.5,-149.5,-157.0,-151.0,-151.0,-157.0,-153.0,-148.5,-154.5,-157.0,-154.5,-156.5,-157.0,-147.5,-150.5,-156.5,-150.5,-157.0,-157.0,-156.5,-152.5,-157.0,-154.5,-150.5,-157.0,-155.5,-157.0,-153.0,-150.0,-150.0,-151.0,-156.0,-155.5,-149.0,-150.0,-157.0,-157.0
2026-01-16 16:42:27.652,143.050000,5,-77,-157.0,-157.0,-157.0,-157.0,-154.0,-151.0,-153.5,-155.5,-153.0,-154.0,-151.5,-153.5,-155.0,-156.5,-148.5,-152.5,-155.0,-150.5,-151.0,-153.0,-157.0,-157.0,-157.0,-157.0,-154.0,-157.0,-155.0,-157.0,-155.5,-155.5,-152.5,-155.0,-157.0,-153.5,-152.5,-153.5,-157.0,-157.0,-155.0,-153.0,-156.0,-157.0,-157.0,-154.0,-151.0,-155.5,-157.0,-152.0,-151.5,-157.0,-156.0,-157.0,-157.0,-156.5,-154.5,-157.0,-151.5,-150.5,-152.5,-147.5,-150.0,-154.0,-154.0,-150.0,-152.0,-152.5,-154.5,-157.0,-155.0,-156.5,-148.0,-153.0,-153.0,-150.5,-151.5,-157.0,-157.0,-153.0,-154.5,-157.0,-157.0,-152.5,-153.5,-150.5,-152.5,-153.5,-156.5,-156.5,-157.0,-149.5,-151.5,-150.5,-151.0,-154.0,-154.0,-147.5,-148.5,-154.5,-157.0,-157.0,-157.0,-154.5,-152.5,-157.0,-156.5,-153.0,-156.5,-156.0,-150.5,-152.5,-157.0,-157.0,-157.0,-157.0,-156.0,-148.5,-150.0,-155.5,-153.0,-153.5,-148.0,-149.5,-151.0,-154.0,-157.0,-157.0,-156.5,-152.5,-156.5,-156.5,-157.0,-152.5,-151.5,-152.5,-150.0,-147.5,-150.5,-157.0,-154.0,-152.0,-149.5,-155.5,-150.0,-150.5,-153.0,-152.0,-153.5,-153.0,-154.0,-151.0,-157.0,-155.5,-157.0,-157.0,-155.0,-153.5,-146.5,-145.0,-156.5,-155.0,-152.0,-151.0,-151.0,-154.5,-156.0,-149.0,-154.0,-152.0,-157.0,-157.0,-150.0,-150.5,-152.5,-150.0,-152.0,-151.5,-151.0,-156.0,-154.5,-154.0,-156.5,-149.5,-150.0,-157.0,-151.5,-146.0,-154.5,-152.0,-148.0,-153.5,-150.5,-154.0,-153.0,-152.0,-148.5,-157.0,-152.0,-157.0,-155.5,-157.0,-156.5,-150.0,-156.5,-156.5,-156.5,-154.0,-155.5,-155.5,-154.5,-155.0,-155.5,-157.0,-153.0,-152.5,-153.0,-154.5,-155.0,-156.5,-157.0,-155.0,-151.0,-150.0,-153.0,-156.5,-156.0,-157.0,-157.0,-157.0,-154.0,-153.0,-149.0,-149.5,-152.0,-152.5,-149.0,-147.5,-157.0,-157.0,-141.5,-139.0,-144.5,-151.5,-152.0,-155.5,-155.0,-151.5,-149.0,-152.0,-152.0,-153.5,-149.5,-147.5,-147.5,-152.0,-151.0,-151.0,-154.5,-157.0,-157.0,-150.5,-149.5,-156.5,-157.0,-153.5,-155.5,-153.0,-150.0,-150.0,-157.0,-157.0,-152.5,-157.0,-154.5,-157.0,-157.0,-151.0,-151.5,-157.0,-157.0,-155.5,-147.5,-147.0,-149.5,-156.0,-151.5,-147.5,-144.5,-136.0,-136.0,-145.0,-153.0,-157.0,-155.0,-150.0,-150.5,-157.0,-153.0,-152.0,-149.0,-157.0,-154.5,-154.0,-154.0,-151.5,-150.5,-147.0,-146.5,-153.5,-157.0,-152.5,-155.0,-157.0,-154.0,-150.0,-150.5,-152.0,-157.0,-151.0,-153.5,-155.0,-152.5,-153.5,-157.0,-157.0,-149.5,-157.0,-151.0,-148.5,-156.0,-147.0,-151.5,-152.0,-150.0,-153.0,-151.5,-150.0,-152.0,-154.5,-157.0,-154.5,-154.0,-152.5,-157.0,-153.5,-157.0,-157.0,-151.5,-148.5,-151.0,-154.5,-155.0,-150.5,-155.0,-153.5,-157.0,-157.0,-156.5,-152.5,-149.0,-150.0,-157.0,-152.5,-154.0,-156.5,-152.0,-153.5,-152.5,-151.0,-148.5,-149.5,-155.5,-152.0,-150.5,-151.5,-154.0,-156.0,-157.0,-157.0,-153.0,-156.0,-155.5,-150.0,-152.0,-157.0,-157.0,-152.5,-150.0,-157.0,-151.5,-151.5,-156.0,-155.5,-150.0,-145.5,-154.0,-152.0,-150.5,-150.0,-150.0,-155.5,-151.5,-152.0,-157.0,-156.0,-152.0,-157.0,-157.0,-157.0,-148.5,-148.5,-150.0,-147.5,-152.0,-152.5,-149.5,-157.0,-157.0,-154.0,-157.0,-153.5,-157.0,-157.0,-151.0,-150.5,-157.0,-152.5,-152.0,-153.5,-157.0,-149.0,-148.5,-155.0,-155.0,-151.0,-150.0,-148.5,-153.0,-155.5,-153.5,-154.5,-157.0,-154.5,-154.0,-153.5,-151.0,-152.0,-157.0,-157.0,-153.0,-155.0,-154.5,-148.0,-157.0,-154.5,-151.5,-152.0,-154.0,-154.5,-157.0,-157.0,-154.5,-150.0,-150.0,-150.5,-154.5,-156.0,-152.0,-157.0,-157.0,-157.0,-157.0,-154.0,-153.5,-155.5,-156.5
2026-01-16 16:42:27.688,143.050000,5,-77,-157.0,-157.0,-157.0,-155.5,-157.0,-154.0,-152.0,-157.0,-153.5,-156.5,-148.0,-147.5,-151.0,-155.0,-150.0,-155.5,-157.0,-148.0,-147.0,-152.0,-155.0,-152.5,-155.5,-152.0,-150.5,-155.5,-157.0,-154.0,-157.0,-157.0,-153.5,-156.5,-157.0,-152.5,-152.0,-154.0,-156.0,-155.5,-155.5,-157.0,-155.5,-157.0,-157.0,-157.0,-155.0,-156.0,-157.0,-156.0,-154.0,-157.0,-156.0,-153.0,-153.5,-150.0,-151.5,-157.0,-154.0,-150.5,-153.5,-149.5,-150.0,-154.0,-156.5,-149.0,-149.0,-150.0,-157.0,-155.5,-157.0,-156.5,-148.0,-151.0,-156.5,-147.0,-150.5,-157.0,-153.5,-151.0,-154.5,-157.0,-156.5,-152.5,-153.5,-149.0,-150.5,-153.0,-153.0,-157.0,-154.5,-152.0,-149.0,-152.0,-154.0,-155.5,-155.0,-149.0,-147.0,-151.5,-152.0,-152.0,-156.5,-153.5,-153.0,-157.0,-155.0,-156.5,-155.5,-157.0,-152.5,-156.0,-157.0,-157.0,-157.0,-157.0,-152.0,-149.5,-148.5,-152.5,-157.0,-155.0,-147.5,-147.0,-157.0,-157.0,-157.0,-157.0,-157.0,-153.5,-153.0,-150.5,-152.5,-156.0,-152.5,-153.5,-148.0,-145.5,-152.5,-153.5,-151.0,-151.0,-147.5,-154.5,-152.0,-154.5,-150.0,-152.5,-157.0,-151.0,-149.5,-149.5,-151.5,-157.0,-157.0,-153.5,-153.5,-153.0,-149.0,-147.5,-156.0,-156.0,-153.5,-155.5,-153.5,-149.5,-150.0,-147.5,-153.5,-152.0,-157.0,-156.5,-153.5,-153.0,-152.0,-150.5,-153.5,-152.5,-156.0,-157.0,-157.0,-155.5,-156.5,-150.5,-150.0,-154.5,-148.5,-147.0,-157.0,-152.5,-153.0,-155.5,-152.5,-156.0,-151.0,-152.0,-152.5,-157.0,-151.5,-152.0,-152.0,-155.5,-152.0,-149.0,-157.0,-152.5,-153.0,-157.0,-152.0,-155.5,-153.5,-157.0,-154.0,-152.5,-154.5,-156.0,-152.5,-157.0,-157.0,-156.5,-155.5,-151.5,-154.0,-153.5,-152.0,-153.0,-154.0,-152.0,-153.5,-156.0,-157.0,-150.0,-149.5,-152.5,-153.5,-156.0,-153.0,-151.0,-153.0,-157.0,-144.5,-142.0,-152.0,-148.0,-148.0,-150.0,-157.0,-152.0,-149.0,-155.5,-154.0,-152.5,-151.5,-149.5,-154.0,-151.0,-152.0,-157.0,-157.0,-155.0,-157.0,-157.0,-154.0,-157.0,-154.5,-150.0,-151.5,-154.5,-150.5,-152.0,-157.0,-157.0,-148.0,-157.0,-153.0,-151.5,-155.0,-157.0,-150.5,-157.0,-154.5,-154.0,-152.0,-148.5,-149.5,-150.5,-150.5,-151.5,-141.0,-131.0,-132.5,-147.5,-152.0,-157.0,-155.0,-157.0,-152.5,-153.5,-154.5,-146.0,-145.0,-152.5,-154.5,-151.5,-154.0,-151.0,-152.5,-148.0,-149.5,-157.0,-157.0,-153.5,-156.0,-151.5,-151.0,-154.5,-157.0,-155.0,-157.0,-152.5,-149.5,-149.0,-156.5,-157.0,-157.0,-157.0,-149.5,-155.5,-157.0,-152.5,-152.0,-148.5,-149.5,-152.5,-152.5,-153.0,-157.0,-150.5,-150.5,-153.0,-154.5,-157.0,-151.5,-148.5,-156.0,-152.0,-152.0,-153.5,-152.0,-149.0,-151.0,-157.0,-154.5,-150.0,-148.5,-150.0,-155.5,-153.0,-151.0,-152.0,-148.0,-148.5,-153.0,-151.0,-150.5,-151.5,-148.5,-155.0,-157.0,-153.5,-153.0,-153.0,-156.0,-157.0,-157.0,-151.5,-152.0,-157.0,-153.5,-152.5,-149.0,-151.5,-157.0,-149.5,-151.5,-157.0,-157.0,-155.0,-150.5,-153.5,-150.5,-151.5,-152.0,-152.0,-152.0,-150.5,-152.5,-151.5,-153.0,-150.0,-149.5,-153.5,-152.0,-151.5,-157.0,-153.5,-152.5,-155.5,-157.0,-157.0,-154.0,-149.0,-152.0,-150.5,-152.0,-153.5,-149.0,-151.0,-152.0,-157.0,-157.0,-153.0,-156.5,-156.0,-147.0,-147.5,-156.0,-157.0,-154.5,-153.0,-152.5,-150.0,-151.0,-154.0,-152.0,-155.0,-155.0,-153.5,-153.0,-152.0,-157.0,-157.0,-157.0,-153.5,-156.0,-151.5,-150.0,-151.5,-156.5,-157.0,-153.5,-152.0,-152.0,-152.0,-155.5,-157.0,-153.5,-151.5,-152.0,-152.5,-157.0,-157.0,-156.0,-152.5,-150.5,-151.0,-152.0,-154.5,-154.0,-157.0,-157.0,-157.0,-157.0,-157.0,-157.0,-157.0,-152.0
2026-01-16 16:42:27.716,143.050000,5,-77,-157.0,-157.0,-153.5,-151.5,-157.0,-150.5,-148.0,-156.5,-153.5,-153.0,-148.5,-147.5,-153.0,-154.0,-153.5,-155.0,-155.5,-149.0,-149.5,-156.0,-151.0,-151.0,-152.5,-150.0,-153.0,-152.0,-157.0,-152.0,-152.0,-153.5,-152.0,-155.5,-157.0,-153.0,-154.5,-149.0,-149.0,-152.5,-157.0,-157.0,-154.0,-152.0,-155.0,-157.0,-157.0,-155.5,-155.0,-156.5,-153.5,-157.0,-150.0,-148.0,-150.0,-147.5,-149.0,-155.5,-157.0,-152.5,-156.0,-154.0,-150.5,-152.5,-157.0,-153.0,-154.0,-150.0,-155.5,-156.5,-157.0,-156.0,-152.5,-152.0,-157.0,-146.0,-146.5,-157.0,-153.5,-151.0,-154.0,-157.0,-157.0,-157.0,-154.0,-149.5,-147.0,-150.5,-153.0,-156.5,-152.5,-154.0,-150.5,-150.5,-149.5,-155.0,-157.0,-155.0,-151.0,-157.0,-151.5,-150.5,-154.0,-153.5,-154.5,-155.0,-157.0,-157.0,-152.5,-154.0,-154.0,-154.5,-153.5,-156.0,-152.0,-151.5,-154.0,-157.0,-148.5,-155.5,-155.5,-157.0,-151.0,-150.0,-157.0,-157.0,-156.0,-156.0,-157.0,-157.0,-156.5,-149.0,-154.0,-156.0,-154.5,-156.5,-153.0,-148.5,-152.5,-153.0,-148.0,-149.5,-151.0,-151.5,-153.0,-152.0,-148.0,-151.0,-157.0,-150.5,-150.0,-153.0,-152.0,-157.0,-155.5,-156.5,-149.0,-152.0,-153.5,-152.5,-156.0,-157.0,-156.5,-157.0,-149.0,-149.5,-150.5,-150.0,-154.0,-154.5,-155.5,-154.0,-157.0,-157.0,-154.0,-152.0,-155.5,-152.5,-155.0,-157.0,-157.0,-156.0,-153.5,-153.0,-151.0,-152.5,-145.5,-145.5,-157.0,-156.5,-153.5,-156.0,-154.5,-157.0,-151.5,-152.5,-157.0,-152.5,-154.5,-156.5,-154.5,-154.0,-157.0,-151.5,-151.0,-148.5,-147.5,-152.5,-152.0,-152.0,-155.0,-156.5,-155.0,-155.0,-157.0,-157.0,-150.5,-152.0,-151.0,-152.5,-154.5,-152.0,-157.0,-154.5,-153.5,-153.5,-155.5,-150.0,-150.0,-155.5,-157.0,-149.5,-149.0,-154.0,-153.0,-154.0,-156.5,-157.0,-157.0,-152.5,-150.0,-147.0,-148.5,-151.0,-151.0,-150.5,-153.0,-155.0,-150.0,-154.0,-157.0,-157.0,-156.0,-152.0,-151.0,-151.0,-151.5,-157.0,-157.0,-153.0,-153.5,-156.0,-157.0,-157.0,-155.5,-147.5,-149.0,-155.0,-153.5,-151.0,-154.0,-156.0,-148.0,-153.5,-155.0,-152.5,-154.0,-157.0,-153.5,-154.5,-155.0,-157.0,-155.5,-153.0,-152.0,-150.5,-152.0,-157.0,-138.5,-130.5,-134.0,-155.0,-154.0,-157.0,-153.0,-157.0,-157.0,-157.0,-157.0,-147.0,-145.0,-152.0,-157.0,-154.5,-154.5,-152.0,-153.5,-150.0,-155.5,-157.0,-157.0,-155.0,-153.5,-155.5,-153.5,-153.5,-154.0,-155.5,-156.5,-157.0,-150.0,-149.0,-153.5,-156.0,-153.0,-150.5,-148.0,-155.0,-157.0,-157.0,-153.0,-156.5,-154.5,-155.5,-153.5,-155.5,-154.5,-150.0,-153.5,-157.0,-155.0,-154.0,-149.5,-150.0,-154.0,-157.0,-154.5,-154.0,-151.5,-151.5,-152.0,-157.0,-154.0,-156.5,-149.5,-153.0,-155.0,-154.5,-150.0,-152.0,-150.0,-150.0,-151.0,-148.0,-150.0,-151.5,-147.5,-149.5,-154.0,-157.0,-157.0,-157.0,-157.0,-157.0,-157.0,-153.0,-149.5,-157.0,-150.0,-149.5,-150.5,-154.5,-157.0,-154.5,-155.5,-157.0,-154.5,-153.5,-153.0,-153.5,-154.0,-154.5,-150.5,-152.5,-155.0,-152.5,-150.5,-155.0,-157.0,-157.0,-153.5,-152.0,-157.0,-154.0,-156.0,-155.0,-157.0,-150.5,-152.0,-155.5,-155.0,-152.0,-156.5,-154.5,-155.0,-157.0,-152.5,-149.5,-152.5,-157.0,-157.0,-155.5,-157.0,-154.5,-149.0,-149.0,-156.5,-155.5,-157.0,-152.5,-155.5,-151.0,-156.0,-155.0,-151.5,-151.5,-157.0,-157.0,-154.0,-154.0,-157.0,-155.0,-155.0,-155.0,-156.5,-151.0,-150.0,-149.5,-148.5,-155.0,-155.5,-156.0,-152.5,-157.0,-156.0,-157.0,-157.0,-153.5,-156.5,-152.0,-157.0,-157.0,-157.0,-153.5,-153.0,-156.0,-152.5,-157.0,-154.0,-153.5,-157.0,-157.0,-157.0,-157.0,-154.5,-153.5,-151.5
2026-01-16 16:42:27.757,143.050000,5,-77,-157.0,-157.0,-154.0,-152.0,-157.0,-149.0,-146.0,-152.0,-157.0,-152.5,-149.0,-149.0,-157.0,-157.0,-157.0,-157.0,-152.5,-151.5,-154.5,-155.0,-151.5,-157.0,-157.0,-152.5,-155.0,-151.5,-154.5,-153.5,-149.5,-155.0,-153.0,-157.0,-156.0,-153.0,-154.0,-150.0,-148.0,-149.0,-152.0,-156.5,-148.5,-147.5,-157.0,-156.0,-157.0,-153.5,-156.0,-152.5,-150.5,-157.0,-146.5,-147.0,-154.5,-150.5,-151.5,-152.5,-155.0,-152.0,-150.5,-153.0,-153.5,-152.5,-151.0,-157.0,-157.0,-154.0,-157.0,-157.0,-157.0,-157.0,-157.0,-153.0,-157.0,-147.5,-145.0,-151.5,-157.0,-156.5,-155.0,-157.0,-157.0,-157.0,-154.5,-156.0,-152.0,-154.0,-157.0,-154.5,-151.5,-154.5,-153.5,-149.5,-150.0,-154.5,-157.0,-155.5,-151.0,-157.0,-154.0,-149.5,-149.0,-149.5,-154.5,-149.0,-151.0,-157.0,-150.5,-151.0,-155.5,-157.0,-151.5,-157.0,-155.5,-150.5,-157.0,-157.0,-151.0,-156.0,-156.0,-156.5,-154.0,-155.0,-154.0,-152.0,-151.5,-153.0,-157.0,-157.0,-157.0,-153.0,-157.0,-157.0,-157.0,-156.5,-153.5,-152.5,-152.5,-157.0,-149.0,-153.0,-157.0,-150.5,-151.0,-153.0,-149.5,-157.0,-155.0,-153.0,-153.0,-157.0,-156.5,-157.0,-155.0,-152.0,-146.0,-148.5,-155.5,-151.5,-154.0,-153.0,-157.0,-155.5,-150.0,-155.0,-155.0,-157.0,-157.0,-156.5,-156.5,-156.0,-157.0,-152.0,-154.5,-150.5,-157.0,-152.5,-154.0,-157.0,-157.0,-152.0,-152.0,-156.5,-151.5,-154.5,-143.5,-143.0,-154.0,-152.0,-149.0,-150.5,-155.0,-156.5,-149.5,-151.0,-154.5,-154.0,-154.0,-153.0,-154.0,-154.0,-153.5,-151.0,-148.5,-154.0,-147.5,-152.5,-157.0,-152.5,-157.0,-153.5,-152.0,-157.0,-157.0,-154.5,-149.5,-148.0,-147.5,-149.0,-153.5,-152.0,-155.5,-150.5,-151.5,-151.0,-151.5,-150.0,-149.0,-150.5,-155.0,-151.5,-152.0,-156.5,-152.0,-150.0,-149.0,-154.5,-154.5,-150.0,-149.5,-149.5,-150.5,-149.5,-151.5,-152.0,-153.0,-156.0,-151.5,-154.0,-157.0,-157.0,-157.0,-156.5,-151.5,-157.0,-153.0,-157.0,-157.0,-155.0,-157.0,-156.5,-157.0,-157.0,-154.0,-149.0,-148.5,-154.5,-153.0,-152.0,-153.0,-157.0,-150.5,-152.0,-153.5,-157.0,-157.0,-157.0,-155.5,-152.5,-153.5,-157.0,-157.0,-157.0,-151.5,-149.5,-153.0,-155.5,-134.0,-131.0,-142.0,-153.0,-151.0,-152.0,-152.0,-157.0,-157.0,-157.0,-157.0,-147.5,-148.0,-156.0,-157.0,-155.5,-156.0,-152.5,-154.0,-152.0,-157.0,-157.0,-151.0,-150.0,-154.5,-157.0,-157.0,-151.5,-157.0,-152.5,-153.0,-154.5,-153.0,-152.0,-153.5,-151.0,-152.5,-153.5,-150.5,-154.5,-156.0,-157.0,-153.0,-155.0,-157.0,-157.0,-152.5,-157.0,-153.0,-148.5,-157.0,-157.0,-157.0,-155.0,-149.5,-156.0,-154.0,-157.0,-157.0,-156.5,-156.0,-157.0,-150.5,-157.0,-150.5,-150.5,-151.5,-156.5,-154.0,-157.0,-154.5,-153.5,-151.0,-156.0,-149.0,-146.5,-149.5,-154.0,-149.5,-151.5,-153.5,-157.0,-156.5,-157.0,-157.0,-155.5,-153.0,-157.0,-147.5,-151.0,-152.0,-155.0,-156.5,-157.0,-157.0,-157.0,-157.0,-157.0,-154.5,-154.0,-154.0,-154.5,-157.0,-152.0,-152.5,-157.0,-153.5,-153.0,-152.5,-157.0,-157.0,-154.0,-153.5,-152.5,-156.0,-157.0,-157.0,-157.0,-157.0,-150.5,-152.0,-147.5,-148.5,-152.0,-151.0,-154.0,-157.0,-157.0,-152.0,-150.0,-152.0,-157.0,-156.0,-153.5,-156.5,-152.5,-154.0,-156.5,-157.0,-149.0,-151.0,-149.5,-154.5,-152.0,-157.0,-151.5,-152.5,-149.5,-152.5,-157.0,-153.0,-157.0,-157.0,-149.0,-150.0,-156.5,-157.0,-151.0,-153.0,-152.5,-148.5,-154.0,-154.0,-155.5,-153.5,-157.0,-157.0,-157.0,-153.5,-152.5,-157.0,-155.0,-157.0,-155.5,-154.0,-150.5,-149.0,-152.0,-152.0,-157.0,-153.0,-149.0,-152.0,-153.5,-157.0,-155.0,-152.5,-151.5,-152.0
2026-01-16 16:42:27.784,143.050000,5,-77,-157.0,-157.0,-154.5,-157.0,-156.0,-153.5,-149.0,-155.0,-157.0,-156.5,-156.5,-152.0,-157.0,-156.0,-157.0,-156.5,-148.5,-151.0,-157.0,-152.5,-154.5,-157.0,-157.0,-155.5,-155.0,-153.5,-153.5,-150.5,-150.5,-155.0,-155.0,-157.0,-155.5,-155.0,-153.0,-157.0,-154.5,-150.0,-150.5,-150.0,-147.0,-150.5,-153.5,-153.5,-156.0,-154.0,-157.0,-152.5,-153.0,-150.0,-147.0,-151.5,-157.0,-155.0,-157.0,-155.0,-151.0,-149.0,-149.0,-150.5,-150.0,-150.5,-148.5,-151.0,-157.0,-153.0,-157.0,-157.0,-154.0,-157.0,-156.0,-155.5,-157.0,-150.5,-148.0,-150.5,-157.0,-157.0,-157.0,-154.5,-157.0,-157.0,-154.0,-154.0,-157.0,-157.0,-156.5,-155.0,-151.0,-153.0,-157.0,-153.0,-152.5,-155.5,-156.5,-153.5,-149.5,-155.0,-152.0,-149.5,-150.0,-151.0,-156.5,-147.0,-152.0,-157.0,-151.0,-156.5,-155.0,-156.0,-151.0,-157.0,-152.5,-149.0,-156.5,-157.0,-152.0,-153.0,-157.0,-150.0,-149.0,-150.5,-150.0,-150.0,-154.0,-152.5,-153.5,-157.0,-153.5,-156.0,-157.0,-157.0,-157.0,-155.0,-152.0,-157.0,-154.5,-155.0,-152.5,-154.5,-157.0,-152.0,-155.0,-157.0,-153.0,-157.0,-157.0,-152.5,-153.0,-157.0,-157.0,-157.0,-157.0,-152.5,-147.0,-149.0,-157.0,-152.0,-156.0,-153.0,-154.5,-152.5,-151.5,-157.0,-157.0,-157.0,-157.0,-157.0,-157.0,-157.0,-151.0,-148.0,-148.5,-149.5,-150.5,-154.5,-157.0,-157.0,-157.0,-149.5,-154.0,-152.5,-151.0,-157.0,-144.0,-142.5,-151.0,-149.0,-147.0,-149.0,-157.0,-157.0,-147.0,-150.0,-153.0,-153.5,-148.5,-148.5,-156.5,-155.0,-153.5,-149.0,-148.0,-151.5,-151.0,-156.5,-155.5,-157.0,-157.0,-157.0,-150.0,-150.0,-152.5,-152.0,-149.5,-149.5,-152.0,-152.5,-151.5,-151.5,-153.5,-150.0,-151.0,-152.0,-151.5,-150.0,-154.5,-149.0,-151.0,-153.5,-157.0,-154.0,-150.0,-151.0,-148.0,-148.5,-151.5,-151.5,-149.5,-148.0,-150.5,-149.0,-150.0,-153.0,-147.5,-151.0,-150.5,-151.0,-152.0,-157.0,-153.5,-157.0,-154.0,-157.0,-155.5,-157.0,-153.5,-151.0,-151.5,-154.5,-157.0,-153.0,-152.5,-154.5,-153.0,-155.5,-153.5,-156.5,-157.0,-156.0,-153.5,-156.5,-153.5,-157.0,-157.0,-153.5,-157.0,-155.5,-154.5,-155.5,-154.0,-154.0,-149.5,-146.5,-151.0,-145.5,-131.5,-132.5,-151.0,-151.0,-150.5,-147.5,-156.5,-157.0,-153.0,-152.0,-154.5,-147.5,-150.0,-153.0,-155.5,-153.5,-153.0,-151.5,-157.0,-154.5,-157.0,-154.0,-149.0,-149.5,-157.0,-155.5,-154.0,-149.0,-151.0,-154.5,-154.5,-154.0,-151.5,-156.5,-157.0,-152.5,-153.5,-157.0,-157.0,-154.0,-153.0,-154.5,-149.0,-150.5,-157.0,-151.0,-150.0,-157.0,-154.0,-147.5,-153.0,-157.0,-157.0,-149.0,-148.0,-154.0,-157.0,-157.0,-157.0,-155.0,-157.0,-157.0,-150.0,-154.5,-151.0,-152.5,-153.0,-157.0,-152.0,-156.5,-157.0,-150.0,-148.0,-156.0,-151.5,-150.5,-151.0,-151.0,-154.0,-157.0,-157.0,-154.0,-153.0,-157.0,-152.5,-152.5,-149.0,-156.5,-148.5,-153.5,-156.5,-155.5,-156.5,-154.0,-153.0,-153.0,-153.0,-156.0,-157.0,-157.0,-153.5,-156.5,-157.0,-152.5,-151.5,-156.5,-155.0,-157.0,-154.0,-157.0,-157.0,-149.0,-148.0,-152.0,-157.0,-157.0,-157.0,-157.0,-156.5,-153.0,-151.5,-146.5,-150.0,-152.0,-149.5,-157.0,-157.0,-157.0,-154.0,-149.0,-147.5,-152.0,-152.5,-149.5,-153.0,-152.0,-154.5,-155.5,-157.0,-147.0,-146.0,-149.0,-156.5,-152.5,-154.0,-149.5,-156.0,-153.0,-155.0,-152.0,-153.5,-157.0,-151.5,-149.0,-150.5,-155.0,-155.0,-152.0,-157.0,-155.0,-151.0,-156.0,-157.0,-153.0,-153.0,-157.0,-157.0,-157.0,-152.0,-152.5,-157.0,-154.5,-156.0,-156.0,-154.5,-153.0,-148.5,-152.0,-155.5,-153.0,-153.0,-148.5,-150.0,-150.5,-149.5,-152.0,-156.5,-150.5,-150.0
2026-01-16 16:42:27.818,143.050000,5,-77,-157.0,-157.0,-153.5,-157.0,-154.5,-157.0,-151.5,-154.5,-157.0,-157.0,-157.0,-156.0,-150.5,-150.5,-154.5,-153.0,-151.5,-152.5,-155.0,-150.5,-155.5,-157.0,-157.0,-157.0,-157.0,-157.0,-156.0,-150.0,-156.5,-157.0,-155.0,-157.0,-156.0,-157.0,-153.5,-155.0,-157.0,-149.5,-150.0,-148.0,-148.5,-156.0,-153.5,-155.0,-153.0,-154.0,-157.0,-152.5,-153.5,-149.0,-150.0,-151.5,-150.5,-154.0,-156.0,-157.0,-150.0,-148.0,-152.5,-147.0,-146.5,-150.0,-149.0,-148.5,-150.5,-149.5,-157.0,-157.0,-153.5,-152.5,-152.5,-156.0,-157.0,-152.0,-153.5,-150.5,-157.0,-157.0,-157.0,-151.0,-153.0,-153.0,-153.5,-152.5,-153.0,-157.0,-154.5,-152.5,-154.0,-150.0,-155.5,-155.0,-149.5,-150.0,-151.0,-155.5,-152.0,-154.0,-150.0,-156.0,-156.0,-152.5,-155.5,-149.5,-157.0,-155.5,-151.0,-156.0,-153.0,-154.0,-154.0,-157.0,-148.5,-149.0,-157.0,-156.5,-152.5,-151.5,-154.5,-150.0,-148.0,-148.0,-156.0,-152.0,-157.0,-157.0,-151.0,-153.0,-150.5,-152.0,-157.0,-157.0,-157.0,-156.0,-154.5,-157.0,-156.0,-157.0,-157.0,-157.0,-156.5,-155.0,-153.0,-155.0,-155.0,-157.0,-155.0,-150.5,-151.0,-156.5,-155.0,-157.0,-155.0,-155.5,-151.5,-150.0,-151.5,-157.0,-155.5,-155.5,-156.5,-149.5,-149.0,-155.5,-156.5,-156.0,-155.5,-157.0,-155.5,-157.0,-151.5,-152.5,-149.5,-149.5,-148.0,-157.0,-157.0,-155.5,-155.0,-147.5,-148.0,-148.5,-150.5,-154.0,-146.0,-144.5,-151.0,-151.0,-148.5,-150.0,-157.0,-157.0,-146.0,-148.0,-154.0,-157.0,-147.5,-150.0,-157.0,-153.0,-154.0,-151.0,-154.0,-157.0,-157.0,-152.0,-153.0,-157.0,-157.0,-157.0,-151.5,-148.5,-147.0,-149.5,-155.0,-156.0,-157.0,-157.0,-154.5,-155.5,-157.0,-153.5,-157.0,-157.0,-157.0,-153.5,-157.0,-154.0,-157.0,-154.0,-157.0,-157.0,-151.0,-151.5,-150.0,-147.5,-155.5,-157.0,-154.0,-146.0,-149.5,-155.5,-153.0,-149.0,-146.0,-156.5,-151.0,-152.0,-150.0,-152.5,-151.5,-157.0,-154.0,-157.0,-157.0,-156.5,-151.5,-148.0,-147.5,-150.0,-151.0,-149.0,-154.5,-154.0,-150.5,-152.0,-152.5,-151.0,-157.0,-153.5,-153.0,-151.5,-155.5,-157.0,-153.5,-152.0,-157.0,-157.0,-157.0,-151.5,-147.0,-149.0,-150.5,-145.0,-150.0,-136.0,-131.5,-137.0,-153.5,-152.5,-153.5,-147.0,-151.0,-157.0,-150.5,-149.5,-152.0,-151.0,-153.0,-150.0,-150.5,-153.0,-150.5,-150.0,-157.0,-157.0,-157.0,-155.5,-155.0,-154.0,-157.0,-150.0,-150.5,-148.5,-148.5,-155.5,-157.0,-157.0,-151.5,-157.0,-153.0,-154.5,-157.0,-155.5,-157.0,-153.5,-157.0,-152.5,-150.0,-151.5,-157.0,-149.0,-151.0,-157.0,-157.0,-148.0,-148.0,-153.5,-152.0,-149.5,-152.5,-151.0,-154.0,-157.0,-156.0,-154.0,-155.0,-157.0,-150.0,-151.5,-156.5,-157.0,-153.5,-157.0,-152.0,-155.5,-157.0,-152.5,-148.5,-151.5,-154.0,-157.0,-157.0,-150.0,-149.5,-154.5,-155.5,-154.5,-150.5,-152.5,-150.0,-149.5,-148.0,-157.0,-150.0,-154.5,-157.0,-152.0,-154.5,-151.0,-150.0,-150.5,-151.0,-154.5,-157.0,-157.0,-150.5,-152.5,-157.0,-150.5,-149.0,-157.0,-157.0,-153.5,-153.5,-157.0,-154.5,-150.5,-149.5,-155.5,-154.5,-154.5,-153.0,-154.5,-157.0,-152.0,-154.0,-149.0,-152.0,-157.0,-149.0,-152.5,-157.0,-157.0,-157.0,-151.0,-149.0,-149.0,-155.0,-149.5,-151.5,-150.5,-151.0,-152.0,-157.0,-152.0,-150.5,-154.0,-156.5,-150.0,-146.0,-145.5,-155.0,-157.0,-153.5,-149.5,-157.0,-153.5,-147.5,-149.0,-154.0,-157.0,-157.0,-153.0,-157.0,-157.0,-153.0,-157.0,-157.0,-157.0,-150.5,-152.0,-157.0,-157.0,-154.5,-151.5,-153.5,-154.0,-156.0,-157.0,-157.0,-156.0,-152.0,-154.0,-153.5,-150.5,-149.0,-151.0,-149.0,-154.0,-150.5,-154.0,-152.5,-147.0,-151.0
2026-01-16 16:42:27.848,143.050000,5,-77,-157.0,-157.0,-155.5,-154.0,-152.0,-156.0,-153.5,-154.5,-149.5,-150.0,-156.0,-157.0,-151.5,-147.5,-146.5,-150.5,-157.0,-154.5,-151.0,-148.5,-153.0,-157.0,-155.5,-157.0,-157.0,-156.5,-154.5,-150.0,-154.0,-157.0,-157.0,-157.0,-154.5,-156.5,-154.0,-157.0,-154.0,-150.0,-149.5,-149.5,-155.0,-156.0,-156.5,-154.0,-154.5,-156.0,-157.0,-152.5,-150.0,-156.5,-156.5,-147.0,-146.0,-156.0,-154.5,-157.0,-154.0,-153.5,-151.0,-149.5,-151.5,-151.0,-155.0,-153.5,-153.5,-151.0,-155.0,-155.5,-157.0,-150.0,-151.0,-152.0,-153.0,-155.0,-149.0,-148.0,-156.5,-157.0,-157.0,-150.0,-148.5,-153.0,-153.5,-154.0,-149.5,-150.0,-154.0,-153.5,-153.5,-150.5,-157.0,-151.5,-149.5,-151.5,-151.5,-153.0,-153.5,-149.5,-149.0,-156.5,-157.0,-153.5,-157.0,-155.5,-157.0,-154.0,-151.5,-155.5,-155.5,-157.0,-157.0,-157.0,-149.0,-151.0,-157.0,-157.0,-157.0,-150.5,-152.0,-154.0,-151.0,-148.5,-157.0,-153.0,-157.0,-152.0,-153.5,-148.0,-152.0,-150.5,-157.0,-157.0,-153.0,-155.0,-157.0,-157.0,-157.0,-156.0,-154.5,-157.0,-154.0,-153.5,-152.0,-152.5,-157.0,-157.0,-155.0,-153.5,-152.5,-155.0,-154.0,-157.0,-150.5,-150.5,-152.0,-150.5,-152.0,-157.0,-155.0,-155.0,-153.0,-153.5,-150.5,-151.5,-154.5,-156.0,-153.5,-157.0,-150.5,-152.5,-152.0,-153.5,-150.5,-152.5,-153.0,-150.5,-151.5,-152.5,-155.5,-150.0,-152.0,-150.0,-149.5,-150.0,-146.5,-147.5,-157.0,-157.0,-153.0,-150.0,-157.0,-156.0,-148.0,-148.0,-152.0,-153.0,-152.0,-151.5,-151.0,-150.5,-157.0,-153.5,-153.5,-157.0,-155.0,-151.5,-152.5,-151.5,-157.0,-157.0,-154.0,-151.5,-149.0,-155.0,-153.5,-155.5,-157.0,-157.0,-157.0,-157.0,-157.0,-153.0,-157.0,-157.0,-157.0,-155.0,-157.0,-157.0,-157.0,-153.0,-155.0,-156.0,-157.0,-157.0,-151.5,-151.0,-157.0,-155.0,-146.0,-143.0,-157.0,-153.0,-151.0,-149.5,-151.0,-155.0,-157.0,-153.0,-150.5,-148.5,-149.5,-157.0,-151.0,-152.5,-157.0,-157.0,-151.5,-149.5,-151.5,-148.5,-150.5,-148.0,-151.0,-153.0,-150.5,-151.5,-152.5,-147.0,-148.5,-151.0,-153.5,-153.5,-155.5,-151.0,-150.0,-156.0,-150.5,-150.5,-153.0,-154.0,-147.0,-149.0,-157.0,-147.5,-150.0,-132.0,-130.5,-145.5,-152.5,-154.0,-151.0,-149.5,-153.5,-157.0,-152.5,-153.0,-151.5,-155.5,-157.0,-151.5,-151.5,-155.5,-149.5,-153.0,-157.0,-157.0,-157.0,-155.0,-157.0,-155.5,-157.0,-151.0,-150.0,-152.5,-151.0,-157.0,-157.0,-155.5,-151.5,-157.0,-152.5,-156.5,-156.5,-155.0,-156.5,-151.5,-151.0,-151.0,-156.0,-155.5,-155.0,-151.0,-153.0,-157.0,-155.0,-152.0,-150.0,-154.0,-156.0,-155.0,-157.0,-154.5,-154.5,-157.0,-156.0,-156.5,-155.5,-154.5,-152.0,-151.5,-157.0,-157.0,-156.0,-157.0,-155.5,-157.0,-154.5,-153.5,-153.5,-152.0,-152.5,-153.5,-157.0,-149.5,-147.5,-152.5,-150.5,-151.0,-149.0,-149.5,-150.0,-152.5,-152.0,-154.0,-153.5,-156.0,-157.0,-150.0,-153.0,-152.0,-152.0,-151.5,-149.5,-152.0,-154.0,-153.5,-148.5,-154.5,-155.5,-152.0,-149.5,-157.0,-157.0,-152.0,-156.5,-157.0,-155.0,-157.0,-154.0,-156.5,-152.0,-154.5,-152.0,-156.5,-157.0,-150.0,-150.0,-153.0,-157.0,-152.0,-151.0,-151.0,-155.0,-154.5,-157.0,-150.5,-153.0,-149.0,-157.0,-152.0,-151.0,-150.5,-151.0,-153.0,-157.0,-155.0,-157.0,-152.5,-151.5,-152.0,-146.5,-148.5,-151.5,-157.0,-150.0,-149.0,-154.0,-151.0,-150.5,-149.5,-151.5,-157.0,-157.0,-152.0,-155.0,-155.5,-155.5,-157.0,-155.0,-156.0,-148.5,-148.0,-153.5,-152.5,-157.0,-151.5,-150.5,-157.0,-155.5,-153.0,-153.0,-153.0,-154.0,-151.0,-153.0,-152.0,-148.5,-151.5,-148.5,-157.0,-151.0,-150.5,-151.0,-149.0,-152.0
2026-01-16 16:42:27.882,143.050000,5,-77,-157.0,-157.0,-156.0,-155.0,-152.0,-154.5,-152.5,-157.0,-149.0,-148.0,-153.0,-157.0,-154.5,-150.0,-146.5,-157.0,-154.5,-154.5,-155.5,-151.0,-156.5,-157.0,-155.0,-157.0,-157.0,-154.0,-155.0,-151.0,-153.5,-156.5,-157.0,-151.5,-151.5,-152.0,-152.5,-157.0,-157.0,-152.0,-153.0,-152.5,-155.0,-157.0,-157.0,-156.5,-157.0,-156.5,-157.0,-157.0,-151.0,-154.5,-157.0,-147.5,-147.5,-153.0,-152.0,-157.0,-157.0,-157.0,-151.5,-154.5,-157.0,-153.0,-153.5,-153.0,-157.0,-157.0,-154.5,-152.5,-154.5,-153.5,-155.0,-150.0,-150.0,-157.0,-149.5,-149.5,-157.0,-157.0,-157.0,-150.0,-148.0,-157.0,-154.5,-153.0,-147.0,-148.5,-156.0,-155.5,-151.5,-150.5,-157.0,-154.5,-154.5,-157.0,-157.0,-155.5,-157.0,-150.5,-153.0,-156.0,-157.0,-154.5,-156.0,-155.0,-157.0,-155.0,-153.5,-153.0,-157.0,-157.0,-157.0,-156.5,-151.5,-152.0,-157.0,-157.0,-157.0,-154.5,-156.0,-152.5,-151.5,-149.5,-157.0,-148.5,-149.5,-147.5,-150.0,-146.0,-152.0,-151.0,-157.0,-157.0,-150.0,-152.5,-154.0,-157.0,-153.5,-149.5,-149.5,-157.0,-155.0,-153.0,-154.5,-157.0,-157.0,-156.5,-152.5,-153.5,-150.5,-153.0,-153.5,-149.0,-148.0,-152.5,-150.0,-148.0,-150.0,-157.0,-156.5,-156.0,-153.0,-157.0,-153.5,-150.0,-154.5,-150.5,-150.5,-155.5,-151.0,-155.5,-155.5,-154.0,-153.0,-157.0,-157.0,-149.5,-149.5,-157.0,-155.0,-156.5,-156.5,-153.5,-154.0,-154.0,-147.0,-146.5,-157.0,-157.0,-157.0,-149.5,-153.0,-157.0,-156.0,-152.0,-150.5,-152.0,-157.0,-155.0,-152.0,-152.5,-157.0,-151.5,-151.0,-152.0,-153.0,-151.5,-149.5,-148.0,-156.0,-157.0,-154.5,-156.5,-157.0,-157.0,-151.0,-151.5,-152.0,-151.5,-153.0,-153.5,-153.5,-150.0,-157.0,-157.0,-157.0,-157.0,-157.0,-155.0,-152.0,-150.0,-151.0,-149.0,-157.0,-157.0,-157.0,-157.0,-157.0,-150.5,-144.0,-141.0,-150.5,-149.0,-149.5,-153.0,-157.0,-153.5,-151.0,-150.5,-156.0,-150.0,-150.0,-156.0,-152.5,-152.5,-153.0,-157.0,-154.0,-152.0,-157.0,-147.5,-148.5,-152.0,-149.5,-155.5,-154.0,-153.0,-154.5,-148.0,-149.0,-154.0,-156.0,-157.0,-155.0,-152.5,-150.5,-155.5,-150.0,-151.0,-153.0,-155.5,-151.5,-157.0,-157.0,-153.0,-145.0,-130.0,-132.0,-155.0,-152.0,-153.5,-155.5,-154.0,-152.0,-157.0,-155.0,-157.0,-153.5,-152.5,-154.5,-156.5,-157.0,-157.0,-149.0,-152.5,-153.5,-152.0,-151.5,-149.5,-151.5,-155.0,-157.0,-153.0,-151.0,-157.0,-149.0,-150.5,-152.5,-157.0,-155.0,-157.0,-152.0,-156.5,-153.5,-152.0,-150.0,-149.0,-150.0,-151.5,-157.0,-153.0,-152.0,-151.5,-150.0,-155.0,-154.0,-151.0,-151.0,-150.0,-155.0,-157.0,-157.0,-157.0,-156.0,-154.0,-155.0,-154.5,-157.0,-156.5,-157.0,-156.0,-157.0,-157.0,-156.5,-155.0,-154.5,-157.0,-149.0,-148.5,-150.5,-154.0,-152.0,-153.0,-157.0,-157.0,-150.5,-152.5,-152.0,-151.5,-153.0,-156.5,-154.0,-155.5,-157.0,-151.0,-154.5,-157.0,-157.0,-150.0,-153.0,-157.0,-157.0,-157.0,-151.0,-156.5,-153.5,-154.5,-148.5,-150.5,-154.5,-154.5,-153.5,-152.5,-151.5,-150.0,-157.0,-157.0,-155.5,-154.5,-157.0,-157.0,-151.5,-153.5,-153.0,-157.0,-157.0,-154.0,-151.5,-154.0,-157.0,-150.5,-153.5,-154.0,-157.0,-153.0,-153.5,-150.5,-148.5,-147.0,-157.0,-152.0,-155.0,-153.5,-152.5,-155.0,-150.0,-149.5,-156.0,-152.5,-151.0,-157.0,-151.5,-157.0,-153.5,-156.0,-154.5,-153.5,-152.0,-150.0,-151.0,-151.5,-152.0,-156.0,-155.0,-152.5,-152.0,-157.0,-157.0,-153.0,-151.0,-152.0,-154.5,-150.5,-151.5,-151.0,-155.0,-157.0,-152.0,-157.0,-156.0,-150.0,-148.5,-153.0,-156.0,-151.0,-157.0,-151.0,-149.5,-153.0,-149.5,-156.0,-151.0,-149.5,-153.0,-157.0,-151.0
2026-01-16 16:42:27.917,143.050000,5,-77,-157.0,-157.0,-153.5,-151.5,-148.5,-147.5,-149.0,-157.0,-155.5,-152.0,-153.0,-157.0,-155.5,-153.0,-151.0,-151.5,-150.0,-153.0,-157.0,-157.0,-156.0,-157.0,-153.5,-157.0,-156.0,-157.0,-153.0,-151.0,-150.5,-150.5,-154.5,-151.5,-150.5,-150.0,-151.5,-153.5,-153.5,-151.5,-156.5,-154.0,-151.5,-154.5,-155.0,-156.5,-155.5,-155.5,-156.5,-155.5,-152.0,-149.5,-151.0,-153.5,-152.5,-153.0,-150.5,-152.5,-155.5,-153.0,-151.0,-152.5,-157.0,-156.5,-151.0,-151.5,-154.5,-155.0,-152.0,-151.5,-157.0,-154.0,-156.0,-152.5,-149.5,-155.0,-152.5,-156.5,-156.0,-154.0,-157.0,-154.5,-151.0,-153.0,-152.5,-153.5,-149.5,-153.0,-154.0,-153.0,-156.5,-154.0,-157.0,-157.0,-157.0,-157.0,-157.0,-153.5,-154.5,-155.5,-157.0,-156.0,-157.0,-157.0,-149.5,-149.0,-156.5,-156.0,-153.5,-150.0,-155.5,-157.0,-153.0,-151.0,-155.5,-157.0,-157.0,-157.0,-157.0,-157.0,-157.0,-151.5,-157.0,-151.5,-152.5,-148.0,-145.5,-147.5,-148.0,-148.0,-148.5,-148.5,-154.5,-153.0,-150.0,-155.5,-150.5,-157.0,-156.5,-150.5,-153.0,-153.5,-152.0,-154.5,-151.5,-153.0,-154.5,-152.0,-151.5,-154.5,-151.0,-157.0,-153.0,-147.5,-147.0,-152.0,-152.5,-151.5,-149.5,-153.0,-157.0,-157.0,-156.0,-154.5,-157.0,-153.0,-157.0,-148.5,-151.0,-157.0,-156.0,-157.0,-156.5,-156.5,-156.0,-157.0,-157.0,-157.0,-154.5,-157.0,-157.0,-155.5,-153.5,-153.5,-157.0,-153.0,-148.5,-146.5,-152.5,-157.0,-155.5,-152.5,-153.0,-157.0,-157.0,-152.5,-151.0,-157.0,-154.0,-157.0,-155.0,-156.5,-153.0,-153.0,-155.5,-154.0,-157.0,-155.0,-150.5,-152.5,-157.0,-156.5,-157.0,-157.0,-157.0,-157.0,-151.0,-153.0,-150.0,-149.0,-157.0,-152.5,-150.0,-151.0,-153.5,-157.0,-157.0,-157.0,-157.0,-151.0,-153.5,-149.5,-149.0,-147.5,-156.0,-157.0,-157.0,-157.0,-155.0,-151.0,-145.5,-141.5,-147.0,-149.0,-151.5,-153.5,-153.0,-151.5,-151.0,-151.0,-154.5,-157.0,-155.0,-157.0,-155.0,-151.5,-149.0,-157.0,-155.5,-154.5,-157.0,-149.5,-149.5,-153.0,-148.0,-150.5,-152.5,-150.5,-157.0,-153.0,-155.0,-154.0,-155.5,-156.0,-155.5,-157.0,-156.5,-155.5,-157.0,-157.0,-156.5,-153.0,-152.5,-157.0,-157.0,-151.5,-135.5,-130.5,-136.0,-155.5,-157.0,-157.0,-156.5,-152.0,-148.5,-153.5,-154.5,-157.0,-156.5,-154.0,-156.5,-156.0,-156.0,-157.0,-149.0,-152.0,-151.0,-151.5,-152.5,-149.0,-148.5,-150.5,-151.5,-150.5,-157.0,-151.5,-146.5,-146.0,-150.5,-152.0,-157.0,-157.0,-153.5,-152.0,-152.0,-148.5,-150.0,-151.0,-154.0,-157.0,-154.0,-157.0,-153.5,-151.0,-151.5,-153.5,-157.0,-153.0,-151.0,-149.0,-152.5,-154.0,-157.0,-157.0,-157.0,-153.5,-157.0,-153.0,-155.0,-157.0,-155.0,-155.5,-156.0,-156.5,-153.5,-152.5,-151.5,-156.5,-151.5,-150.0,-148.0,-153.0,-155.5,-154.5,-157.0,-157.0,-152.0,-152.5,-157.0,-153.0,-157.0,-157.0,-156.0,-157.0,-157.0,-151.0,-155.0,-153.5,-156.0,-152.0,-155.5,-157.0,-157.0,-157.0,-151.5,-157.0,-157.0,-155.0,-151.0,-151.5,-156.0,-154.0,-157.0,-152.5,-150.5,-150.0,-157.0,-157.0,-157.0,-157.0,-157.0,-153.5,-151.5,-153.0,-152.5,-154.5,-153.5,-157.0,-153.0,-151.0,-150.5,-150.0,-151.5,-157.0,-157.0,-151.5,-148.5,-151.5,-149.5,-146.5,-156.5,-150.5,-157.0,-157.0,-155.5,-154.5,-150.0,-150.0,-156.5,-157.0,-154.5,-157.0,-155.0,-157.0,-155.5,-156.5,-157.0,-155.0,-151.5,-153.5,-152.0,-157.0,-154.5,-154.0,-153.5,-153.5,-155.5,-153.0,-154.5,-157.0,-147.0,-147.5,-157.0,-155.5,-157.0,-156.5,-157.0,-157.0,-154.0,-156.5,-153.0,-150.0,-149.5,-156.0,-155.0,-153.0,-152.5,-154.0,-155.0,-156.5,-153.0,-155.5,-153.5,-153.5,-153.0,-157.0,-149.5
2026-01-16 16:42:27.951,143.050000,5,-77,-157.0,-157.0,-156.0,-151.5,-148.5,-149.5,-148.5,-152.0,-155.0,-157.0,-152.5,-155.5,-155.0,-154.0,-157.0,-151.5,-151.5,-154.0,-157.0,-156.5,-153.5,-154.0,-151.5,-157.0,-156.0,-156.0,-153.0,-154.5,-152.5,-148.5,-148.5,-155.0,-152.5,-155.0,-154.0,-152.0,-154.0,-152.5,-157.0,-154.0,-150.5,-157.0,-151.5,-156.0,-153.0,-153.0,-155.5,-152.0,-157.0,-152.0,-149.0,-152.0,-153.5,-151.0,-150.0,-155.0,-157.0,-154.0,-151.0,-152.5,-155.5,-157.0,-155.5,-156.5,-154.0,-154.0,-149.0,-152.5,-151.5,-151.5,-157.0,-155.0,-151.5,-156.0,-151.5,-157.0,-156.0,-155.5,-157.0,-157.0,-157.0,-154.0,-151.5,-154.5,-153.0,-157.0,-157.0,-153.5,-157.0,-157.0,-157.0,-153.5,-152.0,-157.0,-156.5,-149.5,-149.5,-157.0,-157.0,-153.5,-154.5,-154.0,-148.0,-149.0,-157.0,-155.5,-153.0,-147.5,-150.0,-154.5,-153.5,-150.0,-157.0,-157.0,-157.0,-157.0,-155.0,-157.0,-154.0,-152.0,-153.5,-155.0,-155.0,-154.5,-149.5,-152.0,-152.5,-155.0,-152.0,-149.0,-153.0,-155.5,-152.0,-153.0,-150.5,-153.5,-156.5,-151.0,-154.0,-153.5,-151.0,-155.5,-148.0,-147.5,-151.5,-153.5,-155.0,-153.0,-150.0,-156.0,-155.0,-154.5,-147.5,-149.5,-153.5,-155.5,-153.5,-155.0,-157.0,-157.0,-157.0,-156.5,-157.0,-157.0,-156.5,-150.0,-152.0,-157.0,-157.0,-157.0,-152.0,-151.0,-157.0,-154.0,-153.5,-157.0,-157.0,-156.0,-157.0,-152.0,-155.0,-152.0,-155.5,-153.0,-154.5,-149.5,-151.0,-151.5,-150.5,-154.0,-153.5,-157.0,-154.0,-151.5,-153.0,-154.5,-151.0,-154.5,-153.0,-154.0,-152.5,-151.5,-157.0,-157.0,-154.5,-151.5,-152.5,-152.5,-154.0,-157.0,-156.5,-157.0,-157.0,-152.5,-148.5,-157.0,-154.0,-152.5,-156.5,-151.5,-151.5,-155.5,-148.5,-151.5,-156.5,-151.0,-152.5,-150.5,-151.0,-151.5,-155.0,-148.0,-148.5,-152.5,-157.0,-157.0,-151.5,-157.0,-149.0,-142.5,-146.5,-146.5,-148.5,-151.5,-151.0,-151.5,-153.0,-151.0,-152.0,-151.5,-151.5,-151.5,-151.5,-154.0,-148.5,-155.5,-156.0,-154.5,-157.0,-154.5,-157.0,-152.0,-151.0,-152.0,-154.5,-148.5,-154.0,-157.0,-157.0,-154.5,-157.0,-150.0,-149.5,-154.5,-154.5,-157.0,-157.0,-157.0,-151.5,-147.5,-150.0,-156.5,-156.5,-153.0,-131.5,-130.0,-141.5,-157.0,-157.0,-155.0,-157.0,-157.0,-146.5,-148.5,-151.0,-153.5,-155.5,-154.0,-153.5,-153.0,-157.0,-156.0,-150.5,-155.5,-151.5,-155.5,-154.0,-151.5,-154.0,-149.5,-152.5,-151.5,-155.0,-155.5,-152.5,-146.5,-152.5,-150.0,-153.0,-153.0,-157.0,-154.5,-149.5,-150.5,-153.0,-154.5,-152.5,-153.0,-151.0,-157.0,-156.0,-152.0,-153.5,-155.5,-157.0,-157.0,-153.5,-151.0,-157.0,-152.5,-155.0,-157.0,-154.0,-157.0,-157.0,-154.0,-157.0,-157.0,-152.5,-157.0,-154.0,-155.0,-153.0,-153.0,-150.5,-154.0,-154.5,-156.5,-150.5,-148.5,-157.0,-150.5,-153.5,-151.0,-149.5,-152.0,-157.0,-152.0,-155.5,-155.0,-155.0,-154.0,-149.5,-149.5,-151.5,-148.0,-150.5,-157.0,-156.5,-157.0,-155.0,-156.5,-150.0,-153.5,-157.0,-156.0,-153.5,-152.5,-156.0,-154.0,-157.0,-152.5,-152.0,-154.5,-157.0,-157.0,-154.0,-156.5,-151.0,-151.5,-152.0,-147.5,-151.5,-147.5,-148.5,-152.0,-153.0,-148.0,-146.5,-151.0,-151.0,-154.0,-153.5,-151.5,-149.5,-157.0,-153.0,-147.5,-155.0,-150.0,-157.0,-157.0,-157.0,-152.0,-152.0,-157.0,-156.5,-156.5,-156.5,-154.0,-157.0,-157.0,-153.0,-151.0,-153.0,-153.0,-156.0,-150.5,-151.5,-157.0,-155.5,-154.5,-155.0,-152.0,-152.0,-148.5,-157.0,-151.5,-149.0,-148.5,-153.0,-155.0,-156.5,-157.0,-156.0,-157.0,-157.0,-157.0,-153.0,-152.0,-155.0,-155.0,-153.5,-155.0,-149.0,-157.0,-157.0,-157.0,-157.0,-154.5,-154.5,-157.0,-152.5,-154.5,-148.5
2026-01-16 16:42:27.997,143.050000,5,-77,-157.0,-157.0,-157.0,-157.0,-152.0,-156.0,-151.0,-150.5,-155.0,-157.0,-151.0,-154.0,-157.0,-157.0,-157.0,-156.5,-157.0,-157.0,-157.0,-155.0,-153.5,-152.0,-153.5,-153.5,-151.5,-152.0,-152.0,-155.5,-155.5,-150.5,-149.5,-157.0,-153.0,-153.5,-154.0,-153.0,-156.0,-154.5,-155.5,-153.5,-153.0,-157.0,-151.0,-151.0,-150.0,-150.0,-153.0,-150.0,-154.5,-157.0,-152.0,-151.5,-157.0,-152.0,-151.0,-156.5,-155.5,-157.0,-151.0,-154.5,-155.0,-153.0,-154.5,-157.0,-157.0,-154.5,-149.0,-151.0,-147.5,-153.5,-156.0,-153.0,-156.0,-152.0,-150.5,-157.0,-154.0,-153.5,-156.0,-157.0,-157.0,-155.0,-152.0,-156.5,-156.5,-157.0,-157.0,-156.5,-157.0,-156.5,-155.0,-151.5,-148.5,-151.0,-151.5,-149.0,-150.5,-157.0,-157.0,-152.0,-153.5,-156.0,-151.5,-155.0,-157.0,-154.0,-153.0,-149.5,-154.0,-156.0,-156.0,-153.5,-155.0,-157.0,-156.0,-154.5,-154.0,-154.0,-154.5,-156.0,-151.0,-157.0,-152.0,-152.0,-152.5,-153.0,-157.0,-156.0,-153.5,-152.5,-151.0,-153.0,-154.5,-156.0,-156.5,-154.5,-153.0,-149.0,-154.5,-152.5,-153.5,-155.0,-150.5,-149.0,-155.5,-157.0,-153.5,-149.5,-150.5,-154.0,-157.0,-152.5,-148.0,-156.0,-156.0,-151.0,-157.0,-157.0,-157.0,-157.0,-157.0,-154.0,-155.0,-157.0,-157.0,-154.5,-155.5,-157.0,-155.5,-157.0,-153.5,-149.0,-157.0,-155.0,-152.0,-155.5,-157.0,-154.5,-157.0,-152.0,-155.0,-151.5,-149.5,-157.0,-151.0,-152.5,-152.0,-150.5,-149.0,-150.0,-151.0,-157.0,-155.5,-153.0,-155.0,-155.0,-151.0,-153.5,-151.5,-152.0,-157.0,-152.5,-153.0,-155.5,-148.5,-147.0,-147.5,-149.5,-150.5,-153.5,-151.5,-157.0,-157.0,-151.5,-149.0,-156.0,-153.0,-157.0,-157.0,-154.5,-153.5,-151.0,-147.5,-148.5,-153.0,-149.0,-148.0,-151.5,-149.0,-152.0,-157.0,-149.5,-148.0,-151.0,-156.5,-153.0,-153.0,-157.0,-145.0,-142.5,-146.5,-147.0,-148.0,-151.0,-150.0,-154.0,-151.0,-152.5,-154.5,-152.0,-149.5,-149.0,-151.0,-152.5,-151.0,-150.0,-150.0,-153.5,-156.5,-157.0,-157.0,-156.0,-157.0,-155.0,-154.0,-146.0,-148.0,-153.5,-157.0,-154.5,-154.5,-149.0,-147.0,-148.5,-148.5,-156.5,-156.5,-157.0,-150.5,-148.5,-150.0,-156.0,-157.0,-143.5,-130.5,-132.5,-149.5,-155.0,-155.0,-151.5,-152.5,-153.5,-149.0,-150.0,-149.5,-149.0,-157.0,-153.0,-150.0,-152.0,-157.0,-151.5,-150.0,-155.0,-152.5,-156.5,-148.5,-149.5,-154.5,-149.0,-153.5,-153.5,-152.5,-157.0,-152.5,-150.0,-157.0,-153.5,-157.0,-152.5,-153.5,-150.0,-148.5,-153.0,-152.5,-157.0,-153.0,-156.5,-151.5,-152.0,-150.5,-152.0,-151.0,-157.0,-157.0,-154.0,-149.5,-148.5,-157.0,-154.0,-157.0,-157.0,-151.5,-153.0,-155.5,-154.0,-155.0,-155.5,-153.0,-157.0,-157.0,-156.5,-156.0,-154.5,-154.5,-157.0,-155.5,-156.0,-154.0,-149.0,-154.0,-149.5,-152.5,-149.0,-150.0,-157.0,-157.0,-155.0,-156.5,-150.5,-153.5,-153.5,-146.5,-146.5,-152.0,-148.5,-152.5,-154.0,-151.0,-156.0,-155.0,-157.0,-153.0,-152.5,-157.0,-157.0,-151.0,-149.0,-151.5,-152.0,-157.0,-149.0,-148.0,-150.0,-157.0,-157.0,-152.5,-154.0,-151.0,-155.0,-147.0,-145.5,-147.5,-147.0,-151.5,-153.0,-156.0,-149.5,-147.5,-148.0,-147.5,-149.5,-152.5,-153.5,-154.0,-157.0,-154.0,-147.5,-150.5,-151.0,-157.0,-157.0,-157.0,-157.0,-153.5,-157.0,-156.5,-157.0,-152.5,-150.5,-157.0,-155.0,-151.5,-150.0,-155.5,-153.5,-157.0,-149.5,-150.5,-157.0,-153.5,-155.0,-153.5,-153.5,-147.5,-147.5,-151.5,-150.0,-155.0,-155.0,-151.5,-151.5,-153.0,-151.0,-151.5,-155.0,-155.5,-153.5,-154.0,-155.5,-157.0,-157.0,-156.0,-156.5,-149.5,-157.0,-156.0,-157.0,-157.0,-157.0,-154.5,-156.0,-153.5,-154.5,-154.0
2026-01-16 16:42:28.017,143.050000,5,-77,-157.0,-157.0,-157.0,-156.0,-157.0,-157.0,-152.5,-151.5,-157.0,-157.0,-150.5,-151.5,-156.5,-157.0,-155.0,-154.0,-157.0,-157.0,-154.0,-152.5,-157.0,-154.5,-157.0,-151.0,-149.5,-150.5,-153.0,-151.0,-157.0,-156.0,-155.5,-157.0,-152.0,-151.0,-154.0,-157.0,-151.5,-155.0,-155.0,-155.0,-157.0,-157.0,-152.5,-153.0,-151.0,-153.0,-151.0,-148.5,-157.0,-157.0,-157.0,-156.0,-157.0,-154.0,-155.0,-150.0,-150.0,-151.5,-148.0,-156.5,-157.0,-151.0,-152.5,-157.0,-157.0,-151.5,-150.0,-150.0,-145.5,-152.0,-154.5,-153.5,-155.5,-149.0,-152.5,-150.0,-150.0,-152.0,-153.0,-157.0,-156.0,-152.5,-149.5,-152.0,-155.0,-154.0,-157.0,-157.0,-157.0,-155.5,-155.5,-152.5,-150.5,-150.5,-154.5,-153.5,-153.5,-157.0,-156.5,-152.5,-157.0,-154.0,-152.0,-156.5,-155.0,-152.0,-154.5,-157.0,-157.0,-157.0,-157.0,-157.0,-155.0,-153.0,-152.5,-155.5,-156.5,-154.0,-157.0,-151.5,-150.5,-157.0,-148.0,-152.0,-156.0,-153.0,-155.5,-154.0,-151.5,-156.0,-152.0,-152.0,-157.0,-155.0,-157.0,-157.0,-149.0,-149.5,-157.0,-157.0,-156.5,-155.5,-157.0,-156.0,-157.0,-157.0,-152.0,-150.0,-157.0,-156.0,-157.0,-154.5,-148.5,-151.0,-151.5,-150.0,-157.0,-157.0,-154.5,-157.0,-157.0,-149.0,-147.5,-155.0,-157.0,-152.0,-152.5,-155.0,-150.0,-157.0,-151.0,-147.5,-153.5,-157.0,-151.5,-152.5,-157.0,-156.0,-157.0,-156.0,-157.0,-152.5,-150.5,-155.0,-147.5,-149.5,-156.0,-157.0,-152.5,-153.0,-155.0,-157.0,-157.0,-155.5,-157.0,-154.5,-156.5,-157.0,-151.5,-153.0,-157.0,-151.5,-152.5,-151.0,-153.0,-150.5,-149.0,-149.0,-152.5,-152.5,-150.0,-154.0,-157.0,-157.0,-154.0,-150.5,-150.0,-157.0,-157.0,-157.0,-153.5,-153.0,-153.0,-151.0,-151.5,-150.5,-150.0,-150.5,-153.5,-153.5,-156.0,-153.5,-153.0,-157.0,-156.0,-153.5,-155.5,-152.0,-143.5,-144.5,-155.0,-154.5,-151.0,-148.0,-147.5,-153.0,-152.5,-157.0,-157.0,-157.0,-152.0,-152.0,-152.0,-151.0,-157.0,-148.5,-148.0,-151.0,-156.5,-156.5,-154.5,-157.0,-157.0,-155.5,-152.5,-148.0,-146.5,-148.5,-153.5,-154.0,-152.0,-149.0,-150.0,-152.0,-148.5,-150.5,-153.0,-157.0,-155.5,-156.5,-155.5,-157.0,-154.0,-134.5,-130.5,-137.5,-157.0,-149.5,-150.5,-150.0,-149.5,-152.0,-154.5,-156.5,-150.0,-147.0,-153.0,-157.0,-153.5,-157.0,-156.5,-154.0,-153.0,-150.5,-157.0,-157.0,-147.0,-149.5,-153.0,-151.0,-152.5,-151.5,-152.0,-157.0,-154.0,-154.5,-154.5,-156.5,-157.0,-154.5,-157.0,-153.0,-152.5,-153.5,-154.5,-157.0,-157.0,-157.0,-152.0,-152.0,-150.0,-157.0,-152.0,-155.0,-153.0,-151.0,-149.0,-147.5,-156.5,-154.0,-154.5,-157.0,-154.0,-149.5,-154.0,-156.0,-151.5,-155.0,-154.0,-157.0,-157.0,-154.0,-155.0,-157.0,-156.5,-157.0,-157.0,-157.0,-157.0,-152.0,-154.5,-151.5,-154.0,-152.5,-157.0,-157.0,-154.0,-152.5,-157.0,-149.5,-148.5,-154.5,-149.5,-146.0,-147.5,-152.5,-154.5,-150.0,-149.5,-156.0,-155.5,-157.0,-157.0,-157.0,-156.5,-157.0,-150.0,-149.0,-156.5,-152.5,-152.5,-151.0,-150.0,-150.0,-157.0,-157.0,-155.0,-157.0,-153.0,-151.0,-146.5,-149.0,-151.5,-152.5,-157.0,-156.5,-153.5,-152.5,-149.5,-150.5,-147.0,-150.5,-150.5,-153.5,-153.5,-154.5,-152.0,-150.5,-153.0,-152.5,-152.5,-151.0,-153.0,-156.0,-152.0,-153.5,-157.0,-155.5,-151.0,-151.5,-155.0,-157.0,-153.5,-156.5,-157.0,-157.0,-157.0,-151.0,-153.0,-155.5,-152.5,-157.0,-153.0,-156.0,-151.0,-150.5,-148.5,-152.0,-155.5,-157.0,-154.0,-149.5,-150.5,-153.0,-154.0,-151.5,-156.0,-152.5,-152.0,-153.5,-155.5,-150.0,-151.0,-153.5,-153.0,-151.0,-152.5,-153.5,-152.5,-157.0,-153.0,-155.5,-150.5,-150.5,-153.5
2026-01-16 16:42:28.050,143.050000,5,-77,-157.0,-157.0,-157.0,-155.0,-157.0,-156.0,-155.0,-152.0,-154.5,-154.5,-153.0,-155.5,-156.0,-155.0,-151.5,-150.5,-153.0,-155.0,-150.0,-149.0,-157.0,-154.0,-151.5,-151.0,-154.0,-154.5,-155.0,-154.5,-157.0,-157.0,-157.0,-157.0,-151.5,-149.5,-150.0,-157.0,-148.5,-150.5,-154.0,-151.0,-157.0,-157.0,-155.5,-157.0,-155.0,-157.0,-153.0,-149.5,-152.5,-156.5,-157.0,-157.0,-155.0,-150.5,-155.0,-150.0,-148.0,-149.5,-147.5,-157.0,-151.0,-153.5,-157.0,-156.0,-152.5,-150.5,-155.5,-150.5,-147.5,-156.5,-153.5,-157.0,-157.0,-149.0,-151.5,-147.5,-155.0,-154.5,-151.0,-157.0,-156.0,-151.0,-150.5,-150.5,-150.5,-154.5,-157.0,-157.0,-157.0,-156.5,-156.0,-151.5,-153.0,-155.0,-157.0,-155.5,-150.0,-156.5,-156.0,-156.5,-157.0,-150.0,-151.0,-153.0,-151.0,-150.5,-157.0,-157.0,-157.0,-156.0,-157.0,-153.5,-151.5,-153.5,-155.5,-152.5,-156.0,-157.0,-153.5,-155.0,-151.5,-151.0,-147.5,-150.0,-154.5,-154.5,-157.0,-157.0,-151.0,-152.0,-156.0,-156.0,-157.0,-154.5,-157.0,-157.0,-149.5,-157.0,-157.0,-157.0,-157.0,-155.5,-157.0,-157.0,-157.0,-154.0,-151.0,-152.5,-157.0,-154.0,-157.0,-157.0,-150.5,-150.5,-151.0,-155.5,-157.0,-157.0,-153.5,-154.5,-157.0,-147.0,-146.5,-152.0,-157.0,-149.0,-150.0,-149.0,-147.5,-157.0,-152.0,-148.5,-153.0,-157.0,-150.0,-150.5,-157.0,-157.0,-156.5,-157.0,-157.0,-155.5,-157.0,-157.0,-148.0,-147.0,-157.0,-155.0,-156.5,-157.0,-155.0,-156.0,-154.5,-157.0,-156.0,-157.0,-157.0,-157.0,-155.5,-157.0,-153.5,-151.0,-157.0,-152.5,-156.5,-157.0,-151.0,-148.5,-155.0,-154.5,-151.0,-151.5,-156.5,-155.5,-156.5,-154.0,-151.5,-153.5,-153.0,-157.0,-157.0,-157.0,-154.0,-154.0,-157.0,-152.5,-157.0,-155.0,-157.0,-151.0,-149.5,-152.0,-157.0,-157.0,-157.0,-153.0,-153.0,-150.0,-144.5,-144.0,-152.0,-152.5,-157.0,-151.5,-151.0,-157.0,-155.5,-156.0,-157.0,-157.0,-154.0,-153.0,-151.0,-149.0,-154.5,-153.0,-152.0,-150.0,-155.5,-153.5,-150.0,-156.0,-157.0,-156.0,-156.5,-156.0,-151.5,-151.0,-156.5,-156.0,-155.5,-152.5,-154.0,-157.0,-151.0,-150.5,-151.5,-154.0,-157.0,-157.0,-157.0,-157.0,-153.0,-131.5,-130.0,-141.5,-157.0,-148.5,-148.0,-155.0,-154.0,-154.0,-157.0,-157.0,-153.0,-148.0,-151.5,-154.0,-154.5,-157.0,-157.0,-157.0,-152.5,-149.5,-155.5,-155.5,-148.5,-155.0,-151.0,-153.0,-153.0,-151.0,-156.5,-153.5,-153.5,-157.0,-154.5,-157.0,-157.0,-156.5,-156.0,-157.0,-152.0,-154.0,-156.0,-157.0,-157.0,-157.0,-152.5,-152.0,-150.5,-156.0,-154.5,-153.0,-147.0,-149.5,-146.5,-148.0,-153.5,-151.0,-153.0,-157.0,-156.5,-150.5,-156.0,-157.0,-152.5,-153.0,-151.5,-153.0,-157.0,-150.5,-149.5,-154.5,-155.0,-157.0,-155.0,-155.0,-155.0,-153.5,-151.5,-154.5,-157.0,-157.0,-151.5,-150.0,-156.0,-150.0,-156.5,-149.5,-148.5,-154.5,-157.0,-151.0,-151.5,-157.0,-152.0,-153.0,-154.0,-157.0,-157.0,-155.5,-155.5,-157.0,-154.0,-157.0,-150.5,-152.5,-157.0,-157.0,-151.0,-156.5,-156.0,-150.5,-154.5,-154.5,-157.0,-156.5,-154.0,-151.0,-149.5,-155.0,-156.0,-155.0,-157.0,-157.0,-156.5,-153.0,-151.5,-157.0,-147.5,-153.0,-151.0,-154.0,-157.0,-155.0,-154.0,-154.0,-154.0,-152.0,-151.5,-148.5,-148.0,-151.5,-154.5,-153.5,-157.0,-151.5,-157.0,-154.0,-154.0,-157.0,-157.0,-157.0,-157.0,-157.0,-157.0,-151.5,-153.0,-157.0,-153.5,-155.5,-150.5,-151.0,-155.5,-153.5,-149.0,-150.5,-154.0,-157.0,-151.0,-150.0,-152.5,-156.0,-153.0,-150.5,-153.5,-150.0,-151.0,-154.5,-157.0,-148.5,-149.5,-153.0,-155.5,-153.5,-155.5,-149.5,-150.0,-154.0,-156.5,-156.5,-147.5,-149.0,-155.0
2026-01-16 16:42:28.092,143.050000,5,-77,-157.0,-157.0,-157.0,-153.0,-155.0,-153.0,-153.5,-153.0,-150.5,-154.5,-157.0,-157.0,-155.5,-155.0,-154.0,-151.5,-152.5,-155.5,-148.5,-149.5,-157.0,-154.0,-151.5,-153.5,-157.0,-157.0,-157.0,-157.0,-157.0,-157.0,-157.0,-157.0,-151.0,-150.5,-154.0,-150.0,-147.0,-152.5,-153.0,-151.5,-153.5,-157.0,-155.5,-157.0,-157.0,-157.0,-152.5,-154.0,-153.0,-154.5,-156.5,-155.5,-151.0,-148.5,-154.0,-150.0,-151.0,-156.5,-150.0,-155.5,-149.5,-153.5,-156.5,-152.5,-152.5,-150.0,-152.5,-157.0,-148.5,-149.0,-151.5,-153.5,-149.5,-149.5,-147.5,-146.5,-155.5,-152.0,-147.5,-153.0,-156.5,-155.0,-157.0,-157.0,-153.5,-154.5,-152.0,-155.5,-157.0,-157.0,-156.0,-153.0,-154.5,-153.5,-157.0,-151.0,-146.5,-149.5,-157.0,-157.0,-155.5,-150.0,-151.5,-152.0,-149.5,-150.5,-156.0,-155.5,-155.0,-154.0,-153.5,-150.5,-148.5,-149.5,-157.0,-150.0,-151.5,-157.0,-153.0,-152.5,-152.0,-151.5,-150.5,-156.0,-150.0,-150.0,-152.0,-155.5,-157.0,-152.0,-157.0,-157.0,-157.0,-154.5,-157.0,-157.0,-152.5,-156.0,-155.5,-155.5,-156.5,-156.5,-157.0,-157.0,-157.0,-157.0,-152.5,-153.5,-149.5,-148.0,-157.0,-152.0,-150.5,-154.5,-157.0,-157.0,-157.0,-157.0,-152.5,-156.5,-157.0,-150.5,-150.0,-148.5,-150.5,-152.5,-154.0,-151.5,-150.5,-157.0,-157.0,-150.5,-152.5,-152.0,-151.0,-155.0,-157.0,-157.0,-155.5,-157.0,-155.5,-156.0,-157.0,-155.0,-147.0,-145.5,-157.0,-157.0,-157.0,-153.0,-154.0,-154.0,-153.5,-157.0,-154.0,-157.0,-157.0,-157.0,-157.0,-157.0,-157.0,-150.0,-155.0,-152.0,-152.5,-157.0,-150.5,-151.5,-153.0,-152.0,-151.0,-151.5,-153.0,-149.5,-152.0,-157.0,-152.5,-150.0,-150.0,-157.0,-154.0,-157.0,-149.5,-149.5,-157.0,-152.0,-157.0,-155.0,-150.0,-150.0,-150.0,-151.5,-157.0,-157.0,-157.0,-154.0,-157.0,-154.5,-149.0,-144.0,-149.5,-149.5,-157.0,-157.0,-157.0,-156.5,-153.5,-155.0,-157.0,-157.0,-155.5,-155.0,-149.5,-147.5,-153.0,-157.0,-151.5,-151.0,-156.0,-149.5,-148.5,-151.5,-157.0,-154.5,-154.5,-155.5,-157.0,-154.5,-155.5,-157.0,-155.5,-153.5,-152.0,-157.0,-156.5,-151.5,-148.0,-150.0,-157.0,-157.0,-157.0,-156.0,-155.5,-130.5,-132.5,-150.0,-157.0,-153.5,-149.0,-154.5,-157.0,-157.0,-157.0,-153.0,-157.0,-152.5,-153.5,-151.0,-154.0,-157.0,-157.0,-154.0,-151.0,-148.5,-150.0,-157.0,-149.5,-154.0,-150.5,-149.5,-157.0,-152.5,-157.0,-155.5,-157.0,-157.0,-157.0,-157.0,-157.0,-156.0,-152.0,-152.5,-148.0,-150.5,-157.0,-153.5,-157.0,-156.0,-150.0,-151.5,-148.5,-152.0,-155.0,-153.5,-144.5,-146.5,-145.5,-151.0,-147.5,-148.0,-157.0,-157.0,-157.0,-153.5,-152.0,-149.0,-150.0,-150.5,-152.5,-149.5,-151.5,-154.5,-150.5,-151.5,-156.5,-157.0,-151.5,-152.0,-156.0,-152.5,-153.0,-154.5,-156.5,-153.5,-147.5,-147.5,-157.0,-153.0,-154.5,-151.0,-152.0,-153.5,-157.0,-157.0,-157.0,-152.0,-150.0,-156.5,-157.0,-157.0,-155.0,-155.0,-151.0,-152.5,-150.0,-153.0,-152.5,-155.0,-157.0,-151.5,-149.0,-157.0,-157.0,-152.0,-150.5,-150.5,-155.0,-155.0,-152.0,-151.5,-152.5,-153.5,-153.5,-157.0,-157.0,-157.0,-157.0,-157.0,-151.5,-151.0,-147.0,-149.5,-155.5,-155.0,-153.5,-150.0,-149.5,-152.0,-153.5,-153.5,-155.0,-149.5,-146.5,-147.0,-153.0,-153.5,-154.5,-151.0,-153.0,-150.0,-148.5,-150.5,-154.5,-157.0,-157.0,-157.0,-157.0,-154.5,-155.0,-157.0,-152.5,-152.0,-152.5,-151.0,-157.0,-152.5,-153.5,-153.5,-154.5,-157.0,-151.0,-151.5,-157.0,-156.5,-154.5,-152.5,-152.5,-151.0,-149.5,-154.0,-151.5,-149.5,-155.5,-157.0,-155.5,-157.0,-157.0,-152.0,-155.5,-157.0,-157.0,-149.0,-147.0,-157.0,-157.0
2026-01-16 16:42:28.092,143.050000,5,-77,-157.0,-157.0,-157.0,-153.0,-155.0,-153.0,-153.5,-153.0,-150.5,-154.5,-157.0,-157.0,-155.5,-155.0,-154.0,-151.5,-152.5,-155.5,-148.5,-149.5,-157.0,-154.0,-151.5,-153.5,-157.0,-157.0,-157.0,-157.0,-157.0,-157.0,-157.0,-157.0,-151.0,-150.5,-154.0,-150.0,-147.0,-152.5,-153.0,-151.5,-153.5,-157.0,-155.5,-157.0,-157.0,-157.0,-152.5,-154.0,-153.0,-154.5,-156.5,-155.5,-151.0,-148.5,-154.0,-150.0,-151.0,-156.5,-150.0,-155.5,-149.5,-153.5,-156.5,-152.5,-152.5,-150.0,-152.5,-157.0,-148.5,-149.0,-151.5,-153.5,-149.5,-149.5,-147.5,-146.5,-155.5,-152.0,-147.5,-153.0,-156.5,-155.0,-157.0,-157.0,-153.5,-154.5,-152.0,-155.5,-157.0,-157.0,-156.0,-153.0,-154.5,-153.5,-157.0,-151.0,-146.5,-149.5,-157.0,-157.0,-155.5,-150.0,-151.5,-152.0,-149.5,-150.5,-156.0,-155.5,-155.0,-154.0,-153.5,-150.5,-148.5,-149.5,-157.0,-150.0,-151.5,-157.0,-153.0,-152.5,-152.0,-151.5,-150.5,-156.0,-150.0,-150.0,-152.0,-155.5,-157.0,-152.0,-157.0,-157.0,-157.0,-154.5,-157.0,-157.0,-152.5,-156.0,-155.5,-155.5,-156.5,-156.5,-157.0,-157.0,-157.0,-157.0,-152.5,-153.5,-149.5,-148.0,-157.0,-152.0,-150.5,-154.5,-157.0,-157.0,-157.0,-157.0,-152.5,-156.5,-157.0,-150.5,-150.0,-148.5,-150.5,-152.5,-154.0,-151.5,-150.5,-157.0,-157.0,-150.5,-152.5,-152.0,-151.0,-155.0,-157.0,-157.0,-155.5,-157.0,-155.5,-156.0,-157.0,-155.0,-147.0,-145.5,-157.0,-157.0,-157.0,-153.0,-154.0,-154.0,-153.5,-157.0,-154.0,-157.0,-157.0,-157.0,-157.0,-157.0,-157.0,-150.0,-155.0,-152.0,-152.5,-157.0,-150.5,-151.5,-153.0,-152.0,-151.0,-151.5,-153.0,-149.5,-152.0,-157.0,-152.5,-150.0,-150.0,-157.0,-154.0,-157.0,-149.5,-149.5,-157.0,-152.0,-157.0,-155.0,-150.0,-150.0,-150.0,-151.5,-157.0,-157.0,-157.0,-154.0,-157.0,-154.5,-149.0,-144.0,-149.5,-149.5,-157.0,-157.0,-157.0,-156.5,-153.5,-155.0,-157.0,-157.0,-155.5,-155.0,-149.5,-147.5,-153.0,-157.0,-151.5,-151.0,-156.0,-149.5,-148.5,-151.5,-157.0,-154.5,-154.5,-155.5,-157.0,-154.5,-155.5,-157.0,-155.5,-153.5,-152.0,-157.0,-156.5,-151.5,-148.0,-150.0,-157.0,-157.0,-157.0,-156.0,-155.5,-130.5,-132.5,-150.0,-157.0,-153.5,-149.0,-154.5,-157.0,-157.0,-157.0,-153.0,-157.0,-152.5,-153.5,-151.0,-154.0,-157.0,-157.0,-154.0,-151.0,-148.5,-150.0,-157.0,-149.5,-154.0,-150.5,-149.5,-157.0,-152.5,-157.0,-155.5,-157.0,-157.0,-157.0,-157.0,-157.0,-156.0,-152.0,-152.5,-148.0,-150.5,-157.0,-153.5,-157.0,-156.0,-150.0,-151.5,-148.5,-152.0,-155.0,-153.5,-144.5,-146.5,-145.5,-151.0,-147.5,-148.0,-157.0,-157.0,-157.0,-153.5,-152.0,-149.0,-150.0,-150.5,-152.5,-149.5,-151.5,-154.5,-150.5,-151.5,-156.5,-157.0,-151.5,-152.0,-156.0,-152.5,-153.0,-154.5,-156.5,-153.5,-147.5,-147.5,-157.0,-153.0,-154.5,-151.0,-152.0,-153.5,-157.0,-157.0,-157.0,-152.0,-150.0,-156.5,-157.0,-157.0,-155.0,-155.0,-151.0,-152.5,-150.0,-153.0,-152.5,-155.0,-157.0,-151.5,-149.0,-157.0,-157.0,-152.0,-150.5,-150.5,-155.0,-155.0,-152.0,-151.5,-152.5,-153.5,-153.5,-157.0,-157.0,-157.0,-157.0,-157.0,-151.5,-151.0,-147.0,-149.5,-155.5,-155.0,-153.5,-150.0,-149.5,-152.0,-153.5,-153.5,-155.0,-149.5,-146.5,-147.0,-153.0,-153.5,-154.5,-151.0,-153.0,-150.0,-148.5,-150.5,-154.5,-157.0,-157.0,-157.0,-157.0,-154.5,-155.0,-157.0,-152.5,-152.0,-152.5,-151.0,-157.0,-152.5,-153.5,-153.5,-154.5,-157.0,-151.0,-151.5,-157.0,-156.5,-154.5,-152.5,-152.5,-151.0,-149.5,-154.0,-151.5,-149.5,-155.5,-157.0,-155.5,-157.0,-157.0,-152.0,-155.5,-157.0,-157.0,-149.0,-147.0,-157.0,-157.0
2026-01-16 16:42:28.116,143.050000,5,-77,-157.0,-157.0,-157.0,-153.0,-155.5,-152.5,-157.0,-151.0,-148.0,-153.0,-157.0,-151.0,-150.0,-153.0,-156.5,-157.0,-157.0,-153.5,-149.5,-150.5,-157.0,-155.5,-154.0,-157.0,-157.0,-157.0,-157.0,-155.0,-155.0,-157.0,-157.0,-156.5,-152.5,-154.5,-157.0,-148.5,-147.0,-157.0,-157.0,-152.5,-154.0,-157.0,-154.0,-153.5,-154.0,-154.0,-151.5,-157.0,-154.5,-157.0,-155.0,-156.0,-152.5,-152.5,-156.0,-149.0,-153.5,-156.5,-155.5,-157.0,-152.0,-157.0,-154.5,-155.0,-156.5,-156.5,-153.5,-157.0,-149.5,-147.0,-152.5,-153.5,-149.5,-151.5,-149.0,-152.0,-157.0,-157.0,-147.5,-148.0,-156.5,-157.0,-156.5,-155.0,-156.5,-153.0,-151.5,-149.0,-154.0,-157.0,-157.0,-153.0,-153.5,-150.5,-154.5,-149.5,-148.5,-148.0,-150.5,-149.0,-151.5,-154.0,-150.5,-149.5,-151.5,-157.0,-151.5,-156.0,-157.0,-154.0,-152.0,-153.0,-153.5,-149.0,-150.5,-149.5,-155.5,-157.0,-154.5,-147.5,-150.5,-157.0,-157.0,-157.0,-152.0,-149.0,-148.5,-152.0,-151.0,-148.5,-156.5,-157.0,-157.0,-155.5,-157.0,-157.0,-156.5,-155.0,-152.0,-152.0,-157.0,-157.0,-156.0,-157.0,-157.0,-157.0,-151.5,-152.5,-149.5,-146.5,-150.5,-152.5,-150.5,-149.5,-152.5,-155.0,-154.0,-151.5,-148.5,-153.0,-157.0,-157.0,-156.5,-148.5,-149.0,-157.0,-157.0,-156.5,-157.0,-157.0,-157.0,-152.0,-156.0,-151.0,-152.5,-156.5,-152.5,-151.5,-157.0,-155.5,-156.0,-157.0,-157.0,-151.5,-143.5,-144.5,-155.5,-157.0,-157.0,-154.0,-157.0,-155.0,-157.0,-157.0,-152.0,-156.0,-152.5,-152.5,-156.5,-157.0,-157.0,-148.0,-148.0,-149.0,-152.0,-153.0,-149.5,-154.5,-154.0,-150.5,-153.5,-157.0,-153.5,-147.5,-148.5,-157.0,-157.0,-154.5,-151.5,-154.0,-149.0,-157.0,-148.5,-148.0,-150.0,-149.0,-157.0,-155.0,-148.0,-151.0,-157.0,-155.5,-156.5,-152.0,-151.5,-149.5,-157.0,-154.5,-146.0,-143.0,-151.5,-152.5,-157.0,-157.0,-157.0,-157.0,-153.5,-157.0,-157.0,-156.5,-152.0,-156.0,-151.5,-152.0,-154.0,-156.5,-152.5,-155.5,-153.0,-152.0,-154.5,-155.0,-157.0,-157.0,-155.0,-157.0,-157.0,-153.0,-152.0,-155.5,-154.5,-155.5,-152.5,-157.0,-157.0,-150.0,-150.0,-152.0,-156.5,-153.0,-153.5,-156.0,-148.5,-131.0,-136.5,-154.0,-156.0,-154.0,-150.5,-154.5,-157.0,-155.5,-157.0,-150.0,-154.0,-157.0,-151.5,-150.5,-154.5,-149.0,-149.5,-149.5,-148.5,-149.0,-148.0,-154.0,-150.0,-152.5,-151.5,-148.5,-153.5,-155.0,-155.5,-157.0,-157.0,-157.0,-157.0,-157.0,-157.0,-156.5,-155.5,-153.5,-148.5,-151.0,-157.0,-151.5,-150.5,-147.0,-147.5,-157.0,-147.0,-149.0,-154.5,-152.5,-145.0,-148.5,-150.5,-151.5,-146.0,-147.5,-157.0,-154.5,-157.0,-157.0,-152.5,-148.5,-151.0,-152.5,-157.0,-150.0,-147.0,-155.5,-157.0,-155.5,-153.5,-155.0,-148.5,-150.0,-157.0,-154.5,-157.0,-153.0,-153.0,-155.5,-153.0,-151.0,-157.0,-156.5,-152.0,-150.5,-152.5,-150.5,-152.0,-157.0,-157.0,-150.0,-150.5,-157.0,-157.0,-155.5,-156.5,-155.5,-147.5,-148.0,-150.0,-152.5,-154.0,-155.5,-157.0,-151.5,-150.0,-155.0,-156.0,-157.0,-155.5,-153.5,-156.0,-150.5,-155.0,-156.0,-153.0,-153.0,-153.0,-157.0,-155.0,-157.0,-156.5,-157.0,-150.0,-151.5,-151.0,-156.0,-157.0,-156.0,-150.0,-151.0,-149.0,-157.0,-152.5,-155.0,-151.0,-149.0,-148.0,-146.0,-153.0,-153.5,-152.0,-154.5,-153.5,-151.0,-148.0,-147.5,-150.5,-153.0,-157.0,-156.5,-157.0,-157.0,-157.0,-154.5,-152.5,-152.5,-155.5,-152.5,-154.5,-151.0,-154.5,-157.0,-154.0,-157.0,-153.5,-156.5,-157.0,-157.0,-157.0,-156.0,-155.0,-155.5,-151.0,-150.5,-147.5,-155.5,-154.5,-155.0,-154.0,-157.0,-156.0,-154.0,-157.0,-157.0,-155.5,-149.5,-148.5,-156.5,-157.0
2026-01-16 16:42:28.150,143.050000,5,-77,-157.0,-157.0,-155.0,-152.0,-155.0,-149.5,-155.5,-153.0,-149.0,-151.5,-153.5,-150.5,-151.5,-151.5,-157.0,-157.0,-157.0,-157.0,-157.0,-151.5,-157.0,-155.0,-154.5,-157.0,-157.0,-157.0,-157.0,-153.0,-154.0,-157.0,-157.0,-151.5,-151.5,-157.0,-157.0,-149.0,-152.0,-155.5,-157.0,-152.5,-154.0,-154.5,-157.0,-152.0,-154.0,-155.0,-151.0,-152.5,-154.5,-152.5,-156.0,-156.5,-156.5,-157.0,-154.0,-149.5,-152.0,-157.0,-155.5,-153.5,-152.0,-157.0,-152.5,-155.0,-157.0,-157.0,-155.5,-157.0,-150.5,-150.5,-156.5,-157.0,-152.5,-154.0,-152.0,-155.5,-153.5,-157.0,-153.0,-153.0,-156.5,-153.0,-148.5,-147.5,-151.0,-152.5,-153.0,-146.5,-149.0,-157.0,-157.0,-153.0,-149.0,-148.0,-153.0,-149.5,-154.5,-149.0,-151.5,-148.5,-150.0,-152.0,-151.0,-150.5,-152.0,-153.0,-150.0,-156.0,-157.0,-155.0,-152.0,-154.5,-157.0,-151.5,-151.0,-151.0,-155.5,-157.0,-156.5,-148.5,-150.0,-157.0,-157.0,-156.0,-157.0,-155.0,-152.5,-156.5,-151.5,-147.5,-150.0,-157.0,-154.0,-152.5,-157.0,-157.0,-157.0,-157.0,-156.0,-152.0,-157.0,-157.0,-157.0,-156.0,-157.0,-157.0,-150.5,-152.0,-157.0,-144.0,-145.5,-157.0,-153.0,-148.0,-147.0,-149.5,-153.0,-157.0,-146.5,-147.5,-156.0,-157.0,-157.0,-152.0,-155.0,-150.0,-157.0,-157.0,-157.0,-157.0,-157.0,-151.0,-151.5,-152.0,-153.5,-151.5,-154.0,-151.0,-156.5,-155.5,-157.0,-155.5,-157.0,-150.5,-146.0,-145.5,-157.0,-157.0,-154.5,-152.0,-157.0,-153.0,-155.5,-153.5,-150.0,-151.5,-147.5,-148.5,-150.5,-150.5,-157.0,-154.5,-148.5,-150.5,-154.0,-153.5,-149.5,-157.0,-157.0,-152.5,-157.0,-157.0,-151.5,-149.0,-151.0,-153.5,-157.0,-157.0,-152.5,-146.0,-146.0,-157.0,-151.5,-150.5,-149.0,-147.0,-157.0,-157.0,-150.5,-154.0,-157.0,-156.0,-157.0,-149.5,-148.0,-146.0,-153.0,-152.0,-143.0,-142.5,-153.5,-157.0,-157.0,-157.0,-157.0,-157.0,-156.0,-157.0,-157.0,-155.5,-149.5,-157.0,-157.0,-153.0,-151.0,-153.5,-153.0,-157.0,-155.5,-156.5,-157.0,-157.0,-155.0,-153.5,-152.5,-157.0,-156.0,-152.5,-151.5,-153.0,-155.5,-153.0,-153.0,-157.0,-154.0,-152.0,-154.5,-157.0,-157.0,-151.5,-151.5,-150.0,-138.5,-130.5,-145.5,-151.5,-149.5,-154.5,-153.0,-151.5,-157.0,-151.0,-149.0,-148.5,-156.5,-153.5,-152.5,-153.5,-154.5,-147.0,-148.5,-154.0,-151.0,-152.5,-151.5,-155.0,-153.5,-153.5,-149.0,-147.5,-151.5,-153.5,-151.5,-157.0,-157.0,-156.5,-157.0,-157.0,-157.0,-155.0,-157.0,-157.0,-152.0,-157.0,-157.0,-151.5,-150.5,-146.0,-151.0,-157.0,-150.5,-149.0,-151.0,-149.5,-147.0,-155.0,-152.0,-153.5,-149.0,-148.5,-157.0,-150.0,-156.5,-157.0,-156.0,-151.5,-157.0,-151.5,-152.0,-151.0,-147.5,-156.5,-157.0,-156.5,-152.0,-154.0,-149.0,-149.5,-157.0,-157.0,-150.5,-151.5,-153.5,-156.5,-157.0,-155.5,-156.0,-156.5,-154.5,-153.5,-152.0,-151.0,-151.5,-154.5,-157.0,-154.0,-154.0,-157.0,-157.0,-154.0,-157.0,-155.5,-147.5,-148.5,-153.0,-153.5,-155.5,-154.0,-157.0,-157.0,-152.5,-151.0,-151.0,-154.5,-157.0,-154.0,-151.0,-149.0,-157.0,-157.0,-154.5,-154.0,-157.0,-154.0,-153.5,-157.0,-155.5,-157.0,-152.5,-149.0,-150.0,-157.0,-157.0,-153.0,-150.0,-155.5,-152.5,-157.0,-150.5,-151.0,-153.0,-151.0,-155.5,-148.5,-153.5,-155.0,-156.0,-157.0,-152.5,-151.5,-153.0,-153.5,-151.5,-150.0,-154.0,-153.0,-154.5,-157.0,-157.0,-153.0,-152.0,-155.5,-152.5,-153.0,-153.0,-151.5,-152.0,-157.0,-153.0,-154.5,-152.5,-155.5,-157.0,-157.0,-157.0,-157.0,-156.5,-152.5,-153.5,-149.5,-147.5,-156.0,-154.5,-156.5,-151.5,-157.0,-156.0,-157.0,-157.0,-152.0,-151.0,-155.0,-155.0,-157.0,-157.0
2026-01-16 16:42:28.182,143.050000,5,-77,-157.0,-157.0,-153.0,-152.5,-151.5,-149.0,-153.0,-157.0,-154.5,-157.0,-157.0,-155.5,-154.5,-154.0,-157.0,-156.0,-155.5,-157.0,-157.0,-149.0,-153.5,-156.5,-156.0,-157.0,-157.0,-157.0,-156.5,-156.0,-156.5,-155.5,-154.0,-149.5,-150.0,-157.0,-154.5,-152.0,-152.0,-151.0,-157.0,-155.5,-151.5,-150.0,-157.0,-151.5,-155.5,-153.5,-151.5,-149.0,-149.0,-150.5,-157.0,-154.5,-156.5,-157.0,-148.5,-151.0,-157.0,-157.0,-152.5,-152.0,-149.5,-149.5,-150.5,-153.0,-157.0,-154.5,-155.5,-157.0,-154.5,-154.0,-157.0,-157.0,-155.5,-153.5,-156.0,-151.5,-150.5,-157.0,-157.0,-157.0,-157.0,-154.0,-147.5,-149.0,-149.0,-150.5,-150.0,-149.5,-150.5,-156.5,-154.5,-157.0,-151.5,-149.5,-152.0,-151.5,-156.5,-149.5,-157.0,-155.5,-150.0,-149.5,-155.0,-154.0,-151.5,-157.0,-150.0,-152.5,-152.5,-154.5,-152.5,-157.0,-157.0,-157.0,-157.0,-155.0,-152.5,-156.0,-157.0,-153.5,-156.0,-157.0,-151.5,-152.0,-157.0,-157.0,-157.0,-157.0,-157.0,-151.0,-148.0,-152.0,-150.0,-150.0,-157.0,-157.0,-157.0,-157.0,-157.0,-152.0,-157.0,-157.0,-156.5,-153.5,-157.0,-156.0,-153.5,-154.0,-157.0,-145.0,-146.5,-153.0,-152.5,-154.5,-149.5,-148.5,-153.0,-157.0,-149.0,-150.5,-153.5,-156.5,-156.5,-157.0,-149.5,-146.5,-151.0,-157.0,-154.0,-157.0,-157.0,-154.5,-155.0,-155.0,-154.5,-152.0,-157.0,-150.0,-149.0,-151.5,-157.0,-154.0,-157.0,-153.5,-153.0,-148.5,-153.0,-157.0,-147.5,-151.5,-155.0,-149.5,-150.5,-154.0,-151.0,-157.0,-149.5,-151.0,-149.0,-146.5,-157.0,-156.0,-152.5,-157.0,-157.0,-154.5,-151.0,-149.5,-157.0,-153.5,-152.5,-157.0,-152.5,-152.5,-150.5,-150.0,-154.5,-157.0,-157.0,-146.0,-148.5,-154.0,-157.0,-154.5,-148.5,-145.0,-149.5,-152.5,-154.0,-157.0,-155.5,-151.5,-149.5,-149.0,-148.5,-148.0,-153.5,-155.0,-146.0,-144.5,-157.0,-157.0,-153.0,-153.0,-157.0,-156.0,-155.5,-157.0,-157.0,-151.0,-149.5,-157.0,-152.0,-148.5,-151.0,-157.0,-156.5,-154.0,-155.0,-157.0,-157.0,-157.0,-157.0,-150.0,-153.0,-157.0,-156.5,-157.0,-150.0,-151.0,-157.0,-155.0,-154.0,-154.5,-153.5,-157.0,-155.0,-157.0,-157.0,-151.0,-150.0,-149.0,-132.0,-129.5,-149.5,-149.0,-148.5,-156.0,-157.0,-151.5,-157.0,-153.5,-152.0,-151.5,-150.5,-149.0,-152.0,-157.0,-157.0,-150.0,-154.5,-157.0,-151.5,-153.0,-152.5,-154.5,-155.5,-153.5,-146.5,-146.0,-149.0,-149.0,-151.0,-157.0,-157.0,-156.0,-157.0,-156.0,-153.0,-153.5,-157.0,-157.0,-156.0,-157.0,-153.5,-150.5,-147.0,-147.0,-157.0,-156.5,-157.0,-153.0,-153.5,-155.0,-150.5,-157.0,-148.0,-149.0,-157.0,-153.0,-153.0,-150.0,-157.0,-157.0,-157.0,-154.5,-153.5,-150.0,-148.0,-154.0,-150.0,-157.0,-157.0,-151.5,-151.0,-157.0,-154.0,-154.0,-157.0,-157.0,-148.0,-149.5,-154.0,-153.5,-157.0,-156.5,-152.5,-154.0,-157.0,-152.5,-150.5,-152.0,-154.5,-152.5,-154.5,-157.0,-155.0,-155.0,-156.0,-152.5,-150.5,-157.0,-153.0,-151.5,-157.0,-155.0,-153.5,-152.5,-157.0,-156.0,-155.0,-154.5,-152.5,-155.0,-157.0,-151.5,-155.0,-150.5,-155.0,-157.0,-154.0,-155.0,-157.0,-157.0,-157.0,-157.0,-157.0,-157.0,-152.0,-147.0,-150.5,-157.0,-157.0,-156.0,-152.5,-153.5,-156.0,-157.0,-152.0,-152.0,-155.0,-157.0,-155.0,-149.5,-150.5,-155.0,-154.0,-152.0,-150.0,-153.5,-153.5,-157.0,-153.0,-151.5,-155.5,-154.0,-151.5,-152.0,-157.0,-154.5,-152.5,-157.0,-153.0,-151.5,-153.5,-156.0,-155.5,-157.0,-154.5,-154.0,-155.0,-155.5,-157.0,-157.0,-156.0,-157.0,-157.0,-154.0,-157.0,-154.0,-151.0,-153.5,-155.0,-153.5,-150.5,-157.0,-157.0,-156.5,-154.5,-153.5,-152.0,-155.5,-153.0,-153.5,-152.0
2026-01-16 16:42:28.218,143.050000,5,-77,-157.0,-157.0,-156.5,-156.0,-155.0,-152.0,-157.0,-152.5,-152.5,-155.5,-154.0,-152.0,-151.0,-152.0,-157.0,-154.0,-157.0,-157.0,-157.0,-148.5,-152.0,-157.0,-153.0,-154.5,-151.5,-150.0,-154.5,-153.5,-153.5,-153.5,-152.5,-150.0,-149.0,-157.0,-156.5,-155.0,-151.5,-149.5,-152.0,-154.5,-153.5,-149.0,-153.5,-150.5,-149.5,-151.5,-152.0,-152.0,-147.0,-157.0,-157.0,-153.5,-157.0,-157.0,-148.0,-150.0,-157.0,-157.0,-153.0,-154.0,-150.0,-151.0,-150.5,-150.0,-151.0,-153.0,-156.5,-156.0,-156.5,-157.0,-157.0,-157.0,-157.0,-153.5,-151.5,-154.0,-151.0,-157.0,-154.5,-155.0,-157.0,-154.0,-151.0,-152.5,-150.5,-150.5,-155.5,-154.0,-157.0,-155.5,-153.0,-157.0,-154.5,-154.5,-156.0,-155.5,-154.5,-148.0,-151.5,-157.0,-152.0,-154.5,-157.0,-156.5,-150.5,-154.5,-153.0,-156.5,-153.0,-156.5,-154.0,-157.0,-155.5,-157.0,-155.0,-155.0,-153.0,-157.0,-157.0,-155.5,-157.0,-150.5,-147.0,-147.0,-155.5,-155.5,-154.5,-153.0,-157.0,-157.0,-147.5,-151.0,-152.5,-152.0,-155.0,-155.5,-157.0,-156.5,-157.0,-151.0,-152.0,-150.0,-151.0,-155.0,-157.0,-157.0,-157.0,-157.0,-157.0,-148.0,-152.0,-154.0,-151.5,-157.0,-157.0,-154.0,-156.5,-157.0,-155.5,-157.0,-153.5,-157.0,-157.0,-156.5,-152.5,-145.5,-148.0,-154.0,-152.0,-157.0,-157.0,-157.0,-154.0,-152.5,-157.0,-152.5,-153.0,-154.5,-147.5,-148.5,-157.0,-155.5,-155.0,-150.5,-154.0,-151.5,-152.5,-151.0,-147.0,-150.5,-151.0,-149.0,-149.0,-157.0,-153.5,-156.0,-156.0,-157.0,-149.0,-146.5,-153.0,-151.5,-149.5,-155.0,-154.0,-153.5,-149.5,-145.0,-153.5,-155.0,-151.5,-152.5,-156.5,-157.0,-157.0,-153.5,-153.5,-157.0,-157.0,-150.0,-152.0,-153.0,-152.5,-151.5,-148.5,-146.0,-152.0,-151.5,-157.0,-157.0,-157.0,-154.5,-148.5,-149.0,-156.5,-152.5,-151.5,-155.5,-148.0,-145.5,-154.0,-157.0,-152.0,-153.5,-156.5,-154.0,-153.5,-154.5,-154.5,-149.0,-151.5,-157.0,-154.5,-149.5,-157.0,-157.0,-157.0,-152.0,-153.0,-152.5,-151.5,-152.5,-151.5,-149.0,-154.0,-155.5,-157.0,-151.0,-149.0,-154.5,-157.0,-156.0,-157.0,-155.5,-154.5,-157.0,-157.0,-153.5,-156.5,-151.0,-150.0,-149.0,-130.5,-131.5,-155.0,-151.0,-154.0,-151.0,-157.0,-150.0,-150.5,-157.0,-156.0,-152.5,-150.5,-150.5,-153.5,-157.0,-157.0,-153.5,-157.0,-155.5,-153.0,-153.0,-151.5,-150.5,-157.0,-157.0,-150.0,-148.0,-150.0,-152.5,-157.0,-156.5,-157.0,-156.0,-152.5,-153.0,-156.5,-152.5,-154.0,-155.5,-152.5,-153.5,-157.0,-156.0,-147.5,-150.5,-152.5,-152.5,-157.0,-155.0,-153.0,-151.5,-150.5,-150.5,-149.0,-151.5,-155.5,-156.5,-154.0,-154.0,-157.0,-157.0,-152.5,-155.0,-151.5,-156.5,-148.0,-157.0,-151.0,-153.5,-153.0,-151.0,-154.0,-157.0,-157.0,-157.0,-157.0,-157.0,-151.5,-153.5,-151.0,-149.5,-157.0,-153.0,-152.5,-157.0,-152.5,-148.0,-146.0,-150.5,-155.0,-150.0,-150.5,-157.0,-155.5,-157.0,-155.0,-152.5,-150.5,-151.0,-153.5,-150.5,-157.0,-151.5,-152.5,-153.5,-157.0,-152.5,-152.5,-157.0,-157.0,-157.0,-151.5,-149.0,-157.0,-151.0,-150.5,-152.5,-156.0,-157.0,-157.0,-157.0,-157.0,-157.0,-157.0,-155.5,-153.0,-150.0,-156.5,-157.0,-157.0,-157.0,-157.0,-157.0,-157.0,-157.0,-154.0,-153.0,-156.5,-157.0,-157.0,-154.5,-155.0,-157.0,-150.5,-152.5,-149.0,-151.5,-151.0,-155.0,-154.0,-156.5,-157.0,-154.5,-152.5,-151.5,-153.5,-155.0,-153.0,-155.0,-154.0,-153.5,-153.5,-156.5,-157.0,-157.0,-157.0,-157.0,-157.0,-155.5,-157.0,-152.0,-152.5,-157.0,-156.0,-152.5,-157.0,-154.0,-153.0,-153.5,-154.0,-157.0,-151.0,-154.0,-157.0,-153.0,-154.0,-157.0,-157.0,-157.0,-151.0,-150.5,-154.5
2026-01-16 16:42:28.248,143.050000,5,-77,-157.0,-157.0,-156.0,-154.0,-155.0,-155.0,-157.0,-150.0,-152.0,-154.5,-153.0,-153.0,-154.5,-153.5,-157.0,-151.5,-157.0,-154.0,-156.0,-152.0,-151.5,-154.5,-151.5,-149.5,-153.0,-148.0,-152.0,-150.5,-151.5,-151.5,-152.0,-153.0,-151.0,-157.0,-156.0,-153.5,-157.0,-153.5,-150.5,-152.5,-157.0,-149.5,-157.0,-157.0,-151.5,-156.5,-152.0,-148.5,-147.5,-157.0,-153.0,-152.0,-154.0,-157.0,-151.0,-150.5,-157.0,-157.0,-156.0,-157.0,-157.0,-157.0,-151.0,-150.0,-156.5,-151.5,-150.5,-153.0,-156.5,-157.0,-157.0,-157.0,-156.5,-154.0,-150.0,-150.5,-150.5,-157.0,-152.5,-153.0,-157.0,-157.0,-157.0,-150.5,-153.5,-150.5,-153.5,-152.0,-156.0,-152.5,-154.5,-157.0,-157.0,-156.0,-157.0,-157.0,-151.0,-149.0,-152.0,-155.0,-152.0,-155.5,-151.0,-153.5,-154.0,-154.0,-157.0,-152.0,-154.0,-154.0,-155.0,-157.0,-157.0,-155.0,-154.0,-151.5,-156.0,-157.0,-157.0,-152.5,-150.5,-147.0,-148.5,-148.5,-150.0,-152.0,-151.5,-150.5,-152.0,-157.0,-149.5,-152.5,-157.0,-152.0,-150.5,-154.0,-157.0,-155.5,-157.0,-150.5,-147.5,-148.0,-148.5,-155.5,-154.5,-157.0,-157.0,-157.0,-154.5,-152.5,-155.5,-157.0,-154.0,-157.0,-157.0,-154.0,-157.0,-157.0,-157.0,-153.0,-153.0,-157.0,-157.0,-153.0,-157.0,-149.5,-151.0,-153.0,-155.5,-157.0,-155.5,-154.5,-149.0,-151.0,-153.5,-150.0,-153.0,-157.0,-149.5,-148.5,-154.5,-155.0,-149.5,-149.0,-149.5,-149.5,-156.0,-154.0,-150.0,-150.5,-152.5,-151.5,-149.5,-157.0,-157.0,-157.0,-157.0,-157.0,-152.5,-150.0,-154.0,-148.5,-151.5,-155.0,-155.0,-157.0,-149.0,-145.0,-156.0,-157.0,-154.5,-155.0,-155.0,-157.0,-157.0,-157.0,-157.0,-157.0,-157.0,-155.0,-155.0,-155.5,-156.0,-151.0,-155.5,-148.0,-157.0,-156.0,-156.5,-157.0,-157.0,-157.0,-154.0,-152.0,-154.0,-154.5,-149.0,-154.0,-142.0,-142.0,-154.0,-156.5,-151.5,-155.5,-152.0,-157.0,-154.5,-153.5,-156.5,-146.5,-147.5,-157.0,-157.0,-151.0,-157.0,-151.5,-152.0,-153.0,-153.0,-148.5,-151.5,-155.0,-153.5,-152.5,-157.0,-157.0,-157.0,-154.5,-152.5,-157.0,-153.0,-151.0,-153.5,-152.0,-152.5,-157.0,-154.5,-150.5,-152.5,-157.0,-150.5,-138.5,-131.0,-136.0,-156.0,-154.0,-153.0,-150.5,-157.0,-155.5,-153.0,-153.0,-152.5,-153.5,-156.5,-151.0,-153.0,-152.5,-154.5,-156.0,-157.0,-152.0,-150.0,-153.5,-156.0,-153.5,-157.0,-153.5,-154.0,-153.0,-150.0,-155.5,-154.5,-152.5,-153.5,-152.5,-153.5,-154.5,-156.0,-149.5,-149.5,-154.5,-152.0,-156.5,-157.0,-154.0,-150.5,-156.0,-152.5,-152.5,-157.0,-154.0,-150.5,-150.5,-148.5,-147.0,-153.0,-156.5,-155.0,-156.0,-157.0,-157.0,-155.5,-155.5,-150.5,-156.5,-151.0,-153.0,-148.5,-155.5,-153.0,-151.5,-151.0,-151.5,-157.0,-157.0,-157.0,-157.0,-156.0,-155.0,-155.5,-154.0,-152.5,-149.5,-155.5,-152.0,-151.5,-154.0,-153.5,-152.5,-145.5,-146.5,-149.0,-153.5,-153.5,-154.5,-155.0,-157.0,-157.0,-157.0,-155.0,-147.5,-147.5,-149.5,-154.5,-151.0,-152.5,-155.0,-153.0,-150.5,-156.0,-157.0,-154.0,-154.0,-149.0,-149.0,-153.5,-155.5,-151.0,-149.5,-154.5,-157.0,-157.0,-156.0,-154.0,-152.5,-152.5,-157.0,-152.5,-151.0,-153.0,-154.5,-155.0,-153.5,-154.0,-157.0,-157.0,-157.0,-156.0,-156.5,-157.0,-155.5,-156.0,-157.0,-157.0,-157.0,-150.0,-155.5,-149.0,-150.5,-149.5,-150.5,-155.0,-156.0,-153.0,-152.5,-156.5,-153.0,-151.5,-157.0,-153.5,-156.5,-154.0,-156.5,-153.5,-155.5,-155.5,-156.0,-153.5,-157.0,-155.5,-155.0,-154.5,-147.0,-149.0,-156.5,-155.5,-150.5,-157.0,-153.0,-152.0,-156.0,-156.5,-157.0,-154.0,-152.0,-154.0,-151.5,-157.0,-157.0,-157.0,-157.0,-153.0,-151.0,-155.5
2026-01-16 16:42:28.283,143.050000,5,-77,-157.0,-157.0,-156.5,-155.5,-157.0,-157.0,-157.0,-153.0,-155.5,-157.0,-154.0,-157.0,-157.0,-156.0,-152.0,-147.5,-149.0,-150.0,-157.0,-153.0,-149.0,-150.5,-150.0,-151.0,-153.5,-147.5,-150.0,-153.5,-148.0,-146.0,-148.5,-157.0,-157.0,-157.0,-157.0,-155.0,-155.5,-157.0,-151.5,-157.0,-157.0,-149.5,-150.5,-153.0,-152.5,-154.0,-153.0,-149.5,-149.5,-157.0,-157.0,-156.0,-152.0,-157.0,-154.5,-157.0,-157.0,-156.0,-154.0,-157.0,-157.0,-157.0,-155.5,-152.0,-156.5,-156.0,-148.0,-150.0,-157.0,-154.0,-151.0,-152.5,-151.5,-149.0,-150.0,-155.0,-152.0,-157.0,-152.5,-153.0,-157.0,-157.0,-157.0,-150.5,-152.5,-152.5,-149.5,-151.0,-152.5,-152.5,-157.0,-157.0,-157.0,-152.5,-151.5,-151.0,-150.0,-152.5,-157.0,-153.5,-149.5,-149.5,-147.5,-150.5,-154.0,-153.5,-157.0,-152.5,-153.0,-153.0,-155.5,-157.0,-157.0,-153.0,-155.0,-151.0,-155.5,-155.5,-157.0,-152.5,-157.0,-148.5,-157.0,-152.0,-155.0,-153.0,-152.0,-154.0,-153.5,-152.0,-154.5,-151.0,-157.0,-153.5,-155.0,-155.0,-157.0,-157.0,-157.0,-149.5,-149.5,-153.5,-153.5,-153.5,-150.0,-157.0,-157.0,-157.0,-157.0,-156.0,-157.0,-156.5,-157.0,-157.0,-153.5,-151.5,-157.0,-156.5,-156.0,-150.0,-152.0,-157.0,-154.5,-152.5,-157.0,-156.5,-153.0,-156.5,-157.0,-157.0,-154.0,-157.0,-150.5,-153.0,-150.0,-150.5,-153.0,-157.0,-154.5,-152.0,-156.0,-150.5,-149.5,-152.5,-149.5,-149.0,-157.0,-157.0,-152.0,-157.0,-150.5,-150.0,-153.5,-155.5,-157.0,-157.0,-157.0,-157.0,-157.0,-157.0,-157.0,-152.0,-157.0,-151.0,-155.5,-157.0,-152.0,-150.0,-155.0,-157.0,-157.0,-157.0,-154.5,-157.0,-157.0,-155.5,-154.0,-155.0,-155.0,-152.5,-152.5,-157.0,-157.0,-155.0,-151.5,-147.5,-152.5,-157.0,-156.5,-154.0,-157.0,-157.0,-155.5,-151.5,-151.5,-157.0,-153.5,-151.5,-141.0,-141.5,-157.0,-157.0,-150.5,-153.5,-149.0,-157.0,-157.0,-157.0,-156.5,-147.5,-148.0,-157.0,-153.0,-151.0,-156.5,-149.5,-148.5,-150.5,-157.0,-149.0,-155.5,-157.0,-157.0,-157.0,-157.0,-157.0,-151.5,-153.0,-153.5,-151.0,-153.5,-147.5,-147.5,-152.0,-151.5,-157.0,-149.0,-152.0,-152.0,-157.0,-149.5,-134.0,-131.0,-141.5,-151.0,-152.5,-153.5,-153.0,-151.0,-155.5,-155.0,-152.0,-151.5,-157.0,-154.0,-148.5,-150.0,-151.5,-155.5,-155.0,-155.0,-148.5,-146.5,-151.5,-154.5,-157.0,-157.0,-152.0,-152.0,-150.5,-149.0,-156.5,-150.5,-152.5,-150.5,-150.5,-155.5,-154.5,-153.5,-153.5,-153.5,-157.0,-154.0,-157.0,-157.0,-152.0,-152.5,-150.5,-153.5,-150.5,-153.0,-154.5,-152.5,-155.0,-147.5,-148.0,-157.0,-154.5,-151.5,-151.5,-157.0,-157.0,-152.5,-157.0,-150.0,-152.0,-149.5,-157.0,-154.5,-155.5,-157.0,-151.5,-152.0,-152.5,-155.0,-154.5,-157.0,-157.0,-157.0,-156.0,-152.5,-149.5,-155.5,-152.0,-155.5,-155.0,-154.0,-151.5,-154.0,-155.5,-150.0,-149.0,-147.5,-157.0,-157.0,-155.5,-153.0,-157.0,-157.0,-157.0,-156.0,-148.0,-148.5,-149.0,-148.0,-155.0,-157.0,-157.0,-152.0,-149.0,-157.0,-157.0,-154.0,-148.5,-150.5,-155.0,-154.5,-157.0,-156.5,-153.5,-157.0,-156.0,-152.0,-152.5,-151.0,-152.0,-155.5,-153.5,-150.5,-151.5,-151.5,-149.0,-149.0,-154.0,-155.5,-157.0,-157.0,-157.0,-157.0,-157.0,-157.0,-154.0,-157.0,-157.0,-157.0,-156.0,-150.0,-152.5,-150.0,-155.5,-150.0,-151.0,-155.5,-153.0,-152.5,-153.5,-154.0,-157.0,-152.0,-157.0,-154.5,-157.0,-157.0,-157.0,-155.5,-157.0,-155.0,-156.0,-150.5,-152.5,-157.0,-156.0,-149.5,-146.0,-145.5,-149.0,-155.5,-149.5,-157.0,-157.0,-155.0,-157.0,-156.0,-155.5,-150.0,-148.5,-152.5,-152.5,-154.0,-153.0,-155.5,-155.5,-157.0,-155.0,-152.0
2026-01-16 16:42:28.318,143.050000,5,-77,-157.0,-157.0,-157.0,-157.0,-157.0,-157.0,-157.0,-157.0,-157.0,-154.5,-151.5,-153.5,-152.5,-152.5,-150.5,-149.5,-150.0,-149.0,-151.5,-150.5,-150.0,-152.0,-148.5,-150.0,-151.0,-150.0,-156.0,-157.0,-147.5,-147.0,-150.0,-157.0,-157.0,-154.5,-155.5,-155.0,-152.5,-155.5,-150.5,-152.0,-157.0,-152.5,-152.0,-154.0,-152.0,-148.5,-151.5,-157.0,-155.5,-157.0,-157.0,-157.0,-154.5,-157.0,-154.0,-155.0,-155.5,-157.0,-154.5,-157.0,-151.0,-151.5,-157.0,-150.0,-149.0,-154.0,-150.0,-155.0,-157.0,-151.5,-146.0,-147.5,-156.5,-147.0,-151.0,-156.0,-155.0,-157.0,-154.0,-154.0,-156.5,-155.5,-157.0,-150.0,-149.5,-157.0,-152.0,-153.5,-154.5,-155.0,-157.0,-157.0,-152.5,-155.0,-151.0,-152.0,-154.5,-151.5,-156.0,-153.5,-149.0,-148.0,-147.5,-151.5,-149.0,-149.5,-154.5,-157.0,-156.5,-153.5,-157.0,-157.0,-157.0,-150.5,-151.0,-154.5,-154.0,-152.5,-157.0,-155.5,-156.5,-149.5,-154.5,-156.0,-152.0,-155.0,-154.0,-155.5,-153.0,-152.5,-154.0,-148.5,-152.5,-153.0,-157.0,-155.0,-157.0,-157.0,-155.0,-151.0,-155.0,-157.0,-157.0,-151.5,-148.5,-153.0,-154.5,-155.0,-157.0,-153.0,-156.0,-153.0,-157.0,-156.5,-157.0,-152.5,-157.0,-157.0,-157.0,-150.0,-150.0,-151.5,-151.5,-150.0,-152.5,-157.0,-154.0,-157.0,-156.5,-157.0,-154.5,-154.5,-150.5,-149.5,-147.5,-151.5,-156.0,-157.0,-157.0,-157.0,-155.5,-148.0,-152.5,-153.5,-150.0,-150.0,-155.0,-154.0,-151.5,-156.5,-150.5,-150.0,-155.0,-155.5,-157.0,-157.0,-157.0,-157.0,-157.0,-157.0,-157.0,-153.0,-154.0,-148.0,-152.5,-155.0,-157.0,-156.0,-157.0,-154.0,-157.0,-157.0,-155.5,-157.0,-157.0,-153.5,-150.5,-156.0,-155.0,-151.0,-152.0,-157.0,-157.0,-157.0,-157.0,-148.5,-148.5,-156.5,-153.0,-151.5,-157.0,-153.5,-153.5,-157.0,-153.5,-155.5,-156.0,-154.0,-144.5,-142.0,-157.0,-155.0,-147.5,-146.5,-149.0,-155.0,-157.0,-157.0,-155.0,-155.0,-155.0,-157.0,-155.0,-155.5,-154.0,-151.0,-149.5,-148.5,-153.5,-150.5,-154.0,-157.0,-157.0,-157.0,-153.5,-154.0,-150.5,-151.5,-157.0,-151.0,-156.0,-153.0,-148.0,-155.0,-155.5,-157.0,-150.0,-156.0,-154.5,-157.0,-141.5,-131.0,-132.0,-148.5,-153.5,-152.5,-154.0,-153.0,-149.0,-155.0,-156.0,-157.0,-153.5,-152.0,-150.0,-150.5,-153.5,-155.5,-151.5,-148.5,-150.0,-147.5,-148.0,-151.5,-154.5,-156.5,-153.0,-150.0,-151.5,-151.0,-151.0,-157.0,-151.5,-150.5,-149.5,-149.5,-149.5,-154.0,-157.0,-157.0,-157.0,-157.0,-155.5,-153.5,-157.0,-151.5,-149.5,-149.5,-152.5,-150.0,-156.5,-153.0,-150.5,-153.0,-152.0,-150.5,-157.0,-157.0,-153.0,-151.5,-152.0,-154.0,-153.0,-152.0,-151.0,-151.5,-150.0,-157.0,-157.0,-157.0,-157.0,-157.0,-154.0,-152.5,-152.0,-150.5,-157.0,-157.0,-157.0,-157.0,-150.0,-150.5,-157.0,-153.0,-154.0,-157.0,-157.0,-154.5,-151.0,-151.0,-157.0,-154.0,-151.0,-157.0,-157.0,-155.0,-150.5,-151.5,-154.5,-152.5,-152.0,-154.5,-153.5,-152.5,-148.5,-155.0,-157.0,-157.0,-157.0,-150.5,-153.5,-157.0,-157.0,-148.5,-151.0,-156.0,-155.0,-155.5,-157.0,-156.5,-153.5,-150.5,-148.5,-152.0,-152.0,-151.5,-156.0,-152.5,-150.5,-150.5,-157.0,-150.5,-151.0,-157.0,-157.0,-156.0,-157.0,-157.0,-157.0,-156.0,-157.0,-152.5,-153.0,-157.0,-157.0,-151.5,-153.0,-148.0,-148.5,-154.0,-152.5,-157.0,-155.0,-155.5,-156.5,-153.0,-151.0,-155.5,-152.5,-154.5,-156.5,-156.0,-157.0,-157.0,-157.0,-152.5,-150.0,-153.5,-151.5,-152.5,-157.0,-152.5,-155.0,-153.5,-149.5,-148.5,-155.0,-147.5,-151.0,-153.5,-152.0,-157.0,-157.0,-157.0,-149.0,-148.0,-152.5,-157.0,-153.5,-156.0,-153.0,-153.0,-157.0,-157.0,-151.0
2026-01-16 16:42:28.349,143.050000,5,-77,-157.0,-157.0,-154.0,-153.5,-157.0,-155.5,-156.0,-157.0,-157.0,-150.5,-151.0,-155.0,-151.5,-154.5,-154.0,-157.0,-156.0,-154.0,-152.5,-148.0,-151.5,-157.0,-153.5,-150.0,-153.5,-153.5,-157.0,-157.0,-151.5,-154.5,-156.0,-157.0,-157.0,-151.5,-151.0,-154.5,-151.5,-152.5,-150.5,-151.0,-152.5,-151.0,-151.0,-154.0,-157.0,-149.5,-154.0,-157.0,-157.0,-157.0,-157.0,-153.5,-153.5,-157.0,-154.0,-153.5,-157.0,-157.0,-156.5,-157.0,-148.0,-147.0,-157.0,-152.0,-150.5,-150.0,-152.5,-152.5,-156.0,-150.5,-147.0,-148.0,-151.5,-151.0,-150.5,-150.5,-157.0,-157.0,-155.5,-157.0,-155.5,-157.0,-157.0,-151.0,-150.0,-157.0,-154.0,-156.0,-157.0,-155.5,-157.0,-153.5,-151.5,-155.0,-157.0,-157.0,-157.0,-151.5,-153.0,-157.0,-153.5,-154.5,-151.0,-150.0,-152.0,-148.5,-150.0,-157.0,-157.0,-152.0,-152.0,-157.0,-155.5,-150.5,-156.5,-157.0,-151.5,-154.5,-156.5,-157.0,-157.0,-151.0,-154.5,-149.5,-149.5,-157.0,-156.5,-157.0,-157.0,-157.0,-157.0,-147.0,-150.0,-148.5,-151.0,-154.0,-157.0,-157.0,-154.0,-153.5,-157.0,-151.5,-151.0,-154.0,-153.0,-153.0,-154.5,-154.0,-157.0,-151.5,-152.5,-151.5,-151.0,-154.0,-157.0,-151.0,-153.0,-157.0,-151.0,-149.5,-149.5,-150.0,-146.5,-145.5,-149.5,-157.0,-152.0,-150.5,-157.0,-155.5,-155.0,-157.0,-148.0,-150.0,-150.0,-151.5,-157.0,-157.0,-155.5,-154.5,-156.0,-147.5,-150.5,-151.5,-150.0,-149.0,-155.5,-152.5,-155.0,-153.0,-152.0,-151.5,-156.0,-155.0,-157.0,-157.0,-157.0,-157.0,-157.0,-157.0,-154.5,-151.0,-153.5,-148.0,-154.5,-148.5,-150.5,-157.0,-157.0,-153.0,-156.5,-156.5,-154.0,-151.5,-153.0,-155.0,-150.0,-157.0,-157.0,-156.0,-155.5,-156.5,-157.0,-157.0,-157.0,-152.0,-147.5,-150.0,-155.5,-151.5,-154.0,-153.0,-157.0,-157.0,-152.0,-155.0,-155.5,-157.0,-148.5,-142.0,-148.5,-150.5,-147.5,-148.5,-150.5,-152.5,-156.0,-155.0,-156.0,-156.5,-153.5,-153.5,-157.0,-157.0,-154.0,-154.5,-152.0,-152.5,-155.0,-154.0,-155.0,-157.0,-157.0,-157.0,-155.0,-154.5,-152.5,-156.5,-157.0,-151.0,-157.0,-156.5,-149.0,-155.0,-154.0,-151.0,-154.5,-157.0,-155.5,-157.0,-136.5,-130.5,-135.5,-157.0,-157.0,-155.5,-157.0,-153.5,-150.5,-157.0,-157.0,-157.0,-152.0,-153.0,-151.5,-156.5,-155.5,-157.0,-154.5,-147.0,-146.0,-147.5,-150.5,-157.0,-152.5,-151.5,-150.5,-148.0,-151.0,-156.5,-157.0,-156.5,-150.5,-150.0,-153.5,-153.0,-151.5,-154.0,-157.0,-157.0,-155.5,-157.0,-157.0,-156.5,-157.0,-154.0,-146.0,-149.0,-152.0,-153.0,-157.0,-153.0,-148.0,-147.5,-157.0,-152.0,-157.0,-155.0,-156.0,-154.5,-155.5,-157.0,-157.0,-150.0,-151.0,-157.0,-152.0,-157.0,-152.5,-154.5,-155.0,-154.0,-151.5,-155.0,-154.5,-151.5,-156.5,-157.0,-157.0,-155.0,-152.0,-153.5,-154.0,-150.5,-150.5,-157.0,-154.0,-157.0,-154.0,-152.5,-154.0,-151.5,-154.5,-157.0,-153.5,-153.5,-149.0,-150.0,-152.0,-154.5,-151.0,-157.0,-157.0,-157.0,-149.0,-151.5,-157.0,-157.0,-157.0,-153.0,-153.5,-157.0,-156.5,-152.0,-157.0,-155.5,-154.0,-155.5,-157.0,-152.0,-150.0,-153.0,-149.0,-157.0,-155.0,-153.5,-156.0,-150.5,-148.0,-147.0,-152.5,-156.0,-153.0,-156.0,-154.5,-151.5,-157.0,-156.0,-157.0,-157.0,-157.0,-155.0,-154.5,-155.0,-154.5,-156.0,-154.5,-148.0,-150.0,-154.0,-156.0,-157.0,-157.0,-157.0,-155.0,-151.0,-156.0,-155.0,-155.5,-155.5,-157.0,-157.0,-155.5,-157.0,-157.0,-150.0,-149.0,-151.5,-157.0,-157.0,-157.0,-151.5,-157.0,-157.0,-156.5,-149.0,-151.5,-148.5,-148.0,-151.5,-149.5,-157.0,-157.0,-157.0,-157.0,-154.5,-150.5,-157.0,-157.0,-154.5,-151.5,-153.5,-154.5,-155.0,-149.5
2026-01-16 16:42:28.382,143.050000,5,-77,-157.0,-157.0,-151.5,-151.5,-152.0,-151.0,-154.5,-157.0,-157.0,-152.0,-150.0,-157.0,-153.5,-157.0,-157.0,-157.0,-154.5,-157.0,-153.0,-150.0,-153.0,-157.0,-157.0,-154.0,-157.0,-152.0,-152.0,-154.0,-152.5,-154.5,-152.5,-152.5,-155.5,-157.0,-153.5,-156.0,-156.0,-155.0,-154.5,-157.0,-155.0,-152.0,-150.0,-150.0,-155.5,-155.5,-153.5,-154.5,-157.0,-157.0,-155.5,-154.5,-151.0,-157.0,-157.0,-157.0,-153.0,-152.0,-157.0,-157.0,-148.0,-147.0,-155.5,-157.0,-157.0,-152.5,-154.0,-150.0,-156.5,-157.0,-156.5,-152.5,-153.0,-157.0,-148.5,-148.0,-152.0,-153.5,-157.0,-157.0,-152.0,-154.5,-155.5,-154.5,-155.5,-154.0,-151.0,-152.0,-156.0,-154.0,-153.0,-156.0,-154.5,-157.0,-157.0,-157.0,-157.0,-154.5,-154.5,-155.5,-155.5,-154.0,-152.0,-151.5,-157.0,-150.5,-149.0,-152.0,-154.0,-151.5,-150.0,-155.5,-149.0,-150.5,-157.0,-157.0,-152.5,-157.0,-157.0,-157.0,-157.0,-157.0,-152.5,-149.0,-152.5,-152.0,-152.0,-152.5,-157.0,-157.0,-156.5,-147.5,-153.0,-147.5,-146.5,-153.5,-155.0,-151.5,-152.5,-157.0,-157.0,-148.5,-146.5,-154.5,-157.0,-154.0,-156.5,-157.0,-157.0,-154.5,-155.5,-157.0,-147.0,-149.5,-155.0,-149.5,-152.0,-157.0,-147.0,-147.0,-150.5,-153.0,-149.0,-145.5,-151.0,-157.0,-150.5,-149.5,-156.5,-157.0,-155.5,-156.5,-147.5,-151.0,-154.0,-149.0,-150.0,-153.5,-150.5,-151.0,-153.5,-146.5,-146.0,-152.5,-153.5,-148.0,-155.0,-153.0,-157.0,-153.5,-153.5,-150.5,-149.5,-151.0,-154.0,-154.5,-151.5,-150.5,-154.5,-156.5,-157.0,-150.5,-149.5,-151.0,-153.0,-148.5,-149.5,-154.5,-157.0,-155.0,-157.0,-155.5,-157.0,-150.5,-152.5,-155.0,-150.5,-156.0,-157.0,-156.0,-155.0,-157.0,-157.0,-157.0,-157.0,-157.0,-150.0,-151.5,-157.0,-152.0,-155.0,-152.0,-156.0,-153.0,-151.5,-157.0,-156.0,-154.0,-142.0,-140.5,-156.5,-154.5,-151.0,-155.0,-151.0,-153.0,-151.5,-151.5,-157.0,-152.5,-151.0,-156.5,-157.0,-157.0,-153.5,-157.0,-152.0,-156.5,-157.0,-157.0,-156.0,-157.0,-154.5,-157.0,-154.0,-152.0,-152.0,-157.0,-157.0,-147.5,-148.0,-152.0,-148.0,-155.0,-148.5,-148.5,-157.0,-157.0,-155.5,-157.0,-133.0,-130.5,-142.0,-154.5,-152.0,-153.5,-157.0,-157.0,-151.0,-153.5,-156.0,-157.0,-151.0,-155.0,-152.0,-157.0,-154.0,-157.0,-157.0,-153.5,-147.0,-152.0,-148.5,-153.0,-150.5,-153.0,-154.5,-149.5,-157.0,-156.5,-157.0,-157.0,-150.0,-155.5,-152.0,-151.5,-154.5,-155.0,-157.0,-155.0,-153.0,-157.0,-153.5,-157.0,-155.0,-154.5,-148.0,-148.0,-154.5,-155.5,-157.0,-152.0,-146.5,-146.0,-149.5,-150.5,-156.0,-154.5,-157.0,-156.0,-157.0,-157.0,-157.0,-153.5,-151.0,-153.5,-152.0,-154.5,-152.0,-151.5,-157.0,-155.5,-152.0,-153.5,-154.0,-157.0,-156.5,-154.0,-156.0,-156.0,-155.0,-150.5,-155.0,-151.0,-151.0,-154.5,-151.0,-156.0,-156.0,-157.0,-152.0,-153.5,-153.5,-157.0,-152.0,-153.5,-149.5,-157.0,-155.0,-157.0,-154.0,-155.5,-157.0,-157.0,-151.0,-151.5,-157.0,-154.0,-157.0,-157.0,-157.0,-157.0,-156.0,-151.0,-156.5,-152.5,-151.5,-157.0,-157.0,-152.5,-152.0,-152.0,-155.0,-157.0,-156.5,-157.0,-157.0,-155.5,-152.0,-150.5,-150.0,-153.5,-151.5,-157.0,-150.5,-149.5,-154.0,-153.0,-155.5,-154.0,-154.5,-157.0,-157.0,-157.0,-151.5,-157.0,-156.5,-153.0,-155.0,-155.5,-157.0,-157.0,-154.0,-155.0,-150.0,-148.5,-157.0,-154.5,-155.0,-157.0,-157.0,-156.0,-154.5,-156.5,-149.0,-148.0,-152.5,-154.5,-157.0,-157.0,-157.0,-150.5,-157.0,-157.0,-157.0,-149.0,-150.5,-155.5,-150.5,-153.0,-151.0,-157.0,-157.0,-157.0,-157.0,-156.5,-148.0,-149.5,-155.0,-150.0,-150.0,-152.0,-157.0,-156.0,-152.0
2026-01-16 16:42:28.415,143.050000,5,-77,-157.0,-157.0,-156.0,-156.5,-152.0,-148.5,-150.0,-155.5,-153.5,-155.0,-150.0,-153.0,-153.0,-157.0,-156.0,-157.0,-153.5,-157.0,-157.0,-154.5,-156.5,-155.0,-157.0,-154.5,-157.0,-152.0,-154.0,-154.5,-154.5,-157.0,-153.0,-149.5,-149.5,-154.5,-152.0,-153.0,-157.0,-152.5,-151.0,-157.0,-157.0,-157.0,-157.0,-154.0,-157.0,-153.0,-151.0,-155.0,-150.5,-150.0,-153.0,-151.5,-150.0,-155.0,-157.0,-157.0,-152.5,-150.0,-151.0,-153.0,-153.0,-150.0,-156.0,-157.0,-155.0,-157.0,-153.5,-152.5,-155.5,-157.0,-157.0,-157.0,-156.5,-157.0,-150.5,-151.0,-151.5,-154.0,-157.0,-152.5,-151.0,-151.0,-154.5,-157.0,-157.0,-157.0,-154.5,-152.5,-152.5,-153.5,-154.0,-156.5,-155.5,-157.0,-157.0,-157.0,-157.0,-157.0,-154.5,-153.0,-157.0,-149.0,-149.5,-157.0,-157.0,-153.0,-151.0,-148.5,-150.5,-157.0,-154.0,-153.0,-149.5,-155.0,-157.0,-157.0,-152.0,-157.0,-156.5,-155.5,-157.0,-157.0,-151.0,-150.5,-152.5,-150.5,-154.0,-156.0,-156.0,-157.0,-157.0,-148.5,-151.0,-149.0,-145.5,-157.0,-150.5,-149.5,-150.5,-157.0,-157.0,-149.5,-147.5,-154.5,-157.0,-156.0,-157.0,-156.0,-153.0,-157.0,-153.5,-152.0,-145.5,-148.5,-151.5,-152.0,-154.0,-157.0,-147.5,-148.5,-153.5,-156.0,-153.0,-146.5,-149.5,-156.5,-153.0,-152.0,-155.0,-157.0,-155.5,-155.5,-150.5,-154.0,-155.0,-148.0,-151.5,-157.0,-150.5,-151.0,-154.5,-149.5,-148.5,-152.0,-148.5,-146.0,-157.0,-156.5,-153.0,-152.0,-154.5,-152.5,-146.5,-149.0,-153.5,-148.5,-148.0,-147.5,-149.5,-152.5,-157.0,-150.0,-148.5,-157.0,-154.0,-153.0,-155.0,-154.5,-157.0,-156.5,-155.5,-157.0,-157.0,-151.5,-154.5,-155.0,-150.0,-153.0,-152.5,-152.0,-152.5,-157.0,-157.0,-155.5,-157.0,-157.0,-153.0,-152.0,-152.0,-151.0,-153.5,-149.0,-151.0,-154.0,-155.5,-157.0,-155.0,-155.0,-141.5,-140.0,-156.0,-157.0,-152.0,-152.5,-153.0,-157.0,-157.0,-152.0,-157.0,-153.0,-151.0,-155.5,-157.0,-152.5,-153.0,-152.0,-154.5,-153.5,-153.5,-157.0,-157.0,-156.5,-156.5,-151.0,-150.0,-153.0,-157.0,-157.0,-153.5,-144.5,-145.0,-155.5,-149.0,-156.0,-152.0,-148.5,-157.0,-155.5,-157.0,-144.0,-131.0,-132.0,-149.5,-152.0,-150.0,-154.0,-157.0,-155.5,-150.0,-150.5,-156.0,-157.0,-152.5,-155.5,-150.5,-151.5,-155.5,-157.0,-154.5,-156.0,-151.0,-151.0,-147.5,-151.0,-151.5,-152.0,-149.5,-154.5,-157.0,-157.0,-157.0,-153.5,-150.0,-153.5,-150.5,-151.5,-153.5,-157.0,-156.0,-153.5,-154.5,-154.0,-150.5,-150.5,-153.5,-156.0,-153.0,-151.5,-154.0,-152.5,-157.0,-154.0,-149.0,-152.5,-149.5,-153.0,-153.5,-157.0,-157.0,-156.5,-156.0,-156.0,-152.5,-157.0,-154.0,-152.0,-150.5,-154.0,-150.5,-148.5,-152.0,-157.0,-155.0,-155.5,-151.0,-157.0,-157.0,-151.0,-153.5,-157.0,-151.0,-148.5,-155.5,-150.5,-151.5,-157.0,-151.5,-153.0,-152.5,-157.0,-153.0,-154.5,-152.5,-157.0,-149.5,-152.5,-150.5,-153.0,-157.0,-157.0,-157.0,-157.0,-156.5,-156.0,-151.0,-151.5,-157.0,-154.0,-157.0,-157.0,-157.0,-157.0,-157.0,-151.0,-154.5,-153.5,-153.0,-156.0,-157.0,-153.0,-157.0,-151.5,-156.5,-157.0,-157.0,-157.0,-157.0,-157.0,-157.0,-157.0,-154.5,-154.5,-152.0,-150.5,-149.5,-153.0,-157.0,-155.5,-152.5,-150.0,-155.5,-157.0,-156.0,-155.5,-150.0,-150.0,-155.5,-156.0,-153.5,-153.0,-157.0,-155.5,-152.0,-150.5,-149.0,-152.0,-157.0,-154.5,-152.0,-157.0,-157.0,-157.0,-157.0,-156.5,-148.0,-147.5,-154.0,-154.5,-155.5,-150.5,-147.5,-148.0,-157.0,-157.0,-157.0,-152.5,-157.0,-157.0,-152.5,-153.5,-157.0,-157.0,-157.0,-157.0,-155.5,-153.5,-150.5,-152.0,-152.5,-151.5,-154.5,-150.0,-149.5,-156.5,-154.0
2026-01-16 16:42:28.452,143.050000,5,-77,-157.0,-157.0,-157.0,-157.0,-157.0,-148.0,-149.0,-153.0,-151.5,-153.0,-152.5,-154.0,-154.5,-157.0,-154.0,-156.5,-154.5,-157.0,-156.5,-152.5,-152.0,-150.5,-156.0,-152.5,-155.0,-154.0,-157.0,-157.0,-157.0,-157.0,-154.0,-149.5,-148.5,-148.5,-148.0,-154.5,-157.0,-150.5,-149.5,-154.5,-157.0,-157.0,-157.0,-156.5,-157.0,-149.5,-150.5,-157.0,-149.5,-147.5,-155.0,-153.5,-152.0,-151.0,-155.0,-154.5,-156.5,-153.0,-147.5,-153.0,-154.0,-151.0,-154.0,-155.5,-150.0,-151.0,-157.0,-157.0,-155.5,-155.0,-157.0,-157.0,-157.0,-155.5,-155.0,-154.5,-156.0,-153.0,-157.0,-153.0,-152.5,-151.5,-153.5,-157.0,-154.5,-153.0,-157.0,-157.0,-155.5,-157.0,-155.0,-152.5,-154.0,-153.5,-155.5,-157.0,-157.0,-157.0,-153.5,-151.0,-157.0,-149.5,-152.5,-157.0,-153.0,-152.5,-152.5,-147.5,-150.5,-157.0,-155.5,-154.0,-152.5,-153.5,-152.5,-152.5,-152.5,-155.5,-152.0,-151.5,-157.0,-157.0,-149.0,-151.0,-153.5,-151.5,-157.0,-157.0,-157.0,-157.0,-157.0,-150.5,-153.5,-147.5,-147.0,-150.5,-150.0,-156.5,-152.5,-157.0,-154.5,-156.5,-152.0,-151.0,-152.5,-155.5,-157.0,-152.0,-152.0,-155.5,-150.0,-151.5,-148.5,-153.0,-151.0,-149.0,-156.0,-157.0,-152.5,-154.0,-152.5,-157.0,-154.5,-148.5,-154.0,-157.0,-157.0,-155.5,-153.0,-156.0,-154.5,-157.0,-152.0,-153.0,-149.0,-147.0,-149.5,-152.0,-150.0,-151.5,-157.0,-153.0,-151.5,-155.0,-147.0,-145.0,-156.0,-157.0,-152.5,-154.0,-152.0,-151.5,-147.5,-152.0,-154.5,-148.5,-154.0,-152.0,-152.0,-157.0,-157.0,-153.5,-151.0,-157.0,-157.0,-157.0,-157.0,-151.5,-157.0,-154.0,-154.5,-155.5,-157.0,-154.5,-153.5,-153.5,-151.0,-157.0,-151.0,-156.5,-150.0,-153.5,-157.0,-154.0,-156.5,-150.0,-156.0,-151.0,-153.0,-151.0,-153.0,-150.5,-155.0,-153.5,-157.0,-157.0,-153.5,-152.5,-145.0,-141.0,-153.0,-157.0,-152.5,-155.5,-153.0,-157.0,-155.0,-148.0,-151.0,-157.0,-151.0,-151.5,-151.5,-153.5,-153.5,-152.0,-155.0,-153.0,-151.0,-153.5,-153.5,-155.5,-157.0,-153.5,-151.5,-157.0,-157.0,-157.0,-150.5,-145.5,-147.5,-150.0,-152.0,-156.5,-152.0,-149.5,-152.0,-155.5,-157.0,-137.0,-131.0,-136.0,-157.0,-155.5,-154.5,-156.0,-157.0,-153.5,-156.0,-155.5,-156.0,-157.0,-155.0,-157.0,-151.5,-157.0,-157.0,-157.0,-153.5,-152.0,-154.5,-151.5,-153.5,-154.0,-153.5,-150.0,-148.5,-154.0,-155.5,-157.0,-157.0,-152.5,-149.5,-154.0,-152.5,-153.5,-151.5,-153.0,-152.5,-152.0,-153.5,-154.5,-155.0,-148.5,-150.5,-153.0,-153.5,-155.5,-151.5,-151.5,-157.0,-155.5,-157.0,-154.5,-152.5,-151.0,-150.5,-157.0,-157.0,-157.0,-155.0,-155.0,-148.5,-150.0,-151.0,-147.5,-148.5,-157.0,-150.0,-149.5,-150.0,-154.0,-157.0,-151.5,-150.0,-157.0,-157.0,-152.0,-151.0,-153.5,-147.0,-146.5,-157.0,-151.5,-151.5,-157.0,-155.5,-154.5,-154.0,-156.5,-157.0,-151.5,-155.0,-157.0,-148.0,-149.5,-153.5,-156.0,-156.0,-154.0,-152.5,-156.5,-154.0,-152.0,-148.5,-157.0,-157.0,-156.5,-157.0,-157.0,-154.0,-155.5,-157.0,-157.0,-155.5,-153.0,-156.0,-157.0,-154.0,-150.0,-157.0,-152.0,-152.0,-157.0,-157.0,-156.0,-154.5,-156.0,-157.0,-157.0,-157.0,-157.0,-151.0,-147.5,-148.5,-156.5,-156.0,-153.0,-152.5,-150.5,-157.0,-157.0,-157.0,-154.5,-153.5,-151.5,-154.0,-154.5,-154.5,-151.0,-156.5,-156.0,-154.0,-150.0,-151.0,-157.0,-157.0,-157.0,-153.0,-157.0,-157.0,-157.0,-157.0,-157.0,-152.0,-150.0,-157.0,-156.5,-157.0,-153.0,-147.0,-149.0,-155.0,-157.0,-154.5,-154.5,-157.0,-154.0,-150.5,-154.0,-157.0,-157.0,-157.0,-157.0,-156.5,-157.0,-155.5,-157.0,-157.0,-157.0,-156.5,-148.5,-147.5,-150.0,-155.0
2026-01-16 16:42:28.486,143.050000,5,-77,-157.0,-157.0,-157.0,-152.5,-155.5,-152.0,-151.5,-153.0,-154.0,-157.0,-154.5,-157.0,-157.0,-153.5,-154.0,-157.0,-157.0,-154.5,-153.0,-149.5,-151.0,-148.0,-156.0,-153.5,-156.0,-157.0,-157.0,-157.0,-156.0,-153.5,-155.0,-150.0,-152.5,-151.5,-150.0,-157.0,-155.5,-153.0,-154.5,-155.0,-154.0,-157.0,-157.0,-153.5,-151.0,-149.0,-154.5,-157.0,-157.0,-149.5,-154.5,-156.0,-156.0,-150.5,-154.0,-154.0,-154.0,-156.5,-150.5,-157.0,-148.0,-149.5,-154.5,-155.5,-149.0,-148.5,-155.5,-157.0,-154.0,-157.0,-157.0,-157.0,-157.0,-155.5,-155.0,-155.5,-157.0,-153.0,-157.0,-157.0,-152.0,-151.0,-153.5,-152.0,-151.5,-151.5,-154.5,-156.0,-157.0,-157.0,-152.0,-151.5,-157.0,-157.0,-152.5,-153.5,-154.5,-153.5,-150.5,-151.5,-156.5,-153.0,-157.0,-154.0,-149.5,-148.5,-151.0,-149.5,-153.5,-157.0,-155.0,-155.0,-153.0,-154.0,-150.5,-154.5,-151.5,-154.5,-154.0,-153.0,-151.5,-156.0,-148.5,-150.5,-157.0,-152.0,-153.5,-157.0,-157.0,-157.0,-154.5,-151.0,-149.5,-150.0,-154.5,-148.5,-150.5,-157.0,-151.5,-154.0,-151.5,-157.0,-154.0,-153.0,-153.0,-156.0,-157.0,-151.0,-154.5,-157.0,-149.5,-150.5,-151.5,-157.0,-152.5,-151.5,-152.5,-156.0,-153.5,-152.5,-151.5,-156.5,-152.5,-150.5,-157.0,-157.0,-154.0,-157.0,-153.5,-153.0,-154.5,-157.0,-151.5,-151.5,-156.0,-150.5,-150.0,-148.0,-152.5,-153.0,-157.0,-153.5,-153.5,-156.0,-146.5,-146.0,-156.0,-153.5,-153.5,-152.0,-148.0,-147.5,-151.0,-150.5,-152.5,-152.0,-155.5,-157.0,-154.0,-157.0,-154.5,-151.5,-150.5,-157.0,-157.0,-157.0,-154.0,-147.0,-151.0,-151.5,-153.5,-150.5,-155.5,-157.0,-154.5,-153.5,-152.5,-157.0,-151.5,-156.5,-149.5,-149.5,-156.0,-157.0,-151.0,-147.0,-151.0,-153.0,-157.0,-153.5,-151.0,-152.5,-156.5,-153.5,-156.5,-157.0,-153.0,-149.0,-146.5,-142.0,-157.0,-157.0,-154.0,-154.0,-150.5,-152.0,-149.0,-148.0,-150.5,-157.0,-152.5,-152.0,-150.0,-157.0,-153.0,-154.5,-154.5,-153.0,-151.0,-150.5,-150.5,-152.5,-155.0,-154.5,-156.0,-157.0,-157.0,-156.0,-149.0,-149.0,-148.0,-149.5,-157.0,-153.0,-153.5,-152.5,-150.5,-152.5,-155.0,-133.0,-131.0,-142.5,-157.0,-157.0,-157.0,-157.0,-157.0,-152.5,-157.0,-157.0,-157.0,-157.0,-155.5,-152.0,-149.5,-157.0,-157.0,-153.5,-155.0,-154.0,-150.5,-151.0,-157.0,-157.0,-151.5,-152.0,-152.5,-152.5,-153.5,-154.0,-154.5,-151.5,-151.5,-157.0,-154.5,-150.5,-153.5,-151.5,-153.0,-151.0,-150.5,-154.0,-157.0,-152.5,-151.5,-157.0,-154.5,-156.5,-150.0,-152.0,-155.0,-153.5,-157.0,-153.0,-152.5,-151.5,-152.5,-154.0,-157.0,-157.0,-154.5,-157.0,-149.5,-147.5,-149.5,-147.0,-147.0,-157.0,-155.0,-157.0,-156.0,-155.0,-157.0,-152.5,-152.5,-157.0,-155.5,-151.0,-148.5,-151.0,-150.5,-151.5,-156.5,-155.0,-155.0,-157.0,-157.0,-157.0,-153.5,-157.0,-157.0,-150.5,-154.5,-152.5,-152.0,-152.5,-153.0,-155.5,-154.0,-152.5,-152.0,-157.0,-154.0,-149.0,-145.5,-152.5,-155.0,-156.5,-156.5,-153.0,-156.5,-156.0,-157.0,-157.0,-156.5,-152.5,-152.0,-157.0,-154.0,-150.0,-157.0,-152.5,-152.0,-157.0,-157.0,-155.5,-151.0,-153.0,-156.5,-156.5,-157.0,-157.0,-154.0,-153.0,-152.0,-157.0,-153.5,-152.5,-154.0,-151.5,-157.0,-154.5,-157.0,-157.0,-157.0,-153.5,-155.0,-156.0,-150.5,-147.5,-154.5,-157.0,-153.0,-151.0,-152.0,-157.0,-157.0,-157.0,-157.0,-155.5,-157.0,-157.0,-157.0,-157.0,-157.0,-155.0,-157.0,-157.0,-157.0,-157.0,-153.0,-156.5,-154.0,-157.0,-153.5,-156.5,-155.0,-154.0,-149.5,-153.5,-157.0,-157.0,-154.0,-153.0,-155.0,-157.0,-156.0,-153.5,-157.0,-157.0,-157.0,-147.0,-150.5,-153.0,-157.0
2026-01-16 16:42:28.516,143.050000,5,-77,-157.0,-157.0,-151.5,-149.0,-150.0,-156.0,-155.0,-152.5,-153.0,-156.0,-155.5,-157.0,-157.0,-153.0,-155.0,-157.0,-156.0,-152.5,-157.0,-150.5,-152.0,-148.0,-151.0,-156.0,-156.0,-157.0,-154.5,-157.0,-155.5,-153.5,-157.0,-149.5,-149.5,-154.5,-157.0,-157.0,-154.5,-153.0,-154.0,-154.5,-152.0,-157.0,-157.0,-155.0,-152.0,-151.0,-154.0,-157.0,-157.0,-151.5,-157.0,-154.5,-154.0,-151.0,-157.0,-154.5,-154.5,-154.0,-152.0,-154.5,-149.5,-150.0,-155.0,-150.5,-150.5,-153.5,-157.0,-157.0,-152.5,-155.0,-154.0,-152.5,-152.0,-157.0,-154.5,-157.0,-153.0,-155.0,-157.0,-156.5,-148.5,-148.0,-157.0,-149.5,-150.0,-154.5,-157.0,-153.5,-157.0,-157.0,-154.0,-157.0,-157.0,-150.5,-148.0,-151.5,-157.0,-157.0,-151.0,-156.5,-157.0,-155.5,-157.0,-150.5,-149.5,-147.0,-153.0,-156.5,-157.0,-157.0,-157.0,-154.5,-150.5,-153.5,-152.0,-153.5,-151.5,-151.5,-157.0,-156.5,-153.5,-149.5,-149.0,-152.0,-155.0,-152.0,-157.0,-157.0,-156.0,-154.0,-153.0,-155.0,-148.5,-153.0,-157.0,-148.5,-150.0,-157.0,-150.5,-154.0,-150.5,-157.0,-154.0,-157.0,-156.0,-152.5,-152.0,-151.5,-154.5,-157.0,-150.5,-151.5,-151.5,-157.0,-156.5,-157.0,-152.0,-157.0,-150.0,-150.0,-155.5,-153.5,-152.0,-156.0,-157.0,-153.5,-149.0,-152.0,-154.5,-150.5,-154.0,-157.0,-156.5,-154.5,-157.0,-152.0,-155.5,-149.0,-151.5,-153.5,-153.5,-153.5,-157.0,-151.5,-149.5,-150.5,-157.0,-156.0,-157.0,-152.0,-150.0,-151.0,-155.0,-149.5,-153.0,-157.0,-156.0,-155.0,-157.0,-153.5,-156.0,-148.0,-148.5,-155.5,-152.5,-155.5,-156.0,-146.0,-153.0,-152.5,-155.0,-151.0,-152.0,-153.5,-153.5,-153.5,-154.5,-157.0,-152.0,-154.0,-153.0,-151.5,-157.0,-157.0,-157.0,-147.0,-150.0,-157.0,-155.5,-152.0,-151.5,-153.0,-155.0,-156.0,-157.0,-157.0,-154.0,-150.5,-144.0,-141.5,-155.5,-156.5,-156.5,-155.0,-151.0,-151.0,-151.5,-153.0,-150.0,-157.0,-154.5,-154.5,-152.5,-153.5,-153.0,-156.0,-157.0,-157.0,-156.0,-151.0,-155.0,-150.5,-155.0,-156.5,-157.0,-156.0,-155.0,-157.0,-153.5,-157.0,-152.0,-151.0,-157.0,-152.5,-156.0,-154.0,-151.0,-150.5,-143.0,-130.5,-132.0,-155.5,-153.5,-157.0,-154.0,-154.0,-152.5,-151.5,-153.5,-155.0,-155.5,-156.0,-157.0,-149.0,-149.5,-155.5,-154.5,-151.5,-156.5,-154.0,-153.5,-150.5,-153.5,-150.5,-150.0,-157.0,-157.0,-157.0,-152.0,-149.5,-152.5,-156.5,-157.0,-157.0,-154.0,-151.5,-157.0,-152.5,-156.0,-157.0,-153.0,-156.0,-152.5,-157.0,-155.0,-155.5,-156.5,-155.0,-153.0,-153.5,-157.0,-156.0,-157.0,-156.0,-153.5,-150.5,-155.0,-154.0,-157.0,-157.0,-153.0,-157.0,-155.5,-150.0,-152.5,-153.0,-148.5,-154.0,-157.0,-157.0,-157.0,-157.0,-155.5,-154.0,-156.5,-157.0,-152.5,-150.0,-149.5,-152.0,-157.0,-154.5,-157.0,-154.5,-154.0,-157.0,-155.5,-156.5,-151.5,-153.5,-157.0,-149.0,-154.5,-151.5,-154.5,-157.0,-154.0,-153.0,-157.0,-154.0,-153.5,-157.0,-155.5,-150.5,-144.0,-145.0,-152.0,-155.0,-155.0,-152.0,-157.0,-157.0,-157.0,-157.0,-155.5,-154.5,-151.5,-153.5,-157.0,-151.0,-157.0,-155.5,-152.5,-157.0,-157.0,-151.0,-149.0,-151.5,-157.0,-156.0,-157.0,-157.0,-156.0,-157.0,-155.0,-156.0,-155.0,-156.5,-156.5,-153.5,-155.0,-152.0,-156.5,-157.0,-157.0,-155.5,-152.5,-154.5,-147.5,-147.0,-156.5,-154.0,-150.0,-151.0,-154.0,-154.5,-157.0,-154.0,-154.0,-154.5,-157.0,-155.0,-152.0,-154.5,-154.5,-155.5,-157.0,-157.0,-157.0,-155.5,-157.0,-157.0,-151.0,-148.5,-151.0,-154.0,-152.5,-154.5,-152.0,-150.0,-155.0,-157.0,-149.5,-149.0,-155.5,-157.0,-157.0,-151.5,-155.0,-157.0,-157.0,-149.0,-150.0,-153.0,-157.0
2026-01-16 16:42:28.549,143.050000,5,-77,-157.0,-157.0,-150.5,-151.5,-151.5,-152.5,-150.0,-149.0,-153.0,-154.0,-157.0,-154.5,-153.5,-156.0,-157.0,-157.0,-157.0,-154.5,-152.0,-151.0,-156.5,-149.5,-153.0,-157.0,-152.0,-152.0,-153.0,-157.0,-157.0,-154.5,-156.0,-153.0,-151.5,-152.0,-154.0,-156.0,-154.5,-155.0,-153.5,-151.0,-149.0,-152.0,-157.0,-155.5,-157.0,-157.0,-154.0,-157.0,-157.0,-155.5,-156.5,-156.5,-153.5,-151.0,-153.5,-154.5,-157.0,-153.5,-152.0,-157.0,-157.0,-155.5,-152.5,-148.5,-149.5,-152.5,-156.5,-157.0,-155.0,-151.0,-152.0,-150.0,-151.0,-155.5,-155.5,-157.0,-153.5,-156.5,-156.0,-151.0,-151.0,-149.0,-154.0,-153.5,-155.5,-152.0,-155.5,-153.5,-155.0,-154.5,-154.0,-157.0,-155.0,-149.5,-146.0,-148.5,-156.5,-157.0,-153.0,-155.0,-157.0,-155.0,-155.0,-149.5,-155.0,-151.0,-154.5,-157.0,-156.5,-157.0,-157.0,-157.0,-150.0,-151.5,-157.0,-148.5,-147.5,-151.5,-157.0,-156.5,-156.5,-149.5,-151.0,-153.5,-148.5,-150.0,-157.0,-153.0,-157.0,-149.5,-149.5,-153.5,-152.0,-152.0,-153.0,-149.0,-150.5,-155.5,-153.0,-149.0,-149.5,-154.5,-153.0,-153.5,-153.0,-150.0,-147.5,-149.5,-151.5,-151.5,-150.5,-156.5,-153.0,-156.0,-157.0,-156.0,-154.5,-155.0,-152.5,-152.0,-156.0,-153.0,-155.0,-157.0,-157.0,-152.5,-148.5,-154.0,-152.0,-152.5,-153.0,-157.0,-157.0,-153.5,-156.5,-149.5,-152.0,-151.5,-152.0,-150.0,-150.0,-153.5,-157.0,-153.0,-156.5,-154.5,-157.0,-157.0,-156.0,-156.0,-155.5,-157.0,-157.0,-152.0,-153.0,-157.0,-154.0,-152.5,-154.0,-147.5,-148.0,-150.5,-150.5,-152.5,-152.5,-157.0,-157.0,-146.5,-150.5,-155.0,-153.5,-157.0,-154.5,-154.0,-156.0,-152.5,-154.0,-157.0,-152.0,-149.5,-154.0,-154.0,-157.0,-156.0,-157.0,-150.5,-151.5,-157.0,-157.0,-151.0,-156.5,-156.5,-155.0,-157.0,-157.0,-157.0,-156.0,-154.0,-142.5,-140.5,-153.5,-154.0,-157.0,-157.0,-154.5,-154.5,-153.5,-150.5,-149.5,-157.0,-154.5,-156.0,-152.5,-150.0,-154.0,-153.5,-157.0,-157.0,-153.5,-152.0,-156.5,-151.5,-156.5,-156.0,-157.0,-154.5,-152.5,-157.0,-156.5,-157.0,-157.0,-151.0,-151.5,-152.0,-156.0,-151.5,-150.0,-152.5,-136.5,-131.0,-136.0,-157.0,-151.0,-157.0,-156.5,-152.5,-154.5,-155.0,-155.0,-151.0,-151.0,-157.0,-157.0,-151.0,-152.5,-157.0,-154.0,-152.0,-150.5,-153.5,-157.0,-149.5,-150.5,-150.0,-152.5,-157.0,-157.0,-157.0,-155.5,-150.5,-155.0,-157.0,-152.0,-150.5,-153.0,-157.0,-157.0,-154.5,-156.5,-157.0,-154.0,-155.5,-154.0,-152.0,-151.5,-150.5,-149.5,-150.5,-157.0,-155.0,-156.0,-157.0,-157.0,-157.0,-154.5,-150.0,-153.0,-157.0,-157.0,-153.5,-151.5,-157.0,-157.0,-157.0,-156.5,-157.0,-151.0,-155.0,-152.5,-155.5,-157.0,-157.0,-152.5,-151.0,-155.5,-157.0,-157.0,-156.5,-157.0,-157.0,-157.0,-157.0,-157.0,-150.0,-149.5,-157.0,-157.0,-153.5,-154.5,-151.5,-155.5,-148.5,-151.5,-151.5,-155.0,-155.0,-156.5,-152.0,-157.0,-153.0,-155.5,-156.0,-157.0,-157.0,-147.5,-147.5,-156.5,-153.5,-154.0,-156.5,-153.0,-157.0,-157.0,-155.5,-153.0,-153.5,-153.5,-154.0,-152.0,-151.0,-156.0,-157.0,-154.0,-156.5,-157.0,-149.0,-147.5,-149.5,-157.0,-157.0,-152.5,-150.5,-151.0,-157.0,-155.5,-154.0,-157.0,-156.5,-152.5,-156.0,-152.0,-150.5,-153.5,-155.5,-157.0,-157.0,-153.0,-155.0,-150.5,-151.0,-157.0,-153.0,-151.0,-151.5,-151.0,-154.5,-157.0,-157.0,-154.0,-157.0,-157.0,-149.5,-151.0,-152.5,-156.5,-156.0,-156.0,-157.0,-156.5,-153.0,-155.0,-157.0,-150.0,-148.0,-148.5,-155.0,-154.0,-156.0,-151.5,-148.5,-153.5,-149.0,-148.0,-151.0,-157.0,-157.0,-156.5,-151.0,-152.5,-157.0,-156.0,-153.0,-155.5,-151.0,-157.0
2026-01-16 16:42:28.582,143.050000,5,-77,-157.0,-157.0,-152.5,-157.0,-155.5,-152.5,-147.0,-149.0,-157.0,-152.5,-155.5,-152.5,-151.5,-157.0,-157.0,-157.0,-157.0,-157.0,-156.0,-154.0,-152.5,-153.5,-157.0,-155.0,-151.0,-152.5,-152.5,-157.0,-152.5,-151.5,-153.0,-157.0,-155.0,-154.0,-153.0,-155.5,-156.5,-157.0,-154.0,-151.5,-149.5,-149.5,-156.5,-152.5,-156.0,-151.5,-153.5,-157.0,-157.0,-157.0,-155.5,-157.0,-157.0,-153.0,-152.0,-157.0,-157.0,-154.5,-152.0,-157.0,-157.0,-156.0,-150.5,-151.5,-149.5,-151.0,-154.0,-157.0,-157.0,-149.5,-154.0,-153.5,-153.0,-154.5,-153.5,-154.0,-153.5,-153.0,-154.0,-153.0,-155.5,-152.5,-153.5,-157.0,-155.0,-152.0,-153.5,-152.0,-153.5,-152.5,-153.5,-157.0,-156.5,-156.0,-149.0,-153.5,-157.0,-157.0,-153.5,-153.5,-154.0,-154.0,-151.0,-148.0,-157.0,-155.5,-157.0,-152.0,-150.5,-157.0,-154.5,-157.0,-154.0,-156.5,-157.0,-153.0,-146.0,-155.0,-157.0,-157.0,-150.5,-151.5,-156.5,-153.5,-149.0,-151.5,-154.0,-151.5,-157.0,-151.0,-147.5,-148.0,-151.5,-150.5,-151.0,-153.0,-157.0,-150.0,-152.5,-149.5,-152.0,-154.5,-153.0,-152.5,-154.0,-155.5,-149.5,-152.5,-151.5,-150.5,-151.0,-155.0,-156.5,-157.0,-157.0,-154.0,-157.0,-157.0,-154.0,-153.0,-157.0,-156.0,-154.0,-155.5,-157.0,-151.0,-149.5,-157.0,-152.0,-157.0,-156.5,-154.0,-156.5,-151.5,-154.0,-152.0,-156.5,-157.0,-157.0,-147.5,-147.5,-150.0,-157.0,-156.5,-152.0,-152.5,-157.0,-155.5,-154.5,-154.0,-156.5,-157.0,-157.0,-157.0,-153.5,-157.0,-152.5,-150.0,-149.0,-147.0,-145.5,-148.0,-153.0,-152.5,-152.5,-157.0,-157.0,-146.5,-148.5,-152.5,-147.5,-149.0,-149.5,-153.5,-156.5,-152.5,-157.0,-157.0,-154.0,-151.5,-157.0,-154.5,-156.0,-154.5,-157.0,-157.0,-153.0,-155.5,-153.5,-150.5,-154.5,-155.5,-154.0,-154.0,-156.0,-155.0,-153.5,-152.0,-145.0,-141.0,-148.5,-153.5,-155.5,-157.0,-155.5,-157.0,-154.5,-150.5,-149.5,-157.0,-152.5,-156.0,-152.0,-152.5,-156.5,-153.5,-157.0,-157.0,-154.5,-152.0,-155.0,-154.5,-153.5,-155.5,-157.0,-157.0,-155.0,-157.0,-157.0,-157.0,-157.0,-151.0,-151.5,-152.0,-154.5,-152.5,-150.0,-156.0,-132.5,-131.0,-144.0,-150.0,-148.0,-157.0,-153.5,-149.5,-152.5,-155.0,-152.5,-149.0,-151.0,-157.0,-153.5,-153.5,-154.5,-157.0,-157.0,-153.0,-153.5,-153.0,-154.5,-152.0,-156.0,-152.5,-154.0,-156.5,-155.0,-155.0,-157.0,-155.0,-157.0,-152.0,-149.5,-150.5,-152.0,-157.0,-156.0,-157.0,-157.0,-151.0,-151.5,-157.0,-157.0,-155.5,-151.5,-154.5,-149.0,-149.5,-154.5,-155.5,-155.5,-157.0,-157.0,-157.0,-151.5,-151.0,-151.0,-156.0,-157.0,-152.5,-153.0,-157.0,-157.0,-157.0,-157.0,-157.0,-154.5,-155.0,-147.0,-155.0,-153.5,-153.5,-155.0,-151.0,-155.0,-155.0,-157.0,-157.0,-157.0,-157.0,-157.0,-152.5,-157.0,-151.5,-151.5,-154.5,-156.0,-154.5,-157.0,-154.0,-157.0,-148.5,-150.0,-151.0,-152.0,-152.0,-148.0,-149.0,-157.0,-152.5,-155.0,-150.0,-150.5,-155.5,-152.5,-151.0,-157.0,-151.5,-153.0,-157.0,-152.5,-153.5,-151.5,-157.0,-156.5,-157.0,-152.5,-155.5,-152.5,-152.0,-151.0,-152.5,-155.5,-155.5,-157.0,-149.5,-150.0,-151.5,-157.0,-153.0,-150.5,-149.5,-150.5,-156.0,-153.5,-156.0,-157.0,-157.0,-148.0,-151.0,-156.5,-153.5,-152.0,-151.0,-156.5,-155.5,-157.0,-155.0,-157.0,-156.5,-157.0,-156.0,-157.0,-153.5,-149.5,-154.0,-155.0,-157.0,-154.5,-157.0,-151.0,-148.5,-157.0,-155.5,-153.0,-155.0,-154.5,-155.0,-154.0,-156.0,-156.5,-155.5,-154.0,-156.5,-152.0,-152.5,-154.5,-157.0,-150.5,-151.5,-150.0,-150.0,-150.0,-157.0,-157.0,-156.0,-156.0,-151.0,-151.0,-157.0,-155.0,-152.5,-154.0,-150.0,-154.5
2026-01-16 16:42:28.616,143.050000,5,-77,-157.0,-157.0,-157.0,-157.0,-151.5,-148.0,-148.0,-150.5,-153.5,-153.5,-153.5,-152.5,-156.0,-157.0,-157.0,-157.0,-157.0,-157.0,-154.5,-154.5,-153.5,-157.0,-155.5,-157.0,-155.5,-157.0,-150.0,-150.0,-150.0,-155.0,-154.5,-157.0,-156.5,-157.0,-157.0,-157.0,-155.0,-151.0,-150.0,-152.5,-156.0,-150.0,-151.5,-150.0,-149.5,-147.0,-157.0,-157.0,-153.0,-153.5,-157.0,-157.0,-155.5,-153.5,-152.0,-155.5,-157.0,-151.5,-155.5,-156.5,-157.0,-157.0,-149.5,-150.5,-148.5,-153.0,-155.0,-157.0,-153.5,-147.5,-151.5,-157.0,-153.5,-156.5,-155.0,-150.0,-150.5,-155.0,-151.5,-157.0,-153.5,-155.0,-157.0,-155.0,-154.5,-155.5,-157.0,-151.0,-157.0,-157.0,-157.0,-157.0,-157.0,-152.5,-151.5,-157.0,-157.0,-157.0,-156.5,-152.0,-157.0,-157.0,-152.5,-149.5,-154.5,-157.0,-157.0,-151.0,-149.0,-151.0,-151.5,-157.0,-157.0,-157.0,-156.5,-154.0,-145.0,-153.5,-156.0,-154.5,-151.0,-156.0,-156.5,-149.0,-151.0,-157.0,-153.5,-154.0,-155.5,-154.5,-149.0,-152.0,-152.5,-153.5,-157.0,-157.0,-150.5,-149.0,-153.5,-152.5,-152.5,-153.5,-152.0,-154.0,-153.5,-156.0,-148.5,-150.5,-154.0,-154.5,-157.0,-154.5,-157.0,-156.0,-155.5,-152.0,-151.5,-157.0,-149.0,-149.5,-157.0,-157.0,-155.0,-155.0,-157.0,-153.0,-151.0,-157.0,-153.0,-157.0,-156.0,-152.0,-157.0,-153.0,-157.0,-154.5,-156.5,-157.0,-152.5,-149.0,-151.5,-148.5,-151.0,-157.0,-150.0,-148.0,-157.0,-154.0,-153.5,-155.0,-157.0,-157.0,-157.0,-154.0,-149.5,-156.5,-155.0,-150.5,-148.5,-150.5,-148.5,-152.0,-154.5,-157.0,-157.0,-153.0,-153.0,-152.0,-153.5,-150.5,-146.0,-151.5,-148.5,-157.0,-150.0,-150.5,-157.0,-157.0,-157.0,-154.0,-157.0,-155.5,-155.5,-156.0,-157.0,-157.0,-156.5,-155.5,-155.0,-150.0,-149.0,-151.0,-156.5,-154.5,-152.0,-148.5,-148.0,-150.5,-147.5,-142.0,-152.0,-155.0,-153.5,-152.0,-155.5,-157.0,-150.0,-148.0,-151.0,-157.0,-151.5,-151.0,-156.0,-157.0,-156.5,-154.5,-154.5,-154.5,-156.5,-153.0,-151.5,-152.5,-151.5,-156.0,-154.5,-157.0,-156.5,-157.0,-157.0,-153.0,-152.0,-150.5,-151.0,-153.5,-152.5,-156.5,-154.0,-144.5,-131.5,-133.0,-150.5,-149.0,-148.5,-152.5,-151.0,-147.0,-146.5,-155.0,-156.0,-152.0,-151.5,-156.0,-153.5,-151.5,-152.5,-157.0,-157.0,-153.5,-156.0,-153.0,-155.5,-153.5,-154.5,-152.0,-156.5,-152.0,-151.0,-152.5,-157.0,-157.0,-154.5,-156.0,-152.0,-152.5,-150.5,-155.5,-156.0,-157.0,-157.0,-150.0,-152.5,-154.0,-155.5,-156.0,-154.5,-157.0,-154.5,-151.5,-151.5,-154.5,-153.5,-154.5,-157.0,-155.5,-153.5,-157.0,-150.0,-152.0,-154.0,-152.5,-157.0,-155.5,-157.0,-155.5,-155.5,-155.5,-157.0,-151.0,-147.5,-154.5,-153.0,-157.0,-155.5,-154.0,-154.5,-156.0,-157.0,-157.0,-157.0,-157.0,-156.0,-147.5,-152.5,-157.0,-157.0,-157.0,-156.0,-157.0,-156.5,-155.5,-156.0,-148.5,-149.0,-153.5,-149.5,-153.0,-146.0,-148.0,-157.0,-150.5,-153.0,-149.0,-150.0,-151.5,-148.5,-148.0,-151.0,-152.5,-153.5,-156.0,-150.5,-153.5,-150.5,-153.0,-157.0,-153.0,-151.5,-154.5,-155.5,-152.5,-152.0,-153.0,-156.5,-152.5,-153.0,-150.5,-149.5,-157.0,-157.0,-149.5,-153.0,-154.0,-157.0,-154.0,-154.0,-155.5,-157.0,-157.0,-146.0,-148.5,-157.0,-155.0,-151.0,-149.5,-157.0,-156.5,-157.0,-157.0,-157.0,-157.0,-157.0,-157.0,-156.0,-157.0,-152.5,-155.0,-152.0,-153.5,-154.0,-154.0,-149.5,-148.5,-154.5,-154.5,-148.0,-148.5,-152.5,-156.5,-156.0,-157.0,-155.5,-153.5,-157.0,-157.0,-157.0,-151.5,-153.0,-153.0,-152.0,-155.5,-153.0,-153.5,-151.5,-157.0,-151.0,-152.0,-157.0,-153.0,-154.0,-157.0,-152.5,-152.5,-149.5,-149.0,-151.0
2026-01-16 16:42:28.646,143.050000,5,-77,-157.0,-157.0,-156.5,-155.0,-152.5,-149.5,-150.0,-155.0,-157.0,-154.5,-156.5,-155.5,-157.0,-157.0,-155.5,-157.0,-157.0,-157.0,-153.5,-152.5,-151.5,-151.0,-157.0,-157.0,-157.0,-157.0,-151.0,-151.5,-151.5,-157.0,-153.5,-157.0,-155.5,-155.5,-155.0,-157.0,-151.5,-151.0,-151.0,-155.5,-157.0,-150.5,-150.0,-148.0,-147.0,-148.0,-157.0,-157.0,-154.0,-154.0,-155.5,-157.0,-152.5,-151.0,-156.0,-155.5,-153.0,-151.0,-154.5,-154.5,-157.0,-157.0,-149.5,-151.5,-151.0,-156.0,-157.0,-157.0,-153.5,-148.5,-149.5,-154.0,-155.5,-152.5,-154.0,-152.0,-150.0,-155.0,-152.5,-151.5,-154.0,-151.5,-157.0,-155.0,-157.0,-153.0,-151.5,-148.5,-153.5,-157.0,-157.0,-154.5,-155.0,-155.5,-152.0,-152.5,-152.5,-157.0,-154.0,-152.5,-157.0,-157.0,-157.0,-149.5,-152.0,-157.0,-157.0,-156.5,-151.5,-155.5,-154.0,-157.0,-157.0,-155.0,-157.0,-152.0,-147.0,-154.0,-157.0,-151.5,-149.5,-155.5,-156.0,-150.0,-153.0,-157.0,-153.0,-156.5,-157.0,-156.5,-152.0,-157.0,-157.0,-157.0,-157.0,-153.0,-148.5,-150.5,-157.0,-152.5,-151.5,-156.0,-153.5,-157.0,-155.5,-157.0,-148.0,-147.0,-157.0,-154.5,-157.0,-152.0,-156.5,-155.0,-157.0,-151.5,-148.5,-152.0,-147.5,-148.0,-156.5,-156.5,-157.0,-155.0,-157.0,-157.0,-154.0,-155.5,-154.5,-155.0,-157.0,-151.5,-154.0,-156.0,-153.0,-155.5,-157.0,-157.0,-149.5,-151.0,-157.0,-148.0,-150.5,-153.5,-146.5,-144.5,-157.0,-157.0,-153.5,-157.0,-157.0,-157.0,-157.0,-151.0,-146.5,-154.0,-156.5,-153.5,-148.5,-146.0,-150.5,-154.0,-152.5,-152.5,-156.0,-155.0,-151.0,-157.0,-152.5,-146.5,-147.5,-157.0,-150.5,-154.5,-149.0,-149.5,-157.0,-157.0,-157.0,-153.5,-153.0,-157.0,-157.0,-157.0,-155.0,-152.5,-155.5,-156.5,-156.5,-148.5,-147.5,-148.0,-153.0,-154.0,-155.0,-150.5,-148.5,-156.0,-145.5,-143.0,-157.0,-157.0,-154.0,-151.0,-154.0,-157.0,-147.0,-146.0,-151.5,-152.5,-155.5,-152.5,-157.0,-157.0,-157.0,-157.0,-152.0,-149.0,-150.5,-157.0,-151.0,-153.0,-155.5,-153.5,-151.5,-154.5,-154.0,-157.0,-157.0,-152.5,-157.0,-149.0,-149.5,-153.5,-151.0,-156.5,-153.5,-137.5,-132.0,-138.0,-148.5,-150.0,-152.5,-153.0,-150.0,-154.0,-146.5,-152.5,-157.0,-157.0,-156.5,-153.5,-157.0,-150.5,-152.0,-157.0,-155.5,-153.0,-153.5,-152.5,-155.5,-154.0,-157.0,-152.0,-154.5,-153.0,-153.5,-156.5,-156.5,-157.0,-153.0,-156.0,-152.5,-152.5,-152.0,-155.0,-153.5,-157.0,-152.5,-151.0,-156.0,-152.0,-149.5,-151.0,-156.0,-157.0,-157.0,-154.5,-152.5,-153.0,-151.0,-149.5,-157.0,-151.5,-157.0,-152.0,-152.0,-154.0,-152.5,-151.5,-157.0,-152.0,-157.0,-151.5,-150.0,-150.5,-153.0,-154.5,-150.5,-157.0,-157.0,-154.0,-152.5,-157.0,-155.0,-152.5,-157.0,-156.5,-157.0,-155.0,-155.0,-147.0,-147.5,-157.0,-155.5,-155.5,-156.5,-157.0,-157.0,-155.0,-157.0,-150.5,-150.5,-155.5,-149.5,-153.5,-148.5,-152.5,-157.0,-151.0,-150.5,-151.0,-153.0,-156.0,-152.5,-149.0,-149.0,-151.0,-156.0,-157.0,-153.0,-157.0,-154.5,-153.0,-157.0,-150.0,-150.5,-153.0,-153.0,-153.5,-152.5,-155.5,-152.0,-153.0,-151.5,-150.5,-146.5,-157.0,-154.0,-150.0,-150.5,-153.0,-157.0,-155.0,-157.0,-154.5,-155.5,-150.5,-148.0,-148.5,-151.5,-151.5,-152.5,-153.0,-154.5,-156.5,-157.0,-157.0,-154.5,-155.5,-157.0,-155.0,-151.5,-157.0,-157.0,-157.0,-152.0,-153.0,-157.0,-157.0,-152.5,-151.0,-153.0,-149.0,-146.5,-151.5,-157.0,-157.0,-157.0,-157.0,-153.0,-151.0,-155.0,-156.5,-154.0,-152.0,-153.0,-150.5,-150.0,-155.5,-154.0,-149.5,-149.0,-157.0,-150.0,-156.0,-156.0,-157.0,-157.0,-157.0,-151.5,-153.5,-151.5,-153.5,-150.5
2026-01-16 16:42:28.684,143.050000,5,-77,-157.0,-157.0,-153.0,-152.5,-157.0,-154.5,-153.0,-157.0,-153.5,-152.0,-157.0,-157.0,-157.0,-150.5,-151.0,-157.0,-157.0,-157.0,-157.0,-156.5,-149.5,-150.5,-157.0,-157.0,-157.0,-156.0,-152.0,-154.0,-152.0,-154.5,-149.5,-154.0,-154.0,-154.0,-153.0,-157.0,-152.5,-154.5,-153.0,-154.5,-157.0,-151.0,-151.5,-150.0,-152.0,-152.5,-157.0,-157.0,-157.0,-157.0,-155.0,-155.0,-153.0,-154.5,-156.0,-154.5,-154.0,-155.0,-157.0,-157.0,-157.0,-157.0,-154.0,-154.5,-154.5,-153.5,-157.0,-151.5,-150.5,-153.5,-151.5,-151.0,-152.5,-150.0,-151.0,-152.5,-151.5,-157.0,-152.5,-148.5,-148.5,-149.5,-157.0,-155.0,-152.0,-151.5,-148.5,-145.5,-157.0,-157.0,-154.0,-153.0,-154.0,-157.0,-154.5,-154.0,-152.5,-151.5,-150.5,-155.0,-157.0,-156.5,-155.5,-153.5,-153.0,-156.0,-157.0,-152.0,-151.0,-157.0,-156.0,-157.0,-157.0,-152.5,-154.5,-157.0,-150.5,-150.5,-157.0,-152.0,-151.5,-154.0,-157.0,-153.5,-157.0,-157.0,-151.5,-151.0,-155.5,-157.0,-152.0,-154.0,-157.0,-157.0,-157.0,-150.0,-149.5,-153.5,-157.0,-150.0,-151.0,-157.0,-157.0,-157.0,-157.0,-157.0,-153.5,-148.0,-153.5,-154.0,-156.0,-153.0,-152.0,-150.5,-153.5,-154.5,-151.5,-152.5,-148.5,-150.0,-157.0,-157.0,-157.0,-154.0,-153.5,-157.0,-156.5,-156.0,-153.5,-153.0,-154.5,-153.5,-149.0,-149.0,-148.5,-150.0,-157.0,-157.0,-153.0,-152.5,-156.5,-148.5,-151.0,-151.5,-144.5,-142.5,-151.5,-154.0,-149.0,-153.5,-157.0,-154.5,-156.0,-153.5,-148.0,-152.0,-153.5,-157.0,-145.0,-145.0,-155.0,-152.0,-152.0,-152.0,-152.5,-156.0,-150.0,-150.5,-149.0,-146.5,-153.5,-155.0,-154.5,-157.0,-153.5,-150.0,-153.5,-151.5,-152.5,-153.5,-154.5,-157.0,-157.0,-157.0,-155.0,-149.5,-151.0,-155.0,-150.5,-148.0,-151.0,-151.0,-148.5,-150.5,-157.0,-154.5,-152.0,-157.0,-144.5,-143.5,-157.0,-155.0,-155.0,-153.0,-154.5,-155.0,-151.0,-148.5,-151.5,-151.0,-157.0,-153.5,-157.0,-155.0,-155.0,-157.0,-156.5,-150.0,-154.0,-155.0,-155.0,-157.0,-155.0,-154.0,-151.0,-151.0,-157.0,-157.0,-157.0,-153.0,-154.0,-148.0,-151.0,-153.5,-152.0,-157.0,-147.5,-132.5,-131.5,-146.0,-151.5,-149.0,-149.0,-152.5,-152.5,-151.0,-148.0,-155.0,-157.0,-157.0,-157.0,-152.0,-157.0,-155.5,-154.0,-150.0,-150.5,-152.0,-157.0,-154.0,-154.5,-157.0,-157.0,-153.5,-152.5,-157.0,-157.0,-154.0,-155.5,-157.0,-152.5,-157.0,-152.0,-155.5,-151.0,-153.5,-151.5,-154.0,-155.5,-152.0,-149.5,-148.5,-150.5,-152.0,-156.5,-155.5,-157.0,-155.0,-155.5,-155.0,-151.0,-147.5,-149.0,-148.5,-153.0,-150.0,-154.0,-154.0,-157.0,-153.5,-152.5,-150.0,-152.0,-150.0,-147.5,-149.0,-146.5,-151.5,-156.5,-157.0,-153.0,-150.0,-153.5,-156.5,-153.0,-150.5,-151.0,-152.5,-157.0,-151.5,-150.5,-152.0,-149.5,-156.0,-153.5,-156.5,-154.5,-153.5,-154.0,-157.0,-154.0,-154.5,-155.0,-154.5,-149.0,-156.0,-153.0,-157.0,-156.5,-154.5,-149.5,-157.0,-152.5,-153.5,-157.0,-152.5,-148.0,-151.5,-157.0,-157.0,-157.0,-157.0,-155.5,-152.0,-154.0,-151.0,-155.0,-157.0,-154.0,-154.0,-152.0,-152.0,-148.5,-154.0,-151.0,-148.0,-146.5,-153.0,-153.0,-154.0,-152.0,-150.5,-152.5,-155.5,-157.0,-155.0,-155.5,-152.5,-154.5,-154.5,-148.5,-149.0,-157.0,-157.0,-156.0,-155.5,-156.0,-157.0,-149.0,-149.5,-157.0,-148.5,-147.5,-157.0,-154.5,-157.0,-153.0,-155.0,-157.0,-157.0,-153.5,-156.0,-155.5,-151.5,-148.5,-152.0,-156.5,-157.0,-157.0,-155.0,-154.0,-151.0,-154.0,-157.0,-151.5,-153.5,-154.0,-152.0,-149.5,-157.0,-154.5,-150.0,-149.5,-157.0,-150.0,-156.5,-153.0,-157.0,-157.0,-157.0,-152.5,-153.5,-156.0,-157.0,-155.5
2026-01-16 16:42:28.716,143.050000,5,-77,-157.0,-157.0,-157.0,-154.0,-157.0,-156.5,-154.5,-156.0,-152.5,-154.0,-157.0,-155.5,-154.0,-148.5,-150.5,-157.0,-157.0,-157.0,-157.0,-153.5,-153.0,-154.5,-156.5,-157.0,-157.0,-151.0,-150.5,-152.0,-152.0,-154.0,-148.0,-151.5,-154.0,-157.0,-157.0,-157.0,-153.0,-150.0,-149.5,-150.5,-153.5,-150.5,-156.5,-154.5,-156.5,-154.5,-157.0,-156.5,-157.0,-156.5,-157.0,-149.5,-149.5,-157.0,-154.0,-153.5,-154.0,-157.0,-157.0,-157.0,-155.5,-156.5,-157.0,-153.0,-152.0,-150.5,-156.5,-150.5,-150.0,-152.0,-155.0,-150.5,-147.5,-148.5,-151.5,-148.0,-149.0,-157.0,-148.5,-153.0,-149.0,-154.5,-157.0,-157.0,-152.5,-152.5,-149.5,-146.0,-154.5,-157.0,-153.5,-153.0,-154.5,-154.0,-153.0,-156.0,-157.0,-149.5,-153.5,-153.5,-157.0,-156.0,-154.0,-151.5,-154.0,-152.5,-157.0,-149.5,-148.0,-154.5,-154.0,-154.0,-157.0,-153.0,-157.0,-155.0,-147.0,-147.5,-154.5,-157.0,-157.0,-157.0,-154.0,-151.0,-157.0,-157.0,-156.5,-152.0,-151.5,-157.0,-153.5,-155.5,-156.0,-155.0,-157.0,-152.5,-152.5,-155.0,-153.5,-152.0,-151.0,-157.0,-157.0,-154.5,-156.0,-157.0,-157.0,-147.5,-147.5,-156.0,-152.0,-155.0,-150.5,-149.0,-148.5,-153.5,-157.0,-157.0,-154.0,-157.0,-156.5,-157.0,-157.0,-156.0,-155.0,-156.5,-157.0,-157.0,-157.0,-156.0,-154.5,-153.5,-150.5,-149.0,-148.5,-149.0,-157.0,-155.0,-154.5,-155.0,-157.0,-151.0,-147.5,-151.0,-146.0,-144.5,-151.5,-148.0,-145.5,-147.0,-155.5,-154.0,-157.0,-157.0,-156.0,-157.0,-157.0,-149.5,-146.5,-149.0,-156.5,-154.0,-154.5,-156.0,-150.0,-151.5,-154.0,-151.0,-155.0,-150.0,-156.0,-154.5,-157.0,-157.0,-157.0,-152.0,-156.0,-151.0,-153.5,-154.0,-157.0,-157.0,-157.0,-157.0,-157.0,-151.5,-152.0,-157.0,-156.0,-148.5,-149.0,-151.5,-150.0,-152.5,-154.0,-156.5,-155.0,-157.0,-150.0,-143.5,-151.0,-152.0,-153.0,-156.5,-157.0,-157.0,-157.0,-149.5,-152.5,-153.0,-153.5,-151.0,-153.5,-157.0,-154.0,-157.0,-156.5,-154.0,-157.0,-155.5,-153.5,-157.0,-153.5,-154.0,-151.5,-151.0,-157.0,-157.0,-157.0,-152.5,-148.0,-149.0,-157.0,-157.0,-157.0,-153.5,-142.5,-131.0,-134.0,-150.5,-156.5,-148.5,-149.5,-153.5,-155.0,-152.0,-149.5,-154.5,-157.0,-157.0,-157.0,-149.5,-151.0,-156.0,-156.5,-148.0,-149.5,-150.0,-157.0,-154.0,-150.0,-152.5,-154.0,-155.5,-154.0,-157.0,-152.0,-150.5,-154.5,-152.0,-149.5,-153.5,-151.0,-149.5,-148.5,-156.0,-154.0,-152.0,-151.5,-149.5,-151.5,-149.5,-156.5,-157.0,-156.5,-155.0,-157.0,-156.5,-153.0,-152.0,-151.0,-146.5,-146.0,-150.5,-153.0,-151.5,-151.0,-151.0,-154.5,-157.0,-153.5,-148.0,-148.0,-150.0,-147.5,-151.0,-145.0,-147.5,-157.0,-153.0,-149.0,-150.0,-157.0,-153.0,-155.5,-151.5,-148.5,-150.5,-150.5,-153.0,-151.0,-156.0,-154.0,-157.0,-153.5,-157.0,-151.0,-149.5,-150.5,-151.0,-149.5,-155.0,-156.0,-154.5,-149.5,-152.5,-156.0,-156.0,-152.5,-157.0,-151.5,-157.0,-153.0,-150.0,-157.0,-151.0,-147.0,-156.0,-156.0,-157.0,-157.0,-157.0,-153.0,-150.5,-157.0,-152.0,-156.5,-157.0,-157.0,-153.0,-150.5,-151.0,-148.0,-157.0,-154.5,-152.0,-148.0,-150.5,-154.5,-157.0,-157.0,-151.0,-152.0,-153.5,-155.5,-156.0,-157.0,-153.5,-155.0,-155.0,-148.5,-149.5,-157.0,-155.5,-157.0,-157.0,-152.5,-155.0,-149.0,-151.0,-156.5,-149.5,-150.5,-156.5,-150.5,-156.5,-154.0,-157.0,-154.5,-157.0,-154.0,-157.0,-157.0,-157.0,-153.0,-149.5,-150.5,-156.5,-157.0,-153.5,-157.0,-154.5,-157.0,-157.0,-155.5,-155.5,-155.5,-156.5,-149.5,-157.0,-156.5,-154.5,-154.5,-157.0,-153.0,-157.0,-154.0,-157.0,-152.5,-152.0,-156.0,-157.0,-156.0,-155.0,-151.0
2026-01-16 16:42:28.753,143.050000,5,-77,-157.0,-157.0,-154.5,-157.0,-155.0,-155.5,-152.5,-154.5,-156.5,-157.0,-155.5,-152.0,-147.0,-147.0,-156.5,-153.0,-152.5,-157.0,-154.0,-153.0,-155.5,-153.0,-152.0,-157.0,-153.5,-151.5,-153.5,-154.5,-156.0,-156.0,-150.0,-155.0,-156.5,-156.0,-157.0,-157.0,-151.0,-150.5,-151.5,-153.0,-149.5,-148.5,-157.0,-157.0,-157.0,-157.0,-157.0,-157.0,-157.0,-154.0,-156.0,-148.5,-150.0,-156.0,-157.0,-157.0,-156.0,-156.5,-157.0,-157.0,-154.5,-153.5,-156.5,-156.0,-150.5,-152.0,-154.0,-154.0,-152.5,-151.0,-154.0,-150.0,-151.5,-151.0,-153.0,-148.0,-148.0,-153.0,-147.0,-157.0,-152.0,-157.0,-157.0,-156.0,-155.5,-155.5,-155.5,-148.0,-149.0,-151.5,-152.5,-152.0,-154.5,-157.0,-156.0,-157.0,-157.0,-149.0,-157.0,-153.5,-156.0,-156.5,-151.5,-148.0,-157.0,-154.0,-157.0,-150.5,-149.0,-151.5,-150.5,-152.0,-157.0,-152.5,-153.0,-157.0,-146.5,-151.0,-156.5,-157.0,-157.0,-157.0,-154.0,-150.0,-153.0,-157.0,-157.0,-157.0,-155.0,-155.5,-153.0,-157.0,-153.5,-153.5,-157.0,-156.0,-156.5,-157.0,-154.0,-156.0,-153.0,-156.5,-153.0,-151.0,-155.0,-157.0,-157.0,-148.5,-149.5,-157.0,-149.5,-150.5,-155.0,-157.0,-149.0,-150.5,-157.0,-157.0,-155.0,-157.0,-151.5,-150.5,-154.5,-153.0,-153.5,-157.0,-156.0,-157.0,-157.0,-157.0,-157.0,-152.0,-149.0,-149.0,-155.5,-154.0,-157.0,-150.5,-150.0,-153.5,-157.0,-154.0,-148.5,-157.0,-151.0,-148.0,-151.5,-150.5,-148.0,-146.5,-153.5,-153.5,-157.0,-157.0,-157.0,-155.0,-154.0,-149.0,-153.0,-157.0,-156.0,-154.5,-152.5,-151.5,-152.0,-149.5,-157.0,-155.0,-157.0,-154.5,-153.5,-157.0,-157.0,-155.5,-157.0,-150.5,-154.5,-154.0,-157.0,-154.0,-154.5,-154.5,-157.0,-157.0,-157.0,-157.0,-152.0,-156.0,-157.0,-151.0,-151.0,-152.5,-156.5,-154.5,-151.5,-150.5,-154.5,-155.5,-144.5,-142.0,-157.0,-157.0,-155.5,-157.0,-157.0,-157.0,-155.0,-151.5,-154.0,-157.0,-156.0,-152.0,-157.0,-157.0,-153.0,-153.5,-157.0,-157.0,-156.0,-153.0,-150.0,-151.5,-157.0,-154.5,-152.0,-152.0,-150.5,-153.5,-156.5,-157.0,-150.5,-152.0,-157.0,-154.5,-152.0,-149.5,-137.5,-131.5,-139.0,-157.0,-153.0,-150.0,-155.5,-157.0,-152.5,-151.0,-149.0,-150.0,-155.0,-157.0,-155.5,-150.5,-154.5,-156.0,-154.0,-148.5,-152.0,-151.5,-157.0,-157.0,-148.0,-148.5,-153.5,-152.5,-152.0,-153.0,-155.5,-149.0,-149.5,-149.0,-152.5,-149.5,-154.5,-152.0,-149.5,-157.0,-154.5,-150.5,-152.5,-151.5,-154.5,-152.5,-157.0,-157.0,-155.5,-152.0,-155.5,-157.0,-150.5,-150.0,-152.0,-153.5,-148.5,-153.0,-149.5,-150.0,-153.0,-155.5,-150.5,-150.5,-157.0,-151.0,-151.5,-156.0,-150.0,-155.0,-147.5,-149.5,-153.5,-150.5,-151.5,-152.0,-157.0,-152.5,-153.5,-151.5,-148.5,-147.5,-148.0,-150.0,-154.0,-152.5,-151.5,-150.5,-152.5,-157.0,-150.0,-152.0,-154.0,-151.5,-148.5,-150.5,-154.0,-153.0,-150.0,-153.5,-151.5,-152.0,-152.0,-157.0,-152.5,-157.0,-153.5,-152.5,-150.0,-150.0,-145.0,-147.0,-156.0,-157.0,-155.5,-157.0,-154.0,-150.5,-155.0,-152.0,-154.0,-156.5,-157.0,-150.0,-149.0,-148.5,-147.5,-157.0,-156.0,-155.0,-151.0,-151.0,-156.5,-157.0,-157.0,-152.0,-153.0,-157.0,-153.5,-156.5,-152.5,-152.0,-157.0,-156.0,-155.5,-152.0,-154.5,-150.5,-157.0,-157.0,-154.5,-152.0,-152.0,-157.0,-157.0,-150.5,-152.0,-155.5,-148.5,-153.5,-153.0,-151.5,-150.0,-154.5,-149.5,-150.0,-156.0,-155.5,-156.0,-154.5,-150.5,-155.0,-155.0,-151.0,-152.0,-153.5,-157.0,-157.0,-157.0,-156.0,-154.0,-152.0,-150.0,-154.0,-157.0,-157.0,-157.0,-157.0,-156.5,-153.5,-152.0,-156.5,-152.5,-152.0,-155.5,-155.5,-157.0,-154.5,-151.5
2026-01-16 16:42:28.783,143.050000,5,-77,-157.0,-157.0,-150.5,-157.0,-151.5,-155.0,-153.0,-152.5,-154.5,-156.0,-152.5,-150.5,-148.5,-149.5,-152.5,-151.5,-150.0,-156.0,-151.0,-151.5,-151.5,-152.0,-150.0,-157.0,-152.0,-153.5,-155.5,-157.0,-157.0,-157.0,-157.0,-152.5,-157.0,-157.0,-157.0,-153.5,-153.5,-151.0,-151.0,-150.5,-149.5,-150.0,-157.0,-155.5,-154.5,-157.0,-157.0,-154.0,-154.0,-152.0,-156.0,-151.5,-152.5,-154.5,-157.0,-152.5,-151.0,-157.0,-154.0,-153.0,-154.0,-156.0,-153.5,-155.5,-153.0,-155.5,-156.5,-157.0,-152.5,-152.0,-154.0,-149.0,-152.5,-151.5,-150.5,-150.5,-150.0,-152.5,-149.5,-150.5,-150.0,-157.0,-157.0,-155.0,-155.5,-154.5,-157.0,-152.5,-152.0,-153.5,-152.5,-153.5,-155.0,-157.0,-156.5,-155.5,-157.0,-151.0,-157.0,-155.0,-157.0,-157.0,-151.0,-146.5,-157.0,-157.0,-154.0,-152.5,-151.0,-156.0,-152.0,-154.5,-157.0,-153.5,-152.5,-157.0,-149.5,-155.0,-157.0,-157.0,-157.0,-157.0,-154.0,-150.0,-149.0,-157.0,-157.0,-157.0,-156.5,-151.5,-151.5,-155.5,-157.0,-156.0,-153.5,-157.0,-157.0,-157.0,-157.0,-157.0,-155.0,-151.5,-149.5,-152.5,-156.5,-157.0,-155.5,-151.5,-156.5,-157.0,-150.0,-151.0,-157.0,-157.0,-153.0,-154.0,-157.0,-157.0,-154.0,-155.5,-150.5,-149.5,-152.0,-149.0,-150.5,-152.5,-150.5,-153.5,-154.5,-157.0,-157.0,-151.0,-148.0,-150.5,-157.0,-157.0,-152.0,-150.5,-152.5,-155.0,-154.5,-154.5,-151.5,-155.0,-153.5,-151.5,-154.0,-157.0,-154.0,-149.0,-151.5,-153.5,-157.0,-154.0,-151.0,-156.0,-149.0,-147.5,-157.0,-152.0,-152.0,-152.0,-152.0,-148.5,-149.5,-148.5,-151.5,-151.0,-157.0,-157.0,-156.0,-157.0,-157.0,-157.0,-157.0,-148.0,-149.0,-155.0,-152.5,-153.0,-149.5,-155.5,-156.0,-153.0,-153.0,-156.0,-152.5,-151.0,-157.0,-157.0,-157.0,-153.5,-154.5,-157.0,-151.5,-149.0,-153.0,-156.5,-143.5,-142.0,-157.0,-157.0,-156.0,-154.0,-154.0,-156.0,-156.5,-155.5,-154.5,-157.0,-157.0,-154.5,-153.0,-152.0,-149.5,-149.5,-157.0,-155.5,-151.0,-154.0,-152.5,-154.5,-157.0,-151.0,-157.0,-157.0,-149.5,-151.5,-157.0,-155.0,-152.0,-154.5,-157.0,-157.0,-153.0,-148.0,-132.5,-131.0,-145.5,-157.0,-151.5,-149.5,-156.5,-157.0,-154.5,-152.0,-151.5,-150.0,-150.0,-151.0,-154.0,-150.5,-156.5,-157.0,-149.0,-148.0,-157.0,-156.0,-157.0,-155.5,-149.5,-155.5,-151.5,-152.0,-153.0,-152.0,-157.0,-151.0,-150.0,-145.5,-148.5,-148.5,-157.0,-152.0,-152.5,-157.0,-150.0,-147.5,-157.0,-156.0,-155.5,-154.0,-157.0,-157.0,-157.0,-151.5,-152.0,-157.0,-150.5,-150.5,-149.0,-157.0,-150.0,-148.5,-149.0,-146.5,-155.0,-157.0,-152.5,-151.0,-155.5,-155.5,-157.0,-157.0,-154.5,-156.5,-152.0,-152.5,-151.5,-150.5,-152.5,-152.0,-156.5,-155.0,-152.0,-157.0,-150.5,-148.0,-152.0,-149.0,-151.5,-151.0,-151.0,-148.5,-152.5,-157.0,-150.5,-150.0,-155.5,-154.0,-152.0,-152.0,-152.5,-153.5,-153.5,-151.0,-150.0,-152.0,-157.0,-151.5,-149.5,-157.0,-153.0,-155.0,-148.5,-155.0,-146.0,-146.5,-157.0,-157.0,-153.0,-156.0,-151.0,-148.0,-149.5,-152.5,-156.5,-155.0,-152.5,-147.5,-148.5,-151.0,-150.5,-151.0,-154.5,-157.0,-157.0,-157.0,-157.0,-154.5,-157.0,-156.0,-149.5,-157.0,-151.5,-152.5,-149.5,-151.0,-157.0,-157.0,-157.0,-154.0,-151.0,-148.5,-151.5,-157.0,-155.0,-155.0,-155.5,-157.0,-155.0,-149.5,-150.0,-153.5,-149.0,-153.5,-157.0,-151.5,-151.5,-152.0,-149.0,-149.0,-157.0,-157.0,-157.0,-156.5,-152.0,-157.0,-151.5,-147.0,-147.5,-150.0,-152.0,-157.0,-157.0,-154.5,-157.0,-150.0,-150.0,-153.5,-157.0,-157.0,-155.0,-156.5,-157.0,-152.0,-149.0,-153.5,-155.5,-156.5,-157.0,-157.0,-157.0,-157.0,-154.5
2026-01-16 16:42:28.827,143.050000,5,-77,-157.0,-157.0,-150.0,-151.0,-148.5,-153.0,-150.5,-151.5,-157.0,-153.5,-151.5,-151.5,-156.5,-148.5,-150.0,-155.5,-151.5,-156.0,-150.0,-150.5,-152.5,-156.5,-153.5,-157.0,-157.0,-157.0,-154.5,-154.0,-155.5,-157.0,-152.5,-150.0,-157.0,-157.0,-157.0,-155.0,-155.5,-150.0,-152.0,-152.5,-154.0,-153.0,-153.5,-154.0,-153.5,-157.0,-157.0,-154.5,-152.5,-154.0,-151.5,-156.0,-152.5,-157.0,-156.0,-150.5,-146.5,-151.5,-153.0,-153.5,-152.0,-154.0,-154.0,-155.0,-156.0,-153.0,-153.0,-153.0,-152.0,-155.5,-157.0,-154.5,-152.5,-150.5,-150.0,-155.0,-155.5,-151.5,-153.5,-148.0,-147.0,-155.5,-157.0,-157.0,-157.0,-156.0,-157.0,-156.5,-157.0,-157.0,-153.0,-157.0,-152.5,-154.0,-156.5,-153.0,-153.5,-152.0,-157.0,-154.5,-157.0,-155.5,-152.5,-147.5,-157.0,-157.0,-154.5,-157.0,-151.0,-153.5,-155.5,-157.0,-156.5,-154.0,-154.0,-157.0,-155.5,-157.0,-157.0,-155.5,-157.0,-156.0,-154.0,-149.5,-149.0,-157.0,-157.0,-157.0,-151.0,-149.0,-151.5,-154.5,-157.0,-156.5,-153.0,-157.0,-155.5,-156.0,-157.0,-157.0,-156.5,-152.0,-148.0,-153.5,-157.0,-157.0,-157.0,-157.0,-157.0,-150.5,-151.0,-150.5,-156.0,-155.0,-153.5,-155.5,-156.5,-154.5,-154.0,-157.0,-157.0,-152.5,-150.5,-152.5,-153.5,-152.5,-150.0,-157.0,-153.0,-157.0,-154.5,-151.0,-149.0,-155.0,-153.5,-156.5,-154.0,-153.0,-157.0,-157.0,-152.5,-157.0,-156.5,-155.0,-148.5,-149.0,-155.0,-157.0,-157.0,-152.5,-156.5,-154.0,-155.5,-152.0,-150.0,-157.0,-152.5,-149.5,-157.0,-149.5,-151.5,-148.5,-149.0,-148.5,-148.5,-153.0,-148.0,-148.5,-154.5,-156.5,-156.0,-157.0,-157.0,-157.0,-154.0,-151.5,-151.5,-153.5,-153.0,-155.0,-149.0,-157.0,-154.5,-149.5,-153.0,-154.0,-156.0,-150.0,-153.5,-156.0,-155.5,-155.5,-156.5,-157.0,-156.5,-153.5,-152.0,-157.0,-146.5,-142.5,-154.0,-152.5,-153.5,-152.0,-150.0,-152.5,-152.5,-155.0,-155.0,-157.0,-152.5,-151.5,-151.0,-150.5,-147.0,-148.0,-157.0,-156.5,-152.0,-157.0,-154.5,-157.0,-156.5,-151.5,-155.0,-155.5,-152.5,-155.5,-157.0,-155.0,-152.5,-156.5,-156.5,-155.5,-154.0,-153.5,-130.5,-133.0,-147.0,-157.0,-153.0,-150.5,-157.0,-152.5,-152.5,-156.0,-157.0,-148.5,-148.5,-150.5,-156.5,-152.5,-157.0,-157.0,-152.5,-150.0,-157.0,-157.0,-157.0,-150.5,-148.5,-157.0,-150.0,-157.0,-152.0,-149.0,-154.5,-157.0,-157.0,-146.0,-145.5,-148.0,-153.0,-150.0,-154.5,-152.0,-148.5,-148.0,-153.0,-150.5,-151.5,-152.5,-152.0,-156.5,-157.0,-156.0,-150.5,-152.5,-150.0,-155.0,-149.5,-155.0,-155.5,-148.0,-153.0,-149.0,-157.0,-157.0,-157.0,-156.5,-157.0,-157.0,-157.0,-153.0,-157.0,-157.0,-153.0,-153.0,-153.5,-157.0,-157.0,-153.5,-150.5,-152.5,-151.0,-154.0,-157.0,-150.5,-149.0,-151.5,-154.0,-153.5,-155.0,-151.0,-153.0,-157.0,-157.0,-151.5,-151.5,-152.5,-157.0,-157.0,-150.5,-150.5,-157.0,-147.0,-148.5,-153.0,-153.5,-148.5,-149.0,-152.5,-150.0,-150.5,-150.0,-154.5,-150.5,-151.0,-157.0,-155.0,-151.0,-155.5,-149.0,-149.0,-149.5,-150.5,-153.5,-154.5,-154.0,-149.5,-151.0,-151.5,-157.0,-150.0,-156.5,-157.0,-155.5,-156.0,-157.0,-152.5,-155.5,-154.0,-150.0,-153.0,-148.5,-149.5,-156.0,-152.0,-153.5,-157.0,-157.0,-156.0,-153.5,-149.0,-152.5,-154.5,-151.5,-156.5,-155.5,-153.5,-152.0,-155.5,-153.0,-154.5,-153.0,-152.0,-157.0,-157.0,-154.0,-152.5,-154.5,-153.0,-157.0,-157.0,-157.0,-151.5,-150.5,-155.0,-150.5,-147.0,-151.0,-146.5,-149.5,-157.0,-154.0,-151.5,-157.0,-149.0,-150.0,-154.0,-157.0,-157.0,-155.0,-157.0,-152.0,-155.5,-149.0,-152.0,-155.0,-157.0,-157.0,-157.0,-157.0,-157.0,-150.0
2026-01-16 16:42:28.849,143.050000,5,-77,-157.0,-157.0,-150.5,-150.5,-149.0,-150.0,-148.0,-149.0,-153.0,-151.5,-157.0,-154.5,-155.0,-150.5,-155.5,-151.5,-152.0,-154.5,-154.0,-155.0,-156.0,-157.0,-156.5,-157.0,-157.0,-157.0,-154.5,-151.5,-150.5,-156.0,-148.0,-148.0,-157.0,-156.5,-157.0,-157.0,-153.5,-156.0,-157.0,-153.5,-152.5,-151.5,-157.0,-151.5,-152.0,-152.0,-156.5,-155.5,-153.5,-153.0,-152.0,-157.0,-150.5,-153.5,-153.5,-150.0,-146.0,-146.5,-151.5,-157.0,-154.5,-152.0,-152.0,-152.5,-150.0,-149.5,-151.5,-152.0,-150.5,-157.0,-157.0,-157.0,-157.0,-156.5,-157.0,-154.5,-157.0,-155.5,-151.5,-152.5,-147.0,-147.0,-152.5,-157.0,-157.0,-155.5,-154.0,-154.5,-157.0,-157.0,-151.5,-154.0,-151.5,-150.5,-154.0,-156.5,-152.5,-155.0,-156.0,-153.0,-155.5,-152.0,-152.0,-152.0,-156.5,-157.0,-153.0,-154.0,-150.5,-151.5,-155.0,-154.5,-153.5,-157.0,-154.5,-153.5,-157.0,-157.0,-157.0,-153.5,-155.0,-154.5,-156.5,-150.5,-150.0,-156.5,-157.0,-157.0,-150.0,-148.5,-156.5,-157.0,-157.0,-152.0,-150.0,-157.0,-150.5,-155.0,-157.0,-157.0,-157.0,-156.5,-147.5,-152.0,-157.0,-155.5,-157.0,-157.0,-154.5,-146.5,-157.0,-152.0,-152.5,-157.0,-156.0,-151.0,-152.0,-153.0,-152.5,-157.0,-157.0,-152.0,-152.0,-157.0,-157.0,-157.0,-156.0,-157.0,-152.5,-154.5,-151.5,-149.0,-146.5,-157.0,-150.5,-153.5,-156.0,-155.0,-157.0,-157.0,-149.0,-150.5,-152.5,-154.5,-147.0,-146.5,-155.5,-157.0,-157.0,-152.5,-151.0,-153.5,-149.5,-151.0,-156.0,-157.0,-157.0,-151.5,-154.0,-150.0,-154.0,-148.5,-148.5,-155.0,-155.5,-157.0,-153.0,-149.0,-152.5,-157.0,-155.5,-157.0,-156.5,-154.0,-152.0,-156.5,-157.0,-153.5,-154.0,-154.5,-151.0,-157.0,-151.5,-150.0,-157.0,-157.0,-149.5,-150.0,-149.0,-151.5,-154.5,-156.5,-156.5,-153.5,-157.0,-157.0,-156.0,-153.0,-145.0,-143.0,-157.0,-152.5,-153.5,-154.0,-151.0,-150.5,-152.0,-157.0,-154.0,-156.5,-150.0,-149.5,-154.5,-150.5,-146.5,-148.5,-157.0,-153.5,-153.5,-153.5,-153.0,-153.5,-154.0,-149.5,-152.0,-151.5,-151.5,-157.0,-157.0,-157.0,-152.5,-153.0,-152.5,-152.0,-150.0,-146.0,-131.0,-138.5,-152.0,-155.5,-156.5,-154.5,-157.0,-148.0,-148.0,-153.0,-153.0,-150.0,-151.5,-156.0,-157.0,-154.5,-157.0,-157.0,-155.5,-153.5,-152.5,-155.0,-157.0,-151.0,-149.5,-155.5,-152.5,-157.0,-150.5,-146.5,-151.5,-156.0,-157.0,-152.5,-152.0,-149.0,-153.0,-149.5,-151.5,-151.5,-152.0,-156.0,-155.0,-147.0,-147.0,-150.5,-149.0,-157.0,-157.0,-157.0,-146.0,-146.0,-152.0,-154.0,-150.5,-152.0,-151.5,-148.5,-149.5,-149.0,-152.0,-157.0,-157.0,-157.0,-157.0,-156.5,-157.0,-153.0,-155.5,-157.0,-154.0,-157.0,-157.0,-157.0,-157.0,-155.5,-147.0,-148.0,-150.0,-155.5,-157.0,-155.0,-148.5,-151.0,-157.0,-155.5,-157.0,-153.0,-150.0,-152.0,-157.0,-157.0,-152.0,-153.5,-157.0,-156.5,-150.5,-149.0,-157.0,-147.0,-151.5,-154.0,-154.0,-155.0,-152.0,-148.0,-149.5,-157.0,-157.0,-153.5,-154.5,-154.0,-155.5,-151.5,-152.0,-157.0,-154.5,-154.0,-152.0,-151.0,-154.5,-149.5,-151.0,-148.0,-149.5,-152.0,-151.5,-148.5,-157.0,-155.0,-149.0,-150.5,-154.5,-149.0,-153.5,-152.0,-154.5,-153.5,-152.5,-153.5,-157.0,-153.5,-153.0,-154.0,-157.0,-157.0,-153.5,-150.0,-153.5,-156.0,-152.5,-157.0,-156.5,-149.0,-148.5,-155.5,-151.5,-157.0,-157.0,-151.5,-154.0,-157.0,-155.0,-152.5,-157.0,-157.0,-157.0,-157.0,-157.0,-150.0,-149.5,-153.0,-157.0,-151.5,-156.0,-147.5,-149.5,-157.0,-150.5,-149.0,-150.0,-149.0,-153.0,-152.0,-154.5,-157.0,-157.0,-152.5,-152.5,-155.0,-151.0,-151.5,-152.0,-157.0,-152.5,-152.0,-157.0,-157.0,-147.0
2026-01-16 16:42:28.882,143.050000,5,-77,-157.0,-157.0,-157.0,-156.0,-151.5,-155.5,-145.5,-147.0,-150.0,-149.0,-157.0,-151.0,-153.0,-152.5,-149.0,-150.0,-153.0,-153.0,-157.0,-157.0,-154.5,-157.0,-156.0,-156.5,-157.0,-157.0,-157.0,-149.0,-147.0,-152.0,-152.0,-153.0,-154.0,-152.0,-157.0,-155.5,-152.5,-157.0,-157.0,-155.0,-154.5,-151.0,-150.0,-149.0,-152.5,-154.0,-150.5,-151.0,-152.5,-150.0,-154.5,-156.0,-149.0,-149.5,-153.0,-153.5,-152.5,-151.0,-150.0,-157.0,-156.0,-154.5,-155.0,-156.5,-150.0,-147.0,-155.5,-152.0,-150.5,-157.0,-155.5,-152.0,-155.0,-157.0,-156.5,-152.5,-154.0,-157.0,-150.5,-157.0,-149.5,-146.5,-156.0,-157.0,-156.5,-152.5,-155.0,-151.0,-150.0,-152.0,-153.0,-153.5,-155.5,-155.5,-153.0,-157.0,-154.0,-157.0,-157.0,-152.5,-157.0,-152.0,-152.0,-157.0,-157.0,-157.0,-156.0,-148.5,-148.5,-157.0,-151.5,-153.0,-152.5,-157.0,-157.0,-153.0,-153.0,-156.0,-155.0,-155.0,-157.0,-155.0,-156.5,-151.0,-149.5,-152.0,-157.0,-157.0,-151.5,-149.5,-157.0,-157.0,-157.0,-152.5,-150.5,-153.0,-150.5,-157.0,-155.5,-157.0,-155.0,-155.0,-153.0,-155.0,-157.0,-153.0,-156.0,-155.0,-147.0,-145.5,-151.0,-153.0,-152.5,-157.0,-157.0,-150.5,-155.0,-157.0,-150.5,-151.5,-157.0,-155.5,-154.5,-153.0,-155.5,-157.0,-157.0,-154.0,-155.0,-155.0,-147.5,-144.0,-145.0,-153.5,-154.0,-150.0,-151.5,-157.0,-155.5,-150.5,-152.5,-152.0,-151.5,-154.5,-145.5,-145.0,-152.5,-154.5,-155.5,-149.0,-149.0,-151.5,-149.5,-157.0,-157.0,-153.5,-155.5,-156.0,-151.5,-151.5,-152.0,-155.0,-155.0,-157.0,-157.0,-152.0,-153.5,-152.0,-155.0,-155.5,-152.0,-156.5,-156.5,-151.5,-152.5,-152.5,-153.5,-156.5,-151.0,-151.5,-154.0,-157.0,-157.0,-155.0,-154.5,-154.5,-149.5,-152.0,-148.0,-152.0,-157.0,-157.0,-157.0,-151.5,-153.5,-154.5,-157.0,-150.0,-143.0,-143.0,-157.0,-157.0,-156.5,-154.0,-155.5,-152.0,-157.0,-157.0,-151.5,-152.0,-151.0,-151.0,-152.5,-152.5,-148.5,-148.5,-154.0,-152.5,-155.0,-149.0,-152.5,-153.0,-155.5,-150.5,-157.0,-155.5,-149.5,-157.0,-157.0,-157.0,-151.0,-151.5,-155.5,-157.0,-148.5,-140.0,-131.0,-146.5,-152.5,-152.5,-157.0,-157.0,-157.0,-150.0,-148.0,-152.0,-155.0,-155.0,-156.0,-155.5,-157.0,-152.5,-150.0,-153.0,-152.5,-150.5,-150.0,-155.0,-154.5,-157.0,-154.5,-155.5,-157.0,-157.0,-151.0,-149.0,-153.0,-153.5,-155.5,-157.0,-152.5,-149.0,-154.5,-153.0,-156.5,-157.0,-155.0,-156.0,-156.0,-148.0,-148.0,-150.0,-150.0,-152.0,-151.5,-157.0,-145.5,-146.5,-151.0,-151.0,-151.0,-152.5,-152.0,-150.5,-149.5,-147.0,-153.5,-157.0,-157.0,-153.5,-155.0,-154.0,-157.0,-153.0,-152.5,-153.5,-156.5,-157.0,-157.0,-157.0,-157.0,-157.0,-147.0,-148.5,-152.0,-153.0,-153.0,-156.5,-153.0,-153.5,-157.0,-155.0,-157.0,-154.5,-150.5,-154.0,-157.0,-157.0,-156.5,-157.0,-157.0,-154.0,-150.0,-149.5,-153.5,-148.5,-150.0,-155.5,-153.5,-157.0,-152.0,-149.5,-156.0,-157.0,-157.0,-150.5,-153.0,-149.0,-149.0,-150.0,-156.5,-157.0,-156.5,-150.0,-155.5,-150.0,-151.0,-149.0,-151.0,-150.0,-148.0,-156.5,-148.0,-148.0,-157.0,-154.0,-148.0,-149.0,-151.0,-148.5,-153.5,-153.0,-157.0,-157.0,-157.0,-157.0,-154.5,-152.5,-149.5,-148.5,-157.0,-157.0,-157.0,-154.5,-151.5,-153.5,-155.0,-157.0,-157.0,-151.0,-149.5,-155.0,-149.5,-157.0,-157.0,-150.5,-154.5,-157.0,-157.0,-157.0,-157.0,-153.5,-153.5,-156.5,-156.5,-154.5,-153.0,-153.5,-157.0,-157.0,-157.0,-149.5,-149.0,-152.5,-151.0,-151.5,-149.5,-151.5,-154.0,-152.5,-152.5,-155.5,-154.5,-152.0,-152.0,-154.0,-154.5,-152.5,-149.0,-152.5,-156.0,-151.5,-157.0,-157.0,-147.5
2026-01-16 16:42:28.914,143.050000,5,-77,-157.0,-157.0,-157.0,-155.0,-150.0,-153.5,-148.5,-150.0,-149.5,-148.5,-157.0,-148.5,-153.0,-157.0,-150.0,-152.0,-156.0,-156.0,-157.0,-156.5,-150.5,-151.5,-157.0,-157.0,-156.5,-153.0,-153.5,-151.0,-149.0,-151.0,-153.0,-154.5,-149.5,-149.5,-157.0,-151.5,-151.0,-157.0,-157.0,-157.0,-157.0,-156.5,-149.0,-150.5,-155.5,-153.0,-151.0,-151.0,-149.5,-151.0,-154.5,-157.0,-153.0,-150.5,-149.5,-152.5,-157.0,-154.5,-155.5,-157.0,-152.0,-153.0,-157.0,-157.0,-154.0,-149.5,-157.0,-152.0,-151.5,-157.0,-157.0,-152.0,-153.0,-157.0,-157.0,-153.5,-153.5,-152.0,-149.0,-152.5,-151.0,-149.0,-157.0,-156.5,-154.5,-151.5,-157.0,-150.0,-146.5,-148.0,-157.0,-157.0,-157.0,-157.0,-151.5,-153.0,-154.0,-157.0,-155.5,-149.0,-150.5,-152.5,-155.0,-157.0,-156.0,-155.0,-157.0,-151.5,-150.5,-157.0,-150.5,-157.0,-152.0,-155.5,-156.0,-155.0,-149.5,-157.0,-151.0,-150.0,-154.5,-155.0,-157.0,-155.5,-152.5,-152.5,-157.0,-157.0,-151.5,-151.5,-157.0,-154.0,-154.5,-156.0,-153.0,-149.5,-153.0,-157.0,-150.5,-150.5,-153.0,-153.5,-157.0,-157.0,-157.0,-152.5,-151.5,-152.0,-147.5,-146.5,-149.0,-150.5,-154.5,-157.0,-157.0,-154.5,-157.0,-157.0,-148.5,-149.0,-157.0,-157.0,-156.0,-149.5,-149.0,-154.5,-152.0,-149.5,-155.5,-150.0,-148.5,-145.0,-147.0,-153.0,-156.0,-148.0,-155.0,-156.0,-152.0,-148.5,-157.0,-157.0,-152.5,-157.0,-146.0,-145.0,-151.0,-149.5,-151.5,-150.5,-154.0,-156.5,-155.5,-157.0,-153.5,-149.5,-150.5,-155.0,-149.5,-157.0,-153.5,-157.0,-156.0,-155.5,-157.0,-150.5,-149.5,-157.0,-157.0,-150.5,-149.5,-153.0,-156.5,-155.5,-153.5,-153.0,-157.0,-157.0,-150.5,-151.0,-156.0,-157.0,-157.0,-152.5,-150.0,-150.0,-154.5,-150.0,-151.0,-150.5,-155.5,-156.5,-157.0,-151.0,-151.5,-149.5,-151.5,-152.0,-145.5,-143.5,-156.0,-154.5,-157.0,-153.0,-157.0,-153.0,-157.0,-155.5,-151.0,-153.5,-150.0,-154.0,-154.5,-157.0,-151.5,-150.0,-153.0,-151.5,-153.0,-150.0,-150.0,-151.5,-153.5,-152.5,-151.5,-150.0,-149.0,-155.0,-152.5,-153.0,-154.5,-156.0,-157.0,-157.0,-153.5,-133.5,-131.0,-151.5,-152.0,-151.0,-157.0,-157.0,-154.5,-154.0,-152.0,-154.0,-152.0,-154.5,-157.0,-156.0,-157.0,-154.0,-149.5,-153.5,-151.0,-149.0,-154.5,-153.0,-155.5,-156.0,-154.5,-157.0,-155.5,-157.0,-154.5,-156.0,-154.0,-151.5,-157.0,-156.5,-152.5,-152.0,-151.0,-157.0,-157.0,-156.0,-156.0,-156.0,-156.5,-156.5,-156.0,-153.5,-151.5,-148.0,-148.0,-155.5,-147.5,-149.5,-153.0,-155.5,-152.5,-157.0,-157.0,-150.0,-152.0,-149.5,-154.5,-152.0,-154.5,-151.5,-152.5,-153.0,-152.5,-151.5,-151.5,-148.0,-156.5,-157.0,-153.5,-156.5,-156.5,-157.0,-152.0,-155.0,-154.0,-155.5,-156.5,-157.0,-155.5,-157.0,-157.0,-154.5,-157.0,-157.0,-154.0,-157.0,-157.0,-156.5,-154.0,-154.5,-157.0,-152.0,-149.0,-153.0,-151.5,-151.5,-148.5,-155.0,-155.5,-157.0,-157.0,-156.5,-157.0,-157.0,-154.0,-149.5,-152.0,-149.5,-152.5,-150.5,-157.0,-156.5,-153.0,-148.0,-154.0,-151.0,-156.5,-154.5,-152.0,-151.5,-151.5,-153.0,-151.0,-150.5,-157.0,-155.5,-151.5,-152.0,-151.0,-151.0,-152.0,-151.5,-157.0,-157.0,-157.0,-157.0,-155.0,-153.0,-148.0,-150.0,-157.0,-157.0,-157.0,-157.0,-152.5,-152.5,-156.0,-153.0,-154.5,-152.0,-153.5,-154.0,-152.0,-157.0,-155.0,-151.0,-152.5,-157.0,-157.0,-156.0,-156.0,-151.0,-148.5,-157.0,-152.5,-155.5,-156.5,-154.0,-157.0,-157.0,-157.0,-150.0,-153.5,-148.0,-150.5,-153.0,-152.0,-156.5,-154.5,-156.0,-154.0,-157.0,-151.5,-152.5,-153.0,-152.0,-157.0,-150.0,-148.0,-156.5,-157.0,-153.0,-157.0,-154.0,-149.5
2026-01-16 16:42:28.950,143.050000,5,-77,-157.0,-157.0,-157.0,-157.0,-151.0,-151.0,-155.5,-156.5,-153.0,-153.0,-151.5,-147.5,-150.5,-154.0,-152.0,-157.0,-157.0,-157.0,-157.0,-156.5,-151.0,-154.5,-156.0,-157.0,-156.0,-150.5,-150.5,-154.0,-152.5,-151.5,-152.0,-151.0,-151.0,-149.5,-157.0,-155.5,-153.5,-157.0,-157.0,-157.0,-157.0,-157.0,-154.0,-152.0,-153.0,-155.5,-155.0,-154.0,-153.5,-151.0,-152.0,-154.0,-157.0,-155.5,-152.0,-157.0,-157.0,-153.5,-157.0,-154.5,-154.5,-155.5,-157.0,-157.0,-153.5,-153.0,-153.0,-152.5,-156.0,-157.0,-157.0,-155.0,-154.0,-157.0,-157.0,-152.5,-151.5,-149.5,-150.0,-151.5,-152.5,-150.0,-157.0,-154.0,-157.0,-150.5,-149.5,-149.0,-148.0,-148.0,-157.0,-152.5,-152.5,-155.0,-154.0,-157.0,-155.5,-156.0,-157.0,-148.5,-150.5,-153.5,-155.0,-156.0,-151.5,-151.5,-157.0,-157.0,-152.5,-154.5,-148.5,-153.5,-149.5,-149.5,-156.5,-153.5,-147.5,-157.0,-152.0,-150.0,-151.5,-156.5,-157.0,-157.0,-156.5,-157.0,-157.0,-157.0,-151.5,-155.0,-157.0,-151.0,-152.5,-155.5,-155.0,-153.0,-157.0,-157.0,-151.5,-151.5,-153.0,-152.0,-154.5,-156.5,-157.0,-155.0,-152.5,-154.0,-155.0,-151.5,-151.0,-152.0,-154.0,-155.5,-153.0,-153.0,-157.0,-153.5,-147.5,-148.5,-157.0,-157.0,-152.5,-148.0,-150.0,-157.0,-153.0,-149.0,-151.0,-148.5,-150.0,-149.0,-152.5,-154.0,-155.5,-150.5,-156.5,-157.0,-152.5,-148.5,-155.0,-153.0,-150.5,-156.0,-149.5,-145.0,-153.0,-152.0,-149.5,-151.5,-157.0,-157.0,-157.0,-155.5,-154.0,-152.0,-149.5,-152.0,-150.0,-155.0,-155.5,-157.0,-153.5,-152.5,-157.0,-155.0,-150.5,-152.0,-157.0,-151.5,-154.0,-157.0,-157.0,-153.0,-152.5,-154.5,-156.5,-155.0,-155.0,-157.0,-157.0,-157.0,-155.5,-154.5,-152.5,-155.0,-157.0,-151.5,-157.0,-149.0,-153.5,-154.0,-156.0,-152.0,-152.0,-152.5,-150.5,-157.0,-146.0,-142.0,-149.0,-153.5,-156.0,-155.0,-151.0,-151.5,-157.0,-154.5,-152.5,-157.0,-151.5,-156.5,-157.0,-157.0,-156.5,-152.0,-153.0,-151.5,-153.5,-157.0,-155.0,-157.0,-151.0,-151.5,-149.0,-146.5,-152.5,-157.0,-151.0,-151.0,-157.0,-152.5,-152.0,-154.5,-143.5,-131.5,-133.0,-154.5,-148.0,-147.0,-151.5,-157.0,-154.5,-152.5,-156.0,-153.5,-149.0,-152.5,-157.0,-157.0,-156.0,-157.0,-152.5,-156.5,-155.5,-152.0,-155.5,-151.5,-156.0,-155.0,-153.0,-157.0,-153.0,-157.0,-154.0,-153.5,-157.0,-151.0,-153.5,-151.0,-156.5,-157.0,-154.5,-157.0,-157.0,-152.0,-157.0,-157.0,-151.5,-154.0,-154.5,-156.0,-152.0,-149.0,-151.0,-156.0,-153.5,-151.5,-157.0,-156.0,-157.0,-157.0,-157.0,-149.5,-149.0,-149.0,-157.0,-151.0,-155.5,-152.5,-156.5,-154.0,-151.5,-151.0,-148.5,-146.0,-152.0,-151.0,-150.5,-157.0,-154.0,-157.0,-157.0,-156.5,-153.0,-157.0,-157.0,-157.0,-152.5,-153.5,-157.0,-157.0,-157.0,-157.0,-151.5,-156.5,-157.0,-152.0,-152.5,-154.5,-156.5,-153.0,-149.0,-151.5,-148.5,-155.5,-150.0,-153.0,-156.0,-156.0,-157.0,-157.0,-157.0,-157.0,-154.5,-153.0,-152.5,-153.5,-154.5,-150.5,-157.0,-157.0,-153.5,-149.0,-154.5,-153.0,-152.5,-157.0,-156.0,-152.0,-157.0,-157.0,-152.5,-153.0,-157.0,-157.0,-157.0,-157.0,-153.5,-157.0,-155.0,-155.5,-157.0,-157.0,-157.0,-157.0,-151.5,-153.0,-154.0,-151.5,-151.5,-157.0,-157.0,-157.0,-154.0,-155.0,-157.0,-151.5,-157.0,-154.0,-155.5,-157.0,-156.5,-157.0,-155.0,-154.5,-150.5,-157.0,-157.0,-152.0,-151.5,-148.5,-146.0,-155.5,-148.5,-149.0,-157.0,-153.0,-153.0,-157.0,-157.0,-151.0,-154.0,-149.0,-149.5,-155.0,-152.5,-157.0,-152.5,-157.0,-154.0,-152.0,-149.0,-155.0,-154.0,-153.5,-157.0,-151.5,-150.5,-157.0,-154.5,-150.0,-155.0,-152.0,-148.0
2026-01-16 16:42:28.984,143.050000,5,-77,-157.0,-157.0,-157.0,-157.0,-156.0,-151.0,-153.0,-157.0,-157.0,-157.0,-157.0,-151.0,-153.5,-154.5,-152.5,-157.0,-157.0,-155.0,-155.0,-155.5,-152.5,-156.0,-157.0,-155.5,-153.5,-152.0,-151.0,-155.5,-154.5,-157.0,-154.0,-152.0,-157.0,-152.0,-154.5,-157.0,-156.5,-155.0,-153.5,-150.0,-149.0,-155.0,-157.0,-156.0,-153.5,-156.0,-157.0,-154.0,-157.0,-151.5,-153.0,-153.0,-157.0,-154.0,-157.0,-155.0,-151.0,-150.5,-154.5,-153.5,-156.5,-157.0,-155.5,-153.5,-157.0,-151.0,-153.0,-154.5,-157.0,-157.0,-155.5,-155.5,-156.0,-157.0,-155.0,-153.5,-156.0,-151.5,-154.5,-150.0,-154.0,-150.5,-155.0,-156.0,-151.0,-151.0,-148.0,-148.0,-152.5,-151.0,-157.0,-153.0,-152.0,-157.0,-155.0,-157.0,-156.5,-154.0,-153.0,-152.0,-153.5,-153.0,-151.5,-157.0,-152.0,-153.0,-154.5,-156.5,-155.5,-156.0,-148.5,-156.5,-149.0,-150.0,-157.0,-155.0,-148.5,-157.0,-157.0,-154.5,-154.5,-152.0,-151.0,-157.0,-153.5,-155.5,-157.0,-157.0,-151.5,-151.0,-151.5,-150.5,-153.5,-156.0,-157.0,-155.5,-155.0,-157.0,-157.0,-157.0,-156.5,-150.5,-150.0,-155.0,-154.5,-151.5,-153.0,-152.5,-156.5,-156.5,-157.0,-156.0,-153.0,-151.0,-149.5,-153.5,-157.0,-155.0,-151.5,-151.5,-154.5,-155.5,-150.5,-149.5,-152.5,-157.0,-157.0,-152.5,-153.0,-153.5,-157.0,-151.5,-153.5,-155.0,-157.0,-150.0,-152.5,-157.0,-157.0,-149.5,-151.5,-152.0,-150.5,-154.5,-148.0,-145.5,-152.5,-149.5,-147.0,-151.5,-157.0,-157.0,-153.5,-152.5,-153.5,-151.0,-150.5,-152.5,-155.0,-157.0,-154.5,-157.0,-155.0,-154.0,-151.5,-153.5,-152.5,-151.5,-153.0,-151.0,-157.0,-157.0,-157.0,-151.5,-149.5,-149.5,-153.0,-155.5,-157.0,-154.0,-153.5,-154.5,-150.0,-155.0,-156.5,-157.0,-157.0,-154.0,-149.5,-148.0,-156.0,-151.0,-152.5,-155.0,-155.0,-157.0,-154.5,-156.0,-145.0,-140.5,-146.0,-156.5,-155.5,-154.0,-149.0,-154.5,-157.0,-152.5,-152.0,-154.0,-149.5,-153.5,-153.5,-157.0,-155.5,-148.5,-148.5,-151.0,-151.5,-157.0,-157.0,-157.0,-152.5,-152.0,-149.0,-148.5,-157.0,-155.0,-153.5,-154.0,-157.0,-150.5,-150.5,-152.5,-139.5,-132.0,-136.5,-156.5,-149.5,-150.0,-152.5,-156.0,-152.0,-152.5,-157.0,-157.0,-150.0,-157.0,-157.0,-154.0,-152.0,-157.0,-157.0,-153.0,-152.5,-157.0,-152.5,-152.0,-157.0,-157.0,-154.0,-157.0,-153.5,-155.5,-154.5,-153.0,-157.0,-148.5,-148.0,-147.5,-153.5,-157.0,-157.0,-157.0,-154.0,-149.5,-157.0,-155.0,-151.0,-152.0,-152.0,-157.0,-152.0,-152.0,-155.5,-157.0,-157.0,-151.0,-150.0,-154.0,-155.5,-153.0,-157.0,-151.0,-150.5,-149.5,-155.0,-151.0,-155.0,-157.0,-157.0,-152.0,-153.0,-156.0,-153.5,-147.0,-149.0,-150.0,-152.0,-156.0,-156.0,-155.5,-155.0,-150.0,-150.0,-154.0,-157.0,-153.0,-151.5,-151.5,-157.0,-157.0,-155.0,-151.0,-147.5,-152.0,-157.0,-153.5,-155.0,-157.0,-157.0,-153.5,-148.5,-151.5,-148.5,-152.0,-153.0,-153.5,-151.5,-153.5,-154.0,-151.5,-152.5,-154.0,-152.5,-151.0,-153.5,-157.0,-154.5,-150.5,-154.0,-157.0,-154.5,-154.5,-153.5,-150.0,-150.0,-157.0,-157.0,-153.0,-157.0,-157.0,-150.5,-151.5,-157.0,-157.0,-157.0,-157.0,-151.0,-154.0,-157.0,-157.0,-155.5,-157.0,-154.0,-155.5,-149.5,-151.5,-157.0,-147.0,-148.0,-157.0,-157.0,-157.0,-154.5,-157.0,-157.0,-149.5,-152.0,-157.0,-157.0,-156.5,-154.5,-156.5,-155.0,-153.5,-152.5,-157.0,-156.5,-154.0,-153.0,-148.5,-145.5,-157.0,-148.0,-150.0,-152.5,-154.0,-150.5,-153.5,-156.5,-151.5,-151.5,-154.0,-151.0,-155.5,-153.5,-157.0,-150.5,-157.0,-155.0,-157.0,-149.5,-155.0,-153.0,-157.0,-157.0,-157.0,-157.0,-157.0,-151.5,-147.5,-152.0,-153.5,-148.0
2026-01-16 16:42:29.015,143.050000,5,-77,-157.0,-157.0,-156.5,-154.5,-155.5,-152.0,-153.0,-157.0,-157.0,-157.0,-154.0,-155.0,-156.5,-157.0,-153.5,-153.5,-153.0,-157.0,-153.0,-156.0,-154.5,-155.0,-157.0,-153.5,-152.0,-155.5,-154.5,-153.0,-151.5,-156.0,-153.0,-155.0,-155.0,-154.0,-151.0,-157.0,-157.0,-151.5,-152.0,-149.0,-148.0,-156.0,-153.5,-156.5,-157.0,-155.5,-152.5,-151.5,-153.5,-149.5,-155.0,-156.0,-157.0,-151.0,-150.5,-152.0,-152.5,-151.0,-151.0,-154.0,-156.5,-157.0,-155.0,-154.5,-153.0,-149.5,-157.0,-157.0,-157.0,-150.5,-152.0,-155.0,-157.0,-155.5,-153.5,-153.5,-156.5,-154.0,-151.5,-149.0,-151.5,-150.0,-152.0,-157.0,-148.0,-153.5,-153.5,-153.0,-155.0,-150.5,-155.5,-157.0,-156.5,-157.0,-153.0,-152.0,-155.5,-149.5,-149.5,-154.5,-154.0,-150.5,-153.0,-157.0,-155.0,-152.0,-151.0,-157.0,-157.0,-157.0,-151.0,-157.0,-151.5,-157.0,-157.0,-157.0,-151.0,-157.0,-157.0,-157.0,-157.0,-150.0,-150.0,-151.0,-155.0,-157.0,-157.0,-157.0,-155.5,-151.5,-147.5,-150.5,-156.5,-155.5,-153.5,-150.0,-149.5,-156.0,-156.0,-155.5,-157.0,-153.0,-152.5,-155.5,-155.5,-151.0,-155.5,-154.0,-157.0,-157.0,-157.0,-157.0,-157.0,-155.5,-149.5,-150.0,-150.5,-157.0,-157.0,-157.0,-156.0,-157.0,-157.0,-157.0,-157.0,-157.0,-157.0,-155.5,-155.0,-157.0,-155.5,-153.0,-153.5,-154.5,-152.0,-149.5,-152.0,-154.0,-154.0,-152.0,-151.5,-152.0,-155.0,-157.0,-148.0,-148.0,-150.0,-150.5,-146.5,-154.0,-157.0,-157.0,-153.5,-155.5,-156.0,-153.0,-156.5,-155.5,-157.0,-154.0,-150.0,-152.0,-156.0,-155.0,-149.5,-149.5,-154.0,-155.5,-149.5,-150.0,-157.0,-157.0,-157.0,-150.0,-149.0,-148.0,-152.0,-157.0,-155.0,-149.5,-149.5,-154.0,-149.0,-155.5,-154.0,-153.5,-152.0,-155.5,-150.0,-150.0,-157.0,-152.0,-151.5,-154.5,-153.0,-155.5,-156.5,-150.0,-142.5,-141.0,-150.0,-152.5,-157.0,-150.5,-150.0,-154.0,-153.5,-150.5,-149.5,-148.0,-148.5,-157.0,-153.0,-154.0,-153.0,-152.5,-151.0,-156.0,-156.5,-157.0,-152.0,-153.0,-156.5,-153.5,-154.5,-153.0,-157.0,-153.5,-156.5,-157.0,-157.0,-153.0,-152.0,-148.5,-134.0,-132.0,-141.5,-157.0,-154.5,-156.5,-155.5,-153.5,-149.0,-150.5,-155.0,-149.5,-149.0,-157.0,-157.0,-152.5,-151.5,-157.0,-156.5,-149.0,-149.5,-157.0,-149.5,-151.5,-157.0,-157.0,-154.0,-157.0,-157.0,-157.0,-157.0,-157.0,-157.0,-151.0,-150.0,-146.0,-152.5,-154.5,-157.0,-153.5,-153.5,-150.5,-155.5,-154.5,-152.5,-154.5,-157.0,-157.0,-154.5,-157.0,-157.0,-153.5,-154.5,-153.0,-148.5,-150.5,-151.0,-148.5,-157.0,-157.0,-155.5,-149.5,-154.5,-150.5,-149.5,-157.0,-157.0,-151.0,-151.5,-154.5,-155.5,-153.0,-150.0,-154.0,-152.5,-157.0,-157.0,-153.0,-150.0,-151.0,-152.0,-153.0,-157.0,-151.5,-153.5,-151.5,-151.0,-154.5,-154.5,-146.0,-146.0,-151.0,-157.0,-157.0,-157.0,-156.0,-157.0,-153.0,-150.0,-157.0,-147.5,-150.0,-157.0,-153.0,-153.5,-153.0,-155.0,-153.0,-150.0,-150.5,-154.5,-149.5,-154.0,-154.0,-154.0,-151.5,-155.0,-155.0,-157.0,-157.0,-153.0,-148.5,-148.0,-150.5,-155.0,-156.0,-157.0,-154.0,-153.5,-152.5,-157.0,-157.0,-152.0,-156.5,-148.0,-148.0,-151.0,-155.0,-153.5,-154.5,-154.0,-150.5,-151.5,-156.0,-157.0,-147.5,-149.0,-153.5,-152.0,-156.5,-157.0,-153.0,-155.5,-149.0,-150.0,-157.0,-156.0,-155.0,-155.5,-156.0,-157.0,-157.0,-157.0,-157.0,-157.0,-157.0,-156.5,-156.5,-147.0,-151.0,-149.5,-149.0,-152.5,-154.0,-148.0,-147.5,-150.0,-154.0,-155.5,-157.0,-154.0,-155.0,-156.0,-157.0,-152.0,-157.0,-153.5,-152.5,-151.5,-149.5,-150.0,-156.5,-157.0,-157.0,-157.0,-153.5,-155.0,-150.0,-152.5,-154.0,-151.5
2026-01-16 16:42:29.050,143.050000,5,-77,-157.0,-157.0,-153.0,-151.5,-154.0,-156.0,-156.0,-157.0,-155.0,-154.0,-152.0,-157.0,-156.0,-157.0,-157.0,-153.0,-149.5,-156.0,-152.5,-157.0,-154.5,-153.5,-157.0,-157.0,-155.0,-157.0,-154.0,-149.0,-148.5,-154.0,-156.0,-157.0,-153.0,-152.5,-152.0,-157.0,-155.5,-153.0,-157.0,-152.0,-152.5,-154.5,-150.5,-151.5,-152.5,-157.0,-154.0,-153.0,-153.0,-150.5,-156.5,-157.0,-155.5,-149.5,-148.5,-157.0,-157.0,-157.0,-149.5,-151.5,-157.0,-154.0,-154.0,-154.5,-152.5,-150.0,-157.0,-157.0,-157.0,-149.5,-154.0,-154.0,-157.0,-154.0,-153.0,-150.5,-153.5,-153.0,-153.0,-153.0,-151.5,-153.0,-155.0,-157.0,-150.0,-155.5,-156.0,-157.0,-151.5,-150.0,-154.0,-157.0,-157.0,-157.0,-155.5,-155.0,-155.5,-147.0,-149.0,-152.5,-150.5,-149.0,-155.5,-157.0,-157.0,-150.0,-152.5,-153.5,-157.0,-156.5,-151.0,-152.0,-150.0,-157.0,-157.0,-157.0,-150.0,-157.0,-157.0,-157.0,-157.0,-150.0,-155.5,-150.0,-157.0,-156.5,-157.0,-156.0,-157.0,-155.5,-147.0,-147.0,-155.5,-156.5,-154.0,-151.0,-147.5,-155.0,-154.5,-154.0,-157.0,-156.5,-153.0,-153.5,-154.0,-153.5,-154.5,-154.5,-152.0,-151.5,-151.5,-157.0,-157.0,-152.5,-150.5,-150.5,-153.0,-155.0,-157.0,-157.0,-153.5,-153.0,-157.0,-156.0,-157.0,-157.0,-157.0,-157.0,-154.0,-157.0,-154.5,-152.0,-154.5,-150.5,-149.0,-151.0,-150.0,-151.0,-154.5,-154.5,-154.0,-153.5,-153.0,-157.0,-150.5,-150.5,-154.0,-157.0,-152.0,-157.0,-157.0,-157.0,-154.5,-152.5,-154.0,-154.5,-157.0,-154.0,-157.0,-157.0,-150.5,-157.0,-157.0,-154.0,-155.0,-151.0,-152.0,-154.0,-151.0,-157.0,-157.0,-157.0,-153.5,-148.5,-149.0,-151.5,-153.0,-157.0,-156.0,-152.0,-153.5,-157.0,-149.5,-155.0,-154.5,-150.0,-147.5,-153.5,-156.5,-153.0,-156.5,-154.5,-155.0,-157.0,-152.5,-155.5,-156.0,-151.5,-144.5,-141.5,-153.0,-155.5,-156.5,-148.5,-151.5,-154.5,-151.5,-152.0,-151.0,-147.5,-155.5,-157.0,-155.0,-157.0,-153.5,-157.0,-152.5,-153.0,-157.0,-157.0,-150.0,-153.0,-154.5,-155.0,-152.0,-153.5,-157.0,-155.5,-157.0,-156.5,-156.0,-157.0,-153.5,-144.0,-131.0,-133.0,-153.5,-152.0,-157.0,-151.5,-152.0,-154.0,-152.0,-156.0,-157.0,-148.0,-148.5,-155.0,-154.0,-157.0,-153.0,-154.0,-151.0,-151.5,-152.0,-157.0,-152.5,-150.5,-154.5,-157.0,-154.5,-155.5,-155.5,-157.0,-154.5,-155.5,-157.0,-152.0,-153.5,-150.0,-156.0,-152.0,-152.5,-154.0,-157.0,-154.5,-154.5,-157.0,-155.5,-151.0,-156.0,-157.0,-156.0,-157.0,-157.0,-155.0,-157.0,-157.0,-152.0,-151.5,-152.0,-149.0,-156.0,-157.0,-152.0,-150.5,-157.0,-151.0,-149.5,-152.5,-157.0,-154.5,-151.5,-151.0,-152.5,-156.5,-151.0,-152.5,-149.0,-156.5,-157.0,-156.0,-154.0,-154.5,-157.0,-156.0,-157.0,-156.5,-156.0,-154.0,-154.0,-154.5,-157.0,-147.5,-152.5,-155.5,-156.5,-157.0,-157.0,-157.0,-157.0,-154.0,-153.5,-157.0,-148.5,-156.0,-152.0,-148.5,-149.0,-150.5,-152.0,-154.0,-152.0,-150.5,-157.0,-151.0,-152.5,-151.0,-151.5,-152.5,-154.5,-155.5,-154.0,-157.0,-157.0,-157.0,-148.5,-147.0,-153.5,-154.0,-156.5,-154.5,-157.0,-155.5,-154.5,-152.5,-152.0,-150.5,-148.5,-153.5,-149.5,-157.0,-152.5,-154.0,-157.0,-150.0,-156.5,-157.0,-157.0,-152.0,-153.5,-157.0,-150.0,-157.0,-157.0,-151.5,-157.0,-152.5,-151.0,-157.0,-157.0,-156.0,-157.0,-155.5,-153.5,-157.0,-155.5,-155.0,-156.0,-157.0,-155.0,-153.5,-150.0,-152.0,-150.0,-148.0,-153.0,-149.0,-150.0,-149.5,-150.5,-154.5,-157.0,-157.0,-157.0,-157.0,-157.0,-157.0,-154.0,-153.5,-154.0,-151.5,-153.5,-150.0,-148.0,-155.0,-155.5,-156.5,-157.0,-151.5,-152.0,-156.5,-150.0,-151.5,-154.0
2026-01-16 16:42:29.085,143.050000,5,-77,-157.0,-157.0,-151.5,-149.5,-150.0,-156.0,-154.0,-154.5,-157.0,-157.0,-156.5,-157.0,-154.5,-157.0,-157.0,-151.5,-149.0,-154.0,-152.5,-157.0,-154.5,-154.5,-155.5,-156.5,-157.0,-157.0,-150.5,-152.0,-153.5,-156.0,-157.0,-157.0,-154.0,-152.0,-157.0,-157.0,-155.0,-154.0,-157.0,-153.0,-153.5,-152.0,-151.5,-152.0,-152.0,-157.0,-157.0,-157.0,-157.0,-153.5,-150.5,-151.0,-151.0,-151.5,-152.0,-157.0,-156.0,-157.0,-152.0,-153.5,-155.5,-157.0,-153.0,-149.5,-154.5,-151.0,-157.0,-154.5,-157.0,-148.5,-149.0,-155.0,-154.0,-152.0,-157.0,-152.0,-149.0,-155.0,-150.0,-156.0,-156.0,-156.0,-156.5,-157.0,-156.5,-155.0,-152.5,-153.0,-149.0,-154.5,-153.0,-154.0,-157.0,-157.0,-156.0,-157.0,-157.0,-148.0,-152.5,-152.0,-155.5,-151.5,-157.0,-157.0,-157.0,-150.5,-152.0,-152.0,-157.0,-155.5,-149.5,-149.0,-149.5,-157.0,-152.5,-148.0,-146.5,-154.0,-157.0,-157.0,-155.0,-150.0,-150.5,-154.0,-157.0,-152.5,-155.5,-157.0,-157.0,-154.0,-149.5,-148.5,-154.5,-152.5,-157.0,-153.5,-149.5,-152.5,-157.0,-156.5,-157.0,-156.0,-152.0,-155.0,-153.0,-154.5,-157.0,-153.5,-150.5,-150.5,-150.0,-157.0,-155.0,-151.0,-154.5,-151.5,-157.0,-156.0,-153.0,-155.5,-151.0,-149.5,-148.5,-147.5,-148.5,-156.0,-157.0,-154.5,-153.0,-156.0,-157.0,-154.5,-152.5,-147.0,-147.5,-156.5,-152.5,-154.5,-154.5,-155.0,-151.5,-149.5,-148.0,-154.0,-149.0,-147.5,-157.0,-156.0,-156.0,-153.0,-157.0,-157.0,-151.5,-148.5,-150.0,-152.0,-157.0,-153.5,-157.0,-157.0,-151.0,-157.0,-156.0,-157.0,-157.0,-156.0,-154.5,-155.5,-154.0,-153.0,-151.5,-157.0,-152.5,-151.5,-151.0,-157.0,-157.0,-157.0,-150.5,-153.5,-153.5,-152.0,-150.0,-151.0,-157.0,-152.5,-148.0,-154.5,-156.5,-152.0,-153.0,-154.5,-157.0,-157.0,-154.0,-156.5,-157.0,-153.5,-144.5,-141.5,-150.5,-157.0,-154.0,-149.5,-150.5,-157.0,-153.0,-154.5,-149.5,-147.5,-156.0,-157.0,-157.0,-155.0,-151.0,-157.0,-153.5,-151.0,-157.0,-157.0,-150.5,-153.5,-153.0,-154.0,-149.5,-153.0,-157.0,-152.5,-156.5,-156.0,-156.0,-155.5,-151.5,-138.5,-131.0,-136.0,-151.5,-149.0,-151.5,-153.5,-149.5,-153.0,-156.5,-155.0,-157.0,-151.5,-150.5,-154.0,-153.0,-156.0,-149.0,-148.5,-148.0,-155.5,-156.5,-157.0,-154.5,-155.0,-151.0,-153.5,-155.5,-152.5,-150.0,-148.0,-147.0,-151.0,-153.5,-153.0,-155.0,-157.0,-157.0,-154.0,-153.5,-154.0,-157.0,-157.0,-157.0,-157.0,-155.0,-148.0,-150.0,-153.0,-155.0,-153.0,-155.0,-155.0,-157.0,-157.0,-156.0,-154.0,-155.5,-152.5,-155.0,-157.0,-157.0,-153.0,-155.5,-154.0,-153.5,-155.0,-157.0,-153.5,-150.0,-149.0,-154.5,-153.5,-156.5,-151.0,-150.0,-153.0,-152.0,-152.5,-157.0,-157.0,-157.0,-154.0,-152.5,-156.0,-156.5,-156.0,-156.5,-154.5,-157.0,-150.5,-155.5,-157.0,-153.5,-157.0,-156.0,-157.0,-157.0,-153.0,-157.0,-156.5,-150.5,-153.0,-147.5,-146.5,-146.5,-152.5,-154.5,-153.0,-157.0,-152.0,-157.0,-153.5,-150.0,-153.0,-157.0,-156.5,-157.0,-149.5,-148.5,-154.5,-157.0,-157.0,-157.0,-148.0,-155.0,-152.0,-155.5,-153.5,-156.0,-152.5,-157.0,-155.5,-157.0,-154.5,-151.5,-157.0,-148.5,-151.0,-152.5,-157.0,-157.0,-151.0,-155.5,-157.0,-157.0,-155.0,-153.0,-156.0,-148.5,-151.0,-155.5,-151.5,-153.0,-157.0,-153.5,-157.0,-157.0,-156.0,-157.0,-156.5,-152.0,-152.5,-155.0,-152.0,-151.5,-153.5,-155.5,-150.0,-150.5,-153.5,-154.5,-150.0,-149.0,-148.5,-152.5,-154.0,-152.0,-149.5,-156.0,-156.5,-156.0,-157.0,-157.0,-157.0,-154.5,-150.5,-157.0,-151.5,-151.5,-157.0,-149.5,-152.5,-154.0,-155.5,-154.0,-151.5,-153.0,-149.0,-147.5,-153.5,-156.5
2026-01-16 16:42:29.120,143.050000,5,-77,-157.0,-157.0,-153.0,-149.5,-150.5,-156.0,-155.0,-157.0,-157.0,-157.0,-157.0,-152.0,-150.0,-156.5,-157.0,-150.0,-150.5,-157.0,-155.5,-157.0,-157.0,-157.0,-157.0,-151.5,-152.5,-152.0,-152.0,-155.0,-157.0,-157.0,-155.0,-157.0,-155.5,-157.0,-154.5,-154.0,-157.0,-154.5,-156.5,-152.5,-148.5,-155.0,-154.0,-154.5,-156.5,-154.5,-157.0,-156.0,-157.0,-155.0,-149.0,-149.5,-153.5,-157.0,-157.0,-157.0,-155.0,-157.0,-156.5,-157.0,-157.0,-155.5,-150.0,-149.0,-156.5,-152.0,-157.0,-152.5,-155.0,-149.0,-149.5,-157.0,-156.0,-153.0,-156.0,-152.5,-148.5,-156.5,-149.5,-155.0,-153.5,-155.0,-157.0,-157.0,-157.0,-155.0,-157.0,-149.5,-147.5,-152.0,-157.0,-153.0,-157.0,-154.0,-151.5,-155.0,-151.0,-147.0,-157.0,-156.5,-157.0,-156.5,-157.0,-155.5,-156.5,-153.0,-151.0,-152.5,-157.0,-154.0,-149.5,-150.0,-153.5,-151.5,-147.5,-145.0,-148.0,-148.0,-154.0,-157.0,-157.0,-153.0,-153.0,-157.0,-157.0,-147.5,-147.5,-155.5,-157.0,-151.0,-155.0,-153.0,-151.0,-148.5,-157.0,-151.5,-152.5,-153.5,-155.0,-155.0,-157.0,-156.5,-152.5,-153.5,-151.5,-151.0,-152.0,-149.0,-150.0,-154.0,-151.5,-152.5,-156.5,-149.0,-151.5,-149.0,-151.0,-157.0,-151.5,-151.0,-155.5,-149.0,-147.5,-148.0,-147.0,-150.5,-153.0,-153.5,-153.5,-156.0,-157.0,-157.0,-153.5,-148.5,-150.0,-157.0,-154.5,-157.0,-153.0,-150.0,-149.5,-150.5,-150.0,-154.0,-150.0,-148.5,-150.5,-155.5,-153.5,-153.0,-157.0,-153.0,-157.0,-150.5,-153.5,-149.5,-152.5,-154.5,-157.0,-154.0,-150.5,-150.0,-156.5,-157.0,-155.5,-157.0,-157.0,-157.0,-157.0,-151.5,-150.0,-157.0,-157.0,-156.5,-151.5,-157.0,-157.0,-157.0,-149.0,-151.5,-149.5,-152.0,-157.0,-154.0,-157.0,-153.5,-149.5,-151.5,-149.0,-149.0,-152.0,-156.0,-157.0,-157.0,-155.5,-154.0,-154.0,-154.0,-142.0,-141.5,-157.0,-157.0,-153.5,-152.5,-153.0,-155.0,-155.5,-156.5,-149.0,-149.5,-152.0,-154.0,-152.5,-157.0,-149.0,-156.5,-157.0,-154.0,-157.0,-153.5,-153.0,-155.5,-152.0,-150.5,-150.5,-151.0,-150.0,-151.5,-148.0,-150.5,-157.0,-156.0,-147.5,-133.0,-130.5,-142.5,-152.0,-150.0,-153.5,-153.0,-151.0,-156.5,-156.5,-152.0,-157.0,-156.0,-154.5,-157.0,-156.5,-152.5,-149.5,-149.0,-149.0,-152.0,-157.0,-152.5,-151.5,-157.0,-151.5,-154.5,-157.0,-153.0,-151.0,-147.5,-146.0,-150.5,-154.0,-157.0,-157.0,-157.0,-157.0,-152.5,-152.5,-154.0,-157.0,-157.0,-156.0,-157.0,-152.5,-150.0,-150.0,-150.0,-157.0,-154.0,-153.5,-153.5,-157.0,-157.0,-157.0,-157.0,-156.0,-153.5,-152.5,-157.0,-157.0,-156.5,-157.0,-156.5,-156.0,-157.0,-157.0,-154.0,-156.5,-150.0,-153.5,-155.0,-157.0,-156.5,-157.0,-154.0,-152.5,-150.0,-151.0,-157.0,-156.0,-151.0,-149.0,-152.0,-156.5,-157.0,-156.0,-154.0,-155.0,-152.0,-157.0,-151.0,-149.5,-154.5,-152.5,-152.5,-155.5,-151.0,-154.0,-157.0,-155.5,-153.5,-150.0,-152.5,-148.5,-155.0,-154.5,-157.0,-157.0,-154.0,-157.0,-152.0,-148.0,-155.5,-154.5,-154.5,-153.5,-149.5,-150.5,-154.0,-154.0,-157.0,-151.0,-148.5,-152.5,-154.5,-152.5,-153.5,-150.5,-149.5,-157.0,-157.0,-155.5,-156.5,-151.0,-150.5,-149.0,-154.0,-157.0,-157.0,-156.5,-150.0,-155.5,-153.5,-154.0,-153.5,-154.0,-157.0,-152.0,-153.5,-157.0,-154.5,-151.0,-154.0,-153.5,-157.0,-154.5,-155.0,-157.0,-157.0,-153.0,-154.5,-157.0,-152.5,-150.0,-150.0,-157.0,-156.0,-153.5,-153.5,-155.5,-156.0,-151.0,-156.5,-154.5,-156.5,-152.0,-148.0,-156.0,-157.0,-157.0,-157.0,-156.0,-157.0,-153.0,-152.5,-157.0,-153.5,-156.0,-157.0,-154.0,-150.0,-153.0,-157.0,-153.5,-153.0,-153.0,-148.5,-149.5,-153.0,-157.0
2026-01-16 16:42:29.153,143.050000,5,-77,-157.0,-157.0,-152.0,-151.5,-150.5,-157.0,-155.0,-157.0,-156.0,-157.0,-154.0,-150.5,-152.0,-153.5,-157.0,-153.0,-152.5,-157.0,-157.0,-152.0,-151.0,-156.0,-156.0,-154.0,-152.5,-153.0,-152.0,-156.0,-156.5,-157.0,-154.0,-157.0,-152.5,-153.0,-149.0,-149.5,-151.5,-151.5,-152.5,-150.0,-147.5,-153.5,-155.5,-157.0,-157.0,-152.0,-157.0,-154.5,-157.0,-157.0,-154.0,-153.5,-157.0,-157.0,-157.0,-157.0,-157.0,-157.0,-157.0,-157.0,-152.5,-150.5,-149.5,-157.0,-155.0,-156.0,-157.0,-153.5,-157.0,-150.5,-150.0,-152.5,-153.5,-154.0,-154.5,-149.0,-147.5,-153.0,-148.5,-151.5,-152.0,-152.5,-157.0,-157.0,-154.5,-153.5,-157.0,-154.5,-151.0,-155.5,-154.0,-152.0,-157.0,-150.5,-151.5,-154.0,-153.5,-150.0,-149.0,-156.0,-157.0,-157.0,-157.0,-156.0,-156.0,-153.5,-155.0,-155.5,-157.0,-157.0,-152.0,-152.0,-151.0,-148.0,-152.0,-148.5,-150.5,-149.5,-149.5,-157.0,-156.0,-152.0,-151.5,-152.5,-156.0,-148.5,-148.0,-151.5,-157.0,-149.5,-157.0,-154.5,-155.5,-148.5,-152.0,-151.5,-153.0,-156.5,-151.5,-155.5,-157.0,-157.0,-153.5,-157.0,-157.0,-156.0,-150.5,-153.0,-154.0,-151.5,-152.5,-155.0,-153.0,-148.5,-149.0,-148.5,-149.0,-157.0,-153.5,-150.5,-157.0,-153.5,-150.5,-157.0,-149.5,-148.0,-151.0,-153.0,-154.0,-156.5,-157.0,-155.0,-154.5,-154.0,-156.5,-157.0,-155.0,-156.0,-157.0,-152.0,-151.5,-150.5,-153.0,-153.0,-157.0,-154.5,-149.5,-151.5,-152.5,-153.0,-157.0,-150.0,-157.0,-155.0,-157.0,-150.0,-150.0,-157.0,-157.0,-153.5,-153.5,-149.0,-157.0,-157.0,-157.0,-157.0,-154.5,-152.0,-154.0,-157.0,-151.0,-157.0,-157.0,-157.0,-151.0,-151.5,-153.0,-157.0,-151.5,-157.0,-150.5,-153.0,-157.0,-155.0,-152.0,-151.5,-151.0,-154.5,-149.5,-148.0,-151.0,-153.5,-157.0,-157.0,-154.5,-157.0,-153.5,-149.5,-144.0,-142.0,-153.0,-152.5,-152.5,-157.0,-156.0,-154.0,-157.0,-157.0,-152.0,-157.0,-151.5,-151.0,-148.0,-150.0,-146.0,-148.0,-156.0,-157.0,-150.5,-149.5,-155.5,-151.5,-147.5,-148.0,-157.0,-148.0,-146.5,-152.5,-147.5,-149.0,-157.0,-157.0,-144.0,-131.0,-132.5,-149.5,-150.5,-152.0,-156.0,-152.5,-157.0,-157.0,-157.0,-150.5,-151.5,-157.0,-155.5,-157.0,-153.0,-152.5,-156.5,-154.0,-147.5,-150.0,-157.0,-154.5,-156.5,-156.5,-153.0,-157.0,-154.0,-154.5,-153.5,-151.0,-153.0,-154.0,-153.5,-157.0,-157.0,-153.5,-152.0,-151.0,-155.5,-153.5,-153.0,-150.5,-153.5,-157.0,-152.0,-154.0,-151.0,-153.0,-153.5,-157.0,-154.5,-150.0,-152.5,-157.0,-157.0,-157.0,-157.0,-149.5,-149.5,-154.5,-155.0,-154.5,-156.0,-154.5,-152.5,-157.0,-157.0,-154.5,-153.5,-150.0,-151.5,-152.5,-156.0,-157.0,-157.0,-152.0,-152.5,-151.0,-149.0,-157.0,-157.0,-157.0,-150.5,-154.0,-157.0,-157.0,-157.0,-156.0,-153.5,-153.5,-152.5,-151.5,-150.0,-155.5,-152.0,-154.5,-156.0,-151.5,-153.0,-156.5,-153.5,-155.5,-154.0,-153.0,-152.5,-154.5,-152.5,-157.0,-157.0,-154.0,-154.0,-152.5,-147.5,-154.5,-152.0,-154.0,-149.0,-150.5,-153.0,-152.0,-149.0,-150.5,-149.5,-151.0,-156.5,-157.0,-153.0,-157.0,-152.5,-152.0,-155.0,-157.0,-154.0,-153.0,-151.0,-148.0,-152.5,-157.0,-157.0,-152.5,-149.0,-148.5,-153.5,-154.0,-153.0,-155.0,-152.0,-156.0,-157.0,-155.0,-155.5,-157.0,-153.0,-152.5,-151.5,-157.0,-151.5,-156.5,-157.0,-157.0,-156.5,-157.0,-157.0,-156.5,-151.5,-154.0,-152.5,-155.5,-157.0,-157.0,-157.0,-157.0,-153.0,-155.0,-153.5,-151.0,-155.5,-151.5,-157.0,-155.5,-157.0,-157.0,-156.5,-157.0,-152.5,-155.0,-150.5,-153.5,-157.0,-155.0,-151.0,-149.5,-156.5,-157.0,-155.5,-156.5,-151.5,-153.0,-156.0,-155.0,-157.0
2026-01-16 16:42:29.185,143.050000,5,-77,-157.0,-157.0,-153.0,-154.5,-151.0,-156.5,-151.0,-151.5,-155.5,-157.0,-157.0,-153.0,-157.0,-154.0,-157.0,-157.0,-156.0,-157.0,-157.0,-148.5,-147.5,-155.0,-152.5,-153.5,-155.5,-156.5,-152.0,-154.0,-157.0,-156.0,-155.5,-157.0,-154.0,-150.5,-151.5,-153.0,-153.0,-153.5,-155.0,-148.5,-149.5,-154.5,-157.0,-157.0,-152.0,-151.0,-157.0,-157.0,-155.5,-157.0,-157.0,-155.5,-155.0,-152.5,-150.5,-151.0,-156.0,-157.0,-157.0,-157.0,-152.0,-154.0,-152.0,-153.5,-157.0,-157.0,-155.5,-153.0,-157.0,-153.0,-152.5,-150.5,-150.0,-155.5,-156.5,-149.0,-149.0,-152.5,-152.0,-153.5,-156.5,-151.5,-155.0,-157.0,-154.0,-155.0,-157.0,-155.0,-152.5,-156.0,-150.0,-152.0,-157.0,-151.0,-153.0,-157.0,-157.0,-152.5,-146.5,-149.0,-157.0,-157.0,-157.0,-157.0,-157.0,-153.0,-155.5,-156.5,-157.0,-157.0,-157.0,-157.0,-153.0,-150.5,-154.0,-153.5,-152.0,-157.0,-151.0,-157.0,-157.0,-150.0,-153.0,-154.5,-157.0,-157.0,-155.0,-153.5,-157.0,-150.0,-155.5,-155.5,-157.0,-150.0,-150.5,-157.0,-152.0,-157.0,-153.0,-152.5,-154.5,-157.0,-155.5,-155.5,-155.5,-157.0,-151.5,-157.0,-154.0,-149.0,-151.5,-157.0,-155.5,-154.5,-155.0,-149.0,-149.0,-157.0,-155.0,-152.0,-155.0,-157.0,-156.0,-157.0,-153.0,-149.5,-154.0,-157.0,-151.5,-150.5,-155.5,-157.0,-153.0,-154.5,-157.0,-157.0,-157.0,-157.0,-157.0,-154.0,-154.5,-153.5,-155.0,-157.0,-153.0,-150.5,-151.5,-155.5,-154.0,-156.5,-155.0,-146.0,-148.5,-152.0,-154.5,-155.5,-154.5,-155.5,-151.0,-148.5,-157.0,-150.0,-157.0,-157.0,-155.0,-157.0,-151.5,-149.5,-149.5,-156.5,-151.5,-152.0,-152.0,-152.0,-151.5,-153.0,-153.5,-157.0,-152.0,-157.0,-155.0,-156.5,-155.5,-157.0,-150.5,-154.0,-155.0,-153.5,-152.0,-150.5,-153.0,-156.0,-157.0,-157.0,-152.5,-156.0,-157.0,-149.5,-144.0,-142.5,-153.5,-151.0,-151.5,-156.0,-157.0,-156.5,-157.0,-157.0,-153.0,-156.0,-151.0,-152.0,-148.0,-149.0,-148.0,-148.5,-157.0,-154.0,-146.0,-147.0,-157.0,-152.5,-149.0,-149.0,-157.0,-149.5,-148.5,-151.0,-150.5,-152.5,-154.5,-157.0,-139.0,-132.5,-138.5,-149.5,-150.0,-156.0,-151.5,-155.0,-157.0,-157.0,-157.0,-153.5,-151.5,-154.0,-155.0,-157.0,-151.0,-153.5,-157.0,-154.0,-146.5,-148.0,-157.0,-157.0,-157.0,-156.0,-148.5,-149.0,-148.5,-152.0,-150.5,-152.5,-157.0,-157.0,-149.5,-152.5,-157.0,-154.5,-152.0,-154.5,-153.0,-150.5,-150.5,-148.5,-154.0,-157.0,-152.0,-157.0,-152.5,-155.0,-152.5,-156.0,-156.0,-147.5,-149.5,-157.0,-152.0,-157.0,-154.5,-151.0,-154.5,-155.5,-154.0,-155.0,-156.0,-152.5,-150.5,-157.0,-154.5,-152.5,-155.5,-157.0,-155.0,-150.5,-154.5,-157.0,-151.5,-151.0,-152.0,-154.5,-151.5,-157.0,-157.0,-157.0,-156.5,-154.5,-156.0,-155.0,-155.0,-156.5,-155.0,-153.5,-150.5,-151.5,-150.5,-154.0,-152.0,-157.0,-155.0,-154.0,-154.0,-150.5,-152.0,-153.0,-154.5,-150.5,-156.5,-154.5,-151.0,-157.0,-157.0,-154.5,-149.0,-149.5,-148.5,-156.5,-153.5,-157.0,-151.0,-156.0,-152.5,-155.0,-150.0,-154.5,-152.5,-155.5,-157.0,-157.0,-152.0,-155.5,-157.0,-155.0,-152.5,-156.5,-154.0,-151.5,-151.5,-151.0,-155.5,-153.5,-151.5,-151.5,-147.0,-149.0,-154.0,-154.0,-151.5,-155.0,-148.5,-152.0,-157.0,-151.0,-155.0,-157.0,-157.0,-157.0,-153.0,-156.5,-151.5,-154.5,-157.0,-157.0,-157.0,-157.0,-157.0,-157.0,-155.5,-154.0,-148.5,-151.0,-157.0,-157.0,-157.0,-157.0,-156.5,-153.5,-151.0,-150.0,-155.0,-157.0,-155.0,-153.0,-153.5,-154.0,-157.0,-157.0,-152.0,-152.0,-150.0,-152.5,-157.0,-150.5,-147.0,-148.5,-157.0,-153.5,-154.0,-154.0,-153.0,-155.5,-156.5,-157.0,-157.0
2026-01-16 16:42:29.217,143.050000,5,-77,-157.0,-157.0,-153.0,-152.0,-153.5,-156.5,-148.5,-148.0,-151.0,-157.0,-157.0,-155.0,-155.5,-155.5,-157.0,-157.0,-157.0,-157.0,-157.0,-150.5,-148.0,-157.0,-152.0,-154.0,-156.5,-157.0,-150.5,-152.5,-153.5,-153.0,-157.0,-157.0,-157.0,-152.0,-153.5,-157.0,-155.0,-157.0,-157.0,-151.5,-154.0,-156.5,-157.0,-157.0,-153.5,-152.5,-157.0,-155.5,-154.5,-157.0,-157.0,-157.0,-155.5,-152.0,-149.0,-149.0,-155.0,-157.0,-154.5,-156.5,-155.0,-157.0,-157.0,-154.5,-154.0,-157.0,-157.0,-157.0,-154.5,-157.0,-153.5,-150.5,-152.5,-156.5,-157.0,-153.5,-157.0,-157.0,-154.5,-157.0,-157.0,-150.5,-149.5,-152.5,-154.5,-157.0,-157.0,-152.5,-153.5,-151.5,-150.5,-153.5,-157.0,-155.0,-157.0,-156.5,-151.5,-150.0,-148.0,-148.5,-157.0,-157.0,-157.0,-157.0,-157.0,-153.0,-150.5,-152.0,-157.0,-157.0,-156.5,-157.0,-155.5,-157.0,-155.0,-152.0,-154.5,-157.0,-148.0,-150.5,-157.0,-152.0,-154.5,-156.5,-157.0,-157.0,-152.5,-151.5,-157.0,-153.5,-153.0,-154.5,-157.0,-156.0,-154.5,-157.0,-151.0,-151.5,-157.0,-151.0,-151.0,-157.0,-157.0,-152.5,-150.0,-153.5,-148.0,-149.0,-150.0,-149.5,-153.5,-155.5,-157.0,-157.0,-157.0,-149.5,-148.5,-150.0,-153.0,-156.5,-151.5,-152.5,-154.0,-157.0,-152.0,-152.0,-157.0,-155.0,-151.5,-151.0,-156.5,-157.0,-152.5,-157.0,-157.0,-155.0,-155.5,-157.0,-152.0,-151.0,-154.5,-155.0,-157.0,-157.0,-148.5,-147.0,-157.0,-155.5,-155.5,-157.0,-155.0,-144.0,-145.0,-151.5,-150.0,-157.0,-157.0,-157.0,-153.0,-147.5,-150.5,-150.0,-152.0,-151.5,-150.5,-152.5,-151.0,-152.0,-150.5,-150.5,-152.5,-146.0,-146.0,-151.5,-152.0,-157.0,-156.5,-156.5,-148.0,-149.5,-157.0,-157.0,-155.5,-156.5,-152.5,-155.0,-157.0,-156.0,-156.5,-151.5,-157.0,-157.0,-157.0,-152.0,-152.0,-154.5,-156.0,-157.0,-146.5,-145.0,-157.0,-156.0,-148.5,-149.0,-154.0,-152.0,-156.5,-157.0,-150.0,-149.0,-151.5,-157.0,-149.5,-151.5,-153.5,-155.5,-157.0,-154.5,-149.0,-150.5,-157.0,-156.0,-157.0,-152.5,-157.0,-153.5,-154.5,-156.0,-154.0,-157.0,-149.0,-149.5,-135.5,-132.5,-144.5,-150.5,-153.5,-156.0,-150.5,-151.5,-154.5,-157.0,-157.0,-156.0,-154.0,-153.5,-154.5,-157.0,-153.0,-156.0,-157.0,-157.0,-150.0,-148.0,-157.0,-153.0,-151.5,-157.0,-146.5,-146.5,-149.5,-153.0,-151.0,-153.0,-157.0,-156.0,-148.5,-151.5,-154.0,-155.0,-157.0,-157.0,-151.0,-153.0,-156.5,-153.0,-154.5,-155.5,-149.5,-156.0,-152.0,-151.5,-151.5,-154.0,-151.0,-149.0,-152.5,-154.0,-149.5,-156.5,-154.0,-156.0,-155.5,-155.5,-151.5,-157.0,-157.0,-151.5,-149.5,-157.0,-155.5,-153.0,-157.0,-157.0,-157.0,-153.0,-156.0,-153.5,-151.0,-151.5,-148.5,-149.5,-152.5,-157.0,-157.0,-157.0,-157.0,-157.0,-154.5,-151.5,-149.0,-151.0,-156.5,-156.0,-154.5,-155.5,-151.0,-155.5,-154.5,-157.0,-155.0,-153.5,-155.0,-151.0,-157.0,-152.5,-157.0,-148.0,-151.5,-155.5,-153.0,-157.0,-155.0,-151.5,-147.0,-149.0,-154.0,-157.0,-155.0,-157.0,-151.5,-152.5,-153.5,-154.0,-154.5,-157.0,-153.0,-152.0,-157.0,-157.0,-152.0,-154.5,-157.0,-157.0,-152.5,-157.0,-156.5,-153.0,-156.5,-155.5,-153.5,-150.5,-151.5,-151.0,-149.5,-153.5,-154.5,-152.0,-149.0,-151.0,-149.0,-150.0,-154.0,-149.5,-152.0,-157.0,-157.0,-157.0,-153.5,-152.5,-154.5,-157.0,-155.5,-155.5,-154.0,-157.0,-157.0,-157.0,-157.0,-152.5,-152.0,-150.0,-156.0,-157.0,-150.5,-151.0,-157.0,-152.0,-152.0,-155.0,-156.0,-157.0,-155.0,-154.0,-155.0,-154.0,-152.0,-155.5,-157.0,-152.0,-152.0,-151.0,-154.0,-149.0,-149.0,-148.0,-157.0,-155.0,-157.0,-156.0,-157.0,-157.0,-157.0,-155.0,-157.0
2026-01-16 16:42:29.251,143.050000,5,-77,-157.0,-157.0,-153.0,-153.0,-157.0,-157.0,-148.0,-150.5,-151.0,-155.0,-157.0,-156.0,-157.0,-157.0,-157.0,-157.0,-157.0,-157.0,-156.5,-150.5,-152.5,-153.0,-152.0,-157.0,-157.0,-157.0,-150.5,-156.5,-151.0,-155.5,-153.5,-153.0,-157.0,-151.0,-149.0,-156.0,-154.5,-156.0,-157.0,-156.0,-154.0,-157.0,-157.0,-157.0,-153.0,-148.5,-149.5,-154.5,-156.5,-157.0,-157.0,-157.0,-153.0,-151.0,-151.5,-152.0,-155.5,-157.0,-152.0,-157.0,-157.0,-154.5,-156.0,-157.0,-153.5,-157.0,-156.0,-155.5,-152.0,-152.0,-150.5,-153.5,-155.0,-153.0,-154.0,-156.0,-157.0,-157.0,-150.5,-157.0,-157.0,-157.0,-152.0,-153.0,-156.0,-157.0,-157.0,-151.0,-155.5,-153.5,-154.0,-155.5,-156.5,-156.0,-153.0,-151.0,-153.0,-154.0,-150.5,-149.5,-154.5,-156.0,-157.0,-157.0,-157.0,-154.0,-149.5,-153.0,-157.0,-155.5,-153.0,-150.5,-150.5,-157.0,-157.0,-152.5,-154.5,-152.0,-147.5,-151.0,-156.0,-155.0,-157.0,-157.0,-157.0,-154.0,-149.0,-152.5,-157.0,-157.0,-156.0,-157.0,-157.0,-157.0,-154.5,-157.0,-153.0,-149.5,-153.0,-153.5,-149.5,-151.0,-154.0,-154.0,-150.5,-153.5,-148.0,-151.5,-154.0,-152.0,-157.0,-153.0,-155.0,-157.0,-157.0,-152.0,-154.0,-149.5,-152.5,-157.0,-152.0,-152.5,-153.0,-157.0,-155.0,-154.0,-154.5,-151.5,-155.0,-153.0,-156.0,-156.0,-151.0,-154.5,-157.0,-152.0,-157.0,-156.5,-153.5,-153.0,-157.0,-154.5,-154.5,-157.0,-146.0,-146.0,-157.0,-154.5,-151.5,-154.5,-152.0,-148.0,-148.5,-150.0,-149.5,-154.0,-156.0,-157.0,-157.0,-150.0,-152.5,-150.5,-150.0,-150.0,-155.0,-152.5,-150.5,-154.0,-151.0,-149.5,-149.5,-145.5,-147.0,-157.0,-155.0,-155.0,-152.0,-150.5,-149.5,-149.5,-152.5,-154.5,-154.0,-155.5,-154.5,-155.5,-157.0,-157.0,-151.5,-151.0,-157.0,-157.0,-157.0,-154.0,-157.0,-153.0,-156.0,-155.0,-149.0,-150.5,-148.0,-151.5,-146.5,-148.0,-149.5,-148.0,-152.5,-157.0,-151.5,-150.5,-150.0,-155.5,-149.5,-152.5,-156.5,-157.0,-157.0,-156.0,-155.0,-157.0,-157.0,-153.0,-157.0,-154.0,-157.0,-153.0,-152.0,-153.5,-151.0,-154.5,-145.0,-142.0,-139.0,-136.0,-141.0,-146.0,-152.5,-153.5,-150.0,-149.0,-150.5,-149.5,-148.5,-154.0,-157.0,-151.0,-149.5,-157.0,-156.0,-154.0,-157.0,-157.0,-156.0,-149.0,-154.5,-152.0,-151.0,-156.0,-149.0,-151.0,-157.0,-155.0,-147.5,-151.5,-153.5,-150.5,-152.5,-151.0,-152.5,-157.0,-157.0,-153.0,-151.5,-155.0,-156.0,-153.0,-149.5,-148.5,-147.5,-150.5,-150.5,-153.5,-150.5,-150.5,-151.5,-153.0,-157.0,-155.5,-149.0,-155.0,-154.5,-157.0,-153.5,-157.0,-149.0,-153.0,-157.0,-153.5,-153.0,-157.0,-157.0,-153.0,-152.5,-157.0,-155.0,-157.0,-157.0,-156.0,-153.5,-152.5,-150.0,-146.5,-156.5,-157.0,-157.0,-156.0,-156.0,-157.0,-151.5,-152.5,-149.0,-148.0,-153.5,-156.0,-157.0,-157.0,-153.0,-156.5,-155.0,-154.0,-151.0,-151.0,-157.0,-155.0,-157.0,-151.0,-152.0,-148.5,-153.5,-149.5,-151.0,-155.0,-151.5,-156.0,-151.0,-154.5,-154.5,-151.0,-152.5,-157.0,-153.5,-153.0,-154.5,-154.5,-156.5,-157.0,-156.5,-150.0,-157.0,-157.0,-154.5,-154.5,-152.0,-156.0,-153.5,-157.0,-157.0,-155.0,-157.0,-157.0,-152.0,-153.0,-154.5,-150.0,-150.0,-157.0,-156.0,-156.0,-152.5,-151.5,-155.5,-151.0,-156.0,-154.0,-152.5,-156.5,-155.5,-156.0,-152.5,-150.0,-157.0,-157.0,-155.5,-153.0,-151.5,-157.0,-157.0,-155.0,-152.0,-157.0,-157.0,-151.0,-152.5,-157.0,-149.5,-150.5,-151.0,-151.5,-157.0,-157.0,-152.5,-152.5,-157.0,-155.5,-150.0,-151.5,-152.0,-155.0,-157.0,-152.0,-155.5,-155.0,-157.0,-151.5,-150.5,-149.0,-157.0,-155.5,-157.0,-157.0,-157.0,-155.0,-152.5,-154.5,-157.0
2026-01-16 16:42:29.286,143.050000,5,-77,-157.0,-157.0,-154.5,-154.5,-152.0,-154.5,-148.0,-152.0,-151.0,-151.5,-154.0,-153.5,-157.0,-157.0,-157.0,-157.0,-157.0,-154.0,-153.0,-148.5,-152.0,-150.5,-150.5,-150.5,-154.0,-154.0,-152.0,-153.0,-152.0,-157.0,-152.0,-149.5,-153.0,-150.0,-150.0,-150.5,-157.0,-155.0,-154.5,-153.0,-150.5,-153.5,-157.0,-156.5,-151.5,-146.5,-145.5,-156.5,-156.5,-157.0,-157.0,-155.5,-149.5,-149.0,-149.0,-150.5,-152.5,-149.5,-149.0,-155.0,-157.0,-152.5,-149.5,-151.0,-154.5,-154.0,-148.5,-148.0,-151.0,-151.5,-149.0,-155.0,-156.0,-150.5,-151.5,-155.5,-157.0,-152.5,-149.5,-156.0,-157.0,-157.0,-157.0,-157.0,-157.0,-155.5,-154.0,-152.0,-153.0,-156.0,-150.5,-149.5,-149.5,-153.5,-151.5,-149.0,-152.0,-154.0,-155.0,-150.0,-151.0,-157.0,-157.0,-155.0,-157.0,-155.5,-153.5,-157.0,-154.5,-154.0,-152.5,-151.0,-151.0,-154.5,-157.0,-156.5,-157.0,-149.0,-147.0,-157.0,-156.0,-156.0,-157.0,-157.0,-157.0,-151.0,-150.0,-156.0,-156.0,-156.5,-156.5,-157.0,-153.0,-149.5,-150.0,-154.5,-150.5,-148.5,-151.5,-155.0,-151.0,-153.0,-157.0,-157.0,-156.5,-157.0,-150.0,-156.0,-157.0,-150.5,-150.5,-150.5,-152.0,-156.0,-152.0,-151.5,-157.0,-153.5,-155.0,-154.5,-152.5,-154.0,-155.5,-157.0,-153.5,-153.0,-151.5,-151.5,-157.0,-151.0,-152.5,-157.0,-153.5,-154.0,-156.5,-151.5,-156.5,-155.5,-153.5,-154.0,-153.0,-157.0,-152.0,-156.5,-144.5,-144.5,-153.0,-153.5,-148.5,-157.0,-149.0,-151.0,-150.5,-151.0,-151.5,-151.0,-154.5,-153.5,-155.0,-153.0,-156.0,-152.0,-153.0,-151.5,-154.0,-157.0,-154.0,-156.0,-151.0,-155.5,-149.0,-151.5,-150.5,-157.0,-157.0,-156.5,-152.5,-154.5,-157.0,-157.0,-150.0,-156.5,-156.5,-153.0,-152.0,-157.0,-157.0,-157.0,-151.5,-153.0,-156.0,-157.0,-157.0,-156.5,-152.0,-150.5,-157.0,-148.0,-146.0,-147.0,-147.5,-150.0,-147.0,-149.5,-148.5,-149.0,-153.5,-154.5,-155.5,-157.0,-151.0,-157.0,-153.0,-151.5,-157.0,-155.5,-157.0,-157.0,-151.5,-151.5,-151.5,-151.0,-154.5,-154.5,-151.5,-154.0,-153.0,-157.0,-151.5,-153.0,-149.0,-142.0,-144.5,-143.0,-144.0,-147.5,-156.5,-151.0,-151.0,-155.0,-150.5,-149.0,-146.5,-153.0,-156.5,-149.5,-146.5,-150.0,-157.0,-150.5,-157.0,-157.0,-152.5,-149.5,-157.0,-157.0,-152.5,-153.0,-156.0,-157.0,-155.0,-152.5,-146.0,-151.5,-154.0,-152.5,-155.0,-152.5,-154.0,-157.0,-157.0,-155.0,-156.0,-151.0,-151.0,-152.5,-149.5,-148.5,-148.5,-147.5,-152.0,-153.0,-153.0,-150.0,-157.0,-157.0,-157.0,-151.0,-146.5,-152.5,-154.0,-156.5,-157.0,-152.5,-150.0,-156.0,-155.5,-157.0,-157.0,-157.0,-157.0,-156.0,-152.0,-154.0,-153.5,-157.0,-157.0,-157.0,-152.0,-153.0,-150.0,-146.0,-157.0,-156.5,-153.5,-152.5,-157.0,-157.0,-152.5,-156.0,-150.0,-151.5,-156.0,-153.0,-157.0,-157.0,-155.0,-157.0,-153.0,-150.0,-152.5,-151.5,-154.5,-155.0,-157.0,-149.0,-150.5,-151.5,-151.0,-148.0,-151.0,-156.0,-151.5,-157.0,-156.5,-155.5,-153.5,-151.5,-152.0,-157.0,-157.0,-151.5,-155.0,-154.5,-155.5,-155.5,-155.5,-149.0,-152.5,-157.0,-157.0,-153.5,-148.0,-148.5,-149.0,-157.0,-157.0,-153.0,-157.0,-157.0,-153.0,-156.0,-155.5,-156.5,-155.5,-157.0,-157.0,-157.0,-157.0,-156.0,-157.0,-150.5,-153.5,-155.5,-153.0,-157.0,-157.0,-153.5,-149.5,-148.5,-154.0,-154.0,-153.0,-156.0,-153.5,-155.0,-154.5,-153.0,-150.0,-151.0,-153.0,-156.5,-157.0,-157.0,-151.0,-151.5,-150.0,-154.0,-155.5,-157.0,-151.0,-152.5,-153.5,-155.0,-146.5,-151.0,-156.5,-156.0,-156.0,-152.0,-154.5,-155.5,-156.5,-154.5,-154.5,-152.5,-156.0,-153.0,-155.0,-157.0,-157.0,-149.0,-149.0,-155.0,-157.0
2026-01-16 16:42:29.315,143.050000,5,-77,-157.0,-157.0,-154.0,-154.0,-148.5,-151.0,-150.5,-149.0,-147.5,-148.5,-152.0,-152.5,-156.5,-155.5,-155.5,-157.0,-154.5,-152.0,-157.0,-152.5,-148.0,-148.5,-152.0,-148.5,-150.5,-153.5,-155.0,-156.0,-155.0,-156.5,-157.0,-150.5,-152.5,-148.0,-150.0,-147.0,-150.5,-153.5,-154.5,-149.0,-148.5,-156.0,-157.0,-153.0,-151.0,-145.5,-146.0,-157.0,-157.0,-157.0,-157.0,-155.5,-153.0,-153.5,-150.0,-152.5,-157.0,-149.5,-149.0,-150.5,-157.0,-155.0,-150.5,-150.5,-152.0,-149.0,-149.5,-149.0,-156.0,-157.0,-150.5,-149.5,-151.5,-148.5,-152.0,-154.5,-157.0,-153.5,-154.0,-156.0,-157.0,-157.0,-155.0,-157.0,-157.0,-156.0,-157.0,-157.0,-155.0,-154.5,-148.5,-151.5,-150.5,-157.0,-157.0,-149.0,-153.5,-150.0,-155.5,-150.0,-151.0,-156.0,-154.0,-152.0,-154.5,-157.0,-157.0,-155.0,-151.0,-149.5,-151.5,-151.5,-152.0,-153.5,-157.0,-157.0,-157.0,-149.0,-150.5,-157.0,-157.0,-157.0,-156.5,-151.5,-152.5,-153.5,-157.0,-157.0,-151.0,-149.5,-152.5,-152.0,-149.5,-145.5,-152.5,-154.0,-151.5,-149.5,-154.0,-156.5,-154.0,-156.5,-157.0,-157.0,-157.0,-157.0,-151.0,-151.0,-157.0,-151.0,-150.0,-153.0,-151.5,-154.0,-150.5,-151.0,-157.0,-156.0,-155.5,-154.0,-155.0,-150.5,-153.0,-154.5,-155.5,-152.5,-155.5,-154.5,-153.5,-154.0,-153.5,-157.0,-157.0,-157.0,-155.0,-156.5,-153.5,-156.5,-151.5,-154.0,-152.0,-152.5,-147.0,-146.5,-148.0,-148.0,-151.5,-157.0,-149.5,-152.5,-151.5,-152.0,-152.0,-155.0,-152.0,-150.5,-157.0,-149.0,-149.5,-153.5,-155.0,-151.0,-157.0,-155.5,-149.5,-154.0,-157.0,-157.0,-149.5,-152.5,-149.5,-153.5,-151.5,-156.5,-155.5,-152.0,-152.5,-157.0,-157.0,-157.0,-151.5,-156.0,-154.5,-156.0,-151.5,-152.5,-154.0,-157.0,-154.5,-157.0,-155.0,-157.0,-157.0,-154.5,-150.5,-150.0,-152.5,-147.5,-143.5,-141.5,-152.5,-151.0,-151.0,-157.0,-148.0,-150.5,-157.0,-152.5,-153.0,-151.5,-152.0,-157.0,-157.0,-152.5,-154.5,-151.5,-156.0,-156.5,-151.5,-149.5,-151.0,-157.0,-157.0,-157.0,-152.0,-151.0,-150.5,-157.0,-157.0,-156.0,-153.5,-142.0,-141.5,-149.5,-152.0,-151.5,-155.0,-147.5,-147.0,-153.5,-156.5,-154.0,-149.0,-157.0,-155.0,-151.5,-146.5,-151.0,-153.5,-147.0,-149.5,-152.0,-154.5,-154.0,-156.5,-157.0,-151.5,-154.0,-157.0,-157.0,-155.5,-157.0,-150.0,-153.5,-155.0,-157.0,-153.5,-156.5,-154.5,-156.0,-155.0,-155.5,-157.0,-151.5,-151.0,-147.0,-148.5,-153.5,-151.0,-149.5,-156.5,-154.5,-151.5,-148.5,-155.5,-157.0,-155.0,-145.0,-143.5,-156.5,-157.0,-157.0,-157.0,-157.0,-153.0,-154.5,-153.0,-157.0,-157.0,-157.0,-157.0,-157.0,-154.0,-151.0,-152.0,-156.5,-157.0,-154.5,-151.0,-157.0,-150.0,-146.5,-154.0,-157.0,-147.0,-147.0,-157.0,-157.0,-153.5,-152.0,-150.0,-152.5,-151.0,-150.5,-151.0,-157.0,-157.0,-153.5,-150.5,-151.0,-157.0,-152.0,-154.5,-154.5,-152.5,-149.5,-148.0,-151.0,-155.0,-151.5,-154.0,-157.0,-152.0,-157.0,-156.0,-155.0,-151.0,-154.0,-155.0,-157.0,-156.5,-151.0,-151.0,-150.0,-157.0,-156.0,-155.5,-150.5,-152.0,-155.5,-153.0,-153.5,-150.0,-151.5,-150.0,-154.0,-157.0,-151.0,-150.5,-154.0,-156.5,-153.0,-156.5,-157.0,-157.0,-154.5,-157.0,-157.0,-157.0,-157.0,-155.0,-152.5,-152.5,-151.5,-153.5,-155.5,-154.5,-151.0,-149.5,-152.0,-153.0,-150.5,-154.5,-157.0,-157.0,-151.0,-147.0,-147.5,-152.0,-152.0,-156.5,-157.0,-157.0,-154.5,-155.5,-153.5,-152.5,-157.0,-156.0,-157.0,-151.5,-152.5,-151.0,-149.0,-147.0,-150.0,-152.5,-151.0,-152.5,-155.5,-157.0,-157.0,-152.0,-153.0,-157.0,-157.0,-156.0,-153.0,-154.0,-157.0,-157.0,-149.5,-152.0,-157.0,-157.0
2026-01-16 16:42:29.355,143.050000,5,-77,-157.0,-157.0,-155.0,-157.0,-150.5,-155.5,-154.0,-150.0,-148.0,-149.0,-157.0,-157.0,-157.0,-155.0,-157.0,-157.0,-156.0,-153.0,-157.0,-157.0,-149.0,-150.5,-156.5,-152.0,-154.0,-157.0,-157.0,-157.0,-156.5,-157.0,-152.5,-151.0,-157.0,-149.5,-149.5,-148.0,-150.0,-153.5,-157.0,-152.5,-150.0,-157.0,-157.0,-153.5,-152.0,-150.0,-149.5,-157.0,-157.0,-157.0,-157.0,-157.0,-155.0,-154.5,-154.0,-157.0,-152.0,-151.0,-153.0,-149.5,-154.5,-157.0,-157.0,-154.5,-150.5,-147.0,-150.5,-153.0,-153.5,-154.5,-155.0,-148.0,-150.5,-148.0,-156.0,-155.5,-156.5,-154.0,-153.5,-152.5,-153.5,-151.0,-151.5,-156.0,-152.5,-155.0,-157.0,-155.0,-152.5,-149.5,-149.0,-156.0,-153.5,-157.0,-154.0,-151.5,-153.0,-150.5,-147.5,-147.5,-155.5,-153.5,-151.5,-152.0,-152.5,-152.5,-157.0,-157.0,-155.0,-149.0,-151.5,-150.0,-148.0,-156.0,-157.0,-157.0,-154.0,-150.0,-157.0,-156.5,-156.5,-156.0,-153.0,-151.0,-153.0,-157.0,-157.0,-157.0,-152.5,-150.5,-151.5,-155.0,-149.0,-145.5,-153.0,-151.5,-157.0,-152.0,-154.0,-157.0,-154.5,-157.0,-154.0,-154.0,-154.0,-156.0,-151.5,-151.0,-157.0,-154.5,-157.0,-157.0,-155.5,-155.5,-154.5,-155.5,-154.5,-152.0,-157.0,-156.5,-156.5,-150.5,-154.5,-153.0,-156.0,-153.5,-156.5,-157.0,-153.5,-156.5,-157.0,-155.0,-155.0,-155.0,-152.5,-154.5,-156.0,-157.0,-149.0,-148.5,-157.0,-153.5,-146.5,-144.5,-155.0,-156.5,-154.0,-155.0,-151.0,-150.5,-157.0,-150.5,-149.5,-156.5,-154.0,-150.0,-155.5,-148.5,-149.5,-156.0,-157.0,-151.0,-154.5,-149.5,-148.5,-157.0,-157.0,-157.0,-149.0,-147.0,-148.0,-153.0,-152.0,-152.5,-152.5,-153.0,-151.0,-157.0,-157.0,-155.5,-151.5,-152.5,-152.0,-157.0,-152.5,-149.5,-152.5,-155.5,-156.5,-157.0,-157.0,-157.0,-157.0,-149.0,-148.0,-150.0,-150.0,-149.5,-145.0,-141.5,-149.5,-148.0,-156.0,-157.0,-147.5,-148.0,-157.0,-151.5,-156.5,-151.0,-153.0,-152.0,-157.0,-157.0,-149.0,-150.0,-155.0,-156.0,-157.0,-155.5,-157.0,-156.5,-157.0,-157.0,-152.5,-155.5,-151.5,-154.0,-154.5,-153.5,-151.5,-140.0,-142.5,-152.5,-153.0,-152.5,-151.0,-147.5,-147.5,-151.0,-157.0,-152.5,-153.0,-155.0,-153.5,-155.0,-148.0,-154.5,-150.5,-148.5,-152.0,-149.5,-154.0,-153.5,-154.0,-157.0,-150.0,-152.0,-157.0,-157.0,-155.0,-157.0,-152.0,-157.0,-155.5,-157.0,-151.0,-152.5,-156.5,-153.5,-149.5,-150.0,-154.5,-152.5,-154.5,-145.0,-146.0,-153.5,-153.5,-152.5,-157.0,-155.0,-148.5,-148.5,-152.0,-157.0,-157.0,-143.5,-143.0,-157.0,-157.0,-154.5,-152.0,-152.5,-151.5,-154.5,-155.0,-155.0,-156.0,-157.0,-157.0,-157.0,-150.5,-150.0,-155.0,-154.5,-157.0,-152.0,-148.5,-157.0,-152.0,-150.0,-152.0,-157.0,-147.5,-147.0,-149.5,-155.0,-153.5,-152.5,-152.0,-155.5,-153.5,-157.0,-151.0,-157.0,-157.0,-150.5,-150.5,-152.5,-157.0,-152.0,-156.5,-153.5,-150.5,-156.5,-150.5,-154.5,-156.0,-156.5,-155.0,-152.5,-153.5,-155.0,-152.5,-157.0,-150.5,-151.0,-155.0,-155.0,-150.5,-151.0,-150.5,-148.5,-157.0,-152.0,-152.0,-155.0,-156.0,-152.5,-149.0,-152.0,-151.0,-157.0,-155.0,-154.5,-157.0,-153.0,-151.0,-157.0,-157.0,-153.0,-155.0,-157.0,-153.0,-151.5,-153.5,-153.0,-152.0,-154.5,-155.0,-157.0,-157.0,-153.5,-157.0,-151.5,-153.0,-151.5,-152.5,-153.0,-149.5,-148.0,-150.5,-157.0,-153.5,-155.5,-148.5,-150.5,-155.5,-157.0,-157.0,-157.0,-156.5,-153.5,-153.0,-154.5,-157.0,-157.0,-157.0,-153.0,-151.5,-151.5,-154.0,-154.0,-152.5,-156.0,-152.5,-152.0,-156.0,-157.0,-157.0,-157.0,-151.5,-154.0,-157.0,-157.0,-155.5,-151.5,-151.5,-157.0,-154.0,-156.0,-155.0,-154.5,-152.5
2026-01-16 16:42:29.358,143.050000,5,-77,-157.0,-157.0,-155.0,-157.0,-150.5,-155.5,-154.0,-150.0,-148.0,-149.0,-157.0,-157.0,-157.0,-155.0,-157.0,-157.0,-156.0,-153.0,-157.0,-157.0,-149.0,-150.5,-156.5,-152.0,-154.0,-157.0,-157.0,-157.0,-156.5,-157.0,-152.5,-151.0,-157.0,-149.5,-149.5,-148.0,-150.0,-153.5,-157.0,-152.5,-150.0,-157.0,-157.0,-153.5,-152.0,-150.0,-149.5,-157.0,-157.0,-157.0,-157.0,-157.0,-155.0,-154.5,-154.0,-157.0,-152.0,-151.0,-153.0,-149.5,-154.5,-157.0,-157.0,-154.5,-150.5,-147.0,-150.5,-153.0,-153.5,-154.5,-155.0,-148.0,-150.5,-148.0,-156.0,-155.5,-156.5,-154.0,-153.5,-152.5,-153.5,-151.0,-151.5,-156.0,-152.5,-155.0,-157.0,-155.0,-152.5,-149.5,-149.0,-156.0,-153.5,-157.0,-154.0,-151.5,-153.0,-150.5,-147.5,-147.5,-155.5,-153.5,-151.5,-152.0,-152.5,-152.5,-157.0,-157.0,-155.0,-149.0,-151.5,-150.0,-148.0,-156.0,-157.0,-157.0,-154.0,-150.0,-157.0,-156.5,-156.5,-156.0,-153.0,-151.0,-153.0,-157.0,-157.0,-157.0,-152.5,-150.5,-151.5,-155.0,-149.0,-145.5,-153.0,-151.5,-157.0,-152.0,-154.0,-157.0,-154.5,-157.0,-154.0,-154.0,-154.0,-156.0,-151.5,-151.0,-157.0,-154.5,-157.0,-157.0,-155.5,-155.5,-154.5,-155.5,-154.5,-152.0,-157.0,-156.5,-156.5,-150.5,-154.5,-153.0,-156.0,-153.5,-156.5,-157.0,-153.5,-156.5,-157.0,-155.0,-155.0,-155.0,-152.5,-154.5,-156.0,-157.0,-149.0,-148.5,-157.0,-153.5,-146.5,-144.5,-155.0,-156.5,-154.0,-155.0,-151.0,-150.5,-157.0,-150.5,-149.5,-156.5,-154.0,-150.0,-155.5,-148.5,-149.5,-156.0,-157.0,-151.0,-154.5,-149.5,-148.5,-157.0,-157.0,-157.0,-149.0,-147.0,-148.0,-153.0,-152.0,-152.5,-152.5,-153.0,-151.0,-157.0,-157.0,-155.5,-151.5,-152.5,-152.0,-157.0,-152.5,-149.5,-152.5,-155.5,-156.5,-157.0,-157.0,-157.0,-157.0,-149.0,-148.0,-150.0,-150.0,-149.5,-145.0,-141.5,-149.5,-148.0,-156.0,-157.0,-147.5,-148.0,-157.0,-151.5,-156.5,-151.0,-153.0,-152.0,-157.0,-157.0,-149.0,-150.0,-155.0,-156.0,-157.0,-155.5,-157.0,-156.5,-157.0,-157.0,-152.5,-155.5,-151.5,-154.0,-154.5,-153.5,-151.5,-140.0,-142.5,-152.5,-153.0,-152.5,-151.0,-147.5,-147.5,-151.0,-157.0,-152.5,-153.0,-155.0,-153.5,-155.0,-148.0,-154.5,-150.5,-148.5,-152.0,-149.5,-154.0,-153.5,-154.0,-157.0,-150.0,-152.0,-157.0,-157.0,-155.0,-157.0,-152.0,-157.0,-155.5,-157.0,-151.0,-152.5,-156.5,-153.5,-149.5,-150.0,-154.5,-152.5,-154.5,-145.0,-146.0,-153.5,-153.5,-152.5,-157.0,-155.0,-148.5,-148.5,-152.0,-157.0,-157.0,-143.5,-143.0,-157.0,-157.0,-154.5,-152.0,-152.5,-151.5,-154.5,-155.0,-155.0,-156.0,-157.0,-157.0,-157.0,-150.5,-150.0,-155.0,-154.5,-157.0,-152.0,-148.5,-157.0,-152.0,-150.0,-152.0,-157.0,-147.5,-147.0,-149.5,-155.0,-153.5,-152.5,-152.0,-155.5,-153.5,-157.0,-151.0,-157.0,-157.0,-150.5,-150.5,-152.5,-157.0,-152.0,-156.5,-153.5,-150.5,-156.5,-150.5,-154.5,-156.0,-156.5,-155.0,-152.5,-153.5,-155.0,-152.5,-157.0,-150.5,-151.0,-155.0,-155.0,-150.5,-151.0,-150.5,-148.5,-157.0,-152.0,-152.0,-155.0,-156.0,-152.5,-149.0,-152.0,-151.0,-157.0,-155.0,-154.5,-157.0,-153.0,-151.0,-157.0,-157.0,-153.0,-155.0,-157.0,-153.0,-151.5,-153.5,-153.0,-152.0,-154.5,-155.0,-157.0,-157.0,-153.5,-157.0,-151.5,-153.0,-151.5,-152.5,-153.0,-149.5,-148.0,-150.5,-157.0,-153.5,-155.5,-148.5,-150.5,-155.5,-157.0,-157.0,-157.0,-156.5,-153.5,-153.0,-154.5,-157.0,-157.0,-157.0,-153.0,-151.5,-151.5,-154.0,-154.0,-152.5,-156.0,-152.5,-152.0,-156.0,-157.0,-157.0,-157.0,-151.5,-154.0,-157.0,-157.0,-155.5,-151.5,-151.5,-157.0,-154.0,-156.0,-155.0,-154.5,-152.5
2026-01-16 16:42:29.381,143.050000,5,-77,-157.0,-157.0,-156.5,-157.0,-154.5,-154.5,-153.0,-152.0,-153.0,-150.5,-154.0,-157.0,-157.0,-152.0,-153.5,-154.5,-155.5,-152.5,-154.5,-156.0,-152.5,-151.5,-153.0,-157.0,-154.0,-154.0,-157.0,-157.0,-156.5,-155.5,-151.0,-152.0,-151.5,-156.0,-155.0,-153.0,-156.5,-154.5,-152.5,-152.5,-153.5,-154.0,-156.0,-154.5,-152.5,-157.0,-152.0,-154.0,-157.0,-157.0,-157.0,-157.0,-152.5,-153.0,-154.5,-151.5,-150.5,-153.0,-152.5,-152.0,-152.5,-157.0,-157.0,-154.0,-154.0,-150.5,-153.5,-150.0,-148.0,-154.5,-152.0,-148.0,-152.5,-151.0,-157.0,-157.0,-157.0,-151.5,-154.0,-154.5,-156.5,-154.0,-156.0,-157.0,-151.5,-152.0,-156.5,-152.0,-153.0,-154.0,-152.5,-157.0,-157.0,-157.0,-155.5,-153.0,-151.0,-152.0,-147.5,-148.0,-157.0,-152.0,-150.5,-155.5,-149.0,-151.0,-157.0,-157.0,-156.5,-152.0,-157.0,-155.5,-149.0,-155.5,-156.0,-157.0,-149.0,-149.0,-157.0,-150.5,-153.5,-157.0,-155.5,-156.0,-155.0,-154.0,-157.0,-157.0,-153.5,-154.5,-157.0,-157.0,-151.5,-149.0,-153.0,-149.5,-154.0,-152.5,-157.0,-155.5,-155.0,-156.5,-153.5,-157.0,-156.0,-152.0,-152.0,-153.0,-154.0,-155.5,-157.0,-154.0,-154.0,-156.5,-155.0,-156.0,-152.5,-150.5,-154.0,-154.5,-154.0,-151.5,-156.0,-153.0,-153.5,-157.0,-157.0,-157.0,-150.0,-150.0,-157.0,-153.0,-153.0,-157.0,-150.0,-152.5,-157.0,-154.0,-148.0,-148.0,-156.0,-154.0,-152.0,-149.0,-153.5,-156.0,-156.5,-152.0,-151.5,-154.0,-156.0,-148.0,-147.0,-155.0,-152.5,-149.5,-151.0,-153.0,-155.5,-155.0,-157.0,-153.5,-150.5,-150.5,-151.0,-157.0,-157.0,-157.0,-149.5,-147.0,-150.0,-151.5,-157.0,-155.5,-157.0,-157.0,-149.5,-152.5,-154.5,-157.0,-152.0,-157.0,-151.5,-157.0,-151.5,-148.5,-150.0,-151.5,-157.0,-157.0,-157.0,-157.0,-157.0,-147.5,-146.5,-153.5,-151.0,-148.5,-147.0,-141.5,-150.0,-150.0,-152.5,-151.0,-150.5,-148.5,-150.5,-150.5,-155.5,-153.0,-152.5,-151.0,-157.0,-157.0,-151.5,-150.5,-154.5,-153.5,-157.0,-157.0,-157.0,-153.5,-155.5,-150.5,-150.0,-157.0,-155.0,-157.0,-156.0,-155.5,-148.0,-140.0,-144.0,-156.0,-157.0,-155.5,-147.0,-149.5,-152.0,-152.0,-155.0,-156.0,-157.0,-155.0,-157.0,-151.5,-149.0,-153.0,-155.5,-152.5,-150.0,-147.5,-149.5,-150.0,-155.0,-154.5,-150.5,-152.5,-157.0,-157.0,-154.5,-153.0,-150.5,-156.0,-153.5,-154.5,-152.5,-153.5,-157.0,-153.5,-150.0,-151.5,-155.5,-153.0,-149.5,-146.0,-146.5,-150.5,-154.5,-155.0,-157.0,-154.5,-154.5,-156.0,-155.0,-157.0,-156.0,-146.0,-147.0,-156.0,-154.0,-149.0,-150.5,-152.5,-153.0,-156.5,-157.0,-154.5,-154.5,-157.0,-157.0,-155.5,-150.0,-149.5,-157.0,-157.0,-156.0,-152.5,-149.0,-157.0,-156.0,-157.0,-156.5,-157.0,-154.5,-152.5,-148.0,-149.0,-156.0,-152.5,-152.5,-157.0,-157.0,-157.0,-150.0,-150.0,-151.0,-153.5,-155.5,-153.5,-151.5,-150.0,-153.5,-156.0,-153.0,-155.5,-152.0,-154.0,-157.0,-155.5,-152.5,-150.0,-153.5,-151.0,-153.5,-157.0,-153.0,-150.5,-151.0,-151.5,-151.5,-149.5,-156.5,-150.5,-157.0,-149.5,-148.0,-149.5,-153.5,-153.0,-150.5,-155.5,-149.5,-154.5,-155.0,-155.0,-157.0,-157.0,-155.0,-157.0,-156.5,-157.0,-153.0,-149.5,-148.5,-151.0,-157.0,-154.5,-153.0,-149.5,-151.0,-157.0,-157.0,-155.5,-157.0,-150.0,-155.5,-150.5,-150.5,-147.0,-148.0,-148.5,-147.5,-153.5,-151.0,-154.5,-155.5,-157.0,-155.0,-157.0,-157.0,-157.0,-157.0,-154.0,-152.0,-157.0,-157.0,-157.0,-156.5,-155.0,-152.5,-154.5,-150.5,-151.0,-157.0,-155.0,-152.0,-150.5,-152.5,-157.0,-157.0,-156.5,-152.0,-155.5,-157.0,-157.0,-156.0,-149.0,-149.0,-152.0,-153.0,-157.0,-153.5,-153.5,-156.5
2026-01-16 16:42:29.419,143.050000,5,-77,-157.0,-157.0,-156.0,-157.0,-153.5,-151.0,-154.5,-152.0,-157.0,-152.5,-151.0,-152.0,-157.0,-151.0,-153.0,-157.0,-153.0,-155.5,-152.5,-154.5,-153.5,-151.0,-150.5,-154.5,-155.0,-155.0,-151.5,-150.0,-156.0,-155.5,-154.5,-157.0,-149.5,-151.0,-152.5,-157.0,-157.0,-152.5,-153.0,-155.5,-157.0,-156.0,-152.5,-155.5,-153.0,-157.0,-153.5,-157.0,-157.0,-156.0,-155.0,-152.5,-156.5,-153.0,-149.5,-148.5,-152.0,-151.5,-151.0,-157.0,-150.5,-151.0,-153.0,-151.5,-155.0,-157.0,-157.0,-151.0,-148.0,-154.5,-151.5,-149.5,-157.0,-152.5,-152.5,-157.0,-155.0,-152.0,-157.0,-157.0,-157.0,-157.0,-157.0,-157.0,-152.0,-150.5,-156.0,-153.0,-157.0,-157.0,-155.5,-157.0,-157.0,-157.0,-157.0,-150.0,-150.5,-153.5,-151.5,-150.5,-151.0,-151.5,-149.0,-152.0,-148.5,-154.5,-157.0,-157.0,-157.0,-154.5,-157.0,-157.0,-150.0,-153.5,-153.5,-157.0,-150.5,-154.5,-154.0,-149.0,-150.0,-154.5,-157.0,-156.0,-152.5,-151.5,-157.0,-156.0,-152.5,-151.5,-156.5,-153.5,-151.5,-149.5,-153.0,-150.0,-152.0,-151.5,-157.0,-155.0,-153.5,-149.5,-152.0,-157.0,-157.0,-151.5,-153.5,-152.5,-155.0,-153.0,-152.0,-153.5,-156.0,-150.0,-150.0,-153.0,-154.5,-157.0,-151.0,-150.0,-155.5,-157.0,-155.0,-157.0,-157.0,-157.0,-157.0,-157.0,-151.5,-151.5,-154.5,-152.0,-151.0,-152.5,-150.0,-157.0,-157.0,-157.0,-152.0,-150.0,-148.5,-149.0,-157.0,-153.0,-155.0,-152.0,-155.0,-155.0,-152.0,-157.0,-149.5,-149.0,-150.5,-156.0,-152.5,-154.5,-155.0,-152.0,-155.0,-157.0,-155.5,-154.5,-151.0,-156.0,-155.5,-157.0,-156.5,-154.0,-153.5,-153.0,-157.0,-151.5,-157.0,-157.0,-157.0,-157.0,-149.5,-147.5,-152.0,-157.0,-154.5,-151.0,-149.0,-154.0,-152.5,-149.5,-150.5,-153.0,-157.0,-157.0,-157.0,-157.0,-157.0,-153.0,-147.5,-151.0,-152.0,-149.5,-143.0,-140.5,-147.0,-152.0,-150.5,-151.5,-152.5,-147.5,-147.0,-151.0,-157.0,-155.5,-155.0,-152.0,-157.0,-155.0,-157.0,-151.5,-151.5,-148.0,-150.0,-156.0,-157.0,-154.0,-157.0,-151.5,-151.0,-157.0,-157.0,-157.0,-157.0,-157.0,-144.5,-142.5,-147.5,-157.0,-156.5,-157.0,-148.0,-152.5,-157.0,-151.5,-150.0,-157.0,-152.5,-151.0,-157.0,-153.5,-153.0,-157.0,-157.0,-156.5,-149.0,-149.0,-155.5,-153.5,-157.0,-150.5,-151.0,-153.0,-157.0,-154.5,-156.0,-155.5,-150.5,-151.0,-151.0,-152.5,-154.5,-157.0,-157.0,-156.0,-156.5,-157.0,-153.5,-153.0,-149.0,-148.0,-146.5,-153.0,-154.0,-157.0,-157.0,-157.0,-157.0,-157.0,-157.0,-157.0,-152.5,-148.0,-151.0,-155.0,-152.5,-149.0,-148.5,-152.5,-157.0,-157.0,-155.5,-155.5,-150.0,-152.5,-157.0,-153.0,-154.0,-151.5,-154.5,-157.0,-153.0,-151.0,-152.0,-153.0,-153.5,-157.0,-157.0,-152.5,-151.5,-153.0,-150.0,-152.0,-151.0,-150.0,-150.0,-152.5,-155.0,-151.5,-150.5,-149.0,-150.0,-157.0,-157.0,-157.0,-150.5,-150.0,-157.0,-157.0,-157.0,-154.0,-151.0,-152.5,-157.0,-153.0,-149.0,-149.0,-151.0,-150.5,-157.0,-154.0,-155.5,-150.5,-149.0,-148.5,-157.0,-149.0,-150.5,-152.5,-152.5,-152.5,-148.5,-147.5,-154.5,-152.5,-154.0,-154.5,-151.0,-153.5,-152.5,-157.0,-157.0,-157.0,-157.0,-157.0,-157.0,-157.0,-149.5,-149.5,-148.5,-152.0,-157.0,-157.0,-155.5,-150.0,-154.5,-157.0,-153.5,-154.5,-157.0,-150.5,-157.0,-151.5,-152.5,-147.5,-151.5,-151.0,-150.0,-153.0,-153.0,-150.5,-157.0,-152.5,-151.5,-156.0,-152.5,-156.0,-152.5,-149.5,-149.0,-151.0,-150.0,-152.0,-151.5,-152.5,-152.0,-157.0,-147.5,-147.5,-156.5,-155.0,-151.0,-151.0,-153.5,-156.5,-155.0,-154.0,-154.5,-157.0,-155.0,-156.5,-157.0,-153.0,-151.5,-152.0,-153.5,-155.0,-154.0,-157.0,-157.0
2026-01-16 16:42:29.453,143.050000,5,-77,-157.0,-157.0,-155.0,-157.0,-154.0,-151.5,-157.0,-151.5,-154.0,-157.0,-152.0,-149.5,-157.0,-153.5,-157.0,-155.5,-152.5,-151.5,-149.0,-151.5,-152.5,-154.0,-153.0,-156.0,-157.0,-157.0,-147.0,-147.5,-150.5,-154.5,-155.0,-157.0,-152.0,-151.5,-154.0,-157.0,-157.0,-153.0,-155.0,-157.0,-154.5,-155.0,-150.5,-150.5,-157.0,-157.0,-154.5,-157.0,-157.0,-154.5,-148.0,-146.5,-153.0,-148.5,-147.0,-150.5,-153.0,-151.0,-157.0,-157.0,-150.0,-153.0,-152.0,-150.5,-155.5,-157.0,-156.0,-154.0,-154.0,-157.0,-155.5,-153.5,-156.0,-151.5,-151.0,-155.0,-156.5,-151.5,-154.0,-156.5,-154.0,-152.5,-156.0,-157.0,-157.0,-150.0,-154.0,-156.5,-157.0,-154.5,-152.5,-157.0,-156.0,-155.0,-155.5,-148.5,-152.0,-157.0,-155.5,-152.5,-150.5,-150.5,-149.0,-147.0,-147.5,-157.0,-152.5,-152.5,-151.0,-151.0,-156.0,-156.5,-149.5,-150.5,-152.0,-157.0,-150.5,-153.5,-151.5,-151.5,-149.5,-153.0,-155.0,-152.0,-153.0,-152.0,-157.0,-155.5,-154.0,-148.0,-149.0,-149.5,-151.0,-149.5,-150.5,-154.5,-155.5,-150.0,-157.0,-155.0,-150.0,-147.5,-152.0,-155.0,-157.0,-155.5,-157.0,-153.0,-157.0,-153.5,-152.0,-156.5,-157.0,-148.5,-150.0,-155.5,-157.0,-157.0,-153.5,-150.0,-148.5,-155.5,-155.5,-157.0,-157.0,-156.5,-156.5,-153.0,-156.5,-157.0,-155.5,-153.5,-149.5,-149.0,-150.0,-157.0,-157.0,-157.0,-153.5,-150.0,-149.0,-148.5,-157.0,-153.0,-149.5,-150.0,-154.5,-155.5,-155.0,-152.5,-149.0,-155.0,-153.5,-154.0,-152.5,-157.0,-157.0,-149.0,-148.5,-157.0,-157.0,-155.5,-150.0,-157.0,-157.0,-156.0,-157.0,-152.0,-155.0,-157.0,-157.0,-151.0,-155.5,-157.0,-157.0,-154.5,-157.0,-146.5,-149.5,-152.5,-154.0,-153.5,-150.5,-156.0,-154.0,-152.0,-157.0,-157.0,-157.0,-154.5,-156.5,-153.0,-150.5,-152.0,-146.5,-149.0,-152.0,-151.0,-142.5,-142.0,-152.5,-155.0,-153.0,-153.0,-149.5,-151.5,-150.5,-154.0,-157.0,-154.5,-151.5,-153.0,-156.0,-154.5,-153.5,-150.5,-152.0,-148.5,-152.5,-152.0,-157.0,-154.5,-153.5,-155.5,-155.5,-157.0,-157.0,-157.0,-157.0,-157.0,-143.0,-147.0,-151.0,-151.5,-155.5,-151.5,-152.5,-157.0,-155.0,-150.5,-150.0,-153.0,-149.0,-148.0,-157.0,-157.0,-157.0,-152.5,-152.5,-152.0,-155.0,-151.0,-157.0,-155.5,-157.0,-148.5,-149.5,-156.5,-151.0,-153.0,-157.0,-155.0,-150.5,-151.5,-154.5,-151.0,-155.5,-157.0,-157.0,-157.0,-155.5,-157.0,-152.0,-157.0,-151.0,-152.0,-147.0,-147.0,-152.0,-157.0,-157.0,-157.0,-156.0,-157.0,-153.5,-154.5,-155.0,-146.0,-148.0,-157.0,-157.0,-153.5,-151.0,-153.5,-157.0,-157.0,-156.5,-154.0,-147.0,-151.0,-157.0,-155.0,-154.5,-152.5,-150.0,-155.5,-156.0,-157.0,-155.5,-153.0,-155.5,-154.0,-152.5,-149.0,-148.0,-157.0,-152.0,-153.5,-153.0,-154.0,-151.5,-151.0,-152.0,-149.5,-150.5,-152.5,-154.0,-157.0,-157.0,-157.0,-151.5,-154.0,-157.0,-157.0,-152.0,-150.0,-153.0,-157.0,-154.5,-152.5,-150.0,-151.0,-151.5,-154.0,-155.0,-153.5,-152.5,-149.0,-148.5,-147.5,-153.5,-153.0,-152.5,-157.0,-152.5,-154.0,-152.5,-147.0,-157.0,-155.5,-157.0,-157.0,-155.0,-156.5,-154.5,-156.5,-157.0,-156.5,-156.0,-157.0,-153.0,-151.0,-148.5,-157.0,-148.5,-149.0,-157.0,-154.5,-152.0,-152.0,-153.5,-153.5,-150.0,-152.5,-157.0,-152.0,-157.0,-152.5,-154.0,-151.0,-156.0,-155.5,-154.0,-155.0,-153.0,-151.5,-156.5,-151.0,-154.0,-154.5,-151.0,-155.5,-154.5,-147.0,-148.0,-148.5,-147.0,-149.5,-153.0,-150.0,-152.0,-151.5,-149.5,-151.0,-157.0,-153.5,-152.0,-157.0,-157.0,-152.5,-153.0,-157.0,-155.5,-151.0,-149.5,-154.5,-157.0,-157.0,-157.0,-157.0,-154.5,-157.0,-153.5,-157.0,-153.0
2026-01-16 16:42:29.482,143.050000,5,-77,-157.0,-157.0,-153.0,-157.0,-157.0,-152.5,-157.0,-148.5,-149.0,-157.0,-157.0,-151.0,-151.0,-152.0,-154.5,-153.5,-153.5,-153.0,-150.5,-154.0,-153.0,-152.5,-155.5,-157.0,-157.0,-152.5,-148.5,-151.0,-148.0,-157.0,-153.0,-156.0,-156.5,-157.0,-157.0,-157.0,-157.0,-154.0,-157.0,-154.5,-156.5,-155.5,-152.0,-150.5,-154.5,-153.0,-153.0,-157.0,-157.0,-156.0,-148.0,-147.0,-150.5,-153.0,-148.5,-157.0,-150.5,-149.0,-157.0,-157.0,-149.5,-152.0,-157.0,-153.0,-157.0,-157.0,-157.0,-155.0,-157.0,-157.0,-156.5,-152.0,-151.5,-153.5,-155.5,-152.5,-157.0,-148.5,-148.5,-156.0,-157.0,-151.0,-153.5,-157.0,-157.0,-149.0,-151.5,-156.5,-157.0,-151.0,-149.0,-151.0,-155.0,-154.0,-155.5,-149.0,-149.0,-156.5,-157.0,-157.0,-153.0,-151.5,-150.5,-147.5,-149.5,-157.0,-150.0,-153.0,-148.0,-149.5,-152.0,-157.0,-150.0,-147.5,-152.0,-157.0,-150.0,-154.0,-151.5,-154.0,-152.0,-156.5,-153.5,-152.0,-157.0,-156.5,-157.0,-156.0,-155.5,-147.5,-149.0,-152.5,-155.5,-154.0,-153.0,-152.5,-152.5,-150.0,-157.0,-155.5,-156.5,-150.5,-157.0,-155.0,-156.0,-157.0,-153.0,-153.0,-157.0,-151.5,-156.0,-157.0,-157.0,-151.0,-154.5,-157.0,-157.0,-157.0,-153.0,-151.0,-148.5,-153.5,-155.0,-157.0,-152.5,-151.5,-153.5,-151.5,-152.0,-153.5,-155.0,-152.5,-152.0,-154.5,-150.5,-154.5,-157.0,-153.5,-151.5,-152.0,-156.5,-151.0,-157.0,-154.0,-152.0,-151.5,-155.5,-157.0,-156.0,-157.0,-149.0,-153.0,-153.0,-157.0,-154.5,-156.0,-154.0,-151.5,-148.5,-156.0,-157.0,-151.5,-149.5,-152.0,-152.0,-155.5,-153.0,-152.5,-157.0,-157.0,-157.0,-152.5,-157.0,-155.0,-157.0,-149.5,-150.5,-148.0,-151.0,-151.0,-151.0,-157.0,-155.5,-157.0,-152.5,-152.0,-156.0,-157.0,-157.0,-156.5,-157.0,-148.5,-147.0,-152.5,-149.5,-155.0,-156.0,-154.0,-145.0,-143.0,-153.0,-156.5,-153.5,-157.0,-150.5,-157.0,-151.5,-153.0,-153.0,-152.0,-151.0,-153.0,-153.5,-153.0,-156.5,-153.5,-157.0,-154.0,-156.5,-151.5,-157.0,-156.5,-157.0,-157.0,-157.0,-153.5,-156.5,-157.0,-157.0,-157.0,-143.0,-149.5,-151.5,-152.0,-155.0,-148.5,-150.5,-152.0,-149.5,-152.0,-157.0,-154.5,-153.5,-153.0,-157.0,-157.0,-154.0,-149.0,-148.0,-151.0,-156.0,-150.0,-153.5,-152.0,-152.0,-153.5,-151.0,-154.0,-154.0,-156.0,-157.0,-151.0,-149.0,-151.5,-157.0,-152.5,-157.0,-156.0,-157.0,-153.0,-152.5,-157.0,-151.5,-157.0,-154.5,-155.5,-151.5,-146.0,-153.5,-154.0,-151.5,-157.0,-155.0,-157.0,-151.0,-152.5,-150.5,-148.0,-151.0,-157.0,-157.0,-156.5,-157.0,-157.0,-157.0,-155.0,-153.5,-154.5,-147.5,-147.5,-151.5,-157.0,-153.0,-149.5,-148.5,-154.5,-157.0,-157.0,-153.0,-157.0,-157.0,-150.5,-148.0,-147.5,-148.0,-155.0,-154.0,-151.5,-157.0,-157.0,-157.0,-152.5,-151.5,-154.5,-153.0,-157.0,-157.0,-152.5,-150.5,-154.5,-149.5,-150.5,-156.5,-157.0,-150.0,-147.5,-156.5,-155.5,-156.5,-155.0,-150.0,-151.0,-151.0,-157.0,-155.0,-157.0,-154.5,-150.0,-153.0,-149.5,-157.0,-157.0,-156.5,-157.0,-150.0,-151.5,-151.0,-146.5,-154.0,-157.0,-157.0,-152.5,-157.0,-156.5,-157.0,-154.5,-157.0,-157.0,-157.0,-157.0,-151.5,-149.0,-152.5,-156.0,-149.0,-151.0,-157.0,-152.5,-155.0,-153.5,-151.0,-149.5,-148.5,-152.5,-157.0,-155.0,-157.0,-154.5,-152.5,-156.0,-153.0,-157.0,-153.0,-156.5,-152.5,-156.0,-152.5,-151.0,-154.0,-155.5,-150.5,-150.5,-151.5,-152.5,-150.0,-154.0,-152.0,-156.0,-153.5,-151.0,-157.0,-149.0,-152.0,-157.0,-157.0,-152.0,-151.5,-157.0,-157.0,-153.0,-151.5,-154.5,-156.0,-152.5,-149.0,-157.0,-156.0,-155.5,-157.0,-152.5,-152.0,-155.0,-153.5,-157.0,-153.0
2026-01-16 16:42:29.518,143.050000,5,-77,-157.0,-157.0,-157.0,-157.0,-154.0,-150.0,-155.5,-145.0,-144.5,-155.5,-157.0,-155.5,-155.0,-148.5,-153.5,-152.0,-152.5,-157.0,-155.0,-154.0,-154.5,-156.5,-152.0,-154.5,-157.0,-150.0,-150.0,-151.5,-151.0,-157.0,-155.0,-154.5,-154.0,-156.5,-157.0,-157.0,-157.0,-157.0,-157.0,-153.0,-156.0,-154.0,-152.5,-151.0,-151.0,-148.0,-150.5,-157.0,-156.5,-155.0,-150.0,-152.5,-154.5,-152.5,-148.0,-151.5,-154.0,-150.0,-155.0,-152.5,-146.5,-147.5,-156.0,-157.0,-154.5,-156.0,-157.0,-157.0,-157.0,-156.0,-157.0,-152.0,-152.5,-157.0,-155.5,-150.5,-157.0,-148.0,-150.0,-157.0,-157.0,-151.5,-150.0,-157.0,-157.0,-149.0,-150.0,-157.0,-155.0,-153.0,-151.5,-149.5,-157.0,-157.0,-157.0,-150.0,-148.0,-155.5,-157.0,-157.0,-155.0,-155.0,-153.5,-153.5,-153.0,-157.0,-150.0,-149.0,-150.5,-153.0,-150.5,-155.5,-156.0,-148.0,-149.5,-156.5,-154.0,-150.5,-149.0,-155.5,-153.0,-157.0,-153.5,-154.5,-157.0,-157.0,-156.5,-156.5,-155.5,-151.5,-149.5,-153.5,-157.0,-155.0,-152.5,-151.0,-151.0,-154.0,-155.0,-152.0,-152.5,-156.0,-151.0,-153.0,-157.0,-157.0,-155.5,-154.5,-157.0,-151.0,-157.0,-154.0,-156.0,-154.5,-157.0,-155.5,-157.0,-157.0,-152.0,-153.5,-154.0,-154.5,-151.0,-157.0,-152.5,-152.0,-156.5,-153.0,-154.5,-150.0,-153.5,-150.0,-154.0,-156.0,-154.0,-154.0,-152.5,-152.0,-151.5,-155.0,-153.0,-150.5,-156.5,-152.0,-153.0,-152.0,-152.0,-154.0,-154.0,-154.5,-152.0,-150.5,-149.5,-153.5,-155.0,-153.5,-151.0,-155.5,-151.5,-154.0,-155.5,-152.0,-155.0,-149.5,-150.0,-157.0,-150.5,-149.5,-157.0,-151.5,-151.0,-154.5,-157.0,-154.5,-156.0,-149.5,-146.5,-146.5,-154.5,-155.5,-153.5,-156.0,-157.0,-157.0,-154.5,-154.5,-155.0,-156.0,-157.0,-156.0,-155.0,-151.0,-151.5,-150.0,-152.0,-157.0,-156.5,-157.0,-145.0,-142.0,-153.5,-152.0,-156.0,-157.0,-156.0,-151.5,-147.5,-148.5,-149.0,-152.5,-152.0,-157.0,-157.0,-155.0,-157.0,-157.0,-157.0,-157.0,-152.0,-150.5,-157.0,-157.0,-157.0,-157.0,-157.0,-149.0,-149.5,-155.0,-150.5,-152.0,-142.5,-151.0,-153.5,-157.0,-154.5,-151.5,-151.5,-148.5,-149.5,-156.0,-153.5,-150.5,-153.0,-156.0,-154.0,-157.0,-157.0,-153.0,-152.0,-157.0,-156.5,-150.0,-150.5,-154.0,-152.5,-157.0,-152.0,-150.5,-157.0,-156.0,-155.0,-150.0,-148.5,-153.0,-156.0,-151.5,-157.0,-151.5,-154.0,-151.5,-154.5,-157.0,-149.5,-152.5,-157.0,-155.0,-147.5,-147.5,-153.5,-157.0,-148.0,-150.5,-154.5,-157.0,-152.0,-152.5,-148.5,-155.0,-157.0,-153.5,-153.0,-157.0,-157.0,-154.5,-157.0,-152.5,-151.5,-157.0,-151.5,-150.0,-150.0,-153.0,-150.5,-149.5,-149.5,-152.0,-153.0,-154.0,-153.5,-155.5,-156.0,-156.5,-145.0,-146.5,-149.5,-152.0,-157.0,-152.0,-153.0,-157.0,-157.0,-152.5,-153.0,-157.0,-157.0,-157.0,-156.0,-153.0,-147.5,-150.5,-152.5,-149.5,-157.0,-157.0,-151.5,-151.0,-150.0,-152.0,-157.0,-153.0,-151.5,-150.5,-153.0,-157.0,-156.0,-157.0,-157.0,-154.5,-150.5,-150.0,-156.0,-157.0,-154.0,-154.5,-148.5,-150.5,-155.5,-146.5,-147.5,-156.0,-157.0,-151.0,-151.0,-156.5,-155.5,-154.0,-154.0,-153.5,-157.0,-157.0,-154.5,-153.0,-152.5,-155.0,-153.0,-155.5,-155.0,-149.0,-152.0,-157.0,-153.5,-151.0,-151.0,-156.5,-155.5,-157.0,-156.0,-152.5,-149.5,-149.0,-153.0,-153.5,-152.0,-157.0,-157.0,-151.5,-150.0,-151.0,-153.0,-157.0,-152.5,-150.0,-151.5,-157.0,-152.0,-155.5,-157.0,-157.0,-157.0,-151.5,-150.5,-149.5,-154.0,-157.0,-156.0,-157.0,-152.5,-154.0,-154.0,-155.5,-154.0,-156.5,-157.0,-157.0,-151.5,-157.0,-153.5,-151.5,-157.0,-152.5,-150.5,-150.5,-157.0,-157.0,-155.0
2026-01-16 16:42:29.552,143.050000,5,-77,-157.0,-157.0,-156.0,-157.0,-151.0,-149.5,-154.0,-145.5,-144.5,-149.0,-152.5,-155.0,-157.0,-149.5,-150.0,-153.5,-155.5,-155.0,-157.0,-154.5,-157.0,-151.5,-145.5,-147.0,-155.0,-151.5,-156.0,-153.0,-156.0,-152.0,-155.0,-150.0,-151.0,-157.0,-154.0,-153.0,-150.5,-153.0,-157.0,-157.0,-153.5,-152.0,-150.0,-148.5,-156.0,-148.5,-151.5,-157.0,-157.0,-157.0,-157.0,-152.0,-155.5,-150.0,-147.0,-151.5,-155.5,-149.5,-149.0,-149.0,-149.5,-149.5,-157.0,-155.0,-148.5,-148.0,-157.0,-157.0,-157.0,-157.0,-157.0,-153.5,-156.0,-157.0,-151.5,-149.5,-157.0,-149.5,-153.5,-157.0,-157.0,-151.5,-149.0,-157.0,-157.0,-151.0,-150.5,-156.0,-154.5,-153.5,-153.0,-149.5,-156.5,-157.0,-157.0,-152.0,-148.0,-149.5,-157.0,-157.0,-157.0,-157.0,-156.5,-156.0,-154.0,-157.0,-154.5,-150.5,-156.5,-151.5,-151.0,-151.5,-153.5,-150.5,-150.5,-153.5,-156.0,-149.0,-149.5,-156.5,-153.5,-157.0,-153.0,-152.5,-157.0,-157.0,-156.0,-156.5,-153.0,-155.5,-149.5,-153.5,-157.0,-156.5,-154.0,-152.0,-151.0,-156.5,-153.5,-151.5,-151.0,-157.0,-147.0,-149.5,-157.0,-157.0,-157.0,-153.5,-153.5,-151.5,-152.0,-151.5,-155.0,-155.0,-155.0,-155.5,-157.0,-157.0,-153.5,-157.0,-157.0,-156.0,-152.0,-153.5,-157.0,-154.0,-156.5,-153.5,-157.0,-148.5,-150.5,-149.5,-149.5,-154.5,-157.0,-150.5,-150.5,-155.5,-154.0,-156.5,-151.0,-151.5,-154.0,-150.5,-152.5,-148.5,-149.0,-151.5,-153.0,-154.0,-156.5,-157.0,-151.5,-148.5,-151.5,-150.0,-151.0,-157.0,-154.0,-156.0,-156.5,-152.5,-157.0,-155.5,-152.5,-157.0,-152.0,-150.0,-154.0,-152.5,-149.0,-152.5,-156.0,-151.0,-153.5,-151.5,-149.5,-148.0,-153.0,-157.0,-157.0,-154.5,-157.0,-153.0,-154.0,-155.5,-151.5,-155.0,-157.0,-152.5,-151.0,-155.0,-156.0,-150.5,-151.0,-155.5,-153.5,-157.0,-140.5,-139.0,-149.5,-151.5,-157.0,-157.0,-157.0,-153.0,-150.5,-153.0,-153.0,-152.5,-151.0,-151.0,-156.0,-157.0,-155.0,-157.0,-157.0,-154.5,-151.5,-153.5,-154.5,-157.0,-157.0,-157.0,-155.5,-148.5,-149.5,-151.5,-149.0,-145.0,-143.5,-153.0,-155.0,-157.0,-157.0,-157.0,-156.0,-153.0,-156.5,-156.0,-157.0,-148.5,-149.5,-154.5,-154.0,-157.0,-151.5,-152.0,-154.5,-155.5,-152.0,-153.0,-155.5,-156.5,-152.5,-152.0,-150.0,-151.5,-157.0,-157.0,-153.0,-150.0,-149.5,-150.5,-152.5,-152.0,-152.0,-152.5,-148.5,-147.5,-157.0,-153.0,-150.5,-152.0,-156.0,-150.0,-147.5,-150.0,-152.5,-156.0,-148.0,-148.5,-153.5,-156.5,-156.5,-157.0,-147.0,-149.0,-153.0,-157.0,-154.0,-153.5,-153.0,-150.0,-152.5,-157.0,-153.0,-155.0,-154.5,-153.0,-149.5,-149.5,-153.5,-157.0,-155.5,-153.5,-157.0,-156.5,-154.5,-156.0,-157.0,-155.5,-147.0,-150.5,-152.0,-157.0,-157.0,-153.0,-153.0,-157.0,-155.0,-157.0,-157.0,-156.0,-156.5,-157.0,-155.0,-155.0,-147.5,-151.5,-157.0,-150.0,-155.0,-150.5,-150.5,-155.0,-151.0,-154.5,-156.5,-153.5,-152.0,-154.5,-157.0,-157.0,-157.0,-157.0,-157.0,-153.0,-150.5,-155.0,-156.5,-156.0,-152.0,-157.0,-151.0,-150.0,-157.0,-151.0,-148.5,-157.0,-157.0,-157.0,-152.0,-156.0,-156.0,-157.0,-154.5,-150.0,-155.0,-156.0,-156.5,-157.0,-150.0,-157.0,-153.0,-150.5,-152.5,-147.0,-146.5,-155.5,-150.5,-152.5,-156.5,-157.0,-153.5,-157.0,-157.0,-154.0,-150.0,-149.0,-157.0,-151.0,-153.0,-157.0,-157.0,-150.5,-150.0,-154.0,-154.5,-157.0,-157.0,-155.0,-157.0,-157.0,-154.5,-155.5,-157.0,-157.0,-157.0,-154.0,-148.0,-151.0,-154.5,-157.0,-156.0,-157.0,-152.0,-150.5,-149.0,-154.0,-157.0,-155.0,-154.5,-156.0,-151.0,-154.5,-151.5,-151.0,-154.0,-152.5,-150.5,-150.0,-157.0,-157.0,-156.5
2026-01-16 16:42:29.580,143.050000,5,-77,-157.0,-157.0,-151.0,-157.0,-149.5,-151.5,-157.0,-154.5,-151.0,-154.5,-150.0,-150.5,-157.0,-157.0,-152.5,-157.0,-157.0,-154.5,-157.0,-156.5,-155.5,-147.0,-146.0,-147.5,-150.5,-150.5,-152.5,-154.0,-149.5,-149.5,-156.5,-150.0,-152.5,-157.0,-152.5,-155.0,-148.5,-148.5,-156.0,-157.0,-157.0,-152.5,-152.0,-148.5,-154.0,-151.5,-150.5,-154.5,-157.0,-154.0,-155.0,-149.0,-150.0,-149.0,-148.0,-152.0,-157.0,-152.0,-151.0,-150.5,-153.0,-153.5,-157.0,-155.5,-150.0,-148.0,-157.0,-157.0,-157.0,-157.0,-157.0,-154.5,-157.0,-157.0,-155.0,-153.0,-157.0,-151.0,-152.0,-157.0,-157.0,-157.0,-150.0,-156.0,-153.5,-155.5,-156.5,-157.0,-157.0,-151.0,-149.5,-151.5,-152.5,-157.0,-157.0,-157.0,-148.5,-148.0,-157.0,-157.0,-157.0,-154.0,-157.0,-154.0,-153.5,-154.5,-152.0,-150.5,-151.5,-149.5,-151.0,-150.0,-151.0,-153.5,-154.0,-150.5,-151.0,-152.0,-156.0,-157.0,-154.0,-155.0,-152.5,-149.5,-157.0,-157.0,-157.0,-153.0,-152.5,-157.0,-151.5,-153.5,-157.0,-152.5,-151.5,-150.0,-151.0,-157.0,-153.5,-153.5,-156.0,-153.0,-147.0,-148.5,-157.0,-155.0,-157.0,-154.0,-153.0,-151.0,-153.0,-152.5,-154.5,-153.0,-151.5,-154.5,-157.0,-155.5,-153.5,-157.0,-157.0,-157.0,-155.0,-152.0,-151.5,-153.5,-157.0,-152.5,-157.0,-151.0,-151.5,-148.0,-147.5,-157.0,-155.5,-147.5,-148.5,-154.0,-152.5,-152.5,-150.0,-157.0,-154.0,-153.0,-147.5,-145.5,-152.0,-153.0,-152.0,-155.0,-154.0,-157.0,-156.5,-150.5,-152.0,-152.0,-155.0,-151.0,-149.5,-152.0,-157.0,-154.0,-154.0,-157.0,-155.0,-157.0,-157.0,-153.0,-157.0,-157.0,-151.0,-151.5,-153.0,-148.5,-150.5,-154.5,-156.0,-153.0,-156.0,-157.0,-157.0,-151.5,-152.0,-151.0,-151.0,-153.0,-151.0,-157.0,-157.0,-157.0,-151.0,-153.0,-154.5,-153.0,-154.5,-152.0,-150.5,-150.5,-140.0,-139.0,-151.5,-149.5,-154.0,-156.0,-156.0,-157.0,-156.5,-157.0,-157.0,-153.0,-151.0,-149.5,-152.5,-154.0,-152.5,-156.5,-155.0,-154.5,-154.5,-154.0,-153.5,-157.0,-157.0,-157.0,-157.0,-154.0,-155.5,-157.0,-149.0,-143.5,-145.5,-149.5,-150.0,-153.5,-157.0,-151.0,-149.0,-156.0,-157.0,-155.0,-156.0,-148.0,-149.5,-157.0,-156.5,-157.0,-148.5,-150.5,-154.5,-153.0,-150.5,-157.0,-157.0,-154.5,-151.0,-151.0,-150.0,-153.5,-157.0,-157.0,-152.0,-152.5,-155.5,-154.0,-157.0,-157.0,-151.0,-154.5,-153.0,-149.0,-154.0,-153.5,-157.0,-153.5,-147.5,-147.5,-153.0,-153.5,-152.0,-155.5,-151.0,-153.5,-156.5,-155.5,-157.0,-157.0,-148.0,-148.5,-150.0,-157.0,-155.5,-152.5,-154.5,-151.5,-150.5,-154.5,-157.0,-153.0,-151.5,-145.5,-148.0,-151.5,-153.0,-155.0,-157.0,-157.0,-157.0,-157.0,-156.0,-157.0,-157.0,-157.0,-152.5,-152.0,-151.5,-157.0,-157.0,-155.0,-156.5,-157.0,-152.5,-157.0,-157.0,-154.0,-154.0,-157.0,-154.0,-152.5,-149.5,-156.0,-155.0,-150.5,-154.0,-147.5,-148.0,-154.0,-157.0,-153.5,-152.5,-157.0,-152.0,-157.0,-156.5,-156.5,-157.0,-157.0,-157.0,-157.0,-156.0,-157.0,-157.0,-153.0,-152.0,-156.0,-155.5,-153.0,-157.0,-157.0,-153.5,-157.0,-157.0,-153.5,-154.0,-157.0,-157.0,-157.0,-153.5,-151.0,-155.0,-157.0,-157.0,-156.0,-150.5,-157.0,-151.5,-148.5,-154.5,-149.5,-148.5,-157.0,-148.0,-150.5,-155.0,-157.0,-153.5,-152.0,-154.5,-153.0,-157.0,-154.0,-157.0,-150.5,-151.0,-155.0,-156.0,-154.0,-156.5,-157.0,-153.0,-153.5,-157.0,-157.0,-157.0,-157.0,-155.0,-156.5,-156.0,-157.0,-157.0,-156.0,-152.0,-156.0,-153.0,-157.0,-153.0,-157.0,-151.0,-155.0,-151.0,-153.5,-156.0,-157.0,-149.5,-149.0,-152.5,-155.5,-150.0,-149.5,-154.0,-153.5,-151.5,-153.5,-155.5,-156.0,-157.0
2026-01-16 16:42:29.623,143.050000,5,-77,-157.0,-157.0,-149.5,-151.0,-149.0,-152.5,-157.0,-157.0,-156.5,-157.0,-152.5,-152.0,-156.0,-157.0,-154.5,-152.0,-155.0,-157.0,-157.0,-156.5,-155.0,-149.0,-155.0,-151.0,-154.0,-151.5,-148.5,-152.0,-148.0,-149.5,-155.5,-150.0,-150.0,-157.0,-154.0,-156.0,-153.0,-149.0,-151.0,-157.0,-157.0,-151.5,-157.0,-148.5,-151.5,-151.5,-149.0,-150.5,-153.0,-151.0,-152.5,-149.5,-149.5,-151.5,-152.0,-150.0,-154.5,-156.0,-155.5,-152.0,-150.0,-153.0,-153.0,-153.5,-153.0,-154.0,-156.5,-157.0,-157.0,-157.0,-155.5,-155.5,-156.5,-157.0,-157.0,-157.0,-157.0,-154.5,-153.0,-157.0,-157.0,-157.0,-148.5,-150.0,-153.0,-157.0,-157.0,-157.0,-157.0,-150.0,-149.5,-154.5,-150.0,-152.5,-157.0,-157.0,-154.5,-153.5,-157.0,-157.0,-157.0,-152.0,-155.5,-156.0,-157.0,-156.0,-149.0,-149.5,-149.0,-148.5,-152.5,-150.5,-151.0,-155.0,-152.5,-153.5,-151.0,-154.0,-157.0,-154.5,-156.0,-156.0,-152.5,-149.0,-156.0,-153.0,-153.0,-150.0,-157.0,-154.0,-156.0,-157.0,-157.0,-148.0,-148.0,-150.5,-153.0,-157.0,-153.0,-153.0,-153.5,-155.5,-151.5,-154.0,-153.5,-153.0,-157.0,-157.0,-157.0,-152.0,-157.0,-155.5,-151.5,-154.5,-153.0,-150.0,-157.0,-157.0,-153.5,-157.0,-157.0,-157.0,-156.5,-152.5,-149.0,-152.0,-152.5,-150.5,-154.5,-156.5,-155.5,-150.5,-147.0,-157.0,-152.5,-145.5,-146.5,-153.5,-150.5,-149.5,-149.5,-155.5,-157.0,-157.0,-147.0,-146.0,-154.0,-152.0,-154.5,-151.5,-151.5,-152.5,-152.5,-157.0,-156.5,-156.0,-157.0,-150.0,-148.5,-155.0,-157.0,-153.0,-151.0,-152.0,-157.0,-157.0,-157.0,-153.5,-157.0,-155.0,-152.5,-156.0,-156.0,-149.5,-154.5,-156.0,-157.0,-155.0,-157.0,-157.0,-155.0,-155.5,-154.5,-155.5,-152.5,-157.0,-154.0,-157.0,-157.0,-157.0,-149.5,-152.0,-154.5,-151.5,-157.0,-150.0,-150.5,-148.0,-148.0,-141.0,-151.0,-152.5,-156.0,-155.5,-153.5,-157.0,-154.0,-155.5,-157.0,-150.5,-148.0,-151.5,-156.0,-153.0,-155.5,-154.0,-157.0,-153.0,-154.0,-152.5,-155.5,-157.0,-157.0,-157.0,-157.0,-157.0,-157.0,-157.0,-145.5,-142.0,-151.5,-149.5,-148.0,-153.0,-156.0,-148.0,-148.0,-149.5,-151.5,-153.0,-152.0,-149.0,-149.0,-153.0,-154.5,-156.5,-148.0,-152.0,-153.5,-153.5,-153.0,-157.0,-157.0,-156.0,-152.5,-152.5,-154.5,-157.0,-157.0,-157.0,-157.0,-157.0,-157.0,-157.0,-157.0,-157.0,-150.0,-151.0,-156.0,-152.0,-154.0,-156.0,-157.0,-151.0,-148.5,-148.5,-157.0,-157.0,-155.0,-155.5,-153.5,-157.0,-157.0,-154.0,-157.0,-156.0,-150.5,-157.0,-151.0,-152.0,-156.5,-157.0,-153.5,-155.0,-149.5,-149.0,-154.0,-150.5,-148.0,-145.0,-147.5,-156.5,-150.0,-150.5,-157.0,-154.5,-155.0,-153.0,-153.0,-157.0,-151.0,-154.0,-157.0,-155.0,-150.0,-157.0,-156.5,-157.0,-157.0,-155.0,-152.5,-152.5,-157.0,-156.0,-157.0,-156.5,-150.0,-150.0,-151.0,-157.0,-155.5,-150.5,-153.0,-152.0,-148.5,-156.5,-157.0,-151.5,-151.0,-154.5,-152.0,-156.0,-153.0,-156.0,-157.0,-155.5,-156.0,-157.0,-157.0,-155.5,-157.0,-153.0,-157.0,-150.5,-157.0,-157.0,-157.0,-157.0,-157.0,-157.0,-157.0,-152.0,-153.0,-157.0,-157.0,-157.0,-155.0,-157.0,-157.0,-157.0,-157.0,-157.0,-149.5,-153.0,-154.5,-150.5,-155.5,-156.0,-152.0,-153.0,-148.0,-147.5,-150.5,-151.5,-154.0,-150.0,-153.0,-148.5,-150.0,-151.5,-151.5,-152.5,-153.5,-156.0,-152.5,-154.0,-157.0,-157.0,-148.5,-149.0,-152.5,-155.0,-154.5,-156.0,-157.0,-153.0,-150.5,-157.0,-155.5,-157.0,-157.0,-150.0,-149.0,-157.0,-150.0,-150.5,-150.0,-154.5,-154.5,-151.0,-152.0,-155.5,-152.0,-149.0,-156.5,-156.0,-148.5,-149.0,-157.0,-156.5,-155.0,-156.0,-155.0,-151.5,-157.0
2026-01-16 16:42:29.649,143.050000,5,-77,-157.0,-157.0,-154.5,-156.0,-150.0,-157.0,-157.0,-156.0,-156.5,-156.0,-157.0,-157.0,-155.5,-153.5,-157.0,-149.5,-153.0,-157.0,-157.0,-150.5,-153.5,-149.5,-149.5,-152.5,-156.5,-153.5,-149.0,-152.0,-152.5,-155.0,-152.5,-152.5,-151.5,-155.5,-157.0,-153.5,-155.0,-150.5,-149.5,-157.0,-156.5,-151.5,-156.0,-151.5,-154.0,-151.5,-151.5,-151.5,-153.5,-152.0,-151.0,-150.0,-150.5,-157.0,-153.0,-148.5,-157.0,-153.5,-153.0,-154.0,-148.5,-152.0,-150.5,-154.0,-153.0,-157.0,-152.0,-153.0,-153.5,-156.5,-157.0,-157.0,-151.5,-152.5,-157.0,-157.0,-157.0,-154.0,-154.5,-157.0,-155.5,-157.0,-149.0,-148.5,-155.0,-157.0,-157.0,-157.0,-157.0,-148.5,-149.0,-152.5,-150.0,-155.0,-157.0,-157.0,-157.0,-157.0,-157.0,-157.0,-157.0,-153.0,-153.0,-155.0,-157.0,-157.0,-150.5,-155.0,-153.0,-152.5,-156.5,-151.5,-152.0,-156.0,-152.0,-155.0,-154.5,-153.0,-156.0,-154.0,-157.0,-157.0,-156.0,-151.5,-157.0,-152.0,-151.0,-148.0,-152.0,-150.0,-157.0,-157.0,-155.0,-148.0,-149.0,-150.0,-150.0,-156.0,-156.0,-156.5,-150.0,-157.0,-157.0,-157.0,-157.0,-153.5,-157.0,-157.0,-157.0,-154.5,-157.0,-154.5,-150.0,-152.0,-156.0,-148.5,-154.0,-152.5,-152.5,-157.0,-157.0,-157.0,-157.0,-152.0,-149.0,-149.5,-156.0,-152.0,-151.0,-156.0,-154.5,-151.0,-146.5,-152.0,-148.5,-148.0,-151.0,-148.5,-150.0,-152.5,-155.0,-153.5,-156.5,-157.0,-150.0,-152.0,-152.0,-151.5,-152.5,-152.0,-152.5,-155.5,-153.0,-157.0,-157.0,-155.5,-157.0,-156.5,-151.0,-153.5,-154.5,-150.5,-151.0,-155.5,-154.0,-153.0,-157.0,-153.0,-157.0,-157.0,-153.0,-157.0,-157.0,-151.5,-151.5,-155.0,-157.0,-156.0,-157.0,-154.5,-152.0,-157.0,-157.0,-157.0,-157.0,-157.0,-153.5,-155.5,-155.5,-155.0,-148.5,-148.0,-157.0,-149.5,-155.0,-153.0,-157.0,-146.0,-143.5,-139.5,-147.5,-155.5,-157.0,-157.0,-153.5,-154.0,-151.5,-155.5,-156.5,-149.0,-148.5,-149.5,-155.0,-154.0,-154.5,-152.0,-156.0,-153.5,-157.0,-154.0,-155.0,-157.0,-157.0,-155.0,-157.0,-154.5,-152.5,-152.0,-145.5,-141.0,-151.5,-148.0,-149.0,-157.0,-157.0,-150.0,-151.5,-150.0,-153.0,-150.5,-155.0,-153.5,-149.5,-149.0,-150.0,-153.0,-148.5,-148.0,-150.5,-149.5,-154.5,-157.0,-157.0,-157.0,-156.0,-154.0,-157.0,-157.0,-157.0,-157.0,-157.0,-157.0,-157.0,-156.5,-154.5,-157.0,-154.0,-157.0,-156.5,-157.0,-153.0,-152.5,-153.5,-150.5,-153.0,-151.5,-153.0,-156.0,-157.0,-157.0,-154.0,-154.0,-157.0,-154.0,-157.0,-149.0,-148.0,-157.0,-155.0,-150.5,-152.0,-154.0,-156.0,-153.0,-153.0,-150.0,-152.5,-152.5,-154.0,-152.0,-149.0,-156.0,-151.0,-150.0,-152.5,-151.0,-150.5,-152.0,-152.5,-148.0,-147.5,-155.0,-155.5,-157.0,-150.0,-156.0,-157.0,-156.5,-151.0,-151.5,-157.0,-155.5,-155.0,-155.0,-157.0,-157.0,-151.5,-149.5,-152.0,-157.0,-152.5,-152.5,-152.5,-157.0,-151.5,-157.0,-157.0,-156.5,-157.0,-151.5,-150.5,-157.0,-153.5,-157.0,-156.0,-154.5,-153.5,-154.5,-157.0,-157.0,-155.0,-156.0,-152.5,-149.5,-155.5,-157.0,-157.0,-157.0,-157.0,-152.5,-152.5,-157.0,-154.0,-152.5,-151.0,-152.5,-156.5,-157.0,-154.5,-157.0,-152.5,-151.0,-148.5,-151.5,-157.0,-153.5,-153.5,-157.0,-152.5,-151.5,-150.0,-149.0,-151.5,-148.0,-155.0,-151.0,-156.5,-150.5,-148.0,-148.5,-151.5,-157.0,-156.0,-157.0,-153.5,-151.5,-157.0,-157.0,-149.5,-152.0,-152.0,-157.0,-156.0,-157.0,-157.0,-154.0,-150.0,-153.5,-153.0,-157.0,-156.0,-150.0,-150.0,-152.5,-152.5,-151.5,-154.5,-154.5,-150.5,-152.0,-157.0,-151.5,-153.0,-152.5,-153.5,-149.5,-149.0,-151.0,-157.0,-154.0,-156.5,-155.0,-157.0,-151.0,-154.5
2026-01-16 16:42:29.680,143.050000,5,-77,-157.0,-157.0,-156.0,-156.0,-150.0,-153.0,-153.0,-156.0,-153.0,-153.0,-157.0,-157.0,-154.5,-154.5,-150.5,-150.5,-156.5,-157.0,-157.0,-149.0,-155.5,-149.0,-151.0,-151.5,-150.5,-152.0,-150.5,-157.0,-157.0,-157.0,-156.0,-157.0,-153.0,-152.0,-157.0,-152.5,-155.5,-156.5,-151.5,-156.5,-157.0,-152.0,-155.0,-152.5,-152.0,-149.5,-156.5,-155.5,-151.0,-153.0,-151.0,-155.0,-154.0,-150.0,-147.0,-148.5,-151.0,-148.5,-149.5,-149.5,-150.0,-156.0,-153.0,-152.5,-152.0,-155.5,-153.0,-151.5,-153.0,-153.5,-157.0,-155.0,-152.0,-151.0,-157.0,-157.0,-156.5,-153.0,-154.0,-152.0,-150.5,-155.0,-146.5,-147.0,-154.5,-155.5,-157.0,-157.0,-157.0,-150.0,-150.0,-157.0,-155.5,-157.0,-153.5,-155.0,-156.0,-156.5,-157.0,-156.5,-157.0,-157.0,-154.5,-153.5,-157.0,-152.0,-150.5,-156.5,-156.0,-157.0,-157.0,-154.5,-153.5,-157.0,-153.5,-152.0,-156.5,-156.5,-152.5,-153.0,-157.0,-157.0,-157.0,-151.5,-153.0,-152.5,-150.5,-151.5,-153.5,-152.0,-157.0,-157.0,-154.0,-151.0,-157.0,-153.5,-152.5,-151.0,-154.0,-150.0,-149.0,-155.0,-151.0,-151.5,-157.0,-155.0,-157.0,-157.0,-157.0,-157.0,-155.5,-149.5,-149.0,-155.0,-155.5,-149.5,-155.5,-150.0,-154.0,-156.5,-157.0,-154.0,-157.0,-155.0,-155.0,-150.0,-151.5,-157.0,-151.0,-157.0,-157.0,-147.5,-148.5,-153.0,-149.0,-154.0,-157.0,-149.0,-148.0,-150.5,-150.5,-149.0,-151.0,-151.0,-152.5,-150.0,-149.5,-154.5,-155.0,-155.5,-152.0,-154.0,-153.0,-154.5,-157.0,-155.5,-157.0,-157.0,-150.0,-151.0,-156.0,-153.0,-157.0,-157.0,-149.0,-148.0,-154.5,-153.0,-156.5,-157.0,-155.5,-155.0,-154.5,-153.5,-151.5,-155.5,-157.0,-157.0,-157.0,-153.5,-153.5,-157.0,-156.0,-153.0,-157.0,-157.0,-151.5,-150.5,-152.5,-153.5,-152.0,-147.0,-151.0,-148.0,-157.0,-157.0,-155.0,-146.5,-137.5,-138.0,-151.5,-149.5,-151.0,-155.0,-151.0,-149.5,-152.0,-157.0,-155.0,-152.0,-154.5,-152.0,-157.0,-153.0,-150.0,-153.0,-154.5,-157.0,-155.5,-152.5,-151.5,-151.0,-152.0,-154.5,-155.0,-152.0,-155.0,-150.0,-143.0,-142.5,-149.5,-147.0,-151.0,-157.0,-157.0,-150.5,-150.0,-151.0,-153.0,-148.0,-154.0,-156.5,-150.0,-149.5,-152.0,-154.5,-149.5,-147.0,-151.0,-149.0,-156.0,-153.0,-153.0,-157.0,-157.0,-153.0,-156.5,-156.5,-153.5,-155.0,-151.0,-150.5,-154.5,-152.0,-152.0,-157.0,-157.0,-157.0,-157.0,-156.5,-152.0,-151.5,-151.0,-155.0,-156.0,-155.5,-152.5,-154.0,-157.0,-156.0,-152.0,-150.0,-153.0,-153.0,-157.0,-146.5,-146.5,-157.0,-157.0,-153.5,-150.0,-151.5,-157.0,-149.0,-151.5,-150.0,-157.0,-157.0,-154.0,-154.0,-151.5,-157.0,-154.0,-156.0,-152.5,-157.0,-150.0,-157.0,-151.0,-147.0,-150.0,-154.0,-155.0,-157.0,-152.0,-154.0,-157.0,-157.0,-152.5,-149.0,-157.0,-157.0,-154.5,-154.0,-157.0,-156.0,-157.0,-154.5,-155.5,-157.0,-151.0,-151.5,-151.5,-153.0,-154.0,-157.0,-157.0,-157.0,-157.0,-157.0,-151.5,-157.0,-152.5,-156.0,-157.0,-156.5,-157.0,-156.0,-157.0,-157.0,-155.5,-152.0,-147.5,-149.0,-157.0,-157.0,-157.0,-155.0,-157.0,-149.0,-150.5,-157.0,-152.5,-148.5,-153.0,-154.0,-152.5,-152.5,-149.5,-149.0,-151.0,-148.5,-148.5,-150.0,-155.0,-157.0,-154.5,-154.5,-154.0,-152.0,-157.0,-155.0,-152.5,-148.5,-153.0,-155.0,-157.0,-157.0,-153.0,-151.5,-157.0,-156.5,-153.0,-156.0,-157.0,-149.5,-152.0,-157.0,-151.5,-153.5,-150.5,-154.0,-157.0,-157.0,-157.0,-156.5,-154.0,-154.0,-150.0,-151.0,-152.0,-152.5,-157.0,-156.5,-154.0,-155.0,-157.0,-157.0,-150.5,-152.5,-152.5,-151.0,-153.0,-157.0,-150.0,-147.5,-152.5,-155.0,-156.0,-151.5,-152.0,-152.5,-153.5,-153.5,-157.0
2026-01-16 16:42:29.719,143.050000,5,-77,-157.0,-157.0,-152.5,-153.5,-149.0,-150.5,-149.0,-151.5,-147.5,-151.5,-156.0,-157.0,-157.0,-154.0,-151.5,-157.0,-157.0,-157.0,-157.0,-151.0,-157.0,-150.5,-149.5,-146.5,-147.5,-157.0,-148.0,-150.0,-157.0,-154.0,-154.5,-156.5,-157.0,-153.5,-156.5,-148.0,-148.0,-154.0,-155.0,-157.0,-157.0,-150.5,-154.0,-153.5,-150.5,-154.5,-157.0,-157.0,-150.0,-157.0,-155.5,-153.5,-155.0,-151.0,-149.0,-155.5,-150.0,-149.0,-150.0,-148.0,-157.0,-157.0,-157.0,-152.0,-155.0,-152.0,-156.0,-153.5,-152.5,-152.0,-149.5,-150.5,-157.0,-154.0,-156.0,-157.0,-157.0,-154.5,-153.5,-154.0,-150.5,-152.5,-146.0,-149.5,-156.0,-156.5,-156.5,-157.0,-152.5,-154.5,-154.5,-157.0,-157.0,-154.5,-156.0,-156.0,-151.5,-153.0,-157.0,-156.5,-157.0,-157.0,-157.0,-151.5,-154.0,-152.0,-152.0,-157.0,-153.5,-151.5,-155.5,-152.0,-152.0,-157.0,-157.0,-156.0,-155.5,-157.0,-157.0,-152.0,-151.5,-152.5,-154.5,-147.0,-147.0,-152.5,-150.0,-157.0,-154.5,-156.5,-157.0,-155.5,-150.0,-150.5,-157.0,-156.0,-152.5,-150.5,-151.0,-148.5,-153.0,-151.5,-146.0,-151.0,-157.0,-154.5,-157.0,-157.0,-157.0,-157.0,-157.0,-151.5,-151.5,-157.0,-157.0,-150.0,-152.5,-150.0,-153.0,-151.0,-155.5,-152.0,-153.0,-151.5,-154.0,-150.5,-151.0,-157.0,-148.0,-153.0,-157.0,-148.5,-150.5,-147.5,-147.0,-153.5,-157.0,-153.0,-151.0,-152.5,-149.5,-149.0,-149.5,-148.0,-151.5,-146.0,-148.5,-157.0,-155.0,-157.0,-153.5,-151.5,-155.0,-152.0,-153.5,-157.0,-156.0,-156.0,-152.0,-150.5,-154.5,-156.5,-157.0,-157.0,-150.0,-146.5,-147.5,-156.5,-154.5,-153.5,-157.0,-151.0,-151.0,-152.0,-156.5,-157.0,-157.0,-157.0,-156.5,-152.5,-154.5,-157.0,-150.0,-148.0,-156.0,-157.0,-154.0,-152.5,-154.0,-157.0,-156.5,-147.0,-148.5,-147.0,-153.5,-157.0,-152.0,-154.0,-140.5,-140.0,-148.5,-149.5,-148.0,-149.5,-154.5,-150.5,-157.0,-156.5,-153.0,-155.0,-157.0,-153.0,-155.5,-153.5,-153.0,-156.0,-154.0,-154.5,-157.0,-154.5,-154.0,-149.0,-150.0,-152.5,-150.0,-150.5,-157.0,-154.0,-145.0,-150.0,-148.5,-147.5,-157.0,-155.0,-157.0,-154.5,-148.0,-151.5,-154.0,-148.0,-150.5,-157.0,-156.5,-153.0,-153.0,-154.0,-152.5,-150.5,-156.5,-150.0,-155.0,-156.5,-151.0,-156.0,-153.5,-151.5,-152.0,-156.5,-152.5,-156.5,-150.0,-149.5,-157.0,-157.0,-155.5,-157.0,-157.0,-154.0,-157.0,-155.0,-153.0,-154.0,-152.0,-155.5,-154.5,-157.0,-157.0,-157.0,-157.0,-155.0,-153.0,-149.5,-147.5,-153.5,-157.0,-146.5,-146.0,-152.0,-153.5,-151.5,-147.0,-146.0,-155.0,-148.0,-147.0,-149.0,-155.0,-156.0,-151.5,-156.0,-151.5,-157.0,-157.0,-157.0,-154.5,-157.0,-150.0,-152.5,-148.5,-148.5,-151.0,-152.0,-157.0,-157.0,-153.5,-152.5,-153.5,-152.0,-152.5,-148.0,-152.5,-156.5,-156.5,-155.0,-151.5,-153.0,-157.0,-155.0,-153.5,-157.0,-152.0,-150.0,-150.5,-151.0,-157.0,-156.5,-157.0,-157.0,-157.0,-157.0,-153.5,-157.0,-152.5,-153.0,-157.0,-157.0,-157.0,-154.0,-155.5,-157.0,-150.0,-147.0,-144.5,-146.0,-157.0,-155.5,-157.0,-154.0,-151.5,-152.0,-153.5,-157.0,-148.5,-148.0,-157.0,-156.5,-150.5,-152.5,-150.5,-148.0,-154.0,-151.5,-149.5,-149.0,-151.5,-156.5,-155.0,-156.5,-154.5,-153.5,-157.0,-157.0,-157.0,-148.0,-149.5,-157.0,-157.0,-156.5,-156.0,-151.5,-156.0,-157.0,-153.0,-155.5,-157.0,-150.5,-152.0,-157.0,-157.0,-157.0,-151.5,-156.0,-157.0,-157.0,-154.0,-153.0,-157.0,-153.5,-151.0,-153.0,-152.0,-149.0,-152.0,-155.0,-152.0,-157.0,-156.5,-157.0,-151.5,-149.5,-149.5,-154.0,-153.5,-153.5,-155.0,-150.5,-156.5,-153.0,-156.0,-153.0,-153.0,-151.0,-156.5,-154.5,-156.5
2026-01-16 16:42:29.751,143.050000,5,-77,-157.0,-157.0,-153.0,-155.0,-149.5,-153.5,-150.0,-148.5,-147.5,-150.0,-153.5,-157.0,-157.0,-153.5,-153.5,-157.0,-155.5,-157.0,-157.0,-153.0,-157.0,-157.0,-148.5,-148.5,-152.5,-157.0,-148.0,-146.5,-156.0,-149.0,-149.0,-151.5,-157.0,-154.0,-157.0,-147.0,-146.0,-150.5,-157.0,-154.0,-151.0,-150.5,-153.0,-155.5,-150.5,-157.0,-157.0,-152.5,-149.0,-152.5,-154.5,-150.5,-157.0,-153.0,-154.0,-157.0,-154.0,-154.0,-151.5,-150.0,-157.0,-157.0,-157.0,-153.0,-155.5,-149.0,-157.0,-151.0,-153.0,-149.5,-149.5,-149.5,-157.0,-157.0,-151.0,-154.5,-157.0,-155.5,-156.5,-157.0,-154.5,-157.0,-148.5,-155.5,-156.5,-157.0,-155.0,-155.0,-153.0,-155.0,-157.0,-157.0,-153.5,-155.5,-157.0,-157.0,-150.5,-153.0,-155.5,-157.0,-157.0,-157.0,-154.5,-150.0,-152.0,-152.5,-157.0,-157.0,-157.0,-148.5,-150.5,-152.0,-152.5,-157.0,-157.0,-154.0,-152.5,-151.5,-157.0,-150.5,-149.0,-152.5,-157.0,-147.5,-146.0,-153.5,-154.0,-153.5,-153.5,-157.0,-157.0,-157.0,-151.0,-150.5,-151.5,-156.0,-152.5,-151.0,-150.5,-149.5,-157.0,-149.0,-146.0,-151.0,-153.0,-153.5,-157.0,-155.0,-155.5,-157.0,-157.0,-154.0,-151.5,-150.5,-149.0,-148.0,-154.0,-151.5,-151.0,-149.5,-157.0,-154.0,-149.5,-149.5,-151.0,-154.5,-157.0,-154.5,-149.5,-151.5,-157.0,-152.0,-150.0,-148.0,-149.0,-151.5,-152.5,-154.5,-153.0,-153.5,-153.0,-152.0,-155.5,-148.0,-147.5,-146.5,-155.5,-157.0,-153.0,-156.5,-155.0,-150.5,-155.5,-155.0,-154.0,-155.0,-152.0,-153.0,-152.0,-151.5,-154.5,-156.5,-152.5,-153.5,-154.0,-150.5,-149.5,-150.5,-151.0,-155.5,-154.5,-150.0,-155.0,-152.0,-152.5,-157.0,-157.0,-153.5,-154.5,-149.5,-151.0,-151.0,-147.5,-147.5,-153.0,-157.0,-156.0,-148.5,-149.0,-157.0,-157.0,-149.0,-157.0,-152.0,-154.0,-154.0,-150.0,-150.0,-148.5,-144.5,-156.0,-157.0,-152.0,-153.5,-156.5,-154.0,-157.0,-152.0,-150.0,-154.5,-151.5,-150.0,-154.0,-155.5,-157.0,-153.0,-154.5,-149.0,-151.5,-153.0,-153.0,-153.0,-157.0,-155.5,-150.0,-153.5,-157.0,-147.0,-144.0,-155.0,-153.5,-152.5,-157.0,-157.0,-152.0,-155.0,-150.0,-150.5,-151.0,-149.5,-150.5,-156.0,-156.5,-152.5,-152.5,-156.0,-157.0,-157.0,-157.0,-154.0,-157.0,-156.0,-149.0,-150.0,-155.5,-154.0,-148.5,-156.0,-150.5,-152.5,-157.0,-153.5,-157.0,-157.0,-157.0,-157.0,-155.5,-152.5,-157.0,-156.5,-154.5,-155.5,-150.5,-149.0,-148.5,-152.0,-157.0,-157.0,-157.0,-154.5,-154.5,-149.5,-148.0,-152.5,-153.5,-149.5,-152.5,-155.0,-148.5,-148.0,-149.0,-146.0,-149.5,-150.0,-150.0,-151.5,-152.0,-152.5,-150.5,-156.0,-151.5,-156.5,-155.0,-157.0,-156.0,-157.0,-153.0,-152.5,-149.0,-150.0,-149.5,-154.0,-155.0,-154.0,-149.5,-156.5,-155.5,-149.5,-150.5,-149.5,-153.0,-155.5,-157.0,-157.0,-150.5,-157.0,-155.0,-148.5,-148.5,-156.5,-152.5,-156.0,-154.5,-149.0,-154.0,-157.0,-157.0,-157.0,-157.0,-157.0,-153.5,-156.5,-151.0,-148.5,-153.5,-155.5,-156.0,-151.5,-151.5,-153.5,-150.0,-149.5,-147.5,-146.0,-152.0,-151.5,-157.0,-154.5,-150.0,-155.5,-157.0,-155.5,-147.5,-151.5,-156.5,-155.0,-153.0,-153.0,-157.0,-154.0,-151.5,-152.0,-151.0,-148.5,-149.0,-155.5,-151.5,-157.0,-154.5,-155.0,-157.0,-157.0,-155.0,-150.5,-151.5,-157.0,-157.0,-154.5,-149.0,-147.5,-155.0,-155.5,-151.5,-150.5,-152.5,-152.5,-150.0,-149.5,-153.0,-155.5,-153.0,-157.0,-155.5,-157.0,-156.5,-153.5,-152.5,-154.5,-151.5,-157.0,-157.0,-148.5,-149.5,-157.0,-151.0,-152.0,-152.5,-157.0,-156.0,-153.0,-152.0,-157.0,-150.5,-150.0,-156.5,-148.5,-150.0,-153.0,-152.0,-152.0,-157.0,-156.0,-157.0,-156.0,-156.5
2026-01-16 16:42:29.782,143.050000,5,-77,-157.0,-157.0,-152.0,-152.5,-150.5,-149.5,-150.5,-150.5,-156.0,-156.5,-153.0,-155.0,-157.0,-152.0,-153.0,-153.5,-154.5,-156.0,-156.0,-154.0,-157.0,-157.0,-154.0,-150.5,-155.0,-153.0,-152.0,-148.5,-151.5,-150.0,-152.0,-152.5,-157.0,-154.5,-157.0,-150.0,-151.0,-154.5,-156.0,-152.5,-149.5,-157.0,-151.5,-149.5,-151.0,-151.0,-154.0,-152.5,-152.0,-154.5,-149.0,-147.0,-152.5,-151.0,-151.5,-156.0,-156.5,-152.5,-153.5,-151.0,-154.0,-154.5,-156.5,-151.0,-151.5,-148.0,-156.0,-151.0,-154.5,-150.0,-157.0,-153.5,-154.5,-156.0,-149.0,-151.0,-157.0,-156.5,-156.5,-154.0,-154.0,-151.5,-151.0,-154.0,-153.5,-151.5,-154.5,-154.5,-157.0,-157.0,-156.0,-151.5,-153.0,-157.0,-152.0,-152.0,-152.5,-153.0,-153.0,-156.5,-157.0,-157.0,-150.0,-151.5,-152.5,-151.0,-156.5,-157.0,-157.0,-148.0,-150.0,-153.5,-155.0,-157.0,-152.0,-150.0,-150.0,-150.0,-157.0,-151.0,-153.0,-157.0,-157.0,-152.0,-149.5,-157.0,-157.0,-153.5,-153.5,-155.0,-156.0,-155.0,-153.0,-156.5,-151.0,-155.0,-155.0,-151.0,-151.5,-157.0,-157.0,-149.0,-148.0,-155.0,-154.5,-156.5,-157.0,-154.0,-156.0,-156.0,-152.0,-152.0,-152.5,-151.0,-148.0,-149.5,-153.5,-151.5,-156.5,-152.0,-157.0,-153.5,-151.5,-151.5,-152.5,-157.0,-157.0,-157.0,-156.5,-156.0,-157.0,-157.0,-155.0,-151.5,-154.0,-152.5,-152.5,-157.0,-150.0,-148.5,-153.5,-155.5,-150.0,-148.5,-149.5,-149.0,-153.0,-152.5,-153.5,-155.5,-155.0,-151.5,-153.0,-153.5,-153.0,-152.0,-149.5,-157.0,-156.0,-157.0,-157.0,-157.0,-150.5,-153.5,-155.5,-155.0,-156.0,-148.5,-148.5,-155.0,-151.0,-149.5,-153.5,-153.5,-153.5,-157.0,-157.0,-152.0,-152.0,-150.0,-149.0,-149.0,-149.5,-155.5,-154.0,-156.5,-157.0,-149.0,-149.0,-153.0,-152.5,-150.0,-154.5,-157.0,-157.0,-153.0,-154.5,-151.0,-144.5,-143.0,-154.5,-157.0,-157.0,-157.0,-155.0,-155.5,-157.0,-153.0,-151.5,-157.0,-149.5,-150.5,-157.0,-157.0,-157.0,-153.0,-157.0,-149.0,-148.5,-153.0,-155.5,-157.0,-157.0,-157.0,-150.0,-151.0,-148.0,-142.0,-143.5,-152.0,-154.5,-152.5,-156.0,-157.0,-151.0,-151.0,-154.0,-148.0,-149.0,-152.0,-154.5,-152.5,-151.5,-155.5,-156.5,-157.0,-156.5,-157.0,-157.0,-156.0,-157.0,-154.5,-151.5,-151.0,-155.5,-155.5,-148.0,-154.0,-151.0,-156.5,-157.0,-157.0,-156.0,-157.0,-157.0,-157.0,-155.5,-151.5,-157.0,-152.5,-152.5,-157.0,-151.0,-152.5,-148.0,-151.5,-153.5,-157.0,-153.0,-150.5,-152.0,-150.0,-154.0,-154.5,-148.5,-148.0,-157.0,-155.5,-150.0,-148.5,-154.0,-151.5,-153.5,-149.0,-149.0,-151.5,-153.5,-157.0,-154.0,-157.0,-151.5,-153.5,-153.5,-153.5,-157.0,-155.5,-157.0,-152.0,-150.5,-153.5,-151.5,-156.5,-156.5,-150.5,-148.0,-155.5,-154.0,-151.5,-157.0,-156.5,-157.0,-157.0,-157.0,-154.0,-150.0,-156.5,-157.0,-149.5,-150.5,-154.5,-150.5,-153.0,-152.0,-147.5,-151.0,-157.0,-156.5,-154.0,-157.0,-155.0,-152.5,-153.5,-150.0,-148.0,-151.0,-152.0,-152.0,-155.0,-153.5,-151.5,-155.0,-155.5,-156.5,-151.0,-156.0,-152.5,-154.5,-156.0,-153.5,-153.5,-157.0,-156.0,-149.5,-152.5,-157.0,-153.0,-156.5,-153.5,-157.0,-157.0,-156.0,-151.0,-153.5,-153.5,-150.0,-152.5,-149.5,-153.5,-155.0,-155.0,-157.0,-153.0,-151.0,-154.5,-154.5,-157.0,-157.0,-151.5,-147.5,-148.5,-152.0,-148.0,-150.0,-147.0,-149.5,-152.5,-145.5,-145.5,-151.5,-157.0,-153.5,-156.5,-155.0,-157.0,-157.0,-154.0,-149.5,-149.5,-151.5,-156.0,-153.5,-151.5,-152.5,-157.0,-150.5,-148.5,-157.0,-155.5,-157.0,-157.0,-156.0,-157.0,-152.0,-149.5,-154.5,-146.5,-146.5,-152.5,-152.5,-152.5,-157.0,-157.0,-157.0,-157.0,-155.5
2026-01-16 16:42:29.814,143.050000,5,-77,-157.0,-157.0,-153.5,-153.5,-155.0,-151.0,-152.0,-150.5,-155.5,-157.0,-153.5,-154.5,-157.0,-152.5,-155.5,-154.5,-153.0,-153.5,-155.5,-156.0,-157.0,-157.0,-155.0,-148.0,-150.0,-152.0,-154.5,-152.0,-148.0,-155.0,-157.0,-155.0,-157.0,-153.0,-155.0,-157.0,-154.5,-153.5,-149.5,-150.0,-150.5,-157.0,-149.5,-148.0,-153.5,-150.5,-155.0,-155.0,-155.0,-155.5,-151.5,-147.0,-149.0,-152.0,-152.0,-151.5,-152.0,-152.5,-157.0,-152.5,-154.5,-153.0,-149.5,-147.5,-149.5,-148.5,-156.0,-152.5,-157.0,-150.5,-151.5,-156.0,-155.5,-153.0,-153.0,-154.0,-157.0,-157.0,-152.0,-155.0,-152.0,-152.5,-157.0,-157.0,-151.0,-151.5,-151.0,-150.5,-157.0,-155.5,-156.0,-151.5,-157.0,-155.0,-155.0,-149.5,-152.0,-155.0,-155.0,-155.5,-156.5,-155.0,-150.5,-152.0,-157.0,-151.5,-153.0,-157.0,-157.0,-150.5,-150.0,-152.0,-156.0,-157.0,-154.5,-152.0,-152.5,-151.0,-152.0,-148.5,-154.5,-156.0,-154.0,-157.0,-157.0,-157.0,-157.0,-151.5,-155.0,-153.0,-152.5,-155.0,-157.0,-152.0,-150.0,-156.0,-151.0,-151.5,-156.5,-157.0,-157.0,-153.5,-151.5,-157.0,-155.5,-154.0,-155.5,-154.0,-157.0,-152.0,-151.5,-157.0,-156.0,-155.0,-150.0,-148.5,-148.5,-151.0,-156.5,-151.0,-155.5,-151.5,-152.5,-150.0,-151.0,-155.5,-157.0,-157.0,-157.0,-157.0,-157.0,-157.0,-155.5,-153.5,-154.5,-152.5,-155.0,-155.5,-152.0,-150.0,-157.0,-153.0,-153.0,-151.0,-151.0,-147.5,-149.5,-152.0,-157.0,-157.0,-156.0,-154.5,-150.0,-148.5,-154.0,-151.0,-150.0,-157.0,-157.0,-157.0,-157.0,-157.0,-153.5,-154.0,-156.5,-156.0,-157.0,-155.5,-150.0,-154.0,-156.0,-151.0,-151.5,-152.0,-157.0,-155.0,-155.5,-155.0,-155.5,-151.5,-151.0,-154.0,-155.5,-157.0,-155.0,-157.0,-156.0,-155.0,-154.5,-152.5,-156.0,-153.5,-154.0,-153.5,-157.0,-153.0,-156.5,-150.0,-143.0,-142.0,-153.5,-157.0,-157.0,-157.0,-153.0,-153.5,-157.0,-154.5,-153.0,-157.0,-151.0,-157.0,-156.5,-157.0,-156.0,-156.0,-157.0,-157.0,-151.5,-157.0,-157.0,-154.5,-151.5,-152.5,-148.5,-155.0,-148.5,-142.0,-145.5,-152.5,-154.5,-152.5,-151.0,-157.0,-153.0,-156.5,-155.0,-151.0,-152.5,-153.5,-154.5,-150.0,-150.5,-157.0,-157.0,-157.0,-157.0,-153.5,-153.5,-149.0,-151.0,-152.0,-153.5,-152.0,-153.5,-157.0,-150.5,-155.5,-153.0,-157.0,-157.0,-157.0,-154.0,-154.0,-157.0,-156.5,-156.5,-152.0,-153.5,-154.0,-156.0,-157.0,-153.0,-153.5,-151.5,-151.5,-150.5,-152.5,-151.0,-149.0,-156.0,-152.0,-155.5,-157.0,-145.0,-146.5,-154.0,-152.5,-157.0,-151.5,-157.0,-157.0,-157.0,-154.5,-151.5,-150.5,-154.0,-157.0,-153.0,-157.0,-150.5,-150.0,-157.0,-151.5,-153.0,-157.0,-157.0,-151.5,-154.5,-152.0,-149.5,-157.0,-157.0,-151.5,-151.0,-154.0,-154.0,-153.0,-157.0,-156.5,-156.5,-157.0,-157.0,-157.0,-149.0,-149.5,-153.0,-151.0,-152.5,-150.5,-152.5,-151.5,-150.5,-147.5,-155.0,-157.0,-153.0,-151.0,-157.0,-153.5,-152.5,-152.0,-151.5,-152.5,-153.0,-155.0,-153.0,-157.0,-154.5,-150.5,-155.0,-156.0,-154.0,-152.5,-157.0,-155.5,-153.0,-157.0,-157.0,-157.0,-156.5,-155.0,-156.5,-154.0,-155.0,-151.0,-153.5,-151.5,-153.0,-157.0,-157.0,-152.0,-157.0,-157.0,-152.0,-151.5,-151.5,-156.0,-157.0,-153.5,-154.0,-152.0,-152.5,-153.0,-156.5,-152.0,-157.0,-155.0,-153.0,-152.0,-153.5,-147.5,-151.5,-149.5,-151.5,-155.5,-146.0,-146.5,-157.0,-155.0,-157.0,-153.5,-154.5,-157.0,-157.0,-155.0,-149.0,-151.5,-152.5,-149.5,-149.0,-156.5,-153.0,-157.0,-151.5,-149.5,-156.5,-153.0,-157.0,-157.0,-157.0,-157.0,-154.5,-150.0,-151.5,-147.5,-147.5,-149.5,-150.0,-156.5,-157.0,-157.0,-157.0,-157.0,-154.5
2026-01-16 16:42:29.854,143.050000,5,-77,-157.0,-157.0,-157.0,-153.5,-157.0,-153.0,-154.0,-152.5,-153.5,-157.0,-154.5,-153.5,-154.5,-154.0,-156.0,-157.0,-154.5,-157.0,-155.0,-157.0,-153.0,-152.5,-155.5,-150.0,-151.0,-154.0,-156.0,-157.0,-148.0,-151.5,-157.0,-153.5,-155.0,-154.0,-152.0,-157.0,-153.5,-154.5,-151.0,-147.0,-152.5,-157.0,-150.5,-151.5,-153.5,-155.5,-155.0,-153.5,-152.5,-157.0,-157.0,-150.5,-151.0,-155.0,-152.5,-151.5,-152.0,-157.0,-154.5,-153.0,-157.0,-157.0,-151.0,-148.0,-151.5,-151.5,-157.0,-153.5,-157.0,-153.5,-154.5,-155.5,-157.0,-157.0,-157.0,-157.0,-152.0,-151.5,-151.0,-156.0,-155.0,-157.0,-157.0,-157.0,-155.5,-155.5,-152.5,-151.0,-149.0,-149.0,-157.0,-155.0,-157.0,-153.5,-153.5,-152.0,-153.5,-157.0,-157.0,-152.5,-151.5,-153.0,-157.0,-154.5,-156.0,-156.0,-155.5,-157.0,-157.0,-157.0,-152.0,-156.0,-157.0,-156.0,-157.0,-156.0,-153.5,-150.5,-151.5,-146.5,-152.0,-150.0,-151.0,-157.0,-157.0,-157.0,-152.5,-151.5,-155.0,-152.0,-153.5,-156.0,-155.5,-150.5,-150.5,-154.0,-154.0,-152.5,-154.0,-154.5,-152.5,-157.0,-153.5,-157.0,-155.5,-152.5,-153.0,-150.0,-157.0,-151.0,-152.0,-156.0,-157.0,-155.0,-150.0,-149.5,-152.0,-157.0,-157.0,-150.5,-150.5,-150.5,-152.0,-151.5,-155.0,-155.5,-154.5,-157.0,-157.0,-156.0,-157.0,-157.0,-155.5,-150.0,-149.0,-151.0,-157.0,-157.0,-156.5,-155.5,-157.0,-150.0,-155.0,-150.0,-145.5,-144.0,-148.0,-157.0,-154.5,-157.0,-152.0,-156.0,-151.5,-147.5,-151.5,-149.0,-156.0,-157.0,-157.0,-157.0,-157.0,-153.5,-157.0,-157.0,-157.0,-153.5,-157.0,-148.5,-147.5,-154.0,-150.0,-148.5,-147.5,-150.0,-154.0,-151.0,-151.0,-157.0,-157.0,-154.0,-157.0,-153.5,-154.0,-157.0,-155.5,-157.0,-150.5,-153.0,-157.0,-152.5,-154.5,-156.0,-154.5,-153.5,-157.0,-153.0,-152.5,-147.5,-145.5,-143.0,-153.5,-152.5,-153.0,-155.5,-147.5,-148.5,-157.0,-150.5,-151.0,-157.0,-150.0,-149.5,-149.0,-154.0,-155.0,-157.0,-157.0,-153.5,-154.0,-157.0,-156.5,-153.0,-151.0,-150.0,-148.5,-150.5,-147.5,-143.5,-151.5,-148.5,-149.0,-157.0,-151.5,-150.0,-152.0,-157.0,-156.5,-156.5,-152.5,-150.5,-154.0,-151.5,-149.5,-152.5,-157.0,-157.0,-157.0,-152.0,-154.5,-146.0,-147.5,-152.0,-153.0,-153.0,-157.0,-157.0,-155.0,-157.0,-155.0,-157.0,-157.0,-157.0,-150.0,-150.0,-157.0,-155.0,-154.5,-157.0,-152.5,-153.0,-157.0,-157.0,-156.5,-151.5,-152.5,-156.0,-151.0,-150.0,-155.5,-151.5,-156.0,-154.0,-153.0,-155.5,-146.0,-147.5,-154.5,-152.0,-155.0,-152.5,-157.0,-157.0,-157.0,-157.0,-157.0,-148.5,-150.5,-150.0,-150.5,-157.0,-153.5,-152.5,-152.5,-153.0,-151.0,-157.0,-156.0,-150.5,-151.0,-153.0,-149.0,-156.0,-150.5,-149.0,-157.0,-154.0,-153.0,-155.5,-155.0,-155.0,-153.5,-157.0,-157.0,-157.0,-154.5,-152.0,-151.5,-152.0,-152.5,-152.5,-151.5,-150.5,-147.5,-148.0,-157.0,-156.5,-157.0,-153.5,-152.5,-150.5,-157.0,-154.5,-153.5,-154.0,-156.5,-157.0,-154.5,-157.0,-152.0,-152.0,-152.5,-157.0,-152.5,-152.0,-156.5,-155.0,-154.0,-157.0,-157.0,-157.0,-156.0,-156.0,-157.0,-154.5,-155.0,-150.5,-157.0,-155.0,-154.0,-157.0,-157.0,-152.5,-157.0,-156.5,-157.0,-157.0,-156.0,-155.5,-157.0,-155.0,-155.5,-154.5,-157.0,-152.0,-153.5,-150.0,-151.0,-155.5,-157.0,-155.5,-157.0,-149.0,-153.0,-153.0,-152.5,-153.0,-150.5,-152.5,-153.0,-151.0,-154.5,-150.0,-151.0,-157.0,-151.5,-151.5,-149.0,-149.5,-154.5,-150.0,-147.0,-157.0,-149.0,-148.5,-155.0,-150.0,-150.5,-150.0,-157.0,-157.0,-157.0,-157.0,-157.0,-153.5,-154.5,-153.5,-156.5,-152.0,-153.0,-153.5,-157.0,-155.5,-155.5,-157.0,-155.0
2026-01-16 16:42:29.881,143.050000,5,-77,-157.0,-157.0,-157.0,-152.0,-151.0,-151.5,-152.0,-157.0,-157.0,-153.0,-154.5,-154.5,-153.0,-153.5,-157.0,-157.0,-154.5,-155.0,-153.0,-151.5,-149.5,-148.5,-155.0,-157.0,-151.0,-151.5,-152.5,-151.0,-147.5,-150.5,-151.0,-151.0,-152.0,-157.0,-150.5,-151.0,-155.5,-157.0,-152.5,-148.5,-157.0,-157.0,-153.5,-151.5,-155.5,-157.0,-154.0,-153.5,-155.5,-156.5,-157.0,-154.5,-152.5,-157.0,-153.0,-154.0,-155.5,-151.0,-152.0,-153.0,-157.0,-155.0,-152.5,-151.5,-151.5,-152.0,-157.0,-151.5,-151.5,-157.0,-157.0,-156.0,-153.0,-157.0,-156.5,-153.5,-151.5,-150.0,-155.5,-157.0,-155.5,-157.0,-156.5,-157.0,-155.5,-157.0,-157.0,-157.0,-149.5,-146.5,-153.0,-156.5,-157.0,-152.0,-148.0,-152.0,-155.0,-157.0,-157.0,-153.0,-154.5,-156.5,-157.0,-157.0,-154.5,-153.5,-153.5,-154.5,-157.0,-156.0,-153.5,-157.0,-157.0,-155.0,-157.0,-151.0,-151.0,-149.0,-151.0,-147.0,-147.0,-149.0,-154.0,-157.0,-156.5,-157.0,-153.0,-157.0,-156.0,-150.5,-157.0,-157.0,-152.0,-153.0,-154.5,-151.5,-157.0,-151.0,-152.0,-153.0,-151.0,-157.0,-154.0,-156.0,-154.5,-151.5,-152.0,-147.5,-148.0,-152.0,-155.5,-151.5,-155.0,-153.5,-150.0,-151.5,-154.5,-157.0,-157.0,-156.0,-150.0,-148.0,-155.0,-154.0,-156.5,-157.0,-152.5,-155.0,-155.5,-157.0,-157.0,-157.0,-154.0,-151.0,-150.0,-152.5,-157.0,-156.0,-157.0,-157.0,-157.0,-152.5,-153.5,-149.5,-145.0,-144.5,-156.5,-150.5,-150.5,-155.5,-151.5,-157.0,-150.5,-148.0,-149.0,-147.0,-157.0,-151.0,-153.5,-157.0,-157.0,-152.5,-155.5,-157.0,-155.5,-153.5,-153.5,-147.0,-145.5,-153.0,-148.0,-149.0,-148.5,-149.5,-155.0,-154.0,-152.0,-157.0,-155.5,-153.5,-157.0,-153.5,-152.0,-155.5,-157.0,-152.5,-150.0,-152.0,-157.0,-156.0,-154.0,-157.0,-157.0,-156.0,-157.0,-154.5,-152.5,-149.5,-143.0,-141.5,-149.5,-155.0,-154.0,-150.5,-148.0,-151.5,-152.0,-152.5,-152.5,-154.0,-151.0,-147.5,-149.0,-150.0,-150.0,-152.0,-155.0,-150.0,-157.0,-150.5,-151.0,-157.0,-157.0,-153.0,-151.0,-147.5,-142.5,-145.5,-157.0,-153.0,-150.5,-155.0,-157.0,-149.0,-150.0,-157.0,-154.0,-157.0,-153.0,-150.5,-153.5,-153.0,-149.0,-148.5,-157.0,-155.5,-156.5,-154.5,-157.0,-149.5,-154.5,-152.5,-149.5,-153.5,-151.0,-152.0,-153.0,-157.0,-157.0,-157.0,-154.0,-156.5,-147.0,-149.0,-157.0,-157.0,-157.0,-157.0,-153.5,-153.0,-157.0,-157.0,-152.5,-150.0,-149.0,-152.5,-157.0,-151.0,-154.5,-155.0,-154.0,-153.5,-156.5,-154.0,-149.5,-150.0,-157.0,-157.0,-157.0,-153.5,-157.0,-157.0,-157.0,-157.0,-155.5,-147.5,-146.5,-151.0,-154.0,-157.0,-156.0,-149.0,-147.5,-156.5,-153.5,-157.0,-151.5,-154.0,-150.5,-157.0,-151.0,-154.0,-148.0,-147.5,-155.5,-154.5,-152.0,-157.0,-149.5,-152.0,-152.5,-157.0,-157.0,-157.0,-157.0,-157.0,-156.0,-154.0,-154.5,-156.0,-150.0,-149.0,-146.5,-147.5,-157.0,-157.0,-157.0,-157.0,-154.0,-151.0,-157.0,-155.5,-154.0,-157.0,-154.0,-153.0,-157.0,-154.0,-151.5,-157.0,-155.0,-157.0,-155.5,-154.5,-154.0,-152.5,-153.5,-157.0,-157.0,-156.5,-156.5,-152.5,-155.0,-152.5,-154.0,-149.5,-152.0,-157.0,-153.0,-154.0,-157.0,-153.5,-152.0,-154.0,-157.0,-157.0,-157.0,-150.5,-152.0,-153.0,-157.0,-155.0,-157.0,-154.5,-154.0,-154.0,-151.0,-150.5,-156.0,-157.0,-156.5,-151.5,-151.5,-151.5,-151.5,-155.0,-153.0,-156.5,-147.5,-149.5,-150.5,-149.0,-153.0,-154.0,-148.0,-147.5,-153.5,-150.0,-157.0,-151.0,-147.5,-150.5,-150.0,-146.5,-149.0,-150.5,-147.0,-147.5,-157.0,-153.0,-153.5,-157.0,-154.5,-149.5,-153.0,-157.0,-156.0,-153.5,-157.0,-156.0,-157.0,-154.5,-157.0,-157.0,-155.0
2026-01-16 16:42:29.917,143.050000,5,-77,-157.0,-157.0,-157.0,-157.0,-153.0,-150.5,-149.5,-153.0,-151.0,-149.5,-152.0,-154.0,-154.0,-156.0,-155.0,-157.0,-157.0,-157.0,-156.0,-148.5,-150.0,-149.5,-157.0,-153.5,-148.5,-149.0,-152.0,-149.0,-148.5,-156.0,-150.5,-150.0,-152.0,-153.5,-150.0,-147.0,-149.5,-156.5,-154.5,-154.0,-155.0,-157.0,-153.0,-148.5,-154.0,-155.0,-156.0,-157.0,-157.0,-153.5,-154.0,-157.0,-154.0,-153.0,-153.0,-157.0,-153.5,-149.0,-150.5,-153.0,-157.0,-154.5,-150.0,-156.5,-153.0,-153.0,-155.0,-156.0,-154.0,-156.0,-153.5,-156.0,-150.5,-153.5,-157.0,-154.5,-157.0,-150.5,-154.0,-157.0,-157.0,-157.0,-157.0,-157.0,-150.0,-154.0,-157.0,-157.0,-157.0,-147.5,-151.5,-156.5,-155.5,-153.5,-149.0,-150.5,-153.5,-156.0,-156.0,-155.0,-157.0,-157.0,-157.0,-156.0,-155.5,-152.0,-154.5,-156.0,-154.5,-152.5,-155.5,-152.5,-150.5,-153.5,-157.0,-150.0,-150.0,-149.5,-149.0,-152.5,-149.5,-153.5,-157.0,-151.5,-153.5,-156.0,-153.0,-156.5,-155.5,-151.0,-157.0,-155.5,-153.5,-157.0,-156.0,-152.5,-154.0,-153.0,-153.0,-154.0,-154.0,-153.5,-156.0,-151.5,-148.5,-149.5,-154.0,-150.5,-148.5,-156.0,-154.5,-149.0,-150.0,-157.0,-154.0,-156.0,-152.0,-151.0,-156.0,-157.0,-153.5,-148.5,-150.5,-151.5,-152.0,-157.0,-153.5,-155.0,-154.5,-154.5,-157.0,-157.0,-157.0,-157.0,-155.0,-152.0,-152.0,-153.0,-155.0,-157.0,-157.0,-155.0,-153.5,-154.5,-147.0,-145.5,-153.5,-148.5,-151.5,-157.0,-152.0,-154.5,-153.0,-153.0,-148.0,-148.0,-151.5,-148.5,-151.0,-157.0,-157.0,-155.5,-157.0,-154.5,-152.5,-155.0,-152.0,-152.5,-148.5,-157.0,-149.5,-153.0,-155.0,-152.5,-154.0,-156.5,-155.0,-157.0,-155.5,-152.5,-155.5,-157.0,-154.0,-149.5,-150.5,-157.0,-153.0,-155.5,-157.0,-156.0,-156.0,-157.0,-157.0,-152.5,-155.0,-153.0,-157.0,-157.0,-142.5,-143.0,-154.0,-157.0,-157.0,-151.0,-151.5,-157.0,-153.5,-157.0,-155.0,-149.5,-150.5,-152.0,-155.5,-149.5,-155.0,-153.0,-155.5,-152.0,-157.0,-152.0,-149.5,-150.5,-157.0,-150.5,-148.5,-147.0,-142.0,-153.5,-155.5,-157.0,-150.5,-154.5,-157.0,-149.5,-150.0,-151.5,-152.5,-153.5,-152.5,-152.5,-152.0,-156.5,-151.0,-150.5,-153.0,-150.0,-152.5,-156.0,-155.5,-151.5,-155.0,-152.0,-148.5,-151.0,-149.0,-154.0,-154.0,-157.0,-157.0,-157.0,-154.0,-155.5,-148.5,-150.5,-157.0,-157.0,-157.0,-157.0,-157.0,-157.0,-157.0,-157.0,-152.5,-152.5,-149.0,-149.5,-157.0,-153.0,-157.0,-154.5,-150.0,-153.0,-157.0,-156.0,-156.5,-155.0,-157.0,-157.0,-156.0,-153.5,-157.0,-157.0,-157.0,-154.0,-153.0,-148.5,-149.0,-157.0,-157.0,-157.0,-157.0,-149.5,-148.5,-152.5,-157.0,-156.5,-151.0,-155.5,-149.5,-157.0,-150.5,-151.0,-152.0,-152.5,-157.0,-155.5,-151.5,-148.5,-146.0,-147.0,-149.5,-157.0,-154.5,-157.0,-157.0,-157.0,-157.0,-153.0,-152.0,-155.0,-153.0,-153.0,-152.5,-150.5,-157.0,-157.0,-157.0,-157.0,-157.0,-153.0,-157.0,-156.5,-156.5,-154.5,-148.0,-149.5,-157.0,-156.0,-153.0,-156.5,-155.0,-153.5,-155.5,-151.0,-149.0,-156.0,-156.5,-154.5,-156.0,-157.0,-155.0,-150.0,-154.5,-151.5,-152.5,-150.5,-152.0,-157.0,-150.5,-148.5,-150.0,-154.0,-150.0,-149.0,-156.0,-157.0,-156.0,-150.5,-152.5,-149.5,-154.0,-157.0,-157.0,-154.0,-156.0,-157.0,-155.5,-151.5,-152.0,-155.0,-153.5,-154.0,-153.0,-149.5,-150.5,-152.0,-151.0,-157.0,-148.5,-153.5,-152.0,-152.5,-154.0,-157.0,-149.0,-148.0,-151.5,-155.5,-157.0,-153.0,-151.5,-152.5,-154.0,-150.5,-154.5,-156.0,-148.0,-145.0,-150.5,-151.0,-149.0,-152.5,-153.5,-146.5,-148.0,-152.5,-151.0,-151.0,-157.0,-157.0,-156.5,-154.0,-155.5,-157.0,-157.0
2026-01-16 16:42:29.951,143.050000,5,-77,-157.0,-157.0,-151.0,-153.5,-152.0,-152.0,-153.5,-156.5,-147.5,-149.0,-157.0,-150.5,-148.5,-151.0,-155.5,-157.0,-157.0,-157.0,-157.0,-148.5,-150.0,-150.0,-155.0,-152.5,-152.5,-151.5,-155.5,-154.5,-151.0,-150.5,-152.0,-150.0,-155.5,-155.0,-151.0,-147.5,-149.5,-148.0,-155.0,-153.5,-152.0,-153.5,-150.0,-148.5,-150.5,-152.5,-157.0,-156.5,-149.5,-150.0,-150.5,-151.5,-153.5,-151.5,-153.5,-157.0,-156.0,-154.5,-154.0,-151.5,-152.5,-156.0,-147.5,-150.5,-154.5,-151.5,-152.5,-157.0,-157.0,-155.0,-151.0,-155.0,-151.0,-155.0,-157.0,-157.0,-157.0,-150.0,-152.0,-153.5,-157.0,-157.0,-157.0,-155.0,-149.0,-152.5,-157.0,-154.5,-157.0,-151.0,-152.0,-153.5,-154.5,-157.0,-153.0,-154.5,-149.5,-150.0,-154.5,-155.0,-157.0,-157.0,-157.0,-156.0,-156.5,-154.0,-157.0,-153.5,-151.5,-151.5,-157.0,-146.5,-146.0,-150.0,-155.0,-152.0,-152.5,-152.0,-150.0,-154.5,-156.0,-157.0,-157.0,-151.5,-157.0,-157.0,-156.0,-157.0,-157.0,-151.0,-155.5,-155.0,-157.0,-156.0,-157.0,-157.0,-151.5,-157.0,-155.5,-153.0,-155.5,-153.0,-156.5,-153.5,-146.5,-152.5,-157.0,-157.0,-153.0,-150.5,-152.5,-149.0,-152.0,-157.0,-156.5,-157.0,-156.5,-150.0,-153.5,-157.0,-153.5,-151.5,-155.5,-155.5,-152.0,-153.5,-152.5,-156.5,-152.0,-150.5,-157.0,-157.0,-157.0,-157.0,-149.0,-148.0,-151.5,-154.0,-153.5,-157.0,-157.0,-157.0,-152.5,-156.0,-147.0,-144.5,-151.0,-151.0,-157.0,-157.0,-150.5,-153.0,-152.5,-154.5,-154.0,-156.0,-151.0,-151.5,-151.5,-155.5,-156.5,-156.0,-157.0,-153.5,-151.5,-157.0,-155.0,-157.0,-152.0,-153.0,-155.5,-152.5,-155.5,-154.5,-152.0,-157.0,-157.0,-155.0,-157.0,-152.5,-151.5,-156.0,-157.0,-148.0,-149.0,-154.0,-153.5,-155.5,-153.5,-152.5,-155.5,-155.5,-157.0,-152.0,-155.0,-151.0,-154.0,-157.0,-146.0,-145.5,-154.5,-157.0,-157.0,-151.0,-148.0,-156.0,-157.0,-157.0,-153.5,-149.5,-151.5,-152.0,-152.0,-148.0,-152.5,-153.0,-151.0,-151.5,-157.0,-157.0,-154.0,-150.5,-151.0,-153.5,-148.5,-146.0,-142.5,-149.0,-152.0,-152.5,-150.0,-156.0,-157.0,-150.0,-154.5,-152.0,-152.0,-151.0,-156.0,-156.0,-152.5,-152.5,-148.5,-151.5,-157.0,-149.0,-151.5,-157.0,-154.5,-152.5,-150.5,-153.5,-151.0,-151.0,-152.0,-157.0,-157.0,-157.0,-157.0,-157.0,-153.0,-154.0,-151.0,-153.5,-157.0,-151.5,-152.0,-157.0,-157.0,-157.0,-157.0,-157.0,-155.5,-157.0,-154.5,-150.5,-157.0,-154.0,-157.0,-156.0,-150.0,-155.0,-151.5,-154.0,-156.0,-152.5,-155.5,-154.5,-151.5,-153.5,-157.0,-157.0,-157.0,-152.0,-154.0,-152.5,-153.5,-157.0,-157.0,-157.0,-157.0,-152.0,-151.0,-152.5,-157.0,-150.5,-149.0,-153.0,-148.5,-151.0,-149.5,-151.5,-154.0,-150.5,-153.5,-153.0,-154.5,-147.5,-146.0,-149.5,-147.0,-155.5,-152.0,-157.0,-157.0,-157.0,-157.0,-153.5,-151.0,-153.5,-151.0,-157.0,-157.0,-154.5,-153.0,-154.5,-155.0,-156.5,-154.5,-150.5,-157.0,-157.0,-157.0,-153.0,-147.5,-149.0,-156.5,-154.5,-153.0,-157.0,-151.5,-153.5,-154.5,-149.0,-148.0,-157.0,-157.0,-149.5,-152.5,-156.5,-153.0,-152.5,-152.0,-151.0,-157.0,-153.5,-154.5,-157.0,-152.5,-151.0,-150.0,-150.5,-152.0,-151.0,-156.0,-157.0,-153.5,-156.0,-154.0,-149.0,-154.5,-157.0,-157.0,-154.0,-157.0,-157.0,-156.0,-153.5,-155.0,-154.5,-150.5,-151.0,-151.5,-148.0,-151.5,-152.5,-152.0,-157.0,-151.5,-154.0,-155.5,-156.0,-155.0,-157.0,-149.5,-150.5,-152.0,-157.0,-156.0,-154.5,-157.0,-153.0,-157.0,-155.0,-157.0,-157.0,-153.0,-144.5,-147.5,-153.5,-150.5,-149.0,-151.0,-151.0,-151.0,-149.5,-153.0,-151.0,-157.0,-154.5,-152.0,-152.0,-152.0,-156.0,-157.0
2026-01-16 16:42:29.979,143.050000,5,-77,-157.0,-157.0,-148.5,-147.5,-149.0,-154.0,-157.0,-156.5,-152.0,-150.0,-154.0,-152.0,-148.0,-149.0,-157.0,-157.0,-157.0,-157.0,-157.0,-149.0,-151.5,-153.5,-154.5,-155.5,-156.5,-152.5,-152.5,-152.0,-150.0,-149.5,-154.5,-152.0,-157.0,-157.0,-157.0,-150.0,-150.0,-146.5,-149.5,-151.0,-153.5,-151.5,-150.5,-153.0,-151.5,-153.5,-157.0,-156.0,-151.0,-151.5,-151.0,-151.0,-153.0,-155.0,-157.0,-157.0,-157.0,-157.0,-157.0,-152.5,-148.0,-148.0,-147.0,-154.5,-154.5,-151.0,-157.0,-157.0,-156.5,-156.0,-150.5,-152.0,-152.0,-157.0,-155.5,-157.0,-157.0,-152.0,-149.5,-151.5,-157.0,-157.0,-154.5,-148.5,-148.5,-151.0,-151.0,-150.0,-151.0,-156.0,-152.0,-151.5,-151.0,-153.0,-151.0,-152.5,-149.0,-149.0,-156.5,-157.0,-157.0,-157.0,-157.0,-155.5,-157.0,-157.0,-152.5,-151.0,-157.0,-155.0,-151.5,-148.0,-149.5,-147.5,-150.0,-157.0,-155.5,-153.5,-155.5,-152.5,-157.0,-154.5,-154.5,-156.0,-155.5,-157.0,-157.0,-157.0,-157.0,-151.0,-155.5,-151.0,-151.5,-150.0,-154.0,-156.5,-153.0,-156.5,-157.0,-155.5,-157.0,-153.0,-153.0,-154.0,-147.5,-151.5,-157.0,-157.0,-157.0,-152.0,-153.5,-150.0,-151.0,-152.5,-152.0,-157.0,-157.0,-151.0,-154.5,-157.0,-156.5,-152.5,-156.0,-153.5,-146.0,-147.5,-155.0,-157.0,-148.5,-148.5,-157.0,-157.0,-157.0,-157.0,-148.5,-148.5,-152.0,-153.0,-155.0,-152.0,-153.0,-152.5,-152.5,-152.0,-149.0,-146.5,-153.5,-151.5,-156.0,-157.0,-149.0,-149.0,-155.5,-151.0,-155.5,-157.0,-155.5,-157.0,-151.0,-150.5,-153.5,-151.5,-157.0,-156.5,-155.0,-157.0,-157.0,-156.5,-152.5,-155.5,-157.0,-154.0,-149.0,-149.5,-152.0,-155.0,-155.0,-153.0,-153.0,-157.0,-150.5,-154.0,-157.0,-149.0,-155.0,-157.0,-154.5,-150.5,-151.0,-155.0,-156.5,-154.0,-154.5,-152.5,-156.0,-150.0,-152.0,-151.5,-151.0,-147.0,-151.0,-151.5,-153.0,-149.0,-150.0,-151.5,-157.0,-157.0,-152.5,-152.5,-155.5,-148.0,-148.5,-148.5,-150.0,-151.5,-154.5,-148.5,-150.5,-155.5,-157.0,-156.0,-152.5,-157.0,-147.5,-140.5,-144.0,-152.0,-155.0,-147.5,-148.0,-153.0,-154.5,-151.5,-152.0,-156.5,-152.0,-154.5,-157.0,-157.0,-150.0,-148.5,-149.0,-149.5,-156.5,-150.0,-152.5,-157.0,-156.0,-157.0,-148.5,-150.5,-157.0,-157.0,-157.0,-156.0,-157.0,-157.0,-157.0,-157.0,-153.5,-155.0,-151.0,-150.0,-151.0,-149.0,-149.0,-157.0,-157.0,-156.0,-154.0,-153.5,-152.0,-157.0,-156.0,-150.0,-149.5,-151.5,-157.0,-157.0,-152.5,-155.0,-149.0,-148.5,-151.0,-148.5,-150.5,-151.5,-152.5,-156.5,-154.5,-152.5,-156.0,-152.0,-153.5,-155.5,-157.0,-156.5,-154.5,-153.0,-154.5,-155.5,-148.0,-150.5,-148.5,-147.0,-152.0,-150.5,-149.0,-150.5,-155.5,-154.0,-150.5,-149.0,-154.0,-152.0,-157.0,-150.5,-151.5,-150.5,-147.0,-152.0,-152.0,-151.5,-150.0,-154.0,-157.0,-156.5,-154.0,-149.0,-148.5,-150.5,-150.0,-155.5,-150.5,-157.0,-157.0,-152.5,-148.5,-147.0,-150.0,-157.0,-152.5,-152.0,-150.5,-150.5,-157.0,-151.0,-151.5,-155.0,-151.5,-150.5,-152.5,-154.5,-151.0,-157.0,-154.5,-148.5,-151.0,-157.0,-156.0,-157.0,-155.0,-150.5,-157.0,-151.5,-152.5,-154.0,-157.0,-156.5,-155.5,-154.0,-154.5,-157.0,-157.0,-156.5,-155.5,-153.5,-152.0,-151.0,-154.0,-152.0,-152.5,-157.0,-156.5,-153.5,-153.5,-152.5,-157.0,-157.0,-152.5,-149.5,-150.0,-149.0,-155.5,-154.0,-157.0,-157.0,-154.0,-151.0,-156.0,-156.5,-157.0,-157.0,-150.0,-148.5,-156.5,-155.0,-151.5,-151.5,-154.0,-153.0,-155.0,-157.0,-157.0,-157.0,-151.5,-147.5,-151.0,-157.0,-156.5,-153.5,-152.0,-157.0,-157.0,-149.5,-152.0,-153.0,-156.5,-157.0,-151.0,-150.5,-150.0,-154.5,-152.0
2026-01-16 16:42:30.016,143.050000,5,-77,-157.0,-157.0,-151.5,-151.0,-153.0,-157.0,-157.0,-157.0,-157.0,-154.0,-152.5,-155.5,-155.5,-153.5,-155.0,-155.0,-156.0,-157.0,-151.0,-150.0,-153.0,-155.5,-155.5,-154.0,-157.0,-153.5,-152.0,-152.5,-154.5,-152.5,-157.0,-156.0,-157.0,-157.0,-154.0,-151.5,-153.0,-150.0,-150.5,-153.0,-154.5,-153.5,-153.0,-154.5,-155.0,-155.0,-157.0,-157.0,-154.0,-156.5,-153.5,-151.5,-151.5,-155.0,-154.5,-157.0,-157.0,-156.5,-157.0,-157.0,-151.0,-152.0,-151.5,-155.0,-156.5,-151.0,-155.0,-154.0,-156.5,-157.0,-155.0,-150.5,-149.5,-151.0,-151.0,-156.0,-154.5,-153.0,-148.0,-150.0,-157.0,-154.5,-149.5,-147.5,-155.5,-156.0,-148.5,-152.5,-153.0,-157.0,-155.5,-152.5,-152.5,-151.5,-150.0,-149.0,-149.0,-146.0,-156.5,-157.0,-157.0,-157.0,-157.0,-154.5,-155.5,-155.0,-149.0,-150.5,-157.0,-156.5,-154.5,-150.0,-157.0,-151.5,-152.0,-157.0,-153.0,-151.5,-157.0,-152.0,-153.0,-150.0,-154.5,-154.0,-154.5,-157.0,-157.0,-157.0,-154.0,-153.0,-155.0,-152.0,-150.5,-150.0,-154.5,-156.0,-153.5,-157.0,-157.0,-156.5,-152.0,-151.5,-150.0,-150.0,-152.5,-152.5,-154.5,-153.0,-157.0,-156.5,-156.0,-154.5,-150.5,-150.5,-151.0,-157.0,-157.0,-154.0,-157.0,-156.0,-151.0,-151.0,-154.5,-154.5,-144.0,-145.0,-157.0,-157.0,-148.0,-148.0,-155.0,-157.0,-153.0,-155.5,-150.5,-153.0,-154.0,-152.5,-157.0,-150.5,-147.5,-146.5,-156.0,-150.5,-152.5,-153.5,-157.0,-153.5,-154.0,-157.0,-153.0,-152.0,-157.0,-149.5,-153.5,-150.5,-153.5,-157.0,-157.0,-151.0,-157.0,-150.0,-153.5,-153.0,-156.5,-156.0,-157.0,-153.5,-151.5,-157.0,-156.0,-153.0,-149.5,-147.5,-149.5,-154.5,-151.5,-157.0,-152.0,-157.0,-153.0,-157.0,-151.0,-149.5,-155.5,-157.0,-153.0,-149.0,-151.5,-156.5,-157.0,-157.0,-152.5,-150.0,-157.0,-152.5,-154.0,-148.0,-149.0,-145.0,-150.0,-147.0,-147.0,-148.5,-149.0,-150.0,-157.0,-157.0,-151.0,-153.0,-155.5,-148.5,-150.5,-155.0,-156.5,-156.0,-154.0,-147.0,-153.0,-150.5,-153.5,-156.0,-153.0,-156.5,-143.5,-139.0,-143.5,-154.0,-153.5,-149.0,-153.0,-153.5,-157.0,-157.0,-154.0,-156.0,-155.0,-155.5,-154.5,-157.0,-151.5,-150.0,-157.0,-149.0,-157.0,-151.0,-154.0,-157.0,-157.0,-155.5,-150.0,-151.5,-156.0,-157.0,-157.0,-157.0,-157.0,-157.0,-157.0,-156.5,-154.0,-157.0,-151.0,-148.5,-148.0,-149.5,-148.0,-152.5,-157.0,-157.0,-155.0,-150.0,-148.0,-150.5,-153.5,-147.5,-146.5,-152.0,-157.0,-157.0,-151.5,-152.5,-150.5,-149.0,-154.0,-149.0,-154.0,-153.5,-157.0,-157.0,-150.0,-149.0,-157.0,-153.0,-155.0,-153.0,-154.5,-153.5,-157.0,-148.5,-150.0,-154.0,-148.5,-150.5,-146.0,-146.0,-157.0,-152.5,-150.0,-152.0,-155.0,-155.5,-155.0,-152.5,-155.5,-157.0,-156.0,-151.0,-154.5,-153.0,-150.5,-155.5,-156.0,-148.5,-146.0,-149.5,-156.5,-150.0,-149.5,-151.0,-153.0,-149.0,-148.5,-151.5,-148.0,-157.0,-153.0,-150.5,-150.5,-149.0,-151.5,-150.5,-149.0,-153.0,-156.0,-157.0,-157.0,-152.5,-156.0,-157.0,-157.0,-152.0,-156.0,-156.0,-152.5,-157.0,-157.0,-151.0,-151.5,-157.0,-157.0,-157.0,-157.0,-149.0,-152.5,-152.0,-152.0,-152.0,-154.5,-155.5,-153.5,-157.0,-157.0,-157.0,-157.0,-157.0,-157.0,-151.0,-150.5,-154.0,-154.0,-151.5,-152.0,-157.0,-155.0,-156.5,-157.0,-154.0,-157.0,-156.0,-157.0,-151.0,-151.5,-150.5,-150.5,-153.0,-157.0,-157.0,-157.0,-149.5,-152.0,-155.5,-155.5,-157.0,-152.5,-148.0,-148.5,-152.5,-150.5,-155.5,-157.0,-152.0,-157.0,-156.0,-155.0,-154.0,-153.5,-152.0,-156.5,-155.0,-155.0,-157.0,-155.5,-154.5,-154.0,-151.0,-152.5,-156.5,-156.5,-157.0,-152.5,-151.5,-153.5,-157.0,-149.5
2026-01-16 16:42:30.051,143.050000,5,-77,-157.0,-157.0,-156.0,-157.0,-154.0,-157.0,-157.0,-157.0,-157.0,-157.0,-155.0,-157.0,-157.0,-156.5,-155.5,-156.5,-154.5,-157.0,-151.0,-152.5,-157.0,-152.5,-157.0,-156.0,-157.0,-156.5,-155.0,-157.0,-157.0,-154.5,-157.0,-156.0,-156.0,-157.0,-157.0,-154.0,-156.0,-154.5,-153.0,-157.0,-157.0,-157.0,-154.0,-153.0,-157.0,-157.0,-156.5,-157.0,-153.5,-154.0,-151.5,-151.0,-149.5,-152.0,-148.0,-152.5,-157.0,-153.0,-154.5,-157.0,-155.0,-157.0,-155.5,-151.5,-151.5,-156.5,-153.0,-152.0,-152.5,-154.5,-152.0,-153.0,-153.5,-151.0,-150.0,-157.0,-157.0,-154.0,-150.0,-150.5,-157.0,-155.0,-150.0,-150.0,-157.0,-157.0,-151.0,-157.0,-154.5,-157.0,-157.0,-151.5,-154.5,-151.5,-152.0,-154.0,-148.5,-144.5,-154.0,-155.0,-150.5,-150.0,-157.0,-156.0,-149.5,-151.0,-150.0,-150.5,-155.0,-150.5,-152.5,-152.0,-157.0,-156.0,-156.5,-157.0,-155.5,-156.5,-157.0,-147.0,-146.0,-147.5,-157.0,-150.0,-152.5,-157.0,-157.0,-155.0,-150.0,-156.5,-157.0,-153.0,-157.0,-156.5,-153.0,-151.0,-149.5,-157.0,-157.0,-154.5,-151.5,-151.0,-154.5,-153.5,-157.0,-153.0,-149.0,-148.5,-156.5,-156.0,-157.0,-157.0,-152.0,-155.5,-154.0,-157.0,-157.0,-156.5,-156.0,-157.0,-148.5,-151.0,-156.5,-156.0,-146.0,-146.0,-157.0,-157.0,-151.5,-152.0,-153.5,-154.0,-154.5,-155.0,-149.0,-151.0,-154.0,-155.5,-157.0,-154.0,-148.0,-145.0,-157.0,-150.5,-151.5,-154.0,-156.5,-157.0,-153.5,-149.5,-149.0,-152.0,-157.0,-148.5,-150.0,-149.5,-152.0,-157.0,-157.0,-150.5,-153.0,-152.5,-156.5,-149.0,-157.0,-157.0,-156.0,-157.0,-152.0,-153.0,-149.0,-148.0,-150.5,-152.5,-150.5,-157.0,-149.5,-150.5,-151.5,-151.0,-152.0,-153.5,-155.0,-155.0,-157.0,-157.0,-153.5,-152.5,-155.0,-153.5,-157.0,-157.0,-155.0,-150.0,-157.0,-156.5,-157.0,-148.0,-144.5,-143.0,-153.0,-149.5,-148.0,-152.0,-148.5,-153.5,-155.5,-156.5,-154.0,-157.0,-157.0,-149.5,-148.5,-154.5,-157.0,-157.0,-155.5,-151.5,-155.0,-150.0,-150.0,-154.5,-153.5,-157.0,-143.0,-140.5,-148.0,-156.0,-150.0,-148.0,-157.0,-157.0,-156.5,-156.5,-157.0,-150.0,-149.5,-154.0,-154.0,-157.0,-153.5,-156.5,-157.0,-149.5,-151.5,-154.5,-156.5,-157.0,-151.5,-152.5,-152.0,-156.0,-156.5,-155.5,-157.0,-157.0,-157.0,-153.5,-155.0,-150.5,-152.0,-157.0,-150.5,-148.5,-149.0,-151.5,-151.5,-149.0,-156.5,-157.0,-157.0,-154.0,-149.0,-148.0,-153.0,-152.5,-148.5,-157.0,-157.0,-157.0,-150.0,-150.5,-152.5,-155.0,-153.0,-150.5,-151.0,-155.5,-157.0,-149.5,-146.0,-149.5,-157.0,-155.5,-155.0,-149.0,-151.0,-150.0,-157.0,-149.0,-148.5,-151.5,-152.5,-153.5,-148.5,-152.5,-157.0,-156.0,-149.5,-153.0,-150.0,-151.5,-157.0,-156.0,-156.0,-157.0,-157.0,-153.0,-157.0,-157.0,-157.0,-157.0,-157.0,-153.5,-148.0,-156.0,-151.0,-148.0,-147.0,-149.0,-155.5,-151.0,-154.5,-152.5,-146.0,-152.5,-149.5,-149.5,-153.5,-157.0,-157.0,-151.5,-149.5,-152.5,-157.0,-157.0,-157.0,-154.5,-157.0,-155.0,-157.0,-156.5,-157.0,-154.0,-151.5,-151.5,-153.5,-154.5,-157.0,-157.0,-157.0,-157.0,-153.5,-150.5,-153.5,-157.0,-152.0,-153.5,-155.0,-156.5,-151.0,-157.0,-152.5,-155.0,-155.0,-157.0,-157.0,-150.0,-151.0,-153.0,-157.0,-157.0,-157.0,-157.0,-157.0,-157.0,-157.0,-157.0,-157.0,-155.0,-156.0,-157.0,-152.0,-150.5,-148.5,-154.5,-154.5,-157.0,-156.5,-150.5,-153.5,-156.5,-151.5,-154.0,-151.0,-153.0,-151.5,-157.0,-152.0,-152.0,-153.5,-153.0,-155.0,-153.0,-149.5,-151.5,-157.0,-155.5,-153.5,-151.0,-151.0,-157.0,-157.0,-153.5,-154.0,-153.0,-156.0,-152.0,-155.5,-156.5,-157.0,-152.5,-156.0,-153.5,-154.0
2026-01-16 16:42:30.081,143.050000,5,-77,-157.0,-157.0,-155.5,-152.5,-150.0,-151.5,-157.0,-157.0,-157.0,-150.5,-151.5,-157.0,-157.0,-157.0,-155.0,-156.5,-156.0,-157.0,-154.5,-155.0,-152.5,-151.0,-153.5,-156.0,-156.0,-157.0,-157.0,-157.0,-152.5,-156.0,-156.0,-157.0,-155.0,-154.5,-157.0,-154.5,-153.5,-152.0,-152.5,-157.0,-157.0,-157.0,-156.0,-152.5,-155.0,-156.0,-157.0,-157.0,-157.0,-152.5,-150.0,-149.5,-150.5,-149.0,-146.0,-149.0,-156.5,-152.0,-153.0,-157.0,-157.0,-151.5,-150.5,-149.5,-147.5,-156.0,-153.0,-151.5,-150.0,-150.5,-148.5,-155.0,-152.0,-150.0,-151.5,-157.0,-156.5,-151.5,-157.0,-153.5,-157.0,-157.0,-154.5,-153.0,-151.0,-152.5,-150.5,-156.0,-156.5,-157.0,-157.0,-154.5,-154.0,-152.0,-151.5,-149.5,-146.5,-145.5,-157.0,-149.5,-149.5,-148.0,-154.0,-154.5,-149.0,-157.0,-157.0,-151.0,-156.5,-149.0,-152.0,-155.5,-157.0,-156.0,-157.0,-154.0,-152.5,-157.0,-157.0,-146.0,-146.5,-149.5,-156.5,-152.5,-155.0,-157.0,-156.0,-152.5,-148.5,-154.5,-155.5,-150.5,-154.0,-157.0,-147.5,-147.5,-150.5,-157.0,-157.0,-154.0,-157.0,-153.0,-156.0,-156.0,-157.0,-155.5,-151.0,-149.5,-154.5,-155.0,-157.0,-154.5,-151.5,-153.5,-155.0,-152.5,-157.0,-153.5,-152.0,-153.5,-150.5,-154.5,-157.0,-155.5,-148.5,-147.5,-156.5,-157.0,-153.5,-155.5,-153.0,-150.0,-153.5,-150.0,-150.0,-154.0,-150.5,-150.5,-156.5,-153.0,-147.0,-145.5,-156.5,-151.5,-146.0,-147.0,-153.0,-157.0,-157.0,-148.0,-148.0,-151.0,-156.5,-148.0,-148.0,-157.0,-157.0,-157.0,-156.0,-154.0,-153.0,-157.0,-150.5,-146.5,-150.0,-156.0,-156.0,-152.5,-154.0,-152.0,-147.5,-152.0,-150.0,-154.0,-154.5,-152.5,-150.5,-149.5,-153.0,-151.0,-153.0,-152.0,-156.5,-157.0,-157.0,-153.0,-151.5,-152.5,-151.5,-154.5,-157.0,-157.0,-157.0,-153.0,-157.0,-153.0,-156.0,-152.5,-147.0,-144.5,-157.0,-151.0,-152.0,-152.0,-149.5,-150.0,-154.0,-155.0,-156.0,-157.0,-157.0,-152.5,-150.5,-154.5,-156.0,-155.5,-157.0,-156.0,-154.0,-157.0,-154.5,-157.0,-152.0,-153.5,-142.0,-144.0,-157.0,-157.0,-155.5,-148.0,-149.0,-157.0,-157.0,-154.5,-150.5,-147.5,-147.5,-150.0,-153.5,-152.5,-156.5,-157.0,-157.0,-155.0,-154.0,-157.0,-154.0,-153.0,-149.5,-151.0,-152.0,-157.0,-156.5,-152.5,-156.5,-157.0,-152.5,-148.0,-150.5,-149.0,-152.5,-157.0,-151.0,-154.5,-157.0,-157.0,-157.0,-149.5,-154.0,-157.0,-157.0,-157.0,-155.5,-149.5,-150.5,-156.5,-153.0,-157.0,-157.0,-151.0,-151.0,-155.0,-151.5,-149.5,-150.5,-151.0,-153.0,-155.5,-155.5,-148.0,-145.0,-152.5,-155.0,-156.0,-154.0,-149.0,-156.5,-150.5,-153.0,-152.0,-152.0,-153.0,-153.0,-153.5,-153.0,-153.5,-154.5,-152.0,-152.5,-156.0,-151.0,-149.0,-157.0,-157.0,-157.0,-151.5,-152.5,-151.0,-153.5,-153.5,-155.5,-157.0,-157.0,-153.5,-152.5,-153.0,-149.0,-150.0,-153.5,-150.5,-153.0,-150.0,-153.5,-157.0,-148.5,-155.0,-147.0,-149.0,-154.0,-154.0,-154.5,-157.0,-155.0,-150.5,-152.5,-155.0,-154.0,-153.0,-157.0,-152.5,-153.5,-157.0,-157.0,-154.5,-156.0,-150.5,-151.0,-153.0,-155.0,-151.5,-157.0,-157.0,-151.0,-153.5,-154.5,-155.0,-154.0,-157.0,-156.0,-154.0,-149.0,-151.5,-148.5,-152.0,-157.0,-154.0,-156.0,-149.5,-148.5,-149.5,-157.0,-157.0,-157.0,-157.0,-157.0,-157.0,-157.0,-157.0,-157.0,-156.0,-156.5,-156.0,-148.5,-147.5,-148.5,-157.0,-156.0,-154.0,-154.0,-154.5,-156.0,-157.0,-149.5,-148.5,-152.5,-157.0,-157.0,-157.0,-154.5,-150.0,-151.5,-152.5,-157.0,-155.5,-149.5,-155.5,-157.0,-153.0,-151.5,-150.0,-150.0,-152.5,-154.5,-153.0,-151.5,-153.0,-155.0,-149.0,-150.0,-155.0,-157.0,-151.0,-151.0,-151.5,-154.5
2026-01-16 16:42:30.119,143.050000,5,-77,-157.0,-157.0,-156.0,-154.0,-152.5,-150.0,-151.5,-154.0,-153.5,-147.5,-150.0,-156.5,-157.0,-157.0,-152.5,-151.5,-157.0,-157.0,-154.5,-155.0,-156.5,-154.5,-157.0,-154.0,-157.0,-157.0,-157.0,-157.0,-150.5,-150.5,-157.0,-155.0,-152.0,-152.5,-154.5,-154.0,-152.5,-149.5,-154.0,-156.5,-155.0,-156.0,-157.0,-152.5,-149.5,-149.0,-157.0,-157.0,-157.0,-149.0,-149.0,-151.0,-153.0,-154.5,-150.5,-149.5,-153.5,-153.0,-153.5,-153.5,-156.5,-149.0,-150.0,-153.5,-147.0,-149.0,-155.0,-153.0,-151.0,-151.5,-151.0,-157.0,-152.0,-150.5,-157.0,-155.0,-152.0,-149.0,-152.0,-152.0,-155.5,-156.5,-155.5,-148.5,-148.5,-154.5,-153.5,-153.5,-157.0,-157.0,-155.5,-156.5,-155.0,-153.5,-152.5,-146.0,-150.5,-148.5,-154.5,-149.5,-150.5,-150.0,-153.0,-150.5,-148.0,-157.0,-157.0,-151.0,-155.5,-151.0,-156.0,-157.0,-157.0,-157.0,-157.0,-154.0,-149.0,-154.5,-155.5,-149.0,-157.0,-155.0,-154.0,-156.5,-156.0,-153.5,-157.0,-155.0,-149.0,-154.0,-154.0,-148.5,-149.0,-153.0,-148.0,-150.0,-150.0,-153.0,-157.0,-153.5,-154.5,-153.5,-152.0,-155.0,-157.0,-156.5,-156.5,-152.0,-152.5,-156.5,-153.5,-153.5,-153.0,-152.5,-157.0,-151.0,-155.5,-154.0,-153.5,-154.0,-151.5,-153.5,-150.5,-152.0,-149.0,-150.0,-157.0,-157.0,-152.0,-157.0,-157.0,-150.5,-151.0,-155.0,-156.5,-154.5,-149.0,-149.0,-149.0,-151.5,-149.0,-147.5,-152.5,-152.0,-147.5,-147.0,-157.0,-157.0,-155.0,-151.5,-157.0,-154.5,-156.5,-151.0,-150.5,-154.0,-157.0,-157.0,-154.0,-154.5,-152.0,-157.0,-152.5,-147.0,-146.0,-153.5,-157.0,-150.0,-153.0,-151.0,-150.0,-155.5,-152.5,-154.0,-154.0,-149.5,-150.5,-150.0,-152.5,-151.5,-155.5,-152.0,-153.0,-150.5,-150.5,-151.5,-151.0,-153.0,-148.5,-154.5,-157.0,-157.0,-157.0,-154.0,-155.0,-150.0,-149.0,-157.0,-155.5,-146.5,-157.0,-153.5,-155.0,-149.0,-152.5,-150.5,-157.0,-153.0,-157.0,-156.5,-153.0,-157.0,-155.0,-153.0,-153.0,-156.0,-157.0,-156.5,-155.0,-157.0,-157.0,-156.5,-148.5,-145.5,-142.0,-146.5,-157.0,-154.5,-157.0,-148.5,-146.5,-157.0,-157.0,-153.0,-150.5,-150.5,-151.0,-150.0,-156.5,-151.5,-157.0,-156.5,-153.0,-156.5,-157.0,-157.0,-152.5,-153.5,-153.0,-153.0,-151.5,-157.0,-154.0,-152.0,-151.0,-152.0,-150.0,-147.0,-148.0,-150.0,-153.0,-157.0,-153.5,-157.0,-157.0,-157.0,-157.0,-150.5,-156.5,-156.0,-156.5,-157.0,-157.0,-156.5,-152.0,-157.0,-156.0,-157.0,-154.5,-152.0,-152.5,-157.0,-153.0,-147.5,-154.0,-155.0,-156.5,-157.0,-157.0,-154.0,-148.0,-157.0,-157.0,-155.0,-150.0,-150.5,-155.5,-151.0,-152.5,-153.0,-157.0,-147.0,-145.5,-150.0,-157.0,-152.0,-149.5,-148.0,-153.0,-156.0,-153.5,-150.0,-156.0,-157.0,-157.0,-149.0,-151.5,-149.0,-148.0,-152.0,-153.0,-154.5,-157.0,-157.0,-157.0,-151.0,-148.5,-152.5,-155.5,-157.0,-155.5,-150.0,-150.0,-157.0,-152.0,-153.5,-147.5,-149.0,-157.0,-155.5,-154.0,-153.0,-155.5,-150.5,-150.0,-150.0,-149.5,-155.0,-157.0,-155.5,-153.0,-153.0,-155.0,-152.5,-157.0,-152.5,-152.5,-153.0,-149.5,-148.0,-150.0,-155.0,-152.5,-157.0,-150.0,-149.5,-154.5,-157.0,-156.0,-157.0,-150.5,-153.5,-152.5,-155.5,-157.0,-149.0,-149.0,-153.5,-153.0,-151.0,-157.0,-157.0,-157.0,-157.0,-157.0,-151.0,-154.0,-154.5,-157.0,-154.5,-152.5,-151.0,-151.0,-151.0,-151.5,-157.0,-155.5,-153.0,-151.5,-151.5,-154.5,-157.0,-149.5,-149.5,-157.0,-157.0,-157.0,-157.0,-149.5,-148.5,-150.0,-150.5,-157.0,-157.0,-151.5,-157.0,-157.0,-150.0,-152.0,-156.0,-153.0,-150.5,-154.5,-155.0,-153.5,-152.0,-157.0,-150.0,-150.5,-153.0,-155.0,-152.5,-152.5,-154.5,-150.0
2026-01-16 16:42:30.152,143.050000,5,-77,-157.0,-157.0,-155.5,-157.0,-153.5,-153.5,-148.5,-156.0,-154.0,-149.0,-151.5,-156.5,-153.0,-154.5,-150.0,-152.0,-155.5,-157.0,-152.5,-154.0,-157.0,-157.0,-157.0,-151.5,-153.5,-153.5,-155.5,-157.0,-151.0,-150.5,-154.0,-153.5,-152.0,-156.5,-150.5,-150.5,-153.5,-148.5,-150.0,-157.0,-157.0,-157.0,-157.0,-157.0,-152.0,-147.5,-151.5,-154.5,-157.0,-149.0,-149.0,-156.5,-153.5,-152.0,-152.0,-152.0,-155.5,-153.0,-153.0,-153.5,-154.0,-151.0,-153.5,-157.0,-147.5,-148.5,-157.0,-157.0,-150.5,-154.0,-157.0,-157.0,-157.0,-156.0,-156.0,-155.0,-154.5,-152.5,-149.0,-150.5,-154.5,-152.5,-151.0,-147.0,-151.0,-157.0,-157.0,-154.0,-157.0,-154.0,-152.0,-153.0,-153.0,-157.0,-157.0,-147.0,-150.0,-150.0,-151.5,-150.0,-148.0,-152.5,-157.0,-148.0,-149.0,-157.0,-157.0,-152.0,-155.5,-151.5,-157.0,-157.0,-157.0,-157.0,-157.0,-153.5,-149.0,-149.5,-153.0,-152.5,-154.0,-157.0,-150.5,-152.0,-157.0,-152.5,-157.0,-154.0,-150.5,-151.0,-154.0,-150.5,-150.0,-154.0,-151.5,-151.5,-149.5,-157.0,-154.5,-153.5,-151.0,-157.0,-154.0,-157.0,-154.5,-156.0,-153.0,-153.0,-155.5,-152.5,-150.5,-155.0,-154.5,-152.0,-157.0,-151.0,-157.0,-157.0,-157.0,-156.0,-150.0,-147.5,-150.0,-153.0,-154.0,-157.0,-154.5,-157.0,-150.0,-152.0,-156.0,-157.0,-156.0,-157.0,-157.0,-153.0,-157.0,-156.0,-149.0,-152.5,-150.5,-149.0,-150.5,-157.0,-156.0,-149.5,-157.0,-157.0,-150.0,-150.0,-157.0,-156.0,-157.0,-150.5,-149.5,-148.5,-154.0,-157.0,-152.5,-153.5,-150.5,-153.5,-157.0,-154.5,-148.0,-156.0,-157.0,-151.5,-151.5,-155.0,-157.0,-155.5,-157.0,-156.5,-152.5,-150.0,-152.5,-150.5,-155.5,-152.5,-154.5,-155.0,-157.0,-147.5,-149.0,-154.0,-155.5,-151.0,-147.5,-150.0,-157.0,-157.0,-152.5,-151.0,-156.5,-153.0,-147.5,-157.0,-147.0,-146.0,-157.0,-156.0,-153.0,-152.0,-152.5,-153.5,-153.0,-150.5,-153.5,-151.0,-151.5,-153.5,-154.0,-152.0,-150.5,-154.5,-157.0,-156.5,-155.0,-154.5,-157.0,-157.0,-149.0,-143.0,-142.5,-150.0,-156.5,-154.0,-157.0,-155.0,-148.5,-149.5,-156.0,-151.5,-156.5,-153.5,-154.0,-154.0,-154.5,-150.5,-157.0,-152.5,-148.5,-150.5,-155.0,-154.0,-153.0,-157.0,-157.0,-155.0,-152.5,-154.5,-157.0,-152.5,-151.5,-150.0,-149.0,-151.0,-154.0,-153.0,-155.0,-157.0,-152.5,-154.5,-154.5,-157.0,-157.0,-149.0,-149.5,-150.5,-149.5,-156.0,-157.0,-157.0,-153.5,-157.0,-157.0,-152.0,-151.0,-157.0,-156.0,-156.5,-150.5,-148.5,-157.0,-157.0,-157.0,-157.0,-157.0,-154.5,-151.5,-152.5,-157.0,-157.0,-149.0,-149.0,-157.0,-148.5,-148.5,-156.0,-154.5,-145.5,-144.0,-151.0,-157.0,-154.5,-152.5,-148.0,-150.5,-152.0,-150.5,-151.0,-157.0,-157.0,-156.0,-151.0,-153.0,-153.5,-151.0,-153.5,-153.5,-153.0,-156.0,-157.0,-157.0,-149.0,-149.0,-153.5,-157.0,-156.5,-154.0,-155.0,-152.5,-157.0,-155.5,-152.5,-149.5,-151.0,-157.0,-157.0,-154.0,-151.5,-156.5,-154.0,-155.0,-150.0,-147.0,-149.0,-154.5,-157.0,-157.0,-152.5,-156.0,-149.0,-155.5,-152.5,-153.5,-157.0,-151.5,-152.5,-152.0,-153.5,-156.5,-152.5,-149.5,-151.5,-156.0,-157.0,-155.5,-155.5,-156.5,-155.5,-157.0,-157.0,-157.0,-149.5,-150.0,-156.5,-157.0,-156.0,-152.5,-153.0,-157.0,-157.0,-157.0,-147.0,-147.5,-155.5,-156.5,-151.5,-150.0,-152.0,-157.0,-157.0,-155.5,-155.5,-157.0,-155.0,-153.5,-149.0,-152.5,-151.0,-153.0,-155.0,-156.5,-156.0,-157.0,-154.5,-145.5,-145.0,-152.5,-151.0,-157.0,-157.0,-152.5,-155.5,-157.0,-151.0,-155.0,-157.0,-152.5,-151.0,-157.0,-157.0,-150.5,-148.5,-151.5,-151.0,-154.5,-155.0,-157.0,-157.0,-157.0,-157.0,-148.5
2026-01-16 16:42:30.181,143.050000,5,-77,-157.0,-157.0,-153.0,-157.0,-151.0,-153.5,-151.5,-157.0,-155.0,-155.0,-151.5,-157.0,-152.5,-154.5,-150.0,-156.5,-152.5,-154.5,-152.5,-157.0,-157.0,-157.0,-153.0,-149.0,-154.0,-154.5,-151.0,-156.5,-155.0,-156.5,-151.0,-154.0,-154.5,-153.5,-152.0,-152.0,-157.0,-149.5,-149.5,-157.0,-157.0,-153.5,-152.5,-154.5,-157.0,-150.0,-152.5,-157.0,-155.0,-152.0,-151.5,-157.0,-157.0,-150.5,-148.5,-156.0,-151.5,-152.0,-152.0,-157.0,-155.5,-153.5,-157.0,-155.5,-152.0,-153.5,-157.0,-150.5,-150.5,-154.0,-157.0,-157.0,-157.0,-157.0,-157.0,-156.5,-152.5,-152.5,-151.0,-152.0,-149.5,-150.0,-150.5,-149.0,-157.0,-157.0,-152.5,-151.0,-152.0,-151.0,-152.5,-153.0,-157.0,-157.0,-151.5,-151.0,-152.0,-149.5,-148.5,-150.5,-150.0,-157.0,-157.0,-151.5,-153.0,-157.0,-154.0,-152.0,-157.0,-152.0,-153.0,-154.5,-154.0,-157.0,-152.0,-151.0,-154.0,-151.0,-155.5,-153.5,-153.0,-157.0,-148.0,-150.0,-151.5,-151.5,-152.0,-151.0,-154.5,-152.5,-155.0,-151.0,-151.0,-153.5,-149.5,-150.5,-150.0,-157.0,-152.0,-151.0,-150.5,-157.0,-155.0,-150.0,-149.0,-157.0,-152.0,-153.5,-155.0,-149.0,-151.0,-157.0,-157.0,-152.0,-157.0,-151.5,-155.5,-157.0,-154.5,-151.0,-148.5,-148.0,-155.0,-157.0,-154.5,-154.0,-153.0,-155.5,-153.0,-150.0,-152.5,-156.5,-156.0,-156.5,-157.0,-155.5,-157.0,-157.0,-152.0,-153.5,-151.5,-151.0,-149.0,-151.5,-149.0,-150.0,-157.0,-157.0,-152.0,-152.0,-157.0,-154.5,-148.5,-148.0,-149.0,-150.0,-156.0,-157.0,-152.5,-157.0,-152.5,-154.0,-156.5,-153.0,-153.0,-157.0,-157.0,-152.0,-151.5,-157.0,-157.0,-155.0,-155.0,-155.5,-152.5,-154.5,-154.5,-151.0,-152.0,-155.5,-157.0,-157.0,-150.5,-148.0,-157.0,-153.5,-154.5,-150.0,-151.5,-150.0,-155.0,-153.0,-151.0,-149.0,-155.5,-152.5,-148.5,-157.0,-143.0,-144.0,-157.0,-155.0,-150.5,-154.5,-154.0,-157.0,-154.0,-154.0,-153.0,-153.0,-157.0,-156.0,-155.5,-154.0,-152.0,-155.5,-157.0,-155.0,-154.0,-153.5,-157.0,-157.0,-154.0,-142.5,-148.0,-156.5,-157.0,-156.5,-157.0,-157.0,-148.5,-146.5,-154.0,-150.0,-153.5,-155.0,-153.5,-154.5,-151.0,-150.5,-157.0,-153.5,-147.5,-150.0,-154.5,-152.5,-155.0,-155.0,-156.5,-155.0,-157.0,-157.0,-152.0,-150.5,-157.0,-157.0,-150.5,-154.0,-157.0,-152.5,-152.5,-157.0,-154.0,-154.0,-157.0,-154.0,-157.0,-150.0,-150.0,-151.0,-149.0,-151.5,-155.5,-157.0,-156.0,-156.0,-157.0,-152.0,-153.5,-157.0,-157.0,-157.0,-149.5,-153.5,-157.0,-157.0,-156.5,-157.0,-157.0,-155.5,-157.0,-150.5,-154.0,-157.0,-154.5,-151.0,-149.5,-150.0,-150.0,-157.0,-152.0,-150.0,-148.5,-157.0,-155.0,-153.5,-157.0,-150.5,-152.0,-153.5,-150.5,-150.0,-153.0,-153.0,-154.5,-157.0,-156.0,-155.0,-153.5,-156.0,-153.0,-157.0,-157.0,-157.0,-157.0,-150.5,-150.5,-154.0,-155.5,-151.5,-153.0,-157.0,-157.0,-157.0,-157.0,-153.5,-152.5,-153.5,-157.0,-157.0,-153.5,-152.0,-152.0,-151.5,-157.0,-155.0,-148.5,-148.0,-157.0,-151.0,-152.0,-156.0,-157.0,-148.5,-157.0,-152.5,-157.0,-157.0,-152.5,-154.5,-155.5,-153.5,-154.0,-151.0,-152.5,-157.0,-157.0,-157.0,-157.0,-156.5,-157.0,-155.0,-152.5,-152.0,-157.0,-153.0,-153.5,-152.5,-154.5,-157.0,-152.5,-153.0,-157.0,-157.0,-157.0,-150.0,-147.5,-153.5,-152.5,-153.0,-152.5,-157.0,-157.0,-150.5,-152.0,-154.0,-157.0,-154.5,-153.0,-150.0,-151.0,-149.0,-155.5,-154.5,-156.0,-157.0,-154.0,-157.0,-147.0,-144.5,-152.0,-153.5,-153.0,-157.0,-152.5,-156.5,-157.0,-153.5,-154.5,-157.0,-153.5,-150.0,-155.0,-157.0,-152.5,-150.5,-153.0,-151.0,-156.5,-154.0,-157.0,-157.0,-157.0,-155.5,-150.0
2026-01-16 16:42:30.216,143.050000,5,-77,-157.0,-157.0,-156.0,-157.0,-150.5,-148.5,-151.0,-157.0,-154.5,-153.5,-152.5,-154.5,-152.0,-153.0,-151.0,-156.0,-150.0,-147.5,-153.5,-153.0,-157.0,-157.0,-152.0,-147.5,-155.0,-157.0,-147.0,-150.5,-155.5,-153.0,-148.0,-149.0,-156.5,-152.5,-153.5,-154.0,-157.0,-154.0,-154.0,-154.0,-157.0,-150.5,-147.5,-147.5,-153.5,-157.0,-157.0,-154.0,-153.0,-157.0,-157.0,-157.0,-157.0,-155.0,-147.5,-150.0,-152.5,-155.5,-153.0,-157.0,-155.5,-154.5,-154.0,-152.5,-155.0,-157.0,-154.5,-147.0,-151.5,-151.5,-155.5,-156.0,-157.0,-155.5,-155.0,-152.5,-152.5,-149.5,-149.0,-152.0,-149.5,-151.5,-156.5,-153.5,-153.5,-150.0,-149.5,-152.0,-150.0,-151.0,-157.0,-153.0,-157.0,-155.5,-150.0,-152.5,-154.5,-150.0,-150.5,-154.5,-151.0,-152.0,-157.0,-157.0,-154.5,-156.5,-155.5,-155.0,-157.0,-154.0,-157.0,-157.0,-154.0,-156.5,-151.5,-151.5,-157.0,-157.0,-157.0,-149.5,-153.0,-157.0,-147.5,-150.5,-153.5,-156.0,-149.5,-150.5,-157.0,-156.5,-153.5,-151.5,-151.5,-152.5,-149.0,-157.0,-154.5,-154.5,-152.5,-151.0,-155.0,-157.0,-153.5,-147.5,-149.0,-154.5,-155.0,-157.0,-156.5,-148.0,-152.0,-153.5,-157.0,-151.5,-157.0,-153.5,-155.5,-157.0,-152.0,-149.0,-149.5,-152.5,-150.0,-152.5,-152.0,-150.5,-151.5,-150.5,-152.5,-149.0,-149.0,-152.5,-157.0,-150.5,-152.5,-156.0,-157.0,-157.0,-157.0,-157.0,-157.0,-152.0,-151.5,-154.0,-147.5,-148.5,-157.0,-157.0,-156.5,-157.0,-157.0,-155.0,-146.5,-148.5,-152.5,-157.0,-157.0,-157.0,-154.5,-156.0,-157.0,-157.0,-156.5,-154.0,-156.0,-157.0,-157.0,-152.0,-157.0,-157.0,-155.5,-153.0,-153.0,-151.5,-156.5,-157.0,-157.0,-153.0,-153.0,-156.5,-153.0,-150.0,-148.5,-149.0,-157.0,-151.5,-157.0,-153.0,-156.5,-151.0,-152.0,-155.5,-151.5,-148.0,-149.0,-150.5,-152.5,-156.5,-142.0,-142.5,-157.0,-151.0,-147.0,-149.0,-154.5,-153.0,-156.0,-157.0,-155.0,-154.5,-155.0,-157.0,-156.5,-154.5,-157.0,-157.0,-154.5,-150.0,-156.5,-153.0,-153.5,-151.0,-153.0,-143.5,-148.0,-154.5,-155.0,-157.0,-157.0,-148.0,-147.5,-148.0,-152.5,-149.5,-157.0,-157.0,-157.0,-152.0,-151.5,-152.5,-157.0,-152.0,-147.5,-148.5,-157.0,-156.5,-155.0,-155.5,-152.5,-155.5,-156.5,-156.0,-151.0,-148.0,-149.0,-155.5,-154.5,-155.5,-152.5,-148.5,-154.0,-154.0,-156.0,-156.5,-153.0,-151.0,-155.5,-151.5,-157.0,-151.5,-148.5,-148.0,-150.0,-157.0,-157.0,-157.0,-156.5,-156.0,-157.0,-157.0,-157.0,-157.0,-150.0,-155.5,-157.0,-155.5,-154.5,-157.0,-152.5,-153.5,-155.5,-149.5,-157.0,-157.0,-157.0,-149.0,-146.5,-150.5,-151.0,-154.0,-157.0,-152.5,-155.5,-153.0,-157.0,-154.5,-157.0,-151.0,-152.5,-156.0,-154.5,-153.0,-154.0,-153.0,-153.5,-155.0,-154.0,-152.5,-154.0,-151.0,-152.5,-154.5,-154.0,-157.0,-157.0,-157.0,-156.5,-154.0,-157.0,-153.0,-157.0,-157.0,-155.5,-154.0,-156.5,-157.0,-157.0,-153.0,-157.0,-156.5,-154.5,-154.0,-149.0,-150.0,-155.5,-155.0,-155.5,-152.0,-155.5,-148.0,-149.5,-157.0,-155.0,-150.5,-153.5,-150.0,-151.0,-151.0,-150.0,-150.5,-156.0,-152.0,-154.0,-156.0,-157.0,-157.0,-157.0,-157.0,-157.0,-157.0,-157.0,-155.5,-152.5,-150.5,-154.0,-154.0,-152.5,-154.0,-155.0,-157.0,-157.0,-154.0,-154.0,-157.0,-154.5,-152.5,-148.5,-149.5,-150.0,-152.0,-157.0,-157.0,-157.0,-148.0,-148.5,-150.5,-157.0,-156.5,-151.0,-150.5,-151.5,-150.5,-152.0,-153.0,-155.5,-152.0,-152.0,-156.5,-151.5,-148.5,-150.0,-152.5,-151.0,-151.0,-151.5,-153.5,-155.5,-157.0,-151.5,-156.0,-157.0,-147.0,-148.0,-157.0,-157.0,-155.0,-157.0,-155.0,-155.0,-152.0,-156.0,-157.0,-157.0,-153.0,-153.5
2026-01-16 16:42:30.250,143.050000,5,-77,-157.0,-157.0,-157.0,-156.5,-152.5,-148.0,-147.0,-150.0,-152.5,-155.0,-153.5,-152.5,-152.0,-157.0,-155.5,-156.5,-149.0,-145.5,-148.5,-148.5,-152.5,-154.0,-153.0,-148.5,-151.0,-157.0,-146.0,-150.0,-152.0,-156.0,-151.0,-150.0,-153.0,-151.5,-150.5,-149.5,-157.0,-156.0,-154.0,-151.5,-157.0,-156.5,-152.0,-147.0,-150.5,-157.0,-157.0,-152.5,-153.5,-157.0,-157.0,-157.0,-155.0,-154.0,-150.0,-154.0,-157.0,-157.0,-157.0,-154.0,-151.5,-157.0,-148.0,-150.5,-157.0,-153.5,-149.0,-148.0,-150.0,-150.0,-156.0,-157.0,-157.0,-154.0,-157.0,-152.0,-157.0,-153.5,-148.5,-155.0,-154.0,-154.5,-153.5,-153.5,-150.5,-148.5,-149.0,-152.5,-150.0,-155.0,-152.5,-153.0,-155.0,-156.0,-153.5,-152.0,-153.5,-153.0,-151.0,-152.0,-154.5,-152.0,-157.0,-150.0,-149.5,-152.5,-155.5,-157.0,-156.0,-151.5,-153.5,-157.0,-154.0,-156.0,-157.0,-156.0,-157.0,-157.0,-151.5,-149.0,-151.0,-149.5,-148.0,-154.0,-157.0,-156.5,-152.0,-155.0,-157.0,-157.0,-150.0,-149.5,-150.0,-153.0,-150.5,-152.5,-153.0,-154.0,-155.5,-150.5,-151.0,-153.5,-152.5,-151.0,-157.0,-157.0,-156.0,-157.0,-157.0,-148.5,-156.0,-151.0,-153.0,-152.5,-157.0,-156.0,-151.5,-154.0,-153.0,-155.5,-157.0,-157.0,-148.5,-151.0,-151.0,-149.5,-150.0,-149.5,-153.5,-150.0,-150.0,-150.0,-157.0,-148.0,-149.5,-154.5,-155.5,-157.0,-157.0,-157.0,-156.5,-154.0,-157.0,-157.0,-149.0,-148.0,-157.0,-155.5,-156.0,-157.0,-157.0,-151.0,-149.5,-154.5,-154.5,-157.0,-156.0,-157.0,-157.0,-156.5,-154.5,-155.0,-157.0,-154.5,-153.0,-157.0,-156.5,-152.0,-155.5,-157.0,-154.5,-156.0,-157.0,-151.0,-153.5,-154.0,-157.0,-156.0,-152.0,-153.0,-149.0,-150.5,-154.5,-154.5,-151.5,-150.5,-153.0,-153.5,-154.0,-151.5,-150.0,-151.5,-155.0,-153.0,-149.5,-153.0,-156.0,-151.5,-146.5,-142.5,-154.0,-155.0,-147.5,-149.0,-157.0,-148.5,-150.5,-155.5,-154.0,-153.0,-154.0,-157.0,-157.0,-152.0,-152.5,-157.0,-157.0,-151.0,-157.0,-150.5,-151.0,-152.0,-150.5,-145.0,-157.0,-153.5,-150.5,-157.0,-157.0,-146.5,-147.5,-153.0,-153.5,-152.5,-156.0,-155.0,-153.5,-154.5,-153.5,-152.0,-150.5,-152.0,-151.5,-149.5,-157.0,-155.5,-152.0,-157.0,-151.0,-151.5,-155.0,-155.0,-156.5,-149.5,-147.5,-155.0,-157.0,-153.5,-149.5,-148.5,-155.0,-155.5,-155.5,-157.0,-151.0,-151.0,-149.5,-148.0,-153.5,-152.5,-151.0,-154.0,-151.5,-154.0,-157.0,-157.0,-157.0,-157.0,-155.0,-154.0,-154.5,-157.0,-148.0,-151.0,-157.0,-154.5,-155.0,-157.0,-151.5,-153.0,-150.5,-147.5,-150.5,-157.0,-153.0,-151.0,-147.0,-151.0,-153.5,-151.5,-157.0,-154.0,-157.0,-153.0,-154.5,-153.0,-155.0,-155.5,-154.5,-157.0,-157.0,-157.0,-157.0,-157.0,-150.5,-152.5,-154.0,-153.5,-157.0,-154.0,-154.5,-154.0,-151.5,-153.0,-157.0,-157.0,-156.5,-151.5,-154.5,-154.0,-157.0,-157.0,-152.5,-155.0,-154.5,-157.0,-154.0,-151.5,-157.0,-155.5,-153.5,-157.0,-149.0,-150.5,-151.0,-150.5,-154.0,-156.0,-156.5,-150.0,-148.5,-151.5,-157.0,-155.0,-154.0,-151.0,-148.5,-152.5,-147.5,-149.0,-153.5,-155.0,-155.5,-157.0,-157.0,-156.0,-152.0,-153.5,-155.0,-157.0,-157.0,-153.0,-154.0,-151.5,-157.0,-156.5,-153.5,-156.0,-153.0,-157.0,-157.0,-150.5,-151.0,-157.0,-151.0,-150.5,-151.5,-151.5,-156.0,-152.0,-154.0,-156.0,-157.0,-149.0,-153.5,-154.5,-157.0,-154.0,-150.0,-154.5,-153.5,-157.0,-157.0,-157.0,-157.0,-152.0,-157.0,-156.0,-154.0,-154.5,-155.5,-156.0,-154.5,-153.5,-154.5,-152.5,-153.0,-157.0,-149.0,-153.0,-153.5,-147.5,-147.0,-151.5,-153.0,-150.5,-151.0,-156.0,-155.0,-153.5,-155.5,-157.0,-155.0,-152.0,-154.0
2026-01-16 16:42:30.283,143.050000,5,-77,-157.0,-157.0,-157.0,-155.5,-152.0,-148.5,-148.0,-149.0,-151.5,-157.0,-156.5,-152.0,-154.0,-157.0,-157.0,-157.0,-150.0,-148.5,-151.5,-149.5,-151.5,-153.5,-155.0,-153.5,-153.5,-157.0,-147.5,-154.0,-150.5,-157.0,-156.5,-155.5,-149.5,-149.0,-148.0,-147.5,-153.5,-153.0,-153.0,-152.5,-155.5,-157.0,-156.5,-149.0,-149.5,-157.0,-157.0,-152.0,-156.5,-153.0,-155.0,-157.0,-152.0,-155.0,-155.0,-157.0,-157.0,-157.0,-157.0,-154.5,-151.0,-152.0,-148.0,-151.0,-156.0,-153.5,-154.5,-154.5,-157.0,-153.5,-157.0,-157.0,-157.0,-153.0,-157.0,-153.5,-157.0,-157.0,-149.5,-154.0,-154.0,-157.0,-152.0,-151.5,-151.0,-155.0,-150.5,-150.0,-150.0,-149.0,-150.0,-149.0,-156.0,-157.0,-153.5,-153.5,-156.0,-155.0,-150.5,-150.5,-157.0,-153.0,-157.0,-149.0,-151.0,-155.5,-156.0,-157.0,-157.0,-151.5,-150.5,-155.0,-153.0,-152.5,-157.0,-157.0,-153.0,-150.0,-150.0,-153.5,-153.5,-150.0,-150.5,-151.5,-157.0,-155.5,-154.0,-154.0,-157.0,-152.5,-151.0,-146.5,-147.0,-157.0,-149.0,-149.5,-150.5,-152.0,-150.5,-148.5,-149.0,-155.0,-151.5,-153.5,-157.0,-157.0,-157.0,-152.5,-154.0,-147.0,-150.5,-152.5,-157.0,-156.5,-153.5,-155.0,-151.0,-156.5,-153.5,-157.0,-157.0,-157.0,-151.5,-157.0,-150.5,-150.5,-152.5,-156.5,-157.0,-156.0,-157.0,-154.5,-157.0,-147.5,-150.0,-149.5,-152.5,-157.0,-152.0,-154.0,-150.5,-151.0,-157.0,-157.0,-149.5,-148.5,-152.5,-150.5,-155.5,-157.0,-157.0,-151.5,-156.0,-157.0,-156.0,-156.5,-153.5,-156.5,-155.5,-151.5,-152.5,-153.0,-157.0,-154.5,-152.0,-154.0,-157.0,-154.5,-156.0,-157.0,-157.0,-157.0,-156.0,-152.5,-155.5,-154.5,-154.5,-156.0,-150.0,-149.0,-149.0,-155.0,-154.5,-157.0,-154.5,-156.5,-157.0,-152.0,-149.0,-148.0,-149.0,-150.0,-157.0,-155.5,-154.5,-155.5,-155.0,-152.0,-146.5,-141.5,-149.0,-153.0,-147.5,-150.5,-157.0,-148.0,-149.0,-157.0,-157.0,-157.0,-157.0,-157.0,-152.0,-150.5,-148.5,-151.5,-157.0,-154.5,-157.0,-150.5,-156.0,-151.5,-144.5,-144.5,-156.5,-151.0,-148.5,-151.5,-157.0,-149.5,-150.5,-157.0,-157.0,-157.0,-153.0,-157.0,-152.5,-157.0,-157.0,-157.0,-151.5,-154.0,-157.0,-150.0,-152.0,-153.5,-149.5,-155.0,-152.0,-149.5,-157.0,-152.0,-152.0,-153.0,-151.0,-157.0,-153.5,-151.0,-150.0,-153.5,-150.0,-152.5,-151.0,-151.5,-154.5,-152.0,-149.0,-147.5,-155.0,-155.5,-157.0,-157.0,-153.5,-153.0,-154.5,-155.5,-157.0,-156.0,-154.0,-154.0,-152.5,-154.5,-146.5,-148.5,-152.5,-151.0,-157.0,-157.0,-154.0,-154.0,-152.5,-150.0,-155.0,-157.0,-153.0,-151.0,-150.5,-154.0,-154.0,-149.0,-152.5,-157.0,-157.0,-157.0,-157.0,-152.5,-149.5,-151.5,-150.0,-156.0,-155.0,-155.5,-157.0,-154.0,-152.0,-150.5,-153.5,-153.0,-157.0,-157.0,-153.5,-156.0,-151.5,-151.0,-156.5,-155.0,-153.0,-152.0,-152.0,-150.0,-155.5,-157.0,-152.5,-156.0,-154.5,-157.0,-154.0,-154.5,-155.5,-153.5,-152.0,-154.5,-146.0,-148.5,-151.0,-150.0,-155.0,-157.0,-156.5,-157.0,-149.0,-149.0,-152.5,-157.0,-157.0,-153.0,-148.0,-148.5,-147.0,-145.5,-148.5,-157.0,-157.0,-157.0,-157.0,-157.0,-151.0,-152.0,-157.0,-157.0,-157.0,-151.5,-149.0,-150.0,-157.0,-153.5,-153.0,-155.5,-150.0,-154.5,-155.5,-152.5,-152.0,-157.0,-149.5,-150.0,-155.0,-157.0,-154.0,-153.0,-153.0,-155.5,-151.5,-151.0,-154.5,-157.0,-154.0,-150.5,-149.0,-154.5,-156.0,-156.5,-157.0,-157.0,-157.0,-152.0,-157.0,-157.0,-157.0,-155.5,-157.0,-157.0,-157.0,-157.0,-157.0,-153.0,-153.0,-155.0,-149.5,-152.5,-153.5,-155.5,-153.5,-148.5,-149.5,-149.0,-149.0,-153.0,-157.0,-157.0,-157.0,-153.5,-150.0,-150.5,-154.5
2026-01-16 16:42:30.315,143.050000,5,-77,-157.0,-157.0,-153.5,-155.5,-151.0,-149.5,-150.0,-150.5,-157.0,-157.0,-155.0,-147.5,-149.5,-155.5,-157.0,-154.5,-154.5,-157.0,-157.0,-155.0,-156.0,-157.0,-154.5,-154.0,-157.0,-151.0,-151.0,-151.0,-151.5,-157.0,-156.0,-151.5,-148.0,-148.5,-154.0,-152.5,-156.5,-150.5,-149.0,-152.5,-153.5,-157.0,-152.5,-153.0,-150.5,-157.0,-157.0,-152.0,-157.0,-150.0,-151.0,-154.0,-152.5,-154.0,-157.0,-153.5,-152.5,-157.0,-157.0,-157.0,-155.5,-157.0,-153.0,-151.5,-152.5,-153.5,-157.0,-157.0,-157.0,-157.0,-157.0,-156.0,-157.0,-151.0,-156.5,-157.0,-153.5,-157.0,-153.5,-150.5,-150.0,-157.0,-153.5,-152.5,-152.5,-156.5,-152.5,-150.0,-152.5,-149.0,-150.5,-146.5,-151.0,-149.0,-149.0,-150.5,-157.0,-157.0,-154.5,-152.0,-157.0,-152.5,-156.5,-152.5,-157.0,-157.0,-157.0,-155.5,-157.0,-157.0,-152.5,-152.0,-154.5,-156.5,-157.0,-157.0,-152.5,-149.0,-152.0,-154.5,-155.0,-151.5,-149.5,-148.5,-153.5,-157.0,-153.5,-152.0,-157.0,-148.0,-148.0,-147.5,-148.5,-153.0,-151.5,-156.5,-152.0,-147.0,-148.0,-151.5,-156.5,-153.0,-156.0,-152.0,-153.5,-157.0,-156.5,-150.5,-152.0,-147.5,-149.0,-152.0,-153.0,-151.5,-151.5,-157.0,-152.0,-156.0,-150.0,-148.5,-149.5,-153.0,-153.5,-155.0,-156.5,-155.0,-154.5,-157.0,-157.0,-157.0,-157.0,-157.0,-154.5,-150.5,-154.5,-149.5,-157.0,-157.0,-150.5,-155.0,-149.5,-149.5,-156.5,-157.0,-149.0,-147.5,-153.0,-150.5,-155.5,-157.0,-154.0,-150.5,-156.0,-157.0,-154.0,-155.0,-154.0,-157.0,-156.5,-150.5,-155.0,-156.5,-155.5,-157.0,-156.5,-155.5,-157.0,-154.5,-157.0,-157.0,-157.0,-157.0,-154.0,-151.0,-148.5,-157.0,-154.5,-153.0,-153.5,-152.5,-156.5,-155.0,-152.5,-155.5,-157.0,-157.0,-157.0,-157.0,-152.0,-148.5,-149.0,-152.5,-149.5,-149.5,-157.0,-153.0,-152.5,-148.0,-141.0,-140.0,-156.5,-153.0,-149.5,-151.0,-154.5,-152.5,-151.5,-156.5,-157.0,-157.0,-153.5,-151.5,-148.5,-153.0,-149.5,-151.0,-155.5,-154.5,-157.0,-148.0,-149.0,-150.0,-142.0,-144.5,-154.0,-153.0,-151.0,-155.0,-157.0,-157.0,-154.5,-156.5,-157.0,-154.0,-148.5,-151.0,-150.0,-157.0,-157.0,-157.0,-157.0,-155.0,-157.0,-150.0,-149.0,-154.0,-150.5,-157.0,-154.5,-150.5,-155.0,-151.0,-153.0,-152.0,-152.0,-154.0,-152.0,-151.5,-150.0,-151.5,-148.5,-147.5,-150.0,-149.0,-154.0,-155.0,-157.0,-150.0,-155.0,-155.0,-157.0,-156.5,-153.0,-151.0,-147.5,-149.0,-157.0,-157.0,-156.0,-149.5,-146.5,-147.5,-147.5,-149.5,-152.0,-150.0,-153.5,-154.0,-157.0,-157.0,-157.0,-157.0,-157.0,-149.5,-149.5,-150.0,-150.5,-151.0,-151.0,-149.0,-149.5,-155.0,-157.0,-157.0,-157.0,-157.0,-148.0,-150.0,-152.0,-153.5,-152.5,-153.0,-157.0,-153.0,-152.5,-151.5,-150.5,-152.0,-154.5,-154.5,-153.5,-157.0,-152.5,-152.0,-154.5,-151.5,-152.5,-157.0,-150.0,-148.0,-151.0,-154.5,-156.0,-154.5,-150.5,-149.5,-157.0,-157.0,-153.5,-152.0,-155.0,-152.0,-144.5,-145.5,-153.5,-156.5,-157.0,-153.5,-153.5,-156.5,-152.5,-150.0,-149.0,-152.0,-154.0,-150.5,-150.5,-148.5,-149.5,-146.0,-147.5,-154.0,-155.5,-154.5,-157.0,-157.0,-149.5,-151.5,-157.0,-157.0,-157.0,-157.0,-150.0,-150.5,-157.0,-151.5,-150.5,-151.0,-148.0,-152.5,-154.5,-156.0,-156.5,-154.5,-153.5,-150.5,-151.0,-152.5,-154.5,-153.0,-154.5,-157.0,-153.0,-155.5,-156.0,-154.5,-154.0,-153.5,-153.5,-152.0,-155.5,-153.5,-156.5,-157.0,-153.0,-151.0,-157.0,-157.0,-157.0,-156.5,-157.0,-157.0,-157.0,-156.0,-156.5,-155.0,-152.0,-154.0,-151.0,-152.0,-157.0,-157.0,-157.0,-152.5,-154.5,-150.5,-154.0,-152.5,-152.5,-152.0,-154.5,-151.0,-150.0,-157.0,-157.0
2026-01-16 16:42:30.345,143.050000,5,-77,-157.0,-157.0,-151.0,-157.0,-155.0,-154.5,-150.5,-152.0,-157.0,-154.5,-151.5,-148.0,-149.0,-152.0,-153.0,-153.0,-157.0,-157.0,-157.0,-157.0,-157.0,-156.0,-154.5,-152.0,-155.0,-151.0,-155.0,-156.5,-152.5,-153.5,-157.0,-152.5,-150.5,-154.5,-156.0,-157.0,-157.0,-149.0,-149.0,-154.0,-154.5,-151.0,-149.5,-152.5,-151.5,-157.0,-153.5,-152.0,-157.0,-151.0,-147.0,-147.5,-152.5,-152.0,-157.0,-157.0,-152.5,-157.0,-156.5,-153.5,-155.0,-157.0,-157.0,-153.0,-157.0,-154.5,-153.0,-157.0,-157.0,-157.0,-156.5,-154.5,-150.5,-149.0,-152.5,-154.5,-150.5,-153.0,-157.0,-149.0,-149.5,-157.0,-155.5,-157.0,-157.0,-157.0,-157.0,-154.0,-155.0,-150.0,-152.5,-147.0,-149.5,-148.5,-152.5,-153.5,-156.5,-156.0,-154.0,-157.0,-156.5,-151.0,-157.0,-155.0,-155.0,-156.5,-155.5,-151.5,-157.0,-157.0,-155.0,-155.0,-155.5,-156.0,-157.0,-157.0,-156.0,-150.0,-152.0,-153.0,-157.0,-153.5,-153.0,-151.0,-156.5,-157.0,-154.5,-150.0,-152.0,-149.5,-146.0,-147.0,-153.5,-151.0,-157.0,-153.5,-152.5,-146.5,-148.5,-152.0,-153.0,-151.0,-153.0,-149.5,-150.0,-154.0,-154.0,-153.5,-154.0,-152.5,-154.0,-151.0,-149.0,-147.5,-155.0,-154.5,-153.5,-153.0,-152.0,-147.5,-148.0,-157.0,-152.5,-155.5,-157.0,-157.0,-154.5,-155.0,-155.0,-157.0,-157.0,-157.0,-157.0,-154.5,-157.0,-149.5,-153.5,-152.5,-150.5,-156.0,-153.5,-150.5,-156.5,-157.0,-150.0,-147.0,-151.5,-150.5,-150.5,-152.0,-153.5,-148.0,-149.5,-156.0,-152.5,-154.0,-154.0,-156.0,-157.0,-150.5,-149.5,-157.0,-156.5,-154.0,-153.0,-153.5,-156.5,-154.5,-153.0,-154.0,-157.0,-156.0,-154.0,-147.0,-145.5,-156.0,-156.0,-154.0,-155.0,-153.5,-155.0,-153.5,-156.5,-157.0,-155.5,-157.0,-157.0,-157.0,-157.0,-153.5,-156.0,-151.0,-147.5,-150.0,-157.0,-149.0,-147.0,-149.0,-143.5,-141.5,-152.5,-153.5,-155.5,-153.0,-149.0,-157.0,-151.0,-152.5,-157.0,-157.0,-152.0,-153.0,-149.5,-149.5,-156.5,-155.0,-157.0,-149.0,-151.0,-148.5,-149.0,-149.5,-142.5,-148.0,-157.0,-157.0,-157.0,-157.0,-157.0,-157.0,-153.5,-153.0,-151.5,-148.0,-147.0,-150.5,-150.5,-155.5,-153.0,-152.5,-157.0,-156.0,-157.0,-151.5,-153.5,-156.0,-152.0,-151.0,-152.5,-153.5,-155.0,-157.0,-155.5,-148.5,-152.0,-155.5,-154.5,-153.0,-150.0,-154.0,-154.0,-149.5,-153.5,-152.0,-153.0,-154.5,-157.0,-148.5,-148.5,-155.0,-155.5,-150.0,-148.5,-150.5,-146.0,-148.5,-157.0,-157.0,-157.0,-147.5,-145.0,-148.0,-151.0,-151.5,-152.0,-157.0,-154.5,-157.0,-152.5,-155.5,-157.0,-157.0,-157.0,-149.5,-147.5,-151.0,-148.5,-148.5,-157.0,-157.0,-152.0,-152.0,-154.0,-157.0,-157.0,-157.0,-152.0,-156.0,-157.0,-152.5,-152.0,-152.5,-157.0,-157.0,-150.0,-156.0,-155.0,-154.5,-154.0,-152.0,-153.5,-152.5,-150.0,-156.0,-155.0,-155.0,-154.5,-156.0,-153.5,-152.5,-150.0,-150.0,-157.0,-157.0,-147.0,-146.5,-151.0,-157.0,-150.0,-149.0,-157.0,-155.0,-148.5,-147.5,-157.0,-157.0,-156.5,-150.0,-154.5,-157.0,-152.0,-151.5,-151.0,-149.0,-153.0,-154.0,-153.5,-152.0,-153.5,-150.5,-148.0,-148.5,-149.5,-149.0,-157.0,-156.0,-149.0,-152.0,-157.0,-157.0,-157.0,-157.0,-157.0,-155.5,-157.0,-151.5,-152.0,-148.5,-150.0,-151.5,-150.5,-154.0,-157.0,-153.5,-154.5,-152.5,-151.0,-152.5,-157.0,-155.5,-154.0,-155.0,-151.5,-154.0,-156.0,-152.0,-157.0,-157.0,-157.0,-153.0,-151.5,-156.5,-157.0,-157.0,-153.5,-154.0,-157.0,-156.0,-157.0,-156.0,-154.0,-157.0,-157.0,-156.0,-157.0,-155.5,-154.5,-153.5,-152.5,-157.0,-157.0,-156.0,-153.5,-157.0,-155.5,-154.0,-155.0,-154.5,-150.0,-149.5,-152.5,-152.0,-152.5,-157.0,-157.0
2026-01-16 16:42:30.382,143.050000,5,-77,-157.0,-157.0,-157.0,-157.0,-157.0,-157.0,-156.5,-152.0,-157.0,-153.0,-154.0,-151.5,-154.5,-153.5,-150.0,-151.5,-154.5,-157.0,-157.0,-157.0,-157.0,-154.5,-153.5,-151.5,-155.0,-154.0,-157.0,-157.0,-154.0,-152.5,-151.0,-151.0,-153.0,-157.0,-155.5,-155.0,-149.5,-151.0,-155.5,-157.0,-157.0,-148.5,-150.0,-157.0,-153.0,-156.0,-154.5,-152.0,-152.0,-153.0,-147.5,-147.5,-149.5,-150.5,-156.5,-154.0,-153.0,-157.0,-156.0,-150.0,-151.0,-155.0,-157.0,-155.5,-156.0,-150.0,-150.0,-157.0,-157.0,-155.5,-155.5,-157.0,-150.5,-153.5,-155.0,-152.0,-155.0,-152.5,-155.0,-153.0,-155.0,-157.0,-154.5,-155.5,-155.0,-155.5,-157.0,-157.0,-154.5,-150.0,-152.0,-149.0,-151.0,-151.5,-152.0,-157.0,-154.0,-151.5,-152.0,-157.0,-153.5,-150.5,-154.0,-157.0,-150.5,-151.5,-150.0,-148.5,-157.0,-157.0,-156.0,-157.0,-153.0,-152.5,-157.0,-157.0,-152.0,-149.5,-150.0,-154.0,-156.0,-156.0,-157.0,-153.5,-154.5,-155.0,-151.5,-149.0,-149.5,-149.5,-150.0,-148.5,-156.0,-150.5,-156.0,-154.5,-155.5,-152.0,-149.5,-151.5,-152.5,-153.0,-148.5,-150.5,-153.0,-153.5,-157.0,-156.5,-157.0,-155.5,-155.0,-149.0,-148.5,-148.0,-157.0,-151.0,-156.0,-156.0,-157.0,-153.5,-152.0,-157.0,-151.5,-151.0,-153.0,-157.0,-157.0,-152.5,-151.0,-157.0,-157.0,-157.0,-157.0,-155.5,-157.0,-150.0,-152.5,-157.0,-153.0,-157.0,-153.0,-150.0,-154.0,-155.0,-150.0,-148.5,-152.0,-153.0,-152.0,-146.5,-145.5,-147.0,-150.5,-151.0,-157.0,-157.0,-151.5,-150.5,-155.0,-149.0,-147.0,-155.0,-155.0,-147.5,-148.0,-150.5,-153.5,-157.0,-150.0,-149.0,-150.5,-148.5,-148.5,-146.5,-149.5,-154.5,-154.5,-152.5,-150.5,-151.0,-153.5,-155.0,-157.0,-157.0,-154.0,-157.0,-157.0,-156.5,-157.0,-153.0,-151.0,-148.5,-152.0,-156.0,-156.5,-151.0,-150.0,-151.0,-148.5,-143.5,-157.0,-157.0,-157.0,-151.5,-146.0,-155.0,-151.0,-151.5,-157.0,-157.0,-152.0,-152.0,-147.5,-148.5,-157.0,-152.5,-152.0,-147.0,-146.5,-147.5,-154.5,-144.5,-143.0,-150.0,-156.5,-157.0,-152.5,-155.5,-154.0,-157.0,-150.5,-153.5,-149.0,-149.5,-149.0,-154.0,-156.0,-153.5,-152.5,-152.0,-153.5,-156.0,-157.0,-154.5,-155.5,-153.5,-156.5,-150.5,-152.0,-157.0,-157.0,-157.0,-148.5,-147.5,-156.0,-156.5,-150.5,-151.5,-152.0,-153.5,-157.0,-155.5,-157.0,-151.0,-149.5,-149.5,-150.0,-150.5,-149.0,-154.0,-152.0,-147.5,-148.5,-154.5,-152.5,-151.0,-157.0,-157.0,-157.0,-149.5,-147.5,-151.0,-153.0,-151.0,-153.0,-153.0,-151.5,-154.0,-149.5,-154.5,-152.0,-153.5,-157.0,-155.0,-150.0,-154.5,-154.5,-151.0,-157.0,-157.0,-153.5,-147.5,-149.0,-157.0,-156.5,-153.0,-152.5,-157.0,-156.5,-153.0,-157.0,-156.0,-157.0,-157.0,-149.5,-153.0,-157.0,-157.0,-157.0,-152.0,-151.0,-152.0,-147.5,-150.0,-152.5,-157.0,-151.5,-152.0,-157.0,-155.0,-151.5,-152.5,-154.5,-156.0,-150.0,-150.5,-150.0,-157.0,-151.5,-150.5,-151.0,-153.0,-157.0,-154.5,-157.0,-157.0,-150.0,-148.5,-151.0,-154.0,-153.5,-151.0,-152.5,-149.0,-154.0,-152.5,-149.0,-149.5,-148.0,-151.5,-149.5,-151.0,-151.5,-149.5,-157.0,-156.5,-153.0,-157.0,-157.0,-157.0,-156.0,-153.5,-154.0,-157.0,-153.0,-149.0,-151.0,-149.0,-157.0,-152.0,-150.5,-149.5,-153.5,-155.5,-153.5,-154.5,-154.0,-155.0,-157.0,-156.5,-152.5,-151.5,-150.5,-151.0,-157.0,-151.0,-157.0,-154.5,-155.0,-157.0,-152.0,-155.5,-155.0,-155.5,-154.5,-157.0,-157.0,-154.0,-155.5,-155.0,-151.5,-157.0,-157.0,-156.5,-156.5,-155.0,-157.0,-154.5,-152.0,-157.0,-157.0,-155.0,-154.0,-155.5,-155.5,-157.0,-157.0,-157.0,-156.0,-155.5,-157.0,-153.0,-150.5,-157.0,-151.5
2026-01-16 16:42:30.383,143.050000,5,-77,-157.0,-157.0,-157.0,-157.0,-157.0,-157.0,-156.5,-152.0,-157.0,-153.0,-154.0,-151.5,-154.5,-153.5,-150.0,-151.5,-154.5,-157.0,-157.0,-157.0,-157.0,-154.5,-153.5,-151.5,-155.0,-154.0,-157.0,-157.0,-154.0,-152.5,-151.0,-151.0,-153.0,-157.0,-155.5,-155.0,-149.5,-151.0,-155.5,-157.0,-157.0,-148.5,-150.0,-157.0,-153.0,-156.0,-154.5,-152.0,-152.0,-153.0,-147.5,-147.5,-149.5,-150.5,-156.5,-154.0,-153.0,-157.0,-156.0,-150.0,-151.0,-155.0,-157.0,-155.5,-156.0,-150.0,-150.0,-157.0,-157.0,-155.5,-155.5,-157.0,-150.5,-153.5,-155.0,-152.0,-155.0,-152.5,-155.0,-153.0,-155.0,-157.0,-154.5,-155.5,-155.0,-155.5,-157.0,-157.0,-154.5,-150.0,-152.0,-149.0,-151.0,-151.5,-152.0,-157.0,-154.0,-151.5,-152.0,-157.0,-153.5,-150.5,-154.0,-157.0,-150.5,-151.5,-150.0,-148.5,-157.0,-157.0,-156.0,-157.0,-153.0,-152.5,-157.0,-157.0,-152.0,-149.5,-150.0,-154.0,-156.0,-156.0,-157.0,-153.5,-154.5,-155.0,-151.5,-149.0,-149.5,-149.5,-150.0,-148.5,-156.0,-150.5,-156.0,-154.5,-155.5,-152.0,-149.5,-151.5,-152.5,-153.0,-148.5,-150.5,-153.0,-153.5,-157.0,-156.5,-157.0,-155.5,-155.0,-149.0,-148.5,-148.0,-157.0,-151.0,-156.0,-156.0,-157.0,-153.5,-152.0,-157.0,-151.5,-151.0,-153.0,-157.0,-157.0,-152.5,-151.0,-157.0,-157.0,-157.0,-157.0,-155.5,-157.0,-150.0,-152.5,-157.0,-153.0,-157.0,-153.0,-150.0,-154.0,-155.0,-150.0,-148.5,-152.0,-153.0,-152.0,-146.5,-145.5,-147.0,-150.5,-151.0,-157.0,-157.0,-151.5,-150.5,-155.0,-149.0,-147.0,-155.0,-155.0,-147.5,-148.0,-150.5,-153.5,-157.0,-150.0,-149.0,-150.5,-148.5,-148.5,-146.5,-149.5,-154.5,-154.5,-152.5,-150.5,-151.0,-153.5,-155.0,-157.0,-157.0,-154.0,-157.0,-157.0,-156.5,-157.0,-153.0,-151.0,-148.5,-152.0,-156.0,-156.5,-151.0,-150.0,-151.0,-148.5,-143.5,-157.0,-157.0,-157.0,-151.5,-146.0,-155.0,-151.0,-151.5,-157.0,-157.0,-152.0,-152.0,-147.5,-148.5,-157.0,-152.5,-152.0,-147.0,-146.5,-147.5,-154.5,-144.5,-143.0,-150.0,-156.5,-157.0,-152.5,-155.5,-154.0,-157.0,-150.5,-153.5,-149.0,-149.5,-149.0,-154.0,-156.0,-153.5,-152.5,-152.0,-153.5,-156.0,-157.0,-154.5,-155.5,-153.5,-156.5,-150.5,-152.0,-157.0,-157.0,-157.0,-148.5,-147.5,-156.0,-156.5,-150.5,-151.5,-152.0,-153.5,-157.0,-155.5,-157.0,-151.0,-149.5,-149.5,-150.0,-150.5,-149.0,-154.0,-152.0,-147.5,-148.5,-154.5,-152.5,-151.0,-157.0,-157.0,-157.0,-149.5,-147.5,-151.0,-153.0,-151.0,-153.0,-153.0,-151.5,-154.0,-149.5,-154.5,-152.0,-153.5,-157.0,-155.0,-150.0,-154.5,-154.5,-151.0,-157.0,-157.0,-153.5,-147.5,-149.0,-157.0,-156.5,-153.0,-152.5,-157.0,-156.5,-153.0,-157.0,-156.0,-157.0,-157.0,-149.5,-153.0,-157.0,-157.0,-157.0,-152.0,-151.0,-152.0,-147.5,-150.0,-152.5,-157.0,-151.5,-152.0,-157.0,-155.0,-151.5,-152.5,-154.5,-156.0,-150.0,-150.5,-150.0,-157.0,-151.5,-150.5,-151.0,-153.0,-157.0,-154.5,-157.0,-157.0,-150.0,-148.5,-151.0,-154.0,-153.5,-151.0,-152.5,-149.0,-154.0,-152.5,-149.0,-149.5,-148.0,-151.5,-149.5,-151.0,-151.5,-149.5,-157.0,-156.5,-153.0,-157.0,-157.0,-157.0,-156.0,-153.5,-154.0,-157.0,-153.0,-149.0,-151.0,-149.0,-157.0,-152.0,-150.5,-149.5,-153.5,-155.5,-153.5,-154.5,-154.0,-155.0,-157.0,-156.5,-152.5,-151.5,-150.5,-151.0,-157.0,-151.0,-157.0,-154.5,-155.0,-157.0,-152.0,-155.5,-155.0,-155.5,-154.5,-157.0,-157.0,-154.0,-155.5,-155.0,-151.5,-157.0,-157.0,-156.5,-156.5,-155.0,-157.0,-154.5,-152.0,-157.0,-157.0,-155.0,-154.0,-155.5,-155.5,-157.0,-157.0,-157.0,-156.0,-155.5,-157.0,-153.0,-150.5,-157.0,-151.5
2026-01-16 16:42:30.384,143.050000,5,-77,-157.0,-157.0,-157.0,-157.0,-157.0,-157.0,-156.5,-152.0,-157.0,-153.0,-154.0,-151.5,-154.5,-153.5,-150.0,-151.5,-154.5,-157.0,-157.0,-157.0,-157.0,-154.5,-153.5,-151.5,-155.0,-154.0,-157.0,-157.0,-154.0,-152.5,-151.0,-151.0,-153.0,-157.0,-155.5,-155.0,-149.5,-151.0,-155.5,-157.0,-157.0,-148.5,-150.0,-157.0,-153.0,-156.0,-154.5,-152.0,-152.0,-153.0,-147.5,-147.5,-149.5,-150.5,-156.5,-154.0,-153.0,-157.0,-156.0,-150.0,-151.0,-155.0,-157.0,-155.5,-156.0,-150.0,-150.0,-157.0,-157.0,-155.5,-155.5,-157.0,-150.5,-153.5,-155.0,-152.0,-155.0,-152.5,-155.0,-153.0,-155.0,-157.0,-154.5,-155.5,-155.0,-155.5,-157.0,-157.0,-154.5,-150.0,-152.0,-149.0,-151.0,-151.5,-152.0,-157.0,-154.0,-151.5,-152.0,-157.0,-153.5,-150.5,-154.0,-157.0,-150.5,-151.5,-150.0,-148.5,-157.0,-157.0,-156.0,-157.0,-153.0,-152.5,-157.0,-157.0,-152.0,-149.5,-150.0,-154.0,-156.0,-156.0,-157.0,-153.5,-154.5,-155.0,-151.5,-149.0,-149.5,-149.5,-150.0,-148.5,-156.0,-150.5,-156.0,-154.5,-155.5,-152.0,-149.5,-151.5,-152.5,-153.0,-148.5,-150.5,-153.0,-153.5,-157.0,-156.5,-157.0,-155.5,-155.0,-149.0,-148.5,-148.0,-157.0,-151.0,-156.0,-156.0,-157.0,-153.5,-152.0,-157.0,-151.5,-151.0,-153.0,-157.0,-157.0,-152.5,-151.0,-157.0,-157.0,-157.0,-157.0,-155.5,-157.0,-150.0,-152.5,-157.0,-153.0,-157.0,-153.0,-150.0,-154.0,-155.0,-150.0,-148.5,-152.0,-153.0,-152.0,-146.5,-145.5,-147.0,-150.5,-151.0,-157.0,-157.0,-151.5,-150.5,-155.0,-149.0,-147.0,-155.0,-155.0,-147.5,-148.0,-150.5,-153.5,-157.0,-150.0,-149.0,-150.5,-148.5,-148.5,-146.5,-149.5,-154.5,-154.5,-152.5,-150.5,-151.0,-153.5,-155.0,-157.0,-157.0,-154.0,-157.0,-157.0,-156.5,-157.0,-153.0,-151.0,-148.5,-152.0,-156.0,-156.5,-151.0,-150.0,-151.0,-148.5,-143.5,-157.0,-157.0,-157.0,-151.5,-146.0,-155.0,-151.0,-151.5,-157.0,-157.0,-152.0,-152.0,-147.5,-148.5,-157.0,-152.5,-152.0,-147.0,-146.5,-147.5,-154.5,-144.5,-143.0,-150.0,-156.5,-157.0,-152.5,-155.5,-154.0,-157.0,-150.5,-153.5,-149.0,-149.5,-149.0,-154.0,-156.0,-153.5,-152.5,-152.0,-153.5,-156.0,-157.0,-154.5,-155.5,-153.5,-156.5,-150.5,-152.0,-157.0,-157.0,-157.0,-148.5,-147.5,-156.0,-156.5,-150.5,-151.5,-152.0,-153.5,-157.0,-155.5,-157.0,-151.0,-149.5,-149.5,-150.0,-150.5,-149.0,-154.0,-152.0,-147.5,-148.5,-154.5,-152.5,-151.0,-157.0,-157.0,-157.0,-149.5,-147.5,-151.0,-153.0,-151.0,-153.0,-153.0,-151.5,-154.0,-149.5,-154.5,-152.0,-153.5,-157.0,-155.0,-150.0,-154.5,-154.5,-151.0,-157.0,-157.0,-153.5,-147.5,-149.0,-157.0,-156.5,-153.0,-152.5,-157.0,-156.5,-153.0,-157.0,-156.0,-157.0,-157.0,-149.5,-153.0,-157.0,-157.0,-157.0,-152.0,-151.0,-152.0,-147.5,-150.0,-152.5,-157.0,-151.5,-152.0,-157.0,-155.0,-151.5,-152.5,-154.5,-156.0,-150.0,-150.5,-150.0,-157.0,-151.5,-150.5,-151.0,-153.0,-157.0,-154.5,-157.0,-157.0,-150.0,-148.5,-151.0,-154.0,-153.5,-151.0,-152.5,-149.0,-154.0,-152.5,-149.0,-149.5,-148.0,-151.5,-149.5,-151.0,-151.5,-149.5,-157.0,-156.5,-153.0,-157.0,-157.0,-157.0,-156.0,-153.5,-154.0,-157.0,-153.0,-149.0,-151.0,-149.0,-157.0,-152.0,-150.5,-149.5,-153.5,-155.5,-153.5,-154.5,-154.0,-155.0,-157.0,-156.5,-152.5,-151.5,-150.5,-151.0,-157.0,-151.0,-157.0,-154.5,-155.0,-157.0,-152.0,-155.5,-155.0,-155.5,-154.5,-157.0,-157.0,-154.0,-155.5,-155.0,-151.5,-157.0,-157.0,-156.5,-156.5,-155.0,-157.0,-154.5,-152.0,-157.0,-157.0,-155.0,-154.0,-155.5,-155.5,-157.0,-157.0,-157.0,-156.0,-155.5,-157.0,-153.0,-150.5,-157.0,-151.5
2026-01-16 16:42:30.386,143.050000,5,-77,-157.0,-157.0,-157.0,-157.0,-157.0,-157.0,-156.5,-152.0,-157.0,-153.0,-154.0,-151.5,-154.5,-153.5,-150.0,-151.5,-154.5,-157.0,-157.0,-157.0,-157.0,-154.5,-153.5,-151.5,-155.0,-154.0,-157.0,-157.0,-154.0,-152.5,-151.0,-151.0,-153.0,-157.0,-155.5,-155.0,-149.5,-151.0,-155.5,-157.0,-157.0,-148.5,-150.0,-157.0,-153.0,-156.0,-154.5,-152.0,-152.0,-153.0,-147.5,-147.5,-149.5,-150.5,-156.5,-154.0,-153.0,-157.0,-156.0,-150.0,-151.0,-155.0,-157.0,-155.5,-156.0,-150.0,-150.0,-157.0,-157.0,-155.5,-155.5,-157.0,-150.5,-153.5,-155.0,-152.0,-155.0,-152.5,-155.0,-153.0,-155.0,-157.0,-154.5,-155.5,-155.0,-155.5,-157.0,-157.0,-154.5,-150.0,-152.0,-149.0,-151.0,-151.5,-152.0,-157.0,-154.0,-151.5,-152.0,-157.0,-153.5,-150.5,-154.0,-157.0,-150.5,-151.5,-150.0,-148.5,-157.0,-157.0,-156.0,-157.0,-153.0,-152.5,-157.0,-157.0,-152.0,-149.5,-150.0,-154.0,-156.0,-156.0,-157.0,-153.5,-154.5,-155.0,-151.5,-149.0,-149.5,-149.5,-150.0,-148.5,-156.0,-150.5,-156.0,-154.5,-155.5,-152.0,-149.5,-151.5,-152.5,-153.0,-148.5,-150.5,-153.0,-153.5,-157.0,-156.5,-157.0,-155.5,-155.0,-149.0,-148.5,-148.0,-157.0,-151.0,-156.0,-156.0,-157.0,-153.5,-152.0,-157.0,-151.5,-151.0,-153.0,-157.0,-157.0,-152.5,-151.0,-157.0,-157.0,-157.0,-157.0,-155.5,-157.0,-150.0,-152.5,-157.0,-153.0,-157.0,-153.0,-150.0,-154.0,-155.0,-150.0,-148.5,-152.0,-153.0,-152.0,-146.5,-145.5,-147.0,-150.5,-151.0,-157.0,-157.0,-151.5,-150.5,-155.0,-149.0,-147.0,-155.0,-155.0,-147.5,-148.0,-150.5,-153.5,-157.0,-150.0,-149.0,-150.5,-148.5,-148.5,-146.5,-149.5,-154.5,-154.5,-152.5,-150.5,-151.0,-153.5,-155.0,-157.0,-157.0,-154.0,-157.0,-157.0,-156.5,-157.0,-153.0,-151.0,-148.5,-152.0,-156.0,-156.5,-151.0,-150.0,-151.0,-148.5,-143.5,-157.0,-157.0,-157.0,-151.5,-146.0,-155.0,-151.0,-151.5,-157.0,-157.0,-152.0,-152.0,-147.5,-148.5,-157.0,-152.5,-152.0,-147.0,-146.5,-147.5,-154.5,-144.5,-143.0,-150.0,-156.5,-157.0,-152.5,-155.5,-154.0,-157.0,-150.5,-153.5,-149.0,-149.5,-149.0,-154.0,-156.0,-153.5,-152.5,-152.0,-153.5,-156.0,-157.0,-154.5,-155.5,-153.5,-156.5,-150.5,-152.0,-157.0,-157.0,-157.0,-148.5,-147.5,-156.0,-156.5,-150.5,-151.5,-152.0,-153.5,-157.0,-155.5,-157.0,-151.0,-149.5,-149.5,-150.0,-150.5,-149.0,-154.0,-152.0,-147.5,-148.5,-154.5,-152.5,-151.0,-157.0,-157.0,-157.0,-149.5,-147.5,-151.0,-153.0,-151.0,-153.0,-153.0,-151.5,-154.0,-149.5,-154.5,-152.0,-153.5,-157.0,-155.0,-150.0,-154.5,-154.5,-151.0,-157.0,-157.0,-153.5,-147.5,-149.0,-157.0,-156.5,-153.0,-152.5,-157.0,-156.5,-153.0,-157.0,-156.0,-157.0,-157.0,-149.5,-153.0,-157.0,-157.0,-157.0,-152.0,-151.0,-152.0,-147.5,-150.0,-152.5,-157.0,-151.5,-152.0,-157.0,-155.0,-151.5,-152.5,-154.5,-156.0,-150.0,-150.5,-150.0,-157.0,-151.5,-150.5,-151.0,-153.0,-157.0,-154.5,-157.0,-157.0,-150.0,-148.5,-151.0,-154.0,-153.5,-151.0,-152.5,-149.0,-154.0,-152.5,-149.0,-149.5,-148.0,-151.5,-149.5,-151.0,-151.5,-149.5,-157.0,-156.5,-153.0,-157.0,-157.0,-157.0,-156.0,-153.5,-154.0,-157.0,-153.0,-149.0,-151.0,-149.0,-157.0,-152.0,-150.5,-149.5,-153.5,-155.5,-153.5,-154.5,-154.0,-155.0,-157.0,-156.5,-152.5,-151.5,-150.5,-151.0,-157.0,-151.0,-157.0,-154.5,-155.0,-157.0,-152.0,-155.5,-155.0,-155.5,-154.5,-157.0,-157.0,-154.0,-155.5,-155.0,-151.5,-157.0,-157.0,-156.5,-156.5,-155.0,-157.0,-154.5,-152.0,-157.0,-157.0,-155.0,-154.0,-155.5,-155.5,-157.0,-157.0,-157.0,-156.0,-155.5,-157.0,-153.0,-150.5,-157.0,-151.5
2026-01-16 16:42:30.392,143.050000,5,-77,-157.0,-157.0,-157.0,-157.0,-157.0,-157.0,-156.5,-152.0,-157.0,-153.0,-154.0,-151.5,-154.5,-153.5,-150.0,-151.5,-154.5,-157.0,-157.0,-157.0,-157.0,-154.5,-153.5,-151.5,-155.0,-154.0,-157.0,-157.0,-154.0,-152.5,-151.0,-151.0,-153.0,-157.0,-155.5,-155.0,-149.5,-151.0,-155.5,-157.0,-157.0,-148.5,-150.0,-157.0,-153.0,-156.0,-154.5,-152.0,-152.0,-153.0,-147.5,-147.5,-149.5,-150.5,-156.5,-154.0,-153.0,-157.0,-156.0,-150.0,-151.0,-155.0,-157.0,-155.5,-156.0,-150.0,-150.0,-157.0,-157.0,-155.5,-155.5,-157.0,-150.5,-153.5,-155.0,-152.0,-155.0,-152.5,-155.0,-153.0,-155.0,-157.0,-154.5,-155.5,-155.0,-155.5,-157.0,-157.0,-154.5,-150.0,-152.0,-149.0,-151.0,-151.5,-152.0,-157.0,-154.0,-151.5,-152.0,-157.0,-153.5,-150.5,-154.0,-157.0,-150.5,-151.5,-150.0,-148.5,-157.0,-157.0,-156.0,-157.0,-153.0,-152.5,-157.0,-157.0,-152.0,-149.5,-150.0,-154.0,-156.0,-156.0,-157.0,-153.5,-154.5,-155.0,-151.5,-149.0,-149.5,-149.5,-150.0,-148.5,-156.0,-150.5,-156.0,-154.5,-155.5,-152.0,-149.5,-151.5,-152.5,-153.0,-148.5,-150.5,-153.0,-153.5,-157.0,-156.5,-157.0,-155.5,-155.0,-149.0,-148.5,-148.0,-157.0,-151.0,-156.0,-156.0,-157.0,-153.5,-152.0,-157.0,-151.5,-151.0,-153.0,-157.0,-157.0,-152.5,-151.0,-157.0,-157.0,-157.0,-157.0,-155.5,-157.0,-150.0,-152.5,-157.0,-153.0,-157.0,-153.0,-150.0,-154.0,-155.0,-150.0,-148.5,-152.0,-153.0,-152.0,-146.5,-145.5,-147.0,-150.5,-151.0,-157.0,-157.0,-151.5,-150.5,-155.0,-149.0,-147.0,-155.0,-155.0,-147.5,-148.0,-150.5,-153.5,-157.0,-150.0,-149.0,-150.5,-148.5,-148.5,-146.5,-149.5,-154.5,-154.5,-152.5,-150.5,-151.0,-153.5,-155.0,-157.0,-157.0,-154.0,-157.0,-157.0,-156.5,-157.0,-153.0,-151.0,-148.5,-152.0,-156.0,-156.5,-151.0,-150.0,-151.0,-148.5,-143.5,-157.0,-157.0,-157.0,-151.5,-146.0,-155.0,-151.0,-151.5,-157.0,-157.0,-152.0,-152.0,-147.5,-148.5,-157.0,-152.5,-152.0,-147.0,-146.5,-147.5,-154.5,-144.5,-143.0,-150.0,-156.5,-157.0,-152.5,-155.5,-154.0,-157.0,-150.5,-153.5,-149.0,-149.5,-149.0,-154.0,-156.0,-153.5,-152.5,-152.0,-153.5,-156.0,-157.0,-154.5,-155.5,-153.5,-156.5,-150.5,-152.0,-157.0,-157.0,-157.0,-148.5,-147.5,-156.0,-156.5,-150.5,-151.5,-152.0,-153.5,-157.0,-155.5,-157.0,-151.0,-149.5,-149.5,-150.0,-150.5,-149.0,-154.0,-152.0,-147.5,-148.5,-154.5,-152.5,-151.0,-157.0,-157.0,-157.0,-149.5,-147.5,-151.0,-153.0,-151.0,-153.0,-153.0,-151.5,-154.0,-149.5,-154.5,-152.0,-153.5,-157.0,-155.0,-150.0,-154.5,-154.5,-151.0,-157.0,-157.0,-153.5,-147.5,-149.0,-157.0,-156.5,-153.0,-152.5,-157.0,-156.5,-153.0,-157.0,-156.0,-157.0,-157.0,-149.5,-153.0,-157.0,-157.0,-157.0,-152.0,-151.0,-152.0,-147.5,-150.0,-152.5,-157.0,-151.5,-152.0,-157.0,-155.0,-151.5,-152.5,-154.5,-156.0,-150.0,-150.5,-150.0,-157.0,-151.5,-150.5,-151.0,-153.0,-157.0,-154.5,-157.0,-157.0,-150.0,-148.5,-151.0,-154.0,-153.5,-151.0,-152.5,-149.0,-154.0,-152.5,-149.0,-149.5,-148.0,-151.5,-149.5,-151.0,-151.5,-149.5,-157.0,-156.5,-153.0,-157.0,-157.0,-157.0,-156.0,-153.5,-154.0,-157.0,-153.0,-149.0,-151.0,-149.0,-157.0,-152.0,-150.5,-149.5,-153.5,-155.5,-153.5,-154.5,-154.0,-155.0,-157.0,-156.5,-152.5,-151.5,-150.5,-151.0,-157.0,-151.0,-157.0,-154.5,-155.0,-157.0,-152.0,-155.5,-155.0,-155.5,-154.5,-157.0,-157.0,-154.0,-155.5,-155.0,-151.5,-157.0,-157.0,-156.5,-156.5,-155.0,-157.0,-154.5,-152.0,-157.0,-157.0,-155.0,-154.0,-155.5,-155.5,-157.0,-157.0,-157.0,-156.0,-155.5,-157.0,-153.0,-150.5,-157.0,-151.5
2026-01-16 16:42:30.416,143.050000,5,-77,-157.0,-157.0,-157.0,-153.0,-155.5,-157.0,-156.0,-152.0,-157.0,-155.5,-157.0,-154.5,-157.0,-150.5,-152.5,-155.0,-153.0,-152.5,-154.0,-157.0,-157.0,-155.5,-156.5,-154.0,-154.0,-153.0,-153.5,-153.0,-155.0,-153.5,-148.0,-147.0,-151.0,-156.0,-157.0,-157.0,-147.0,-151.0,-157.0,-157.0,-155.0,-153.0,-150.0,-154.5,-153.5,-153.5,-157.0,-152.5,-155.0,-157.0,-156.0,-154.5,-150.0,-150.5,-157.0,-156.5,-155.5,-157.0,-154.5,-152.5,-150.5,-153.5,-153.5,-157.0,-155.5,-149.5,-152.0,-155.5,-157.0,-155.0,-156.5,-157.0,-153.0,-153.5,-150.5,-151.0,-157.0,-156.0,-157.0,-157.0,-157.0,-157.0,-154.0,-155.5,-154.0,-156.5,-157.0,-157.0,-153.5,-153.0,-153.5,-154.5,-155.0,-149.0,-148.5,-155.0,-157.0,-152.5,-157.0,-156.5,-157.0,-153.0,-157.0,-157.0,-152.0,-152.0,-151.0,-147.5,-153.0,-154.5,-154.5,-157.0,-153.0,-152.0,-157.0,-157.0,-153.5,-155.0,-154.5,-155.5,-153.0,-157.0,-156.5,-154.0,-155.0,-155.5,-149.5,-149.5,-152.5,-152.0,-154.0,-149.0,-151.5,-151.0,-151.0,-153.0,-154.0,-153.0,-149.0,-154.0,-157.0,-155.5,-150.0,-150.0,-155.0,-156.0,-156.0,-154.5,-157.0,-157.0,-153.5,-150.5,-157.0,-150.5,-155.0,-149.5,-150.5,-157.0,-157.0,-157.0,-156.5,-157.0,-153.0,-148.0,-147.5,-153.0,-156.5,-157.0,-148.5,-153.0,-153.0,-151.5,-153.0,-152.5,-154.0,-154.0,-154.5,-157.0,-157.0,-157.0,-150.5,-148.0,-151.0,-153.5,-147.5,-145.5,-148.5,-150.5,-155.0,-148.0,-143.0,-147.0,-154.0,-151.0,-156.0,-157.0,-155.0,-150.5,-152.0,-151.5,-149.5,-157.0,-151.5,-147.0,-148.5,-152.0,-157.0,-157.0,-153.0,-153.5,-149.5,-150.0,-152.0,-150.0,-152.5,-157.0,-152.5,-152.5,-153.5,-155.5,-155.0,-157.0,-157.0,-157.0,-153.5,-156.0,-157.0,-152.0,-155.0,-156.0,-146.5,-146.0,-154.5,-153.5,-151.5,-149.0,-148.5,-148.5,-144.0,-141.5,-153.5,-157.0,-153.5,-156.5,-149.5,-151.5,-152.0,-153.0,-157.0,-157.0,-152.0,-151.5,-147.0,-151.0,-157.0,-154.5,-152.5,-149.0,-153.0,-148.5,-148.0,-143.0,-144.5,-152.0,-154.0,-157.0,-149.5,-154.0,-151.0,-157.0,-147.0,-152.0,-155.0,-157.0,-150.5,-152.0,-153.0,-150.5,-155.5,-154.5,-151.5,-150.5,-153.5,-157.0,-151.5,-154.0,-155.0,-155.0,-154.5,-152.0,-152.0,-150.0,-150.5,-150.5,-157.0,-157.0,-148.0,-148.0,-150.5,-149.5,-150.5,-157.0,-154.0,-150.5,-152.0,-150.0,-147.0,-150.0,-150.5,-154.5,-155.5,-149.5,-152.5,-152.5,-153.5,-152.0,-156.5,-154.5,-154.5,-154.0,-149.5,-149.0,-151.5,-153.5,-157.0,-151.5,-148.0,-149.0,-148.0,-157.0,-148.0,-149.5,-157.0,-154.5,-153.0,-157.0,-154.5,-149.5,-154.5,-157.0,-154.5,-148.5,-149.0,-157.0,-157.0,-156.5,-152.5,-151.5,-157.0,-154.0,-157.0,-153.0,-153.0,-152.5,-153.5,-157.0,-157.0,-157.0,-157.0,-154.0,-153.0,-155.0,-147.0,-153.5,-152.0,-153.0,-148.5,-151.0,-151.5,-154.0,-153.0,-157.0,-151.5,-153.0,-154.5,-154.0,-154.5,-153.0,-155.5,-153.0,-148.0,-152.0,-157.0,-157.0,-157.0,-152.0,-149.0,-153.0,-152.0,-150.0,-152.0,-151.5,-153.0,-151.0,-157.0,-149.5,-148.0,-151.0,-147.0,-150.0,-149.0,-152.5,-154.5,-151.0,-157.0,-156.5,-156.0,-157.0,-157.0,-157.0,-153.0,-151.0,-151.5,-155.5,-152.5,-149.5,-150.5,-153.5,-157.0,-156.5,-157.0,-151.5,-157.0,-157.0,-154.0,-155.0,-154.0,-155.0,-157.0,-156.5,-154.5,-153.5,-150.5,-149.5,-150.0,-151.0,-157.0,-151.5,-151.5,-156.5,-152.0,-154.0,-155.0,-157.0,-155.0,-156.0,-154.5,-154.0,-157.0,-157.0,-151.5,-157.0,-157.0,-157.0,-156.5,-153.0,-154.5,-152.0,-150.0,-153.0,-157.0,-154.0,-152.0,-153.0,-153.5,-153.5,-156.0,-157.0,-157.0,-157.0,-157.0,-150.5,-148.5,-157.0,-149.5
2026-01-16 16:42:30.451,143.050000,5,-77,-157.0,-157.0,-157.0,-152.5,-156.0,-154.5,-153.5,-150.0,-156.0,-153.5,-157.0,-155.0,-156.5,-150.0,-150.5,-149.5,-152.0,-153.0,-157.0,-153.5,-157.0,-156.0,-157.0,-156.0,-156.0,-149.0,-151.0,-149.0,-152.0,-149.0,-150.0,-149.5,-152.5,-154.5,-157.0,-155.5,-148.0,-149.5,-155.0,-157.0,-155.5,-154.0,-149.0,-153.0,-153.0,-152.5,-157.0,-155.5,-157.0,-157.0,-157.0,-157.0,-157.0,-154.5,-157.0,-157.0,-157.0,-157.0,-155.0,-154.0,-153.5,-154.5,-153.5,-157.0,-157.0,-152.5,-151.5,-153.5,-155.0,-155.0,-155.0,-157.0,-156.0,-150.5,-150.0,-157.0,-157.0,-157.0,-156.5,-156.0,-153.0,-157.0,-155.0,-152.5,-154.0,-156.5,-157.0,-157.0,-157.0,-157.0,-156.0,-154.0,-157.0,-150.5,-152.0,-155.5,-157.0,-154.0,-157.0,-157.0,-157.0,-157.0,-157.0,-157.0,-157.0,-157.0,-151.0,-147.5,-151.5,-153.5,-153.5,-157.0,-153.0,-152.5,-157.0,-157.0,-151.5,-157.0,-155.5,-150.5,-151.5,-157.0,-157.0,-151.0,-152.5,-153.0,-151.0,-155.0,-154.5,-152.0,-150.5,-151.0,-156.0,-152.5,-149.0,-152.0,-149.5,-150.0,-152.0,-157.0,-157.0,-154.5,-153.5,-149.0,-152.0,-153.0,-157.0,-156.0,-157.0,-157.0,-157.0,-152.5,-155.0,-151.5,-152.5,-149.0,-148.0,-154.5,-151.0,-151.5,-153.0,-154.5,-157.0,-152.5,-149.0,-153.5,-154.5,-149.5,-147.0,-153.5,-155.5,-151.0,-150.5,-152.5,-157.0,-157.0,-157.0,-154.0,-157.0,-157.0,-152.0,-152.0,-150.0,-155.5,-147.0,-144.0,-152.0,-150.0,-157.0,-154.5,-144.0,-149.0,-156.5,-154.5,-155.5,-154.5,-157.0,-152.5,-155.0,-157.0,-156.0,-157.0,-154.0,-152.0,-149.5,-152.5,-155.0,-157.0,-155.5,-157.0,-154.5,-157.0,-157.0,-156.0,-155.0,-157.0,-154.0,-150.5,-154.0,-157.0,-155.0,-156.0,-155.0,-157.0,-157.0,-154.5,-157.0,-153.5,-152.0,-157.0,-150.0,-151.5,-152.0,-153.0,-149.0,-146.0,-145.5,-150.0,-141.5,-139.5,-151.5,-157.0,-154.5,-153.5,-152.0,-154.0,-151.0,-154.0,-157.0,-155.0,-154.5,-151.0,-149.5,-155.5,-156.0,-155.5,-151.5,-150.0,-157.0,-149.5,-149.0,-143.5,-145.5,-154.0,-153.5,-151.5,-148.0,-155.0,-148.0,-151.0,-147.0,-157.0,-157.0,-157.0,-155.5,-153.0,-154.0,-150.0,-156.5,-157.0,-154.0,-149.0,-153.5,-154.0,-149.5,-149.0,-152.5,-157.0,-155.5,-151.5,-152.0,-151.0,-149.5,-149.5,-156.5,-157.0,-152.0,-153.0,-151.5,-150.5,-150.0,-157.0,-155.5,-152.5,-156.0,-154.0,-148.5,-148.5,-157.0,-157.0,-156.0,-152.5,-152.5,-149.0,-149.5,-154.5,-157.0,-157.0,-157.0,-153.5,-154.0,-153.5,-154.0,-157.0,-157.0,-156.5,-150.5,-152.0,-151.0,-157.0,-148.0,-149.0,-157.0,-154.5,-155.0,-155.5,-149.5,-146.5,-149.5,-157.0,-156.0,-157.0,-150.5,-157.0,-157.0,-152.0,-150.5,-148.5,-149.5,-151.0,-151.5,-153.0,-150.0,-151.0,-157.0,-157.0,-153.5,-153.5,-155.5,-157.0,-155.0,-150.5,-147.0,-153.0,-153.0,-157.0,-150.5,-152.5,-151.0,-157.0,-156.0,-151.5,-149.5,-155.0,-153.0,-153.5,-150.5,-149.5,-155.0,-151.5,-148.0,-155.5,-157.0,-157.0,-156.0,-151.5,-147.5,-151.5,-157.0,-150.5,-153.0,-155.0,-157.0,-155.5,-157.0,-152.0,-151.5,-154.0,-152.0,-153.0,-149.5,-153.0,-148.5,-151.5,-157.0,-154.5,-152.5,-157.0,-151.0,-151.5,-157.0,-154.5,-156.0,-155.0,-157.0,-151.0,-152.5,-154.0,-155.0,-156.0,-153.5,-152.0,-155.0,-154.5,-152.0,-156.0,-157.0,-154.5,-157.0,-157.0,-156.5,-153.5,-153.5,-152.5,-150.5,-157.0,-157.0,-152.5,-157.0,-157.0,-153.5,-156.5,-157.0,-156.5,-156.0,-156.0,-154.0,-156.0,-157.0,-157.0,-148.5,-150.5,-157.0,-156.0,-157.0,-153.5,-155.5,-153.5,-153.0,-154.0,-157.0,-155.5,-153.0,-157.0,-155.0,-153.5,-153.0,-157.0,-152.0,-154.5,-156.0,-151.5,-150.5,-157.0,-152.0
2026-01-16 16:42:30.486,143.050000,5,-77,-157.0,-157.0,-157.0,-152.0,-151.5,-155.0,-152.0,-149.0,-151.5,-149.5,-152.0,-157.0,-157.0,-155.5,-149.0,-148.0,-151.0,-154.0,-154.5,-154.5,-157.0,-150.5,-150.5,-157.0,-151.0,-146.5,-149.0,-150.0,-151.0,-146.5,-157.0,-151.0,-153.0,-151.0,-152.5,-157.0,-151.5,-157.0,-152.5,-157.0,-157.0,-151.5,-148.0,-151.5,-151.5,-146.5,-157.0,-157.0,-157.0,-156.5,-157.0,-157.0,-157.0,-157.0,-151.5,-154.5,-157.0,-157.0,-154.5,-153.5,-157.0,-155.5,-157.0,-157.0,-157.0,-157.0,-154.5,-153.5,-151.0,-152.5,-154.0,-156.0,-156.5,-155.0,-156.5,-157.0,-157.0,-157.0,-149.5,-152.0,-149.5,-156.0,-154.5,-150.5,-155.5,-153.0,-154.0,-157.0,-156.5,-157.0,-148.5,-149.0,-148.5,-149.0,-157.0,-152.0,-153.0,-153.0,-155.5,-157.0,-157.0,-157.0,-157.0,-152.5,-153.5,-157.0,-151.5,-151.0,-155.5,-157.0,-155.0,-155.5,-157.0,-157.0,-157.0,-154.0,-151.5,-155.5,-157.0,-153.5,-154.0,-157.0,-157.0,-149.5,-154.5,-151.5,-154.5,-153.5,-151.5,-152.5,-152.0,-155.0,-157.0,-155.0,-152.5,-157.0,-150.5,-153.5,-154.0,-154.0,-156.5,-152.5,-154.5,-152.5,-157.0,-151.0,-157.0,-157.0,-157.0,-154.0,-156.0,-154.0,-148.5,-149.0,-152.5,-150.5,-153.0,-157.0,-149.5,-149.5,-154.5,-152.0,-157.0,-156.5,-151.5,-154.0,-157.0,-152.0,-150.5,-157.0,-157.0,-157.0,-156.5,-157.0,-156.5,-156.5,-156.5,-153.0,-157.0,-155.5,-153.5,-152.5,-148.5,-150.5,-148.0,-144.5,-156.5,-153.0,-157.0,-152.0,-147.0,-151.0,-155.5,-157.0,-157.0,-152.5,-152.5,-152.5,-154.5,-157.0,-157.0,-156.0,-151.0,-157.0,-151.5,-154.5,-157.0,-153.5,-152.5,-157.0,-157.0,-156.0,-157.0,-157.0,-157.0,-157.0,-157.0,-150.0,-152.0,-157.0,-154.0,-152.5,-152.5,-157.0,-157.0,-155.5,-155.0,-154.5,-153.5,-156.5,-154.0,-157.0,-157.0,-153.5,-150.5,-148.0,-147.5,-153.0,-141.5,-139.0,-153.0,-157.0,-157.0,-151.5,-152.0,-157.0,-152.5,-154.0,-157.0,-157.0,-154.5,-153.0,-157.0,-157.0,-157.0,-155.0,-151.0,-150.0,-153.0,-154.0,-146.5,-145.0,-148.0,-152.0,-156.0,-150.5,-147.0,-154.5,-146.5,-151.5,-148.0,-157.0,-157.0,-157.0,-157.0,-155.0,-151.0,-149.0,-155.0,-157.0,-157.0,-148.5,-152.5,-151.5,-147.5,-151.0,-154.0,-157.0,-155.5,-154.0,-154.5,-154.0,-148.0,-148.0,-151.0,-156.0,-157.0,-157.0,-153.0,-153.0,-157.0,-155.0,-153.0,-154.5,-156.5,-152.0,-154.0,-154.0,-157.0,-157.0,-157.0,-157.0,-155.0,-152.0,-153.0,-157.0,-157.0,-157.0,-157.0,-157.0,-157.0,-157.0,-157.0,-157.0,-156.0,-157.0,-152.0,-150.0,-151.5,-157.0,-152.0,-150.0,-157.0,-157.0,-157.0,-151.5,-146.5,-146.5,-151.0,-152.5,-153.0,-150.0,-149.5,-157.0,-157.0,-149.0,-148.0,-147.5,-146.5,-153.0,-151.5,-157.0,-155.5,-156.5,-156.0,-152.0,-151.0,-153.5,-156.5,-157.0,-154.0,-151.5,-148.0,-154.5,-152.5,-157.0,-153.0,-157.0,-154.5,-155.0,-152.5,-149.0,-150.5,-157.0,-150.5,-153.5,-146.5,-151.5,-153.5,-157.0,-149.0,-153.5,-154.0,-157.0,-154.5,-154.5,-149.5,-152.5,-156.5,-153.0,-157.0,-157.0,-157.0,-154.0,-154.5,-154.0,-156.5,-157.0,-157.0,-157.0,-153.5,-153.5,-147.0,-151.0,-157.0,-155.0,-150.5,-154.0,-149.5,-150.5,-157.0,-153.5,-153.5,-157.0,-155.0,-149.0,-151.0,-156.0,-155.5,-156.0,-157.0,-151.5,-156.5,-151.5,-153.5,-157.0,-155.5,-152.0,-154.0,-154.5,-157.0,-155.0,-155.0,-156.5,-156.5,-157.0,-155.5,-156.5,-156.0,-156.5,-153.5,-155.5,-157.0,-157.0,-157.0,-157.0,-157.0,-157.0,-157.0,-155.0,-148.5,-149.5,-155.5,-155.0,-157.0,-155.5,-157.0,-153.0,-153.5,-154.5,-156.0,-157.0,-156.0,-157.0,-156.0,-157.0,-157.0,-156.5,-150.0,-150.5,-152.5,-152.0,-152.5,-153.5,-157.0
2026-01-16 16:42:30.514,143.050000,5,-77,-157.0,-157.0,-153.5,-154.0,-150.5,-157.0,-155.5,-151.0,-148.5,-148.0,-147.5,-151.5,-151.5,-157.0,-152.5,-154.5,-156.0,-155.5,-154.5,-157.0,-153.0,-150.0,-149.5,-155.0,-155.0,-150.5,-152.0,-148.5,-147.0,-147.0,-152.5,-150.0,-151.0,-148.5,-150.5,-157.0,-155.5,-154.5,-152.0,-151.0,-157.0,-152.0,-149.0,-153.5,-145.5,-143.0,-156.5,-157.0,-157.0,-157.0,-154.5,-151.0,-152.5,-157.0,-151.0,-153.0,-157.0,-157.0,-150.0,-150.5,-156.5,-156.0,-157.0,-157.0,-154.5,-156.5,-157.0,-147.5,-146.5,-155.5,-150.5,-152.0,-157.0,-156.5,-156.0,-157.0,-157.0,-155.5,-146.5,-152.0,-149.5,-155.0,-152.5,-153.5,-154.5,-156.0,-155.0,-151.5,-150.0,-156.5,-148.5,-149.0,-146.5,-147.0,-151.5,-151.5,-153.5,-151.0,-152.0,-153.5,-154.5,-156.5,-157.0,-148.5,-149.0,-155.5,-156.5,-157.0,-152.0,-152.5,-151.0,-149.5,-154.0,-156.5,-157.0,-151.5,-154.0,-155.5,-157.0,-157.0,-157.0,-157.0,-154.0,-149.0,-153.5,-151.0,-157.0,-150.5,-150.5,-157.0,-157.0,-155.5,-155.5,-157.0,-157.0,-157.0,-155.5,-150.0,-149.0,-157.0,-157.0,-149.0,-152.0,-157.0,-153.0,-149.5,-157.0,-154.5,-151.5,-152.5,-157.0,-152.5,-148.0,-150.0,-150.0,-152.5,-154.5,-152.0,-155.0,-152.5,-157.0,-151.0,-150.5,-153.5,-154.5,-153.0,-157.0,-155.5,-153.0,-157.0,-157.0,-157.0,-157.0,-157.0,-154.0,-154.5,-155.0,-153.0,-156.5,-151.5,-152.5,-157.0,-151.0,-150.5,-148.5,-145.5,-153.5,-157.0,-157.0,-153.5,-153.0,-152.0,-156.5,-155.5,-156.5,-151.0,-149.5,-153.5,-156.5,-157.0,-157.0,-148.5,-147.0,-151.5,-151.0,-152.0,-157.0,-151.0,-152.5,-157.0,-157.0,-151.5,-153.0,-154.5,-157.0,-157.0,-157.0,-150.0,-150.5,-157.0,-151.5,-152.0,-155.5,-155.5,-157.0,-157.0,-157.0,-153.0,-155.0,-157.0,-155.5,-152.5,-153.5,-157.0,-154.5,-147.5,-148.0,-155.0,-142.0,-138.5,-155.5,-157.0,-157.0,-156.5,-152.5,-157.0,-157.0,-157.0,-155.0,-155.5,-151.5,-155.5,-157.0,-155.5,-156.5,-155.0,-152.5,-151.0,-152.5,-151.0,-143.5,-146.5,-152.0,-151.0,-157.0,-154.5,-148.0,-154.5,-147.5,-149.0,-149.5,-154.5,-157.0,-157.0,-155.0,-153.5,-148.0,-148.5,-151.5,-157.0,-151.5,-147.5,-151.0,-152.5,-146.5,-150.5,-154.0,-157.0,-152.0,-156.0,-154.5,-157.0,-154.0,-156.0,-151.5,-151.0,-153.5,-157.0,-151.0,-153.0,-157.0,-152.0,-152.0,-157.0,-156.0,-152.0,-157.0,-157.0,-157.0,-154.0,-154.0,-157.0,-157.0,-157.0,-157.0,-151.0,-153.5,-157.0,-154.5,-157.0,-153.5,-153.0,-157.0,-157.0,-157.0,-157.0,-148.5,-148.5,-151.0,-154.0,-157.0,-154.0,-157.0,-156.5,-156.5,-152.0,-150.0,-151.5,-150.0,-148.5,-149.0,-147.5,-150.0,-157.0,-157.0,-149.5,-149.5,-147.5,-148.0,-153.0,-152.0,-154.5,-157.0,-154.5,-154.5,-156.5,-154.0,-157.0,-156.5,-151.5,-153.0,-153.0,-151.0,-151.0,-153.5,-154.5,-152.5,-157.0,-155.0,-153.0,-150.5,-150.0,-157.0,-157.0,-149.0,-147.0,-146.5,-149.0,-152.5,-157.0,-145.5,-147.5,-150.5,-157.0,-156.5,-157.0,-150.5,-152.5,-149.5,-151.5,-157.0,-157.0,-157.0,-152.5,-153.5,-156.0,-153.0,-155.5,-157.0,-157.0,-157.0,-152.5,-147.5,-153.5,-151.5,-151.0,-152.0,-149.5,-149.0,-156.0,-154.5,-151.0,-151.5,-157.0,-155.0,-151.0,-153.5,-157.0,-155.5,-156.5,-157.0,-148.5,-149.0,-154.0,-157.0,-157.0,-155.0,-151.5,-150.5,-153.5,-157.0,-154.5,-152.0,-153.0,-157.0,-157.0,-156.5,-152.5,-151.0,-154.5,-155.0,-157.0,-157.0,-156.5,-153.5,-153.5,-157.0,-157.0,-155.5,-157.0,-151.5,-150.0,-151.0,-153.5,-157.0,-154.0,-157.0,-151.0,-150.5,-157.0,-155.5,-156.0,-157.0,-156.0,-152.5,-157.0,-157.0,-157.0,-154.0,-153.0,-155.5,-155.0,-153.5,-152.0,-156.0
2026-01-16 16:42:30.550,143.050000,5,-77,-157.0,-157.0,-156.0,-153.5,-152.0,-157.0,-156.5,-152.0,-150.0,-151.5,-149.0,-149.0,-149.0,-157.0,-155.5,-157.0,-157.0,-153.5,-153.5,-154.5,-151.0,-153.0,-152.0,-157.0,-157.0,-155.5,-155.0,-146.5,-148.5,-152.0,-151.5,-153.0,-152.0,-149.5,-156.0,-157.0,-157.0,-154.5,-154.0,-148.5,-157.0,-157.0,-152.5,-157.0,-147.0,-144.5,-154.5,-157.0,-157.0,-157.0,-156.5,-153.5,-154.5,-151.5,-154.5,-154.0,-157.0,-155.0,-148.5,-152.5,-157.0,-157.0,-156.0,-157.0,-149.5,-151.5,-155.5,-146.0,-145.5,-150.5,-150.5,-149.0,-156.0,-154.0,-150.5,-150.0,-153.0,-154.5,-149.0,-153.0,-151.5,-154.5,-155.0,-157.0,-154.0,-157.0,-154.5,-149.5,-149.0,-153.0,-153.5,-152.0,-149.5,-150.5,-152.0,-154.5,-154.5,-153.5,-152.5,-149.5,-148.0,-150.0,-152.5,-150.0,-151.0,-151.5,-154.5,-152.0,-155.5,-150.5,-151.5,-148.0,-153.5,-152.5,-154.5,-152.5,-156.5,-157.0,-157.0,-157.0,-154.5,-154.5,-157.0,-153.0,-154.5,-152.0,-157.0,-153.5,-156.5,-157.0,-155.0,-152.0,-157.0,-157.0,-157.0,-156.5,-156.0,-151.5,-147.5,-151.5,-157.0,-147.0,-147.5,-157.0,-156.5,-150.0,-155.5,-152.5,-150.0,-150.0,-151.0,-148.5,-148.0,-151.0,-148.5,-152.0,-151.5,-151.5,-152.5,-154.5,-157.0,-151.5,-147.5,-152.0,-153.0,-151.5,-157.0,-156.0,-152.5,-157.0,-157.0,-156.0,-157.0,-155.0,-152.0,-153.5,-151.0,-151.5,-156.5,-152.5,-153.5,-156.0,-157.0,-153.0,-147.5,-148.0,-157.0,-157.0,-153.0,-152.5,-156.0,-152.5,-157.0,-152.0,-152.5,-151.5,-150.5,-152.5,-157.0,-157.0,-155.5,-150.5,-149.0,-150.0,-152.0,-151.5,-157.0,-150.5,-157.0,-157.0,-157.0,-151.0,-151.5,-152.5,-151.5,-149.5,-151.0,-149.0,-149.5,-153.0,-152.5,-157.0,-153.5,-151.0,-157.0,-157.0,-157.0,-151.0,-152.0,-157.0,-151.0,-149.5,-153.0,-157.0,-155.0,-147.5,-148.0,-157.0,-140.0,-137.5,-146.5,-156.5,-155.5,-157.0,-152.5,-154.5,-157.0,-157.0,-157.0,-154.5,-154.0,-156.5,-156.0,-152.0,-154.0,-154.0,-154.0,-150.0,-153.5,-150.5,-145.0,-150.0,-155.0,-153.5,-155.5,-150.0,-149.0,-154.5,-151.0,-157.0,-154.0,-152.0,-157.0,-154.0,-153.5,-157.0,-149.5,-152.5,-154.0,-152.5,-146.0,-147.5,-154.5,-150.5,-148.0,-149.5,-154.0,-156.5,-149.5,-151.5,-157.0,-153.5,-155.0,-157.0,-150.0,-149.5,-152.5,-153.0,-150.0,-157.0,-155.5,-149.5,-151.5,-156.0,-155.5,-151.5,-157.0,-155.0,-154.5,-151.0,-153.5,-152.0,-157.0,-157.0,-157.0,-151.0,-152.0,-157.0,-155.0,-154.0,-152.5,-149.0,-157.0,-156.5,-157.0,-157.0,-146.5,-147.5,-154.0,-153.0,-152.0,-156.0,-157.0,-156.0,-156.5,-154.0,-157.0,-153.5,-153.5,-150.0,-151.0,-150.0,-156.5,-156.0,-157.0,-150.0,-153.0,-150.0,-154.5,-152.0,-154.5,-155.0,-157.0,-150.0,-149.0,-157.0,-157.0,-157.0,-157.0,-149.5,-154.0,-151.5,-157.0,-154.5,-153.0,-157.0,-153.5,-153.0,-157.0,-157.0,-157.0,-152.5,-155.5,-157.0,-152.0,-151.0,-154.0,-151.5,-153.0,-157.0,-146.0,-146.0,-149.5,-153.0,-157.0,-157.0,-153.0,-154.0,-149.5,-152.5,-154.5,-151.5,-153.5,-155.0,-156.5,-157.0,-150.5,-153.5,-155.5,-157.0,-157.0,-157.0,-150.0,-151.0,-150.5,-151.0,-151.5,-150.0,-150.0,-157.0,-151.5,-150.5,-151.5,-154.0,-155.5,-155.0,-157.0,-157.0,-156.5,-153.0,-151.5,-145.5,-145.0,-153.0,-154.5,-157.0,-157.0,-157.0,-155.0,-157.0,-156.5,-155.0,-151.5,-151.0,-156.5,-157.0,-157.0,-148.5,-148.0,-156.5,-157.0,-157.0,-157.0,-156.5,-156.0,-153.0,-156.5,-157.0,-157.0,-152.0,-153.0,-151.5,-154.5,-153.0,-157.0,-154.0,-150.5,-152.0,-153.5,-155.5,-156.0,-157.0,-156.0,-153.0,-154.5,-157.0,-157.0,-157.0,-157.0,-156.0,-157.0,-157.0,-156.0,-153.5,-155.5
2026-01-16 16:42:30.585,143.050000,5,-77,-157.0,-157.0,-157.0,-154.5,-153.5,-157.0,-155.5,-157.0,-153.0,-157.0,-153.0,-149.5,-150.5,-152.5,-157.0,-156.5,-157.0,-157.0,-156.5,-156.0,-152.5,-153.0,-149.5,-154.0,-151.5,-154.5,-157.0,-146.5,-147.5,-156.0,-154.5,-154.5,-155.5,-148.5,-150.5,-155.5,-157.0,-157.0,-152.0,-148.5,-157.0,-155.0,-156.0,-154.5,-156.0,-150.5,-153.5,-157.0,-157.0,-157.0,-157.0,-157.0,-150.5,-150.5,-157.0,-155.5,-157.0,-157.0,-150.0,-157.0,-157.0,-157.0,-157.0,-152.5,-149.5,-151.0,-153.0,-150.5,-151.5,-151.0,-149.0,-149.0,-151.5,-150.5,-149.5,-148.5,-155.0,-154.5,-153.5,-151.0,-151.5,-155.0,-157.0,-157.0,-155.0,-157.0,-155.0,-153.5,-151.0,-154.0,-152.5,-149.0,-150.5,-152.0,-155.5,-153.5,-154.5,-151.5,-154.0,-149.0,-148.0,-155.0,-153.5,-153.0,-157.0,-153.5,-157.0,-149.0,-152.0,-152.5,-152.5,-150.5,-157.0,-156.5,-157.0,-154.0,-155.0,-157.0,-157.0,-157.0,-149.0,-149.0,-153.5,-155.0,-157.0,-154.5,-157.0,-155.5,-157.0,-155.0,-151.0,-148.5,-154.0,-157.0,-157.0,-154.5,-153.5,-156.0,-149.0,-151.0,-157.0,-148.0,-149.0,-153.0,-157.0,-151.0,-153.0,-155.0,-155.5,-155.0,-154.5,-152.5,-151.5,-152.0,-149.5,-151.0,-153.0,-157.0,-151.0,-153.0,-157.0,-152.5,-147.0,-148.0,-153.5,-155.0,-155.5,-157.0,-156.0,-157.0,-151.0,-149.5,-152.5,-151.5,-151.0,-153.0,-150.5,-154.0,-153.0,-153.5,-152.0,-153.5,-156.5,-157.0,-147.0,-149.5,-156.0,-152.5,-152.5,-151.0,-152.0,-152.5,-156.5,-151.5,-149.5,-156.0,-151.5,-152.0,-156.5,-157.0,-153.0,-153.5,-153.0,-150.0,-151.0,-157.0,-157.0,-149.5,-151.5,-156.0,-155.0,-157.0,-154.5,-151.0,-149.0,-147.0,-152.5,-150.5,-153.5,-152.5,-152.5,-157.0,-152.0,-150.5,-157.0,-152.5,-155.5,-150.5,-152.5,-155.5,-149.5,-151.0,-155.0,-155.0,-155.0,-150.0,-150.5,-157.0,-141.0,-139.0,-148.5,-155.0,-157.0,-157.0,-153.0,-153.0,-157.0,-157.0,-156.5,-152.5,-154.0,-152.0,-152.5,-154.0,-155.0,-152.5,-151.5,-150.0,-153.0,-150.5,-146.0,-157.0,-153.5,-151.5,-150.0,-150.5,-149.0,-151.0,-154.0,-154.0,-151.0,-151.0,-151.5,-149.0,-150.5,-155.0,-152.5,-156.0,-155.0,-148.5,-147.5,-151.5,-155.5,-148.5,-151.0,-152.0,-152.5,-154.0,-149.5,-155.5,-157.0,-149.0,-152.0,-155.0,-154.0,-155.5,-153.0,-148.0,-148.5,-157.0,-157.0,-150.5,-153.5,-153.0,-157.0,-154.0,-152.5,-148.5,-150.5,-153.0,-156.0,-148.5,-151.0,-157.0,-154.5,-154.0,-154.5,-157.0,-157.0,-153.0,-153.5,-148.0,-151.5,-156.0,-157.0,-152.5,-147.5,-150.5,-157.0,-156.0,-149.5,-152.5,-155.5,-157.0,-154.0,-155.0,-150.5,-150.0,-153.0,-157.0,-154.0,-148.5,-149.5,-152.5,-155.0,-150.5,-155.5,-153.0,-157.0,-156.0,-155.5,-155.5,-157.0,-152.0,-150.5,-154.5,-155.0,-157.0,-149.0,-147.0,-157.0,-152.0,-154.5,-150.5,-149.5,-157.0,-157.0,-152.0,-157.0,-157.0,-157.0,-155.0,-154.0,-153.0,-153.5,-157.0,-157.0,-154.5,-157.0,-154.5,-151.5,-153.5,-157.0,-153.5,-155.5,-157.0,-154.0,-156.5,-154.5,-157.0,-152.0,-151.0,-155.5,-155.5,-155.5,-155.5,-152.0,-157.0,-153.5,-157.0,-156.0,-154.0,-157.0,-154.0,-151.5,-153.0,-156.5,-153.5,-152.0,-157.0,-153.0,-149.5,-148.0,-154.5,-154.0,-152.5,-157.0,-157.0,-157.0,-154.0,-155.5,-149.5,-147.5,-148.5,-154.0,-157.0,-157.0,-157.0,-157.0,-153.5,-151.0,-153.0,-156.5,-154.0,-157.0,-157.0,-157.0,-151.0,-149.5,-155.0,-154.0,-155.0,-157.0,-157.0,-157.0,-153.5,-157.0,-157.0,-156.0,-150.5,-152.5,-155.0,-152.0,-151.0,-156.0,-153.0,-152.0,-153.5,-157.0,-152.0,-152.0,-157.0,-153.0,-156.0,-157.0,-157.0,-156.5,-157.0,-153.5,-155.0,-157.0,-157.0,-157.0,-155.5,-154.0
2026-01-16 16:42:30.617,143.050000,5,-77,-157.0,-157.0,-157.0,-157.0,-153.0,-157.0,-155.0,-155.0,-153.5,-157.0,-151.5,-152.5,-152.0,-152.5,-157.0,-157.0,-157.0,-157.0,-157.0,-154.5,-153.5,-147.0,-145.0,-154.5,-151.0,-154.5,-153.5,-152.5,-146.5,-149.0,-156.0,-153.0,-155.5,-150.5,-152.5,-153.0,-157.0,-157.0,-153.0,-148.5,-151.5,-150.5,-157.0,-150.0,-152.5,-156.5,-157.0,-157.0,-157.0,-156.0,-157.0,-155.0,-149.5,-152.0,-156.0,-155.0,-157.0,-155.5,-152.5,-154.0,-157.0,-157.0,-156.5,-152.5,-151.0,-151.0,-151.5,-153.0,-157.0,-154.5,-149.0,-155.0,-149.5,-147.5,-152.0,-150.5,-153.5,-157.0,-157.0,-151.0,-154.0,-151.5,-153.5,-157.0,-152.5,-150.5,-155.5,-157.0,-155.5,-155.5,-151.5,-147.5,-150.0,-151.0,-157.0,-150.5,-152.0,-152.0,-152.0,-153.5,-150.0,-155.0,-156.0,-156.5,-157.0,-153.5,-157.0,-150.0,-150.5,-154.0,-152.0,-154.5,-156.0,-157.0,-155.5,-157.0,-154.0,-155.0,-152.0,-150.0,-148.5,-152.5,-155.0,-156.5,-152.5,-152.0,-156.5,-155.0,-152.0,-153.5,-149.0,-147.5,-150.0,-151.0,-151.0,-151.5,-153.5,-152.5,-155.5,-153.0,-157.0,-150.5,-149.5,-152.5,-155.0,-154.5,-152.5,-152.5,-157.0,-157.0,-157.0,-157.0,-153.0,-154.0,-150.0,-154.0,-151.0,-157.0,-153.5,-153.5,-157.0,-153.5,-146.0,-147.0,-157.0,-156.5,-150.5,-151.5,-157.0,-157.0,-149.0,-147.5,-151.5,-156.0,-156.5,-155.5,-157.0,-157.0,-152.0,-155.5,-150.5,-153.5,-153.0,-157.0,-147.5,-147.0,-156.0,-154.0,-152.0,-150.5,-154.5,-154.0,-157.0,-157.0,-151.0,-153.0,-152.0,-153.5,-153.5,-157.0,-153.0,-153.5,-150.5,-149.5,-149.0,-154.0,-153.5,-148.5,-150.5,-151.5,-150.5,-157.0,-153.5,-151.0,-151.0,-148.5,-153.5,-157.0,-156.5,-153.0,-151.5,-157.0,-156.0,-153.5,-157.0,-150.5,-153.0,-153.0,-157.0,-154.5,-151.5,-154.5,-155.5,-154.0,-157.0,-153.5,-157.0,-154.5,-144.0,-141.5,-153.5,-154.5,-157.0,-157.0,-155.5,-154.0,-153.0,-154.5,-151.0,-152.5,-148.5,-147.5,-153.5,-157.0,-155.0,-154.5,-150.0,-151.0,-151.5,-147.0,-148.0,-157.0,-152.0,-148.5,-147.5,-153.0,-150.5,-151.0,-157.0,-151.5,-150.5,-152.5,-152.0,-153.5,-152.0,-154.5,-150.0,-149.0,-149.0,-149.5,-154.0,-152.0,-155.5,-152.0,-151.5,-155.0,-153.0,-153.0,-149.5,-157.0,-154.5,-146.5,-149.5,-150.5,-151.0,-154.0,-151.5,-150.0,-153.0,-157.0,-155.0,-152.0,-156.5,-157.0,-157.0,-154.0,-148.5,-147.5,-153.0,-155.5,-150.5,-149.0,-153.0,-157.0,-150.5,-153.5,-157.0,-153.0,-156.0,-150.0,-155.0,-148.5,-149.0,-157.0,-157.0,-150.5,-149.5,-157.0,-157.0,-153.5,-149.0,-154.0,-156.5,-157.0,-151.0,-154.0,-150.0,-153.0,-152.5,-153.0,-151.0,-147.0,-148.5,-157.0,-153.5,-150.0,-153.0,-154.0,-155.0,-156.0,-155.0,-154.5,-157.0,-157.0,-156.0,-152.0,-151.0,-153.5,-147.0,-146.5,-156.0,-151.5,-157.0,-148.0,-149.5,-154.5,-157.0,-149.5,-156.5,-154.0,-154.5,-157.0,-156.5,-150.5,-149.5,-152.0,-150.0,-150.5,-157.0,-155.0,-156.5,-157.0,-157.0,-154.5,-157.0,-152.5,-150.5,-157.0,-157.0,-157.0,-155.5,-154.5,-154.5,-151.5,-155.5,-157.0,-154.5,-152.5,-152.0,-157.0,-157.0,-155.0,-155.5,-157.0,-150.5,-150.5,-154.0,-157.0,-155.5,-150.0,-148.0,-151.5,-148.5,-156.5,-150.5,-150.5,-157.0,-157.0,-155.5,-154.0,-157.0,-157.0,-153.0,-152.5,-157.0,-157.0,-157.0,-156.0,-157.0,-155.0,-151.0,-153.0,-157.0,-154.5,-157.0,-156.5,-155.0,-154.0,-155.0,-151.5,-152.5,-154.0,-157.0,-152.0,-154.0,-150.5,-157.0,-152.0,-151.5,-150.0,-148.5,-154.5,-147.5,-150.0,-151.5,-156.0,-157.0,-157.0,-157.0,-152.5,-150.5,-156.0,-155.0,-157.0,-155.0,-155.5,-155.5,-155.5,-152.0,-150.5,-153.5,-157.0,-157.0,-154.0,-154.5
2026-01-16 16:42:30.651,143.050000,5,-77,-157.0,-157.0,-152.0,-156.5,-154.0,-156.5,-157.0,-154.0,-154.5,-157.0,-153.0,-155.5,-152.5,-156.5,-157.0,-157.0,-157.0,-157.0,-156.5,-154.5,-157.0,-147.5,-144.5,-154.5,-150.0,-157.0,-151.0,-153.0,-148.0,-151.5,-156.0,-152.0,-157.0,-154.5,-156.0,-153.0,-155.0,-157.0,-149.5,-147.5,-152.5,-150.0,-157.0,-149.0,-149.0,-152.0,-157.0,-157.0,-157.0,-157.0,-154.0,-150.0,-150.5,-157.0,-153.0,-156.5,-153.0,-151.5,-154.0,-152.5,-152.5,-155.5,-154.0,-157.0,-152.5,-154.0,-156.0,-152.5,-153.5,-157.0,-151.5,-151.0,-150.5,-150.0,-154.5,-152.0,-155.0,-153.0,-153.5,-151.0,-157.0,-151.5,-152.5,-156.0,-153.5,-151.0,-157.0,-157.0,-157.0,-157.0,-152.0,-150.5,-157.0,-152.0,-149.0,-147.5,-154.0,-157.0,-154.0,-157.0,-149.5,-151.0,-157.0,-153.5,-150.5,-152.0,-157.0,-156.5,-157.0,-155.5,-156.5,-157.0,-156.5,-153.5,-152.0,-157.0,-156.5,-157.0,-153.0,-147.0,-150.5,-155.5,-157.0,-155.5,-150.5,-153.0,-150.5,-151.0,-150.0,-152.5,-148.5,-150.5,-154.0,-151.0,-146.5,-148.0,-156.5,-157.0,-157.0,-153.0,-154.5,-156.5,-153.5,-155.5,-157.0,-157.0,-156.5,-152.0,-157.0,-157.0,-153.0,-153.5,-150.0,-148.5,-149.5,-155.0,-149.5,-152.0,-157.0,-157.0,-157.0,-156.5,-150.5,-150.0,-157.0,-154.0,-152.5,-150.0,-152.5,-157.0,-155.5,-152.0,-156.0,-157.0,-157.0,-157.0,-157.0,-157.0,-156.0,-157.0,-150.0,-150.5,-155.0,-157.0,-147.0,-146.5,-157.0,-156.5,-149.5,-152.5,-157.0,-154.5,-157.0,-156.0,-154.5,-149.5,-152.0,-153.5,-154.0,-157.0,-154.5,-157.0,-150.0,-150.5,-151.0,-153.0,-153.5,-149.5,-151.0,-154.0,-150.0,-157.0,-150.5,-152.5,-157.0,-151.5,-155.5,-157.0,-155.0,-153.0,-154.5,-155.0,-155.0,-157.0,-154.0,-152.0,-152.5,-156.5,-157.0,-156.5,-155.0,-153.0,-152.5,-152.0,-154.0,-153.5,-156.0,-150.0,-147.5,-142.0,-151.0,-153.5,-150.5,-151.0,-156.0,-156.5,-157.0,-157.0,-152.0,-157.0,-153.5,-147.5,-151.0,-153.5,-152.5,-153.5,-149.0,-153.0,-147.0,-144.5,-154.5,-157.0,-157.0,-147.5,-151.0,-153.5,-157.0,-156.0,-157.0,-156.0,-151.5,-153.0,-154.5,-157.0,-154.0,-154.5,-148.5,-146.5,-149.0,-157.0,-157.0,-155.0,-152.0,-157.0,-154.5,-154.0,-152.0,-157.0,-151.0,-157.0,-150.0,-147.5,-149.5,-150.0,-147.5,-151.0,-157.0,-156.0,-157.0,-156.5,-156.5,-154.0,-152.5,-157.0,-155.0,-150.0,-150.0,-154.0,-155.0,-155.5,-153.5,-153.5,-157.0,-157.0,-150.0,-150.5,-157.0,-154.5,-157.0,-148.0,-150.0,-155.0,-151.5,-153.0,-156.5,-150.5,-153.0,-156.0,-157.0,-152.0,-149.5,-149.0,-151.5,-152.5,-150.0,-149.5,-148.5,-153.0,-153.0,-155.5,-155.0,-150.0,-157.0,-152.0,-150.5,-150.0,-154.5,-152.5,-151.5,-151.5,-157.0,-153.0,-152.0,-153.5,-153.5,-152.5,-150.5,-156.0,-152.0,-151.5,-148.0,-147.5,-155.0,-149.0,-151.0,-149.5,-150.0,-153.0,-157.0,-157.0,-153.5,-156.5,-157.0,-156.0,-151.5,-157.0,-149.0,-151.0,-157.0,-156.0,-156.0,-154.0,-154.0,-156.0,-157.0,-149.0,-148.0,-157.0,-157.0,-157.0,-155.5,-157.0,-157.0,-150.5,-157.0,-157.0,-154.0,-151.0,-154.0,-157.0,-157.0,-157.0,-154.0,-154.0,-153.0,-152.5,-148.5,-151.5,-157.0,-148.5,-146.5,-157.0,-152.5,-157.0,-153.0,-151.0,-157.0,-157.0,-157.0,-157.0,-157.0,-157.0,-157.0,-157.0,-156.5,-157.0,-157.0,-155.5,-157.0,-157.0,-155.5,-152.0,-153.5,-153.5,-157.0,-157.0,-155.5,-155.5,-151.0,-150.0,-155.5,-154.5,-155.5,-150.5,-154.5,-151.0,-157.0,-152.0,-151.5,-151.0,-148.5,-152.0,-147.5,-157.0,-151.5,-156.0,-156.5,-157.0,-155.0,-154.0,-154.5,-157.0,-157.0,-157.0,-155.0,-153.5,-155.5,-154.0,-150.5,-150.0,-151.5,-152.0,-152.0,-153.0,-157.0
2026-01-16 16:42:30.683,143.050000,5,-77,-157.0,-157.0,-151.5,-151.0,-155.5,-157.0,-157.0,-157.0,-155.5,-157.0,-157.0,-154.0,-153.0,-157.0,-156.5,-157.0,-157.0,-157.0,-155.5,-154.0,-155.5,-153.0,-146.0,-147.5,-147.5,-157.0,-152.0,-154.0,-152.5,-157.0,-154.0,-153.5,-157.0,-157.0,-155.5,-157.0,-157.0,-157.0,-151.0,-149.0,-157.0,-152.5,-153.5,-154.5,-153.0,-154.0,-155.5,-157.0,-155.5,-157.0,-154.5,-148.5,-150.0,-150.0,-151.5,-154.0,-156.0,-153.5,-155.5,-157.0,-153.0,-152.0,-151.0,-154.0,-153.0,-155.5,-156.0,-152.5,-152.0,-154.0,-154.5,-149.0,-152.5,-157.0,-157.0,-150.5,-156.0,-149.5,-150.5,-152.5,-157.0,-155.0,-153.0,-153.5,-157.0,-154.5,-156.5,-157.0,-156.5,-157.0,-152.5,-152.5,-151.0,-149.0,-149.0,-148.0,-155.5,-157.0,-152.0,-157.0,-152.0,-157.0,-157.0,-149.0,-149.0,-151.0,-157.0,-157.0,-157.0,-153.0,-152.0,-155.0,-157.0,-157.0,-152.0,-157.0,-154.5,-157.0,-155.5,-148.5,-157.0,-155.0,-157.0,-156.0,-152.5,-153.0,-150.5,-153.0,-151.0,-148.0,-146.0,-150.5,-157.0,-157.0,-149.0,-149.0,-157.0,-157.0,-157.0,-151.5,-149.5,-157.0,-152.5,-154.5,-157.0,-157.0,-157.0,-152.0,-151.5,-151.5,-148.0,-149.0,-151.5,-150.5,-154.0,-151.5,-153.0,-151.0,-156.0,-157.0,-154.5,-157.0,-157.0,-157.0,-157.0,-157.0,-157.0,-150.0,-150.0,-155.5,-157.0,-156.0,-157.0,-157.0,-157.0,-157.0,-157.0,-157.0,-157.0,-157.0,-153.0,-154.5,-155.5,-157.0,-149.5,-147.5,-157.0,-155.0,-149.5,-154.5,-155.5,-156.5,-153.0,-151.5,-151.5,-151.5,-156.0,-149.5,-149.5,-150.5,-154.0,-157.0,-147.5,-146.5,-155.5,-155.0,-157.0,-153.0,-155.5,-157.0,-152.0,-152.0,-150.0,-156.5,-157.0,-155.0,-157.0,-157.0,-151.0,-151.0,-154.5,-157.0,-153.5,-156.5,-156.0,-157.0,-155.0,-155.0,-157.0,-157.0,-157.0,-153.0,-154.0,-152.5,-157.0,-152.0,-151.0,-150.0,-143.0,-141.0,-152.0,-157.0,-147.5,-147.5,-153.5,-157.0,-157.0,-154.5,-151.5,-157.0,-153.5,-151.0,-151.0,-156.5,-155.0,-153.5,-150.0,-156.0,-146.5,-143.5,-152.0,-152.5,-156.0,-148.5,-154.0,-152.5,-155.0,-155.5,-157.0,-157.0,-151.5,-150.5,-152.0,-157.0,-157.0,-157.0,-154.0,-150.5,-157.0,-157.0,-157.0,-157.0,-150.0,-150.5,-153.5,-154.0,-152.5,-157.0,-151.5,-153.0,-151.0,-155.0,-157.0,-150.5,-150.0,-153.0,-155.5,-157.0,-157.0,-157.0,-157.0,-154.0,-152.5,-153.0,-151.0,-153.0,-153.5,-157.0,-156.0,-157.0,-157.0,-157.0,-154.5,-157.0,-149.5,-148.0,-156.5,-157.0,-157.0,-148.5,-149.0,-153.0,-153.5,-150.5,-153.5,-150.0,-157.0,-157.0,-157.0,-154.5,-153.5,-146.5,-148.5,-154.5,-151.5,-150.5,-150.5,-152.0,-151.0,-157.0,-157.0,-154.0,-154.5,-152.5,-149.5,-153.0,-152.0,-150.0,-150.5,-150.5,-151.0,-151.5,-151.5,-154.5,-152.5,-154.0,-149.5,-157.0,-154.5,-157.0,-151.0,-148.0,-150.5,-154.5,-150.5,-151.5,-151.0,-151.5,-154.0,-157.0,-152.0,-154.0,-157.0,-155.5,-153.0,-157.0,-152.0,-155.0,-156.0,-157.0,-157.0,-153.0,-155.5,-156.0,-157.0,-151.0,-150.0,-157.0,-154.0,-151.5,-150.0,-155.5,-157.0,-151.5,-152.0,-153.5,-157.0,-154.0,-155.5,-157.0,-155.0,-157.0,-154.0,-153.0,-155.0,-153.5,-148.0,-151.0,-157.0,-152.5,-150.5,-153.5,-157.0,-157.0,-155.5,-152.5,-157.0,-157.0,-157.0,-157.0,-157.0,-157.0,-157.0,-156.5,-152.5,-153.0,-154.5,-156.5,-157.0,-156.5,-156.0,-151.5,-155.5,-156.5,-157.0,-155.5,-154.5,-154.5,-154.0,-151.5,-152.5,-151.5,-152.5,-151.5,-157.0,-153.0,-156.5,-155.5,-154.0,-150.0,-149.0,-150.0,-148.5,-157.0,-153.5,-150.0,-153.0,-157.0,-150.0,-154.0,-157.0,-157.0,-157.0,-157.0,-155.0,-153.0,-152.5,-153.5,-151.5,-153.0,-151.0,-149.0,-151.0,-151.5,-157.0
2026-01-16 16:42:30.717,143.050000,5,-77,-157.0,-157.0,-153.0,-150.5,-150.5,-155.5,-154.5,-157.0,-153.0,-155.0,-157.0,-157.0,-154.0,-157.0,-154.0,-155.5,-157.0,-155.5,-150.5,-151.0,-151.0,-149.5,-148.5,-148.5,-148.5,-153.5,-155.5,-157.0,-152.5,-151.5,-157.0,-157.0,-155.0,-157.0,-155.5,-157.0,-157.0,-157.0,-153.0,-153.5,-157.0,-157.0,-155.5,-157.0,-157.0,-152.0,-149.5,-150.5,-156.0,-157.0,-157.0,-153.0,-154.0,-152.0,-155.0,-153.0,-157.0,-157.0,-157.0,-157.0,-155.0,-153.5,-150.0,-151.0,-150.5,-151.0,-155.5,-157.0,-156.0,-152.5,-150.5,-150.0,-154.0,-157.0,-156.5,-148.5,-151.5,-148.5,-148.5,-155.0,-157.0,-157.0,-157.0,-151.5,-152.5,-153.5,-151.5,-152.5,-153.5,-156.0,-148.5,-147.0,-147.5,-150.0,-156.5,-150.0,-152.5,-149.5,-148.0,-156.0,-153.0,-156.5,-156.0,-150.0,-156.0,-153.0,-156.0,-152.0,-152.0,-152.5,-148.5,-151.0,-153.0,-156.5,-152.0,-157.0,-153.0,-157.0,-154.5,-150.5,-157.0,-154.5,-157.0,-157.0,-157.0,-154.0,-151.0,-157.0,-155.5,-149.5,-147.0,-151.0,-157.0,-156.5,-151.5,-153.5,-156.5,-157.0,-157.0,-149.5,-148.5,-156.5,-151.0,-157.0,-157.0,-157.0,-153.5,-150.0,-150.5,-150.5,-148.0,-148.5,-155.5,-155.0,-153.0,-149.5,-154.0,-156.5,-156.5,-157.0,-151.0,-151.0,-157.0,-157.0,-157.0,-157.0,-157.0,-151.5,-151.5,-153.5,-155.0,-157.0,-155.0,-155.0,-153.0,-157.0,-155.5,-157.0,-157.0,-155.0,-154.0,-152.5,-156.0,-156.0,-152.5,-148.0,-157.0,-155.5,-150.0,-154.0,-150.0,-152.0,-156.0,-154.5,-150.5,-156.5,-150.0,-147.5,-150.5,-150.0,-157.0,-157.0,-149.5,-147.0,-151.0,-154.0,-157.0,-152.0,-155.0,-157.0,-155.0,-157.0,-148.5,-149.5,-153.0,-152.0,-157.0,-152.5,-151.0,-156.5,-153.0,-157.0,-152.0,-152.5,-157.0,-157.0,-153.0,-153.0,-157.0,-156.0,-157.0,-157.0,-157.0,-155.5,-157.0,-150.0,-148.5,-149.5,-142.0,-141.0,-154.5,-157.0,-149.5,-148.0,-150.5,-153.5,-156.5,-150.5,-150.0,-157.0,-151.5,-154.0,-151.0,-157.0,-155.5,-154.5,-153.0,-148.5,-145.0,-146.0,-149.5,-152.0,-151.5,-150.0,-154.5,-151.0,-151.5,-152.0,-155.0,-155.0,-151.5,-151.0,-150.5,-154.0,-157.0,-157.0,-157.0,-154.5,-157.0,-157.0,-157.0,-157.0,-151.5,-149.0,-151.5,-151.0,-150.0,-151.0,-153.0,-153.5,-153.0,-157.0,-157.0,-149.5,-151.5,-156.5,-152.0,-155.5,-155.0,-157.0,-157.0,-151.0,-153.0,-155.0,-155.0,-157.0,-157.0,-153.5,-152.0,-157.0,-157.0,-157.0,-149.5,-151.0,-150.5,-150.0,-157.0,-157.0,-154.0,-153.5,-149.0,-150.5,-153.5,-149.5,-156.5,-151.5,-157.0,-157.0,-157.0,-151.5,-151.5,-149.0,-149.0,-153.0,-152.0,-157.0,-157.0,-157.0,-151.0,-157.0,-157.0,-157.0,-153.0,-150.0,-150.0,-157.0,-157.0,-153.5,-155.0,-153.5,-150.0,-151.5,-152.5,-157.0,-152.5,-149.5,-148.5,-154.5,-150.5,-151.5,-157.0,-150.0,-148.5,-152.0,-152.5,-157.0,-157.0,-151.5,-151.5,-157.0,-150.0,-152.5,-157.0,-157.0,-150.0,-157.0,-153.5,-150.0,-150.5,-156.0,-157.0,-157.0,-157.0,-156.0,-155.5,-155.0,-150.5,-152.5,-152.5,-148.5,-149.0,-157.0,-157.0,-155.5,-149.5,-151.5,-157.0,-157.0,-155.5,-154.0,-151.5,-157.0,-155.5,-151.5,-155.5,-156.0,-151.5,-153.0,-155.0,-155.0,-156.5,-152.5,-155.5,-156.0,-153.0,-154.5,-154.5,-155.0,-155.5,-157.0,-157.0,-155.5,-157.0,-156.0,-152.0,-152.5,-153.0,-156.0,-155.5,-152.5,-151.0,-152.0,-153.5,-157.0,-157.0,-153.5,-152.0,-151.0,-152.5,-155.5,-150.5,-147.5,-150.0,-151.5,-157.0,-154.0,-157.0,-156.5,-154.0,-152.5,-150.0,-156.0,-153.0,-157.0,-157.0,-149.5,-149.5,-155.5,-152.5,-157.0,-157.0,-157.0,-157.0,-155.0,-156.5,-152.5,-153.0,-157.0,-157.0,-157.0,-155.0,-151.0,-154.0,-150.5,-157.0
2026-01-16 16:42:30.757,143.050000,5,-77,-157.0,-157.0,-150.0,-151.5,-150.5,-149.5,-148.5,-157.0,-151.5,-153.0,-157.0,-157.0,-154.5,-157.0,-151.5,-151.0,-157.0,-152.0,-149.5,-151.5,-151.0,-151.0,-151.5,-153.0,-151.5,-156.0,-153.5,-154.0,-151.5,-150.5,-157.0,-155.5,-153.0,-157.0,-154.5,-154.0,-155.5,-155.5,-149.0,-151.0,-157.0,-157.0,-156.5,-157.0,-154.5,-153.0,-149.5,-150.5,-153.5,-154.5,-157.0,-156.5,-157.0,-153.5,-153.5,-157.0,-156.5,-157.0,-157.0,-157.0,-157.0,-157.0,-154.0,-157.0,-149.0,-147.0,-157.0,-157.0,-156.5,-155.5,-152.0,-157.0,-152.0,-154.0,-157.0,-149.5,-153.5,-150.5,-152.0,-155.0,-156.0,-155.5,-157.0,-154.0,-154.0,-153.5,-151.5,-153.5,-154.5,-151.5,-150.0,-148.5,-153.0,-153.0,-156.5,-152.5,-157.0,-145.5,-147.0,-152.0,-152.5,-153.5,-153.0,-152.5,-156.5,-156.0,-157.0,-149.0,-149.0,-153.5,-149.5,-152.0,-151.0,-157.0,-153.5,-157.0,-152.5,-155.5,-156.5,-149.5,-153.0,-155.5,-157.0,-157.0,-153.0,-157.0,-153.5,-157.0,-152.5,-151.5,-152.5,-155.0,-157.0,-150.5,-147.5,-150.5,-152.5,-155.5,-154.0,-151.0,-152.5,-155.5,-151.0,-157.0,-157.0,-156.0,-152.0,-149.5,-150.0,-150.0,-153.5,-153.5,-155.0,-156.5,-155.5,-148.5,-148.5,-157.0,-157.0,-157.0,-154.0,-149.0,-155.0,-155.5,-157.0,-153.0,-153.0,-156.0,-157.0,-153.5,-157.0,-157.0,-153.5,-150.0,-149.5,-157.0,-157.0,-156.0,-157.0,-151.5,-153.5,-151.5,-156.0,-155.5,-151.0,-147.0,-154.0,-157.0,-152.5,-151.5,-148.0,-146.5,-152.5,-151.5,-151.0,-151.5,-149.0,-150.5,-150.5,-148.0,-153.5,-154.0,-153.5,-153.5,-151.0,-153.0,-157.0,-153.5,-153.0,-152.0,-150.5,-154.0,-147.0,-148.5,-152.5,-151.5,-150.0,-149.5,-150.5,-157.0,-152.5,-154.0,-150.0,-155.0,-151.5,-150.0,-149.5,-157.0,-157.0,-154.0,-156.0,-157.0,-157.0,-155.5,-157.0,-155.0,-151.0,-150.5,-144.0,-140.5,-152.0,-153.0,-156.0,-151.0,-149.0,-153.5,-152.5,-150.0,-151.5,-157.0,-152.0,-152.5,-152.5,-153.5,-154.0,-155.5,-150.5,-146.0,-145.5,-156.0,-153.5,-157.0,-153.0,-154.0,-152.0,-151.0,-157.0,-153.0,-155.0,-153.5,-151.5,-154.5,-154.0,-156.0,-157.0,-156.5,-156.0,-152.5,-153.5,-157.0,-156.0,-157.0,-156.0,-151.5,-155.5,-150.5,-149.0,-150.5,-152.5,-156.5,-157.0,-157.0,-157.0,-151.5,-156.5,-157.0,-151.5,-155.0,-153.0,-157.0,-156.5,-149.5,-149.5,-157.0,-157.0,-157.0,-157.0,-153.0,-150.0,-157.0,-157.0,-155.5,-147.5,-149.5,-156.0,-156.5,-157.0,-154.0,-150.5,-154.5,-148.0,-152.5,-155.5,-150.5,-153.5,-151.5,-156.5,-156.0,-155.0,-149.0,-147.5,-150.5,-152.0,-149.0,-150.0,-157.0,-155.5,-152.0,-151.5,-156.0,-157.0,-157.0,-153.5,-152.0,-151.0,-153.5,-157.0,-156.5,-155.5,-157.0,-151.0,-154.0,-153.5,-155.5,-157.0,-153.5,-151.5,-153.0,-150.5,-149.5,-153.5,-153.5,-150.0,-154.5,-155.0,-154.0,-154.5,-157.0,-155.5,-157.0,-147.5,-147.0,-150.5,-153.0,-149.5,-156.0,-157.0,-149.5,-150.0,-154.0,-157.0,-153.0,-156.0,-157.0,-154.0,-157.0,-152.0,-150.5,-157.0,-154.0,-153.0,-157.0,-157.0,-152.0,-149.0,-157.0,-157.0,-157.0,-157.0,-148.5,-150.0,-157.0,-155.5,-150.0,-152.5,-157.0,-153.5,-156.5,-152.0,-151.0,-157.0,-153.0,-154.5,-150.0,-149.0,-155.0,-156.0,-155.0,-157.0,-155.5,-154.0,-151.0,-152.5,-157.0,-151.0,-152.0,-149.0,-147.5,-153.0,-157.0,-153.0,-157.0,-156.0,-155.5,-157.0,-157.0,-154.0,-151.5,-157.0,-157.0,-156.0,-148.5,-154.5,-153.5,-157.0,-154.0,-157.0,-157.0,-157.0,-156.0,-151.5,-157.0,-155.0,-157.0,-157.0,-151.0,-149.0,-156.5,-157.0,-154.5,-157.0,-157.0,-156.0,-154.5,-153.0,-150.5,-152.0,-157.0,-157.0,-157.0,-157.0,-151.5,-151.5,-148.5,-153.5
2026-01-16 16:42:30.782,143.050000,5,-77,-157.0,-157.0,-150.5,-154.0,-155.0,-151.5,-148.5,-157.0,-153.0,-157.0,-157.0,-157.0,-155.0,-155.0,-154.0,-151.5,-156.5,-157.0,-154.0,-154.5,-153.0,-157.0,-154.0,-151.0,-152.5,-156.5,-151.5,-153.5,-154.0,-156.0,-154.0,-153.5,-152.5,-157.0,-157.0,-156.0,-151.5,-154.0,-147.5,-149.5,-156.0,-157.0,-155.0,-157.0,-157.0,-154.0,-152.0,-155.0,-153.5,-151.5,-157.0,-155.0,-155.5,-152.5,-152.0,-157.0,-156.5,-156.0,-152.0,-157.0,-157.0,-157.0,-157.0,-157.0,-152.5,-147.5,-157.0,-156.0,-157.0,-157.0,-157.0,-153.0,-152.5,-153.5,-150.5,-149.5,-155.5,-155.5,-150.5,-153.5,-157.0,-151.0,-152.0,-155.5,-157.0,-157.0,-157.0,-150.0,-149.0,-153.5,-154.0,-154.5,-151.0,-153.5,-153.5,-156.5,-152.5,-149.5,-148.0,-149.0,-152.0,-157.0,-150.5,-150.0,-157.0,-157.0,-157.0,-153.0,-151.0,-154.0,-150.0,-156.5,-152.0,-157.0,-155.0,-155.5,-153.0,-155.5,-155.5,-146.5,-149.0,-157.0,-157.0,-156.5,-149.0,-150.5,-153.5,-157.0,-150.5,-149.5,-154.5,-154.5,-155.5,-148.0,-145.0,-153.0,-152.5,-151.5,-151.0,-152.0,-157.0,-153.0,-154.5,-157.0,-157.0,-157.0,-157.0,-157.0,-148.0,-148.5,-155.5,-153.0,-151.5,-157.0,-157.0,-150.5,-149.5,-156.5,-157.0,-157.0,-153.5,-150.0,-157.0,-154.5,-157.0,-150.0,-149.0,-157.0,-154.0,-151.5,-156.5,-157.0,-157.0,-149.0,-151.0,-157.0,-157.0,-151.5,-151.5,-150.5,-157.0,-151.5,-154.0,-154.0,-151.0,-147.0,-157.0,-156.0,-153.0,-153.5,-151.0,-148.5,-149.5,-149.5,-152.0,-146.5,-145.5,-154.0,-149.0,-147.5,-148.5,-149.5,-150.5,-153.5,-152.5,-157.0,-156.5,-156.5,-155.0,-148.5,-148.0,-157.0,-149.5,-153.0,-155.0,-155.5,-150.0,-155.5,-152.0,-157.0,-154.5,-149.5,-149.0,-151.0,-150.0,-146.5,-147.0,-154.5,-157.0,-155.5,-157.0,-157.0,-153.0,-149.5,-150.5,-154.0,-152.0,-150.5,-145.0,-140.5,-150.0,-150.5,-157.0,-151.5,-149.5,-157.0,-152.5,-151.5,-155.5,-157.0,-152.5,-155.5,-154.0,-152.5,-151.0,-152.5,-151.0,-153.0,-149.5,-153.5,-151.5,-157.0,-155.0,-157.0,-148.5,-148.5,-157.0,-154.5,-157.0,-153.5,-147.5,-148.0,-154.5,-157.0,-157.0,-153.5,-150.0,-152.0,-149.5,-153.0,-155.0,-157.0,-157.0,-155.0,-157.0,-154.5,-153.0,-155.0,-150.0,-150.5,-157.0,-157.0,-156.0,-154.0,-153.5,-152.5,-153.5,-153.5,-154.5,-157.0,-157.0,-151.5,-150.5,-156.5,-157.0,-157.0,-157.0,-156.0,-150.5,-156.0,-155.5,-153.0,-150.0,-150.0,-154.0,-156.0,-154.5,-154.5,-149.5,-148.5,-147.5,-148.5,-154.0,-151.5,-151.5,-151.5,-152.0,-156.0,-153.5,-152.5,-149.5,-151.0,-156.0,-150.0,-151.5,-150.5,-155.5,-152.5,-154.5,-150.5,-151.5,-157.0,-152.0,-156.5,-157.0,-153.0,-154.0,-153.5,-157.0,-156.5,-151.5,-150.5,-154.5,-154.0,-156.0,-157.0,-153.5,-154.5,-157.0,-152.5,-150.5,-156.5,-155.5,-157.0,-157.0,-148.0,-147.5,-157.0,-156.0,-157.0,-150.0,-146.5,-152.0,-153.0,-153.0,-157.0,-157.0,-154.0,-156.0,-157.0,-155.0,-148.5,-150.0,-157.0,-157.0,-157.0,-156.5,-152.5,-157.0,-157.0,-152.5,-153.5,-157.0,-149.5,-149.0,-153.0,-151.5,-157.0,-156.5,-148.5,-155.5,-156.0,-153.5,-149.0,-155.5,-157.0,-153.5,-157.0,-154.0,-152.0,-157.0,-156.0,-155.5,-153.5,-149.0,-149.5,-155.5,-156.0,-157.0,-153.0,-156.5,-151.5,-156.0,-157.0,-150.5,-150.5,-147.0,-145.5,-152.0,-157.0,-154.0,-156.5,-151.5,-151.5,-157.0,-156.0,-152.5,-152.0,-154.5,-153.0,-157.0,-151.5,-153.0,-155.0,-157.0,-155.0,-157.0,-157.0,-157.0,-151.5,-150.5,-150.0,-151.5,-156.5,-154.5,-155.5,-152.0,-151.0,-153.5,-152.5,-157.0,-154.5,-155.5,-157.0,-153.5,-156.0,-156.5,-157.0,-153.0,-152.0,-154.0,-154.5,-150.0,-149.5,-151.0
2026-01-16 16:42:30.816,143.050000,5,-77,-157.0,-157.0,-153.5,-157.0,-154.5,-157.0,-152.5,-155.5,-150.5,-153.5,-157.0,-157.0,-157.0,-156.5,-157.0,-156.5,-157.0,-157.0,-155.5,-152.0,-151.5,-155.0,-155.5,-148.0,-151.0,-157.0,-150.0,-157.0,-153.5,-152.5,-150.0,-152.0,-155.0,-156.5,-156.5,-153.5,-152.0,-157.0,-150.0,-157.0,-153.0,-154.0,-155.5,-154.0,-157.0,-152.5,-149.5,-149.5,-157.0,-151.5,-157.0,-152.5,-153.5,-151.0,-157.0,-157.0,-156.5,-153.0,-150.0,-154.0,-157.0,-157.0,-156.5,-153.5,-153.0,-148.0,-148.5,-153.5,-157.0,-157.0,-157.0,-154.0,-156.5,-151.0,-149.0,-155.5,-152.0,-157.0,-149.5,-156.5,-157.0,-148.0,-149.5,-153.0,-153.0,-157.0,-156.0,-146.5,-146.5,-157.0,-153.5,-151.5,-148.5,-157.0,-155.5,-157.0,-157.0,-153.0,-150.5,-149.0,-150.5,-157.0,-148.5,-148.0,-156.5,-152.5,-150.5,-150.5,-154.0,-155.0,-149.0,-150.5,-155.5,-154.5,-155.0,-157.0,-156.5,-157.0,-153.5,-146.0,-148.5,-157.0,-155.0,-155.5,-149.0,-147.5,-153.0,-153.5,-151.0,-149.0,-152.5,-152.0,-154.0,-149.5,-148.5,-152.5,-152.5,-152.0,-152.5,-151.0,-152.0,-148.5,-152.5,-152.5,-157.0,-157.0,-157.0,-154.0,-150.0,-153.5,-153.0,-150.5,-149.0,-154.5,-157.0,-152.0,-152.0,-156.5,-157.0,-157.0,-154.5,-152.0,-155.5,-154.0,-157.0,-154.5,-150.5,-157.0,-154.5,-152.5,-157.0,-157.0,-157.0,-150.0,-154.0,-152.5,-151.5,-153.5,-155.5,-154.0,-157.0,-150.5,-157.0,-151.0,-147.0,-147.0,-154.5,-150.0,-150.5,-157.0,-155.5,-157.0,-157.0,-155.5,-154.5,-146.0,-145.0,-153.5,-154.5,-154.0,-153.0,-150.0,-156.0,-155.5,-151.0,-153.5,-153.0,-153.0,-151.0,-150.0,-153.0,-155.0,-156.0,-152.5,-151.5,-151.0,-152.0,-157.0,-154.0,-157.0,-157.0,-148.0,-149.5,-150.5,-148.5,-148.0,-149.5,-149.5,-153.0,-156.5,-157.0,-155.5,-151.5,-147.5,-151.0,-153.0,-154.5,-152.0,-144.5,-142.0,-145.5,-152.5,-152.0,-151.5,-154.0,-157.0,-157.0,-157.0,-154.0,-152.5,-151.0,-157.0,-155.5,-157.0,-149.5,-150.0,-154.5,-154.5,-152.5,-150.5,-148.5,-154.0,-151.5,-154.5,-151.0,-154.0,-153.5,-152.5,-154.5,-148.5,-148.5,-148.5,-157.0,-157.0,-157.0,-152.0,-149.0,-153.5,-149.0,-151.5,-153.5,-154.0,-156.5,-157.0,-157.0,-154.5,-157.0,-154.5,-153.0,-153.5,-157.0,-155.5,-153.5,-153.5,-149.0,-150.0,-157.0,-151.5,-151.0,-155.0,-157.0,-154.0,-148.0,-149.0,-157.0,-154.5,-157.0,-155.0,-152.5,-154.5,-152.5,-153.5,-157.0,-155.5,-157.0,-154.5,-155.5,-157.0,-153.0,-149.5,-153.5,-149.0,-150.0,-150.5,-154.0,-155.5,-150.5,-153.5,-152.0,-152.0,-154.0,-156.0,-152.5,-152.5,-151.5,-152.0,-157.0,-152.0,-154.5,-152.5,-156.0,-153.0,-149.5,-152.5,-157.0,-154.0,-151.0,-150.5,-157.0,-157.0,-157.0,-152.0,-157.0,-155.0,-157.0,-157.0,-151.0,-152.0,-157.0,-157.0,-153.0,-153.5,-156.0,-157.0,-155.0,-147.0,-147.5,-152.0,-155.0,-157.0,-157.0,-148.5,-155.0,-157.0,-157.0,-157.0,-157.0,-157.0,-157.0,-157.0,-157.0,-148.5,-148.5,-150.5,-157.0,-157.0,-157.0,-157.0,-157.0,-156.5,-154.5,-153.0,-153.0,-154.5,-151.5,-149.5,-148.5,-152.0,-152.0,-147.5,-157.0,-150.5,-146.5,-146.0,-156.0,-157.0,-154.0,-153.0,-154.5,-152.5,-156.0,-157.0,-151.5,-157.0,-153.0,-151.0,-152.0,-152.0,-156.0,-150.0,-155.5,-151.5,-156.5,-157.0,-151.0,-150.0,-149.5,-148.0,-156.5,-157.0,-156.5,-155.0,-150.5,-152.5,-157.0,-154.5,-151.5,-156.5,-149.5,-149.0,-154.5,-155.5,-157.0,-157.0,-157.0,-156.0,-157.0,-156.0,-157.0,-152.5,-151.5,-151.0,-152.5,-157.0,-157.0,-157.0,-157.0,-148.5,-150.0,-152.5,-157.0,-151.5,-157.0,-157.0,-153.5,-156.5,-157.0,-157.0,-152.5,-151.5,-156.5,-150.0,-150.5,-152.5,-148.5
2026-01-16 16:42:30.852,143.050000,5,-77,-157.0,-157.0,-156.0,-157.0,-152.5,-152.5,-157.0,-157.0,-151.5,-152.0,-157.0,-157.0,-157.0,-152.5,-156.0,-157.0,-157.0,-157.0,-157.0,-153.5,-151.5,-156.0,-157.0,-148.5,-148.0,-150.0,-149.5,-156.0,-155.5,-148.5,-150.0,-156.0,-157.0,-153.0,-154.5,-149.0,-150.5,-152.5,-148.5,-154.5,-149.0,-150.5,-157.0,-152.5,-152.5,-151.0,-150.0,-149.5,-156.0,-151.5,-152.0,-152.5,-152.0,-152.0,-156.5,-156.0,-157.0,-152.5,-152.5,-153.5,-155.5,-157.0,-157.0,-155.5,-153.0,-153.0,-150.0,-155.5,-157.0,-157.0,-157.0,-157.0,-155.0,-151.5,-148.5,-152.5,-152.5,-154.5,-149.0,-154.0,-153.0,-148.5,-149.0,-151.5,-149.0,-157.0,-151.5,-149.0,-150.0,-154.0,-152.0,-146.5,-148.0,-157.0,-157.0,-156.5,-157.0,-151.5,-157.0,-152.5,-154.0,-157.0,-151.5,-151.0,-153.5,-153.5,-149.5,-151.0,-154.5,-156.0,-151.5,-151.5,-157.0,-152.5,-157.0,-156.5,-157.0,-157.0,-149.5,-149.0,-152.5,-155.0,-152.5,-155.5,-152.5,-147.5,-151.5,-152.5,-152.5,-150.5,-153.0,-153.0,-155.0,-154.0,-157.0,-152.0,-150.5,-154.0,-153.5,-151.5,-151.5,-145.0,-145.0,-149.0,-154.5,-156.0,-157.0,-155.5,-152.5,-156.0,-154.0,-153.0,-152.0,-153.5,-154.5,-157.0,-156.0,-156.0,-157.0,-153.5,-153.5,-151.5,-150.5,-156.5,-157.0,-157.0,-154.0,-156.0,-155.5,-157.0,-155.5,-157.0,-157.0,-152.0,-151.5,-154.0,-153.0,-157.0,-157.0,-155.0,-153.5,-148.0,-151.5,-148.5,-147.5,-148.5,-152.5,-151.5,-154.0,-157.0,-154.5,-157.0,-157.0,-157.0,-155.5,-147.5,-149.5,-157.0,-157.0,-157.0,-157.0,-151.0,-153.0,-152.5,-152.0,-152.0,-152.5,-155.5,-151.0,-156.5,-157.0,-157.0,-155.5,-155.5,-153.5,-154.0,-155.5,-157.0,-157.0,-157.0,-155.5,-150.0,-152.5,-153.0,-149.5,-150.0,-156.0,-147.0,-149.0,-152.5,-153.0,-152.5,-157.0,-149.5,-154.0,-154.0,-157.0,-153.0,-148.5,-145.0,-147.5,-153.5,-152.5,-151.5,-151.0,-152.0,-157.0,-156.5,-156.5,-148.0,-150.5,-155.5,-153.0,-157.0,-151.0,-150.0,-157.0,-151.0,-154.0,-150.5,-149.5,-153.0,-149.0,-155.0,-153.5,-155.5,-153.5,-152.5,-153.5,-148.0,-150.0,-155.5,-157.0,-154.5,-157.0,-151.5,-151.5,-157.0,-152.0,-155.0,-154.5,-153.0,-157.0,-157.0,-156.0,-150.5,-151.5,-153.0,-156.0,-153.5,-156.5,-155.5,-153.5,-153.0,-150.5,-151.0,-157.0,-153.5,-150.5,-157.0,-157.0,-150.5,-149.0,-149.0,-156.5,-152.0,-155.5,-157.0,-157.0,-151.0,-155.0,-156.0,-157.0,-157.0,-157.0,-152.0,-153.0,-153.0,-152.0,-151.0,-155.5,-152.0,-151.0,-155.5,-156.5,-156.0,-152.5,-157.0,-154.5,-155.5,-155.5,-157.0,-151.0,-152.5,-150.5,-157.0,-155.0,-152.0,-152.5,-155.0,-157.0,-154.5,-152.5,-154.5,-155.5,-155.5,-150.0,-150.5,-157.0,-157.0,-157.0,-155.0,-151.0,-153.5,-153.0,-151.5,-152.0,-155.5,-154.5,-153.0,-157.0,-152.5,-153.0,-155.5,-151.0,-150.0,-155.5,-151.5,-157.0,-156.0,-153.0,-150.5,-151.5,-157.0,-154.5,-156.0,-157.0,-153.5,-154.0,-157.0,-152.0,-150.0,-151.0,-148.5,-149.5,-157.0,-157.0,-157.0,-157.0,-153.0,-157.0,-156.0,-153.0,-153.5,-150.0,-152.5,-151.5,-152.0,-150.0,-149.5,-154.0,-150.5,-147.0,-146.0,-157.0,-155.0,-155.0,-151.0,-151.5,-151.5,-152.0,-154.5,-149.0,-151.5,-156.0,-157.0,-154.0,-150.0,-150.0,-153.0,-155.0,-150.0,-149.0,-157.0,-154.5,-152.5,-153.5,-152.0,-154.5,-157.0,-157.0,-154.5,-152.5,-157.0,-154.5,-156.5,-153.5,-157.0,-149.0,-150.0,-157.0,-155.5,-155.0,-157.0,-157.0,-154.0,-157.0,-153.5,-157.0,-157.0,-154.0,-152.5,-155.0,-157.0,-157.0,-151.5,-152.0,-152.0,-152.5,-153.5,-153.0,-150.0,-152.5,-156.0,-152.5,-152.5,-157.0,-157.0,-157.0,-153.5,-152.5,-148.0,-149.5,-151.5,-152.0
2026-01-16 16:42:30.882,143.050000,5,-77,-157.0,-157.0,-157.0,-157.0,-155.5,-154.0,-157.0,-157.0,-157.0,-157.0,-157.0,-157.0,-157.0,-151.0,-151.0,-155.5,-152.5,-157.0,-157.0,-154.5,-151.5,-152.0,-157.0,-152.5,-153.0,-149.0,-151.5,-152.5,-157.0,-151.5,-154.5,-156.0,-153.5,-151.5,-156.5,-151.0,-154.0,-157.0,-148.0,-149.0,-148.5,-153.5,-157.0,-154.0,-154.0,-155.0,-157.0,-152.5,-157.0,-155.5,-155.0,-157.0,-154.0,-157.0,-154.0,-153.5,-157.0,-155.0,-156.0,-152.5,-155.5,-155.5,-153.0,-152.5,-157.0,-157.0,-154.5,-157.0,-157.0,-157.0,-157.0,-156.0,-156.5,-153.5,-152.5,-154.5,-155.0,-152.0,-149.5,-147.0,-147.5,-152.5,-155.0,-155.5,-149.0,-157.0,-152.5,-155.5,-157.0,-157.0,-151.5,-144.0,-149.5,-157.0,-155.0,-157.0,-153.0,-151.5,-154.5,-153.0,-153.0,-152.0,-152.0,-156.0,-153.5,-157.0,-153.0,-157.0,-151.5,-150.5,-154.0,-157.0,-157.0,-153.0,-157.0,-154.0,-154.5,-154.5,-151.0,-157.0,-153.5,-153.0,-155.5,-156.0,-152.0,-149.0,-157.0,-157.0,-153.5,-154.5,-151.0,-150.5,-151.0,-148.0,-149.5,-148.0,-149.0,-153.5,-151.0,-151.0,-151.5,-145.5,-147.0,-152.5,-151.5,-152.0,-154.5,-157.0,-156.0,-149.5,-155.0,-155.5,-157.0,-155.5,-156.0,-157.0,-154.5,-153.0,-155.5,-155.0,-153.0,-152.5,-149.0,-151.5,-154.0,-153.0,-157.0,-151.5,-152.5,-157.0,-155.5,-156.0,-154.0,-157.0,-153.0,-157.0,-157.0,-157.0,-155.5,-150.0,-148.5,-150.0,-155.0,-149.5,-151.5,-149.0,-150.5,-156.5,-157.0,-151.0,-149.0,-157.0,-154.0,-156.0,-153.5,-149.0,-157.0,-157.0,-157.0,-156.5,-157.0,-155.5,-150.0,-149.0,-154.5,-155.5,-157.0,-154.0,-150.0,-156.0,-155.5,-155.0,-151.5,-157.0,-155.5,-156.0,-157.0,-157.0,-157.0,-157.0,-153.5,-155.0,-157.0,-157.0,-157.0,-153.0,-157.0,-147.0,-149.0,-154.0,-151.5,-150.0,-157.0,-150.5,-154.0,-153.0,-157.0,-156.5,-147.0,-147.0,-148.5,-151.5,-152.0,-152.0,-147.5,-147.5,-156.0,-155.5,-152.0,-150.0,-151.0,-148.5,-151.5,-156.0,-157.0,-156.5,-152.5,-149.0,-152.5,-151.5,-154.0,-157.0,-148.5,-156.0,-152.0,-152.0,-157.0,-156.0,-157.0,-152.5,-152.5,-154.5,-153.5,-149.0,-152.0,-152.5,-155.5,-156.5,-150.5,-153.0,-156.0,-156.0,-157.0,-154.0,-150.5,-152.0,-151.0,-152.0,-157.0,-153.5,-156.0,-157.0,-154.5,-154.5,-157.0,-153.5,-151.5,-157.0,-153.0,-157.0,-152.0,-150.5,-149.0,-152.5,-156.0,-154.0,-157.0,-156.5,-157.0,-149.0,-154.0,-157.0,-157.0,-155.0,-154.5,-154.0,-154.0,-151.5,-147.0,-148.0,-157.0,-157.0,-156.5,-157.0,-157.0,-157.0,-153.5,-155.5,-156.5,-157.0,-156.5,-151.5,-149.5,-149.5,-154.5,-156.5,-153.5,-156.0,-153.5,-156.5,-152.5,-153.0,-154.5,-157.0,-154.0,-154.0,-152.0,-152.5,-153.5,-154.0,-157.0,-153.0,-149.0,-153.5,-151.5,-150.0,-154.0,-156.0,-157.0,-154.0,-154.5,-155.0,-157.0,-155.0,-154.0,-157.0,-157.0,-151.5,-157.0,-155.5,-152.0,-157.0,-153.5,-157.0,-155.0,-156.0,-155.5,-148.0,-148.5,-152.5,-147.0,-149.0,-153.5,-150.5,-149.5,-157.0,-151.5,-153.5,-155.0,-152.0,-151.0,-157.0,-156.0,-155.5,-150.0,-150.0,-153.0,-154.0,-150.5,-153.5,-149.5,-150.0,-154.5,-149.5,-157.0,-151.5,-154.0,-156.0,-154.5,-157.0,-156.5,-157.0,-152.0,-152.5,-157.0,-157.0,-155.5,-152.0,-153.5,-157.0,-157.0,-151.0,-150.0,-151.0,-155.0,-155.5,-157.0,-155.0,-152.0,-154.0,-154.5,-155.0,-154.0,-156.0,-151.0,-154.5,-157.0,-157.0,-153.5,-155.5,-157.0,-157.0,-153.5,-157.0,-157.0,-149.0,-148.5,-150.5,-157.0,-157.0,-157.0,-153.5,-154.0,-157.0,-155.5,-148.0,-149.0,-156.5,-154.0,-156.5,-155.5,-154.0,-150.5,-151.5,-156.5,-152.5,-157.0,-157.0,-157.0,-153.5,-149.5,-148.0,-149.5,-154.0,-156.0
2026-01-16 16:42:30.916,143.050000,5,-77,-157.0,-157.0,-155.5,-154.5,-157.0,-155.5,-151.5,-157.0,-157.0,-157.0,-157.0,-157.0,-157.0,-153.5,-153.0,-157.0,-149.5,-154.0,-157.0,-154.5,-151.0,-149.0,-150.0,-152.5,-157.0,-154.0,-155.5,-153.0,-157.0,-155.5,-157.0,-157.0,-155.5,-153.5,-153.0,-153.0,-157.0,-155.5,-154.5,-150.0,-148.0,-152.0,-157.0,-156.5,-157.0,-157.0,-155.0,-153.0,-157.0,-157.0,-157.0,-157.0,-151.5,-152.5,-157.0,-152.5,-152.0,-157.0,-153.0,-148.5,-153.0,-155.0,-149.5,-148.5,-157.0,-156.5,-157.0,-157.0,-153.0,-152.0,-157.0,-157.0,-157.0,-153.0,-152.5,-154.5,-155.5,-154.5,-155.0,-148.0,-147.5,-150.5,-157.0,-153.0,-151.0,-155.5,-154.0,-157.0,-156.5,-155.0,-155.0,-146.5,-152.5,-155.5,-150.0,-151.0,-149.0,-148.5,-153.5,-156.0,-156.5,-151.0,-150.0,-150.0,-153.5,-157.0,-153.5,-157.0,-151.0,-151.0,-155.5,-155.0,-157.0,-153.0,-152.5,-156.5,-153.5,-157.0,-152.0,-152.5,-151.5,-157.0,-155.5,-154.5,-156.0,-155.0,-152.0,-154.5,-154.0,-157.0,-154.5,-151.5,-152.0,-146.0,-148.0,-148.5,-153.0,-154.5,-150.5,-149.5,-157.0,-150.5,-154.5,-152.5,-148.5,-154.0,-152.5,-152.5,-156.5,-148.5,-153.5,-154.0,-154.5,-156.0,-156.5,-157.0,-154.0,-153.0,-157.0,-157.0,-153.5,-153.0,-153.5,-151.5,-154.0,-151.0,-156.0,-151.5,-151.5,-157.0,-156.5,-155.0,-150.0,-153.0,-154.0,-156.0,-157.0,-157.0,-155.0,-151.5,-149.0,-153.5,-153.0,-150.5,-149.0,-145.0,-147.5,-151.5,-149.5,-147.0,-149.5,-151.5,-151.5,-157.0,-157.0,-150.5,-152.5,-156.0,-156.0,-153.5,-153.5,-155.0,-151.5,-154.0,-151.0,-154.5,-157.0,-155.5,-151.5,-152.0,-155.0,-152.5,-152.0,-151.5,-155.5,-153.0,-156.0,-157.0,-157.0,-157.0,-154.5,-157.0,-157.0,-157.0,-154.0,-153.0,-157.0,-150.0,-153.0,-154.5,-151.0,-150.5,-157.0,-147.5,-148.5,-155.0,-157.0,-156.5,-143.5,-144.5,-154.0,-154.0,-151.0,-154.0,-148.0,-149.0,-157.0,-157.0,-153.5,-154.5,-148.5,-146.5,-157.0,-154.5,-157.0,-157.0,-152.0,-147.0,-149.0,-149.5,-157.0,-151.0,-147.5,-153.0,-154.5,-154.0,-157.0,-157.0,-157.0,-157.0,-154.0,-154.5,-148.5,-146.5,-147.5,-149.0,-149.0,-152.5,-147.5,-153.5,-153.5,-157.0,-155.0,-153.0,-149.5,-149.0,-150.5,-153.5,-154.0,-154.0,-157.0,-157.0,-154.5,-155.0,-157.0,-156.0,-150.5,-152.0,-157.0,-151.5,-150.0,-157.0,-150.5,-156.0,-157.0,-157.0,-155.0,-155.5,-155.0,-149.0,-156.5,-157.0,-157.0,-152.0,-151.0,-157.0,-157.0,-155.5,-148.5,-148.5,-153.5,-157.0,-157.0,-157.0,-157.0,-155.5,-151.0,-151.0,-155.0,-157.0,-153.0,-150.0,-152.5,-151.0,-156.5,-153.5,-150.5,-153.5,-153.0,-156.5,-154.5,-151.0,-149.0,-152.5,-157.0,-149.5,-151.5,-150.5,-151.0,-152.5,-157.0,-150.5,-150.0,-157.0,-157.0,-152.5,-152.0,-155.5,-154.5,-156.5,-156.0,-157.0,-154.5,-151.5,-157.0,-154.5,-154.0,-150.0,-152.5,-154.5,-151.5,-152.5,-154.5,-157.0,-157.0,-157.0,-155.5,-150.0,-148.0,-149.0,-148.5,-155.5,-153.5,-154.0,-157.0,-157.0,-151.0,-154.5,-157.0,-152.0,-148.0,-150.5,-155.5,-155.0,-157.0,-145.5,-148.5,-153.5,-152.5,-154.0,-149.5,-151.5,-157.0,-153.0,-153.0,-150.0,-149.5,-156.0,-156.0,-157.0,-157.0,-155.0,-151.5,-152.0,-157.0,-157.0,-157.0,-154.5,-155.0,-156.5,-157.0,-154.0,-156.0,-152.0,-153.5,-156.0,-157.0,-157.0,-151.5,-152.0,-154.5,-157.0,-152.5,-153.0,-148.5,-151.5,-157.0,-157.0,-156.5,-157.0,-157.0,-157.0,-153.5,-153.0,-152.5,-152.0,-147.5,-148.5,-155.5,-157.0,-157.0,-153.5,-157.0,-157.0,-156.0,-149.0,-149.5,-151.5,-154.0,-157.0,-157.0,-157.0,-153.5,-153.0,-151.0,-149.5,-151.5,-153.0,-157.0,-154.5,-151.5,-147.5,-153.5,-155.0,-156.0
2026-01-16 16:42:30.953,143.050000,5,-77,-157.0,-157.0,-157.0,-156.0,-156.5,-155.0,-149.5,-154.5,-154.0,-153.5,-154.5,-157.0,-157.0,-156.0,-157.0,-148.0,-148.0,-153.5,-157.0,-155.5,-157.0,-155.5,-149.0,-149.5,-157.0,-157.0,-157.0,-152.5,-154.5,-155.0,-157.0,-157.0,-152.5,-152.5,-151.5,-155.5,-157.0,-152.5,-157.0,-152.5,-149.5,-149.5,-155.0,-154.5,-157.0,-157.0,-155.5,-153.5,-155.5,-155.5,-153.0,-157.0,-148.0,-149.0,-157.0,-157.0,-150.0,-152.5,-151.5,-147.0,-148.5,-154.5,-157.0,-147.5,-150.0,-155.0,-156.0,-155.0,-149.5,-146.5,-153.0,-157.0,-157.0,-156.0,-151.5,-154.0,-153.5,-157.0,-157.0,-157.0,-151.0,-150.0,-152.0,-150.5,-155.0,-152.5,-156.0,-155.0,-152.5,-155.5,-150.5,-149.0,-156.5,-154.5,-150.5,-147.5,-148.5,-148.5,-149.5,-153.0,-155.5,-155.5,-154.5,-148.5,-152.5,-157.0,-151.0,-155.0,-156.0,-153.5,-150.0,-152.0,-157.0,-155.5,-152.5,-157.0,-153.5,-157.0,-154.0,-153.0,-152.5,-157.0,-154.5,-157.0,-157.0,-157.0,-149.0,-148.5,-157.0,-153.5,-155.5,-151.0,-152.5,-147.5,-157.0,-154.0,-157.0,-154.5,-150.5,-148.5,-152.5,-157.0,-156.5,-157.0,-146.0,-148.5,-157.0,-153.0,-157.0,-149.0,-153.0,-149.5,-150.0,-157.0,-156.0,-151.0,-152.0,-151.5,-153.5,-157.0,-156.0,-155.0,-157.0,-152.0,-151.5,-152.0,-154.5,-155.5,-153.5,-153.5,-156.0,-155.5,-152.0,-153.5,-156.5,-155.5,-157.0,-157.0,-155.0,-152.5,-148.5,-154.0,-156.5,-152.0,-144.5,-142.5,-147.5,-154.0,-149.0,-146.5,-153.5,-154.5,-151.0,-154.0,-156.0,-154.5,-153.5,-153.0,-155.0,-154.0,-153.0,-153.0,-150.5,-157.0,-150.0,-151.5,-157.0,-157.0,-157.0,-152.5,-156.5,-155.0,-155.0,-149.5,-157.0,-153.5,-152.5,-156.5,-157.0,-157.0,-152.5,-151.5,-153.0,-157.0,-152.0,-153.0,-157.0,-156.5,-157.0,-156.0,-153.5,-154.5,-155.5,-147.5,-148.0,-151.0,-153.5,-157.0,-143.5,-144.0,-157.0,-157.0,-153.0,-157.0,-150.0,-153.5,-152.5,-157.0,-155.5,-157.0,-149.5,-151.0,-151.5,-155.5,-156.0,-154.0,-146.5,-147.5,-154.0,-149.0,-152.5,-155.0,-149.0,-151.0,-155.5,-154.0,-157.0,-157.0,-156.5,-157.0,-153.0,-154.5,-151.5,-152.5,-149.5,-148.5,-148.5,-153.0,-146.5,-150.0,-153.5,-150.0,-148.0,-153.0,-148.5,-148.0,-150.0,-154.5,-157.0,-153.0,-157.0,-155.5,-153.0,-151.5,-152.0,-157.0,-150.0,-150.0,-157.0,-152.0,-154.5,-155.0,-151.0,-152.0,-155.5,-155.5,-153.0,-157.0,-152.0,-150.5,-157.0,-157.0,-157.0,-154.5,-151.0,-153.5,-157.0,-157.0,-157.0,-155.5,-155.0,-155.0,-157.0,-157.0,-157.0,-154.0,-156.5,-153.5,-153.5,-156.0,-157.0,-150.0,-151.5,-155.5,-154.5,-152.0,-151.5,-155.0,-149.5,-152.0,-157.0,-152.5,-148.0,-153.5,-155.0,-150.5,-153.0,-151.5,-153.0,-156.5,-157.0,-153.0,-155.5,-154.5,-153.5,-152.5,-150.5,-154.5,-151.5,-157.0,-157.0,-157.0,-150.5,-148.0,-153.0,-152.0,-154.0,-152.5,-157.0,-153.5,-151.5,-153.5,-151.5,-154.5,-157.0,-157.0,-157.0,-157.0,-152.5,-151.0,-150.0,-157.0,-156.0,-157.0,-156.0,-155.0,-156.5,-157.0,-157.0,-150.5,-150.0,-151.5,-157.0,-155.5,-151.0,-144.5,-146.5,-155.0,-157.0,-157.0,-150.5,-153.0,-153.5,-153.5,-151.5,-150.0,-149.5,-149.5,-153.5,-154.0,-155.5,-155.5,-149.0,-152.0,-155.5,-155.5,-154.5,-154.5,-152.0,-153.0,-157.0,-152.5,-154.0,-153.5,-150.5,-153.0,-156.5,-154.0,-155.5,-154.5,-152.5,-153.0,-150.0,-150.5,-148.5,-152.5,-157.0,-156.5,-151.0,-157.0,-157.0,-157.0,-157.0,-152.0,-149.0,-155.5,-153.0,-153.0,-154.0,-157.0,-152.5,-152.5,-151.5,-153.0,-155.0,-153.0,-157.0,-153.5,-156.5,-157.0,-157.0,-153.0,-156.5,-156.0,-148.5,-150.5,-150.5,-152.5,-156.0,-153.0,-151.0,-148.0,-154.0,-157.0,-157.0
2026-01-16 16:42:30.983,143.050000,5,-77,-157.0,-157.0,-157.0,-157.0,-156.0,-150.5,-147.5,-155.0,-154.0,-154.0,-154.5,-154.0,-157.0,-154.0,-153.0,-146.0,-149.0,-154.5,-152.5,-151.0,-157.0,-157.0,-152.5,-148.0,-152.0,-152.5,-156.0,-155.0,-156.0,-154.0,-157.0,-157.0,-147.0,-148.5,-153.5,-154.0,-154.5,-152.5,-154.0,-155.5,-156.0,-151.5,-154.0,-151.0,-153.5,-157.0,-157.0,-156.5,-154.5,-151.5,-150.5,-152.0,-150.0,-151.5,-156.5,-157.0,-150.0,-152.5,-155.0,-151.0,-150.0,-154.5,-157.0,-147.5,-147.0,-155.5,-149.0,-150.0,-147.0,-147.0,-151.0,-156.0,-155.5,-157.0,-153.5,-153.0,-152.5,-157.0,-156.0,-154.5,-157.0,-153.5,-149.0,-147.5,-152.5,-157.0,-156.0,-154.5,-152.0,-157.0,-149.5,-150.0,-152.5,-154.0,-150.5,-149.0,-155.5,-153.5,-150.5,-153.0,-152.5,-155.0,-157.0,-151.0,-157.0,-155.5,-151.5,-155.0,-157.0,-148.5,-146.0,-156.0,-157.0,-154.0,-151.5,-157.0,-154.0,-156.5,-157.0,-157.0,-156.5,-156.0,-154.5,-157.0,-157.0,-157.0,-153.5,-150.0,-153.0,-150.5,-152.0,-151.0,-148.5,-149.5,-157.0,-153.5,-152.5,-157.0,-157.0,-149.5,-147.0,-152.0,-157.0,-155.0,-146.5,-148.5,-157.0,-157.0,-155.5,-150.5,-148.0,-148.5,-151.5,-154.5,-155.0,-148.0,-153.0,-153.5,-150.5,-156.5,-154.0,-150.0,-151.5,-155.5,-155.0,-156.5,-156.5,-157.0,-155.5,-154.0,-157.0,-157.0,-157.0,-157.0,-157.0,-153.5,-156.5,-157.0,-152.5,-149.0,-148.5,-152.0,-157.0,-154.0,-145.0,-146.5,-150.0,-156.0,-156.0,-149.5,-150.0,-151.0,-150.0,-152.5,-152.0,-157.0,-155.5,-154.0,-155.5,-157.0,-155.5,-148.5,-148.5,-157.0,-152.0,-150.5,-157.0,-157.0,-156.0,-155.0,-154.0,-152.0,-152.0,-148.5,-155.5,-155.0,-154.0,-157.0,-157.0,-157.0,-153.0,-151.0,-154.5,-157.0,-157.0,-155.0,-157.0,-157.0,-155.5,-157.0,-154.5,-154.5,-151.0,-152.5,-150.5,-148.0,-155.5,-157.0,-150.0,-145.5,-156.0,-156.0,-155.0,-156.5,-150.0,-148.0,-148.5,-157.0,-151.5,-155.5,-152.5,-155.5,-152.5,-152.5,-150.0,-147.0,-145.0,-148.5,-150.0,-149.0,-152.5,-157.0,-157.0,-152.5,-152.5,-152.0,-157.0,-157.0,-156.0,-155.0,-152.5,-152.5,-154.0,-157.0,-154.5,-154.0,-152.0,-152.5,-146.5,-146.5,-157.0,-151.5,-147.5,-151.5,-152.5,-153.0,-151.5,-153.0,-153.5,-151.5,-157.0,-157.0,-153.5,-150.5,-153.0,-154.0,-152.0,-149.0,-151.5,-155.0,-155.5,-156.5,-152.0,-148.5,-152.5,-156.0,-154.5,-157.0,-154.5,-153.0,-157.0,-157.0,-154.5,-153.5,-152.0,-153.5,-157.0,-157.0,-157.0,-157.0,-155.5,-152.0,-151.5,-155.5,-156.5,-155.5,-155.0,-155.5,-155.5,-156.5,-157.0,-152.5,-153.0,-151.5,-150.0,-152.5,-153.0,-155.5,-150.0,-150.5,-156.5,-152.0,-148.0,-151.5,-152.0,-154.0,-154.5,-155.5,-154.5,-157.0,-157.0,-157.0,-153.5,-151.0,-150.5,-151.0,-151.0,-151.5,-150.0,-157.0,-157.0,-157.0,-152.5,-150.0,-151.5,-152.0,-156.5,-154.5,-156.5,-154.5,-151.0,-150.5,-152.5,-149.0,-151.0,-155.5,-156.5,-157.0,-153.5,-151.0,-149.5,-157.0,-157.0,-156.5,-149.5,-150.5,-157.0,-157.0,-157.0,-149.0,-152.5,-154.5,-157.0,-157.0,-151.5,-148.5,-150.5,-153.0,-151.5,-153.0,-148.5,-151.0,-154.0,-154.5,-151.0,-153.5,-150.0,-150.0,-157.0,-151.5,-150.5,-157.0,-150.5,-157.0,-155.0,-156.5,-154.5,-154.0,-152.0,-150.0,-157.0,-152.0,-152.0,-155.5,-151.0,-151.0,-150.0,-150.5,-156.0,-153.5,-153.5,-155.5,-153.0,-150.0,-149.5,-151.5,-157.0,-152.5,-148.5,-155.5,-153.5,-154.5,-154.0,-150.5,-150.0,-157.0,-157.0,-157.0,-157.0,-157.0,-148.0,-148.0,-149.0,-153.5,-154.0,-154.0,-154.0,-153.5,-153.0,-157.0,-157.0,-148.5,-150.5,-157.0,-153.0,-151.5,-153.5,-155.0,-157.0,-153.0,-150.5,-151.0,-155.5,-156.5,-157.0
2026-01-16 16:42:31.020,143.050000,5,-77,-157.0,-157.0,-153.5,-156.0,-152.0,-146.5,-146.5,-154.5,-152.5,-152.0,-154.5,-154.5,-152.0,-153.0,-149.5,-148.0,-151.0,-157.0,-157.0,-150.5,-157.0,-152.5,-150.5,-149.5,-148.5,-150.0,-153.0,-157.0,-157.0,-153.5,-154.5,-154.0,-148.5,-151.0,-157.0,-154.0,-157.0,-157.0,-153.0,-151.5,-157.0,-154.0,-148.0,-148.0,-153.5,-156.5,-157.0,-154.5,-155.5,-156.5,-156.0,-152.0,-149.0,-151.5,-156.0,-156.5,-153.0,-154.5,-156.5,-157.0,-157.0,-157.0,-153.0,-152.5,-149.0,-150.0,-148.5,-155.0,-149.0,-155.5,-155.0,-151.5,-153.5,-157.0,-157.0,-149.5,-150.0,-157.0,-151.5,-151.5,-155.5,-153.0,-150.5,-150.5,-152.0,-156.0,-156.0,-157.0,-154.0,-156.5,-152.5,-150.5,-152.0,-154.5,-151.0,-152.0,-156.5,-154.5,-154.5,-155.5,-153.0,-156.5,-157.0,-149.0,-156.5,-155.5,-155.5,-157.0,-157.0,-148.0,-145.5,-157.0,-157.0,-153.5,-150.5,-154.5,-157.0,-157.0,-157.0,-155.5,-153.0,-149.0,-150.5,-157.0,-157.0,-157.0,-157.0,-150.0,-149.0,-150.5,-153.0,-153.5,-150.5,-155.5,-157.0,-153.5,-153.0,-157.0,-157.0,-155.0,-146.5,-150.0,-157.0,-157.0,-147.0,-149.5,-156.5,-157.0,-153.0,-153.0,-149.0,-149.0,-154.5,-154.5,-150.0,-148.0,-155.0,-154.0,-149.0,-152.5,-155.0,-149.0,-150.0,-157.0,-153.5,-152.0,-155.5,-157.0,-157.0,-155.0,-154.5,-152.0,-157.0,-157.0,-157.0,-151.5,-156.5,-156.0,-155.0,-151.5,-152.5,-157.0,-153.0,-150.0,-150.0,-150.5,-154.5,-157.0,-157.0,-157.0,-155.0,-151.5,-151.0,-148.5,-148.5,-156.0,-154.0,-154.0,-157.0,-151.5,-157.0,-151.5,-149.0,-149.5,-149.5,-155.5,-155.0,-157.0,-157.0,-157.0,-152.0,-151.0,-149.5,-150.0,-150.5,-155.0,-152.5,-157.0,-153.5,-156.0,-157.0,-157.0,-154.0,-152.5,-157.0,-156.0,-156.5,-152.5,-152.5,-155.0,-154.0,-156.5,-154.0,-155.5,-155.5,-149.0,-157.0,-154.0,-149.0,-145.5,-157.0,-157.0,-157.0,-151.0,-151.0,-149.0,-148.0,-154.0,-149.0,-148.0,-151.0,-152.0,-157.0,-157.0,-150.5,-150.0,-148.0,-154.0,-150.0,-156.0,-157.0,-157.0,-155.0,-151.5,-156.5,-156.0,-156.0,-157.0,-157.0,-153.0,-151.5,-150.5,-152.5,-157.0,-157.0,-157.0,-151.5,-152.5,-150.5,-151.0,-155.5,-157.0,-148.5,-151.5,-155.5,-153.5,-156.0,-149.5,-152.5,-152.5,-157.0,-157.0,-156.0,-156.5,-157.0,-155.5,-153.0,-146.0,-148.5,-157.0,-153.5,-156.5,-154.0,-150.5,-150.5,-157.0,-157.0,-153.5,-153.5,-151.5,-152.5,-156.0,-155.0,-154.5,-155.0,-157.0,-157.0,-157.0,-157.0,-152.5,-152.0,-153.0,-151.5,-152.0,-157.0,-154.5,-151.0,-157.0,-154.0,-155.5,-155.5,-153.5,-151.0,-146.0,-146.0,-148.0,-152.5,-150.5,-153.5,-152.5,-153.0,-156.0,-149.0,-154.0,-153.5,-156.0,-156.5,-157.0,-157.0,-150.0,-151.0,-156.5,-151.0,-151.5,-149.0,-151.5,-151.0,-152.5,-152.5,-156.0,-154.5,-156.0,-154.0,-157.0,-154.0,-151.0,-152.0,-153.5,-150.5,-152.5,-156.0,-151.0,-152.0,-147.0,-149.5,-156.5,-157.0,-156.5,-150.0,-151.0,-152.0,-151.5,-154.0,-157.0,-150.5,-149.0,-152.5,-153.5,-156.5,-148.0,-153.5,-154.0,-157.0,-156.0,-153.0,-152.0,-150.0,-151.0,-149.5,-152.0,-146.5,-147.5,-155.5,-157.0,-151.5,-152.5,-148.0,-152.0,-157.0,-154.0,-150.0,-153.0,-153.0,-154.0,-153.0,-155.5,-154.5,-153.0,-157.0,-151.0,-155.5,-156.0,-153.0,-155.0,-155.0,-151.0,-149.5,-151.5,-154.0,-152.5,-157.0,-157.0,-152.0,-153.0,-151.5,-157.0,-157.0,-152.0,-149.5,-148.5,-149.0,-156.5,-150.5,-147.0,-149.0,-155.0,-157.0,-154.5,-157.0,-154.0,-147.5,-150.0,-152.0,-150.5,-153.5,-152.5,-150.0,-150.5,-148.5,-151.5,-151.0,-148.5,-151.5,-155.5,-152.0,-149.0,-149.0,-151.0,-157.0,-152.0,-151.0,-153.5,-154.5,-154.0,-156.5
2026-01-16 16:42:31.051,143.050000,5,-77,-157.0,-157.0,-150.0,-153.5,-150.0,-148.0,-149.5,-157.0,-157.0,-149.0,-151.0,-157.0,-151.5,-153.0,-152.0,-150.5,-152.0,-157.0,-155.0,-151.5,-154.5,-150.0,-155.0,-152.0,-150.5,-152.0,-150.5,-152.5,-157.0,-157.0,-155.5,-152.0,-154.5,-157.0,-157.0,-157.0,-157.0,-156.5,-150.0,-148.5,-156.5,-150.0,-148.5,-149.5,-157.0,-151.5,-157.0,-154.5,-153.5,-152.5,-155.5,-157.0,-147.5,-148.0,-154.0,-157.0,-157.0,-157.0,-157.0,-155.0,-157.0,-152.5,-151.5,-157.0,-149.5,-148.0,-151.5,-153.0,-150.5,-157.0,-156.0,-150.5,-155.5,-157.0,-157.0,-148.5,-149.0,-157.0,-151.0,-151.0,-154.0,-153.0,-155.5,-153.5,-151.0,-151.0,-157.0,-157.0,-157.0,-153.0,-147.0,-149.0,-157.0,-157.0,-154.0,-157.0,-156.0,-152.5,-150.5,-151.0,-150.0,-151.0,-150.0,-148.0,-154.0,-157.0,-154.0,-151.5,-157.0,-152.0,-150.0,-157.0,-157.0,-157.0,-153.0,-157.0,-157.0,-153.5,-154.0,-157.0,-149.5,-147.5,-155.0,-153.5,-157.0,-151.5,-154.0,-149.0,-148.0,-153.0,-149.5,-148.0,-149.0,-157.0,-157.0,-157.0,-154.0,-153.5,-156.5,-156.0,-149.5,-152.0,-154.5,-151.5,-146.0,-147.0,-155.5,-152.0,-150.0,-153.0,-157.0,-150.0,-153.5,-156.5,-156.0,-151.5,-156.0,-150.0,-149.5,-151.5,-155.0,-154.0,-155.0,-152.5,-148.5,-148.5,-157.0,-157.0,-156.5,-151.0,-148.5,-149.0,-153.5,-155.5,-155.5,-150.5,-154.0,-151.5,-156.0,-152.0,-155.5,-153.5,-150.0,-147.5,-148.5,-147.5,-154.0,-155.5,-157.0,-155.5,-154.5,-155.5,-156.0,-147.0,-150.0,-157.0,-153.5,-153.0,-154.0,-148.5,-149.5,-150.0,-151.5,-150.0,-146.0,-149.0,-154.5,-157.0,-155.0,-155.0,-152.5,-152.5,-148.5,-151.0,-151.5,-151.0,-152.0,-157.0,-150.5,-152.5,-157.0,-157.0,-153.0,-154.0,-157.0,-157.0,-157.0,-157.0,-152.0,-152.5,-156.0,-157.0,-157.0,-148.5,-150.5,-149.5,-155.0,-152.0,-142.5,-144.5,-157.0,-157.0,-157.0,-151.0,-153.0,-154.5,-153.0,-157.0,-155.0,-150.0,-154.5,-149.0,-152.0,-157.0,-157.0,-154.5,-153.5,-157.0,-150.5,-152.0,-153.5,-152.5,-153.0,-151.5,-157.0,-153.0,-151.0,-157.0,-157.0,-154.5,-150.0,-149.5,-151.0,-157.0,-157.0,-157.0,-153.0,-157.0,-157.0,-156.0,-154.5,-152.5,-149.5,-152.0,-157.0,-154.5,-155.0,-147.0,-150.0,-152.0,-157.0,-155.0,-153.0,-157.0,-156.5,-157.0,-152.0,-146.5,-148.5,-156.5,-157.0,-157.0,-156.5,-154.0,-151.0,-157.0,-152.5,-151.5,-153.5,-149.5,-149.0,-157.0,-157.0,-157.0,-157.0,-157.0,-154.0,-157.0,-157.0,-156.0,-154.0,-156.0,-157.0,-154.5,-157.0,-155.5,-152.0,-155.0,-153.0,-152.5,-157.0,-152.5,-151.5,-148.0,-151.0,-150.0,-154.0,-149.5,-149.5,-155.5,-154.5,-152.5,-150.5,-155.0,-153.0,-156.0,-157.0,-157.0,-152.0,-148.0,-148.0,-157.0,-152.0,-155.0,-150.0,-152.5,-148.5,-149.5,-157.0,-156.0,-151.5,-150.5,-152.0,-156.0,-153.5,-152.5,-151.0,-155.5,-148.0,-147.5,-150.0,-150.5,-152.0,-150.5,-148.5,-157.0,-157.0,-157.0,-152.0,-153.5,-157.0,-149.5,-150.0,-157.0,-157.0,-153.0,-150.0,-154.5,-149.5,-147.0,-151.0,-152.0,-157.0,-156.5,-154.5,-155.5,-148.5,-152.5,-152.0,-157.0,-149.0,-148.0,-157.0,-156.0,-155.5,-152.5,-150.5,-156.0,-157.0,-152.5,-149.5,-152.5,-156.5,-150.0,-148.0,-149.0,-150.0,-151.0,-156.5,-153.5,-151.5,-153.5,-152.5,-152.0,-150.0,-150.0,-149.0,-152.5,-151.5,-149.0,-151.0,-157.0,-148.0,-157.0,-156.0,-157.0,-157.0,-155.0,-155.0,-147.0,-151.5,-153.0,-147.0,-147.5,-148.5,-149.0,-151.0,-152.0,-157.0,-157.0,-150.0,-153.5,-153.5,-145.5,-148.5,-150.0,-149.0,-152.5,-147.0,-147.0,-155.0,-153.5,-157.0,-157.0,-151.5,-154.0,-146.0,-148.0,-157.0,-157.0,-157.0,-153.0,-157.0,-156.0,-157.0
2026-01-16 16:42:31.086,143.050000,5,-77,-157.0,-157.0,-153.0,-153.0,-155.5,-153.5,-157.0,-157.0,-157.0,-149.0,-150.0,-157.0,-156.0,-153.0,-157.0,-148.0,-148.0,-155.0,-152.0,-153.0,-151.5,-151.5,-153.0,-150.5,-155.0,-156.5,-151.0,-154.5,-157.0,-157.0,-157.0,-151.5,-153.5,-156.0,-153.5,-157.0,-153.5,-152.0,-155.0,-148.0,-153.0,-148.5,-153.0,-153.5,-157.0,-151.0,-153.0,-156.5,-151.5,-148.5,-150.0,-156.0,-150.0,-150.5,-154.0,-157.0,-157.0,-157.0,-155.5,-152.0,-153.5,-150.5,-155.0,-156.5,-156.0,-148.5,-151.0,-157.0,-150.5,-151.0,-155.0,-151.0,-156.5,-157.0,-156.5,-147.0,-147.5,-156.5,-152.0,-153.0,-157.0,-157.0,-154.0,-150.5,-151.5,-150.5,-157.0,-157.0,-157.0,-150.5,-145.0,-147.0,-157.0,-157.0,-153.5,-157.0,-155.5,-150.0,-148.5,-153.0,-151.0,-152.0,-147.0,-148.0,-157.0,-157.0,-148.0,-146.0,-151.5,-156.0,-153.0,-153.0,-154.5,-157.0,-152.5,-155.5,-155.5,-152.5,-154.5,-155.5,-157.0,-150.0,-153.0,-151.0,-150.5,-152.0,-149.5,-155.0,-150.5,-151.5,-152.0,-146.0,-148.0,-157.0,-157.0,-157.0,-152.0,-148.5,-152.0,-157.0,-157.0,-154.0,-154.0,-154.5,-149.0,-150.0,-155.5,-150.5,-150.0,-151.0,-154.5,-152.0,-157.0,-157.0,-157.0,-156.5,-157.0,-155.0,-155.5,-152.5,-154.5,-157.0,-157.0,-153.5,-154.5,-151.5,-157.0,-152.0,-150.5,-151.0,-149.0,-151.5,-157.0,-153.5,-150.5,-147.5,-157.0,-151.5,-154.0,-148.0,-150.5,-150.0,-157.0,-149.0,-149.5,-148.5,-156.5,-153.0,-154.5,-152.5,-148.5,-152.5,-156.5,-145.5,-148.0,-157.0,-154.5,-155.5,-154.0,-152.5,-148.0,-149.0,-157.0,-157.0,-146.0,-144.0,-148.0,-154.0,-153.5,-154.5,-153.5,-152.0,-150.5,-154.0,-155.0,-150.5,-155.0,-151.0,-150.0,-155.5,-153.5,-156.0,-155.5,-157.0,-153.0,-156.0,-155.5,-154.0,-150.5,-154.0,-157.0,-152.5,-149.0,-147.5,-148.0,-150.5,-157.0,-154.5,-143.5,-146.5,-157.0,-157.0,-157.0,-154.0,-153.0,-151.5,-155.5,-157.0,-157.0,-154.5,-157.0,-148.5,-150.5,-157.0,-152.0,-149.0,-154.0,-157.0,-150.0,-148.5,-151.0,-154.0,-157.0,-156.0,-154.5,-153.5,-153.0,-151.0,-151.0,-157.0,-152.0,-153.0,-150.0,-157.0,-156.5,-154.5,-154.0,-152.5,-153.5,-150.5,-151.0,-150.0,-149.0,-152.5,-157.0,-157.0,-157.0,-147.0,-148.0,-149.5,-157.0,-157.0,-153.0,-154.0,-157.0,-157.0,-156.5,-151.5,-152.0,-154.5,-157.0,-157.0,-156.0,-156.5,-154.0,-157.0,-154.5,-157.0,-157.0,-154.0,-152.5,-157.0,-156.0,-155.5,-155.0,-151.0,-152.0,-152.0,-157.0,-157.0,-156.0,-155.0,-157.0,-156.0,-154.5,-156.5,-153.5,-153.0,-152.5,-149.5,-156.0,-152.0,-156.0,-153.5,-157.0,-156.0,-153.0,-155.0,-148.0,-151.5,-151.5,-149.5,-157.0,-154.5,-154.0,-156.5,-157.0,-157.0,-153.0,-155.0,-151.5,-152.5,-153.0,-152.0,-152.5,-157.0,-150.5,-151.5,-155.5,-157.0,-157.0,-148.5,-148.5,-157.0,-157.0,-157.0,-154.5,-157.0,-149.5,-147.5,-147.0,-146.5,-152.5,-157.0,-148.5,-156.0,-157.0,-155.5,-152.5,-155.5,-155.5,-152.0,-153.0,-157.0,-153.5,-154.5,-149.5,-153.0,-149.0,-148.0,-154.0,-155.0,-157.0,-157.0,-156.5,-157.0,-148.5,-149.5,-153.5,-156.0,-153.5,-152.5,-157.0,-156.0,-154.0,-156.0,-154.5,-156.5,-156.5,-148.5,-147.0,-151.5,-157.0,-149.5,-149.0,-151.0,-151.5,-149.5,-155.0,-150.5,-150.0,-156.0,-152.5,-154.0,-152.0,-150.5,-150.5,-157.0,-155.5,-149.0,-148.5,-153.0,-147.5,-154.5,-157.0,-156.0,-156.5,-151.0,-152.0,-147.5,-152.0,-152.0,-151.0,-156.0,-151.0,-145.0,-154.0,-152.5,-152.0,-150.0,-149.0,-152.5,-148.5,-145.5,-147.5,-153.0,-151.5,-156.0,-153.0,-148.5,-151.5,-157.0,-157.0,-157.0,-156.5,-150.5,-147.5,-151.5,-157.0,-156.5,-157.0,-153.5,-157.0,-155.5,-157.0
2026-01-16 16:42:31.117,143.050000,5,-77,-157.0,-157.0,-157.0,-157.0,-157.0,-157.0,-157.0,-157.0,-157.0,-154.0,-152.0,-155.0,-152.5,-152.0,-154.0,-148.5,-151.0,-157.0,-155.0,-157.0,-151.5,-154.5,-152.5,-151.0,-155.5,-157.0,-152.0,-157.0,-157.0,-157.0,-154.5,-153.0,-151.5,-157.0,-153.5,-154.0,-154.0,-150.0,-154.5,-149.0,-150.5,-152.0,-151.0,-155.5,-152.0,-152.5,-153.0,-157.0,-152.0,-151.5,-151.0,-152.5,-150.5,-151.5,-151.0,-151.0,-155.5,-155.5,-153.0,-153.5,-149.0,-150.0,-157.0,-154.5,-157.0,-152.0,-149.0,-157.0,-154.5,-154.0,-157.0,-152.0,-152.5,-156.0,-156.5,-149.0,-148.5,-157.0,-156.5,-157.0,-157.0,-153.5,-152.5,-149.0,-151.5,-153.0,-154.5,-155.5,-155.5,-147.5,-148.0,-152.0,-152.5,-152.0,-149.0,-150.5,-157.0,-149.0,-149.5,-154.0,-154.0,-157.0,-152.5,-150.5,-157.0,-155.5,-147.5,-146.5,-150.5,-151.5,-152.5,-152.5,-157.0,-156.0,-151.0,-157.0,-154.0,-155.5,-157.0,-155.0,-157.0,-155.5,-153.0,-150.0,-147.5,-149.5,-147.0,-151.0,-155.5,-154.5,-153.0,-147.5,-148.0,-153.5,-156.5,-153.0,-151.5,-149.5,-156.0,-157.0,-157.0,-154.5,-153.5,-150.5,-150.0,-155.5,-153.0,-154.5,-155.5,-151.5,-154.5,-157.0,-156.0,-152.0,-156.0,-157.0,-154.5,-156.5,-155.5,-151.5,-157.0,-154.5,-154.0,-157.0,-157.0,-154.0,-157.0,-151.5,-148.5,-157.0,-152.0,-150.0,-152.5,-157.0,-155.5,-148.5,-157.0,-157.0,-149.0,-148.0,-151.5,-153.5,-157.0,-150.5,-151.5,-150.5,-157.0,-154.0,-157.0,-152.0,-148.5,-154.0,-152.5,-146.5,-146.5,-157.0,-157.0,-157.0,-156.5,-157.0,-151.0,-148.5,-157.0,-156.5,-152.0,-147.0,-148.5,-157.0,-157.0,-153.0,-151.0,-153.5,-155.0,-157.0,-154.5,-154.0,-149.5,-148.5,-153.5,-157.0,-152.0,-150.5,-152.0,-154.5,-152.5,-157.0,-157.0,-153.5,-151.0,-154.0,-154.5,-153.5,-151.0,-151.5,-152.0,-152.5,-157.0,-150.5,-145.5,-149.0,-156.0,-157.0,-157.0,-155.5,-146.5,-147.5,-151.5,-157.0,-153.0,-155.0,-157.0,-151.0,-152.5,-157.0,-145.5,-145.0,-152.5,-157.0,-153.0,-152.5,-152.5,-157.0,-157.0,-156.0,-154.0,-157.0,-157.0,-152.0,-149.5,-156.5,-154.5,-150.0,-153.5,-154.0,-152.0,-152.0,-156.5,-151.5,-149.0,-147.5,-153.5,-152.0,-149.0,-157.0,-157.0,-156.5,-157.0,-150.0,-151.0,-149.5,-155.0,-157.0,-157.0,-157.0,-157.0,-157.0,-149.0,-150.0,-152.5,-156.0,-157.0,-156.5,-157.0,-157.0,-157.0,-155.5,-152.0,-157.0,-154.5,-155.5,-157.0,-157.0,-157.0,-157.0,-157.0,-150.5,-157.0,-150.0,-153.0,-155.5,-152.5,-152.5,-156.5,-157.0,-155.5,-155.5,-154.5,-154.0,-154.5,-149.0,-149.0,-150.5,-157.0,-157.0,-154.0,-152.5,-157.0,-153.0,-149.5,-153.5,-153.5,-153.0,-157.0,-157.0,-157.0,-157.0,-154.5,-153.0,-157.0,-157.0,-156.5,-151.0,-157.0,-154.5,-154.0,-156.0,-153.5,-155.5,-153.5,-157.0,-157.0,-148.0,-151.5,-157.0,-157.0,-155.0,-157.0,-157.0,-150.0,-148.0,-148.0,-148.5,-156.0,-155.5,-151.0,-157.0,-157.0,-154.0,-149.0,-153.0,-148.5,-151.5,-157.0,-154.0,-152.5,-150.5,-148.5,-151.0,-152.5,-149.0,-155.0,-157.0,-157.0,-152.0,-157.0,-157.0,-149.5,-149.5,-153.0,-155.5,-157.0,-157.0,-157.0,-157.0,-153.0,-153.0,-153.5,-152.5,-152.5,-150.0,-148.5,-152.5,-150.5,-152.0,-156.5,-157.0,-156.0,-153.0,-154.5,-151.5,-152.0,-157.0,-156.0,-157.0,-156.0,-156.5,-156.5,-157.0,-155.0,-148.0,-148.5,-152.5,-149.5,-157.0,-155.5,-153.0,-157.0,-148.5,-150.0,-151.5,-153.5,-157.0,-157.0,-157.0,-154.0,-145.0,-152.5,-155.5,-153.0,-153.5,-149.5,-151.0,-152.5,-152.5,-150.0,-157.0,-155.5,-157.0,-157.0,-152.5,-149.5,-155.5,-157.0,-157.0,-152.5,-150.5,-154.5,-153.5,-156.5,-152.0,-153.5,-153.5,-157.0,-157.0,-155.5
2026-01-16 16:42:31.151,143.050000,5,-77,-157.0,-157.0,-157.0,-157.0,-155.5,-157.0,-151.5,-155.5,-157.0,-157.0,-153.5,-153.5,-155.5,-155.5,-156.5,-151.5,-153.5,-157.0,-157.0,-157.0,-151.5,-155.5,-156.0,-152.0,-153.0,-155.0,-152.0,-156.0,-154.5,-153.5,-151.5,-157.0,-152.0,-155.5,-156.5,-156.5,-154.0,-150.5,-155.0,-152.5,-148.0,-154.0,-153.0,-155.5,-149.5,-150.0,-156.0,-153.0,-154.0,-157.0,-149.0,-148.5,-153.5,-155.0,-151.5,-149.5,-156.5,-157.0,-155.0,-157.0,-153.0,-157.0,-152.5,-154.0,-153.0,-155.5,-150.0,-151.5,-153.0,-157.0,-156.0,-154.5,-155.0,-153.0,-153.0,-154.5,-152.0,-157.0,-155.0,-152.5,-149.0,-149.5,-150.0,-149.0,-149.0,-156.5,-156.0,-150.5,-152.5,-149.0,-151.5,-156.0,-150.0,-149.0,-150.0,-153.5,-157.0,-152.5,-154.0,-157.0,-157.0,-157.0,-157.0,-150.0,-156.0,-155.5,-155.0,-152.0,-152.5,-152.5,-150.5,-149.5,-152.5,-153.0,-150.0,-155.0,-151.0,-157.0,-157.0,-157.0,-157.0,-157.0,-157.0,-149.0,-150.5,-149.5,-147.5,-147.0,-155.0,-153.5,-156.5,-150.5,-151.0,-154.0,-154.0,-149.5,-149.5,-154.0,-154.0,-154.5,-157.0,-156.0,-154.5,-148.5,-150.0,-154.0,-150.5,-152.5,-152.5,-149.5,-157.0,-157.0,-151.0,-148.5,-149.0,-154.0,-148.0,-150.5,-154.5,-150.5,-157.0,-149.5,-150.0,-157.0,-155.5,-155.5,-157.0,-157.0,-148.0,-156.0,-152.0,-150.5,-150.0,-156.0,-157.0,-149.5,-152.0,-154.0,-152.0,-153.0,-157.0,-154.0,-150.0,-148.0,-151.5,-152.5,-152.5,-152.5,-156.0,-154.0,-150.0,-155.0,-157.0,-154.0,-149.0,-157.0,-153.0,-157.0,-154.0,-157.0,-157.0,-151.0,-153.0,-152.5,-154.5,-150.0,-151.0,-153.5,-154.0,-150.0,-148.0,-152.5,-156.0,-154.0,-152.5,-156.5,-150.0,-150.0,-156.5,-157.0,-154.0,-150.5,-152.5,-151.0,-156.5,-157.0,-156.0,-152.5,-151.5,-151.0,-152.0,-157.0,-157.0,-156.5,-157.0,-157.0,-157.0,-153.0,-144.0,-145.0,-154.5,-157.0,-157.0,-153.5,-147.5,-151.5,-154.5,-151.5,-149.0,-151.5,-157.0,-152.5,-153.5,-157.0,-145.0,-144.5,-148.0,-150.5,-156.5,-156.0,-150.5,-157.0,-157.0,-151.5,-152.0,-157.0,-155.0,-155.5,-153.0,-157.0,-155.0,-149.0,-152.5,-150.0,-151.0,-149.0,-150.5,-150.5,-150.5,-151.5,-155.5,-156.5,-152.5,-153.0,-154.0,-151.0,-157.0,-156.0,-156.5,-149.5,-157.0,-157.0,-154.5,-155.0,-156.5,-152.5,-148.0,-150.0,-149.0,-152.0,-153.5,-155.5,-152.0,-156.0,-157.0,-157.0,-149.5,-150.0,-153.5,-157.0,-157.0,-153.5,-151.5,-157.0,-156.5,-152.0,-157.0,-149.0,-148.5,-154.5,-151.5,-153.0,-151.5,-157.0,-157.0,-154.5,-157.0,-153.0,-157.0,-152.0,-151.5,-153.0,-154.5,-151.5,-150.5,-152.0,-157.0,-153.5,-156.0,-157.0,-157.0,-156.5,-157.0,-154.5,-152.5,-156.5,-153.5,-150.5,-156.0,-157.0,-157.0,-149.5,-151.0,-157.0,-157.0,-154.5,-157.0,-153.5,-154.0,-156.0,-157.0,-149.0,-153.5,-155.0,-152.5,-151.0,-154.0,-151.5,-156.0,-153.0,-154.5,-152.5,-157.0,-156.0,-152.0,-153.0,-156.0,-153.0,-148.0,-157.0,-148.5,-149.5,-154.0,-153.0,-154.5,-153.0,-153.0,-157.0,-154.0,-151.0,-155.5,-157.0,-152.5,-148.5,-155.5,-154.0,-153.5,-152.5,-150.5,-153.5,-154.5,-152.5,-156.0,-157.0,-154.5,-152.5,-150.5,-150.5,-155.0,-156.0,-149.5,-148.0,-148.5,-157.0,-157.0,-157.0,-157.0,-156.5,-155.5,-153.5,-155.5,-157.0,-157.0,-157.0,-157.0,-156.0,-157.0,-154.0,-150.5,-149.0,-152.5,-154.0,-151.0,-157.0,-156.0,-154.0,-155.0,-149.5,-151.5,-157.0,-151.5,-152.0,-154.5,-154.0,-153.0,-150.0,-150.5,-157.0,-157.0,-157.0,-151.0,-155.5,-157.0,-154.0,-152.0,-157.0,-157.0,-157.0,-157.0,-155.0,-151.5,-157.0,-157.0,-154.0,-149.0,-150.0,-157.0,-152.5,-157.0,-151.0,-151.0,-153.0,-157.0,-157.0,-155.0
2026-01-16 16:42:31.183,143.050000,5,-77,-157.0,-157.0,-157.0,-157.0,-155.0,-155.0,-148.5,-154.5,-157.0,-157.0,-157.0,-156.5,-157.0,-157.0,-157.0,-156.5,-156.0,-153.5,-153.0,-153.0,-149.5,-152.5,-150.5,-151.0,-157.0,-154.0,-153.0,-152.0,-153.0,-150.0,-148.5,-151.0,-151.5,-153.0,-157.0,-157.0,-149.5,-149.0,-148.5,-149.0,-148.0,-154.5,-153.5,-154.5,-152.0,-151.5,-154.0,-150.0,-155.0,-157.0,-145.5,-146.0,-155.5,-157.0,-157.0,-151.5,-157.0,-157.0,-151.0,-153.5,-153.5,-157.0,-151.0,-154.5,-149.5,-150.0,-152.0,-147.0,-148.5,-154.0,-153.0,-157.0,-157.0,-155.5,-154.5,-157.0,-151.5,-155.0,-148.5,-148.0,-146.0,-155.0,-150.5,-154.0,-152.0,-155.5,-150.0,-146.5,-150.5,-149.5,-153.5,-152.5,-150.5,-153.5,-157.0,-157.0,-156.5,-152.5,-157.0,-157.0,-155.0,-154.5,-152.5,-149.0,-150.0,-152.0,-157.0,-157.0,-152.0,-151.5,-150.0,-148.5,-147.0,-156.5,-149.5,-149.5,-147.5,-157.0,-157.0,-157.0,-157.0,-157.0,-153.0,-149.0,-151.5,-154.5,-154.0,-149.5,-157.0,-154.5,-154.0,-151.5,-153.0,-156.5,-153.0,-149.0,-150.5,-155.0,-153.0,-154.5,-157.0,-157.0,-157.0,-152.0,-155.5,-149.0,-148.5,-153.0,-153.5,-150.0,-157.0,-157.0,-153.5,-152.5,-148.5,-153.5,-147.0,-147.5,-156.0,-149.5,-155.0,-149.5,-151.0,-154.5,-155.0,-157.0,-153.5,-154.5,-151.0,-153.5,-152.0,-157.0,-152.5,-157.0,-157.0,-150.5,-147.5,-148.0,-156.5,-155.5,-155.0,-153.0,-149.5,-147.5,-151.0,-148.0,-151.0,-152.0,-156.5,-155.0,-150.0,-148.5,-154.5,-157.0,-150.0,-156.5,-148.5,-150.5,-153.5,-154.0,-156.0,-152.5,-154.5,-153.0,-154.0,-148.0,-149.0,-151.5,-151.0,-157.0,-149.5,-154.5,-157.0,-157.0,-150.5,-153.5,-156.0,-155.0,-153.0,-157.0,-151.0,-149.5,-154.0,-149.0,-152.5,-152.5,-154.5,-151.0,-157.0,-155.0,-154.5,-157.0,-157.0,-157.0,-157.0,-157.0,-154.0,-151.0,-141.5,-142.5,-152.5,-157.0,-157.0,-153.0,-151.0,-157.0,-156.0,-149.0,-149.5,-156.5,-154.0,-154.0,-154.5,-152.0,-148.5,-149.5,-150.5,-150.0,-157.0,-155.5,-149.0,-153.0,-154.5,-152.5,-154.0,-157.0,-150.0,-150.5,-156.0,-153.0,-152.0,-153.5,-151.0,-147.5,-149.0,-149.5,-156.0,-153.0,-154.5,-157.0,-156.0,-152.0,-156.5,-147.5,-150.0,-151.0,-154.0,-157.0,-156.5,-147.5,-151.0,-153.0,-152.0,-152.0,-157.0,-157.0,-149.5,-149.5,-149.5,-149.0,-149.0,-157.0,-151.5,-151.0,-154.0,-153.0,-151.5,-148.0,-157.0,-157.0,-157.0,-150.5,-148.5,-153.5,-156.5,-153.5,-157.0,-150.0,-147.0,-157.0,-153.5,-155.5,-153.5,-157.0,-157.0,-153.0,-153.0,-151.5,-154.5,-157.0,-156.5,-153.5,-152.0,-150.5,-153.0,-157.0,-157.0,-153.5,-154.5,-152.0,-154.0,-152.5,-154.5,-152.5,-153.0,-150.5,-156.5,-152.0,-156.5,-157.0,-157.0,-149.5,-148.5,-154.5,-156.5,-155.5,-157.0,-156.0,-155.5,-153.5,-157.0,-149.5,-152.0,-153.5,-149.5,-149.0,-151.0,-148.5,-157.0,-157.0,-153.5,-151.5,-156.5,-157.0,-155.0,-152.5,-151.5,-154.5,-148.0,-153.5,-152.0,-154.5,-153.0,-151.5,-154.0,-157.0,-153.5,-156.5,-157.0,-154.0,-156.5,-153.5,-154.0,-151.5,-153.5,-151.5,-156.0,-156.5,-152.5,-153.5,-152.0,-151.0,-154.5,-154.5,-157.0,-156.5,-152.5,-150.5,-155.5,-153.0,-147.5,-147.0,-154.5,-157.0,-156.5,-152.5,-157.0,-156.0,-157.0,-151.0,-157.0,-154.0,-152.5,-157.0,-155.5,-155.5,-157.0,-155.5,-153.5,-154.5,-157.0,-152.0,-153.5,-157.0,-157.0,-157.0,-155.0,-153.0,-155.0,-155.0,-147.5,-148.0,-151.0,-152.0,-157.0,-157.0,-151.0,-152.5,-153.5,-155.5,-151.0,-151.5,-155.0,-155.0,-153.0,-157.0,-157.0,-157.0,-157.0,-157.0,-155.5,-157.0,-157.0,-152.5,-152.0,-150.0,-152.5,-151.0,-157.0,-152.0,-152.5,-152.0,-157.0,-157.0,-157.0
2026-01-16 16:42:31.218,143.050000,5,-77,-157.0,-157.0,-157.0,-156.5,-156.0,-157.0,-149.5,-157.0,-157.0,-157.0,-157.0,-157.0,-152.0,-150.5,-155.5,-157.0,-155.0,-151.0,-154.0,-148.5,-147.5,-156.0,-147.5,-148.5,-157.0,-157.0,-150.0,-148.0,-151.5,-152.0,-150.0,-152.5,-154.5,-157.0,-157.0,-157.0,-151.0,-150.0,-149.0,-150.0,-150.5,-157.0,-152.5,-154.5,-155.0,-156.0,-156.0,-149.0,-150.5,-151.0,-145.0,-146.0,-151.5,-151.5,-157.0,-153.0,-155.5,-157.0,-147.5,-150.5,-154.0,-151.5,-152.0,-157.0,-153.5,-151.5,-152.5,-148.5,-152.0,-152.5,-154.0,-157.0,-157.0,-157.0,-157.0,-157.0,-151.5,-149.5,-146.5,-153.5,-147.5,-150.5,-154.0,-155.5,-155.5,-155.0,-147.5,-145.5,-155.0,-148.0,-157.0,-157.0,-150.0,-152.5,-157.0,-157.0,-157.0,-149.0,-154.0,-154.5,-151.5,-152.0,-149.5,-151.0,-149.0,-153.0,-156.5,-157.0,-152.0,-151.0,-153.5,-150.5,-147.0,-157.0,-150.5,-147.0,-146.5,-157.0,-157.0,-155.5,-157.0,-157.0,-151.0,-150.0,-151.0,-155.0,-153.5,-154.0,-152.5,-153.5,-148.0,-149.5,-151.5,-150.5,-151.0,-151.5,-151.0,-154.0,-151.5,-153.5,-156.5,-157.0,-157.0,-157.0,-157.0,-149.0,-150.0,-154.5,-156.0,-150.5,-155.5,-157.0,-155.5,-153.0,-154.5,-156.0,-151.0,-148.5,-152.0,-147.5,-155.5,-154.0,-156.0,-152.0,-156.0,-157.0,-152.5,-152.5,-156.0,-150.5,-150.0,-157.0,-156.0,-157.0,-153.5,-157.0,-149.5,-150.5,-157.0,-151.5,-151.5,-151.5,-152.5,-153.5,-150.5,-145.0,-154.5,-153.5,-157.0,-154.0,-155.0,-149.0,-153.5,-157.0,-151.0,-155.5,-146.5,-148.5,-155.0,-153.5,-153.0,-152.0,-153.0,-155.0,-153.5,-150.5,-149.5,-152.0,-155.0,-157.0,-150.0,-154.5,-157.0,-156.0,-151.5,-156.5,-157.0,-157.0,-152.0,-149.5,-153.0,-149.5,-152.0,-148.0,-148.5,-154.5,-154.0,-153.0,-157.0,-156.0,-157.0,-157.0,-153.0,-153.5,-157.0,-152.0,-150.5,-153.0,-146.0,-144.5,-146.0,-147.0,-154.0,-150.0,-148.5,-155.0,-152.0,-151.5,-153.0,-157.0,-151.0,-156.5,-153.0,-155.0,-148.0,-152.5,-155.0,-152.5,-154.5,-155.5,-150.5,-156.0,-152.5,-153.5,-157.0,-157.0,-151.0,-150.5,-154.0,-153.0,-149.5,-157.0,-152.5,-148.0,-153.5,-148.5,-154.0,-155.5,-152.0,-152.0,-151.5,-150.5,-152.5,-146.5,-150.5,-152.5,-152.5,-157.0,-151.5,-149.5,-151.5,-150.5,-152.0,-155.0,-157.0,-157.0,-151.5,-146.5,-148.5,-152.0,-150.5,-152.5,-157.0,-148.5,-149.0,-152.0,-150.0,-151.0,-157.0,-157.0,-155.0,-153.0,-149.5,-151.0,-157.0,-157.0,-157.0,-155.0,-148.5,-151.5,-148.0,-148.5,-156.5,-156.0,-157.0,-155.0,-157.0,-151.5,-153.5,-157.0,-153.0,-157.0,-155.5,-154.5,-157.0,-157.0,-157.0,-155.5,-153.5,-149.0,-148.5,-153.0,-157.0,-151.5,-155.5,-151.0,-154.0,-155.5,-156.0,-156.0,-157.0,-153.0,-151.5,-153.5,-153.0,-157.0,-157.0,-157.0,-152.5,-151.0,-157.0,-153.5,-157.0,-154.5,-152.0,-151.5,-152.0,-149.0,-157.0,-156.5,-154.0,-152.0,-157.0,-157.0,-154.0,-147.0,-146.0,-151.0,-150.0,-156.0,-152.0,-157.0,-157.0,-149.0,-149.0,-156.0,-152.5,-155.5,-157.0,-154.0,-156.0,-151.0,-153.5,-153.5,-154.5,-151.0,-157.0,-155.5,-156.0,-153.5,-157.0,-153.5,-157.0,-152.5,-153.5,-157.0,-157.0,-155.0,-157.0,-154.5,-153.5,-149.5,-154.5,-153.0,-153.5,-150.5,-150.5,-157.0,-157.0,-149.0,-157.0,-151.5,-152.0,-154.5,-157.0,-152.0,-150.0,-150.5,-154.5,-157.0,-156.0,-149.5,-155.0,-157.0,-157.0,-157.0,-157.0,-157.0,-155.0,-154.0,-149.5,-154.0,-152.0,-149.0,-157.0,-157.0,-151.5,-150.0,-154.5,-152.0,-154.5,-150.0,-154.0,-157.0,-152.0,-155.5,-157.0,-155.5,-156.5,-157.0,-155.0,-157.0,-157.0,-156.5,-156.5,-155.0,-156.5,-152.5,-153.5,-157.0,-152.5,-152.5,-154.5,-152.0,-157.0
2026-01-16 16:42:31.250,143.050000,5,-77,-157.0,-157.0,-154.0,-150.0,-152.0,-155.0,-148.5,-150.5,-157.0,-157.0,-155.5,-157.0,-155.0,-147.5,-153.5,-156.5,-155.0,-155.5,-151.5,-145.0,-145.5,-157.0,-150.5,-154.0,-155.5,-156.5,-149.5,-148.5,-155.5,-157.0,-154.5,-153.0,-154.5,-157.0,-152.0,-151.5,-154.0,-157.0,-152.0,-155.5,-157.0,-157.0,-154.0,-151.0,-155.5,-154.5,-153.5,-150.5,-153.0,-157.0,-150.5,-152.0,-152.5,-151.0,-151.5,-150.5,-155.5,-157.0,-147.5,-155.5,-153.0,-151.5,-157.0,-156.5,-154.5,-155.0,-157.0,-151.5,-153.5,-157.0,-157.0,-157.0,-157.0,-157.0,-154.5,-154.5,-153.5,-152.5,-150.5,-154.0,-152.0,-150.5,-157.0,-151.5,-151.0,-150.5,-151.0,-150.0,-150.0,-146.0,-151.0,-155.0,-150.0,-150.5,-157.0,-157.0,-157.0,-148.0,-157.0,-154.0,-153.0,-152.5,-152.5,-152.0,-153.0,-157.0,-157.0,-157.0,-156.0,-150.5,-154.5,-152.5,-149.0,-154.5,-157.0,-153.5,-148.5,-151.5,-157.0,-152.5,-156.5,-157.0,-152.0,-150.5,-153.5,-157.0,-154.0,-152.0,-150.5,-152.5,-149.0,-150.0,-152.0,-151.5,-147.0,-148.0,-149.0,-155.0,-150.5,-152.5,-156.5,-157.0,-157.0,-154.0,-151.5,-151.0,-156.5,-154.5,-157.0,-150.0,-155.5,-152.5,-152.0,-153.0,-157.0,-153.5,-152.5,-153.5,-151.0,-147.5,-153.0,-157.0,-157.0,-152.0,-152.0,-157.0,-157.0,-157.0,-152.0,-151.0,-152.0,-153.0,-157.0,-153.5,-152.0,-156.0,-157.0,-157.0,-157.0,-150.5,-153.5,-154.0,-157.0,-154.5,-145.5,-142.5,-152.0,-153.5,-157.0,-153.5,-153.0,-152.5,-157.0,-155.0,-152.5,-153.0,-148.5,-154.0,-156.5,-157.0,-157.0,-155.5,-157.0,-157.0,-156.5,-156.5,-151.0,-154.5,-155.5,-152.0,-151.5,-152.0,-156.0,-152.5,-155.5,-157.0,-157.0,-157.0,-155.5,-146.0,-150.0,-150.5,-149.5,-152.5,-150.0,-153.5,-153.0,-154.5,-153.0,-151.0,-157.0,-154.5,-149.5,-151.0,-157.0,-153.0,-149.0,-153.5,-150.5,-148.5,-146.0,-144.5,-152.5,-152.0,-148.0,-151.5,-152.0,-154.0,-157.0,-157.0,-150.5,-156.0,-150.0,-146.0,-146.0,-151.0,-156.0,-153.0,-153.0,-153.0,-152.5,-154.5,-152.5,-157.0,-157.0,-157.0,-157.0,-156.5,-153.5,-157.0,-150.0,-152.0,-152.5,-152.5,-150.0,-146.5,-152.5,-150.0,-148.5,-153.5,-157.0,-153.0,-154.5,-150.0,-155.0,-153.5,-156.0,-155.5,-153.5,-157.0,-157.0,-152.5,-157.0,-152.0,-152.5,-154.0,-157.0,-149.5,-152.0,-157.0,-157.0,-152.0,-155.5,-150.0,-152.0,-151.5,-149.5,-157.0,-154.5,-157.0,-151.5,-152.0,-153.0,-157.0,-154.0,-156.5,-157.0,-153.5,-149.0,-154.0,-144.5,-145.5,-157.0,-153.5,-152.5,-152.5,-157.0,-153.5,-157.0,-157.0,-153.0,-157.0,-153.5,-155.0,-157.0,-157.0,-157.0,-157.0,-157.0,-150.0,-149.5,-157.0,-157.0,-150.0,-152.5,-154.5,-156.0,-152.5,-154.0,-157.0,-157.0,-157.0,-157.0,-157.0,-153.0,-157.0,-157.0,-157.0,-152.5,-152.0,-151.0,-157.0,-156.0,-153.0,-154.0,-155.5,-150.0,-151.0,-152.5,-150.5,-153.0,-157.0,-156.5,-157.0,-151.0,-149.0,-147.0,-153.5,-156.5,-150.0,-148.5,-156.5,-154.0,-151.0,-149.5,-156.5,-155.0,-157.0,-157.0,-153.5,-153.0,-151.5,-154.0,-151.0,-150.0,-153.5,-157.0,-157.0,-155.0,-154.0,-152.5,-154.5,-156.0,-149.5,-150.5,-157.0,-156.0,-157.0,-157.0,-152.0,-152.5,-151.0,-157.0,-153.5,-154.0,-151.0,-150.5,-154.5,-149.5,-147.5,-157.0,-153.0,-157.0,-153.5,-157.0,-150.5,-147.5,-147.0,-151.0,-157.0,-152.0,-147.5,-148.5,-155.5,-156.5,-152.5,-156.0,-157.0,-156.0,-153.0,-152.0,-152.0,-150.0,-148.5,-154.5,-156.5,-157.0,-153.0,-157.0,-155.5,-157.0,-153.0,-155.5,-153.5,-155.5,-152.5,-156.0,-156.0,-156.5,-155.5,-153.5,-152.0,-153.5,-155.0,-150.5,-153.5,-154.5,-157.0,-154.0,-155.5,-151.5,-153.0,-154.0,-151.0,-156.0
2026-01-16 16:42:31.280,143.050000,5,-77,-157.0,-157.0,-156.5,-150.0,-152.0,-150.0,-150.0,-153.5,-154.5,-152.5,-154.0,-151.5,-152.5,-149.0,-157.0,-154.5,-153.5,-157.0,-148.0,-147.5,-149.5,-151.5,-151.5,-157.0,-157.0,-153.5,-157.0,-152.0,-154.5,-157.0,-153.0,-156.0,-154.5,-153.0,-150.5,-149.5,-157.0,-157.0,-153.0,-152.0,-157.0,-157.0,-156.0,-151.0,-155.0,-153.0,-154.5,-151.5,-153.5,-157.0,-157.0,-157.0,-156.0,-152.5,-152.0,-149.5,-150.0,-152.5,-148.5,-157.0,-154.5,-156.0,-155.5,-152.5,-153.5,-156.0,-157.0,-154.5,-152.0,-154.5,-157.0,-157.0,-157.0,-155.0,-152.5,-154.5,-154.5,-153.5,-156.0,-157.0,-157.0,-152.5,-154.0,-152.0,-151.0,-152.0,-157.0,-156.0,-149.0,-146.5,-152.0,-156.0,-156.5,-152.5,-154.0,-157.0,-153.0,-149.5,-157.0,-153.0,-153.5,-151.0,-152.0,-153.5,-157.0,-157.0,-157.0,-157.0,-153.5,-149.5,-154.5,-156.0,-150.0,-151.5,-157.0,-156.5,-146.5,-147.5,-156.0,-152.5,-155.5,-156.0,-154.5,-151.5,-155.0,-157.0,-157.0,-152.0,-152.0,-149.5,-149.5,-151.5,-149.5,-157.0,-148.0,-148.5,-150.0,-157.0,-155.5,-156.5,-154.0,-155.0,-157.0,-148.0,-146.0,-150.0,-157.0,-156.0,-157.0,-150.0,-154.0,-150.5,-152.0,-157.0,-154.5,-151.0,-157.0,-156.5,-154.0,-151.5,-154.0,-157.0,-157.0,-153.0,-152.5,-156.0,-157.0,-157.0,-153.5,-153.5,-156.0,-150.0,-154.0,-156.5,-154.5,-156.5,-154.5,-154.5,-157.0,-154.0,-155.0,-157.0,-157.0,-152.5,-143.0,-142.5,-154.0,-155.0,-157.0,-157.0,-154.5,-157.0,-155.0,-153.5,-157.0,-153.0,-154.5,-153.0,-155.0,-156.5,-156.0,-156.0,-157.0,-155.5,-156.5,-157.0,-153.5,-156.0,-155.5,-151.0,-157.0,-153.5,-157.0,-150.5,-156.0,-156.5,-156.0,-155.5,-151.5,-145.0,-150.5,-150.5,-150.5,-157.0,-150.0,-149.5,-151.0,-151.0,-150.5,-151.0,-157.0,-154.5,-152.5,-156.5,-157.0,-155.0,-151.0,-155.5,-145.0,-145.0,-150.5,-147.5,-155.5,-157.0,-149.5,-153.5,-152.0,-149.5,-157.0,-153.5,-152.5,-155.0,-151.0,-144.5,-151.0,-157.0,-157.0,-155.5,-154.5,-152.5,-155.5,-152.0,-151.0,-154.5,-156.0,-156.0,-156.0,-157.0,-150.0,-151.5,-148.0,-150.0,-157.0,-157.0,-150.0,-148.5,-151.5,-147.0,-147.5,-156.0,-156.0,-156.0,-157.0,-154.0,-157.0,-152.5,-154.0,-155.0,-154.5,-157.0,-155.5,-152.5,-157.0,-152.0,-151.5,-151.0,-152.0,-152.5,-157.0,-157.0,-157.0,-154.0,-154.0,-149.5,-151.0,-149.0,-155.0,-157.0,-152.5,-148.5,-148.0,-154.0,-153.0,-156.0,-152.0,-154.5,-157.0,-150.0,-151.0,-157.0,-146.5,-146.0,-156.0,-155.5,-150.5,-153.5,-155.0,-157.0,-157.0,-155.5,-152.5,-157.0,-150.5,-153.5,-157.0,-157.0,-152.5,-155.5,-157.0,-151.0,-153.0,-157.0,-156.5,-151.0,-155.0,-156.0,-155.0,-151.0,-152.5,-153.0,-155.0,-157.0,-157.0,-157.0,-153.5,-157.0,-157.0,-157.0,-154.0,-154.0,-149.0,-151.0,-154.0,-156.0,-153.0,-152.5,-154.0,-148.5,-146.0,-146.5,-148.5,-157.0,-155.0,-157.0,-155.5,-156.0,-149.5,-153.0,-152.0,-149.0,-148.0,-155.0,-153.5,-157.0,-156.5,-157.0,-157.0,-157.0,-157.0,-156.5,-149.5,-153.0,-154.0,-154.5,-151.5,-157.0,-156.5,-154.0,-153.5,-153.0,-151.0,-153.5,-149.0,-147.0,-149.5,-154.5,-152.0,-157.0,-153.0,-150.0,-157.0,-153.5,-156.5,-156.5,-157.0,-155.0,-156.5,-153.5,-149.5,-146.5,-152.5,-157.0,-150.5,-151.5,-157.0,-157.0,-153.5,-153.0,-153.0,-154.0,-153.5,-152.0,-151.0,-155.0,-155.0,-149.5,-152.0,-156.0,-157.0,-155.5,-151.0,-149.5,-151.5,-152.5,-156.5,-155.5,-155.0,-152.0,-153.5,-154.5,-157.0,-151.5,-152.5,-154.0,-155.0,-152.0,-152.0,-153.0,-156.0,-155.0,-152.0,-151.0,-152.5,-156.5,-149.5,-149.0,-150.0,-154.5,-153.5,-155.5,-148.5,-150.0,-156.5,-155.0,-155.0
2026-01-16 16:42:31.324,143.050000,5,-77,-157.0,-157.0,-155.5,-154.0,-152.5,-149.0,-150.5,-156.5,-150.5,-152.5,-151.0,-148.0,-152.0,-153.0,-157.0,-154.0,-152.0,-156.0,-151.0,-150.0,-157.0,-151.5,-153.0,-157.0,-156.5,-153.0,-155.0,-152.0,-152.5,-156.5,-152.0,-157.0,-150.0,-148.5,-152.0,-154.0,-157.0,-157.0,-157.0,-151.0,-157.0,-157.0,-157.0,-152.5,-153.5,-156.0,-157.0,-151.5,-157.0,-151.5,-153.5,-150.0,-149.0,-152.5,-153.0,-152.0,-148.5,-148.5,-153.0,-154.0,-156.0,-157.0,-151.0,-151.0,-151.5,-151.5,-156.0,-157.0,-155.0,-151.5,-157.0,-157.0,-157.0,-153.0,-152.0,-157.0,-155.0,-151.0,-152.5,-157.0,-157.0,-156.5,-152.5,-157.0,-157.0,-153.5,-156.5,-157.0,-149.0,-150.0,-157.0,-156.0,-154.5,-157.0,-156.5,-157.0,-150.5,-152.0,-157.0,-153.5,-157.0,-153.5,-155.0,-155.0,-157.0,-157.0,-157.0,-157.0,-155.0,-150.5,-156.0,-157.0,-152.5,-154.5,-156.0,-157.0,-149.0,-147.5,-154.0,-157.0,-152.0,-152.5,-154.0,-152.5,-157.0,-157.0,-157.0,-154.5,-154.0,-147.5,-146.0,-148.5,-149.5,-157.0,-149.5,-151.5,-153.5,-157.0,-157.0,-157.0,-155.0,-152.5,-155.0,-149.0,-147.0,-151.5,-157.0,-157.0,-154.0,-149.5,-156.0,-153.5,-157.0,-154.5,-152.5,-149.0,-151.0,-155.5,-156.5,-157.0,-157.0,-155.0,-157.0,-153.5,-152.5,-151.5,-156.5,-155.0,-155.0,-152.5,-153.5,-146.5,-148.5,-157.0,-153.5,-154.5,-149.5,-151.0,-157.0,-157.0,-157.0,-156.0,-154.5,-157.0,-146.0,-145.0,-152.0,-157.0,-157.0,-157.0,-157.0,-157.0,-157.0,-155.0,-157.0,-157.0,-157.0,-156.0,-156.0,-156.5,-152.5,-152.5,-153.0,-152.5,-155.0,-157.0,-155.5,-156.0,-157.0,-151.0,-151.5,-157.0,-157.0,-145.5,-147.0,-157.0,-153.5,-154.0,-150.0,-145.0,-152.0,-155.0,-156.0,-157.0,-152.5,-152.0,-148.5,-150.0,-151.0,-157.0,-156.0,-157.0,-157.0,-155.0,-154.5,-154.5,-153.5,-157.0,-144.5,-144.0,-157.0,-152.5,-157.0,-157.0,-154.5,-156.0,-157.0,-148.5,-156.0,-150.5,-156.5,-155.0,-145.5,-143.5,-154.0,-157.0,-154.5,-156.5,-157.0,-155.5,-157.0,-156.0,-155.0,-152.0,-151.5,-154.0,-150.5,-155.5,-148.5,-148.5,-148.0,-151.5,-155.0,-157.0,-152.5,-157.0,-152.5,-151.0,-151.5,-157.0,-157.0,-157.0,-157.0,-154.5,-156.0,-151.5,-150.5,-154.5,-155.5,-157.0,-157.0,-154.5,-157.0,-157.0,-157.0,-152.5,-152.0,-154.5,-157.0,-157.0,-154.0,-156.0,-151.5,-150.5,-150.5,-150.5,-155.5,-157.0,-153.5,-145.0,-146.5,-156.5,-154.5,-156.0,-153.5,-151.5,-152.5,-152.5,-154.5,-157.0,-152.0,-150.5,-157.0,-157.0,-149.0,-150.0,-152.5,-157.0,-153.5,-156.0,-153.5,-157.0,-153.0,-156.5,-152.0,-154.0,-149.0,-151.5,-157.0,-152.0,-157.0,-155.0,-152.5,-151.5,-156.5,-157.0,-155.0,-153.0,-150.5,-147.5,-150.5,-156.0,-157.0,-157.0,-155.0,-157.0,-154.5,-156.5,-154.0,-155.0,-148.5,-149.5,-154.0,-157.0,-152.5,-151.5,-157.0,-147.0,-145.5,-153.0,-153.0,-154.0,-155.0,-156.5,-157.0,-157.0,-153.0,-151.0,-152.0,-154.0,-150.0,-157.0,-152.0,-156.0,-157.0,-157.0,-157.0,-157.0,-157.0,-157.0,-151.0,-153.5,-154.0,-155.0,-151.0,-157.0,-156.5,-152.5,-153.0,-154.0,-153.5,-151.5,-150.5,-148.5,-153.5,-150.5,-150.5,-157.0,-150.5,-149.0,-156.0,-151.0,-152.0,-157.0,-156.5,-156.0,-155.5,-154.5,-154.0,-148.5,-151.0,-157.0,-148.0,-150.5,-157.0,-157.0,-157.0,-157.0,-154.5,-152.5,-153.5,-157.0,-156.0,-154.5,-149.5,-148.5,-157.0,-151.0,-151.0,-154.5,-150.5,-152.5,-151.0,-154.5,-157.0,-152.0,-150.0,-154.0,-151.0,-150.5,-151.5,-148.0,-150.0,-156.5,-153.0,-153.5,-152.0,-151.5,-157.0,-156.5,-153.5,-153.0,-152.0,-157.0,-156.5,-153.0,-148.5,-150.0,-157.0,-152.0,-148.5,-149.0,-156.5,-156.5,-155.5
2026-01-16 16:42:31.351,143.050000,5,-77,-157.0,-157.0,-157.0,-156.0,-150.0,-155.5,-152.5,-155.0,-152.0,-156.5,-150.5,-149.5,-157.0,-157.0,-157.0,-157.0,-155.5,-157.0,-155.0,-154.5,-155.5,-154.5,-154.0,-156.5,-155.5,-154.5,-155.0,-155.5,-154.0,-154.0,-155.0,-154.0,-152.5,-147.5,-149.0,-157.0,-157.0,-157.0,-157.0,-150.0,-157.0,-156.5,-154.0,-157.0,-156.0,-153.5,-157.0,-152.5,-154.0,-152.5,-151.5,-148.5,-146.5,-157.0,-157.0,-154.5,-153.0,-152.5,-157.0,-155.5,-154.0,-154.0,-150.5,-154.0,-148.0,-148.5,-157.0,-157.0,-155.5,-151.5,-155.5,-155.5,-156.5,-157.0,-154.5,-156.5,-157.0,-148.5,-151.0,-157.0,-157.0,-157.0,-154.0,-157.0,-157.0,-154.0,-156.5,-155.0,-149.0,-151.5,-157.0,-149.5,-149.5,-157.0,-157.0,-157.0,-155.0,-155.5,-157.0,-152.0,-157.0,-157.0,-157.0,-156.0,-157.0,-154.5,-154.5,-157.0,-157.0,-151.5,-154.0,-157.0,-155.5,-157.0,-157.0,-157.0,-153.0,-150.0,-157.0,-157.0,-149.5,-149.5,-155.5,-155.0,-157.0,-156.5,-157.0,-157.0,-156.5,-149.5,-150.5,-151.0,-153.0,-154.5,-151.5,-151.0,-155.0,-157.0,-157.0,-157.0,-157.0,-151.5,-152.0,-157.0,-151.5,-157.0,-157.0,-157.0,-152.5,-151.0,-155.0,-157.0,-157.0,-157.0,-155.0,-147.0,-147.0,-157.0,-157.0,-153.5,-155.5,-152.5,-151.5,-151.5,-150.5,-148.0,-156.5,-154.0,-152.5,-153.5,-150.0,-147.0,-152.5,-151.0,-151.5,-156.0,-151.0,-157.0,-155.0,-157.0,-157.0,-156.0,-155.0,-157.0,-148.5,-148.5,-157.0,-153.5,-155.0,-157.0,-157.0,-157.0,-156.5,-153.0,-155.5,-155.0,-157.0,-154.5,-157.0,-157.0,-151.0,-154.5,-155.0,-155.0,-152.0,-153.5,-154.0,-157.0,-157.0,-153.0,-153.0,-157.0,-151.5,-144.5,-145.5,-157.0,-155.5,-157.0,-156.0,-146.5,-149.0,-157.0,-155.0,-156.0,-153.0,-151.0,-150.5,-156.5,-150.0,-151.5,-154.5,-157.0,-156.5,-152.0,-150.5,-154.5,-154.0,-157.0,-147.5,-146.0,-157.0,-154.5,-152.5,-154.0,-157.0,-157.0,-153.0,-147.5,-152.0,-149.0,-153.5,-157.0,-146.0,-147.5,-148.5,-155.5,-157.0,-153.5,-153.0,-155.5,-154.5,-156.0,-157.0,-153.5,-155.5,-149.5,-150.0,-157.0,-153.5,-150.5,-152.5,-152.0,-151.5,-152.0,-152.5,-157.0,-157.0,-155.5,-154.0,-157.0,-157.0,-157.0,-157.0,-157.0,-157.0,-153.5,-151.0,-152.5,-152.0,-155.5,-155.0,-154.5,-157.0,-157.0,-156.5,-150.5,-154.5,-157.0,-157.0,-157.0,-157.0,-151.5,-154.0,-157.0,-153.0,-151.0,-155.5,-157.0,-157.0,-148.0,-150.5,-155.0,-155.0,-157.0,-157.0,-154.0,-157.0,-154.0,-151.0,-157.0,-157.0,-157.0,-157.0,-157.0,-147.5,-146.5,-151.0,-151.5,-150.0,-157.0,-155.5,-155.5,-157.0,-157.0,-150.0,-148.5,-150.0,-151.5,-157.0,-153.0,-155.0,-149.0,-149.5,-155.5,-153.5,-151.5,-149.5,-156.0,-156.0,-148.0,-156.5,-156.0,-156.5,-157.0,-153.5,-151.5,-152.0,-157.0,-155.5,-153.0,-154.5,-153.0,-153.0,-155.5,-151.5,-153.0,-152.5,-149.0,-150.5,-154.0,-154.5,-155.5,-156.0,-154.0,-151.0,-157.0,-157.0,-156.5,-157.0,-157.0,-150.5,-157.0,-152.5,-157.0,-157.0,-157.0,-155.5,-157.0,-157.0,-157.0,-156.5,-157.0,-157.0,-150.0,-147.5,-157.0,-157.0,-156.5,-153.0,-153.5,-155.0,-155.0,-154.0,-152.0,-157.0,-151.5,-150.5,-153.5,-151.5,-155.0,-149.5,-148.0,-153.5,-157.0,-155.0,-154.0,-157.0,-156.5,-157.0,-155.5,-157.0,-155.0,-150.0,-150.5,-156.0,-157.0,-157.0,-152.0,-152.5,-153.0,-156.0,-155.0,-155.5,-157.0,-150.5,-150.0,-157.0,-152.5,-152.5,-157.0,-150.5,-150.0,-152.0,-157.0,-152.5,-149.5,-147.5,-154.5,-157.0,-151.0,-151.0,-150.0,-151.5,-157.0,-157.0,-154.5,-153.5,-152.0,-152.0,-157.0,-154.0,-148.5,-148.0,-154.5,-157.0,-155.0,-150.5,-155.5,-157.0,-154.0,-157.0,-151.5,-151.5,-153.0,-155.0
2026-01-16 16:42:31.382,143.050000,5,-77,-157.0,-157.0,-157.0,-152.0,-149.5,-152.0,-149.5,-157.0,-152.0,-154.5,-154.0,-155.0,-157.0,-152.5,-154.0,-154.5,-156.0,-157.0,-157.0,-157.0,-155.0,-155.5,-153.0,-152.5,-157.0,-157.0,-157.0,-157.0,-154.5,-155.5,-156.0,-156.0,-157.0,-150.0,-152.0,-156.0,-157.0,-157.0,-157.0,-150.0,-153.5,-154.0,-154.5,-157.0,-154.0,-150.0,-153.5,-151.0,-153.5,-155.0,-152.0,-150.5,-151.0,-157.0,-157.0,-157.0,-154.5,-154.0,-153.0,-154.0,-152.0,-151.0,-153.5,-150.0,-147.5,-155.0,-157.0,-156.5,-157.0,-154.5,-155.0,-154.5,-153.5,-157.0,-154.5,-154.0,-151.5,-147.5,-151.0,-157.0,-157.0,-154.5,-152.0,-154.5,-155.0,-154.0,-154.5,-148.5,-147.0,-152.0,-157.0,-148.0,-148.0,-152.5,-152.0,-157.0,-157.0,-153.0,-152.5,-151.5,-153.5,-153.0,-157.0,-153.0,-154.5,-153.0,-152.0,-157.0,-152.5,-149.0,-151.5,-154.5,-157.0,-157.0,-157.0,-157.0,-153.0,-154.0,-157.0,-157.0,-151.0,-151.5,-157.0,-155.0,-154.5,-155.0,-156.5,-157.0,-157.0,-150.0,-155.5,-155.0,-154.5,-156.5,-157.0,-157.0,-157.0,-157.0,-157.0,-157.0,-157.0,-153.0,-153.5,-157.0,-152.5,-151.0,-153.5,-157.0,-153.5,-157.0,-154.5,-156.0,-154.5,-157.0,-157.0,-146.0,-147.5,-157.0,-150.5,-149.5,-157.0,-151.5,-148.5,-149.0,-151.0,-150.0,-153.0,-155.0,-152.5,-157.0,-157.0,-148.5,-153.5,-153.0,-156.0,-157.0,-151.5,-154.0,-156.5,-157.0,-157.0,-156.0,-156.5,-155.0,-150.5,-149.0,-157.0,-149.5,-152.0,-154.5,-156.0,-156.0,-155.0,-150.5,-151.5,-151.0,-151.0,-154.5,-157.0,-154.5,-150.5,-155.0,-157.0,-154.5,-149.5,-153.5,-153.0,-157.0,-157.0,-157.0,-157.0,-155.0,-157.0,-148.5,-151.0,-153.0,-156.5,-157.0,-154.0,-150.5,-154.0,-157.0,-153.0,-153.0,-154.5,-149.0,-152.0,-157.0,-152.0,-153.0,-157.0,-157.0,-153.0,-157.0,-150.5,-150.0,-157.0,-149.5,-148.0,-148.0,-156.0,-157.0,-151.5,-152.5,-157.0,-157.0,-153.0,-148.5,-154.0,-149.5,-154.5,-157.0,-149.5,-155.5,-150.0,-155.5,-157.0,-151.5,-150.5,-150.5,-156.0,-156.5,-157.0,-155.0,-156.0,-147.5,-152.5,-157.0,-157.0,-153.5,-155.0,-150.5,-152.5,-154.0,-154.0,-157.0,-157.0,-155.5,-150.5,-153.5,-157.0,-154.0,-153.5,-157.0,-157.0,-157.0,-152.0,-153.0,-153.5,-157.0,-151.5,-151.0,-153.5,-157.0,-154.0,-148.0,-152.0,-157.0,-157.0,-151.5,-154.0,-149.0,-152.5,-153.5,-148.5,-147.5,-157.0,-157.0,-157.0,-150.0,-149.5,-149.5,-153.5,-157.0,-157.0,-157.0,-157.0,-152.5,-152.0,-156.5,-157.0,-157.0,-157.0,-157.0,-149.0,-150.0,-153.0,-151.0,-151.0,-151.5,-156.0,-157.0,-157.0,-157.0,-155.0,-150.0,-157.0,-154.5,-157.0,-154.0,-156.0,-150.0,-153.0,-157.0,-156.0,-148.0,-147.0,-153.0,-152.5,-147.5,-152.0,-152.5,-154.0,-157.0,-152.0,-152.5,-152.0,-155.5,-154.0,-154.5,-157.0,-155.0,-155.5,-157.0,-154.0,-157.0,-150.5,-149.5,-155.5,-154.5,-151.0,-153.5,-156.5,-156.0,-149.5,-157.0,-157.0,-157.0,-157.0,-157.0,-151.5,-155.0,-152.5,-157.0,-152.0,-153.0,-156.5,-155.0,-157.0,-157.0,-157.0,-156.0,-157.0,-149.5,-147.0,-150.5,-153.0,-154.5,-153.0,-156.0,-152.5,-157.0,-153.0,-153.5,-157.0,-153.5,-150.5,-146.0,-147.5,-157.0,-150.5,-148.5,-157.0,-157.0,-157.0,-154.0,-152.5,-153.0,-154.0,-157.0,-157.0,-157.0,-152.5,-148.5,-150.5,-154.5,-156.0,-152.0,-150.5,-153.0,-157.0,-153.5,-156.0,-156.0,-154.0,-153.5,-157.0,-154.5,-157.0,-157.0,-154.0,-151.5,-156.5,-156.0,-150.0,-150.0,-150.5,-155.0,-157.0,-156.0,-154.0,-154.5,-154.0,-157.0,-156.0,-152.5,-153.5,-157.0,-151.5,-155.5,-155.0,-149.5,-149.5,-153.5,-155.5,-156.0,-152.0,-157.0,-156.5,-155.5,-155.5,-156.0,-151.5,-153.5,-151.5
2026-01-16 16:42:31.424,143.050000,5,-77,-157.0,-157.0,-157.0,-154.5,-151.0,-150.5,-151.0,-154.0,-151.0,-155.0,-153.5,-157.0,-152.0,-149.5,-155.0,-155.5,-154.0,-152.0,-156.5,-157.0,-157.0,-157.0,-155.0,-153.0,-157.0,-157.0,-156.5,-153.5,-152.5,-152.0,-150.5,-157.0,-156.0,-153.5,-154.5,-157.0,-157.0,-157.0,-157.0,-153.0,-151.0,-151.0,-157.0,-157.0,-156.5,-152.0,-148.5,-152.5,-153.5,-151.5,-151.0,-155.0,-155.5,-153.5,-157.0,-157.0,-156.0,-155.5,-154.0,-156.0,-155.0,-153.0,-154.5,-149.5,-147.5,-157.0,-153.5,-152.5,-155.0,-157.0,-157.0,-152.0,-151.5,-157.0,-157.0,-153.5,-150.5,-149.5,-152.0,-155.0,-156.0,-151.0,-150.5,-152.5,-157.0,-157.0,-155.5,-150.0,-147.5,-156.5,-157.0,-151.0,-154.0,-157.0,-151.5,-155.5,-157.0,-155.5,-151.0,-152.5,-153.0,-151.0,-157.0,-152.5,-150.5,-154.5,-156.0,-152.5,-149.5,-147.0,-148.0,-155.0,-157.0,-157.0,-157.0,-157.0,-152.0,-157.0,-157.0,-156.5,-154.5,-157.0,-156.5,-152.5,-153.0,-157.0,-154.5,-153.5,-153.5,-146.0,-150.0,-152.0,-154.5,-157.0,-157.0,-156.0,-156.5,-152.5,-154.5,-155.5,-157.0,-156.0,-157.0,-157.0,-153.5,-151.0,-150.0,-153.0,-155.5,-157.0,-157.0,-153.5,-154.0,-157.0,-157.0,-149.5,-154.0,-157.0,-149.0,-148.5,-153.0,-150.5,-151.5,-153.0,-152.0,-152.0,-153.5,-157.0,-150.5,-157.0,-155.0,-149.5,-152.5,-157.0,-157.0,-157.0,-151.0,-152.0,-157.0,-157.0,-157.0,-155.5,-154.5,-153.0,-151.5,-150.0,-155.5,-148.5,-148.0,-149.5,-151.0,-152.5,-153.5,-150.0,-151.5,-151.5,-150.0,-157.0,-154.0,-152.0,-152.5,-156.0,-157.0,-157.0,-150.0,-150.5,-153.5,-157.0,-153.5,-157.0,-157.0,-154.0,-157.0,-153.0,-150.5,-149.0,-155.5,-157.0,-156.5,-154.5,-157.0,-154.0,-156.0,-154.0,-153.0,-150.0,-157.0,-157.0,-154.0,-157.0,-156.0,-153.0,-153.5,-157.0,-154.0,-149.5,-153.5,-147.5,-149.0,-146.5,-153.0,-154.5,-155.0,-153.0,-153.0,-157.0,-155.0,-151.0,-154.0,-150.5,-156.5,-157.0,-154.0,-154.5,-151.5,-152.0,-152.5,-153.5,-156.0,-151.0,-153.0,-157.0,-153.0,-157.0,-150.0,-147.0,-153.0,-153.5,-154.5,-153.5,-152.0,-153.0,-157.0,-157.0,-157.0,-157.0,-157.0,-157.0,-149.5,-151.0,-151.5,-149.5,-152.0,-157.0,-157.0,-157.0,-152.5,-156.0,-157.0,-153.5,-152.5,-151.5,-152.5,-156.5,-150.5,-147.5,-156.0,-157.0,-154.0,-152.0,-150.0,-150.0,-152.0,-151.5,-146.5,-146.0,-154.5,-157.0,-157.0,-152.0,-150.0,-153.0,-155.5,-157.0,-156.0,-157.0,-157.0,-154.5,-154.5,-149.5,-150.0,-153.5,-157.0,-157.0,-150.5,-152.5,-154.5,-152.0,-151.0,-150.5,-154.5,-156.0,-156.0,-156.0,-154.5,-153.0,-157.0,-156.0,-157.0,-153.0,-152.5,-153.5,-157.0,-157.0,-157.0,-149.5,-149.0,-153.0,-151.0,-149.0,-150.0,-149.5,-157.0,-157.0,-156.0,-157.0,-155.0,-156.0,-156.5,-157.0,-154.5,-154.5,-154.5,-154.5,-152.5,-157.0,-150.5,-151.5,-154.5,-157.0,-152.5,-157.0,-157.0,-153.5,-150.0,-156.5,-156.5,-157.0,-153.0,-155.0,-154.5,-157.0,-153.0,-152.5,-154.5,-154.0,-157.0,-155.0,-156.0,-154.0,-153.5,-153.5,-157.0,-154.5,-150.5,-150.5,-150.5,-150.5,-152.0,-151.0,-152.0,-151.0,-155.0,-157.0,-157.0,-156.0,-149.5,-145.5,-147.5,-155.0,-155.5,-152.5,-157.0,-156.0,-157.0,-150.0,-149.0,-153.5,-150.5,-153.0,-157.0,-157.0,-150.0,-148.0,-150.0,-155.0,-153.5,-157.0,-149.5,-151.0,-157.0,-152.0,-153.0,-153.5,-153.0,-157.0,-157.0,-152.0,-154.5,-157.0,-157.0,-157.0,-157.0,-151.0,-153.5,-155.5,-153.5,-156.5,-157.0,-157.0,-151.5,-152.0,-157.0,-157.0,-157.0,-151.0,-152.0,-157.0,-152.5,-154.5,-157.0,-155.5,-154.0,-155.5,-154.0,-157.0,-153.5,-156.5,-154.0,-157.0,-154.5,-157.0,-154.5,-153.0,-150.5
2026-01-16 16:42:31.449,143.050000,5,-77,-157.0,-157.0,-154.5,-157.0,-150.5,-149.5,-154.5,-151.5,-153.5,-156.0,-153.0,-152.0,-151.5,-152.0,-156.0,-157.0,-151.5,-149.5,-151.5,-157.0,-157.0,-157.0,-157.0,-155.0,-157.0,-156.5,-157.0,-153.5,-153.5,-151.0,-149.0,-157.0,-154.5,-157.0,-154.0,-157.0,-157.0,-155.0,-155.5,-157.0,-154.0,-152.0,-155.5,-154.5,-154.5,-153.0,-148.5,-155.0,-153.0,-152.0,-153.5,-157.0,-152.0,-150.0,-155.0,-157.0,-157.0,-157.0,-156.5,-157.0,-157.0,-156.0,-156.5,-155.0,-150.0,-154.5,-151.0,-149.0,-152.5,-154.5,-155.0,-153.0,-153.5,-157.0,-154.0,-157.0,-157.0,-157.0,-157.0,-157.0,-157.0,-153.0,-151.0,-149.0,-152.0,-157.0,-157.0,-151.0,-149.5,-157.0,-157.0,-155.5,-157.0,-157.0,-150.5,-151.5,-157.0,-156.0,-156.5,-154.5,-157.0,-152.0,-152.0,-157.0,-152.0,-157.0,-156.5,-157.0,-152.5,-148.5,-150.5,-157.0,-156.0,-157.0,-157.0,-157.0,-151.0,-150.5,-150.5,-154.5,-151.5,-152.0,-150.0,-152.0,-153.5,-157.0,-154.5,-151.5,-146.5,-142.5,-149.0,-149.5,-152.0,-156.5,-154.0,-149.5,-149.5,-152.5,-152.0,-153.0,-157.0,-157.0,-156.0,-153.5,-157.0,-157.0,-149.5,-149.5,-154.0,-157.0,-157.0,-154.5,-157.0,-157.0,-157.0,-156.0,-157.0,-157.0,-150.0,-148.0,-151.0,-154.5,-154.0,-153.5,-151.5,-152.5,-157.0,-155.5,-150.0,-152.5,-157.0,-153.5,-157.0,-157.0,-157.0,-157.0,-151.0,-151.0,-151.5,-155.5,-157.0,-154.0,-149.5,-148.0,-156.0,-150.5,-154.0,-149.5,-147.5,-151.0,-153.0,-149.0,-148.0,-153.0,-156.5,-149.5,-148.0,-151.0,-152.5,-154.0,-153.5,-155.0,-156.5,-154.0,-154.0,-154.0,-154.0,-156.0,-152.5,-155.0,-153.0,-150.5,-157.0,-155.0,-155.0,-149.5,-153.5,-157.0,-157.0,-152.5,-151.0,-149.5,-151.0,-155.0,-157.0,-152.5,-157.0,-155.5,-155.0,-157.0,-155.0,-151.5,-157.0,-157.0,-153.5,-153.0,-156.5,-151.0,-147.0,-144.5,-157.0,-155.0,-154.5,-153.0,-154.0,-157.0,-155.5,-152.5,-153.5,-154.0,-154.0,-153.0,-157.0,-155.0,-154.5,-156.0,-154.5,-153.0,-153.5,-151.5,-154.5,-154.5,-152.5,-153.0,-152.5,-150.0,-156.0,-153.0,-155.0,-157.0,-153.5,-157.0,-157.0,-157.0,-153.5,-153.0,-157.0,-157.0,-151.0,-151.5,-152.0,-150.0,-155.0,-151.5,-157.0,-152.5,-155.5,-157.0,-157.0,-153.0,-152.0,-155.5,-157.0,-157.0,-150.5,-152.0,-156.0,-157.0,-151.5,-154.5,-149.5,-152.5,-155.0,-157.0,-149.5,-150.0,-150.5,-157.0,-157.0,-157.0,-155.0,-157.0,-157.0,-155.0,-153.0,-157.0,-157.0,-156.0,-152.5,-148.5,-150.0,-149.5,-155.0,-155.5,-152.5,-150.5,-155.0,-157.0,-150.0,-157.0,-156.0,-156.5,-154.5,-157.0,-155.5,-153.0,-157.0,-157.0,-155.0,-151.5,-153.5,-152.0,-157.0,-157.0,-153.0,-149.5,-153.5,-157.0,-152.5,-157.0,-157.0,-151.5,-153.5,-155.0,-157.0,-153.0,-157.0,-157.0,-157.0,-157.0,-153.0,-154.0,-154.5,-152.0,-151.0,-153.0,-151.0,-153.0,-152.0,-157.0,-156.0,-157.0,-157.0,-151.5,-153.0,-155.5,-151.0,-152.0,-150.5,-155.0,-157.0,-157.0,-155.0,-157.0,-157.0,-155.0,-157.0,-157.0,-157.0,-151.5,-155.0,-152.0,-156.0,-157.0,-155.0,-152.0,-151.0,-153.5,-151.0,-150.5,-157.0,-152.5,-157.0,-157.0,-152.0,-152.5,-156.0,-150.0,-154.5,-153.0,-157.0,-156.5,-157.0,-155.0,-154.5,-154.0,-150.0,-157.0,-151.0,-156.0,-157.0,-157.0,-150.0,-150.0,-157.0,-155.5,-150.0,-155.0,-149.0,-149.0,-151.5,-150.0,-151.0,-157.0,-152.0,-153.5,-157.0,-149.5,-152.0,-157.0,-157.0,-157.0,-151.0,-148.5,-157.0,-156.5,-154.5,-153.0,-156.0,-157.0,-153.5,-148.5,-152.0,-151.5,-157.0,-152.0,-156.5,-157.0,-154.5,-157.0,-157.0,-157.0,-153.5,-157.0,-156.0,-153.5,-155.0,-155.0,-156.5,-155.5,-154.0,-156.5,-157.0,-155.0,-153.0
2026-01-16 16:42:31.481,143.050000,5,-77,-157.0,-157.0,-152.0,-157.0,-150.5,-149.5,-157.0,-154.0,-157.0,-156.0,-157.0,-151.0,-153.0,-150.0,-150.5,-157.0,-155.5,-155.0,-154.0,-157.0,-156.0,-155.0,-155.0,-153.0,-157.0,-157.0,-157.0,-154.0,-153.5,-154.0,-150.0,-152.0,-154.0,-157.0,-150.0,-150.5,-157.0,-157.0,-154.5,-157.0,-157.0,-157.0,-157.0,-154.5,-153.5,-152.0,-151.0,-152.0,-154.0,-156.5,-156.0,-151.5,-148.5,-149.0,-152.0,-157.0,-157.0,-157.0,-156.0,-153.5,-156.5,-157.0,-157.0,-156.0,-151.0,-157.0,-154.5,-152.0,-154.5,-150.0,-149.5,-157.0,-157.0,-156.0,-150.0,-152.0,-157.0,-157.0,-157.0,-155.0,-151.5,-151.0,-154.0,-148.5,-149.5,-153.5,-155.0,-149.0,-148.5,-155.0,-157.0,-157.0,-156.0,-157.0,-149.0,-148.5,-156.0,-151.5,-155.5,-155.0,-157.0,-155.0,-151.5,-149.5,-150.0,-155.0,-152.0,-157.0,-153.5,-149.5,-151.5,-157.0,-156.5,-157.0,-156.0,-153.5,-150.5,-148.5,-147.5,-154.0,-150.5,-148.5,-149.5,-149.5,-153.5,-154.0,-151.0,-150.0,-142.5,-141.5,-157.0,-150.0,-151.5,-155.5,-154.0,-149.0,-147.0,-155.5,-153.0,-150.5,-153.0,-157.0,-151.5,-152.0,-157.0,-157.0,-154.0,-151.0,-153.5,-156.0,-157.0,-152.5,-157.0,-156.5,-157.0,-157.0,-156.5,-157.0,-151.5,-153.0,-150.5,-157.0,-151.0,-152.5,-152.5,-157.0,-154.0,-156.0,-155.0,-156.5,-154.5,-154.0,-156.0,-157.0,-157.0,-155.0,-152.5,-149.0,-148.5,-156.0,-157.0,-157.0,-150.5,-149.0,-150.0,-150.0,-152.0,-150.0,-152.0,-155.5,-157.0,-149.0,-150.5,-156.0,-154.0,-147.5,-151.5,-150.5,-153.5,-154.0,-152.5,-154.0,-154.0,-151.0,-151.0,-152.5,-151.0,-152.0,-155.0,-150.0,-149.5,-150.0,-155.5,-152.5,-153.0,-155.0,-155.0,-154.5,-157.0,-153.0,-151.0,-152.0,-151.5,-155.0,-157.0,-153.0,-153.5,-157.0,-157.0,-157.0,-157.0,-153.5,-154.5,-157.0,-153.0,-153.5,-157.0,-157.0,-144.5,-143.5,-157.0,-152.5,-148.5,-148.5,-153.0,-157.0,-152.0,-155.0,-156.0,-157.0,-152.0,-150.0,-151.0,-153.0,-152.5,-157.0,-157.0,-155.0,-150.0,-148.0,-152.0,-150.0,-157.0,-149.5,-153.5,-155.0,-157.0,-153.5,-157.0,-155.0,-155.0,-157.0,-157.0,-157.0,-149.5,-147.5,-151.0,-157.0,-154.5,-157.0,-157.0,-150.5,-147.0,-147.5,-157.0,-156.0,-153.5,-155.5,-157.0,-157.0,-153.5,-155.0,-157.0,-154.5,-155.0,-157.0,-155.0,-154.0,-151.5,-150.0,-148.0,-155.0,-154.0,-157.0,-152.0,-156.0,-151.5,-154.5,-157.0,-157.0,-157.0,-157.0,-152.0,-153.5,-152.5,-157.0,-157.0,-157.0,-157.0,-153.5,-156.5,-149.0,-155.0,-156.5,-154.0,-151.5,-155.5,-151.5,-148.5,-157.0,-154.0,-157.0,-156.5,-156.0,-157.0,-155.0,-157.0,-157.0,-151.5,-150.0,-152.5,-150.5,-155.0,-150.5,-150.5,-150.5,-157.0,-157.0,-154.0,-157.0,-157.0,-148.5,-148.5,-152.5,-152.5,-148.5,-151.5,-156.0,-157.0,-153.5,-153.0,-152.0,-157.0,-157.0,-155.0,-157.0,-151.0,-156.5,-154.5,-157.0,-154.5,-155.0,-153.5,-153.0,-155.0,-154.0,-151.0,-154.5,-153.5,-157.0,-155.0,-154.5,-157.0,-157.0,-157.0,-154.0,-157.0,-156.0,-152.0,-152.0,-153.0,-150.5,-154.5,-155.5,-157.0,-151.5,-153.0,-157.0,-150.5,-153.0,-156.0,-152.5,-154.5,-157.0,-149.0,-148.0,-150.0,-157.0,-152.0,-150.0,-156.0,-157.0,-156.0,-157.0,-154.5,-157.0,-153.5,-156.5,-152.0,-157.0,-157.0,-156.0,-153.5,-157.0,-154.0,-148.5,-148.0,-152.5,-148.0,-148.5,-150.0,-152.5,-153.5,-157.0,-154.0,-155.5,-155.0,-148.5,-150.5,-156.5,-157.0,-155.0,-151.5,-149.0,-157.0,-157.0,-157.0,-150.0,-149.0,-157.0,-157.0,-147.5,-149.5,-150.0,-150.0,-151.5,-157.0,-157.0,-154.0,-157.0,-156.0,-154.0,-153.0,-156.0,-157.0,-154.0,-157.0,-155.0,-157.0,-155.5,-157.0,-157.0,-154.0,-151.5,-155.5
2026-01-16 16:42:31.515,143.050000,5,-77,-157.0,-157.0,-148.5,-157.0,-152.0,-153.5,-157.0,-157.0,-157.0,-157.0,-154.0,-151.0,-154.0,-150.0,-151.0,-157.0,-157.0,-157.0,-157.0,-157.0,-157.0,-157.0,-155.0,-152.0,-155.5,-155.5,-157.0,-155.0,-155.5,-153.0,-153.0,-152.0,-153.0,-157.0,-150.5,-148.5,-152.5,-157.0,-153.5,-157.0,-157.0,-157.0,-157.0,-157.0,-157.0,-154.5,-157.0,-157.0,-157.0,-157.0,-156.5,-151.5,-147.0,-151.5,-148.5,-155.5,-157.0,-157.0,-157.0,-149.5,-152.0,-151.5,-149.5,-151.5,-150.0,-151.5,-157.0,-155.0,-153.5,-152.5,-150.5,-155.5,-157.0,-157.0,-147.5,-147.0,-157.0,-157.0,-157.0,-155.0,-152.0,-150.0,-157.0,-151.5,-149.0,-150.5,-157.0,-151.0,-152.0,-157.0,-153.5,-153.5,-154.5,-156.5,-148.5,-147.5,-153.0,-150.0,-151.5,-152.5,-156.5,-155.5,-154.0,-148.5,-150.0,-157.0,-152.0,-156.5,-157.0,-153.0,-157.0,-157.0,-157.0,-157.0,-154.0,-150.0,-149.5,-148.0,-148.5,-157.0,-157.0,-152.5,-156.0,-151.0,-154.0,-150.0,-147.5,-148.0,-148.0,-146.0,-157.0,-154.5,-156.5,-151.5,-150.5,-151.5,-149.0,-153.0,-154.5,-150.5,-151.0,-156.0,-152.5,-155.0,-157.0,-155.0,-157.0,-154.5,-156.0,-152.5,-150.0,-150.5,-157.0,-157.0,-157.0,-157.0,-153.0,-154.5,-154.0,-157.0,-155.0,-156.5,-154.0,-152.0,-152.0,-155.0,-154.5,-153.0,-152.0,-157.0,-153.0,-150.5,-149.0,-154.5,-157.0,-157.0,-150.0,-150.0,-152.5,-157.0,-157.0,-157.0,-157.0,-157.0,-149.5,-151.0,-152.0,-155.5,-157.0,-157.0,-155.0,-150.0,-154.5,-149.0,-148.5,-146.5,-151.5,-151.0,-151.0,-150.5,-156.5,-157.0,-153.5,-156.0,-150.5,-156.0,-154.0,-154.0,-151.0,-148.5,-149.0,-153.0,-154.0,-149.5,-150.0,-157.0,-155.0,-152.0,-157.0,-157.0,-155.0,-155.5,-156.5,-157.0,-157.0,-155.5,-154.5,-155.5,-157.0,-152.0,-155.0,-157.0,-154.0,-155.0,-156.0,-154.0,-157.0,-153.5,-150.0,-143.5,-157.0,-148.0,-149.5,-149.5,-152.5,-157.0,-153.0,-154.5,-157.0,-156.0,-153.0,-153.0,-150.0,-155.5,-153.5,-155.5,-157.0,-157.0,-151.0,-148.5,-149.0,-152.0,-154.0,-151.0,-150.5,-155.0,-153.0,-151.5,-156.5,-153.5,-155.0,-156.0,-157.0,-157.0,-156.0,-147.5,-150.5,-157.0,-152.5,-153.0,-156.5,-152.0,-146.5,-149.5,-152.5,-154.0,-149.0,-153.5,-157.0,-155.5,-157.0,-156.0,-157.0,-155.0,-157.0,-157.0,-154.0,-157.0,-157.0,-154.5,-148.0,-155.5,-153.5,-157.0,-152.0,-157.0,-154.0,-153.5,-156.0,-157.0,-157.0,-157.0,-150.0,-153.5,-153.5,-157.0,-157.0,-152.5,-156.0,-157.0,-151.5,-148.0,-151.0,-157.0,-154.5,-155.0,-157.0,-149.5,-150.5,-155.0,-153.0,-153.0,-157.0,-152.5,-152.0,-155.5,-155.5,-156.0,-153.0,-151.5,-149.0,-150.5,-156.0,-149.5,-151.5,-151.0,-152.0,-157.0,-154.5,-157.0,-150.5,-149.5,-152.0,-157.0,-153.0,-149.0,-152.0,-151.0,-157.0,-150.5,-151.0,-153.0,-157.0,-155.0,-153.0,-154.5,-148.5,-149.5,-155.5,-155.5,-153.0,-157.0,-155.0,-157.0,-156.5,-152.0,-149.5,-157.0,-155.0,-156.5,-156.0,-153.0,-154.5,-151.0,-152.5,-152.5,-154.0,-152.0,-151.0,-155.0,-150.5,-153.0,-157.0,-153.5,-156.5,-153.5,-157.0,-155.0,-149.0,-151.5,-149.0,-148.5,-154.0,-157.0,-150.0,-151.0,-149.0,-157.0,-153.0,-150.5,-156.5,-152.5,-152.0,-154.0,-152.5,-157.0,-156.0,-153.5,-151.5,-156.0,-155.0,-153.0,-157.0,-156.5,-149.0,-146.5,-151.5,-153.0,-149.5,-148.5,-150.0,-155.5,-153.0,-157.0,-155.5,-157.0,-157.0,-151.0,-154.5,-154.0,-155.0,-152.0,-157.0,-154.0,-157.0,-157.0,-157.0,-147.5,-146.0,-154.5,-155.0,-150.0,-154.0,-154.5,-150.0,-153.0,-155.0,-157.0,-153.0,-157.0,-151.0,-151.5,-157.0,-157.0,-157.0,-152.0,-151.5,-153.5,-157.0,-157.0,-157.0,-157.0,-150.5,-150.5,-152.5
2026-01-16 16:42:31.548,143.050000,5,-77,-157.0,-157.0,-151.5,-155.0,-151.5,-156.5,-155.5,-157.0,-157.0,-154.5,-149.0,-148.0,-149.0,-148.0,-155.5,-156.0,-157.0,-157.0,-157.0,-155.5,-157.0,-157.0,-157.0,-156.0,-157.0,-152.0,-151.5,-156.5,-153.5,-156.0,-151.0,-153.0,-153.5,-156.5,-156.5,-151.0,-156.0,-152.0,-151.5,-153.0,-156.0,-157.0,-153.0,-155.0,-157.0,-153.5,-154.5,-157.0,-157.0,-157.0,-157.0,-153.5,-148.5,-150.0,-147.5,-152.5,-153.0,-157.0,-153.5,-148.0,-149.0,-147.5,-148.0,-153.0,-151.5,-149.0,-157.0,-153.0,-155.0,-157.0,-154.5,-155.5,-154.5,-151.5,-147.0,-147.5,-153.5,-154.5,-157.0,-157.0,-157.0,-151.0,-153.0,-153.5,-153.5,-154.0,-155.5,-150.5,-154.5,-155.0,-148.5,-149.0,-157.0,-157.0,-153.0,-154.0,-153.5,-150.0,-152.5,-150.5,-154.0,-153.5,-152.0,-151.0,-153.5,-155.0,-155.5,-157.0,-157.0,-156.0,-157.0,-154.0,-156.0,-156.5,-157.0,-153.0,-153.0,-150.5,-151.0,-157.0,-157.0,-156.0,-155.0,-152.5,-156.5,-154.5,-149.0,-153.5,-155.0,-151.5,-154.0,-157.0,-151.0,-149.5,-150.5,-153.5,-152.5,-151.5,-157.0,-157.0,-156.5,-157.0,-155.0,-156.0,-157.0,-155.5,-155.0,-155.0,-149.0,-150.5,-148.5,-150.5,-157.0,-152.5,-154.5,-150.5,-149.5,-155.5,-155.5,-155.0,-157.0,-156.0,-156.5,-154.5,-153.0,-155.0,-156.0,-147.0,-147.5,-156.5,-154.5,-151.5,-148.0,-153.0,-155.5,-154.0,-149.0,-150.5,-155.0,-153.5,-155.5,-156.0,-157.0,-157.0,-150.0,-152.0,-150.0,-157.0,-157.0,-151.5,-148.5,-150.5,-151.0,-147.0,-151.5,-149.0,-149.0,-153.5,-156.5,-150.5,-156.0,-157.0,-152.5,-150.5,-156.5,-153.5,-155.5,-157.0,-153.0,-152.5,-154.5,-150.5,-150.0,-152.0,-151.5,-157.0,-157.0,-153.0,-157.0,-157.0,-154.0,-152.0,-157.0,-157.0,-157.0,-157.0,-157.0,-154.5,-155.0,-148.0,-151.0,-157.0,-157.0,-156.5,-153.5,-152.5,-156.5,-151.5,-144.0,-142.5,-148.0,-147.0,-151.5,-150.0,-153.0,-153.5,-157.0,-153.5,-157.0,-156.0,-154.5,-153.0,-150.5,-152.0,-154.0,-154.0,-157.0,-150.0,-152.0,-155.0,-154.5,-154.5,-152.0,-156.0,-154.5,-157.0,-156.0,-153.5,-157.0,-157.0,-157.0,-152.5,-157.0,-152.5,-151.5,-149.0,-156.5,-155.0,-150.5,-147.5,-152.0,-154.5,-148.5,-153.5,-150.0,-146.0,-148.0,-154.0,-157.0,-155.0,-155.0,-156.5,-157.0,-157.0,-153.5,-155.0,-151.0,-154.5,-157.0,-151.0,-147.0,-157.0,-156.0,-155.5,-153.0,-156.5,-157.0,-157.0,-157.0,-155.0,-157.0,-157.0,-151.5,-151.0,-152.5,-153.0,-157.0,-149.5,-150.0,-157.0,-149.5,-148.0,-154.0,-157.0,-154.0,-154.0,-155.0,-153.5,-153.5,-157.0,-156.0,-154.5,-157.0,-149.5,-150.0,-152.5,-150.5,-154.0,-155.0,-155.5,-152.5,-153.5,-157.0,-154.0,-157.0,-154.5,-154.5,-157.0,-157.0,-157.0,-151.5,-151.0,-157.0,-157.0,-157.0,-153.0,-155.0,-152.0,-155.5,-152.0,-148.5,-155.5,-157.0,-152.0,-149.0,-150.5,-148.0,-149.5,-156.0,-157.0,-155.5,-157.0,-157.0,-157.0,-157.0,-156.5,-153.0,-150.0,-151.0,-157.0,-156.0,-156.0,-152.0,-150.5,-149.5,-152.5,-151.0,-149.5,-151.0,-149.0,-150.0,-156.0,-155.5,-154.5,-153.0,-151.5,-154.0,-154.0,-149.0,-148.5,-144.5,-146.5,-154.5,-157.0,-155.0,-156.0,-151.0,-157.0,-157.0,-153.0,-157.0,-153.0,-151.5,-154.0,-152.0,-153.0,-154.0,-157.0,-154.0,-155.0,-155.5,-150.0,-151.5,-157.0,-151.0,-147.0,-153.0,-154.5,-157.0,-151.5,-150.0,-157.0,-154.0,-154.0,-154.0,-157.0,-157.0,-156.0,-155.5,-154.5,-153.0,-153.5,-154.0,-157.0,-157.0,-157.0,-157.0,-147.0,-146.0,-150.0,-157.0,-153.5,-157.0,-157.0,-151.0,-152.5,-157.0,-155.0,-152.5,-157.0,-152.0,-155.0,-156.0,-153.5,-154.5,-150.5,-154.5,-152.0,-157.0,-157.0,-157.0,-157.0,-151.0,-155.0,-156.5
2026-01-16 16:42:31.586,143.050000,5,-77,-157.0,-157.0,-153.0,-150.5,-152.0,-156.5,-154.0,-155.5,-157.0,-157.0,-152.0,-151.5,-150.0,-151.5,-157.0,-157.0,-157.0,-157.0,-157.0,-153.0,-156.5,-157.0,-157.0,-157.0,-157.0,-151.5,-149.0,-154.5,-151.5,-150.5,-150.0,-157.0,-148.0,-149.0,-157.0,-156.5,-156.0,-156.0,-156.5,-148.5,-150.5,-157.0,-152.0,-154.5,-156.5,-156.0,-154.0,-151.0,-151.0,-156.5,-157.0,-155.0,-151.0,-150.0,-151.0,-156.5,-152.0,-152.5,-150.0,-149.0,-149.0,-147.0,-152.5,-157.0,-153.5,-151.0,-157.0,-156.5,-155.5,-157.0,-152.0,-154.0,-150.0,-151.0,-150.0,-149.5,-151.5,-151.0,-154.5,-157.0,-156.5,-152.0,-156.0,-157.0,-157.0,-154.0,-156.0,-150.5,-152.0,-154.0,-149.0,-150.5,-154.0,-157.0,-157.0,-157.0,-151.5,-149.5,-152.0,-151.5,-156.5,-156.5,-150.0,-152.0,-154.5,-155.5,-157.0,-155.5,-157.0,-157.0,-155.0,-151.5,-152.0,-154.0,-157.0,-157.0,-157.0,-156.0,-155.0,-157.0,-157.0,-156.0,-157.0,-154.0,-157.0,-156.5,-150.0,-153.5,-153.5,-152.0,-155.5,-153.0,-153.5,-154.5,-157.0,-154.0,-154.0,-154.0,-156.5,-155.0,-157.0,-157.0,-157.0,-150.0,-149.5,-155.5,-153.5,-152.5,-149.0,-152.5,-151.5,-153.5,-156.5,-149.5,-150.0,-149.0,-150.0,-152.0,-152.0,-153.5,-157.0,-157.0,-157.0,-157.0,-156.5,-156.5,-152.0,-147.5,-148.0,-150.5,-151.0,-153.5,-149.5,-156.0,-155.5,-157.0,-156.0,-156.0,-157.0,-151.5,-152.5,-153.0,-149.5,-149.5,-149.5,-146.0,-148.5,-157.0,-150.5,-148.5,-150.5,-151.5,-155.0,-147.5,-152.0,-155.5,-150.5,-156.0,-155.5,-152.0,-157.0,-155.5,-151.0,-149.5,-153.0,-153.0,-154.0,-157.0,-157.0,-157.0,-157.0,-150.5,-151.0,-153.5,-153.0,-153.5,-154.0,-152.5,-157.0,-153.0,-156.0,-151.0,-157.0,-157.0,-157.0,-157.0,-157.0,-154.0,-153.5,-150.0,-151.5,-157.0,-157.0,-151.5,-148.0,-150.5,-156.0,-154.5,-143.5,-144.0,-149.0,-151.5,-153.5,-149.0,-154.0,-156.5,-151.5,-152.5,-155.0,-152.0,-151.5,-150.5,-153.0,-154.0,-154.5,-155.5,-153.0,-148.5,-156.5,-156.5,-156.0,-154.5,-150.0,-150.0,-156.0,-154.5,-157.0,-152.0,-155.0,-155.5,-153.0,-149.5,-153.0,-148.0,-148.5,-151.5,-157.0,-155.0,-149.0,-148.0,-152.5,-154.0,-151.5,-154.5,-148.0,-145.5,-152.0,-152.5,-155.0,-154.5,-152.5,-155.0,-157.0,-157.0,-151.0,-154.5,-150.0,-150.0,-157.0,-149.5,-148.0,-154.5,-154.5,-153.5,-151.5,-156.5,-157.0,-157.0,-157.0,-151.0,-157.0,-157.0,-157.0,-154.0,-150.0,-149.5,-157.0,-153.5,-151.5,-154.0,-150.5,-147.0,-150.0,-154.0,-154.5,-154.5,-151.0,-152.0,-151.0,-157.0,-154.5,-153.0,-151.5,-148.5,-150.5,-151.5,-150.5,-152.0,-157.0,-157.0,-154.5,-154.5,-157.0,-155.5,-157.0,-157.0,-157.0,-157.0,-157.0,-155.0,-157.0,-154.5,-157.0,-155.5,-157.0,-157.0,-156.0,-154.0,-150.5,-151.0,-150.5,-157.0,-157.0,-155.5,-150.0,-151.5,-148.0,-149.0,-157.0,-157.0,-157.0,-157.0,-157.0,-157.0,-157.0,-157.0,-157.0,-149.5,-150.5,-157.0,-156.0,-155.0,-151.5,-154.0,-150.5,-151.5,-150.5,-149.5,-157.0,-149.5,-150.0,-157.0,-154.0,-157.0,-152.0,-152.0,-152.0,-153.0,-152.5,-151.0,-148.0,-151.0,-152.0,-157.0,-157.0,-154.0,-154.0,-157.0,-152.0,-152.0,-157.0,-157.0,-150.5,-151.0,-152.0,-148.5,-149.0,-154.5,-157.0,-157.0,-154.0,-147.5,-147.5,-157.0,-153.5,-149.0,-153.5,-154.0,-157.0,-155.5,-150.0,-150.5,-152.0,-154.5,-157.0,-157.0,-154.0,-157.0,-154.0,-157.0,-153.5,-152.5,-150.0,-157.0,-157.0,-157.0,-157.0,-152.0,-154.5,-154.5,-157.0,-155.5,-157.0,-154.5,-151.0,-150.0,-153.0,-151.5,-152.5,-157.0,-149.5,-149.0,-150.5,-153.0,-153.5,-151.0,-150.0,-153.0,-154.5,-157.0,-157.0,-157.0,-151.5,-157.0,-155.0
2026-01-16 16:42:31.615,143.050000,5,-77,-157.0,-157.0,-151.5,-153.5,-157.0,-157.0,-157.0,-157.0,-157.0,-157.0,-153.0,-157.0,-156.0,-157.0,-157.0,-157.0,-157.0,-157.0,-157.0,-153.5,-157.0,-157.0,-157.0,-157.0,-157.0,-154.5,-150.5,-152.5,-151.0,-148.5,-153.5,-154.5,-148.0,-146.5,-154.0,-157.0,-157.0,-157.0,-157.0,-149.5,-152.5,-154.5,-154.0,-153.5,-153.0,-154.5,-153.0,-149.0,-150.0,-155.5,-150.0,-150.0,-154.0,-155.5,-155.0,-157.0,-156.5,-150.0,-150.0,-150.0,-153.0,-150.5,-155.5,-155.0,-152.0,-151.5,-157.0,-157.0,-153.5,-156.0,-148.5,-148.5,-151.0,-153.0,-148.5,-147.5,-149.5,-150.0,-155.0,-153.5,-154.0,-150.0,-154.5,-156.0,-157.0,-154.0,-156.0,-153.0,-155.5,-155.0,-152.5,-153.0,-152.0,-152.0,-156.0,-157.0,-156.0,-150.0,-154.5,-156.0,-156.5,-157.0,-153.0,-152.5,-155.5,-157.0,-157.0,-157.0,-157.0,-157.0,-154.0,-153.5,-156.0,-157.0,-157.0,-157.0,-152.0,-152.5,-155.5,-154.0,-157.0,-155.5,-149.5,-150.5,-157.0,-157.0,-145.0,-145.5,-156.0,-151.5,-151.5,-151.0,-157.0,-157.0,-157.0,-155.5,-154.0,-152.5,-149.0,-153.5,-157.0,-157.0,-156.5,-146.5,-145.0,-157.0,-153.0,-152.0,-152.0,-153.5,-152.5,-154.5,-157.0,-154.0,-151.5,-151.5,-153.0,-149.5,-154.0,-156.0,-157.0,-156.0,-157.0,-157.0,-157.0,-157.0,-154.0,-152.0,-150.5,-148.5,-150.0,-150.0,-149.0,-157.0,-157.0,-157.0,-157.0,-151.5,-154.0,-150.5,-153.5,-154.0,-147.0,-148.0,-149.0,-145.0,-153.0,-157.0,-148.5,-146.5,-154.5,-154.0,-152.5,-147.0,-147.5,-156.0,-151.0,-157.0,-152.0,-148.5,-153.5,-156.0,-156.0,-155.5,-152.0,-157.0,-154.0,-157.0,-157.0,-156.0,-157.0,-152.0,-157.0,-157.0,-156.5,-151.0,-149.5,-155.0,-155.5,-150.5,-152.0,-147.5,-149.0,-157.0,-157.0,-155.0,-155.0,-153.5,-152.0,-157.0,-157.0,-154.5,-157.0,-150.0,-147.5,-157.0,-153.5,-156.5,-152.0,-146.5,-152.5,-153.5,-150.5,-150.5,-153.5,-156.5,-149.5,-152.5,-152.5,-153.5,-147.5,-148.5,-149.5,-156.5,-153.5,-153.0,-157.0,-151.0,-157.0,-154.5,-156.5,-152.5,-150.0,-149.5,-149.5,-150.5,-157.0,-148.0,-149.0,-154.0,-149.0,-149.5,-152.0,-150.5,-153.0,-156.0,-153.0,-154.5,-149.0,-150.0,-153.5,-157.0,-156.5,-157.0,-147.5,-147.5,-155.5,-151.5,-155.5,-154.0,-154.0,-151.0,-157.0,-157.0,-150.0,-154.5,-150.5,-150.0,-157.0,-149.5,-149.0,-152.5,-151.5,-153.5,-149.5,-154.0,-157.0,-157.0,-156.0,-147.5,-151.5,-157.0,-157.0,-150.5,-149.0,-150.5,-157.0,-157.0,-157.0,-157.0,-152.0,-148.0,-148.0,-155.5,-153.5,-157.0,-151.5,-150.0,-152.0,-157.0,-152.5,-154.0,-157.0,-152.0,-154.0,-157.0,-155.0,-152.0,-157.0,-157.0,-155.0,-152.5,-156.0,-153.5,-156.0,-155.0,-156.5,-153.5,-154.5,-152.0,-154.0,-154.0,-157.0,-154.0,-157.0,-156.0,-157.0,-150.5,-148.5,-151.0,-157.0,-156.5,-155.5,-155.5,-148.5,-151.0,-146.5,-145.5,-155.5,-156.5,-157.0,-157.0,-154.0,-153.0,-152.0,-157.0,-156.0,-155.5,-157.0,-154.5,-155.5,-153.5,-150.5,-157.0,-153.5,-154.5,-156.0,-152.5,-154.5,-156.5,-155.0,-152.5,-153.5,-154.0,-154.5,-157.0,-152.0,-151.0,-156.5,-153.5,-155.5,-156.5,-156.0,-155.5,-153.0,-157.0,-157.0,-157.0,-149.0,-150.5,-157.0,-154.5,-151.0,-149.0,-150.0,-148.5,-149.5,-152.5,-157.0,-157.0,-151.5,-150.0,-149.5,-156.0,-157.0,-153.0,-157.0,-157.0,-157.0,-157.0,-152.0,-151.0,-152.0,-154.5,-157.0,-153.5,-153.0,-157.0,-153.5,-156.0,-150.5,-148.5,-149.0,-155.0,-157.0,-157.0,-153.0,-150.5,-157.0,-154.5,-152.0,-152.0,-157.0,-153.0,-150.5,-148.5,-147.5,-149.5,-153.5,-157.0,-148.5,-145.5,-154.0,-156.5,-153.0,-153.0,-148.5,-155.5,-152.0,-157.0,-157.0,-154.5,-152.5,-153.5,-152.0
2026-01-16 16:42:31.649,143.050000,5,-77,-157.0,-157.0,-151.0,-157.0,-157.0,-157.0,-154.5,-156.5,-157.0,-150.5,-151.5,-157.0,-153.5,-154.0,-157.0,-157.0,-156.0,-155.0,-157.0,-156.0,-157.0,-157.0,-157.0,-157.0,-157.0,-157.0,-153.0,-153.0,-153.0,-152.5,-151.5,-150.5,-154.5,-148.5,-152.5,-152.0,-152.5,-156.0,-157.0,-150.5,-155.5,-156.5,-157.0,-155.5,-154.0,-152.5,-150.0,-149.0,-150.5,-153.5,-148.5,-149.5,-150.5,-157.0,-157.0,-157.0,-152.5,-150.0,-152.5,-152.5,-157.0,-153.5,-152.5,-151.5,-157.0,-152.0,-157.0,-155.5,-153.0,-153.5,-149.0,-147.5,-152.0,-151.5,-148.5,-148.0,-152.5,-149.5,-152.0,-150.5,-149.5,-150.0,-150.0,-150.0,-153.5,-157.0,-153.5,-155.5,-157.0,-157.0,-154.5,-155.0,-157.0,-153.0,-153.5,-157.0,-157.0,-149.0,-157.0,-157.0,-154.0,-155.0,-157.0,-147.5,-157.0,-157.0,-157.0,-157.0,-155.0,-157.0,-154.5,-155.0,-157.0,-157.0,-156.0,-157.0,-150.0,-148.5,-150.5,-149.5,-152.0,-154.0,-149.0,-151.5,-157.0,-154.5,-145.0,-143.0,-148.5,-149.5,-151.0,-150.5,-157.0,-155.0,-155.0,-157.0,-155.0,-151.0,-149.0,-152.5,-157.0,-157.0,-157.0,-148.5,-144.5,-150.5,-154.0,-153.0,-154.0,-152.5,-153.5,-155.0,-157.0,-157.0,-151.0,-149.0,-152.5,-149.5,-156.0,-157.0,-157.0,-156.0,-157.0,-157.0,-157.0,-155.5,-154.5,-154.0,-151.0,-155.0,-153.5,-151.5,-151.0,-157.0,-157.0,-151.5,-150.5,-148.0,-148.5,-150.5,-150.5,-152.5,-152.0,-154.0,-148.0,-146.5,-155.5,-156.5,-154.0,-147.5,-148.0,-154.0,-154.5,-149.5,-148.0,-157.0,-154.5,-153.5,-147.0,-145.0,-146.5,-153.5,-153.0,-154.0,-152.5,-157.0,-152.0,-151.0,-157.0,-154.0,-155.0,-152.0,-152.0,-157.0,-157.0,-154.0,-152.0,-156.5,-150.0,-153.5,-153.0,-148.0,-148.0,-157.0,-157.0,-157.0,-154.5,-153.0,-149.0,-150.5,-154.0,-155.5,-152.5,-148.0,-152.0,-154.0,-157.0,-153.0,-145.5,-143.5,-157.0,-149.0,-148.0,-154.0,-151.5,-154.0,-153.5,-157.0,-154.0,-157.0,-147.0,-148.5,-150.5,-157.0,-150.5,-149.5,-156.5,-151.5,-157.0,-153.5,-156.5,-149.5,-149.5,-156.0,-151.5,-150.0,-157.0,-147.5,-147.0,-149.5,-149.0,-151.5,-157.0,-157.0,-157.0,-156.5,-152.5,-155.0,-150.5,-153.0,-152.0,-155.5,-157.0,-157.0,-148.0,-147.0,-157.0,-153.0,-153.5,-155.5,-157.0,-152.0,-157.0,-157.0,-149.0,-147.0,-152.5,-154.0,-157.0,-150.5,-150.5,-157.0,-153.0,-157.0,-150.0,-149.5,-157.0,-157.0,-156.5,-148.0,-148.5,-157.0,-156.5,-151.0,-152.0,-155.5,-155.5,-157.0,-156.0,-157.0,-155.0,-157.0,-149.0,-150.5,-149.0,-156.5,-150.5,-156.0,-153.0,-155.0,-153.5,-157.0,-157.0,-155.5,-157.0,-152.5,-152.0,-150.5,-157.0,-155.5,-157.0,-154.0,-157.0,-157.0,-155.5,-150.0,-151.0,-154.5,-156.5,-151.5,-156.5,-153.5,-154.5,-149.5,-154.0,-153.5,-155.0,-151.0,-152.0,-156.5,-157.0,-152.0,-153.0,-157.0,-147.5,-149.5,-147.0,-146.5,-153.0,-153.0,-151.5,-152.5,-151.0,-150.0,-152.5,-157.0,-154.5,-157.0,-157.0,-151.5,-154.5,-154.0,-154.0,-154.5,-154.0,-157.0,-157.0,-155.0,-150.5,-157.0,-157.0,-151.5,-151.5,-151.5,-154.5,-157.0,-156.5,-150.5,-154.5,-156.5,-157.0,-155.0,-157.0,-154.0,-152.0,-152.0,-157.0,-157.0,-152.0,-149.5,-152.0,-150.5,-150.5,-154.0,-152.0,-150.0,-155.0,-153.5,-157.0,-157.0,-152.0,-154.0,-154.0,-153.5,-157.0,-153.5,-152.5,-155.0,-155.5,-157.0,-155.0,-154.0,-156.0,-154.5,-157.0,-151.5,-152.5,-155.5,-153.5,-154.0,-152.5,-149.5,-155.0,-153.5,-157.0,-156.0,-149.0,-148.5,-156.5,-157.0,-151.5,-148.5,-152.5,-152.0,-152.5,-152.0,-153.0,-149.5,-148.0,-157.0,-150.0,-149.0,-154.5,-154.0,-154.5,-157.0,-150.0,-150.5,-152.5,-157.0,-157.0,-157.0,-157.0,-155.0,-152.0
2026-01-16 16:42:31.682,143.050000,5,-77,-157.0,-157.0,-151.5,-151.5,-157.0,-155.5,-151.0,-151.5,-156.5,-151.0,-154.5,-157.0,-150.5,-155.5,-154.0,-156.5,-150.0,-150.5,-156.5,-154.0,-152.0,-153.5,-157.0,-157.0,-157.0,-157.0,-152.5,-156.0,-156.5,-154.0,-148.5,-148.5,-155.0,-153.5,-153.0,-150.0,-150.0,-157.0,-157.0,-150.5,-151.5,-157.0,-155.5,-154.0,-156.5,-157.0,-155.5,-150.5,-149.5,-156.5,-150.0,-153.0,-151.5,-157.0,-157.0,-157.0,-149.0,-149.0,-157.0,-155.5,-157.0,-154.5,-148.5,-150.0,-157.0,-151.0,-154.5,-150.5,-153.0,-154.0,-154.5,-149.5,-154.5,-150.0,-152.0,-150.5,-150.5,-149.0,-149.0,-149.5,-150.5,-150.5,-146.5,-148.0,-157.0,-157.0,-154.0,-157.0,-157.0,-156.0,-157.0,-155.5,-155.5,-157.0,-157.0,-155.5,-154.0,-148.5,-155.5,-157.0,-151.0,-151.5,-154.0,-147.5,-149.0,-153.5,-157.0,-157.0,-152.5,-155.5,-156.0,-155.5,-157.0,-155.0,-156.0,-154.5,-153.5,-151.0,-147.5,-150.0,-152.0,-153.0,-153.0,-157.0,-157.0,-155.0,-154.5,-144.0,-147.0,-152.5,-156.0,-151.5,-157.0,-157.0,-152.5,-156.0,-157.0,-154.5,-154.0,-152.0,-157.0,-155.0,-153.0,-155.0,-146.5,-149.5,-151.5,-151.0,-152.5,-149.0,-151.0,-157.0,-157.0,-157.0,-150.0,-151.0,-157.0,-151.5,-154.5,-156.0,-155.0,-157.0,-155.5,-155.5,-156.5,-156.0,-157.0,-153.0,-153.5,-157.0,-156.0,-157.0,-157.0,-157.0,-153.5,-151.5,-151.0,-153.0,-151.5,-157.0,-149.5,-151.0,-153.0,-157.0,-148.0,-148.0,-157.0,-155.5,-157.0,-151.0,-148.5,-157.0,-157.0,-154.5,-153.5,-157.0,-154.5,-148.5,-149.5,-147.5,-148.0,-153.5,-149.5,-155.0,-153.0,-157.0,-155.0,-150.0,-157.0,-150.5,-152.0,-156.5,-151.5,-151.5,-156.0,-157.0,-157.0,-154.0,-149.0,-155.5,-156.0,-151.5,-153.5,-153.5,-155.0,-157.0,-156.5,-157.0,-151.5,-149.5,-155.5,-155.0,-152.5,-146.5,-153.5,-155.0,-157.0,-150.0,-140.5,-141.5,-154.5,-150.0,-151.0,-151.5,-153.5,-157.0,-157.0,-157.0,-154.0,-151.5,-151.0,-154.5,-156.5,-156.0,-152.0,-153.0,-154.0,-150.5,-157.0,-151.5,-152.5,-153.5,-153.5,-155.5,-153.5,-152.0,-157.0,-149.5,-148.0,-149.5,-150.5,-157.0,-157.0,-157.0,-157.0,-150.0,-148.5,-155.0,-153.5,-157.0,-152.5,-152.5,-157.0,-157.0,-149.0,-148.0,-150.0,-149.5,-148.0,-154.5,-155.0,-155.0,-157.0,-155.5,-150.5,-146.0,-156.5,-157.0,-153.0,-149.0,-153.0,-157.0,-152.5,-157.0,-151.5,-148.5,-157.0,-155.5,-154.5,-152.5,-150.5,-157.0,-157.0,-156.0,-157.0,-157.0,-157.0,-152.5,-152.5,-153.5,-153.5,-157.0,-150.5,-150.5,-148.0,-151.0,-149.0,-155.0,-152.5,-155.5,-157.0,-156.0,-156.0,-151.5,-149.5,-149.5,-151.0,-151.0,-157.0,-152.5,-155.0,-157.0,-157.0,-157.0,-157.0,-151.5,-155.0,-157.0,-154.5,-150.5,-156.5,-154.0,-153.5,-147.5,-150.5,-154.5,-154.5,-154.5,-157.0,-157.0,-156.5,-152.5,-157.0,-153.5,-149.5,-148.5,-149.5,-151.5,-152.0,-152.5,-150.5,-150.5,-155.0,-153.0,-153.5,-154.0,-153.5,-157.0,-157.0,-152.0,-154.5,-157.0,-157.0,-157.0,-152.0,-155.0,-157.0,-151.0,-149.0,-153.5,-154.5,-155.5,-151.5,-151.5,-153.0,-153.5,-154.0,-149.5,-154.5,-157.0,-153.0,-154.5,-153.5,-154.0,-157.0,-148.0,-151.0,-157.0,-156.0,-154.0,-152.0,-150.5,-150.5,-157.0,-157.0,-153.0,-152.0,-154.0,-157.0,-157.0,-153.0,-152.0,-157.0,-155.0,-156.5,-157.0,-152.0,-156.5,-155.5,-157.0,-155.5,-153.0,-156.0,-155.0,-156.0,-154.5,-156.0,-152.0,-154.0,-152.0,-153.0,-153.0,-157.0,-154.0,-157.0,-156.0,-154.0,-151.0,-154.0,-157.0,-157.0,-151.0,-156.5,-156.0,-157.0,-154.5,-157.0,-148.0,-144.5,-151.0,-156.5,-157.0,-157.0,-154.0,-156.0,-156.0,-155.5,-152.0,-151.0,-151.5,-152.5,-157.0,-157.0,-157.0,-156.5
2026-01-16 16:42:31.717,143.050000,5,-77,-157.0,-157.0,-151.5,-150.0,-157.0,-157.0,-156.0,-155.0,-157.0,-151.5,-155.5,-155.5,-149.0,-153.0,-151.5,-151.0,-150.5,-153.5,-157.0,-152.0,-150.5,-154.0,-155.5,-157.0,-157.0,-157.0,-150.0,-150.5,-157.0,-156.5,-155.0,-152.0,-151.5,-157.0,-157.0,-153.5,-152.0,-157.0,-157.0,-151.5,-151.5,-157.0,-157.0,-156.0,-157.0,-157.0,-157.0,-154.5,-152.0,-153.0,-152.0,-153.0,-157.0,-157.0,-156.5,-153.0,-151.5,-155.0,-157.0,-153.5,-154.0,-156.0,-151.5,-155.0,-152.0,-150.5,-150.5,-147.5,-150.0,-157.0,-157.0,-151.5,-155.5,-150.0,-156.0,-149.5,-148.5,-154.0,-153.5,-150.5,-152.5,-148.5,-149.0,-150.5,-157.0,-154.5,-152.5,-154.0,-157.0,-153.0,-154.0,-155.0,-149.5,-151.5,-157.0,-155.0,-151.5,-152.0,-155.0,-157.0,-153.5,-153.0,-157.0,-153.0,-149.5,-153.5,-155.5,-154.0,-153.0,-156.5,-153.5,-151.0,-150.5,-153.5,-157.0,-152.5,-151.0,-151.0,-151.0,-151.5,-150.0,-157.0,-156.5,-154.5,-157.0,-157.0,-150.5,-148.0,-153.5,-154.5,-151.5,-151.0,-157.0,-157.0,-149.5,-154.0,-157.0,-155.0,-154.0,-156.0,-157.0,-153.5,-150.0,-148.5,-148.0,-149.0,-149.5,-151.5,-152.0,-148.5,-146.5,-153.0,-153.0,-157.0,-149.0,-151.5,-156.5,-155.5,-157.0,-152.0,-151.0,-156.5,-157.0,-157.0,-153.0,-155.5,-157.0,-152.0,-153.0,-156.0,-157.0,-157.0,-157.0,-155.0,-148.0,-150.5,-155.0,-157.0,-156.5,-157.0,-151.5,-153.0,-152.0,-157.0,-146.5,-146.0,-157.0,-153.5,-155.5,-157.0,-151.5,-154.5,-157.0,-157.0,-153.0,-151.5,-148.0,-148.5,-157.0,-157.0,-156.5,-149.5,-148.5,-153.5,-152.5,-154.0,-155.0,-151.0,-157.0,-148.5,-151.5,-157.0,-157.0,-152.0,-153.5,-157.0,-157.0,-154.0,-150.0,-151.5,-157.0,-155.5,-157.0,-154.5,-157.0,-157.0,-157.0,-151.5,-151.0,-149.5,-154.0,-155.0,-157.0,-149.5,-151.5,-157.0,-157.0,-151.5,-142.5,-143.5,-157.0,-153.0,-157.0,-152.0,-154.5,-156.0,-155.0,-154.0,-151.0,-149.0,-157.0,-157.0,-157.0,-155.0,-153.0,-157.0,-157.0,-153.0,-155.0,-152.0,-153.0,-157.0,-153.0,-150.5,-154.5,-156.0,-152.5,-152.0,-157.0,-153.0,-151.0,-155.5,-157.0,-157.0,-154.0,-152.0,-148.0,-151.5,-152.5,-157.0,-155.0,-154.5,-157.0,-157.0,-156.0,-153.5,-146.5,-147.0,-148.5,-157.0,-157.0,-154.5,-151.0,-152.0,-151.0,-148.5,-151.5,-153.0,-148.5,-146.5,-151.0,-155.0,-156.0,-156.5,-156.0,-150.0,-155.5,-154.5,-155.0,-157.0,-155.0,-157.0,-157.0,-156.0,-153.5,-157.0,-157.0,-153.0,-154.5,-152.0,-153.0,-154.5,-153.5,-152.0,-151.0,-156.5,-152.0,-153.0,-153.0,-155.0,-156.5,-153.0,-154.0,-150.0,-149.5,-153.0,-155.5,-157.0,-155.0,-150.5,-157.0,-157.0,-156.5,-156.5,-157.0,-151.5,-157.0,-153.5,-151.0,-149.5,-155.0,-151.0,-153.0,-149.0,-157.0,-155.5,-153.5,-157.0,-157.0,-157.0,-157.0,-150.5,-153.0,-153.0,-157.0,-147.5,-150.0,-157.0,-156.0,-150.5,-151.0,-150.0,-153.5,-157.0,-149.5,-152.0,-157.0,-157.0,-157.0,-154.5,-153.5,-157.0,-155.0,-154.0,-150.0,-150.0,-154.0,-151.5,-153.0,-151.0,-154.5,-157.0,-153.0,-157.0,-156.5,-154.0,-150.0,-150.0,-157.0,-157.0,-152.5,-153.0,-152.5,-151.5,-154.0,-147.5,-148.5,-156.0,-157.0,-157.0,-154.5,-152.5,-153.0,-154.0,-157.0,-153.5,-153.0,-154.5,-157.0,-157.0,-155.0,-150.5,-154.0,-156.5,-155.5,-155.5,-153.5,-157.0,-157.0,-157.0,-156.0,-152.5,-152.5,-151.5,-154.5,-157.0,-157.0,-151.0,-150.0,-149.5,-154.0,-155.5,-156.5,-151.5,-156.0,-151.5,-155.0,-154.0,-152.5,-156.5,-157.0,-155.0,-157.0,-157.0,-152.5,-150.0,-157.0,-148.5,-146.5,-150.5,-157.0,-153.5,-150.0,-154.0,-149.5,-148.5,-152.5,-153.5,-152.0,-154.0,-154.0,-157.0,-157.0,-157.0,-157.0
2026-01-16 16:42:31.749,143.050000,5,-77,-157.0,-157.0,-152.5,-151.0,-157.0,-157.0,-157.0,-157.0,-157.0,-150.5,-150.5,-154.5,-149.5,-149.5,-156.5,-150.5,-157.0,-155.5,-152.0,-152.0,-153.0,-154.5,-157.0,-152.0,-155.5,-157.0,-148.0,-149.5,-157.0,-157.0,-157.0,-157.0,-151.5,-154.5,-157.0,-157.0,-155.0,-157.0,-157.0,-155.5,-157.0,-157.0,-157.0,-157.0,-153.0,-153.5,-157.0,-157.0,-157.0,-155.0,-157.0,-156.0,-157.0,-154.5,-153.5,-157.0,-157.0,-155.5,-155.5,-152.5,-151.0,-157.0,-154.0,-157.0,-155.0,-151.0,-151.0,-151.0,-149.5,-155.5,-157.0,-150.5,-157.0,-153.5,-156.0,-153.5,-149.0,-155.5,-156.0,-152.0,-157.0,-153.5,-157.0,-153.5,-154.0,-152.0,-151.5,-153.5,-152.5,-153.0,-154.0,-153.5,-147.0,-149.5,-157.0,-157.0,-157.0,-157.0,-157.0,-157.0,-157.0,-157.0,-157.0,-155.5,-153.5,-157.0,-153.0,-154.5,-156.0,-157.0,-151.5,-150.5,-147.5,-149.0,-156.0,-151.5,-148.5,-148.5,-153.0,-153.5,-150.5,-153.0,-149.0,-148.0,-157.0,-157.0,-148.5,-148.5,-154.5,-156.0,-157.0,-155.0,-157.0,-157.0,-149.0,-151.5,-157.0,-150.0,-149.0,-157.0,-157.0,-157.0,-154.5,-150.0,-148.0,-151.0,-151.5,-157.0,-156.5,-151.0,-146.0,-157.0,-151.0,-156.5,-149.5,-153.0,-154.5,-157.0,-157.0,-153.0,-155.5,-152.0,-157.0,-156.0,-154.0,-157.0,-157.0,-154.5,-155.5,-152.0,-156.0,-157.0,-152.5,-148.5,-148.0,-149.0,-157.0,-157.0,-153.0,-153.5,-153.5,-153.0,-155.0,-157.0,-146.5,-145.0,-155.5,-149.5,-150.0,-156.5,-153.0,-150.5,-157.0,-155.5,-150.5,-154.0,-148.5,-153.5,-157.0,-155.0,-156.5,-148.5,-151.5,-156.0,-157.0,-156.0,-155.5,-152.0,-157.0,-149.0,-151.5,-155.5,-157.0,-153.0,-153.0,-157.0,-157.0,-151.5,-156.0,-151.5,-157.0,-157.0,-156.0,-156.0,-157.0,-157.0,-157.0,-150.0,-149.5,-148.0,-156.5,-157.0,-157.0,-151.5,-151.0,-157.0,-157.0,-151.0,-148.5,-147.5,-157.0,-156.0,-152.0,-157.0,-151.5,-154.5,-152.5,-156.0,-148.0,-146.0,-157.0,-157.0,-153.0,-151.0,-149.0,-150.5,-157.0,-154.0,-156.5,-157.0,-156.5,-157.0,-152.0,-150.5,-157.0,-157.0,-155.0,-153.0,-155.0,-151.0,-153.0,-154.0,-157.0,-157.0,-154.5,-156.5,-151.0,-154.5,-152.0,-152.5,-150.5,-151.5,-153.5,-157.0,-157.0,-154.5,-149.0,-154.0,-154.0,-156.0,-157.0,-154.5,-152.5,-153.0,-154.0,-157.0,-153.5,-156.5,-152.5,-148.5,-155.0,-157.0,-157.0,-157.0,-157.0,-150.5,-151.5,-154.5,-157.0,-157.0,-157.0,-157.0,-157.0,-152.0,-150.0,-154.0,-153.0,-152.5,-154.0,-153.5,-155.0,-155.5,-155.5,-150.5,-151.0,-151.0,-157.0,-157.0,-153.5,-157.0,-155.5,-153.0,-154.5,-154.5,-157.0,-157.0,-156.0,-157.0,-153.5,-150.5,-152.5,-153.0,-149.5,-150.0,-149.5,-146.5,-151.5,-152.5,-147.5,-149.5,-152.5,-149.5,-153.0,-151.5,-154.5,-155.5,-155.0,-156.5,-157.0,-157.0,-157.0,-148.5,-152.5,-156.5,-157.0,-148.0,-156.5,-154.0,-157.0,-151.0,-149.5,-149.5,-152.0,-157.0,-149.5,-151.5,-157.0,-154.5,-154.5,-151.5,-151.0,-155.0,-152.0,-151.0,-150.5,-147.5,-149.5,-152.0,-152.0,-156.0,-156.5,-157.0,-152.0,-157.0,-157.0,-157.0,-154.5,-154.5,-157.0,-157.0,-155.5,-153.5,-155.0,-152.5,-149.0,-150.5,-149.5,-151.0,-153.5,-152.0,-157.0,-157.0,-155.0,-153.5,-157.0,-157.0,-151.0,-155.5,-157.0,-151.5,-152.0,-151.5,-150.5,-150.0,-153.0,-156.0,-154.5,-154.5,-157.0,-157.0,-154.5,-152.0,-156.0,-151.0,-157.0,-157.0,-154.5,-152.0,-152.0,-152.0,-154.5,-156.5,-157.0,-150.5,-152.0,-151.0,-152.0,-153.5,-155.0,-157.0,-152.5,-154.0,-157.0,-152.0,-149.0,-149.0,-153.0,-157.0,-154.5,-156.0,-157.0,-150.0,-147.0,-152.0,-149.0,-149.5,-152.5,-154.0,-154.0,-157.0,-157.0,-157.0,-153.5,-152.0,-157.0
2026-01-16 16:42:31.781,143.050000,5,-77,-157.0,-157.0,-157.0,-153.5,-157.0,-157.0,-156.0,-155.5,-157.0,-152.5,-151.5,-157.0,-156.5,-155.5,-157.0,-151.5,-151.0,-157.0,-150.5,-150.5,-154.5,-154.5,-154.0,-151.5,-157.0,-157.0,-153.0,-153.5,-157.0,-152.0,-152.0,-157.0,-148.5,-150.5,-157.0,-155.5,-155.0,-157.0,-154.0,-155.0,-156.0,-157.0,-157.0,-157.0,-149.0,-150.0,-157.0,-157.0,-154.5,-152.5,-157.0,-157.0,-152.0,-157.0,-154.5,-157.0,-157.0,-151.5,-149.5,-154.5,-153.0,-157.0,-152.5,-154.5,-157.0,-154.5,-157.0,-152.0,-149.5,-156.0,-157.0,-151.0,-155.0,-157.0,-157.0,-151.0,-150.0,-157.0,-157.0,-152.0,-155.0,-157.0,-157.0,-156.0,-149.5,-152.5,-151.5,-152.0,-148.5,-157.0,-157.0,-153.5,-151.5,-150.5,-153.5,-153.5,-157.0,-157.0,-157.0,-157.0,-157.0,-157.0,-157.0,-152.5,-157.0,-156.5,-152.5,-152.0,-152.0,-156.0,-153.5,-155.0,-150.0,-153.0,-153.0,-150.5,-150.5,-151.5,-155.5,-157.0,-155.0,-150.5,-145.5,-146.0,-155.0,-154.5,-150.0,-148.5,-151.0,-157.0,-157.0,-157.0,-157.0,-151.5,-152.0,-151.5,-153.5,-149.5,-149.0,-156.5,-152.0,-152.5,-157.0,-153.0,-150.5,-155.0,-152.5,-157.0,-157.0,-151.0,-147.5,-153.0,-151.5,-152.5,-151.0,-157.0,-154.0,-157.0,-157.0,-157.0,-152.5,-149.5,-153.0,-150.5,-152.5,-152.0,-157.0,-157.0,-149.5,-148.5,-153.5,-155.5,-150.0,-151.0,-155.5,-152.5,-157.0,-157.0,-153.5,-153.5,-153.0,-153.5,-157.0,-157.0,-146.0,-144.5,-150.5,-149.5,-153.5,-157.0,-157.0,-151.5,-153.5,-154.0,-149.5,-149.5,-150.5,-157.0,-151.5,-149.5,-157.0,-153.5,-156.5,-157.0,-157.0,-157.0,-154.5,-152.5,-157.0,-151.5,-157.0,-154.5,-152.5,-148.5,-149.5,-157.0,-157.0,-150.5,-149.5,-149.0,-153.0,-157.0,-155.0,-157.0,-157.0,-155.5,-152.5,-153.0,-154.0,-148.5,-156.0,-157.0,-154.5,-149.0,-155.0,-154.5,-157.0,-152.0,-147.0,-146.5,-154.0,-157.0,-153.0,-151.5,-151.5,-152.5,-153.0,-156.0,-147.5,-147.5,-152.5,-152.5,-153.5,-151.5,-148.0,-147.0,-150.5,-151.5,-154.5,-157.0,-157.0,-157.0,-157.0,-152.5,-154.5,-155.5,-157.0,-156.5,-150.5,-148.5,-156.0,-153.0,-157.0,-157.0,-157.0,-157.0,-155.0,-154.5,-150.5,-152.0,-150.5,-152.0,-156.5,-151.5,-154.5,-154.0,-155.0,-157.0,-157.0,-156.5,-157.0,-157.0,-157.0,-156.0,-155.0,-157.0,-157.0,-157.0,-155.0,-153.5,-152.0,-153.5,-154.5,-156.5,-152.0,-156.0,-153.5,-154.0,-157.0,-155.5,-156.0,-153.0,-156.5,-153.5,-153.5,-156.0,-153.0,-155.0,-150.5,-151.5,-152.5,-157.0,-155.0,-152.5,-151.5,-150.5,-156.5,-157.0,-154.0,-157.0,-157.0,-155.5,-157.0,-157.0,-157.0,-157.0,-157.0,-157.0,-153.0,-153.5,-150.5,-154.0,-152.0,-151.0,-149.0,-146.0,-149.5,-153.5,-148.5,-152.5,-157.0,-150.5,-151.0,-155.5,-152.5,-151.0,-154.5,-154.0,-157.0,-157.0,-157.0,-148.5,-151.5,-157.0,-157.0,-146.5,-147.5,-154.0,-155.5,-154.5,-154.0,-151.5,-151.0,-153.0,-152.5,-151.5,-151.0,-148.5,-155.5,-152.0,-153.5,-153.5,-153.5,-148.5,-148.0,-146.0,-148.5,-154.0,-148.5,-151.0,-151.0,-152.0,-153.5,-157.0,-157.0,-157.0,-155.0,-153.5,-154.0,-157.0,-157.0,-153.0,-153.0,-157.0,-151.5,-152.0,-153.5,-150.5,-153.0,-151.5,-153.5,-157.0,-156.5,-154.0,-154.0,-154.5,-149.0,-152.0,-157.0,-150.0,-156.0,-151.5,-151.5,-149.5,-153.0,-157.0,-157.0,-155.5,-157.0,-151.5,-151.0,-154.0,-156.5,-154.5,-157.0,-157.0,-157.0,-155.0,-155.0,-154.0,-156.0,-157.0,-155.5,-153.0,-157.0,-157.0,-152.5,-152.5,-153.0,-154.5,-149.5,-151.5,-157.0,-152.0,-154.5,-154.0,-153.5,-157.0,-157.0,-155.5,-150.5,-148.0,-149.5,-157.0,-152.0,-157.0,-155.0,-155.0,-152.0,-154.0,-157.0,-157.0,-152.0,-151.0,-154.5
2026-01-16 16:42:31.817,143.050000,5,-77,-157.0,-157.0,-155.5,-152.5,-157.0,-155.5,-151.5,-152.5,-157.0,-156.0,-153.5,-153.0,-157.0,-153.5,-156.5,-150.5,-147.0,-157.0,-152.5,-153.0,-157.0,-157.0,-157.0,-154.0,-157.0,-156.5,-155.5,-154.0,-151.0,-149.5,-150.0,-157.0,-149.5,-150.5,-157.0,-157.0,-156.5,-151.0,-149.0,-155.0,-155.0,-156.0,-157.0,-157.0,-150.5,-150.5,-157.0,-157.0,-154.0,-154.5,-155.5,-156.0,-147.5,-156.0,-149.5,-150.5,-155.5,-152.5,-148.5,-152.5,-153.5,-151.5,-152.5,-155.0,-157.0,-157.0,-151.0,-146.5,-148.5,-155.0,-153.0,-151.5,-155.0,-154.5,-154.0,-151.5,-151.5,-157.0,-154.0,-152.0,-157.0,-154.0,-156.0,-152.5,-149.5,-156.5,-153.0,-147.0,-148.0,-157.0,-154.0,-155.5,-157.0,-152.5,-150.5,-153.5,-157.0,-157.0,-157.0,-157.0,-157.0,-157.0,-157.0,-152.5,-153.5,-152.5,-155.0,-149.5,-149.0,-152.0,-155.0,-157.0,-153.0,-157.0,-153.0,-157.0,-152.0,-153.0,-155.0,-157.0,-157.0,-151.5,-148.0,-150.0,-152.5,-153.5,-151.5,-155.5,-151.5,-155.5,-157.0,-157.0,-152.5,-149.5,-153.5,-154.5,-155.0,-153.5,-155.0,-157.0,-151.0,-150.0,-153.5,-156.5,-151.5,-151.0,-153.5,-150.0,-148.0,-147.5,-148.5,-149.5,-153.0,-154.0,-151.5,-157.0,-153.5,-155.0,-157.0,-153.5,-147.5,-149.5,-150.5,-148.5,-149.0,-149.0,-156.5,-153.0,-151.5,-150.5,-152.5,-157.0,-153.5,-157.0,-156.5,-152.5,-151.0,-157.0,-157.0,-156.0,-152.5,-157.0,-157.0,-151.5,-145.5,-144.0,-148.5,-150.5,-157.0,-157.0,-155.0,-156.0,-152.0,-151.0,-148.5,-152.0,-151.5,-157.0,-151.5,-150.0,-154.0,-156.0,-157.0,-156.0,-157.0,-157.0,-153.0,-150.5,-153.5,-151.0,-156.0,-157.0,-150.5,-148.0,-152.5,-154.5,-154.5,-152.5,-152.5,-149.5,-152.0,-156.5,-155.5,-157.0,-156.5,-152.0,-150.0,-151.0,-152.5,-149.5,-149.0,-153.0,-152.5,-148.0,-155.5,-154.5,-157.0,-152.0,-144.5,-143.5,-151.5,-153.5,-153.0,-151.0,-154.0,-153.5,-157.0,-153.5,-149.5,-151.0,-149.0,-149.0,-157.0,-151.5,-152.5,-150.5,-151.5,-154.5,-154.0,-157.0,-157.0,-157.0,-157.0,-150.5,-157.0,-149.5,-152.5,-157.0,-156.5,-150.0,-153.5,-151.5,-157.0,-157.0,-154.5,-157.0,-157.0,-155.5,-153.0,-151.5,-154.0,-157.0,-154.0,-151.0,-152.5,-155.0,-157.0,-157.0,-157.0,-157.0,-157.0,-157.0,-157.0,-157.0,-156.0,-157.0,-157.0,-157.0,-157.0,-157.0,-151.0,-154.5,-151.5,-150.0,-150.5,-157.0,-157.0,-157.0,-156.0,-154.5,-152.5,-152.5,-156.5,-157.0,-157.0,-157.0,-153.5,-150.5,-147.0,-150.0,-150.0,-155.0,-155.5,-157.0,-157.0,-155.5,-157.0,-155.5,-155.0,-157.0,-155.0,-155.5,-157.0,-156.0,-157.0,-152.0,-157.0,-157.0,-152.0,-151.5,-151.5,-155.5,-157.0,-156.5,-156.0,-149.5,-154.0,-157.0,-150.5,-152.5,-157.0,-153.5,-154.0,-157.0,-151.0,-148.5,-149.5,-153.5,-157.0,-157.0,-157.0,-150.0,-153.5,-157.0,-157.0,-146.0,-147.5,-155.5,-151.0,-152.0,-155.0,-150.5,-151.5,-148.5,-149.5,-154.0,-151.5,-148.0,-153.0,-157.0,-157.0,-154.0,-157.0,-152.0,-151.5,-150.0,-154.5,-155.5,-150.5,-151.0,-151.0,-151.5,-157.0,-157.0,-157.0,-152.5,-151.5,-150.5,-153.5,-157.0,-157.0,-151.0,-151.5,-157.0,-157.0,-153.5,-154.5,-148.5,-153.0,-154.0,-154.0,-157.0,-152.0,-154.5,-153.0,-152.0,-150.5,-149.0,-156.0,-150.5,-151.0,-148.0,-156.0,-152.5,-157.0,-157.0,-157.0,-157.0,-152.0,-151.5,-152.0,-154.5,-157.0,-157.0,-157.0,-157.0,-157.0,-154.5,-153.5,-154.5,-157.0,-157.0,-154.5,-155.0,-157.0,-157.0,-152.5,-151.5,-149.0,-154.5,-150.0,-152.0,-152.0,-155.5,-157.0,-153.0,-156.5,-153.5,-153.5,-154.0,-148.5,-147.5,-157.0,-157.0,-152.5,-156.5,-152.5,-151.5,-149.5,-151.0,-152.0,-152.5,-150.0,-151.0,-153.0
2026-01-16 16:42:31.850,143.050000,5,-77,-157.0,-157.0,-156.0,-152.0,-156.0,-154.0,-148.5,-153.5,-156.0,-154.0,-152.5,-151.0,-156.5,-151.0,-155.5,-149.0,-147.0,-152.5,-154.0,-157.0,-154.5,-153.5,-157.0,-157.0,-157.0,-151.5,-150.5,-151.0,-148.5,-154.0,-155.0,-155.5,-151.5,-153.5,-157.0,-157.0,-156.5,-149.5,-147.5,-151.5,-157.0,-157.0,-154.5,-155.0,-157.0,-154.0,-154.0,-157.0,-157.0,-157.0,-155.5,-149.5,-147.0,-151.0,-147.0,-147.5,-155.5,-157.0,-152.0,-151.5,-155.5,-149.5,-153.5,-154.5,-154.0,-155.0,-149.0,-146.5,-151.5,-149.0,-149.5,-150.0,-155.0,-155.0,-156.0,-157.0,-155.0,-157.0,-153.5,-152.0,-154.5,-151.0,-153.5,-149.5,-148.5,-148.5,-149.5,-149.5,-149.0,-155.5,-152.0,-152.5,-156.5,-157.0,-151.5,-157.0,-157.0,-154.0,-156.5,-153.5,-155.5,-155.0,-157.0,-154.0,-149.5,-151.0,-157.0,-153.5,-151.0,-150.5,-152.5,-154.0,-152.5,-154.5,-149.0,-150.0,-152.0,-153.5,-157.0,-157.0,-157.0,-153.0,-155.5,-153.5,-156.5,-150.5,-147.5,-157.0,-149.5,-150.5,-154.0,-155.5,-152.5,-151.5,-155.0,-156.0,-150.5,-156.5,-157.0,-156.5,-154.0,-153.5,-153.5,-156.0,-154.5,-152.0,-157.0,-145.5,-146.0,-148.0,-152.0,-151.0,-154.0,-149.0,-148.5,-154.5,-153.0,-153.0,-153.0,-156.0,-148.0,-149.5,-156.0,-150.5,-150.0,-152.5,-153.0,-151.5,-156.5,-152.5,-152.0,-157.0,-157.0,-153.5,-152.5,-150.5,-147.5,-155.0,-157.0,-154.5,-152.0,-153.0,-157.0,-151.5,-152.5,-146.0,-149.5,-151.5,-157.0,-151.5,-152.0,-152.0,-151.0,-149.5,-151.0,-157.0,-154.0,-157.0,-157.0,-155.5,-156.5,-151.5,-151.5,-153.0,-156.5,-156.0,-151.5,-151.0,-153.5,-152.0,-152.0,-154.5,-153.5,-150.5,-155.0,-153.5,-153.5,-157.0,-156.0,-154.5,-152.5,-151.0,-157.0,-156.0,-154.0,-151.5,-151.0,-150.0,-154.5,-157.0,-148.0,-148.5,-154.5,-151.5,-156.0,-157.0,-157.0,-154.0,-147.0,-144.0,-157.0,-153.5,-151.5,-154.5,-157.0,-157.0,-155.0,-153.5,-150.0,-151.0,-146.5,-148.0,-150.0,-150.0,-157.0,-157.0,-157.0,-157.0,-156.0,-157.0,-157.0,-156.0,-154.0,-150.0,-150.5,-147.5,-149.0,-157.0,-154.0,-153.0,-152.5,-153.5,-157.0,-157.0,-151.5,-154.5,-156.0,-157.0,-155.5,-152.0,-156.0,-151.0,-149.0,-151.5,-154.0,-157.0,-157.0,-157.0,-154.5,-152.5,-151.5,-154.5,-157.0,-157.0,-157.0,-157.0,-157.0,-157.0,-157.0,-157.0,-153.0,-157.0,-155.5,-153.5,-153.0,-153.5,-157.0,-157.0,-157.0,-153.5,-155.0,-157.0,-157.0,-157.0,-157.0,-157.0,-151.5,-153.0,-148.0,-149.0,-150.0,-151.0,-153.5,-157.0,-157.0,-157.0,-157.0,-155.5,-151.5,-155.5,-153.5,-154.5,-157.0,-152.5,-154.5,-148.0,-155.0,-157.0,-155.5,-153.5,-152.5,-154.0,-157.0,-157.0,-157.0,-155.0,-153.5,-157.0,-150.0,-157.0,-152.0,-153.0,-157.0,-157.0,-153.0,-151.0,-149.5,-153.0,-154.5,-157.0,-152.5,-150.5,-154.0,-155.5,-153.0,-149.0,-150.5,-154.0,-155.5,-152.0,-157.0,-152.5,-157.0,-149.5,-150.5,-157.0,-157.0,-149.0,-151.0,-156.5,-157.0,-156.0,-156.5,-155.0,-157.0,-157.0,-153.0,-151.5,-151.0,-157.0,-156.5,-154.0,-156.0,-153.0,-157.0,-155.5,-153.5,-151.5,-154.0,-155.5,-153.0,-150.0,-153.0,-156.0,-157.0,-152.5,-152.5,-146.0,-147.5,-152.0,-153.5,-152.0,-150.5,-157.0,-155.5,-156.0,-152.0,-153.0,-151.5,-149.0,-150.0,-148.0,-152.0,-152.5,-154.5,-153.5,-154.0,-154.5,-156.5,-153.0,-153.0,-157.0,-155.5,-157.0,-154.0,-155.0,-154.0,-155.5,-156.0,-153.0,-151.0,-154.0,-157.0,-157.0,-157.0,-153.0,-152.5,-148.0,-146.0,-156.5,-152.0,-152.5,-155.5,-157.0,-151.5,-149.0,-157.0,-154.0,-155.5,-154.0,-155.0,-149.0,-155.0,-156.0,-154.0,-155.5,-153.5,-153.0,-148.5,-148.5,-149.5,-149.5,-152.0,-152.0,-153.0
2026-01-16 16:42:31.882,143.050000,5,-77,-157.0,-157.0,-155.5,-154.5,-157.0,-154.0,-150.0,-150.5,-155.0,-156.5,-157.0,-151.5,-152.0,-148.5,-157.0,-153.5,-152.5,-151.5,-152.0,-157.0,-150.0,-148.0,-155.5,-155.0,-157.0,-155.0,-150.5,-153.0,-150.5,-155.0,-157.0,-156.5,-151.0,-153.0,-157.0,-153.5,-153.5,-151.5,-152.5,-153.5,-157.0,-157.0,-152.0,-153.0,-157.0,-155.0,-152.0,-157.0,-157.0,-157.0,-157.0,-151.0,-149.0,-150.5,-149.5,-153.0,-157.0,-157.0,-155.0,-151.0,-153.0,-150.5,-156.5,-157.0,-151.0,-152.5,-153.5,-148.5,-150.5,-146.5,-153.5,-152.0,-154.0,-157.0,-156.0,-157.0,-157.0,-157.0,-156.0,-155.0,-154.0,-154.5,-152.0,-153.0,-150.0,-146.0,-148.0,-153.5,-150.5,-154.0,-157.0,-153.0,-154.0,-157.0,-152.5,-153.0,-157.0,-154.0,-157.0,-155.0,-157.0,-156.0,-157.0,-157.0,-150.5,-154.5,-157.0,-156.5,-155.0,-147.5,-148.5,-148.5,-152.5,-152.5,-147.0,-150.0,-155.0,-154.5,-157.0,-157.0,-156.0,-153.0,-156.0,-153.0,-155.0,-147.0,-147.0,-153.0,-149.5,-153.5,-152.5,-155.0,-157.0,-155.5,-154.0,-154.0,-147.0,-156.0,-157.0,-154.0,-153.0,-156.0,-152.0,-157.0,-155.5,-153.0,-154.5,-148.5,-149.5,-153.0,-152.0,-156.5,-156.0,-149.5,-150.5,-154.0,-151.0,-152.5,-151.0,-152.5,-146.5,-147.5,-156.0,-152.0,-152.5,-157.0,-153.5,-151.5,-156.0,-153.5,-153.5,-154.0,-157.0,-154.5,-150.0,-151.0,-148.0,-153.0,-153.0,-157.0,-156.5,-156.5,-157.0,-154.5,-150.5,-147.0,-148.0,-150.0,-157.0,-150.5,-155.5,-151.0,-154.5,-152.0,-156.0,-154.5,-157.0,-155.5,-157.0,-157.0,-157.0,-155.0,-147.5,-152.0,-157.0,-152.5,-154.0,-157.0,-157.0,-150.5,-148.5,-151.5,-155.0,-151.5,-152.5,-152.5,-152.5,-150.5,-153.0,-156.0,-152.0,-153.5,-154.5,-157.0,-151.5,-151.5,-155.5,-152.5,-150.5,-157.0,-150.0,-149.0,-153.5,-152.5,-155.5,-156.0,-155.5,-153.5,-145.5,-143.5,-154.5,-157.0,-154.5,-157.0,-155.5,-157.0,-152.0,-151.0,-153.5,-155.0,-144.5,-147.0,-148.5,-150.0,-157.0,-157.0,-157.0,-157.0,-157.0,-157.0,-157.0,-156.5,-154.0,-151.5,-155.5,-150.0,-150.5,-151.0,-150.0,-153.5,-151.0,-155.5,-157.0,-155.5,-153.0,-157.0,-155.5,-157.0,-153.0,-156.5,-154.0,-150.5,-149.0,-157.0,-156.5,-157.0,-153.5,-154.0,-154.5,-146.5,-147.5,-155.0,-155.5,-154.5,-157.0,-157.0,-157.0,-157.0,-157.0,-157.0,-156.5,-157.0,-154.5,-157.0,-152.5,-150.0,-157.0,-157.0,-156.5,-154.0,-157.0,-157.0,-157.0,-155.5,-157.0,-157.0,-157.0,-154.0,-152.5,-154.5,-155.5,-156.0,-157.0,-157.0,-157.0,-157.0,-157.0,-157.0,-152.0,-157.0,-155.0,-155.5,-157.0,-151.5,-150.0,-148.0,-157.0,-157.0,-157.0,-157.0,-151.5,-152.0,-156.5,-157.0,-155.5,-154.5,-153.5,-157.0,-150.5,-157.0,-149.0,-150.5,-157.0,-157.0,-155.0,-155.5,-154.0,-157.0,-156.5,-154.5,-153.5,-152.0,-157.0,-149.5,-150.0,-155.5,-154.5,-154.5,-152.5,-153.0,-152.0,-150.0,-157.0,-153.0,-152.5,-157.0,-157.0,-152.0,-151.5,-152.0,-157.0,-155.5,-157.0,-150.0,-149.5,-153.5,-154.0,-154.0,-150.0,-154.5,-150.5,-151.5,-154.0,-150.0,-155.5,-157.0,-156.5,-155.5,-152.0,-153.0,-152.5,-152.0,-157.0,-156.5,-156.5,-151.5,-153.0,-148.5,-149.5,-151.0,-153.0,-151.5,-153.5,-155.5,-154.0,-157.0,-152.5,-154.0,-154.0,-146.5,-152.0,-151.5,-152.5,-154.0,-150.0,-150.5,-151.0,-152.5,-157.0,-151.5,-151.0,-157.0,-151.5,-150.5,-151.0,-152.5,-153.5,-152.5,-155.5,-154.5,-150.5,-152.5,-156.5,-155.5,-157.0,-151.5,-156.5,-150.0,-146.5,-149.0,-155.5,-155.0,-157.0,-157.0,-151.0,-149.5,-155.5,-155.0,-154.5,-155.5,-153.5,-148.5,-152.0,-157.0,-155.0,-157.0,-155.5,-156.5,-151.5,-151.5,-153.0,-149.0,-155.5,-155.5,-153.0
2026-01-16 16:42:31.917,143.050000,5,-77,-157.0,-157.0,-152.0,-156.0,-153.5,-151.0,-149.5,-150.5,-157.0,-157.0,-152.5,-149.0,-150.5,-148.5,-156.5,-157.0,-155.5,-151.5,-152.5,-156.0,-149.0,-147.5,-152.0,-152.5,-157.0,-157.0,-152.5,-157.0,-154.5,-155.5,-153.0,-156.0,-151.5,-154.0,-157.0,-148.5,-148.0,-153.0,-157.0,-152.0,-155.5,-154.0,-152.0,-154.0,-155.0,-157.0,-151.5,-152.0,-153.0,-157.0,-156.0,-156.0,-149.5,-150.5,-154.0,-154.0,-155.5,-157.0,-149.5,-148.0,-154.5,-153.5,-156.5,-157.0,-150.0,-149.5,-154.5,-154.0,-150.0,-147.5,-152.5,-157.0,-155.0,-154.5,-154.5,-157.0,-153.0,-153.5,-154.0,-153.0,-157.0,-153.5,-150.5,-157.0,-152.5,-148.0,-154.5,-153.5,-152.0,-157.0,-157.0,-156.0,-157.0,-157.0,-155.5,-151.5,-157.0,-157.0,-157.0,-157.0,-154.5,-157.0,-157.0,-157.0,-151.0,-155.5,-157.0,-157.0,-157.0,-148.5,-149.0,-148.5,-152.0,-150.0,-150.5,-154.0,-151.5,-152.5,-155.0,-155.0,-154.5,-155.0,-157.0,-154.0,-152.0,-149.0,-150.5,-153.5,-155.0,-157.0,-154.5,-157.0,-157.0,-155.5,-152.0,-152.5,-147.0,-156.0,-156.5,-157.0,-155.0,-153.0,-151.0,-157.0,-156.5,-152.5,-152.5,-156.0,-152.5,-154.0,-150.0,-157.0,-157.0,-153.5,-156.5,-152.5,-149.0,-154.0,-150.5,-146.5,-146.5,-149.0,-154.0,-156.5,-154.5,-157.0,-157.0,-153.0,-150.5,-157.0,-151.0,-150.5,-155.5,-154.0,-149.0,-152.5,-149.5,-151.0,-151.0,-157.0,-157.0,-157.0,-157.0,-157.0,-150.5,-150.0,-148.5,-148.5,-152.5,-152.5,-156.5,-151.0,-152.0,-154.5,-157.0,-157.0,-157.0,-153.5,-151.0,-152.0,-157.0,-152.0,-147.0,-152.0,-157.0,-149.0,-150.0,-157.0,-154.0,-153.5,-149.5,-150.5,-154.0,-155.0,-152.0,-152.0,-153.5,-149.0,-155.5,-153.0,-151.0,-152.0,-152.0,-157.0,-150.5,-154.5,-157.0,-151.5,-148.5,-151.5,-153.0,-152.5,-151.0,-153.5,-155.5,-156.0,-154.0,-152.5,-143.0,-141.0,-148.5,-155.5,-157.0,-155.5,-151.0,-153.0,-153.0,-153.5,-155.0,-157.0,-147.5,-150.0,-151.5,-151.0,-156.5,-157.0,-156.0,-155.0,-157.0,-157.0,-157.0,-154.0,-152.5,-151.5,-150.5,-150.0,-154.5,-154.0,-151.0,-157.0,-150.5,-154.5,-156.5,-157.0,-157.0,-155.0,-154.5,-157.0,-151.0,-156.0,-157.0,-154.0,-152.5,-157.0,-154.5,-154.5,-150.5,-151.5,-157.0,-149.0,-150.0,-155.5,-156.0,-153.0,-157.0,-157.0,-155.5,-157.0,-157.0,-157.0,-157.0,-155.0,-148.5,-152.5,-153.0,-149.5,-156.5,-157.0,-153.0,-153.0,-155.5,-154.5,-152.5,-152.5,-157.0,-157.0,-157.0,-154.5,-154.5,-152.0,-151.5,-156.0,-157.0,-157.0,-157.0,-157.0,-157.0,-156.5,-151.5,-150.0,-152.5,-153.5,-155.0,-152.5,-155.0,-151.5,-156.5,-155.5,-157.0,-155.5,-154.5,-151.5,-152.0,-157.0,-151.5,-150.5,-153.5,-157.0,-155.5,-157.0,-149.5,-148.5,-157.0,-157.0,-156.0,-152.5,-151.0,-154.0,-157.0,-154.5,-153.0,-153.0,-155.5,-150.0,-149.5,-154.0,-152.5,-157.0,-149.5,-150.0,-150.5,-149.5,-157.0,-152.0,-149.5,-154.0,-157.0,-155.5,-157.0,-152.0,-154.5,-151.5,-154.5,-149.0,-148.0,-151.0,-155.5,-151.0,-148.5,-153.0,-150.5,-152.0,-154.0,-150.0,-154.0,-157.0,-157.0,-157.0,-149.5,-148.5,-151.0,-152.0,-155.0,-154.5,-152.0,-154.5,-157.0,-156.0,-157.0,-153.0,-157.0,-157.0,-156.0,-155.0,-150.5,-157.0,-156.5,-151.0,-155.0,-147.5,-151.0,-151.0,-151.0,-157.0,-151.0,-154.0,-155.5,-157.0,-157.0,-151.5,-155.5,-154.0,-151.5,-151.0,-150.5,-150.5,-153.0,-151.5,-157.0,-155.0,-157.0,-151.0,-155.5,-157.0,-154.5,-150.0,-157.0,-151.0,-150.0,-150.5,-153.5,-152.5,-157.0,-157.0,-155.0,-152.0,-153.5,-156.5,-151.0,-150.0,-151.0,-149.0,-156.5,-156.0,-156.0,-157.0,-154.0,-157.0,-156.5,-157.0,-154.0,-148.5,-157.0,-154.0,-153.0
2026-01-16 16:42:31.948,143.050000,5,-77,-157.0,-157.0,-150.0,-157.0,-154.0,-149.5,-148.0,-157.0,-157.0,-152.0,-153.0,-146.5,-148.5,-152.0,-155.0,-151.5,-149.5,-149.0,-154.0,-149.0,-148.5,-152.5,-156.5,-150.0,-153.5,-152.0,-150.5,-157.0,-156.0,-154.5,-150.0,-154.5,-152.5,-153.0,-151.5,-149.0,-147.0,-157.0,-155.0,-150.5,-154.0,-157.0,-154.0,-152.5,-151.0,-154.5,-157.0,-148.0,-151.0,-157.0,-157.0,-157.0,-150.5,-152.5,-157.0,-151.5,-153.0,-157.0,-148.0,-146.5,-149.0,-152.5,-154.0,-157.0,-150.0,-150.0,-153.5,-157.0,-157.0,-151.5,-150.5,-152.0,-156.5,-155.5,-156.5,-154.0,-149.0,-150.0,-153.5,-155.0,-152.5,-150.0,-151.5,-155.5,-151.5,-152.0,-150.0,-153.5,-152.0,-155.5,-151.0,-151.5,-157.0,-155.5,-155.0,-151.0,-154.5,-155.5,-157.0,-156.5,-151.0,-153.5,-157.0,-156.0,-153.0,-154.0,-157.0,-157.0,-157.0,-154.5,-154.5,-152.0,-152.0,-150.5,-157.0,-157.0,-151.5,-151.0,-149.0,-155.0,-154.5,-155.0,-152.5,-153.5,-154.0,-156.5,-155.5,-155.0,-157.0,-154.0,-152.5,-157.0,-157.0,-157.0,-155.5,-150.5,-148.5,-157.0,-155.5,-157.0,-157.0,-154.0,-152.5,-154.0,-157.0,-152.0,-152.5,-157.0,-155.0,-150.5,-150.0,-157.0,-157.0,-156.5,-157.0,-151.5,-149.5,-151.0,-152.0,-149.5,-150.5,-152.0,-154.5,-157.0,-157.0,-151.0,-152.0,-154.5,-150.0,-153.5,-152.0,-152.0,-157.0,-155.0,-149.5,-150.5,-150.5,-151.5,-156.5,-157.0,-153.5,-154.5,-157.0,-154.5,-151.0,-153.0,-154.5,-154.0,-153.5,-156.0,-152.0,-154.0,-153.0,-157.0,-157.0,-157.0,-155.0,-152.0,-152.5,-150.5,-156.5,-149.0,-148.0,-152.5,-154.5,-151.0,-152.0,-152.5,-154.5,-156.0,-152.0,-152.0,-153.5,-157.0,-152.5,-153.0,-157.0,-151.5,-156.0,-155.0,-146.0,-147.0,-155.0,-157.0,-150.0,-154.5,-157.0,-149.5,-150.5,-151.0,-154.5,-157.0,-149.5,-153.5,-156.0,-157.0,-154.0,-156.0,-143.0,-141.5,-151.0,-157.0,-157.0,-157.0,-148.0,-149.5,-150.0,-150.5,-151.0,-155.5,-157.0,-152.5,-156.0,-150.5,-153.0,-157.0,-156.0,-156.5,-157.0,-157.0,-157.0,-152.5,-153.5,-152.0,-149.5,-149.5,-157.0,-155.0,-152.0,-153.5,-155.0,-154.5,-152.5,-157.0,-157.0,-153.0,-155.0,-156.5,-150.5,-152.0,-154.5,-157.0,-157.0,-157.0,-153.0,-154.0,-149.5,-155.0,-153.5,-151.5,-153.0,-153.0,-157.0,-154.5,-157.0,-157.0,-151.0,-153.0,-157.0,-155.0,-154.0,-149.5,-147.0,-149.0,-151.5,-152.5,-157.0,-155.5,-153.0,-157.0,-152.0,-156.5,-154.0,-154.0,-157.0,-157.0,-157.0,-157.0,-154.0,-151.0,-150.5,-157.0,-157.0,-157.0,-157.0,-157.0,-157.0,-151.5,-151.0,-148.5,-149.5,-147.0,-148.5,-150.0,-149.5,-150.0,-153.5,-153.0,-151.5,-154.0,-157.0,-153.0,-152.5,-153.5,-151.5,-152.0,-157.0,-156.0,-156.0,-157.0,-152.0,-147.5,-150.5,-153.5,-157.0,-157.0,-151.5,-152.0,-157.0,-154.0,-155.5,-151.5,-153.5,-157.0,-150.5,-153.0,-149.0,-149.5,-152.5,-152.5,-151.0,-149.0,-151.5,-149.0,-151.0,-151.0,-154.0,-157.0,-156.5,-151.5,-155.5,-152.0,-152.5,-156.0,-154.0,-154.0,-153.0,-153.0,-149.5,-156.5,-156.0,-157.0,-153.5,-154.5,-151.5,-156.0,-157.0,-157.0,-151.5,-149.5,-152.0,-152.5,-155.5,-153.5,-154.5,-156.5,-157.0,-157.0,-156.5,-153.5,-156.5,-156.5,-153.5,-151.0,-148.5,-154.5,-155.5,-152.0,-152.0,-148.5,-149.5,-154.0,-152.0,-157.0,-156.0,-156.0,-153.5,-154.0,-157.0,-153.0,-155.0,-151.0,-152.5,-157.0,-151.0,-150.0,-149.5,-151.5,-157.0,-154.5,-152.0,-150.5,-156.5,-155.5,-148.5,-149.0,-155.0,-153.0,-152.5,-152.0,-156.5,-150.0,-157.0,-157.0,-156.5,-149.5,-149.5,-157.0,-150.5,-147.5,-150.0,-156.5,-152.0,-156.0,-157.0,-157.0,-153.5,-154.0,-154.0,-157.0,-155.5,-150.0,-156.0,-157.0,-151.0
2026-01-16 16:42:31.990,143.050000,5,-77,-157.0,-157.0,-151.0,-157.0,-157.0,-155.5,-150.5,-154.0,-157.0,-150.5,-151.0,-149.5,-149.5,-154.0,-152.5,-152.0,-152.5,-149.0,-151.0,-148.0,-148.5,-154.0,-151.5,-149.0,-155.5,-154.5,-149.0,-157.0,-155.5,-148.5,-148.0,-156.5,-157.0,-153.0,-151.5,-154.5,-148.0,-152.0,-157.0,-152.5,-155.0,-157.0,-156.0,-157.0,-155.0,-152.0,-155.0,-148.5,-151.5,-157.0,-157.0,-155.0,-156.0,-157.0,-156.5,-154.5,-155.5,-157.0,-153.0,-151.0,-148.5,-150.0,-157.0,-157.0,-149.5,-151.5,-153.5,-156.0,-154.0,-155.0,-149.0,-150.5,-152.0,-156.0,-153.0,-151.5,-152.0,-149.0,-151.0,-154.5,-151.5,-155.0,-155.0,-157.0,-150.0,-150.5,-149.5,-157.0,-151.5,-152.5,-151.5,-152.0,-157.0,-153.5,-155.5,-150.0,-150.5,-157.0,-157.0,-157.0,-153.0,-152.5,-157.0,-153.0,-156.5,-153.5,-157.0,-157.0,-153.0,-153.0,-157.0,-157.0,-157.0,-152.5,-157.0,-157.0,-152.5,-151.0,-149.5,-156.5,-153.0,-150.5,-149.5,-152.5,-157.0,-154.0,-157.0,-156.0,-157.0,-153.0,-154.5,-157.0,-157.0,-157.0,-153.5,-150.5,-149.0,-157.0,-154.5,-157.0,-157.0,-157.0,-154.5,-155.0,-157.0,-153.0,-150.5,-156.5,-157.0,-151.0,-154.0,-157.0,-156.5,-157.0,-156.5,-152.5,-156.5,-150.5,-151.5,-155.5,-150.5,-154.0,-151.5,-150.5,-150.0,-147.5,-147.5,-153.5,-152.5,-153.0,-151.5,-153.0,-157.0,-157.0,-154.5,-153.5,-152.0,-149.0,-152.5,-153.0,-152.0,-154.5,-157.0,-153.0,-155.5,-154.0,-157.0,-157.0,-152.0,-150.5,-149.5,-154.0,-151.5,-157.0,-157.0,-157.0,-151.0,-149.5,-156.5,-154.0,-154.0,-150.5,-153.5,-154.5,-155.5,-156.5,-155.5,-152.5,-157.0,-157.0,-152.5,-149.5,-149.5,-155.5,-155.0,-157.0,-157.0,-156.5,-157.0,-157.0,-146.0,-148.0,-157.0,-154.5,-153.5,-152.5,-154.0,-155.0,-154.0,-154.5,-152.0,-151.0,-148.5,-151.0,-151.0,-152.0,-155.0,-157.0,-148.0,-145.0,-155.0,-156.0,-157.0,-156.5,-150.5,-153.5,-148.5,-149.0,-149.0,-148.5,-153.5,-151.0,-154.0,-148.0,-149.0,-154.0,-154.0,-156.0,-153.5,-151.5,-154.5,-152.0,-157.0,-155.5,-153.5,-154.5,-157.0,-155.5,-153.5,-152.5,-157.0,-156.0,-151.5,-157.0,-153.0,-153.0,-157.0,-156.0,-155.0,-151.0,-154.0,-157.0,-157.0,-156.0,-154.0,-157.0,-149.5,-153.5,-156.0,-151.0,-154.5,-157.0,-157.0,-157.0,-152.0,-153.5,-153.5,-157.0,-154.0,-156.5,-157.0,-152.0,-152.5,-154.5,-155.0,-157.0,-157.0,-157.0,-155.0,-157.0,-151.0,-152.5,-157.0,-153.5,-156.5,-157.0,-157.0,-157.0,-157.0,-157.0,-152.5,-157.0,-157.0,-157.0,-157.0,-157.0,-154.0,-154.0,-152.5,-154.5,-156.0,-147.5,-151.5,-148.0,-147.5,-149.5,-153.5,-154.5,-150.5,-150.0,-151.5,-151.0,-153.0,-148.5,-149.5,-152.5,-157.0,-157.0,-157.0,-157.0,-156.0,-149.5,-149.0,-156.0,-155.0,-157.0,-157.0,-156.0,-152.0,-151.0,-153.0,-150.5,-152.5,-156.0,-152.0,-156.0,-150.5,-149.5,-157.0,-154.0,-149.5,-150.5,-149.0,-148.5,-152.5,-148.5,-150.5,-157.0,-157.0,-152.5,-153.0,-152.0,-152.5,-157.0,-157.0,-152.5,-152.0,-157.0,-152.0,-157.0,-157.0,-155.5,-152.0,-151.5,-150.5,-157.0,-157.0,-157.0,-157.0,-155.5,-156.5,-154.0,-153.0,-154.5,-157.0,-154.5,-157.0,-157.0,-157.0,-157.0,-149.0,-147.0,-149.5,-152.0,-149.0,-152.0,-154.5,-154.0,-155.5,-148.0,-148.5,-157.0,-151.5,-152.5,-157.0,-157.0,-149.0,-150.5,-153.5,-154.0,-157.0,-154.0,-157.0,-157.0,-156.0,-157.0,-154.0,-153.5,-157.0,-155.5,-152.0,-153.0,-154.0,-151.5,-149.5,-151.0,-151.0,-157.0,-153.0,-153.0,-150.5,-149.5,-157.0,-157.0,-157.0,-148.5,-146.5,-154.5,-157.0,-150.0,-153.5,-153.0,-150.5,-154.0,-156.5,-157.0,-155.5,-153.5,-151.0,-157.0,-153.0,-151.5,-157.0,-157.0,-155.5
2026-01-16 16:42:32.013,143.050000,5,-77,-157.0,-157.0,-157.0,-154.5,-148.5,-150.0,-153.0,-149.0,-157.0,-153.0,-151.0,-156.0,-152.5,-151.5,-154.5,-156.0,-157.0,-149.5,-152.0,-149.5,-152.0,-151.5,-154.0,-150.5,-152.5,-153.5,-146.5,-155.5,-157.0,-152.0,-152.0,-156.0,-155.5,-155.5,-157.0,-152.5,-149.0,-152.5,-157.0,-157.0,-157.0,-156.0,-157.0,-157.0,-157.0,-150.0,-157.0,-152.0,-154.5,-157.0,-155.5,-152.5,-156.5,-156.0,-155.5,-157.0,-157.0,-154.5,-155.0,-157.0,-148.0,-148.5,-157.0,-157.0,-151.5,-150.5,-152.0,-153.0,-153.5,-147.0,-145.5,-151.0,-154.0,-156.5,-153.0,-152.0,-157.0,-147.0,-147.0,-151.0,-151.5,-157.0,-154.0,-150.5,-149.5,-153.5,-151.0,-157.0,-154.0,-154.5,-155.5,-157.0,-157.0,-157.0,-151.5,-154.0,-156.0,-154.5,-156.0,-157.0,-157.0,-154.0,-152.0,-149.0,-156.5,-153.5,-156.0,-151.5,-148.0,-149.0,-156.0,-156.0,-157.0,-154.0,-154.0,-156.0,-152.5,-150.5,-150.5,-150.0,-148.5,-148.5,-149.0,-151.5,-151.5,-149.5,-157.0,-157.0,-157.0,-155.0,-155.0,-152.0,-154.5,-155.5,-152.5,-152.0,-151.5,-157.0,-153.0,-157.0,-151.0,-154.0,-156.5,-157.0,-155.0,-151.0,-149.5,-157.0,-157.0,-150.0,-157.0,-157.0,-157.0,-152.0,-150.0,-153.5,-157.0,-153.0,-154.0,-151.0,-151.0,-157.0,-150.0,-151.0,-151.5,-152.5,-149.0,-151.0,-157.0,-157.0,-150.5,-150.0,-151.5,-152.5,-157.0,-157.0,-150.0,-148.0,-148.5,-153.5,-153.5,-157.0,-157.0,-152.5,-151.5,-150.0,-156.5,-157.0,-153.5,-152.5,-155.5,-148.5,-151.0,-155.0,-157.0,-157.0,-153.5,-152.5,-157.0,-157.0,-155.0,-152.0,-153.0,-154.0,-156.5,-157.0,-155.5,-154.0,-157.0,-157.0,-153.5,-150.0,-149.0,-156.0,-157.0,-157.0,-157.0,-157.0,-157.0,-157.0,-148.5,-148.0,-154.5,-156.0,-157.0,-157.0,-151.5,-152.5,-156.5,-157.0,-153.0,-153.5,-150.5,-152.5,-152.5,-150.5,-151.0,-153.5,-150.5,-145.5,-154.5,-149.5,-150.5,-157.0,-152.5,-157.0,-151.0,-151.5,-149.5,-148.0,-149.0,-152.5,-154.5,-149.0,-151.0,-153.0,-155.0,-155.5,-154.5,-149.5,-155.0,-151.5,-151.5,-149.0,-148.5,-154.5,-157.0,-156.5,-154.0,-153.5,-157.0,-154.0,-150.0,-155.5,-150.0,-151.0,-157.0,-151.0,-151.5,-151.0,-157.0,-156.0,-155.5,-155.0,-154.5,-157.0,-151.0,-150.0,-156.0,-148.5,-154.5,-157.0,-157.0,-155.5,-150.0,-149.0,-152.0,-157.0,-155.5,-157.0,-156.0,-155.5,-157.0,-157.0,-157.0,-157.0,-155.0,-157.0,-157.0,-157.0,-152.0,-154.5,-157.0,-152.0,-152.5,-157.0,-157.0,-155.0,-157.0,-151.5,-150.5,-157.0,-157.0,-157.0,-157.0,-154.5,-151.5,-156.0,-149.5,-157.0,-156.5,-149.0,-156.5,-152.0,-153.0,-153.5,-154.5,-156.5,-157.0,-153.0,-153.0,-151.5,-152.0,-148.0,-150.5,-150.5,-157.0,-154.0,-153.5,-154.0,-152.5,-157.0,-153.5,-157.0,-155.5,-157.0,-157.0,-157.0,-151.5,-154.0,-152.5,-154.5,-157.0,-153.5,-155.0,-157.0,-156.0,-153.5,-155.0,-157.0,-154.0,-154.0,-153.0,-156.0,-152.5,-149.5,-153.5,-157.0,-156.5,-153.5,-151.5,-152.0,-155.5,-152.5,-154.5,-152.0,-155.0,-157.0,-155.0,-157.0,-154.5,-155.5,-151.5,-149.5,-152.0,-154.0,-157.0,-157.0,-157.0,-157.0,-154.5,-154.0,-151.0,-157.0,-155.0,-153.0,-157.0,-157.0,-157.0,-157.0,-146.5,-145.5,-148.0,-152.0,-154.0,-152.0,-153.5,-152.0,-157.0,-152.0,-149.5,-151.5,-150.0,-149.5,-153.5,-154.5,-151.5,-153.5,-150.0,-151.0,-157.0,-156.0,-157.0,-157.0,-156.5,-157.0,-157.0,-157.0,-153.5,-153.0,-157.0,-157.0,-151.0,-154.0,-157.0,-151.0,-153.5,-157.0,-154.5,-154.0,-151.5,-153.0,-157.0,-155.5,-157.0,-152.5,-146.5,-154.0,-157.0,-153.5,-151.0,-150.0,-151.5,-154.5,-152.5,-154.0,-156.0,-151.5,-150.5,-157.0,-153.5,-155.0,-157.0,-157.0,-155.5
2026-01-16 16:42:32.053,143.050000,5,-77,-157.0,-157.0,-157.0,-149.0,-145.5,-148.0,-153.5,-147.5,-150.0,-153.0,-150.0,-153.0,-155.0,-148.5,-157.0,-154.0,-150.0,-149.5,-157.0,-149.5,-153.5,-153.5,-151.5,-149.0,-149.5,-152.5,-149.0,-152.5,-157.0,-155.5,-148.5,-148.5,-154.0,-157.0,-157.0,-152.5,-153.0,-157.0,-157.0,-157.0,-157.0,-153.0,-157.0,-153.0,-155.0,-151.0,-157.0,-157.0,-157.0,-156.5,-155.5,-152.0,-153.0,-156.0,-157.0,-156.5,-157.0,-151.0,-152.0,-157.0,-149.0,-150.0,-157.0,-157.0,-155.0,-151.0,-151.0,-155.0,-157.0,-150.0,-147.0,-150.5,-157.0,-156.5,-157.0,-153.0,-148.5,-148.5,-151.5,-150.5,-154.0,-155.0,-155.5,-152.0,-150.5,-154.5,-154.5,-154.5,-154.5,-157.0,-154.5,-157.0,-157.0,-156.5,-149.0,-152.5,-157.0,-152.0,-152.5,-157.0,-157.0,-153.0,-151.5,-147.0,-156.0,-154.0,-150.5,-148.0,-149.0,-154.0,-153.0,-152.5,-157.0,-157.0,-155.5,-153.5,-153.5,-150.0,-154.0,-151.0,-149.0,-152.5,-152.5,-151.5,-148.5,-149.0,-157.0,-157.0,-157.0,-155.0,-154.0,-150.5,-151.5,-152.0,-154.5,-151.5,-153.5,-155.0,-150.0,-153.0,-148.5,-148.5,-151.0,-157.0,-155.5,-151.0,-154.5,-156.0,-151.0,-149.0,-155.5,-157.0,-157.0,-152.5,-149.5,-157.0,-157.0,-157.0,-157.0,-154.0,-156.5,-156.0,-152.0,-156.0,-156.0,-157.0,-152.5,-155.0,-157.0,-157.0,-150.5,-153.5,-149.5,-149.5,-156.0,-157.0,-154.0,-155.5,-153.0,-156.0,-155.0,-151.5,-151.0,-152.0,-148.5,-146.0,-157.0,-156.5,-157.0,-155.5,-153.0,-149.5,-152.0,-151.0,-155.0,-157.0,-156.0,-153.5,-152.5,-152.0,-155.5,-156.0,-155.5,-152.5,-154.0,-156.0,-157.0,-154.5,-157.0,-157.0,-157.0,-157.0,-151.5,-151.0,-153.0,-151.5,-152.0,-157.0,-157.0,-157.0,-151.5,-150.5,-157.0,-157.0,-157.0,-157.0,-152.0,-149.0,-154.5,-150.5,-152.5,-157.0,-154.5,-156.5,-154.5,-151.5,-151.5,-150.0,-144.5,-143.0,-154.5,-148.0,-151.0,-153.5,-151.5,-157.0,-155.0,-154.0,-156.0,-155.0,-151.0,-157.0,-157.0,-152.5,-156.0,-152.0,-157.0,-151.5,-151.0,-150.0,-157.0,-153.0,-153.0,-150.0,-146.0,-147.0,-153.5,-155.5,-157.0,-156.0,-157.0,-156.0,-148.0,-150.0,-150.5,-152.0,-157.0,-152.5,-151.5,-155.5,-154.0,-155.0,-151.0,-150.0,-151.0,-151.0,-154.5,-151.5,-151.5,-150.0,-154.0,-156.5,-157.0,-153.0,-157.0,-149.0,-148.5,-153.5,-155.0,-157.0,-152.5,-153.5,-157.0,-157.0,-157.0,-152.0,-150.5,-155.5,-157.0,-155.0,-152.0,-157.0,-157.0,-152.0,-151.5,-154.5,-157.0,-151.5,-153.5,-149.5,-149.5,-154.0,-155.5,-156.5,-150.5,-149.5,-152.0,-152.5,-147.5,-150.0,-149.0,-148.0,-152.5,-151.5,-152.0,-153.0,-151.0,-153.5,-156.0,-155.0,-157.0,-151.0,-151.0,-148.5,-152.0,-154.5,-152.5,-148.5,-147.5,-153.5,-146.0,-147.0,-157.0,-157.0,-153.0,-156.5,-157.0,-152.5,-155.5,-157.0,-156.0,-157.0,-157.0,-154.0,-153.0,-157.0,-156.5,-154.0,-152.5,-157.0,-157.0,-155.5,-157.0,-153.5,-153.0,-151.5,-157.0,-156.5,-155.0,-151.0,-151.5,-157.0,-152.5,-147.5,-148.5,-152.5,-155.5,-157.0,-154.0,-153.5,-153.0,-157.0,-152.0,-150.5,-153.5,-154.0,-157.0,-157.0,-157.0,-154.0,-152.5,-154.5,-152.5,-157.0,-154.5,-153.5,-156.0,-156.0,-155.5,-156.0,-150.0,-151.0,-152.0,-151.0,-157.0,-155.0,-157.0,-153.5,-157.0,-153.5,-151.5,-150.5,-149.5,-147.5,-148.0,-149.0,-157.0,-157.0,-148.5,-147.5,-153.5,-157.0,-155.5,-155.0,-154.5,-153.5,-153.5,-156.5,-155.5,-152.0,-157.0,-157.0,-150.0,-150.5,-152.0,-153.5,-154.5,-153.0,-152.5,-154.0,-157.0,-157.0,-156.5,-157.0,-152.5,-151.5,-147.5,-156.0,-151.5,-155.0,-151.5,-152.5,-155.5,-153.5,-151.5,-153.0,-155.5,-153.0,-153.0,-157.0,-156.0,-157.0,-157.0,-154.0,-152.0
2026-01-16 16:42:32.083,143.050000,5,-77,-157.0,-157.0,-155.0,-150.5,-148.5,-154.0,-155.0,-150.0,-152.5,-150.0,-149.5,-155.5,-157.0,-148.0,-152.0,-155.0,-150.5,-153.5,-157.0,-149.0,-153.5,-157.0,-150.0,-149.0,-149.5,-156.5,-153.0,-153.0,-157.0,-154.0,-147.5,-147.5,-152.0,-153.0,-150.5,-152.0,-157.0,-157.0,-157.0,-155.5,-157.0,-151.0,-152.5,-153.0,-152.0,-154.0,-157.0,-155.0,-157.0,-153.0,-152.5,-152.5,-154.5,-155.5,-157.0,-155.5,-151.0,-151.5,-154.5,-157.0,-155.5,-153.0,-157.0,-157.0,-155.0,-153.0,-150.0,-152.0,-157.0,-156.0,-151.5,-155.5,-157.0,-154.0,-154.5,-154.0,-147.5,-150.0,-155.5,-149.0,-152.0,-152.5,-157.0,-155.5,-150.5,-151.5,-154.5,-155.5,-152.0,-157.0,-154.5,-153.0,-154.0,-157.0,-149.5,-149.0,-151.0,-157.0,-155.0,-157.0,-150.0,-148.0,-149.5,-148.0,-157.0,-152.0,-148.5,-152.0,-153.0,-157.0,-150.5,-152.0,-157.0,-157.0,-157.0,-152.5,-152.5,-153.5,-154.5,-153.0,-152.0,-157.0,-156.0,-152.0,-149.5,-154.0,-153.5,-157.0,-155.5,-155.0,-157.0,-152.5,-154.5,-155.0,-157.0,-156.0,-157.0,-157.0,-148.0,-148.5,-154.5,-152.5,-153.0,-156.0,-150.5,-150.0,-157.0,-156.5,-147.0,-148.5,-153.5,-156.5,-157.0,-157.0,-152.0,-153.0,-153.5,-157.0,-157.0,-157.0,-156.5,-152.5,-149.5,-151.5,-154.0,-157.0,-157.0,-157.0,-156.0,-150.5,-150.5,-153.5,-156.0,-152.0,-153.5,-157.0,-153.5,-157.0,-153.5,-154.5,-157.0,-149.0,-151.5,-150.5,-144.0,-143.5,-156.0,-154.0,-157.0,-157.0,-153.0,-152.0,-151.0,-148.0,-154.5,-153.0,-154.0,-154.5,-153.5,-152.0,-157.0,-157.0,-157.0,-151.0,-152.5,-154.5,-155.0,-154.0,-157.0,-157.0,-157.0,-156.5,-157.0,-147.5,-149.0,-149.5,-150.0,-157.0,-157.0,-157.0,-153.5,-152.0,-154.0,-156.0,-153.5,-157.0,-156.5,-146.5,-149.5,-151.0,-152.0,-157.0,-154.0,-155.0,-153.5,-157.0,-155.0,-150.0,-143.0,-142.0,-152.0,-149.0,-152.5,-152.5,-152.5,-157.0,-157.0,-153.0,-152.0,-156.0,-150.0,-152.0,-157.0,-153.0,-156.0,-153.0,-155.0,-149.0,-148.0,-152.0,-155.5,-151.5,-153.0,-154.0,-148.5,-147.5,-155.0,-152.5,-157.0,-157.0,-157.0,-154.0,-150.5,-155.5,-156.0,-156.0,-154.5,-157.0,-157.0,-157.0,-156.0,-155.0,-150.5,-151.0,-151.5,-149.0,-153.0,-153.5,-151.0,-156.5,-156.5,-155.0,-152.0,-150.5,-156.5,-151.5,-147.5,-151.5,-155.5,-157.0,-154.0,-155.0,-154.5,-157.0,-156.0,-152.0,-152.5,-151.5,-155.5,-152.0,-150.5,-155.0,-153.0,-156.5,-152.5,-152.0,-152.5,-150.0,-154.0,-151.5,-148.0,-152.5,-152.0,-151.0,-148.5,-149.0,-153.0,-154.0,-147.5,-152.0,-150.5,-149.0,-150.5,-150.5,-152.5,-149.0,-149.5,-154.5,-152.0,-151.0,-153.0,-153.0,-151.0,-150.0,-149.0,-157.0,-151.5,-152.5,-149.0,-151.5,-146.5,-147.0,-150.0,-154.5,-150.0,-152.0,-157.0,-149.0,-151.5,-156.0,-153.0,-155.5,-157.0,-153.0,-150.5,-153.0,-156.0,-157.0,-153.5,-157.0,-157.0,-153.0,-157.0,-154.0,-151.5,-152.5,-155.5,-152.0,-151.5,-150.5,-150.0,-152.5,-147.5,-148.5,-153.0,-157.0,-156.5,-153.0,-153.0,-150.5,-150.0,-152.0,-155.0,-154.5,-152.5,-156.0,-157.0,-157.0,-157.0,-151.5,-154.5,-152.5,-153.5,-157.0,-157.0,-152.5,-152.5,-157.0,-154.0,-154.5,-152.5,-153.0,-154.0,-151.5,-153.5,-156.0,-156.5,-157.0,-157.0,-153.0,-156.0,-156.0,-152.0,-148.0,-148.5,-146.0,-156.5,-157.0,-150.0,-150.0,-156.5,-151.5,-151.0,-157.0,-156.0,-150.0,-149.0,-155.5,-157.0,-150.0,-151.0,-157.0,-153.0,-148.0,-150.5,-156.0,-154.5,-151.0,-150.5,-152.0,-154.5,-154.0,-156.0,-153.5,-151.5,-152.0,-150.0,-157.0,-151.0,-150.5,-155.0,-153.0,-152.5,-154.5,-154.0,-155.0,-154.5,-154.5,-154.5,-157.0,-157.0,-155.0,-151.5,-155.5,-156.0
2026-01-16 16:42:32.116,143.050000,5,-77,-157.0,-157.0,-155.5,-156.5,-154.0,-157.0,-155.0,-156.0,-154.0,-151.0,-154.0,-157.0,-154.0,-149.0,-150.0,-154.0,-155.0,-157.0,-156.5,-150.0,-157.0,-157.0,-154.0,-157.0,-149.5,-152.0,-155.0,-157.0,-157.0,-154.0,-153.5,-153.0,-151.0,-150.5,-149.5,-149.5,-156.0,-157.0,-157.0,-152.0,-156.5,-151.5,-153.0,-151.0,-152.0,-156.5,-157.0,-154.0,-154.0,-155.0,-155.0,-153.5,-157.0,-156.5,-154.5,-157.0,-149.5,-157.0,-151.0,-152.0,-157.0,-154.5,-156.0,-154.5,-156.5,-154.5,-150.0,-150.5,-156.5,-155.5,-152.0,-152.0,-157.0,-152.0,-153.0,-157.0,-149.5,-153.5,-156.0,-147.5,-150.5,-151.5,-154.0,-151.5,-154.0,-153.0,-150.5,-155.0,-150.0,-151.5,-153.0,-151.0,-152.0,-155.5,-155.5,-151.0,-151.5,-157.0,-157.0,-154.0,-147.5,-148.0,-152.0,-154.0,-155.5,-156.0,-151.5,-157.0,-156.0,-157.0,-151.0,-151.0,-156.0,-156.5,-152.5,-151.5,-149.5,-157.0,-152.0,-154.0,-149.5,-153.5,-155.5,-145.5,-146.0,-153.5,-153.0,-157.0,-157.0,-154.0,-157.0,-156.5,-154.5,-151.5,-157.0,-157.0,-157.0,-157.0,-147.5,-149.0,-157.0,-156.0,-156.0,-154.5,-147.5,-152.0,-155.5,-157.0,-147.0,-151.5,-150.0,-151.0,-157.0,-155.5,-157.0,-151.5,-152.0,-154.0,-157.0,-157.0,-156.0,-156.5,-149.5,-152.5,-154.5,-156.0,-157.0,-157.0,-149.0,-147.0,-155.0,-157.0,-157.0,-157.0,-153.5,-156.5,-149.5,-150.0,-154.0,-156.5,-157.0,-152.0,-157.0,-149.0,-142.0,-142.5,-152.5,-154.0,-157.0,-156.0,-153.0,-152.5,-151.5,-149.5,-153.0,-150.5,-157.0,-157.0,-157.0,-154.5,-157.0,-156.0,-156.5,-150.0,-150.0,-156.0,-153.5,-149.0,-150.5,-155.0,-157.0,-153.5,-153.0,-149.5,-150.0,-153.5,-151.0,-156.0,-157.0,-153.0,-151.5,-150.0,-150.0,-154.0,-152.0,-157.0,-155.0,-147.5,-149.5,-153.5,-152.0,-157.0,-152.0,-154.0,-152.5,-154.5,-153.0,-152.5,-145.0,-142.5,-152.0,-148.5,-152.5,-154.5,-157.0,-154.0,-157.0,-148.5,-146.5,-148.5,-148.5,-147.5,-154.5,-154.5,-157.0,-157.0,-157.0,-155.5,-152.0,-154.0,-157.0,-152.5,-153.0,-154.5,-157.0,-154.0,-153.5,-150.5,-156.5,-157.0,-157.0,-156.5,-154.0,-152.0,-157.0,-151.0,-149.5,-152.5,-157.0,-157.0,-156.0,-157.0,-155.0,-155.5,-154.0,-152.0,-157.0,-157.0,-155.0,-155.0,-157.0,-157.0,-149.5,-149.0,-157.0,-149.5,-149.0,-157.0,-157.0,-157.0,-157.0,-157.0,-152.5,-157.0,-156.5,-154.5,-156.0,-150.5,-151.5,-152.0,-150.0,-156.0,-154.5,-157.0,-153.0,-155.5,-150.5,-152.5,-154.5,-151.0,-146.5,-149.0,-152.5,-154.0,-153.0,-156.5,-152.5,-157.0,-149.5,-151.5,-154.0,-150.5,-153.5,-153.5,-155.0,-151.0,-152.0,-157.0,-152.5,-153.5,-153.5,-154.5,-152.0,-150.0,-149.0,-155.0,-153.0,-156.5,-153.0,-150.5,-151.0,-152.0,-154.0,-152.5,-149.0,-150.5,-156.5,-147.0,-146.5,-153.0,-152.0,-150.0,-156.5,-151.0,-153.0,-157.0,-156.0,-157.0,-155.0,-155.5,-152.5,-149.5,-155.0,-155.0,-149.5,-156.5,-155.5,-155.0,-150.0,-151.5,-151.0,-153.5,-149.5,-157.0,-157.0,-154.0,-157.0,-153.0,-155.5,-151.0,-156.0,-151.0,-157.0,-156.0,-149.5,-150.5,-157.0,-154.0,-152.0,-154.0,-154.0,-154.5,-157.0,-157.0,-156.5,-149.0,-150.0,-157.0,-157.0,-157.0,-155.5,-150.5,-154.0,-153.0,-153.0,-155.0,-157.0,-157.0,-151.0,-149.5,-155.0,-157.0,-157.0,-153.0,-153.5,-148.0,-149.5,-151.0,-154.5,-157.0,-151.0,-148.5,-152.5,-156.0,-157.0,-151.5,-148.5,-153.5,-153.0,-149.0,-150.0,-152.0,-153.0,-150.0,-152.0,-149.0,-154.0,-156.5,-153.0,-153.0,-152.5,-155.5,-154.0,-153.0,-155.0,-154.0,-152.0,-157.0,-157.0,-149.0,-151.0,-151.5,-149.5,-155.5,-155.5,-155.5,-157.0,-153.0,-157.0,-153.0,-157.0,-150.0,-148.5,-155.5,-157.0
2026-01-16 16:42:32.157,143.050000,5,-77,-157.0,-157.0,-149.0,-149.0,-151.5,-155.0,-150.5,-152.5,-151.0,-151.5,-157.0,-157.0,-155.0,-157.0,-157.0,-156.5,-155.5,-157.0,-152.0,-148.5,-156.0,-157.0,-157.0,-151.5,-149.5,-150.5,-148.5,-157.0,-157.0,-153.0,-157.0,-157.0,-154.5,-154.5,-152.5,-148.5,-150.5,-152.5,-148.0,-149.0,-157.0,-150.5,-148.5,-148.5,-152.0,-152.5,-155.0,-152.5,-151.0,-155.0,-157.0,-156.5,-154.0,-155.5,-150.5,-151.5,-149.0,-153.0,-148.5,-150.0,-155.0,-154.0,-157.0,-155.0,-156.0,-154.5,-155.5,-154.5,-154.5,-157.0,-156.0,-149.5,-155.5,-153.0,-152.5,-157.0,-150.5,-154.5,-157.0,-150.0,-152.0,-150.0,-152.0,-148.5,-157.0,-151.5,-149.0,-157.0,-151.5,-155.0,-152.5,-153.5,-157.0,-152.5,-151.5,-151.5,-155.0,-155.0,-157.0,-155.5,-151.0,-151.5,-157.0,-155.0,-151.0,-153.5,-153.0,-153.0,-153.0,-156.0,-154.0,-157.0,-154.0,-151.0,-150.5,-152.0,-148.0,-150.5,-151.0,-157.0,-146.5,-148.5,-150.5,-145.0,-143.0,-152.0,-154.0,-157.0,-157.0,-153.5,-153.0,-150.5,-152.5,-150.0,-153.0,-157.0,-156.0,-153.0,-150.0,-150.5,-153.0,-153.0,-154.0,-151.0,-147.5,-155.5,-152.5,-148.0,-146.0,-154.5,-149.5,-150.5,-157.0,-152.0,-154.5,-156.0,-151.5,-153.5,-157.0,-157.0,-157.0,-157.0,-152.0,-155.0,-153.0,-156.5,-154.0,-154.0,-151.0,-148.5,-155.5,-157.0,-157.0,-155.0,-154.0,-155.5,-148.5,-151.0,-156.5,-155.5,-156.5,-156.0,-157.0,-152.0,-144.5,-144.5,-154.0,-152.0,-153.0,-152.5,-157.0,-151.0,-151.0,-157.0,-155.0,-153.5,-154.0,-157.0,-157.0,-155.0,-155.0,-157.0,-157.0,-151.0,-149.5,-155.0,-155.0,-148.5,-152.5,-150.5,-153.5,-153.0,-151.0,-152.5,-152.5,-152.5,-153.0,-154.0,-153.5,-155.5,-152.0,-153.5,-151.5,-151.0,-154.0,-157.0,-157.0,-155.0,-155.0,-153.0,-150.0,-155.0,-155.0,-151.5,-149.5,-151.5,-150.5,-155.0,-146.0,-143.0,-149.5,-150.5,-151.0,-150.5,-148.5,-148.5,-157.0,-148.5,-146.5,-147.5,-148.5,-151.5,-151.0,-157.0,-157.0,-155.5,-149.0,-149.0,-153.0,-151.5,-154.0,-157.0,-157.0,-150.5,-152.5,-157.0,-150.0,-150.5,-157.0,-157.0,-157.0,-157.0,-152.0,-149.5,-155.5,-153.5,-150.5,-150.5,-157.0,-157.0,-155.0,-157.0,-157.0,-154.5,-151.0,-150.5,-151.0,-157.0,-156.0,-152.0,-157.0,-157.0,-151.5,-151.5,-157.0,-153.0,-152.5,-157.0,-157.0,-157.0,-157.0,-150.5,-151.0,-157.0,-157.0,-157.0,-157.0,-154.5,-153.5,-155.5,-153.0,-157.0,-156.5,-157.0,-156.5,-157.0,-153.0,-157.0,-157.0,-152.0,-151.0,-151.0,-153.5,-155.0,-157.0,-157.0,-152.0,-157.0,-154.5,-154.0,-153.5,-154.5,-157.0,-153.5,-153.0,-156.0,-157.0,-154.5,-151.0,-157.0,-157.0,-150.0,-152.5,-152.5,-151.5,-151.0,-153.0,-155.5,-153.0,-151.0,-152.0,-155.5,-157.0,-153.0,-152.5,-151.0,-157.0,-148.5,-149.0,-148.5,-153.0,-147.0,-153.0,-149.5,-157.0,-157.0,-156.0,-155.0,-157.0,-153.0,-157.0,-151.0,-151.5,-157.0,-148.5,-154.5,-157.0,-157.0,-153.5,-152.0,-156.0,-157.0,-149.5,-151.5,-153.0,-153.0,-157.0,-157.0,-157.0,-150.0,-152.5,-155.0,-156.0,-157.0,-149.0,-150.0,-157.0,-152.5,-150.5,-152.0,-151.0,-152.5,-157.0,-157.0,-157.0,-150.5,-153.0,-156.0,-157.0,-157.0,-154.5,-148.5,-149.5,-153.5,-156.5,-156.0,-157.0,-156.0,-148.5,-150.5,-152.0,-157.0,-157.0,-157.0,-149.5,-151.0,-150.5,-153.0,-155.5,-157.0,-152.5,-150.5,-153.5,-151.5,-151.5,-151.5,-149.5,-152.5,-154.5,-153.5,-156.0,-148.0,-150.0,-153.5,-151.5,-146.0,-152.5,-157.0,-157.0,-157.0,-157.0,-155.0,-153.5,-155.0,-154.0,-151.0,-151.5,-157.0,-157.0,-152.5,-153.5,-153.5,-149.5,-153.5,-152.5,-153.5,-157.0,-149.0,-151.5,-152.0,-151.0,-150.0,-151.5,-154.5,-157.0
2026-01-16 16:42:32.185,143.050000,5,-77,-157.0,-157.0,-148.5,-148.5,-150.5,-157.0,-149.0,-150.5,-150.0,-151.5,-157.0,-157.0,-154.0,-156.5,-157.0,-157.0,-152.5,-154.5,-150.0,-147.5,-157.0,-157.0,-156.5,-149.0,-149.0,-153.5,-147.5,-155.0,-155.5,-150.5,-150.5,-152.5,-153.0,-154.5,-155.0,-152.5,-150.5,-149.0,-148.0,-152.0,-157.0,-151.0,-149.0,-154.0,-157.0,-153.0,-153.5,-150.0,-150.5,-153.0,-154.0,-157.0,-153.0,-157.0,-151.0,-151.0,-153.0,-156.5,-148.5,-151.0,-153.0,-155.0,-157.0,-157.0,-154.5,-151.0,-155.5,-157.0,-157.0,-157.0,-155.0,-151.5,-157.0,-154.5,-154.5,-157.0,-151.5,-155.5,-157.0,-155.0,-152.0,-148.0,-149.5,-149.5,-153.5,-153.0,-152.5,-156.0,-154.5,-154.5,-150.5,-155.0,-157.0,-152.5,-147.5,-148.0,-157.0,-154.0,-155.5,-157.0,-152.5,-153.5,-154.0,-155.0,-150.0,-149.5,-157.0,-151.5,-152.0,-152.5,-153.0,-157.0,-155.0,-152.5,-152.5,-150.0,-148.5,-149.5,-149.5,-152.5,-146.5,-149.0,-153.0,-147.5,-146.0,-152.0,-154.5,-157.0,-157.0,-152.5,-149.0,-148.0,-152.5,-151.5,-154.5,-157.0,-157.0,-155.5,-154.5,-151.0,-149.5,-155.5,-157.0,-155.5,-148.5,-153.0,-157.0,-149.5,-146.5,-149.5,-153.0,-152.5,-156.0,-153.5,-155.0,-154.5,-152.0,-156.0,-157.0,-157.0,-156.5,-154.5,-153.5,-157.0,-156.5,-157.0,-153.5,-152.0,-151.0,-150.0,-156.5,-152.5,-156.0,-154.0,-155.5,-154.5,-149.0,-153.0,-151.5,-149.0,-152.5,-155.5,-155.0,-149.5,-145.5,-145.5,-153.5,-151.5,-148.5,-149.0,-154.0,-149.5,-149.0,-157.0,-153.5,-157.0,-156.5,-156.0,-157.0,-157.0,-155.0,-157.0,-157.0,-155.5,-152.5,-154.5,-155.5,-153.5,-157.0,-150.0,-150.5,-157.0,-154.0,-152.0,-157.0,-152.0,-157.0,-156.5,-149.5,-150.5,-152.0,-154.5,-154.5,-155.5,-157.0,-155.5,-157.0,-157.0,-157.0,-157.0,-148.5,-152.5,-157.0,-150.0,-151.0,-149.5,-153.5,-156.0,-143.0,-143.5,-154.5,-157.0,-155.5,-151.0,-146.5,-147.5,-157.0,-152.5,-150.5,-146.5,-147.5,-153.0,-154.0,-157.0,-157.0,-149.5,-146.5,-150.0,-151.5,-153.5,-155.0,-157.0,-157.0,-147.5,-148.0,-152.5,-154.0,-152.5,-153.0,-154.5,-157.0,-157.0,-157.0,-150.5,-151.5,-157.0,-156.0,-153.0,-157.0,-157.0,-153.5,-157.0,-156.0,-154.0,-150.0,-149.5,-149.0,-154.0,-153.0,-153.0,-157.0,-156.5,-157.0,-153.0,-155.0,-155.0,-155.5,-153.0,-153.5,-157.0,-151.5,-147.5,-151.5,-155.5,-152.5,-154.5,-153.5,-154.0,-157.0,-157.0,-157.0,-154.5,-156.5,-157.0,-157.0,-157.0,-152.0,-152.5,-152.5,-153.5,-157.0,-155.0,-150.0,-155.0,-157.0,-151.5,-150.0,-153.5,-152.0,-157.0,-156.5,-154.5,-154.5,-157.0,-153.5,-155.5,-157.0,-152.5,-148.5,-153.0,-151.0,-148.5,-154.5,-157.0,-156.0,-153.5,-152.5,-157.0,-153.5,-148.5,-150.5,-157.0,-157.0,-151.5,-150.5,-152.5,-156.5,-148.5,-151.0,-150.0,-153.5,-147.5,-152.0,-147.0,-151.0,-153.0,-152.5,-153.5,-157.0,-155.0,-155.0,-155.0,-154.0,-153.5,-151.0,-154.0,-157.0,-157.0,-157.0,-154.0,-157.0,-157.0,-148.5,-149.0,-154.5,-156.0,-157.0,-157.0,-154.5,-150.0,-152.0,-156.5,-154.0,-157.0,-150.5,-152.0,-152.0,-156.0,-152.0,-153.5,-151.5,-152.0,-151.5,-157.0,-157.0,-153.5,-153.0,-151.0,-155.5,-154.0,-152.0,-149.5,-150.0,-154.5,-157.0,-157.0,-157.0,-153.0,-151.0,-155.0,-154.0,-156.0,-156.0,-157.0,-151.5,-153.0,-150.0,-152.5,-149.0,-151.0,-156.5,-154.0,-154.0,-156.0,-150.5,-157.0,-155.0,-156.0,-156.0,-157.0,-154.5,-148.5,-151.5,-156.5,-157.0,-148.0,-155.0,-157.0,-157.0,-153.0,-155.0,-150.5,-155.5,-151.5,-154.5,-155.5,-152.5,-153.5,-152.5,-154.5,-153.0,-152.5,-150.0,-149.5,-155.0,-155.0,-151.0,-147.0,-150.5,-156.0,-149.5,-150.0,-157.0,-157.0,-157.0
2026-01-16 16:42:32.223,143.050000,5,-77,-157.0,-157.0,-152.5,-155.5,-157.0,-155.0,-151.0,-157.0,-155.5,-154.5,-157.0,-157.0,-152.5,-151.5,-157.0,-152.5,-150.5,-153.0,-151.5,-151.0,-157.0,-157.0,-153.0,-150.5,-152.0,-157.0,-151.0,-157.0,-155.0,-154.0,-153.0,-153.5,-151.0,-149.5,-153.0,-157.0,-151.5,-149.5,-154.5,-157.0,-157.0,-157.0,-152.0,-156.0,-155.0,-154.5,-157.0,-153.0,-156.0,-152.5,-151.5,-157.0,-151.5,-157.0,-155.5,-157.0,-157.0,-155.0,-150.5,-156.5,-152.0,-157.0,-154.5,-154.5,-148.5,-148.5,-157.0,-153.0,-157.0,-156.0,-154.0,-153.0,-150.5,-152.0,-157.0,-157.0,-153.5,-157.0,-157.0,-155.0,-151.0,-150.0,-149.0,-153.0,-148.5,-157.0,-157.0,-156.5,-155.5,-153.0,-150.0,-152.0,-153.5,-157.0,-150.5,-151.5,-155.0,-156.5,-157.0,-156.5,-152.0,-157.0,-153.5,-154.5,-157.0,-150.5,-155.5,-157.0,-157.0,-156.5,-153.0,-157.0,-157.0,-155.0,-156.5,-153.0,-150.0,-150.0,-147.5,-148.0,-149.0,-149.0,-154.0,-150.0,-153.0,-152.5,-156.5,-157.0,-157.0,-155.0,-150.5,-150.0,-155.0,-153.5,-155.5,-156.5,-155.0,-155.0,-153.0,-149.0,-148.0,-151.0,-152.5,-154.0,-148.0,-153.0,-157.0,-151.5,-148.5,-148.0,-151.5,-154.0,-156.0,-157.0,-157.0,-153.5,-154.5,-157.0,-156.0,-157.0,-154.5,-154.5,-153.0,-157.0,-157.0,-157.0,-157.0,-154.5,-147.0,-147.5,-156.0,-153.5,-149.0,-150.5,-157.0,-156.0,-149.5,-150.5,-150.0,-146.5,-153.0,-154.0,-150.5,-149.0,-147.0,-144.5,-150.0,-151.5,-151.5,-151.5,-151.0,-152.0,-153.0,-155.5,-152.5,-157.0,-157.0,-154.0,-153.5,-157.0,-152.0,-156.0,-157.0,-152.5,-157.0,-157.0,-157.0,-154.5,-157.0,-153.0,-153.5,-157.0,-157.0,-151.5,-153.5,-150.5,-153.0,-157.0,-149.0,-149.0,-151.0,-156.5,-152.5,-157.0,-153.5,-151.5,-152.5,-157.0,-157.0,-157.0,-148.5,-149.0,-155.5,-156.5,-157.0,-149.5,-157.0,-153.0,-142.0,-142.5,-152.0,-157.0,-157.0,-155.5,-150.0,-150.5,-157.0,-157.0,-157.0,-146.5,-148.5,-148.5,-157.0,-152.0,-151.5,-146.0,-145.0,-153.0,-156.0,-157.0,-156.5,-155.5,-155.0,-149.5,-149.5,-153.5,-157.0,-152.5,-150.0,-154.5,-157.0,-157.0,-157.0,-157.0,-156.0,-157.0,-157.0,-151.5,-150.0,-152.5,-153.5,-151.5,-149.5,-151.0,-152.0,-156.5,-152.0,-155.5,-156.0,-155.5,-157.0,-153.0,-152.0,-154.0,-156.0,-155.5,-157.0,-149.5,-150.5,-154.0,-150.0,-150.5,-149.5,-148.5,-149.5,-150.5,-149.5,-150.0,-157.0,-155.0,-157.0,-151.0,-152.5,-157.0,-154.5,-155.5,-153.0,-152.5,-154.0,-155.0,-157.0,-157.0,-150.5,-151.0,-157.0,-152.5,-149.5,-151.5,-149.0,-157.0,-157.0,-150.5,-152.5,-157.0,-152.0,-151.0,-156.0,-148.0,-147.0,-151.0,-147.5,-150.5,-153.0,-157.0,-157.0,-157.0,-155.5,-156.0,-146.0,-149.0,-156.5,-157.0,-157.0,-153.0,-150.0,-149.0,-156.5,-148.0,-150.5,-153.0,-157.0,-150.5,-150.0,-146.5,-149.0,-149.0,-148.5,-155.0,-155.0,-157.0,-152.0,-157.0,-157.0,-154.0,-155.5,-157.0,-157.0,-157.0,-157.0,-155.0,-156.0,-157.0,-151.0,-149.5,-153.0,-155.0,-152.5,-157.0,-156.5,-152.5,-156.0,-152.5,-151.0,-157.0,-151.5,-149.5,-149.5,-157.0,-156.5,-157.0,-155.0,-152.0,-148.5,-149.0,-157.0,-157.0,-151.5,-151.0,-149.5,-148.5,-157.0,-153.5,-153.0,-153.5,-157.0,-156.0,-155.5,-155.5,-156.0,-155.0,-157.0,-154.5,-151.5,-154.5,-153.5,-148.0,-146.5,-153.0,-146.0,-150.0,-153.5,-157.0,-156.0,-157.0,-151.0,-153.0,-157.0,-155.5,-157.0,-155.0,-157.0,-152.0,-152.5,-155.5,-157.0,-151.5,-157.0,-157.0,-157.0,-149.5,-147.5,-148.5,-157.0,-149.0,-151.5,-156.0,-152.5,-150.0,-149.0,-157.0,-154.0,-155.0,-151.0,-152.0,-154.5,-155.0,-152.0,-150.0,-153.5,-157.0,-153.5,-152.0,-153.0,-157.0,-157.0
2026-01-16 16:42:32.250,143.050000,5,-77,-157.0,-157.0,-155.5,-156.0,-154.5,-156.0,-154.0,-157.0,-157.0,-157.0,-157.0,-157.0,-154.0,-150.0,-157.0,-152.5,-153.5,-154.5,-153.0,-149.5,-153.0,-157.0,-154.5,-155.5,-157.0,-157.0,-155.0,-157.0,-154.5,-154.5,-157.0,-156.5,-155.5,-149.5,-152.5,-157.0,-156.0,-155.0,-157.0,-157.0,-157.0,-157.0,-152.5,-151.5,-157.0,-153.0,-153.5,-157.0,-157.0,-150.0,-154.0,-153.5,-149.0,-157.0,-157.0,-157.0,-157.0,-153.5,-153.5,-156.5,-147.5,-150.0,-152.0,-155.5,-148.5,-150.0,-154.0,-151.0,-151.5,-157.0,-157.0,-148.5,-148.0,-153.5,-157.0,-157.0,-155.0,-155.0,-154.5,-152.5,-148.0,-151.5,-153.5,-152.0,-147.0,-157.0,-156.0,-153.0,-152.5,-153.5,-154.5,-151.5,-154.0,-152.5,-156.0,-157.0,-153.0,-153.5,-157.0,-153.0,-151.5,-157.0,-157.0,-155.0,-154.0,-151.0,-157.0,-157.0,-156.0,-157.0,-149.0,-149.5,-157.0,-154.0,-157.0,-155.5,-152.5,-149.0,-149.0,-148.0,-149.0,-153.5,-151.5,-150.5,-153.0,-152.0,-157.0,-154.0,-153.5,-152.0,-151.0,-148.5,-152.5,-157.0,-156.0,-157.0,-152.5,-155.5,-156.5,-151.5,-149.5,-150.5,-150.0,-157.0,-147.5,-149.0,-157.0,-150.5,-149.5,-150.0,-154.5,-152.5,-153.5,-157.0,-156.0,-151.0,-155.5,-157.0,-155.5,-156.5,-152.0,-157.0,-154.5,-155.0,-157.0,-157.0,-156.5,-153.5,-147.5,-150.0,-156.0,-153.5,-148.0,-148.5,-157.0,-153.0,-150.5,-155.0,-150.5,-148.0,-153.0,-152.5,-152.5,-154.0,-145.5,-144.0,-151.0,-151.0,-155.0,-157.0,-148.5,-149.0,-155.0,-157.0,-155.5,-157.0,-154.5,-153.0,-154.5,-153.5,-147.5,-148.5,-153.0,-147.5,-147.5,-149.5,-157.0,-153.0,-156.5,-156.5,-157.0,-157.0,-157.0,-154.5,-152.0,-153.5,-151.5,-155.5,-152.0,-157.0,-151.5,-155.5,-152.0,-157.0,-154.5,-149.5,-148.5,-157.0,-152.5,-152.5,-153.5,-151.5,-152.5,-152.5,-151.0,-150.0,-153.0,-150.0,-146.0,-142.5,-150.5,-157.0,-157.0,-151.5,-149.0,-154.0,-156.0,-156.5,-156.5,-149.5,-149.5,-151.5,-157.0,-152.0,-147.5,-146.5,-149.5,-148.5,-153.0,-153.5,-151.5,-150.5,-152.0,-151.0,-149.0,-152.0,-157.0,-154.0,-152.0,-154.5,-155.0,-157.0,-154.0,-152.5,-157.0,-157.0,-157.0,-151.0,-151.0,-154.5,-157.0,-152.5,-150.0,-155.0,-157.0,-155.0,-152.0,-154.5,-157.0,-157.0,-156.5,-151.0,-152.0,-153.5,-156.5,-156.0,-153.0,-150.5,-150.5,-148.5,-149.5,-157.0,-148.5,-150.0,-151.0,-150.0,-151.5,-148.5,-154.0,-151.0,-152.0,-152.5,-151.5,-157.0,-149.5,-152.0,-155.5,-151.5,-157.0,-155.5,-153.5,-157.0,-152.0,-149.5,-154.5,-152.0,-148.5,-153.5,-150.5,-154.0,-156.0,-148.5,-152.0,-155.5,-149.0,-153.0,-157.0,-151.5,-150.5,-151.0,-150.0,-153.5,-151.5,-154.0,-155.0,-154.5,-153.5,-157.0,-144.5,-151.5,-157.0,-157.0,-157.0,-157.0,-151.5,-148.0,-150.0,-148.0,-157.0,-155.0,-150.5,-150.5,-151.5,-148.0,-149.5,-146.5,-148.5,-151.0,-153.5,-155.0,-150.5,-152.5,-156.0,-157.0,-157.0,-157.0,-157.0,-154.5,-157.0,-155.5,-153.5,-153.5,-157.0,-152.0,-153.0,-157.0,-153.0,-157.0,-153.0,-151.5,-157.0,-153.0,-150.5,-154.0,-155.5,-152.5,-152.5,-157.0,-157.0,-157.0,-156.5,-156.0,-151.0,-147.5,-153.5,-157.0,-155.5,-157.0,-150.0,-149.5,-157.0,-153.0,-153.0,-156.5,-157.0,-154.5,-150.0,-152.0,-153.0,-154.0,-157.0,-157.0,-153.5,-150.5,-150.5,-148.0,-149.5,-148.5,-146.5,-152.5,-153.5,-157.0,-153.0,-154.0,-154.0,-152.5,-151.5,-156.5,-155.5,-157.0,-157.0,-154.0,-157.0,-157.0,-154.5,-151.5,-157.0,-157.0,-155.0,-152.5,-147.5,-150.5,-157.0,-150.5,-153.0,-151.5,-151.0,-150.0,-153.5,-157.0,-155.5,-157.0,-153.5,-157.0,-157.0,-155.5,-156.0,-157.0,-155.0,-157.0,-157.0,-152.5,-153.0,-157.0,-157.0
2026-01-16 16:42:32.285,143.050000,5,-77,-157.0,-157.0,-156.0,-152.0,-150.5,-152.5,-152.0,-156.0,-157.0,-157.0,-157.0,-157.0,-154.0,-153.0,-157.0,-152.0,-156.0,-157.0,-156.5,-147.5,-154.5,-154.5,-157.0,-153.0,-155.5,-157.0,-154.0,-157.0,-153.0,-151.5,-157.0,-154.5,-157.0,-153.5,-153.5,-157.0,-154.5,-149.5,-151.0,-156.0,-155.5,-157.0,-155.5,-152.0,-153.5,-153.0,-153.0,-155.0,-149.0,-147.0,-156.0,-155.0,-149.5,-149.5,-153.5,-157.0,-155.5,-156.0,-157.0,-154.0,-148.0,-148.5,-150.5,-151.0,-154.5,-151.5,-155.0,-155.0,-150.5,-157.0,-156.0,-149.0,-151.0,-157.0,-157.0,-156.0,-157.0,-157.0,-152.5,-152.5,-147.5,-151.0,-157.0,-154.0,-147.5,-151.5,-155.0,-154.5,-155.5,-155.5,-157.0,-151.0,-153.0,-151.0,-157.0,-154.5,-152.5,-150.0,-150.5,-149.0,-151.5,-154.5,-153.5,-155.5,-157.0,-154.5,-157.0,-153.0,-150.5,-155.5,-148.0,-147.0,-153.0,-153.5,-157.0,-153.5,-152.0,-152.0,-154.5,-148.5,-149.0,-157.0,-150.0,-150.5,-150.5,-150.0,-156.0,-150.0,-156.0,-153.0,-156.0,-148.0,-152.0,-155.0,-154.0,-157.0,-153.0,-156.5,-157.0,-155.0,-151.5,-152.0,-156.5,-157.0,-150.5,-152.5,-154.5,-153.0,-153.0,-153.0,-153.5,-150.0,-152.5,-157.0,-157.0,-149.5,-157.0,-155.0,-155.0,-156.5,-150.0,-152.5,-157.0,-154.0,-153.5,-155.5,-156.5,-155.0,-150.5,-155.5,-152.0,-151.5,-153.5,-153.0,-155.5,-152.5,-152.5,-156.5,-150.5,-151.0,-155.5,-151.5,-152.5,-157.0,-145.5,-144.0,-152.0,-157.0,-157.0,-157.0,-150.0,-152.0,-152.0,-156.5,-157.0,-157.0,-157.0,-154.5,-157.0,-150.5,-149.5,-147.5,-152.0,-148.5,-145.0,-145.5,-157.0,-155.0,-155.5,-157.0,-157.0,-157.0,-153.0,-155.5,-153.5,-153.5,-154.5,-155.0,-153.0,-156.0,-156.0,-154.0,-151.0,-153.0,-152.5,-148.0,-147.0,-153.0,-148.5,-151.0,-157.0,-153.5,-151.5,-149.5,-150.0,-156.0,-152.5,-150.0,-148.0,-143.0,-154.0,-151.5,-153.0,-149.0,-146.0,-157.0,-157.0,-152.0,-151.0,-154.0,-157.0,-157.0,-157.0,-152.0,-153.0,-152.0,-155.0,-149.5,-153.5,-157.0,-154.0,-152.5,-155.0,-155.5,-149.0,-152.0,-157.0,-157.0,-153.0,-153.0,-154.0,-153.0,-148.0,-150.5,-151.5,-153.5,-154.0,-156.5,-156.0,-152.0,-152.0,-157.0,-154.5,-157.0,-157.0,-154.0,-153.0,-157.0,-157.0,-157.0,-151.5,-152.5,-157.0,-155.5,-151.0,-151.0,-155.0,-154.5,-156.0,-149.0,-153.0,-154.5,-149.0,-157.0,-150.5,-149.0,-150.0,-149.5,-151.5,-151.5,-150.5,-157.0,-153.5,-153.5,-149.5,-149.0,-154.0,-148.5,-150.5,-153.5,-152.5,-150.5,-149.5,-152.0,-153.5,-148.0,-148.5,-157.0,-153.0,-152.0,-152.0,-148.0,-150.5,-154.0,-147.5,-151.0,-152.0,-151.5,-151.5,-149.5,-157.0,-152.0,-148.0,-149.5,-152.5,-152.5,-149.5,-151.5,-146.5,-156.5,-157.0,-157.0,-154.5,-156.0,-155.5,-150.5,-148.5,-148.0,-156.5,-154.0,-151.5,-151.5,-153.0,-152.0,-149.5,-146.0,-148.5,-149.5,-154.0,-157.0,-150.0,-150.5,-156.0,-154.5,-153.0,-155.5,-157.0,-153.0,-157.0,-157.0,-154.0,-152.5,-157.0,-155.5,-156.0,-157.0,-157.0,-157.0,-149.5,-148.0,-157.0,-154.0,-152.5,-157.0,-157.0,-156.0,-157.0,-157.0,-155.5,-155.0,-157.0,-157.0,-154.0,-149.0,-156.0,-157.0,-155.5,-157.0,-154.0,-153.0,-157.0,-151.0,-149.0,-155.5,-156.0,-156.5,-151.5,-149.5,-151.5,-152.5,-157.0,-157.0,-157.0,-151.0,-152.0,-150.5,-157.0,-151.0,-152.0,-149.5,-157.0,-156.0,-154.0,-157.0,-155.0,-152.0,-151.5,-157.0,-155.0,-157.0,-152.0,-151.5,-157.0,-157.0,-153.0,-154.0,-157.0,-156.0,-154.0,-155.0,-151.5,-150.5,-157.0,-149.5,-149.0,-151.5,-155.5,-153.0,-157.0,-157.0,-154.0,-157.0,-154.0,-154.5,-154.0,-155.0,-155.5,-155.5,-155.0,-154.0,-157.0,-156.5,-157.0,-156.0,-157.0
2026-01-16 16:42:32.318,143.050000,5,-77,-157.0,-157.0,-154.0,-152.5,-151.0,-155.0,-149.5,-154.0,-156.0,-157.0,-157.0,-157.0,-153.5,-156.5,-155.5,-148.0,-151.0,-157.0,-157.0,-149.5,-153.5,-155.5,-156.0,-152.5,-155.5,-157.0,-151.5,-157.0,-155.5,-154.5,-153.5,-150.5,-157.0,-155.5,-155.0,-157.0,-148.0,-146.0,-148.5,-153.5,-155.0,-157.0,-156.0,-151.0,-150.0,-150.5,-150.0,-150.0,-152.5,-147.5,-150.5,-152.5,-154.5,-152.0,-155.5,-156.0,-154.5,-157.0,-157.0,-152.5,-151.0,-148.5,-147.5,-149.0,-154.0,-150.5,-157.0,-155.0,-151.5,-157.0,-157.0,-151.5,-152.5,-157.0,-157.0,-157.0,-157.0,-157.0,-155.0,-157.0,-151.5,-157.0,-157.0,-157.0,-150.5,-154.0,-157.0,-157.0,-154.0,-154.0,-156.0,-150.0,-149.0,-157.0,-153.5,-157.0,-153.5,-152.0,-154.0,-151.0,-153.5,-155.0,-149.5,-151.5,-151.0,-157.0,-157.0,-153.0,-150.0,-154.0,-153.0,-150.5,-155.5,-154.5,-157.0,-157.0,-156.0,-156.0,-156.5,-153.0,-154.0,-156.5,-147.0,-148.0,-152.0,-152.0,-150.0,-148.5,-151.5,-155.5,-157.0,-148.5,-151.0,-155.0,-153.0,-157.0,-153.0,-153.5,-157.0,-157.0,-151.5,-152.5,-157.0,-157.0,-154.0,-157.0,-150.5,-152.5,-155.0,-154.5,-150.5,-149.5,-156.5,-157.0,-157.0,-150.0,-151.5,-152.0,-156.5,-157.0,-151.5,-153.5,-156.5,-150.5,-150.5,-155.5,-157.0,-157.0,-151.0,-157.0,-153.5,-156.0,-155.0,-157.0,-156.0,-154.0,-157.0,-155.5,-155.5,-154.0,-149.5,-149.5,-155.0,-157.0,-147.5,-146.5,-152.5,-157.0,-157.0,-152.5,-151.5,-157.0,-153.0,-157.0,-156.0,-157.0,-153.5,-151.5,-153.0,-153.0,-157.0,-153.0,-152.0,-156.5,-150.0,-145.5,-156.0,-157.0,-157.0,-157.0,-157.0,-150.5,-149.5,-153.5,-151.0,-151.0,-156.5,-154.0,-157.0,-157.0,-154.5,-149.5,-149.5,-156.0,-155.0,-153.0,-150.0,-154.0,-149.0,-150.0,-152.5,-151.0,-157.0,-150.0,-149.0,-149.5,-152.0,-156.0,-143.5,-143.0,-151.0,-151.5,-151.5,-147.5,-147.0,-156.5,-157.0,-156.0,-153.5,-157.0,-154.0,-155.5,-154.5,-152.5,-157.0,-157.0,-154.0,-151.5,-152.0,-155.5,-157.0,-157.0,-157.0,-155.5,-149.0,-152.0,-157.0,-157.0,-156.0,-153.5,-156.0,-148.5,-146.0,-153.0,-148.5,-150.0,-153.0,-153.5,-157.0,-149.0,-148.5,-157.0,-157.0,-152.5,-153.5,-157.0,-155.0,-156.5,-157.0,-153.5,-150.0,-156.0,-154.5,-153.5,-148.5,-148.5,-154.0,-153.5,-153.5,-154.0,-154.0,-151.0,-152.0,-157.0,-154.0,-154.5,-155.0,-157.0,-156.5,-153.5,-150.0,-157.0,-157.0,-156.5,-157.0,-152.0,-150.5,-150.0,-153.5,-153.0,-157.0,-152.0,-149.0,-157.0,-156.5,-152.5,-152.0,-157.0,-157.0,-157.0,-155.5,-150.0,-156.0,-151.5,-148.0,-149.5,-148.0,-152.5,-155.0,-150.5,-157.0,-150.5,-147.5,-155.5,-157.0,-156.5,-148.5,-150.5,-152.5,-157.0,-157.0,-157.0,-151.5,-149.5,-151.5,-150.5,-154.5,-152.0,-157.0,-157.0,-156.5,-157.0,-157.0,-157.0,-152.0,-150.5,-149.5,-153.0,-155.0,-152.0,-152.0,-157.0,-157.0,-150.5,-148.5,-154.5,-151.0,-152.0,-155.5,-156.0,-157.0,-157.0,-155.5,-157.0,-157.0,-155.5,-154.0,-157.0,-150.0,-149.5,-157.0,-154.0,-153.5,-155.0,-156.5,-155.0,-154.0,-153.5,-157.0,-150.0,-153.0,-157.0,-151.0,-154.0,-155.5,-157.0,-155.5,-153.0,-157.0,-153.5,-156.5,-151.5,-150.5,-157.0,-153.5,-155.0,-156.0,-149.0,-148.0,-149.0,-157.0,-157.0,-157.0,-154.0,-153.5,-153.5,-157.0,-156.5,-155.0,-152.5,-154.0,-152.5,-155.0,-154.5,-156.0,-154.0,-157.0,-157.0,-157.0,-157.0,-151.0,-152.0,-157.0,-157.0,-151.5,-154.5,-157.0,-156.5,-157.0,-155.5,-157.0,-151.5,-152.0,-153.5,-146.5,-152.0,-157.0,-156.0,-157.0,-153.0,-150.5,-156.0,-154.5,-152.0,-152.5,-152.5,-156.0,-154.0,-154.5,-156.5,-156.0,-157.0,-156.5,-151.0,-155.0
2026-01-16 16:42:32.349,143.050000,5,-77,-157.0,-157.0,-155.5,-157.0,-157.0,-157.0,-151.0,-155.0,-153.0,-157.0,-157.0,-154.0,-152.0,-153.5,-153.5,-148.5,-149.5,-155.5,-157.0,-151.5,-150.5,-157.0,-156.0,-154.0,-157.0,-153.0,-153.0,-157.0,-154.5,-157.0,-154.5,-149.5,-151.5,-151.5,-152.0,-157.0,-148.5,-146.5,-154.0,-154.0,-157.0,-157.0,-154.0,-155.5,-154.0,-148.0,-150.0,-149.5,-151.0,-149.0,-150.0,-149.5,-153.5,-157.0,-157.0,-155.0,-157.0,-153.5,-150.5,-152.5,-151.0,-150.0,-149.0,-154.0,-149.5,-147.5,-157.0,-155.5,-153.5,-157.0,-157.0,-151.5,-153.5,-157.0,-157.0,-157.0,-154.0,-155.5,-155.5,-154.0,-157.0,-156.0,-155.0,-157.0,-156.0,-157.0,-155.5,-154.5,-152.0,-154.5,-152.5,-152.5,-150.0,-157.0,-149.5,-152.0,-156.0,-157.0,-157.0,-157.0,-157.0,-151.0,-148.0,-149.0,-147.5,-153.5,-153.5,-157.0,-153.0,-155.0,-154.0,-150.5,-153.0,-153.5,-157.0,-157.0,-157.0,-157.0,-157.0,-155.0,-156.0,-150.5,-146.5,-147.5,-154.5,-155.5,-149.5,-155.0,-148.0,-149.0,-155.5,-150.0,-151.5,-157.0,-156.5,-156.0,-152.0,-153.5,-157.0,-156.0,-154.5,-157.0,-155.5,-150.5,-148.5,-150.0,-148.5,-151.0,-157.0,-157.0,-152.5,-151.0,-154.5,-157.0,-156.5,-154.5,-153.0,-154.0,-156.5,-157.0,-153.5,-155.0,-156.5,-150.0,-154.0,-157.0,-157.0,-157.0,-150.0,-153.5,-155.5,-156.0,-152.0,-154.5,-153.5,-154.0,-154.5,-153.5,-157.0,-157.0,-151.0,-151.0,-156.0,-157.0,-151.5,-152.0,-156.0,-157.0,-153.0,-150.5,-152.5,-157.0,-153.0,-157.0,-156.5,-154.5,-151.0,-151.5,-152.5,-156.5,-157.0,-155.0,-155.0,-156.5,-155.0,-146.5,-154.0,-154.5,-155.0,-154.5,-151.5,-151.0,-152.0,-157.0,-151.0,-154.0,-157.0,-157.0,-157.0,-157.0,-153.5,-151.0,-152.5,-152.5,-157.0,-156.0,-153.5,-153.5,-155.0,-154.5,-157.0,-152.5,-157.0,-152.5,-153.0,-151.0,-154.5,-157.0,-144.5,-145.0,-152.5,-157.0,-153.5,-149.0,-150.0,-156.0,-157.0,-157.0,-157.0,-157.0,-150.0,-150.5,-152.0,-153.5,-157.0,-155.0,-157.0,-150.5,-148.5,-149.5,-157.0,-156.5,-157.0,-154.5,-150.0,-156.5,-157.0,-157.0,-157.0,-156.0,-157.0,-148.5,-147.0,-148.5,-149.5,-154.0,-151.5,-149.5,-157.0,-151.5,-150.0,-156.5,-157.0,-153.0,-151.5,-156.5,-150.5,-150.0,-157.0,-154.5,-149.0,-156.0,-157.0,-150.0,-150.5,-149.5,-154.0,-152.5,-152.5,-157.0,-154.0,-150.5,-154.5,-156.0,-157.0,-157.0,-157.0,-157.0,-157.0,-152.0,-147.5,-157.0,-157.0,-157.0,-157.0,-155.5,-151.5,-152.0,-155.0,-155.5,-157.0,-156.5,-151.5,-157.0,-157.0,-157.0,-155.0,-157.0,-157.0,-155.5,-157.0,-154.5,-152.5,-151.5,-152.5,-155.5,-151.0,-156.0,-155.0,-153.0,-153.5,-152.5,-149.0,-153.0,-157.0,-154.5,-151.5,-152.5,-152.0,-157.0,-157.0,-157.0,-155.0,-151.0,-148.0,-148.0,-150.5,-157.0,-150.5,-150.5,-154.0,-157.0,-157.0,-156.0,-156.5,-156.0,-150.5,-152.5,-157.0,-151.5,-154.5,-157.0,-157.0,-150.5,-149.0,-157.0,-150.5,-150.0,-154.0,-157.0,-157.0,-157.0,-155.5,-157.0,-157.0,-154.5,-153.5,-153.5,-156.0,-157.0,-157.0,-156.5,-151.5,-149.0,-156.0,-157.0,-153.0,-152.0,-157.0,-149.0,-151.0,-155.0,-149.5,-154.5,-155.0,-157.0,-157.0,-153.0,-157.0,-155.0,-157.0,-157.0,-157.0,-154.0,-150.5,-151.0,-153.0,-149.5,-149.5,-150.5,-155.5,-154.5,-154.5,-154.5,-152.5,-154.0,-153.5,-156.0,-154.5,-157.0,-154.0,-153.0,-152.5,-152.0,-155.0,-155.0,-157.0,-157.0,-157.0,-157.0,-154.5,-153.0,-157.0,-157.0,-152.5,-157.0,-156.0,-154.5,-152.5,-152.5,-155.5,-153.0,-151.0,-150.5,-147.5,-151.0,-155.0,-152.5,-155.0,-152.0,-150.5,-157.0,-157.0,-152.0,-153.0,-150.0,-154.5,-155.0,-155.5,-157.0,-153.5,-151.0,-152.0,-148.5,-153.5
2026-01-16 16:42:32.381,143.050000,5,-77,-157.0,-157.0,-157.0,-157.0,-157.0,-157.0,-154.0,-156.5,-155.5,-157.0,-155.5,-151.5,-155.5,-155.5,-155.0,-155.0,-154.5,-157.0,-157.0,-156.5,-152.0,-157.0,-157.0,-155.0,-157.0,-150.0,-150.5,-150.0,-152.0,-157.0,-157.0,-151.5,-152.5,-151.0,-151.0,-157.0,-156.5,-152.0,-157.0,-155.0,-157.0,-156.0,-153.5,-156.5,-157.0,-148.5,-157.0,-150.5,-150.0,-151.5,-151.0,-153.0,-155.5,-152.5,-155.0,-153.0,-155.5,-151.5,-148.0,-157.0,-153.0,-155.5,-152.5,-157.0,-147.0,-147.0,-153.0,-154.0,-152.5,-153.5,-154.5,-154.5,-157.0,-157.0,-157.0,-156.0,-150.5,-152.0,-153.0,-153.0,-157.0,-151.5,-150.0,-157.0,-157.0,-157.0,-151.5,-150.0,-152.5,-157.0,-154.0,-153.0,-153.0,-151.0,-148.0,-150.5,-157.0,-157.0,-155.0,-156.5,-153.0,-149.5,-150.5,-151.0,-149.0,-155.5,-155.0,-153.5,-153.0,-154.0,-152.0,-152.0,-157.0,-155.0,-157.0,-157.0,-157.0,-151.5,-154.0,-152.5,-155.0,-155.5,-150.5,-151.5,-154.5,-155.0,-149.0,-154.0,-151.0,-150.0,-156.0,-151.0,-154.5,-157.0,-157.0,-155.5,-154.0,-157.0,-156.5,-150.5,-153.0,-157.0,-157.0,-150.0,-148.0,-148.0,-149.5,-151.5,-154.5,-153.5,-155.0,-156.5,-153.0,-157.0,-156.5,-154.0,-153.0,-154.5,-153.5,-157.0,-156.0,-152.5,-156.0,-151.0,-154.5,-157.0,-157.0,-157.0,-150.5,-150.5,-157.0,-157.0,-152.0,-152.0,-154.0,-157.0,-155.0,-154.0,-156.5,-157.0,-157.0,-157.0,-153.5,-153.5,-157.0,-155.5,-153.0,-157.0,-149.0,-152.5,-156.0,-157.0,-152.0,-154.5,-153.5,-150.0,-154.5,-157.0,-156.5,-155.5,-157.0,-155.5,-157.0,-153.5,-150.0,-145.0,-151.0,-150.0,-152.0,-149.5,-148.0,-153.5,-157.0,-157.0,-156.0,-157.0,-157.0,-157.0,-156.5,-157.0,-157.0,-157.0,-157.0,-153.0,-153.5,-153.0,-157.0,-152.5,-156.5,-157.0,-156.0,-154.0,-157.0,-157.0,-157.0,-155.0,-152.0,-151.5,-148.0,-145.5,-149.0,-150.5,-157.0,-149.0,-152.0,-156.0,-157.0,-156.5,-154.0,-157.0,-151.5,-155.0,-150.5,-151.5,-154.5,-153.5,-157.0,-157.0,-151.0,-150.0,-157.0,-154.0,-157.0,-154.5,-152.5,-157.0,-157.0,-153.5,-153.5,-157.0,-157.0,-149.5,-148.0,-148.5,-152.0,-156.5,-150.5,-152.5,-157.0,-157.0,-154.0,-153.5,-152.5,-155.0,-154.0,-154.5,-150.0,-149.5,-157.0,-151.0,-149.0,-157.0,-157.0,-153.0,-154.0,-148.5,-151.5,-150.5,-150.0,-155.0,-157.0,-151.0,-151.5,-156.0,-157.0,-157.0,-156.0,-157.0,-155.5,-149.0,-147.0,-150.5,-149.5,-157.0,-155.5,-152.0,-152.5,-152.5,-151.0,-157.0,-157.0,-157.0,-155.0,-157.0,-157.0,-155.0,-153.0,-157.0,-155.5,-155.5,-152.0,-157.0,-150.5,-152.0,-157.0,-157.0,-149.5,-148.5,-155.5,-155.5,-157.0,-150.0,-151.5,-152.5,-150.5,-154.5,-151.5,-152.0,-149.5,-157.0,-157.0,-155.5,-157.0,-154.0,-152.0,-150.5,-152.5,-155.5,-147.0,-146.5,-148.0,-151.0,-150.5,-150.0,-157.0,-154.5,-149.0,-150.0,-153.0,-154.5,-157.0,-157.0,-153.0,-155.0,-153.0,-157.0,-156.0,-151.0,-153.0,-155.5,-156.0,-157.0,-157.0,-155.5,-157.0,-156.0,-156.5,-156.0,-157.0,-157.0,-157.0,-154.5,-148.5,-148.0,-156.0,-157.0,-157.0,-154.0,-157.0,-151.0,-152.0,-151.0,-149.0,-153.0,-157.0,-157.0,-154.5,-155.0,-157.0,-157.0,-157.0,-157.0,-156.5,-154.0,-152.5,-153.5,-153.5,-148.5,-153.5,-157.0,-156.0,-154.0,-155.5,-155.0,-157.0,-153.0,-153.0,-155.0,-155.0,-153.5,-154.5,-154.5,-151.5,-152.5,-152.5,-153.0,-151.5,-156.0,-155.5,-155.5,-154.0,-156.5,-157.0,-157.0,-154.0,-155.5,-155.5,-153.5,-149.0,-154.5,-157.0,-150.0,-154.5,-150.5,-152.5,-152.5,-153.5,-152.0,-151.5,-154.0,-157.0,-157.0,-157.0,-152.0,-153.5,-151.0,-151.5,-152.5,-157.0,-155.0,-154.5,-149.0,-154.5,-150.0,-148.5
2026-01-16 16:42:32.422,143.050000,5,-77,-157.0,-157.0,-155.0,-157.0,-156.5,-157.0,-156.0,-157.0,-157.0,-157.0,-157.0,-152.0,-156.0,-157.0,-157.0,-157.0,-157.0,-157.0,-157.0,-157.0,-154.5,-154.5,-154.0,-153.0,-157.0,-151.5,-149.0,-148.0,-150.5,-151.5,-151.0,-151.0,-155.0,-156.5,-155.5,-153.0,-153.0,-153.0,-157.0,-156.5,-155.0,-152.0,-155.0,-152.5,-155.5,-147.5,-157.0,-153.5,-156.5,-157.0,-153.0,-156.0,-156.5,-150.0,-152.5,-152.5,-154.5,-151.5,-149.5,-157.0,-157.0,-151.0,-150.5,-156.0,-149.5,-153.5,-153.5,-154.5,-153.5,-151.0,-152.0,-157.0,-157.0,-157.0,-157.0,-150.5,-150.0,-154.5,-154.0,-151.0,-152.5,-153.0,-148.5,-153.5,-151.5,-157.0,-151.5,-148.0,-150.0,-154.5,-157.0,-157.0,-157.0,-150.0,-152.0,-151.5,-157.0,-154.0,-152.0,-154.5,-151.0,-154.5,-155.5,-152.5,-149.0,-157.0,-157.0,-152.0,-152.5,-152.0,-151.5,-156.5,-157.0,-154.0,-155.0,-157.0,-157.0,-148.5,-148.5,-152.5,-150.5,-152.5,-150.0,-153.0,-157.0,-148.5,-148.0,-157.0,-157.0,-151.0,-154.0,-155.0,-156.0,-157.0,-157.0,-151.0,-150.5,-157.0,-154.5,-150.0,-155.0,-155.0,-157.0,-157.0,-157.0,-151.0,-150.5,-154.0,-152.5,-150.0,-150.5,-156.5,-153.0,-155.0,-157.0,-150.0,-149.0,-157.0,-152.0,-157.0,-157.0,-154.0,-156.5,-154.5,-157.0,-157.0,-157.0,-157.0,-153.5,-154.0,-156.0,-157.0,-151.0,-151.5,-157.0,-157.0,-155.5,-154.0,-152.0,-156.5,-157.0,-157.0,-154.5,-152.5,-156.5,-155.0,-148.5,-153.0,-150.0,-157.0,-157.0,-157.0,-153.0,-152.0,-153.5,-149.0,-155.0,-157.0,-157.0,-157.0,-157.0,-157.0,-155.5,-152.0,-147.5,-145.5,-155.0,-146.0,-154.0,-150.0,-150.5,-157.0,-155.0,-153.5,-156.0,-157.0,-157.0,-157.0,-157.0,-157.0,-157.0,-157.0,-157.0,-152.0,-152.0,-152.0,-157.0,-152.0,-152.0,-154.5,-153.5,-153.5,-157.0,-154.5,-153.0,-155.5,-151.0,-151.5,-150.0,-146.5,-148.5,-149.0,-148.5,-146.5,-153.0,-155.5,-154.5,-155.0,-152.5,-153.0,-152.5,-155.0,-150.5,-150.5,-155.5,-157.0,-157.0,-157.0,-157.0,-152.0,-154.5,-153.5,-154.5,-157.0,-155.5,-157.0,-156.0,-155.0,-155.0,-156.5,-154.5,-155.5,-151.0,-149.0,-152.0,-155.5,-151.5,-157.0,-157.0,-157.0,-155.5,-152.0,-154.0,-156.0,-157.0,-157.0,-152.5,-154.0,-156.5,-151.0,-152.5,-157.0,-157.0,-153.5,-153.0,-149.5,-156.5,-150.0,-150.0,-157.0,-157.0,-155.5,-155.0,-157.0,-157.0,-156.0,-153.5,-155.5,-151.0,-150.5,-149.0,-146.0,-148.5,-152.5,-157.0,-153.5,-154.0,-157.0,-152.5,-157.0,-157.0,-157.0,-157.0,-157.0,-155.5,-150.5,-152.0,-157.0,-153.0,-157.0,-148.5,-150.0,-150.5,-152.5,-157.0,-157.0,-149.0,-147.5,-153.0,-151.0,-152.0,-149.5,-154.0,-151.0,-148.5,-155.0,-151.5,-155.0,-149.5,-157.0,-155.5,-153.0,-157.0,-153.0,-152.5,-150.5,-150.5,-153.5,-150.5,-149.5,-149.0,-150.0,-150.5,-150.0,-153.5,-157.0,-152.5,-154.5,-154.5,-157.0,-153.0,-152.0,-150.0,-152.5,-153.5,-157.0,-157.0,-157.0,-156.5,-156.5,-156.0,-157.0,-156.0,-151.0,-153.5,-157.0,-155.5,-157.0,-157.0,-157.0,-157.0,-157.0,-151.5,-150.0,-154.0,-157.0,-157.0,-154.5,-157.0,-151.5,-150.0,-152.0,-149.5,-150.0,-152.0,-157.0,-157.0,-155.5,-157.0,-153.5,-153.5,-157.0,-157.0,-157.0,-157.0,-157.0,-147.5,-146.5,-152.5,-157.0,-155.5,-152.0,-152.0,-153.5,-153.5,-151.5,-156.5,-157.0,-157.0,-154.0,-152.5,-152.0,-152.0,-152.5,-154.5,-154.5,-153.5,-157.0,-154.5,-149.5,-149.0,-156.0,-155.5,-154.0,-154.5,-152.5,-157.0,-153.5,-149.5,-157.0,-153.5,-148.0,-149.0,-153.5,-155.5,-156.0,-157.0,-156.0,-151.0,-150.5,-157.0,-157.0,-157.0,-153.0,-152.0,-157.0,-153.0,-151.5,-155.0,-154.5,-155.0,-153.0,-153.0,-156.0,-147.5
2026-01-16 16:42:32.448,143.050000,5,-77,-157.0,-157.0,-151.5,-154.0,-155.0,-153.0,-155.5,-157.0,-157.0,-155.5,-156.5,-153.0,-153.0,-157.0,-157.0,-157.0,-157.0,-155.0,-154.5,-152.0,-155.0,-151.0,-157.0,-153.5,-157.0,-156.0,-151.0,-152.0,-150.5,-148.0,-150.0,-154.5,-155.0,-154.5,-157.0,-152.5,-150.0,-150.0,-157.0,-154.0,-157.0,-151.5,-154.0,-151.5,-150.0,-146.5,-152.5,-151.5,-157.0,-157.0,-151.5,-152.5,-154.0,-153.0,-153.5,-152.5,-152.5,-149.5,-150.0,-155.5,-157.0,-151.5,-152.5,-153.5,-153.5,-154.0,-157.0,-157.0,-157.0,-153.5,-155.5,-153.5,-154.0,-153.0,-154.0,-149.5,-152.5,-157.0,-149.5,-147.0,-148.0,-157.0,-147.0,-150.0,-149.0,-157.0,-155.5,-149.5,-153.5,-157.0,-155.5,-153.5,-152.0,-151.0,-157.0,-151.5,-153.5,-155.0,-153.0,-157.0,-151.0,-154.0,-155.5,-149.0,-148.0,-156.0,-153.5,-151.5,-157.0,-157.0,-155.0,-157.0,-157.0,-156.5,-157.0,-156.0,-155.0,-151.5,-150.5,-151.5,-150.0,-148.5,-148.0,-157.0,-154.5,-149.5,-155.0,-156.0,-157.0,-150.5,-149.0,-157.0,-157.0,-153.0,-156.0,-153.0,-150.0,-157.0,-156.5,-151.5,-157.0,-153.5,-154.5,-157.0,-157.0,-149.0,-147.5,-157.0,-157.0,-151.5,-149.5,-155.0,-157.0,-151.5,-152.0,-149.0,-149.5,-154.0,-151.0,-157.0,-157.0,-156.0,-155.5,-157.0,-156.5,-155.5,-153.5,-149.0,-147.0,-154.5,-155.0,-154.5,-153.0,-152.0,-154.5,-154.0,-154.5,-157.0,-153.0,-154.5,-156.5,-155.0,-157.0,-152.5,-149.5,-145.5,-145.0,-150.5,-153.5,-154.5,-156.0,-157.0,-155.5,-153.5,-154.0,-151.0,-154.5,-157.0,-157.0,-157.0,-157.0,-157.0,-155.5,-157.0,-153.5,-150.0,-147.0,-144.0,-148.5,-156.5,-155.0,-155.5,-150.5,-153.0,-154.5,-154.5,-151.5,-152.5,-156.5,-155.0,-157.0,-157.0,-156.0,-148.5,-151.5,-153.0,-155.0,-156.5,-155.0,-155.5,-151.0,-154.5,-157.0,-151.5,-152.0,-156.0,-151.5,-152.0,-153.0,-151.5,-149.0,-150.0,-150.0,-149.0,-152.5,-156.0,-154.0,-157.0,-152.5,-151.0,-155.0,-157.0,-157.0,-154.0,-153.0,-154.0,-156.0,-157.0,-157.0,-152.0,-153.0,-156.5,-157.0,-156.5,-155.5,-155.0,-157.0,-157.0,-154.5,-155.0,-153.5,-157.0,-157.0,-152.0,-149.5,-154.5,-155.0,-157.0,-157.0,-157.0,-157.0,-151.5,-155.0,-157.0,-157.0,-156.5,-153.5,-157.0,-154.0,-151.5,-156.0,-157.0,-157.0,-151.5,-149.5,-152.5,-157.0,-154.5,-153.5,-154.5,-157.0,-157.0,-157.0,-157.0,-154.0,-155.5,-155.0,-157.0,-152.0,-153.0,-148.5,-148.5,-152.5,-155.0,-157.0,-157.0,-154.5,-156.5,-153.0,-157.0,-156.0,-157.0,-153.0,-153.0,-151.0,-151.5,-149.5,-154.0,-154.5,-155.0,-149.0,-152.5,-151.5,-156.0,-155.0,-155.5,-151.0,-151.0,-157.0,-152.0,-150.0,-150.0,-153.5,-150.5,-151.0,-156.0,-156.0,-155.0,-152.5,-157.0,-153.0,-153.0,-157.0,-156.0,-154.0,-149.5,-149.0,-154.0,-155.0,-157.0,-155.0,-149.0,-152.0,-152.5,-151.5,-151.5,-155.5,-157.0,-157.0,-153.0,-148.5,-149.5,-152.0,-154.5,-154.5,-156.5,-157.0,-157.0,-157.0,-157.0,-156.5,-157.0,-153.0,-150.0,-155.0,-157.0,-155.5,-157.0,-155.0,-153.5,-156.0,-156.5,-157.0,-152.5,-153.5,-154.0,-157.0,-153.5,-155.0,-150.5,-151.0,-156.0,-150.5,-150.5,-154.0,-154.0,-154.5,-155.5,-157.0,-152.5,-152.5,-157.0,-157.0,-157.0,-157.0,-151.5,-147.5,-149.5,-157.0,-157.0,-153.5,-147.5,-148.0,-157.0,-151.0,-152.0,-157.0,-157.0,-154.5,-155.5,-155.5,-149.5,-151.0,-151.0,-153.0,-155.0,-156.5,-157.0,-153.5,-149.0,-148.5,-155.0,-152.5,-154.0,-156.0,-151.0,-157.0,-152.0,-151.5,-157.0,-154.0,-150.5,-152.0,-152.5,-152.0,-155.0,-153.5,-152.5,-151.0,-148.0,-149.0,-151.0,-157.0,-157.0,-154.0,-157.0,-157.0,-151.0,-152.5,-155.0,-155.5,-157.0,-153.5,-157.0,-149.5
2026-01-16 16:42:32.482,143.050000,5,-77,-157.0,-157.0,-153.0,-149.5,-151.0,-151.5,-154.5,-154.5,-157.0,-157.0,-156.0,-156.5,-156.0,-157.0,-157.0,-157.0,-155.0,-151.5,-152.0,-148.5,-148.0,-151.0,-157.0,-154.0,-150.5,-150.5,-151.0,-156.0,-150.0,-151.5,-154.0,-157.0,-155.5,-153.0,-152.5,-153.0,-153.0,-151.5,-157.0,-152.5,-157.0,-151.5,-152.0,-155.5,-153.5,-149.0,-151.0,-151.5,-153.0,-155.0,-149.5,-150.0,-157.0,-156.5,-155.0,-153.0,-149.5,-153.0,-150.5,-156.5,-157.0,-154.0,-157.0,-154.0,-156.5,-154.5,-157.0,-157.0,-157.0,-154.5,-157.0,-151.0,-152.5,-150.0,-150.5,-152.5,-151.5,-151.5,-149.0,-148.0,-147.5,-151.5,-148.5,-151.0,-150.0,-157.0,-157.0,-154.0,-157.0,-154.5,-149.0,-148.0,-156.0,-155.0,-156.5,-147.5,-148.5,-153.0,-157.0,-157.0,-154.5,-149.5,-156.5,-151.0,-151.5,-151.5,-151.5,-153.5,-156.0,-154.5,-157.0,-157.0,-157.0,-157.0,-157.0,-155.0,-151.5,-152.0,-151.0,-152.0,-152.5,-148.5,-151.0,-154.0,-151.5,-151.0,-157.0,-157.0,-157.0,-152.5,-150.0,-152.5,-157.0,-149.5,-151.5,-154.5,-153.0,-157.0,-156.5,-153.0,-154.5,-154.5,-148.0,-150.5,-152.5,-152.0,-150.5,-153.5,-157.0,-154.5,-155.0,-156.5,-154.0,-150.0,-148.5,-152.5,-154.0,-153.5,-151.0,-157.0,-157.0,-157.0,-154.5,-154.0,-154.0,-153.5,-157.0,-148.5,-145.0,-148.5,-157.0,-157.0,-157.0,-151.0,-153.5,-152.5,-153.0,-157.0,-157.0,-155.5,-157.0,-155.5,-151.0,-153.0,-148.5,-145.0,-149.5,-152.5,-157.0,-154.0,-156.0,-157.0,-157.0,-157.0,-154.0,-156.0,-157.0,-154.5,-153.5,-157.0,-152.5,-150.0,-152.5,-157.0,-157.0,-150.5,-147.0,-148.5,-150.0,-155.0,-155.5,-153.5,-151.0,-156.5,-157.0,-151.0,-148.0,-155.0,-157.0,-157.0,-157.0,-157.0,-155.0,-148.0,-151.5,-157.0,-157.0,-157.0,-153.5,-152.0,-149.0,-153.5,-157.0,-152.0,-157.0,-152.5,-148.5,-153.0,-152.5,-150.5,-149.0,-148.5,-157.0,-155.5,-153.0,-151.5,-153.5,-157.0,-155.5,-152.5,-155.0,-157.0,-153.5,-153.0,-151.5,-152.5,-153.0,-151.0,-155.5,-154.0,-154.5,-157.0,-154.0,-152.5,-157.0,-157.0,-157.0,-156.5,-155.0,-157.0,-157.0,-154.0,-155.0,-156.0,-149.0,-150.0,-153.5,-152.0,-157.0,-157.0,-153.5,-152.5,-152.0,-156.5,-153.0,-157.0,-154.5,-156.5,-157.0,-154.5,-152.5,-157.0,-157.0,-153.5,-152.0,-151.5,-152.0,-153.0,-151.0,-150.5,-155.5,-157.0,-157.0,-154.0,-155.5,-152.5,-153.0,-157.0,-151.5,-151.0,-148.5,-153.0,-152.5,-154.0,-155.0,-154.5,-157.0,-155.0,-153.5,-156.0,-154.0,-157.0,-148.5,-150.0,-150.0,-148.5,-147.5,-150.0,-157.0,-150.0,-151.0,-157.0,-157.0,-157.0,-152.0,-154.5,-155.0,-153.5,-157.0,-157.0,-149.5,-148.5,-156.0,-151.5,-152.5,-153.5,-157.0,-157.0,-155.5,-157.0,-156.5,-156.5,-157.0,-157.0,-156.0,-154.0,-151.5,-157.0,-157.0,-155.0,-150.0,-148.0,-148.0,-150.0,-154.5,-151.0,-153.0,-154.5,-157.0,-150.0,-148.5,-155.5,-157.0,-156.5,-154.0,-157.0,-157.0,-157.0,-157.0,-156.5,-157.0,-157.0,-147.5,-147.5,-154.0,-157.0,-154.0,-157.0,-156.5,-151.5,-151.5,-154.0,-153.0,-155.0,-151.5,-149.5,-153.0,-152.0,-153.0,-152.5,-157.0,-157.0,-155.0,-155.5,-157.0,-150.0,-152.5,-157.0,-157.0,-153.0,-157.0,-157.0,-152.0,-157.0,-152.5,-149.5,-150.0,-153.5,-154.0,-152.0,-150.5,-147.0,-148.0,-157.0,-152.5,-153.0,-153.5,-151.0,-151.0,-156.5,-156.0,-150.0,-148.0,-149.0,-155.0,-157.0,-154.0,-154.0,-152.0,-152.5,-151.5,-150.5,-151.5,-157.0,-157.0,-149.5,-157.0,-152.0,-152.0,-157.0,-155.5,-153.5,-157.0,-157.0,-152.5,-152.5,-147.5,-149.0,-157.0,-152.0,-151.5,-150.0,-153.5,-157.0,-154.5,-152.0,-155.5,-153.5,-151.5,-149.0,-149.5,-153.5,-150.5,-157.0,-150.5
2026-01-16 16:42:32.519,143.050000,5,-77,-157.0,-157.0,-154.0,-152.5,-151.5,-153.5,-151.5,-152.5,-154.5,-156.0,-155.0,-157.0,-157.0,-157.0,-154.5,-157.0,-153.0,-153.5,-152.5,-155.0,-150.0,-155.0,-157.0,-153.0,-153.5,-151.0,-155.5,-155.5,-147.5,-152.0,-152.5,-151.0,-152.5,-156.5,-148.5,-149.5,-156.0,-153.0,-156.0,-150.0,-154.0,-154.5,-157.0,-156.5,-154.0,-152.5,-157.0,-154.0,-153.5,-157.0,-151.5,-150.0,-157.0,-156.0,-154.0,-156.0,-151.5,-157.0,-151.0,-151.0,-153.0,-155.5,-154.5,-156.5,-157.0,-157.0,-157.0,-157.0,-154.5,-153.0,-157.0,-154.0,-151.5,-149.0,-153.5,-156.0,-150.0,-151.5,-150.5,-156.0,-152.5,-152.5,-152.5,-152.5,-154.0,-157.0,-157.0,-155.5,-155.0,-150.0,-148.5,-150.5,-157.0,-157.0,-152.5,-149.5,-155.0,-153.5,-156.5,-157.0,-153.0,-147.5,-151.5,-156.5,-156.5,-156.5,-152.0,-157.0,-155.0,-151.5,-155.5,-155.0,-157.0,-157.0,-157.0,-153.0,-153.0,-154.0,-154.5,-157.0,-148.5,-147.0,-157.0,-152.5,-153.5,-157.0,-156.5,-157.0,-157.0,-156.5,-152.5,-151.5,-156.0,-148.0,-147.5,-150.0,-157.0,-154.0,-152.5,-155.5,-149.0,-149.5,-148.0,-150.5,-153.5,-157.0,-155.0,-153.5,-157.0,-152.0,-157.0,-157.0,-151.0,-152.0,-151.5,-157.0,-157.0,-157.0,-155.0,-155.0,-155.5,-155.0,-152.5,-153.5,-156.5,-155.0,-156.0,-151.5,-150.0,-150.0,-157.0,-157.0,-157.0,-152.5,-154.0,-153.5,-152.0,-151.0,-151.5,-153.0,-157.0,-152.5,-150.5,-155.5,-150.5,-146.5,-157.0,-156.0,-157.0,-153.0,-155.0,-153.0,-154.0,-157.0,-157.0,-157.0,-157.0,-151.0,-150.0,-157.0,-152.5,-149.0,-150.5,-157.0,-152.5,-149.5,-150.0,-153.5,-157.0,-157.0,-154.0,-152.0,-150.5,-149.5,-154.5,-153.0,-148.5,-157.0,-156.5,-153.0,-154.0,-157.0,-157.0,-152.0,-150.0,-157.0,-157.0,-156.0,-151.0,-152.0,-150.5,-150.0,-157.0,-149.5,-157.0,-155.0,-150.0,-155.5,-151.0,-148.0,-147.0,-148.0,-157.0,-152.5,-151.0,-151.0,-157.0,-157.0,-157.0,-155.5,-151.0,-154.0,-150.0,-150.0,-150.5,-157.0,-153.0,-151.0,-156.5,-157.0,-153.0,-151.0,-150.5,-151.0,-157.0,-157.0,-157.0,-157.0,-157.0,-156.5,-155.0,-151.5,-154.0,-155.5,-152.0,-155.0,-151.5,-151.0,-157.0,-157.0,-153.5,-153.0,-152.5,-156.5,-148.5,-149.5,-157.0,-151.5,-157.0,-156.5,-151.0,-156.0,-155.0,-154.0,-154.5,-152.0,-149.5,-148.0,-150.0,-153.5,-152.5,-157.0,-154.5,-154.0,-157.0,-153.0,-156.0,-155.5,-148.5,-149.5,-147.5,-149.0,-154.0,-155.5,-154.0,-152.5,-157.0,-157.0,-156.5,-153.0,-155.0,-156.0,-149.5,-152.0,-152.5,-149.5,-153.0,-150.5,-155.5,-149.0,-155.0,-155.5,-157.0,-157.0,-152.5,-155.0,-152.5,-157.0,-150.0,-152.0,-156.0,-149.5,-157.0,-154.0,-151.5,-155.5,-156.0,-157.0,-154.0,-157.0,-156.0,-151.5,-151.0,-153.0,-151.0,-152.5,-149.5,-152.5,-153.0,-151.0,-147.5,-150.5,-151.0,-150.0,-157.0,-152.0,-157.0,-150.5,-154.0,-152.5,-153.0,-157.0,-154.0,-151.0,-149.5,-151.0,-156.5,-152.5,-156.5,-157.0,-157.0,-152.5,-146.5,-146.5,-150.0,-154.5,-150.5,-156.5,-157.0,-154.5,-154.0,-157.0,-152.5,-157.0,-150.0,-150.5,-154.0,-153.5,-151.5,-155.5,-157.0,-157.0,-157.0,-155.0,-157.0,-150.5,-153.0,-154.5,-154.0,-151.5,-157.0,-157.0,-149.5,-154.5,-152.0,-156.5,-152.0,-150.5,-151.5,-151.5,-150.0,-149.5,-149.0,-157.0,-152.5,-151.5,-155.5,-154.0,-153.0,-157.0,-152.0,-150.0,-148.0,-148.5,-157.0,-154.5,-154.5,-151.0,-152.0,-153.0,-152.5,-150.0,-154.0,-156.5,-156.5,-153.0,-154.0,-151.0,-151.5,-157.0,-153.0,-155.5,-156.0,-153.5,-152.5,-153.5,-149.0,-151.0,-157.0,-156.0,-155.0,-152.5,-155.5,-157.0,-156.5,-150.0,-153.0,-157.0,-149.0,-147.0,-148.0,-150.0,-149.5,-157.0,-153.0
2026-01-16 16:42:32.550,143.050000,5,-77,-157.0,-157.0,-150.5,-157.0,-156.5,-153.5,-152.0,-153.0,-154.5,-153.5,-156.5,-155.0,-156.0,-156.5,-151.0,-155.5,-149.5,-156.0,-153.5,-156.5,-155.0,-155.0,-152.5,-148.5,-153.0,-152.5,-153.0,-153.0,-146.0,-148.5,-155.0,-151.0,-151.5,-154.0,-150.0,-151.0,-154.0,-151.0,-149.5,-149.5,-154.0,-157.0,-156.0,-152.5,-155.5,-155.0,-153.0,-151.0,-155.0,-157.0,-153.0,-153.0,-157.0,-157.0,-155.5,-157.0,-156.5,-153.5,-152.0,-152.0,-154.5,-157.0,-154.0,-157.0,-157.0,-157.0,-157.0,-157.0,-152.0,-155.5,-157.0,-157.0,-155.0,-149.5,-152.0,-157.0,-155.0,-157.0,-154.5,-155.0,-157.0,-156.0,-151.5,-151.5,-157.0,-156.0,-157.0,-153.0,-147.0,-146.0,-147.5,-157.0,-157.0,-157.0,-153.5,-154.5,-157.0,-151.0,-152.0,-154.5,-149.5,-148.0,-153.5,-157.0,-156.0,-157.0,-153.0,-156.5,-153.0,-154.5,-152.5,-150.5,-154.0,-155.5,-156.0,-155.5,-151.0,-152.5,-155.5,-157.0,-149.5,-148.0,-157.0,-156.0,-157.0,-157.0,-155.5,-157.0,-157.0,-154.0,-152.5,-153.0,-157.0,-153.5,-152.0,-152.0,-155.5,-151.5,-150.5,-157.0,-150.0,-147.0,-150.5,-157.0,-157.0,-156.5,-155.0,-153.0,-149.5,-148.5,-157.0,-157.0,-153.0,-153.0,-150.0,-151.0,-157.0,-157.0,-157.0,-157.0,-155.0,-154.0,-151.5,-157.0,-157.0,-157.0,-157.0,-156.5,-157.0,-157.0,-153.0,-151.0,-151.5,-156.0,-156.5,-152.5,-154.5,-146.5,-148.5,-155.5,-157.0,-154.5,-153.5,-154.5,-147.5,-146.5,-154.5,-156.5,-157.0,-157.0,-157.0,-151.0,-148.5,-154.0,-157.0,-157.0,-154.5,-150.5,-151.5,-157.0,-155.0,-152.0,-150.5,-154.0,-149.0,-152.0,-150.0,-148.0,-157.0,-157.0,-153.0,-154.5,-149.0,-150.0,-157.0,-157.0,-150.5,-152.0,-150.5,-149.0,-154.5,-156.0,-154.0,-157.0,-152.5,-157.0,-157.0,-151.5,-155.0,-156.5,-156.0,-150.0,-151.5,-148.0,-157.0,-157.0,-155.0,-157.0,-151.0,-151.5,-148.0,-153.0,-156.5,-152.0,-151.5,-155.5,-157.0,-157.0,-157.0,-153.5,-151.0,-150.5,-153.5,-153.5,-150.5,-155.5,-155.5,-156.0,-157.0,-157.0,-151.0,-151.0,-153.5,-153.5,-150.5,-152.5,-156.5,-157.0,-157.0,-157.0,-156.0,-152.0,-155.0,-152.5,-151.0,-157.0,-157.0,-154.0,-157.0,-157.0,-156.0,-151.5,-150.5,-157.0,-148.5,-150.5,-151.0,-149.0,-153.0,-152.5,-151.5,-157.0,-150.5,-150.5,-150.0,-155.0,-150.0,-148.0,-152.0,-157.0,-150.5,-151.0,-156.5,-154.5,-151.5,-155.0,-157.0,-157.0,-152.0,-149.0,-149.5,-149.0,-157.0,-151.5,-150.0,-151.5,-157.0,-157.0,-153.5,-150.5,-155.0,-155.0,-151.0,-155.5,-157.0,-155.0,-157.0,-152.0,-155.0,-148.0,-148.5,-153.0,-157.0,-155.0,-155.0,-155.5,-153.0,-148.5,-147.0,-152.0,-152.5,-153.0,-156.0,-154.5,-153.5,-155.0,-157.0,-154.5,-151.0,-153.0,-150.5,-151.0,-150.0,-157.0,-151.5,-152.0,-146.5,-146.5,-153.0,-155.0,-151.0,-155.0,-157.0,-152.0,-152.5,-151.0,-155.5,-152.5,-150.0,-152.5,-157.0,-154.0,-153.5,-150.5,-149.0,-149.5,-157.0,-151.0,-152.0,-157.0,-157.0,-149.0,-147.0,-149.5,-149.5,-155.5,-150.5,-157.0,-157.0,-157.0,-155.0,-157.0,-156.5,-157.0,-154.5,-155.5,-155.0,-155.0,-155.0,-152.5,-157.0,-155.0,-157.0,-153.0,-155.0,-153.5,-151.0,-150.0,-148.0,-150.0,-157.0,-154.0,-151.0,-153.0,-154.5,-155.5,-154.5,-151.0,-157.0,-155.0,-155.5,-157.0,-150.5,-153.0,-156.5,-152.5,-155.5,-157.0,-154.0,-157.0,-149.5,-150.5,-152.0,-151.5,-157.0,-155.0,-155.0,-153.5,-151.0,-151.5,-152.0,-152.5,-156.5,-155.0,-157.0,-157.0,-153.0,-153.5,-155.0,-154.0,-152.5,-156.5,-152.0,-147.5,-150.0,-155.5,-156.0,-157.0,-155.5,-157.0,-153.0,-155.5,-157.0,-157.0,-154.5,-152.5,-151.5,-156.0,-151.0,-152.0,-153.0,-154.0,-152.5,-157.0,-157.0
2026-01-16 16:42:32.581,143.050000,5,-77,-157.0,-157.0,-152.5,-157.0,-154.5,-150.5,-156.0,-154.0,-155.0,-151.0,-157.0,-152.0,-154.0,-154.5,-148.5,-147.5,-148.0,-153.5,-153.0,-152.0,-156.0,-152.0,-153.5,-146.0,-148.0,-152.0,-150.5,-155.0,-149.0,-151.0,-156.0,-157.0,-154.5,-154.5,-151.0,-153.0,-155.5,-156.0,-153.5,-153.5,-152.5,-154.5,-154.0,-151.5,-154.5,-153.0,-153.0,-151.0,-156.5,-153.0,-154.5,-157.0,-151.5,-155.0,-157.0,-153.5,-157.0,-157.0,-150.5,-157.0,-157.0,-157.0,-153.0,-153.5,-157.0,-153.5,-155.5,-151.5,-151.5,-156.5,-157.0,-153.5,-153.5,-150.0,-151.0,-157.0,-157.0,-152.0,-151.5,-156.0,-157.0,-157.0,-151.5,-152.0,-157.0,-155.0,-155.0,-157.0,-146.0,-147.5,-148.5,-153.0,-155.0,-156.5,-157.0,-157.0,-157.0,-150.5,-152.0,-154.5,-155.0,-152.5,-154.5,-155.5,-153.0,-152.5,-150.0,-156.5,-150.5,-154.0,-150.5,-150.0,-151.5,-153.0,-157.0,-155.0,-148.5,-147.0,-151.0,-157.0,-154.5,-152.5,-151.5,-157.0,-157.0,-157.0,-156.5,-157.0,-157.0,-154.5,-156.0,-156.5,-157.0,-157.0,-157.0,-149.0,-147.0,-155.5,-152.0,-157.0,-154.5,-149.5,-151.0,-153.0,-157.0,-153.5,-153.0,-157.0,-150.0,-150.5,-154.0,-157.0,-152.0,-154.5,-152.5,-150.5,-157.0,-157.0,-157.0,-157.0,-156.0,-154.0,-151.5,-157.0,-157.0,-157.0,-157.0,-157.0,-157.0,-153.5,-149.5,-151.0,-149.5,-155.0,-155.0,-151.0,-151.5,-149.0,-152.0,-157.0,-157.0,-151.0,-151.5,-156.0,-147.0,-147.0,-152.5,-157.0,-156.0,-157.0,-157.0,-153.5,-149.0,-156.5,-157.0,-157.0,-148.0,-148.5,-156.0,-157.0,-155.0,-149.5,-150.0,-153.5,-151.0,-152.5,-149.5,-147.5,-157.0,-157.0,-153.5,-154.5,-152.0,-157.0,-157.0,-157.0,-157.0,-153.0,-153.0,-149.0,-156.0,-153.5,-151.5,-156.5,-155.0,-154.5,-150.5,-149.0,-157.0,-157.0,-157.0,-151.0,-149.5,-147.5,-155.0,-156.5,-157.0,-157.0,-150.0,-157.0,-152.0,-157.0,-156.5,-156.0,-150.5,-157.0,-156.5,-155.5,-157.0,-155.5,-154.5,-152.0,-155.5,-154.5,-152.0,-156.0,-156.0,-157.0,-155.5,-153.5,-151.5,-157.0,-156.0,-153.5,-148.5,-148.0,-157.0,-157.0,-155.5,-157.0,-153.0,-156.5,-152.5,-151.0,-149.0,-154.5,-155.5,-154.0,-157.0,-153.0,-156.0,-154.5,-155.0,-155.0,-151.0,-154.5,-151.5,-151.5,-153.0,-151.0,-150.5,-157.0,-146.5,-146.0,-147.5,-151.5,-147.5,-150.5,-152.5,-155.0,-150.5,-156.0,-156.0,-151.5,-149.0,-153.0,-156.5,-155.0,-152.5,-148.5,-155.0,-154.0,-153.5,-149.0,-148.5,-155.5,-157.0,-157.0,-152.0,-152.0,-155.5,-157.0,-149.5,-156.0,-157.0,-157.0,-157.0,-155.5,-156.0,-150.5,-151.0,-152.5,-157.0,-152.5,-153.5,-152.0,-154.5,-144.5,-145.0,-154.0,-153.5,-151.5,-155.0,-150.0,-155.5,-154.5,-157.0,-157.0,-149.0,-150.0,-151.0,-157.0,-151.0,-153.5,-152.5,-151.5,-149.0,-149.0,-157.0,-154.5,-153.0,-157.0,-157.0,-156.5,-152.0,-153.0,-155.0,-156.0,-149.5,-152.0,-157.0,-153.5,-154.5,-151.5,-154.5,-153.0,-157.0,-154.0,-150.5,-152.0,-156.5,-150.0,-148.0,-154.5,-155.0,-157.0,-155.0,-155.0,-157.0,-154.0,-151.5,-157.0,-157.0,-157.0,-157.0,-155.0,-152.0,-156.0,-157.0,-152.5,-151.0,-150.5,-156.0,-153.5,-155.5,-157.0,-155.0,-154.0,-148.5,-150.5,-157.0,-155.0,-153.5,-157.0,-157.0,-157.0,-155.5,-151.0,-157.0,-157.0,-157.0,-157.0,-151.5,-151.0,-156.0,-157.0,-157.0,-152.0,-153.0,-157.0,-150.5,-157.0,-157.0,-157.0,-156.5,-157.0,-153.0,-152.5,-151.5,-154.5,-153.5,-156.0,-156.5,-156.5,-152.5,-152.5,-152.5,-157.0,-157.0,-154.5,-157.0,-157.0,-151.0,-148.0,-154.5,-151.0,-154.5,-157.0,-154.5,-157.0,-155.0,-157.0,-157.0,-155.5,-154.0,-157.0,-154.5,-156.0,-151.5,-150.5,-153.0,-153.5,-151.5,-156.0,-157.0
2026-01-16 16:42:32.617,143.050000,5,-77,-157.0,-157.0,-157.0,-157.0,-152.0,-149.5,-153.0,-154.0,-147.5,-148.0,-157.0,-155.0,-157.0,-153.0,-150.0,-148.5,-154.0,-152.5,-149.5,-148.5,-154.5,-152.5,-153.5,-147.5,-149.5,-154.0,-155.0,-152.0,-153.0,-156.5,-155.5,-155.0,-156.5,-152.0,-150.0,-154.5,-153.5,-157.0,-157.0,-154.0,-149.0,-149.0,-157.0,-155.5,-155.0,-150.0,-157.0,-155.5,-157.0,-151.5,-157.0,-152.0,-150.0,-157.0,-157.0,-152.5,-154.5,-151.0,-148.5,-157.0,-154.5,-153.5,-156.5,-155.0,-157.0,-150.0,-150.0,-151.0,-157.0,-155.5,-153.5,-150.5,-149.0,-156.5,-154.0,-157.0,-153.0,-150.5,-149.0,-157.0,-157.0,-155.0,-154.5,-157.0,-156.5,-157.0,-155.0,-157.0,-147.5,-151.0,-152.5,-157.0,-156.5,-157.0,-157.0,-153.0,-154.5,-155.5,-157.0,-157.0,-157.0,-153.0,-151.5,-156.5,-155.5,-148.0,-147.5,-156.0,-149.0,-150.5,-150.5,-151.0,-153.5,-157.0,-155.0,-152.0,-149.5,-147.0,-156.0,-154.5,-157.0,-153.0,-150.5,-157.0,-156.5,-157.0,-157.0,-157.0,-157.0,-155.0,-155.5,-153.0,-154.0,-157.0,-157.0,-149.5,-145.5,-156.5,-155.5,-155.5,-151.0,-152.0,-155.0,-154.0,-157.0,-157.0,-154.5,-156.5,-153.5,-151.5,-149.5,-153.0,-151.5,-153.5,-157.0,-154.5,-157.0,-156.5,-153.0,-154.0,-153.0,-157.0,-153.0,-154.5,-151.5,-157.0,-153.5,-153.5,-154.5,-150.5,-149.0,-154.0,-151.0,-156.5,-149.5,-148.5,-150.0,-156.0,-154.0,-152.0,-157.0,-151.5,-153.5,-157.0,-149.0,-147.5,-150.0,-152.5,-152.0,-156.5,-155.5,-157.0,-151.5,-156.5,-157.0,-149.5,-147.0,-151.0,-155.0,-156.0,-157.0,-152.5,-153.5,-154.5,-156.0,-150.5,-149.0,-155.0,-157.0,-157.0,-157.0,-155.5,-152.5,-152.0,-150.5,-157.0,-155.0,-153.0,-152.0,-149.0,-152.5,-156.5,-152.0,-152.0,-154.5,-152.0,-146.5,-148.5,-157.0,-154.0,-152.0,-152.5,-154.5,-151.0,-149.0,-151.0,-155.5,-155.5,-147.5,-154.0,-156.5,-149.5,-148.5,-154.5,-149.5,-154.0,-155.5,-157.0,-157.0,-157.0,-155.5,-156.5,-157.0,-152.5,-156.0,-157.0,-151.0,-151.5,-154.0,-153.0,-154.0,-153.0,-153.0,-157.0,-156.5,-150.5,-157.0,-157.0,-154.5,-154.5,-152.5,-151.0,-150.5,-150.5,-149.0,-154.0,-151.0,-157.0,-152.5,-150.0,-157.0,-155.0,-157.0,-157.0,-157.0,-153.0,-153.5,-154.5,-152.0,-148.5,-149.0,-153.5,-149.0,-148.5,-153.0,-157.0,-148.5,-150.0,-151.5,-151.0,-150.5,-157.0,-153.0,-154.0,-150.0,-153.5,-157.0,-154.0,-148.0,-148.0,-157.0,-155.0,-153.0,-148.5,-148.5,-155.5,-155.5,-157.0,-152.0,-156.0,-157.0,-156.5,-148.5,-150.5,-156.0,-157.0,-157.0,-154.0,-155.0,-153.0,-152.5,-152.5,-157.0,-149.0,-147.5,-149.0,-153.5,-144.5,-146.0,-153.0,-156.5,-150.0,-152.5,-147.5,-149.5,-152.0,-154.0,-153.5,-148.0,-151.5,-154.0,-157.0,-149.5,-150.0,-156.5,-151.5,-152.5,-156.5,-151.5,-149.0,-151.0,-155.0,-157.0,-157.0,-155.5,-157.0,-157.0,-157.0,-152.5,-156.0,-157.0,-151.5,-150.5,-152.5,-153.0,-152.5,-157.0,-157.0,-150.5,-151.0,-157.0,-151.0,-150.0,-157.0,-152.5,-152.5,-154.5,-157.0,-155.5,-152.5,-149.5,-157.0,-155.5,-156.5,-156.0,-154.0,-150.0,-154.5,-152.5,-148.0,-146.5,-148.5,-152.5,-157.0,-154.5,-157.0,-157.0,-157.0,-152.0,-154.0,-157.0,-154.5,-150.0,-157.0,-154.0,-154.5,-150.0,-150.0,-154.0,-154.0,-154.0,-157.0,-157.0,-157.0,-157.0,-157.0,-157.0,-151.0,-153.5,-152.0,-150.0,-157.0,-153.5,-153.0,-152.0,-155.5,-152.5,-151.0,-154.0,-155.0,-155.0,-157.0,-153.5,-150.5,-150.0,-154.5,-157.0,-157.0,-157.0,-154.0,-155.5,-154.0,-154.0,-149.5,-152.5,-151.0,-152.0,-153.0,-152.0,-153.5,-153.0,-157.0,-157.0,-153.0,-152.0,-153.5,-155.0,-155.0,-150.0,-147.5,-150.0,-150.5,-151.0,-150.0,-157.0
2026-01-16 16:42:32.648,143.050000,5,-77,-157.0,-157.0,-157.0,-157.0,-156.0,-151.0,-148.5,-151.0,-148.0,-148.0,-157.0,-157.0,-157.0,-156.5,-155.0,-152.0,-149.0,-150.0,-149.0,-149.0,-157.0,-152.5,-153.0,-151.5,-155.0,-157.0,-154.5,-152.0,-154.5,-155.5,-157.0,-153.0,-156.0,-149.5,-149.0,-155.0,-154.0,-157.0,-155.5,-152.0,-149.0,-148.0,-157.0,-157.0,-153.0,-151.0,-153.0,-157.0,-156.5,-151.0,-157.0,-150.5,-150.5,-157.0,-156.5,-150.0,-151.5,-155.0,-149.0,-155.5,-154.5,-151.5,-157.0,-154.5,-149.5,-149.5,-151.0,-152.5,-157.0,-154.5,-151.0,-151.0,-150.5,-156.0,-153.5,-153.5,-152.5,-154.5,-151.0,-157.0,-155.5,-151.0,-153.5,-154.0,-152.0,-155.0,-152.5,-157.0,-150.5,-151.0,-154.5,-156.5,-157.0,-157.0,-152.5,-151.0,-154.5,-157.0,-152.5,-153.5,-155.5,-155.5,-155.0,-155.5,-157.0,-149.5,-150.5,-153.0,-149.0,-154.0,-152.5,-151.5,-155.0,-156.5,-153.5,-153.0,-154.5,-149.5,-157.0,-150.0,-152.0,-152.0,-149.0,-157.0,-154.0,-157.0,-157.0,-157.0,-157.0,-157.0,-153.0,-155.0,-154.0,-157.0,-154.5,-149.0,-148.0,-155.5,-157.0,-157.0,-153.5,-151.0,-152.5,-157.0,-156.0,-157.0,-154.0,-157.0,-157.0,-157.0,-149.5,-151.5,-155.0,-155.5,-157.0,-157.0,-153.5,-157.0,-152.0,-155.5,-151.5,-154.0,-156.5,-149.5,-149.0,-151.0,-152.5,-154.5,-156.0,-152.5,-154.0,-152.5,-153.5,-157.0,-153.0,-148.5,-150.5,-157.0,-151.5,-150.0,-157.0,-150.5,-153.5,-155.5,-153.0,-150.5,-151.0,-152.5,-152.0,-155.0,-154.0,-157.0,-152.0,-157.0,-154.0,-149.5,-148.5,-153.5,-151.5,-152.5,-157.0,-156.0,-157.0,-157.0,-155.0,-153.0,-150.0,-153.0,-151.0,-154.0,-155.5,-157.0,-152.0,-150.0,-150.0,-157.0,-150.0,-146.5,-146.0,-152.0,-154.0,-157.0,-155.0,-153.5,-153.5,-157.0,-148.0,-149.0,-157.0,-154.0,-151.0,-157.0,-151.5,-151.0,-148.5,-155.5,-151.5,-155.0,-147.0,-151.5,-156.0,-148.5,-147.0,-152.0,-149.5,-152.0,-155.5,-157.0,-157.0,-157.0,-152.0,-157.0,-154.0,-150.5,-157.0,-157.0,-151.5,-151.5,-157.0,-157.0,-152.0,-148.0,-155.0,-155.5,-157.0,-151.5,-156.0,-151.5,-153.5,-154.5,-154.0,-151.0,-153.5,-155.0,-149.0,-149.5,-147.0,-149.5,-151.0,-151.0,-157.0,-154.5,-155.0,-157.0,-153.0,-150.0,-154.5,-151.0,-149.5,-150.0,-149.5,-153.5,-153.5,-154.5,-157.0,-157.0,-152.5,-150.0,-151.0,-151.0,-154.0,-157.0,-151.0,-151.5,-151.0,-154.0,-151.0,-149.5,-145.5,-148.0,-157.0,-157.0,-154.5,-152.0,-150.5,-151.5,-153.5,-157.0,-155.0,-155.5,-157.0,-157.0,-154.5,-152.5,-154.5,-157.0,-154.5,-151.5,-151.0,-156.0,-151.5,-157.0,-157.0,-148.5,-150.5,-150.5,-151.0,-146.0,-148.0,-153.0,-157.0,-153.5,-151.0,-150.5,-157.0,-153.0,-152.0,-151.5,-149.0,-152.5,-153.5,-154.0,-149.0,-152.5,-156.0,-149.0,-149.5,-154.5,-150.0,-149.5,-153.5,-153.5,-153.5,-151.5,-153.0,-157.0,-155.5,-156.5,-157.0,-157.0,-157.0,-149.5,-150.0,-153.0,-151.5,-153.0,-157.0,-157.0,-154.5,-155.0,-157.0,-148.5,-149.5,-156.5,-153.0,-150.0,-153.0,-157.0,-152.5,-153.5,-150.0,-153.5,-153.5,-153.0,-152.0,-153.5,-149.5,-154.5,-149.0,-148.0,-149.0,-153.5,-154.5,-154.5,-153.5,-156.0,-157.0,-153.5,-151.0,-154.0,-154.5,-150.0,-150.0,-157.0,-152.0,-153.5,-152.5,-157.0,-157.0,-150.5,-150.5,-157.0,-157.0,-157.0,-157.0,-157.0,-157.0,-152.5,-153.5,-150.5,-153.5,-157.0,-148.0,-148.5,-149.0,-150.5,-152.5,-149.5,-157.0,-152.5,-153.0,-157.0,-157.0,-148.5,-149.5,-156.5,-157.0,-156.0,-157.0,-153.0,-151.0,-155.0,-156.0,-150.5,-153.5,-154.5,-155.5,-156.0,-153.5,-151.5,-152.5,-154.5,-155.0,-154.0,-152.0,-149.5,-149.5,-151.5,-154.5,-150.5,-155.0,-151.5,-150.5,-148.0,-157.0
2026-01-16 16:42:32.691,143.050000,5,-77,-157.0,-157.0,-157.0,-153.5,-152.5,-153.5,-149.0,-155.0,-152.0,-155.0,-155.0,-151.5,-153.5,-157.0,-157.0,-151.5,-146.0,-147.0,-151.0,-152.5,-157.0,-157.0,-154.5,-155.5,-157.0,-157.0,-155.0,-157.0,-157.0,-153.0,-157.0,-153.0,-155.0,-156.0,-151.5,-157.0,-157.0,-157.0,-156.5,-153.5,-153.0,-150.5,-157.0,-154.0,-151.5,-157.0,-153.0,-155.0,-152.5,-151.0,-157.0,-153.5,-151.0,-156.0,-148.0,-147.0,-148.0,-150.5,-149.0,-156.5,-157.0,-153.0,-154.0,-149.5,-146.0,-148.0,-152.0,-151.5,-157.0,-150.5,-149.5,-153.0,-151.0,-151.0,-150.5,-148.0,-149.0,-157.0,-153.5,-154.5,-150.5,-153.0,-152.0,-150.5,-152.0,-155.5,-152.5,-154.5,-154.5,-154.5,-157.0,-155.0,-153.0,-157.0,-151.0,-152.5,-157.0,-154.5,-150.0,-151.5,-157.0,-157.0,-157.0,-153.0,-157.0,-150.5,-152.0,-148.5,-146.0,-153.0,-157.0,-156.0,-157.0,-157.0,-157.0,-155.5,-155.0,-151.5,-154.5,-147.5,-151.0,-153.0,-149.0,-150.0,-154.0,-157.0,-157.0,-157.0,-157.0,-157.0,-155.5,-157.0,-157.0,-155.5,-152.5,-151.0,-152.0,-157.0,-157.0,-157.0,-157.0,-152.0,-154.0,-157.0,-152.0,-153.0,-152.5,-155.0,-157.0,-157.0,-155.0,-155.0,-156.5,-153.5,-154.5,-155.5,-154.5,-157.0,-153.0,-157.0,-152.0,-150.5,-154.5,-149.5,-149.5,-150.5,-155.0,-157.0,-156.5,-155.5,-157.0,-156.5,-157.0,-157.0,-154.0,-149.5,-153.0,-155.5,-152.0,-151.0,-155.5,-149.5,-154.5,-154.0,-154.0,-152.0,-156.5,-155.0,-151.5,-157.0,-155.5,-152.0,-151.0,-157.0,-155.0,-157.0,-154.5,-150.0,-151.0,-157.0,-153.5,-153.5,-155.5,-152.0,-156.0,-155.0,-152.0,-152.5,-151.5,-157.0,-153.5,-157.0,-156.5,-157.0,-150.5,-150.5,-152.0,-148.0,-146.5,-157.0,-155.5,-157.0,-154.0,-155.5,-153.5,-156.5,-151.0,-152.5,-157.0,-157.0,-151.5,-155.0,-151.5,-150.5,-152.5,-157.0,-153.0,-157.0,-151.0,-157.0,-152.5,-148.0,-147.5,-149.5,-150.5,-155.5,-153.5,-157.0,-154.5,-154.5,-149.5,-153.0,-149.0,-148.5,-154.5,-157.0,-153.0,-151.0,-157.0,-157.0,-148.0,-146.0,-154.5,-151.5,-154.5,-153.0,-150.5,-149.0,-157.0,-157.0,-154.0,-156.5,-153.5,-153.0,-151.5,-151.0,-146.0,-147.5,-155.5,-156.0,-156.0,-157.0,-157.0,-151.0,-148.0,-147.5,-157.0,-148.5,-150.5,-153.0,-151.5,-153.0,-153.0,-153.0,-150.5,-152.0,-150.5,-151.5,-153.5,-151.5,-157.0,-157.0,-151.5,-149.0,-150.5,-155.5,-150.0,-149.0,-146.0,-145.5,-156.0,-157.0,-157.0,-156.0,-155.0,-153.5,-153.5,-156.0,-154.0,-153.0,-155.0,-157.0,-157.0,-157.0,-155.0,-157.0,-154.5,-156.0,-151.0,-153.0,-151.0,-157.0,-157.0,-150.0,-153.0,-154.5,-146.5,-146.5,-150.5,-151.0,-157.0,-151.5,-153.5,-156.5,-157.0,-154.5,-152.0,-153.0,-148.0,-148.5,-151.5,-149.5,-147.0,-151.5,-150.5,-153.0,-151.5,-152.5,-154.0,-153.5,-157.0,-156.0,-157.0,-152.5,-152.5,-156.0,-152.5,-155.5,-157.0,-155.5,-156.0,-148.5,-149.0,-150.0,-150.0,-156.0,-157.0,-152.5,-153.0,-156.0,-151.5,-149.0,-154.5,-156.0,-157.0,-152.0,-155.0,-155.5,-152.5,-150.0,-150.0,-157.0,-154.0,-154.0,-151.5,-153.0,-151.5,-154.0,-146.5,-148.0,-157.0,-154.5,-155.5,-153.5,-152.5,-157.0,-157.0,-152.5,-152.5,-154.0,-154.0,-150.0,-153.5,-157.0,-152.5,-154.0,-156.5,-157.0,-157.0,-150.0,-149.5,-151.0,-157.0,-154.5,-152.5,-155.0,-157.0,-157.0,-157.0,-152.0,-157.0,-156.5,-150.5,-152.5,-154.0,-151.0,-150.0,-149.0,-157.0,-150.5,-152.5,-157.0,-156.0,-152.0,-152.5,-153.0,-157.0,-157.0,-157.0,-154.0,-151.5,-157.0,-157.0,-150.0,-153.0,-154.0,-157.0,-157.0,-157.0,-154.0,-157.0,-151.0,-153.5,-157.0,-153.0,-151.0,-151.5,-153.0,-155.0,-152.0,-157.0,-156.5,-153.5,-148.5,-154.5
2026-01-16 16:42:32.717,143.050000,5,-77,-157.0,-157.0,-153.0,-153.5,-151.5,-152.5,-150.5,-152.5,-153.0,-154.0,-150.5,-149.0,-153.0,-157.0,-157.0,-154.0,-151.0,-146.5,-148.5,-155.0,-157.0,-157.0,-152.0,-156.0,-157.0,-157.0,-153.0,-157.0,-156.0,-153.0,-155.5,-152.0,-157.0,-157.0,-154.0,-157.0,-157.0,-155.5,-156.0,-157.0,-155.0,-147.0,-147.5,-153.0,-151.5,-154.0,-149.0,-151.5,-157.0,-154.0,-156.0,-157.0,-152.5,-154.5,-149.5,-150.5,-153.0,-151.5,-152.5,-157.0,-157.0,-154.5,-152.0,-150.5,-149.5,-150.0,-148.0,-148.0,-154.5,-152.0,-150.5,-150.5,-151.5,-153.0,-152.5,-149.5,-148.5,-157.0,-154.0,-155.0,-149.5,-155.0,-150.5,-151.0,-157.0,-157.0,-152.5,-152.0,-155.0,-151.5,-154.0,-152.5,-153.0,-157.0,-154.0,-157.0,-154.5,-149.0,-151.5,-155.0,-157.0,-157.0,-154.0,-151.0,-154.5,-151.0,-154.0,-151.0,-146.0,-155.5,-157.0,-155.5,-157.0,-157.0,-157.0,-153.0,-153.0,-153.0,-157.0,-147.5,-149.5,-154.5,-154.5,-152.5,-155.5,-156.0,-157.0,-157.0,-151.0,-151.0,-157.0,-153.0,-157.0,-152.0,-152.5,-152.5,-150.0,-155.0,-157.0,-157.0,-155.5,-153.5,-156.5,-154.0,-150.5,-153.0,-156.0,-156.0,-157.0,-157.0,-156.0,-152.0,-153.0,-155.5,-154.5,-157.0,-157.0,-157.0,-154.0,-154.5,-155.5,-153.5,-153.0,-151.5,-148.5,-151.0,-155.5,-157.0,-154.0,-153.5,-157.0,-154.5,-157.0,-153.0,-153.5,-152.0,-157.0,-155.5,-156.0,-157.0,-157.0,-150.5,-157.0,-154.0,-151.5,-150.0,-156.0,-157.0,-153.5,-157.0,-155.5,-154.0,-155.5,-157.0,-156.5,-154.0,-157.0,-150.5,-154.5,-152.5,-147.0,-148.5,-151.5,-149.0,-152.0,-150.5,-157.0,-156.0,-154.0,-157.0,-154.5,-157.0,-157.0,-157.0,-147.5,-146.5,-148.0,-152.5,-152.0,-152.0,-154.0,-157.0,-150.5,-154.5,-151.5,-152.5,-154.5,-157.0,-157.0,-153.0,-151.5,-155.5,-156.5,-155.0,-157.0,-157.0,-155.0,-151.5,-154.0,-155.0,-146.0,-144.0,-147.0,-157.0,-151.0,-150.5,-150.0,-157.0,-152.0,-153.5,-151.5,-151.0,-150.5,-152.5,-157.0,-157.0,-149.5,-147.5,-157.0,-157.0,-148.0,-148.5,-155.0,-153.0,-150.5,-152.0,-151.5,-149.5,-157.0,-157.0,-153.0,-155.0,-157.0,-156.0,-154.5,-149.5,-148.5,-153.5,-157.0,-157.0,-157.0,-157.0,-152.0,-148.5,-153.0,-150.0,-151.0,-148.0,-152.0,-149.5,-157.0,-152.5,-151.0,-153.5,-148.5,-151.0,-153.0,-150.5,-157.0,-152.0,-151.5,-153.5,-155.5,-153.5,-152.0,-157.0,-155.5,-157.0,-152.0,-147.0,-156.5,-157.0,-157.0,-156.5,-157.0,-157.0,-153.5,-157.0,-150.5,-153.0,-154.5,-157.0,-154.0,-157.0,-154.5,-156.0,-154.5,-157.0,-154.5,-152.0,-154.0,-154.5,-157.0,-153.5,-152.0,-154.5,-147.5,-147.5,-155.0,-152.5,-154.0,-147.5,-149.0,-157.0,-157.0,-156.0,-153.0,-152.0,-150.0,-153.0,-153.0,-150.5,-148.5,-156.0,-147.5,-157.0,-156.0,-157.0,-155.5,-155.0,-157.0,-156.0,-157.0,-156.0,-153.0,-155.0,-153.0,-157.0,-154.0,-151.5,-157.0,-150.0,-154.0,-154.5,-153.0,-152.5,-153.0,-147.5,-148.5,-155.0,-153.0,-151.0,-157.0,-157.0,-157.0,-152.5,-152.0,-156.5,-157.0,-152.0,-156.0,-156.5,-152.5,-151.5,-150.0,-157.0,-156.5,-149.5,-147.5,-152.0,-150.5,-148.5,-152.0,-151.0,-150.5,-157.0,-153.0,-151.5,-157.0,-157.0,-150.5,-150.5,-157.0,-157.0,-150.0,-151.5,-155.5,-157.0,-157.0,-151.5,-150.5,-149.5,-151.0,-153.0,-150.5,-151.5,-150.5,-154.0,-154.0,-155.0,-156.5,-153.5,-155.0,-157.0,-157.0,-151.0,-154.0,-151.5,-154.5,-150.5,-153.0,-152.0,-150.0,-153.5,-151.5,-151.0,-157.0,-157.0,-155.5,-152.5,-152.0,-157.0,-156.5,-149.0,-148.5,-153.5,-157.0,-157.0,-157.0,-154.0,-154.0,-152.0,-157.0,-157.0,-154.5,-157.0,-155.0,-157.0,-152.5,-149.5,-153.5,-153.5,-154.0,-154.5,-154.0
2026-01-16 16:42:32.750,143.050000,5,-77,-157.0,-157.0,-152.0,-157.0,-157.0,-156.0,-152.5,-152.0,-157.0,-151.5,-151.5,-150.5,-152.0,-154.5,-157.0,-154.5,-155.0,-147.5,-148.0,-153.5,-157.0,-153.5,-150.0,-152.5,-157.0,-153.0,-152.5,-156.5,-153.5,-154.5,-154.5,-149.0,-151.5,-153.0,-157.0,-157.0,-157.0,-154.5,-157.0,-155.0,-153.5,-147.5,-148.0,-150.5,-155.0,-147.5,-146.5,-157.0,-157.0,-157.0,-150.0,-152.0,-157.0,-153.5,-152.0,-154.5,-156.5,-157.0,-156.5,-157.0,-157.0,-154.0,-156.5,-155.5,-155.0,-155.0,-150.0,-152.0,-157.0,-152.5,-156.5,-152.5,-150.5,-154.5,-156.0,-150.0,-147.5,-155.0,-154.0,-157.0,-151.0,-155.0,-155.0,-157.0,-156.5,-154.0,-153.5,-154.0,-154.5,-149.0,-154.5,-151.5,-157.0,-157.0,-157.0,-157.0,-156.0,-150.0,-153.5,-153.0,-152.0,-155.5,-156.0,-151.0,-150.0,-150.5,-157.0,-155.0,-146.5,-152.0,-152.0,-153.5,-157.0,-153.0,-151.0,-152.0,-154.5,-154.0,-155.5,-151.0,-148.5,-157.0,-157.0,-153.0,-157.0,-152.5,-154.0,-155.0,-146.5,-147.0,-154.5,-150.5,-152.0,-151.5,-157.0,-157.0,-150.5,-151.5,-155.0,-156.5,-156.0,-153.5,-151.5,-150.0,-153.5,-155.5,-157.0,-155.5,-156.0,-157.0,-153.0,-151.5,-156.0,-157.0,-157.0,-157.0,-157.0,-157.0,-155.0,-156.0,-153.5,-157.0,-155.5,-153.0,-151.0,-155.0,-152.5,-155.0,-155.5,-150.5,-155.5,-151.5,-151.5,-150.0,-157.0,-154.5,-156.0,-153.5,-157.0,-157.0,-152.5,-149.5,-149.5,-151.0,-154.5,-151.0,-149.5,-152.5,-152.5,-155.0,-157.0,-154.5,-155.5,-157.0,-152.5,-149.5,-157.0,-152.5,-157.0,-151.5,-146.5,-147.5,-148.0,-152.0,-152.5,-149.5,-157.0,-154.5,-154.5,-155.5,-157.0,-157.0,-157.0,-156.5,-151.0,-149.0,-149.0,-150.0,-155.0,-154.0,-152.5,-151.0,-150.5,-155.5,-154.5,-155.5,-154.5,-157.0,-157.0,-151.0,-153.0,-156.5,-157.0,-156.0,-157.0,-157.0,-154.5,-150.5,-150.0,-156.0,-146.0,-144.5,-149.5,-157.0,-151.0,-146.0,-150.0,-157.0,-152.5,-152.5,-157.0,-156.0,-155.0,-157.0,-157.0,-155.0,-151.5,-148.0,-156.0,-155.0,-151.0,-155.5,-155.5,-154.0,-150.0,-151.5,-157.0,-152.5,-157.0,-157.0,-149.5,-149.0,-156.0,-155.0,-151.5,-151.0,-148.0,-152.0,-157.0,-157.0,-157.0,-157.0,-149.0,-147.0,-157.0,-155.0,-148.5,-146.5,-156.5,-148.5,-153.0,-153.5,-156.5,-157.0,-150.5,-152.5,-156.0,-150.5,-154.0,-154.5,-152.0,-152.5,-151.0,-155.5,-155.0,-157.0,-157.0,-156.5,-157.0,-152.0,-155.5,-156.5,-156.5,-157.0,-154.5,-151.0,-151.5,-154.0,-152.0,-153.0,-152.5,-154.0,-153.5,-157.0,-157.0,-153.5,-154.5,-154.5,-155.0,-157.0,-154.0,-151.0,-157.0,-156.5,-152.5,-149.0,-154.0,-151.0,-157.0,-154.0,-152.5,-148.5,-151.0,-154.0,-154.5,-155.5,-152.0,-156.5,-151.5,-157.0,-153.0,-150.5,-154.5,-154.0,-150.5,-157.0,-156.5,-157.0,-157.0,-154.5,-150.0,-148.0,-152.0,-152.5,-154.0,-150.5,-151.0,-156.0,-154.0,-152.5,-152.5,-152.0,-157.0,-157.0,-155.0,-151.5,-154.5,-145.5,-146.0,-153.0,-153.5,-152.0,-156.0,-157.0,-157.0,-152.0,-149.5,-157.0,-154.5,-153.5,-157.0,-157.0,-153.5,-152.5,-150.0,-155.0,-155.5,-150.0,-153.5,-150.0,-147.0,-146.0,-157.0,-153.0,-152.5,-153.0,-153.0,-152.5,-155.5,-156.0,-151.5,-157.0,-155.0,-152.5,-148.5,-154.0,-155.0,-153.5,-152.0,-152.0,-154.0,-155.0,-152.5,-156.5,-153.0,-155.0,-149.5,-150.0,-155.0,-157.0,-153.5,-147.5,-148.0,-157.0,-154.5,-152.0,-154.0,-154.0,-155.5,-153.5,-156.0,-153.5,-150.5,-153.5,-150.5,-152.0,-155.5,-157.0,-156.0,-157.0,-152.0,-154.0,-157.0,-153.0,-151.0,-153.0,-154.5,-157.0,-155.0,-155.5,-157.0,-153.0,-152.0,-157.0,-157.0,-157.0,-153.5,-157.0,-152.0,-150.5,-157.0,-151.0,-149.5,-151.0,-152.0
2026-01-16 16:42:32.782,143.050000,5,-77,-157.0,-157.0,-152.0,-155.5,-157.0,-155.0,-157.0,-154.5,-157.0,-152.0,-151.5,-156.5,-151.5,-150.0,-155.0,-152.5,-150.5,-151.5,-152.5,-152.5,-156.5,-153.5,-151.5,-153.5,-153.5,-150.5,-157.0,-152.0,-156.5,-157.0,-157.0,-149.0,-151.0,-150.5,-152.0,-155.5,-157.0,-153.0,-155.5,-155.5,-157.0,-152.5,-154.5,-153.0,-153.5,-150.5,-147.5,-152.5,-155.0,-154.0,-150.0,-152.5,-157.0,-157.0,-151.0,-151.0,-154.0,-157.0,-153.5,-157.0,-157.0,-155.5,-157.0,-152.5,-153.0,-154.5,-157.0,-155.5,-148.5,-148.0,-157.0,-149.0,-147.5,-157.0,-157.0,-150.0,-149.0,-154.5,-155.5,-149.5,-150.5,-156.0,-152.0,-153.0,-152.0,-152.5,-153.0,-156.0,-154.5,-149.5,-153.0,-152.5,-157.0,-157.0,-157.0,-157.0,-156.0,-157.0,-157.0,-155.0,-153.5,-157.0,-154.5,-152.0,-151.5,-153.0,-154.5,-150.0,-147.5,-148.0,-151.0,-149.5,-153.5,-152.0,-148.5,-150.0,-157.0,-157.0,-152.5,-157.0,-150.5,-154.5,-157.0,-152.0,-153.0,-151.5,-150.0,-149.0,-148.5,-150.0,-154.5,-152.5,-148.0,-153.5,-157.0,-156.0,-153.5,-153.0,-155.5,-155.0,-157.0,-154.0,-150.5,-151.0,-157.0,-155.0,-153.5,-153.5,-151.0,-154.0,-153.0,-154.5,-157.0,-156.5,-156.0,-153.5,-151.5,-154.5,-157.0,-156.0,-151.5,-154.5,-155.5,-153.0,-153.5,-152.0,-150.0,-151.0,-150.0,-149.0,-153.5,-152.0,-152.0,-151.5,-157.0,-152.5,-153.0,-152.5,-157.0,-155.0,-149.0,-149.0,-149.0,-149.5,-153.0,-153.5,-148.5,-151.0,-152.5,-157.0,-157.0,-150.0,-150.5,-157.0,-149.0,-149.5,-151.5,-150.5,-157.0,-156.5,-154.0,-151.5,-148.5,-154.0,-150.5,-151.0,-157.0,-149.5,-150.0,-151.5,-157.0,-155.5,-157.0,-157.0,-157.0,-157.0,-152.5,-154.5,-154.5,-153.5,-152.0,-148.0,-156.5,-154.5,-157.0,-156.0,-153.5,-153.5,-156.5,-152.5,-157.0,-157.0,-155.5,-153.5,-157.0,-157.0,-152.5,-152.5,-151.0,-153.0,-151.0,-151.0,-155.0,-157.0,-150.5,-145.5,-150.0,-151.5,-157.0,-154.5,-152.5,-157.0,-156.0,-155.0,-154.0,-154.5,-157.0,-147.0,-150.0,-157.0,-154.0,-154.0,-155.5,-153.0,-155.0,-156.5,-157.0,-153.5,-152.5,-156.0,-151.0,-150.0,-155.5,-157.0,-152.0,-157.0,-147.5,-147.0,-157.0,-157.0,-157.0,-157.0,-149.0,-147.0,-157.0,-157.0,-152.5,-149.5,-152.5,-150.0,-151.5,-157.0,-157.0,-155.5,-154.0,-155.0,-156.0,-150.5,-154.0,-157.0,-156.5,-156.5,-150.5,-157.0,-153.0,-151.0,-150.5,-149.5,-157.0,-152.0,-152.5,-156.0,-157.0,-157.0,-153.5,-150.5,-150.5,-156.5,-157.0,-152.5,-152.5,-149.5,-153.0,-151.5,-157.0,-157.0,-152.0,-150.0,-152.0,-153.0,-146.5,-146.5,-157.0,-156.5,-155.0,-149.0,-157.0,-153.5,-157.0,-156.0,-151.5,-150.5,-156.0,-150.5,-153.0,-153.5,-153.5,-157.0,-152.5,-157.0,-151.5,-148.5,-150.0,-149.5,-153.0,-157.0,-154.0,-153.5,-156.0,-153.5,-146.5,-145.0,-152.5,-151.0,-155.0,-153.0,-151.5,-156.5,-153.0,-156.0,-152.5,-157.0,-157.0,-157.0,-149.0,-151.5,-157.0,-148.5,-149.0,-157.0,-152.5,-149.5,-150.5,-157.0,-155.5,-153.0,-152.0,-157.0,-151.0,-153.0,-157.0,-157.0,-156.0,-156.5,-157.0,-154.0,-155.5,-154.0,-157.0,-150.0,-150.5,-148.5,-156.0,-154.0,-155.0,-157.0,-155.0,-154.5,-155.0,-157.0,-154.5,-154.5,-154.0,-151.0,-148.5,-154.5,-155.0,-150.0,-148.0,-148.5,-151.5,-157.0,-157.0,-155.0,-157.0,-152.0,-152.5,-156.5,-157.0,-157.0,-157.0,-147.0,-148.0,-157.0,-157.0,-157.0,-151.0,-151.0,-157.0,-154.5,-153.0,-154.5,-157.0,-151.5,-150.0,-148.0,-152.5,-152.5,-155.0,-152.0,-150.0,-150.0,-151.0,-154.5,-153.0,-152.5,-152.5,-157.0,-153.0,-157.0,-157.0,-151.0,-149.0,-157.0,-156.5,-157.0,-150.5,-151.0,-151.0,-155.5,-157.0,-151.5,-149.5,-152.0,-150.0
2026-01-16 16:42:32.819,143.050000,5,-77,-157.0,-157.0,-153.5,-155.0,-153.0,-150.0,-155.0,-157.0,-155.0,-153.5,-156.0,-157.0,-156.0,-151.0,-155.0,-155.5,-149.5,-151.0,-154.0,-152.5,-157.0,-152.5,-153.5,-157.0,-154.0,-148.5,-149.0,-149.0,-153.5,-157.0,-157.0,-152.5,-157.0,-152.0,-149.5,-153.5,-157.0,-153.0,-152.0,-157.0,-157.0,-153.5,-154.5,-155.0,-151.5,-157.0,-150.0,-150.5,-152.5,-151.0,-154.5,-157.0,-157.0,-157.0,-150.5,-154.5,-153.0,-157.0,-152.5,-153.0,-152.0,-156.5,-157.0,-151.0,-154.0,-149.5,-157.0,-151.5,-147.5,-147.5,-151.0,-150.0,-148.5,-154.0,-150.5,-154.0,-153.5,-154.0,-153.0,-150.0,-152.5,-151.0,-148.0,-154.5,-152.0,-152.0,-153.5,-154.5,-155.5,-151.0,-151.5,-153.5,-155.5,-157.0,-157.0,-154.0,-152.5,-157.0,-157.0,-157.0,-157.0,-157.0,-157.0,-154.5,-153.5,-156.0,-157.0,-149.5,-150.5,-148.0,-150.0,-149.0,-151.0,-157.0,-150.5,-155.0,-156.5,-152.0,-148.0,-152.0,-152.0,-154.0,-157.0,-152.5,-151.5,-151.5,-148.5,-152.5,-152.5,-153.0,-157.0,-154.5,-147.5,-154.5,-157.0,-151.0,-153.5,-157.0,-156.0,-156.0,-157.0,-157.0,-152.5,-152.5,-152.5,-150.5,-147.5,-151.0,-152.0,-151.0,-155.5,-157.0,-154.0,-154.0,-153.0,-152.0,-151.5,-157.0,-157.0,-153.5,-152.0,-150.0,-154.0,-153.0,-155.5,-151.0,-153.5,-152.0,-150.5,-154.5,-157.0,-157.0,-155.5,-152.0,-150.5,-152.5,-156.0,-152.5,-151.0,-157.0,-148.0,-147.0,-155.0,-148.5,-145.5,-147.0,-151.5,-152.0,-151.5,-157.0,-155.0,-153.5,-150.5,-152.5,-148.5,-154.0,-154.5,-150.5,-155.0,-155.5,-154.5,-154.5,-151.0,-149.5,-152.0,-152.5,-155.5,-148.5,-151.5,-152.0,-157.0,-155.5,-157.0,-157.0,-157.0,-155.5,-154.5,-157.0,-156.0,-152.5,-151.0,-147.5,-149.0,-153.5,-156.5,-157.0,-157.0,-152.0,-157.0,-153.0,-156.0,-157.0,-154.5,-153.0,-157.0,-157.0,-153.5,-153.5,-156.5,-154.5,-153.5,-154.5,-157.0,-157.0,-157.0,-148.5,-149.5,-150.5,-155.5,-152.5,-148.5,-150.0,-153.5,-150.5,-149.5,-157.0,-155.5,-147.0,-148.0,-157.0,-157.0,-156.0,-157.0,-154.5,-157.0,-157.0,-156.0,-157.0,-154.5,-156.5,-153.0,-154.5,-157.0,-153.0,-150.5,-155.0,-148.5,-148.0,-152.0,-152.5,-156.0,-157.0,-150.5,-147.5,-153.0,-153.0,-154.0,-155.5,-157.0,-152.5,-151.0,-157.0,-157.0,-155.0,-157.0,-157.0,-155.0,-152.0,-156.5,-151.5,-152.0,-153.0,-152.5,-156.0,-148.0,-148.5,-147.0,-146.5,-154.0,-152.0,-153.0,-156.5,-157.0,-157.0,-157.0,-154.5,-150.5,-153.0,-156.5,-150.0,-150.5,-149.5,-148.5,-149.0,-157.0,-157.0,-150.0,-154.5,-151.0,-151.0,-147.0,-147.0,-155.5,-157.0,-154.0,-150.5,-157.0,-152.5,-157.0,-155.0,-150.0,-150.0,-157.0,-152.0,-156.0,-153.0,-157.0,-156.0,-153.5,-152.5,-150.0,-152.5,-152.0,-150.0,-152.0,-157.0,-153.0,-154.0,-150.0,-154.0,-149.5,-147.5,-157.0,-152.5,-155.5,-157.0,-153.5,-154.0,-151.0,-152.0,-154.5,-157.0,-155.5,-157.0,-149.5,-153.5,-157.0,-151.0,-157.0,-153.5,-152.0,-150.0,-149.0,-154.5,-154.0,-154.5,-154.5,-155.0,-150.5,-151.5,-156.5,-157.0,-157.0,-157.0,-157.0,-156.0,-156.0,-155.0,-155.5,-152.5,-151.5,-154.5,-153.5,-152.0,-152.5,-157.0,-157.0,-153.5,-150.5,-155.5,-157.0,-152.0,-157.0,-157.0,-151.5,-151.5,-157.0,-154.5,-152.0,-147.0,-151.0,-155.5,-156.0,-153.5,-154.0,-151.5,-154.5,-155.0,-152.0,-156.5,-157.0,-151.0,-155.0,-157.0,-157.0,-157.0,-156.5,-152.5,-157.0,-153.0,-150.5,-151.0,-155.0,-157.0,-152.5,-147.0,-149.0,-150.5,-153.0,-151.5,-150.0,-151.5,-150.0,-154.0,-154.5,-156.5,-155.0,-152.5,-153.5,-157.0,-152.5,-149.5,-152.0,-157.0,-155.5,-157.0,-152.0,-151.5,-150.0,-152.5,-153.0,-152.5,-157.0,-157.0,-151.0
2026-01-16 16:42:32.849,143.050000,5,-77,-157.0,-157.0,-156.5,-157.0,-151.0,-148.0,-148.5,-157.0,-157.0,-154.5,-156.0,-155.5,-152.5,-156.5,-154.0,-154.5,-154.0,-152.5,-155.5,-153.0,-155.5,-147.5,-149.5,-157.0,-157.0,-150.5,-147.0,-153.0,-151.5,-154.5,-152.0,-152.5,-156.0,-154.5,-152.5,-155.0,-157.0,-155.5,-153.0,-157.0,-154.0,-153.0,-157.0,-157.0,-153.5,-154.5,-156.0,-153.0,-152.0,-151.5,-157.0,-157.0,-157.0,-150.5,-150.0,-155.5,-151.5,-153.5,-153.5,-150.0,-149.0,-157.0,-157.0,-150.0,-149.0,-147.5,-157.0,-155.5,-152.5,-153.5,-152.5,-153.5,-150.5,-151.0,-148.0,-153.0,-157.0,-152.0,-150.5,-153.0,-154.0,-149.5,-148.0,-156.0,-149.5,-149.0,-152.0,-157.0,-157.0,-153.5,-149.0,-149.5,-154.0,-156.0,-157.0,-156.0,-153.0,-157.0,-155.5,-157.0,-157.0,-157.0,-156.0,-156.0,-155.0,-155.0,-154.5,-153.5,-154.5,-150.0,-148.5,-153.0,-151.0,-157.0,-153.5,-157.0,-156.5,-151.0,-146.0,-151.0,-155.0,-156.5,-157.0,-155.0,-157.0,-153.0,-149.5,-153.0,-153.0,-150.5,-152.0,-156.5,-145.5,-148.0,-156.0,-149.5,-151.5,-152.5,-153.5,-157.0,-157.0,-156.5,-152.0,-155.0,-151.5,-155.5,-146.5,-147.0,-154.5,-151.5,-157.0,-153.5,-152.5,-157.0,-153.5,-152.5,-155.5,-157.0,-157.0,-154.0,-157.0,-151.5,-152.0,-152.0,-154.5,-150.0,-151.5,-157.0,-157.0,-157.0,-157.0,-157.0,-155.5,-154.0,-149.5,-153.0,-157.0,-152.5,-151.0,-156.5,-152.5,-149.0,-154.0,-151.0,-144.0,-144.5,-153.5,-157.0,-153.0,-157.0,-155.5,-157.0,-148.0,-149.0,-152.5,-152.0,-153.5,-151.5,-153.0,-152.0,-150.5,-153.5,-154.0,-153.0,-154.5,-150.0,-153.5,-151.0,-152.5,-157.0,-157.0,-156.5,-152.5,-157.0,-156.5,-155.5,-154.0,-156.0,-157.0,-154.0,-151.0,-150.5,-150.0,-156.5,-155.0,-157.0,-157.0,-155.5,-157.0,-153.0,-156.5,-156.5,-152.5,-152.0,-157.0,-157.0,-152.5,-150.0,-156.5,-153.0,-150.0,-152.0,-151.5,-152.5,-157.0,-153.0,-156.0,-155.5,-155.0,-152.5,-148.5,-149.5,-152.5,-147.5,-149.0,-154.5,-151.5,-151.0,-149.0,-156.5,-155.0,-157.0,-157.0,-154.0,-154.0,-157.0,-157.0,-157.0,-157.0,-151.0,-150.0,-157.0,-157.0,-154.5,-151.5,-150.0,-149.0,-155.0,-154.0,-155.0,-154.5,-154.0,-157.0,-150.0,-150.5,-152.5,-151.5,-157.0,-157.0,-155.0,-150.0,-151.0,-155.0,-154.0,-157.0,-156.5,-152.0,-153.5,-156.5,-146.0,-148.0,-150.5,-149.5,-150.5,-148.0,-149.5,-148.0,-149.0,-156.0,-155.5,-157.0,-157.0,-157.0,-157.0,-156.0,-157.0,-155.0,-152.0,-157.0,-150.5,-153.5,-155.0,-147.5,-147.5,-153.5,-149.5,-148.5,-157.0,-150.5,-153.5,-153.5,-151.0,-151.5,-157.0,-157.0,-151.5,-152.5,-151.5,-155.5,-157.0,-152.5,-151.0,-157.0,-154.0,-152.5,-156.0,-157.0,-157.0,-154.5,-150.0,-151.0,-154.5,-157.0,-154.0,-156.5,-153.5,-151.0,-149.5,-147.5,-157.0,-153.0,-156.0,-156.0,-153.0,-157.0,-157.0,-155.0,-150.5,-149.5,-155.0,-157.0,-154.5,-152.0,-156.0,-151.5,-157.0,-154.5,-151.0,-150.5,-152.0,-153.5,-154.0,-151.5,-157.0,-154.0,-151.5,-151.0,-153.5,-154.0,-157.0,-154.0,-157.0,-154.0,-155.5,-157.0,-154.5,-157.0,-153.0,-157.0,-155.0,-156.5,-157.0,-151.5,-152.5,-151.0,-153.0,-157.0,-154.0,-147.0,-148.5,-155.5,-149.5,-153.5,-157.0,-157.0,-152.5,-156.5,-157.0,-154.5,-148.5,-149.5,-153.5,-151.5,-154.5,-153.5,-154.5,-157.0,-150.5,-148.5,-157.0,-157.0,-155.0,-157.0,-157.0,-156.5,-157.0,-157.0,-152.0,-152.5,-151.0,-153.5,-151.5,-154.0,-157.0,-157.0,-151.5,-153.5,-156.0,-156.0,-152.5,-152.0,-157.0,-151.5,-152.5,-154.0,-153.5,-157.0,-154.5,-156.5,-157.0,-153.0,-149.0,-156.0,-156.0,-154.5,-151.0,-153.0,-155.0,-152.5,-152.0,-151.5,-154.0,-157.0,-157.0,-153.0
2026-01-16 16:42:32.883,143.050000,5,-77,-157.0,-157.0,-157.0,-156.5,-155.0,-152.5,-152.0,-153.0,-156.5,-155.0,-151.5,-149.5,-151.5,-157.0,-155.5,-154.0,-157.0,-154.0,-157.0,-154.5,-153.0,-147.5,-154.5,-157.0,-157.0,-154.5,-149.5,-155.0,-153.5,-151.5,-149.0,-149.5,-151.0,-151.5,-149.5,-151.5,-152.5,-154.5,-151.0,-153.0,-154.0,-153.0,-157.0,-157.0,-154.5,-154.5,-157.0,-151.0,-149.5,-150.5,-157.0,-155.5,-153.5,-150.5,-152.0,-155.0,-151.0,-151.5,-157.0,-151.0,-151.0,-156.0,-154.0,-152.5,-152.5,-150.5,-154.5,-155.5,-157.0,-157.0,-155.0,-153.5,-153.5,-153.0,-150.5,-155.5,-157.0,-150.5,-151.5,-151.0,-151.5,-155.0,-151.5,-153.0,-149.5,-149.5,-151.5,-152.5,-155.0,-157.0,-152.0,-151.5,-153.0,-151.5,-154.5,-154.0,-152.0,-153.5,-154.5,-157.0,-157.0,-157.0,-157.0,-157.0,-157.0,-157.0,-156.0,-154.5,-157.0,-157.0,-151.0,-153.0,-154.5,-156.0,-154.5,-155.0,-152.0,-149.5,-145.5,-150.0,-154.5,-154.0,-154.5,-156.0,-157.0,-155.0,-155.0,-156.0,-152.5,-150.0,-153.5,-153.5,-145.5,-147.5,-153.5,-150.5,-154.0,-154.5,-153.5,-157.0,-154.0,-151.5,-151.0,-152.0,-153.0,-157.0,-152.0,-149.5,-149.5,-152.5,-157.0,-156.5,-154.5,-156.0,-154.0,-155.5,-157.0,-157.0,-152.0,-151.0,-157.0,-157.0,-149.5,-152.5,-157.0,-149.5,-149.0,-154.0,-157.0,-157.0,-157.0,-157.0,-157.0,-153.0,-150.0,-156.0,-157.0,-153.0,-156.5,-151.5,-156.0,-151.0,-151.5,-157.0,-148.0,-146.0,-153.0,-155.0,-155.5,-157.0,-153.5,-151.5,-149.0,-149.5,-157.0,-154.5,-153.5,-157.0,-153.5,-155.0,-153.0,-154.5,-154.0,-155.0,-148.0,-148.5,-157.0,-154.0,-150.0,-155.0,-157.0,-154.5,-150.0,-157.0,-157.0,-156.5,-152.0,-156.5,-157.0,-152.5,-153.5,-151.5,-155.5,-156.5,-157.0,-156.5,-155.5,-157.0,-157.0,-153.5,-155.5,-153.5,-151.5,-152.0,-156.0,-156.0,-149.0,-147.5,-157.0,-153.0,-147.5,-149.5,-149.0,-150.0,-155.5,-157.0,-155.0,-157.0,-157.0,-151.0,-151.0,-153.0,-153.5,-148.0,-148.0,-150.5,-153.0,-152.0,-153.0,-155.5,-154.5,-156.0,-157.0,-151.5,-149.5,-153.0,-157.0,-154.5,-157.0,-155.0,-151.0,-157.0,-157.0,-157.0,-157.0,-152.0,-149.0,-154.0,-155.0,-157.0,-155.5,-156.0,-151.5,-156.0,-151.0,-151.5,-149.5,-156.5,-156.5,-155.0,-153.5,-149.5,-150.0,-152.0,-153.5,-157.0,-152.5,-157.0,-151.5,-146.0,-149.5,-152.5,-149.0,-151.0,-152.5,-155.0,-151.5,-153.0,-157.0,-156.5,-157.0,-157.0,-157.0,-157.0,-153.0,-157.0,-157.0,-152.5,-156.0,-153.5,-154.0,-157.0,-152.0,-150.5,-152.5,-151.0,-150.5,-152.0,-151.0,-152.5,-152.5,-153.5,-151.5,-157.0,-156.0,-149.0,-148.5,-157.0,-156.0,-157.0,-156.5,-151.0,-152.5,-154.5,-154.5,-156.5,-156.5,-157.0,-157.0,-152.5,-157.0,-150.5,-157.0,-153.5,-152.0,-153.0,-154.0,-150.0,-149.0,-155.5,-155.5,-157.0,-151.5,-149.5,-157.0,-154.0,-154.5,-148.5,-149.5,-153.0,-157.0,-157.0,-151.0,-155.5,-155.0,-157.0,-153.0,-154.0,-151.0,-149.5,-155.0,-157.0,-154.0,-157.0,-156.0,-152.0,-151.5,-148.0,-151.5,-157.0,-153.0,-153.5,-149.5,-148.5,-157.0,-151.0,-151.5,-152.5,-156.0,-151.5,-157.0,-155.5,-154.0,-152.5,-152.5,-152.5,-152.5,-156.0,-148.5,-148.5,-155.0,-149.5,-153.0,-157.0,-156.5,-150.5,-150.5,-157.0,-154.5,-153.5,-151.5,-151.0,-149.5,-154.0,-157.0,-155.0,-156.5,-151.5,-150.5,-155.5,-154.0,-152.0,-153.0,-157.0,-153.0,-157.0,-154.5,-151.5,-154.0,-149.5,-151.5,-152.5,-154.5,-157.0,-155.0,-154.0,-156.5,-157.0,-155.0,-153.5,-157.0,-156.0,-154.0,-154.0,-154.0,-152.0,-156.5,-157.0,-157.0,-157.0,-157.0,-150.0,-153.5,-157.0,-149.5,-150.0,-155.5,-157.0,-156.0,-157.0,-153.0,-156.0,-157.0,-156.5,-150.0
2026-01-16 16:42:32.917,143.050000,5,-77,-157.0,-157.0,-157.0,-157.0,-156.0,-156.0,-157.0,-152.0,-154.0,-153.0,-150.0,-151.0,-156.5,-157.0,-157.0,-157.0,-157.0,-154.0,-155.0,-154.5,-149.5,-148.0,-156.5,-152.0,-153.5,-154.0,-151.5,-155.5,-156.5,-150.5,-152.5,-153.0,-152.5,-149.5,-148.0,-150.5,-153.0,-155.5,-149.5,-151.0,-155.0,-155.0,-157.0,-155.5,-152.5,-151.5,-153.0,-154.0,-154.0,-153.5,-157.0,-154.0,-157.0,-157.0,-153.0,-157.0,-156.5,-155.0,-157.0,-157.0,-155.0,-154.0,-152.5,-154.0,-152.0,-152.5,-152.0,-151.5,-155.0,-157.0,-154.5,-153.0,-155.5,-157.0,-157.0,-157.0,-157.0,-148.0,-150.0,-153.5,-154.0,-157.0,-152.5,-150.0,-149.5,-155.0,-156.0,-150.5,-155.0,-157.0,-157.0,-154.0,-152.5,-150.0,-148.5,-154.0,-151.5,-156.5,-157.0,-157.0,-157.0,-157.0,-157.0,-156.0,-156.0,-157.0,-157.0,-153.5,-156.5,-157.0,-157.0,-154.5,-157.0,-157.0,-157.0,-156.5,-145.5,-145.0,-145.0,-150.5,-152.0,-150.0,-154.5,-155.5,-153.5,-153.0,-157.0,-157.0,-157.0,-153.5,-157.0,-157.0,-146.5,-148.0,-151.5,-154.0,-156.0,-154.5,-152.0,-153.0,-157.0,-149.0,-149.5,-148.5,-152.0,-157.0,-157.0,-157.0,-151.5,-153.0,-155.5,-157.0,-157.0,-154.5,-152.0,-155.0,-155.5,-154.5,-152.0,-155.5,-157.0,-157.0,-150.5,-154.5,-157.0,-152.0,-152.5,-150.0,-153.0,-156.0,-157.0,-157.0,-157.0,-154.5,-153.0,-157.0,-157.0,-153.5,-152.5,-148.5,-155.0,-148.5,-149.5,-157.0,-152.5,-154.0,-155.0,-157.0,-157.0,-153.0,-154.5,-152.5,-157.0,-150.0,-151.0,-157.0,-155.0,-155.5,-157.0,-157.0,-154.0,-157.0,-157.0,-154.5,-151.0,-151.5,-156.5,-155.0,-152.5,-153.0,-151.0,-152.0,-148.5,-157.0,-157.0,-155.5,-152.5,-157.0,-157.0,-153.0,-150.5,-149.5,-156.5,-157.0,-157.0,-156.0,-154.0,-157.0,-157.0,-152.0,-151.0,-151.5,-153.0,-150.0,-151.5,-152.0,-149.0,-151.0,-152.0,-157.0,-151.0,-152.5,-147.5,-150.0,-157.0,-157.0,-152.5,-155.0,-151.5,-152.0,-151.5,-157.0,-150.5,-147.5,-148.5,-149.5,-157.0,-151.5,-156.0,-153.5,-156.0,-157.0,-155.0,-154.0,-148.0,-151.5,-149.5,-151.5,-157.0,-157.0,-149.0,-153.0,-157.0,-157.0,-153.5,-157.0,-153.0,-148.0,-150.0,-157.0,-155.5,-154.5,-149.0,-152.5,-154.5,-148.5,-148.0,-157.0,-153.5,-151.0,-157.0,-149.0,-147.5,-154.5,-154.5,-157.0,-154.0,-157.0,-147.5,-147.0,-155.0,-153.5,-152.5,-152.5,-157.0,-157.0,-151.5,-153.0,-157.0,-155.5,-157.0,-157.0,-156.0,-152.5,-150.0,-157.0,-157.0,-152.0,-153.0,-154.5,-154.5,-157.0,-157.0,-157.0,-157.0,-156.5,-150.5,-148.5,-151.5,-155.5,-155.0,-157.0,-154.5,-153.5,-150.0,-147.0,-148.5,-157.0,-155.5,-157.0,-157.0,-151.5,-152.5,-157.0,-157.0,-153.5,-155.0,-157.0,-157.0,-153.0,-154.5,-148.0,-154.0,-153.5,-152.0,-157.0,-157.0,-157.0,-154.5,-155.0,-154.0,-156.5,-152.0,-147.5,-153.5,-149.5,-150.0,-152.5,-154.5,-150.0,-152.5,-157.0,-151.5,-152.0,-152.5,-152.0,-153.0,-157.0,-154.0,-150.5,-157.0,-157.0,-152.0,-155.5,-153.5,-155.5,-150.5,-146.0,-149.5,-155.5,-155.0,-155.0,-150.0,-149.0,-152.0,-151.5,-150.0,-154.5,-150.5,-151.0,-154.0,-151.0,-154.0,-156.0,-153.5,-157.0,-155.5,-157.0,-154.0,-151.5,-157.0,-151.0,-156.0,-154.0,-157.0,-153.0,-152.5,-154.0,-157.0,-155.0,-155.0,-154.0,-151.0,-154.0,-156.0,-152.5,-155.0,-154.0,-157.0,-154.5,-152.0,-150.0,-149.0,-155.5,-150.5,-153.0,-153.5,-154.0,-154.0,-149.0,-149.5,-151.5,-153.5,-153.0,-153.0,-151.5,-150.0,-155.0,-155.0,-151.5,-153.5,-151.0,-153.5,-155.0,-155.0,-157.0,-157.0,-157.0,-157.0,-155.0,-157.0,-150.0,-156.5,-157.0,-151.5,-153.0,-153.0,-153.5,-156.5,-157.0,-153.0,-157.0,-157.0,-157.0,-149.0
2026-01-16 16:42:32.948,143.050000,5,-77,-157.0,-157.0,-157.0,-157.0,-154.5,-157.0,-157.0,-148.5,-150.0,-156.0,-154.5,-155.0,-157.0,-155.5,-152.0,-155.5,-157.0,-152.0,-153.5,-156.5,-152.0,-154.0,-152.0,-151.0,-149.5,-153.0,-152.0,-155.0,-151.0,-151.0,-157.0,-157.0,-157.0,-154.5,-154.0,-151.0,-151.5,-150.5,-149.5,-153.0,-156.5,-157.0,-157.0,-155.5,-154.0,-150.5,-150.0,-153.5,-157.0,-157.0,-157.0,-155.0,-157.0,-153.0,-150.0,-157.0,-151.5,-151.5,-155.5,-157.0,-154.5,-156.5,-149.0,-149.5,-150.5,-150.0,-151.5,-156.0,-151.5,-157.0,-157.0,-155.0,-157.0,-157.0,-155.5,-151.0,-151.5,-149.0,-149.0,-156.5,-157.0,-157.0,-151.0,-152.0,-146.5,-156.5,-154.5,-150.0,-157.0,-157.0,-157.0,-154.5,-155.0,-151.5,-150.0,-157.0,-152.0,-157.0,-157.0,-157.0,-155.0,-157.0,-157.0,-157.0,-157.0,-157.0,-156.0,-153.0,-155.5,-155.0,-154.5,-157.0,-157.0,-157.0,-157.0,-155.5,-147.0,-148.5,-152.5,-153.5,-152.5,-151.0,-152.0,-155.0,-154.5,-151.0,-156.5,-156.0,-157.0,-155.0,-157.0,-153.5,-147.5,-150.0,-151.0,-157.0,-151.5,-150.0,-150.5,-152.5,-151.5,-154.0,-152.0,-148.5,-150.5,-154.0,-154.5,-157.0,-151.5,-152.0,-154.0,-156.5,-153.5,-157.0,-152.5,-153.0,-154.0,-157.0,-151.5,-153.5,-153.0,-155.0,-154.0,-157.0,-157.0,-150.5,-150.0,-149.0,-152.0,-152.0,-157.0,-157.0,-157.0,-153.0,-154.0,-155.0,-155.5,-154.0,-155.0,-146.0,-150.0,-148.5,-149.0,-155.0,-156.0,-155.0,-154.0,-157.0,-157.0,-151.0,-153.5,-154.5,-157.0,-150.0,-149.5,-157.0,-156.0,-154.0,-157.0,-157.0,-155.0,-153.5,-156.5,-157.0,-154.5,-154.0,-150.5,-153.5,-157.0,-155.5,-150.0,-148.0,-147.5,-153.5,-157.0,-157.0,-156.0,-155.0,-154.5,-153.5,-151.5,-152.0,-157.0,-157.0,-157.0,-154.0,-152.0,-155.5,-152.0,-153.0,-155.0,-148.5,-148.0,-150.0,-150.5,-151.5,-152.5,-157.0,-149.5,-157.0,-157.0,-157.0,-148.5,-148.5,-157.0,-157.0,-153.5,-150.5,-147.5,-148.5,-149.5,-153.0,-150.0,-149.0,-151.5,-149.5,-150.5,-147.5,-154.5,-150.5,-151.5,-157.0,-153.0,-157.0,-148.5,-147.5,-146.5,-151.5,-156.5,-156.0,-148.5,-148.0,-152.5,-152.5,-152.0,-154.5,-152.0,-146.5,-148.0,-157.0,-157.0,-156.5,-149.5,-148.5,-157.0,-156.5,-151.0,-154.0,-153.5,-152.0,-154.5,-151.5,-149.0,-156.0,-157.0,-157.0,-157.0,-156.5,-147.5,-150.5,-157.0,-156.5,-157.0,-152.5,-154.5,-152.5,-150.0,-153.0,-157.0,-157.0,-157.0,-157.0,-155.5,-150.5,-149.5,-157.0,-157.0,-154.0,-157.0,-157.0,-157.0,-155.0,-154.5,-157.0,-156.5,-156.5,-150.5,-151.5,-157.0,-157.0,-157.0,-157.0,-154.5,-156.0,-152.5,-148.5,-151.5,-151.0,-151.5,-157.0,-157.0,-154.5,-157.0,-157.0,-157.0,-156.0,-154.5,-157.0,-151.0,-153.5,-154.0,-146.5,-150.0,-157.0,-157.0,-157.0,-157.0,-153.0,-152.5,-153.0,-151.0,-151.5,-151.0,-149.5,-157.0,-150.0,-152.0,-152.5,-150.0,-149.5,-153.0,-156.0,-152.5,-154.5,-148.0,-150.0,-156.5,-157.0,-157.0,-154.0,-152.0,-155.0,-150.5,-154.0,-150.0,-157.0,-157.0,-147.5,-153.5,-152.5,-152.0,-155.5,-152.0,-152.0,-151.0,-153.0,-156.5,-153.5,-151.0,-150.0,-147.5,-149.5,-152.0,-151.5,-152.0,-153.0,-157.0,-157.0,-156.5,-153.0,-148.5,-150.0,-151.5,-151.5,-157.0,-157.0,-155.5,-153.5,-157.0,-155.5,-157.0,-157.0,-157.0,-155.5,-157.0,-157.0,-156.0,-157.0,-152.0,-151.0,-150.0,-152.0,-153.0,-148.5,-147.5,-151.5,-150.5,-157.0,-151.0,-150.5,-150.5,-152.0,-157.0,-151.0,-150.0,-150.0,-148.5,-154.0,-154.0,-151.5,-155.0,-151.0,-153.5,-154.5,-157.0,-157.0,-157.0,-157.0,-157.0,-153.0,-154.0,-149.0,-152.0,-157.0,-154.5,-155.0,-153.5,-153.0,-156.0,-157.0,-151.0,-152.5,-156.0,-154.5,-154.0
2026-01-16 16:42:32.984,143.050000,5,-77,-157.0,-157.0,-157.0,-152.5,-153.5,-157.0,-155.5,-148.0,-150.5,-156.0,-157.0,-154.0,-154.0,-151.5,-149.5,-157.0,-157.0,-150.5,-153.0,-155.0,-157.0,-157.0,-150.0,-149.5,-150.5,-153.5,-150.0,-148.0,-148.5,-154.5,-152.0,-157.0,-156.5,-156.5,-157.0,-153.0,-154.0,-149.5,-152.5,-152.5,-157.0,-156.0,-157.0,-157.0,-157.0,-157.0,-154.5,-153.0,-156.5,-157.0,-157.0,-157.0,-157.0,-150.0,-147.5,-156.0,-150.0,-149.5,-154.0,-157.0,-155.0,-153.5,-147.5,-147.0,-149.5,-152.0,-149.5,-153.0,-150.5,-151.5,-156.5,-153.0,-156.0,-154.5,-152.5,-152.0,-152.5,-154.0,-152.5,-152.5,-154.0,-156.5,-154.0,-157.0,-147.0,-148.5,-148.0,-151.0,-157.0,-155.0,-157.0,-151.5,-152.0,-152.0,-157.0,-153.5,-152.0,-153.0,-157.0,-151.0,-151.0,-154.0,-152.5,-153.0,-157.0,-157.0,-157.0,-153.5,-154.0,-150.5,-150.5,-157.0,-156.5,-155.5,-155.5,-155.5,-151.0,-157.0,-157.0,-156.5,-157.0,-157.0,-152.0,-153.0,-154.5,-150.5,-156.5,-153.5,-157.0,-152.0,-156.0,-153.5,-150.5,-153.5,-152.0,-152.5,-151.5,-152.0,-154.0,-153.0,-149.0,-155.0,-157.0,-151.0,-154.0,-154.0,-153.0,-154.5,-153.0,-155.5,-151.5,-156.0,-148.0,-148.5,-154.0,-151.5,-153.5,-154.0,-150.5,-152.0,-152.0,-154.0,-152.0,-152.5,-157.0,-152.0,-150.5,-155.0,-157.0,-154.5,-156.0,-153.5,-154.5,-153.5,-154.0,-153.5,-151.5,-153.5,-151.5,-145.5,-147.5,-153.5,-150.5,-151.5,-157.0,-150.5,-156.5,-155.5,-157.0,-154.0,-152.5,-157.0,-156.5,-154.5,-154.5,-157.0,-157.0,-152.0,-153.0,-155.5,-156.5,-153.0,-154.5,-153.0,-148.0,-147.5,-148.0,-151.0,-157.0,-157.0,-153.5,-151.0,-149.5,-151.0,-157.0,-157.0,-154.0,-152.5,-155.5,-155.5,-156.5,-157.0,-157.0,-157.0,-157.0,-152.5,-150.5,-148.5,-153.5,-157.0,-152.5,-150.5,-148.5,-157.0,-149.5,-150.0,-157.0,-157.0,-147.5,-150.0,-154.5,-151.0,-154.0,-148.0,-150.0,-155.0,-154.0,-153.0,-151.5,-148.0,-151.5,-151.0,-152.5,-157.0,-151.5,-153.5,-152.0,-148.0,-151.5,-151.5,-149.5,-157.0,-152.0,-155.0,-154.5,-149.0,-148.0,-147.5,-149.0,-153.0,-156.0,-149.0,-152.0,-154.5,-156.0,-149.5,-149.0,-150.5,-151.5,-157.0,-157.0,-156.5,-154.0,-151.0,-153.0,-155.0,-152.0,-154.0,-154.5,-155.5,-157.0,-157.0,-147.5,-149.5,-157.0,-157.0,-157.0,-153.5,-148.5,-151.0,-157.0,-157.0,-157.0,-151.5,-153.5,-152.5,-153.5,-152.0,-157.0,-157.0,-157.0,-157.0,-153.5,-152.5,-153.0,-155.0,-152.0,-150.5,-155.0,-157.0,-157.0,-153.5,-154.0,-152.5,-153.5,-152.5,-152.5,-152.5,-157.0,-157.0,-157.0,-157.0,-150.0,-153.0,-156.5,-152.0,-155.5,-152.0,-155.0,-157.0,-157.0,-157.0,-157.0,-157.0,-157.0,-154.5,-152.5,-151.5,-147.0,-152.5,-151.5,-148.5,-149.5,-157.0,-154.5,-157.0,-157.0,-149.5,-148.5,-153.0,-149.5,-150.5,-150.5,-157.0,-157.0,-152.5,-151.5,-150.5,-151.5,-153.0,-157.0,-154.5,-156.0,-155.0,-150.5,-153.0,-157.0,-154.0,-155.5,-156.5,-153.0,-155.5,-149.5,-148.5,-146.0,-157.0,-155.5,-151.0,-152.5,-154.0,-151.0,-152.0,-155.5,-154.5,-153.0,-155.0,-157.0,-153.0,-157.0,-149.5,-147.5,-156.5,-157.0,-151.5,-157.0,-149.5,-154.0,-157.0,-157.0,-156.5,-145.5,-149.5,-153.5,-153.5,-157.0,-156.5,-155.0,-156.5,-157.0,-157.0,-157.0,-157.0,-157.0,-157.0,-157.0,-157.0,-155.0,-157.0,-150.5,-146.0,-146.0,-150.5,-153.0,-146.5,-149.0,-150.5,-151.5,-157.0,-150.5,-150.0,-150.5,-153.5,-157.0,-150.0,-148.5,-154.5,-152.5,-157.0,-151.0,-153.0,-157.0,-152.0,-154.0,-157.0,-157.0,-157.0,-157.0,-157.0,-156.5,-149.5,-149.5,-149.5,-150.5,-157.0,-154.0,-155.5,-154.5,-153.5,-155.5,-157.0,-154.0,-149.5,-151.0,-150.0,-157.0
2026-01-16 16:42:33.018,143.050000,5,-77,-157.0,-157.0,-155.5,-150.5,-153.5,-153.0,-153.0,-150.0,-155.5,-150.5,-156.0,-151.5,-150.5,-153.0,-152.0,-157.0,-154.5,-153.0,-151.5,-152.0,-157.0,-157.0,-148.5,-147.5,-157.0,-157.0,-149.0,-148.0,-148.5,-157.0,-149.5,-154.0,-154.0,-155.5,-157.0,-157.0,-153.5,-153.0,-155.5,-154.5,-156.0,-154.5,-157.0,-155.0,-156.0,-155.0,-157.0,-154.0,-152.0,-153.5,-156.5,-157.0,-155.0,-150.5,-146.5,-157.0,-155.5,-151.5,-151.5,-153.5,-151.0,-155.0,-154.5,-151.0,-151.0,-154.5,-148.0,-150.5,-153.0,-153.5,-152.0,-150.5,-154.0,-157.0,-152.5,-155.5,-154.0,-155.0,-157.0,-150.0,-151.0,-156.5,-157.0,-157.0,-152.5,-151.0,-147.0,-150.0,-157.0,-156.0,-157.0,-151.0,-155.0,-154.0,-157.0,-154.0,-152.0,-150.5,-157.0,-149.5,-150.0,-150.5,-149.5,-151.0,-154.5,-156.0,-156.0,-153.0,-157.0,-155.5,-154.0,-152.5,-152.5,-155.5,-157.0,-157.0,-155.0,-154.5,-155.0,-156.0,-157.0,-157.0,-152.5,-151.5,-151.0,-150.0,-151.5,-150.5,-155.0,-148.5,-154.0,-152.5,-154.0,-152.0,-151.0,-153.5,-155.5,-157.0,-154.0,-153.5,-151.0,-154.0,-156.5,-151.5,-150.5,-152.5,-151.5,-154.5,-154.0,-151.0,-150.0,-151.5,-146.0,-148.0,-157.0,-152.0,-154.5,-152.0,-154.0,-157.0,-153.0,-156.0,-151.5,-153.0,-157.0,-157.0,-155.5,-157.0,-157.0,-157.0,-152.0,-149.0,-152.0,-152.5,-153.0,-155.0,-155.0,-151.0,-151.5,-151.5,-151.0,-156.5,-154.0,-152.5,-150.0,-147.5,-153.5,-153.0,-156.0,-157.0,-154.5,-157.0,-154.5,-156.5,-156.0,-157.0,-154.0,-154.0,-155.0,-156.0,-154.5,-157.0,-153.5,-151.0,-148.0,-148.0,-151.0,-151.5,-152.5,-157.0,-150.5,-151.0,-151.5,-154.0,-154.0,-157.0,-150.0,-151.5,-154.0,-153.0,-152.5,-157.0,-156.0,-157.0,-154.5,-152.5,-157.0,-147.5,-152.5,-151.0,-153.0,-157.0,-152.5,-157.0,-150.5,-149.5,-157.0,-154.5,-147.5,-151.0,-151.5,-151.0,-153.5,-148.5,-150.5,-154.5,-155.0,-155.5,-155.5,-148.5,-152.0,-150.5,-149.5,-155.0,-153.0,-156.0,-157.0,-155.5,-157.0,-157.0,-149.5,-152.0,-149.5,-150.5,-153.5,-157.0,-155.5,-150.5,-150.0,-155.5,-157.0,-151.0,-155.5,-156.0,-156.0,-148.5,-146.5,-155.5,-157.0,-157.0,-155.5,-150.0,-152.5,-150.5,-149.5,-151.5,-151.0,-154.0,-151.5,-156.0,-156.0,-151.0,-147.5,-149.0,-157.0,-154.0,-149.5,-148.5,-150.5,-152.5,-154.5,-152.0,-154.5,-151.0,-156.5,-153.5,-157.0,-154.0,-157.0,-155.5,-153.0,-154.0,-151.0,-152.5,-153.5,-156.0,-153.0,-151.0,-151.5,-150.5,-151.5,-154.5,-153.5,-149.5,-154.0,-151.0,-155.0,-148.5,-150.0,-153.5,-156.0,-156.0,-149.5,-150.0,-156.0,-156.5,-152.5,-154.0,-157.0,-157.0,-155.0,-154.0,-157.0,-157.0,-157.0,-156.5,-152.5,-152.0,-147.5,-147.5,-154.0,-152.0,-154.0,-157.0,-151.0,-155.0,-155.0,-150.0,-151.0,-153.0,-151.0,-154.5,-156.0,-154.5,-155.5,-155.0,-152.0,-149.5,-157.0,-157.0,-157.0,-152.5,-156.5,-155.0,-156.0,-153.5,-153.0,-150.0,-152.5,-157.0,-155.0,-155.5,-153.5,-147.0,-146.5,-152.0,-157.0,-157.0,-157.0,-157.0,-156.5,-152.5,-157.0,-157.0,-157.0,-157.0,-152.5,-149.5,-156.0,-155.5,-154.0,-154.0,-157.0,-154.5,-151.5,-148.5,-153.5,-157.0,-157.0,-151.0,-145.5,-150.0,-157.0,-157.0,-153.0,-153.5,-154.0,-157.0,-157.0,-157.0,-157.0,-157.0,-155.0,-154.5,-157.0,-157.0,-152.0,-155.5,-156.0,-148.0,-149.5,-157.0,-152.5,-148.5,-155.0,-154.0,-157.0,-157.0,-148.0,-148.5,-153.0,-155.0,-155.5,-151.0,-152.0,-152.0,-150.5,-151.0,-154.0,-153.0,-157.0,-149.5,-149.5,-154.5,-155.5,-157.0,-157.0,-157.0,-152.5,-148.0,-149.5,-152.0,-153.5,-150.5,-149.5,-152.0,-150.5,-155.5,-156.0,-157.0,-155.5,-149.5,-150.5,-152.0,-155.5
2026-01-16 16:42:33.055,143.050000,5,-77,-157.0,-157.0,-157.0,-150.5,-150.5,-153.0,-157.0,-153.0,-150.5,-149.0,-151.5,-148.5,-148.0,-157.0,-157.0,-154.0,-157.0,-157.0,-156.0,-151.0,-152.5,-154.5,-153.5,-151.0,-157.0,-156.0,-149.0,-153.0,-153.0,-153.5,-150.0,-154.5,-151.0,-149.0,-152.5,-157.0,-154.5,-157.0,-154.0,-155.0,-156.0,-151.5,-151.5,-157.0,-152.0,-154.5,-157.0,-149.0,-150.0,-151.5,-152.5,-153.5,-152.5,-149.0,-147.0,-153.0,-157.0,-153.5,-154.0,-153.0,-147.5,-152.0,-157.0,-156.5,-151.5,-152.0,-149.5,-153.5,-153.0,-157.0,-155.5,-154.0,-154.5,-157.0,-151.5,-151.5,-152.0,-153.0,-154.5,-152.5,-152.5,-155.5,-157.0,-153.5,-152.0,-154.0,-147.5,-148.0,-157.0,-157.0,-157.0,-155.5,-155.5,-155.0,-154.0,-153.0,-152.0,-151.5,-155.5,-152.0,-151.5,-152.0,-151.5,-153.5,-157.0,-157.0,-155.0,-152.5,-155.0,-157.0,-157.0,-154.5,-156.0,-156.5,-156.5,-157.0,-157.0,-155.5,-149.0,-150.5,-157.0,-157.0,-150.5,-149.0,-150.5,-149.5,-147.0,-149.0,-153.0,-150.5,-154.0,-150.0,-151.0,-157.0,-150.0,-154.5,-153.0,-157.0,-154.0,-157.0,-157.0,-157.0,-156.0,-154.0,-150.0,-150.0,-155.5,-154.0,-153.0,-148.0,-154.0,-154.0,-147.5,-156.0,-157.0,-155.0,-154.0,-150.5,-157.0,-156.0,-154.0,-154.5,-153.5,-157.0,-153.0,-152.0,-154.5,-157.0,-157.0,-154.5,-154.5,-149.0,-150.0,-148.5,-150.0,-156.5,-157.0,-151.0,-157.0,-157.0,-156.0,-156.0,-157.0,-157.0,-148.5,-146.5,-153.0,-154.5,-157.0,-152.0,-155.0,-157.0,-151.5,-149.0,-152.0,-156.0,-151.5,-154.0,-157.0,-157.0,-157.0,-157.0,-157.0,-156.0,-152.5,-156.0,-154.0,-154.0,-152.0,-157.0,-150.5,-155.0,-152.0,-155.5,-154.0,-153.0,-152.0,-156.5,-152.0,-152.5,-153.5,-157.0,-154.5,-157.0,-155.5,-154.5,-157.0,-152.5,-147.5,-149.0,-156.0,-157.0,-154.5,-156.0,-157.0,-151.5,-157.0,-150.0,-147.5,-148.5,-148.5,-157.0,-155.0,-152.5,-151.5,-156.5,-157.0,-155.5,-155.0,-150.0,-148.5,-152.0,-150.0,-157.0,-155.5,-157.0,-153.0,-157.0,-157.0,-153.0,-153.5,-155.0,-150.5,-149.0,-152.5,-157.0,-157.0,-157.0,-152.0,-153.5,-157.0,-152.0,-156.0,-155.0,-157.0,-152.5,-146.5,-157.0,-157.0,-157.0,-151.0,-149.0,-150.0,-153.0,-152.0,-154.0,-152.5,-150.5,-150.0,-157.0,-150.5,-148.0,-151.0,-153.5,-152.0,-151.5,-150.5,-148.0,-152.0,-155.5,-153.0,-153.5,-154.5,-152.0,-156.0,-150.0,-155.5,-153.5,-151.0,-152.5,-153.0,-153.0,-151.5,-152.0,-149.5,-153.0,-156.5,-151.5,-148.5,-146.0,-149.5,-152.0,-149.5,-147.5,-150.0,-152.5,-157.0,-146.5,-144.5,-149.0,-152.0,-157.0,-153.5,-152.0,-157.0,-157.0,-150.5,-157.0,-154.0,-157.0,-154.5,-154.0,-157.0,-157.0,-157.0,-157.0,-151.0,-151.5,-153.0,-148.5,-151.5,-151.0,-157.0,-157.0,-151.5,-156.0,-156.0,-155.0,-156.0,-157.0,-154.0,-153.5,-154.5,-152.5,-153.0,-150.5,-153.5,-151.0,-157.0,-157.0,-157.0,-150.5,-154.5,-157.0,-154.0,-154.5,-155.0,-151.5,-157.0,-157.0,-153.5,-157.0,-157.0,-153.0,-150.5,-150.5,-157.0,-157.0,-157.0,-156.5,-157.0,-153.5,-154.0,-155.5,-153.0,-152.5,-151.0,-150.5,-155.0,-157.0,-157.0,-154.0,-157.0,-157.0,-151.0,-151.0,-150.5,-155.0,-154.0,-152.0,-148.0,-153.0,-157.0,-157.0,-153.5,-156.0,-155.5,-156.5,-154.0,-157.0,-156.5,-155.5,-150.5,-148.5,-149.5,-155.5,-151.5,-153.5,-154.5,-153.0,-157.0,-157.0,-152.0,-152.5,-155.5,-156.0,-157.0,-152.5,-150.0,-151.0,-157.0,-157.0,-152.5,-150.5,-152.0,-148.5,-148.5,-153.0,-157.0,-151.5,-154.0,-151.0,-148.0,-152.0,-155.0,-153.0,-154.0,-157.0,-149.0,-148.5,-154.0,-155.5,-157.0,-147.5,-146.0,-153.0,-150.5,-153.5,-153.5,-156.0,-152.5,-152.5,-151.5,-157.0,-152.0
2026-01-16 16:42:33.083,143.050000,5,-77,-157.0,-157.0,-153.0,-150.5,-156.5,-153.0,-156.5,-155.5,-153.5,-155.0,-152.5,-148.0,-147.0,-157.0,-157.0,-154.5,-157.0,-154.0,-155.0,-155.5,-152.5,-155.5,-157.0,-157.0,-157.0,-154.5,-150.0,-155.0,-154.5,-154.0,-154.5,-155.5,-152.5,-147.0,-152.5,-154.0,-157.0,-157.0,-156.5,-154.0,-153.5,-155.0,-150.0,-153.0,-154.0,-153.5,-153.0,-149.5,-153.5,-150.5,-152.0,-151.5,-151.0,-150.5,-152.5,-155.5,-157.0,-157.0,-157.0,-153.5,-148.5,-150.5,-152.5,-151.0,-153.0,-153.5,-154.5,-157.0,-150.5,-153.0,-157.0,-157.0,-155.0,-157.0,-154.0,-153.0,-154.0,-154.0,-155.5,-155.5,-154.0,-154.0,-157.0,-153.5,-153.5,-155.0,-150.5,-151.5,-153.5,-157.0,-157.0,-157.0,-154.0,-157.0,-151.5,-150.5,-154.0,-153.5,-155.0,-157.0,-154.5,-156.5,-156.0,-154.0,-157.0,-154.5,-154.5,-154.5,-154.0,-152.5,-157.0,-157.0,-157.0,-157.0,-156.5,-157.0,-153.5,-152.5,-146.0,-147.0,-157.0,-157.0,-151.0,-148.5,-151.5,-153.0,-151.5,-152.5,-152.5,-156.5,-154.0,-153.0,-151.5,-153.0,-149.5,-154.0,-150.5,-156.5,-154.0,-156.5,-157.0,-156.5,-152.5,-157.0,-156.0,-152.0,-153.0,-150.5,-148.0,-146.0,-152.5,-151.5,-148.5,-151.0,-153.5,-153.5,-150.0,-147.0,-152.0,-155.0,-155.0,-153.0,-150.5,-157.0,-153.5,-150.5,-154.0,-157.0,-157.0,-157.0,-157.0,-153.5,-151.0,-149.5,-157.0,-152.5,-155.5,-150.5,-153.5,-152.0,-155.5,-154.0,-157.0,-156.5,-147.0,-144.5,-154.5,-157.0,-152.0,-149.5,-157.0,-157.0,-157.0,-146.5,-147.0,-154.5,-152.5,-151.5,-156.0,-154.0,-152.5,-153.0,-156.0,-153.5,-152.0,-153.5,-153.5,-151.5,-155.0,-155.0,-152.5,-156.5,-154.5,-155.5,-154.0,-154.0,-157.0,-155.0,-152.0,-156.5,-156.5,-155.0,-154.0,-157.0,-153.0,-153.0,-157.0,-157.0,-147.0,-151.0,-153.0,-153.5,-157.0,-153.5,-155.0,-150.5,-153.0,-151.5,-151.5,-149.5,-151.5,-157.0,-155.0,-156.5,-150.0,-151.0,-151.5,-157.0,-157.0,-151.5,-151.0,-150.0,-150.0,-155.5,-156.5,-157.0,-150.5,-152.5,-155.5,-153.0,-157.0,-157.0,-152.0,-153.0,-157.0,-157.0,-157.0,-157.0,-155.0,-156.0,-154.0,-149.5,-153.5,-154.5,-157.0,-157.0,-148.5,-155.5,-157.0,-157.0,-152.5,-157.0,-151.0,-155.0,-157.0,-153.5,-157.0,-147.0,-149.0,-155.0,-148.5,-148.5,-157.0,-152.0,-151.0,-152.5,-155.5,-150.5,-151.5,-155.5,-153.5,-157.0,-153.0,-157.0,-149.0,-148.5,-153.0,-157.0,-149.0,-149.5,-157.0,-157.0,-155.5,-151.5,-151.5,-155.5,-149.5,-148.0,-151.5,-147.5,-157.0,-151.0,-148.0,-150.5,-153.5,-157.0,-157.0,-149.0,-147.0,-153.0,-157.0,-157.0,-155.0,-156.0,-157.0,-157.0,-149.0,-151.0,-152.5,-157.0,-155.0,-156.0,-153.0,-157.0,-157.0,-157.0,-152.0,-152.5,-153.5,-150.0,-151.0,-152.5,-156.5,-156.5,-154.0,-153.5,-153.5,-157.0,-155.5,-157.0,-157.0,-154.5,-155.5,-156.0,-151.5,-148.0,-148.0,-153.5,-156.0,-154.0,-149.0,-148.0,-157.0,-157.0,-156.5,-157.0,-157.0,-157.0,-157.0,-157.0,-152.5,-157.0,-153.0,-155.0,-155.5,-155.0,-157.0,-157.0,-154.0,-157.0,-154.5,-157.0,-153.5,-152.5,-148.5,-153.0,-154.0,-156.5,-157.0,-154.0,-156.0,-155.0,-157.0,-152.0,-149.5,-151.0,-149.5,-156.5,-153.0,-155.5,-153.5,-157.0,-155.0,-157.0,-157.0,-157.0,-157.0,-157.0,-148.0,-149.0,-157.0,-152.5,-153.0,-150.0,-149.0,-152.0,-153.5,-149.5,-153.5,-154.0,-157.0,-157.0,-154.5,-156.5,-156.5,-157.0,-156.5,-154.0,-157.0,-157.0,-157.0,-157.0,-155.0,-151.5,-147.0,-147.0,-153.5,-157.0,-155.5,-150.0,-155.5,-153.0,-151.0,-156.0,-156.5,-153.5,-152.0,-157.0,-153.0,-150.5,-154.5,-157.0,-157.0,-150.0,-147.5,-157.0,-152.0,-151.0,-154.0,-157.0,-157.0,-153.5,-149.0,-156.0,-153.0
2026-01-16 16:42:33.116,143.050000,5,-77,-157.0,-157.0,-151.0,-148.5,-157.0,-149.0,-149.5,-154.5,-157.0,-157.0,-155.0,-149.5,-148.5,-157.0,-154.5,-153.5,-157.0,-151.5,-151.0,-157.0,-157.0,-157.0,-152.5,-154.0,-152.5,-152.5,-153.0,-152.0,-155.5,-157.0,-157.0,-152.0,-151.5,-148.0,-154.5,-151.0,-157.0,-157.0,-157.0,-155.0,-156.5,-156.0,-152.5,-150.5,-157.0,-152.0,-151.5,-151.0,-157.0,-151.0,-154.5,-152.5,-149.5,-149.0,-157.0,-157.0,-157.0,-157.0,-157.0,-153.0,-152.0,-152.5,-151.0,-150.5,-157.0,-153.0,-155.0,-150.5,-149.0,-155.0,-157.0,-155.0,-154.0,-157.0,-157.0,-154.5,-156.0,-155.5,-154.0,-152.5,-151.5,-155.0,-157.0,-153.0,-156.5,-155.0,-153.5,-153.5,-152.5,-157.0,-157.0,-157.0,-152.0,-157.0,-154.0,-154.0,-154.0,-152.0,-157.0,-155.5,-153.0,-156.5,-157.0,-153.5,-157.0,-156.5,-150.0,-151.0,-157.0,-153.5,-157.0,-157.0,-157.0,-154.0,-155.5,-157.0,-148.5,-148.0,-146.5,-147.5,-157.0,-155.5,-154.0,-150.5,-156.5,-155.0,-155.0,-157.0,-152.0,-153.5,-154.0,-157.0,-156.5,-149.5,-149.0,-153.5,-151.0,-155.5,-154.0,-157.0,-157.0,-152.0,-150.5,-153.5,-157.0,-154.5,-150.0,-156.5,-150.5,-146.0,-150.0,-154.0,-150.5,-153.5,-149.0,-150.0,-153.0,-147.5,-151.0,-148.0,-152.0,-153.0,-151.0,-157.0,-157.0,-154.0,-157.0,-157.0,-157.0,-157.0,-157.0,-156.5,-157.0,-154.5,-157.0,-152.0,-151.0,-149.5,-153.0,-151.5,-154.5,-152.0,-157.0,-152.0,-143.5,-144.5,-157.0,-157.0,-151.0,-152.0,-156.0,-157.0,-157.0,-147.5,-148.0,-156.5,-157.0,-150.0,-153.0,-149.5,-147.5,-148.5,-157.0,-155.5,-155.5,-153.5,-152.5,-151.5,-157.0,-153.5,-155.0,-155.5,-157.0,-150.5,-151.0,-153.0,-157.0,-153.5,-151.0,-152.5,-157.0,-149.5,-150.5,-150.5,-150.5,-151.5,-155.5,-147.5,-145.5,-156.5,-154.5,-154.5,-155.5,-152.5,-157.0,-153.0,-152.0,-157.0,-157.0,-152.5,-157.0,-157.0,-152.5,-150.5,-149.5,-150.0,-149.0,-157.0,-157.0,-155.5,-151.0,-148.0,-148.5,-155.5,-155.5,-153.5,-153.0,-156.0,-154.5,-150.0,-150.5,-156.0,-149.5,-150.0,-157.0,-157.0,-157.0,-157.0,-155.0,-157.0,-150.0,-147.5,-150.0,-155.0,-157.0,-155.0,-147.5,-151.0,-157.0,-157.0,-152.5,-156.0,-153.0,-153.5,-157.0,-155.5,-151.5,-149.0,-152.0,-155.0,-152.0,-156.0,-152.5,-149.0,-157.0,-156.5,-157.0,-151.5,-152.5,-152.5,-152.5,-153.5,-152.5,-151.0,-149.5,-154.0,-155.5,-157.0,-154.5,-151.0,-157.0,-157.0,-157.0,-154.5,-154.0,-157.0,-149.5,-149.5,-156.0,-151.0,-157.0,-153.0,-150.5,-151.0,-154.5,-157.0,-157.0,-157.0,-151.0,-157.0,-157.0,-156.5,-151.5,-152.0,-155.0,-157.0,-150.0,-152.0,-153.5,-152.0,-149.0,-148.0,-148.0,-157.0,-157.0,-157.0,-155.0,-153.5,-152.5,-155.0,-156.5,-157.0,-153.5,-156.0,-155.5,-154.0,-152.0,-156.0,-154.0,-157.0,-154.5,-155.5,-157.0,-157.0,-154.5,-154.0,-149.0,-152.5,-157.0,-152.0,-148.0,-151.0,-155.0,-157.0,-157.0,-157.0,-157.0,-157.0,-157.0,-152.5,-150.5,-157.0,-153.5,-157.0,-157.0,-157.0,-157.0,-157.0,-156.5,-157.0,-151.0,-151.5,-157.0,-150.0,-149.0,-157.0,-156.0,-157.0,-157.0,-154.0,-153.5,-150.5,-154.5,-151.0,-151.0,-151.5,-152.0,-157.0,-154.0,-153.0,-157.0,-153.0,-155.0,-157.0,-157.0,-157.0,-155.0,-152.0,-150.0,-147.5,-157.0,-151.5,-157.0,-156.5,-153.0,-152.0,-153.0,-149.0,-157.0,-153.5,-157.0,-157.0,-156.0,-154.0,-155.5,-157.0,-157.0,-157.0,-157.0,-157.0,-157.0,-157.0,-155.0,-154.0,-148.5,-151.5,-156.5,-157.0,-152.5,-150.5,-152.5,-152.5,-156.5,-157.0,-157.0,-156.0,-152.5,-157.0,-157.0,-150.5,-151.0,-154.5,-156.0,-157.0,-152.0,-157.0,-156.5,-154.5,-153.5,-157.0,-157.0,-155.0,-150.0,-152.0,-153.0
2026-01-16 16:42:33.150,143.050000,5,-77,-157.0,-157.0,-149.0,-148.0,-155.0,-149.5,-148.5,-150.0,-157.0,-157.0,-154.0,-152.5,-150.0,-151.0,-152.0,-154.0,-157.0,-153.0,-150.5,-156.0,-157.0,-157.0,-149.0,-147.5,-148.5,-148.5,-150.5,-151.0,-154.0,-155.0,-155.5,-153.0,-154.0,-153.5,-152.5,-149.5,-154.5,-157.0,-157.0,-153.0,-157.0,-151.0,-155.0,-153.0,-156.5,-154.5,-157.0,-157.0,-157.0,-152.0,-155.0,-152.5,-148.5,-149.0,-157.0,-157.0,-157.0,-157.0,-155.0,-157.0,-152.5,-155.0,-157.0,-155.0,-154.5,-153.0,-156.0,-152.0,-154.5,-157.0,-153.5,-153.5,-157.0,-157.0,-153.5,-151.0,-156.0,-157.0,-156.5,-157.0,-150.5,-155.5,-157.0,-151.5,-151.5,-153.5,-157.0,-149.0,-150.0,-157.0,-155.0,-151.5,-150.0,-155.0,-154.0,-157.0,-155.5,-151.0,-157.0,-155.0,-152.5,-157.0,-157.0,-152.5,-154.0,-157.0,-149.0,-151.5,-157.0,-157.0,-157.0,-157.0,-157.0,-154.5,-157.0,-152.5,-147.0,-145.5,-149.0,-149.5,-154.5,-154.0,-151.0,-150.0,-157.0,-153.0,-152.0,-148.5,-149.0,-148.5,-151.5,-151.5,-153.0,-154.0,-151.5,-151.5,-151.5,-152.0,-151.0,-153.0,-155.0,-153.0,-151.5,-153.0,-157.0,-157.0,-149.0,-151.5,-157.0,-148.5,-147.0,-148.5,-151.5,-157.0,-149.5,-149.0,-156.0,-147.0,-149.5,-147.0,-151.5,-151.0,-151.5,-157.0,-157.0,-157.0,-157.0,-157.0,-155.0,-153.5,-157.0,-149.5,-149.0,-155.0,-157.0,-153.5,-153.5,-153.0,-157.0,-155.0,-150.0,-150.0,-157.0,-157.0,-144.0,-144.0,-156.5,-155.0,-155.0,-157.0,-157.0,-157.0,-157.0,-149.0,-151.0,-155.5,-151.5,-147.5,-152.0,-151.0,-149.0,-150.0,-157.0,-157.0,-156.5,-157.0,-155.5,-156.5,-155.0,-157.0,-153.5,-157.0,-154.0,-149.5,-153.0,-151.0,-155.5,-154.5,-155.5,-153.0,-152.5,-150.5,-152.5,-151.0,-156.5,-156.0,-157.0,-146.5,-145.5,-153.0,-157.0,-157.0,-154.0,-152.5,-157.0,-157.0,-154.5,-154.0,-150.0,-149.0,-157.0,-153.5,-154.5,-151.0,-155.5,-155.0,-151.5,-157.0,-154.5,-156.5,-151.0,-151.0,-153.5,-151.5,-156.5,-155.0,-157.0,-157.0,-155.5,-148.5,-150.0,-155.5,-148.5,-150.5,-155.0,-156.5,-157.0,-157.0,-157.0,-155.0,-151.5,-150.0,-151.5,-153.5,-151.0,-153.0,-149.0,-157.0,-157.0,-157.0,-152.5,-157.0,-156.0,-153.5,-153.0,-157.0,-155.0,-153.0,-157.0,-154.5,-155.5,-152.5,-149.5,-148.5,-154.5,-157.0,-156.5,-154.0,-150.5,-152.5,-156.5,-157.0,-154.0,-154.5,-154.5,-157.0,-155.0,-154.5,-154.0,-152.5,-157.0,-155.0,-156.5,-152.0,-149.5,-151.5,-151.5,-157.0,-153.5,-151.0,-151.5,-157.0,-152.0,-150.0,-157.0,-157.0,-157.0,-155.0,-152.5,-156.0,-154.0,-154.5,-153.0,-154.5,-153.5,-156.5,-150.0,-152.0,-151.5,-152.5,-147.0,-146.5,-149.0,-157.0,-157.0,-157.0,-157.0,-155.0,-154.0,-157.0,-155.0,-157.0,-155.5,-157.0,-152.5,-152.0,-157.0,-156.0,-157.0,-157.0,-152.5,-151.5,-154.0,-157.0,-157.0,-157.0,-151.0,-155.5,-157.0,-157.0,-151.5,-157.0,-157.0,-157.0,-154.5,-157.0,-157.0,-157.0,-157.0,-155.0,-152.0,-155.5,-155.5,-157.0,-157.0,-157.0,-155.5,-154.0,-153.5,-152.5,-151.5,-151.0,-155.0,-155.5,-154.0,-155.0,-153.0,-157.0,-157.0,-157.0,-155.0,-150.0,-147.0,-147.0,-154.5,-152.0,-149.5,-157.0,-157.0,-156.0,-157.0,-151.0,-157.0,-154.5,-154.0,-152.5,-148.5,-150.0,-154.0,-148.5,-153.0,-150.5,-156.0,-157.0,-157.0,-151.0,-154.0,-150.5,-157.0,-152.0,-155.0,-153.5,-154.0,-152.5,-154.5,-157.0,-157.0,-155.0,-157.0,-155.0,-157.0,-153.5,-151.0,-152.5,-150.5,-155.0,-153.5,-157.0,-154.0,-156.5,-157.0,-155.0,-157.0,-157.0,-155.5,-157.0,-150.5,-151.0,-155.0,-150.0,-150.5,-151.5,-156.5,-154.5,-155.5,-157.0,-156.5,-157.0,-150.5,-154.0,-157.0,-157.0,-153.0,-156.0,-152.5
2026-01-16 16:42:33.182,143.050000,5,-77,-157.0,-157.0,-151.0,-149.5,-151.5,-149.5,-147.0,-150.5,-157.0,-155.5,-151.0,-152.5,-152.5,-149.0,-149.0,-148.0,-152.5,-156.0,-153.5,-153.5,-154.5,-151.0,-150.0,-149.5,-154.5,-148.5,-152.5,-157.0,-152.0,-154.5,-153.0,-154.5,-151.0,-157.0,-155.0,-151.0,-157.0,-154.0,-152.5,-150.0,-149.5,-148.0,-150.5,-153.0,-152.5,-157.0,-157.0,-157.0,-157.0,-156.0,-154.5,-155.0,-152.0,-152.0,-157.0,-157.0,-154.0,-152.0,-152.5,-157.0,-150.0,-151.5,-157.0,-157.0,-157.0,-150.5,-155.0,-156.0,-157.0,-157.0,-153.0,-150.5,-155.5,-151.5,-147.5,-147.0,-154.0,-157.0,-157.0,-157.0,-152.5,-157.0,-157.0,-153.5,-152.5,-152.5,-152.0,-150.5,-150.5,-155.0,-153.0,-152.0,-151.5,-155.0,-153.0,-154.5,-154.0,-155.5,-154.5,-157.0,-154.0,-151.5,-151.5,-156.5,-157.0,-156.0,-148.5,-153.0,-154.0,-157.0,-157.0,-157.0,-157.0,-157.0,-154.5,-149.5,-150.0,-146.5,-150.5,-149.0,-148.5,-156.5,-149.5,-148.5,-157.0,-155.0,-155.5,-150.0,-149.0,-148.5,-149.0,-150.0,-150.0,-157.0,-156.5,-152.0,-153.5,-149.5,-153.0,-152.0,-150.0,-152.5,-155.5,-154.5,-157.0,-156.0,-150.5,-150.5,-154.5,-155.0,-150.5,-149.5,-152.5,-153.5,-157.0,-151.0,-153.5,-149.5,-153.0,-149.0,-152.0,-151.0,-151.5,-157.0,-157.0,-157.0,-157.0,-157.0,-154.0,-151.0,-154.0,-147.5,-147.0,-157.0,-157.0,-155.5,-157.0,-153.0,-151.0,-154.0,-149.5,-152.0,-157.0,-157.0,-144.0,-142.5,-152.5,-154.5,-154.0,-157.0,-157.0,-157.0,-157.0,-151.0,-150.5,-157.0,-151.0,-147.0,-152.5,-148.0,-149.5,-155.0,-155.0,-152.0,-150.5,-157.0,-156.0,-157.0,-154.0,-153.5,-152.0,-155.0,-154.5,-151.0,-152.0,-149.5,-150.0,-153.5,-157.0,-156.5,-148.5,-151.5,-157.0,-154.5,-157.0,-157.0,-157.0,-151.0,-151.5,-157.0,-155.0,-156.0,-151.5,-152.5,-154.0,-152.5,-148.5,-148.5,-151.0,-152.0,-157.0,-157.0,-154.0,-152.0,-157.0,-157.0,-157.0,-157.0,-156.0,-157.0,-150.5,-152.5,-155.0,-151.0,-155.0,-157.0,-154.0,-155.0,-157.0,-151.0,-154.5,-152.5,-148.0,-157.0,-157.0,-157.0,-157.0,-157.0,-157.0,-149.5,-149.5,-152.0,-152.5,-154.5,-151.0,-153.0,-152.0,-157.0,-157.0,-154.0,-153.0,-157.0,-157.0,-150.0,-150.0,-157.0,-157.0,-157.0,-157.0,-156.0,-157.0,-148.5,-147.5,-150.5,-149.5,-153.0,-152.0,-152.5,-151.5,-155.0,-157.0,-157.0,-157.0,-157.0,-154.0,-152.0,-151.5,-152.0,-150.5,-152.0,-152.5,-152.5,-153.0,-150.0,-149.5,-151.0,-151.0,-155.0,-152.5,-152.5,-153.5,-157.0,-149.0,-154.5,-156.5,-157.0,-156.5,-156.0,-153.5,-154.0,-154.5,-152.0,-155.0,-157.0,-155.5,-153.5,-153.5,-154.0,-151.5,-157.0,-153.0,-152.5,-155.5,-157.0,-157.0,-157.0,-156.0,-154.5,-155.0,-155.0,-152.0,-153.0,-157.0,-157.0,-151.0,-149.5,-157.0,-157.0,-157.0,-155.5,-155.0,-150.5,-152.0,-154.5,-155.5,-157.0,-151.5,-157.0,-157.0,-157.0,-156.0,-157.0,-157.0,-156.5,-153.5,-157.0,-157.0,-156.5,-157.0,-157.0,-157.0,-155.0,-157.0,-156.0,-154.5,-157.0,-152.5,-150.0,-148.0,-148.0,-154.5,-150.5,-153.0,-156.5,-153.0,-151.0,-153.0,-156.0,-157.0,-157.0,-157.0,-150.0,-145.5,-146.5,-152.5,-148.5,-147.5,-155.0,-157.0,-157.0,-156.5,-152.0,-151.5,-152.5,-155.5,-155.5,-147.5,-154.0,-149.0,-150.0,-156.0,-153.0,-157.0,-153.0,-152.5,-149.5,-154.0,-151.5,-157.0,-154.5,-155.0,-152.5,-154.0,-157.0,-156.0,-157.0,-157.0,-152.0,-153.5,-153.5,-157.0,-152.5,-149.5,-150.5,-152.5,-153.0,-151.0,-157.0,-157.0,-157.0,-157.0,-155.0,-157.0,-154.5,-152.5,-157.0,-150.0,-150.0,-155.0,-149.5,-147.0,-150.5,-154.5,-154.0,-155.5,-157.0,-154.5,-152.0,-150.0,-155.5,-157.0,-153.0,-152.0,-157.0,-155.5
2026-01-16 16:42:33.220,143.050000,5,-77,-157.0,-157.0,-155.5,-154.5,-149.0,-146.0,-146.0,-155.0,-157.0,-156.5,-150.5,-157.0,-154.5,-151.5,-150.5,-147.0,-150.0,-155.0,-157.0,-153.5,-151.5,-152.5,-150.5,-155.0,-152.5,-149.5,-154.0,-155.5,-153.5,-157.0,-153.5,-151.5,-149.5,-154.5,-157.0,-155.5,-155.5,-150.0,-150.0,-148.5,-148.0,-150.5,-151.5,-154.5,-154.0,-156.0,-156.5,-155.5,-154.0,-157.0,-156.0,-156.0,-157.0,-157.0,-154.0,-157.0,-153.5,-149.5,-150.0,-157.0,-150.0,-149.5,-157.0,-157.0,-157.0,-149.0,-151.0,-155.0,-157.0,-155.5,-154.5,-149.0,-154.0,-152.5,-150.5,-147.0,-148.5,-153.0,-156.5,-157.0,-156.0,-157.0,-157.0,-154.5,-155.0,-149.5,-150.0,-157.0,-153.5,-157.0,-154.5,-155.5,-153.5,-157.0,-153.5,-151.5,-152.5,-157.0,-156.5,-155.5,-153.0,-148.5,-147.0,-155.0,-157.0,-152.0,-148.5,-151.5,-153.0,-153.0,-157.0,-157.0,-157.0,-157.0,-154.5,-154.0,-150.0,-150.5,-151.5,-152.5,-150.0,-154.5,-156.5,-152.5,-157.0,-155.5,-155.0,-152.5,-150.0,-154.0,-149.5,-152.0,-150.0,-155.0,-150.5,-150.0,-156.0,-152.5,-156.0,-157.0,-149.5,-152.5,-157.0,-157.0,-157.0,-157.0,-156.0,-151.5,-156.0,-157.0,-155.5,-151.5,-154.0,-153.5,-156.0,-151.5,-156.0,-155.0,-154.0,-154.0,-155.5,-156.5,-153.0,-157.0,-157.0,-157.0,-157.0,-157.0,-153.5,-153.5,-152.5,-154.5,-149.5,-157.0,-157.0,-153.0,-152.5,-153.0,-151.0,-152.5,-156.0,-156.0,-157.0,-155.5,-144.5,-142.5,-157.0,-157.0,-151.0,-154.5,-153.0,-150.5,-149.5,-156.5,-150.0,-157.0,-157.0,-148.0,-150.0,-149.0,-148.5,-156.5,-155.0,-149.5,-149.0,-156.0,-153.5,-156.0,-154.0,-152.0,-149.0,-147.5,-148.5,-150.0,-154.0,-151.0,-154.0,-152.5,-157.0,-157.0,-148.5,-153.0,-157.0,-153.5,-157.0,-157.0,-157.0,-155.5,-157.0,-155.0,-155.5,-157.0,-149.0,-147.0,-157.0,-147.5,-147.5,-149.5,-149.0,-155.5,-154.5,-157.0,-155.5,-154.0,-157.0,-157.0,-155.0,-156.5,-157.0,-156.0,-153.5,-156.0,-154.0,-149.5,-150.5,-156.5,-151.0,-151.5,-157.0,-154.5,-156.0,-153.0,-148.0,-151.5,-157.0,-157.0,-157.0,-157.0,-156.0,-149.0,-153.0,-155.5,-156.5,-153.0,-153.0,-153.5,-154.0,-157.0,-157.0,-154.0,-157.0,-157.0,-156.5,-150.5,-153.0,-157.0,-157.0,-157.0,-157.0,-155.0,-157.0,-150.0,-147.5,-155.5,-151.5,-152.0,-150.0,-156.5,-151.0,-151.0,-157.0,-157.0,-157.0,-153.0,-151.5,-153.5,-151.0,-150.0,-151.0,-150.0,-154.0,-154.0,-154.5,-155.5,-153.5,-155.5,-155.5,-154.0,-151.5,-155.5,-156.5,-153.0,-147.5,-152.5,-153.5,-156.5,-150.5,-151.5,-151.0,-152.0,-157.0,-150.0,-151.5,-157.0,-157.0,-154.0,-157.0,-155.5,-154.5,-157.0,-153.5,-155.5,-157.0,-157.0,-155.5,-155.5,-154.0,-154.0,-156.5,-157.0,-155.0,-155.5,-155.0,-155.0,-149.0,-150.5,-157.0,-156.5,-154.0,-154.0,-152.0,-149.5,-154.5,-150.5,-151.5,-154.0,-150.0,-154.0,-155.0,-154.5,-156.0,-157.0,-157.0,-155.0,-155.5,-156.5,-152.5,-153.0,-157.0,-157.0,-157.0,-155.0,-155.0,-151.0,-151.0,-157.0,-155.0,-155.5,-151.5,-150.0,-157.0,-151.5,-153.5,-152.0,-152.5,-149.5,-150.5,-153.0,-157.0,-153.0,-151.5,-148.0,-147.5,-150.0,-152.0,-152.5,-150.0,-154.0,-157.0,-157.0,-153.5,-155.5,-149.0,-151.5,-156.0,-152.5,-147.5,-151.0,-151.0,-156.5,-157.0,-150.0,-150.0,-150.5,-149.0,-146.5,-155.0,-153.0,-154.5,-157.0,-154.0,-153.5,-156.0,-154.0,-153.5,-157.0,-157.0,-152.0,-150.0,-150.0,-157.0,-157.0,-151.0,-153.0,-157.0,-154.5,-151.5,-157.0,-157.0,-156.0,-154.5,-154.0,-157.0,-157.0,-153.5,-153.0,-153.5,-153.0,-152.0,-147.5,-147.0,-156.5,-153.5,-157.0,-154.5,-155.5,-157.0,-153.0,-154.0,-157.0,-157.0,-156.5,-154.5,-155.5,-157.0
2026-01-16 16:42:33.248,143.050000,5,-77,-157.0,-157.0,-157.0,-153.0,-148.0,-150.0,-148.5,-153.0,-153.5,-155.5,-152.5,-153.0,-155.5,-153.0,-154.5,-148.0,-151.5,-157.0,-154.5,-153.0,-151.5,-155.5,-152.0,-156.0,-151.5,-152.5,-152.5,-157.0,-157.0,-157.0,-157.0,-155.0,-153.5,-157.0,-157.0,-157.0,-153.5,-152.5,-152.5,-150.5,-155.0,-152.5,-152.5,-157.0,-157.0,-153.0,-157.0,-151.0,-154.0,-156.0,-157.0,-157.0,-156.5,-154.5,-152.5,-155.0,-156.5,-154.0,-149.5,-157.0,-151.5,-154.5,-157.0,-154.5,-156.5,-151.0,-153.5,-152.0,-157.0,-157.0,-157.0,-149.5,-156.5,-157.0,-154.5,-150.5,-148.5,-152.0,-153.0,-152.0,-157.0,-153.5,-154.5,-154.5,-155.0,-148.5,-153.5,-155.0,-153.5,-153.5,-156.0,-152.5,-156.0,-157.0,-151.5,-148.5,-151.5,-157.0,-157.0,-157.0,-149.5,-148.0,-149.5,-156.0,-154.0,-153.5,-153.5,-155.0,-154.5,-150.5,-157.0,-152.5,-154.5,-157.0,-154.5,-150.5,-149.0,-150.0,-150.5,-157.0,-155.5,-157.0,-157.0,-157.0,-157.0,-157.0,-152.5,-151.5,-151.0,-156.0,-150.5,-149.0,-148.0,-150.0,-154.0,-149.0,-152.5,-157.0,-157.0,-157.0,-152.5,-154.0,-154.0,-157.0,-157.0,-157.0,-157.0,-151.5,-154.0,-157.0,-153.0,-151.5,-153.5,-156.5,-157.0,-151.0,-157.0,-157.0,-153.5,-154.0,-157.0,-156.0,-152.0,-157.0,-157.0,-157.0,-157.0,-157.0,-154.0,-154.5,-154.5,-157.0,-149.5,-154.5,-157.0,-157.0,-154.5,-157.0,-156.5,-157.0,-157.0,-157.0,-157.0,-155.0,-149.5,-145.5,-153.0,-156.0,-152.0,-149.5,-152.0,-151.5,-148.5,-150.5,-152.0,-156.0,-156.0,-147.5,-148.0,-157.0,-151.5,-152.5,-154.0,-156.0,-151.5,-154.0,-157.0,-155.5,-154.0,-151.5,-146.5,-148.0,-148.5,-150.5,-153.5,-151.0,-150.5,-150.5,-157.0,-157.0,-152.0,-157.0,-152.5,-151.5,-157.0,-157.0,-157.0,-153.0,-157.0,-156.0,-157.0,-157.0,-146.0,-145.5,-157.0,-148.5,-152.0,-156.0,-145.0,-151.5,-155.5,-155.5,-157.0,-155.5,-157.0,-154.0,-151.0,-152.5,-154.0,-150.5,-154.5,-157.0,-153.5,-149.5,-148.0,-153.0,-151.0,-156.0,-156.5,-157.0,-157.0,-156.5,-149.5,-156.0,-157.0,-157.0,-156.5,-154.5,-157.0,-149.5,-152.0,-153.5,-155.5,-157.0,-151.0,-151.5,-149.5,-154.5,-157.0,-155.5,-154.5,-157.0,-153.5,-150.0,-157.0,-157.0,-157.0,-153.5,-155.5,-151.5,-153.5,-153.0,-150.5,-157.0,-157.0,-154.0,-152.0,-156.5,-150.5,-149.5,-151.5,-154.0,-157.0,-151.5,-151.5,-157.0,-153.5,-150.0,-150.5,-149.5,-156.0,-153.0,-155.5,-156.0,-153.5,-155.0,-150.5,-148.0,-153.0,-155.0,-153.0,-157.0,-150.5,-150.0,-151.5,-155.5,-149.0,-147.5,-151.5,-154.0,-157.0,-151.0,-152.5,-157.0,-152.5,-153.5,-155.5,-153.0,-157.0,-157.0,-149.0,-152.0,-157.0,-157.0,-153.0,-154.0,-155.0,-153.0,-157.0,-155.5,-157.0,-156.0,-154.5,-157.0,-151.5,-151.5,-157.0,-151.5,-150.5,-157.0,-150.0,-150.5,-155.0,-151.0,-155.0,-153.0,-149.5,-157.0,-156.0,-154.0,-154.0,-157.0,-157.0,-154.5,-153.0,-151.5,-151.5,-151.5,-156.5,-151.0,-152.0,-152.5,-155.5,-154.0,-152.5,-153.5,-153.5,-155.5,-157.0,-151.5,-154.0,-153.5,-151.5,-153.0,-150.5,-149.0,-148.5,-156.5,-157.0,-156.5,-149.5,-152.5,-151.0,-152.0,-157.0,-157.0,-151.0,-151.0,-155.0,-157.0,-156.0,-153.5,-151.5,-153.0,-150.5,-150.0,-151.0,-155.5,-152.5,-153.5,-157.0,-148.5,-148.5,-152.5,-149.0,-146.5,-157.0,-155.0,-156.0,-155.5,-155.5,-157.0,-156.0,-155.0,-155.0,-154.5,-154.5,-154.5,-149.5,-149.0,-156.0,-157.0,-153.5,-157.0,-157.0,-157.0,-154.5,-157.0,-157.0,-156.0,-151.5,-151.0,-157.0,-157.0,-157.0,-152.0,-156.5,-153.5,-152.0,-150.5,-149.0,-157.0,-151.5,-151.5,-153.0,-157.0,-156.5,-154.0,-154.0,-157.0,-157.0,-157.0,-157.0,-155.5,-153.5
2026-01-16 16:42:33.285,143.050000,5,-77,-157.0,-157.0,-154.5,-152.5,-148.5,-149.5,-151.0,-151.0,-151.5,-154.5,-156.0,-152.5,-157.0,-155.0,-156.5,-148.0,-149.5,-157.0,-157.0,-155.0,-151.0,-154.5,-154.5,-156.5,-151.5,-153.0,-156.0,-153.0,-155.5,-154.5,-157.0,-157.0,-153.5,-155.5,-157.0,-154.5,-152.0,-154.0,-157.0,-151.0,-150.5,-149.5,-155.0,-157.0,-157.0,-153.0,-156.0,-150.5,-150.5,-152.5,-153.0,-153.5,-152.0,-150.0,-150.5,-155.5,-156.0,-157.0,-150.0,-152.5,-153.5,-154.0,-153.0,-154.5,-157.0,-153.0,-157.0,-153.5,-157.0,-157.0,-157.0,-153.0,-154.5,-154.0,-157.0,-156.0,-150.0,-156.0,-151.0,-147.5,-150.5,-148.0,-150.0,-154.5,-154.5,-149.0,-156.5,-156.5,-154.5,-154.5,-150.5,-154.0,-155.0,-153.0,-157.0,-149.0,-150.0,-157.0,-157.0,-157.0,-150.5,-151.0,-156.5,-157.0,-153.5,-152.5,-157.0,-156.5,-154.5,-150.5,-152.0,-148.0,-148.5,-156.0,-151.5,-147.0,-151.5,-147.0,-147.5,-157.0,-157.0,-157.0,-157.0,-157.0,-157.0,-153.5,-154.0,-155.0,-150.5,-151.5,-151.0,-152.5,-149.5,-151.5,-154.5,-150.0,-156.0,-157.0,-157.0,-157.0,-156.0,-152.0,-150.0,-156.5,-157.0,-157.0,-157.0,-153.5,-157.0,-156.5,-153.0,-154.5,-157.0,-157.0,-154.5,-155.0,-156.0,-155.5,-151.0,-148.5,-157.0,-152.0,-154.5,-157.0,-152.0,-150.5,-150.5,-157.0,-157.0,-156.5,-157.0,-153.0,-147.5,-149.0,-155.5,-157.0,-157.0,-157.0,-157.0,-157.0,-157.0,-156.5,-157.0,-157.0,-147.5,-147.5,-153.0,-157.0,-157.0,-153.0,-152.5,-155.5,-153.0,-151.0,-152.0,-150.0,-149.5,-150.5,-154.0,-152.0,-153.5,-149.5,-151.5,-157.0,-155.5,-151.5,-154.0,-153.0,-157.0,-157.0,-149.5,-155.5,-157.0,-157.0,-149.0,-151.0,-147.0,-148.5,-154.0,-154.5,-156.0,-157.0,-150.5,-154.5,-157.0,-157.0,-155.0,-150.0,-157.0,-157.0,-154.5,-149.0,-146.0,-149.5,-153.0,-150.0,-157.0,-154.0,-145.0,-150.5,-157.0,-157.0,-157.0,-153.5,-153.5,-156.0,-153.5,-154.0,-147.0,-145.5,-150.0,-151.0,-152.5,-152.0,-149.0,-154.0,-152.0,-152.0,-151.0,-154.0,-157.0,-152.5,-149.5,-153.5,-155.0,-155.5,-151.5,-152.5,-157.0,-150.0,-150.0,-151.5,-152.5,-154.5,-150.5,-157.0,-149.5,-157.0,-157.0,-156.5,-157.0,-157.0,-154.5,-152.5,-157.0,-156.5,-157.0,-155.0,-155.0,-152.0,-152.0,-157.0,-156.5,-155.0,-156.5,-153.5,-152.5,-156.0,-152.5,-155.0,-149.5,-157.0,-157.0,-156.0,-155.0,-156.5,-154.0,-153.0,-151.0,-153.0,-157.0,-155.0,-151.5,-151.0,-155.5,-148.5,-144.0,-145.0,-157.0,-157.0,-151.5,-153.5,-155.5,-152.0,-154.0,-153.0,-150.0,-150.0,-152.5,-151.5,-154.0,-154.0,-154.5,-156.0,-149.5,-150.0,-157.0,-153.5,-155.5,-157.0,-147.5,-149.5,-157.0,-157.0,-150.0,-151.5,-153.0,-151.0,-153.0,-152.0,-152.5,-156.0,-157.0,-157.0,-157.0,-156.0,-157.0,-152.0,-148.5,-152.0,-150.5,-153.0,-152.0,-152.5,-157.0,-152.0,-151.0,-157.0,-157.0,-155.0,-153.0,-157.0,-156.0,-156.5,-153.5,-152.0,-157.0,-152.5,-153.5,-149.0,-151.0,-151.5,-153.0,-157.0,-157.0,-155.0,-149.5,-150.5,-155.5,-151.0,-154.0,-156.5,-156.0,-157.0,-150.5,-151.5,-150.5,-157.0,-157.0,-154.5,-152.0,-156.5,-153.0,-155.0,-157.0,-157.0,-157.0,-153.0,-151.5,-155.0,-157.0,-157.0,-157.0,-157.0,-152.0,-154.5,-157.0,-157.0,-152.0,-152.5,-152.0,-153.0,-154.0,-157.0,-151.5,-151.0,-157.0,-154.0,-155.5,-155.0,-157.0,-157.0,-153.0,-156.0,-156.5,-154.0,-157.0,-157.0,-154.5,-153.5,-157.0,-157.0,-151.0,-151.0,-157.0,-157.0,-155.0,-154.5,-154.5,-157.0,-154.5,-152.0,-157.0,-157.0,-157.0,-153.5,-156.0,-155.5,-155.0,-157.0,-151.0,-156.0,-155.0,-151.5,-149.5,-155.0,-157.0,-153.0,-153.0,-154.0,-157.0,-155.5,-154.5,-155.0,-154.0
2026-01-16 16:42:33.317,143.050000,5,-77,-157.0,-157.0,-156.5,-155.0,-150.5,-150.5,-155.0,-152.0,-152.5,-152.5,-152.0,-154.5,-157.0,-157.0,-157.0,-150.5,-155.0,-153.5,-153.5,-155.5,-152.0,-154.0,-151.5,-157.0,-155.0,-154.5,-157.0,-151.0,-152.5,-157.0,-155.0,-157.0,-151.0,-157.0,-156.0,-151.0,-149.5,-150.5,-157.0,-154.5,-153.5,-152.5,-154.0,-152.5,-157.0,-152.0,-157.0,-153.5,-148.5,-149.0,-147.0,-149.0,-150.0,-150.0,-147.5,-149.0,-151.5,-153.0,-150.5,-152.5,-155.5,-153.0,-152.0,-157.0,-157.0,-157.0,-156.0,-156.5,-157.0,-157.0,-157.0,-155.5,-157.0,-156.0,-157.0,-152.0,-148.5,-152.5,-153.5,-148.5,-150.5,-148.0,-149.0,-155.5,-154.5,-151.0,-157.0,-157.0,-151.0,-150.5,-147.5,-153.5,-154.5,-151.5,-157.0,-152.0,-155.5,-156.5,-157.0,-155.5,-152.5,-157.0,-153.5,-153.0,-156.0,-151.5,-153.0,-154.5,-151.0,-155.0,-151.5,-147.5,-146.0,-151.0,-152.5,-147.0,-152.0,-146.5,-149.0,-157.0,-155.5,-157.0,-157.0,-157.0,-157.0,-150.0,-150.0,-152.0,-149.0,-152.0,-151.0,-157.0,-155.5,-155.0,-150.5,-154.0,-153.0,-157.0,-157.0,-157.0,-154.5,-150.5,-148.5,-155.0,-157.0,-155.5,-157.0,-154.0,-154.5,-152.5,-153.0,-156.0,-155.5,-155.0,-153.0,-157.0,-157.0,-157.0,-151.0,-147.5,-154.0,-153.0,-157.0,-157.0,-151.0,-149.5,-147.0,-150.0,-155.0,-157.0,-154.0,-148.5,-149.0,-151.0,-155.5,-156.0,-154.5,-154.0,-155.5,-157.0,-157.0,-151.0,-151.5,-155.5,-145.5,-145.0,-150.5,-157.0,-153.5,-157.0,-156.0,-156.5,-157.0,-151.0,-148.5,-148.0,-149.0,-152.5,-157.0,-151.0,-152.5,-150.0,-153.5,-157.0,-157.0,-153.5,-152.0,-154.0,-157.0,-155.5,-151.0,-152.5,-156.5,-154.0,-147.0,-155.5,-149.5,-150.5,-150.5,-151.0,-157.0,-156.5,-153.0,-157.0,-157.0,-157.0,-157.0,-150.5,-152.5,-153.0,-149.5,-146.5,-149.0,-155.5,-154.5,-152.0,-157.0,-154.5,-148.0,-151.5,-153.0,-157.0,-157.0,-153.5,-153.0,-154.5,-155.0,-157.0,-147.0,-146.5,-149.0,-149.5,-155.5,-150.5,-146.5,-148.0,-157.0,-154.5,-151.5,-154.5,-155.5,-149.5,-150.5,-152.5,-154.0,-157.0,-154.5,-157.0,-157.0,-154.0,-154.5,-156.5,-155.5,-153.5,-151.5,-157.0,-151.5,-157.0,-157.0,-155.5,-157.0,-157.0,-157.0,-152.5,-155.5,-152.5,-157.0,-157.0,-155.5,-152.5,-155.5,-153.0,-155.5,-152.5,-152.0,-150.0,-150.5,-154.5,-149.5,-148.0,-148.0,-157.0,-157.0,-156.5,-156.0,-156.0,-154.0,-151.0,-153.0,-157.0,-157.0,-156.5,-153.0,-151.0,-155.0,-147.5,-146.5,-148.0,-155.5,-157.0,-152.5,-157.0,-151.0,-149.5,-154.5,-153.0,-151.0,-156.0,-150.5,-149.5,-157.0,-155.5,-154.0,-156.0,-152.5,-148.0,-157.0,-155.0,-155.5,-153.0,-149.0,-150.0,-152.0,-152.0,-150.5,-154.5,-151.0,-155.0,-152.5,-151.5,-151.5,-154.5,-157.0,-157.0,-157.0,-157.0,-157.0,-152.5,-149.5,-153.5,-151.5,-154.5,-154.5,-157.0,-157.0,-156.0,-156.5,-157.0,-157.0,-157.0,-152.0,-153.0,-152.5,-157.0,-154.0,-155.5,-157.0,-157.0,-157.0,-151.5,-153.5,-155.0,-157.0,-155.0,-157.0,-157.0,-152.5,-150.0,-157.0,-155.0,-157.0,-156.0,-157.0,-154.5,-149.5,-152.0,-156.0,-157.0,-157.0,-151.5,-153.5,-157.0,-153.0,-157.0,-157.0,-157.0,-157.0,-157.0,-151.0,-152.5,-157.0,-157.0,-157.0,-157.0,-156.5,-157.0,-157.0,-157.0,-153.0,-154.0,-151.5,-155.0,-157.0,-154.0,-151.0,-152.5,-152.0,-153.0,-152.5,-157.0,-153.5,-157.0,-153.5,-152.0,-155.5,-155.0,-157.0,-157.0,-154.0,-155.0,-157.0,-157.0,-149.5,-148.0,-156.5,-157.0,-157.0,-152.5,-151.0,-157.0,-155.0,-151.5,-153.5,-153.5,-155.5,-156.0,-150.5,-151.5,-152.5,-157.0,-149.0,-148.5,-157.0,-157.0,-148.5,-156.0,-157.0,-153.0,-155.5,-150.5,-156.0,-155.5,-157.0,-155.5,-157.0
2026-01-16 16:42:33.348,143.050000,5,-77,-157.0,-157.0,-154.5,-152.5,-150.5,-150.5,-151.5,-150.5,-155.0,-152.0,-150.0,-153.5,-156.5,-157.0,-155.0,-152.0,-157.0,-156.0,-152.5,-151.5,-149.5,-149.0,-149.0,-157.0,-157.0,-157.0,-157.0,-151.5,-153.0,-151.5,-153.0,-157.0,-150.5,-157.0,-156.0,-157.0,-155.5,-153.0,-154.5,-157.0,-157.0,-157.0,-149.0,-149.5,-156.0,-152.5,-156.0,-151.0,-147.5,-147.0,-145.5,-154.0,-152.5,-151.5,-148.0,-148.0,-152.5,-154.5,-150.0,-153.5,-157.0,-157.0,-156.0,-157.0,-157.0,-157.0,-155.0,-155.5,-157.0,-157.0,-157.0,-152.5,-157.0,-157.0,-157.0,-150.5,-149.0,-151.0,-154.5,-151.5,-157.0,-156.0,-151.0,-154.0,-154.0,-153.5,-150.5,-156.5,-150.0,-147.5,-148.0,-151.5,-155.5,-153.5,-156.5,-151.0,-155.0,-157.0,-155.5,-157.0,-154.5,-157.0,-154.5,-155.0,-157.0,-152.5,-151.0,-154.0,-153.0,-153.5,-151.0,-154.5,-148.0,-150.0,-152.0,-148.5,-152.5,-150.5,-151.5,-156.0,-154.5,-157.0,-157.0,-157.0,-157.0,-149.5,-149.0,-153.5,-153.0,-150.5,-152.5,-155.5,-157.0,-154.5,-151.5,-151.0,-149.0,-154.0,-157.0,-157.0,-153.5,-150.5,-151.0,-155.5,-157.0,-153.0,-157.0,-156.5,-152.5,-156.5,-154.5,-153.0,-150.5,-152.5,-153.5,-156.5,-157.0,-154.0,-153.0,-150.5,-155.5,-155.5,-151.0,-150.0,-149.0,-151.0,-148.0,-154.0,-156.5,-150.0,-150.0,-152.0,-153.5,-152.5,-156.5,-153.5,-152.0,-149.5,-149.0,-157.0,-157.0,-154.0,-151.0,-152.5,-147.5,-145.0,-151.5,-155.0,-152.0,-157.0,-157.0,-155.0,-151.0,-150.0,-150.0,-150.5,-152.5,-152.5,-157.0,-151.5,-154.5,-153.0,-156.0,-157.0,-154.5,-153.0,-154.5,-154.0,-156.0,-149.5,-153.0,-152.0,-155.0,-153.5,-150.0,-155.0,-154.0,-154.5,-152.0,-151.0,-153.0,-157.0,-155.0,-157.0,-157.0,-157.0,-157.0,-152.0,-153.5,-151.5,-154.0,-150.5,-156.0,-153.0,-153.5,-154.5,-153.5,-152.5,-152.0,-155.0,-152.5,-157.0,-156.5,-156.5,-156.0,-150.0,-150.0,-154.5,-152.5,-156.0,-149.0,-151.5,-154.5,-151.5,-148.5,-147.5,-154.5,-157.0,-152.5,-150.5,-152.0,-154.0,-157.0,-152.5,-155.5,-157.0,-154.0,-156.0,-157.0,-157.0,-156.0,-157.0,-157.0,-155.0,-153.5,-155.0,-153.5,-157.0,-157.0,-155.5,-154.0,-153.5,-155.0,-150.0,-153.0,-150.5,-152.0,-155.0,-151.0,-149.5,-156.0,-151.0,-155.0,-149.5,-148.5,-147.0,-147.0,-157.0,-152.0,-149.5,-147.5,-156.5,-156.0,-153.5,-154.0,-157.0,-153.5,-149.0,-155.0,-157.0,-152.5,-151.5,-155.0,-153.5,-155.0,-151.5,-156.0,-155.0,-154.0,-153.0,-149.5,-155.0,-150.5,-151.5,-157.0,-152.5,-151.0,-151.0,-156.0,-153.5,-155.0,-154.5,-152.5,-154.0,-156.5,-149.5,-153.0,-151.5,-156.5,-152.0,-149.5,-148.0,-150.5,-153.5,-154.0,-157.0,-152.0,-155.5,-150.0,-154.5,-157.0,-157.0,-157.0,-156.0,-157.0,-157.0,-157.0,-153.0,-155.5,-155.5,-154.0,-157.0,-157.0,-157.0,-155.0,-152.5,-156.5,-157.0,-157.0,-157.0,-150.5,-152.5,-154.0,-155.0,-151.5,-155.0,-155.0,-157.0,-157.0,-152.5,-156.5,-155.5,-157.0,-153.0,-150.5,-151.5,-154.0,-150.5,-157.0,-157.0,-154.0,-150.5,-152.5,-149.5,-149.5,-155.0,-157.0,-157.0,-155.0,-148.0,-152.5,-155.0,-152.0,-153.5,-154.0,-156.5,-157.0,-154.0,-153.5,-157.0,-157.0,-157.0,-157.0,-157.0,-157.0,-156.0,-156.5,-157.0,-155.0,-157.0,-150.0,-153.0,-157.0,-152.5,-153.0,-153.0,-152.5,-155.5,-154.0,-157.0,-149.5,-153.5,-157.0,-153.5,-157.0,-155.0,-155.0,-154.5,-153.5,-151.5,-157.0,-156.5,-149.0,-150.5,-155.0,-156.0,-157.0,-150.5,-152.0,-157.0,-152.5,-149.5,-150.0,-152.0,-154.5,-152.5,-152.0,-150.5,-152.5,-156.5,-150.5,-148.5,-157.0,-154.0,-149.5,-157.0,-157.0,-155.5,-148.0,-148.5,-157.0,-154.5,-157.0,-153.0,-155.5
2026-01-16 16:42:33.393,143.050000,5,-77,-157.0,-157.0,-149.5,-148.0,-152.0,-150.5,-150.0,-150.0,-150.0,-153.5,-148.5,-151.5,-157.0,-157.0,-157.0,-155.5,-157.0,-157.0,-155.5,-151.5,-148.5,-148.0,-150.5,-156.0,-157.0,-157.0,-157.0,-148.0,-150.5,-151.5,-151.5,-153.5,-148.0,-147.5,-152.5,-157.0,-157.0,-157.0,-154.5,-155.0,-155.5,-154.5,-149.5,-154.0,-157.0,-153.0,-155.5,-149.0,-147.5,-151.5,-151.0,-152.0,-156.5,-151.0,-151.5,-149.5,-152.0,-150.5,-149.5,-152.5,-154.0,-157.0,-155.0,-153.0,-157.0,-155.0,-155.5,-155.0,-155.5,-155.5,-153.5,-150.5,-155.5,-154.0,-156.5,-154.5,-154.5,-155.0,-156.0,-157.0,-155.5,-157.0,-155.5,-155.0,-153.5,-151.5,-150.5,-156.5,-156.0,-153.0,-156.0,-150.0,-153.5,-157.0,-157.0,-149.5,-152.5,-157.0,-153.5,-157.0,-154.5,-157.0,-157.0,-155.5,-155.0,-152.5,-151.5,-156.0,-155.5,-153.0,-155.0,-157.0,-152.5,-157.0,-148.0,-150.5,-154.0,-157.0,-153.0,-157.0,-153.5,-157.0,-157.0,-155.0,-157.0,-149.5,-152.0,-157.0,-157.0,-152.0,-157.0,-153.0,-155.5,-155.5,-152.5,-150.5,-150.0,-151.0,-151.0,-157.0,-157.0,-156.5,-154.5,-157.0,-153.5,-150.5,-155.5,-156.0,-153.0,-155.5,-152.0,-154.0,-152.0,-150.5,-152.0,-157.0,-152.5,-150.5,-157.0,-156.5,-156.0,-157.0,-148.5,-147.0,-148.0,-151.5,-152.5,-157.0,-154.5,-148.5,-151.5,-156.0,-150.5,-149.0,-153.5,-154.0,-153.5,-150.5,-147.5,-157.0,-157.0,-155.0,-153.0,-153.0,-146.0,-145.5,-151.5,-152.5,-153.5,-152.5,-156.5,-154.0,-153.5,-156.5,-156.5,-154.5,-157.0,-156.5,-153.0,-151.5,-157.0,-155.0,-157.0,-157.0,-148.5,-149.5,-154.5,-153.5,-153.0,-146.0,-147.0,-154.5,-157.0,-157.0,-157.0,-155.0,-154.5,-157.0,-157.0,-153.0,-149.5,-157.0,-153.0,-157.0,-155.0,-154.0,-157.0,-153.0,-154.5,-152.0,-153.0,-157.0,-157.0,-151.0,-150.5,-157.0,-150.5,-156.5,-152.0,-157.0,-157.0,-156.5,-149.5,-151.0,-152.5,-149.0,-150.5,-157.0,-154.5,-157.0,-149.5,-155.0,-157.0,-153.0,-157.0,-154.5,-151.5,-152.5,-151.5,-151.0,-152.0,-155.5,-157.0,-152.0,-150.5,-154.5,-155.0,-151.5,-153.0,-156.0,-151.5,-152.5,-157.0,-157.0,-154.0,-153.5,-156.5,-157.0,-157.0,-157.0,-154.5,-148.0,-152.5,-149.5,-156.5,-152.5,-153.0,-156.0,-152.5,-149.5,-154.0,-153.0,-157.0,-152.5,-150.5,-150.5,-150.5,-157.0,-153.5,-157.0,-148.5,-153.0,-155.5,-156.5,-157.0,-156.5,-149.5,-150.5,-155.5,-157.0,-154.5,-151.5,-152.5,-154.0,-157.0,-151.0,-157.0,-157.0,-156.5,-153.5,-148.5,-151.5,-151.5,-156.0,-157.0,-155.5,-156.5,-150.0,-152.5,-157.0,-157.0,-150.5,-149.5,-157.0,-156.0,-153.5,-153.5,-153.0,-157.0,-152.5,-152.0,-149.0,-153.5,-157.0,-157.0,-157.0,-153.5,-153.0,-147.5,-152.5,-155.5,-157.0,-153.5,-152.5,-155.0,-156.0,-157.0,-152.0,-154.0,-151.5,-153.5,-157.0,-157.0,-152.5,-151.0,-150.5,-152.0,-157.0,-157.0,-157.0,-151.0,-151.0,-153.0,-152.0,-151.5,-152.0,-154.5,-157.0,-156.0,-150.0,-153.0,-154.5,-153.0,-157.0,-149.0,-150.5,-149.0,-151.0,-157.0,-154.5,-157.0,-149.5,-151.0,-150.5,-154.0,-155.0,-154.0,-155.0,-155.0,-149.5,-153.5,-151.5,-155.5,-153.0,-157.0,-154.5,-155.5,-152.0,-156.0,-157.0,-154.5,-157.0,-151.5,-155.0,-152.5,-156.0,-157.0,-151.0,-152.0,-157.0,-148.5,-149.0,-153.5,-155.0,-157.0,-157.0,-156.0,-153.5,-152.0,-157.0,-147.0,-148.5,-157.0,-154.0,-157.0,-152.0,-149.0,-150.5,-150.5,-150.0,-154.5,-153.0,-152.5,-157.0,-155.5,-154.5,-154.5,-153.0,-156.0,-157.0,-153.0,-151.0,-151.5,-151.5,-156.0,-150.5,-150.0,-150.0,-154.0,-157.0,-155.0,-151.5,-157.0,-157.0,-153.0,-157.0,-157.0,-157.0,-146.5,-146.5,-149.5,-151.5,-153.0,-150.5,-152.0
2026-01-16 16:42:33.418,143.050000,5,-77,-157.0,-157.0,-148.5,-147.0,-157.0,-154.0,-152.0,-154.5,-150.0,-156.0,-150.0,-150.0,-155.5,-157.0,-157.0,-155.0,-157.0,-157.0,-155.0,-154.0,-151.5,-151.0,-157.0,-153.0,-154.5,-157.0,-150.0,-147.5,-150.5,-153.0,-150.0,-152.0,-147.0,-147.0,-150.5,-153.0,-154.0,-156.0,-155.5,-150.5,-154.0,-150.5,-152.5,-155.5,-153.5,-152.5,-151.5,-151.5,-150.5,-157.0,-155.0,-149.0,-149.0,-147.5,-154.5,-151.5,-154.0,-150.5,-150.0,-153.5,-153.5,-156.5,-150.0,-150.0,-156.0,-156.0,-157.0,-157.0,-157.0,-157.0,-151.5,-149.5,-149.0,-147.5,-156.0,-153.5,-151.5,-153.0,-156.5,-157.0,-153.0,-157.0,-157.0,-155.5,-153.5,-152.0,-153.0,-157.0,-157.0,-157.0,-153.0,-152.0,-150.5,-157.0,-153.0,-149.0,-157.0,-156.5,-152.0,-155.5,-156.0,-157.0,-155.5,-157.0,-154.5,-151.5,-154.5,-155.5,-151.0,-152.0,-157.0,-157.0,-155.0,-156.5,-149.5,-152.5,-151.5,-155.5,-154.0,-152.0,-151.0,-152.0,-151.5,-152.0,-157.0,-152.5,-156.5,-156.0,-152.0,-153.0,-155.5,-150.5,-152.5,-155.0,-150.5,-151.0,-154.5,-152.0,-150.5,-157.0,-157.0,-156.5,-152.5,-153.5,-149.5,-151.5,-156.5,-157.0,-156.5,-150.0,-150.5,-157.0,-156.0,-151.5,-151.0,-152.5,-152.5,-150.5,-152.0,-157.0,-155.0,-155.0,-153.5,-154.0,-151.5,-153.5,-157.0,-157.0,-157.0,-150.0,-151.0,-155.0,-155.0,-150.5,-153.0,-152.5,-154.0,-154.0,-149.0,-154.5,-157.0,-153.0,-151.5,-150.5,-146.5,-146.5,-154.0,-154.5,-157.0,-155.0,-157.0,-157.0,-157.0,-157.0,-157.0,-157.0,-157.0,-157.0,-154.5,-152.5,-156.0,-152.5,-157.0,-157.0,-146.5,-147.0,-154.0,-152.5,-157.0,-146.0,-147.0,-156.0,-157.0,-157.0,-154.5,-151.0,-151.0,-154.0,-157.0,-152.0,-151.5,-154.0,-151.0,-152.0,-151.5,-153.0,-155.5,-154.0,-153.5,-152.0,-153.5,-157.0,-157.0,-156.0,-154.0,-157.0,-154.0,-156.0,-150.5,-157.0,-157.0,-156.0,-147.5,-148.5,-150.5,-152.5,-156.5,-157.0,-153.0,-156.5,-148.0,-152.0,-154.5,-148.5,-151.0,-152.0,-148.5,-150.0,-154.0,-157.0,-148.5,-147.5,-151.5,-151.5,-149.5,-152.5,-157.0,-150.0,-150.0,-154.5,-148.5,-149.5,-154.5,-152.5,-155.0,-153.0,-157.0,-152.5,-150.5,-153.0,-152.0,-146.0,-148.5,-150.5,-157.0,-157.0,-157.0,-157.0,-153.5,-152.0,-157.0,-157.0,-157.0,-153.0,-152.5,-154.0,-152.0,-152.0,-150.0,-151.5,-150.0,-155.0,-156.0,-157.0,-156.5,-152.0,-151.0,-154.0,-152.0,-153.0,-152.0,-155.5,-156.0,-156.0,-156.0,-149.0,-151.5,-155.0,-157.0,-155.5,-150.0,-157.0,-153.5,-157.0,-155.5,-157.0,-157.0,-150.5,-151.5,-157.0,-157.0,-152.0,-151.5,-155.5,-157.0,-155.5,-155.0,-155.5,-155.0,-155.5,-157.0,-155.5,-154.5,-157.0,-157.0,-155.0,-157.0,-152.0,-147.5,-147.5,-157.0,-156.5,-156.0,-154.0,-154.5,-153.0,-151.5,-151.5,-152.0,-154.0,-157.0,-157.0,-157.0,-153.0,-154.0,-155.0,-152.5,-153.0,-155.5,-154.5,-153.0,-150.5,-152.5,-152.0,-154.5,-152.0,-157.0,-152.0,-151.5,-152.5,-151.5,-157.0,-153.0,-157.0,-155.5,-152.0,-149.0,-151.0,-156.5,-152.5,-156.5,-155.5,-156.5,-153.5,-157.0,-156.5,-156.0,-156.5,-153.5,-149.0,-150.5,-152.0,-157.0,-150.0,-151.5,-151.5,-155.5,-154.5,-157.0,-155.0,-153.5,-150.0,-148.0,-147.5,-148.5,-157.0,-154.5,-148.0,-153.0,-157.0,-152.0,-149.0,-150.5,-157.0,-157.0,-157.0,-155.5,-153.5,-152.0,-157.0,-148.0,-148.5,-157.0,-153.5,-156.5,-155.5,-150.5,-148.5,-148.5,-154.5,-154.0,-152.0,-157.0,-157.0,-157.0,-157.0,-157.0,-157.0,-157.0,-157.0,-155.5,-156.0,-155.5,-151.0,-157.0,-153.0,-149.0,-150.0,-152.5,-155.5,-157.0,-153.0,-152.5,-157.0,-154.0,-157.0,-157.0,-155.5,-152.0,-146.0,-145.5,-150.0,-152.0,-152.5,-152.0
2026-01-16 16:42:33.449,143.050000,5,-77,-157.0,-157.0,-152.0,-149.5,-153.5,-157.0,-149.0,-148.5,-152.5,-154.0,-153.5,-152.5,-154.0,-154.0,-156.5,-150.5,-150.0,-153.5,-154.0,-154.0,-153.5,-157.0,-157.0,-154.0,-154.5,-154.0,-151.0,-153.0,-151.0,-148.0,-148.5,-157.0,-152.0,-153.5,-153.5,-154.5,-157.0,-155.5,-157.0,-150.5,-157.0,-153.5,-157.0,-151.0,-153.5,-152.0,-149.5,-154.0,-149.5,-149.0,-148.5,-150.0,-148.0,-149.0,-157.0,-155.5,-157.0,-151.0,-150.5,-157.0,-155.0,-157.0,-150.5,-153.5,-154.0,-155.5,-157.0,-157.0,-157.0,-157.0,-151.5,-152.5,-149.0,-147.0,-151.0,-151.5,-150.5,-151.0,-157.0,-157.0,-150.5,-151.0,-156.5,-156.5,-154.0,-155.0,-155.0,-157.0,-157.0,-157.0,-150.5,-150.0,-150.5,-157.0,-157.0,-148.5,-151.0,-153.5,-153.5,-152.0,-151.5,-152.5,-152.5,-157.0,-157.0,-151.0,-149.0,-149.5,-149.0,-151.5,-157.0,-154.0,-153.0,-157.0,-151.5,-157.0,-151.5,-155.5,-157.0,-154.0,-151.5,-150.5,-148.0,-154.0,-151.0,-151.5,-156.5,-157.0,-152.0,-151.5,-153.5,-148.5,-149.5,-155.0,-154.5,-152.0,-154.5,-151.5,-156.5,-153.0,-157.0,-152.5,-148.0,-148.0,-149.0,-157.0,-157.0,-157.0,-157.0,-151.0,-153.0,-157.0,-157.0,-157.0,-150.5,-152.0,-152.5,-156.0,-157.0,-157.0,-157.0,-151.0,-152.5,-157.0,-156.5,-154.5,-157.0,-155.0,-157.0,-154.5,-155.0,-156.0,-157.0,-152.5,-157.0,-156.0,-155.5,-157.0,-148.5,-148.0,-157.0,-157.0,-153.0,-156.5,-155.0,-149.0,-155.5,-156.5,-157.0,-156.5,-157.0,-157.0,-157.0,-157.0,-155.0,-157.0,-157.0,-157.0,-157.0,-151.0,-148.5,-151.5,-157.0,-156.0,-150.0,-148.0,-154.5,-151.0,-152.0,-146.5,-150.0,-157.0,-156.5,-152.0,-150.5,-149.5,-148.0,-156.0,-153.5,-150.0,-153.0,-155.0,-153.5,-151.0,-151.0,-155.0,-153.0,-155.5,-153.0,-152.5,-157.0,-157.0,-157.0,-157.0,-157.0,-155.5,-154.5,-157.0,-149.5,-157.0,-157.0,-157.0,-148.5,-150.5,-152.0,-157.0,-154.5,-157.0,-151.0,-149.5,-148.5,-153.5,-151.5,-147.5,-146.5,-148.5,-151.0,-150.5,-152.5,-157.0,-148.0,-146.0,-151.5,-155.5,-153.0,-157.0,-155.5,-155.0,-156.5,-152.5,-147.0,-148.0,-153.5,-150.0,-152.5,-152.5,-157.0,-154.0,-150.5,-154.5,-150.0,-149.5,-149.0,-152.5,-155.0,-153.0,-156.5,-154.5,-152.0,-157.0,-157.0,-157.0,-153.5,-151.0,-155.5,-151.5,-147.5,-156.5,-150.0,-153.5,-156.0,-156.5,-157.0,-153.0,-151.5,-151.5,-157.0,-150.5,-149.0,-146.0,-148.0,-157.0,-157.0,-155.5,-155.0,-152.5,-156.0,-153.0,-157.0,-153.5,-150.0,-155.0,-155.5,-152.5,-151.0,-152.0,-149.5,-154.5,-154.0,-153.0,-157.0,-155.0,-152.5,-156.5,-155.5,-157.0,-155.5,-154.5,-154.0,-156.0,-157.0,-157.0,-156.5,-157.0,-157.0,-154.0,-155.0,-152.5,-151.5,-148.5,-157.0,-152.5,-153.0,-153.5,-151.5,-157.0,-151.0,-153.5,-151.5,-156.0,-157.0,-157.0,-157.0,-157.0,-157.0,-157.0,-154.5,-152.0,-151.5,-152.5,-153.5,-153.5,-154.5,-153.5,-152.0,-154.0,-157.0,-148.0,-150.5,-157.0,-152.0,-154.5,-153.0,-157.0,-157.0,-154.0,-152.0,-151.5,-157.0,-154.0,-156.0,-157.0,-157.0,-153.5,-157.0,-157.0,-157.0,-157.0,-149.5,-146.5,-149.0,-157.0,-151.0,-148.5,-150.0,-154.5,-153.0,-154.5,-157.0,-151.5,-150.5,-148.5,-152.5,-149.0,-149.0,-156.5,-152.0,-146.5,-153.0,-157.0,-157.0,-153.0,-154.0,-156.5,-155.0,-153.0,-154.0,-155.5,-153.5,-157.0,-150.0,-150.0,-157.0,-154.5,-155.5,-157.0,-157.0,-146.0,-147.0,-155.0,-149.0,-149.5,-157.0,-157.0,-157.0,-154.0,-157.0,-157.0,-154.5,-155.5,-157.0,-155.5,-153.0,-150.5,-157.0,-154.5,-149.5,-154.0,-151.5,-152.0,-153.0,-152.5,-152.5,-156.5,-150.0,-154.0,-157.0,-157.0,-154.0,-148.5,-149.0,-149.0,-149.5,-151.0,-155.0
2026-01-16 16:42:33.485,143.050000,5,-77,-157.0,-157.0,-157.0,-154.0,-154.0,-157.0,-151.5,-147.0,-149.5,-151.0,-152.0,-157.0,-157.0,-149.5,-150.5,-151.5,-148.0,-149.5,-156.0,-156.0,-155.0,-154.0,-157.0,-157.0,-156.0,-153.5,-156.5,-157.0,-151.5,-149.5,-149.5,-157.0,-157.0,-157.0,-156.5,-157.0,-156.0,-153.5,-151.5,-150.5,-157.0,-157.0,-156.5,-154.0,-153.5,-153.5,-148.0,-150.5,-150.5,-148.5,-149.5,-151.5,-148.5,-153.5,-156.0,-155.5,-157.0,-151.5,-153.5,-157.0,-152.5,-155.5,-153.5,-153.5,-150.0,-152.5,-157.0,-154.5,-153.0,-156.5,-151.0,-151.5,-154.5,-150.5,-153.0,-154.0,-157.0,-156.5,-156.5,-153.5,-152.5,-151.0,-155.5,-157.0,-152.5,-152.5,-153.0,-157.0,-152.5,-153.5,-155.0,-150.0,-152.0,-157.0,-157.0,-150.0,-148.5,-149.5,-156.0,-152.0,-148.5,-149.0,-154.0,-151.5,-153.5,-150.5,-147.5,-147.5,-149.5,-151.5,-156.5,-154.0,-153.0,-151.0,-148.0,-153.0,-151.5,-157.0,-157.0,-154.5,-157.0,-149.0,-149.0,-155.0,-152.0,-153.5,-157.0,-157.0,-157.0,-152.0,-157.0,-152.5,-148.5,-151.5,-151.0,-152.5,-157.0,-150.5,-152.5,-153.0,-157.0,-150.0,-150.0,-150.0,-153.0,-157.0,-157.0,-155.0,-153.0,-154.0,-157.0,-157.0,-157.0,-156.0,-151.0,-153.5,-152.0,-157.0,-157.0,-157.0,-157.0,-151.5,-149.5,-156.5,-157.0,-157.0,-157.0,-154.0,-157.0,-157.0,-153.0,-151.0,-154.0,-152.5,-154.0,-154.5,-154.0,-153.5,-152.0,-148.0,-152.0,-151.0,-151.0,-156.0,-150.5,-148.5,-155.0,-154.0,-153.5,-153.0,-157.0,-157.0,-157.0,-154.0,-152.5,-157.0,-157.0,-154.5,-153.5,-147.5,-146.5,-157.0,-154.0,-150.5,-155.0,-149.5,-153.0,-149.5,-155.5,-149.5,-149.5,-157.0,-155.5,-149.0,-152.0,-154.0,-151.0,-153.5,-153.5,-152.5,-152.5,-157.0,-154.0,-149.0,-149.0,-151.5,-150.0,-156.0,-153.0,-153.5,-154.5,-157.0,-157.0,-157.0,-154.5,-151.5,-156.0,-157.0,-149.0,-152.0,-157.0,-150.0,-148.0,-155.0,-154.0,-156.5,-151.5,-157.0,-155.5,-154.0,-154.0,-153.0,-152.5,-153.0,-150.5,-153.5,-150.5,-148.5,-157.0,-153.0,-155.0,-149.5,-152.5,-150.0,-157.0,-157.0,-157.0,-157.0,-157.0,-150.0,-148.5,-151.5,-156.5,-154.0,-149.5,-150.0,-157.0,-157.0,-156.0,-154.0,-150.0,-156.0,-156.5,-150.0,-154.5,-150.5,-157.0,-151.5,-150.5,-157.0,-157.0,-156.0,-152.5,-155.0,-157.0,-157.0,-147.0,-150.0,-152.0,-155.0,-154.5,-155.5,-157.0,-155.0,-156.0,-153.0,-156.5,-155.0,-148.5,-145.5,-150.0,-154.0,-155.0,-152.5,-150.0,-153.5,-157.0,-150.5,-150.0,-153.0,-152.5,-153.5,-155.5,-151.0,-153.0,-147.0,-146.0,-153.5,-150.5,-147.5,-151.5,-154.5,-152.0,-150.0,-150.5,-157.0,-157.0,-157.0,-152.0,-152.5,-157.0,-153.0,-156.5,-157.0,-157.0,-154.0,-153.0,-150.0,-151.5,-152.0,-154.5,-150.5,-153.0,-151.0,-147.0,-150.5,-153.0,-154.0,-152.5,-155.0,-157.0,-156.0,-155.5,-157.0,-156.0,-155.0,-154.0,-153.0,-153.5,-153.0,-153.5,-157.0,-155.0,-156.5,-151.0,-153.5,-153.0,-148.5,-149.0,-152.5,-150.5,-157.0,-155.5,-154.0,-157.0,-155.0,-156.0,-156.0,-157.0,-154.0,-152.0,-155.0,-153.5,-152.0,-157.0,-157.0,-157.0,-154.0,-152.0,-148.5,-155.5,-155.0,-152.5,-149.5,-150.0,-152.0,-150.5,-152.5,-152.5,-148.0,-147.5,-150.0,-155.5,-157.0,-152.0,-157.0,-150.0,-146.5,-150.5,-157.0,-155.0,-155.0,-154.5,-157.0,-157.0,-152.5,-152.5,-155.5,-157.0,-154.0,-155.0,-154.0,-157.0,-157.0,-157.0,-156.0,-152.5,-148.0,-150.0,-154.0,-147.5,-149.0,-157.0,-156.5,-157.0,-149.5,-157.0,-155.0,-150.5,-154.0,-154.5,-151.0,-152.5,-153.0,-157.0,-152.5,-150.5,-150.5,-149.5,-154.5,-152.0,-156.5,-157.0,-155.0,-148.5,-153.0,-154.5,-155.5,-153.0,-154.5,-154.5,-151.5,-153.5,-154.5,-154.5
2026-01-16 16:42:33.517,143.050000,5,-77,-157.0,-157.0,-152.5,-157.0,-154.0,-153.0,-153.0,-148.0,-150.0,-151.5,-149.5,-156.5,-151.0,-149.5,-151.0,-157.0,-153.5,-151.0,-157.0,-157.0,-157.0,-153.0,-157.0,-157.0,-151.0,-153.0,-157.0,-153.5,-151.0,-150.5,-156.0,-155.0,-157.0,-157.0,-152.0,-152.5,-151.5,-150.0,-151.5,-156.0,-157.0,-157.0,-157.0,-157.0,-155.0,-157.0,-148.5,-150.5,-152.0,-154.0,-154.5,-148.0,-146.0,-155.0,-156.5,-155.0,-152.0,-153.0,-151.0,-150.5,-152.5,-154.5,-154.0,-153.0,-151.5,-155.0,-157.0,-157.0,-152.0,-150.5,-155.0,-152.5,-157.0,-154.0,-155.5,-154.0,-157.0,-157.0,-155.5,-154.5,-153.5,-151.0,-152.5,-157.0,-152.5,-151.0,-149.0,-157.0,-147.0,-150.0,-157.0,-154.5,-157.0,-156.0,-155.5,-152.5,-154.0,-153.0,-157.0,-153.5,-151.5,-153.5,-157.0,-151.0,-152.0,-154.5,-155.5,-153.5,-157.0,-154.0,-157.0,-154.5,-157.0,-146.0,-145.0,-155.0,-152.0,-155.5,-156.0,-155.0,-155.0,-152.0,-153.5,-157.0,-154.5,-156.5,-154.5,-155.0,-157.0,-152.5,-157.0,-155.0,-148.5,-154.0,-152.0,-153.0,-155.5,-152.0,-151.5,-155.5,-157.0,-151.0,-153.0,-152.5,-153.5,-157.0,-157.0,-149.5,-149.5,-157.0,-157.0,-157.0,-157.0,-156.0,-155.5,-157.0,-155.5,-157.0,-157.0,-154.0,-154.0,-153.5,-151.0,-154.5,-157.0,-157.0,-156.0,-155.5,-155.0,-151.0,-149.0,-149.0,-157.0,-153.5,-153.0,-150.0,-150.5,-149.0,-150.0,-146.0,-152.0,-150.0,-151.5,-152.5,-146.5,-145.5,-154.5,-154.5,-149.5,-150.5,-152.5,-154.5,-157.0,-155.5,-153.0,-157.0,-157.0,-154.0,-151.5,-150.0,-150.0,-154.5,-150.5,-149.5,-152.0,-150.0,-153.0,-151.0,-157.0,-154.5,-150.5,-157.0,-157.0,-149.5,-155.5,-155.5,-157.0,-151.5,-157.0,-156.0,-152.5,-156.0,-153.0,-154.0,-148.0,-150.5,-150.5,-157.0,-151.0,-150.5,-152.0,-157.0,-157.0,-155.0,-150.5,-150.0,-157.0,-155.5,-154.0,-153.0,-154.5,-150.0,-149.0,-153.0,-156.5,-157.0,-149.5,-153.5,-157.0,-157.0,-154.0,-152.5,-151.5,-155.5,-154.0,-157.0,-152.0,-148.5,-156.5,-150.0,-155.5,-150.0,-147.0,-146.0,-154.5,-157.0,-157.0,-157.0,-156.5,-155.5,-151.5,-151.0,-151.5,-157.0,-152.0,-149.0,-157.0,-157.0,-157.0,-151.5,-148.5,-155.5,-155.0,-148.5,-153.5,-149.5,-153.0,-155.0,-150.0,-156.0,-155.5,-151.0,-153.5,-157.0,-157.0,-157.0,-149.5,-148.5,-152.5,-152.0,-156.5,-152.5,-153.0,-157.0,-157.0,-150.5,-151.0,-157.0,-153.5,-148.0,-151.5,-152.5,-153.5,-154.5,-152.0,-153.0,-157.0,-152.5,-151.5,-157.0,-157.0,-152.5,-152.5,-153.5,-157.0,-149.0,-149.0,-150.5,-150.0,-148.5,-151.0,-155.0,-153.0,-149.5,-150.0,-153.5,-155.5,-157.0,-152.0,-153.0,-157.0,-154.0,-153.0,-153.0,-157.0,-157.0,-156.5,-149.5,-152.0,-155.0,-152.5,-151.5,-153.0,-153.5,-146.5,-149.0,-152.5,-150.5,-152.5,-155.0,-157.0,-157.0,-153.5,-149.5,-151.0,-150.0,-152.5,-152.0,-154.5,-149.0,-151.5,-155.0,-157.0,-157.0,-151.0,-151.5,-151.0,-154.0,-152.0,-157.0,-154.5,-157.0,-157.0,-156.0,-157.0,-153.0,-155.5,-154.5,-154.5,-154.0,-149.0,-150.0,-151.0,-156.0,-155.5,-156.0,-157.0,-156.0,-157.0,-154.0,-153.5,-152.0,-157.0,-149.5,-148.5,-148.5,-156.0,-156.5,-154.5,-152.0,-152.0,-152.5,-152.0,-157.0,-152.5,-151.0,-155.0,-150.5,-156.5,-157.0,-155.5,-157.0,-154.0,-156.0,-157.0,-151.0,-149.5,-151.0,-152.5,-157.0,-156.0,-157.0,-155.0,-156.5,-155.5,-152.0,-151.5,-154.0,-150.5,-150.5,-148.5,-152.0,-153.5,-155.5,-153.0,-149.0,-150.5,-155.0,-148.5,-147.0,-151.0,-147.5,-149.0,-154.5,-150.5,-153.0,-157.0,-156.0,-150.5,-157.0,-153.5,-157.0,-157.0,-153.5,-150.5,-154.0,-151.5,-156.5,-153.0,-157.0,-155.0,-153.0,-157.0,-157.0,-149.5
2026-01-16 16:42:33.546,143.050000,5,-77,-157.0,-157.0,-156.0,-152.5,-150.5,-154.0,-156.0,-149.5,-153.5,-152.5,-150.0,-150.0,-150.5,-149.0,-153.5,-155.0,-157.0,-153.5,-155.0,-155.0,-157.0,-150.5,-151.0,-157.0,-148.5,-152.0,-154.0,-154.0,-150.5,-149.0,-154.5,-154.0,-152.0,-149.5,-148.0,-147.5,-151.0,-152.5,-154.0,-157.0,-157.0,-157.0,-157.0,-157.0,-155.0,-157.0,-150.5,-156.0,-152.0,-154.5,-156.5,-150.5,-148.0,-157.0,-157.0,-154.5,-152.5,-153.5,-152.0,-149.0,-154.0,-157.0,-157.0,-157.0,-156.0,-157.0,-157.0,-157.0,-156.0,-151.0,-155.5,-154.0,-157.0,-153.0,-157.0,-154.0,-157.0,-157.0,-154.0,-156.0,-153.0,-153.0,-154.0,-157.0,-153.5,-154.5,-150.0,-149.5,-145.0,-146.5,-151.5,-156.0,-157.0,-152.5,-152.5,-154.0,-155.0,-153.5,-151.0,-150.5,-151.5,-151.5,-151.0,-149.0,-151.5,-157.0,-157.0,-157.0,-157.0,-156.5,-157.0,-155.0,-155.0,-148.0,-148.5,-152.5,-152.0,-152.0,-154.5,-155.0,-155.0,-153.5,-157.0,-157.0,-157.0,-151.5,-152.0,-156.0,-157.0,-150.5,-155.0,-149.5,-148.5,-153.5,-157.0,-157.0,-153.5,-156.0,-153.5,-157.0,-153.5,-155.0,-154.0,-155.5,-150.0,-152.5,-156.5,-151.0,-152.5,-154.0,-154.0,-157.0,-157.0,-157.0,-157.0,-157.0,-154.5,-154.5,-157.0,-155.0,-154.5,-157.0,-152.0,-153.5,-157.0,-157.0,-157.0,-157.0,-150.5,-150.0,-154.0,-154.5,-152.5,-151.5,-157.0,-153.0,-150.5,-149.5,-150.5,-145.5,-148.0,-151.5,-152.0,-149.0,-145.0,-145.5,-156.5,-157.0,-152.0,-154.0,-153.0,-151.5,-154.5,-155.5,-156.0,-156.5,-157.0,-153.0,-151.5,-155.0,-154.5,-155.0,-151.0,-152.5,-153.5,-151.0,-156.5,-152.5,-151.0,-153.5,-152.0,-157.0,-154.0,-152.0,-151.0,-151.0,-153.0,-150.5,-151.5,-149.0,-149.0,-151.5,-154.5,-154.5,-149.0,-155.0,-150.5,-151.5,-151.0,-151.5,-153.0,-157.0,-154.0,-152.0,-153.0,-154.0,-152.0,-157.0,-157.0,-156.5,-152.5,-151.5,-154.5,-154.0,-151.5,-150.5,-151.0,-150.0,-157.0,-153.5,-152.5,-150.5,-150.0,-149.0,-153.5,-157.0,-157.0,-155.0,-156.5,-148.5,-152.5,-146.0,-146.5,-148.5,-154.5,-157.0,-153.0,-152.0,-156.0,-157.0,-154.0,-153.5,-151.5,-154.0,-152.0,-149.0,-157.0,-157.0,-157.0,-154.0,-149.5,-150.0,-154.0,-149.0,-154.5,-149.0,-147.5,-154.0,-151.0,-153.0,-153.0,-149.5,-155.0,-157.0,-157.0,-152.0,-150.0,-148.5,-150.0,-153.0,-152.5,-150.5,-150.5,-157.0,-157.0,-151.0,-153.5,-152.0,-155.0,-153.0,-153.0,-153.5,-157.0,-157.0,-155.5,-154.5,-157.0,-157.0,-155.0,-153.0,-155.0,-149.5,-148.5,-157.0,-155.5,-150.5,-155.0,-152.5,-152.0,-155.0,-153.5,-156.5,-150.5,-150.5,-152.5,-151.0,-149.5,-151.0,-154.5,-155.5,-157.0,-156.0,-151.0,-149.0,-157.0,-157.0,-157.0,-148.5,-151.0,-150.5,-151.5,-153.0,-157.0,-151.0,-145.5,-149.5,-148.5,-151.0,-151.0,-154.5,-153.0,-157.0,-152.0,-147.5,-156.0,-150.0,-155.0,-151.0,-153.5,-149.0,-153.5,-155.0,-157.0,-157.0,-157.0,-157.0,-157.0,-155.0,-151.5,-157.0,-157.0,-157.0,-157.0,-157.0,-157.0,-150.0,-151.0,-150.5,-152.0,-157.0,-152.5,-151.5,-149.0,-151.5,-152.0,-153.0,-155.0,-157.0,-157.0,-151.5,-150.5,-149.0,-151.0,-153.0,-155.5,-152.5,-157.0,-157.0,-157.0,-157.0,-157.0,-152.0,-150.0,-157.0,-154.0,-152.5,-153.0,-154.5,-157.0,-155.0,-156.0,-156.5,-156.0,-155.0,-157.0,-152.0,-151.5,-153.0,-152.0,-153.0,-152.5,-157.0,-150.0,-149.5,-153.0,-156.0,-154.5,-156.5,-147.5,-146.5,-151.0,-151.0,-152.5,-157.0,-156.0,-151.5,-149.5,-152.0,-151.5,-147.5,-154.5,-149.0,-151.5,-157.0,-151.0,-154.5,-156.5,-156.0,-153.5,-156.0,-153.5,-157.0,-155.0,-154.5,-151.5,-155.0,-148.0,-150.5,-155.5,-153.5,-154.5,-151.0,-153.0,-155.5,-149.5
2026-01-16 16:42:33.583,143.050000,5,-77,-157.0,-157.0,-156.0,-154.0,-151.5,-157.0,-157.0,-151.5,-154.5,-157.0,-157.0,-152.0,-155.0,-153.0,-157.0,-152.5,-154.0,-156.0,-156.5,-151.5,-157.0,-150.0,-148.5,-156.0,-148.0,-151.0,-157.0,-157.0,-150.5,-152.5,-153.0,-154.5,-147.0,-145.0,-149.5,-146.0,-154.0,-154.5,-156.5,-157.0,-157.0,-157.0,-156.0,-156.0,-157.0,-153.5,-154.0,-152.5,-155.0,-156.0,-155.0,-155.0,-152.0,-157.0,-155.5,-155.0,-154.5,-151.0,-154.0,-147.5,-149.0,-157.0,-157.0,-154.0,-153.0,-157.0,-157.0,-157.0,-157.0,-153.0,-154.5,-153.5,-152.0,-150.0,-157.0,-155.5,-154.0,-153.5,-154.0,-150.0,-151.0,-157.0,-157.0,-154.0,-153.5,-151.0,-155.0,-150.0,-149.5,-149.0,-148.5,-152.0,-157.0,-151.5,-150.5,-152.5,-157.0,-150.5,-154.5,-152.0,-151.0,-153.0,-146.5,-145.5,-150.0,-157.0,-157.0,-157.0,-157.0,-157.0,-156.5,-155.0,-157.0,-154.5,-154.5,-156.5,-152.0,-150.0,-153.5,-150.5,-154.5,-153.0,-154.0,-156.0,-157.0,-150.0,-153.5,-156.5,-152.0,-148.0,-150.5,-150.5,-154.0,-153.0,-156.5,-156.5,-153.0,-151.5,-153.5,-157.0,-152.0,-157.0,-156.5,-155.5,-150.0,-151.0,-153.0,-153.0,-153.0,-150.5,-155.0,-157.0,-154.0,-157.0,-157.0,-156.5,-154.0,-154.0,-157.0,-155.5,-154.5,-157.0,-147.5,-154.0,-157.0,-157.0,-157.0,-157.0,-152.0,-156.5,-157.0,-157.0,-154.5,-151.5,-157.0,-153.5,-157.0,-154.0,-157.0,-148.0,-152.5,-150.0,-147.5,-148.0,-146.5,-146.5,-157.0,-157.0,-149.5,-151.5,-154.0,-155.0,-157.0,-157.0,-157.0,-156.0,-153.0,-152.0,-152.0,-151.5,-151.0,-152.0,-149.5,-150.5,-152.0,-151.5,-154.0,-150.0,-152.0,-157.0,-154.0,-154.0,-152.5,-155.5,-151.5,-147.0,-148.0,-155.0,-149.0,-147.5,-150.0,-149.0,-157.0,-155.0,-150.5,-157.0,-150.5,-151.5,-156.5,-153.5,-157.0,-154.5,-154.5,-153.5,-157.0,-151.5,-148.0,-151.0,-151.5,-156.0,-156.0,-151.0,-153.0,-150.0,-150.0,-150.5,-151.5,-149.0,-157.0,-152.0,-151.0,-150.0,-155.5,-150.5,-156.0,-157.0,-157.0,-157.0,-155.0,-150.0,-147.5,-148.5,-150.5,-157.0,-153.0,-155.5,-155.0,-153.0,-153.0,-156.5,-157.0,-157.0,-153.5,-152.0,-154.5,-151.0,-152.5,-157.0,-157.0,-156.5,-151.0,-151.0,-157.0,-148.5,-150.5,-150.0,-146.0,-156.0,-155.0,-148.0,-153.5,-151.0,-154.0,-157.0,-157.0,-156.0,-153.0,-151.5,-150.5,-156.0,-148.5,-150.5,-149.5,-152.0,-153.5,-154.5,-157.0,-148.5,-149.0,-154.5,-153.0,-151.0,-155.0,-157.0,-154.0,-156.0,-157.0,-157.0,-157.0,-150.0,-155.5,-154.0,-148.0,-157.0,-151.5,-149.5,-153.0,-151.0,-149.0,-153.0,-151.5,-155.5,-151.5,-152.0,-153.5,-152.5,-148.5,-154.5,-154.0,-155.0,-157.0,-150.0,-147.0,-148.0,-157.0,-157.0,-157.0,-149.5,-149.5,-152.0,-153.0,-152.0,-157.0,-150.0,-145.5,-148.0,-148.0,-151.0,-151.5,-155.5,-152.5,-155.5,-153.0,-149.0,-150.5,-154.0,-152.0,-152.0,-153.0,-153.0,-154.0,-154.5,-157.0,-157.0,-157.0,-157.0,-153.0,-148.5,-147.5,-154.5,-157.0,-157.0,-156.5,-157.0,-157.0,-153.0,-152.5,-152.5,-153.5,-156.0,-154.0,-156.0,-153.0,-151.5,-157.0,-154.0,-157.0,-152.5,-151.5,-149.0,-151.5,-148.0,-149.0,-157.0,-157.0,-152.0,-153.5,-156.5,-157.0,-157.0,-156.5,-151.5,-153.0,-157.0,-155.5,-154.0,-151.0,-155.0,-153.0,-151.0,-157.0,-157.0,-156.0,-155.0,-157.0,-154.0,-157.0,-157.0,-157.0,-151.5,-152.5,-157.0,-153.5,-150.5,-157.0,-157.0,-155.0,-153.0,-151.0,-149.0,-156.0,-152.5,-157.0,-157.0,-157.0,-155.5,-152.0,-150.5,-155.0,-152.0,-157.0,-154.5,-157.0,-157.0,-152.0,-156.0,-152.0,-152.5,-153.0,-154.0,-151.5,-151.5,-156.5,-157.0,-156.0,-157.0,-147.0,-149.0,-157.0,-151.0,-155.0,-150.5,-151.0,-154.5,-157.0
2026-01-16 16:42:33.618,143.050000,5,-77,-157.0,-157.0,-150.0,-151.5,-153.5,-157.0,-154.5,-153.5,-157.0,-157.0,-157.0,-154.5,-152.5,-157.0,-155.5,-151.5,-157.0,-157.0,-157.0,-148.0,-154.5,-153.5,-148.0,-154.0,-149.5,-152.0,-157.0,-157.0,-151.5,-152.0,-154.0,-153.0,-148.0,-146.0,-147.5,-148.0,-148.5,-156.5,-157.0,-157.0,-157.0,-157.0,-153.0,-157.0,-156.5,-148.5,-155.5,-153.0,-157.0,-153.0,-156.0,-154.0,-156.0,-153.5,-153.5,-154.0,-150.5,-149.0,-151.0,-149.5,-152.5,-154.5,-154.5,-155.5,-153.0,-157.0,-155.0,-157.0,-157.0,-151.5,-150.0,-150.0,-156.5,-149.0,-151.5,-151.5,-148.0,-152.0,-152.5,-151.0,-150.5,-157.0,-157.0,-153.5,-151.5,-149.0,-157.0,-153.0,-151.0,-149.5,-147.0,-150.0,-157.0,-155.5,-151.0,-152.0,-148.0,-146.5,-157.0,-153.0,-149.5,-152.0,-149.0,-147.0,-155.5,-157.0,-155.0,-156.5,-152.0,-156.5,-157.0,-153.5,-155.5,-153.5,-157.0,-155.0,-154.5,-153.0,-157.0,-148.0,-150.0,-155.5,-152.5,-154.0,-152.5,-149.5,-157.0,-157.0,-151.0,-151.5,-153.0,-151.5,-157.0,-155.5,-152.0,-152.0,-154.0,-153.0,-157.0,-154.0,-154.0,-157.0,-152.5,-151.0,-152.0,-156.0,-157.0,-157.0,-149.5,-148.0,-157.0,-157.0,-153.0,-157.0,-156.5,-157.0,-157.0,-157.0,-156.0,-154.5,-152.0,-155.0,-148.0,-157.0,-157.0,-157.0,-157.0,-152.5,-152.0,-157.0,-154.5,-154.5,-157.0,-155.0,-157.0,-149.0,-150.5,-156.5,-157.0,-153.5,-157.0,-149.0,-149.0,-153.5,-146.5,-145.0,-155.0,-157.0,-146.5,-148.0,-151.0,-155.0,-157.0,-154.5,-157.0,-157.0,-155.0,-154.5,-154.5,-151.0,-153.0,-156.5,-153.5,-150.5,-157.0,-153.5,-157.0,-152.5,-157.0,-157.0,-154.5,-156.0,-157.0,-157.0,-156.5,-147.5,-148.5,-157.0,-150.5,-147.5,-157.0,-150.0,-154.0,-157.0,-150.5,-152.0,-156.0,-152.5,-153.0,-151.0,-156.0,-155.0,-154.0,-156.0,-157.0,-149.0,-146.0,-152.0,-150.5,-151.0,-153.0,-151.5,-152.5,-150.0,-152.5,-154.5,-155.0,-152.0,-154.0,-153.5,-150.0,-155.5,-156.0,-151.0,-157.0,-157.0,-157.0,-156.0,-157.0,-153.5,-147.0,-150.5,-152.0,-157.0,-151.5,-154.5,-155.0,-157.0,-154.0,-154.0,-157.0,-157.0,-157.0,-151.0,-153.0,-153.0,-153.5,-157.0,-157.0,-157.0,-152.5,-157.0,-157.0,-149.5,-150.5,-148.0,-146.0,-152.5,-157.0,-145.5,-147.5,-152.5,-156.5,-155.5,-155.0,-157.0,-154.5,-156.5,-150.0,-150.5,-149.0,-151.0,-149.0,-149.5,-157.0,-156.5,-157.0,-150.5,-150.5,-153.5,-155.0,-149.5,-152.0,-157.0,-153.0,-156.5,-157.0,-151.0,-148.0,-147.5,-154.0,-157.0,-146.5,-157.0,-154.5,-153.0,-156.0,-153.0,-150.0,-155.0,-150.5,-157.0,-153.5,-157.0,-152.5,-153.0,-150.5,-157.0,-157.0,-157.0,-157.0,-149.0,-147.0,-152.5,-156.5,-157.0,-157.0,-157.0,-148.5,-156.5,-157.0,-153.5,-157.0,-151.0,-147.0,-150.0,-156.5,-153.5,-150.5,-151.0,-155.5,-150.5,-154.0,-152.5,-153.5,-157.0,-152.0,-154.5,-153.5,-157.0,-156.5,-157.0,-157.0,-157.0,-157.0,-155.5,-149.0,-147.0,-148.0,-152.0,-151.5,-155.5,-157.0,-157.0,-157.0,-157.0,-152.5,-154.0,-153.5,-153.0,-154.5,-155.0,-156.5,-154.0,-157.0,-157.0,-156.0,-148.0,-149.0,-152.0,-155.0,-150.0,-153.5,-156.5,-157.0,-151.0,-153.5,-157.0,-156.0,-153.0,-153.5,-150.0,-151.0,-154.0,-156.0,-153.0,-150.0,-152.0,-152.0,-154.0,-157.0,-157.0,-155.0,-155.5,-155.5,-153.5,-157.0,-157.0,-157.0,-154.5,-156.0,-157.0,-157.0,-153.0,-154.5,-156.5,-150.0,-150.5,-153.0,-151.0,-152.0,-157.0,-155.0,-155.0,-157.0,-153.0,-149.0,-151.0,-157.0,-157.0,-157.0,-157.0,-155.0,-156.0,-151.0,-152.0,-153.5,-156.0,-153.5,-152.5,-150.5,-151.0,-157.0,-157.0,-154.5,-152.5,-148.0,-153.5,-151.0,-149.5,-149.5,-151.0,-155.0,-157.0,-157.0
2026-01-16 16:42:33.621,143.050000,5,-77,-157.0,-157.0,-150.0,-151.5,-153.5,-157.0,-154.5,-153.5,-157.0,-157.0,-157.0,-154.5,-152.5,-157.0,-155.5,-151.5,-157.0,-157.0,-157.0,-148.0,-154.5,-153.5,-148.0,-154.0,-149.5,-152.0,-157.0,-157.0,-151.5,-152.0,-154.0,-153.0,-148.0,-146.0,-147.5,-148.0,-148.5,-156.5,-157.0,-157.0,-157.0,-157.0,-153.0,-157.0,-156.5,-148.5,-155.5,-153.0,-157.0,-153.0,-156.0,-154.0,-156.0,-153.5,-153.5,-154.0,-150.5,-149.0,-151.0,-149.5,-152.5,-154.5,-154.5,-155.5,-153.0,-157.0,-155.0,-157.0,-157.0,-151.5,-150.0,-150.0,-156.5,-149.0,-151.5,-151.5,-148.0,-152.0,-152.5,-151.0,-150.5,-157.0,-157.0,-153.5,-151.5,-149.0,-157.0,-153.0,-151.0,-149.5,-147.0,-150.0,-157.0,-155.5,-151.0,-152.0,-148.0,-146.5,-157.0,-153.0,-149.5,-152.0,-149.0,-147.0,-155.5,-157.0,-155.0,-156.5,-152.0,-156.5,-157.0,-153.5,-155.5,-153.5,-157.0,-155.0,-154.5,-153.0,-157.0,-148.0,-150.0,-155.5,-152.5,-154.0,-152.5,-149.5,-157.0,-157.0,-151.0,-151.5,-153.0,-151.5,-157.0,-155.5,-152.0,-152.0,-154.0,-153.0,-157.0,-154.0,-154.0,-157.0,-152.5,-151.0,-152.0,-156.0,-157.0,-157.0,-149.5,-148.0,-157.0,-157.0,-153.0,-157.0,-156.5,-157.0,-157.0,-157.0,-156.0,-154.5,-152.0,-155.0,-148.0,-157.0,-157.0,-157.0,-157.0,-152.5,-152.0,-157.0,-154.5,-154.5,-157.0,-155.0,-157.0,-149.0,-150.5,-156.5,-157.0,-153.5,-157.0,-149.0,-149.0,-153.5,-146.5,-145.0,-155.0,-157.0,-146.5,-148.0,-151.0,-155.0,-157.0,-154.5,-157.0,-157.0,-155.0,-154.5,-154.5,-151.0,-153.0,-156.5,-153.5,-150.5,-157.0,-153.5,-157.0,-152.5,-157.0,-157.0,-154.5,-156.0,-157.0,-157.0,-156.5,-147.5,-148.5,-157.0,-150.5,-147.5,-157.0,-150.0,-154.0,-157.0,-150.5,-152.0,-156.0,-152.5,-153.0,-151.0,-156.0,-155.0,-154.0,-156.0,-157.0,-149.0,-146.0,-152.0,-150.5,-151.0,-153.0,-151.5,-152.5,-150.0,-152.5,-154.5,-155.0,-152.0,-154.0,-153.5,-150.0,-155.5,-156.0,-151.0,-157.0,-157.0,-157.0,-156.0,-157.0,-153.5,-147.0,-150.5,-152.0,-157.0,-151.5,-154.5,-155.0,-157.0,-154.0,-154.0,-157.0,-157.0,-157.0,-151.0,-153.0,-153.0,-153.5,-157.0,-157.0,-157.0,-152.5,-157.0,-157.0,-149.5,-150.5,-148.0,-146.0,-152.5,-157.0,-145.5,-147.5,-152.5,-156.5,-155.5,-155.0,-157.0,-154.5,-156.5,-150.0,-150.5,-149.0,-151.0,-149.0,-149.5,-157.0,-156.5,-157.0,-150.5,-150.5,-153.5,-155.0,-149.5,-152.0,-157.0,-153.0,-156.5,-157.0,-151.0,-148.0,-147.5,-154.0,-157.0,-146.5,-157.0,-154.5,-153.0,-156.0,-153.0,-150.0,-155.0,-150.5,-157.0,-153.5,-157.0,-152.5,-153.0,-150.5,-157.0,-157.0,-157.0,-157.0,-149.0,-147.0,-152.5,-156.5,-157.0,-157.0,-157.0,-148.5,-156.5,-157.0,-153.5,-157.0,-151.0,-147.0,-150.0,-156.5,-153.5,-150.5,-151.0,-155.5,-150.5,-154.0,-152.5,-153.5,-157.0,-152.0,-154.5,-153.5,-157.0,-156.5,-157.0,-157.0,-157.0,-157.0,-155.5,-149.0,-147.0,-148.0,-152.0,-151.5,-155.5,-157.0,-157.0,-157.0,-157.0,-152.5,-154.0,-153.5,-153.0,-154.5,-155.0,-156.5,-154.0,-157.0,-157.0,-156.0,-148.0,-149.0,-152.0,-155.0,-150.0,-153.5,-156.5,-157.0,-151.0,-153.5,-157.0,-156.0,-153.0,-153.5,-150.0,-151.0,-154.0,-156.0,-153.0,-150.0,-152.0,-152.0,-154.0,-157.0,-157.0,-155.0,-155.5,-155.5,-153.5,-157.0,-157.0,-157.0,-154.5,-156.0,-157.0,-157.0,-153.0,-154.5,-156.5,-150.0,-150.5,-153.0,-151.0,-152.0,-157.0,-155.0,-155.0,-157.0,-153.0,-149.0,-151.0,-157.0,-157.0,-157.0,-157.0,-155.0,-156.0,-151.0,-152.0,-153.5,-156.0,-153.5,-152.5,-150.5,-151.0,-157.0,-157.0,-154.5,-152.5,-148.0,-153.5,-151.0,-149.5,-149.5,-151.0,-155.0,-157.0,-157.0
2026-01-16 16:42:33.648,143.050000,5,-77,-157.0,-157.0,-150.5,-152.5,-153.5,-156.5,-152.0,-157.0,-157.0,-154.5,-153.5,-157.0,-154.5,-157.0,-157.0,-149.0,-154.0,-157.0,-156.5,-147.0,-147.5,-150.0,-150.0,-153.5,-152.5,-157.0,-155.5,-157.0,-156.5,-150.0,-151.0,-153.5,-153.0,-148.5,-147.5,-150.5,-146.5,-152.0,-153.5,-152.0,-154.0,-157.0,-156.0,-153.0,-150.0,-148.0,-151.0,-154.0,-157.0,-150.5,-155.5,-153.0,-157.0,-153.0,-156.0,-151.5,-152.5,-151.0,-154.0,-155.5,-157.0,-157.0,-157.0,-157.0,-153.0,-155.5,-154.5,-153.5,-153.5,-153.5,-148.5,-149.5,-156.5,-149.0,-148.0,-148.5,-146.5,-151.5,-153.0,-157.0,-153.5,-157.0,-152.5,-150.5,-149.0,-149.0,-157.0,-152.0,-149.5,-148.5,-147.0,-152.0,-157.0,-155.0,-153.0,-157.0,-146.5,-145.5,-157.0,-153.0,-150.5,-149.5,-147.5,-150.0,-155.0,-156.5,-153.0,-150.0,-151.0,-153.5,-156.0,-149.5,-149.0,-155.5,-156.5,-151.5,-157.0,-157.0,-154.0,-150.5,-153.0,-155.0,-155.0,-157.0,-155.5,-152.5,-154.5,-154.0,-154.5,-157.0,-157.0,-156.0,-157.0,-151.0,-151.0,-153.5,-154.5,-155.5,-152.5,-156.0,-157.0,-157.0,-154.5,-154.0,-153.0,-153.0,-154.0,-157.0,-149.5,-154.0,-154.5,-157.0,-152.5,-157.0,-155.5,-152.5,-155.0,-154.5,-153.0,-155.5,-153.5,-153.5,-151.0,-157.0,-156.5,-156.0,-153.5,-151.0,-154.0,-157.0,-154.5,-151.0,-157.0,-157.0,-153.0,-145.5,-147.5,-154.0,-154.5,-157.0,-157.0,-153.5,-157.0,-157.0,-147.0,-144.5,-157.0,-157.0,-149.5,-155.5,-157.0,-153.0,-157.0,-151.5,-152.5,-157.0,-157.0,-152.0,-150.5,-151.0,-155.5,-155.5,-157.0,-155.0,-154.0,-155.0,-155.5,-152.5,-155.0,-157.0,-152.5,-153.0,-157.0,-157.0,-157.0,-150.5,-153.0,-157.0,-150.5,-148.5,-156.0,-150.5,-150.5,-156.5,-154.0,-152.5,-154.0,-149.5,-152.0,-151.0,-152.0,-155.5,-151.5,-155.5,-154.0,-150.0,-148.0,-155.5,-149.5,-150.0,-151.0,-153.5,-157.0,-154.5,-157.0,-157.0,-157.0,-156.0,-155.5,-151.5,-150.0,-157.0,-155.0,-150.0,-152.0,-157.0,-157.0,-155.0,-157.0,-149.5,-146.5,-153.0,-153.0,-157.0,-148.5,-147.0,-150.5,-157.0,-156.5,-153.5,-155.0,-153.0,-157.0,-152.5,-157.0,-150.0,-150.5,-151.5,-156.5,-157.0,-154.5,-156.0,-156.5,-152.5,-155.0,-153.5,-148.5,-157.0,-156.5,-147.0,-151.5,-152.5,-156.5,-157.0,-154.5,-157.0,-150.0,-150.5,-153.0,-152.5,-152.0,-157.0,-153.5,-157.0,-157.0,-154.0,-155.0,-156.5,-153.0,-154.0,-156.5,-151.5,-157.0,-155.5,-156.5,-154.0,-157.0,-149.0,-146.0,-149.5,-154.5,-156.5,-146.5,-150.5,-157.0,-157.0,-157.0,-157.0,-154.0,-157.0,-151.0,-152.0,-152.0,-154.0,-149.0,-149.5,-152.0,-153.5,-157.0,-157.0,-157.0,-154.5,-151.5,-155.5,-153.0,-157.0,-157.0,-157.0,-150.0,-153.5,-153.0,-154.0,-156.5,-157.0,-147.5,-148.0,-157.0,-157.0,-154.0,-153.5,-154.5,-148.0,-150.5,-155.0,-157.0,-156.5,-153.5,-150.5,-151.0,-155.5,-156.5,-157.0,-157.0,-157.0,-154.5,-154.0,-154.5,-152.5,-157.0,-157.0,-151.0,-156.5,-154.5,-157.0,-157.0,-157.0,-151.0,-153.0,-156.5,-153.5,-157.0,-152.5,-150.0,-150.0,-156.0,-157.0,-157.0,-150.5,-154.5,-156.5,-157.0,-151.5,-155.0,-154.0,-157.0,-151.5,-152.5,-157.0,-152.0,-152.5,-151.5,-148.0,-149.0,-154.0,-154.5,-157.0,-148.5,-149.0,-153.0,-156.0,-157.0,-152.0,-152.5,-156.5,-155.5,-157.0,-157.0,-157.0,-157.0,-155.5,-157.0,-157.0,-155.0,-153.0,-151.0,-151.5,-149.0,-149.5,-153.0,-155.0,-154.5,-157.0,-153.5,-155.5,-157.0,-152.5,-150.0,-151.0,-156.0,-154.5,-157.0,-156.5,-154.5,-154.5,-153.5,-157.0,-156.5,-157.0,-157.0,-154.0,-150.0,-152.0,-151.0,-154.0,-151.5,-147.5,-148.0,-154.0,-152.5,-157.0,-149.5,-155.0,-155.5,-154.5,-151.5
2026-01-16 16:42:33.681,143.050000,5,-77,-157.0,-157.0,-154.0,-157.0,-153.5,-157.0,-150.0,-152.5,-157.0,-153.0,-155.0,-157.0,-157.0,-154.5,-155.5,-146.5,-148.0,-153.0,-155.5,-151.0,-150.0,-151.0,-153.0,-157.0,-157.0,-153.5,-150.0,-157.0,-157.0,-147.5,-149.0,-157.0,-150.0,-150.0,-153.5,-151.5,-147.5,-153.0,-152.5,-150.0,-153.0,-157.0,-157.0,-151.5,-149.5,-149.0,-155.0,-153.5,-150.5,-149.0,-152.5,-152.5,-154.5,-155.5,-151.5,-148.0,-157.0,-154.5,-157.0,-157.0,-157.0,-155.5,-155.5,-157.0,-154.0,-154.0,-156.5,-150.5,-151.0,-156.5,-152.5,-151.5,-153.5,-153.5,-152.0,-154.0,-150.5,-153.5,-154.5,-153.5,-153.5,-157.0,-149.0,-150.5,-154.5,-154.5,-154.5,-156.0,-157.0,-151.5,-149.0,-151.5,-152.0,-152.5,-156.5,-157.0,-148.5,-147.5,-157.0,-157.0,-155.0,-152.0,-148.0,-151.0,-154.5,-156.0,-157.0,-150.5,-154.5,-151.0,-154.0,-152.0,-147.5,-152.5,-155.0,-150.5,-157.0,-157.0,-154.5,-152.5,-152.5,-152.0,-157.0,-157.0,-155.5,-157.0,-154.5,-151.0,-157.0,-157.0,-157.0,-157.0,-155.0,-150.0,-150.0,-154.0,-157.0,-154.5,-150.5,-157.0,-157.0,-157.0,-155.0,-157.0,-157.0,-153.5,-151.5,-153.0,-150.5,-152.5,-152.0,-153.0,-152.5,-153.5,-157.0,-150.5,-154.0,-153.5,-154.5,-153.5,-157.0,-157.0,-154.5,-155.5,-149.0,-149.0,-156.5,-152.0,-156.0,-157.0,-153.5,-150.5,-157.0,-153.5,-147.5,-145.5,-150.5,-149.5,-150.0,-157.0,-154.5,-154.5,-157.0,-157.0,-147.0,-145.0,-154.5,-151.0,-151.5,-157.0,-157.0,-152.5,-157.0,-153.5,-157.0,-157.0,-157.0,-152.5,-152.0,-155.0,-151.5,-152.5,-155.5,-157.0,-155.0,-157.0,-155.0,-154.5,-154.0,-157.0,-150.0,-150.5,-157.0,-157.0,-157.0,-152.5,-157.0,-157.0,-155.5,-152.5,-151.0,-154.5,-154.5,-157.0,-157.0,-155.0,-152.5,-151.5,-155.5,-152.0,-150.0,-153.5,-150.5,-157.0,-149.5,-152.5,-151.0,-151.5,-151.0,-156.5,-152.0,-154.5,-156.0,-157.0,-153.0,-153.0,-155.5,-157.0,-153.0,-151.0,-151.5,-152.0,-157.0,-151.0,-151.0,-154.5,-156.5,-152.5,-150.5,-153.5,-150.0,-153.0,-153.5,-155.5,-149.5,-145.0,-149.0,-157.0,-153.0,-151.5,-154.5,-151.0,-155.0,-156.5,-157.0,-149.0,-148.0,-153.5,-156.5,-156.0,-157.0,-154.5,-154.5,-154.0,-157.0,-152.0,-149.5,-157.0,-156.0,-149.5,-156.5,-155.0,-157.0,-155.5,-151.5,-153.0,-147.5,-149.0,-152.5,-154.0,-157.0,-157.0,-155.5,-157.0,-157.0,-153.5,-155.5,-152.5,-152.0,-155.0,-156.5,-154.5,-157.0,-154.5,-157.0,-157.0,-157.0,-150.0,-151.0,-152.5,-151.5,-156.5,-150.5,-152.0,-153.5,-157.0,-154.5,-157.0,-157.0,-152.0,-154.5,-151.0,-153.5,-152.0,-149.5,-149.0,-156.0,-149.5,-151.5,-157.0,-157.0,-156.5,-156.5,-155.0,-149.5,-150.5,-154.0,-154.5,-151.0,-152.0,-155.0,-157.0,-152.5,-157.0,-150.0,-147.0,-155.5,-157.0,-157.0,-157.0,-153.0,-145.0,-147.0,-157.0,-157.0,-157.0,-151.5,-151.0,-149.5,-151.5,-151.5,-152.0,-152.5,-157.0,-153.0,-155.0,-157.0,-155.5,-157.0,-157.0,-155.0,-157.0,-152.0,-157.0,-157.0,-152.0,-151.5,-153.5,-153.0,-154.0,-156.5,-151.5,-151.5,-148.5,-154.0,-153.5,-152.0,-150.0,-157.0,-155.0,-155.0,-152.0,-151.5,-156.5,-157.0,-152.5,-155.5,-157.0,-156.0,-157.0,-150.5,-150.0,-154.0,-157.0,-153.0,-156.0,-150.0,-152.0,-157.0,-152.5,-154.0,-152.0,-156.5,-157.0,-151.5,-156.5,-157.0,-157.0,-154.0,-154.0,-157.0,-157.0,-157.0,-156.5,-151.0,-149.5,-149.5,-152.0,-157.0,-157.0,-154.0,-153.0,-157.0,-156.5,-157.0,-156.5,-155.5,-157.0,-157.0,-150.5,-153.5,-157.0,-156.0,-153.0,-151.5,-157.0,-152.0,-155.0,-157.0,-153.5,-152.0,-152.0,-150.5,-150.0,-154.5,-151.0,-152.5,-153.0,-156.0,-157.0,-151.5,-155.5,-157.0,-156.5,-149.5
2026-01-16 16:42:33.718,143.050000,5,-77,-157.0,-157.0,-157.0,-152.0,-152.0,-157.0,-151.5,-150.0,-150.0,-151.0,-157.0,-157.0,-157.0,-153.5,-157.0,-147.5,-150.5,-153.5,-157.0,-157.0,-157.0,-157.0,-154.5,-154.0,-155.0,-149.5,-149.0,-156.0,-157.0,-149.5,-152.5,-157.0,-152.0,-149.0,-152.5,-149.0,-149.5,-157.0,-155.5,-150.0,-153.0,-157.0,-157.0,-155.0,-152.5,-150.0,-153.5,-151.0,-150.0,-154.0,-153.0,-149.5,-150.0,-155.5,-150.0,-145.5,-148.0,-156.0,-154.5,-155.0,-155.0,-153.0,-152.0,-157.0,-157.0,-157.0,-152.5,-151.0,-154.0,-156.5,-157.0,-153.0,-151.5,-156.0,-157.0,-152.0,-157.0,-157.0,-157.0,-155.5,-155.5,-154.5,-149.0,-155.5,-154.0,-157.0,-156.0,-157.0,-154.5,-149.5,-151.0,-154.5,-152.0,-155.0,-157.0,-157.0,-151.0,-150.5,-154.0,-157.0,-154.5,-157.0,-151.5,-152.0,-154.5,-153.0,-157.0,-156.0,-153.0,-152.0,-157.0,-154.0,-146.5,-149.0,-153.5,-149.5,-155.0,-154.5,-155.5,-152.0,-151.5,-153.0,-157.0,-154.5,-153.5,-154.0,-157.0,-152.5,-156.0,-157.0,-157.0,-157.0,-157.0,-157.0,-150.0,-149.5,-157.0,-153.0,-150.0,-154.5,-157.0,-157.0,-156.0,-157.0,-157.0,-157.0,-152.5,-157.0,-150.5,-147.5,-155.5,-154.5,-156.0,-157.0,-157.0,-153.5,-155.5,-156.0,-157.0,-151.5,-151.5,-152.0,-155.5,-154.5,-149.5,-148.0,-157.0,-151.0,-150.0,-157.0,-153.5,-154.5,-157.0,-150.5,-149.0,-147.5,-147.5,-149.0,-148.5,-153.0,-152.0,-155.0,-154.0,-154.5,-151.5,-146.5,-156.0,-152.0,-157.0,-157.0,-157.0,-153.5,-154.5,-154.0,-154.5,-152.0,-157.0,-157.0,-157.0,-156.5,-152.5,-156.5,-157.0,-157.0,-154.0,-156.5,-155.5,-155.5,-152.5,-151.0,-149.0,-154.0,-157.0,-154.5,-154.0,-152.0,-157.0,-157.0,-157.0,-157.0,-150.0,-157.0,-152.0,-155.0,-157.0,-151.5,-150.5,-153.5,-157.0,-152.0,-149.5,-152.0,-149.5,-155.0,-149.0,-152.0,-154.5,-150.0,-155.5,-154.5,-155.0,-157.0,-157.0,-157.0,-149.5,-151.5,-153.0,-157.0,-150.0,-151.0,-157.0,-153.0,-155.0,-153.5,-157.0,-151.5,-154.0,-153.0,-149.0,-154.5,-154.0,-149.5,-157.0,-153.0,-156.0,-148.0,-150.0,-157.0,-149.0,-150.0,-155.5,-154.0,-155.0,-157.0,-157.0,-149.5,-150.5,-157.0,-157.0,-156.0,-157.0,-153.5,-153.5,-155.0,-157.0,-152.0,-151.0,-152.0,-155.5,-151.5,-156.0,-157.0,-154.5,-152.0,-154.0,-156.5,-148.5,-151.0,-150.5,-151.5,-157.0,-156.0,-156.5,-157.0,-157.0,-153.5,-153.0,-152.5,-157.0,-155.5,-157.0,-157.0,-155.5,-155.5,-156.5,-157.0,-152.5,-149.5,-157.0,-153.0,-151.0,-153.5,-156.0,-157.0,-153.0,-154.0,-154.5,-154.5,-153.5,-151.5,-154.0,-153.0,-155.0,-154.5,-154.5,-153.0,-157.0,-149.0,-152.0,-157.0,-157.0,-157.0,-156.5,-157.0,-147.0,-147.0,-152.0,-156.5,-156.0,-156.5,-157.0,-154.0,-150.5,-155.5,-150.5,-148.0,-153.0,-157.0,-157.0,-157.0,-157.0,-147.0,-147.0,-157.0,-157.0,-157.0,-151.5,-148.5,-151.5,-147.5,-149.0,-151.5,-148.5,-157.0,-155.5,-157.0,-157.0,-150.5,-150.5,-153.0,-157.0,-152.5,-150.0,-157.0,-156.5,-150.5,-153.5,-152.0,-153.5,-155.0,-154.5,-150.5,-154.0,-151.5,-153.0,-153.0,-153.5,-152.0,-154.0,-157.0,-157.0,-157.0,-157.0,-157.0,-152.0,-150.0,-155.5,-157.0,-157.0,-157.0,-155.0,-151.5,-155.0,-157.0,-153.0,-157.0,-153.0,-157.0,-157.0,-150.0,-150.0,-155.0,-157.0,-154.5,-150.0,-154.0,-154.5,-154.0,-157.0,-155.0,-156.5,-154.5,-155.0,-157.0,-156.0,-153.0,-153.0,-157.0,-157.0,-157.0,-157.0,-156.0,-156.5,-152.5,-157.0,-156.0,-153.0,-157.0,-155.5,-150.0,-153.5,-157.0,-154.0,-147.5,-147.0,-150.0,-150.5,-153.5,-155.5,-154.5,-157.0,-152.0,-151.5,-155.0,-152.5,-153.5,-153.5,-154.0,-156.5,-153.5,-152.5,-157.0,-157.0,-157.0,-151.5
2026-01-16 16:42:33.722,143.050000,5,-77,-157.0,-157.0,-157.0,-152.0,-152.0,-157.0,-151.5,-150.0,-150.0,-151.0,-157.0,-157.0,-157.0,-153.5,-157.0,-147.5,-150.5,-153.5,-157.0,-157.0,-157.0,-157.0,-154.5,-154.0,-155.0,-149.5,-149.0,-156.0,-157.0,-149.5,-152.5,-157.0,-152.0,-149.0,-152.5,-149.0,-149.5,-157.0,-155.5,-150.0,-153.0,-157.0,-157.0,-155.0,-152.5,-150.0,-153.5,-151.0,-150.0,-154.0,-153.0,-149.5,-150.0,-155.5,-150.0,-145.5,-148.0,-156.0,-154.5,-155.0,-155.0,-153.0,-152.0,-157.0,-157.0,-157.0,-152.5,-151.0,-154.0,-156.5,-157.0,-153.0,-151.5,-156.0,-157.0,-152.0,-157.0,-157.0,-157.0,-155.5,-155.5,-154.5,-149.0,-155.5,-154.0,-157.0,-156.0,-157.0,-154.5,-149.5,-151.0,-154.5,-152.0,-155.0,-157.0,-157.0,-151.0,-150.5,-154.0,-157.0,-154.5,-157.0,-151.5,-152.0,-154.5,-153.0,-157.0,-156.0,-153.0,-152.0,-157.0,-154.0,-146.5,-149.0,-153.5,-149.5,-155.0,-154.5,-155.5,-152.0,-151.5,-153.0,-157.0,-154.5,-153.5,-154.0,-157.0,-152.5,-156.0,-157.0,-157.0,-157.0,-157.0,-157.0,-150.0,-149.5,-157.0,-153.0,-150.0,-154.5,-157.0,-157.0,-156.0,-157.0,-157.0,-157.0,-152.5,-157.0,-150.5,-147.5,-155.5,-154.5,-156.0,-157.0,-157.0,-153.5,-155.5,-156.0,-157.0,-151.5,-151.5,-152.0,-155.5,-154.5,-149.5,-148.0,-157.0,-151.0,-150.0,-157.0,-153.5,-154.5,-157.0,-150.5,-149.0,-147.5,-147.5,-149.0,-148.5,-153.0,-152.0,-155.0,-154.0,-154.5,-151.5,-146.5,-156.0,-152.0,-157.0,-157.0,-157.0,-153.5,-154.5,-154.0,-154.5,-152.0,-157.0,-157.0,-157.0,-156.5,-152.5,-156.5,-157.0,-157.0,-154.0,-156.5,-155.5,-155.5,-152.5,-151.0,-149.0,-154.0,-157.0,-154.5,-154.0,-152.0,-157.0,-157.0,-157.0,-157.0,-150.0,-157.0,-152.0,-155.0,-157.0,-151.5,-150.5,-153.5,-157.0,-152.0,-149.5,-152.0,-149.5,-155.0,-149.0,-152.0,-154.5,-150.0,-155.5,-154.5,-155.0,-157.0,-157.0,-157.0,-149.5,-151.5,-153.0,-157.0,-150.0,-151.0,-157.0,-153.0,-155.0,-153.5,-157.0,-151.5,-154.0,-153.0,-149.0,-154.5,-154.0,-149.5,-157.0,-153.0,-156.0,-148.0,-150.0,-157.0,-149.0,-150.0,-155.5,-154.0,-155.0,-157.0,-157.0,-149.5,-150.5,-157.0,-157.0,-156.0,-157.0,-153.5,-153.5,-155.0,-157.0,-152.0,-151.0,-152.0,-155.5,-151.5,-156.0,-157.0,-154.5,-152.0,-154.0,-156.5,-148.5,-151.0,-150.5,-151.5,-157.0,-156.0,-156.5,-157.0,-157.0,-153.5,-153.0,-152.5,-157.0,-155.5,-157.0,-157.0,-155.5,-155.5,-156.5,-157.0,-152.5,-149.5,-157.0,-153.0,-151.0,-153.5,-156.0,-157.0,-153.0,-154.0,-154.5,-154.5,-153.5,-151.5,-154.0,-153.0,-155.0,-154.5,-154.5,-153.0,-157.0,-149.0,-152.0,-157.0,-157.0,-157.0,-156.5,-157.0,-147.0,-147.0,-152.0,-156.5,-156.0,-156.5,-157.0,-154.0,-150.5,-155.5,-150.5,-148.0,-153.0,-157.0,-157.0,-157.0,-157.0,-147.0,-147.0,-157.0,-157.0,-157.0,-151.5,-148.5,-151.5,-147.5,-149.0,-151.5,-148.5,-157.0,-155.5,-157.0,-157.0,-150.5,-150.5,-153.0,-157.0,-152.5,-150.0,-157.0,-156.5,-150.5,-153.5,-152.0,-153.5,-155.0,-154.5,-150.5,-154.0,-151.5,-153.0,-153.0,-153.5,-152.0,-154.0,-157.0,-157.0,-157.0,-157.0,-157.0,-152.0,-150.0,-155.5,-157.0,-157.0,-157.0,-155.0,-151.5,-155.0,-157.0,-153.0,-157.0,-153.0,-157.0,-157.0,-150.0,-150.0,-155.0,-157.0,-154.5,-150.0,-154.0,-154.5,-154.0,-157.0,-155.0,-156.5,-154.5,-155.0,-157.0,-156.0,-153.0,-153.0,-157.0,-157.0,-157.0,-157.0,-156.0,-156.5,-152.5,-157.0,-156.0,-153.0,-157.0,-155.5,-150.0,-153.5,-157.0,-154.0,-147.5,-147.0,-150.0,-150.5,-153.5,-155.5,-154.5,-157.0,-152.0,-151.5,-155.0,-152.5,-153.5,-153.5,-154.0,-156.5,-153.5,-152.5,-157.0,-157.0,-157.0,-151.5
2026-01-16 16:42:33.757,143.050000,5,-77,-157.0,-157.0,-155.0,-147.5,-153.5,-157.0,-155.5,-156.0,-151.5,-150.5,-153.5,-156.5,-157.0,-157.0,-152.0,-149.5,-157.0,-157.0,-157.0,-154.0,-152.5,-153.0,-156.5,-150.0,-151.5,-151.5,-154.5,-151.5,-156.0,-153.0,-157.0,-157.0,-157.0,-149.5,-151.5,-151.0,-154.5,-157.0,-157.0,-153.0,-152.5,-155.5,-154.5,-155.5,-151.0,-151.5,-151.0,-152.0,-156.0,-155.0,-154.5,-152.5,-152.5,-153.0,-150.5,-147.0,-147.0,-156.0,-154.5,-157.0,-153.5,-154.5,-155.0,-157.0,-157.0,-155.5,-155.0,-152.5,-157.0,-154.5,-157.0,-157.0,-149.5,-150.5,-154.5,-148.0,-150.5,-155.5,-157.0,-157.0,-157.0,-152.5,-148.0,-149.5,-153.0,-157.0,-153.0,-154.5,-154.5,-149.0,-152.5,-157.0,-155.5,-157.0,-157.0,-157.0,-156.0,-152.5,-151.5,-151.5,-151.5,-157.0,-155.0,-151.5,-157.0,-152.0,-152.0,-157.0,-157.0,-157.0,-157.0,-147.0,-146.0,-157.0,-153.0,-148.5,-157.0,-155.5,-156.5,-150.5,-156.0,-157.0,-157.0,-157.0,-157.0,-154.0,-155.0,-156.0,-155.0,-154.5,-157.0,-157.0,-157.0,-155.0,-153.5,-150.0,-153.0,-155.5,-151.0,-153.5,-157.0,-157.0,-157.0,-157.0,-156.5,-155.0,-152.5,-153.5,-149.0,-149.5,-154.5,-157.0,-155.5,-157.0,-156.0,-154.0,-157.0,-157.0,-157.0,-153.5,-149.5,-148.5,-156.0,-157.0,-156.0,-152.0,-157.0,-155.0,-149.0,-151.5,-150.0,-157.0,-157.0,-155.5,-155.5,-150.5,-146.5,-146.5,-151.0,-149.5,-153.5,-156.5,-155.0,-152.0,-150.0,-147.5,-157.0,-157.0,-157.0,-157.0,-153.5,-156.5,-152.5,-152.5,-154.5,-149.5,-152.5,-157.0,-157.0,-153.5,-152.5,-153.0,-156.5,-155.0,-151.5,-157.0,-151.5,-152.0,-153.0,-148.0,-149.0,-154.0,-155.5,-157.0,-156.0,-153.0,-157.0,-155.0,-152.0,-151.0,-152.0,-156.0,-151.5,-151.5,-157.0,-153.0,-153.5,-152.5,-155.5,-157.0,-151.0,-147.0,-149.0,-157.0,-150.5,-156.5,-154.5,-155.0,-157.0,-154.5,-157.0,-157.0,-157.0,-157.0,-151.0,-153.5,-151.5,-151.0,-149.5,-152.0,-154.5,-157.0,-151.0,-151.5,-155.5,-150.5,-153.0,-151.0,-150.5,-151.0,-150.0,-150.5,-157.0,-150.5,-157.0,-154.5,-154.0,-155.0,-149.0,-157.0,-154.5,-157.0,-156.5,-157.0,-152.0,-149.5,-154.5,-154.5,-157.0,-155.5,-157.0,-151.5,-150.5,-155.0,-157.0,-154.5,-153.5,-152.0,-152.5,-152.5,-156.5,-156.0,-157.0,-153.5,-157.0,-157.0,-151.5,-153.0,-151.5,-157.0,-157.0,-156.5,-154.5,-157.0,-156.5,-156.5,-152.5,-157.0,-157.0,-156.5,-153.0,-155.5,-157.0,-156.5,-157.0,-157.0,-152.5,-149.0,-154.5,-154.0,-157.0,-156.0,-157.0,-157.0,-157.0,-155.0,-157.0,-154.0,-151.0,-151.0,-153.0,-154.0,-154.0,-157.0,-152.5,-156.0,-157.0,-150.5,-154.5,-157.0,-157.0,-157.0,-153.0,-149.5,-150.5,-151.0,-157.0,-157.0,-157.0,-157.0,-157.0,-157.0,-151.0,-153.5,-154.0,-152.5,-150.5,-152.5,-154.5,-156.0,-155.5,-154.5,-151.5,-153.0,-157.0,-157.0,-155.0,-146.5,-152.0,-151.5,-150.5,-156.0,-147.5,-149.0,-154.0,-156.5,-155.0,-152.5,-150.5,-152.5,-157.0,-156.0,-150.0,-153.0,-154.5,-153.0,-153.0,-155.0,-157.0,-157.0,-157.0,-150.0,-154.0,-155.0,-156.0,-157.0,-157.0,-157.0,-154.0,-157.0,-156.5,-157.0,-157.0,-157.0,-154.5,-148.0,-150.5,-157.0,-157.0,-157.0,-157.0,-149.0,-152.0,-157.0,-157.0,-154.0,-154.0,-157.0,-157.0,-152.5,-152.5,-156.5,-157.0,-157.0,-151.5,-151.5,-150.5,-153.5,-154.0,-157.0,-155.0,-152.0,-151.5,-152.0,-157.0,-157.0,-157.0,-157.0,-157.0,-156.0,-156.5,-157.0,-155.0,-151.0,-156.0,-151.5,-150.5,-155.0,-149.0,-148.5,-157.0,-157.0,-157.0,-150.0,-150.0,-149.0,-153.5,-155.5,-155.0,-157.0,-157.0,-149.0,-149.0,-154.5,-155.0,-157.0,-157.0,-152.5,-157.0,-156.5,-153.5,-157.0,-157.0,-157.0,-157.0
2026-01-16 16:42:33.782,143.050000,5,-77,-157.0,-157.0,-150.5,-146.5,-149.0,-156.0,-153.5,-155.0,-155.5,-153.5,-154.0,-157.0,-156.5,-157.0,-154.5,-153.0,-157.0,-155.5,-154.5,-148.5,-148.0,-153.5,-157.0,-151.5,-157.0,-155.5,-151.0,-151.5,-152.0,-152.5,-157.0,-155.5,-156.0,-152.5,-155.5,-154.5,-154.5,-155.0,-155.0,-157.0,-157.0,-152.0,-152.5,-157.0,-151.5,-151.0,-150.5,-153.0,-153.5,-151.0,-155.0,-157.0,-155.0,-154.5,-157.0,-154.5,-150.5,-152.5,-154.5,-157.0,-154.0,-157.0,-157.0,-157.0,-155.5,-153.0,-157.0,-155.5,-157.0,-151.5,-152.5,-151.0,-153.0,-154.5,-149.5,-146.0,-151.0,-155.5,-153.5,-155.0,-154.0,-153.5,-151.0,-152.5,-157.0,-154.0,-152.0,-151.5,-154.5,-153.0,-152.0,-152.0,-150.0,-154.5,-157.0,-152.0,-155.0,-156.5,-157.0,-152.0,-153.0,-157.0,-157.0,-154.0,-157.0,-157.0,-152.0,-157.0,-157.0,-157.0,-155.5,-145.5,-146.0,-157.0,-155.0,-149.0,-153.5,-157.0,-152.5,-148.5,-154.0,-156.0,-152.5,-156.0,-157.0,-157.0,-155.0,-157.0,-157.0,-152.5,-157.0,-157.0,-157.0,-152.0,-152.0,-149.5,-150.0,-153.5,-154.5,-156.0,-155.5,-157.0,-154.0,-153.0,-157.0,-156.5,-156.5,-152.5,-152.0,-155.5,-155.0,-155.5,-157.0,-155.5,-156.0,-153.0,-154.0,-155.5,-157.0,-157.0,-155.5,-151.0,-156.5,-154.5,-157.0,-157.0,-157.0,-157.0,-147.0,-148.0,-148.0,-152.0,-157.0,-157.0,-157.0,-157.0,-147.0,-144.5,-148.5,-149.5,-153.0,-157.0,-155.0,-150.0,-149.0,-148.0,-156.5,-157.0,-153.5,-157.0,-153.0,-155.5,-152.5,-152.0,-150.5,-149.5,-153.5,-157.0,-157.0,-156.5,-156.0,-150.0,-151.0,-151.0,-149.5,-157.0,-150.0,-153.0,-153.0,-150.0,-157.0,-156.0,-157.0,-156.5,-156.0,-156.0,-156.0,-155.5,-150.0,-149.0,-157.0,-156.5,-152.0,-150.0,-157.0,-155.5,-156.0,-150.0,-150.0,-157.0,-152.5,-149.0,-154.5,-157.0,-153.5,-151.5,-151.0,-157.0,-154.5,-151.5,-157.0,-157.0,-157.0,-157.0,-154.0,-149.5,-152.5,-150.5,-150.0,-150.0,-153.0,-157.0,-151.5,-150.0,-153.5,-155.0,-151.0,-152.5,-154.5,-150.5,-149.0,-157.0,-152.5,-150.0,-157.0,-156.0,-153.5,-149.5,-149.0,-154.0,-150.0,-157.0,-157.0,-157.0,-150.5,-152.0,-153.0,-155.0,-156.5,-153.0,-157.0,-153.0,-152.0,-157.0,-157.0,-150.5,-151.5,-157.0,-149.5,-152.5,-157.0,-156.5,-157.0,-156.5,-157.0,-154.0,-152.5,-152.5,-154.0,-153.5,-154.5,-157.0,-154.0,-154.0,-157.0,-157.0,-154.0,-157.0,-155.0,-156.0,-153.5,-156.0,-157.0,-157.0,-157.0,-156.5,-157.0,-151.5,-156.0,-153.0,-155.0,-157.0,-155.0,-157.0,-157.0,-154.5,-157.0,-151.5,-150.0,-149.0,-155.5,-157.0,-153.5,-155.5,-153.0,-155.5,-151.5,-152.5,-157.0,-155.5,-157.0,-157.0,-152.0,-150.0,-153.0,-156.0,-154.5,-156.5,-157.0,-157.0,-157.0,-157.0,-152.0,-155.0,-152.0,-153.5,-152.5,-150.5,-153.0,-151.5,-151.5,-154.0,-156.5,-151.0,-151.0,-154.0,-157.0,-149.0,-151.5,-157.0,-156.0,-157.0,-149.0,-149.0,-153.0,-154.5,-153.5,-157.0,-156.5,-157.0,-157.0,-156.0,-153.5,-148.0,-150.5,-157.0,-157.0,-154.5,-153.0,-154.5,-152.5,-152.0,-156.5,-154.0,-157.0,-153.0,-151.5,-157.0,-157.0,-155.5,-153.0,-157.0,-157.0,-157.0,-157.0,-150.5,-154.0,-155.0,-157.0,-155.0,-156.5,-150.0,-152.0,-157.0,-157.0,-154.5,-156.5,-157.0,-157.0,-157.0,-157.0,-152.5,-155.0,-156.0,-151.5,-153.0,-151.5,-152.5,-153.5,-156.5,-155.5,-154.0,-152.5,-151.5,-150.5,-150.0,-152.5,-157.0,-157.0,-157.0,-152.5,-152.0,-156.5,-152.0,-157.0,-150.5,-153.0,-152.5,-152.5,-149.5,-157.0,-156.5,-157.0,-157.0,-153.5,-147.5,-149.5,-153.0,-155.0,-157.0,-157.0,-149.5,-154.5,-154.0,-157.0,-157.0,-157.0,-150.5,-153.5,-157.0,-153.0,-156.0,-157.0,-155.5,-157.0
2026-01-16 16:42:33.818,143.050000,5,-77,-157.0,-157.0,-157.0,-151.0,-149.0,-151.0,-154.5,-150.5,-150.5,-151.5,-151.0,-150.5,-150.0,-152.5,-157.0,-157.0,-157.0,-155.5,-157.0,-149.5,-151.0,-157.0,-152.5,-152.5,-157.0,-152.0,-148.5,-157.0,-153.0,-150.5,-153.0,-153.0,-155.0,-154.0,-156.5,-152.5,-155.0,-156.0,-151.0,-155.0,-157.0,-155.5,-156.5,-157.0,-157.0,-152.0,-150.0,-156.0,-157.0,-152.5,-153.5,-154.0,-157.0,-151.0,-154.0,-157.0,-155.0,-155.0,-155.0,-157.0,-153.5,-157.0,-157.0,-157.0,-153.0,-150.0,-156.5,-157.0,-157.0,-151.5,-149.5,-150.0,-157.0,-157.0,-152.5,-146.5,-154.0,-154.5,-153.5,-151.5,-152.0,-152.5,-152.0,-154.0,-152.0,-149.5,-151.0,-152.5,-153.5,-156.5,-154.0,-152.5,-147.0,-148.5,-150.0,-148.0,-153.0,-155.0,-157.0,-157.0,-157.0,-157.0,-157.0,-155.0,-153.0,-155.0,-154.5,-157.0,-157.0,-157.0,-156.5,-148.5,-151.5,-153.5,-155.0,-148.0,-148.0,-154.0,-154.0,-148.5,-151.5,-154.5,-150.5,-151.5,-157.0,-157.0,-157.0,-157.0,-157.0,-152.5,-157.0,-152.5,-153.5,-157.0,-156.0,-151.0,-151.5,-150.5,-152.0,-153.5,-154.0,-157.0,-150.5,-149.0,-154.0,-155.5,-157.0,-157.0,-156.0,-153.0,-154.5,-153.5,-155.5,-148.0,-150.5,-152.0,-148.0,-148.0,-154.5,-157.0,-154.5,-154.0,-157.0,-153.0,-155.5,-157.0,-157.0,-157.0,-148.5,-152.0,-149.5,-152.5,-155.0,-157.0,-157.0,-157.0,-156.0,-147.0,-149.0,-152.0,-153.5,-154.5,-152.5,-148.5,-150.0,-148.5,-154.5,-154.5,-151.0,-152.0,-154.0,-155.0,-154.0,-150.5,-151.0,-152.5,-152.0,-153.0,-157.0,-157.0,-157.0,-155.5,-150.0,-152.5,-149.0,-157.0,-151.0,-152.0,-151.5,-153.5,-157.0,-156.0,-155.0,-151.0,-156.0,-157.0,-157.0,-157.0,-151.0,-150.5,-157.0,-152.5,-149.0,-151.5,-157.0,-157.0,-152.0,-152.0,-150.5,-157.0,-155.5,-153.0,-153.0,-151.5,-152.0,-154.5,-154.0,-157.0,-150.5,-150.5,-150.5,-151.0,-157.0,-157.0,-151.0,-147.0,-157.0,-153.0,-152.0,-148.0,-150.5,-156.5,-157.0,-150.0,-151.5,-151.5,-152.5,-153.0,-155.0,-150.0,-151.0,-157.0,-156.5,-155.0,-157.0,-155.5,-153.0,-150.0,-153.0,-153.5,-148.0,-155.5,-157.0,-153.0,-150.5,-155.0,-153.5,-156.5,-154.5,-154.0,-157.0,-155.0,-156.0,-156.5,-157.0,-150.0,-151.0,-157.0,-152.0,-151.0,-152.0,-157.0,-157.0,-155.5,-151.5,-152.0,-148.5,-148.5,-157.0,-148.5,-149.5,-153.0,-152.5,-151.0,-156.5,-157.0,-155.0,-157.0,-157.0,-157.0,-157.0,-157.0,-157.0,-157.0,-157.0,-154.5,-156.5,-154.5,-157.0,-153.0,-152.5,-157.0,-157.0,-157.0,-156.5,-155.0,-154.5,-151.5,-149.0,-150.5,-157.0,-157.0,-154.0,-157.0,-157.0,-153.0,-150.0,-155.0,-151.5,-151.5,-153.5,-156.0,-152.5,-157.0,-153.0,-152.0,-151.0,-153.0,-152.5,-150.0,-150.5,-157.0,-149.5,-149.5,-150.5,-153.0,-153.5,-153.0,-155.5,-152.5,-153.0,-150.5,-151.5,-151.0,-149.0,-155.5,-150.5,-150.0,-156.5,-154.0,-157.0,-155.0,-152.0,-155.5,-151.0,-150.0,-151.5,-157.0,-156.5,-157.0,-153.0,-152.5,-156.0,-149.0,-149.0,-157.0,-156.5,-154.0,-151.5,-153.5,-151.0,-157.0,-157.0,-153.5,-154.5,-148.5,-148.0,-152.5,-152.0,-156.5,-153.0,-154.5,-156.0,-157.0,-154.0,-149.0,-156.0,-156.0,-157.0,-152.0,-150.5,-152.0,-155.5,-155.0,-154.0,-153.5,-155.0,-153.0,-156.0,-155.5,-157.0,-151.0,-151.0,-153.0,-151.0,-152.0,-152.0,-151.5,-157.0,-157.0,-156.5,-157.0,-154.0,-156.0,-150.5,-149.0,-150.5,-152.0,-150.5,-157.0,-155.0,-151.0,-152.0,-151.5,-150.5,-148.5,-153.0,-152.5,-154.5,-151.0,-153.5,-152.5,-153.0,-157.0,-154.0,-148.0,-152.5,-150.5,-148.5,-157.0,-156.5,-151.0,-155.0,-152.5,-154.0,-157.0,-157.0,-150.0,-152.5,-157.0,-154.0,-156.0,-157.0,-157.0,-157.0
2026-01-16 16:42:33.853,143.050000,5,-77,-157.0,-157.0,-157.0,-157.0,-150.0,-151.5,-157.0,-153.5,-154.0,-152.0,-149.5,-147.5,-149.0,-150.5,-153.0,-157.0,-157.0,-156.5,-157.0,-152.0,-157.0,-153.0,-155.5,-155.0,-157.0,-156.0,-151.0,-155.0,-155.0,-149.5,-153.0,-155.0,-155.5,-151.5,-152.5,-153.5,-157.0,-155.0,-149.0,-150.0,-152.0,-151.0,-157.0,-157.0,-153.0,-150.0,-153.5,-153.5,-155.5,-155.0,-150.5,-148.5,-154.0,-147.5,-150.5,-157.0,-155.5,-153.5,-152.0,-153.0,-156.0,-156.0,-153.5,-157.0,-154.0,-149.5,-157.0,-157.0,-152.5,-150.5,-153.5,-154.0,-156.5,-157.0,-151.5,-148.0,-157.0,-156.5,-151.5,-150.0,-153.5,-155.0,-152.0,-155.0,-154.0,-153.0,-150.0,-156.0,-157.0,-157.0,-154.5,-151.5,-148.5,-148.0,-150.0,-148.0,-154.0,-154.5,-155.0,-157.0,-153.0,-151.5,-154.5,-151.0,-151.0,-155.5,-155.5,-153.5,-155.5,-153.0,-155.5,-151.0,-157.0,-150.0,-150.5,-149.0,-151.0,-152.0,-152.5,-149.5,-156.0,-155.5,-152.5,-154.0,-154.5,-156.0,-157.0,-157.0,-157.0,-152.5,-157.0,-151.0,-153.5,-156.5,-155.0,-151.0,-149.5,-154.5,-150.0,-156.5,-155.0,-156.5,-150.5,-149.5,-154.5,-154.5,-157.0,-157.0,-157.0,-154.0,-153.5,-154.0,-149.5,-147.0,-146.0,-150.0,-148.0,-147.0,-150.5,-157.0,-153.5,-154.0,-157.0,-152.5,-152.0,-155.5,-156.5,-157.0,-150.0,-152.5,-151.0,-151.5,-150.0,-157.0,-157.0,-153.5,-156.0,-151.5,-151.0,-155.5,-156.5,-151.0,-152.5,-147.5,-146.5,-147.0,-156.5,-155.5,-153.0,-153.0,-157.0,-157.0,-157.0,-151.5,-154.0,-156.0,-151.0,-151.0,-157.0,-153.5,-156.0,-153.0,-148.5,-150.0,-150.0,-150.5,-156.0,-156.0,-156.0,-157.0,-154.0,-157.0,-153.5,-149.0,-150.5,-157.0,-156.0,-154.0,-150.0,-151.5,-154.0,-147.5,-148.5,-155.0,-157.0,-157.0,-151.0,-154.0,-153.5,-157.0,-156.0,-157.0,-152.0,-149.5,-150.5,-157.0,-157.0,-157.0,-151.0,-152.5,-149.5,-147.5,-157.0,-153.0,-149.5,-146.0,-151.5,-151.5,-154.5,-152.5,-152.0,-154.0,-157.0,-151.5,-154.0,-149.0,-153.5,-153.5,-154.0,-155.0,-154.5,-157.0,-157.0,-157.0,-157.0,-156.5,-154.5,-150.5,-156.0,-150.0,-149.5,-156.5,-157.0,-152.0,-155.0,-155.5,-154.5,-155.0,-157.0,-157.0,-152.0,-153.0,-157.0,-153.5,-157.0,-154.0,-155.0,-154.0,-154.5,-151.0,-150.5,-155.0,-151.5,-151.5,-148.0,-150.5,-148.5,-149.0,-157.0,-147.5,-150.0,-152.0,-149.5,-149.0,-150.5,-157.0,-157.0,-157.0,-157.0,-156.0,-157.0,-157.0,-157.0,-157.0,-157.0,-156.0,-152.5,-155.5,-157.0,-153.0,-155.0,-156.5,-157.0,-157.0,-157.0,-157.0,-157.0,-154.0,-151.0,-155.0,-157.0,-155.0,-153.5,-153.5,-157.0,-152.5,-152.5,-151.5,-149.5,-153.5,-153.0,-152.5,-151.5,-155.5,-156.5,-151.5,-153.5,-154.5,-150.5,-147.0,-147.5,-157.0,-152.5,-150.0,-154.5,-154.0,-156.0,-157.0,-157.0,-157.0,-157.0,-152.0,-153.5,-157.0,-152.5,-151.5,-147.5,-149.5,-157.0,-154.0,-150.5,-149.5,-150.0,-152.0,-147.0,-148.0,-154.5,-157.0,-149.5,-151.5,-155.0,-154.5,-152.5,-153.5,-150.0,-152.0,-154.0,-157.0,-152.0,-152.0,-149.0,-155.5,-155.5,-156.0,-156.0,-149.5,-151.0,-150.0,-148.0,-153.0,-157.0,-152.0,-154.5,-155.0,-150.5,-148.5,-151.0,-157.0,-157.0,-152.0,-153.0,-157.0,-157.0,-153.0,-151.5,-148.0,-148.0,-150.5,-151.0,-153.5,-156.5,-151.5,-153.0,-151.5,-150.5,-154.5,-156.5,-156.0,-156.0,-153.5,-154.5,-157.0,-154.0,-155.5,-157.0,-153.0,-151.5,-147.5,-146.5,-157.0,-157.0,-151.0,-151.5,-152.0,-153.0,-151.5,-152.5,-148.0,-151.0,-154.5,-155.5,-154.0,-154.5,-157.0,-154.0,-150.0,-157.0,-153.5,-147.5,-157.0,-157.0,-154.0,-157.0,-151.0,-153.0,-157.0,-157.0,-150.0,-152.0,-157.0,-157.0,-157.0,-157.0,-157.0,-157.0
2026-01-16 16:42:33.885,143.050000,5,-77,-157.0,-157.0,-157.0,-156.5,-150.0,-157.0,-157.0,-157.0,-157.0,-155.5,-154.5,-150.5,-150.0,-153.0,-151.5,-151.0,-155.5,-154.0,-153.0,-150.5,-157.0,-154.0,-155.5,-154.5,-154.0,-155.0,-154.5,-157.0,-155.0,-152.0,-151.5,-156.5,-154.5,-153.5,-154.0,-154.5,-153.5,-153.5,-151.5,-150.0,-150.0,-147.5,-152.5,-157.0,-151.0,-150.5,-157.0,-155.5,-153.0,-157.0,-147.0,-148.0,-152.5,-148.0,-154.0,-157.0,-157.0,-157.0,-149.0,-156.0,-157.0,-152.5,-148.0,-153.0,-151.5,-151.5,-154.0,-156.5,-150.0,-149.0,-155.5,-157.0,-154.0,-152.5,-149.0,-149.0,-157.0,-155.5,-148.0,-151.5,-156.0,-149.0,-149.0,-157.0,-157.0,-153.5,-150.5,-154.5,-154.0,-151.5,-149.5,-150.0,-151.5,-150.0,-150.5,-148.0,-151.0,-150.5,-150.5,-151.5,-148.5,-149.5,-153.0,-153.0,-153.5,-155.0,-157.0,-150.5,-149.5,-151.0,-153.0,-153.5,-155.5,-149.0,-155.0,-148.5,-152.5,-154.5,-153.5,-149.5,-151.0,-156.0,-153.5,-153.5,-157.0,-157.0,-157.0,-157.0,-157.0,-154.5,-154.0,-150.0,-154.5,-153.0,-155.0,-149.5,-150.5,-151.0,-149.5,-157.0,-151.5,-151.5,-155.0,-154.5,-157.0,-155.0,-157.0,-157.0,-155.5,-154.0,-151.5,-149.5,-149.5,-151.5,-148.0,-147.5,-154.0,-153.0,-155.0,-154.5,-156.0,-153.5,-157.0,-157.0,-154.5,-157.0,-156.0,-157.0,-151.0,-156.0,-155.0,-148.5,-147.5,-153.5,-151.0,-149.0,-148.5,-150.0,-151.0,-155.5,-154.0,-152.0,-152.5,-148.5,-149.0,-145.0,-154.5,-150.5,-151.5,-156.5,-157.0,-157.0,-157.0,-155.5,-156.5,-157.0,-153.5,-154.0,-157.0,-152.5,-153.5,-149.5,-152.5,-151.0,-150.0,-149.5,-157.0,-154.5,-157.0,-153.5,-151.0,-157.0,-157.0,-154.0,-151.5,-157.0,-151.0,-150.0,-150.5,-150.5,-157.0,-148.0,-148.5,-150.0,-151.5,-154.5,-152.0,-153.5,-153.5,-157.0,-152.0,-152.5,-155.5,-151.0,-156.5,-157.0,-152.0,-153.5,-154.0,-156.0,-151.0,-148.0,-151.5,-150.5,-151.5,-149.5,-155.5,-152.0,-157.0,-157.0,-155.0,-152.0,-153.5,-157.0,-149.5,-149.0,-155.0,-152.0,-154.0,-153.5,-152.0,-157.0,-152.5,-152.0,-157.0,-157.0,-157.0,-150.0,-152.5,-147.0,-147.5,-149.0,-154.5,-150.5,-157.0,-156.5,-155.0,-153.0,-155.5,-157.0,-152.0,-154.5,-156.5,-151.0,-155.5,-157.0,-157.0,-154.5,-156.0,-155.0,-157.0,-153.0,-149.0,-155.0,-149.0,-154.5,-154.0,-156.0,-156.0,-149.0,-156.0,-157.0,-148.5,-150.5,-152.5,-156.5,-157.0,-157.0,-152.5,-150.0,-156.0,-157.0,-157.0,-157.0,-157.0,-153.5,-151.0,-155.5,-154.5,-148.5,-151.0,-152.0,-151.0,-153.5,-157.0,-157.0,-157.0,-156.0,-156.0,-155.0,-147.5,-148.0,-151.0,-150.0,-157.0,-157.0,-157.0,-153.5,-150.5,-157.0,-153.5,-155.0,-151.5,-152.0,-157.0,-154.0,-153.5,-155.0,-152.5,-147.5,-148.0,-153.0,-153.5,-152.0,-157.0,-152.5,-157.0,-157.0,-156.0,-156.0,-157.0,-153.5,-154.0,-157.0,-156.5,-153.5,-150.0,-151.0,-157.0,-157.0,-154.0,-149.5,-152.0,-151.0,-146.0,-155.0,-157.0,-150.0,-147.0,-152.5,-157.0,-154.5,-152.5,-156.5,-155.0,-152.0,-153.0,-157.0,-150.5,-146.0,-147.5,-149.5,-152.5,-157.0,-156.0,-152.5,-157.0,-149.5,-148.5,-150.5,-154.0,-153.0,-154.5,-157.0,-153.5,-152.5,-151.0,-157.0,-152.0,-151.5,-157.0,-157.0,-157.0,-155.0,-153.5,-146.0,-147.0,-156.0,-152.5,-152.0,-152.5,-152.5,-154.5,-150.5,-152.5,-153.0,-157.0,-157.0,-156.0,-151.5,-154.5,-153.5,-152.5,-157.0,-157.0,-155.0,-154.0,-145.5,-145.0,-157.0,-155.0,-150.0,-151.5,-152.5,-156.5,-156.5,-157.0,-146.5,-152.0,-154.0,-154.5,-155.0,-155.5,-155.5,-157.0,-150.5,-157.0,-157.0,-147.5,-157.0,-157.0,-157.0,-154.5,-152.0,-156.0,-157.0,-157.0,-149.0,-151.5,-157.0,-157.0,-157.0,-157.0,-157.0,-157.0
2026-01-16 16:42:33.914,143.050000,5,-77,-157.0,-157.0,-148.5,-157.0,-149.0,-150.5,-157.0,-157.0,-157.0,-157.0,-157.0,-152.0,-155.5,-153.5,-153.0,-150.0,-154.0,-152.0,-154.0,-150.5,-157.0,-156.0,-156.0,-157.0,-150.5,-155.0,-157.0,-157.0,-156.5,-157.0,-150.5,-154.5,-151.0,-157.0,-157.0,-148.5,-148.5,-157.0,-157.0,-154.5,-154.0,-149.5,-149.5,-150.5,-153.0,-157.0,-157.0,-156.0,-157.0,-155.0,-148.0,-150.5,-154.5,-150.5,-156.5,-156.0,-155.0,-154.5,-151.5,-157.0,-155.5,-148.5,-147.0,-149.5,-153.0,-150.0,-149.0,-153.5,-153.5,-153.0,-157.0,-157.0,-157.0,-148.5,-146.0,-149.5,-157.0,-156.5,-149.5,-155.0,-153.5,-148.0,-148.5,-152.5,-154.5,-151.5,-154.5,-148.5,-149.5,-150.0,-148.5,-155.0,-155.5,-152.0,-156.0,-150.0,-152.5,-151.0,-148.5,-150.0,-152.0,-150.5,-153.0,-155.5,-154.0,-152.5,-156.5,-154.5,-151.5,-155.0,-153.5,-154.0,-150.0,-148.0,-151.0,-150.0,-152.0,-151.0,-157.0,-151.0,-151.0,-157.0,-156.5,-150.5,-157.0,-156.0,-150.5,-151.5,-153.0,-154.5,-154.0,-150.0,-151.5,-157.0,-157.0,-148.5,-149.5,-152.5,-149.5,-154.0,-152.0,-151.0,-157.0,-157.0,-153.0,-152.5,-157.0,-154.5,-151.5,-153.0,-154.5,-154.0,-155.0,-153.0,-154.5,-148.0,-157.0,-157.0,-157.0,-153.0,-152.5,-151.5,-152.0,-157.0,-157.0,-155.5,-156.5,-157.0,-152.5,-157.0,-157.0,-153.0,-149.0,-153.0,-147.5,-150.0,-147.5,-149.5,-148.0,-152.5,-151.5,-150.5,-157.0,-148.5,-146.5,-145.5,-157.0,-149.5,-150.0,-157.0,-157.0,-157.0,-157.0,-154.0,-153.0,-157.0,-156.0,-157.0,-157.0,-154.0,-150.5,-151.5,-157.0,-154.5,-151.5,-154.0,-155.0,-151.5,-157.0,-151.0,-152.5,-155.5,-157.0,-157.0,-157.0,-157.0,-152.0,-153.0,-154.5,-150.5,-154.5,-156.0,-150.5,-150.5,-154.0,-154.0,-154.5,-151.0,-154.0,-155.0,-151.5,-152.0,-153.5,-150.0,-157.0,-157.0,-151.0,-151.0,-157.0,-154.5,-149.5,-153.5,-149.5,-150.0,-150.0,-153.5,-153.0,-151.5,-154.5,-153.5,-154.5,-155.5,-151.5,-153.0,-154.5,-151.0,-150.5,-150.0,-156.0,-147.5,-149.5,-157.0,-150.5,-151.5,-157.0,-157.0,-157.0,-154.0,-148.5,-148.0,-149.0,-151.0,-157.0,-149.5,-151.5,-157.0,-155.0,-151.5,-150.0,-156.0,-154.5,-157.0,-154.0,-150.0,-156.5,-157.0,-154.0,-157.0,-154.5,-155.5,-153.5,-154.0,-150.5,-150.5,-151.0,-154.5,-157.0,-157.0,-154.0,-149.5,-157.0,-155.5,-149.0,-150.5,-153.5,-151.5,-156.5,-154.0,-151.5,-150.5,-156.0,-157.0,-157.0,-157.0,-157.0,-156.0,-151.5,-156.5,-157.0,-147.0,-148.0,-153.5,-151.0,-151.0,-152.0,-157.0,-157.0,-157.0,-157.0,-156.5,-144.0,-146.5,-151.5,-153.5,-157.0,-157.0,-156.5,-156.0,-150.0,-150.0,-153.0,-157.0,-153.0,-151.5,-157.0,-150.5,-148.5,-155.5,-156.5,-152.5,-149.5,-148.5,-148.5,-157.0,-155.0,-152.5,-151.0,-153.0,-149.5,-150.5,-150.5,-152.0,-150.0,-152.0,-152.5,-157.0,-154.0,-151.5,-151.0,-155.0,-157.0,-151.0,-148.5,-147.5,-146.5,-152.0,-155.5,-149.5,-149.0,-155.5,-157.0,-153.5,-155.5,-157.0,-157.0,-155.5,-151.5,-155.5,-150.5,-147.0,-155.5,-150.0,-149.0,-155.5,-155.5,-154.0,-157.0,-151.5,-151.0,-149.5,-150.5,-153.5,-153.0,-151.5,-150.0,-154.0,-153.5,-154.5,-155.0,-153.5,-157.0,-155.0,-157.0,-154.0,-157.0,-149.0,-152.0,-157.0,-153.0,-155.5,-155.0,-157.0,-157.0,-153.5,-157.0,-152.0,-156.5,-157.0,-154.0,-152.0,-152.5,-151.5,-150.5,-153.5,-154.5,-153.5,-157.0,-148.5,-147.5,-156.0,-152.0,-152.5,-151.0,-150.0,-149.5,-150.0,-146.5,-146.0,-152.5,-154.0,-156.5,-154.0,-149.5,-149.0,-150.0,-149.5,-152.5,-151.5,-150.0,-152.5,-157.0,-157.0,-150.5,-150.5,-151.0,-156.0,-153.0,-148.0,-157.0,-157.0,-157.0,-156.5,-157.0,-152.5,-156.5
2026-01-16 16:42:33.959,143.050000,5,-77,-157.0,-157.0,-148.5,-154.0,-149.5,-150.0,-157.0,-157.0,-157.0,-157.0,-157.0,-150.5,-152.0,-154.5,-155.0,-151.0,-149.0,-150.0,-157.0,-151.5,-151.5,-151.5,-153.5,-152.0,-149.5,-155.5,-157.0,-155.0,-154.5,-157.0,-151.5,-152.0,-150.0,-157.0,-149.0,-148.0,-151.0,-153.0,-155.0,-154.0,-154.5,-155.5,-149.5,-147.0,-148.5,-157.0,-153.5,-152.0,-156.5,-157.0,-152.5,-155.5,-154.0,-153.0,-157.0,-153.5,-153.0,-155.0,-156.0,-153.0,-150.5,-147.5,-152.5,-152.5,-157.0,-152.5,-150.5,-153.5,-157.0,-157.0,-156.0,-155.0,-152.0,-151.0,-145.0,-149.5,-153.5,-157.0,-151.5,-152.5,-151.0,-151.5,-153.5,-153.5,-154.0,-154.0,-156.0,-147.5,-150.5,-149.5,-150.5,-155.0,-157.0,-152.5,-154.0,-151.5,-154.5,-157.0,-151.5,-157.0,-157.0,-153.5,-155.5,-155.5,-153.0,-153.0,-156.5,-155.0,-156.0,-156.0,-157.0,-151.0,-155.0,-150.0,-155.5,-154.0,-150.0,-150.5,-157.0,-156.0,-157.0,-154.5,-154.5,-150.0,-157.0,-152.5,-149.0,-154.5,-149.0,-153.0,-153.0,-155.0,-153.0,-154.0,-157.0,-151.0,-149.5,-150.5,-151.5,-152.0,-152.5,-153.0,-155.5,-157.0,-151.0,-154.0,-157.0,-155.0,-153.5,-155.5,-156.0,-157.0,-157.0,-153.5,-151.5,-150.5,-157.0,-157.0,-155.5,-155.5,-153.0,-155.0,-151.5,-153.5,-156.5,-151.5,-151.0,-154.0,-150.0,-154.0,-157.0,-157.0,-154.0,-149.0,-148.0,-153.5,-149.0,-153.5,-148.5,-150.0,-157.0,-147.0,-153.0,-150.0,-149.5,-148.5,-157.0,-149.5,-148.5,-156.5,-157.0,-152.5,-153.0,-157.0,-152.0,-157.0,-156.0,-157.0,-157.0,-151.5,-151.5,-157.0,-157.0,-157.0,-153.5,-154.5,-157.0,-153.0,-157.0,-150.0,-155.5,-153.5,-151.0,-151.5,-157.0,-157.0,-154.5,-157.0,-156.0,-154.0,-155.0,-155.0,-153.0,-155.0,-154.5,-152.5,-155.0,-150.0,-157.0,-156.5,-153.5,-153.0,-151.5,-151.0,-157.0,-157.0,-157.0,-153.5,-157.0,-157.0,-147.5,-149.5,-147.0,-147.5,-157.0,-157.0,-153.0,-157.0,-152.5,-149.0,-152.0,-157.0,-153.0,-152.0,-157.0,-148.0,-147.5,-149.5,-147.5,-148.0,-152.0,-157.0,-154.0,-157.0,-153.5,-154.5,-157.0,-156.5,-153.0,-153.0,-149.5,-155.0,-157.0,-150.5,-149.5,-157.0,-154.5,-151.0,-151.5,-153.5,-156.0,-157.0,-152.5,-152.5,-154.0,-157.0,-150.5,-155.0,-151.5,-149.0,-149.5,-156.5,-151.5,-151.5,-152.5,-152.0,-155.0,-156.0,-156.0,-149.5,-156.5,-148.0,-147.0,-153.0,-155.5,-151.0,-152.5,-153.0,-157.0,-154.5,-155.5,-153.0,-152.5,-150.0,-151.0,-157.0,-152.5,-155.0,-155.5,-149.0,-153.0,-157.0,-154.0,-156.5,-153.5,-156.0,-157.0,-157.0,-157.0,-149.5,-145.5,-146.5,-151.0,-157.0,-157.0,-157.0,-157.0,-157.0,-152.0,-152.0,-155.5,-155.0,-154.0,-152.5,-155.0,-154.0,-147.5,-150.5,-154.0,-157.0,-152.0,-150.5,-149.5,-150.5,-152.0,-154.0,-148.5,-156.5,-151.0,-153.5,-148.5,-153.0,-150.5,-149.5,-150.5,-153.5,-154.5,-155.0,-151.0,-150.5,-156.5,-153.0,-148.0,-147.0,-149.0,-149.0,-151.5,-153.0,-156.5,-157.0,-153.0,-151.0,-152.0,-153.0,-157.0,-156.0,-150.0,-155.0,-153.0,-150.0,-157.0,-153.5,-149.0,-152.0,-155.0,-154.5,-157.0,-157.0,-156.0,-152.5,-154.0,-151.5,-152.0,-146.0,-145.5,-149.0,-152.0,-155.0,-155.0,-155.5,-157.0,-154.5,-157.0,-155.0,-157.0,-152.5,-157.0,-157.0,-153.0,-154.5,-156.5,-157.0,-157.0,-155.5,-154.5,-151.5,-156.0,-155.0,-150.5,-151.5,-152.5,-153.0,-151.5,-153.0,-147.5,-147.5,-157.0,-157.0,-155.5,-157.0,-149.0,-147.5,-148.5,-152.5,-150.0,-147.5,-146.0,-150.5,-157.0,-156.0,-157.0,-152.0,-148.5,-148.0,-153.0,-152.5,-149.0,-147.5,-152.5,-149.0,-151.5,-153.5,-150.5,-151.5,-147.0,-152.0,-152.0,-148.5,-150.5,-154.0,-155.5,-155.5,-155.0,-148.5,-156.5
2026-01-16 16:42:33.987,143.050000,5,-77,-157.0,-157.0,-152.5,-151.0,-152.5,-149.0,-152.0,-155.5,-151.5,-152.0,-157.0,-150.0,-149.5,-156.0,-154.0,-150.0,-146.5,-147.0,-157.0,-151.5,-151.0,-152.5,-153.0,-150.5,-151.5,-153.5,-157.0,-154.5,-153.0,-156.0,-153.0,-157.0,-156.0,-157.0,-147.5,-152.0,-155.5,-157.0,-150.0,-151.5,-154.0,-157.0,-150.5,-149.5,-149.0,-155.5,-153.0,-152.0,-156.0,-152.0,-154.5,-157.0,-151.0,-150.0,-153.0,-156.0,-157.0,-156.0,-150.5,-147.5,-148.0,-150.5,-152.0,-153.5,-157.0,-154.5,-153.5,-157.0,-154.5,-157.0,-152.0,-151.0,-150.0,-152.5,-146.5,-154.5,-151.0,-157.0,-150.0,-150.5,-155.5,-154.5,-157.0,-157.0,-154.0,-156.5,-153.0,-149.5,-152.0,-150.5,-154.5,-156.0,-156.0,-150.0,-148.0,-150.5,-157.0,-154.5,-152.5,-157.0,-157.0,-157.0,-157.0,-152.0,-155.5,-156.5,-157.0,-154.0,-157.0,-155.5,-151.5,-149.0,-151.0,-153.5,-157.0,-156.0,-148.0,-151.0,-157.0,-157.0,-153.5,-152.0,-157.0,-154.5,-154.5,-156.0,-150.0,-150.5,-149.5,-149.0,-149.0,-152.0,-153.0,-154.5,-152.0,-152.5,-157.0,-153.5,-157.0,-155.0,-150.5,-150.5,-154.0,-154.5,-155.0,-157.0,-157.0,-157.0,-157.0,-157.0,-156.0,-156.5,-156.5,-153.0,-150.5,-152.0,-157.0,-157.0,-156.5,-157.0,-157.0,-156.0,-153.5,-157.0,-155.5,-151.0,-149.5,-156.5,-147.5,-148.5,-155.0,-157.0,-154.0,-146.5,-150.5,-157.0,-147.0,-148.0,-152.0,-154.5,-157.0,-147.0,-152.5,-151.5,-148.0,-148.5,-154.0,-150.0,-148.0,-153.0,-152.5,-150.0,-155.5,-156.0,-152.0,-153.5,-153.0,-157.0,-155.0,-152.5,-153.5,-157.0,-152.5,-152.5,-156.0,-154.5,-155.0,-153.0,-157.0,-150.0,-149.5,-151.5,-148.5,-149.0,-154.5,-157.0,-152.0,-154.0,-157.0,-157.0,-152.0,-152.0,-155.0,-157.0,-153.0,-155.5,-152.5,-152.0,-157.0,-156.5,-154.5,-152.5,-156.5,-155.0,-155.0,-157.0,-155.0,-150.0,-154.0,-152.0,-151.0,-150.5,-147.5,-146.5,-155.5,-157.0,-153.0,-157.0,-152.0,-147.5,-150.0,-154.5,-157.0,-157.0,-151.5,-149.0,-150.5,-151.5,-146.5,-152.5,-157.0,-157.0,-157.0,-150.0,-149.0,-151.5,-155.5,-150.5,-152.5,-151.0,-148.0,-156.5,-157.0,-154.5,-149.5,-157.0,-151.5,-150.5,-157.0,-154.0,-155.0,-157.0,-155.0,-153.0,-155.0,-149.0,-147.0,-157.0,-154.0,-149.0,-152.0,-151.0,-151.5,-156.5,-156.5,-151.0,-152.5,-153.0,-152.5,-150.5,-150.0,-150.5,-147.5,-155.5,-157.0,-151.5,-151.0,-157.0,-154.0,-157.0,-157.0,-153.5,-149.5,-149.5,-149.0,-152.0,-152.0,-157.0,-155.5,-151.0,-156.0,-155.5,-154.0,-157.0,-153.0,-153.0,-157.0,-157.0,-157.0,-148.0,-148.5,-149.5,-150.0,-152.5,-154.0,-151.5,-157.0,-157.0,-154.5,-157.0,-154.0,-153.5,-157.0,-157.0,-153.5,-156.5,-149.0,-148.0,-149.5,-154.0,-157.0,-155.0,-150.0,-147.5,-149.0,-150.0,-149.0,-153.5,-155.0,-157.0,-150.0,-155.0,-155.0,-152.5,-151.0,-148.5,-150.0,-154.5,-157.0,-152.0,-154.5,-152.5,-149.0,-150.5,-154.5,-153.0,-156.0,-155.5,-157.0,-154.5,-150.5,-153.5,-150.0,-149.0,-157.0,-155.5,-149.5,-153.0,-157.0,-152.0,-155.5,-152.0,-152.5,-155.0,-151.0,-151.0,-157.0,-157.0,-157.0,-154.0,-157.0,-151.5,-154.0,-148.5,-150.0,-150.5,-153.5,-154.5,-151.0,-153.0,-156.5,-153.0,-156.5,-157.0,-157.0,-151.0,-153.5,-157.0,-157.0,-156.5,-156.0,-157.0,-157.0,-156.5,-151.0,-151.0,-155.5,-152.5,-152.0,-155.0,-156.0,-155.5,-156.5,-157.0,-145.5,-145.0,-157.0,-157.0,-157.0,-154.0,-147.5,-144.0,-150.0,-155.0,-155.5,-151.5,-149.0,-155.0,-153.5,-154.5,-151.5,-149.5,-152.0,-154.0,-157.0,-155.5,-149.5,-150.5,-157.0,-150.0,-152.5,-151.0,-151.0,-155.5,-149.5,-155.5,-151.5,-153.5,-148.5,-151.5,-152.0,-157.0,-154.0,-151.5,-153.0
2026-01-16 16:42:33.988,143.050000,5,-77,-157.0,-157.0,-152.5,-151.0,-152.5,-149.0,-152.0,-155.5,-151.5,-152.0,-157.0,-150.0,-149.5,-156.0,-154.0,-150.0,-146.5,-147.0,-157.0,-151.5,-151.0,-152.5,-153.0,-150.5,-151.5,-153.5,-157.0,-154.5,-153.0,-156.0,-153.0,-157.0,-156.0,-157.0,-147.5,-152.0,-155.5,-157.0,-150.0,-151.5,-154.0,-157.0,-150.5,-149.5,-149.0,-155.5,-153.0,-152.0,-156.0,-152.0,-154.5,-157.0,-151.0,-150.0,-153.0,-156.0,-157.0,-156.0,-150.5,-147.5,-148.0,-150.5,-152.0,-153.5,-157.0,-154.5,-153.5,-157.0,-154.5,-157.0,-152.0,-151.0,-150.0,-152.5,-146.5,-154.5,-151.0,-157.0,-150.0,-150.5,-155.5,-154.5,-157.0,-157.0,-154.0,-156.5,-153.0,-149.5,-152.0,-150.5,-154.5,-156.0,-156.0,-150.0,-148.0,-150.5,-157.0,-154.5,-152.5,-157.0,-157.0,-157.0,-157.0,-152.0,-155.5,-156.5,-157.0,-154.0,-157.0,-155.5,-151.5,-149.0,-151.0,-153.5,-157.0,-156.0,-148.0,-151.0,-157.0,-157.0,-153.5,-152.0,-157.0,-154.5,-154.5,-156.0,-150.0,-150.5,-149.5,-149.0,-149.0,-152.0,-153.0,-154.5,-152.0,-152.5,-157.0,-153.5,-157.0,-155.0,-150.5,-150.5,-154.0,-154.5,-155.0,-157.0,-157.0,-157.0,-157.0,-157.0,-156.0,-156.5,-156.5,-153.0,-150.5,-152.0,-157.0,-157.0,-156.5,-157.0,-157.0,-156.0,-153.5,-157.0,-155.5,-151.0,-149.5,-156.5,-147.5,-148.5,-155.0,-157.0,-154.0,-146.5,-150.5,-157.0,-147.0,-148.0,-152.0,-154.5,-157.0,-147.0,-152.5,-151.5,-148.0,-148.5,-154.0,-150.0,-148.0,-153.0,-152.5,-150.0,-155.5,-156.0,-152.0,-153.5,-153.0,-157.0,-155.0,-152.5,-153.5,-157.0,-152.5,-152.5,-156.0,-154.5,-155.0,-153.0,-157.0,-150.0,-149.5,-151.5,-148.5,-149.0,-154.5,-157.0,-152.0,-154.0,-157.0,-157.0,-152.0,-152.0,-155.0,-157.0,-153.0,-155.5,-152.5,-152.0,-157.0,-156.5,-154.5,-152.5,-156.5,-155.0,-155.0,-157.0,-155.0,-150.0,-154.0,-152.0,-151.0,-150.5,-147.5,-146.5,-155.5,-157.0,-153.0,-157.0,-152.0,-147.5,-150.0,-154.5,-157.0,-157.0,-151.5,-149.0,-150.5,-151.5,-146.5,-152.5,-157.0,-157.0,-157.0,-150.0,-149.0,-151.5,-155.5,-150.5,-152.5,-151.0,-148.0,-156.5,-157.0,-154.5,-149.5,-157.0,-151.5,-150.5,-157.0,-154.0,-155.0,-157.0,-155.0,-153.0,-155.0,-149.0,-147.0,-157.0,-154.0,-149.0,-152.0,-151.0,-151.5,-156.5,-156.5,-151.0,-152.5,-153.0,-152.5,-150.5,-150.0,-150.5,-147.5,-155.5,-157.0,-151.5,-151.0,-157.0,-154.0,-157.0,-157.0,-153.5,-149.5,-149.5,-149.0,-152.0,-152.0,-157.0,-155.5,-151.0,-156.0,-155.5,-154.0,-157.0,-153.0,-153.0,-157.0,-157.0,-157.0,-148.0,-148.5,-149.5,-150.0,-152.5,-154.0,-151.5,-157.0,-157.0,-154.5,-157.0,-154.0,-153.5,-157.0,-157.0,-153.5,-156.5,-149.0,-148.0,-149.5,-154.0,-157.0,-155.0,-150.0,-147.5,-149.0,-150.0,-149.0,-153.5,-155.0,-157.0,-150.0,-155.0,-155.0,-152.5,-151.0,-148.5,-150.0,-154.5,-157.0,-152.0,-154.5,-152.5,-149.0,-150.5,-154.5,-153.0,-156.0,-155.5,-157.0,-154.5,-150.5,-153.5,-150.0,-149.0,-157.0,-155.5,-149.5,-153.0,-157.0,-152.0,-155.5,-152.0,-152.5,-155.0,-151.0,-151.0,-157.0,-157.0,-157.0,-154.0,-157.0,-151.5,-154.0,-148.5,-150.0,-150.5,-153.5,-154.5,-151.0,-153.0,-156.5,-153.0,-156.5,-157.0,-157.0,-151.0,-153.5,-157.0,-157.0,-156.5,-156.0,-157.0,-157.0,-156.5,-151.0,-151.0,-155.5,-152.5,-152.0,-155.0,-156.0,-155.5,-156.5,-157.0,-145.5,-145.0,-157.0,-157.0,-157.0,-154.0,-147.5,-144.0,-150.0,-155.0,-155.5,-151.5,-149.0,-155.0,-153.5,-154.5,-151.5,-149.5,-152.0,-154.0,-157.0,-155.5,-149.5,-150.5,-157.0,-150.0,-152.5,-151.0,-151.0,-155.5,-149.5,-155.5,-151.5,-153.5,-148.5,-151.5,-152.0,-157.0,-154.0,-151.5,-153.0
2026-01-16 16:42:34.024,143.050000,5,-77,-157.0,-157.0,-150.0,-149.0,-150.0,-146.5,-148.5,-154.5,-149.0,-152.0,-156.5,-154.0,-151.5,-151.0,-153.0,-148.0,-149.0,-146.5,-148.0,-151.5,-157.0,-157.0,-151.0,-150.0,-157.0,-155.0,-156.5,-156.0,-153.5,-151.5,-156.5,-157.0,-154.5,-151.0,-146.0,-154.0,-152.5,-157.0,-149.5,-148.0,-151.5,-154.0,-150.5,-155.5,-156.5,-154.0,-157.0,-157.0,-157.0,-148.5,-149.5,-153.5,-153.0,-150.0,-155.5,-157.0,-155.5,-154.0,-152.0,-150.0,-150.5,-151.5,-151.5,-153.0,-155.0,-153.5,-154.5,-157.0,-154.5,-157.0,-153.5,-150.0,-151.5,-151.0,-148.0,-151.5,-150.5,-155.0,-152.5,-153.0,-155.0,-156.5,-154.0,-154.0,-153.0,-149.5,-151.0,-151.0,-153.0,-155.5,-153.5,-157.0,-157.0,-156.0,-148.5,-156.0,-157.0,-157.0,-156.0,-152.5,-157.0,-157.0,-153.0,-152.0,-157.0,-156.0,-154.5,-155.5,-157.0,-157.0,-147.0,-148.5,-149.5,-152.5,-154.0,-155.5,-148.5,-155.0,-152.5,-152.0,-151.0,-151.5,-157.0,-157.0,-152.5,-155.0,-156.0,-151.0,-154.5,-149.5,-150.5,-149.5,-153.5,-154.0,-151.0,-154.0,-157.0,-157.0,-157.0,-157.0,-152.0,-148.5,-157.0,-157.0,-157.0,-157.0,-157.0,-157.0,-157.0,-154.5,-157.0,-154.5,-153.5,-155.0,-154.5,-153.0,-157.0,-153.5,-153.5,-153.0,-157.0,-153.5,-155.0,-154.0,-153.0,-154.0,-153.5,-157.0,-150.0,-150.5,-152.0,-157.0,-151.5,-148.5,-152.5,-153.5,-148.0,-147.5,-153.0,-157.0,-157.0,-149.0,-156.0,-155.0,-147.5,-146.0,-150.0,-154.0,-151.0,-155.5,-153.5,-151.5,-155.0,-157.0,-151.0,-149.5,-155.5,-157.0,-157.0,-157.0,-157.0,-157.0,-153.5,-154.0,-157.0,-157.0,-155.5,-152.0,-157.0,-156.0,-151.0,-149.5,-151.5,-154.5,-156.0,-157.0,-150.5,-151.0,-154.5,-157.0,-148.5,-152.0,-157.0,-157.0,-151.0,-152.5,-152.5,-156.0,-157.0,-154.5,-155.0,-151.0,-153.0,-153.5,-150.0,-157.0,-155.0,-147.0,-146.0,-149.5,-155.5,-153.0,-150.5,-151.5,-153.0,-152.0,-151.5,-151.5,-155.5,-150.0,-152.5,-154.0,-157.0,-157.0,-150.5,-151.0,-156.5,-157.0,-148.0,-150.0,-157.0,-156.0,-157.0,-146.5,-147.5,-148.0,-147.0,-147.0,-148.5,-152.5,-149.5,-157.0,-155.5,-155.5,-149.0,-152.5,-154.0,-152.5,-156.0,-156.0,-157.0,-157.0,-154.5,-154.0,-157.0,-148.5,-147.5,-155.0,-157.0,-153.0,-151.0,-150.0,-153.0,-157.0,-157.0,-151.5,-154.0,-157.0,-152.5,-157.0,-150.5,-155.5,-150.5,-155.0,-157.0,-154.5,-156.0,-156.0,-152.0,-153.0,-157.0,-157.0,-154.0,-157.0,-152.5,-154.0,-153.0,-157.0,-152.5,-150.0,-152.5,-157.0,-155.5,-157.0,-151.5,-154.0,-152.5,-151.5,-154.0,-150.0,-152.5,-151.5,-154.0,-151.5,-149.0,-148.5,-157.0,-157.0,-154.5,-152.5,-157.0,-156.0,-157.0,-157.0,-153.5,-151.0,-152.5,-150.5,-149.0,-153.0,-157.0,-152.5,-153.0,-150.0,-154.0,-155.0,-152.5,-152.0,-153.5,-156.0,-153.0,-151.5,-152.0,-152.5,-152.5,-150.5,-148.5,-157.0,-157.0,-151.5,-151.0,-154.5,-152.5,-157.0,-152.0,-152.0,-157.0,-157.0,-157.0,-152.5,-148.0,-157.0,-150.0,-148.5,-155.5,-157.0,-150.0,-157.0,-156.0,-154.5,-154.0,-153.5,-156.0,-157.0,-153.0,-150.0,-153.0,-157.0,-157.0,-155.0,-157.0,-152.5,-156.5,-156.5,-157.0,-157.0,-150.0,-153.5,-153.0,-155.0,-155.5,-154.5,-157.0,-156.0,-157.0,-153.0,-153.5,-157.0,-157.0,-157.0,-152.5,-155.5,-155.0,-154.0,-150.5,-148.0,-152.5,-152.0,-157.0,-157.0,-157.0,-155.5,-156.5,-151.5,-151.0,-147.5,-153.0,-153.0,-151.0,-153.5,-150.0,-144.0,-156.0,-155.0,-157.0,-153.0,-149.5,-151.0,-152.5,-154.5,-151.5,-151.5,-153.5,-157.0,-156.0,-151.0,-150.0,-157.0,-156.5,-156.0,-157.0,-150.5,-151.5,-152.5,-157.0,-156.5,-152.0,-156.5,-150.0,-157.0,-153.0,-156.0,-157.0,-155.5,-147.0
2026-01-16 16:42:34.050,143.050000,5,-77,-157.0,-157.0,-153.5,-151.5,-152.0,-148.5,-153.0,-157.0,-151.5,-157.0,-153.5,-151.0,-151.0,-150.0,-151.5,-150.0,-153.5,-151.0,-148.0,-148.5,-157.0,-155.5,-145.5,-147.0,-157.0,-157.0,-154.5,-152.0,-155.0,-149.5,-153.5,-154.5,-152.5,-147.5,-145.5,-148.5,-151.0,-157.0,-150.5,-147.0,-156.5,-152.0,-150.0,-151.0,-152.0,-150.5,-157.0,-157.0,-155.5,-151.5,-149.5,-153.5,-157.0,-152.0,-157.0,-155.0,-150.0,-150.0,-157.0,-157.0,-155.0,-150.5,-153.0,-152.5,-157.0,-154.0,-157.0,-157.0,-155.5,-157.0,-157.0,-149.5,-153.5,-156.5,-154.5,-154.5,-150.0,-153.0,-157.0,-156.5,-157.0,-157.0,-152.5,-155.0,-152.5,-149.0,-156.5,-152.5,-155.5,-157.0,-151.0,-154.5,-157.0,-157.0,-150.0,-151.5,-157.0,-157.0,-157.0,-147.0,-148.5,-157.0,-153.5,-152.0,-157.0,-153.0,-155.5,-157.0,-156.5,-154.5,-148.0,-150.5,-151.5,-156.0,-153.0,-155.0,-150.5,-155.0,-151.5,-148.5,-153.0,-155.5,-157.0,-151.5,-150.0,-156.5,-156.5,-157.0,-153.5,-150.5,-154.0,-153.0,-157.0,-151.0,-153.5,-156.5,-156.5,-157.0,-157.0,-157.0,-154.5,-150.5,-151.5,-154.5,-154.0,-157.0,-155.5,-155.5,-155.5,-154.0,-155.5,-155.0,-157.0,-157.0,-157.0,-154.0,-157.0,-155.0,-156.0,-151.5,-150.5,-152.5,-151.0,-154.5,-154.0,-157.0,-157.0,-157.0,-154.0,-157.0,-157.0,-153.5,-151.5,-152.0,-157.0,-155.5,-154.5,-152.0,-157.0,-155.0,-153.5,-151.5,-156.5,-152.0,-151.0,-148.5,-153.5,-155.0,-155.0,-153.5,-154.0,-156.5,-154.5,-157.0,-153.0,-149.5,-155.5,-154.0,-157.0,-154.0,-157.0,-157.0,-157.0,-157.0,-154.5,-154.0,-156.0,-151.5,-157.0,-157.0,-155.5,-152.0,-157.0,-155.0,-151.0,-151.5,-151.0,-156.5,-154.0,-153.0,-146.0,-146.5,-156.0,-157.0,-149.5,-148.5,-153.5,-156.0,-157.0,-156.5,-153.0,-150.0,-152.0,-151.5,-150.5,-152.5,-151.5,-149.5,-142.5,-145.0,-148.0,-156.0,-153.0,-152.0,-153.0,-152.5,-156.0,-150.5,-154.5,-156.0,-153.0,-155.5,-155.0,-155.0,-152.5,-157.0,-157.0,-157.0,-154.0,-153.5,-152.5,-157.0,-157.0,-148.5,-150.0,-148.5,-148.0,-150.5,-151.0,-157.0,-150.5,-157.0,-156.0,-157.0,-149.5,-150.0,-153.5,-156.5,-152.5,-154.0,-157.0,-154.0,-151.5,-155.0,-155.0,-153.0,-152.5,-157.0,-155.0,-151.0,-149.5,-156.0,-151.0,-151.5,-157.0,-153.5,-154.0,-157.0,-152.0,-156.5,-152.5,-155.5,-154.5,-153.0,-152.5,-154.0,-157.0,-155.5,-155.0,-154.5,-157.0,-157.0,-155.5,-157.0,-157.0,-157.0,-153.5,-157.0,-149.0,-148.0,-157.0,-157.0,-156.5,-154.5,-154.5,-152.5,-155.0,-151.0,-150.5,-148.0,-151.5,-149.0,-155.5,-152.0,-152.5,-149.0,-156.5,-157.0,-157.0,-151.5,-156.0,-157.0,-155.0,-154.5,-153.0,-151.0,-156.5,-154.5,-154.5,-155.5,-157.0,-152.5,-154.5,-154.5,-157.0,-157.0,-157.0,-151.5,-153.5,-154.5,-156.5,-148.5,-152.0,-154.0,-154.5,-154.0,-151.5,-151.5,-153.5,-151.5,-154.0,-152.0,-155.0,-157.0,-150.5,-152.0,-157.0,-157.0,-157.0,-152.0,-151.0,-155.0,-151.5,-153.0,-153.5,-157.0,-151.0,-151.0,-153.0,-157.0,-155.5,-157.0,-154.5,-157.0,-157.0,-150.0,-148.5,-153.5,-157.0,-157.0,-156.0,-153.0,-156.0,-157.0,-157.0,-157.0,-149.5,-151.0,-155.5,-157.0,-157.0,-157.0,-154.5,-152.0,-157.0,-157.0,-157.0,-157.0,-157.0,-157.0,-152.0,-153.5,-152.5,-152.5,-152.0,-148.0,-151.5,-154.0,-155.0,-157.0,-153.5,-152.0,-155.0,-150.0,-153.0,-152.0,-157.0,-148.5,-147.0,-151.5,-148.5,-146.0,-149.0,-152.0,-153.0,-153.0,-151.5,-157.0,-155.0,-152.0,-150.0,-156.0,-157.0,-151.5,-149.0,-150.0,-154.0,-157.0,-154.0,-157.0,-157.0,-153.0,-157.0,-155.0,-157.0,-153.0,-149.5,-151.0,-149.0,-155.5,-157.0,-151.5,-152.0,-151.0,-146.0
2026-01-16 16:42:34.086,143.050000,5,-77,-157.0,-157.0,-156.0,-152.0,-148.5,-150.5,-156.0,-157.0,-153.0,-157.0,-156.5,-149.5,-149.0,-153.5,-153.5,-154.0,-157.0,-155.5,-153.5,-151.0,-157.0,-153.5,-146.5,-147.5,-157.0,-157.0,-150.0,-150.5,-151.5,-149.5,-150.5,-151.5,-157.0,-154.0,-149.0,-154.5,-150.5,-151.0,-154.0,-148.5,-157.0,-152.5,-151.5,-150.5,-148.0,-152.0,-157.0,-153.5,-153.5,-155.0,-153.0,-157.0,-157.0,-150.0,-151.0,-155.0,-152.5,-149.0,-155.5,-157.0,-157.0,-152.5,-154.0,-152.5,-157.0,-154.0,-157.0,-157.0,-157.0,-157.0,-157.0,-151.5,-154.0,-154.5,-157.0,-154.5,-151.0,-154.0,-157.0,-154.5,-155.5,-157.0,-152.5,-157.0,-154.0,-152.0,-157.0,-151.0,-151.5,-157.0,-151.0,-151.0,-152.5,-152.0,-153.0,-153.0,-157.0,-157.0,-148.5,-146.5,-147.5,-156.0,-154.0,-150.5,-152.5,-150.0,-154.0,-155.5,-157.0,-150.0,-151.0,-156.5,-150.5,-157.0,-157.0,-157.0,-153.0,-152.0,-152.5,-148.5,-150.0,-157.0,-157.0,-150.0,-147.5,-157.0,-156.0,-157.0,-150.5,-149.5,-150.5,-153.0,-151.5,-152.0,-156.5,-157.0,-153.0,-153.5,-154.5,-157.0,-156.5,-157.0,-152.5,-156.5,-150.5,-152.0,-154.5,-154.0,-156.0,-153.5,-149.0,-150.5,-157.0,-156.0,-153.0,-151.0,-157.0,-154.5,-157.0,-153.0,-149.5,-149.0,-148.5,-153.5,-151.5,-154.0,-157.0,-152.0,-151.5,-153.5,-154.0,-149.0,-150.0,-152.0,-154.5,-156.0,-157.0,-156.5,-157.0,-152.0,-154.0,-154.0,-153.0,-150.0,-148.0,-147.5,-155.0,-154.5,-155.5,-153.0,-154.0,-157.0,-155.5,-153.5,-154.5,-151.0,-156.0,-153.5,-153.5,-149.5,-155.5,-157.0,-157.0,-153.5,-151.0,-152.0,-150.0,-150.0,-156.5,-157.0,-157.0,-157.0,-157.0,-153.5,-151.5,-149.5,-151.5,-151.5,-154.5,-155.5,-150.5,-147.5,-153.0,-157.0,-155.0,-152.5,-157.0,-152.0,-156.0,-156.5,-151.5,-148.0,-147.0,-156.0,-157.0,-153.5,-152.0,-157.0,-139.5,-139.5,-147.5,-157.0,-157.0,-149.5,-153.0,-152.0,-150.0,-152.5,-155.5,-157.0,-154.0,-157.0,-151.0,-150.5,-150.5,-157.0,-157.0,-157.0,-156.5,-157.0,-154.0,-157.0,-155.5,-151.5,-157.0,-150.5,-153.0,-150.5,-149.5,-157.0,-152.0,-157.0,-156.0,-152.0,-151.0,-151.5,-150.5,-152.0,-150.0,-153.5,-156.0,-152.5,-152.5,-152.0,-152.0,-157.0,-156.0,-157.0,-153.5,-149.0,-151.0,-157.0,-150.5,-150.5,-157.0,-155.0,-157.0,-157.0,-151.5,-155.5,-152.5,-154.0,-154.0,-151.0,-148.0,-149.0,-151.5,-151.5,-153.0,-157.0,-156.5,-157.0,-154.5,-157.0,-157.0,-156.5,-152.0,-152.0,-152.0,-149.5,-157.0,-152.0,-152.0,-153.5,-153.0,-152.5,-157.0,-154.5,-150.0,-148.5,-154.0,-150.5,-155.0,-152.0,-154.5,-148.0,-149.5,-157.0,-157.0,-152.5,-155.0,-153.5,-151.0,-154.0,-152.5,-157.0,-154.5,-151.0,-151.5,-154.5,-157.0,-152.5,-152.0,-153.0,-154.0,-155.0,-151.0,-149.0,-155.5,-157.0,-156.0,-149.5,-151.5,-152.0,-152.5,-153.5,-152.5,-150.5,-155.0,-156.0,-155.0,-150.5,-155.5,-154.0,-154.0,-157.0,-157.0,-157.0,-157.0,-152.0,-155.0,-157.0,-154.5,-157.0,-155.0,-157.0,-152.5,-152.5,-153.5,-156.0,-154.5,-152.5,-150.5,-153.0,-154.5,-156.0,-150.0,-151.0,-155.5,-156.0,-154.0,-157.0,-157.0,-157.0,-155.5,-157.0,-150.0,-154.5,-157.0,-157.0,-154.5,-157.0,-156.5,-151.0,-157.0,-157.0,-157.0,-154.0,-152.0,-157.0,-155.5,-152.5,-153.0,-154.0,-153.0,-148.0,-147.5,-157.0,-157.0,-155.0,-149.5,-152.0,-157.0,-153.0,-151.0,-152.5,-157.0,-149.5,-148.5,-150.0,-153.5,-148.5,-148.0,-152.0,-157.0,-151.5,-153.0,-157.0,-154.0,-154.0,-149.0,-152.5,-151.5,-148.5,-150.0,-149.5,-156.5,-152.5,-150.0,-154.5,-155.0,-156.0,-156.0,-152.5,-157.0,-154.5,-149.5,-149.5,-151.0,-153.5,-151.5,-150.0,-146.5,-147.5,-147.5
2026-01-16 16:42:34.117,143.050000,5,-77,-157.0,-157.0,-156.0,-153.5,-147.5,-147.5,-152.0,-154.0,-152.0,-152.0,-157.0,-152.5,-149.5,-157.0,-156.0,-154.0,-157.0,-149.5,-151.0,-150.5,-150.5,-149.5,-152.5,-151.0,-157.0,-156.0,-153.0,-157.0,-157.0,-153.0,-152.5,-151.5,-157.0,-153.0,-149.0,-151.5,-149.0,-147.5,-150.5,-154.5,-155.5,-154.0,-157.0,-152.0,-151.0,-150.5,-152.0,-149.5,-149.5,-152.5,-155.0,-156.0,-151.5,-151.0,-152.0,-157.0,-154.0,-148.5,-150.5,-152.0,-157.0,-154.5,-151.0,-155.5,-153.5,-152.5,-153.5,-153.0,-157.0,-153.0,-156.0,-154.0,-152.5,-149.5,-154.0,-157.0,-156.0,-157.0,-156.5,-153.5,-150.5,-153.5,-151.0,-153.0,-157.0,-153.5,-157.0,-152.5,-153.5,-155.5,-151.0,-150.0,-149.0,-148.0,-152.0,-154.0,-153.5,-150.5,-149.5,-149.0,-151.5,-154.5,-153.0,-153.0,-153.5,-150.5,-148.5,-154.5,-154.5,-150.5,-155.5,-152.5,-149.5,-157.0,-157.0,-157.0,-156.0,-152.0,-157.0,-151.5,-151.0,-157.0,-157.0,-153.0,-147.5,-155.0,-156.5,-154.0,-154.5,-148.0,-150.0,-151.5,-149.5,-155.5,-154.5,-154.5,-155.0,-154.0,-155.0,-157.0,-156.0,-157.0,-156.0,-156.0,-150.5,-155.0,-157.0,-155.5,-156.0,-154.0,-148.5,-148.5,-157.0,-154.5,-152.5,-149.5,-154.5,-154.5,-152.5,-153.5,-155.0,-153.0,-150.0,-155.5,-151.5,-155.5,-155.0,-149.0,-147.5,-150.0,-157.0,-148.0,-154.0,-153.5,-156.5,-157.0,-157.0,-157.0,-157.0,-151.5,-152.5,-153.0,-153.0,-152.5,-147.5,-145.0,-150.5,-151.0,-157.0,-156.5,-157.0,-153.5,-153.0,-151.5,-150.0,-152.0,-157.0,-152.0,-152.5,-148.5,-150.0,-157.0,-151.5,-150.5,-153.0,-152.0,-148.0,-148.5,-151.5,-154.0,-157.0,-157.0,-157.0,-157.0,-157.0,-152.0,-150.0,-148.0,-156.5,-151.5,-150.5,-150.0,-157.0,-154.5,-154.0,-152.0,-155.5,-149.5,-151.0,-151.0,-150.5,-145.0,-145.0,-157.0,-157.0,-155.0,-157.0,-157.0,-139.5,-138.0,-151.0,-150.5,-151.5,-149.0,-148.0,-148.0,-150.0,-149.5,-154.5,-155.5,-155.0,-154.5,-150.5,-152.0,-150.0,-150.0,-156.5,-151.0,-150.0,-157.0,-153.5,-155.0,-154.0,-150.5,-152.5,-149.0,-151.0,-148.5,-149.5,-157.0,-156.5,-157.0,-154.0,-152.0,-153.0,-154.5,-150.0,-151.0,-150.0,-157.0,-155.0,-152.0,-155.0,-149.0,-148.0,-153.0,-156.5,-153.0,-152.5,-148.5,-156.5,-154.5,-155.0,-154.5,-157.0,-154.5,-157.0,-155.0,-154.0,-157.0,-153.5,-151.0,-154.5,-152.5,-148.0,-148.5,-155.5,-153.5,-154.0,-156.5,-152.0,-152.5,-155.5,-155.0,-157.0,-156.5,-153.0,-151.0,-152.5,-149.0,-152.5,-149.5,-151.0,-157.0,-152.5,-153.0,-157.0,-156.0,-151.0,-152.5,-157.0,-156.0,-152.5,-150.5,-156.5,-149.5,-149.0,-154.5,-157.0,-155.0,-157.0,-155.5,-154.5,-154.5,-153.5,-155.5,-156.5,-151.5,-152.0,-150.5,-157.0,-153.5,-150.0,-151.0,-148.0,-154.0,-149.0,-149.0,-157.0,-155.0,-153.5,-152.5,-149.5,-147.0,-148.5,-157.0,-151.0,-152.0,-151.0,-154.0,-149.0,-150.0,-155.5,-151.5,-157.0,-157.0,-157.0,-156.0,-153.5,-152.0,-152.0,-157.0,-157.0,-154.5,-157.0,-157.0,-157.0,-157.0,-156.5,-157.0,-155.0,-152.0,-149.0,-150.0,-150.5,-157.0,-154.0,-150.0,-149.5,-157.0,-154.5,-157.0,-157.0,-156.0,-153.0,-156.5,-148.5,-157.0,-157.0,-154.0,-152.5,-157.0,-153.5,-151.5,-157.0,-157.0,-155.5,-152.5,-150.0,-151.0,-157.0,-153.0,-157.0,-157.0,-156.5,-146.0,-145.0,-156.5,-155.5,-146.5,-147.0,-157.0,-157.0,-155.0,-154.5,-154.0,-157.0,-153.5,-151.0,-149.0,-154.5,-151.0,-150.5,-151.0,-152.0,-147.5,-149.0,-157.0,-152.5,-151.0,-150.0,-152.0,-150.0,-150.0,-152.0,-149.5,-152.5,-151.0,-152.5,-154.0,-152.0,-157.0,-152.0,-150.5,-157.0,-157.0,-155.5,-152.0,-151.5,-152.5,-149.5,-153.0,-149.0,-152.5,-151.5
2026-01-16 16:42:34.148,143.050000,5,-77,-157.0,-157.0,-157.0,-153.5,-150.0,-149.0,-153.5,-153.5,-156.5,-153.5,-157.0,-157.0,-150.5,-155.0,-157.0,-151.5,-151.5,-148.5,-152.0,-151.5,-151.0,-150.0,-151.0,-151.0,-154.5,-152.5,-156.5,-157.0,-157.0,-153.0,-155.5,-152.0,-154.0,-149.0,-149.5,-154.0,-154.0,-153.0,-151.5,-157.0,-157.0,-156.5,-157.0,-156.0,-155.5,-149.0,-148.5,-152.5,-152.0,-151.5,-154.0,-154.5,-152.0,-152.0,-155.0,-154.5,-153.0,-151.0,-149.5,-152.0,-157.0,-157.0,-151.0,-153.0,-148.5,-148.5,-150.5,-150.5,-153.0,-150.0,-151.5,-157.0,-148.5,-146.5,-148.0,-155.5,-157.0,-157.0,-151.5,-155.0,-150.5,-155.0,-152.5,-154.5,-154.0,-152.5,-157.0,-157.0,-157.0,-157.0,-149.5,-151.0,-152.5,-150.0,-154.5,-151.0,-147.0,-147.0,-156.0,-151.0,-150.0,-156.5,-157.0,-155.0,-153.5,-156.0,-146.0,-148.0,-157.0,-151.5,-157.0,-150.0,-151.0,-152.0,-155.5,-153.5,-153.5,-151.5,-156.5,-154.0,-155.0,-157.0,-157.0,-153.5,-149.5,-155.5,-151.5,-149.0,-151.5,-153.0,-153.0,-152.5,-152.5,-152.5,-151.5,-155.5,-154.5,-151.0,-153.5,-155.0,-154.0,-157.0,-155.0,-156.5,-152.5,-154.5,-156.0,-157.0,-157.0,-154.5,-149.0,-147.0,-157.0,-151.5,-152.0,-152.0,-157.0,-157.0,-154.0,-155.5,-157.0,-157.0,-153.0,-157.0,-153.5,-155.0,-157.0,-150.5,-149.0,-151.0,-153.0,-149.5,-153.0,-154.0,-157.0,-157.0,-155.5,-157.0,-157.0,-150.5,-151.5,-154.0,-157.0,-153.5,-146.5,-146.0,-155.5,-150.5,-154.0,-153.5,-155.0,-153.5,-150.5,-153.5,-150.0,-153.5,-151.5,-147.5,-149.5,-151.5,-149.5,-156.0,-151.0,-152.5,-156.5,-150.0,-149.5,-154.0,-150.5,-156.5,-157.0,-157.0,-157.0,-156.5,-155.0,-153.5,-154.0,-149.5,-154.0,-155.5,-149.0,-151.0,-153.0,-150.0,-154.0,-150.5,-151.5,-149.5,-155.5,-150.5,-154.0,-147.0,-146.0,-157.0,-157.0,-154.0,-157.0,-157.0,-142.0,-138.5,-150.0,-150.5,-150.0,-151.5,-148.0,-148.5,-152.0,-148.0,-150.0,-153.5,-157.0,-152.5,-154.0,-152.0,-154.0,-151.0,-157.0,-147.0,-145.0,-151.5,-153.5,-153.0,-157.0,-154.5,-156.0,-151.0,-152.5,-149.5,-153.0,-156.0,-155.5,-155.5,-157.0,-153.5,-156.5,-156.5,-152.0,-152.0,-152.5,-155.0,-155.5,-155.0,-155.5,-154.5,-148.5,-148.5,-152.5,-149.5,-151.0,-149.0,-156.5,-157.0,-157.0,-153.5,-152.0,-153.5,-157.0,-156.0,-157.0,-157.0,-156.0,-152.5,-157.0,-157.0,-157.0,-155.5,-157.0,-154.0,-155.5,-157.0,-151.0,-149.0,-154.0,-153.0,-157.0,-154.5,-156.0,-157.0,-154.5,-148.0,-148.5,-151.0,-151.0,-153.5,-157.0,-153.0,-152.0,-153.5,-149.5,-155.0,-155.0,-157.0,-152.5,-149.0,-157.0,-157.0,-155.5,-157.0,-157.0,-156.5,-157.0,-157.0,-157.0,-156.0,-156.0,-151.5,-151.5,-155.0,-151.0,-149.5,-154.0,-151.5,-148.5,-154.0,-149.0,-151.5,-156.0,-152.5,-157.0,-154.5,-153.0,-154.0,-149.0,-148.0,-151.0,-157.0,-153.0,-150.5,-152.5,-149.0,-148.0,-157.0,-150.5,-150.0,-151.5,-150.0,-152.0,-152.5,-151.0,-154.5,-149.5,-151.0,-157.0,-156.0,-157.0,-157.0,-157.0,-157.0,-157.0,-156.5,-157.0,-154.5,-153.5,-148.5,-149.0,-156.0,-153.0,-152.0,-149.5,-157.0,-157.0,-157.0,-157.0,-157.0,-157.0,-150.0,-147.0,-150.0,-152.0,-155.0,-157.0,-155.5,-150.0,-152.0,-152.5,-157.0,-154.0,-155.5,-152.5,-155.0,-152.0,-152.0,-157.0,-157.0,-157.0,-149.5,-145.0,-151.0,-154.0,-146.0,-147.5,-154.0,-154.0,-154.5,-154.0,-151.5,-154.0,-157.0,-157.0,-149.0,-149.0,-157.0,-154.5,-151.0,-151.5,-144.5,-147.5,-157.0,-154.0,-149.5,-152.0,-155.0,-154.0,-152.0,-149.0,-149.5,-149.0,-149.0,-153.0,-151.0,-152.0,-157.0,-152.0,-153.0,-157.0,-156.5,-157.0,-154.5,-149.0,-150.0,-154.0,-156.0,-155.0,-157.0,-153.0
2026-01-16 16:42:34.181,143.050000,5,-77,-157.0,-157.0,-157.0,-152.5,-155.0,-149.0,-150.0,-156.0,-157.0,-155.0,-155.0,-157.0,-150.5,-154.0,-157.0,-152.0,-149.5,-150.0,-154.0,-154.5,-152.0,-151.5,-152.5,-153.5,-156.5,-153.0,-154.0,-157.0,-156.5,-156.0,-157.0,-151.0,-152.0,-150.0,-156.0,-157.0,-157.0,-157.0,-153.5,-153.5,-155.0,-153.5,-157.0,-154.0,-152.5,-152.5,-150.5,-156.0,-155.5,-150.0,-150.5,-153.0,-156.0,-150.5,-151.5,-149.5,-151.5,-157.0,-151.0,-153.5,-157.0,-157.0,-156.5,-154.0,-152.0,-153.5,-152.5,-152.5,-151.0,-154.0,-150.5,-152.5,-153.0,-151.0,-147.5,-150.0,-157.0,-157.0,-150.5,-155.5,-153.5,-157.0,-151.0,-156.5,-153.5,-155.0,-155.0,-157.0,-157.0,-157.0,-152.0,-153.5,-157.0,-156.0,-157.0,-150.5,-147.5,-149.0,-154.0,-153.0,-149.0,-150.5,-157.0,-151.5,-149.5,-152.5,-148.5,-148.0,-150.5,-150.0,-150.0,-149.0,-153.5,-152.0,-149.0,-149.5,-150.5,-153.5,-156.5,-155.0,-154.5,-157.0,-157.0,-157.0,-154.5,-157.0,-150.5,-148.0,-153.5,-157.0,-157.0,-153.5,-154.5,-153.0,-154.0,-157.0,-148.5,-148.5,-156.0,-156.0,-154.5,-157.0,-156.5,-157.0,-157.0,-152.5,-154.0,-157.0,-157.0,-157.0,-150.0,-149.5,-154.0,-150.5,-152.0,-156.0,-156.0,-154.5,-157.0,-155.0,-153.0,-153.0,-150.5,-154.5,-153.5,-151.5,-157.0,-153.0,-152.5,-149.5,-151.5,-154.0,-157.0,-155.0,-157.0,-157.0,-157.0,-155.5,-152.0,-150.5,-157.0,-156.5,-157.0,-155.5,-146.5,-148.0,-155.0,-150.5,-154.5,-154.0,-155.0,-152.5,-152.0,-153.5,-154.0,-154.0,-153.0,-147.0,-151.0,-156.5,-155.5,-153.0,-152.5,-157.0,-155.5,-152.0,-157.0,-156.5,-152.0,-157.0,-157.0,-157.0,-157.0,-156.5,-152.5,-156.5,-157.0,-152.5,-151.5,-157.0,-152.0,-157.0,-154.5,-148.5,-152.5,-152.0,-150.5,-151.5,-149.0,-150.0,-152.0,-148.0,-148.5,-156.5,-153.5,-150.5,-157.0,-157.0,-142.0,-139.0,-157.0,-157.0,-154.5,-153.0,-156.0,-154.5,-153.0,-151.5,-150.5,-151.5,-157.0,-150.0,-150.0,-150.5,-154.5,-157.0,-154.5,-148.0,-145.0,-147.0,-154.0,-152.0,-157.0,-152.5,-155.0,-152.0,-149.5,-150.5,-157.0,-154.5,-152.5,-153.0,-156.0,-154.5,-153.0,-154.5,-156.0,-149.5,-153.0,-156.0,-157.0,-156.5,-152.0,-154.0,-156.0,-150.5,-148.0,-147.5,-149.5,-148.0,-155.5,-157.0,-157.0,-156.5,-150.5,-151.0,-155.0,-152.5,-157.0,-157.0,-153.0,-153.5,-153.5,-155.0,-157.0,-156.0,-156.5,-152.0,-150.5,-155.5,-156.0,-150.5,-149.0,-151.0,-157.0,-152.5,-157.0,-157.0,-156.0,-149.5,-151.0,-154.5,-150.0,-149.0,-156.5,-151.5,-148.0,-150.0,-149.5,-154.0,-152.5,-157.0,-156.0,-150.5,-154.5,-157.0,-157.0,-157.0,-156.0,-153.0,-157.0,-151.5,-154.5,-157.0,-157.0,-152.5,-149.0,-156.0,-153.5,-154.0,-152.0,-154.0,-149.5,-153.5,-156.5,-150.0,-157.0,-157.0,-157.0,-155.5,-156.0,-156.0,-156.0,-154.5,-157.0,-157.0,-151.0,-150.0,-157.0,-150.5,-150.0,-156.0,-148.5,-148.5,-149.0,-150.5,-155.0,-155.0,-152.5,-152.0,-150.0,-150.0,-157.0,-154.5,-157.0,-153.5,-153.5,-157.0,-154.5,-154.5,-154.0,-156.5,-154.5,-148.5,-151.5,-157.0,-152.0,-157.0,-152.0,-157.0,-157.0,-156.0,-157.0,-154.5,-157.0,-151.5,-150.5,-148.0,-148.0,-156.0,-157.0,-152.5,-151.5,-148.5,-150.5,-156.0,-157.0,-157.0,-154.5,-157.0,-150.5,-153.0,-157.0,-156.0,-153.0,-150.5,-148.0,-151.0,-154.5,-151.0,-150.0,-150.5,-151.0,-157.0,-157.0,-152.5,-151.0,-154.0,-157.0,-153.5,-150.5,-156.0,-157.0,-152.5,-157.0,-144.0,-149.0,-157.0,-157.0,-151.0,-150.5,-157.0,-154.0,-150.5,-148.0,-151.5,-147.0,-145.5,-156.0,-152.0,-152.5,-156.5,-157.0,-157.0,-157.0,-151.5,-153.0,-157.0,-152.5,-152.5,-155.0,-154.5,-157.0,-157.0,-156.0
2026-01-16 16:42:34.217,143.050000,5,-77,-157.0,-157.0,-154.5,-155.5,-157.0,-147.5,-147.5,-155.5,-157.0,-157.0,-154.5,-156.0,-151.0,-157.0,-155.0,-157.0,-152.0,-151.0,-150.0,-153.0,-150.0,-149.0,-152.5,-154.5,-153.5,-157.0,-154.5,-156.0,-153.5,-157.0,-157.0,-150.0,-150.0,-152.0,-153.0,-153.5,-157.0,-152.0,-154.0,-148.5,-148.5,-151.5,-157.0,-153.0,-154.0,-157.0,-152.0,-154.0,-157.0,-153.0,-155.5,-157.0,-157.0,-150.5,-150.5,-149.0,-156.0,-156.0,-152.0,-157.0,-157.0,-157.0,-157.0,-157.0,-157.0,-157.0,-151.5,-152.5,-157.0,-157.0,-153.0,-156.5,-157.0,-156.5,-150.5,-147.5,-154.5,-156.5,-153.5,-157.0,-154.5,-149.0,-148.0,-150.5,-154.5,-151.5,-150.5,-152.5,-157.0,-157.0,-153.5,-151.5,-155.0,-157.0,-151.5,-151.0,-152.0,-155.5,-152.0,-153.5,-152.5,-154.0,-157.0,-150.5,-151.0,-157.0,-154.5,-156.0,-153.5,-151.5,-148.5,-151.5,-153.5,-154.5,-147.5,-148.5,-150.5,-155.0,-157.0,-156.5,-152.5,-157.0,-155.5,-156.5,-155.0,-154.5,-157.0,-151.0,-157.0,-157.0,-155.0,-151.0,-153.0,-157.0,-155.5,-151.5,-150.5,-152.0,-157.0,-157.0,-157.0,-157.0,-155.5,-157.0,-157.0,-154.5,-157.0,-155.0,-157.0,-157.0,-154.0,-156.5,-151.0,-151.0,-156.5,-154.5,-155.5,-155.0,-157.0,-153.0,-151.0,-151.5,-148.5,-153.5,-156.0,-152.0,-157.0,-153.0,-153.5,-150.0,-152.0,-157.0,-157.0,-156.0,-157.0,-154.5,-157.0,-155.5,-151.0,-151.0,-156.0,-153.5,-157.0,-157.0,-148.0,-147.0,-154.5,-154.0,-154.5,-157.0,-154.5,-150.5,-155.0,-153.0,-154.5,-155.0,-157.0,-150.0,-150.0,-153.0,-157.0,-153.5,-152.5,-157.0,-152.5,-151.5,-157.0,-155.5,-155.0,-157.0,-151.0,-151.0,-157.0,-157.0,-150.5,-156.0,-154.0,-157.0,-154.5,-155.5,-150.5,-157.0,-157.0,-150.5,-149.5,-149.5,-148.0,-156.5,-150.5,-150.0,-150.5,-151.5,-152.5,-156.5,-153.5,-150.0,-151.0,-157.0,-140.0,-139.0,-149.0,-157.0,-157.0,-152.0,-157.0,-157.0,-154.0,-157.0,-153.5,-152.0,-157.0,-151.5,-150.0,-154.5,-150.5,-157.0,-153.0,-156.5,-150.5,-148.5,-151.0,-151.5,-157.0,-150.0,-152.0,-150.0,-149.0,-153.0,-157.0,-156.5,-151.5,-152.5,-155.0,-157.0,-149.0,-150.5,-157.0,-149.0,-151.5,-156.0,-152.0,-148.5,-149.0,-149.5,-157.0,-155.0,-152.0,-147.5,-153.0,-150.0,-156.0,-154.5,-157.0,-157.0,-154.0,-151.5,-152.0,-151.0,-153.0,-154.0,-154.0,-156.5,-153.5,-153.0,-154.0,-152.5,-157.0,-157.0,-150.0,-150.5,-157.0,-155.5,-149.5,-152.5,-155.5,-151.5,-156.0,-157.0,-154.5,-152.0,-157.0,-157.0,-153.0,-151.0,-154.5,-148.5,-147.0,-151.0,-155.0,-154.0,-153.0,-157.0,-157.0,-153.5,-157.0,-157.0,-157.0,-153.5,-154.5,-151.5,-157.0,-148.5,-152.5,-157.0,-154.5,-155.0,-150.0,-157.0,-157.0,-153.0,-150.5,-155.0,-154.0,-157.0,-157.0,-148.5,-154.5,-157.0,-155.5,-152.0,-154.5,-157.0,-157.0,-157.0,-157.0,-157.0,-148.0,-146.5,-157.0,-152.5,-157.0,-153.5,-151.0,-151.5,-149.0,-153.5,-157.0,-157.0,-155.5,-151.0,-152.5,-150.5,-156.0,-153.5,-156.5,-150.0,-151.5,-148.5,-147.5,-150.0,-149.0,-150.0,-148.5,-147.0,-157.0,-154.5,-152.5,-154.5,-151.0,-157.0,-157.0,-153.0,-154.5,-151.0,-157.0,-155.5,-157.0,-152.5,-151.5,-152.0,-154.0,-154.5,-151.0,-150.0,-154.0,-157.0,-155.0,-155.0,-156.5,-153.0,-151.5,-156.5,-152.0,-150.0,-150.0,-150.5,-154.5,-157.0,-154.0,-157.0,-149.5,-149.5,-157.0,-157.0,-157.0,-154.0,-153.5,-153.5,-154.5,-157.0,-156.5,-157.0,-155.5,-151.0,-153.5,-144.5,-152.5,-154.5,-154.5,-150.0,-153.0,-155.5,-153.0,-150.0,-151.5,-154.0,-150.5,-148.0,-151.5,-151.5,-152.0,-154.5,-157.0,-157.0,-155.5,-148.5,-151.0,-157.0,-157.0,-156.5,-150.5,-152.0,-157.0,-157.0,-154.0
2026-01-16 16:42:34.252,143.050000,5,-77,-157.0,-157.0,-148.5,-152.5,-155.5,-153.0,-149.5,-153.5,-157.0,-154.0,-152.0,-151.0,-150.0,-157.0,-157.0,-152.5,-150.5,-155.0,-149.5,-153.0,-154.0,-150.0,-152.0,-152.0,-149.0,-153.5,-151.0,-157.0,-152.5,-154.5,-156.0,-149.5,-150.5,-151.5,-152.0,-152.0,-152.5,-152.0,-154.0,-151.0,-150.5,-155.0,-151.5,-149.5,-155.0,-157.0,-152.0,-157.0,-157.0,-157.0,-157.0,-157.0,-157.0,-152.5,-154.5,-149.5,-157.0,-152.0,-153.5,-157.0,-157.0,-155.0,-156.5,-157.0,-157.0,-157.0,-151.0,-150.5,-156.5,-154.0,-155.0,-156.0,-154.5,-153.5,-149.0,-146.5,-156.0,-157.0,-157.0,-157.0,-156.5,-149.5,-150.5,-153.5,-147.0,-147.0,-151.0,-152.0,-154.0,-154.5,-154.5,-153.5,-153.0,-151.5,-147.0,-147.0,-153.5,-152.0,-154.0,-154.5,-157.0,-156.5,-157.0,-154.5,-154.5,-157.0,-157.0,-157.0,-157.0,-156.0,-153.0,-156.0,-157.0,-153.5,-150.5,-154.0,-153.0,-157.0,-157.0,-151.5,-151.0,-157.0,-152.5,-152.5,-154.0,-151.0,-153.0,-153.5,-157.0,-157.0,-152.5,-153.0,-152.0,-156.5,-156.5,-152.0,-154.5,-155.5,-157.0,-157.0,-157.0,-152.0,-150.0,-155.5,-154.0,-152.5,-156.5,-155.0,-156.0,-152.5,-155.0,-152.5,-150.5,-152.5,-157.0,-154.5,-154.5,-152.0,-154.5,-153.0,-152.5,-153.0,-150.0,-157.0,-156.0,-152.0,-157.0,-157.0,-154.5,-156.0,-153.0,-155.5,-151.0,-151.0,-154.5,-153.5,-156.0,-153.5,-152.0,-155.5,-157.0,-153.5,-157.0,-153.5,-147.5,-147.5,-154.0,-157.0,-157.0,-156.5,-153.0,-151.5,-153.0,-153.5,-157.0,-157.0,-157.0,-156.0,-148.0,-149.5,-152.5,-157.0,-152.0,-155.5,-150.0,-150.5,-157.0,-157.0,-157.0,-157.0,-151.0,-150.0,-157.0,-154.5,-151.5,-150.5,-148.5,-152.5,-157.0,-153.5,-150.0,-153.5,-157.0,-156.5,-153.0,-149.5,-147.5,-155.5,-156.5,-148.5,-148.5,-157.0,-157.0,-154.0,-151.0,-153.5,-152.5,-157.0,-140.5,-140.5,-148.5,-150.0,-154.5,-154.0,-155.0,-157.0,-151.5,-152.5,-157.0,-150.5,-148.5,-148.5,-150.5,-150.0,-148.5,-155.5,-155.0,-157.0,-157.0,-150.0,-152.5,-154.5,-154.5,-152.5,-157.0,-153.5,-152.0,-157.0,-157.0,-157.0,-150.0,-149.0,-151.0,-150.5,-150.0,-154.5,-157.0,-151.5,-151.5,-150.5,-147.5,-148.5,-152.5,-148.5,-150.0,-157.0,-150.5,-149.0,-156.0,-151.0,-154.5,-152.5,-157.0,-157.0,-157.0,-153.5,-156.5,-155.0,-152.0,-151.0,-154.5,-157.0,-152.0,-154.5,-157.0,-151.0,-155.5,-157.0,-154.0,-154.5,-157.0,-153.5,-149.5,-157.0,-155.0,-152.5,-153.0,-155.0,-157.0,-157.0,-157.0,-157.0,-154.0,-154.5,-155.5,-146.5,-148.0,-155.5,-156.0,-155.5,-157.0,-154.0,-157.0,-154.5,-154.0,-156.5,-157.0,-153.0,-151.5,-150.0,-157.0,-151.0,-156.5,-157.0,-153.5,-149.5,-149.0,-157.0,-150.0,-148.5,-150.0,-155.0,-157.0,-154.5,-153.5,-146.5,-150.5,-154.5,-155.0,-151.5,-153.0,-157.0,-157.0,-156.0,-154.0,-154.5,-150.0,-150.0,-156.5,-151.0,-153.5,-157.0,-154.0,-154.0,-149.0,-153.5,-157.0,-157.0,-156.5,-151.5,-152.5,-148.5,-150.5,-155.5,-153.5,-149.0,-152.5,-146.5,-147.0,-153.5,-151.5,-151.0,-150.0,-149.0,-156.0,-152.0,-152.5,-154.5,-151.5,-156.5,-157.0,-157.0,-149.0,-147.5,-150.5,-151.0,-157.0,-157.0,-157.0,-155.0,-155.0,-157.0,-149.0,-155.5,-157.0,-157.0,-151.0,-149.5,-157.0,-157.0,-153.5,-157.0,-154.0,-148.0,-148.0,-156.0,-157.0,-156.5,-152.0,-155.5,-151.0,-151.0,-157.0,-157.0,-157.0,-153.0,-152.0,-156.0,-153.5,-154.0,-156.5,-152.5,-148.5,-151.0,-150.0,-146.0,-157.0,-153.0,-157.0,-153.0,-155.5,-153.5,-157.0,-154.5,-157.0,-157.0,-156.0,-154.5,-149.0,-155.5,-151.5,-152.5,-156.5,-157.0,-157.0,-150.5,-155.0,-157.0,-157.0,-152.5,-150.5,-154.0,-157.0,-156.5,-154.0
2026-01-16 16:42:34.254,143.050000,5,-77,-157.0,-157.0,-148.5,-152.5,-155.5,-153.0,-149.5,-153.5,-157.0,-154.0,-152.0,-151.0,-150.0,-157.0,-157.0,-152.5,-150.5,-155.0,-149.5,-153.0,-154.0,-150.0,-152.0,-152.0,-149.0,-153.5,-151.0,-157.0,-152.5,-154.5,-156.0,-149.5,-150.5,-151.5,-152.0,-152.0,-152.5,-152.0,-154.0,-151.0,-150.5,-155.0,-151.5,-149.5,-155.0,-157.0,-152.0,-157.0,-157.0,-157.0,-157.0,-157.0,-157.0,-152.5,-154.5,-149.5,-157.0,-152.0,-153.5,-157.0,-157.0,-155.0,-156.5,-157.0,-157.0,-157.0,-151.0,-150.5,-156.5,-154.0,-155.0,-156.0,-154.5,-153.5,-149.0,-146.5,-156.0,-157.0,-157.0,-157.0,-156.5,-149.5,-150.5,-153.5,-147.0,-147.0,-151.0,-152.0,-154.0,-154.5,-154.5,-153.5,-153.0,-151.5,-147.0,-147.0,-153.5,-152.0,-154.0,-154.5,-157.0,-156.5,-157.0,-154.5,-154.5,-157.0,-157.0,-157.0,-157.0,-156.0,-153.0,-156.0,-157.0,-153.5,-150.5,-154.0,-153.0,-157.0,-157.0,-151.5,-151.0,-157.0,-152.5,-152.5,-154.0,-151.0,-153.0,-153.5,-157.0,-157.0,-152.5,-153.0,-152.0,-156.5,-156.5,-152.0,-154.5,-155.5,-157.0,-157.0,-157.0,-152.0,-150.0,-155.5,-154.0,-152.5,-156.5,-155.0,-156.0,-152.5,-155.0,-152.5,-150.5,-152.5,-157.0,-154.5,-154.5,-152.0,-154.5,-153.0,-152.5,-153.0,-150.0,-157.0,-156.0,-152.0,-157.0,-157.0,-154.5,-156.0,-153.0,-155.5,-151.0,-151.0,-154.5,-153.5,-156.0,-153.5,-152.0,-155.5,-157.0,-153.5,-157.0,-153.5,-147.5,-147.5,-154.0,-157.0,-157.0,-156.5,-153.0,-151.5,-153.0,-153.5,-157.0,-157.0,-157.0,-156.0,-148.0,-149.5,-152.5,-157.0,-152.0,-155.5,-150.0,-150.5,-157.0,-157.0,-157.0,-157.0,-151.0,-150.0,-157.0,-154.5,-151.5,-150.5,-148.5,-152.5,-157.0,-153.5,-150.0,-153.5,-157.0,-156.5,-153.0,-149.5,-147.5,-155.5,-156.5,-148.5,-148.5,-157.0,-157.0,-154.0,-151.0,-153.5,-152.5,-157.0,-140.5,-140.5,-148.5,-150.0,-154.5,-154.0,-155.0,-157.0,-151.5,-152.5,-157.0,-150.5,-148.5,-148.5,-150.5,-150.0,-148.5,-155.5,-155.0,-157.0,-157.0,-150.0,-152.5,-154.5,-154.5,-152.5,-157.0,-153.5,-152.0,-157.0,-157.0,-157.0,-150.0,-149.0,-151.0,-150.5,-150.0,-154.5,-157.0,-151.5,-151.5,-150.5,-147.5,-148.5,-152.5,-148.5,-150.0,-157.0,-150.5,-149.0,-156.0,-151.0,-154.5,-152.5,-157.0,-157.0,-157.0,-153.5,-156.5,-155.0,-152.0,-151.0,-154.5,-157.0,-152.0,-154.5,-157.0,-151.0,-155.5,-157.0,-154.0,-154.5,-157.0,-153.5,-149.5,-157.0,-155.0,-152.5,-153.0,-155.0,-157.0,-157.0,-157.0,-157.0,-154.0,-154.5,-155.5,-146.5,-148.0,-155.5,-156.0,-155.5,-157.0,-154.0,-157.0,-154.5,-154.0,-156.5,-157.0,-153.0,-151.5,-150.0,-157.0,-151.0,-156.5,-157.0,-153.5,-149.5,-149.0,-157.0,-150.0,-148.5,-150.0,-155.0,-157.0,-154.5,-153.5,-146.5,-150.5,-154.5,-155.0,-151.5,-153.0,-157.0,-157.0,-156.0,-154.0,-154.5,-150.0,-150.0,-156.5,-151.0,-153.5,-157.0,-154.0,-154.0,-149.0,-153.5,-157.0,-157.0,-156.5,-151.5,-152.5,-148.5,-150.5,-155.5,-153.5,-149.0,-152.5,-146.5,-147.0,-153.5,-151.5,-151.0,-150.0,-149.0,-156.0,-152.0,-152.5,-154.5,-151.5,-156.5,-157.0,-157.0,-149.0,-147.5,-150.5,-151.0,-157.0,-157.0,-157.0,-155.0,-155.0,-157.0,-149.0,-155.5,-157.0,-157.0,-151.0,-149.5,-157.0,-157.0,-153.5,-157.0,-154.0,-148.0,-148.0,-156.0,-157.0,-156.5,-152.0,-155.5,-151.0,-151.0,-157.0,-157.0,-157.0,-153.0,-152.0,-156.0,-153.5,-154.0,-156.5,-152.5,-148.5,-151.0,-150.0,-146.0,-157.0,-153.0,-157.0,-153.0,-155.5,-153.5,-157.0,-154.5,-157.0,-157.0,-156.0,-154.5,-149.0,-155.5,-151.5,-152.5,-156.5,-157.0,-157.0,-150.5,-155.0,-157.0,-157.0,-152.5,-150.5,-154.0,-157.0,-156.5,-154.0
2026-01-16 16:42:34.256,143.050000,5,-77,-157.0,-157.0,-148.5,-152.5,-155.5,-153.0,-149.5,-153.5,-157.0,-154.0,-152.0,-151.0,-150.0,-157.0,-157.0,-152.5,-150.5,-155.0,-149.5,-153.0,-154.0,-150.0,-152.0,-152.0,-149.0,-153.5,-151.0,-157.0,-152.5,-154.5,-156.0,-149.5,-150.5,-151.5,-152.0,-152.0,-152.5,-152.0,-154.0,-151.0,-150.5,-155.0,-151.5,-149.5,-155.0,-157.0,-152.0,-157.0,-157.0,-157.0,-157.0,-157.0,-157.0,-152.5,-154.5,-149.5,-157.0,-152.0,-153.5,-157.0,-157.0,-155.0,-156.5,-157.0,-157.0,-157.0,-151.0,-150.5,-156.5,-154.0,-155.0,-156.0,-154.5,-153.5,-149.0,-146.5,-156.0,-157.0,-157.0,-157.0,-156.5,-149.5,-150.5,-153.5,-147.0,-147.0,-151.0,-152.0,-154.0,-154.5,-154.5,-153.5,-153.0,-151.5,-147.0,-147.0,-153.5,-152.0,-154.0,-154.5,-157.0,-156.5,-157.0,-154.5,-154.5,-157.0,-157.0,-157.0,-157.0,-156.0,-153.0,-156.0,-157.0,-153.5,-150.5,-154.0,-153.0,-157.0,-157.0,-151.5,-151.0,-157.0,-152.5,-152.5,-154.0,-151.0,-153.0,-153.5,-157.0,-157.0,-152.5,-153.0,-152.0,-156.5,-156.5,-152.0,-154.5,-155.5,-157.0,-157.0,-157.0,-152.0,-150.0,-155.5,-154.0,-152.5,-156.5,-155.0,-156.0,-152.5,-155.0,-152.5,-150.5,-152.5,-157.0,-154.5,-154.5,-152.0,-154.5,-153.0,-152.5,-153.0,-150.0,-157.0,-156.0,-152.0,-157.0,-157.0,-154.5,-156.0,-153.0,-155.5,-151.0,-151.0,-154.5,-153.5,-156.0,-153.5,-152.0,-155.5,-157.0,-153.5,-157.0,-153.5,-147.5,-147.5,-154.0,-157.0,-157.0,-156.5,-153.0,-151.5,-153.0,-153.5,-157.0,-157.0,-157.0,-156.0,-148.0,-149.5,-152.5,-157.0,-152.0,-155.5,-150.0,-150.5,-157.0,-157.0,-157.0,-157.0,-151.0,-150.0,-157.0,-154.5,-151.5,-150.5,-148.5,-152.5,-157.0,-153.5,-150.0,-153.5,-157.0,-156.5,-153.0,-149.5,-147.5,-155.5,-156.5,-148.5,-148.5,-157.0,-157.0,-154.0,-151.0,-153.5,-152.5,-157.0,-140.5,-140.5,-148.5,-150.0,-154.5,-154.0,-155.0,-157.0,-151.5,-152.5,-157.0,-150.5,-148.5,-148.5,-150.5,-150.0,-148.5,-155.5,-155.0,-157.0,-157.0,-150.0,-152.5,-154.5,-154.5,-152.5,-157.0,-153.5,-152.0,-157.0,-157.0,-157.0,-150.0,-149.0,-151.0,-150.5,-150.0,-154.5,-157.0,-151.5,-151.5,-150.5,-147.5,-148.5,-152.5,-148.5,-150.0,-157.0,-150.5,-149.0,-156.0,-151.0,-154.5,-152.5,-157.0,-157.0,-157.0,-153.5,-156.5,-155.0,-152.0,-151.0,-154.5,-157.0,-152.0,-154.5,-157.0,-151.0,-155.5,-157.0,-154.0,-154.5,-157.0,-153.5,-149.5,-157.0,-155.0,-152.5,-153.0,-155.0,-157.0,-157.0,-157.0,-157.0,-154.0,-154.5,-155.5,-146.5,-148.0,-155.5,-156.0,-155.5,-157.0,-154.0,-157.0,-154.5,-154.0,-156.5,-157.0,-153.0,-151.5,-150.0,-157.0,-151.0,-156.5,-157.0,-153.5,-149.5,-149.0,-157.0,-150.0,-148.5,-150.0,-155.0,-157.0,-154.5,-153.5,-146.5,-150.5,-154.5,-155.0,-151.5,-153.0,-157.0,-157.0,-156.0,-154.0,-154.5,-150.0,-150.0,-156.5,-151.0,-153.5,-157.0,-154.0,-154.0,-149.0,-153.5,-157.0,-157.0,-156.5,-151.5,-152.5,-148.5,-150.5,-155.5,-153.5,-149.0,-152.5,-146.5,-147.0,-153.5,-151.5,-151.0,-150.0,-149.0,-156.0,-152.0,-152.5,-154.5,-151.5,-156.5,-157.0,-157.0,-149.0,-147.5,-150.5,-151.0,-157.0,-157.0,-157.0,-155.0,-155.0,-157.0,-149.0,-155.5,-157.0,-157.0,-151.0,-149.5,-157.0,-157.0,-153.5,-157.0,-154.0,-148.0,-148.0,-156.0,-157.0,-156.5,-152.0,-155.5,-151.0,-151.0,-157.0,-157.0,-157.0,-153.0,-152.0,-156.0,-153.5,-154.0,-156.5,-152.5,-148.5,-151.0,-150.0,-146.0,-157.0,-153.0,-157.0,-153.0,-155.5,-153.5,-157.0,-154.5,-157.0,-157.0,-156.0,-154.5,-149.0,-155.5,-151.5,-152.5,-156.5,-157.0,-157.0,-150.5,-155.0,-157.0,-157.0,-152.5,-150.5,-154.0,-157.0,-156.5,-154.0
2026-01-16 16:42:34.283,143.050000,5,-77,-157.0,-157.0,-145.5,-156.5,-157.0,-156.0,-151.5,-157.0,-150.0,-147.5,-150.0,-156.0,-148.5,-151.0,-156.5,-155.0,-151.5,-152.5,-149.5,-152.5,-155.5,-155.5,-154.0,-151.0,-150.5,-150.0,-148.0,-152.5,-152.5,-151.0,-152.5,-150.5,-150.5,-151.0,-156.5,-153.5,-152.0,-153.0,-153.0,-152.5,-153.5,-156.5,-149.0,-148.5,-153.0,-152.0,-151.0,-150.0,-150.5,-157.0,-157.0,-154.0,-154.0,-152.0,-148.5,-148.5,-157.0,-153.0,-157.0,-157.0,-157.0,-152.5,-156.5,-153.0,-153.5,-157.0,-152.5,-155.5,-155.5,-154.0,-155.0,-152.0,-151.0,-154.0,-149.0,-146.5,-149.5,-151.5,-157.0,-157.0,-157.0,-155.0,-155.0,-152.0,-147.5,-149.5,-157.0,-151.0,-154.0,-152.5,-152.0,-156.5,-154.5,-154.0,-151.0,-148.5,-156.5,-152.5,-157.0,-156.0,-155.0,-157.0,-157.0,-157.0,-154.0,-157.0,-155.0,-154.5,-157.0,-156.0,-156.5,-157.0,-157.0,-156.5,-155.5,-156.0,-155.5,-150.0,-148.5,-154.5,-150.5,-153.0,-153.5,-152.0,-157.0,-154.0,-154.5,-156.0,-156.0,-156.0,-153.5,-154.0,-151.5,-154.0,-154.5,-153.5,-154.0,-150.5,-151.0,-154.0,-157.0,-151.5,-150.0,-153.0,-154.5,-155.5,-157.0,-155.5,-152.5,-151.0,-155.5,-149.0,-148.5,-151.0,-153.5,-157.0,-156.5,-151.0,-150.0,-151.5,-155.0,-155.5,-153.5,-155.0,-154.0,-152.0,-157.0,-156.0,-155.0,-157.0,-152.0,-153.0,-151.0,-153.5,-151.0,-149.5,-151.0,-148.5,-149.0,-157.0,-157.0,-156.0,-157.0,-157.0,-152.5,-151.0,-149.5,-154.0,-154.5,-153.0,-157.0,-156.5,-155.0,-152.5,-152.0,-157.0,-157.0,-153.5,-147.0,-151.0,-153.0,-154.0,-152.0,-154.5,-152.0,-155.0,-157.0,-157.0,-155.0,-157.0,-157.0,-153.5,-153.0,-151.0,-151.5,-154.5,-147.0,-149.0,-157.0,-157.0,-152.5,-155.0,-157.0,-157.0,-157.0,-155.0,-150.0,-154.5,-157.0,-151.5,-152.0,-157.0,-157.0,-153.5,-152.5,-153.0,-153.5,-156.0,-143.0,-140.0,-147.0,-151.5,-153.5,-157.0,-152.0,-154.0,-151.5,-149.5,-150.5,-149.5,-149.0,-149.0,-153.0,-153.5,-151.0,-157.0,-156.0,-157.0,-157.0,-151.0,-156.0,-151.5,-151.0,-154.5,-157.0,-157.0,-157.0,-157.0,-155.0,-153.0,-149.5,-148.5,-149.0,-150.5,-152.0,-157.0,-157.0,-156.0,-153.0,-153.0,-150.5,-153.0,-153.5,-148.5,-149.5,-157.0,-151.5,-157.0,-156.5,-152.5,-148.5,-153.5,-154.5,-151.5,-154.0,-154.5,-157.0,-154.5,-151.0,-153.0,-155.5,-157.0,-151.0,-153.5,-154.0,-149.0,-149.0,-152.0,-157.0,-152.0,-152.5,-152.5,-147.5,-152.0,-152.0,-151.5,-150.5,-149.0,-150.0,-157.0,-157.0,-152.0,-152.0,-155.5,-153.5,-146.5,-149.0,-157.0,-156.5,-157.0,-157.0,-151.0,-151.5,-156.0,-155.0,-155.0,-152.0,-152.0,-157.0,-149.5,-152.5,-156.5,-157.0,-154.0,-153.0,-151.0,-149.5,-156.0,-149.5,-150.0,-150.0,-151.5,-153.5,-150.0,-150.5,-146.0,-147.0,-154.0,-157.0,-155.0,-152.0,-155.0,-156.0,-157.0,-153.0,-154.0,-152.0,-154.5,-150.5,-153.5,-151.5,-154.0,-151.0,-153.0,-150.0,-151.5,-157.0,-157.0,-157.0,-151.0,-152.5,-147.5,-147.0,-156.5,-157.0,-148.5,-149.5,-149.0,-151.5,-149.0,-153.0,-150.5,-152.5,-156.5,-155.0,-156.5,-157.0,-157.0,-156.0,-155.0,-157.0,-157.0,-146.5,-147.5,-149.5,-148.0,-154.0,-153.5,-157.0,-156.5,-155.5,-157.0,-149.5,-153.5,-157.0,-157.0,-153.0,-148.5,-152.0,-157.0,-155.5,-157.0,-156.0,-149.0,-152.0,-153.5,-153.5,-150.5,-153.0,-154.5,-157.0,-154.0,-156.5,-156.5,-157.0,-153.5,-152.0,-157.0,-153.5,-155.0,-153.0,-152.0,-149.0,-152.0,-156.0,-147.0,-156.0,-151.0,-156.5,-157.0,-157.0,-153.5,-157.0,-156.5,-157.0,-157.0,-155.0,-155.0,-152.0,-155.5,-152.0,-154.5,-155.5,-157.0,-155.0,-155.5,-156.0,-157.0,-157.0,-157.0,-151.5,-157.0,-156.0,-153.5,-154.5
2026-01-16 16:42:34.315,143.050000,5,-77,-157.0,-157.0,-147.0,-152.5,-152.0,-154.0,-154.5,-157.0,-149.5,-148.0,-152.0,-157.0,-147.5,-146.5,-150.5,-157.0,-153.0,-154.5,-152.5,-153.0,-155.0,-156.5,-157.0,-153.5,-157.0,-157.0,-149.0,-151.5,-153.0,-153.0,-155.0,-152.0,-150.5,-152.5,-155.0,-151.0,-154.5,-153.5,-150.0,-151.0,-152.5,-157.0,-150.0,-151.5,-157.0,-149.5,-155.0,-149.0,-151.5,-152.5,-154.5,-152.0,-151.0,-153.5,-150.0,-152.0,-154.0,-151.0,-153.5,-156.5,-157.0,-152.0,-153.0,-152.0,-157.0,-155.0,-155.0,-154.5,-157.0,-156.5,-156.5,-146.5,-147.0,-156.0,-155.5,-150.0,-146.0,-148.0,-153.0,-152.5,-154.5,-157.0,-152.0,-150.0,-152.5,-157.0,-153.0,-152.5,-154.5,-157.0,-154.0,-156.5,-157.0,-157.0,-157.0,-155.0,-157.0,-157.0,-157.0,-157.0,-151.0,-156.0,-157.0,-157.0,-152.0,-157.0,-155.0,-148.5,-148.0,-149.0,-157.0,-157.0,-156.0,-151.0,-150.5,-152.5,-155.5,-147.5,-146.0,-153.0,-153.0,-156.0,-157.0,-155.5,-155.0,-157.0,-156.0,-152.0,-152.0,-156.0,-157.0,-155.5,-155.5,-157.0,-153.0,-157.0,-152.0,-147.0,-148.5,-157.0,-157.0,-155.5,-152.0,-152.5,-157.0,-157.0,-157.0,-151.5,-149.5,-148.5,-150.0,-147.5,-150.5,-153.5,-157.0,-157.0,-157.0,-157.0,-149.0,-150.5,-156.5,-154.5,-152.5,-151.0,-156.0,-155.0,-156.5,-155.0,-156.0,-155.0,-153.5,-157.0,-155.0,-156.5,-155.5,-148.0,-150.0,-149.0,-150.5,-157.0,-155.5,-154.5,-154.0,-153.0,-153.5,-155.0,-148.0,-150.0,-153.5,-153.5,-153.0,-152.0,-152.0,-151.0,-148.5,-157.0,-157.0,-148.5,-146.5,-150.0,-152.5,-153.0,-153.0,-155.0,-156.0,-157.0,-155.5,-156.0,-155.5,-157.0,-157.0,-157.0,-154.0,-151.5,-148.0,-157.0,-151.5,-153.5,-155.5,-156.5,-151.5,-155.0,-157.0,-157.0,-157.0,-156.0,-151.5,-157.0,-157.0,-153.5,-154.5,-154.0,-156.5,-150.5,-155.5,-155.5,-157.0,-155.0,-141.5,-139.0,-152.0,-156.5,-156.0,-152.5,-148.0,-154.0,-157.0,-147.5,-147.5,-150.5,-151.5,-153.5,-157.0,-157.0,-153.0,-156.0,-157.0,-157.0,-157.0,-152.0,-154.0,-150.0,-148.5,-152.0,-157.0,-157.0,-154.5,-153.5,-153.5,-157.0,-148.0,-154.5,-149.0,-153.5,-153.0,-155.0,-154.0,-155.0,-156.5,-157.0,-155.5,-153.0,-151.5,-149.5,-149.5,-157.0,-151.0,-152.5,-154.5,-151.5,-148.0,-156.5,-153.5,-149.5,-157.0,-153.0,-156.5,-150.5,-149.0,-152.5,-152.0,-152.5,-153.0,-154.5,-155.0,-153.5,-153.0,-153.5,-155.5,-150.0,-149.0,-148.0,-148.0,-155.5,-153.5,-150.5,-152.5,-150.0,-149.5,-151.0,-157.0,-156.5,-150.5,-156.5,-152.5,-151.0,-153.5,-157.0,-154.5,-154.0,-152.5,-149.5,-149.0,-156.5,-157.0,-154.5,-153.5,-153.0,-157.0,-149.5,-148.5,-152.5,-157.0,-154.0,-152.5,-153.5,-157.0,-157.0,-153.0,-154.0,-150.0,-155.5,-150.0,-150.0,-150.0,-152.0,-150.0,-154.5,-153.5,-153.5,-148.0,-151.0,-156.0,-157.0,-156.0,-157.0,-153.0,-152.0,-151.5,-157.0,-151.0,-155.5,-150.5,-156.0,-150.0,-149.5,-157.0,-157.0,-153.5,-151.0,-150.5,-151.5,-148.0,-157.0,-156.5,-150.5,-151.0,-147.5,-148.0,-147.5,-155.5,-149.0,-151.5,-157.0,-156.0,-157.0,-157.0,-157.0,-155.0,-153.5,-157.0,-157.0,-147.5,-150.5,-151.0,-149.5,-151.0,-149.5,-157.0,-154.5,-157.0,-157.0,-151.0,-150.0,-156.5,-155.0,-154.5,-151.0,-155.5,-156.5,-156.5,-155.0,-157.0,-149.5,-150.0,-152.5,-152.5,-149.5,-157.0,-157.0,-157.0,-153.0,-155.0,-154.5,-156.5,-154.5,-156.5,-151.5,-149.0,-157.0,-155.0,-157.0,-155.0,-153.0,-150.0,-146.0,-156.5,-151.0,-157.0,-157.0,-157.0,-155.5,-155.0,-156.5,-157.0,-157.0,-157.0,-157.0,-153.5,-152.0,-154.0,-157.0,-153.5,-150.5,-150.0,-157.0,-155.0,-157.0,-155.0,-153.0,-151.5,-153.0,-155.5,-155.5,-150.5
2026-01-16 16:42:34.349,143.050000,5,-77,-157.0,-157.0,-150.5,-149.0,-149.5,-156.0,-152.5,-157.0,-157.0,-152.5,-154.5,-152.5,-153.0,-148.0,-151.0,-154.5,-149.0,-151.5,-157.0,-157.0,-157.0,-157.0,-153.5,-152.5,-157.0,-153.5,-149.5,-151.0,-150.5,-157.0,-157.0,-157.0,-151.5,-151.5,-154.0,-150.0,-155.0,-156.5,-149.5,-151.5,-157.0,-157.0,-153.0,-156.5,-157.0,-152.5,-154.0,-153.5,-157.0,-154.0,-154.5,-152.0,-155.0,-156.0,-154.5,-157.0,-152.0,-147.5,-147.5,-153.0,-157.0,-155.5,-153.0,-153.0,-157.0,-157.0,-157.0,-155.5,-157.0,-157.0,-157.0,-146.0,-148.0,-149.0,-150.0,-153.5,-147.5,-151.0,-148.0,-148.0,-156.0,-157.0,-147.5,-147.0,-152.0,-157.0,-151.5,-155.5,-157.0,-157.0,-156.0,-155.5,-155.0,-157.0,-157.0,-157.0,-157.0,-157.0,-154.5,-152.5,-148.0,-149.5,-157.0,-153.5,-150.0,-153.0,-157.0,-147.5,-147.5,-147.5,-153.5,-152.0,-152.5,-149.0,-147.5,-153.0,-153.0,-151.5,-148.5,-157.0,-156.5,-157.0,-156.5,-154.0,-156.5,-157.0,-152.0,-149.5,-153.5,-154.5,-157.0,-157.0,-157.0,-156.5,-153.0,-157.0,-149.5,-147.5,-152.5,-154.5,-157.0,-157.0,-156.0,-152.0,-153.0,-157.0,-157.0,-154.0,-151.5,-150.0,-151.5,-149.5,-152.5,-156.0,-157.0,-157.0,-156.5,-157.0,-152.5,-153.0,-157.0,-150.5,-150.0,-154.5,-155.5,-156.5,-156.0,-157.0,-155.5,-156.0,-152.5,-156.5,-157.0,-151.5,-156.5,-151.5,-152.5,-152.0,-153.5,-157.0,-156.5,-153.5,-157.0,-151.5,-147.5,-148.0,-151.0,-151.0,-151.0,-149.5,-150.5,-150.5,-150.0,-148.0,-146.5,-156.5,-157.0,-152.5,-151.0,-155.0,-152.0,-150.5,-155.0,-157.0,-155.0,-152.5,-152.5,-157.0,-157.0,-157.0,-153.5,-157.0,-154.0,-152.0,-149.0,-153.0,-156.5,-157.0,-157.0,-157.0,-150.5,-154.0,-156.0,-157.0,-157.0,-149.5,-149.0,-157.0,-149.5,-149.0,-150.0,-150.5,-157.0,-151.5,-157.0,-157.0,-157.0,-155.0,-137.5,-137.0,-148.0,-157.0,-157.0,-149.5,-147.0,-157.0,-154.5,-149.5,-151.5,-151.0,-150.5,-156.5,-155.5,-157.0,-154.5,-152.0,-152.0,-154.5,-157.0,-152.5,-153.0,-152.0,-154.0,-154.5,-157.0,-157.0,-154.0,-157.0,-157.0,-157.0,-148.5,-152.5,-151.0,-153.5,-155.0,-153.5,-156.5,-151.0,-151.0,-153.0,-155.0,-157.0,-152.0,-151.5,-149.0,-152.0,-150.5,-153.5,-151.5,-152.5,-151.0,-157.0,-157.0,-151.0,-155.0,-150.5,-155.0,-152.0,-153.5,-157.0,-152.0,-150.0,-151.0,-154.0,-154.0,-157.0,-157.0,-155.5,-153.5,-153.5,-154.5,-151.5,-150.5,-157.0,-157.0,-152.5,-152.5,-154.5,-157.0,-150.5,-153.0,-153.5,-150.5,-157.0,-151.5,-157.0,-157.0,-157.0,-152.5,-150.5,-149.5,-151.0,-149.0,-157.0,-152.5,-150.5,-157.0,-157.0,-154.5,-157.0,-147.5,-148.0,-157.0,-157.0,-157.0,-155.0,-157.0,-157.0,-154.5,-153.0,-149.0,-154.0,-149.5,-151.0,-151.5,-157.0,-153.5,-151.5,-150.0,-157.0,-146.5,-150.0,-157.0,-157.0,-157.0,-156.0,-152.5,-148.5,-152.5,-153.0,-148.5,-150.5,-151.0,-155.5,-149.5,-150.0,-151.5,-154.0,-155.0,-157.0,-155.0,-157.0,-148.5,-153.5,-157.0,-154.5,-150.0,-148.0,-150.5,-151.0,-151.0,-149.0,-154.0,-157.0,-157.0,-157.0,-154.5,-152.0,-149.5,-151.0,-157.0,-157.0,-149.0,-152.0,-153.5,-151.5,-153.0,-152.0,-157.0,-153.5,-153.0,-153.5,-153.5,-151.0,-156.5,-155.5,-157.0,-155.0,-155.5,-157.0,-154.5,-150.5,-154.5,-153.5,-153.0,-155.5,-154.0,-154.0,-157.0,-157.0,-157.0,-154.0,-153.0,-153.0,-150.5,-155.5,-157.0,-155.0,-149.0,-157.0,-157.0,-157.0,-153.0,-150.0,-146.0,-146.5,-156.0,-152.0,-157.0,-157.0,-157.0,-157.0,-154.0,-155.0,-154.0,-157.0,-157.0,-157.0,-153.5,-152.5,-154.5,-157.0,-151.5,-150.5,-149.0,-152.5,-150.5,-154.0,-150.0,-151.0,-153.5,-147.5,-148.5,-153.0,-149.5
2026-01-16 16:42:34.382,143.050000,5,-77,-157.0,-157.0,-155.0,-150.0,-151.0,-152.5,-149.5,-157.0,-155.5,-153.5,-157.0,-152.5,-155.0,-148.5,-154.0,-151.0,-146.5,-150.0,-157.0,-157.0,-157.0,-157.0,-157.0,-152.5,-157.0,-152.0,-152.5,-156.5,-150.0,-157.0,-157.0,-157.0,-148.0,-150.0,-152.5,-155.0,-153.5,-157.0,-148.0,-148.5,-155.5,-152.5,-155.5,-157.0,-154.0,-154.0,-156.5,-157.0,-157.0,-157.0,-156.0,-153.5,-154.0,-151.5,-155.5,-157.0,-153.0,-149.5,-148.5,-151.5,-157.0,-156.0,-157.0,-157.0,-157.0,-157.0,-157.0,-154.0,-157.0,-157.0,-156.0,-149.0,-157.0,-147.5,-150.0,-151.0,-150.0,-157.0,-151.0,-149.5,-155.5,-156.5,-151.0,-148.5,-148.0,-150.5,-149.0,-150.0,-157.0,-157.0,-156.5,-152.5,-151.0,-157.0,-157.0,-157.0,-156.5,-155.5,-153.0,-149.5,-151.0,-150.5,-155.0,-151.0,-151.0,-152.0,-155.0,-152.0,-157.0,-150.5,-152.5,-151.0,-156.0,-151.5,-149.0,-151.5,-150.5,-157.0,-152.5,-157.0,-153.0,-157.0,-151.5,-150.0,-155.0,-157.0,-150.0,-151.0,-157.0,-157.0,-157.0,-153.0,-152.5,-157.0,-152.0,-157.0,-153.0,-151.5,-151.0,-150.0,-154.0,-155.0,-154.0,-154.0,-152.5,-157.0,-157.0,-153.5,-154.5,-154.5,-157.0,-154.5,-157.0,-154.0,-156.5,-157.0,-157.0,-157.0,-157.0,-155.0,-155.0,-152.5,-150.5,-154.0,-153.5,-156.5,-157.0,-155.5,-153.0,-151.0,-148.0,-149.0,-152.5,-149.0,-154.0,-150.5,-154.5,-157.0,-157.0,-156.0,-154.0,-153.5,-157.0,-156.5,-146.0,-144.0,-154.5,-157.0,-150.0,-148.0,-154.0,-157.0,-152.5,-148.0,-150.0,-150.5,-157.0,-157.0,-155.0,-156.5,-154.0,-150.5,-157.0,-155.0,-152.5,-151.5,-153.0,-157.0,-154.5,-150.5,-149.5,-151.0,-150.0,-152.0,-151.5,-151.5,-153.5,-153.5,-157.0,-157.0,-152.5,-156.0,-156.5,-155.0,-157.0,-148.0,-150.0,-157.0,-150.0,-149.5,-154.0,-155.0,-157.0,-153.5,-157.0,-157.0,-157.0,-157.0,-137.5,-135.5,-147.0,-152.5,-151.5,-150.0,-151.5,-154.5,-151.0,-157.0,-154.0,-156.0,-150.0,-157.0,-157.0,-157.0,-156.5,-155.0,-152.5,-155.5,-157.0,-151.5,-153.0,-154.5,-157.0,-157.0,-157.0,-157.0,-153.5,-156.5,-153.5,-153.0,-151.0,-155.0,-157.0,-155.0,-157.0,-154.5,-157.0,-151.5,-151.0,-154.5,-157.0,-157.0,-154.0,-153.0,-154.0,-157.0,-155.5,-153.0,-151.5,-155.5,-157.0,-157.0,-157.0,-154.0,-157.0,-149.5,-154.0,-152.5,-154.0,-152.5,-152.5,-149.5,-147.5,-153.5,-151.0,-153.0,-156.5,-156.0,-153.0,-152.0,-157.0,-154.5,-153.5,-157.0,-153.5,-154.0,-153.0,-155.0,-157.0,-151.0,-154.5,-148.5,-148.0,-150.0,-149.0,-152.5,-156.5,-157.0,-156.5,-154.0,-148.0,-149.0,-148.5,-157.0,-150.5,-152.5,-155.5,-157.0,-152.5,-155.0,-151.5,-151.0,-155.0,-157.0,-157.0,-157.0,-157.0,-156.5,-155.5,-151.5,-152.0,-155.0,-152.0,-156.5,-151.0,-157.0,-152.5,-155.5,-148.0,-155.0,-147.0,-150.0,-157.0,-157.0,-157.0,-155.0,-152.5,-151.5,-152.5,-153.5,-147.0,-148.5,-153.0,-157.0,-153.5,-152.0,-149.0,-154.0,-157.0,-155.5,-156.5,-152.5,-147.0,-148.5,-154.0,-155.0,-153.0,-153.5,-154.5,-153.0,-149.5,-147.5,-151.5,-157.0,-153.5,-154.5,-150.0,-152.5,-153.0,-153.0,-153.5,-153.0,-150.5,-151.5,-153.5,-154.0,-157.0,-157.0,-157.0,-156.0,-152.5,-157.0,-153.0,-157.0,-157.0,-157.0,-155.0,-157.0,-152.0,-151.5,-154.0,-147.5,-150.5,-157.0,-157.0,-157.0,-157.0,-157.0,-157.0,-157.0,-157.0,-154.5,-152.0,-151.5,-151.0,-157.0,-156.0,-157.0,-151.0,-157.0,-157.0,-157.0,-148.5,-147.5,-144.5,-150.5,-157.0,-152.5,-156.5,-155.5,-157.0,-157.0,-154.5,-157.0,-152.5,-155.0,-156.0,-153.5,-153.0,-157.0,-154.5,-151.0,-151.0,-157.0,-151.0,-151.0,-151.5,-157.0,-150.5,-153.0,-156.0,-148.0,-145.5,-149.0,-155.5
2026-01-16 16:42:34.416,143.050000,5,-77,-157.0,-157.0,-150.0,-149.0,-156.0,-150.5,-148.5,-154.5,-152.0,-156.0,-152.5,-150.5,-151.0,-146.0,-157.0,-148.5,-147.5,-156.0,-157.0,-152.5,-150.5,-157.0,-157.0,-153.0,-157.0,-154.5,-153.5,-157.0,-148.5,-151.0,-157.0,-154.5,-147.5,-157.0,-157.0,-157.0,-152.0,-149.5,-150.0,-152.0,-150.5,-149.5,-153.5,-153.5,-157.0,-151.5,-153.5,-157.0,-157.0,-157.0,-156.5,-157.0,-147.5,-150.5,-156.5,-156.5,-154.5,-153.5,-153.0,-157.0,-156.5,-157.0,-153.0,-154.5,-157.0,-157.0,-153.0,-150.0,-154.0,-157.0,-154.0,-154.5,-156.5,-151.0,-155.5,-151.0,-154.0,-157.0,-156.0,-154.0,-152.5,-154.5,-157.0,-151.0,-150.0,-148.5,-147.0,-149.5,-156.0,-157.0,-155.5,-151.0,-150.0,-157.0,-154.5,-157.0,-156.5,-156.5,-157.0,-151.5,-155.0,-151.5,-157.0,-152.5,-150.5,-148.5,-150.0,-155.0,-157.0,-156.5,-153.5,-154.5,-157.0,-153.5,-154.0,-152.5,-149.5,-157.0,-152.0,-155.5,-149.0,-151.5,-151.5,-152.5,-156.0,-157.0,-150.0,-152.5,-157.0,-157.0,-156.0,-152.5,-149.0,-149.5,-149.0,-155.0,-156.5,-157.0,-150.5,-154.0,-157.0,-151.5,-151.0,-152.0,-156.0,-153.0,-157.0,-154.5,-156.5,-156.5,-157.0,-154.5,-155.0,-148.5,-148.5,-157.0,-157.0,-157.0,-157.0,-157.0,-153.0,-157.0,-149.0,-149.0,-149.5,-152.0,-156.5,-156.5,-156.0,-155.0,-149.5,-152.0,-157.0,-148.5,-147.5,-148.0,-156.0,-157.0,-157.0,-154.5,-150.5,-152.5,-157.0,-155.5,-146.0,-144.0,-150.5,-157.0,-151.0,-149.5,-157.0,-157.0,-157.0,-152.0,-153.0,-151.0,-155.5,-157.0,-157.0,-157.0,-154.5,-154.5,-157.0,-151.0,-149.0,-153.5,-157.0,-153.0,-152.5,-154.0,-152.5,-148.5,-148.0,-153.5,-153.5,-151.0,-151.0,-150.5,-157.0,-151.5,-150.0,-155.5,-157.0,-155.5,-156.0,-149.5,-157.0,-157.0,-156.5,-153.0,-157.0,-157.0,-157.0,-154.0,-157.0,-153.5,-156.0,-153.5,-139.0,-135.0,-148.5,-147.5,-149.0,-150.0,-157.0,-155.5,-150.5,-155.0,-157.0,-157.0,-153.5,-157.0,-157.0,-157.0,-157.0,-153.0,-152.0,-154.5,-157.0,-150.5,-151.5,-157.0,-153.0,-157.0,-157.0,-157.0,-151.5,-153.5,-153.0,-150.0,-149.0,-157.0,-155.5,-157.0,-153.5,-150.0,-155.0,-156.0,-157.0,-154.5,-154.0,-157.0,-155.0,-157.0,-157.0,-157.0,-157.0,-150.0,-150.0,-153.5,-157.0,-155.5,-157.0,-153.5,-157.0,-147.5,-149.5,-151.0,-149.0,-153.5,-152.5,-153.5,-149.0,-155.5,-151.0,-155.0,-153.0,-155.5,-154.5,-151.5,-154.5,-153.0,-154.0,-157.0,-152.0,-154.0,-157.0,-157.0,-157.0,-152.5,-154.0,-152.5,-149.5,-150.0,-154.0,-154.0,-153.0,-153.0,-157.0,-152.5,-149.0,-153.5,-150.0,-151.0,-151.0,-152.0,-156.5,-157.0,-149.5,-152.5,-157.0,-156.0,-157.0,-155.0,-153.0,-157.0,-156.5,-151.0,-151.0,-153.5,-157.0,-155.5,-153.0,-154.0,-151.0,-155.5,-152.0,-149.0,-146.0,-157.0,-151.0,-155.5,-157.0,-157.0,-157.0,-157.0,-157.0,-155.5,-156.5,-157.0,-149.0,-150.5,-155.0,-151.5,-149.5,-150.5,-148.5,-149.5,-157.0,-151.5,-152.0,-151.5,-152.5,-149.5,-148.5,-151.5,-157.0,-154.5,-156.0,-151.0,-156.5,-148.0,-149.5,-156.0,-150.5,-149.0,-150.5,-155.0,-157.0,-150.5,-150.5,-150.5,-155.5,-155.5,-154.0,-157.0,-157.0,-154.0,-152.5,-155.5,-152.5,-157.0,-153.5,-157.0,-156.5,-155.5,-153.0,-157.0,-152.5,-151.5,-150.5,-149.0,-152.5,-157.0,-154.5,-155.0,-153.5,-155.0,-157.0,-157.0,-157.0,-154.5,-156.0,-157.0,-155.0,-157.0,-154.5,-157.0,-153.5,-153.5,-157.0,-152.5,-149.0,-151.0,-144.0,-151.0,-155.0,-152.0,-154.5,-152.0,-155.5,-154.0,-156.5,-155.5,-154.0,-157.0,-156.0,-154.0,-153.5,-157.0,-155.5,-154.0,-154.5,-157.0,-153.0,-151.0,-155.5,-157.0,-151.5,-153.0,-157.0,-157.0,-145.0,-145.5,-157.0
2026-01-16 16:42:34.449,143.050000,5,-77,-157.0,-157.0,-150.0,-149.5,-155.0,-151.0,-153.0,-155.5,-151.0,-157.0,-150.0,-150.5,-154.5,-147.0,-157.0,-149.5,-151.5,-157.0,-157.0,-149.5,-148.5,-157.0,-157.0,-152.5,-156.0,-153.5,-150.5,-151.5,-149.5,-151.0,-157.0,-157.0,-148.5,-157.0,-157.0,-155.5,-149.0,-148.0,-154.0,-153.5,-150.5,-152.0,-154.0,-155.0,-155.5,-152.5,-153.0,-156.5,-154.5,-153.5,-155.5,-155.5,-148.0,-149.5,-153.0,-153.5,-152.0,-154.0,-151.5,-157.0,-157.0,-157.0,-149.5,-150.0,-157.0,-157.0,-154.5,-150.0,-157.0,-152.0,-153.0,-156.5,-154.0,-153.5,-155.0,-152.0,-156.0,-157.0,-151.0,-153.5,-152.5,-157.0,-156.5,-157.0,-157.0,-150.5,-150.5,-156.0,-155.0,-155.0,-152.5,-153.5,-154.0,-151.5,-151.0,-157.0,-156.0,-157.0,-154.5,-150.5,-156.0,-151.0,-154.5,-150.0,-150.5,-149.0,-148.5,-154.5,-154.0,-156.0,-156.5,-157.0,-157.0,-156.0,-157.0,-157.0,-148.5,-157.0,-150.5,-150.0,-148.5,-154.0,-152.5,-154.5,-155.5,-155.0,-152.0,-153.5,-156.0,-157.0,-153.5,-155.5,-151.5,-152.0,-149.0,-149.0,-150.5,-157.0,-153.0,-156.5,-152.5,-154.0,-153.5,-149.0,-150.5,-150.5,-157.0,-157.0,-157.0,-152.5,-157.0,-152.0,-151.0,-149.5,-149.0,-153.0,-154.5,-152.5,-152.5,-157.0,-157.0,-156.5,-154.0,-151.5,-151.5,-149.5,-152.5,-155.5,-155.0,-156.0,-152.0,-157.0,-157.0,-154.5,-148.0,-149.0,-153.5,-152.5,-157.0,-157.0,-151.5,-152.5,-157.0,-152.0,-149.5,-147.0,-156.5,-152.5,-149.5,-152.0,-157.0,-157.0,-157.0,-156.5,-155.0,-154.5,-157.0,-157.0,-157.0,-157.0,-155.0,-157.0,-156.0,-150.5,-149.5,-149.5,-157.0,-154.5,-156.0,-157.0,-154.0,-149.5,-150.0,-153.5,-157.0,-152.0,-154.0,-152.5,-157.0,-148.0,-148.0,-152.5,-155.0,-156.0,-157.0,-150.0,-152.5,-157.0,-157.0,-153.5,-157.0,-155.0,-157.0,-154.5,-153.0,-151.0,-157.0,-157.0,-136.5,-134.5,-148.5,-148.5,-153.5,-151.5,-157.0,-157.0,-152.5,-152.5,-157.0,-157.0,-157.0,-157.0,-155.5,-155.5,-157.0,-149.5,-153.0,-153.5,-157.0,-154.5,-153.5,-157.0,-154.5,-154.5,-150.5,-152.0,-154.0,-157.0,-154.5,-152.5,-148.0,-154.5,-156.0,-153.5,-149.5,-148.5,-157.0,-157.0,-157.0,-149.5,-148.0,-149.5,-157.0,-155.0,-157.0,-157.0,-157.0,-153.0,-151.5,-153.5,-157.0,-152.0,-157.0,-153.5,-150.0,-150.0,-150.5,-154.5,-148.0,-148.0,-150.5,-157.0,-153.5,-155.5,-154.5,-154.0,-154.5,-157.0,-155.5,-149.0,-151.5,-155.0,-153.5,-153.5,-151.0,-153.5,-157.0,-155.0,-152.5,-156.0,-154.0,-157.0,-153.5,-151.0,-152.0,-154.5,-149.0,-149.0,-157.0,-153.0,-153.5,-154.5,-156.0,-149.5,-155.5,-151.5,-157.0,-154.5,-148.5,-151.5,-157.0,-156.5,-155.5,-157.0,-152.0,-154.5,-152.5,-150.5,-153.0,-153.5,-152.5,-153.5,-152.0,-154.0,-153.0,-155.5,-156.0,-152.0,-145.5,-157.0,-152.0,-157.0,-157.0,-156.5,-155.0,-157.0,-157.0,-155.0,-157.0,-157.0,-149.5,-150.0,-156.0,-150.5,-149.0,-149.5,-151.5,-151.5,-157.0,-154.0,-151.0,-154.0,-157.0,-155.5,-148.5,-149.0,-152.0,-155.5,-152.5,-152.5,-151.5,-151.5,-154.5,-152.5,-155.5,-152.0,-151.5,-153.5,-157.0,-152.0,-154.0,-151.5,-157.0,-157.0,-157.0,-157.0,-153.5,-151.5,-151.0,-153.5,-152.5,-154.0,-155.0,-157.0,-154.5,-151.5,-150.0,-154.0,-154.5,-153.0,-154.0,-152.0,-155.0,-157.0,-150.5,-149.5,-147.5,-151.5,-157.0,-157.0,-157.0,-156.0,-157.0,-156.5,-157.0,-157.0,-156.5,-157.0,-154.0,-150.0,-152.5,-150.5,-151.0,-146.0,-144.5,-156.5,-151.5,-155.0,-152.0,-152.0,-156.0,-149.5,-157.0,-154.0,-156.0,-154.0,-152.5,-155.5,-154.0,-157.0,-157.0,-157.0,-154.0,-157.0,-152.0,-151.0,-153.5,-154.5,-152.5,-157.0,-156.5,-157.0,-148.0,-149.0,-155.0
2026-01-16 16:42:34.484,143.050000,5,-77,-157.0,-157.0,-156.5,-154.5,-154.0,-154.5,-153.5,-155.0,-151.5,-156.0,-154.0,-156.0,-155.5,-148.0,-157.0,-154.5,-153.5,-155.0,-157.0,-151.0,-152.5,-156.0,-156.0,-150.0,-153.0,-157.0,-151.0,-151.5,-155.5,-153.0,-155.0,-155.0,-150.0,-152.0,-152.5,-151.5,-151.5,-151.0,-154.0,-154.5,-156.0,-157.0,-157.0,-155.0,-154.5,-157.0,-156.5,-155.0,-156.0,-155.0,-156.0,-157.0,-155.0,-154.0,-152.0,-152.0,-155.0,-157.0,-152.0,-157.0,-156.0,-157.0,-149.0,-150.5,-157.0,-157.0,-157.0,-149.5,-153.0,-154.0,-157.0,-151.5,-149.0,-153.5,-154.0,-156.0,-156.0,-157.0,-150.0,-156.5,-151.5,-157.0,-154.0,-156.0,-155.5,-155.0,-157.0,-157.0,-153.5,-149.5,-150.5,-157.0,-155.5,-152.5,-155.5,-155.0,-157.0,-155.5,-153.0,-149.5,-152.5,-153.0,-157.0,-151.5,-155.0,-152.5,-150.0,-157.0,-149.5,-150.0,-157.0,-154.0,-157.0,-154.0,-153.0,-152.0,-149.5,-151.5,-152.5,-157.0,-154.0,-157.0,-154.0,-152.0,-156.0,-157.0,-153.0,-154.0,-154.0,-154.0,-151.5,-154.5,-157.0,-157.0,-156.5,-151.5,-151.5,-157.0,-157.0,-153.5,-151.0,-152.0,-154.5,-150.0,-153.0,-150.0,-157.0,-157.0,-157.0,-151.5,-153.0,-152.0,-155.0,-155.0,-152.5,-150.5,-153.5,-153.0,-151.0,-155.0,-155.5,-151.5,-153.5,-156.0,-154.5,-153.0,-151.5,-156.5,-150.0,-152.5,-152.5,-153.5,-155.0,-157.0,-150.5,-149.0,-155.5,-153.0,-157.0,-157.0,-157.0,-153.0,-157.0,-151.5,-150.5,-146.0,-154.0,-152.5,-150.5,-157.0,-155.5,-154.5,-157.0,-157.0,-157.0,-154.0,-155.5,-157.0,-157.0,-153.5,-153.0,-156.5,-153.0,-147.0,-149.5,-150.5,-156.0,-153.5,-156.0,-153.0,-150.5,-154.5,-152.0,-154.5,-157.0,-151.0,-149.0,-155.5,-157.0,-149.5,-152.0,-152.5,-151.5,-156.5,-155.5,-156.0,-152.5,-157.0,-157.0,-151.5,-151.5,-152.5,-155.5,-155.5,-153.0,-150.5,-156.0,-155.5,-136.0,-134.0,-150.0,-152.0,-157.0,-155.0,-157.0,-157.0,-157.0,-151.5,-154.5,-157.0,-156.5,-152.0,-151.5,-154.5,-152.0,-151.5,-154.0,-153.5,-157.0,-154.0,-152.5,-157.0,-157.0,-151.0,-147.0,-149.0,-157.0,-157.0,-152.5,-153.0,-150.5,-155.5,-154.0,-151.0,-151.0,-153.5,-156.5,-157.0,-152.5,-147.5,-149.5,-148.5,-149.5,-154.0,-156.5,-154.5,-155.5,-157.0,-155.5,-157.0,-153.5,-151.5,-156.0,-153.0,-148.5,-154.0,-156.0,-157.0,-152.0,-145.5,-148.0,-157.0,-155.5,-153.5,-157.0,-155.0,-156.5,-157.0,-150.0,-150.5,-153.5,-156.5,-153.0,-150.5,-152.5,-153.0,-157.0,-152.5,-149.0,-155.0,-157.0,-155.0,-154.0,-155.0,-148.5,-151.0,-148.0,-149.0,-151.5,-152.5,-157.0,-154.0,-155.5,-151.0,-154.0,-152.5,-152.0,-153.0,-149.5,-153.0,-154.5,-157.0,-154.0,-157.0,-152.0,-152.5,-148.0,-150.0,-154.5,-153.5,-151.0,-152.0,-150.5,-152.0,-151.5,-157.0,-157.0,-152.0,-145.0,-148.0,-154.5,-157.0,-157.0,-153.0,-153.5,-157.0,-157.0,-155.5,-151.5,-152.5,-151.5,-156.0,-157.0,-152.5,-150.5,-148.5,-157.0,-157.0,-157.0,-157.0,-152.0,-154.5,-156.5,-156.5,-154.5,-151.0,-151.5,-154.5,-153.5,-157.0,-153.5,-153.0,-157.0,-151.5,-157.0,-157.0,-149.5,-150.0,-157.0,-152.5,-153.0,-155.0,-157.0,-157.0,-157.0,-157.0,-152.0,-155.5,-154.5,-153.5,-156.0,-153.5,-157.0,-157.0,-154.0,-154.5,-152.0,-154.5,-157.0,-153.0,-153.0,-151.0,-150.0,-155.0,-152.0,-148.5,-148.5,-151.5,-157.0,-157.0,-154.0,-154.0,-153.0,-152.5,-157.0,-157.0,-157.0,-157.0,-151.0,-149.5,-153.0,-155.5,-152.0,-149.0,-146.5,-153.5,-151.5,-157.0,-154.0,-156.0,-157.0,-149.5,-156.5,-157.0,-155.5,-152.0,-151.0,-154.5,-152.0,-157.0,-157.0,-155.0,-150.5,-154.0,-149.5,-151.5,-157.0,-152.5,-153.5,-153.0,-153.0,-157.0,-154.0,-157.0,-156.5
2026-01-16 16:42:34.517,143.050000,5,-77,-157.0,-157.0,-154.5,-154.5,-152.5,-156.5,-155.5,-152.5,-149.5,-148.5,-155.0,-157.0,-153.0,-152.0,-157.0,-156.5,-152.5,-151.0,-154.5,-155.0,-156.0,-157.0,-151.5,-149.5,-153.0,-157.0,-154.5,-152.0,-155.5,-155.0,-152.0,-157.0,-155.5,-154.0,-151.0,-153.5,-157.0,-154.5,-157.0,-153.0,-157.0,-157.0,-156.5,-156.5,-154.0,-155.5,-157.0,-155.5,-157.0,-153.0,-153.5,-157.0,-155.5,-157.0,-153.0,-149.5,-157.0,-156.5,-152.0,-153.5,-157.0,-157.0,-148.5,-149.0,-156.5,-157.0,-153.5,-149.0,-157.0,-157.0,-157.0,-148.5,-149.5,-157.0,-156.0,-157.0,-157.0,-157.0,-150.5,-151.5,-151.5,-157.0,-151.5,-154.0,-151.5,-150.5,-150.5,-157.0,-152.0,-152.5,-153.5,-155.0,-152.0,-156.5,-157.0,-154.5,-157.0,-157.0,-157.0,-153.0,-155.0,-157.0,-157.0,-156.0,-157.0,-157.0,-153.0,-153.5,-151.5,-149.0,-155.5,-151.5,-152.0,-155.0,-156.5,-151.5,-151.5,-151.5,-157.0,-157.0,-157.0,-154.5,-155.5,-152.0,-156.0,-157.0,-151.0,-149.5,-157.0,-156.5,-150.0,-153.0,-157.0,-154.5,-153.0,-153.0,-157.0,-155.5,-157.0,-157.0,-157.0,-147.5,-148.0,-150.0,-151.5,-151.0,-156.0,-156.0,-157.0,-152.0,-153.5,-157.0,-157.0,-157.0,-154.5,-150.5,-153.0,-154.0,-150.0,-153.0,-152.5,-150.5,-154.0,-152.0,-149.5,-150.5,-150.0,-156.0,-151.0,-156.5,-155.5,-152.5,-153.5,-151.0,-150.0,-152.5,-157.0,-153.5,-156.5,-154.0,-157.0,-152.5,-154.0,-150.5,-143.0,-144.0,-152.5,-155.0,-154.5,-154.0,-151.0,-151.5,-157.0,-155.0,-154.5,-151.0,-152.0,-157.0,-157.0,-152.5,-157.0,-153.0,-146.0,-143.5,-148.5,-157.0,-152.0,-152.0,-157.0,-149.5,-149.5,-154.0,-152.0,-155.0,-157.0,-151.0,-148.5,-151.0,-154.5,-152.5,-151.0,-157.0,-152.5,-154.5,-154.5,-157.0,-154.0,-154.0,-157.0,-150.0,-148.5,-156.0,-156.0,-153.0,-157.0,-153.0,-154.0,-157.0,-136.5,-134.5,-143.5,-144.5,-147.0,-157.0,-153.0,-154.0,-153.0,-153.0,-157.0,-157.0,-157.0,-152.0,-150.5,-155.0,-154.5,-157.0,-156.0,-154.5,-154.5,-148.5,-148.0,-153.0,-153.5,-148.5,-147.5,-155.5,-156.0,-152.5,-149.0,-154.5,-157.0,-157.0,-151.5,-152.0,-156.0,-157.0,-157.0,-157.0,-150.5,-151.0,-155.0,-148.5,-149.0,-156.5,-155.0,-155.0,-152.5,-155.5,-152.5,-152.5,-153.5,-157.0,-157.0,-151.0,-149.0,-150.0,-157.0,-155.5,-155.5,-148.0,-150.0,-157.0,-155.5,-153.5,-152.0,-151.5,-154.0,-151.5,-151.0,-153.0,-157.0,-157.0,-149.5,-151.0,-157.0,-153.0,-157.0,-153.0,-150.0,-150.5,-154.0,-155.0,-152.5,-155.5,-150.0,-154.0,-151.5,-154.0,-152.5,-156.5,-153.0,-152.0,-157.0,-156.0,-153.5,-154.0,-151.5,-152.0,-152.0,-151.5,-151.0,-154.0,-153.5,-157.0,-153.0,-148.0,-148.0,-157.0,-151.5,-156.5,-154.0,-151.5,-150.0,-152.5,-151.5,-155.0,-154.5,-153.0,-146.5,-148.0,-157.0,-155.0,-154.5,-153.0,-150.0,-152.5,-152.5,-157.0,-152.5,-155.5,-154.5,-156.0,-154.5,-157.0,-149.0,-151.5,-151.5,-155.5,-157.0,-157.0,-151.0,-152.0,-157.0,-157.0,-155.5,-153.0,-157.0,-153.0,-157.0,-155.0,-157.0,-154.0,-155.0,-152.0,-152.5,-157.0,-153.0,-149.0,-149.0,-149.5,-152.0,-157.0,-156.0,-157.0,-157.0,-157.0,-151.0,-157.0,-157.0,-157.0,-157.0,-154.0,-157.0,-157.0,-154.0,-155.5,-157.0,-157.0,-157.0,-155.5,-153.0,-153.0,-150.5,-153.0,-157.0,-150.0,-155.5,-153.0,-149.0,-149.5,-149.5,-152.5,-153.5,-157.0,-157.0,-157.0,-155.0,-155.5,-155.5,-153.5,-157.0,-156.0,-151.5,-152.5,-151.0,-154.5,-157.0,-155.5,-154.0,-154.0,-156.0,-149.5,-151.5,-155.0,-157.0,-157.0,-156.0,-154.5,-149.5,-153.0,-154.0,-157.0,-150.5,-155.0,-152.0,-157.0,-157.0,-155.0,-157.0,-152.5,-153.0,-156.5,-156.0,-157.0,-157.0
